run,num_cubos,t_s,phys_frame,asleep,active_objs,max_v,mean_v,top_y
1,10,0.0200,1,0,10,0.000000,0.000000,9.5000
1,10,0.0400,2,0,10,0.184253,0.093778,9.4961
1,10,0.0600,3,0,10,0.171030,0.086432,9.4905
1,10,0.0800,4,0,10,0.054830,0.029024,9.4873
1,10,0.1000,5,0,10,0.183221,0.135328,9.4877
1,10,0.1200,6,0,10,0.284752,0.200206,9.4909
1,10,0.1400,7,0,10,0.260775,0.185145,9.4949
1,10,0.1600,8,0,10,0.145046,0.111831,9.4971
1,10,0.1800,9,0,10,0.059253,0.045459,9.4966
1,10,0.2000,10,0,10,0.080725,0.051753,9.4940
1,10,0.2200,11,0,10,0.070691,0.048994,9.4912
1,10,0.2400,12,0,10,0.090895,0.070498,9.4898
1,10,0.2600,13,0,10,0.173675,0.122817,9.4903
1,10,0.2800,14,0,10,0.219408,0.149594,9.4923
1,10,0.3000,15,0,10,0.203073,0.135502,9.4943
1,10,0.3200,16,0,10,0.152498,0.096503,9.4952
1,10,0.3400,17,0,10,0.118312,0.064187,9.4947
1,10,0.3600,18,0,10,0.111131,0.055795,9.4933
1,10,0.3800,19,0,10,0.110710,0.063817,9.4919
1,10,0.4000,20,0,10,0.128900,0.086907,9.4913
1,10,0.4200,21,0,10,0.158423,0.112126,9.4918
1,10,0.4400,22,0,10,0.168977,0.121230,9.4929
1,10,0.4600,23,0,10,0.151123,0.109967,9.4939
1,10,0.4800,24,0,10,0.120256,0.088345,9.4942
1,10,0.5000,25,0,10,0.099380,0.071056,9.4938
1,10,0.5200,26,0,10,0.096073,0.065331,9.4930
1,10,0.5400,27,0,10,0.105445,0.071256,9.4923
1,10,0.5600,28,0,10,0.123578,0.085011,9.4921
1,10,0.5800,29,0,10,0.138530,0.097010,9.4924
1,10,0.6000,30,0,10,0.138109,0.098872,9.4931
1,10,0.6200,31,0,10,0.121175,0.089810,9.4935
1,10,0.6400,32,0,10,0.096399,0.075947,9.4937
1,10,0.6600,33,0,10,0.081166,0.065249,9.4934
1,10,0.6800,34,0,10,0.080296,0.062471,9.4929
1,10,0.7000,35,0,10,0.086740,0.067587,9.4926
1,10,0.7200,36,0,10,0.096342,0.076283,9.4925
1,10,0.7400,37,0,10,0.104540,0.082506,9.4927
1,10,0.7600,38,0,10,0.104739,0.082596,9.4931
1,10,0.7800,39,0,10,0.097942,0.077183,9.4933
1,10,0.8000,40,0,10,0.091455,0.070143,9.4933
1,10,0.8200,41,0,10,0.087880,0.065903,9.4931
1,10,0.8400,42,0,10,0.088624,0.066650,9.4929
1,10,0.8600,43,0,10,0.092589,0.071427,9.4928
1,10,0.8800,44,0,10,0.097769,0.077246,9.4928
1,10,0.9000,45,0,10,0.101717,0.081109,9.4929
1,10,0.9200,46,0,10,0.104617,0.081726,9.4931
1,10,0.9400,47,0,10,0.106035,0.079927,9.4932
1,10,0.9600,48,0,10,0.106851,0.077845,9.4932
1,10,0.9800,49,0,10,0.108862,0.077319,9.4930
1,10,1.0000,50,0,10,0.112350,0.079034,9.4929
1,10,1.0200,51,0,10,0.116810,0.082286,9.4928
1,10,1.0400,52,0,10,0.121003,0.085629,9.4928
1,10,1.0600,53,0,10,0.123673,0.087733,9.4929
1,10,1.0800,54,0,10,0.124519,0.088092,9.4930
1,10,1.1000,55,0,10,0.124290,0.087216,9.4931
1,10,1.1200,56,0,10,0.124357,0.086119,9.4930
1,10,1.1400,57,0,10,0.125311,0.085675,9.4930
1,10,1.1600,58,0,10,0.127358,0.086130,9.4929
1,10,1.1800,59,0,10,0.129493,0.087143,9.4929
1,10,1.2000,60,0,10,0.130813,0.088006,9.4929
1,10,1.2200,61,0,10,0.130490,0.088093,9.4929
1,10,1.2400,62,0,10,0.128199,0.087202,9.4929
1,10,1.2600,63,0,10,0.124409,0.085708,9.4930
1,10,1.2800,64,0,10,0.119878,0.084195,9.4929
1,10,1.3000,65,0,10,0.115578,0.083082,9.4929
1,10,1.3200,66,0,10,0.111953,0.082462,9.4929
1,10,1.3400,67,0,10,0.108815,0.082078,9.4928
1,10,1.3600,68,0,10,0.105734,0.081527,9.4928
1,10,1.3800,69,0,10,0.102472,0.080533,9.4929
1,10,1.4000,70,0,10,0.098777,0.079074,9.4929
1,10,1.4200,71,0,10,0.095472,0.077405,9.4929
1,10,1.4400,72,0,10,0.094975,0.075885,9.4929
1,10,1.4600,73,0,10,0.094931,0.074813,9.4928
1,10,1.4800,74,0,10,0.095245,0.074242,9.4928
1,10,1.5000,75,0,10,0.095783,0.074034,9.4928
1,10,1.5200,76,0,10,0.096125,0.073930,9.4928
1,10,1.5400,77,0,10,0.096223,0.073783,9.4928
1,10,1.5600,78,0,10,0.096095,0.073580,9.4929
1,10,1.5800,79,0,10,0.095818,0.073484,9.4929
1,10,1.6000,80,0,10,0.095622,0.073609,9.4929
1,10,1.6200,81,0,10,0.095745,0.074209,9.4929
1,10,1.6400,82,0,10,0.095965,0.075121,9.4929
1,10,1.6600,83,0,10,0.096319,0.076225,9.4929
1,10,1.6800,84,0,10,0.097401,0.077354,9.4929
1,10,1.7000,85,0,10,0.098160,0.078376,9.4929
1,10,1.7200,86,0,10,0.100228,0.079319,9.4929
1,10,1.7400,87,0,10,0.103563,0.080244,9.4929
1,10,1.7600,88,0,10,0.107024,0.081188,9.4929
1,10,1.7800,89,0,10,0.110540,0.082204,9.4929
1,10,1.8000,90,0,10,0.114043,0.083213,9.4929
1,10,1.8200,91,0,10,0.117144,0.084141,9.4929
1,10,1.8400,92,0,10,0.119717,0.084905,9.4929
1,10,1.8600,93,0,10,0.121605,0.085466,9.4930
1,10,1.8800,94,0,10,0.122743,0.085837,9.4930
1,10,1.9000,95,0,10,0.123299,0.086035,9.4930
1,10,1.9200,96,0,10,0.123441,0.086129,9.4930
1,10,1.9400,97,0,10,0.123138,0.086132,9.4930
1,10,1.9600,98,0,10,0.122552,0.086021,9.4930
1,10,1.9800,99,0,10,0.121584,0.085772,9.4930
1,10,2.0000,100,0,10,0.120247,0.085328,9.4930
1,10,2.0200,101,0,10,0.118579,0.084719,9.4930
1,10,2.0400,102,0,10,0.116513,0.083982,9.4930
1,10,2.0600,103,0,10,0.114184,0.083108,9.4930
1,10,2.0800,104,0,10,0.111487,0.082153,9.4930
1,10,2.1000,105,0,10,0.108418,0.081150,9.4930
1,10,2.1200,106,0,10,0.105057,0.080134,9.4930
1,10,2.1400,107,0,10,0.101503,0.079107,9.4930
1,10,2.1600,108,0,10,0.097881,0.078028,9.4930
1,10,2.1800,109,0,10,0.094286,0.076969,9.4930
1,10,2.2000,110,0,10,0.093486,0.075927,9.4930
1,10,2.2200,111,0,10,0.093026,0.074982,9.4930
1,10,2.2400,112,0,10,0.092974,0.074137,9.4930
1,10,2.2600,113,0,10,0.092997,0.073451,9.4930
1,10,2.2800,114,0,10,0.093063,0.072953,9.4930
1,10,2.3000,115,0,10,0.093238,0.072639,9.4930
1,10,2.3200,116,0,10,0.093332,0.072484,9.4930
1,10,2.3400,117,0,10,0.093537,0.072517,9.4930
1,10,2.3600,118,0,10,0.093668,0.072715,9.4930
1,10,2.3800,119,0,10,0.093784,0.073066,9.4930
1,10,2.4000,120,0,10,0.093967,0.073607,9.4930
1,10,2.4200,121,0,10,0.094091,0.074303,9.4930
1,10,2.4400,122,10,0,0.000000,0.000000,9.4930
2,10,0.0200,1,0,10,0.000000,0.000000,9.5000
2,10,0.0400,2,0,10,0.177040,0.093829,9.4961
2,10,0.0600,3,0,10,0.164981,0.086965,9.4907
2,10,0.0800,4,0,10,0.052081,0.029637,9.4876
2,10,0.1000,5,0,10,0.180310,0.135631,9.4879
2,10,0.1200,6,0,10,0.280167,0.200201,9.4911
2,10,0.1400,7,0,10,0.257399,0.184962,9.4950
2,10,0.1600,8,0,10,0.144566,0.111535,9.4971
2,10,0.1800,9,0,10,0.057619,0.045405,9.4966
2,10,0.2000,10,0,10,0.077826,0.051744,9.4941
2,10,0.2200,11,0,10,0.068792,0.048754,9.4914
2,10,0.2400,12,0,10,0.091210,0.070871,9.4900
2,10,0.2600,13,0,10,0.170758,0.123164,9.4905
2,10,0.2800,14,0,10,0.216491,0.149633,9.4924
2,10,0.3000,15,0,10,0.201658,0.135270,9.4944
2,10,0.3200,16,0,10,0.153401,0.096228,9.4953
2,10,0.3400,17,0,10,0.120149,0.063945,9.4948
2,10,0.3600,18,0,10,0.112436,0.055595,9.4934
2,10,0.3800,19,0,10,0.111951,0.063891,9.4920
2,10,0.4000,20,0,10,0.129884,0.087295,9.4915
2,10,0.4200,21,0,10,0.158465,0.112468,9.4919
2,10,0.4400,22,0,10,0.168418,0.121373,9.4930
2,10,0.4600,23,0,10,0.150767,0.109919,9.4940
2,10,0.4800,24,0,10,0.120447,0.088306,9.4943
2,10,0.5000,25,0,10,0.100410,0.071066,9.4939
2,10,0.5200,26,0,10,0.097346,0.065457,9.4931
2,10,0.5400,27,0,10,0.106788,0.071542,9.4924
2,10,0.5600,28,0,10,0.124627,0.085410,9.4922
2,10,0.5800,29,0,10,0.139378,0.097386,9.4926
2,10,0.6000,30,0,10,0.138806,0.099103,9.4932
2,10,0.6200,31,0,10,0.122179,0.089957,9.4937
2,10,0.6400,32,0,10,0.098014,0.076126,9.4938
2,10,0.6600,33,0,10,0.083431,0.065554,9.4935
2,10,0.6800,34,0,10,0.082539,0.062901,9.4931
2,10,0.7000,35,0,10,0.089042,0.068056,9.4927
2,10,0.7200,36,0,10,0.098384,0.076684,9.4927
2,10,0.7400,37,0,10,0.104665,0.082763,9.4929
2,10,0.7600,38,0,10,0.104009,0.082719,9.4932
2,10,0.7800,39,0,10,0.097307,0.077220,9.4934
2,10,0.8000,40,0,10,0.089036,0.070186,9.4934
2,10,0.8200,41,0,10,0.084529,0.066026,9.4933
2,10,0.8400,42,0,10,0.085155,0.066835,9.4930
2,10,0.8600,43,0,10,0.089136,0.071635,9.4929
2,10,0.8800,44,0,10,0.095419,0.077419,9.4929
2,10,0.9000,45,0,10,0.100147,0.081226,9.4930
2,10,0.9200,46,0,10,0.103056,0.081761,9.4932
2,10,0.9400,47,0,10,0.104559,0.079888,9.4933
2,10,0.9600,48,0,10,0.105474,0.077780,9.4933
2,10,0.9800,49,0,10,0.107517,0.077303,9.4932
2,10,1.0000,50,0,10,0.111221,0.079071,9.4930
2,10,1.0200,51,0,10,0.115934,0.082385,9.4930
2,10,1.0400,52,0,10,0.120330,0.085738,9.4930
2,10,1.0600,53,0,10,0.122927,0.087825,9.4931
2,10,1.0800,54,0,10,0.123781,0.088126,9.4932
2,10,1.1000,55,0,10,0.123756,0.087206,9.4932
2,10,1.1200,56,0,10,0.124009,0.086117,9.4932
2,10,1.1400,57,0,10,0.125259,0.085723,9.4931
2,10,1.1600,58,0,10,0.127440,0.086242,9.4930
2,10,1.1800,59,0,10,0.129611,0.087309,9.4930
2,10,1.2000,60,0,10,0.130936,0.088171,9.4930
2,10,1.2200,61,0,10,0.130614,0.088237,9.4930
2,10,1.2400,62,0,10,0.128444,0.087340,9.4931
2,10,1.2600,63,0,10,0.124727,0.085871,9.4931
2,10,1.2800,64,0,10,0.120403,0.084371,9.4931
2,10,1.3000,65,0,10,0.116314,0.083290,9.4930
2,10,1.3200,66,0,10,0.112914,0.082715,9.4930
2,10,1.3400,67,0,10,0.109961,0.082338,9.4930
2,10,1.3600,68,0,10,0.106975,0.081786,9.4930
2,10,1.3800,69,0,10,0.103683,0.080749,9.4930
2,10,1.4000,70,0,10,0.099885,0.079259,9.4930
2,10,1.4200,71,0,10,0.097491,0.077562,9.4930
2,10,1.4400,72,0,10,0.096531,0.076062,9.4930
2,10,1.4600,73,0,10,0.096146,0.074991,9.4930
2,10,1.4800,74,0,10,0.096250,0.074440,9.4930
2,10,1.5000,75,0,10,0.096535,0.074217,9.4930
2,10,1.5200,76,0,10,0.096744,0.074095,9.4930
2,10,1.5400,77,0,10,0.096569,0.073891,9.4930
2,10,1.5600,78,0,10,0.096065,0.073631,9.4930
2,10,1.5800,79,0,10,0.095444,0.073481,9.4930
2,10,1.6000,80,0,10,0.095005,0.073640,9.4930
2,10,1.6200,81,0,10,0.094794,0.074217,9.4930
2,10,1.6400,82,0,10,0.094870,0.075080,9.4930
2,10,1.6600,83,0,10,0.095186,0.076149,9.4930
2,10,1.6800,84,0,10,0.095499,0.077233,9.4930
2,10,1.7000,85,0,10,0.095933,0.078223,9.4930
2,10,1.7200,86,0,10,0.099259,0.079166,9.4930
2,10,1.7400,87,0,10,0.102808,0.080101,9.4930
2,10,1.7600,88,0,10,0.106550,0.081055,9.4930
2,10,1.7800,89,0,10,0.110409,0.082102,9.4930
2,10,1.8000,90,0,10,0.113981,0.083113,9.4931
2,10,1.8200,91,0,10,0.116986,0.084073,9.4931
2,10,1.8400,92,0,10,0.119487,0.084856,9.4931
2,10,1.8600,93,0,10,0.121336,0.085446,9.4931
2,10,1.8800,94,0,10,0.122572,0.085841,9.4931
2,10,1.9000,95,0,10,0.123232,0.086094,9.4931
2,10,1.9200,96,0,10,0.123361,0.086218,9.4931
2,10,1.9400,97,0,10,0.123273,0.086240,9.4931
2,10,1.9600,98,0,10,0.122958,0.086172,9.4931
2,10,1.9800,99,0,10,0.122400,0.085942,9.4931
2,10,2.0000,100,0,10,0.121447,0.085528,9.4931
2,10,2.0200,101,0,10,0.120072,0.084938,9.4931
2,10,2.0400,102,0,10,0.118155,0.084205,9.4931
2,10,2.0600,103,0,10,0.115841,0.083355,9.4931
2,10,2.0800,104,0,10,0.113121,0.082462,9.4931
2,10,2.1000,105,0,10,0.110031,0.081494,9.4931
2,10,2.1200,106,0,10,0.106549,0.080493,9.4932
2,10,2.1400,107,0,10,0.102826,0.079468,9.4932
2,10,2.1600,108,0,10,0.099012,0.078397,9.4932
2,10,2.1800,109,0,10,0.095469,0.077300,9.4932
2,10,2.2000,110,0,10,0.094949,0.076257,9.4931
2,10,2.2200,111,0,10,0.094486,0.075300,9.4931
2,10,2.2400,112,0,10,0.094026,0.074468,9.4931
2,10,2.2600,113,0,10,0.093544,0.073767,9.4931
2,10,2.2800,114,0,10,0.093133,0.073235,9.4931
2,10,2.3000,115,0,10,0.092797,0.072859,9.4931
2,10,2.3200,116,0,10,0.092458,0.072642,9.4931
2,10,2.3400,117,0,10,0.092257,0.072610,9.4931
2,10,2.3600,118,0,10,0.092073,0.072767,9.4931
2,10,2.3800,119,0,10,0.092002,0.073127,9.4931
2,10,2.4000,120,0,10,0.092032,0.073658,9.4931
2,10,2.4200,121,0,10,0.092080,0.074302,9.4931
2,10,2.4400,122,0,10,0.092221,0.075077,9.4931
2,10,2.4600,123,0,10,0.092388,0.075918,9.4931
2,10,2.4800,124,0,10,0.095135,0.076823,9.4931
2,10,2.5000,125,0,10,0.098158,0.077713,9.4931
2,10,2.5200,126,0,10,0.101245,0.078649,9.4931
2,10,2.5400,127,0,10,0.104150,0.079548,9.4931
2,10,2.5600,128,0,10,0.106873,0.080432,9.4931
2,10,2.5800,129,0,10,0.109474,0.081216,9.4931
2,10,2.6000,130,0,10,0.111319,0.081921,9.4931
2,10,2.6200,131,0,10,0.113014,0.082538,9.4931
2,10,2.6400,132,0,10,0.114619,0.083022,9.4931
2,10,2.6600,133,0,10,0.115879,0.083420,9.4931
2,10,2.6800,134,0,10,0.116745,0.083655,9.4931
2,10,2.7000,135,0,10,0.117140,0.083753,9.4931
2,10,2.7200,136,0,10,0.117006,0.083762,9.4931
2,10,2.7400,137,0,10,0.116513,0.083619,9.4930
2,10,2.7600,138,0,10,0.115703,0.083367,9.4930
2,10,2.7800,139,0,10,0.114556,0.082983,9.4930
2,10,2.8000,140,0,10,0.112912,0.082487,9.4930
2,10,2.8200,141,0,10,0.110808,0.081900,9.4930
2,10,2.8400,142,0,10,0.108460,0.081211,9.4930
2,10,2.8600,143,0,10,0.105850,0.080465,9.4930
2,10,2.8800,144,0,10,0.103059,0.079664,9.4930
2,10,2.9000,145,0,10,0.100112,0.078830,9.4930
2,10,2.9200,146,0,10,0.097512,0.077969,9.4930
2,10,2.9400,147,0,10,0.097337,0.077145,9.4930
2,10,2.9600,148,0,10,0.097106,0.076340,9.4930
2,10,2.9800,149,0,10,0.096835,0.075570,9.4930
2,10,3.0000,150,0,10,0.096558,0.074891,9.4930
2,10,3.0200,151,0,10,0.096253,0.074317,9.4930
2,10,3.0400,152,0,10,0.095942,0.073836,9.4930
2,10,3.0600,153,0,10,0.095734,0.073544,9.4930
2,10,3.0800,154,0,10,0.095513,0.073394,9.4930
2,10,3.1000,155,0,10,0.095371,0.073397,9.4930
2,10,3.1200,156,0,10,0.095208,0.073529,9.4930
2,10,3.1400,157,0,10,0.095101,0.073801,9.4930
2,10,3.1600,158,0,10,0.095016,0.074185,9.4930
2,10,3.1800,159,0,10,0.094963,0.074692,9.4930
2,10,3.2000,160,0,10,0.094984,0.075303,9.4930
2,10,3.2200,161,0,10,0.095016,0.076002,9.4930
2,10,3.2400,162,0,10,0.095109,0.076747,9.4930
2,10,3.2600,163,0,10,0.095389,0.077494,9.4930
2,10,3.2800,164,0,10,0.097692,0.078284,9.4930
2,10,3.3000,165,0,10,0.100226,0.079015,9.4931
2,10,3.3200,166,0,10,0.102432,0.079706,9.4931
2,10,3.3400,167,0,10,0.104469,0.080354,9.4931
2,10,3.3600,168,0,10,0.106354,0.080939,9.4931
2,10,3.3800,169,0,10,0.108032,0.081428,9.4931
2,10,3.4000,170,0,10,0.109387,0.081840,9.4931
2,10,3.4200,171,0,10,0.110371,0.082146,9.4931
2,10,3.4400,172,0,10,0.111079,0.082332,9.4931
2,10,3.4600,173,0,10,0.111488,0.082401,9.4931
2,10,3.4800,174,0,10,0.111665,0.082342,9.4931
2,10,3.5000,175,0,10,0.111408,0.082186,9.4931
2,10,3.5200,176,0,10,0.110714,0.081912,9.4931
2,10,3.5400,177,0,10,0.109583,0.081562,9.4932
2,10,3.5600,178,0,10,0.108200,0.081118,9.4932
2,10,3.5800,179,0,10,0.106505,0.080578,9.4932
2,10,3.6000,180,0,10,0.104506,0.079951,9.4932
2,10,3.6200,181,0,10,0.102196,0.079259,9.4932
2,10,3.6400,182,0,10,0.099672,0.078517,9.4932
2,10,3.6600,183,0,10,0.096912,0.077742,9.4932
2,10,3.6800,184,0,10,0.094992,0.076991,9.4932
2,10,3.7000,185,0,10,0.094681,0.076226,9.4932
2,10,3.7200,186,0,10,0.094293,0.075485,9.4932
2,10,3.7400,187,0,10,0.093986,0.074778,9.4932
2,10,3.7600,188,0,10,0.093603,0.074171,9.4932
2,10,3.7800,189,0,10,0.093323,0.073636,9.4932
2,10,3.8000,190,0,10,0.093060,0.073202,9.4932
2,10,3.8200,191,0,10,0.092754,0.072867,9.4932
2,10,3.8400,192,0,10,0.092601,0.072670,9.4932
2,10,3.8600,193,0,10,0.092422,0.072591,9.4932
2,10,3.8800,194,0,10,0.092294,0.072631,9.4932
2,10,3.9000,195,0,10,0.092214,0.072795,9.4931
2,10,3.9200,196,0,10,0.092166,0.073067,9.4931
2,10,3.9400,197,0,10,0.092215,0.073467,9.4931
2,10,3.9600,198,0,10,0.092294,0.073946,9.4931
2,10,3.9800,199,0,10,0.092416,0.074487,9.4931
2,10,4.0000,200,0,10,0.092602,0.075072,9.4931
2,10,4.0200,201,0,10,0.092776,0.075689,9.4931
2,10,4.0400,202,0,10,0.093322,0.076328,9.4931
2,10,4.0600,203,0,10,0.095489,0.076961,9.4931
2,10,4.0800,204,0,10,0.097538,0.077577,9.4931
2,10,4.1000,205,0,10,0.099440,0.078134,9.4931
2,10,4.1200,206,0,10,0.100995,0.078622,9.4931
2,10,4.1400,207,0,10,0.102315,0.079063,9.4931
2,10,4.1600,208,0,10,0.103517,0.079392,9.4931
2,10,4.1800,209,0,10,0.104324,0.079693,9.4931
2,10,4.2000,210,0,10,0.104870,0.079887,9.4931
2,10,4.2200,211,0,10,0.105028,0.080015,9.4931
2,10,4.2400,212,0,10,0.104898,0.080040,9.4930
2,10,4.2600,213,0,10,0.104625,0.079951,9.4930
2,10,4.2800,214,0,10,0.104104,0.079802,9.4930
2,10,4.3000,215,0,10,0.103319,0.079528,9.4930
2,10,4.3200,216,0,10,0.102205,0.079186,9.4930
2,10,4.3400,217,0,10,0.100844,0.078774,9.4930
2,10,4.3600,218,0,10,0.099292,0.078339,9.4930
2,10,4.3800,219,0,10,0.097525,0.077834,9.4930
2,10,4.4000,220,0,10,0.096452,0.077299,9.4930
2,10,4.4200,221,0,10,0.096431,0.076737,9.4930
2,10,4.4400,222,0,10,0.096361,0.076160,9.4930
2,10,4.4600,223,0,10,0.096302,0.075621,9.4930
2,10,4.4800,224,0,10,0.096198,0.075091,9.4930
2,10,4.5000,225,0,10,0.096036,0.074586,9.4930
2,10,4.5200,226,0,10,0.095845,0.074146,9.4930
2,10,4.5400,227,0,10,0.095681,0.073791,9.4930
2,10,4.5600,228,0,10,0.095497,0.073522,9.4930
2,10,4.5800,229,0,10,0.095335,0.073348,9.4930
2,10,4.6000,230,0,10,0.095181,0.073275,9.4930
2,10,4.6200,231,0,10,0.095066,0.073272,9.4930
2,10,4.6400,232,0,10,0.094956,0.073353,9.4930
2,10,4.6600,233,0,10,0.094877,0.073541,9.4930
2,10,4.6800,234,0,10,0.094843,0.073814,9.4930
2,10,4.7000,235,0,10,0.094848,0.074184,9.4930
2,10,4.7200,236,0,10,0.094863,0.074619,9.4930
2,10,4.7400,237,10,0,0.000000,0.000000,9.4930
3,10,0.0200,1,0,10,0.000000,0.000000,9.5000
3,10,0.0400,2,0,10,0.184253,0.095269,9.4961
3,10,0.0600,3,0,10,0.170591,0.090905,9.4905
3,10,0.0800,4,0,10,0.055524,0.034435,9.4873
3,10,0.1000,5,0,10,0.184058,0.137922,9.4877
3,10,0.1200,6,0,10,0.285095,0.201167,9.4910
3,10,0.1400,7,0,10,0.260238,0.185048,9.4949
3,10,0.1600,8,0,10,0.144297,0.111157,9.4971
3,10,0.1800,9,0,10,0.056577,0.045799,9.4965
3,10,0.2000,10,0,10,0.083037,0.052872,9.4940
3,10,0.2200,11,0,10,0.072611,0.050593,9.4912
3,10,0.2400,12,0,10,0.093641,0.073117,9.4898
3,10,0.2600,13,0,10,0.175989,0.124744,9.4904
3,10,0.2800,14,0,10,0.220742,0.150288,9.4923
3,10,0.3000,15,0,10,0.203476,0.135151,9.4943
3,10,0.3200,16,0,10,0.152512,0.095860,9.4952
3,10,0.3400,17,0,10,0.118631,0.064183,9.4947
3,10,0.3600,18,0,10,0.111761,0.056437,9.4933
3,10,0.3800,19,0,10,0.112429,0.064761,9.4919
3,10,0.4000,20,0,10,0.131580,0.087946,9.4913
3,10,0.4200,21,0,10,0.160764,0.112672,9.4918
3,10,0.4400,22,0,10,0.170528,0.121035,9.4929
3,10,0.4600,23,0,10,0.152166,0.109116,9.4939
3,10,0.4800,24,0,10,0.121799,0.087257,9.4942
3,10,0.5000,25,0,10,0.101815,0.070264,9.4938
3,10,0.5200,26,0,10,0.098835,0.064908,9.4930
3,10,0.5400,27,0,10,0.107498,0.071149,9.4923
3,10,0.5600,28,0,10,0.124726,0.085042,9.4921
3,10,0.5800,29,0,10,0.139023,0.096789,9.4925
3,10,0.6000,30,0,10,0.138002,0.098215,9.4931
3,10,0.6200,31,0,10,0.120480,0.088948,9.4936
3,10,0.6400,32,0,10,0.095834,0.075444,9.4937
3,10,0.6600,33,0,10,0.084202,0.064987,9.4934
3,10,0.6800,34,0,10,0.083625,0.062331,9.4929
3,10,0.7000,35,0,10,0.089579,0.067525,9.4926
3,10,0.7200,36,0,10,0.097627,0.076181,9.4925
3,10,0.7400,37,0,10,0.104526,0.082263,9.4928
3,10,0.7600,38,0,10,0.104476,0.082151,9.4931
3,10,0.7800,39,0,10,0.097600,0.076639,9.4933
3,10,0.8000,40,0,10,0.089490,0.069729,9.4933
3,10,0.8200,41,0,10,0.085212,0.065736,9.4931
3,10,0.8400,42,0,10,0.085681,0.066759,9.4929
3,10,0.8600,43,0,10,0.091587,0.071661,9.4927
3,10,0.8800,44,0,10,0.098134,0.077388,9.4928
3,10,0.9000,45,0,10,0.101970,0.081052,9.4929
3,10,0.9200,46,0,10,0.105532,0.081428,9.4931
3,10,0.9400,47,0,10,0.106377,0.079480,9.4932
3,10,0.9600,48,0,10,0.106727,0.077424,9.4931
3,10,0.9800,49,0,10,0.108664,0.077029,9.4930
3,10,1.0000,50,0,10,0.112375,0.078927,9.4929
3,10,1.0200,51,0,10,0.117251,0.082286,9.4928
3,10,1.0400,52,0,10,0.121930,0.085595,9.4929
3,10,1.0600,53,0,10,0.125422,0.087534,9.4929
3,10,1.0800,54,0,10,0.126865,0.087723,9.4930
3,10,1.1000,55,0,10,0.127331,0.086761,9.4931
3,10,1.1200,56,0,10,0.127914,0.085717,9.4930
3,10,1.1400,57,0,10,0.128921,0.085461,9.4930
3,10,1.1600,58,0,10,0.130498,0.086127,9.4929
3,10,1.1800,59,0,10,0.131888,0.087468,9.4929
3,10,1.2000,60,0,10,0.132198,0.088390,9.4929
3,10,1.2200,61,0,10,0.131075,0.088450,9.4929
3,10,1.2400,62,0,10,0.128090,0.087591,9.4930
3,10,1.2600,63,0,10,0.123943,0.086176,9.4930
3,10,1.2800,64,0,10,0.119648,0.084762,9.4929
3,10,1.3000,65,0,10,0.115952,0.083751,9.4929
3,10,1.3200,66,0,10,0.112981,0.083218,9.4929
3,10,1.3400,67,0,10,0.110484,0.082898,9.4929
3,10,1.3600,68,0,10,0.107795,0.082348,9.4929
3,10,1.3800,69,0,10,0.104494,0.081338,9.4929
3,10,1.4000,70,0,10,0.100364,0.079872,9.4929
3,10,1.4200,71,0,10,0.097592,0.078233,9.4929
3,10,1.4400,72,0,10,0.097161,0.076815,9.4929
3,10,1.4600,73,0,10,0.097148,0.075869,9.4929
3,10,1.4800,74,0,10,0.097486,0.075425,9.4928
3,10,1.5000,75,0,10,0.097899,0.075272,9.4928
3,10,1.5200,76,0,10,0.098041,0.075152,9.4928
3,10,1.5400,77,0,10,0.097942,0.074972,9.4929
3,10,1.5600,78,0,10,0.097134,0.074725,9.4929
3,10,1.5800,79,0,10,0.096704,0.074636,9.4929
3,10,1.6000,80,0,10,0.096016,0.074847,9.4929
3,10,1.6200,81,0,10,0.095844,0.075427,9.4929
3,10,1.6400,82,0,10,0.095728,0.076353,9.4929
3,10,1.6600,83,0,10,0.096560,0.077388,9.4929
3,10,1.6800,84,0,10,0.097575,0.078480,9.4929
3,10,1.7000,85,0,10,0.098260,0.079444,9.4929
3,10,1.7200,86,0,10,0.101369,0.080310,9.4929
3,10,1.7400,87,0,10,0.105294,0.081158,9.4929
3,10,1.7600,88,0,10,0.109243,0.082062,9.4929
3,10,1.7800,89,0,10,0.113105,0.083020,9.4929
3,10,1.8000,90,0,10,0.116656,0.083956,9.4929
3,10,1.8200,91,0,10,0.119599,0.084772,9.4929
3,10,1.8400,92,0,10,0.121676,0.085427,9.4930
3,10,1.8600,93,0,10,0.122893,0.085885,9.4930
3,10,1.8800,94,0,10,0.123410,0.086174,9.4930
3,10,1.9000,95,0,10,0.123725,0.086289,9.4930
3,10,1.9200,96,0,10,0.123785,0.086321,9.4930
3,10,1.9400,97,0,10,0.123690,0.086246,9.4930
3,10,1.9600,98,0,10,0.123370,0.086040,9.4930
3,10,1.9800,99,0,10,0.122831,0.085693,9.4930
3,10,2.0000,100,0,10,0.121913,0.085159,9.4930
3,10,2.0200,101,0,10,0.120499,0.084430,9.4930
3,10,2.0400,102,0,10,0.118618,0.083479,9.4930
3,10,2.0600,103,0,10,0.115978,0.082582,9.4930
3,10,2.0800,104,0,10,0.113126,0.081623,9.4930
3,10,2.1000,105,0,10,0.109632,0.080634,9.4930
3,10,2.1200,106,0,10,0.105736,0.079591,9.4930
3,10,2.1400,107,0,10,0.101750,0.078496,9.4930
3,10,2.1600,108,0,10,0.097829,0.077382,9.4930
3,10,2.1800,109,0,10,0.094575,0.076265,9.4930
3,10,2.2000,110,0,10,0.094182,0.075266,9.4930
3,10,2.2200,111,0,10,0.094042,0.074281,9.4930
3,10,2.2400,112,0,10,0.093599,0.073646,9.4930
3,10,2.2600,113,0,10,0.093360,0.073045,9.4930
3,10,2.2800,114,0,10,0.092965,0.072549,9.4930
3,10,2.3000,115,0,10,0.092708,0.072250,9.4930
3,10,2.3200,116,0,10,0.092462,0.072100,9.4930
3,10,2.3400,117,0,10,0.092259,0.072131,9.4930
3,10,2.3600,118,0,10,0.092572,0.072372,9.4930
3,10,2.3800,119,0,10,0.092812,0.072761,9.4930
3,10,2.4000,120,0,10,0.093185,0.073296,9.4930
3,10,2.4200,121,0,10,0.093561,0.073951,9.4930
3,10,2.4400,122,0,10,0.094064,0.074659,9.4930
3,10,2.4600,123,0,10,0.094675,0.075496,9.4930
3,10,2.4800,124,0,10,0.097540,0.076399,9.4930
3,10,2.5000,125,0,10,0.100679,0.077369,9.4930
3,10,2.5200,126,0,10,0.103485,0.078334,9.4930
3,10,2.5400,127,0,10,0.106025,0.079248,9.4930
3,10,2.5600,128,0,10,0.108413,0.080090,9.4930
3,10,2.5800,129,0,10,0.110756,0.080867,9.4930
3,10,2.6000,130,0,10,0.113181,0.081584,9.4930
3,10,2.6200,131,0,10,0.115131,0.082216,9.4930
3,10,2.6400,132,0,10,0.116927,0.082728,9.4929
3,10,2.6600,133,0,10,0.118228,0.083112,9.4929
3,10,2.6800,134,0,10,0.118940,0.083384,9.4929
3,10,2.7000,135,0,10,0.119155,0.083507,9.4929
3,10,2.7200,136,0,10,0.118784,0.083657,9.4929
3,10,2.7400,137,0,10,0.117847,0.083520,9.4929
3,10,2.7600,138,0,10,0.116534,0.083316,9.4929
3,10,2.7800,139,0,10,0.114733,0.083000,9.4929
3,10,2.8000,140,0,10,0.112614,0.082575,9.4929
3,10,2.8200,141,0,10,0.110304,0.082035,9.4929
3,10,2.8400,142,0,10,0.107829,0.081386,9.4929
3,10,2.8600,143,0,10,0.105238,0.080676,9.4929
3,10,2.8800,144,0,10,0.102529,0.079887,9.4929
3,10,2.9000,145,0,10,0.099650,0.079101,9.4929
3,10,2.9200,146,0,10,0.097306,0.078285,9.4929
3,10,2.9400,147,0,10,0.097291,0.077504,9.4929
3,10,2.9600,148,0,10,0.097222,0.076746,9.4929
3,10,2.9800,149,0,10,0.097224,0.076066,9.4929
3,10,3.0000,150,0,10,0.097135,0.075442,9.4929
3,10,3.0200,151,0,10,0.097062,0.074936,9.4929
3,10,3.0400,152,0,10,0.096952,0.074555,9.4929
3,10,3.0600,153,0,10,0.096792,0.074300,9.4929
3,10,3.0800,154,0,10,0.096610,0.074185,9.4929
3,10,3.1000,155,0,10,0.096491,0.074227,9.4929
3,10,3.1200,156,0,10,0.096258,0.074392,9.4929
3,10,3.1400,157,0,10,0.096061,0.074718,9.4929
3,10,3.1600,158,0,10,0.095785,0.075159,9.4929
3,10,3.1800,159,0,10,0.095717,0.075684,9.4929
3,10,3.2000,160,0,10,0.095524,0.076304,9.4929
3,10,3.2200,161,0,10,0.095878,0.076964,9.4929
3,10,3.2400,162,0,10,0.096499,0.077677,9.4929
3,10,3.2600,163,0,10,0.096936,0.078381,9.4929
3,10,3.2800,164,0,10,0.099151,0.079073,9.4929
3,10,3.3000,165,0,10,0.101825,0.079729,9.4929
3,10,3.3200,166,0,10,0.104298,0.080347,9.4930
3,10,3.3400,167,0,10,0.106398,0.080897,9.4930
3,10,3.3600,168,0,10,0.108265,0.081374,9.4930
3,10,3.3800,169,0,10,0.109688,0.081778,9.4930
3,10,3.4000,170,0,10,0.110767,0.082048,9.4930
3,10,3.4200,171,0,10,0.111507,0.082250,9.4930
3,10,3.4400,172,0,10,0.111932,0.082307,9.4930
3,10,3.4600,173,0,10,0.111977,0.082268,9.4930
3,10,3.4800,174,0,10,0.111731,0.082110,9.4930
3,10,3.5000,175,0,10,0.111162,0.081837,9.4930
3,10,3.5200,176,0,10,0.110277,0.081489,9.4930
3,10,3.5400,177,0,10,0.109143,0.081033,9.4930
3,10,3.5600,178,0,10,0.107695,0.080500,9.4930
3,10,3.5800,179,0,10,0.105929,0.079740,9.4930
3,10,3.6000,180,0,10,0.103777,0.079039,9.4930
3,10,3.6200,181,0,10,0.101448,0.078268,9.4930
3,10,3.6400,182,0,10,0.098912,0.077470,9.4930
3,10,3.6600,183,0,10,0.096242,0.076715,9.4930
3,10,3.6800,184,0,10,0.093968,0.075963,9.4930
3,10,3.7000,185,0,10,0.093831,0.075204,9.4930
3,10,3.7200,186,0,10,0.093640,0.074435,9.4930
3,10,3.7400,187,0,10,0.093413,0.073726,9.4930
3,10,3.7600,188,0,10,0.093262,0.073058,9.4930
3,10,3.7800,189,0,10,0.092940,0.072597,9.4930
3,10,3.8000,190,0,10,0.092952,0.072153,9.4930
3,10,3.8200,191,0,10,0.092634,0.071970,9.4930
3,10,3.8400,192,0,10,0.092675,0.071757,9.4930
3,10,3.8600,193,0,10,0.092324,0.071822,9.4930
3,10,3.8800,194,0,10,0.092436,0.071868,9.4930
3,10,3.9000,195,0,10,0.092348,0.072121,9.4930
3,10,3.9200,196,0,10,0.092698,0.072390,9.4930
3,10,3.9400,197,0,10,0.092959,0.072876,9.4930
3,10,3.9600,198,0,10,0.093361,0.073382,9.4930
3,10,3.9800,199,0,10,0.093601,0.073953,9.4930
3,10,4.0000,200,0,10,0.094020,0.074569,9.4930
3,10,4.0200,201,0,10,0.094543,0.075187,9.4930
3,10,4.0400,202,0,10,0.095220,0.075838,9.4930
3,10,4.0600,203,0,10,0.097364,0.076478,9.4930
3,10,4.0800,204,0,10,0.099273,0.077090,9.4930
3,10,4.1000,205,0,10,0.101003,0.077667,9.4930
3,10,4.1200,206,0,10,0.102411,0.078149,9.4930
3,10,4.1400,207,0,10,0.103549,0.078604,9.4930
3,10,4.1600,208,0,10,0.104607,0.078972,9.4929
3,10,4.1800,209,0,10,0.105412,0.079251,9.4929
3,10,4.2000,210,0,10,0.105912,0.079469,9.4929
3,10,4.2200,211,0,10,0.105994,0.079754,9.4929
3,10,4.2400,212,0,10,0.105766,0.079772,9.4929
3,10,4.2600,213,0,10,0.105319,0.079675,9.4929
3,10,4.2800,214,0,10,0.104462,0.079523,9.4929
3,10,4.3000,215,0,10,0.103314,0.079295,9.4929
3,10,4.3200,216,0,10,0.102069,0.078992,9.4929
3,10,4.3400,217,0,10,0.100442,0.078640,9.4929
3,10,4.3600,218,0,10,0.098657,0.078214,9.4929
3,10,4.3800,219,0,10,0.096747,0.077753,9.4929
3,10,4.4000,220,0,10,0.096417,0.077256,9.4929
3,10,4.4200,221,0,10,0.096469,0.076730,9.4929
3,10,4.4400,222,0,10,0.096511,0.076209,9.4929
3,10,4.4600,223,0,10,0.096550,0.075721,9.4929
3,10,4.4800,224,0,10,0.096491,0.075234,9.4929
3,10,4.5000,225,0,10,0.096496,0.074823,9.4929
3,10,4.5200,226,0,10,0.096397,0.074448,9.4929
3,10,4.5400,227,0,10,0.096401,0.074185,9.4929
3,10,4.5600,228,0,10,0.096214,0.073915,9.4929
3,10,4.5800,229,0,10,0.096146,0.073787,9.4929
3,10,4.6000,230,0,10,0.095998,0.073743,9.4929
3,10,4.6200,231,0,10,0.095942,0.073829,9.4929
3,10,4.6400,232,0,10,0.095800,0.073983,9.4929
3,10,4.6600,233,0,10,0.095690,0.074213,9.4929
3,10,4.6800,234,0,10,0.095651,0.074518,9.4929
3,10,4.7000,235,0,10,0.095496,0.074862,9.4929
3,10,4.7200,236,0,10,0.095389,0.075251,9.4929
3,10,4.7400,237,0,10,0.095295,0.075697,9.4929
3,10,4.7600,238,0,10,0.095176,0.076130,9.4929
3,10,4.7800,239,0,10,0.095500,0.076604,9.4929
3,10,4.8000,240,0,10,0.095769,0.077039,9.4929
3,10,4.8200,241,0,10,0.096102,0.077513,9.4929
3,10,4.8400,242,0,10,0.096496,0.077878,9.4929
3,10,4.8600,243,0,10,0.097777,0.078211,9.4930
3,10,4.8800,244,0,10,0.098912,0.078450,9.4930
3,10,4.9000,245,0,10,0.099721,0.078655,9.4930
3,10,4.9200,246,0,10,0.100420,0.078786,9.4930
3,10,4.9400,247,0,10,0.100903,0.078871,9.4930
3,10,4.9600,248,0,10,0.101137,0.078879,9.4930
3,10,4.9800,249,0,10,0.101115,0.078793,9.4930
3,10,5.0000,250,0,10,0.100732,0.078636,9.4930
3,10,5.0200,251,0,10,0.100173,0.078378,9.4930
3,10,5.0400,252,0,10,0.099366,0.078062,9.4930
3,10,5.0600,253,0,10,0.098329,0.077692,9.4930
3,10,5.0800,254,0,10,0.097089,0.077275,9.4930
3,10,5.1000,255,0,10,0.095668,0.076804,9.4930
3,10,5.1200,256,0,10,0.094427,0.076177,9.4930
3,10,5.1400,257,0,10,0.094091,0.075645,9.4930
3,10,5.1600,258,0,10,0.093751,0.075107,9.4931
3,10,5.1800,259,0,10,0.093532,0.074560,9.4931
3,10,5.2000,260,0,10,0.093378,0.074030,9.4931
3,10,5.2200,261,0,10,0.093275,0.073543,9.4931
3,10,5.2400,262,0,10,0.093112,0.073076,9.4931
3,10,5.2600,263,0,10,0.092989,0.072672,9.4931
3,10,5.2800,264,0,10,0.092849,0.072345,9.4931
3,10,5.3000,265,0,10,0.092763,0.072074,9.4931
3,10,5.3200,266,0,10,0.092604,0.071852,9.4931
3,10,5.3400,267,0,10,0.092508,0.071729,9.4931
3,10,5.3600,268,0,10,0.092374,0.071683,9.4930
3,10,5.3800,269,0,10,0.092302,0.071739,9.4930
3,10,5.4000,270,0,10,0.092307,0.071912,9.4930
3,10,5.4200,271,0,10,0.092415,0.072145,9.4930
3,10,5.4400,272,0,10,0.092635,0.072437,9.4930
3,10,5.4600,273,0,10,0.092831,0.072763,9.4930
3,10,5.4800,274,0,10,0.093025,0.073107,9.4930
3,10,5.5000,275,0,10,0.093246,0.073493,9.4930
3,10,5.5200,276,0,10,0.093488,0.073919,9.4930
3,10,5.5400,277,0,10,0.093752,0.074358,9.4930
3,10,5.5600,278,0,10,0.094020,0.074782,9.4930
3,10,5.5800,279,0,10,0.094246,0.075189,9.4930
3,10,5.6000,280,0,10,0.094437,0.075564,9.4930
3,10,5.6200,281,0,10,0.094741,0.075909,9.4930
3,10,5.6400,282,0,10,0.095557,0.076202,9.4930
3,10,5.6600,283,0,10,0.096172,0.076447,9.4930
3,10,5.6800,284,0,10,0.096646,0.076648,9.4930
3,10,5.7000,285,0,10,0.096877,0.076787,9.4929
3,10,5.7200,286,0,10,0.096916,0.077006,9.4929
3,10,5.7400,287,0,10,0.096686,0.076975,9.4929
3,10,5.7600,288,0,10,0.096310,0.076898,9.4929
3,10,5.7800,289,0,10,0.095664,0.076783,9.4929
3,10,5.8000,290,0,10,0.095024,0.076629,9.4929
3,10,5.8200,291,0,10,0.095218,0.076433,9.4929
3,10,5.8400,292,0,10,0.095404,0.076199,9.4929
3,10,5.8600,293,0,10,0.095513,0.075917,9.4929
3,10,5.8800,294,0,10,0.095612,0.075599,9.4929
3,10,5.9000,295,0,10,0.095707,0.075269,9.4929
3,10,5.9200,296,0,10,0.095751,0.074931,9.4929
3,10,5.9400,297,0,10,0.095816,0.074605,9.4929
3,10,5.9600,298,0,10,0.095813,0.074284,9.4929
3,10,5.9800,299,0,10,0.095857,0.074015,9.4929
3,10,6.0000,300,0,10,0.095809,0.073759,9.4929
3,10,6.0200,301,0,10,0.095808,0.073566,9.4929
3,10,6.0400,302,0,10,0.095753,0.073429,9.4929
3,10,6.0600,303,0,10,0.095771,0.073369,9.4929
3,10,6.0800,304,0,10,0.095647,0.073310,9.4929
3,10,6.1000,305,0,10,0.095590,0.073343,9.4929
3,10,6.1200,306,0,10,0.095525,0.073429,9.4929
3,10,6.1400,307,0,10,0.095444,0.073582,9.4929
3,10,6.1600,308,0,10,0.095357,0.073775,9.4929
3,10,6.1800,309,0,10,0.095307,0.074038,9.4929
3,10,6.2000,310,0,10,0.095218,0.074329,9.4929
3,10,6.2200,311,0,10,0.095217,0.074655,9.4929
3,10,6.2400,312,0,10,0.095056,0.074937,9.4929
3,10,6.2600,313,0,10,0.095088,0.075266,9.4929
3,10,6.2800,314,0,10,0.094952,0.075560,9.4929
3,10,6.3000,315,0,10,0.095001,0.075849,9.4929
3,10,6.3200,316,0,10,0.095080,0.076114,9.4929
3,10,6.3400,317,0,10,0.095229,0.076373,9.4929
3,10,6.3600,318,0,10,0.095367,0.076603,9.4929
3,10,6.3800,319,0,10,0.095475,0.076787,9.4929
3,10,6.4000,320,0,10,0.095508,0.076890,9.4930
3,10,6.4200,321,0,10,0.095465,0.076912,9.4930
3,10,6.4400,322,0,10,0.095402,0.076891,9.4930
3,10,6.4600,323,0,10,0.095327,0.076844,9.4930
3,10,6.4800,324,0,10,0.095215,0.076735,9.4930
3,10,6.5000,325,0,10,0.095082,0.076581,9.4930
3,10,6.5200,326,0,10,0.094882,0.076353,9.4930
3,10,6.5400,327,0,10,0.094612,0.076052,9.4930
3,10,6.5600,328,0,10,0.094349,0.075724,9.4930
3,10,6.5800,329,0,10,0.094068,0.075419,9.4930
3,10,6.6000,330,0,10,0.093843,0.075016,9.4930
3,10,6.6200,331,0,10,0.093644,0.074529,9.4930
3,10,6.6400,332,0,10,0.093576,0.074136,9.4930
3,10,6.6600,333,0,10,0.093442,0.073745,9.4930
3,10,6.6800,334,0,10,0.093310,0.073351,9.4930
3,10,6.7000,335,0,10,0.093195,0.072989,9.4931
3,10,6.7200,336,0,10,0.093084,0.072653,9.4931
3,10,6.7400,337,0,10,0.092955,0.072343,9.4931
3,10,6.7600,338,0,10,0.092846,0.072097,9.4931
3,10,6.7800,339,0,10,0.092758,0.071914,9.4931
3,10,6.8000,340,0,10,0.092622,0.071783,9.4931
3,10,6.8200,341,0,10,0.092567,0.071733,9.4931
3,10,6.8400,342,0,10,0.092498,0.071727,9.4931
3,10,6.8600,343,0,10,0.092434,0.071782,9.4931
3,10,6.8800,344,0,10,0.092383,0.071893,9.4931
3,10,6.9000,345,0,10,0.092362,0.072065,9.4931
3,10,6.9200,346,0,10,0.092482,0.072282,9.4930
3,10,6.9400,347,0,10,0.092656,0.072554,9.4930
3,10,6.9600,348,10,0,0.000000,0.000000,9.4930
1,15,0.0200,1,0,15,0.000000,0.000000,14.5000
1,15,0.0400,2,0,15,0.196200,0.128771,14.4961
1,15,0.0600,3,0,15,0.350529,0.190156,14.4885
1,15,0.0800,4,0,15,0.334231,0.184657,14.4797
1,15,0.1000,5,0,15,0.193670,0.116782,14.4729
1,15,0.1200,6,0,15,0.079753,0.042645,14.4697
1,15,0.1400,7,0,15,0.207534,0.158207,14.4703
1,15,0.1600,8,0,15,0.360351,0.255524,14.4745
1,15,0.1800,9,0,15,0.436653,0.298952,14.4809
1,15,0.2000,10,0,15,0.408017,0.281879,14.4877
1,15,0.2200,11,0,15,0.294732,0.212055,14.4929
1,15,0.2400,12,0,15,0.143151,0.112799,14.4952
1,15,0.2600,13,0,15,0.069497,0.044651,14.4942
1,15,0.2800,14,0,15,0.165659,0.088467,14.4904
1,15,0.3000,15,0,15,0.214329,0.119583,14.4850
1,15,0.3200,16,0,15,0.189965,0.107407,14.4797
1,15,0.3400,17,0,15,0.122085,0.069709,14.4758
1,15,0.3600,18,0,15,0.123201,0.089772,14.4743
1,15,0.3800,19,0,15,0.217395,0.160584,14.4755
1,15,0.4000,20,0,15,0.298910,0.214015,14.4789
1,15,0.4200,21,0,15,0.325513,0.231145,14.4833
1,15,0.4400,22,0,15,0.291095,0.209003,14.4876
1,15,0.4600,23,0,15,0.216350,0.157534,14.4905
1,15,0.4800,24,0,15,0.133776,0.098974,14.4913
1,15,0.5000,25,0,15,0.115782,0.070525,14.4900
1,15,0.5200,26,0,15,0.158454,0.080876,14.4871
1,15,0.5400,27,0,15,0.181136,0.088194,14.4835
1,15,0.5600,28,0,15,0.176212,0.080009,14.4801
1,15,0.5800,29,0,15,0.172276,0.081224,14.4780
1,15,0.6000,30,0,15,0.200351,0.115498,14.4776
1,15,0.6200,31,0,15,0.247807,0.157735,14.4788
1,15,0.6400,32,0,15,0.282745,0.185416,14.4814
1,15,0.6600,33,0,15,0.287308,0.188834,14.4844
1,15,0.6800,34,0,15,0.262515,0.168522,14.4870
1,15,0.7000,35,0,15,0.224952,0.133710,14.4885
1,15,0.7200,36,0,15,0.199408,0.099846,14.4886
1,15,0.7400,37,0,15,0.197903,0.082227,14.4874
1,15,0.7600,38,0,15,0.205789,0.081231,14.4853
1,15,0.7800,39,0,15,0.206280,0.083407,14.4828
1,15,0.8000,40,0,15,0.200081,0.087714,14.4808
1,15,0.8200,41,0,15,0.200561,0.103188,14.4797
1,15,0.8400,42,0,15,0.216066,0.128439,14.4797
1,15,0.8600,43,0,15,0.237400,0.152255,14.4809
1,15,0.8800,44,0,15,0.249212,0.164736,14.4827
1,15,0.9000,45,0,15,0.243398,0.161883,14.4846
1,15,0.9200,46,0,15,0.222649,0.146033,14.4862
1,15,0.9400,47,0,15,0.197837,0.124573,14.4869
1,15,0.9600,48,0,15,0.181283,0.106435,14.4866
1,15,0.9800,49,0,15,0.176305,0.096849,14.4856
1,15,1.0000,50,0,15,0.176642,0.094204,14.4840
1,15,1.0200,51,0,15,0.177176,0.095194,14.4824
1,15,1.0400,52,0,15,0.180485,0.100944,14.4812
1,15,1.0600,53,0,15,0.191739,0.113177,14.4807
1,15,1.0800,54,0,15,0.209990,0.128735,14.4810
1,15,1.1000,55,0,15,0.226957,0.141176,14.4819
1,15,1.1200,56,0,15,0.235154,0.145414,14.4831
1,15,1.1400,57,0,15,0.232189,0.140326,14.4844
1,15,1.1600,58,0,15,0.221273,0.127842,14.4852
1,15,1.1800,59,0,15,0.208775,0.112713,14.4855
1,15,1.2000,60,0,15,0.199115,0.099758,14.4851
1,15,1.2200,61,0,15,0.193543,0.091708,14.4843
1,15,1.2400,62,0,15,0.191216,0.089059,14.4832
1,15,1.2600,63,0,15,0.190522,0.091309,14.4822
1,15,1.2800,64,0,15,0.192266,0.098258,14.4815
1,15,1.3000,65,0,15,0.197290,0.108541,14.4813
1,15,1.3200,66,0,15,0.203547,0.118888,14.4816
1,15,1.3400,67,0,15,0.206747,0.125582,14.4823
1,15,1.3600,68,0,15,0.203292,0.126282,14.4831
1,15,1.3800,69,0,15,0.192101,0.120627,14.4838
1,15,1.4000,70,0,15,0.175478,0.111022,14.4843
1,15,1.4200,71,0,15,0.157665,0.100069,14.4843
1,15,1.4400,72,0,15,0.142636,0.091329,14.4839
1,15,1.4600,73,0,15,0.132011,0.085915,14.4833
1,15,1.4800,74,0,15,0.126448,0.084490,14.4825
1,15,1.5000,75,0,15,0.125815,0.086839,14.4819
1,15,1.5200,76,0,15,0.129882,0.092323,14.4815
1,15,1.5400,77,0,15,0.136951,0.099356,14.4815
1,15,1.5600,78,0,15,0.143474,0.105416,14.4818
1,15,1.5800,79,0,15,0.145999,0.108216,14.4823
1,15,1.6000,80,0,15,0.142752,0.106396,14.4828
1,15,1.6200,81,0,15,0.134072,0.100356,14.4833
1,15,1.6400,82,0,15,0.122336,0.091913,14.4835
1,15,1.6600,83,0,15,0.110987,0.083275,14.4834
1,15,1.6800,84,0,15,0.102718,0.076446,14.4831
1,15,1.7000,85,0,15,0.098325,0.072797,14.4826
1,15,1.7200,86,0,15,0.097822,0.072807,14.4821
1,15,1.7400,87,0,15,0.100712,0.076106,14.4817
1,15,1.7600,88,0,15,0.105870,0.081563,14.4816
1,15,1.7800,89,0,15,0.111185,0.087160,14.4816
1,15,1.8000,90,0,15,0.114083,0.091105,14.4819
1,15,1.8200,91,0,15,0.112903,0.092051,14.4822
1,15,1.8400,92,0,15,0.108933,0.089655,14.4826
1,15,1.8600,93,0,15,0.103868,0.084590,14.4828
1,15,1.8800,94,0,15,0.098907,0.078286,14.4829
1,15,1.9000,95,0,15,0.094521,0.072477,14.4828
1,15,1.9200,96,0,15,0.091740,0.068720,14.4825
1,15,1.9400,97,0,15,0.092216,0.067939,14.4822
1,15,1.9600,98,0,15,0.094421,0.070103,14.4819
1,15,1.9800,99,0,15,0.097782,0.074357,14.4818
1,15,2.0000,100,0,15,0.101661,0.079383,14.4817
1,15,2.0200,101,0,15,0.105098,0.083823,14.4819
1,15,2.0400,102,0,15,0.107117,0.086553,14.4821
1,15,2.0600,103,0,15,0.107191,0.087086,14.4824
1,15,2.0800,104,0,15,0.105528,0.085631,14.4826
1,15,2.1000,105,0,15,0.102754,0.082945,14.4827
1,15,2.1200,106,0,15,0.100171,0.080126,14.4827
1,15,2.1400,107,0,15,0.098104,0.078233,14.4826
1,15,2.1600,108,0,15,0.098088,0.077921,14.4825
1,15,2.1800,109,0,15,0.100590,0.079381,14.4823
1,15,2.2000,110,0,15,0.104839,0.082341,14.4821
1,15,2.2200,111,0,15,0.110191,0.086185,14.4821
1,15,2.2400,112,0,15,0.116044,0.090100,14.4821
1,15,2.2600,113,0,15,0.121284,0.093341,14.4822
1,15,2.2800,114,0,15,0.125162,0.095404,14.4824
1,15,2.3000,115,0,15,0.127583,0.096153,14.4826
1,15,2.3200,116,0,15,0.128885,0.095882,14.4828
1,15,2.3400,117,0,15,0.129780,0.095015,14.4829
1,15,2.3600,118,0,15,0.131253,0.094186,14.4828
1,15,2.3800,119,0,15,0.133986,0.093926,14.4828
1,15,2.4000,120,0,15,0.138331,0.094502,14.4827
1,15,2.4200,121,0,15,0.144085,0.095941,14.4826
1,15,2.4400,122,0,15,0.150815,0.098051,14.4825
1,15,2.4600,123,0,15,0.157971,0.100486,14.4825
1,15,2.4800,124,0,15,0.164946,0.102801,14.4826
1,15,2.5000,125,0,15,0.171045,0.104601,14.4827
1,15,2.5200,126,0,15,0.176146,0.105650,14.4829
1,15,2.5400,127,0,15,0.180096,0.105957,14.4830
1,15,2.5600,128,0,15,0.182994,0.105723,14.4831
1,15,2.5800,129,0,15,0.185200,0.105270,14.4831
1,15,2.6000,130,0,15,0.186739,0.104963,14.4831
1,15,2.6200,131,0,15,0.188044,0.105097,14.4831
1,15,2.6400,132,0,15,0.189396,0.105769,14.4830
1,15,2.6600,133,0,15,0.190862,0.106955,14.4830
1,15,2.6800,134,0,15,0.192230,0.108494,14.4830
1,15,2.7000,135,0,15,0.193287,0.110120,14.4830
1,15,2.7200,136,0,15,0.193907,0.111561,14.4831
1,15,2.7400,137,0,15,0.194057,0.112442,14.4831
1,15,2.7600,138,0,15,0.193338,0.113111,14.4833
1,15,2.7800,139,0,15,0.192154,0.113197,14.4833
1,15,2.8000,140,0,15,0.190984,0.112966,14.4834
1,15,2.8200,141,0,15,0.189562,0.112609,14.4834
1,15,2.8400,142,0,15,0.188136,0.112318,14.4834
1,15,2.8600,143,0,15,0.187463,0.112228,14.4834
1,15,2.8800,144,0,15,0.187698,0.112391,14.4833
1,15,2.9000,145,0,15,0.188634,0.112770,14.4833
1,15,2.9200,146,0,15,0.190044,0.113259,14.4833
1,15,2.9400,147,0,15,0.191619,0.113674,14.4833
1,15,2.9600,148,0,15,0.193283,0.114056,14.4834
1,15,2.9800,149,0,15,0.194617,0.113893,14.4835
1,15,3.0000,150,0,15,0.195526,0.113382,14.4835
1,15,3.0200,151,0,15,0.196010,0.112578,14.4836
1,15,3.0400,152,0,15,0.196128,0.111596,14.4836
1,15,3.0600,153,0,15,0.195934,0.110580,14.4836
1,15,3.0800,154,0,15,0.195321,0.109679,14.4836
1,15,3.1000,155,0,15,0.194699,0.108989,14.4836
1,15,3.1200,156,0,15,0.194096,0.108518,14.4835
1,15,3.1400,157,0,15,0.193215,0.108220,14.4835
1,15,3.1600,158,0,15,0.191822,0.108006,14.4835
1,15,3.1800,159,0,15,0.189758,0.107778,14.4835
1,15,3.2000,160,0,15,0.186941,0.107374,14.4836
1,15,3.2200,161,0,15,0.183385,0.106747,14.4836
1,15,3.2400,162,0,15,0.179150,0.105906,14.4836
1,15,3.2600,163,0,15,0.174422,0.104882,14.4837
1,15,3.2800,164,0,15,0.169404,0.103766,14.4837
1,15,3.3000,165,0,15,0.164317,0.102645,14.4837
1,15,3.3200,166,0,15,0.159401,0.101614,14.4837
1,15,3.3400,167,0,15,0.154947,0.100702,14.4836
1,15,3.3600,168,0,15,0.150923,0.099925,14.4836
1,15,3.3800,169,0,15,0.147114,0.099240,14.4836
1,15,3.4000,170,0,15,0.143519,0.098554,14.4836
1,15,3.4200,171,0,15,0.140098,0.097758,14.4836
1,15,3.4400,172,0,15,0.136751,0.096824,14.4836
1,15,3.4600,173,0,15,0.133365,0.095724,14.4837
1,15,3.4800,174,0,15,0.130126,0.094436,14.4837
1,15,3.5000,175,0,15,0.127080,0.093038,14.4837
1,15,3.5200,176,0,15,0.124092,0.091610,14.4837
1,15,3.5400,177,0,15,0.121421,0.090226,14.4837
1,15,3.5600,178,0,15,0.118994,0.088967,14.4837
1,15,3.5800,179,0,15,0.116633,0.087886,14.4836
1,15,3.6000,180,0,15,0.114441,0.086975,14.4836
1,15,3.6200,181,0,15,0.112134,0.086180,14.4836
1,15,3.6400,182,0,15,0.109654,0.085445,14.4836
1,15,3.6600,183,0,15,0.106996,0.084724,14.4836
1,15,3.6800,184,0,15,0.106274,0.083955,14.4836
1,15,3.7000,185,0,15,0.106324,0.083115,14.4836
1,15,3.7200,186,0,15,0.106276,0.082226,14.4836
1,15,3.7400,187,0,15,0.106145,0.081331,14.4837
1,15,3.7600,188,0,15,0.106051,0.080505,14.4836
1,15,3.7800,189,0,15,0.105981,0.079806,14.4836
1,15,3.8000,190,0,15,0.105951,0.079282,14.4836
1,15,3.8200,191,0,15,0.106014,0.078962,14.4836
1,15,3.8400,192,0,15,0.106115,0.078827,14.4836
1,15,3.8600,193,0,15,0.106251,0.078860,14.4836
1,15,3.8800,194,0,15,0.106370,0.078991,14.4836
1,15,3.9000,195,0,15,0.106455,0.079183,14.4836
1,15,3.9200,196,0,15,0.106446,0.079409,14.4836
1,15,3.9400,197,0,15,0.106410,0.079624,14.4837
1,15,3.9600,198,0,15,0.106298,0.079886,14.4837
1,15,3.9800,199,0,15,0.106192,0.080172,14.4837
1,15,4.0000,200,0,15,0.106116,0.080570,14.4837
1,15,4.0200,201,0,15,0.106102,0.081058,14.4837
1,15,4.0400,202,0,15,0.106119,0.081699,14.4837
1,15,4.0600,203,0,15,0.106300,0.082447,14.4837
1,15,4.0800,204,0,15,0.106416,0.083313,14.4837
1,15,4.1000,205,0,15,0.106621,0.084244,14.4837
1,15,4.1200,206,0,15,0.106867,0.085232,14.4837
1,15,4.1400,207,0,15,0.107493,0.086224,14.4837
1,15,4.1600,208,0,15,0.109951,0.087189,14.4837
1,15,4.1800,209,0,15,0.112489,0.088142,14.4837
1,15,4.2000,210,0,15,0.114988,0.089098,14.4837
1,15,4.2200,211,0,15,0.117662,0.090040,14.4837
1,15,4.2400,212,0,15,0.120732,0.090996,14.4837
1,15,4.2600,213,0,15,0.124086,0.091977,14.4837
1,15,4.2800,214,0,15,0.127685,0.092986,14.4837
1,15,4.3000,215,0,15,0.131552,0.094007,14.4837
1,15,4.3200,216,0,15,0.135486,0.095035,14.4837
1,15,4.3400,217,0,15,0.139584,0.096036,14.4837
1,15,4.3600,218,0,15,0.143740,0.096986,14.4837
1,15,4.3800,219,0,15,0.147857,0.097897,14.4837
1,15,4.4000,220,0,15,0.151847,0.098748,14.4838
1,15,4.4200,221,0,15,0.155756,0.099558,14.4838
1,15,4.4400,222,0,15,0.159530,0.100323,14.4838
1,15,4.4600,223,0,15,0.162982,0.101061,14.4838
1,15,4.4800,224,0,15,0.166237,0.101773,14.4838
1,15,4.5000,225,0,15,0.169247,0.102480,14.4838
1,15,4.5200,226,0,15,0.171913,0.103204,14.4838
1,15,4.5400,227,0,15,0.174260,0.103898,14.4838
1,15,4.5600,228,0,15,0.176182,0.104582,14.4838
1,15,4.5800,229,0,15,0.177757,0.105248,14.4838
1,15,4.6000,230,0,15,0.178911,0.105860,14.4838
1,15,4.6200,231,0,15,0.179782,0.106419,14.4838
1,15,4.6400,232,0,15,0.180381,0.106937,14.4838
1,15,4.6600,233,0,15,0.180792,0.107394,14.4837
1,15,4.6800,234,0,15,0.181036,0.107797,14.4837
1,15,4.7000,235,0,15,0.181234,0.108139,14.4837
1,15,4.7200,236,0,15,0.181316,0.108443,14.4837
1,15,4.7400,237,0,15,0.181377,0.108711,14.4837
1,15,4.7600,238,0,15,0.181520,0.108917,14.4837
1,15,4.7800,239,0,15,0.181715,0.109072,14.4837
1,15,4.8000,240,0,15,0.181963,0.109164,14.4837
1,15,4.8200,241,0,15,0.182197,0.109171,14.4836
1,15,4.8400,242,0,15,0.182407,0.109104,14.4836
1,15,4.8600,243,0,15,0.182670,0.108943,14.4836
1,15,4.8800,244,0,15,0.182915,0.108669,14.4836
1,15,4.9000,245,0,15,0.183181,0.108273,14.4836
1,15,4.9200,246,0,15,0.183344,0.108009,14.4836
1,15,4.9400,247,0,15,0.183424,0.107604,14.4835
1,15,4.9600,248,0,15,0.183391,0.107187,14.4835
1,15,4.9800,249,0,15,0.183122,0.106771,14.4835
1,15,5.0000,250,0,15,0.182732,0.106325,14.4835
1,15,5.0200,251,0,15,0.181945,0.105853,14.4834
1,15,5.0400,252,0,15,0.180769,0.105353,14.4834
1,15,5.0600,253,0,15,0.179284,0.104827,14.4834
1,15,5.0800,254,0,15,0.177403,0.104273,14.4834
1,15,5.1000,255,0,15,0.175388,0.103687,14.4833
1,15,5.1200,256,0,15,0.173037,0.103058,14.4833
1,15,5.1400,257,0,15,0.170335,0.102403,14.4833
1,15,5.1600,258,0,15,0.167378,0.101726,14.4833
1,15,5.1800,259,0,15,0.164361,0.101023,14.4832
1,15,5.2000,260,0,15,0.161207,0.100294,14.4832
1,15,5.2200,261,0,15,0.157843,0.099542,14.4832
1,15,5.2400,262,0,15,0.154340,0.098684,14.4831
1,15,5.2600,263,0,15,0.150785,0.097878,14.4831
1,15,5.2800,264,0,15,0.147205,0.097001,14.4831
1,15,5.3000,265,0,15,0.143807,0.096352,14.4831
1,15,5.3200,266,0,15,0.140476,0.095384,14.4830
1,15,5.3400,267,0,15,0.137310,0.094408,14.4830
1,15,5.3600,268,0,15,0.134221,0.093410,14.4830
1,15,5.3800,269,0,15,0.131251,0.092386,14.4829
1,15,5.4000,270,0,15,0.128183,0.091352,14.4829
1,15,5.4200,271,0,15,0.125193,0.090320,14.4829
1,15,5.4400,272,0,15,0.122350,0.089323,14.4829
1,15,5.4600,273,0,15,0.119506,0.088361,14.4828
1,15,5.4800,274,0,15,0.116874,0.087407,14.4828
1,15,5.5000,275,0,15,0.114294,0.086479,14.4828
1,15,5.5200,276,0,15,0.111554,0.085580,14.4828
1,15,5.5400,277,0,15,0.108724,0.084695,14.4827
1,15,5.5600,278,0,15,0.105932,0.083839,14.4827
1,15,5.5800,279,0,15,0.103206,0.082993,14.4827
1,15,5.6000,280,0,15,0.100532,0.082231,14.4827
1,15,5.6200,281,0,15,0.100536,0.081450,14.4827
1,15,5.6400,282,0,15,0.100532,0.080762,14.4827
1,15,5.6600,283,0,15,0.100507,0.080142,14.4826
1,15,5.6800,284,0,15,0.100584,0.079574,14.4826
1,15,5.7000,285,0,15,0.100571,0.079090,14.4826
1,15,5.7200,286,0,15,0.100599,0.078697,14.4826
1,15,5.7400,287,0,15,0.100653,0.078393,14.4826
1,15,5.7600,288,0,15,0.100707,0.078154,14.4826
1,15,5.7800,289,0,15,0.100753,0.077991,14.4826
1,15,5.8000,290,0,15,0.100756,0.077888,14.4826
1,15,5.8200,291,0,15,0.100844,0.077879,14.4826
1,15,5.8400,292,0,15,0.100897,0.077969,14.4826
1,15,5.8600,293,0,15,0.100957,0.078145,14.4826
1,15,5.8800,294,0,15,0.101060,0.078406,14.4826
1,15,5.9000,295,0,15,0.101208,0.078759,14.4826
1,15,5.9200,296,0,15,0.101397,0.079177,14.4826
1,15,5.9400,297,0,15,0.101591,0.079665,14.4826
1,15,5.9600,298,0,15,0.101840,0.080227,14.4826
1,15,5.9800,299,0,15,0.102074,0.080847,14.4826
1,15,6.0000,300,0,15,0.102342,0.081521,14.4826
1,15,6.0200,301,0,15,0.102567,0.082230,14.4826
1,15,6.0400,302,0,15,0.102775,0.082981,14.4826
1,15,6.0600,303,0,15,0.103435,0.083766,14.4826
1,15,6.0800,304,0,15,0.105695,0.084582,14.4827
1,15,6.1000,305,0,15,0.108225,0.085435,14.4827
1,15,6.1200,306,0,15,0.110728,0.086284,14.4827
1,15,6.1400,307,0,15,0.113543,0.087168,14.4827
1,15,6.1600,308,0,15,0.116658,0.088061,14.4827
1,15,6.1800,309,0,15,0.119890,0.088939,14.4827
1,15,6.2000,310,0,15,0.123203,0.089800,14.4828
1,15,6.2200,311,0,15,0.126667,0.090649,14.4828
1,15,6.2400,312,0,15,0.129986,0.091497,14.4828
1,15,6.2600,313,0,15,0.133193,0.092337,14.4828
1,15,6.2800,314,0,15,0.136338,0.093152,14.4828
1,15,6.3000,315,0,15,0.139556,0.093933,14.4829
1,15,6.3200,316,0,15,0.142742,0.094680,14.4829
1,15,6.3400,317,0,15,0.145790,0.095421,14.4829
1,15,6.3600,318,0,15,0.148704,0.096145,14.4829
1,15,6.3800,319,0,15,0.151503,0.096847,14.4829
1,15,6.4000,320,0,15,0.154059,0.097541,14.4830
1,15,6.4200,321,0,15,0.156434,0.098197,14.4830
1,15,6.4400,322,0,15,0.158578,0.098744,14.4830
1,15,6.4600,323,0,15,0.160501,0.099386,14.4830
1,15,6.4800,324,0,15,0.161963,0.099959,14.4831
1,15,6.5000,325,0,15,0.163196,0.100507,14.4831
1,15,6.5200,326,0,15,0.164090,0.101025,14.4831
1,15,6.5400,327,0,15,0.164814,0.101514,14.4831
1,15,6.5600,328,0,15,0.165523,0.101956,14.4831
1,15,6.5800,329,0,15,0.166305,0.102352,14.4832
1,15,6.6000,330,0,15,0.166918,0.102717,14.4832
1,15,6.6200,331,0,15,0.167677,0.103030,14.4832
1,15,6.6400,332,0,15,0.168096,0.103322,14.4832
1,15,6.6600,333,0,15,0.168449,0.103559,14.4832
1,15,6.6800,334,0,15,0.168841,0.103734,14.4833
1,15,6.7000,335,0,15,0.169155,0.103863,14.4833
1,15,6.7200,336,0,15,0.169367,0.103944,14.4833
1,15,6.7400,337,0,15,0.169509,0.103963,14.4833
1,15,6.7600,338,0,15,0.169717,0.103937,14.4833
1,15,6.7800,339,0,15,0.169920,0.103859,14.4834
1,15,6.8000,340,0,15,0.170204,0.103741,14.4834
1,15,6.8200,341,0,15,0.170351,0.103714,14.4834
1,15,6.8400,342,0,15,0.170326,0.103495,14.4834
1,15,6.8600,343,0,15,0.170216,0.103236,14.4834
1,15,6.8800,344,0,15,0.169826,0.102915,14.4834
1,15,6.9000,345,0,15,0.169200,0.102575,14.4834
1,15,6.9200,346,0,15,0.168396,0.102203,14.4834
1,15,6.9400,347,0,15,0.167153,0.101809,14.4835
1,15,6.9600,348,0,15,0.165684,0.101384,14.4835
1,15,6.9800,349,0,15,0.164109,0.100923,14.4835
1,15,7.0000,350,0,15,0.162436,0.100434,14.4835
1,15,7.0200,351,0,15,0.160529,0.099911,14.4835
1,15,7.0400,352,0,15,0.158394,0.099365,14.4835
1,15,7.0600,353,0,15,0.156039,0.098785,14.4835
1,15,7.0800,354,0,15,0.153481,0.098173,14.4835
1,15,7.1000,355,0,15,0.150769,0.097550,14.4835
1,15,7.1200,356,0,15,0.147928,0.096896,14.4835
1,15,7.1400,357,0,15,0.144958,0.096202,14.4835
1,15,7.1600,358,0,15,0.142023,0.095497,14.4835
1,15,7.1800,359,0,15,0.139152,0.094756,14.4835
1,15,7.2000,360,0,15,0.136246,0.093993,14.4835
1,15,7.2200,361,0,15,0.133440,0.093216,14.4835
1,15,7.2400,362,0,15,0.130716,0.092409,14.4835
1,15,7.2600,363,0,15,0.128130,0.091582,14.4835
1,15,7.2800,364,0,15,0.125545,0.090751,14.4835
1,15,7.3000,365,0,15,0.122932,0.089917,14.4836
1,15,7.3200,366,0,15,0.120291,0.089074,14.4836
1,15,7.3400,367,0,15,0.117692,0.088244,14.4836
1,15,7.3600,368,0,15,0.115095,0.087422,14.4836
1,15,7.3800,369,0,15,0.112562,0.086610,14.4836
1,15,7.4000,370,0,15,0.110111,0.085799,14.4836
1,15,7.4200,371,0,15,0.107648,0.085009,14.4836
1,15,7.4400,372,0,15,0.105529,0.084248,14.4836
1,15,7.4600,373,0,15,0.105579,0.083521,14.4836
1,15,7.4800,374,0,15,0.105587,0.082819,14.4836
1,15,7.5000,375,0,15,0.105626,0.082153,14.4836
1,15,7.5200,376,0,15,0.105652,0.081530,14.4836
1,15,7.5400,377,0,15,0.105679,0.080963,14.4836
1,15,7.5600,378,0,15,0.105732,0.080439,14.4836
1,15,7.5800,379,0,15,0.105762,0.079981,14.4836
1,15,7.6000,380,0,15,0.105808,0.079568,14.4836
1,15,7.6200,381,0,15,0.105810,0.079219,14.4836
1,15,7.6400,382,0,15,0.105844,0.078908,14.4836
1,15,7.6600,383,0,15,0.105888,0.078690,14.4836
1,15,7.6800,384,0,15,0.105898,0.078534,14.4836
1,15,7.7000,385,0,15,0.105836,0.078425,14.4836
1,15,7.7200,386,0,15,0.105808,0.078401,14.4836
1,15,7.7400,387,0,15,0.105821,0.078461,14.4836
1,15,7.7600,388,0,15,0.105872,0.078599,14.4836
1,15,7.7800,389,0,15,0.105856,0.078788,14.4836
1,15,7.8000,390,0,15,0.105851,0.079049,14.4836
1,15,7.8200,391,0,15,0.105883,0.079371,14.4836
1,15,7.8400,392,0,15,0.105910,0.079748,14.4836
1,15,7.8600,393,0,15,0.105954,0.080176,14.4836
1,15,7.8800,394,0,15,0.105964,0.080645,14.4836
1,15,7.9000,395,0,15,0.105991,0.081158,14.4837
1,15,7.9200,396,0,15,0.106032,0.081711,14.4837
1,15,7.9400,397,0,15,0.106029,0.082301,14.4837
1,15,7.9600,398,0,15,0.106096,0.082941,14.4837
1,15,7.9800,399,0,15,0.106159,0.083605,14.4837
1,15,8.0000,400,0,15,0.106174,0.084288,14.4837
1,15,8.0200,401,0,15,0.106238,0.084997,14.4837
1,15,8.0400,402,0,15,0.108461,0.085713,14.4837
1,15,8.0600,403,0,15,0.110938,0.086430,14.4837
1,15,8.0800,404,0,15,0.113481,0.087150,14.4837
1,15,8.1000,405,0,15,0.115974,0.087876,14.4837
1,15,8.1200,406,0,15,0.118510,0.088595,14.4837
1,15,8.1400,407,0,15,0.121126,0.089293,14.4837
1,15,8.1600,408,0,15,0.123754,0.090001,14.4837
1,15,8.1800,409,0,15,0.126474,0.090701,14.4837
1,15,8.2000,410,0,15,0.129167,0.091378,14.4837
1,15,8.2200,411,0,15,0.131748,0.092035,14.4837
1,15,8.2400,412,0,15,0.134289,0.092684,14.4837
1,15,8.2600,413,0,15,0.136834,0.093299,14.4837
1,15,8.2800,414,0,15,0.139280,0.093902,14.4837
1,15,8.3000,415,0,15,0.141573,0.094469,14.4837
1,15,8.3200,416,0,15,0.143654,0.095024,14.4837
1,15,8.3400,417,0,15,0.145534,0.095555,14.4837
1,15,8.3600,418,0,15,0.147245,0.096054,14.4837
1,15,8.3800,419,0,15,0.148799,0.096513,14.4837
1,15,8.4000,420,0,15,0.150209,0.096958,14.4837
1,15,8.4200,421,0,15,0.151419,0.097363,14.4837
1,15,8.4400,422,0,15,0.152507,0.097737,14.4837
1,15,8.4600,423,0,15,0.153369,0.098075,14.4837
1,15,8.4800,424,0,15,0.154143,0.098390,14.4837
1,15,8.5000,425,0,15,0.154818,0.098667,14.4837
1,15,8.5200,426,0,15,0.155395,0.098908,14.4837
1,15,8.5400,427,0,15,0.155831,0.099101,14.4837
1,15,8.5600,428,0,15,0.156104,0.099266,14.4837
1,15,8.5800,429,0,15,0.156302,0.099388,14.4837
1,15,8.6000,430,0,15,0.156393,0.099459,14.4837
1,15,8.6200,431,0,15,0.156454,0.099484,14.4837
1,15,8.6400,432,0,15,0.156490,0.099454,14.4837
1,15,8.6600,433,0,15,0.156475,0.099360,14.4837
1,15,8.6800,434,0,15,0.156378,0.099217,14.4836
1,15,8.7000,435,0,15,0.156208,0.098984,14.4836
1,15,8.7200,436,0,15,0.156018,0.098694,14.4836
1,15,8.7400,437,0,15,0.155681,0.098563,14.4836
1,15,8.7600,438,0,15,0.155275,0.098271,14.4836
1,15,8.7800,439,0,15,0.154777,0.097932,14.4836
1,15,8.8000,440,0,15,0.154089,0.097722,14.4836
1,15,8.8200,441,0,15,0.153282,0.097280,14.4835
1,15,8.8400,442,0,15,0.152468,0.096957,14.4835
1,15,8.8600,443,0,15,0.151270,0.096482,14.4835
1,15,8.8800,444,0,15,0.150008,0.096041,14.4835
1,15,8.9000,445,0,15,0.148562,0.095573,14.4835
1,15,8.9200,446,0,15,0.146871,0.095079,14.4835
1,15,8.9400,447,0,15,0.145340,0.094581,14.4834
1,15,8.9600,448,0,15,0.143645,0.094056,14.4834
1,15,8.9800,449,0,15,0.141573,0.093511,14.4834
1,15,9.0000,450,0,15,0.139465,0.092940,14.4834
1,15,9.0200,451,0,15,0.137244,0.092359,14.4834
1,15,9.0400,452,0,15,0.134892,0.091771,14.4833
1,15,9.0600,453,0,15,0.132456,0.091167,14.4833
1,15,9.0800,454,0,15,0.129974,0.090526,14.4833
1,15,9.1000,455,0,15,0.127441,0.089873,14.4833
1,15,9.1200,456,0,15,0.124904,0.089214,14.4833
1,15,9.1400,457,0,15,0.122440,0.088532,14.4833
1,15,9.1600,458,0,15,0.120010,0.088067,14.4832
1,15,9.1800,459,0,15,0.117588,0.087273,14.4832
1,15,9.2000,460,0,15,0.115165,0.086546,14.4832
1,15,9.2200,461,0,15,0.112700,0.085877,14.4832
1,15,9.2400,462,0,15,0.110334,0.085203,14.4832
1,15,9.2600,463,0,15,0.107899,0.084512,14.4831
1,15,9.2800,464,0,15,0.105447,0.083848,14.4831
1,15,9.3000,465,0,15,0.103147,0.083192,14.4831
1,15,9.3200,466,0,15,0.101012,0.082565,14.4831
1,15,9.3400,467,0,15,0.100392,0.081950,14.4831
1,15,9.3600,468,0,15,0.100390,0.081344,14.4831
1,15,9.3800,469,0,15,0.100421,0.080765,14.4831
1,15,9.4000,470,0,15,0.100428,0.080216,14.4830
1,15,9.4200,471,0,15,0.100416,0.079723,14.4830
1,15,9.4400,472,0,15,0.100490,0.079248,14.4830
1,15,9.4600,473,0,15,0.100532,0.078846,14.4830
1,15,9.4800,474,0,15,0.100580,0.078492,14.4830
1,15,9.5000,475,0,15,0.100633,0.078177,14.4830
1,15,9.5200,476,0,15,0.100694,0.077934,14.4830
1,15,9.5400,477,0,15,0.100742,0.077710,14.4830
1,15,9.5600,478,0,15,0.100731,0.077544,14.4830
1,15,9.5800,479,0,15,0.100781,0.077442,14.4830
1,15,9.6000,480,0,15,0.100821,0.077385,14.4830
1,15,9.6200,481,0,15,0.100846,0.077400,14.4830
1,15,9.6400,482,0,15,0.100933,0.077476,14.4829
1,15,9.6600,483,0,15,0.101048,0.077592,14.4829
1,15,9.6800,484,0,15,0.101095,0.077757,14.4829
1,15,9.7000,485,0,15,0.101121,0.077991,14.4829
1,15,9.7200,486,0,15,0.101197,0.078284,14.4829
1,15,9.7400,487,0,15,0.101277,0.078613,14.4829
1,15,9.7600,488,0,15,0.101338,0.079005,14.4829
1,15,9.7800,489,0,15,0.101410,0.079427,14.4830
1,15,9.8000,490,0,15,0.101513,0.079875,14.4830
1,15,9.8200,491,0,15,0.101663,0.080349,14.4830
1,15,9.8400,492,0,15,0.101785,0.080855,14.4830
1,15,9.8600,493,0,15,0.101960,0.081395,14.4830
1,15,9.8800,494,0,15,0.102120,0.081957,14.4830
1,15,9.9000,495,0,15,0.102226,0.082519,14.4830
1,15,9.9200,496,0,15,0.103872,0.083075,14.4830
1,15,9.9400,497,0,15,0.105834,0.083642,14.4830
1,15,9.9600,498,0,15,0.107782,0.084229,14.4830
1,15,9.9800,499,0,15,0.109673,0.084843,14.4830
1,15,10.0000,500,0,15,0.111592,0.085463,14.4830
1,15,10.0200,501,0,15,0.113580,0.086083,14.4830
1,15,10.0400,502,0,15,0.115758,0.086706,14.4831
1,15,10.0600,503,0,15,0.117963,0.087318,14.4831
1,15,10.0800,504,0,15,0.120139,0.087913,14.4831
1,15,10.1000,505,0,15,0.122225,0.088480,14.4831
1,15,10.1200,506,0,15,0.124207,0.089021,14.4831
1,15,10.1400,507,0,15,0.126112,0.089530,14.4831
1,15,10.1600,508,0,15,0.127961,0.090011,14.4831
1,15,10.1800,509,0,15,0.129708,0.090433,14.4831
1,15,10.2000,510,0,15,0.131430,0.090810,14.4832
1,15,10.2200,511,0,15,0.133169,0.091156,14.4832
1,15,10.2400,512,0,15,0.134852,0.091716,14.4832
1,15,10.2600,513,0,15,0.136445,0.092127,14.4832
1,15,10.2800,514,0,15,0.138052,0.092513,14.4832
1,15,10.3001,515,0,15,0.139421,0.092878,14.4832
1,15,10.3201,516,0,15,0.140526,0.093209,14.4832
1,15,10.3401,517,0,15,0.141594,0.093502,14.4832
1,15,10.3601,518,0,15,0.142570,0.093769,14.4833
1,15,10.3801,519,0,15,0.143308,0.093996,14.4833
1,15,10.4001,520,0,15,0.143832,0.094208,14.4833
1,15,10.4201,521,0,15,0.144414,0.094391,14.4833
1,15,10.4401,522,0,15,0.144717,0.094546,14.4833
1,15,10.4601,523,0,15,0.144954,0.094674,14.4833
1,15,10.4801,524,0,15,0.145138,0.094777,14.4833
1,15,10.5001,525,0,15,0.145201,0.094842,14.4833
1,15,10.5201,526,0,15,0.145070,0.094887,14.4833
1,15,10.5401,527,0,15,0.144814,0.094903,14.4834
1,15,10.5601,528,0,15,0.144590,0.094866,14.4834
1,15,10.5801,529,0,15,0.144211,0.094788,14.4834
1,15,10.6001,530,0,15,0.143669,0.094844,14.4834
1,15,10.6201,531,0,15,0.143147,0.094697,14.4834
1,15,10.6401,532,0,15,0.142564,0.094526,14.4834
1,15,10.6601,533,0,15,0.141749,0.094324,14.4834
1,15,10.6801,534,0,15,0.140901,0.094055,14.4834
1,15,10.7001,535,0,15,0.140006,0.093812,14.4834
1,15,10.7201,536,0,15,0.138985,0.093505,14.4834
1,15,10.7401,537,0,15,0.137853,0.093176,14.4834
1,15,10.7601,538,0,15,0.136631,0.092825,14.4834
1,15,10.7801,539,0,15,0.135490,0.092425,14.4834
1,15,10.8001,540,0,15,0.134139,0.092004,14.4834
1,15,10.8201,541,0,15,0.132790,0.091574,14.4834
1,15,10.8401,542,0,15,0.131448,0.091116,14.4834
1,15,10.8601,543,0,15,0.129876,0.090631,14.4835
1,15,10.8801,544,0,15,0.128229,0.090130,14.4835
1,15,10.9001,545,0,15,0.126469,0.089622,14.4835
1,15,10.9201,546,0,15,0.124620,0.089093,14.4835
1,15,10.9401,547,0,15,0.122716,0.088550,14.4835
1,15,10.9601,548,0,15,0.120751,0.088000,14.4835
1,15,10.9801,549,0,15,0.118756,0.087439,14.4835
1,15,11.0001,550,0,15,0.116735,0.086869,14.4835
1,15,11.0201,551,0,15,0.114690,0.086299,14.4835
1,15,11.0401,552,0,15,0.112633,0.085711,14.4835
1,15,11.0601,553,0,15,0.110520,0.085116,14.4835
1,15,11.0801,554,0,15,0.108357,0.084534,14.4835
1,15,11.1001,555,0,15,0.106166,0.083958,14.4835
1,15,11.1201,556,0,15,0.105174,0.083381,14.4835
1,15,11.1401,557,0,15,0.105177,0.082819,14.4835
1,15,11.1601,558,0,15,0.105218,0.082279,14.4835
1,15,11.1801,559,0,15,0.105256,0.081759,14.4835
1,15,11.2001,560,0,15,0.105268,0.081250,14.4835
1,15,11.2201,561,0,15,0.105261,0.080760,14.4835
1,15,11.2401,562,0,15,0.105302,0.080307,14.4835
1,15,11.2601,563,0,15,0.105321,0.079866,14.4835
1,15,11.2801,564,0,15,0.105349,0.079455,14.4835
1,15,11.3001,565,0,15,0.105352,0.079079,14.4835
1,15,11.3201,566,0,15,0.105363,0.078739,14.4835
1,15,11.3401,567,0,15,0.105362,0.078430,14.4835
1,15,11.3601,568,0,15,0.105398,0.078179,14.4835
1,15,11.3801,569,0,15,0.105403,0.077965,14.4835
1,15,11.4001,570,0,15,0.105447,0.077809,14.4835
1,15,11.4201,571,0,15,0.105451,0.077684,14.4835
1,15,11.4401,572,0,15,0.105479,0.077610,14.4835
1,15,11.4601,573,0,15,0.105480,0.077580,14.4835
1,15,11.4801,574,0,15,0.105487,0.077594,14.4835
1,15,11.5001,575,0,15,0.105515,0.077656,14.4835
1,15,11.5201,576,0,15,0.105540,0.077769,14.4835
1,15,11.5401,577,15,0,0.000000,0.000000,14.4835
2,15,0.0200,1,0,15,0.000000,0.000000,14.5000
2,15,0.0400,2,0,15,0.196200,0.127918,14.4961
2,15,0.0600,3,0,15,0.356227,0.187945,14.4884
2,15,0.0800,4,0,15,0.338938,0.181596,14.4795
2,15,0.1000,5,0,15,0.195224,0.112174,14.4727
2,15,0.1200,6,0,15,0.073759,0.035937,14.4694
2,15,0.1400,7,0,15,0.209684,0.154223,14.4700
2,15,0.1600,8,0,15,0.364033,0.252927,14.4742
2,15,0.1800,9,0,15,0.441505,0.297599,14.4807
2,15,0.2000,10,0,15,0.412639,0.281454,14.4876
2,15,0.2200,11,0,15,0.298243,0.212197,14.4928
2,15,0.2400,12,0,15,0.144949,0.113050,14.4951
2,15,0.2600,13,0,15,0.070310,0.043460,14.4942
2,15,0.2800,14,0,15,0.166970,0.086323,14.4904
2,15,0.3000,15,0,15,0.216229,0.116671,14.4850
2,15,0.3200,16,0,15,0.191215,0.103713,14.4795
2,15,0.3400,17,0,15,0.120272,0.065934,14.4756
2,15,0.3600,18,0,15,0.119427,0.085192,14.4741
2,15,0.3800,19,0,15,0.216070,0.157106,14.4752
2,15,0.4000,20,0,15,0.297359,0.211873,14.4786
2,15,0.4200,21,0,15,0.323976,0.230127,14.4831
2,15,0.4400,22,0,15,0.290197,0.208891,14.4874
2,15,0.4600,23,0,15,0.216243,0.157927,14.4904
2,15,0.4800,24,0,15,0.133139,0.099252,14.4913
2,15,0.5000,25,0,15,0.115707,0.069850,14.4900
2,15,0.5200,26,0,15,0.157895,0.079250,14.4871
2,15,0.5400,27,0,15,0.180519,0.086138,14.4834
2,15,0.5600,28,0,15,0.174250,0.077968,14.4800
2,15,0.5800,29,0,15,0.168594,0.078703,14.4778
2,15,0.6000,30,0,15,0.197262,0.112870,14.4773
2,15,0.6200,31,0,15,0.247014,0.155766,14.4786
2,15,0.6400,32,0,15,0.283901,0.184271,14.4811
2,15,0.6600,33,0,15,0.290050,0.188497,14.4841
2,15,0.6800,34,0,15,0.265972,0.168781,14.4868
2,15,0.7000,35,0,15,0.228124,0.134197,14.4884
2,15,0.7200,36,0,15,0.201046,0.100006,14.4886
2,15,0.7400,37,0,15,0.197567,0.081551,14.4873
2,15,0.7600,38,0,15,0.204218,0.079855,14.4852
2,15,0.7800,39,0,15,0.203886,0.081826,14.4827
2,15,0.8000,40,0,15,0.197050,0.086097,14.4807
2,15,0.8200,41,0,15,0.197133,0.101480,14.4795
2,15,0.8400,42,0,15,0.213323,0.126861,14.4795
2,15,0.8600,43,0,15,0.236112,0.151090,14.4806
2,15,0.8800,44,0,15,0.249345,0.164191,14.4825
2,15,0.9000,45,0,15,0.244388,0.161963,14.4844
2,15,0.9200,46,0,15,0.223324,0.146557,14.4860
2,15,0.9400,47,0,15,0.197199,0.125179,14.4868
2,15,0.9600,48,0,15,0.178719,0.106973,14.4866
2,15,0.9800,49,0,15,0.172307,0.097280,14.4855
2,15,1.0000,50,0,15,0.171854,0.094468,14.4840
2,15,1.0200,51,0,15,0.172099,0.095371,14.4823
2,15,1.0400,52,0,15,0.175548,0.100934,14.4811
2,15,1.0600,53,0,15,0.187356,0.112904,14.4806
2,15,1.0800,54,0,15,0.206406,0.128371,14.4808
2,15,1.1000,55,0,15,0.224599,0.140996,14.4817
2,15,1.1200,56,0,15,0.234003,0.145629,14.4829
2,15,1.1400,57,0,15,0.231706,0.140622,14.4842
2,15,1.1600,58,0,15,0.220825,0.128097,14.4851
2,15,1.1800,59,0,15,0.207506,0.112707,14.4854
2,15,1.2000,60,0,15,0.197622,0.099436,14.4850
2,15,1.2200,61,0,15,0.192112,0.091254,14.4842
2,15,1.2400,62,0,15,0.189137,0.088434,14.4831
2,15,1.2600,63,0,15,0.187872,0.090510,14.4821
2,15,1.2800,64,0,15,0.189570,0.097340,14.4814
2,15,1.3000,65,0,15,0.195081,0.107611,14.4811
2,15,1.3200,66,0,15,0.202171,0.118016,14.4814
2,15,1.3400,67,0,15,0.205910,0.124810,14.4821
2,15,1.3600,68,0,15,0.202853,0.125546,14.4829
2,15,1.3800,69,0,15,0.191725,0.120027,14.4837
2,15,1.4000,70,0,15,0.175136,0.110171,14.4841
2,15,1.4200,71,0,15,0.157025,0.099204,14.4842
2,15,1.4400,72,0,15,0.141519,0.090170,14.4838
2,15,1.4600,73,0,15,0.130432,0.084726,14.4832
2,15,1.4800,74,0,15,0.123907,0.083232,14.4825
2,15,1.5000,75,0,15,0.122352,0.085475,14.4818
2,15,1.5200,76,0,15,0.125898,0.090898,14.4814
2,15,1.5400,77,0,15,0.133037,0.097897,14.4814
2,15,1.5600,78,0,15,0.140277,0.104056,14.4816
2,15,1.5800,79,0,15,0.143847,0.106928,14.4821
2,15,1.6000,80,0,15,0.141438,0.105117,14.4827
2,15,1.6200,81,0,15,0.133281,0.099182,14.4831
2,15,1.6400,82,0,15,0.121725,0.090701,14.4834
2,15,1.6600,83,0,15,0.110259,0.081826,14.4833
2,15,1.6800,84,0,15,0.101533,0.074691,14.4830
2,15,1.7000,85,0,15,0.096433,0.070725,14.4825
2,15,1.7200,86,0,15,0.095620,0.070477,14.4820
2,15,1.7400,87,0,15,0.098487,0.073634,14.4817
2,15,1.7600,88,0,15,0.104031,0.079006,14.4815
2,15,1.7800,89,0,15,0.110057,0.084755,14.4815
2,15,1.8000,90,0,15,0.113983,0.088911,14.4818
2,15,1.8200,91,0,15,0.113682,0.090120,14.4821
2,15,1.8400,92,0,15,0.108349,0.087955,14.4825
2,15,1.8600,93,0,15,0.100969,0.083064,14.4827
2,15,1.8800,94,0,15,0.094971,0.076779,14.4828
2,15,1.9000,95,0,15,0.090623,0.070855,14.4827
2,15,1.9200,96,0,15,0.088297,0.066869,14.4825
2,15,1.9400,97,0,15,0.088596,0.065787,14.4822
2,15,1.9600,98,0,15,0.090709,0.067665,14.4819
2,15,1.9800,99,0,15,0.093803,0.071785,14.4817
2,15,2.0000,100,0,15,0.096951,0.076838,14.4816
2,15,2.0200,101,0,15,0.099675,0.081399,14.4817
2,15,2.0400,102,0,15,0.102335,0.084368,14.4820
2,15,2.0600,103,0,15,0.105623,0.085160,14.4822
2,15,2.0800,104,0,15,0.105821,0.083873,14.4825
2,15,2.1000,105,0,15,0.103909,0.081257,14.4826
2,15,2.1200,106,0,15,0.101443,0.078383,14.4826
2,15,2.1400,107,0,15,0.100003,0.076310,14.4825
2,15,2.1600,108,0,15,0.100247,0.075768,14.4824
2,15,2.1800,109,0,15,0.102339,0.077008,14.4822
2,15,2.2000,110,0,15,0.106388,0.079804,14.4820
2,15,2.2200,111,0,15,0.111788,0.083543,14.4820
2,15,2.2400,112,0,15,0.117583,0.087463,14.4820
2,15,2.2600,113,0,15,0.122774,0.090808,14.4821
2,15,2.2800,114,0,15,0.126465,0.093037,14.4823
2,15,2.3000,115,0,15,0.128359,0.093984,14.4825
2,15,2.3200,116,0,15,0.129112,0.093855,14.4827
2,15,2.3400,117,0,15,0.129663,0.093166,14.4827
2,15,2.3600,118,0,15,0.130775,0.092514,14.4827
2,15,2.3800,119,0,15,0.133414,0.092316,14.4827
2,15,2.4000,120,0,15,0.137117,0.092869,14.4826
2,15,2.4200,121,0,15,0.142359,0.094292,14.4825
2,15,2.4400,122,0,15,0.148649,0.096405,14.4824
2,15,2.4600,123,0,15,0.155544,0.098876,14.4824
2,15,2.4800,124,0,15,0.162294,0.101250,14.4825
2,15,2.5000,125,0,15,0.168132,0.103171,14.4826
2,15,2.5200,126,0,15,0.173093,0.104410,14.4827
2,15,2.5400,127,0,15,0.177284,0.104888,14.4828
2,15,2.5600,128,0,15,0.180478,0.104788,14.4829
2,15,2.5800,129,0,15,0.182915,0.104437,14.4830
2,15,2.6000,130,0,15,0.184898,0.104203,14.4830
2,15,2.6200,131,0,15,0.186837,0.104284,14.4830
2,15,2.6400,132,0,15,0.188541,0.104890,14.4829
2,15,2.6600,133,0,15,0.190116,0.106044,14.4829
2,15,2.6800,134,0,15,0.191589,0.107530,14.4828
2,15,2.7000,135,0,15,0.192606,0.109148,14.4828
2,15,2.7200,136,0,15,0.193362,0.110661,14.4829
2,15,2.7400,137,0,15,0.193352,0.111826,14.4830
2,15,2.7600,138,0,15,0.192965,0.112509,14.4831
2,15,2.7800,139,0,15,0.192050,0.112719,14.4832
2,15,2.8000,140,0,15,0.190891,0.112624,14.4832
2,15,2.8200,141,0,15,0.189609,0.112337,14.4833
2,15,2.8400,142,0,15,0.188582,0.112077,14.4833
2,15,2.8600,143,0,15,0.187872,0.112014,14.4832
2,15,2.8800,144,0,15,0.187720,0.112183,14.4832
2,15,2.9000,145,0,15,0.188015,0.112547,14.4832
2,15,2.9200,146,0,15,0.188827,0.113025,14.4832
2,15,2.9400,147,0,15,0.189772,0.113458,14.4832
2,15,2.9600,148,0,15,0.191068,0.113693,14.4832
2,15,2.9800,149,0,15,0.192160,0.113641,14.4833
2,15,3.0000,150,0,15,0.193096,0.113206,14.4834
2,15,3.0200,151,0,15,0.193812,0.112471,14.4834
2,15,3.0400,152,0,15,0.194107,0.111521,14.4835
2,15,3.0600,153,0,15,0.194115,0.110510,14.4835
2,15,3.0800,154,0,15,0.193773,0.109569,14.4835
2,15,3.1000,155,0,15,0.193136,0.108771,14.4834
2,15,3.1200,156,0,15,0.192199,0.108218,14.4834
2,15,3.1400,157,0,15,0.191014,0.107846,14.4834
2,15,3.1600,158,0,15,0.189439,0.107571,14.4834
2,15,3.1800,159,0,15,0.187427,0.107281,14.4834
2,15,3.2000,160,0,15,0.184929,0.106853,14.4834
2,15,3.2200,161,0,15,0.181843,0.106236,14.4834
2,15,3.2400,162,0,15,0.178166,0.105407,14.4835
2,15,3.2600,163,0,15,0.173949,0.104376,14.4835
2,15,3.2800,164,0,15,0.169341,0.103243,14.4835
2,15,3.3000,165,0,15,0.164591,0.102079,14.4835
2,15,3.3200,166,0,15,0.159572,0.100984,14.4835
2,15,3.3400,167,0,15,0.155001,0.100023,14.4835
2,15,3.3600,168,0,15,0.150719,0.099169,14.4835
2,15,3.3800,169,0,15,0.146702,0.098396,14.4834
2,15,3.4000,170,0,15,0.143080,0.097671,14.4834
2,15,3.4200,171,0,15,0.139722,0.096884,14.4834
2,15,3.4400,172,0,15,0.136558,0.095957,14.4835
2,15,3.4600,173,0,15,0.133515,0.094853,14.4835
2,15,3.4800,174,0,15,0.130461,0.093580,14.4835
2,15,3.5000,175,0,15,0.127422,0.092189,14.4835
2,15,3.5200,176,0,15,0.124534,0.090737,14.4835
2,15,3.5400,177,0,15,0.121828,0.089299,14.4835
2,15,3.5600,178,0,15,0.119189,0.087982,14.4835
2,15,3.5800,179,0,15,0.116772,0.086821,14.4835
2,15,3.6000,180,0,15,0.114462,0.085807,14.4835
2,15,3.6200,181,0,15,0.112166,0.084942,14.4835
2,15,3.6400,182,0,15,0.109865,0.084174,14.4835
2,15,3.6600,183,0,15,0.107407,0.083410,14.4835
2,15,3.6800,184,0,15,0.104640,0.082624,14.4835
2,15,3.7000,185,0,15,0.103072,0.081788,14.4835
2,15,3.7200,186,0,15,0.103032,0.080893,14.4835
2,15,3.7400,187,0,15,0.102955,0.079992,14.4835
2,15,3.7600,188,0,15,0.102859,0.079141,14.4835
2,15,3.7800,189,0,15,0.102804,0.078412,14.4835
2,15,3.8000,190,0,15,0.102775,0.077850,14.4835
2,15,3.8200,191,0,15,0.102830,0.077494,14.4835
2,15,3.8400,192,0,15,0.102856,0.077307,14.4834
2,15,3.8600,193,0,15,0.103033,0.077305,14.4834
2,15,3.8800,194,0,15,0.103103,0.077407,14.4835
2,15,3.9000,195,0,15,0.103151,0.077582,14.4835
2,15,3.9200,196,0,15,0.103112,0.077783,14.4835
2,15,3.9400,197,0,15,0.103066,0.078004,14.4835
2,15,3.9600,198,0,15,0.102990,0.078264,14.4835
2,15,3.9800,199,0,15,0.102916,0.078568,14.4835
2,15,4.0000,200,0,15,0.102813,0.078931,14.4835
2,15,4.0200,201,0,15,0.102716,0.079392,14.4835
2,15,4.0400,202,0,15,0.102749,0.080001,14.4835
2,15,4.0600,203,0,15,0.102744,0.080737,14.4835
2,15,4.0800,204,0,15,0.102809,0.081557,14.4835
2,15,4.1000,205,0,15,0.102849,0.082437,14.4835
2,15,4.1200,206,0,15,0.104840,0.083421,14.4835
2,15,4.1400,207,0,15,0.106966,0.084411,14.4835
2,15,4.1600,208,0,15,0.109308,0.085422,14.4836
2,15,4.1800,209,0,15,0.111742,0.086397,14.4836
2,15,4.2000,210,0,15,0.114097,0.087378,14.4836
2,15,4.2200,211,0,15,0.116637,0.088350,14.4836
2,15,4.2400,212,0,15,0.119500,0.089342,14.4836
2,15,4.2600,213,0,15,0.122653,0.090376,14.4836
2,15,4.2800,214,0,15,0.126151,0.091404,14.4836
2,15,4.3000,215,0,15,0.129911,0.092453,14.4836
2,15,4.3200,216,0,15,0.133693,0.093502,14.4836
2,15,4.3400,217,0,15,0.137601,0.094532,14.4836
2,15,4.3600,218,0,15,0.141657,0.095531,14.4836
2,15,4.3800,219,0,15,0.145841,0.096483,14.4836
2,15,4.4000,220,0,15,0.149963,0.097385,14.4836
2,15,4.4200,221,0,15,0.154042,0.098249,14.4836
2,15,4.4400,222,0,15,0.157926,0.099054,14.4836
2,15,4.4600,223,0,15,0.161510,0.099849,14.4836
2,15,4.4800,224,0,15,0.164971,0.100595,14.4836
2,15,4.5000,225,0,15,0.168082,0.101339,14.4836
2,15,4.5200,226,0,15,0.170847,0.102100,14.4836
2,15,4.5400,227,0,15,0.173180,0.102844,14.4836
2,15,4.5600,228,0,15,0.175054,0.103559,14.4836
2,15,4.5800,229,0,15,0.176492,0.104250,14.4836
2,15,4.6000,230,0,15,0.177530,0.104917,14.4836
2,15,4.6200,231,0,15,0.178292,0.105533,14.4836
2,15,4.6400,232,0,15,0.178789,0.106102,14.4836
2,15,4.6600,233,0,15,0.179019,0.106634,14.4836
2,15,4.6800,234,0,15,0.179128,0.107081,14.4836
2,15,4.7000,235,0,15,0.179119,0.107493,14.4836
2,15,4.7200,236,0,15,0.178969,0.107883,14.4836
2,15,4.7400,237,0,15,0.178807,0.108222,14.4836
2,15,4.7600,238,0,15,0.178705,0.108499,14.4836
2,15,4.7800,239,0,15,0.178687,0.108693,14.4835
2,15,4.8000,240,0,15,0.178662,0.108852,14.4835
2,15,4.8200,241,0,15,0.178711,0.108930,14.4835
2,15,4.8400,242,0,15,0.178807,0.108918,14.4835
2,15,4.8600,243,0,15,0.179151,0.108812,14.4835
2,15,4.8800,244,0,15,0.179647,0.108630,14.4835
2,15,4.9000,245,0,15,0.180104,0.108369,14.4834
2,15,4.9200,246,0,15,0.180399,0.108056,14.4834
2,15,4.9400,247,0,15,0.180710,0.107680,14.4834
2,15,4.9600,248,0,15,0.180966,0.107266,14.4834
2,15,4.9800,249,0,15,0.181096,0.106822,14.4834
2,15,5.0000,250,0,15,0.180918,0.106343,14.4833
2,15,5.0200,251,0,15,0.180366,0.105832,14.4833
2,15,5.0400,252,0,15,0.179417,0.105279,14.4833
2,15,5.0600,253,0,15,0.178119,0.104703,14.4833
2,15,5.0800,254,0,15,0.176390,0.104093,14.4832
2,15,5.1000,255,0,15,0.174623,0.103426,14.4832
2,15,5.1200,256,0,15,0.172398,0.102747,14.4832
2,15,5.1400,257,0,15,0.169798,0.102043,14.4832
2,15,5.1600,258,0,15,0.166877,0.101302,14.4831
2,15,5.1800,259,0,15,0.163741,0.100533,14.4831
2,15,5.2000,260,0,15,0.160366,0.099772,14.4831
2,15,5.2200,261,0,15,0.156874,0.098955,14.4831
2,15,5.2400,262,0,15,0.153206,0.098129,14.4830
2,15,5.2600,263,0,15,0.149542,0.097286,14.4830
2,15,5.2800,264,0,15,0.145866,0.096392,14.4830
2,15,5.3000,265,0,15,0.142183,0.095481,14.4830
2,15,5.3200,266,0,15,0.138697,0.094518,14.4829
2,15,5.3400,267,0,15,0.135328,0.093537,14.4829
2,15,5.3600,268,0,15,0.132084,0.092538,14.4829
2,15,5.3800,269,0,15,0.128980,0.091508,14.4829
2,15,5.4000,270,0,15,0.126043,0.090460,14.4828
2,15,5.4200,271,0,15,0.123253,0.089429,14.4828
2,15,5.4400,272,0,15,0.120515,0.088386,14.4828
2,15,5.4600,273,0,15,0.117976,0.087355,14.4828
2,15,5.4800,274,0,15,0.115534,0.086349,14.4827
2,15,5.5000,275,0,15,0.113307,0.085367,14.4827
2,15,5.5200,276,0,15,0.110737,0.084397,14.4827
2,15,5.5400,277,0,15,0.108386,0.083450,14.4827
2,15,5.5600,278,0,15,0.105974,0.082541,14.4826
2,15,5.5800,279,0,15,0.103479,0.081664,14.4826
2,15,5.6000,280,0,15,0.100731,0.080822,14.4826
2,15,5.6200,281,0,15,0.098088,0.080040,14.4826
2,15,5.6400,282,0,15,0.096277,0.079320,14.4826
2,15,5.6600,283,0,15,0.096352,0.078679,14.4826
2,15,5.6800,284,0,15,0.096352,0.078089,14.4825
2,15,5.7000,285,0,15,0.096312,0.077570,14.4825
2,15,5.7200,286,0,15,0.096314,0.077141,14.4825
2,15,5.7400,287,0,15,0.096313,0.076785,14.4825
2,15,5.7600,288,0,15,0.096300,0.076499,14.4825
2,15,5.7800,289,0,15,0.096310,0.076303,14.4825
2,15,5.8000,290,0,15,0.096370,0.076204,14.4825
2,15,5.8200,291,0,15,0.096414,0.076194,14.4825
2,15,5.8400,292,0,15,0.096423,0.076267,14.4825
2,15,5.8600,293,0,15,0.096466,0.076429,14.4825
2,15,5.8800,294,0,15,0.096530,0.076674,14.4825
2,15,5.9000,295,0,15,0.096575,0.076994,14.4825
2,15,5.9200,296,0,15,0.096617,0.077375,14.4825
2,15,5.9400,297,0,15,0.096688,0.077839,14.4825
2,15,5.9600,298,0,15,0.096806,0.078383,14.4825
2,15,5.9800,299,0,15,0.096959,0.078995,14.4825
2,15,6.0000,300,0,15,0.097231,0.079678,14.4825
2,15,6.0200,301,0,15,0.099538,0.080413,14.4825
2,15,6.0400,302,0,15,0.101937,0.081187,14.4825
2,15,6.0600,303,0,15,0.104045,0.082018,14.4825
2,15,6.0800,304,0,15,0.106309,0.082833,14.4826
2,15,6.1000,305,0,15,0.108601,0.083662,14.4826
2,15,6.1200,306,0,15,0.110932,0.084505,14.4826
2,15,6.1400,307,0,15,0.113332,0.085376,14.4826
2,15,6.1600,308,0,15,0.115876,0.086278,14.4826
2,15,6.1800,309,0,15,0.118510,0.087176,14.4826
2,15,6.2000,310,0,15,0.121408,0.088087,14.4826
2,15,6.2200,311,0,15,0.124409,0.089017,14.4827
2,15,6.2400,312,0,15,0.127325,0.089925,14.4827
2,15,6.2600,313,0,15,0.130595,0.090822,14.4827
2,15,6.2800,314,0,15,0.133872,0.091689,14.4827
2,15,6.3000,315,0,15,0.136891,0.092536,14.4827
2,15,6.3200,316,0,15,0.139794,0.093362,14.4828
2,15,6.3400,317,0,15,0.142534,0.094141,14.4828
2,15,6.3600,318,0,15,0.145339,0.094917,14.4828
2,15,6.3800,319,0,15,0.148132,0.095642,14.4828
2,15,6.4000,320,0,15,0.150853,0.096354,14.4828
2,15,6.4200,321,0,15,0.153819,0.097047,14.4829
2,15,6.4400,322,0,15,0.156516,0.097721,14.4829
2,15,6.4600,323,0,15,0.158646,0.098386,14.4829
2,15,6.4800,324,0,15,0.160452,0.099011,14.4829
2,15,6.5000,325,0,15,0.162108,0.099602,14.4829
2,15,6.5200,326,0,15,0.163451,0.100162,14.4830
2,15,6.5400,327,0,15,0.164481,0.100699,14.4830
2,15,6.5600,328,0,15,0.165220,0.101190,14.4830
2,15,6.5800,329,0,15,0.165793,0.101633,14.4830
2,15,6.6000,330,0,15,0.166252,0.102048,14.4830
2,15,6.6200,331,0,15,0.166711,0.102419,14.4831
2,15,6.6400,332,0,15,0.167215,0.102737,14.4831
2,15,6.6600,333,0,15,0.167723,0.103014,14.4831
2,15,6.6800,334,0,15,0.167964,0.103251,14.4831
2,15,6.7000,335,0,15,0.168082,0.103433,14.4831
2,15,6.7200,336,0,15,0.168045,0.103565,14.4831
2,15,6.7400,337,0,15,0.167893,0.103648,14.4832
2,15,6.7600,338,0,15,0.167707,0.103670,14.4832
2,15,6.7800,339,0,15,0.167533,0.103630,14.4832
2,15,6.8000,340,0,15,0.167323,0.103539,14.4832
2,15,6.8200,341,0,15,0.167133,0.103397,14.4832
2,15,6.8400,342,0,15,0.166935,0.103195,14.4832
2,15,6.8600,343,0,15,0.166738,0.102937,14.4832
2,15,6.8800,344,0,15,0.166519,0.102645,14.4833
2,15,6.9000,345,0,15,0.166143,0.102298,14.4833
2,15,6.9200,346,0,15,0.165500,0.101922,14.4833
2,15,6.9400,347,0,15,0.164617,0.101503,14.4833
2,15,6.9600,348,0,15,0.163461,0.101061,14.4833
2,15,6.9800,349,0,15,0.162129,0.100575,14.4833
2,15,7.0000,350,0,15,0.160593,0.100070,14.4833
2,15,7.0200,351,0,15,0.158885,0.099518,14.4833
2,15,7.0400,352,0,15,0.157060,0.098936,14.4833
2,15,7.0600,353,0,15,0.155064,0.098327,14.4833
2,15,7.0800,354,0,15,0.152870,0.097699,14.4833
2,15,7.1000,355,0,15,0.150491,0.097052,14.4833
2,15,7.1200,356,0,15,0.148075,0.096366,14.4834
2,15,7.1400,357,0,15,0.145419,0.095653,14.4834
2,15,7.1600,358,0,15,0.142608,0.094937,14.4834
2,15,7.1800,359,0,15,0.139774,0.094201,14.4834
2,15,7.2000,360,0,15,0.136888,0.093420,14.4834
2,15,7.2200,361,0,15,0.133967,0.092628,14.4834
2,15,7.2400,362,0,15,0.131102,0.091837,14.4834
2,15,7.2600,363,0,15,0.128211,0.091023,14.4834
2,15,7.2800,364,0,15,0.125474,0.090187,14.4834
2,15,7.3000,365,0,15,0.122768,0.089339,14.4834
2,15,7.3200,366,0,15,0.120078,0.088497,14.4834
2,15,7.3400,367,0,15,0.117478,0.087648,14.4834
2,15,7.3600,368,0,15,0.114888,0.086804,14.4834
2,15,7.3800,369,0,15,0.112361,0.085974,14.4834
2,15,7.4000,370,0,15,0.109875,0.085167,14.4834
2,15,7.4200,371,0,15,0.107506,0.084365,14.4834
2,15,7.4400,372,0,15,0.105123,0.083584,14.4834
2,15,7.4600,373,0,15,0.102852,0.082836,14.4834
2,15,7.4800,374,0,15,0.102400,0.082106,14.4834
2,15,7.5000,375,0,15,0.102430,0.081426,14.4834
2,15,7.5200,376,0,15,0.102453,0.080788,14.4834
2,15,7.5400,377,0,15,0.102477,0.080200,14.4834
2,15,7.5600,378,0,15,0.102522,0.079664,14.4834
2,15,7.5800,379,0,15,0.102522,0.079162,14.4834
2,15,7.6000,380,0,15,0.102608,0.078730,14.4834
2,15,7.6200,381,0,15,0.102633,0.078353,14.4834
2,15,7.6400,382,0,15,0.102598,0.078031,14.4834
2,15,7.6600,383,0,15,0.102634,0.077773,14.4834
2,15,7.6800,384,0,15,0.102616,0.077602,14.4834
2,15,7.7000,385,0,15,0.102650,0.077497,14.4834
2,15,7.7200,386,0,15,0.102620,0.077457,14.4834
2,15,7.7400,387,0,15,0.102626,0.077486,14.4834
2,15,7.7600,388,0,15,0.102613,0.077583,14.4834
2,15,7.7800,389,0,15,0.102616,0.077757,14.4835
2,15,7.8000,390,0,15,0.102632,0.077990,14.4835
2,15,7.8200,391,0,15,0.102575,0.078275,14.4835
2,15,7.8400,392,0,15,0.102562,0.078618,14.4835
2,15,7.8600,393,0,15,0.102543,0.079024,14.4835
2,15,7.8800,394,0,15,0.102527,0.079468,14.4835
2,15,7.9000,395,0,15,0.102478,0.079958,14.4835
2,15,7.9200,396,0,15,0.102474,0.080497,14.4835
2,15,7.9400,397,0,15,0.102406,0.081069,14.4835
2,15,7.9600,398,0,15,0.102411,0.081692,14.4835
2,15,7.9800,399,0,15,0.102356,0.082332,14.4835
2,15,8.0000,400,0,15,0.103697,0.083013,14.4835
2,15,8.0200,401,0,15,0.105853,0.083696,14.4835
2,15,8.0400,402,0,15,0.108065,0.084406,14.4835
2,15,8.0600,403,0,15,0.110338,0.085143,14.4835
2,15,8.0800,404,0,15,0.112653,0.085876,14.4835
2,15,8.1000,405,0,15,0.114966,0.086602,14.4835
2,15,8.1200,406,0,15,0.117346,0.087333,14.4836
2,15,8.1400,407,0,15,0.119782,0.088063,14.4836
2,15,8.1600,408,0,15,0.122183,0.088794,14.4836
2,15,8.1800,409,0,15,0.124639,0.089517,14.4836
2,15,8.2000,410,0,15,0.127100,0.090230,14.4836
2,15,8.2200,411,0,15,0.129517,0.090916,14.4836
2,15,8.2400,412,0,15,0.131886,0.091576,14.4836
2,15,8.2600,413,0,15,0.134160,0.092214,14.4836
2,15,8.2800,414,0,15,0.136399,0.092842,14.4836
2,15,8.3000,415,0,15,0.138577,0.093443,14.4836
2,15,8.3200,416,0,15,0.140588,0.094042,14.4836
2,15,8.3400,417,0,15,0.142544,0.094591,14.4836
2,15,8.3600,418,0,15,0.144303,0.095111,14.4836
2,15,8.3800,419,0,15,0.145902,0.095617,14.4836
2,15,8.4000,420,0,15,0.147374,0.096085,14.4836
2,15,8.4200,421,0,15,0.148702,0.096514,14.4836
2,15,8.4400,422,0,15,0.149846,0.096911,14.4836
2,15,8.4600,423,0,15,0.150815,0.097282,14.4836
2,15,8.4800,424,0,15,0.151671,0.097622,14.4836
2,15,8.5000,425,0,15,0.152364,0.097913,14.4836
2,15,8.5200,426,0,15,0.152919,0.098163,14.4836
2,15,8.5400,427,0,15,0.153391,0.098382,14.4836
2,15,8.5600,428,0,15,0.153783,0.098569,14.4836
2,15,8.5800,429,0,15,0.153972,0.098701,14.4836
2,15,8.6000,430,0,15,0.154189,0.098812,14.4835
2,15,8.6200,431,0,15,0.154307,0.098882,14.4835
2,15,8.6400,432,0,15,0.154310,0.098905,14.4835
2,15,8.6600,433,0,15,0.154285,0.098877,14.4835
2,15,8.6800,434,0,15,0.154080,0.098801,14.4835
2,15,8.7000,435,0,15,0.153836,0.098669,14.4835
2,15,8.7200,436,0,15,0.153512,0.098503,14.4835
2,15,8.7400,437,0,15,0.153092,0.098316,14.4835
2,15,8.7600,438,0,15,0.152651,0.098074,14.4835
2,15,8.7800,439,0,15,0.152090,0.097807,14.4834
2,15,8.8000,440,0,15,0.151394,0.097503,14.4834
2,15,8.8200,441,0,15,0.150548,0.097160,14.4834
2,15,8.8400,442,0,15,0.149594,0.096771,14.4834
2,15,8.8600,443,0,15,0.148501,0.096356,14.4834
2,15,8.8800,444,0,15,0.147404,0.095909,14.4834
2,15,8.9000,445,0,15,0.146080,0.095439,14.4834
2,15,8.9200,446,0,15,0.144592,0.094927,14.4833
2,15,8.9400,447,0,15,0.142954,0.094381,14.4833
2,15,8.9600,448,0,15,0.141137,0.093818,14.4833
2,15,8.9800,449,0,15,0.139170,0.093246,14.4833
2,15,9.0000,450,0,15,0.137171,0.092626,14.4833
2,15,9.0200,451,0,15,0.135115,0.092010,14.4833
2,15,9.0400,452,0,15,0.132848,0.091376,14.4832
2,15,9.0600,453,0,15,0.130562,0.090713,14.4832
2,15,9.0800,454,0,15,0.128342,0.090045,14.4832
2,15,9.1000,455,0,15,0.126078,0.089361,14.4832
2,15,9.1200,456,0,15,0.123792,0.088655,14.4832
2,15,9.1400,457,0,15,0.121444,0.087944,14.4832
2,15,9.1600,458,0,15,0.119100,0.087214,14.4831
2,15,9.1800,459,0,15,0.116716,0.086473,14.4831
2,15,9.2000,460,0,15,0.114297,0.085749,14.4831
2,15,9.2200,461,0,15,0.111938,0.085017,14.4831
2,15,9.2400,462,0,15,0.109613,0.084296,14.4831
2,15,9.2600,463,0,15,0.107330,0.083593,14.4830
2,15,9.2800,464,0,15,0.105195,0.082904,14.4830
2,15,9.3000,465,0,15,0.103083,0.082233,14.4830
2,15,9.3200,466,0,15,0.101094,0.081592,14.4830
2,15,9.3400,467,0,15,0.099214,0.080960,14.4830
2,15,9.3600,468,0,15,0.097342,0.080340,14.4830
2,15,9.3800,469,0,15,0.096376,0.079766,14.4830
2,15,9.4000,470,0,15,0.096378,0.079224,14.4830
2,15,9.4200,471,0,15,0.096365,0.078710,14.4829
2,15,9.4400,472,0,15,0.096420,0.078241,14.4829
2,15,9.4600,473,0,15,0.096405,0.077815,14.4829
2,15,9.4800,474,0,15,0.096393,0.077441,14.4829
2,15,9.5000,475,0,15,0.096441,0.077130,14.4829
2,15,9.5200,476,0,15,0.096486,0.076859,14.4829
2,15,9.5400,477,0,15,0.096492,0.076642,14.4829
2,15,9.5600,478,0,15,0.096531,0.076487,14.4829
2,15,9.5800,479,0,15,0.096530,0.076374,14.4829
2,15,9.6000,480,0,15,0.096529,0.076323,14.4829
2,15,9.6200,481,0,15,0.096595,0.076332,14.4829
2,15,9.6400,482,0,15,0.096586,0.076378,14.4829
2,15,9.6600,483,0,15,0.096670,0.076488,14.4829
2,15,9.6800,484,0,15,0.096737,0.076649,14.4829
2,15,9.7000,485,0,15,0.096793,0.076857,14.4829
2,15,9.7200,486,0,15,0.096837,0.077119,14.4829
2,15,9.7400,487,0,15,0.096920,0.077434,14.4829
2,15,9.7600,488,0,15,0.096994,0.077806,14.4829
2,15,9.7800,489,0,15,0.097079,0.078220,14.4829
2,15,9.8000,490,0,15,0.097179,0.078682,14.4829
2,15,9.8200,491,0,15,0.097271,0.079172,14.4829
2,15,9.8400,492,0,15,0.097342,0.079681,14.4829
2,15,9.8600,493,0,15,0.097728,0.080217,14.4829
2,15,9.8800,494,0,15,0.099561,0.080765,14.4829
2,15,9.9000,495,0,15,0.101392,0.081328,14.4829
2,15,9.9200,496,0,15,0.103328,0.081905,14.4829
2,15,9.9400,497,0,15,0.105362,0.082502,14.4829
2,15,9.9600,498,0,15,0.107396,0.083121,14.4829
2,15,9.9800,499,0,15,0.109266,0.083755,14.4829
2,15,10.0000,500,0,15,0.111215,0.084371,14.4829
2,15,10.0200,501,0,15,0.113419,0.085004,14.4829
2,15,10.0400,502,0,15,0.115537,0.085630,14.4829
2,15,10.0600,503,0,15,0.117419,0.086256,14.4830
2,15,10.0800,504,0,15,0.119417,0.086872,14.4830
2,15,10.1000,505,0,15,0.121204,0.087462,14.4830
2,15,10.1200,506,0,15,0.123167,0.088044,14.4830
2,15,10.1400,507,0,15,0.125257,0.088588,14.4830
2,15,10.1600,508,0,15,0.127183,0.089122,14.4830
2,15,10.1800,509,0,15,0.129109,0.089664,14.4830
2,15,10.2000,510,0,15,0.130969,0.090169,14.4830
2,15,10.2200,511,0,15,0.132564,0.090661,14.4830
2,15,10.2400,512,0,15,0.134127,0.091119,14.4831
2,15,10.2600,513,0,15,0.135495,0.091570,14.4831
2,15,10.2800,514,0,15,0.136761,0.091982,14.4831
2,15,10.3001,515,0,15,0.137793,0.092365,14.4831
2,15,10.3201,516,0,15,0.138691,0.092727,14.4831
2,15,10.3401,517,0,15,0.139454,0.093070,14.4831
2,15,10.3601,518,0,15,0.140188,0.093362,14.4831
2,15,10.3801,519,0,15,0.140851,0.093623,14.4831
2,15,10.4001,520,0,15,0.141406,0.093874,14.4831
2,15,10.4201,521,0,15,0.141898,0.094089,14.4832
2,15,10.4401,522,0,15,0.142276,0.094262,14.4832
2,15,10.4601,523,0,15,0.142542,0.094402,14.4832
2,15,10.4801,524,0,15,0.142612,0.094521,14.4832
2,15,10.5001,525,0,15,0.142583,0.094600,14.4832
2,15,10.5201,526,0,15,0.142453,0.094615,14.4832
2,15,10.5401,527,0,15,0.142198,0.094603,14.4832
2,15,10.5601,528,0,15,0.141881,0.094571,14.4832
2,15,10.5801,529,0,15,0.141555,0.094493,14.4832
2,15,10.6001,530,0,15,0.141225,0.094376,14.4832
2,15,10.6201,531,0,15,0.140824,0.094230,14.4832
2,15,10.6401,532,0,15,0.140405,0.094048,14.4832
2,15,10.6601,533,0,15,0.139921,0.093827,14.4833
2,15,10.6801,534,0,15,0.139366,0.093580,14.4833
2,15,10.7001,535,0,15,0.138654,0.093305,14.4833
2,15,10.7201,536,0,15,0.137815,0.092988,14.4833
2,15,10.7401,537,0,15,0.136831,0.092642,14.4833
2,15,10.7601,538,0,15,0.135638,0.092293,14.4833
2,15,10.7801,539,0,15,0.134416,0.091880,14.4833
2,15,10.8001,540,0,15,0.133098,0.091464,14.4833
2,15,10.8201,541,0,15,0.131719,0.091035,14.4833
2,15,10.8401,542,0,15,0.130292,0.090568,14.4833
2,15,10.8601,543,0,15,0.128695,0.090082,14.4833
2,15,10.8801,544,0,15,0.127077,0.089585,14.4833
2,15,10.9001,545,0,15,0.125281,0.089072,14.4833
2,15,10.9201,546,0,15,0.123463,0.088537,14.4833
2,15,10.9401,547,0,15,0.121463,0.087996,14.4833
2,15,10.9601,548,0,15,0.119403,0.087441,14.4833
2,15,10.9801,549,0,15,0.117316,0.086869,14.4833
2,15,11.0001,550,0,15,0.115124,0.086315,14.4833
2,15,11.0201,551,0,15,0.113054,0.085739,14.4833
2,15,11.0401,552,0,15,0.110961,0.085162,14.4833
2,15,11.0601,553,0,15,0.108906,0.084578,14.4833
2,15,11.0801,554,0,15,0.106839,0.083989,14.4833
2,15,11.1001,555,0,15,0.104856,0.083408,14.4833
2,15,11.1201,556,0,15,0.102874,0.082825,14.4833
2,15,11.1401,557,0,15,0.101872,0.082250,14.4833
2,15,11.1601,558,0,15,0.101904,0.081707,14.4833
2,15,11.1801,559,0,15,0.101954,0.081186,14.4833
2,15,11.2001,560,0,15,0.101973,0.080679,14.4833
2,15,11.2201,561,0,15,0.101987,0.080207,14.4833
2,15,11.2401,562,0,15,0.102046,0.079765,14.4833
2,15,11.2601,563,0,15,0.102059,0.079325,14.4833
2,15,11.2801,564,0,15,0.102070,0.078913,14.4833
2,15,11.3001,565,0,15,0.102067,0.078528,14.4833
2,15,11.3201,566,0,15,0.102083,0.078177,14.4833
2,15,11.3401,567,0,15,0.102086,0.077868,14.4833
2,15,11.3601,568,0,15,0.102102,0.077613,14.4833
2,15,11.3801,569,0,15,0.102129,0.077408,14.4833
2,15,11.4001,570,0,15,0.102157,0.077248,14.4833
2,15,11.4201,571,0,15,0.102159,0.077130,14.4833
2,15,11.4401,572,0,15,0.102157,0.077052,14.4833
2,15,11.4601,573,0,15,0.102160,0.077026,14.4833
2,15,11.4801,574,0,15,0.102184,0.077043,14.4834
2,15,11.5001,575,0,15,0.102185,0.077100,14.4834
2,15,11.5201,576,0,15,0.102163,0.077202,14.4834
2,15,11.5401,577,0,15,0.102178,0.077355,14.4834
2,15,11.5601,578,0,15,0.102148,0.077554,14.4834
2,15,11.5801,579,0,15,0.102231,0.077806,14.4834
2,15,11.6001,580,0,15,0.102196,0.078084,14.4834
2,15,11.6201,581,0,15,0.102158,0.078396,14.4834
2,15,11.6401,582,0,15,0.102140,0.078746,14.4834
2,15,11.6601,583,0,15,0.102133,0.079133,14.4834
2,15,11.6801,584,0,15,0.102132,0.079542,14.4834
2,15,11.7001,585,0,15,0.102045,0.079961,14.4834
2,15,11.7201,586,0,15,0.102032,0.080416,14.4834
2,15,11.7401,587,0,15,0.102019,0.080894,14.4834
2,15,11.7601,588,0,15,0.101947,0.081371,14.4834
2,15,11.7801,589,0,15,0.101919,0.081871,14.4834
2,15,11.8001,590,0,15,0.102153,0.082375,14.4834
2,15,11.8201,591,0,15,0.103846,0.082888,14.4834
2,15,11.8401,592,0,15,0.105562,0.083420,14.4834
2,15,11.8601,593,0,15,0.107228,0.083957,14.4834
2,15,11.8801,594,0,15,0.108932,0.084494,14.4834
2,15,11.9001,595,0,15,0.110570,0.085015,14.4834
2,15,11.9201,596,0,15,0.112259,0.085538,14.4834
2,15,11.9401,597,0,15,0.113889,0.086055,14.4834
2,15,11.9601,598,0,15,0.115503,0.086562,14.4834
2,15,11.9801,599,0,15,0.117128,0.087048,14.4834
2,15,12.0001,600,0,15,0.118655,0.087524,14.4834
2,15,12.0201,601,0,15,0.120192,0.087977,14.4835
2,15,12.0401,602,0,15,0.121732,0.088419,14.4835
2,15,12.0601,603,0,15,0.123156,0.088859,14.4835
2,15,12.0801,604,0,15,0.124575,0.089269,14.4835
2,15,12.1001,605,0,15,0.125963,0.089638,14.4835
2,15,12.1201,606,0,15,0.127261,0.089995,14.4835
2,15,12.1401,607,0,15,0.128444,0.090341,14.4835
2,15,12.1601,608,0,15,0.129535,0.090664,14.4835
2,15,12.1801,609,0,15,0.130577,0.090927,14.4835
2,15,12.2001,610,0,15,0.131559,0.091173,14.4835
2,15,12.2201,611,0,15,0.132336,0.091411,14.4835
2,15,12.2401,612,0,15,0.132998,0.091612,14.4835
2,15,12.2601,613,0,15,0.133601,0.091761,14.4835
2,15,12.2801,614,0,15,0.134080,0.091910,14.4834
2,15,12.3001,615,0,15,0.134392,0.092030,14.4834
2,15,12.3201,616,0,15,0.134606,0.092116,14.4834
2,15,12.3401,617,0,15,0.134746,0.092157,14.4834
2,15,12.3601,618,0,15,0.134801,0.092168,14.4834
2,15,12.3801,619,0,15,0.134593,0.092172,14.4834
2,15,12.4001,620,0,15,0.134373,0.092125,14.4834
2,15,12.4201,621,0,15,0.134106,0.092035,14.4834
2,15,12.4401,622,0,15,0.133731,0.091923,14.4834
2,15,12.4601,623,0,15,0.133202,0.091799,14.4834
2,15,12.4801,624,0,15,0.132647,0.091645,14.4834
2,15,12.5001,625,0,15,0.131994,0.091450,14.4834
2,15,12.5201,626,0,15,0.131293,0.091236,14.4834
2,15,12.5401,627,0,15,0.130556,0.090988,14.4834
2,15,12.5601,628,0,15,0.129711,0.090711,14.4834
2,15,12.5801,629,0,15,0.128795,0.090405,14.4834
2,15,12.6001,630,0,15,0.127773,0.090064,14.4834
2,15,12.6201,631,0,15,0.126703,0.089705,14.4833
2,15,12.6401,632,0,15,0.125568,0.089306,14.4833
2,15,12.6601,633,0,15,0.124359,0.088877,14.4833
2,15,12.6801,634,0,15,0.123094,0.088452,14.4833
2,15,12.7001,635,0,15,0.121827,0.088011,14.4833
2,15,12.7201,636,0,15,0.120497,0.087565,14.4833
2,15,12.7401,637,0,15,0.119073,0.087103,14.4833
2,15,12.7601,638,0,15,0.117546,0.086604,14.4833
2,15,12.7801,639,0,15,0.115975,0.086096,14.4833
2,15,12.8001,640,0,15,0.114323,0.085592,14.4833
2,15,12.8201,641,0,15,0.112651,0.085062,14.4832
2,15,12.8401,642,0,15,0.110913,0.084519,14.4832
2,15,12.8601,643,0,15,0.109186,0.083971,14.4832
2,15,12.8801,644,0,15,0.107299,0.083435,14.4832
2,15,12.9001,645,0,15,0.105528,0.082894,14.4832
2,15,12.9201,646,0,15,0.103675,0.082358,14.4832
2,15,12.9401,647,0,15,0.101908,0.081832,14.4832
2,15,12.9601,648,0,15,0.100081,0.081321,14.4832
2,15,12.9801,649,0,15,0.098348,0.080809,14.4832
2,15,13.0001,650,0,15,0.096831,0.080309,14.4832
2,15,13.0201,651,0,15,0.096796,0.079826,14.4832
2,15,13.0401,652,0,15,0.096775,0.079359,14.4831
2,15,13.0601,653,0,15,0.096734,0.078917,14.4831
2,15,13.0801,654,0,15,0.096755,0.078494,14.4831
2,15,13.1001,655,0,15,0.096693,0.078091,14.4831
2,15,13.1201,656,0,15,0.096676,0.077720,14.4831
2,15,13.1401,657,0,15,0.096714,0.077389,14.4831
2,15,13.1601,658,0,15,0.096731,0.077086,14.4831
2,15,13.1801,659,0,15,0.096684,0.076803,14.4831
2,15,13.2001,660,0,15,0.096723,0.076570,14.4831
2,15,13.2201,661,0,15,0.096796,0.076390,14.4831
2,15,13.2401,662,0,15,0.096756,0.076224,14.4831
2,15,13.2601,663,0,15,0.096834,0.076114,14.4831
2,15,13.2801,664,0,15,0.096837,0.076034,14.4831
2,15,13.3001,665,0,15,0.096838,0.076000,14.4831
2,15,13.3201,666,0,15,0.096805,0.075982,14.4831
2,15,13.3401,667,0,15,0.096848,0.076045,14.4831
2,15,13.3601,668,0,15,0.096995,0.076150,14.4831
2,15,13.3801,669,15,0,0.000000,0.000000,14.4831
3,15,0.0200,1,0,15,0.000000,0.000000,14.5000
3,15,0.0400,2,0,15,0.196200,0.127960,14.4961
3,15,0.0600,3,0,15,0.356105,0.188211,14.4884
3,15,0.0800,4,0,15,0.338624,0.182377,14.4795
3,15,0.1000,5,0,15,0.194663,0.114369,14.4727
3,15,0.1200,6,0,15,0.076492,0.042104,14.4695
3,15,0.1400,7,0,15,0.209810,0.156276,14.4701
3,15,0.1600,8,0,15,0.364473,0.254016,14.4742
3,15,0.1800,9,0,15,0.441821,0.297996,14.4808
3,15,0.2000,10,0,15,0.412602,0.281296,14.4876
3,15,0.2200,11,0,15,0.298104,0.211579,14.4928
3,15,0.2400,12,0,15,0.145510,0.112276,14.4951
3,15,0.2600,13,0,15,0.073476,0.043899,14.4942
3,15,0.2800,14,0,15,0.167824,0.086813,14.4904
3,15,0.3000,15,0,15,0.215941,0.116822,14.4849
3,15,0.3200,16,0,15,0.189818,0.103734,14.4795
3,15,0.3400,17,0,15,0.118052,0.065786,14.4756
3,15,0.3600,18,0,15,0.118655,0.086741,14.4741
3,15,0.3800,19,0,15,0.216896,0.158596,14.4753
3,15,0.4000,20,0,15,0.298467,0.212803,14.4787
3,15,0.4200,21,0,15,0.325954,0.230396,14.4832
3,15,0.4400,22,0,15,0.293084,0.208525,14.4875
3,15,0.4600,23,0,15,0.215463,0.157205,14.4904
3,15,0.4800,24,0,15,0.132073,0.098906,14.4913
3,15,0.5000,25,0,15,0.115974,0.070639,14.4900
3,15,0.5200,26,0,15,0.157135,0.080155,14.4870
3,15,0.5400,27,0,15,0.178884,0.086624,14.4833
3,15,0.5600,28,0,15,0.171729,0.078429,14.4800
3,15,0.5800,29,0,15,0.166752,0.079986,14.4778
3,15,0.6000,30,0,15,0.197513,0.114568,14.4774
3,15,0.6200,31,0,15,0.248415,0.157058,14.4787
3,15,0.6400,32,0,15,0.285648,0.184916,14.4812
3,15,0.6600,33,0,15,0.291528,0.188465,14.4842
3,15,0.6800,34,0,15,0.267363,0.168252,14.4869
3,15,0.7000,35,0,15,0.229662,0.133559,14.4884
3,15,0.7200,36,0,15,0.202662,0.099730,14.4886
3,15,0.7400,37,0,15,0.198966,0.081931,14.4873
3,15,0.7600,38,0,15,0.204926,0.080435,14.4851
3,15,0.7800,39,0,15,0.204296,0.082310,14.4827
3,15,0.8000,40,0,15,0.197683,0.086716,14.4806
3,15,0.8200,41,0,15,0.198787,0.102332,14.4795
3,15,0.8400,42,0,15,0.215860,0.127759,14.4796
3,15,0.8600,43,0,15,0.238805,0.151764,14.4807
3,15,0.8800,44,0,15,0.251725,0.164443,14.4825
3,15,0.9000,45,0,15,0.246133,0.161819,14.4845
3,15,0.9200,46,0,15,0.224694,0.146215,14.4860
3,15,0.9400,47,0,15,0.198227,0.124924,14.4868
3,15,0.9600,48,0,15,0.179417,0.106996,14.4865
3,15,0.9800,49,0,15,0.172511,0.097654,14.4855
3,15,1.0000,50,0,15,0.171539,0.095068,14.4839
3,15,1.0200,51,0,15,0.171467,0.096071,14.4823
3,15,1.0400,52,0,15,0.174993,0.101746,14.4811
3,15,1.0600,53,0,15,0.187384,0.113805,14.4806
3,15,1.0800,54,0,15,0.206930,0.129208,14.4808
3,15,1.1000,55,0,15,0.225235,0.141587,14.4817
3,15,1.1200,56,0,15,0.234431,0.145881,14.4830
3,15,1.1400,57,0,15,0.231761,0.140595,14.4842
3,15,1.1600,58,0,15,0.220582,0.127958,14.4851
3,15,1.1800,59,0,15,0.207437,0.112702,14.4854
3,15,1.2000,60,0,15,0.197430,0.099673,14.4850
3,15,1.2200,61,0,15,0.192223,0.091747,14.4842
3,15,1.2400,62,0,15,0.189569,0.089094,14.4831
3,15,1.2600,63,0,15,0.188484,0.091263,14.4821
3,15,1.2800,64,0,15,0.190411,0.098165,14.4814
3,15,1.3000,65,0,15,0.196352,0.108440,14.4811
3,15,1.3200,66,0,15,0.203695,0.118773,14.4814
3,15,1.3400,67,0,15,0.207854,0.125416,14.4821
3,15,1.3600,68,0,15,0.204931,0.125981,14.4829
3,15,1.3800,69,0,15,0.193611,0.120321,14.4837
3,15,1.4000,70,0,15,0.176599,0.110452,14.4841
3,15,1.4200,71,0,15,0.158361,0.099544,14.4842
3,15,1.4400,72,0,15,0.142776,0.090622,14.4838
3,15,1.4600,73,0,15,0.131441,0.085317,14.4832
3,15,1.4800,74,0,15,0.124680,0.083934,14.4824
3,15,1.5000,75,0,15,0.122975,0.086299,14.4818
3,15,1.5200,76,0,15,0.126406,0.091796,14.4814
3,15,1.5400,77,0,15,0.133531,0.098847,14.4814
3,15,1.5600,78,0,15,0.140753,0.104923,14.4817
3,15,1.5800,79,0,15,0.144107,0.107622,14.4821
3,15,1.6000,80,0,15,0.141278,0.105709,14.4827
3,15,1.6200,81,0,15,0.132691,0.099691,14.4831
3,15,1.6400,82,0,15,0.120487,0.091189,14.4834
3,15,1.6600,83,0,15,0.108371,0.082414,14.4833
3,15,1.6800,84,0,15,0.099219,0.075473,14.4830
3,15,1.7000,85,0,15,0.094551,0.071726,14.4825
3,15,1.7200,86,0,15,0.094200,0.071658,14.4820
3,15,1.7400,87,0,15,0.097590,0.074937,14.4816
3,15,1.7600,88,0,15,0.103508,0.080371,14.4815
3,15,1.7800,89,0,15,0.109782,0.086090,14.4815
3,15,1.8000,90,0,15,0.113835,0.090164,14.4818
3,15,1.8200,91,0,15,0.113468,0.091276,14.4821
3,15,1.8400,92,0,15,0.108164,0.089086,14.4825
3,15,1.8600,93,0,15,0.102707,0.084213,14.4827
3,15,1.8800,94,0,15,0.097973,0.078071,14.4828
3,15,1.9000,95,0,15,0.093561,0.072349,14.4827
3,15,1.9200,96,0,15,0.090642,0.068599,14.4824
3,15,1.9400,97,0,15,0.089882,0.067710,14.4821
3,15,1.9600,98,0,15,0.091457,0.069707,14.4818
3,15,1.9800,99,0,15,0.094396,0.073860,14.4816
3,15,2.0000,100,0,15,0.098067,0.078873,14.4816
3,15,2.0200,101,0,15,0.101208,0.083322,14.4817
3,15,2.0400,102,0,15,0.103168,0.086130,14.4820
3,15,2.0600,103,0,15,0.105423,0.086741,14.4822
3,15,2.0800,104,0,15,0.105590,0.085344,14.4825
3,15,2.1000,105,0,15,0.103902,0.082687,14.4826
3,15,2.1200,106,0,15,0.101791,0.079880,14.4826
3,15,2.1400,107,0,15,0.100598,0.077918,14.4825
3,15,2.1600,108,0,15,0.101447,0.077516,14.4823
3,15,2.1800,109,0,15,0.104078,0.078861,14.4822
3,15,2.2000,110,0,15,0.108411,0.081680,14.4820
3,15,2.2200,111,0,15,0.113909,0.085367,14.4820
3,15,2.2400,112,0,15,0.119601,0.089185,14.4820
3,15,2.2600,113,0,15,0.124329,0.092392,14.4821
3,15,2.2800,114,0,15,0.128177,0.094472,14.4823
3,15,2.3000,115,0,15,0.130147,0.095283,14.4825
3,15,2.3200,116,0,15,0.131218,0.095094,14.4827
3,15,2.3400,117,0,15,0.131363,0.094401,14.4827
3,15,2.3600,118,0,15,0.132204,0.093789,14.4827
3,15,2.3800,119,0,15,0.134453,0.093704,14.4827
3,15,2.4000,120,0,15,0.138353,0.094354,14.4826
3,15,2.4200,121,0,15,0.143608,0.095850,14.4825
3,15,2.4400,122,0,15,0.149699,0.098004,14.4824
3,15,2.4600,123,0,15,0.156217,0.100458,14.4824
3,15,2.4800,124,0,15,0.162922,0.102770,14.4825
3,15,2.5000,125,0,15,0.168983,0.104591,14.4826
3,15,2.5200,126,0,15,0.174032,0.105713,14.4827
3,15,2.5400,127,0,15,0.177833,0.106098,14.4829
3,15,2.5600,128,0,15,0.180523,0.105938,14.4830
3,15,2.5800,129,0,15,0.182567,0.105548,14.4830
3,15,2.6000,130,0,15,0.184669,0.105266,14.4830
3,15,2.6200,131,0,15,0.186726,0.105363,14.4830
3,15,2.6400,132,0,15,0.189056,0.105960,14.4829
3,15,2.6600,133,0,15,0.191201,0.107047,14.4829
3,15,2.6800,134,0,15,0.193017,0.108475,14.4828
3,15,2.7000,135,0,15,0.194721,0.110033,14.4829
3,15,2.7200,136,0,15,0.195640,0.111455,14.4829
3,15,2.7400,137,0,15,0.195847,0.112495,14.4830
3,15,2.7600,138,0,15,0.195347,0.113078,14.4831
3,15,2.7800,139,0,15,0.194165,0.113197,14.4832
3,15,2.8000,140,0,15,0.192635,0.113019,14.4833
3,15,2.8200,141,0,15,0.191246,0.112694,14.4833
3,15,2.8400,142,0,15,0.190241,0.112427,14.4833
3,15,2.8600,143,0,15,0.189868,0.112378,14.4832
3,15,2.8800,144,0,15,0.189828,0.112556,14.4832
3,15,2.9000,145,0,15,0.190282,0.112966,14.4832
3,15,2.9200,146,0,15,0.190967,0.113442,14.4832
3,15,2.9400,147,0,15,0.191858,0.113875,14.4832
3,15,2.9600,148,0,15,0.192784,0.114098,14.4833
3,15,2.9800,149,0,15,0.193483,0.113993,14.4833
3,15,3.0000,150,0,15,0.193827,0.113547,14.4834
3,15,3.0200,151,0,15,0.193926,0.112784,14.4834
3,15,3.0400,152,0,15,0.193875,0.111795,14.4835
3,15,3.0600,153,0,15,0.193687,0.110774,14.4835
3,15,3.0800,154,0,15,0.193364,0.109841,14.4835
3,15,3.1000,155,0,15,0.192932,0.109065,14.4834
3,15,3.1200,156,0,15,0.192220,0.108500,14.4834
3,15,3.1400,157,0,15,0.191160,0.108112,14.4834
3,15,3.1600,158,0,15,0.189686,0.107817,14.4834
3,15,3.1800,159,0,15,0.187640,0.107507,14.4834
3,15,3.2000,160,0,15,0.185080,0.107051,14.4834
3,15,3.2200,161,0,15,0.181868,0.106391,14.4835
3,15,3.2400,162,0,15,0.178150,0.105515,14.4835
3,15,3.2600,163,0,15,0.173949,0.104450,14.4835
3,15,3.2800,164,0,15,0.169465,0.103284,14.4835
3,15,3.3000,165,0,15,0.164732,0.102142,14.4835
3,15,3.3200,166,0,15,0.160255,0.101053,14.4835
3,15,3.3400,167,0,15,0.155754,0.100066,14.4835
3,15,3.3600,168,0,15,0.151516,0.099216,14.4835
3,15,3.3800,169,0,15,0.147674,0.098474,14.4834
3,15,3.4000,170,0,15,0.143964,0.097716,14.4834
3,15,3.4200,171,0,15,0.140431,0.096925,14.4835
3,15,3.4400,172,0,15,0.136929,0.095993,14.4835
3,15,3.4600,173,0,15,0.133575,0.094896,14.4835
3,15,3.4800,174,0,15,0.130367,0.093607,14.4835
3,15,3.5000,175,0,15,0.127150,0.092195,14.4835
3,15,3.5200,176,0,15,0.124151,0.090742,14.4835
3,15,3.5400,177,0,15,0.121317,0.089323,14.4835
3,15,3.5600,178,0,15,0.118619,0.088027,14.4835
3,15,3.5800,179,0,15,0.116190,0.086891,14.4835
3,15,3.6000,180,0,15,0.113837,0.085931,14.4835
3,15,3.6200,181,0,15,0.111475,0.085132,14.4835
3,15,3.6400,182,0,15,0.109097,0.084371,14.4835
3,15,3.6600,183,0,15,0.106552,0.083635,14.4835
3,15,3.6800,184,0,15,0.104042,0.082879,14.4835
3,15,3.7000,185,0,15,0.104135,0.082065,14.4835
3,15,3.7200,186,0,15,0.104092,0.081197,14.4835
3,15,3.7400,187,0,15,0.104061,0.080340,14.4835
3,15,3.7600,188,0,15,0.103972,0.079537,14.4835
3,15,3.7800,189,0,15,0.103926,0.078856,14.4835
3,15,3.8000,190,0,15,0.103884,0.078338,14.4835
3,15,3.8200,191,0,15,0.103934,0.077980,14.4835
3,15,3.8400,192,0,15,0.104009,0.077838,14.4835
3,15,3.8600,193,0,15,0.104109,0.077857,14.4835
3,15,3.8800,194,0,15,0.104175,0.077988,14.4835
3,15,3.9000,195,0,15,0.104250,0.078191,14.4835
3,15,3.9200,196,0,15,0.104224,0.078424,14.4835
3,15,3.9400,197,0,15,0.104184,0.078700,14.4835
3,15,3.9600,198,0,15,0.104106,0.078934,14.4835
3,15,3.9800,199,0,15,0.103952,0.079262,14.4835
3,15,4.0000,200,0,15,0.103871,0.079642,14.4835
3,15,4.0200,201,0,15,0.103818,0.080124,14.4835
3,15,4.0400,202,0,15,0.103754,0.080732,14.4835
3,15,4.0600,203,0,15,0.103846,0.081483,14.4835
3,15,4.0800,204,0,15,0.103903,0.082321,14.4835
3,15,4.1000,205,0,15,0.104005,0.083245,14.4835
3,15,4.1200,206,0,15,0.106019,0.084223,14.4836
3,15,4.1400,207,0,15,0.108452,0.085212,14.4836
3,15,4.1600,208,0,15,0.110881,0.086204,14.4836
3,15,4.1800,209,0,15,0.113353,0.087193,14.4836
3,15,4.2000,210,0,15,0.115812,0.088181,14.4836
3,15,4.2200,211,0,15,0.118374,0.089160,14.4836
3,15,4.2400,212,0,15,0.121085,0.090154,14.4836
3,15,4.2600,213,0,15,0.123994,0.091186,14.4836
3,15,4.2800,214,0,15,0.127237,0.092204,14.4836
3,15,4.3000,215,0,15,0.130695,0.093260,14.4836
3,15,4.3200,216,0,15,0.134500,0.094328,14.4836
3,15,4.3400,217,0,15,0.138531,0.095361,14.4836
3,15,4.3600,218,0,15,0.142756,0.096332,14.4836
3,15,4.3800,219,0,15,0.147071,0.097301,14.4836
3,15,4.4000,220,0,15,0.151330,0.098175,14.4836
3,15,4.4200,221,0,15,0.155514,0.098988,14.4836
3,15,4.4400,222,0,15,0.159379,0.099784,14.4836
3,15,4.4600,223,0,15,0.163003,0.100516,14.4836
3,15,4.4800,224,0,15,0.166429,0.101251,14.4836
3,15,4.5000,225,0,15,0.169505,0.101981,14.4836
3,15,4.5200,226,0,15,0.172180,0.102702,14.4836
3,15,4.5400,227,0,15,0.174635,0.103394,14.4836
3,15,4.5600,228,0,15,0.176686,0.104098,14.4836
3,15,4.5800,229,0,15,0.178400,0.104774,14.4836
3,15,4.6000,230,0,15,0.179722,0.105405,14.4836
3,15,4.6200,231,0,15,0.180608,0.105997,14.4836
3,15,4.6400,232,0,15,0.181166,0.106535,14.4836
3,15,4.6600,233,0,15,0.181390,0.107033,14.4836
3,15,4.6800,234,0,15,0.181313,0.107492,14.4836
3,15,4.7000,235,0,15,0.181086,0.107913,14.4836
3,15,4.7200,236,0,15,0.180686,0.108277,14.4836
3,15,4.7400,237,0,15,0.180310,0.108610,14.4836
3,15,4.7600,238,0,15,0.179993,0.108865,14.4836
3,15,4.7800,239,0,15,0.179765,0.109074,14.4835
3,15,4.8000,240,0,15,0.179591,0.109242,14.4835
3,15,4.8200,241,0,15,0.179512,0.109313,14.4835
3,15,4.8400,242,0,15,0.179632,0.109299,14.4835
3,15,4.8600,243,0,15,0.179784,0.109192,14.4835
3,15,4.8800,244,0,15,0.179954,0.109003,14.4835
3,15,4.9000,245,0,15,0.180141,0.108753,14.4834
3,15,4.9200,246,0,15,0.180369,0.108409,14.4834
3,15,4.9400,247,0,15,0.180535,0.108018,14.4834
3,15,4.9600,248,0,15,0.180552,0.107588,14.4834
3,15,4.9800,249,0,15,0.180524,0.107138,14.4834
3,15,5.0000,250,0,15,0.180213,0.106609,14.4833
3,15,5.0200,251,0,15,0.180137,0.106094,14.4833
3,15,5.0400,252,0,15,0.179338,0.105514,14.4833
3,15,5.0600,253,0,15,0.178455,0.104930,14.4833
3,15,5.0800,254,0,15,0.177146,0.104281,14.4832
3,15,5.1000,255,0,15,0.175247,0.103647,14.4832
3,15,5.1200,256,0,15,0.173094,0.102952,14.4832
3,15,5.1400,257,0,15,0.170518,0.102244,14.4832
3,15,5.1600,258,0,15,0.167998,0.101521,14.4831
3,15,5.1800,259,0,15,0.164882,0.100746,14.4831
3,15,5.2000,260,0,15,0.161406,0.099945,14.4831
3,15,5.2200,261,0,15,0.157701,0.099148,14.4830
3,15,5.2400,262,0,15,0.153980,0.098340,14.4830
3,15,5.2600,263,0,15,0.150229,0.097478,14.4830
3,15,5.2800,264,0,15,0.146347,0.096603,14.4830
3,15,5.3000,265,0,15,0.142393,0.095720,14.4829
3,15,5.3200,266,0,15,0.138536,0.094798,14.4829
3,15,5.3400,267,0,15,0.134878,0.093853,14.4829
3,15,5.3600,268,0,15,0.131375,0.092886,14.4829
3,15,5.3800,269,0,15,0.128143,0.091888,14.4828
3,15,5.4000,270,0,15,0.124932,0.090880,14.4828
3,15,5.4200,271,0,15,0.121896,0.089844,14.4828
3,15,5.4400,272,0,15,0.118927,0.088807,14.4828
3,15,5.4600,273,0,15,0.116120,0.087825,14.4827
3,15,5.4800,274,0,15,0.113501,0.086807,14.4827
3,15,5.5000,275,0,15,0.110989,0.085853,14.4827
3,15,5.5200,276,0,15,0.108541,0.084922,14.4827
3,15,5.5400,277,0,15,0.106301,0.083977,14.4827
3,15,5.5600,278,0,15,0.103914,0.083066,14.4826
3,15,5.5800,279,0,15,0.101560,0.082215,14.4826
3,15,5.6000,280,0,15,0.099255,0.081438,14.4826
3,15,5.6200,281,0,15,0.097078,0.080716,14.4826
3,15,5.6400,282,0,15,0.096361,0.080061,14.4826
3,15,5.6600,283,0,15,0.096431,0.079470,14.4825
3,15,5.6800,284,0,15,0.096537,0.078982,14.4825
3,15,5.7000,285,0,15,0.096606,0.078538,14.4825
3,15,5.7200,286,0,15,0.096611,0.078174,14.4825
3,15,5.7400,287,0,15,0.096602,0.077860,14.4825
3,15,5.7600,288,0,15,0.096620,0.077651,14.4825
3,15,5.7800,289,0,15,0.096619,0.077488,14.4825
3,15,5.8000,290,0,15,0.096605,0.077440,14.4825
3,15,5.8200,291,0,15,0.096690,0.077479,14.4825
3,15,5.8400,292,0,15,0.096769,0.077591,14.4825
3,15,5.8600,293,0,15,0.096872,0.077808,14.4825
3,15,5.8800,294,0,15,0.096875,0.078113,14.4825
3,15,5.9000,295,0,15,0.097098,0.078475,14.4825
3,15,5.9200,296,0,15,0.097138,0.078907,14.4825
3,15,5.9400,297,0,15,0.097163,0.079423,14.4825
3,15,5.9600,298,0,15,0.097488,0.079978,14.4825
3,15,5.9800,299,0,15,0.097628,0.080611,14.4825
3,15,6.0000,300,0,15,0.099037,0.081266,14.4825
3,15,6.0200,301,0,15,0.101410,0.081996,14.4825
3,15,6.0400,302,0,15,0.103929,0.082740,14.4825
3,15,6.0600,303,0,15,0.106358,0.083565,14.4825
3,15,6.0800,304,0,15,0.108801,0.084381,14.4826
3,15,6.1000,305,0,15,0.111219,0.085209,14.4826
3,15,6.1200,306,0,15,0.113616,0.086063,14.4826
3,15,6.1400,307,0,15,0.116032,0.086935,14.4826
3,15,6.1600,308,0,15,0.118558,0.087808,14.4826
3,15,6.1800,309,0,15,0.121111,0.088695,14.4826
3,15,6.2000,310,0,15,0.123635,0.089603,14.4826
3,15,6.2200,311,0,15,0.126363,0.090508,14.4827
3,15,6.2400,312,0,15,0.129178,0.091407,14.4827
3,15,6.2600,313,0,15,0.131989,0.092289,14.4827
3,15,6.2800,314,0,15,0.134916,0.093151,14.4827
3,15,6.3000,315,0,15,0.137809,0.093982,14.4827
3,15,6.3200,316,0,15,0.140548,0.094781,14.4828
3,15,6.3400,317,0,15,0.143452,0.095538,14.4828
3,15,6.3600,318,0,15,0.146523,0.096269,14.4828
3,15,6.3800,319,0,15,0.149588,0.096980,14.4828
3,15,6.4000,320,0,15,0.152267,0.097661,14.4828
3,15,6.4200,321,0,15,0.154785,0.098310,14.4829
3,15,6.4400,322,0,15,0.157165,0.098927,14.4829
3,15,6.4600,323,0,15,0.159402,0.099526,14.4829
3,15,6.4800,324,0,15,0.161444,0.100100,14.4829
3,15,6.5000,325,0,15,0.163291,0.100640,14.4829
3,15,6.5200,326,0,15,0.164863,0.101145,14.4830
3,15,6.5400,327,0,15,0.166141,0.101616,14.4830
3,15,6.5600,328,0,15,0.167371,0.102041,14.4830
3,15,6.5800,329,0,15,0.168364,0.102422,14.4830
3,15,6.6000,330,0,15,0.169053,0.102780,14.4831
3,15,6.6200,331,0,15,0.169713,0.103090,14.4831
3,15,6.6400,332,0,15,0.170080,0.103352,14.4831
3,15,6.6600,333,0,15,0.170204,0.103583,14.4831
3,15,6.6800,334,0,15,0.170202,0.103758,14.4831
3,15,6.7000,335,0,15,0.170064,0.103909,14.4831
3,15,6.7200,336,0,15,0.169922,0.104024,14.4832
3,15,6.7400,337,0,15,0.169782,0.104072,14.4832
3,15,6.7600,338,0,15,0.169547,0.104073,14.4832
3,15,6.7800,339,0,15,0.169288,0.104034,14.4832
3,15,6.8000,340,0,15,0.168941,0.103929,14.4832
3,15,6.8200,341,0,15,0.168538,0.103750,14.4832
3,15,6.8400,342,0,15,0.168085,0.103527,14.4833
3,15,6.8600,343,0,15,0.167522,0.103249,14.4833
3,15,6.8800,344,0,15,0.166794,0.102918,14.4833
3,15,6.9000,345,0,15,0.165878,0.102555,14.4833
3,15,6.9200,346,0,15,0.164902,0.102150,14.4833
3,15,6.9400,347,0,15,0.163860,0.101713,14.4833
3,15,6.9600,348,0,15,0.162744,0.101252,14.4833
3,15,6.9800,349,0,15,0.161452,0.100762,14.4833
3,15,7.0000,350,0,15,0.160019,0.100218,14.4833
3,15,7.0200,351,0,15,0.158467,0.099631,14.4833
3,15,7.0400,352,0,15,0.156686,0.099037,14.4834
3,15,7.0600,353,0,15,0.154687,0.098398,14.4834
3,15,7.0800,354,0,15,0.152511,0.097712,14.4834
3,15,7.1000,355,0,15,0.150147,0.097015,14.4834
3,15,7.1200,356,0,15,0.147616,0.096299,14.4834
3,15,7.1400,357,0,15,0.144994,0.095560,14.4834
3,15,7.1600,358,0,15,0.142341,0.094806,14.4834
3,15,7.1800,359,0,15,0.139606,0.094052,14.4834
3,15,7.2000,360,0,15,0.136874,0.093281,14.4834
3,15,7.2200,361,0,15,0.134159,0.092491,14.4834
3,15,7.2400,362,0,15,0.131194,0.091705,14.4834
3,15,7.2600,363,0,15,0.128489,0.090877,14.4834
3,15,7.2800,364,0,15,0.125719,0.090035,14.4834
3,15,7.3000,365,0,15,0.122832,0.089175,14.4834
3,15,7.3200,366,0,15,0.119885,0.088311,14.4834
3,15,7.3400,367,0,15,0.117021,0.087459,14.4834
3,15,7.3600,368,0,15,0.114288,0.086612,14.4834
3,15,7.3800,369,0,15,0.111650,0.085789,14.4834
3,15,7.4000,370,0,15,0.109093,0.084990,14.4834
3,15,7.4200,371,0,15,0.106619,0.084223,14.4834
3,15,7.4400,372,0,15,0.104150,0.083460,14.4834
3,15,7.4600,373,0,15,0.103270,0.082754,14.4834
3,15,7.4800,374,0,15,0.103325,0.082054,14.4834
3,15,7.5000,375,0,15,0.103347,0.081400,14.4834
3,15,7.5200,376,0,15,0.103376,0.080774,14.4834
3,15,7.5400,377,0,15,0.103412,0.080207,14.4834
3,15,7.5600,378,0,15,0.103453,0.079685,14.4834
3,15,7.5800,379,0,15,0.103534,0.079215,14.4834
3,15,7.6000,380,0,15,0.103519,0.078796,14.4834
3,15,7.6200,381,0,15,0.103539,0.078457,14.4834
3,15,7.6400,382,0,15,0.103565,0.078188,14.4834
3,15,7.6600,383,0,15,0.103613,0.077992,14.4834
3,15,7.6800,384,0,15,0.103614,0.077859,14.4834
3,15,7.7000,385,0,15,0.103602,0.077803,14.4835
3,15,7.7200,386,0,15,0.103649,0.077823,14.4835
3,15,7.7400,387,0,15,0.103615,0.077885,14.4835
3,15,7.7600,388,0,15,0.103593,0.078009,14.4835
3,15,7.7800,389,0,15,0.103574,0.078198,14.4835
3,15,7.8000,390,0,15,0.103558,0.078450,14.4835
3,15,7.8200,391,0,15,0.103506,0.078753,14.4835
3,15,7.8400,392,0,15,0.103475,0.079128,14.4835
3,15,7.8600,393,0,15,0.103473,0.079565,14.4835
3,15,7.8800,394,0,15,0.103450,0.080061,14.4835
3,15,7.9000,395,0,15,0.103422,0.080599,14.4835
3,15,7.9200,396,0,15,0.103403,0.081182,14.4835
3,15,7.9400,397,0,15,0.103408,0.081801,14.4835
3,15,7.9600,398,0,15,0.103342,0.082431,14.4835
3,15,7.9800,399,0,15,0.103291,0.083084,14.4835
3,15,8.0000,400,0,15,0.105115,0.083764,14.4835
3,15,8.0200,401,0,15,0.107385,0.084452,14.4835
3,15,8.0400,402,0,15,0.109666,0.085167,14.4836
3,15,8.0600,403,0,15,0.112107,0.085880,14.4836
3,15,8.0800,404,0,15,0.114477,0.086618,14.4836
3,15,8.1000,405,0,15,0.116891,0.087360,14.4836
3,15,8.1200,406,0,15,0.119345,0.088114,14.4836
3,15,8.1400,407,0,15,0.121799,0.088851,14.4836
3,15,8.1600,408,0,15,0.124268,0.089580,14.4836
3,15,8.1800,409,0,15,0.126753,0.090272,14.4836
3,15,8.2000,410,0,15,0.129258,0.090973,14.4836
3,15,8.2200,411,0,15,0.131676,0.091651,14.4836
3,15,8.2400,412,0,15,0.134197,0.092300,14.4836
3,15,8.2600,413,0,15,0.136603,0.092919,14.4836
3,15,8.2800,414,0,15,0.138858,0.093533,14.4836
3,15,8.3000,415,0,15,0.140938,0.094123,14.4836
3,15,8.3200,416,0,15,0.142984,0.094675,14.4836
3,15,8.3400,417,0,15,0.144817,0.095228,14.4836
3,15,8.3600,418,0,15,0.146485,0.095749,14.4836
3,15,8.3800,419,0,15,0.147989,0.096230,14.4836
3,15,8.4000,420,0,15,0.149298,0.096695,14.4836
3,15,8.4200,421,0,15,0.150498,0.097109,14.4836
3,15,8.4400,422,0,15,0.151531,0.097480,14.4836
3,15,8.4600,423,0,15,0.152390,0.097834,14.4836
3,15,8.4800,424,0,15,0.153222,0.098139,14.4836
3,15,8.5000,425,0,15,0.153818,0.098422,14.4836
3,15,8.5200,426,0,15,0.154300,0.098670,14.4836
3,15,8.5400,427,0,15,0.154621,0.098884,14.4836
3,15,8.5600,428,0,15,0.154864,0.099066,14.4836
3,15,8.5800,429,0,15,0.154992,0.099216,14.4836
3,15,8.6000,430,0,15,0.155038,0.099301,14.4835
3,15,8.6200,431,0,15,0.154984,0.099349,14.4835
3,15,8.6400,432,0,15,0.154938,0.099328,14.4835
3,15,8.6600,433,0,15,0.154771,0.099277,14.4835
3,15,8.6800,434,0,15,0.154624,0.099156,14.4835
3,15,8.7000,435,0,15,0.154429,0.098994,14.4835
3,15,8.7200,436,0,15,0.154162,0.098810,14.4835
3,15,8.7400,437,0,15,0.153801,0.098583,14.4835
3,15,8.7600,438,0,15,0.153353,0.098338,14.4835
3,15,8.7800,439,0,15,0.152617,0.098024,14.4834
3,15,8.8000,440,0,15,0.152108,0.097728,14.4834
3,15,8.8200,441,0,15,0.151150,0.097352,14.4834
3,15,8.8400,442,0,15,0.150311,0.096956,14.4834
3,15,8.8600,443,0,15,0.149282,0.096509,14.4834
3,15,8.8800,444,0,15,0.147935,0.096043,14.4834
3,15,8.9000,445,0,15,0.146482,0.095561,14.4833
3,15,8.9200,446,0,15,0.144975,0.095022,14.4833
3,15,8.9400,447,0,15,0.143308,0.094503,14.4833
3,15,8.9600,448,0,15,0.141851,0.093955,14.4833
3,15,8.9800,449,0,15,0.139860,0.093360,14.4833
3,15,9.0000,450,0,15,0.137612,0.092755,14.4833
3,15,9.0200,451,0,15,0.135263,0.092157,14.4832
3,15,9.0400,452,0,15,0.132908,0.091527,14.4832
3,15,9.0600,453,0,15,0.130435,0.090866,14.4832
3,15,9.0800,454,0,15,0.127804,0.090193,14.4832
3,15,9.1000,455,0,15,0.125161,0.089499,14.4832
3,15,9.1200,456,0,15,0.122543,0.088801,14.4832
3,15,9.1400,457,0,15,0.120007,0.088076,14.4831
3,15,9.1600,458,0,15,0.117580,0.087361,14.4831
3,15,9.1800,459,0,15,0.115177,0.086655,14.4831
3,15,9.2000,460,0,15,0.112806,0.085952,14.4831
3,15,9.2200,461,0,15,0.110505,0.085255,14.4831
3,15,9.2400,462,0,15,0.108154,0.084568,14.4830
3,15,9.2600,463,0,15,0.105823,0.083891,14.4830
3,15,9.2800,464,0,15,0.103685,0.083196,14.4830
3,15,9.3000,465,0,15,0.101504,0.082523,14.4830
3,15,9.3200,466,0,15,0.099435,0.081872,14.4830
3,15,9.3400,467,0,15,0.097528,0.081246,14.4830
3,15,9.3600,468,0,15,0.096029,0.080659,14.4830
3,15,9.3800,469,0,15,0.096082,0.080131,14.4829
3,15,9.4000,470,0,15,0.096076,0.079614,14.4829
3,15,9.4200,471,0,15,0.096091,0.079164,14.4829
3,15,9.4400,472,0,15,0.096193,0.078771,14.4829
3,15,9.4600,473,0,15,0.096260,0.078391,14.4829
3,15,9.4800,474,0,15,0.096275,0.078084,14.4829
3,15,9.5000,475,0,15,0.096393,0.077800,14.4829
3,15,9.5200,476,0,15,0.096428,0.077578,14.4829
3,15,9.5400,477,0,15,0.096483,0.077383,14.4829
3,15,9.5600,478,0,15,0.096452,0.077260,14.4829
3,15,9.5800,479,0,15,0.096522,0.077187,14.4829
3,15,9.6000,480,0,15,0.096530,0.077192,14.4829
3,15,9.6200,481,0,15,0.096578,0.077242,14.4829
3,15,9.6400,482,0,15,0.096610,0.077371,14.4828
3,15,9.6600,483,0,15,0.096683,0.077521,14.4828
3,15,9.6800,484,0,15,0.096743,0.077752,14.4828
3,15,9.7000,485,0,15,0.096811,0.077981,14.4828
3,15,9.7200,486,0,15,0.096869,0.078289,14.4828
3,15,9.7400,487,0,15,0.096978,0.078624,14.4829
3,15,9.7600,488,0,15,0.097057,0.079025,14.4829
3,15,9.7800,489,0,15,0.097173,0.079447,14.4829
3,15,9.8000,490,0,15,0.097249,0.079928,14.4829
3,15,9.8200,491,0,15,0.097368,0.080421,14.4829
3,15,9.8400,492,0,15,0.097899,0.080943,14.4829
3,15,9.8600,493,0,15,0.099777,0.081507,14.4829
3,15,9.8800,494,0,15,0.101617,0.082056,14.4829
3,15,9.9000,495,0,15,0.103557,0.082626,14.4829
3,15,9.9200,496,0,15,0.105561,0.083224,14.4829
3,15,9.9400,497,0,15,0.107389,0.083801,14.4829
3,15,9.9600,498,0,15,0.109422,0.084393,14.4829
3,15,9.9800,499,0,15,0.111421,0.085029,14.4829
3,15,10.0000,500,0,15,0.113196,0.085650,14.4829
3,15,10.0200,501,0,15,0.115120,0.086287,14.4829
3,15,10.0400,502,0,15,0.117187,0.086908,14.4830
3,15,10.0600,503,0,15,0.118913,0.087530,14.4830
3,15,10.0800,504,0,15,0.120821,0.088130,14.4830
3,15,10.1000,505,0,15,0.122939,0.088713,14.4830
3,15,10.1200,506,0,15,0.125040,0.089281,14.4830
3,15,10.1400,507,0,15,0.126997,0.089818,14.4830
3,15,10.1600,508,0,15,0.128862,0.090322,14.4830
3,15,10.1800,509,0,15,0.130664,0.090805,14.4830
3,15,10.2000,510,0,15,0.132369,0.091273,14.4830
3,15,10.2200,511,0,15,0.134036,0.091722,14.4831
3,15,10.2400,512,0,15,0.135634,0.092152,14.4831
3,15,10.2600,513,0,15,0.137048,0.092570,14.4831
3,15,10.2800,514,0,15,0.138319,0.092946,14.4831
3,15,10.3001,515,0,15,0.139544,0.093301,14.4831
3,15,10.3201,516,0,15,0.140803,0.093617,14.4831
3,15,10.3401,517,0,15,0.141852,0.093909,14.4831
3,15,10.3601,518,0,15,0.142721,0.094158,14.4831
3,15,10.3801,519,0,15,0.143419,0.094372,14.4832
3,15,10.4001,520,0,15,0.143879,0.094569,14.4832
3,15,10.4201,521,0,15,0.144163,0.094718,14.4832
3,15,10.4401,522,0,15,0.144299,0.094854,14.4832
3,15,10.4601,523,0,15,0.144349,0.094960,14.4832
3,15,10.4801,524,0,15,0.144274,0.095046,14.4832
3,15,10.5001,525,0,15,0.144125,0.095096,14.4832
3,15,10.5201,526,0,15,0.143948,0.095098,14.4832
3,15,10.5401,527,0,15,0.143726,0.095058,14.4832
3,15,10.5601,528,0,15,0.143386,0.095003,14.4832
3,15,10.5801,529,0,15,0.142959,0.094894,14.4832
3,15,10.6001,530,0,15,0.142408,0.094749,14.4833
3,15,10.6201,531,0,15,0.141788,0.094586,14.4833
3,15,10.6401,532,0,15,0.141043,0.094373,14.4833
3,15,10.6601,533,0,15,0.140198,0.094125,14.4833
3,15,10.6801,534,0,15,0.139331,0.093843,14.4833
3,15,10.7001,535,0,15,0.138407,0.093536,14.4833
3,15,10.7201,536,0,15,0.137468,0.093193,14.4833
3,15,10.7401,537,0,15,0.136514,0.092810,14.4833
3,15,10.7601,538,0,15,0.135444,0.092404,14.4833
3,15,10.7801,539,0,15,0.134296,0.091979,14.4833
3,15,10.8001,540,0,15,0.133086,0.091526,14.4833
3,15,10.8201,541,0,15,0.131719,0.091070,14.4833
3,15,10.8401,542,0,15,0.130195,0.090603,14.4833
3,15,10.8601,543,0,15,0.128630,0.090097,14.4833
3,15,10.8801,544,0,15,0.126846,0.089559,14.4833
3,15,10.9001,545,0,15,0.124972,0.089028,14.4833
3,15,10.9201,546,0,15,0.123075,0.088475,14.4833
3,15,10.9401,547,0,15,0.121116,0.087877,14.4833
3,15,10.9601,548,0,15,0.119094,0.087304,14.4833
3,15,10.9801,549,0,15,0.117072,0.086712,14.4833
3,15,11.0001,550,0,15,0.114980,0.086150,14.4833
3,15,11.0201,551,0,15,0.112884,0.085545,14.4833
3,15,11.0401,552,0,15,0.110699,0.084965,14.4833
3,15,11.0601,553,0,15,0.108589,0.084405,14.4833
3,15,11.0801,554,0,15,0.106418,0.083831,14.4833
3,15,11.1001,555,0,15,0.104324,0.083259,14.4833
3,15,11.1201,556,0,15,0.102634,0.082694,14.4833
3,15,11.1401,557,0,15,0.102692,0.082134,14.4833
3,15,11.1601,558,0,15,0.102717,0.081589,14.4833
3,15,11.1801,559,0,15,0.102784,0.081069,14.4833
3,15,11.2001,560,0,15,0.102811,0.080551,14.4833
3,15,11.2201,561,0,15,0.102803,0.080054,14.4833
3,15,11.2401,562,0,15,0.102861,0.079601,14.4833
3,15,11.2601,563,0,15,0.102898,0.079180,14.4833
3,15,11.2801,564,0,15,0.102917,0.078798,14.4833
3,15,11.3001,565,0,15,0.102967,0.078446,14.4834
3,15,11.3201,566,0,15,0.102983,0.078143,14.4834
3,15,11.3401,567,0,15,0.103007,0.077883,14.4834
3,15,11.3601,568,0,15,0.103084,0.077680,14.4834
3,15,11.3801,569,0,15,0.103098,0.077504,14.4834
3,15,11.4001,570,0,15,0.103094,0.077362,14.4834
3,15,11.4201,571,0,15,0.103138,0.077269,14.4834
3,15,11.4401,572,0,15,0.103117,0.077212,14.4834
3,15,11.4601,573,0,15,0.103103,0.077202,14.4834
3,15,11.4801,574,0,15,0.103126,0.077253,14.4834
3,15,11.5001,575,0,15,0.103131,0.077350,14.4834
3,15,11.5201,576,0,15,0.103101,0.077491,14.4834
3,15,11.5401,577,0,15,0.103099,0.077691,14.4834
3,15,11.5601,578,0,15,0.103131,0.077931,14.4834
3,15,11.5801,579,0,15,0.103062,0.078196,14.4834
3,15,11.6001,580,0,15,0.103047,0.078502,14.4834
3,15,11.6201,581,0,15,0.103045,0.078854,14.4834
3,15,11.6401,582,0,15,0.102954,0.079206,14.4834
3,15,11.6601,583,0,15,0.102948,0.079619,14.4834
3,15,11.6801,584,0,15,0.102925,0.080052,14.4834
3,15,11.7001,585,0,15,0.102853,0.080505,14.4834
3,15,11.7201,586,0,15,0.102793,0.080979,14.4834
3,15,11.7401,587,0,15,0.102757,0.081474,14.4834
3,15,11.7601,588,0,15,0.102712,0.081980,14.4834
3,15,11.7801,589,0,15,0.102662,0.082483,14.4834
3,15,11.8001,590,0,15,0.103883,0.083031,14.4834
3,15,11.8201,591,0,15,0.105680,0.083556,14.4834
3,15,11.8401,592,0,15,0.107443,0.084089,14.4834
3,15,11.8601,593,0,15,0.109187,0.084619,14.4834
3,15,11.8801,594,0,15,0.110868,0.085146,14.4834
3,15,11.9001,595,0,15,0.112563,0.085670,14.4835
3,15,11.9201,596,0,15,0.114261,0.086194,14.4835
3,15,11.9401,597,0,15,0.115931,0.086713,14.4835
3,15,11.9601,598,0,15,0.117574,0.087212,14.4835
3,15,11.9801,599,0,15,0.119186,0.087697,14.4835
3,15,12.0001,600,0,15,0.120738,0.088174,14.4835
3,15,12.0201,601,0,15,0.122242,0.088643,14.4835
3,15,12.0401,602,0,15,0.123744,0.089075,14.4835
3,15,12.0601,603,0,15,0.125162,0.089497,14.4835
3,15,12.0801,604,0,15,0.126564,0.089893,14.4835
3,15,12.1001,605,0,15,0.127870,0.090259,14.4835
3,15,12.1201,606,0,15,0.129054,0.090605,14.4835
3,15,12.1401,607,0,15,0.130219,0.090913,14.4835
3,15,12.1601,608,0,15,0.131290,0.091199,14.4835
3,15,12.1801,609,0,15,0.132252,0.091464,14.4835
3,15,12.2001,610,0,15,0.133096,0.091695,14.4835
3,15,12.2201,611,0,15,0.133816,0.091908,14.4835
3,15,12.2401,612,0,15,0.134458,0.092099,14.4835
3,15,12.2601,613,0,15,0.134931,0.092249,14.4835
3,15,12.2801,614,0,15,0.135344,0.092372,14.4835
3,15,12.3001,615,0,15,0.135672,0.092470,14.4835
3,15,12.3201,616,0,15,0.135863,0.092539,14.4834
3,15,12.3401,617,0,15,0.135922,0.092573,14.4834
3,15,12.3601,618,0,15,0.135862,0.092574,14.4834
3,15,12.3801,619,0,15,0.135655,0.092541,14.4834
3,15,12.4001,620,0,15,0.135364,0.092483,14.4834
3,15,12.4201,621,0,15,0.134963,0.092390,14.4834
3,15,12.4401,622,0,15,0.134502,0.092259,14.4834
3,15,12.4601,623,0,15,0.133948,0.092109,14.4834
3,15,12.4801,624,0,15,0.133368,0.091917,14.4834
3,15,12.5001,625,0,15,0.132668,0.091730,14.4834
3,15,12.5201,626,0,15,0.131829,0.091485,14.4834
3,15,12.5401,627,0,15,0.131098,0.091211,14.4834
3,15,12.5601,628,0,15,0.130273,0.090897,14.4834
3,15,12.5801,629,0,15,0.129263,0.090575,14.4834
3,15,12.6001,630,0,15,0.128169,0.090217,14.4833
3,15,12.6201,631,0,15,0.126918,0.089857,14.4833
3,15,12.6401,632,0,15,0.125734,0.089469,14.4833
3,15,12.6601,633,0,15,0.124512,0.089062,14.4833
3,15,12.6801,634,0,15,0.123278,0.088639,14.4833
3,15,12.7001,635,0,15,0.121858,0.088183,14.4833
3,15,12.7201,636,0,15,0.120331,0.087707,14.4833
3,15,12.7401,637,0,15,0.118768,0.087203,14.4833
3,15,12.7601,638,0,15,0.117121,0.086698,14.4833
3,15,12.7801,639,0,15,0.115538,0.086186,14.4833
3,15,12.8001,640,0,15,0.113859,0.085676,14.4832
3,15,12.8201,641,0,15,0.112067,0.085171,14.4832
3,15,12.8401,642,0,15,0.110224,0.084651,14.4832
3,15,12.8601,643,0,15,0.108363,0.084137,14.4832
3,15,12.8801,644,0,15,0.106493,0.083626,14.4832
3,15,12.9001,645,0,15,0.104674,0.083095,14.4832
3,15,12.9201,646,0,15,0.102780,0.082574,14.4832
3,15,12.9401,647,0,15,0.100861,0.082043,14.4832
3,15,12.9601,648,0,15,0.098996,0.081507,14.4832
3,15,12.9801,649,0,15,0.097243,0.080983,14.4832
3,15,13.0001,650,0,15,0.096410,0.080508,14.4832
3,15,13.0201,651,0,15,0.096375,0.080039,14.4831
3,15,13.0401,652,0,15,0.096333,0.079596,14.4831
3,15,13.0601,653,0,15,0.096378,0.079204,14.4831
3,15,13.0801,654,0,15,0.096368,0.078828,14.4831
3,15,13.1001,655,0,15,0.096385,0.078474,14.4831
3,15,13.1201,656,0,15,0.096415,0.078141,14.4831
3,15,13.1401,657,0,15,0.096449,0.077838,14.4831
3,15,13.1601,658,0,15,0.096436,0.077537,14.4831
3,15,13.1801,659,0,15,0.096429,0.077274,14.4831
3,15,13.2001,660,0,15,0.096501,0.077064,14.4831
3,15,13.2201,661,0,15,0.096465,0.076872,14.4831
3,15,13.2401,662,0,15,0.096519,0.076749,14.4831
3,15,13.2601,663,0,15,0.096544,0.076674,14.4831
3,15,13.2801,664,0,15,0.096615,0.076666,14.4831
3,15,13.3001,665,0,15,0.096694,0.076693,14.4831
3,15,13.3201,666,0,15,0.096760,0.076770,14.4831
3,15,13.3401,667,15,0,0.000000,0.000000,14.4831
1,20,0.0200,1,0,20,0.000000,0.000000,19.5000
1,20,0.0400,2,0,20,0.196200,0.145714,19.4961
1,20,0.0600,3,0,20,0.390957,0.241120,19.4882
1,20,0.0800,4,0,20,0.527072,0.286460,19.4769
1,20,0.1000,5,0,20,0.507908,0.281805,19.4647
1,20,0.1200,6,0,20,0.371737,0.228044,19.4544
1,20,0.1400,7,0,20,0.197442,0.132741,19.4475
1,20,0.1600,8,0,20,0.110734,0.054715,19.4444
1,20,0.1800,9,0,20,0.225391,0.176309,19.4453
1,20,0.2000,10,0,20,0.399531,0.290186,19.4499
1,20,0.2200,11,0,20,0.536183,0.366137,19.4577
1,20,0.2400,12,0,20,0.595949,0.395969,19.4675
1,20,0.2600,13,0,20,0.563799,0.378012,19.4774
1,20,0.2800,14,0,20,0.455088,0.315731,19.4857
1,20,0.3000,15,0,20,0.299252,0.219279,19.4912
1,20,0.3200,16,0,20,0.136464,0.108166,19.4933
1,20,0.3400,17,0,20,0.093586,0.058556,19.4918
1,20,0.3600,18,0,20,0.222712,0.127930,19.4871
1,20,0.3800,19,0,20,0.319810,0.183638,19.4799
1,20,0.4000,20,0,20,0.354417,0.204112,19.4715
1,20,0.4200,21,0,20,0.321928,0.185671,19.4633
1,20,0.4400,22,0,20,0.239775,0.135288,19.4566
1,20,0.4600,23,0,20,0.157295,0.076395,19.4524
1,20,0.4800,24,0,20,0.182105,0.108561,19.4512
1,20,0.5000,25,0,20,0.292780,0.194709,19.4531
1,20,0.5200,26,0,20,0.398266,0.266800,19.4577
1,20,0.5400,27,0,20,0.462498,0.309685,19.4642
1,20,0.5600,28,0,20,0.471148,0.317063,19.4714
1,20,0.5800,29,0,20,0.423428,0.289161,19.4783
1,20,0.6000,30,0,20,0.328975,0.232434,19.4836
1,20,0.6200,31,0,20,0.216361,0.159761,19.4868
1,20,0.6400,32,0,20,0.144759,0.094999,19.4872
1,20,0.6600,33,0,20,0.152670,0.084572,19.4850
1,20,0.6800,34,0,20,0.206940,0.119157,19.4807
1,20,0.7000,35,0,20,0.245722,0.145508,19.4749
1,20,0.7200,36,0,20,0.247154,0.149104,19.4687
1,20,0.7400,37,0,20,0.213818,0.130561,19.4630
1,20,0.7600,38,0,20,0.166905,0.104018,19.4587
1,20,0.7800,39,0,20,0.166483,0.103408,19.4565
1,20,0.8000,40,0,20,0.231926,0.147969,19.4566
1,20,0.8200,41,0,20,0.314922,0.203359,19.4589
1,20,0.8400,42,0,20,0.381342,0.246114,19.4629
1,20,0.8600,43,0,20,0.413502,0.266305,19.4680
1,20,0.8800,44,0,20,0.405549,0.260841,19.4733
1,20,0.9000,45,0,20,0.360468,0.231973,19.4779
1,20,0.9200,46,0,20,0.290572,0.187142,19.4813
1,20,0.9400,47,0,20,0.217028,0.139103,19.4828
1,20,0.9600,48,0,20,0.177536,0.106237,19.4823
1,20,0.9800,49,0,20,0.186757,0.101264,19.4800
1,20,1.0000,50,0,20,0.214730,0.114730,19.4762
1,20,1.0200,51,0,20,0.231473,0.123605,19.4718
1,20,1.0400,52,0,20,0.233320,0.120263,19.4673
1,20,1.0600,53,0,20,0.229753,0.110092,19.4634
1,20,1.0800,54,0,20,0.238769,0.109229,19.4608
1,20,1.1000,55,0,20,0.272643,0.130269,19.4598
1,20,1.1200,56,0,20,0.325046,0.166238,19.4606
1,20,1.1400,57,0,20,0.377650,0.201839,19.4628
1,20,1.1600,58,0,20,0.415539,0.226188,19.4661
1,20,1.1800,59,0,20,0.429410,0.233792,19.4700
1,20,1.2000,60,0,20,0.417744,0.223784,19.4737
1,20,1.2200,61,0,20,0.385599,0.199402,19.4768
1,20,1.2400,62,0,20,0.343515,0.167564,19.4786
1,20,1.2600,63,0,20,0.305384,0.137990,19.4791
1,20,1.2800,64,0,20,0.282415,0.120038,19.4782
1,20,1.3000,65,0,20,0.275764,0.116212,19.4760
1,20,1.3200,66,0,20,0.277106,0.119741,19.4729
1,20,1.3400,67,0,20,0.278182,0.122617,19.4695
1,20,1.3600,68,0,20,0.276677,0.122372,19.4663
1,20,1.3800,69,0,20,0.278354,0.125143,19.4638
1,20,1.4000,70,0,20,0.291400,0.136340,19.4623
1,20,1.4200,71,0,20,0.317962,0.156846,19.4620
1,20,1.4400,72,0,20,0.351568,0.181344,19.4629
1,20,1.4600,73,0,20,0.382116,0.202593,19.4649
1,20,1.4800,74,0,20,0.400986,0.215008,19.4675
1,20,1.5000,75,0,20,0.403585,0.215973,19.4702
1,20,1.5200,76,0,20,0.390237,0.206064,19.4728
1,20,1.5400,77,0,20,0.365728,0.188625,19.4747
1,20,1.5600,78,0,20,0.337386,0.169174,19.4756
1,20,1.5800,79,0,20,0.312677,0.153572,19.4755
1,20,1.6000,80,0,20,0.296244,0.145043,19.4743
1,20,1.6200,81,0,20,0.287933,0.142735,19.4724
1,20,1.6400,82,0,20,0.283107,0.143433,19.4700
1,20,1.6600,83,0,20,0.279254,0.144979,19.4674
1,20,1.6800,84,0,20,0.277589,0.147445,19.4652
1,20,1.7000,85,0,20,0.282206,0.153429,19.4636
1,20,1.7200,86,0,20,0.296700,0.164270,19.4628
1,20,1.7400,87,0,20,0.319477,0.178931,19.4629
1,20,1.7600,88,0,20,0.344577,0.193981,19.4638
1,20,1.7800,89,0,20,0.366073,0.205465,19.4654
1,20,1.8000,90,0,20,0.379207,0.210468,19.4674
1,20,1.8200,91,0,20,0.382088,0.208166,19.4693
1,20,1.8400,92,0,20,0.376228,0.199886,19.4709
1,20,1.8600,93,0,20,0.365685,0.187931,19.4720
1,20,1.8800,94,0,20,0.354745,0.175604,19.4723
1,20,1.9000,95,0,20,0.345757,0.166117,19.4718
1,20,1.9200,96,0,20,0.340015,0.160143,19.4707
1,20,1.9400,97,0,20,0.317226,0.157576,19.4689
1,20,1.9600,98,0,20,0.310469,0.157266,19.4669
1,20,1.9800,99,0,20,0.320419,0.158193,19.4648
1,20,2.0000,100,0,20,0.305905,0.160862,19.4632
1,20,2.0200,101,0,20,0.311397,0.167994,19.4619
1,20,2.0400,102,0,20,0.330349,0.176918,19.4613
1,20,2.0600,103,0,20,0.327940,0.188391,19.4615
1,20,2.0800,104,0,20,0.332866,0.196969,19.4621
1,20,2.1000,105,0,20,0.344881,0.200823,19.4630
1,20,2.1200,106,0,20,0.367440,0.202319,19.4642
1,20,2.1400,107,0,20,0.388361,0.200725,19.4654
1,20,2.1600,108,0,20,0.395955,0.195230,19.4663
1,20,2.1800,109,0,20,0.398319,0.188528,19.4667
1,20,2.2000,110,0,20,0.406699,0.182045,19.4667
1,20,2.2200,111,0,20,0.417423,0.176618,19.4662
1,20,2.2400,112,0,20,0.420771,0.172765,19.4652
1,20,2.2600,113,0,20,0.413425,0.170261,19.4640
1,20,2.2800,114,0,20,0.397391,0.169104,19.4626
1,20,2.3000,115,0,20,0.376955,0.169619,19.4613
1,20,2.3200,116,0,20,0.356898,0.172165,19.4602
1,20,2.3400,117,0,20,0.342758,0.176923,19.4594
1,20,2.3600,118,0,20,0.338360,0.183584,19.4591
1,20,2.3800,119,0,20,0.342670,0.191131,19.4592
1,20,2.4000,120,0,20,0.353274,0.196576,19.4597
1,20,2.4200,121,0,20,0.365667,0.197542,19.4603
1,20,2.4400,122,0,20,0.372814,0.196101,19.4608
1,20,2.4600,123,0,20,0.379069,0.192154,19.4613
1,20,2.4800,124,0,20,0.391829,0.187146,19.4617
1,20,2.5000,125,0,20,0.405795,0.182603,19.4617
1,20,2.5200,126,0,20,0.416294,0.178884,19.4615
1,20,2.5400,127,0,20,0.424443,0.175958,19.4610
1,20,2.5600,128,0,20,0.430998,0.174203,19.4602
1,20,2.5800,129,0,20,0.434943,0.173502,19.4593
1,20,2.6000,130,0,20,0.433530,0.173360,19.4584
1,20,2.6200,131,0,20,0.424273,0.173682,19.4575
1,20,2.6400,132,0,20,0.407755,0.174799,19.4567
1,20,2.6600,133,0,20,0.386337,0.177189,19.4561
1,20,2.6800,134,0,20,0.364823,0.180655,19.4557
1,20,2.7000,135,0,20,0.348523,0.184348,19.4555
1,20,2.7200,136,0,20,0.340056,0.187535,19.4556
1,20,2.7400,137,0,20,0.339818,0.191111,19.4559
1,20,2.7600,138,0,20,0.345666,0.193692,19.4563
1,20,2.7800,139,0,20,0.356674,0.194407,19.4568
1,20,2.8000,140,0,20,0.367260,0.190865,19.4572
1,20,2.8200,141,0,20,0.368900,0.186587,19.4576
1,20,2.8400,142,0,20,0.371396,0.182777,19.4576
1,20,2.8600,143,0,20,0.374383,0.178468,19.4573
1,20,2.8800,144,0,20,0.376684,0.174502,19.4569
1,20,2.9000,145,0,20,0.383192,0.171884,19.4562
1,20,2.9200,146,0,20,0.391733,0.170715,19.4554
1,20,2.9400,147,0,20,0.396360,0.170464,19.4545
1,20,2.9600,148,0,20,0.396374,0.170909,19.4535
1,20,2.9800,149,0,20,0.392740,0.171965,19.4527
1,20,3.0000,150,0,20,0.385918,0.173544,19.4519
1,20,3.0200,151,0,20,0.376301,0.175542,19.4514
1,20,3.0400,152,0,20,0.364333,0.177980,19.4511
1,20,3.0600,153,0,20,0.366437,0.180700,19.4510
1,20,3.0800,154,0,20,0.339364,0.183439,19.4511
1,20,3.1000,155,0,20,0.353233,0.184600,19.4514
1,20,3.1200,156,0,20,0.336506,0.184700,19.4516
1,20,3.1400,157,0,20,0.359344,0.184286,19.4519
1,20,3.1600,158,0,20,0.354393,0.182327,19.4522
1,20,3.1800,159,0,20,0.355198,0.177263,19.4520
1,20,3.2000,160,0,20,0.388900,0.170985,19.4518
1,20,3.2200,161,0,20,0.406376,0.166291,19.4515
1,20,3.2400,162,0,20,0.411018,0.163906,19.4510
1,20,3.2600,163,0,20,0.410382,0.162771,19.4503
1,20,3.2800,164,0,20,0.408717,0.163090,19.4494
1,20,3.3000,165,0,20,0.409391,0.162777,19.4485
1,20,3.3200,166,0,20,0.405055,0.162354,19.4477
1,20,3.3400,167,0,20,0.394160,0.162723,19.4470
1,20,3.3600,168,0,20,0.379361,0.165226,19.4465
1,20,3.3800,169,0,20,0.365101,0.169151,19.4460
1,20,3.4000,170,0,20,0.352387,0.173022,19.4456
1,20,3.4200,171,0,20,0.343818,0.175093,19.4455
1,20,3.4400,172,0,20,0.340582,0.175966,19.4455
1,20,3.4600,173,0,20,0.343125,0.177374,19.4457
1,20,3.4800,174,0,20,0.349591,0.178726,19.4459
1,20,3.5000,175,0,20,0.353880,0.177964,19.4461
1,20,3.5200,176,0,20,0.355482,0.174506,19.4461
1,20,3.5400,177,0,20,0.356453,0.169632,19.4461
1,20,3.5600,178,0,20,0.358130,0.165261,19.4461
1,20,3.5800,179,0,20,0.360614,0.162287,19.4460
1,20,3.6000,180,0,20,0.362884,0.160264,19.4457
1,20,3.6200,181,0,20,0.362186,0.158256,19.4452
1,20,3.6400,182,0,20,0.358153,0.155638,19.4445
1,20,3.6600,183,0,20,0.349799,0.153204,19.4438
1,20,3.6800,184,0,20,0.338251,0.151805,19.4431
1,20,3.7000,185,0,20,0.324384,0.151964,19.4423
1,20,3.7200,186,0,20,0.309974,0.153389,19.4416
1,20,3.7400,187,0,20,0.294740,0.155337,19.4410
1,20,3.7600,188,0,20,0.281254,0.157268,19.4405
1,20,3.7800,189,0,20,0.270163,0.158956,19.4401
1,20,3.8000,190,0,20,0.262205,0.160679,19.4400
1,20,3.8200,191,0,20,0.258859,0.162445,19.4400
1,20,3.8400,192,0,20,0.257282,0.163706,19.4400
1,20,3.8600,193,0,20,0.258613,0.167578,19.4401
1,20,3.8800,194,0,20,0.254753,0.162556,19.4400
1,20,3.9000,195,0,20,0.269974,0.158344,19.4396
1,20,3.9200,196,0,20,0.289611,0.155554,19.4393
1,20,3.9400,197,0,20,0.269728,0.153752,19.4389
1,20,3.9600,198,0,20,0.244463,0.153132,19.4383
1,20,3.9800,199,0,20,0.223310,0.153259,19.4376
1,20,4.0000,200,0,20,0.218221,0.152129,19.4370
1,20,4.0200,201,0,20,0.211890,0.150554,19.4366
1,20,4.0400,202,0,20,0.210107,0.149886,19.4362
1,20,4.0600,203,0,20,0.219781,0.150397,19.4358
1,20,4.0800,204,0,20,0.222222,0.151346,19.4354
1,20,4.1000,205,0,20,0.217486,0.151759,19.4352
1,20,4.1200,206,0,20,0.209780,0.151226,19.4351
1,20,4.1400,207,0,20,0.217015,0.150034,19.4352
1,20,4.1600,208,0,20,0.220376,0.148933,19.4354
1,20,4.1800,209,0,20,0.216233,0.147945,19.4356
1,20,4.2000,210,0,20,0.207480,0.146806,19.4357
1,20,4.2200,211,0,20,0.202569,0.146022,19.4359
1,20,4.2400,212,0,20,0.213269,0.145830,19.4359
1,20,4.2600,213,0,20,0.223626,0.145502,19.4359
1,20,4.2800,214,0,20,0.232772,0.144236,19.4358
1,20,4.3000,215,0,20,0.238989,0.141845,19.4356
1,20,4.3200,216,0,20,0.244679,0.139184,19.4353
1,20,4.3400,217,0,20,0.248393,0.136550,19.4348
1,20,4.3600,218,0,20,0.250647,0.133980,19.4343
1,20,4.3800,219,0,20,0.252488,0.131923,19.4338
1,20,4.4000,220,0,20,0.253815,0.130609,19.4333
1,20,4.4200,221,0,20,0.257343,0.130911,19.4329
1,20,4.4400,222,0,20,0.261262,0.133747,19.4325
1,20,4.4600,223,0,20,0.252396,0.136797,19.4321
1,20,4.4800,224,0,20,0.243721,0.140378,19.4317
1,20,4.5000,225,0,20,0.242115,0.143442,19.4314
1,20,4.5200,226,0,20,0.244725,0.146350,19.4313
1,20,4.5400,227,0,20,0.243004,0.147463,19.4312
1,20,4.5600,228,0,20,0.245375,0.148262,19.4313
1,20,4.5800,229,0,20,0.252348,0.148724,19.4313
1,20,4.6000,230,0,20,0.261673,0.148637,19.4313
1,20,4.6200,231,0,20,0.259118,0.146943,19.4312
1,20,4.6400,232,0,20,0.250522,0.144029,19.4311
1,20,4.6600,233,0,20,0.242705,0.140464,19.4310
1,20,4.6800,234,0,20,0.240793,0.136837,19.4309
1,20,4.7000,235,0,20,0.243602,0.133658,19.4307
1,20,4.7200,236,0,20,0.246612,0.131117,19.4305
1,20,4.7400,237,0,20,0.247048,0.128905,19.4301
1,20,4.7600,238,0,20,0.243145,0.126301,19.4296
1,20,4.7800,239,0,20,0.237681,0.123282,19.4292
1,20,4.8000,240,0,20,0.233767,0.120571,19.4289
1,20,4.8200,241,0,20,0.231141,0.119184,19.4286
1,20,4.8400,242,0,20,0.224069,0.118837,19.4283
1,20,4.8600,243,0,20,0.214221,0.119577,19.4281
1,20,4.8800,244,0,20,0.206028,0.121117,19.4279
1,20,4.9000,245,0,20,0.208768,0.122541,19.4277
1,20,4.9200,246,0,20,0.209145,0.123006,19.4277
1,20,4.9400,247,0,20,0.206610,0.122556,19.4277
1,20,4.9600,248,0,20,0.203293,0.121486,19.4278
1,20,4.9800,249,0,20,0.199848,0.120168,19.4278
1,20,5.0000,250,0,20,0.196530,0.118289,19.4278
1,20,5.0200,251,0,20,0.193753,0.116484,19.4279
1,20,5.0400,252,0,20,0.189075,0.114629,19.4279
1,20,5.0600,253,0,20,0.183671,0.113807,19.4280
1,20,5.0800,254,0,20,0.177915,0.113367,19.4281
1,20,5.1000,255,0,20,0.178841,0.113187,19.4281
1,20,5.1200,256,0,20,0.180133,0.112775,19.4281
1,20,5.1400,257,0,20,0.179768,0.112343,19.4282
1,20,5.1600,258,0,20,0.180059,0.111949,19.4282
1,20,5.1800,259,0,20,0.185042,0.111665,19.4283
1,20,5.2000,260,0,20,0.192084,0.111342,19.4284
1,20,5.2200,261,0,20,0.197584,0.110961,19.4284
1,20,5.2400,262,0,20,0.201391,0.110370,19.4284
1,20,5.2600,263,0,20,0.203756,0.109580,19.4284
1,20,5.2800,264,0,20,0.205428,0.108612,19.4283
1,20,5.3000,265,0,20,0.206894,0.107344,19.4283
1,20,5.3200,266,0,20,0.207619,0.105969,19.4283
1,20,5.3400,267,0,20,0.208324,0.104742,19.4283
1,20,5.3600,268,0,20,0.208177,0.103938,19.4282
1,20,5.3800,269,0,20,0.207233,0.103627,19.4282
1,20,5.4000,270,0,20,0.205807,0.103827,19.4282
1,20,5.4200,271,0,20,0.204537,0.104410,19.4282
1,20,5.4400,272,0,20,0.203274,0.105201,19.4283
1,20,5.4600,273,0,20,0.201584,0.106117,19.4283
1,20,5.4800,274,0,20,0.198956,0.107072,19.4284
1,20,5.5000,275,0,20,0.194997,0.107964,19.4284
1,20,5.5200,276,0,20,0.197183,0.108612,19.4284
1,20,5.5400,277,0,20,0.199028,0.108919,19.4285
1,20,5.5600,278,0,20,0.200407,0.108862,19.4285
1,20,5.5800,279,0,20,0.201080,0.108550,19.4286
1,20,5.6000,280,0,20,0.201563,0.108260,19.4286
1,20,5.6200,281,0,20,0.202177,0.108174,19.4287
1,20,5.6400,282,0,20,0.204640,0.108351,19.4287
1,20,5.6600,283,0,20,0.208138,0.108651,19.4287
1,20,5.6800,284,0,20,0.211369,0.109058,19.4287
1,20,5.7000,285,0,20,0.214672,0.109597,19.4287
1,20,5.7200,286,0,20,0.217828,0.109924,19.4287
1,20,5.7400,287,0,20,0.220058,0.110025,19.4286
1,20,5.7600,288,0,20,0.221632,0.109987,19.4285
1,20,5.7800,289,0,20,0.222204,0.109854,19.4283
1,20,5.8000,290,0,20,0.221467,0.109773,19.4282
1,20,5.8200,291,0,20,0.219937,0.109867,19.4280
1,20,5.8400,292,0,20,0.217882,0.110222,19.4279
1,20,5.8600,293,0,20,0.216262,0.110857,19.4279
1,20,5.8800,294,0,20,0.215386,0.111675,19.4278
1,20,5.9000,295,0,20,0.214223,0.112617,19.4278
1,20,5.9200,296,0,20,0.213234,0.113459,19.4278
1,20,5.9400,297,0,20,0.212555,0.113940,19.4278
1,20,5.9600,298,0,20,0.211596,0.113975,19.4279
1,20,5.9800,299,0,20,0.210456,0.113616,19.4280
1,20,6.0000,300,0,20,0.210068,0.112834,19.4281
1,20,6.0200,301,0,20,0.210301,0.111763,19.4282
1,20,6.0400,302,0,20,0.209816,0.110486,19.4283
1,20,6.0600,303,0,20,0.208514,0.109152,19.4283
1,20,6.0800,304,0,20,0.206761,0.107927,19.4284
1,20,6.1000,305,0,20,0.203451,0.107279,19.4285
1,20,6.1200,306,0,20,0.198547,0.107349,19.4286
1,20,6.1400,307,0,20,0.192522,0.107825,19.4287
1,20,6.1600,308,0,20,0.185593,0.108598,19.4287
1,20,6.1800,309,0,20,0.185402,0.109677,19.4288
1,20,6.2000,310,0,20,0.189877,0.111053,19.4288
1,20,6.2200,311,0,20,0.192787,0.112727,19.4289
1,20,6.2400,312,0,20,0.194962,0.114583,19.4289
1,20,6.2600,313,0,20,0.196741,0.116548,19.4290
1,20,6.2800,314,0,20,0.198314,0.118333,19.4291
1,20,6.3000,315,0,20,0.200373,0.119875,19.4293
1,20,6.3200,316,0,20,0.202860,0.121083,19.4294
1,20,6.3400,317,0,20,0.206243,0.121896,19.4296
1,20,6.3600,318,0,20,0.210086,0.122279,19.4298
1,20,6.3800,319,0,20,0.214059,0.122341,19.4301
1,20,6.4000,320,0,20,0.218156,0.122298,19.4303
1,20,6.4200,321,0,20,0.222108,0.122103,19.4306
1,20,6.4400,322,0,20,0.225106,0.121975,19.4309
1,20,6.4600,323,0,20,0.226757,0.121933,19.4312
1,20,6.4800,324,0,20,0.227009,0.121939,19.4314
1,20,6.5000,325,0,20,0.225559,0.121970,19.4317
1,20,6.5200,326,0,20,0.222313,0.122017,19.4320
1,20,6.5400,327,0,20,0.217388,0.122148,19.4322
1,20,6.5600,328,0,20,0.211238,0.122421,19.4324
1,20,6.5800,329,0,20,0.204232,0.122864,19.4327
1,20,6.6000,330,0,20,0.196675,0.123476,19.4329
1,20,6.6200,331,0,20,0.188853,0.124247,19.4330
1,20,6.6400,332,0,20,0.180679,0.125149,19.4332
1,20,6.6600,333,0,20,0.178386,0.126168,19.4334
1,20,6.6800,334,0,20,0.178423,0.127267,19.4335
1,20,6.7000,335,0,20,0.179438,0.128433,19.4336
1,20,6.7200,336,0,20,0.181429,0.129627,19.4337
1,20,6.7400,337,0,20,0.184241,0.130879,19.4338
1,20,6.7600,338,0,20,0.187802,0.132264,19.4339
1,20,6.7800,339,0,20,0.191941,0.133896,19.4340
1,20,6.8000,340,0,20,0.197047,0.135764,19.4341
1,20,6.8200,341,0,20,0.202758,0.137777,19.4342
1,20,6.8400,342,0,20,0.208476,0.140050,19.4342
1,20,6.8600,343,0,20,0.214080,0.142633,19.4343
1,20,6.8800,344,0,20,0.219017,0.145300,19.4343
1,20,6.9000,345,0,20,0.222770,0.147846,19.4344
1,20,6.9200,346,0,20,0.225289,0.150056,19.4345
1,20,6.9400,347,0,20,0.226413,0.151872,19.4346
1,20,6.9600,348,0,20,0.226318,0.153413,19.4346
1,20,6.9800,349,0,20,0.225094,0.154617,19.4347
1,20,7.0000,350,0,20,0.222918,0.155471,19.4348
1,20,7.0200,351,0,20,0.220239,0.155981,19.4350
1,20,7.0400,352,0,20,0.217284,0.155958,19.4351
1,20,7.0600,353,0,20,0.214199,0.155722,19.4352
1,20,7.0800,354,0,20,0.211312,0.155381,19.4354
1,20,7.1000,355,0,20,0.208749,0.154943,19.4355
1,20,7.1200,356,0,20,0.206386,0.154434,19.4357
1,20,7.1400,357,0,20,0.204415,0.153890,19.4359
1,20,7.1600,358,0,20,0.206866,0.153279,19.4360
1,20,7.1800,359,0,20,0.215120,0.152608,19.4362
1,20,7.2000,360,0,20,0.225536,0.151868,19.4364
1,20,7.2200,361,0,20,0.238613,0.151128,19.4366
1,20,7.2400,362,0,20,0.251055,0.150417,19.4368
1,20,7.2600,363,0,20,0.264084,0.149811,19.4369
1,20,7.2800,364,0,20,0.276663,0.149404,19.4371
1,20,7.3000,365,0,20,0.287927,0.149146,19.4372
1,20,7.3200,366,0,20,0.298178,0.149130,19.4374
1,20,7.3400,367,0,20,0.307565,0.149554,19.4376
1,20,7.3600,368,0,20,0.315829,0.150125,19.4377
1,20,7.3800,369,0,20,0.322909,0.151043,19.4379
1,20,7.4000,370,0,20,0.328554,0.152476,19.4382
1,20,7.4200,371,0,20,0.333763,0.154169,19.4384
1,20,7.4400,372,0,20,0.339367,0.155855,19.4387
1,20,7.4600,373,0,20,0.345124,0.157072,19.4390
1,20,7.4800,374,0,20,0.350571,0.157822,19.4393
1,20,7.5000,375,0,20,0.356056,0.158283,19.4396
1,20,7.5200,376,0,20,0.361686,0.158595,19.4400
1,20,7.5400,377,0,20,0.367910,0.158596,19.4403
1,20,7.5600,378,0,20,0.374478,0.158320,19.4407
1,20,7.5800,379,0,20,0.380706,0.157861,19.4411
1,20,7.6000,380,0,20,0.385863,0.157296,19.4414
1,20,7.6200,381,0,20,0.389504,0.156783,19.4418
1,20,7.6400,382,0,20,0.391337,0.156446,19.4422
1,20,7.6600,383,0,20,0.391539,0.156364,19.4425
1,20,7.6800,384,0,20,0.390411,0.156563,19.4428
1,20,7.7000,385,0,20,0.387860,0.157076,19.4431
1,20,7.7200,386,0,20,0.383944,0.157954,19.4433
1,20,7.7400,387,0,20,0.378521,0.159178,19.4436
1,20,7.7600,388,0,20,0.371565,0.160649,19.4438
1,20,7.7800,389,0,20,0.363664,0.162362,19.4440
1,20,7.8000,390,0,20,0.354950,0.164270,19.4442
1,20,7.8200,391,0,20,0.345528,0.166512,19.4444
1,20,7.8400,392,0,20,0.337470,0.168899,19.4447
1,20,7.8600,393,0,20,0.333511,0.171659,19.4449
1,20,7.8800,394,0,20,0.321715,0.174576,19.4451
1,20,7.9000,395,0,20,0.320161,0.178552,19.4453
1,20,7.9200,396,0,20,0.319455,0.182296,19.4454
1,20,7.9400,397,0,20,0.316686,0.184818,19.4456
1,20,7.9600,398,0,20,0.310241,0.187551,19.4458
1,20,7.9800,399,0,20,0.305615,0.190792,19.4460
1,20,8.0000,400,0,20,0.299233,0.194496,19.4462
1,20,8.0200,401,0,20,0.289588,0.199791,19.4465
1,20,8.0400,402,0,20,0.287017,0.203872,19.4467
1,20,8.0600,403,0,20,0.290925,0.207586,19.4469
1,20,8.0800,404,0,20,0.294793,0.209985,19.4470
1,20,8.1000,405,0,20,0.293682,0.212558,19.4472
1,20,8.1200,406,0,20,0.287223,0.215308,19.4473
1,20,8.1400,407,0,20,0.284843,0.216659,19.4474
1,20,8.1600,408,0,20,0.287909,0.217791,19.4475
1,20,8.1800,409,0,20,0.290673,0.218510,19.4476
1,20,8.2000,410,0,20,0.295117,0.218676,19.4478
1,20,8.2200,411,0,20,0.296722,0.218461,19.4479
1,20,8.2400,412,0,20,0.296546,0.218081,19.4481
1,20,8.2600,413,0,20,0.305168,0.217659,19.4483
1,20,8.2800,414,0,20,0.309735,0.217203,19.4485
1,20,8.3000,415,0,20,0.314575,0.216661,19.4487
1,20,8.3200,416,0,20,0.319799,0.215911,19.4490
1,20,8.3400,417,0,20,0.325186,0.216007,19.4492
1,20,8.3600,418,0,20,0.336380,0.216276,19.4495
1,20,8.3800,419,0,20,0.351147,0.216470,19.4499
1,20,8.4000,420,0,20,0.365565,0.216599,19.4502
1,20,8.4200,421,0,20,0.380391,0.216411,19.4505
1,20,8.4400,422,0,20,0.395954,0.215705,19.4507
1,20,8.4600,423,0,20,0.410798,0.214592,19.4510
1,20,8.4800,424,0,20,0.423518,0.213437,19.4512
1,20,8.5000,425,0,20,0.433568,0.212614,19.4515
1,20,8.5200,426,0,20,0.441250,0.212193,19.4517
1,20,8.5400,427,0,20,0.446504,0.211925,19.4519
1,20,8.5600,428,0,20,0.455603,0.211702,19.4521
1,20,8.5800,429,0,20,0.471032,0.211709,19.4523
1,20,8.6000,430,0,20,0.489451,0.212081,19.4525
1,20,8.6200,431,0,20,0.506827,0.212802,19.4527
1,20,8.6400,432,0,20,0.522033,0.214495,19.4529
1,20,8.6600,433,0,20,0.536247,0.216681,19.4532
1,20,8.6800,434,0,20,0.548220,0.218599,19.4536
1,20,8.7000,435,0,20,0.558147,0.219171,19.4540
1,20,8.7200,436,0,20,0.572093,0.218953,19.4543
1,20,8.7400,437,0,20,0.576890,0.217894,19.4547
1,20,8.7600,438,0,20,0.572057,0.216482,19.4551
1,20,8.7800,439,0,20,0.566876,0.215473,19.4555
1,20,8.8000,440,0,20,0.567953,0.214940,19.4557
1,20,8.8200,441,0,20,0.573751,0.214375,19.4558
1,20,8.8400,442,0,20,0.577757,0.213581,19.4558
1,20,8.8600,443,0,20,0.575866,0.212976,19.4557
1,20,8.8800,444,0,20,0.568661,0.213079,19.4557
1,20,8.9000,445,0,20,0.559753,0.213961,19.4556
1,20,8.9200,446,0,20,0.551321,0.215382,19.4554
1,20,8.9400,447,0,20,0.543383,0.217043,19.4553
1,20,8.9600,448,0,20,0.542249,0.218540,19.4553
1,20,8.9800,449,0,20,0.541464,0.220052,19.4553
1,20,9.0000,450,0,20,0.539537,0.222216,19.4553
1,20,9.0200,451,0,20,0.536931,0.225147,19.4553
1,20,9.0400,452,0,20,0.535571,0.228056,19.4555
1,20,9.0600,453,0,20,0.536382,0.230958,19.4556
1,20,9.0800,454,0,20,0.537930,0.233044,19.4559
1,20,9.1000,455,0,20,0.535722,0.234811,19.4561
1,20,9.1200,456,0,20,0.526925,0.236719,19.4564
1,20,9.1400,457,0,20,0.513349,0.238576,19.4567
1,20,9.1600,458,0,20,0.497112,0.240252,19.4569
1,20,9.1800,459,0,20,0.480021,0.241689,19.4571
1,20,9.2000,460,0,20,0.461443,0.243202,19.4573
1,20,9.2200,461,0,20,0.444504,0.245013,19.4574
1,20,9.2400,462,0,20,0.432001,0.247045,19.4574
1,20,9.2600,463,0,20,0.425068,0.249323,19.4574
1,20,9.2800,464,0,20,0.423958,0.251724,19.4574
1,20,9.3000,465,0,20,0.426877,0.253734,19.4573
1,20,9.3200,466,0,20,0.431419,0.255694,19.4571
1,20,9.3400,467,0,20,0.435001,0.257738,19.4570
1,20,9.3600,468,0,20,0.436639,0.259254,19.4570
1,20,9.3800,469,0,20,0.436251,0.260292,19.4569
1,20,9.4000,470,0,20,0.434630,0.261846,19.4569
1,20,9.4200,471,0,20,0.436326,0.263522,19.4568
1,20,9.4400,472,0,20,0.442028,0.264181,19.4568
1,20,9.4600,473,0,20,0.448121,0.263860,19.4569
1,20,9.4800,474,0,20,0.449523,0.263560,19.4571
1,20,9.5000,475,0,20,0.449393,0.263266,19.4573
1,20,9.5200,476,0,20,0.452054,0.263617,19.4575
1,20,9.5400,477,0,20,0.453469,0.261390,19.4576
1,20,9.5600,478,0,20,0.463086,0.259681,19.4577
1,20,9.5800,479,0,20,0.468878,0.253488,19.4579
1,20,9.6000,480,0,20,0.465783,0.251813,19.4579
1,20,9.6200,481,0,20,0.466454,0.250256,19.4577
1,20,9.6400,482,0,20,0.477225,0.249257,19.4573
1,20,9.6600,483,0,20,0.491172,0.247477,19.4568
1,20,9.6800,484,0,20,0.506737,0.245515,19.4563
1,20,9.7000,485,0,20,0.525733,0.244521,19.4560
1,20,9.7200,486,0,20,0.541244,0.244403,19.4557
1,20,9.7400,487,0,20,0.550927,0.244816,19.4555
1,20,9.7600,488,0,20,0.557014,0.245690,19.4552
1,20,9.7800,489,0,20,0.563716,0.246452,19.4550
1,20,9.8000,490,0,20,0.571871,0.246563,19.4548
1,20,9.8200,491,0,20,0.582140,0.246280,19.4547
1,20,9.8400,492,0,20,0.605552,0.246013,19.4546
1,20,9.8600,493,0,20,0.569839,0.245757,19.4545
1,20,9.8800,494,0,20,0.591360,0.244996,19.4544
1,20,9.9000,495,0,20,0.618902,0.244212,19.4543
1,20,9.9200,496,0,20,0.637603,0.242863,19.4540
1,20,9.9400,497,0,20,0.647929,0.241533,19.4537
1,20,9.9600,498,0,20,0.650620,0.240472,19.4535
1,20,9.9800,499,0,20,0.648696,0.239208,19.4531
1,20,10.0000,500,0,20,0.643779,0.237980,19.4527
1,20,10.0200,501,0,20,0.636503,0.237063,19.4523
1,20,10.0400,502,0,20,0.629011,0.236706,19.4518
1,20,10.0600,503,0,20,0.623243,0.236523,19.4513
1,20,10.0800,504,0,20,0.618869,0.236677,19.4509
1,20,10.1000,505,0,20,0.616221,0.237034,19.4505
1,20,10.1200,506,0,20,0.613733,0.237736,19.4502
1,20,10.1400,507,0,20,0.607274,0.238514,19.4500
1,20,10.1600,508,0,20,0.593708,0.238745,19.4499
1,20,10.1800,509,0,20,0.575399,0.239216,19.4498
1,20,10.2000,510,0,20,0.558149,0.240030,19.4499
1,20,10.2200,511,0,20,0.543882,0.241600,19.4499
1,20,10.2400,512,0,20,0.529405,0.243214,19.4499
1,20,10.2600,513,0,20,0.516830,0.244573,19.4499
1,20,10.2800,514,0,20,0.507905,0.245590,19.4499
1,20,10.3001,515,0,20,0.501851,0.246250,19.4500
1,20,10.3201,516,0,20,0.497008,0.247385,19.4500
1,20,10.3401,517,0,20,0.493474,0.251043,19.4501
1,20,10.3601,518,0,20,0.483907,0.249881,19.4497
1,20,10.3801,519,0,20,0.471672,0.248170,19.4492
1,20,10.4001,520,0,20,0.468540,0.249059,19.4489
1,20,10.4201,521,0,20,0.455548,0.250217,19.4484
1,20,10.4401,522,0,20,0.453153,0.251984,19.4479
1,20,10.4601,523,0,20,0.451538,0.254133,19.4473
1,20,10.4801,524,0,20,0.450714,0.255074,19.4469
1,20,10.5001,525,0,20,0.454884,0.254773,19.4466
1,20,10.5201,526,0,20,0.456874,0.255324,19.4466
1,20,10.5401,527,0,20,0.455181,0.257145,19.4468
1,20,10.5601,528,0,20,0.454437,0.258998,19.4471
1,20,10.5801,529,0,20,0.456569,0.259509,19.4475
1,20,10.6001,530,0,20,0.450172,0.259860,19.4477
1,20,10.6201,531,0,20,0.440915,0.259570,19.4481
1,20,10.6401,532,0,20,0.446329,0.257574,19.4485
1,20,10.6601,533,0,20,0.451781,0.253554,19.4490
1,20,10.6801,534,0,20,0.452825,0.251151,19.4492
1,20,10.7001,535,0,20,0.456086,0.253119,19.4493
1,20,10.7201,536,0,20,0.461751,0.252205,19.4491
1,20,10.7401,537,0,20,0.471940,0.248991,19.4484
1,20,10.7601,538,0,20,0.483491,0.245134,19.4478
1,20,10.7801,539,0,20,0.488541,0.241224,19.4473
1,20,10.8001,540,0,20,0.490280,0.238516,19.4468
1,20,10.8201,541,0,20,0.491440,0.237384,19.4463
1,20,10.8401,542,0,20,0.493015,0.237344,19.4459
1,20,10.8601,543,0,20,0.498101,0.238886,19.4457
1,20,10.8801,544,0,20,0.509012,0.242226,19.4456
1,20,10.9001,545,0,20,0.523590,0.245401,19.4456
1,20,10.9201,546,0,20,0.536407,0.246835,19.4456
1,20,10.9401,547,0,20,0.543608,0.247409,19.4457
1,20,10.9601,548,0,20,0.545213,0.246971,19.4459
1,20,10.9801,549,0,20,0.543511,0.246307,19.4461
1,20,11.0001,550,0,20,0.541096,0.245990,19.4463
1,20,11.0201,551,0,20,0.539984,0.244721,19.4465
1,20,11.0401,552,0,20,0.540929,0.242908,19.4465
1,20,11.0601,553,0,20,0.543965,0.240887,19.4465
1,20,11.0801,554,0,20,0.549277,0.238921,19.4464
1,20,11.1001,555,0,20,0.556240,0.236975,19.4463
1,20,11.1201,556,0,20,0.564597,0.235332,19.4461
1,20,11.1401,557,0,20,0.576809,0.234561,19.4459
1,20,11.1601,558,0,20,0.590068,0.232636,19.4456
1,20,11.1801,559,0,20,0.603448,0.232849,19.4457
1,20,11.2001,560,0,20,0.622575,0.235517,19.4457
1,20,11.2201,561,0,20,0.627708,0.237702,19.4456
1,20,11.2401,562,0,20,0.625118,0.237775,19.4455
1,20,11.2601,563,0,20,0.623670,0.236576,19.4456
1,20,11.2801,564,0,20,0.633182,0.236285,19.4458
1,20,11.3001,565,0,20,0.631212,0.238309,19.4461
1,20,11.3201,566,0,20,0.629378,0.241842,19.4462
1,20,11.3401,567,0,20,0.632085,0.244579,19.4463
1,20,11.3601,568,0,20,0.636076,0.245303,19.4464
1,20,11.3801,569,0,20,0.639131,0.245545,19.4465
1,20,11.4001,570,0,20,0.639714,0.245584,19.4466
1,20,11.4201,571,0,20,0.634855,0.246352,19.4468
1,20,11.4401,572,0,20,0.624044,0.247980,19.4469
1,20,11.4601,573,0,20,0.612076,0.249365,19.4469
1,20,11.4801,574,0,20,0.601214,0.250064,19.4469
1,20,11.5001,575,0,20,0.590878,0.250584,19.4469
1,20,11.5201,576,0,20,0.582103,0.251087,19.4469
1,20,11.5401,577,0,20,0.579947,0.251717,19.4469
1,20,11.5601,578,0,20,0.587614,0.252517,19.4469
1,20,11.5801,579,0,20,0.600170,0.253491,19.4468
1,20,11.6001,580,0,20,0.609462,0.254641,19.4468
1,20,11.6201,581,0,20,0.612113,0.256009,19.4466
1,20,11.6401,582,0,20,0.608231,0.257370,19.4465
1,20,11.6601,583,0,20,0.600997,0.258779,19.4464
1,20,11.6801,584,0,20,0.592378,0.264390,19.4463
1,20,11.7001,585,0,20,0.584648,0.267705,19.4461
1,20,11.7201,586,0,20,0.573378,0.270046,19.4459
1,20,11.7401,587,0,20,0.573297,0.271811,19.4456
1,20,11.7601,588,0,20,0.582767,0.273875,19.4453
1,20,11.7801,589,0,20,0.580857,0.275782,19.4450
1,20,11.8001,590,0,20,0.571167,0.278273,19.4448
1,20,11.8201,591,0,20,0.563025,0.281403,19.4446
1,20,11.8401,592,0,20,0.547590,0.284978,19.4444
1,20,11.8601,593,0,20,0.529106,0.288427,19.4441
1,20,11.8801,594,0,20,0.513663,0.291470,19.4437
1,20,11.9001,595,0,20,0.501373,0.295124,19.4433
1,20,11.9201,596,0,20,0.494746,0.298838,19.4430
1,20,11.9401,597,0,20,0.492993,0.301680,19.4426
1,20,11.9601,598,0,20,0.501881,0.304109,19.4423
1,20,11.9801,599,0,20,0.510299,0.306674,19.4421
1,20,12.0001,600,0,20,0.512189,0.309437,19.4418
1,20,12.0201,601,0,20,0.512986,0.312597,19.4414
1,20,12.0401,602,0,20,0.510896,0.315162,19.4412
1,20,12.0601,603,0,20,0.509227,0.317336,19.4410
1,20,12.0801,604,0,20,0.509744,0.319365,19.4408
1,20,12.1001,605,0,20,0.511700,0.321557,19.4407
1,20,12.1201,606,0,20,0.516561,0.323745,19.4405
1,20,12.1401,607,0,20,0.525957,0.325133,19.4403
1,20,12.1601,608,0,20,0.538946,0.326237,19.4400
1,20,12.1801,609,0,20,0.562292,0.327415,19.4399
1,20,12.2001,610,0,20,0.591952,0.328364,19.4396
1,20,12.2201,611,0,20,0.615789,0.329189,19.4393
1,20,12.2401,612,0,20,0.631679,0.329426,19.4388
1,20,12.2601,613,0,20,0.643787,0.329209,19.4383
1,20,12.2801,614,0,20,0.652937,0.328723,19.4379
1,20,12.3001,615,0,20,0.658702,0.328140,19.4374
1,20,12.3201,616,0,20,0.664499,0.327588,19.4369
1,20,12.3401,617,0,20,0.674584,0.327075,19.4364
1,20,12.3601,618,0,20,0.689466,0.326612,19.4359
1,20,12.3801,619,0,20,0.706466,0.326346,19.4353
1,20,12.4001,620,0,20,0.723076,0.326954,19.4347
1,20,12.4201,621,0,20,0.738146,0.328605,19.4340
1,20,12.4401,622,0,20,0.752570,0.329056,19.4333
1,20,12.4601,623,0,20,0.774142,0.329413,19.4327
1,20,12.4801,624,0,20,0.797949,0.329904,19.4320
1,20,12.5001,625,0,20,0.812085,0.330713,19.4313
1,20,12.5201,626,0,20,0.815502,0.331880,19.4306
1,20,12.5401,627,0,20,0.815599,0.333207,19.4298
1,20,12.5601,628,0,20,0.820335,0.333710,19.4290
1,20,12.5801,629,0,20,0.832112,0.334871,19.4282
1,20,12.6001,630,0,20,0.845448,0.336496,19.4272
1,20,12.6201,631,0,20,0.858337,0.337510,19.4262
1,20,12.6401,632,0,20,0.881128,0.338778,19.4251
1,20,12.6601,633,0,20,0.903866,0.341024,19.4238
1,20,12.6801,634,0,20,0.913443,0.343969,19.4224
1,20,12.7001,635,0,20,0.912259,0.346596,19.4211
1,20,12.7201,636,0,20,0.910669,0.348304,19.4199
1,20,12.7401,637,0,20,0.908978,0.350307,19.4187
1,20,12.7601,638,0,20,0.903069,0.353674,19.4175
1,20,12.7801,639,0,20,0.894156,0.357965,19.4163
1,20,12.8001,640,0,20,0.884624,0.361877,19.4150
1,20,12.8201,641,0,20,0.878583,0.364956,19.4137
1,20,12.8401,642,0,20,0.881669,0.367264,19.4123
1,20,12.8601,643,0,20,0.895494,0.369078,19.4111
1,20,12.8801,644,0,20,0.911671,0.371067,19.4097
1,20,12.9001,645,0,20,0.927342,0.373948,19.4083
1,20,12.9201,646,0,20,0.939789,0.377643,19.4068
1,20,12.9401,647,0,20,0.948827,0.381440,19.4051
1,20,12.9601,648,0,20,0.951715,0.390401,19.4033
1,20,12.9801,649,0,20,0.956135,0.390499,19.4014
1,20,13.0001,650,0,20,0.961838,0.394626,19.3990
1,20,13.0201,651,0,20,0.980323,0.400463,19.3968
1,20,13.0401,652,0,20,0.981511,0.406196,19.3946
1,20,13.0601,653,0,20,0.959480,0.412721,19.3925
1,20,13.0801,654,0,20,0.932287,0.416952,19.3900
1,20,13.1001,655,0,20,0.916160,0.422503,19.3878
1,20,13.1201,656,0,20,0.895058,0.429525,19.3857
1,20,13.1401,657,0,20,0.885527,0.435492,19.3842
1,20,13.1601,658,0,20,0.883139,0.443400,19.3828
1,20,13.1801,659,0,20,0.882439,0.451719,19.3814
1,20,13.2001,660,0,20,0.888696,0.460029,19.3799
1,20,13.2201,661,0,20,0.900862,0.467874,19.3784
1,20,13.2401,662,0,20,0.914953,0.475797,19.3769
1,20,13.2601,663,0,20,0.929853,0.481716,19.3753
1,20,13.2801,664,0,20,0.946203,0.486899,19.3737
1,20,13.3001,665,0,20,0.957965,0.490621,19.3721
1,20,13.3201,666,0,20,0.963712,0.494631,19.3704
1,20,13.3401,667,0,20,0.974360,0.499699,19.3687
1,20,13.3601,668,0,20,0.992540,0.509713,19.3667
1,20,13.3801,669,0,20,1.019450,0.508028,19.3645
1,20,13.4001,670,0,20,1.054525,0.516713,19.3620
1,20,13.4201,671,0,20,1.082318,0.524695,19.3588
1,20,13.4401,672,0,20,1.104991,0.531386,19.3554
1,20,13.4601,673,0,20,1.141458,0.541036,19.3520
1,20,13.4801,674,0,20,1.192029,0.542081,19.3487
1,20,13.5001,675,0,20,1.218984,0.540332,19.3456
1,20,13.5201,676,0,20,1.229204,0.540947,19.3429
1,20,13.5401,677,0,20,1.251218,0.546244,19.3403
1,20,13.5601,678,0,20,1.259656,0.554239,19.3378
1,20,13.5801,679,0,20,1.270684,0.560608,19.3354
1,20,13.6001,680,0,20,1.299466,0.568316,19.3332
1,20,13.6201,681,0,20,1.342325,0.577312,19.3308
1,20,13.6401,682,0,20,1.381258,0.586762,19.3280
1,20,13.6601,683,0,20,1.406602,0.594707,19.3251
1,20,13.6801,684,0,20,1.414626,0.602592,19.3220
1,20,13.7001,685,0,20,1.411818,0.610973,19.3186
1,20,13.7201,686,0,20,1.408697,0.619929,19.3149
1,20,13.7401,687,0,20,1.413698,0.628401,19.3110
1,20,13.7601,688,0,20,1.410131,0.637854,19.3069
1,20,13.7801,689,0,20,1.439264,0.644873,19.3030
1,20,13.8001,690,0,20,1.490637,0.651068,19.2989
1,20,13.8201,691,0,20,1.537008,0.659206,19.2945
1,20,13.8401,692,0,20,1.575425,0.669017,19.2901
1,20,13.8601,693,0,20,1.614784,0.681143,19.2856
1,20,13.8801,694,0,20,1.658982,0.693078,19.2809
1,20,13.9001,695,0,20,1.701623,0.702994,19.2757
1,20,13.9201,696,0,20,1.734162,0.711924,19.2701
1,20,13.9401,697,0,20,1.766397,0.720649,19.2646
1,20,13.9601,698,0,20,1.801797,0.728304,19.2592
1,20,13.9801,699,0,20,1.837857,0.737911,19.2537
1,20,14.0001,700,0,20,1.873218,0.751131,19.2480
1,20,14.0201,701,0,20,1.935815,0.765945,19.2418
1,20,14.0401,702,0,20,2.007133,0.779828,19.2350
1,20,14.0601,703,0,20,2.029892,0.794028,19.2279
1,20,14.0801,704,0,20,2.051082,0.807080,19.2206
1,20,14.1001,705,0,20,2.070315,0.820112,19.2131
1,20,14.1201,706,0,20,2.084472,0.833234,19.2053
1,20,14.1401,707,0,20,2.096074,0.846794,19.1974
1,20,14.1601,708,0,20,2.115605,0.865110,19.1892
1,20,14.1801,709,0,20,2.148655,0.880792,19.1807
1,20,14.2001,710,0,20,2.192620,0.897783,19.1718
1,20,14.2201,711,0,20,2.253016,0.915654,19.1628
1,20,14.2401,712,0,20,2.292231,0.933884,19.1537
1,20,14.2601,713,0,20,2.309069,0.953347,19.1442
1,20,14.2801,714,0,20,2.332610,0.973495,19.1346
1,20,14.3001,715,0,20,2.371252,0.993138,19.1248
1,20,14.3201,716,0,20,2.419189,1.007268,19.1149
1,20,14.3401,717,0,20,2.473811,1.023689,19.1049
1,20,14.3601,718,0,20,2.530376,1.043193,19.0950
1,20,14.3801,719,0,20,2.570987,1.059509,19.0843
1,20,14.4001,720,0,20,2.600890,1.074198,19.0731
1,20,14.4201,721,0,20,2.676331,1.091240,19.0619
1,20,14.4401,722,0,20,2.765937,1.110562,19.0502
1,20,14.4601,723,0,20,2.839440,1.127787,19.0377
1,20,14.4801,724,0,20,2.901275,1.153162,19.0246
1,20,14.5001,725,0,20,2.968397,1.177893,19.0106
1,20,14.5201,726,0,20,3.026153,1.202979,18.9957
1,20,14.5401,727,0,20,3.072631,1.226565,18.9803
1,20,14.5601,728,0,20,3.132305,1.250265,18.9644
1,20,14.5801,729,0,20,3.182846,1.273538,18.9477
1,20,14.6001,730,0,20,3.239064,1.299113,18.9303
1,20,14.6201,731,0,20,3.275064,1.324199,18.9123
1,20,14.6401,732,0,20,3.319144,1.347687,18.8937
1,20,14.6601,733,0,20,3.375536,1.371709,18.8745
1,20,14.6802,734,0,20,3.437131,1.397104,18.8547
1,20,14.7002,735,0,20,3.498730,1.423556,18.8343
1,20,14.7202,736,0,20,3.568482,1.458048,18.8132
1,20,14.7402,737,0,20,3.661275,1.482289,18.7912
1,20,14.7602,738,0,20,3.768076,1.508479,18.7679
1,20,14.7802,739,0,20,3.861331,1.538775,18.7440
1,20,14.8002,740,0,20,3.931017,1.568580,18.7193
1,20,14.8202,741,0,20,3.953604,1.598917,18.6941
1,20,14.8402,742,0,20,4.034260,1.628248,18.6684
1,20,14.8602,743,0,20,4.155184,1.658464,18.6416
1,20,14.8802,744,0,20,4.260326,1.693743,18.6134
1,20,14.9002,745,0,20,4.357839,1.728124,18.5841
1,20,14.9202,746,0,20,4.478675,1.769977,18.5533
1,20,14.9402,747,0,20,4.581173,1.808580,18.5206
1,20,14.9602,748,0,20,4.672805,1.845239,18.4862
1,20,14.9802,749,0,20,4.780753,1.877689,18.4505
1,20,15.0002,750,0,20,4.842261,1.897248,18.4137
1,20,15.0202,751,0,20,4.915195,1.926350,18.3763
1,20,15.0402,752,0,20,4.975299,1.964138,18.3378
1,20,15.0602,753,0,20,5.062844,2.006625,18.2978
1,20,15.0802,754,0,20,5.212700,2.058049,18.2557
1,20,15.1002,755,0,20,5.352274,2.107347,18.2117
1,20,15.1202,756,0,20,5.484761,2.156369,18.1655
1,20,15.1402,757,0,20,5.627774,2.211139,18.1170
1,20,15.1602,758,0,20,5.742516,2.259238,18.0665
1,20,15.1802,759,0,20,5.852496,2.305395,18.0140
1,20,15.2002,760,0,20,5.948775,2.345436,17.9595
1,20,15.2202,761,0,20,6.030339,2.394721,17.9034
1,20,15.2402,762,0,20,6.118755,2.438039,17.8453
1,20,15.2602,763,0,20,6.211885,2.481385,17.7847
1,20,15.2802,764,0,20,6.327754,2.530904,17.7218
1,20,15.3002,765,0,20,6.464817,2.594805,17.6564
1,20,15.3202,766,0,20,6.602897,2.658276,17.5884
1,20,15.3402,767,0,20,6.728306,2.719047,17.5176
1,20,15.3602,768,0,20,6.849516,2.780268,17.4439
1,20,15.3802,769,0,20,6.966610,2.844960,17.3672
1,20,15.4002,770,0,20,7.090650,2.919076,17.2875
1,20,15.4202,771,0,20,7.214074,2.997586,17.2046
1,20,15.4402,772,0,20,7.327941,3.078250,17.1185
1,20,15.4602,773,0,20,7.450029,3.150793,17.0295
1,20,15.4802,774,0,20,7.585455,3.233377,16.9370
1,20,15.5002,775,0,20,7.718626,3.325392,16.8410
1,20,15.5202,776,0,20,7.851119,3.414647,16.7411
1,20,15.5402,777,0,20,7.976925,3.502193,16.6376
1,20,15.5602,778,0,20,8.105505,3.592442,16.5302
1,20,15.5802,779,0,20,8.236752,3.688145,16.4189
1,20,15.6002,780,0,20,8.370540,3.791426,16.3037
1,20,15.6202,781,0,20,8.506748,3.897932,16.1846
1,20,15.6402,782,0,20,8.645265,4.005672,16.0615
1,20,15.6602,783,0,20,8.785978,4.114054,15.9346
1,20,15.6802,784,0,20,8.928786,4.224050,15.8037
1,20,15.7002,785,0,20,9.073589,4.337322,15.6688
1,20,15.7202,786,0,20,9.220293,4.453597,15.5301
1,20,15.7402,787,0,20,9.368809,4.572404,15.3874
1,20,15.7602,788,0,20,9.519052,4.693352,15.2408
1,20,15.7802,789,0,20,9.670941,4.816358,15.0903
1,20,15.8002,790,0,20,9.824400,4.940404,14.9358
1,20,15.8202,791,0,20,9.979357,5.066710,14.7775
1,20,15.8402,792,0,20,10.135740,5.195393,14.6152
1,20,15.8602,793,0,20,10.293490,5.325675,14.4490
1,20,15.8802,794,0,20,10.452550,5.456834,14.2788
1,20,15.9002,795,0,20,10.612840,5.588809,14.1047
1,20,15.9202,796,0,20,10.774330,5.722146,13.9268
1,20,15.9402,797,0,20,10.936940,5.857448,13.7448
1,20,15.9602,798,0,20,11.100650,5.992806,13.5590
1,20,15.9802,799,0,20,11.265390,6.129308,13.3692
1,20,16.0002,800,0,20,11.431130,6.265861,13.1756
1,20,16.0202,801,0,20,11.597820,6.403514,12.9779
1,20,16.0402,802,0,20,11.765410,6.541760,12.7764
1,20,16.0602,803,0,20,11.933880,6.681380,12.5710
1,20,16.0802,804,0,20,12.103190,6.821734,12.3616
1,20,16.1002,805,0,20,12.273290,6.962616,12.1483
1,20,16.1202,806,0,20,12.444170,7.104960,11.9310
1,20,16.1402,807,0,20,12.615780,7.246665,11.7099
1,20,16.1602,808,0,20,12.788100,7.388099,11.4848
1,20,16.1802,809,0,20,12.961090,7.515027,11.2558
1,20,16.2002,810,0,20,13.134740,7.665402,11.0229
1,20,16.2202,811,0,20,13.309020,7.806037,10.7860
1,20,16.2402,812,0,20,13.483900,7.945158,10.5452
1,20,16.2602,813,0,20,13.659360,8.089071,10.3005
1,20,16.2802,814,0,20,13.835370,8.235209,10.0519
1,20,16.3002,815,0,20,14.011920,8.384125,9.7994
1,20,16.3202,816,0,20,14.188990,8.532621,9.5429
1,20,16.3402,817,0,20,14.366560,8.682844,9.2825
1,20,16.3602,818,0,20,14.544600,8.834131,9.0182
1,20,16.3802,819,0,20,14.723100,8.981714,8.7500
1,20,16.4002,820,0,20,14.902050,9.129555,8.4778
1,20,16.4202,821,0,20,15.081430,9.281555,8.2017
1,20,16.4402,822,0,20,15.261230,9.436817,7.9217
1,20,16.4602,823,0,20,15.441420,9.591585,7.6377
1,20,16.4802,824,0,20,15.622000,9.744404,7.3499
1,20,16.5002,825,0,20,15.802950,9.894761,7.0581
1,20,16.5202,826,0,20,15.984260,10.045990,6.7624
1,20,16.5402,827,0,20,16.165920,10.199780,6.4627
1,20,16.5602,828,0,20,16.347910,10.356700,6.1592
1,20,16.5802,829,0,20,16.530230,10.514960,5.8517
1,20,16.6002,830,0,20,16.712860,10.672000,5.5403
1,20,16.6202,831,0,20,16.895800,10.687300,5.2250
1,20,16.6402,832,0,20,17.079030,10.831750,4.9057
1,20,16.6602,833,0,20,17.262550,10.760530,4.5825
1,20,16.6802,834,0,20,17.446340,8.768412,4.2554
1,20,16.7002,835,0,20,17.630410,8.174039,3.9244
1,20,16.7202,836,0,20,17.814720,7.727182,3.6048
1,20,16.7402,837,0,20,17.999290,7.671500,3.5430
1,20,16.7602,838,0,20,18.184110,7.283659,3.4778
1,20,16.7802,839,0,20,18.369160,7.125609,3.4087
1,20,16.8002,840,0,20,19.741810,6.059813,3.3359
1,20,16.8202,841,0,20,18.875170,6.038829,3.2594
1,20,16.8402,842,0,20,26.080020,5.057832,3.1801
1,20,16.8602,843,0,20,23.068190,4.786008,3.0975
1,20,16.8802,844,0,20,23.738850,4.423820,3.0109
1,20,16.9002,845,0,20,23.891520,3.326303,2.9203
1,20,16.9202,846,0,20,6.299969,2.174129,2.8259
1,20,16.9402,847,0,20,6.448343,2.124326,2.7275
1,20,16.9602,848,0,20,6.599215,2.135152,2.6252
1,20,16.9802,849,0,20,6.752417,2.046451,2.5190
1,20,17.0002,850,0,20,6.907794,2.060034,2.4089
1,20,17.0202,851,0,20,7.065204,2.084815,2.2948
1,20,17.0402,852,0,20,7.224512,2.104365,2.1768
1,20,17.0602,853,0,20,7.385595,2.136388,2.0549
1,20,17.0802,854,0,20,7.548342,2.091624,1.9291
1,20,17.1002,855,0,20,7.712645,2.052701,1.8400
1,20,17.1202,856,0,20,7.878408,1.952682,1.8472
1,20,17.1402,857,0,20,8.045541,1.991677,1.8505
1,20,17.1602,858,0,20,8.213959,2.012969,1.8498
1,20,17.1802,859,0,20,8.383586,2.059674,1.8452
1,20,17.2002,860,0,20,8.554349,2.002614,1.8367
1,20,17.2202,861,0,20,8.726182,1.857587,1.8243
1,20,17.2402,862,0,20,8.899023,1.624947,1.8079
1,20,17.2602,863,0,20,9.072814,1.432675,1.7876
1,20,17.2802,864,0,20,9.247502,1.378735,1.7634
1,20,17.3002,865,0,20,3.846100,0.927951,1.7353
1,20,17.3202,866,0,20,2.584893,0.781132,1.7034
1,20,17.3402,867,0,20,2.135775,0.740036,1.6801
1,20,17.3602,868,1,19,1.854510,0.730611,1.6854
1,20,17.3802,869,1,19,1.943367,0.734589,1.6892
1,20,17.4002,870,1,19,2.039283,0.713724,1.6891
1,20,17.4202,871,1,19,2.062039,0.665909,1.6850
1,20,17.4402,872,1,19,1.840399,0.571988,1.6771
1,20,17.4602,873,1,19,1.892563,0.578202,1.6652
1,20,17.4802,874,1,19,1.963036,0.571741,1.6494
1,20,17.5002,875,1,19,2.049931,0.578744,1.6296
1,20,17.5202,876,1,19,2.151258,0.572030,1.6060
1,20,17.5402,877,1,19,2.155551,0.585821,1.5798
1,20,17.5602,878,1,19,2.170317,0.570529,1.5610
1,20,17.5802,879,1,19,2.264981,0.518063,1.5376
1,20,17.6002,880,1,19,2.372128,0.499896,1.5103
1,20,17.6202,881,1,19,2.490147,0.503693,1.4791
1,20,17.6402,882,1,19,2.617568,0.432990,1.4440
1,20,17.6602,883,1,19,2.753085,0.434866,1.4049
1,20,17.6802,884,2,18,2.895563,0.429277,1.3619
1,20,17.7002,885,2,18,3.044024,0.436588,1.3150
1,20,17.7202,886,2,18,3.197634,0.470734,1.2642
1,20,17.7402,887,2,18,3.355687,0.500987,1.2095
1,20,17.7602,888,2,18,3.517584,0.502379,1.1508
1,20,17.7802,889,2,18,3.682818,0.470737,1.0882
1,20,17.8002,890,3,17,3.850960,0.469777,1.0216
1,20,17.8202,891,3,17,4.021644,0.484708,0.9512
1,20,17.8402,892,3,17,4.194560,0.499726,0.8768
1,20,17.8602,893,3,17,4.369444,0.515699,0.7985
1,20,17.8802,894,6,14,4.546068,0.475459,0.7163
1,20,17.9002,895,7,13,3.541419,0.380388,0.7142
1,20,17.9202,896,8,12,3.603040,0.367093,0.6708
1,20,17.9402,897,8,12,3.709535,0.354451,0.6291
1,20,17.9602,898,8,12,3.823139,0.315468,0.5835
1,20,17.9802,899,9,11,2.826212,0.250357,0.5656
1,20,18.0002,900,9,11,2.865263,0.248535,0.5764
1,20,18.0202,901,9,11,1.905329,0.200604,0.5857
1,20,18.0402,902,10,10,1.794070,0.172178,0.5939
1,20,18.0602,903,11,9,1.672163,0.155662,0.6009
1,20,18.0802,904,11,9,1.570266,0.143759,0.6157
1,20,18.1002,905,11,9,1.491341,0.114718,0.6301
1,20,18.1202,906,11,9,1.418757,0.097257,0.6429
1,20,18.1402,907,11,9,1.349595,0.088873,0.6541
1,20,18.1602,908,11,9,1.288737,0.086187,0.6633
1,20,18.1802,909,11,9,1.238418,0.084088,0.6706
1,20,18.2002,910,11,9,1.199562,0.083329,0.6761
1,20,18.2202,911,12,8,1.172007,0.083016,0.6800
1,20,18.2402,912,12,8,1.150820,0.083312,0.6824
1,20,18.2602,913,12,8,1.128458,0.089056,0.6835
1,20,18.2802,914,12,8,1.033784,0.092603,0.6878
1,20,18.3002,915,12,8,0.986845,0.098682,0.6933
1,20,18.3202,916,15,5,0.949792,0.088715,0.6969
1,20,18.3402,917,15,5,0.925214,0.082765,0.6991
1,20,18.3602,918,15,5,0.899573,0.079915,0.7008
1,20,18.3802,919,15,5,0.879233,0.077616,0.7030
1,20,18.4002,920,15,5,0.863137,0.075326,0.7047
1,20,18.4202,921,15,5,0.850245,0.074931,0.7060
1,20,18.4402,922,15,5,0.840776,0.083354,0.7068
1,20,18.4602,923,17,3,0.834841,0.091912,0.7072
1,20,18.4802,924,17,3,0.871414,0.101047,0.7073
1,20,18.5002,925,17,3,0.958322,0.102993,0.7069
1,20,18.5202,926,17,3,1.047764,0.095596,0.7062
1,20,18.5402,927,17,3,1.141182,0.100015,0.7050
1,20,18.5602,928,17,3,1.237124,0.105024,0.7035
1,20,18.5802,929,17,3,0.872033,0.076135,0.7015
1,20,18.6002,930,17,3,0.890636,0.072295,0.6989
1,20,18.6202,931,17,3,0.912726,0.068256,0.6959
1,20,18.6402,932,17,3,0.938686,0.064603,0.6923
1,20,18.6602,933,17,3,0.968269,0.061098,0.6881
1,20,18.6802,934,17,3,1.001939,0.057850,0.6832
1,20,18.7002,935,17,3,1.039391,0.054826,0.6776
1,20,18.7202,936,17,3,1.081172,0.056386,0.6711
1,20,18.7402,937,18,2,1.126940,0.063443,0.6637
1,20,18.7602,938,18,2,1.177339,0.070892,0.6552
1,20,18.7802,939,18,2,1.231907,0.078584,0.6456
1,20,18.8002,940,18,2,1.291458,0.086577,0.6347
1,20,18.8202,941,18,2,1.355315,0.094849,0.6223
1,20,18.8402,942,18,2,1.424553,0.074068,0.6083
1,20,18.8602,943,18,2,1.498112,0.076308,0.5926
1,20,18.8802,944,18,2,1.577588,0.079228,0.5749
1,20,18.9002,945,18,2,1.661197,0.083166,0.5551
1,20,18.9202,946,18,2,1.750525,0.087638,0.5329
1,20,18.9402,947,18,2,1.845559,0.092390,0.5082
1,20,18.9602,948,18,2,0.470680,0.023644,0.5053
1,20,18.9802,949,18,2,0.351530,0.017688,0.5099
1,20,19.0002,950,18,2,0.241780,0.012200,0.5133
1,20,19.0202,951,18,2,0.140405,0.007130,0.5152
1,20,19.0403,952,18,2,0.040275,0.002126,0.5157
1,20,19.0603,953,18,2,0.062497,0.003235,0.5149
1,20,19.0803,954,18,2,0.163015,0.008260,0.5127
1,20,19.1003,955,18,2,0.264428,0.013333,0.5090
1,20,19.1203,956,18,2,0.366786,0.018450,0.5039
1,20,19.1403,957,18,2,0.016194,0.000919,0.5000
1,20,19.1603,958,18,2,0.019387,0.001081,0.5000
1,20,19.1803,959,18,2,0.003651,0.000293,0.5000
1,20,19.2003,960,18,2,0.004287,0.000324,0.5000
1,20,19.2203,961,18,2,0.003608,0.000292,0.5000
1,20,19.2403,962,18,2,0.003682,0.000294,0.5000
1,20,19.2603,963,18,2,0.003633,0.000291,0.5000
1,20,19.2803,964,19,1,0.003645,0.000182,0.5000
1,20,19.3003,965,19,1,0.003641,0.000182,0.5000
1,20,19.3203,966,19,1,0.003640,0.000182,0.5000
1,20,19.3403,967,19,1,0.003644,0.000182,0.5000
1,20,19.3603,968,19,1,0.003644,0.000182,0.5000
1,20,19.3803,969,19,1,0.003642,0.000182,0.5000
1,20,19.4003,970,19,1,0.003638,0.000182,0.5000
1,20,19.4203,971,19,1,0.003641,0.000182,0.5000
1,20,19.4403,972,19,1,0.003643,0.000182,0.5000
1,20,19.4603,973,19,1,0.003640,0.000182,0.5000
1,20,19.4803,974,19,1,0.003640,0.000182,0.5000
1,20,19.5003,975,19,1,0.003651,0.000183,0.5000
1,20,19.5203,976,19,1,0.003641,0.000182,0.5000
1,20,19.5403,977,20,0,0.000000,0.000000,0.5000
2,20,0.0200,1,0,20,0.000000,0.000000,19.5000
2,20,0.0400,2,0,20,0.196200,0.144994,19.4961
2,20,0.0600,3,0,20,0.389981,0.239109,19.4882
2,20,0.0800,4,0,20,0.521279,0.283479,19.4770
2,20,0.1000,5,0,20,0.502117,0.277813,19.4649
2,20,0.1200,6,0,20,0.368631,0.222753,19.4546
2,20,0.1400,7,0,20,0.196470,0.126549,19.4478
2,20,0.1600,8,0,20,0.097511,0.047658,19.4447
2,20,0.1800,9,0,20,0.227599,0.170839,19.4455
2,20,0.2000,10,0,20,0.400506,0.286273,19.4501
2,20,0.2200,11,0,20,0.535605,0.363395,19.4579
2,20,0.2400,12,0,20,0.594442,0.394271,19.4675
2,20,0.2600,13,0,20,0.562485,0.377191,19.4774
2,20,0.2800,14,0,20,0.454999,0.315503,19.4857
2,20,0.3000,15,0,20,0.301562,0.219293,19.4912
2,20,0.3200,16,0,20,0.137273,0.107971,19.4933
2,20,0.3400,17,0,20,0.095161,0.055468,19.4919
2,20,0.3600,18,0,20,0.221674,0.124912,19.4872
2,20,0.3800,19,0,20,0.318111,0.180989,19.4800
2,20,0.4000,20,0,20,0.352655,0.200515,19.4717
2,20,0.4200,21,0,20,0.320651,0.180499,19.4635
2,20,0.4400,22,0,20,0.239006,0.128351,19.4568
2,20,0.4600,23,0,20,0.156448,0.067815,19.4526
2,20,0.4800,24,0,20,0.180391,0.101642,19.4514
2,20,0.5000,25,0,20,0.289836,0.189194,19.4533
2,20,0.5200,26,0,20,0.394434,0.262610,19.4578
2,20,0.5400,27,0,20,0.458740,0.306734,19.4642
2,20,0.5600,28,0,20,0.467863,0.315252,19.4715
2,20,0.5800,29,0,20,0.420929,0.288267,19.4783
2,20,0.6000,30,0,20,0.327579,0.232135,19.4836
2,20,0.6200,31,0,20,0.215143,0.159526,19.4868
2,20,0.6400,32,0,20,0.143998,0.093933,19.4872
2,20,0.6600,33,0,20,0.150008,0.081073,19.4851
2,20,0.6800,34,0,20,0.200945,0.115717,19.4808
2,20,0.7000,35,0,20,0.239992,0.142501,19.4751
2,20,0.7200,36,0,20,0.244312,0.145588,19.4689
2,20,0.7400,37,0,20,0.210833,0.126010,19.4632
2,20,0.7600,38,0,20,0.165578,0.098672,19.4590
2,20,0.7800,39,0,20,0.163618,0.099235,19.4567
2,20,0.8000,40,0,20,0.227657,0.144151,19.4568
2,20,0.8200,41,0,20,0.309704,0.200101,19.4590
2,20,0.8400,42,0,20,0.375485,0.243610,19.4630
2,20,0.8600,43,0,20,0.407241,0.264704,19.4680
2,20,0.8800,44,0,20,0.399319,0.260113,19.4733
2,20,0.9000,45,0,20,0.354693,0.232002,19.4780
2,20,0.9200,46,0,20,0.285465,0.187549,19.4813
2,20,0.9400,47,0,20,0.212580,0.139338,19.4828
2,20,0.9600,48,0,20,0.173402,0.105611,19.4824
2,20,0.9800,49,0,20,0.183779,0.099298,19.4801
2,20,1.0000,50,0,20,0.210503,0.110979,19.4764
2,20,1.0200,51,0,20,0.230179,0.120466,19.4720
2,20,1.0400,52,0,20,0.235431,0.116786,19.4675
2,20,1.0600,53,0,20,0.232643,0.106637,19.4636
2,20,1.0800,54,0,20,0.241522,0.106197,19.4610
2,20,1.1000,55,0,20,0.274405,0.127516,19.4600
2,20,1.1200,56,0,20,0.325045,0.163858,19.4607
2,20,1.1400,57,0,20,0.375828,0.199923,19.4629
2,20,1.1600,58,0,20,0.412642,0.224801,19.4662
2,20,1.1800,59,0,20,0.425777,0.233013,19.4700
2,20,1.2000,60,0,20,0.413984,0.223536,19.4738
2,20,1.2200,61,0,20,0.382223,0.199516,19.4768
2,20,1.2400,62,0,20,0.340936,0.167701,19.4787
2,20,1.2600,63,0,20,0.303596,0.137665,19.4792
2,20,1.2800,64,0,20,0.281454,0.118848,19.4783
2,20,1.3000,65,0,20,0.275844,0.114103,19.4761
2,20,1.3200,66,0,20,0.278449,0.117257,19.4731
2,20,1.3400,67,0,20,0.280320,0.119877,19.4697
2,20,1.3600,68,0,20,0.279530,0.120037,19.4665
2,20,1.3800,69,0,20,0.281538,0.122765,19.4640
2,20,1.4000,70,0,20,0.294066,0.134237,19.4625
2,20,1.4200,71,0,20,0.319361,0.155060,19.4622
2,20,1.4400,72,0,20,0.351471,0.179850,19.4631
2,20,1.4600,73,0,20,0.380632,0.201435,19.4650
2,20,1.4800,74,0,20,0.398313,0.214255,19.4675
2,20,1.5000,75,0,20,0.400167,0.215634,19.4703
2,20,1.5200,76,0,20,0.386474,0.205991,19.4729
2,20,1.5400,77,0,20,0.361713,0.188710,19.4747
2,20,1.5600,78,0,20,0.333133,0.169167,19.4757
2,20,1.5800,79,0,20,0.308680,0.153227,19.4756
2,20,1.6000,80,0,20,0.292250,0.144371,19.4745
2,20,1.6200,81,0,20,0.283496,0.141838,19.4726
2,20,1.6400,82,0,20,0.279086,0.142412,19.4702
2,20,1.6600,83,0,20,0.275627,0.143863,19.4676
2,20,1.6800,84,0,20,0.274409,0.146561,19.4654
2,20,1.7000,85,0,20,0.279264,0.152640,19.4638
2,20,1.7200,86,0,20,0.293233,0.163622,19.4630
2,20,1.7400,87,0,20,0.314989,0.178426,19.4631
2,20,1.7600,88,0,20,0.339490,0.193629,19.4640
2,20,1.7800,89,0,20,0.360378,0.205311,19.4656
2,20,1.8000,90,0,20,0.373059,0.210586,19.4675
2,20,1.8200,91,0,20,0.375664,0.208447,19.4694
2,20,1.8400,92,0,20,0.369653,0.199915,19.4711
2,20,1.8600,93,0,20,0.358758,0.187620,19.4721
2,20,1.8800,94,0,20,0.347499,0.175007,19.4725
2,20,1.9000,95,0,20,0.339123,0.164969,19.4720
2,20,1.9200,96,0,20,0.334596,0.158731,19.4709
2,20,1.9400,97,0,20,0.328681,0.155787,19.4692
2,20,1.9600,98,0,20,0.341386,0.155258,19.4671
2,20,1.9800,99,0,20,0.341294,0.156435,19.4652
2,20,2.0000,100,0,20,0.339457,0.158731,19.4636
2,20,2.0200,101,0,20,0.338114,0.165215,19.4625
2,20,2.0400,102,0,20,0.360208,0.174583,19.4619
2,20,2.0600,103,0,20,0.382506,0.184407,19.4621
2,20,2.0800,104,0,20,0.373403,0.194543,19.4628
2,20,2.1000,105,0,20,0.364134,0.198958,19.4637
2,20,2.1200,106,0,20,0.375515,0.198513,19.4649
2,20,2.1400,107,0,20,0.391678,0.196310,19.4661
2,20,2.1600,108,0,20,0.394099,0.189309,19.4669
2,20,2.1800,109,0,20,0.399139,0.181517,19.4672
2,20,2.2000,110,0,20,0.406955,0.174491,19.4670
2,20,2.2200,111,0,20,0.408877,0.168241,19.4665
2,20,2.2400,112,0,20,0.404178,0.163995,19.4654
2,20,2.2600,113,0,20,0.395687,0.166017,19.4641
2,20,2.2800,114,0,20,0.392374,0.163947,19.4626
2,20,2.3000,115,0,20,0.399571,0.164145,19.4610
2,20,2.3200,116,0,20,0.379228,0.166900,19.4597
2,20,2.3400,117,0,20,0.355702,0.171813,19.4589
2,20,2.3600,118,0,20,0.349004,0.179186,19.4585
2,20,2.3800,119,0,20,0.355993,0.187736,19.4585
2,20,2.4000,120,0,20,0.366082,0.194279,19.4589
2,20,2.4200,121,0,20,0.375610,0.197679,19.4597
2,20,2.4400,122,0,20,0.381069,0.198376,19.4607
2,20,2.4600,123,0,20,0.378790,0.196455,19.4616
2,20,2.4800,124,0,20,0.368972,0.192163,19.4622
2,20,2.5000,125,0,20,0.357619,0.186292,19.4625
2,20,2.5200,126,0,20,0.349656,0.179400,19.4623
2,20,2.5400,127,0,20,0.344127,0.174068,19.4617
2,20,2.5600,128,0,20,0.337500,0.169538,19.4607
2,20,2.5800,129,0,20,0.338701,0.168482,19.4594
2,20,2.6000,130,0,20,0.340755,0.168317,19.4580
2,20,2.6200,131,0,20,0.344090,0.168709,19.4566
2,20,2.6400,132,0,20,0.347768,0.170583,19.4555
2,20,2.6600,133,0,20,0.350420,0.174449,19.4547
2,20,2.6800,134,0,20,0.352667,0.179376,19.4544
2,20,2.7000,135,0,20,0.357033,0.184484,19.4544
2,20,2.7200,136,0,20,0.365347,0.188874,19.4548
2,20,2.7400,137,0,20,0.375187,0.191350,19.4554
2,20,2.7600,138,0,20,0.383784,0.188839,19.4562
2,20,2.7800,139,0,20,0.387900,0.185079,19.4568
2,20,2.8000,140,0,20,0.389412,0.180773,19.4571
2,20,2.8200,141,0,20,0.385836,0.174904,19.4571
2,20,2.8400,142,0,20,0.379048,0.168653,19.4567
2,20,2.8600,143,0,20,0.375614,0.163827,19.4560
2,20,2.8800,144,0,20,0.372315,0.161017,19.4550
2,20,2.9000,145,0,20,0.368884,0.159717,19.4539
2,20,2.9200,146,0,20,0.366071,0.159607,19.4528
2,20,2.9400,147,0,20,0.365773,0.160858,19.4517
2,20,2.9600,148,0,20,0.366283,0.163351,19.4509
2,20,2.9800,149,0,20,0.366044,0.166801,19.4504
2,20,3.0000,150,0,20,0.365937,0.170684,19.4501
2,20,3.0200,151,0,20,0.365474,0.174141,19.4501
2,20,3.0400,152,0,20,0.368464,0.176433,19.4504
2,20,3.0600,153,0,20,0.367536,0.177160,19.4508
2,20,3.0800,154,0,20,0.368494,0.176000,19.4511
2,20,3.1000,155,0,20,0.369915,0.173174,19.4514
2,20,3.1200,156,0,20,0.374506,0.169794,19.4515
2,20,3.1400,157,0,20,0.382260,0.166047,19.4514
2,20,3.1600,158,0,20,0.375615,0.161727,19.4510
2,20,3.1800,159,0,20,0.337161,0.158011,19.4505
2,20,3.2000,160,0,20,0.337243,0.155432,19.4498
2,20,3.2200,161,0,20,0.351393,0.152945,19.4490
2,20,3.2400,162,0,20,0.346892,0.151731,19.4481
2,20,3.2600,163,0,20,0.333474,0.152197,19.4473
2,20,3.2800,164,0,20,0.319769,0.153526,19.4465
2,20,3.3000,165,0,20,0.309045,0.155367,19.4459
2,20,3.3200,166,0,20,0.301262,0.157139,19.4454
2,20,3.3400,167,0,20,0.296241,0.158975,19.4452
2,20,3.3600,168,0,20,0.295111,0.160914,19.4452
2,20,3.3800,169,0,20,0.295989,0.162231,19.4453
2,20,3.4000,170,0,20,0.295951,0.162235,19.4454
2,20,3.4200,171,0,20,0.296874,0.160695,19.4456
2,20,3.4400,172,0,20,0.301337,0.158104,19.4457
2,20,3.4600,173,0,20,0.305914,0.155267,19.4458
2,20,3.4800,174,0,20,0.306523,0.152478,19.4457
2,20,3.5000,175,0,20,0.302756,0.149726,19.4455
2,20,3.5200,176,0,20,0.297839,0.146851,19.4451
2,20,3.5400,177,0,20,0.291074,0.143952,19.4446
2,20,3.5600,178,0,20,0.284010,0.141401,19.4441
2,20,3.5800,179,0,20,0.276269,0.139692,19.4435
2,20,3.6000,180,0,20,0.267524,0.137651,19.4430
2,20,3.6200,181,0,20,0.257481,0.135799,19.4424
2,20,3.6400,182,0,20,0.242939,0.135969,19.4418
2,20,3.6600,183,0,20,0.238777,0.135843,19.4412
2,20,3.6800,184,0,20,0.243397,0.136520,19.4406
2,20,3.7000,185,0,20,0.255023,0.137784,19.4403
2,20,3.7200,186,0,20,0.257041,0.139121,19.4402
2,20,3.7400,187,0,20,0.245977,0.140226,19.4401
2,20,3.7600,188,0,20,0.234635,0.140462,19.4401
2,20,3.7800,189,0,20,0.228087,0.139371,19.4402
2,20,3.8000,190,0,20,0.225672,0.136724,19.4403
2,20,3.8200,191,0,20,0.223168,0.134039,19.4406
2,20,3.8400,192,0,20,0.227807,0.131444,19.4407
2,20,3.8600,193,0,20,0.231697,0.128625,19.4407
2,20,3.8800,194,0,20,0.230843,0.125404,19.4405
2,20,3.9000,195,0,20,0.225726,0.122115,19.4402
2,20,3.9200,196,0,20,0.220174,0.119034,19.4398
2,20,3.9400,197,0,20,0.213736,0.116220,19.4394
2,20,3.9600,198,0,20,0.207504,0.113952,19.4389
2,20,3.9800,199,0,20,0.200836,0.112482,19.4384
2,20,4.0000,200,0,20,0.193931,0.111593,19.4379
2,20,4.0200,201,0,20,0.189060,0.111111,19.4375
2,20,4.0400,202,0,20,0.187853,0.111068,19.4372
2,20,4.0600,203,0,20,0.187271,0.111320,19.4370
2,20,4.0800,204,0,20,0.187288,0.111820,19.4369
2,20,4.1000,205,0,20,0.186030,0.112402,19.4368
2,20,4.1200,206,0,20,0.183557,0.112660,19.4368
2,20,4.1400,207,0,20,0.179206,0.112241,19.4367
2,20,4.1600,208,0,20,0.174020,0.110930,19.4367
2,20,4.1800,209,0,20,0.172231,0.108948,19.4366
2,20,4.2000,210,0,20,0.173817,0.106687,19.4366
2,20,4.2200,211,0,20,0.175077,0.104480,19.4365
2,20,4.2400,212,0,20,0.175607,0.102366,19.4364
2,20,4.2600,213,0,20,0.175175,0.100294,19.4362
2,20,4.2800,214,0,20,0.174265,0.098325,19.4360
2,20,4.3000,215,0,20,0.173241,0.096657,19.4358
2,20,4.3200,216,0,20,0.173779,0.095242,19.4355
2,20,4.3400,217,0,20,0.175491,0.094159,19.4353
2,20,4.3600,218,0,20,0.176691,0.093496,19.4351
2,20,4.3800,219,0,20,0.177427,0.093245,19.4349
2,20,4.4000,220,0,20,0.177226,0.093052,19.4348
2,20,4.4200,221,0,20,0.176210,0.092955,19.4347
2,20,4.4400,222,0,20,0.175631,0.092903,19.4346
2,20,4.4600,223,0,20,0.175953,0.092647,19.4346
2,20,4.4800,224,0,20,0.177048,0.092130,19.4346
2,20,4.5000,225,0,20,0.179055,0.091301,19.4346
2,20,4.5200,226,0,20,0.181022,0.090205,19.4346
2,20,4.5400,227,0,20,0.181823,0.088966,19.4346
2,20,4.5600,228,0,20,0.182465,0.087722,19.4346
2,20,4.5800,229,0,20,0.182825,0.086550,19.4345
2,20,4.6000,230,0,20,0.182828,0.085461,19.4344
2,20,4.6200,231,0,20,0.182786,0.084455,19.4344
2,20,4.6400,232,0,20,0.183102,0.083615,19.4343
2,20,4.6600,233,0,20,0.183856,0.083017,19.4342
2,20,4.6800,234,0,20,0.185111,0.082706,19.4342
2,20,4.7000,235,0,20,0.184410,0.082700,19.4342
2,20,4.7200,236,0,20,0.183590,0.082920,19.4342
2,20,4.7400,237,0,20,0.183054,0.083319,19.4342
2,20,4.7600,238,0,20,0.182990,0.083828,19.4343
2,20,4.7800,239,0,20,0.183254,0.084312,19.4344
2,20,4.8000,240,0,20,0.183052,0.084683,19.4345
2,20,4.8200,241,0,20,0.182042,0.084877,19.4346
2,20,4.8400,242,0,20,0.181052,0.084895,19.4347
2,20,4.8600,243,0,20,0.180608,0.084756,19.4348
2,20,4.8800,244,0,20,0.181019,0.084527,19.4349
2,20,4.9000,245,0,20,0.182565,0.084259,19.4349
2,20,4.9200,246,0,20,0.184641,0.084027,19.4350
2,20,4.9400,247,0,20,0.184547,0.083901,19.4350
2,20,4.9600,248,0,20,0.184006,0.083934,19.4349
2,20,4.9800,249,0,20,0.182940,0.084226,19.4349
2,20,5.0000,250,0,20,0.181455,0.084849,19.4348
2,20,5.0200,251,0,20,0.179697,0.085766,19.4348
2,20,5.0400,252,0,20,0.177483,0.086978,19.4348
2,20,5.0600,253,0,20,0.175563,0.088500,19.4348
2,20,5.0800,254,0,20,0.174012,0.090128,19.4348
2,20,5.1000,255,0,20,0.172516,0.091861,19.4349
2,20,5.1200,256,0,20,0.171529,0.093637,19.4350
2,20,5.1400,257,0,20,0.170874,0.095400,19.4352
2,20,5.1600,258,0,20,0.170411,0.097072,19.4353
2,20,5.1800,259,0,20,0.169913,0.098545,19.4355
2,20,5.2000,260,0,20,0.169692,0.099693,19.4357
2,20,5.2200,261,0,20,0.169464,0.100575,19.4359
2,20,5.2400,262,0,20,0.169199,0.101240,19.4360
2,20,5.2600,263,0,20,0.168822,0.101755,19.4361
2,20,5.2800,264,0,20,0.168185,0.102167,19.4362
2,20,5.3000,265,0,20,0.166976,0.102550,19.4362
2,20,5.3200,266,0,20,0.164960,0.102999,19.4363
2,20,5.3400,267,0,20,0.162629,0.103577,19.4363
2,20,5.3600,268,0,20,0.160829,0.104283,19.4363
2,20,5.3800,269,0,20,0.159295,0.105207,19.4363
2,20,5.4000,270,0,20,0.158258,0.106385,19.4363
2,20,5.4200,271,0,20,0.158156,0.107886,19.4364
2,20,5.4400,272,0,20,0.158645,0.109694,19.4364
2,20,5.4600,273,0,20,0.160530,0.111455,19.4365
2,20,5.4800,274,0,20,0.166585,0.113198,19.4367
2,20,5.5000,275,0,20,0.172603,0.115034,19.4369
2,20,5.5200,276,0,20,0.178456,0.116740,19.4371
2,20,5.5400,277,0,20,0.184094,0.118140,19.4374
2,20,5.5600,278,0,20,0.190870,0.119399,19.4377
2,20,5.5800,279,0,20,0.198294,0.120409,19.4380
2,20,5.6000,280,0,20,0.206394,0.121183,19.4383
2,20,5.6200,281,0,20,0.212576,0.121790,19.4385
2,20,5.6400,282,0,20,0.219149,0.122292,19.4388
2,20,5.6600,283,0,20,0.225878,0.122745,19.4390
2,20,5.6800,284,0,20,0.231439,0.123283,19.4391
2,20,5.7000,285,0,20,0.237944,0.123897,19.4393
2,20,5.7200,286,0,20,0.244595,0.124715,19.4394
2,20,5.7400,287,0,20,0.251176,0.125652,19.4396
2,20,5.7600,288,0,20,0.256940,0.126839,19.4397
2,20,5.7800,289,0,20,0.264843,0.128249,19.4399
2,20,5.8000,290,0,20,0.270060,0.129816,19.4400
2,20,5.8200,291,0,20,0.277152,0.131459,19.4403
2,20,5.8400,292,0,20,0.284077,0.133086,19.4406
2,20,5.8600,293,0,20,0.289509,0.134674,19.4409
2,20,5.8800,294,0,20,0.294662,0.136074,19.4413
2,20,5.9000,295,0,20,0.299906,0.137258,19.4417
2,20,5.9200,296,0,20,0.303903,0.138284,19.4421
2,20,5.9400,297,0,20,0.307418,0.139244,19.4425
2,20,5.9600,298,0,20,0.311425,0.139953,19.4428
2,20,5.9800,299,0,20,0.314710,0.140444,19.4432
2,20,6.0000,300,0,20,0.317156,0.140940,19.4435
2,20,6.0200,301,0,20,0.319235,0.141525,19.4438
2,20,6.0400,302,0,20,0.321186,0.142299,19.4440
2,20,6.0600,303,0,20,0.321996,0.143272,19.4442
2,20,6.0800,304,0,20,0.322541,0.144465,19.4443
2,20,6.1000,305,0,20,0.321977,0.145940,19.4445
2,20,6.1200,306,0,20,0.321728,0.147737,19.4446
2,20,6.1400,307,0,20,0.320717,0.149839,19.4447
2,20,6.1600,308,0,20,0.319962,0.152131,19.4449
2,20,6.1800,309,0,20,0.319576,0.154509,19.4451
2,20,6.2000,310,0,20,0.319305,0.156963,19.4453
2,20,6.2200,311,0,20,0.318828,0.159487,19.4456
2,20,6.2400,312,0,20,0.318401,0.161949,19.4459
2,20,6.2600,313,0,20,0.317709,0.164276,19.4462
2,20,6.2800,314,0,20,0.316715,0.166378,19.4466
2,20,6.3000,315,0,20,0.316105,0.168156,19.4470
2,20,6.3200,316,0,20,0.315994,0.169667,19.4474
2,20,6.3400,317,0,20,0.316195,0.170922,19.4478
2,20,6.3600,318,0,20,0.316691,0.171923,19.4481
2,20,6.3800,319,0,20,0.317655,0.172739,19.4484
2,20,6.4000,320,0,20,0.319148,0.173454,19.4487
2,20,6.4200,321,0,20,0.320977,0.174088,19.4490
2,20,6.4400,322,0,20,0.323108,0.174709,19.4492
2,20,6.4600,323,0,20,0.325443,0.175387,19.4494
2,20,6.4800,324,0,20,0.328145,0.176075,19.4496
2,20,6.5000,325,0,20,0.331447,0.176782,19.4498
2,20,6.5200,326,0,20,0.335432,0.177520,19.4499
2,20,6.5400,327,0,20,0.340092,0.178341,19.4501
2,20,6.5600,328,0,20,0.345379,0.179235,19.4504
2,20,6.5800,329,0,20,0.351113,0.180195,19.4506
2,20,6.6000,330,0,20,0.357383,0.181037,19.4509
2,20,6.6200,331,0,20,0.363585,0.181761,19.4512
2,20,6.6400,332,0,20,0.370347,0.182515,19.4516
2,20,6.6600,333,0,20,0.377140,0.182994,19.4519
2,20,6.6800,334,0,20,0.383922,0.183242,19.4522
2,20,6.7000,335,0,20,0.390757,0.183315,19.4526
2,20,6.7200,336,0,20,0.398273,0.183329,19.4529
2,20,6.7400,337,0,20,0.404958,0.183339,19.4532
2,20,6.7600,338,0,20,0.411485,0.183302,19.4534
2,20,6.7800,339,0,20,0.417489,0.183229,19.4536
2,20,6.8000,340,0,20,0.422506,0.183204,19.4539
2,20,6.8200,341,0,20,0.426941,0.183292,19.4541
2,20,6.8400,342,0,20,0.430812,0.183506,19.4543
2,20,6.8600,343,0,20,0.434241,0.183803,19.4545
2,20,6.8800,344,0,20,0.437347,0.184151,19.4548
2,20,6.9000,345,0,20,0.440137,0.184524,19.4550
2,20,6.9200,346,0,20,0.442380,0.184958,19.4553
2,20,6.9400,347,0,20,0.443481,0.185485,19.4556
2,20,6.9600,348,0,20,0.443441,0.186007,19.4560
2,20,6.9800,349,0,20,0.442725,0.186423,19.4563
2,20,7.0000,350,0,20,0.441594,0.186690,19.4567
2,20,7.0200,351,0,20,0.440099,0.186911,19.4570
2,20,7.0400,352,0,20,0.438275,0.187159,19.4574
2,20,7.0600,353,0,20,0.436103,0.187444,19.4577
2,20,7.0800,354,0,20,0.433603,0.187779,19.4580
2,20,7.1000,355,0,20,0.430922,0.188187,19.4583
2,20,7.1200,356,0,20,0.428076,0.188742,19.4586
2,20,7.1400,357,0,20,0.424833,0.189398,19.4588
2,20,7.1600,358,0,20,0.420950,0.190249,19.4590
2,20,7.1800,359,0,20,0.416547,0.191257,19.4592
2,20,7.2000,360,0,20,0.411938,0.192330,19.4595
2,20,7.2200,361,0,20,0.407449,0.193400,19.4597
2,20,7.2400,362,0,20,0.402984,0.194449,19.4600
2,20,7.2600,363,0,20,0.398504,0.195442,19.4602
2,20,7.2800,364,0,20,0.394126,0.196307,19.4605
2,20,7.3000,365,0,20,0.390023,0.196987,19.4608
2,20,7.3200,366,0,20,0.386244,0.197394,19.4611
2,20,7.3400,367,0,20,0.382816,0.197524,19.4614
2,20,7.3600,368,0,20,0.379726,0.197448,19.4617
2,20,7.3800,369,0,20,0.376887,0.197171,19.4620
2,20,7.4000,370,0,20,0.375982,0.197463,19.4622
2,20,7.4200,371,0,20,0.375725,0.197753,19.4625
2,20,7.4400,372,0,20,0.373319,0.196626,19.4627
2,20,7.4600,373,0,20,0.370987,0.195586,19.4629
2,20,7.4800,374,0,20,0.368658,0.194829,19.4631
2,20,7.5000,375,0,20,0.367169,0.194127,19.4633
2,20,7.5200,376,0,20,0.366707,0.193233,19.4634
2,20,7.5400,377,0,20,0.366449,0.192658,19.4634
2,20,7.5600,378,0,20,0.358299,0.191558,19.4634
2,20,7.5800,379,0,20,0.353912,0.189621,19.4635
2,20,7.6000,380,0,20,0.401253,0.188685,19.4637
2,20,7.6200,381,0,20,0.436301,0.189416,19.4637
2,20,7.6400,382,0,20,0.430149,0.189250,19.4638
2,20,7.6600,383,0,20,0.419540,0.187854,19.4638
2,20,7.6800,384,0,20,0.415761,0.186372,19.4640
2,20,7.7000,385,0,20,0.412233,0.185638,19.4643
2,20,7.7200,386,0,20,0.410373,0.185530,19.4645
2,20,7.7400,387,0,20,0.411218,0.184581,19.4647
2,20,7.7600,388,0,20,0.412738,0.182571,19.4648
2,20,7.7800,389,0,20,0.413738,0.181103,19.4650
2,20,7.8000,390,0,20,0.414623,0.180391,19.4651
2,20,7.8200,391,0,20,0.414742,0.179389,19.4652
2,20,7.8400,392,0,20,0.411699,0.177680,19.4653
2,20,7.8600,393,0,20,0.405437,0.175422,19.4653
2,20,7.8800,394,0,20,0.399725,0.172958,19.4653
2,20,7.9000,395,0,20,0.399219,0.170691,19.4653
2,20,7.9200,396,0,20,0.404989,0.168965,19.4653
2,20,7.9400,397,0,20,0.414227,0.167870,19.4654
2,20,7.9600,398,0,20,0.422591,0.167344,19.4654
2,20,7.9800,399,0,20,0.426719,0.167104,19.4654
2,20,8.0000,400,0,20,0.424819,0.167045,19.4655
2,20,8.0200,401,0,20,0.417536,0.167030,19.4656
2,20,8.0400,402,0,20,0.406324,0.167023,19.4658
2,20,8.0600,403,0,20,0.393255,0.167000,19.4659
2,20,8.0800,404,0,20,0.379955,0.166794,19.4661
2,20,8.1000,405,0,20,0.367487,0.166441,19.4663
2,20,8.1200,406,0,20,0.356209,0.166030,19.4664
2,20,8.1400,407,0,20,0.346178,0.165698,19.4665
2,20,8.1600,408,0,20,0.336664,0.165453,19.4666
2,20,8.1800,409,0,20,0.327220,0.165204,19.4666
2,20,8.2000,410,0,20,0.317636,0.164940,19.4666
2,20,8.2200,411,0,20,0.308172,0.164720,19.4666
2,20,8.2400,412,0,20,0.299610,0.164669,19.4666
2,20,8.2600,413,0,20,0.292707,0.164800,19.4666
2,20,8.2800,414,0,20,0.287720,0.165082,19.4666
2,20,8.3000,415,0,20,0.284413,0.165329,19.4666
2,20,8.3200,416,0,20,0.282030,0.165381,19.4667
2,20,8.3400,417,0,20,0.279598,0.165126,19.4668
2,20,8.3600,418,0,20,0.276256,0.164487,19.4669
2,20,8.3800,419,0,20,0.271376,0.163431,19.4670
2,20,8.4000,420,0,20,0.264930,0.161963,19.4671
2,20,8.4200,421,0,20,0.257607,0.160037,19.4672
2,20,8.4400,422,0,20,0.249874,0.157898,19.4673
2,20,8.4600,423,0,20,0.242579,0.155556,19.4674
2,20,8.4800,424,0,20,0.236240,0.153155,19.4674
2,20,8.5000,425,0,20,0.231299,0.151265,19.4675
2,20,8.5200,426,0,20,0.227690,0.150886,19.4674
2,20,8.5400,427,0,20,0.221678,0.151682,19.4671
2,20,8.5600,428,0,20,0.230321,0.156531,19.4668
2,20,8.5800,429,0,20,0.259414,0.152725,19.4668
2,20,8.6000,430,0,20,0.265321,0.157916,19.4669
2,20,8.6200,431,0,20,0.286379,0.157987,19.4669
2,20,8.6400,432,0,20,0.297088,0.158950,19.4672
2,20,8.6600,433,0,20,0.316508,0.158560,19.4673
2,20,8.6800,434,0,20,0.308430,0.155371,19.4676
2,20,8.7000,435,0,20,0.265368,0.151920,19.4680
2,20,8.7200,436,0,20,0.318004,0.145777,19.4681
2,20,8.7400,437,0,20,0.361930,0.142612,19.4680
2,20,8.7600,438,0,20,0.399771,0.144249,19.4679
2,20,8.7800,439,0,20,0.430167,0.142223,19.4675
2,20,8.8000,440,0,20,0.475318,0.141622,19.4672
2,20,8.8200,441,0,20,0.525104,0.141638,19.4671
2,20,8.8400,442,0,20,0.534192,0.142315,19.4671
2,20,8.8600,443,0,20,0.487982,0.144679,19.4667
2,20,8.8800,444,0,20,0.440355,0.144610,19.4668
2,20,8.9000,445,0,20,0.401084,0.143617,19.4667
2,20,8.9200,446,0,20,0.368596,0.148524,19.4669
2,20,8.9400,447,0,20,0.346613,0.157600,19.4672
2,20,8.9600,448,0,20,0.333107,0.166038,19.4675
2,20,8.9800,449,0,20,0.316716,0.169880,19.4676
2,20,9.0000,450,0,20,0.294442,0.167846,19.4675
2,20,9.0200,451,0,20,0.278006,0.160287,19.4673
2,20,9.0400,452,0,20,0.275055,0.149009,19.4671
2,20,9.0600,453,0,20,0.288020,0.137959,19.4670
2,20,9.0800,454,0,20,0.305871,0.131654,19.4667
2,20,9.1000,455,0,20,0.319485,0.131294,19.4662
2,20,9.1200,456,0,20,0.329940,0.134558,19.4657
2,20,9.1400,457,0,20,0.332838,0.138799,19.4653
2,20,9.1600,458,0,20,0.330869,0.143415,19.4651
2,20,9.1800,459,0,20,0.322284,0.147946,19.4651
2,20,9.2000,460,0,20,0.309013,0.151914,19.4652
2,20,9.2200,461,0,20,0.299253,0.155013,19.4656
2,20,9.2400,462,0,20,0.284034,0.156638,19.4660
2,20,9.2600,463,0,20,0.262669,0.157091,19.4664
2,20,9.2800,464,0,20,0.235961,0.156979,19.4668
2,20,9.3000,465,0,20,0.235922,0.156342,19.4670
2,20,9.3200,466,0,20,0.247452,0.155048,19.4672
2,20,9.3400,467,0,20,0.254099,0.153716,19.4671
2,20,9.3600,468,0,20,0.253846,0.152464,19.4667
2,20,9.3800,469,0,20,0.257266,0.150346,19.4662
2,20,9.4000,470,0,20,0.258900,0.147387,19.4657
2,20,9.4200,471,0,20,0.250279,0.144227,19.4652
2,20,9.4400,472,0,20,0.245719,0.143227,19.4648
2,20,9.4600,473,0,20,0.231377,0.144912,19.4643
2,20,9.4800,474,0,20,0.216829,0.147955,19.4640
2,20,9.5000,475,0,20,0.212631,0.151661,19.4638
2,20,9.5200,476,0,20,0.202235,0.155439,19.4638
2,20,9.5400,477,0,20,0.201477,0.158464,19.4641
2,20,9.5600,478,0,20,0.215157,0.159894,19.4646
2,20,9.5800,479,0,20,0.223814,0.158760,19.4652
2,20,9.6000,480,0,20,0.228709,0.154982,19.4658
2,20,9.6200,481,0,20,0.229862,0.149339,19.4662
2,20,9.6400,482,0,20,0.228809,0.143175,19.4665
2,20,9.6600,483,0,20,0.224661,0.137744,19.4665
2,20,9.6800,484,0,20,0.216898,0.133662,19.4664
2,20,9.7000,485,0,20,0.207605,0.131166,19.4660
2,20,9.7200,486,0,20,0.199806,0.130032,19.4655
2,20,9.7400,487,0,20,0.199716,0.129519,19.4649
2,20,9.7600,488,0,20,0.208189,0.129458,19.4643
2,20,9.7800,489,0,20,0.227487,0.130178,19.4638
2,20,9.8000,490,0,20,0.253539,0.132043,19.4635
2,20,9.8200,491,0,20,0.281934,0.134946,19.4633
2,20,9.8400,492,0,20,0.308529,0.138585,19.4633
2,20,9.8600,493,0,20,0.332562,0.141822,19.4635
2,20,9.8800,494,0,20,0.351187,0.143866,19.4639
2,20,9.9000,495,0,20,0.361915,0.144406,19.4645
2,20,9.9200,496,0,20,0.365231,0.143067,19.4650
2,20,9.9400,497,0,20,0.362959,0.139588,19.4654
2,20,9.9600,498,0,20,0.356222,0.134149,19.4657
2,20,9.9800,499,0,20,0.349927,0.127389,19.4659
2,20,10.0000,500,0,20,0.343477,0.121402,19.4659
2,20,10.0200,501,0,20,0.331427,0.117195,19.4656
2,20,10.0400,502,0,20,0.313046,0.114616,19.4651
2,20,10.0600,503,0,20,0.289599,0.113068,19.4643
2,20,10.0800,504,0,20,0.281153,0.112191,19.4637
2,20,10.1000,505,0,20,0.240176,0.113773,19.4632
2,20,10.1200,506,0,20,0.210667,0.118191,19.4626
2,20,10.1400,507,0,20,0.193427,0.123831,19.4623
2,20,10.1600,508,0,20,0.192303,0.129456,19.4622
2,20,10.1800,509,0,20,0.192416,0.132734,19.4625
2,20,10.2000,510,0,20,0.201900,0.135323,19.4628
2,20,10.2200,511,0,20,0.187090,0.137623,19.4632
2,20,10.2400,512,0,20,0.198087,0.138082,19.4640
2,20,10.2600,513,0,20,0.203975,0.137516,19.4646
2,20,10.2800,514,0,20,0.203419,0.137392,19.4653
2,20,10.3001,515,0,20,0.198413,0.137370,19.4659
2,20,10.3201,516,0,20,0.206388,0.135766,19.4663
2,20,10.3401,517,0,20,0.221063,0.132467,19.4664
2,20,10.3601,518,0,20,0.224576,0.128393,19.4664
2,20,10.3801,519,0,20,0.218098,0.123802,19.4662
2,20,10.4001,520,0,20,0.207388,0.119817,19.4657
2,20,10.4201,521,0,20,0.197743,0.116468,19.4649
2,20,10.4401,522,0,20,0.184481,0.114095,19.4640
2,20,10.4601,523,0,20,0.187135,0.113076,19.4629
2,20,10.4801,524,0,20,0.194511,0.113762,19.4619
2,20,10.5001,525,0,20,0.200415,0.116140,19.4611
2,20,10.5201,526,0,20,0.205173,0.119582,19.4607
2,20,10.5401,527,0,20,0.205368,0.124029,19.4605
2,20,10.5601,528,0,20,0.200811,0.129394,19.4607
2,20,10.5801,529,0,20,0.196066,0.133979,19.4612
2,20,10.6001,530,0,20,0.190331,0.137192,19.4620
2,20,10.6201,531,0,20,0.184001,0.138338,19.4630
2,20,10.6401,532,0,20,0.176612,0.137621,19.4641
2,20,10.6601,533,0,20,0.166778,0.135035,19.4652
2,20,10.6801,534,0,20,0.164973,0.129955,19.4660
2,20,10.7001,535,0,20,0.165673,0.122606,19.4666
2,20,10.7201,536,0,20,0.167490,0.113747,19.4669
2,20,10.7401,537,0,20,0.166177,0.104569,19.4668
2,20,10.7601,538,0,20,0.163544,0.096410,19.4664
2,20,10.7801,539,0,20,0.158893,0.090510,19.4655
2,20,10.8001,540,0,20,0.152838,0.087769,19.4643
2,20,10.8201,541,0,20,0.146297,0.088253,19.4629
2,20,10.8401,542,0,20,0.140082,0.091586,19.4614
2,20,10.8601,543,0,20,0.162059,0.097649,19.4602
2,20,10.8801,544,0,20,0.185021,0.106503,19.4592
2,20,10.9001,545,0,20,0.203339,0.117858,19.4586
2,20,10.9201,546,0,20,0.213829,0.130484,19.4585
2,20,10.9401,547,0,20,0.215237,0.142538,19.4589
2,20,10.9601,548,0,20,0.206882,0.152269,19.4599
2,20,10.9801,549,0,20,0.223214,0.158763,19.4612
2,20,11.0001,550,0,20,0.238772,0.161225,19.4628
2,20,11.0201,551,0,20,0.249882,0.158804,19.4644
2,20,11.0401,552,0,20,0.257045,0.152050,19.4659
2,20,11.0601,553,0,20,0.259862,0.141538,19.4671
2,20,11.0801,554,0,20,0.255146,0.127860,19.4679
2,20,11.1001,555,0,20,0.244011,0.112299,19.4681
2,20,11.1201,556,0,20,0.232016,0.096226,19.4679
2,20,11.1401,557,0,20,0.213322,0.081492,19.4671
2,20,11.1601,558,0,20,0.190142,0.069859,19.4658
2,20,11.1801,559,0,20,0.164527,0.062493,19.4641
2,20,11.2001,560,0,20,0.139230,0.059836,19.4622
2,20,11.2201,561,0,20,0.116139,0.061720,19.4604
2,20,11.2401,562,0,20,0.124536,0.069046,19.4588
2,20,11.2601,563,0,20,0.141421,0.081844,19.4576
2,20,11.2801,564,0,20,0.156158,0.098766,19.4570
2,20,11.3001,565,0,20,0.166305,0.117010,19.4570
2,20,11.3201,566,0,20,0.178383,0.134176,19.4577
2,20,11.3401,567,0,20,0.199915,0.148876,19.4590
2,20,11.3601,568,0,20,0.213255,0.159758,19.4608
2,20,11.3801,569,0,20,0.217283,0.165801,19.4630
2,20,11.4001,570,0,20,0.213223,0.166766,19.4652
2,20,11.4201,571,0,20,0.203762,0.162064,19.4672
2,20,11.4401,572,0,20,0.216934,0.152006,19.4688
2,20,11.4601,573,0,20,0.225506,0.138004,19.4699
2,20,11.4801,574,0,20,0.228052,0.122202,19.4704
2,20,11.5001,575,0,20,0.225428,0.107345,19.4702
2,20,11.5201,576,0,20,0.215985,0.096838,19.4693
2,20,11.5401,577,0,20,0.199366,0.092721,19.4677
2,20,11.5601,578,0,20,0.178419,0.091889,19.4656
2,20,11.5801,579,0,20,0.180349,0.090748,19.4633
2,20,11.6001,580,0,20,0.196223,0.088285,19.4609
2,20,11.6201,581,0,20,0.204276,0.085741,19.4587
2,20,11.6401,582,0,20,0.205943,0.086678,19.4570
2,20,11.6601,583,0,20,0.209256,0.097177,19.4561
2,20,11.6801,584,0,20,0.215801,0.114575,19.4560
2,20,11.7001,585,0,20,0.219618,0.134125,19.4567
2,20,11.7201,586,0,20,0.222615,0.152045,19.4580
2,20,11.7401,587,0,20,0.227610,0.165470,19.4600
2,20,11.7601,588,0,20,0.236202,0.172383,19.4624
2,20,11.7801,589,0,20,0.228138,0.173005,19.4651
2,20,11.8001,590,0,20,0.216466,0.167255,19.4676
2,20,11.8201,591,0,20,0.199523,0.155153,19.4695
2,20,11.8401,592,0,20,0.176824,0.138037,19.4707
2,20,11.8601,593,0,20,0.156207,0.118978,19.4712
2,20,11.8801,594,0,20,0.151504,0.103637,19.4708
2,20,11.9001,595,0,20,0.150917,0.094868,19.4695
2,20,11.9201,596,0,20,0.149063,0.096403,19.4674
2,20,11.9401,597,0,20,0.149017,0.100983,19.4648
2,20,11.9601,598,0,20,0.172497,0.103364,19.4619
2,20,11.9801,599,0,20,0.200620,0.102465,19.4589
2,20,12.0001,600,0,20,0.228504,0.098267,19.4563
2,20,12.0201,601,0,20,0.251887,0.100513,19.4544
2,20,12.0401,602,0,20,0.268894,0.123260,19.4535
2,20,12.0601,603,0,20,0.274436,0.151045,19.4538
2,20,12.0801,604,0,20,0.270287,0.176996,19.4551
2,20,12.1001,605,0,20,0.277519,0.197369,19.4574
2,20,12.1201,606,0,20,0.284473,0.209766,19.4604
2,20,12.1401,607,0,20,0.292120,0.212493,19.4636
2,20,12.1601,608,0,20,0.284186,0.206638,19.4669
2,20,12.1801,609,0,20,0.276987,0.192626,19.4700
2,20,12.2001,610,0,20,0.259478,0.171936,19.4724
2,20,12.2201,611,0,20,0.226087,0.147542,19.4738
2,20,12.2401,612,0,20,0.194485,0.123464,19.4741
2,20,12.2601,613,0,20,0.175206,0.103632,19.4734
2,20,12.2801,614,0,20,0.169488,0.094832,19.4715
2,20,12.3001,615,0,20,0.165212,0.097246,19.4688
2,20,12.3201,616,0,20,0.177781,0.100135,19.4654
2,20,12.3401,617,0,20,0.202219,0.098983,19.4619
2,20,12.3601,618,0,20,0.233769,0.094270,19.4584
2,20,12.3801,619,0,20,0.276000,0.092638,19.4554
2,20,12.4001,620,0,20,0.321355,0.100741,19.4534
2,20,12.4201,621,0,20,0.358296,0.128708,19.4525
2,20,12.4401,622,0,20,0.376796,0.161252,19.4530
2,20,12.4601,623,0,20,0.384336,0.189341,19.4547
2,20,12.4801,624,0,20,0.385821,0.211795,19.4576
2,20,12.5001,625,0,20,0.377435,0.226920,19.4611
2,20,12.5201,626,0,20,0.363968,0.232699,19.4650
2,20,12.5401,627,0,20,0.338676,0.228661,19.4688
2,20,12.5601,628,0,20,0.300904,0.215789,19.4723
2,20,12.5801,629,0,20,0.259052,0.196291,19.4750
2,20,12.6001,630,0,20,0.250444,0.173112,19.4766
2,20,12.6201,631,0,20,0.253475,0.150571,19.4769
2,20,12.6401,632,0,20,0.252628,0.137840,19.4759
2,20,12.6601,633,0,20,0.236408,0.139390,19.4737
2,20,12.6801,634,0,20,0.252806,0.143933,19.4705
2,20,12.7001,635,0,20,0.288140,0.144678,19.4664
2,20,12.7201,636,0,20,0.319913,0.137923,19.4620
2,20,12.7401,637,0,20,0.345428,0.123040,19.4578
2,20,12.7601,638,0,20,0.372290,0.108346,19.4544
2,20,12.7801,639,0,20,0.390889,0.112596,19.4524
2,20,12.8001,640,0,20,0.397840,0.144693,19.4518
2,20,12.8201,641,0,20,0.398844,0.180614,19.4528
2,20,12.8401,642,0,20,0.398796,0.210587,19.4552
2,20,12.8601,643,0,20,0.394276,0.232070,19.4587
2,20,12.8801,644,0,20,0.384154,0.244160,19.4627
2,20,12.9001,645,0,20,0.368216,0.245445,19.4670
2,20,12.9201,646,0,20,0.336324,0.234946,19.4713
2,20,12.9401,647,0,20,0.331234,0.215884,19.4750
2,20,12.9601,648,0,20,0.303677,0.192766,19.4775
2,20,12.9801,649,0,20,0.284370,0.169905,19.4785
2,20,13.0001,650,0,20,0.273313,0.153121,19.4778
2,20,13.0201,651,0,20,0.264444,0.151440,19.4757
2,20,13.0401,652,0,20,0.256460,0.161640,19.4725
2,20,13.0601,653,0,20,0.244256,0.172544,19.4682
2,20,13.0801,654,0,20,0.229684,0.177772,19.4634
2,20,13.1001,655,0,20,0.220520,0.174766,19.4588
2,20,13.1201,656,0,20,0.256520,0.163986,19.4547
2,20,13.1401,657,0,20,0.292403,0.154441,19.4518
2,20,13.1601,658,0,20,0.317826,0.168287,19.4504
2,20,13.1801,659,0,20,0.335914,0.199884,19.4509
2,20,13.2001,660,0,20,0.347132,0.232099,19.4530
2,20,13.2201,661,0,20,0.347795,0.258184,19.4563
2,20,13.2401,662,0,20,0.357400,0.272025,19.4606
2,20,13.2601,663,0,20,0.349956,0.273849,19.4653
2,20,13.2801,664,0,20,0.362483,0.264675,19.4701
2,20,13.3001,665,0,20,0.368543,0.246102,19.4745
2,20,13.3201,666,0,20,0.355297,0.221214,19.4780
2,20,13.3401,667,0,20,0.323069,0.194105,19.4800
2,20,13.3601,668,0,20,0.293207,0.169767,19.4806
2,20,13.3801,669,0,20,0.289167,0.156028,19.4797
2,20,13.4001,670,0,20,0.296105,0.157767,19.4771
2,20,13.4201,671,0,20,0.301230,0.165792,19.4730
2,20,13.4401,672,0,20,0.323371,0.168427,19.4679
2,20,13.4601,673,0,20,0.359340,0.164564,19.4627
2,20,13.4801,674,0,20,0.406234,0.152004,19.4580
2,20,13.5001,675,0,20,0.469697,0.138942,19.4543
2,20,13.5201,676,0,20,0.547939,0.145251,19.4521
2,20,13.5401,677,0,20,0.613431,0.181229,19.4515
2,20,13.5601,678,0,20,0.631901,0.222427,19.4526
2,20,13.5801,679,0,20,0.612030,0.251931,19.4556
2,20,13.6001,680,0,20,0.582841,0.266974,19.4599
2,20,13.6201,681,0,20,0.528141,0.272811,19.4646
2,20,13.6401,682,0,20,0.463353,0.272246,19.4691
2,20,13.6601,683,0,20,0.400593,0.261457,19.4731
2,20,13.6801,684,0,20,0.343543,0.242875,19.4765
2,20,13.7001,685,0,20,0.328191,0.221485,19.4786
2,20,13.7201,686,0,20,0.310215,0.201286,19.4793
2,20,13.7401,687,0,20,0.286411,0.188415,19.4785
2,20,13.7601,688,0,20,0.280666,0.186201,19.4764
2,20,13.7801,689,0,20,0.277130,0.184093,19.4729
2,20,13.8001,690,0,20,0.311345,0.179461,19.4685
2,20,13.8201,691,0,20,0.338548,0.174870,19.4642
2,20,13.8401,692,0,20,0.378628,0.165870,19.4603
2,20,13.8601,693,0,20,0.430609,0.155665,19.4571
2,20,13.8801,694,0,20,0.489190,0.163571,19.4551
2,20,13.9001,695,0,20,0.509432,0.189707,19.4543
2,20,13.9201,696,0,20,0.490033,0.215784,19.4553
2,20,13.9401,697,0,20,0.507306,0.234128,19.4583
2,20,13.9601,698,0,20,0.542152,0.246538,19.4625
2,20,13.9801,699,0,20,0.533761,0.251712,19.4671
2,20,14.0001,700,0,20,0.467368,0.249326,19.4713
2,20,14.0201,701,0,20,0.389911,0.234391,19.4745
2,20,14.0401,702,0,20,0.371024,0.213709,19.4768
2,20,14.0601,703,0,20,0.369576,0.194013,19.4783
2,20,14.0801,704,0,20,0.374103,0.178458,19.4788
2,20,14.1001,705,0,20,0.357952,0.171455,19.4777
2,20,14.1201,706,0,20,0.374013,0.173245,19.4751
2,20,14.1401,707,0,20,0.343642,0.180324,19.4714
2,20,14.1601,708,0,20,0.350847,0.183527,19.4670
2,20,14.1801,709,0,20,0.376153,0.181070,19.4638
2,20,14.2001,710,0,20,0.347255,0.182211,19.4616
2,20,14.2201,711,0,20,0.283874,0.184194,19.4599
2,20,14.2401,712,0,20,0.253721,0.191267,19.4587
2,20,14.2601,713,0,20,0.314041,0.204647,19.4580
2,20,14.2801,714,0,20,0.375570,0.224942,19.4585
2,20,14.3001,715,0,20,0.430256,0.238754,19.4601
2,20,14.3201,716,0,20,0.460677,0.243990,19.4625
2,20,14.3401,717,0,20,0.461848,0.241200,19.4658
2,20,14.3601,718,0,20,0.427806,0.228792,19.4694
2,20,14.3801,719,0,20,0.362671,0.211878,19.4726
2,20,14.4001,720,0,20,0.278714,0.197161,19.4744
2,20,14.4201,721,0,20,0.282897,0.184969,19.4744
2,20,14.4401,722,0,20,0.297929,0.175632,19.4727
2,20,14.4601,723,0,20,0.293872,0.169769,19.4702
2,20,14.4801,724,0,20,0.279727,0.168508,19.4677
2,20,14.5001,725,0,20,0.266947,0.167849,19.4652
2,20,14.5201,726,0,20,0.313818,0.164702,19.4627
2,20,14.5401,727,0,20,0.355001,0.162544,19.4604
2,20,14.5601,728,0,20,0.400333,0.166412,19.4586
2,20,14.5801,729,0,20,0.445300,0.177083,19.4577
2,20,14.6001,730,0,20,0.488066,0.189863,19.4580
2,20,14.6201,731,0,20,0.525246,0.202867,19.4593
2,20,14.6401,732,0,20,0.553857,0.213417,19.4614
2,20,14.6601,733,0,20,0.572238,0.218165,19.4640
2,20,14.6802,734,0,20,0.564374,0.214589,19.4669
2,20,14.7002,735,0,20,0.541745,0.203772,19.4696
2,20,14.7202,736,0,20,0.523464,0.189137,19.4721
2,20,14.7402,737,0,20,0.489145,0.174996,19.4738
2,20,14.7602,738,0,20,0.444842,0.162847,19.4745
2,20,14.7802,739,0,20,0.407575,0.155237,19.4740
2,20,14.8002,740,0,20,0.377776,0.150414,19.4727
2,20,14.8202,741,0,20,0.345639,0.145393,19.4707
2,20,14.8402,742,0,20,0.296276,0.141666,19.4683
2,20,14.8602,743,0,20,0.317134,0.141255,19.4659
2,20,14.8802,744,0,20,0.306189,0.145035,19.4638
2,20,14.9002,745,0,20,0.279048,0.153565,19.4623
2,20,14.9202,746,0,20,0.254344,0.165012,19.4614
2,20,14.9402,747,0,20,0.255177,0.177622,19.4612
2,20,14.9602,748,0,20,0.280121,0.189712,19.4617
2,20,14.9802,749,0,20,0.295588,0.198157,19.4626
2,20,15.0002,750,0,20,0.305739,0.201484,19.4638
2,20,15.0202,751,0,20,0.314332,0.200873,19.4653
2,20,15.0402,752,0,20,0.323379,0.198521,19.4668
2,20,15.0602,753,0,20,0.330282,0.196688,19.4681
2,20,15.0802,754,0,20,0.330941,0.193921,19.4689
2,20,15.1002,755,0,20,0.327891,0.190573,19.4691
2,20,15.1202,756,0,20,0.324152,0.185359,19.4689
2,20,15.1402,757,0,20,0.324162,0.177879,19.4683
2,20,15.1602,758,0,20,0.315092,0.170804,19.4675
2,20,15.1802,759,0,20,0.284670,0.165105,19.4664
2,20,15.2002,760,0,20,0.268474,0.159969,19.4649
2,20,15.2202,761,0,20,0.261218,0.156096,19.4632
2,20,15.2402,762,0,20,0.266769,0.153347,19.4614
2,20,15.2602,763,0,20,0.284678,0.152407,19.4603
2,20,15.2802,764,0,20,0.278098,0.158544,19.4599
2,20,15.3002,765,0,20,0.277581,0.168726,19.4599
2,20,15.3202,766,0,20,0.267672,0.177307,19.4605
2,20,15.3402,767,0,20,0.257211,0.184681,19.4613
2,20,15.3602,768,0,20,0.244954,0.187134,19.4625
2,20,15.3802,769,0,20,0.256952,0.185154,19.4636
2,20,15.4002,770,0,20,0.267656,0.179302,19.4647
2,20,15.4202,771,0,20,0.274816,0.171187,19.4657
2,20,15.4402,772,0,20,0.272069,0.163928,19.4666
2,20,15.4602,773,0,20,0.265994,0.159573,19.4672
2,20,15.4802,774,0,20,0.261229,0.156167,19.4672
2,20,15.5002,775,0,20,0.262770,0.153277,19.4667
2,20,15.5202,776,0,20,0.271485,0.149757,19.4657
2,20,15.5402,777,0,20,0.281371,0.148361,19.4643
2,20,15.5602,778,0,20,0.289653,0.146140,19.4627
2,20,15.5802,779,0,20,0.298098,0.144220,19.4611
2,20,15.6002,780,0,20,0.312064,0.144886,19.4599
2,20,15.6202,781,0,20,0.332394,0.150118,19.4593
2,20,15.6402,782,0,20,0.334951,0.159858,19.4593
2,20,15.6602,783,0,20,0.328541,0.170355,19.4598
2,20,15.6802,784,0,20,0.344483,0.178399,19.4607
2,20,15.7002,785,0,20,0.359105,0.180503,19.4619
2,20,15.7202,786,0,20,0.352014,0.178168,19.4635
2,20,15.7402,787,0,20,0.386052,0.172215,19.4651
2,20,15.7602,788,0,20,0.400451,0.162882,19.4666
2,20,15.7802,789,0,20,0.385046,0.151789,19.4678
2,20,15.8002,790,0,20,0.377158,0.140127,19.4685
2,20,15.8202,791,0,20,0.370155,0.129119,19.4687
2,20,15.8402,792,0,20,0.361818,0.120033,19.4683
2,20,15.8602,793,0,20,0.357112,0.114637,19.4675
2,20,15.8802,794,0,20,0.348783,0.112821,19.4663
2,20,15.9002,795,0,20,0.331650,0.114067,19.4649
2,20,15.9202,796,0,20,0.317050,0.112640,19.4632
2,20,15.9402,797,0,20,0.308654,0.113193,19.4616
2,20,15.9602,798,0,20,0.296427,0.117300,19.4605
2,20,15.9802,799,0,20,0.280547,0.123399,19.4596
2,20,16.0002,800,0,20,0.269645,0.130477,19.4591
2,20,16.0202,801,0,20,0.263733,0.138723,19.4591
2,20,16.0402,802,0,20,0.258191,0.148088,19.4594
2,20,16.0602,803,0,20,0.252985,0.155202,19.4600
2,20,16.0802,804,0,20,0.249169,0.158724,19.4607
2,20,16.1002,805,0,20,0.242627,0.158438,19.4616
2,20,16.1202,806,0,20,0.228965,0.155019,19.4625
2,20,16.1402,807,0,20,0.213851,0.149476,19.4631
2,20,16.1602,808,0,20,0.209613,0.143003,19.4635
2,20,16.1802,809,0,20,0.207155,0.137931,19.4634
2,20,16.2002,810,0,20,0.205573,0.132234,19.4630
2,20,16.2202,811,0,20,0.199783,0.127646,19.4622
2,20,16.2402,812,0,20,0.196925,0.125102,19.4613
2,20,16.2602,813,0,20,0.198053,0.125081,19.4604
2,20,16.2802,814,0,20,0.202378,0.125850,19.4595
2,20,16.3002,815,0,20,0.206816,0.126101,19.4588
2,20,16.3202,816,0,20,0.210710,0.128146,19.4583
2,20,16.3402,817,0,20,0.212596,0.130829,19.4581
2,20,16.3602,818,0,20,0.206896,0.134526,19.4582
2,20,16.3802,819,0,20,0.213948,0.138963,19.4587
2,20,16.4002,820,0,20,0.225221,0.142921,19.4593
2,20,16.4202,821,0,20,0.231652,0.145094,19.4601
2,20,16.4402,822,0,20,0.232633,0.144489,19.4608
2,20,16.4602,823,0,20,0.223531,0.141557,19.4615
2,20,16.4802,824,0,20,0.209067,0.136960,19.4620
2,20,16.5002,825,0,20,0.197054,0.132140,19.4624
2,20,16.5202,826,0,20,0.187566,0.128452,19.4625
2,20,16.5402,827,0,20,0.175133,0.126082,19.4623
2,20,16.5602,828,0,20,0.170524,0.124614,19.4618
2,20,16.5802,829,0,20,0.171704,0.124116,19.4613
2,20,16.6002,830,0,20,0.184017,0.124949,19.4609
2,20,16.6202,831,0,20,0.195448,0.127365,19.4604
2,20,16.6402,832,0,20,0.206770,0.131008,19.4600
2,20,16.6602,833,0,20,0.220406,0.134836,19.4598
2,20,16.6802,834,0,20,0.230438,0.137978,19.4598
2,20,16.7002,835,0,20,0.237974,0.140265,19.4601
2,20,16.7202,836,0,20,0.243198,0.142014,19.4606
2,20,16.7402,837,0,20,0.242792,0.143182,19.4611
2,20,16.7602,838,0,20,0.238337,0.143312,19.4617
2,20,16.7802,839,0,20,0.233537,0.142086,19.4622
2,20,16.8002,840,0,20,0.228675,0.139766,19.4628
2,20,16.8202,841,0,20,0.225025,0.136309,19.4632
2,20,16.8402,842,0,20,0.222629,0.131826,19.4634
2,20,16.8602,843,0,20,0.218633,0.126575,19.4635
2,20,16.8802,844,0,20,0.215029,0.121140,19.4634
2,20,16.9002,845,0,20,0.217149,0.115994,19.4631
2,20,16.9202,846,0,20,0.226381,0.111579,19.4626
2,20,16.9402,847,0,20,0.241653,0.108313,19.4621
2,20,16.9602,848,0,20,0.260963,0.106686,19.4615
2,20,16.9802,849,0,20,0.281057,0.106842,19.4609
2,20,17.0002,850,0,20,0.299203,0.108153,19.4603
2,20,17.0202,851,0,20,0.313592,0.109781,19.4598
2,20,17.0402,852,0,20,0.317711,0.111816,19.4595
2,20,17.0602,853,0,20,0.307061,0.114684,19.4593
2,20,17.0802,854,0,20,0.294629,0.117928,19.4591
2,20,17.1002,855,0,20,0.274417,0.120716,19.4591
2,20,17.1202,856,0,20,0.258543,0.122627,19.4593
2,20,17.1402,857,0,20,0.244755,0.125235,19.4597
2,20,17.1602,858,0,20,0.235206,0.128722,19.4601
2,20,17.1802,859,0,20,0.230551,0.131773,19.4605
2,20,17.2002,860,0,20,0.231663,0.133002,19.4608
2,20,17.2202,861,0,20,0.237093,0.132202,19.4610
2,20,17.2402,862,0,20,0.242356,0.129944,19.4611
2,20,17.2602,863,0,20,0.243513,0.127724,19.4612
2,20,17.2802,864,0,20,0.239837,0.125576,19.4612
2,20,17.3002,865,0,20,0.231660,0.123060,19.4611
2,20,17.3202,866,0,20,0.221140,0.120352,19.4609
2,20,17.3402,867,0,20,0.209679,0.118382,19.4606
2,20,17.3602,868,0,20,0.215519,0.117445,19.4603
2,20,17.3802,869,0,20,0.224556,0.117230,19.4600
2,20,17.4002,870,0,20,0.228294,0.117527,19.4598
2,20,17.4202,871,0,20,0.225633,0.118142,19.4596
2,20,17.4402,872,0,20,0.215804,0.118720,19.4595
2,20,17.4602,873,0,20,0.204110,0.119405,19.4594
2,20,17.4802,874,0,20,0.191819,0.120181,19.4594
2,20,17.5002,875,0,20,0.185634,0.121653,19.4594
2,20,17.5202,876,0,20,0.196620,0.123671,19.4595
2,20,17.5402,877,0,20,0.202892,0.126214,19.4596
2,20,17.5602,878,0,20,0.200843,0.129116,19.4597
2,20,17.5802,879,0,20,0.208577,0.131195,19.4600
2,20,17.6002,880,0,20,0.202559,0.135905,19.4601
2,20,17.6202,881,0,20,0.218866,0.138953,19.4602
2,20,17.6402,882,0,20,0.227314,0.140616,19.4602
2,20,17.6602,883,0,20,0.232542,0.141207,19.4602
2,20,17.6802,884,0,20,0.237586,0.142397,19.4603
2,20,17.7002,885,0,20,0.240565,0.143968,19.4607
2,20,17.7202,886,0,20,0.246132,0.146000,19.4610
2,20,17.7402,887,0,20,0.250899,0.148119,19.4612
2,20,17.7602,888,0,20,0.254166,0.148956,19.4613
2,20,17.7802,889,0,20,0.253016,0.147955,19.4615
2,20,17.8002,890,0,20,0.248073,0.145626,19.4616
2,20,17.8202,891,0,20,0.242597,0.142631,19.4619
2,20,17.8402,892,0,20,0.236093,0.139219,19.4621
2,20,17.8602,893,0,20,0.226684,0.136648,19.4622
2,20,17.8802,894,0,20,0.217719,0.135269,19.4622
2,20,17.9002,895,0,20,0.219444,0.134290,19.4621
2,20,17.9202,896,0,20,0.220993,0.133336,19.4619
2,20,17.9402,897,0,20,0.219807,0.132435,19.4618
2,20,17.9602,898,0,20,0.216307,0.131730,19.4616
2,20,17.9802,899,0,20,0.211023,0.131265,19.4613
2,20,18.0002,900,0,20,0.232883,0.131020,19.4611
2,20,18.0202,901,0,20,0.255731,0.130993,19.4608
2,20,18.0402,902,0,20,0.275629,0.131220,19.4604
2,20,18.0602,903,0,20,0.292010,0.132071,19.4602
2,20,18.0802,904,0,20,0.305614,0.133753,19.4599
2,20,18.1002,905,0,20,0.316323,0.135968,19.4597
2,20,18.1202,906,0,20,0.311346,0.140514,19.4594
2,20,18.1402,907,0,20,0.297847,0.143554,19.4592
2,20,18.1602,908,0,20,0.311908,0.144716,19.4593
2,20,18.1802,909,0,20,0.328051,0.145841,19.4598
2,20,18.2002,910,0,20,0.343702,0.148223,19.4604
2,20,18.2202,911,0,20,0.358566,0.151358,19.4610
2,20,18.2402,912,0,20,0.382055,0.152552,19.4614
2,20,18.2602,913,0,20,0.410701,0.150024,19.4620
2,20,18.2802,914,0,20,0.424246,0.146168,19.4627
2,20,18.3002,915,0,20,0.422715,0.143788,19.4634
2,20,18.3202,916,0,20,0.413438,0.142872,19.4640
2,20,18.3402,917,0,20,0.401198,0.141255,19.4643
2,20,18.3602,918,0,20,0.387006,0.137735,19.4643
2,20,18.3802,919,0,20,0.369050,0.132995,19.4642
2,20,18.4002,920,0,20,0.346038,0.128973,19.4639
2,20,18.4202,921,0,20,0.316946,0.127140,19.4635
2,20,18.4402,922,0,20,0.285179,0.127755,19.4630
2,20,18.4602,923,0,20,0.253919,0.129942,19.4625
2,20,18.4802,924,0,20,0.226018,0.132721,19.4619
2,20,18.5002,925,0,20,0.202160,0.135834,19.4615
2,20,18.5202,926,0,20,0.208328,0.139297,19.4611
2,20,18.5402,927,0,20,0.221253,0.143341,19.4610
2,20,18.5602,928,0,20,0.232975,0.148698,19.4610
2,20,18.5802,929,0,20,0.241605,0.155370,19.4611
2,20,18.6002,930,0,20,0.245533,0.162698,19.4613
2,20,18.6202,931,0,20,0.255843,0.170181,19.4615
2,20,18.6402,932,0,20,0.271687,0.177622,19.4619
2,20,18.6602,933,0,20,0.284192,0.183964,19.4623
2,20,18.6802,934,0,20,0.302253,0.189192,19.4626
2,20,18.7002,935,0,20,0.312407,0.192464,19.4629
2,20,18.7202,936,0,20,0.312189,0.193359,19.4632
2,20,18.7402,937,0,20,0.312164,0.192849,19.4635
2,20,18.7602,938,0,20,0.315898,0.190557,19.4638
2,20,18.7802,939,0,20,0.323813,0.187530,19.4640
2,20,18.8002,940,0,20,0.328253,0.183885,19.4642
2,20,18.8202,941,0,20,0.329202,0.179626,19.4645
2,20,18.8402,942,0,20,0.324436,0.175534,19.4647
2,20,18.8602,943,0,20,0.313584,0.171593,19.4651
2,20,18.8802,944,0,20,0.302870,0.167737,19.4655
2,20,18.9002,945,0,20,0.287617,0.164803,19.4660
2,20,18.9202,946,0,20,0.270172,0.162366,19.4666
2,20,18.9402,947,0,20,0.249994,0.160314,19.4670
2,20,18.9602,948,0,20,0.230377,0.158600,19.4675
2,20,18.9802,949,0,20,0.222611,0.156662,19.4678
2,20,19.0002,950,0,20,0.262763,0.154356,19.4680
2,20,19.0202,951,0,20,0.302005,0.152080,19.4680
2,20,19.0403,952,0,20,0.338862,0.150432,19.4678
2,20,19.0603,953,0,20,0.366982,0.150112,19.4674
2,20,19.0803,954,0,20,0.389505,0.151848,19.4667
2,20,19.1003,955,0,20,0.407422,0.155241,19.4659
2,20,19.1203,956,0,20,0.417150,0.160146,19.4650
2,20,19.1403,957,0,20,0.419309,0.166287,19.4642
2,20,19.1603,958,0,20,0.418543,0.173209,19.4635
2,20,19.1803,959,0,20,0.418082,0.180287,19.4628
2,20,19.2003,960,0,20,0.422222,0.185542,19.4623
2,20,19.2203,961,0,20,0.434848,0.188595,19.4623
2,20,19.2403,962,0,20,0.452999,0.192018,19.4626
2,20,19.2603,963,0,20,0.473968,0.195093,19.4633
2,20,19.2803,964,0,20,0.490287,0.196883,19.4641
2,20,19.3003,965,0,20,0.501441,0.196512,19.4650
2,20,19.3203,966,0,20,0.508489,0.193274,19.4661
2,20,19.3403,967,0,20,0.525584,0.186705,19.4674
2,20,19.3603,968,0,20,0.508832,0.178444,19.4684
2,20,19.3803,969,0,20,0.505705,0.167918,19.4692
2,20,19.4003,970,0,20,0.494319,0.156054,19.4696
2,20,19.4203,971,0,20,0.493011,0.144151,19.4695
2,20,19.4403,972,0,20,0.462801,0.132751,19.4689
2,20,19.4603,973,0,20,0.433785,0.122919,19.4682
2,20,19.4803,974,0,20,0.400393,0.119503,19.4675
2,20,19.5003,975,0,20,0.360003,0.122572,19.4667
2,20,19.5203,976,0,20,0.316136,0.130630,19.4659
2,20,19.5403,977,0,20,0.278652,0.139918,19.4651
2,20,19.5603,978,0,20,0.259442,0.148397,19.4645
2,20,19.5803,979,0,20,0.246123,0.156569,19.4642
2,20,19.6003,980,0,20,0.243087,0.164823,19.4644
2,20,19.6203,981,0,20,0.245395,0.172852,19.4648
2,20,19.6403,982,0,20,0.253447,0.179933,19.4654
2,20,19.6603,983,0,20,0.269909,0.185345,19.4661
2,20,19.6803,984,0,20,0.284674,0.189899,19.4667
2,20,19.7003,985,0,20,0.284184,0.193813,19.4671
2,20,19.7203,986,0,20,0.272965,0.196459,19.4672
2,20,19.7403,987,0,20,0.277917,0.197844,19.4674
2,20,19.7603,988,0,20,0.284948,0.199479,19.4673
2,20,19.7803,989,0,20,0.287709,0.200285,19.4671
2,20,19.8003,990,0,20,0.291876,0.199472,19.4668
2,20,19.8203,991,0,20,0.302475,0.197436,19.4666
2,20,19.8403,992,0,20,0.310537,0.195042,19.4664
2,20,19.8603,993,0,20,0.315060,0.193191,19.4664
2,20,19.8803,994,0,20,0.315717,0.191617,19.4665
2,20,19.9003,995,0,20,0.311064,0.189755,19.4668
2,20,19.9203,996,0,20,0.301765,0.187123,19.4672
2,20,19.9403,997,0,20,0.289375,0.183497,19.4678
2,20,19.9603,998,0,20,0.281750,0.179357,19.4685
2,20,19.9803,999,0,20,0.270828,0.174894,19.4693
2,20,20.0003,1000,0,20,0.254849,0.170903,19.4700
2,20,20.0203,1001,0,20,0.241030,0.167270,19.4704
2,20,20.0403,1002,0,20,0.228486,0.163535,19.4707
2,20,20.0603,1003,0,20,0.241744,0.159973,19.4707
2,20,20.0803,1004,0,20,0.272806,0.157288,19.4706
2,20,20.1003,1005,0,20,0.301566,0.156042,19.4703
2,20,20.1203,1006,0,20,0.326257,0.156851,19.4698
2,20,20.1403,1007,0,20,0.348388,0.157169,19.4692
2,20,20.1603,1008,0,20,0.373773,0.156940,19.4686
2,20,20.1803,1009,0,20,0.406928,0.157744,19.4680
2,20,20.2003,1010,0,20,0.425280,0.159042,19.4675
2,20,20.2203,1011,0,20,0.428205,0.162473,19.4672
2,20,20.2403,1012,0,20,0.426196,0.166513,19.4669
2,20,20.2603,1013,0,20,0.429402,0.169700,19.4668
2,20,20.2803,1014,0,20,0.437334,0.172741,19.4668
2,20,20.3003,1015,0,20,0.442500,0.176065,19.4671
2,20,20.3203,1016,0,20,0.441139,0.178443,19.4675
2,20,20.3403,1017,0,20,0.437993,0.179197,19.4678
2,20,20.3603,1018,0,20,0.436404,0.177329,19.4680
2,20,20.3803,1019,0,20,0.436408,0.172498,19.4681
2,20,20.4003,1020,0,20,0.437890,0.165471,19.4682
2,20,20.4203,1021,0,20,0.438450,0.158187,19.4680
2,20,20.4403,1022,0,20,0.436389,0.151027,19.4676
2,20,20.4603,1023,0,20,0.428286,0.144036,19.4670
2,20,20.4803,1024,0,20,0.414814,0.137981,19.4664
2,20,20.5003,1025,0,20,0.403016,0.134775,19.4659
2,20,20.5203,1026,0,20,0.390836,0.134836,19.4656
2,20,20.5403,1027,0,20,0.383808,0.138394,19.4653
2,20,20.5603,1028,0,20,0.373032,0.143738,19.4652
2,20,20.5803,1029,0,20,0.365154,0.149524,19.4653
2,20,20.6003,1030,0,20,0.360125,0.155160,19.4656
2,20,20.6203,1031,0,20,0.355613,0.161023,19.4661
2,20,20.6403,1032,0,20,0.350671,0.165951,19.4668
2,20,20.6603,1033,0,20,0.335593,0.170180,19.4674
2,20,20.6803,1034,0,20,0.336374,0.172551,19.4681
2,20,20.7003,1035,0,20,0.342458,0.173157,19.4686
2,20,20.7203,1036,0,20,0.342147,0.172767,19.4690
2,20,20.7403,1037,0,20,0.335233,0.173225,19.4692
2,20,20.7603,1038,0,20,0.319586,0.173989,19.4690
2,20,20.7803,1039,0,20,0.300030,0.173565,19.4685
2,20,20.8003,1040,0,20,0.278942,0.171982,19.4679
2,20,20.8203,1041,0,20,0.265060,0.170854,19.4673
2,20,20.8403,1042,0,20,0.267226,0.170888,19.4668
2,20,20.8603,1043,0,20,0.264155,0.172586,19.4662
2,20,20.8803,1044,0,20,0.262143,0.174900,19.4656
2,20,20.9003,1045,0,20,0.259501,0.178050,19.4652
2,20,20.9203,1046,0,20,0.256436,0.181315,19.4652
2,20,20.9403,1047,0,20,0.253709,0.184072,19.4655
2,20,20.9603,1048,0,20,0.251666,0.185824,19.4661
2,20,20.9803,1049,0,20,0.248943,0.185827,19.4669
2,20,21.0003,1050,0,20,0.245490,0.184086,19.4679
2,20,21.0203,1051,0,20,0.243458,0.180737,19.4688
2,20,21.0403,1052,0,20,0.240186,0.176005,19.4696
2,20,21.0603,1053,0,20,0.234333,0.170607,19.4701
2,20,21.0803,1054,0,20,0.226298,0.165429,19.4704
2,20,21.1003,1055,0,20,0.216893,0.161065,19.4703
2,20,21.1203,1056,0,20,0.208052,0.158206,19.4699
2,20,21.1403,1057,0,20,0.203171,0.156320,19.4693
2,20,21.1603,1058,0,20,0.200896,0.155407,19.4684
2,20,21.1803,1059,0,20,0.201739,0.156195,19.4674
2,20,21.2003,1060,0,20,0.220776,0.158503,19.4665
2,20,21.2203,1061,0,20,0.247718,0.161531,19.4656
2,20,21.2403,1062,0,20,0.273357,0.165335,19.4650
2,20,21.2603,1063,0,20,0.296414,0.170199,19.4646
2,20,21.2803,1064,0,20,0.315953,0.175228,19.4645
2,20,21.3003,1065,0,20,0.333728,0.179369,19.4647
2,20,21.3203,1066,0,20,0.353312,0.181753,19.4651
2,20,21.3403,1067,0,20,0.370984,0.182840,19.4658
2,20,21.3603,1068,0,20,0.384091,0.182924,19.4666
2,20,21.3803,1069,0,20,0.393377,0.181265,19.4673
2,20,21.4003,1070,0,20,0.396494,0.177345,19.4678
2,20,21.4203,1071,0,20,0.397701,0.171552,19.4680
2,20,21.4403,1072,0,20,0.398669,0.164250,19.4680
2,20,21.4603,1073,0,20,0.394782,0.156727,19.4678
2,20,21.4803,1074,0,20,0.408311,0.150186,19.4672
2,20,21.5003,1075,0,20,0.417400,0.145053,19.4664
2,20,21.5203,1076,0,20,0.417918,0.141723,19.4655
2,20,21.5403,1077,0,20,0.412961,0.140476,19.4646
2,20,21.5603,1078,0,20,0.404856,0.141942,19.4638
2,20,21.5803,1079,0,20,0.395954,0.146074,19.4633
2,20,21.6003,1080,0,20,0.393114,0.152632,19.4632
2,20,21.6203,1081,0,20,0.390234,0.160586,19.4634
2,20,21.6403,1082,0,20,0.388456,0.169185,19.4639
2,20,21.6603,1083,0,20,0.390045,0.176517,19.4647
2,20,21.6803,1084,0,20,0.393980,0.180638,19.4658
2,20,21.7003,1085,0,20,0.397999,0.180821,19.4669
2,20,21.7203,1086,0,20,0.412130,0.177146,19.4681
2,20,21.7403,1087,0,20,0.407340,0.170883,19.4691
2,20,21.7603,1088,0,20,0.398937,0.162884,19.4698
2,20,21.7803,1089,0,20,0.389873,0.154959,19.4702
2,20,21.8003,1090,0,20,0.379773,0.147657,19.4702
2,20,21.8203,1091,0,20,0.368687,0.141569,19.4699
2,20,21.8403,1092,0,20,0.357560,0.137664,19.4693
2,20,21.8603,1093,0,20,0.349406,0.136871,19.4687
2,20,21.8803,1094,0,20,0.338594,0.138676,19.4679
2,20,21.9003,1095,0,20,0.329134,0.142403,19.4671
2,20,21.9203,1096,0,20,0.306181,0.147580,19.4663
2,20,21.9403,1097,0,20,0.276473,0.153395,19.4657
2,20,21.9603,1098,0,20,0.248815,0.159609,19.4654
2,20,21.9803,1099,0,20,0.258324,0.165797,19.4652
2,20,22.0003,1100,0,20,0.264788,0.171387,19.4653
2,20,22.0203,1101,0,20,0.268055,0.175738,19.4655
2,20,22.0403,1102,0,20,0.270914,0.178358,19.4658
2,20,22.0603,1103,0,20,0.272879,0.178374,19.4662
2,20,22.0803,1104,0,20,0.259312,0.176775,19.4667
2,20,22.1003,1105,0,20,0.261857,0.173349,19.4670
2,20,22.1203,1106,0,20,0.264729,0.169056,19.4670
2,20,22.1403,1107,0,20,0.255850,0.164056,19.4668
2,20,22.1603,1108,0,20,0.252634,0.159566,19.4665
2,20,22.1803,1109,0,20,0.245265,0.156834,19.4659
2,20,22.2003,1110,0,20,0.241631,0.156515,19.4652
2,20,22.2203,1111,0,20,0.234465,0.157843,19.4646
2,20,22.2403,1112,0,20,0.227791,0.159895,19.4641
2,20,22.2603,1113,0,20,0.224144,0.162794,19.4638
2,20,22.2803,1114,0,20,0.226018,0.166328,19.4637
2,20,22.3003,1115,0,20,0.231947,0.169621,19.4638
2,20,22.3203,1116,0,20,0.234410,0.172115,19.4640
2,20,22.3403,1117,0,20,0.235023,0.174226,19.4643
2,20,22.3603,1118,0,20,0.233067,0.175624,19.4647
2,20,22.3803,1119,0,20,0.231157,0.176174,19.4650
2,20,22.4003,1120,0,20,0.270973,0.176909,19.4651
2,20,22.4203,1121,0,20,0.255507,0.179985,19.4653
2,20,22.4403,1122,0,20,0.254974,0.178909,19.4654
2,20,22.4603,1123,0,20,0.273375,0.179561,19.4653
2,20,22.4803,1124,0,20,0.302115,0.179042,19.4651
2,20,22.5003,1125,0,20,0.325359,0.177786,19.4649
2,20,22.5203,1126,0,20,0.341771,0.176428,19.4645
2,20,22.5403,1127,0,20,0.354472,0.175060,19.4641
2,20,22.5603,1128,0,20,0.365638,0.174323,19.4638
2,20,22.5803,1129,0,20,0.377343,0.173209,19.4634
2,20,22.6003,1130,0,20,0.386631,0.171711,19.4631
2,20,22.6203,1131,0,20,0.388191,0.170487,19.4631
2,20,22.6403,1132,0,20,0.383644,0.170285,19.4632
2,20,22.6603,1133,0,20,0.377022,0.170614,19.4634
2,20,22.6803,1134,0,20,0.371562,0.170427,19.4637
2,20,22.7003,1135,0,20,0.367303,0.168827,19.4640
2,20,22.7203,1136,0,20,0.362075,0.165454,19.4644
2,20,22.7403,1137,0,20,0.354803,0.160876,19.4649
2,20,22.7603,1138,0,20,0.347293,0.156195,19.4653
2,20,22.7803,1139,0,20,0.338753,0.152918,19.4656
2,20,22.8003,1140,0,20,0.330356,0.149215,19.4658
2,20,22.8203,1141,0,20,0.330991,0.144547,19.4660
2,20,22.8403,1142,0,20,0.335639,0.140171,19.4662
2,20,22.8603,1143,0,20,0.339589,0.137891,19.4664
2,20,22.8803,1144,0,20,0.340673,0.137999,19.4665
2,20,22.9003,1145,0,20,0.341448,0.139996,19.4666
2,20,22.9203,1146,0,20,0.345570,0.142616,19.4665
2,20,22.9403,1147,0,20,0.352819,0.145332,19.4664
2,20,22.9603,1148,0,20,0.359993,0.148491,19.4664
2,20,22.9803,1149,0,20,0.366890,0.152521,19.4664
2,20,23.0003,1150,0,20,0.373613,0.157042,19.4663
2,20,23.0203,1151,0,20,0.376278,0.163008,19.4662
2,20,23.0403,1152,0,20,0.373199,0.168988,19.4659
2,20,23.0603,1153,0,20,0.365205,0.174528,19.4657
2,20,23.0803,1154,0,20,0.369799,0.177981,19.4655
2,20,23.1003,1155,0,20,0.380945,0.180350,19.4654
2,20,23.1203,1156,0,20,0.371081,0.182302,19.4654
2,20,23.1403,1157,0,20,0.362268,0.184753,19.4653
2,20,23.1603,1158,0,20,0.345270,0.186897,19.4653
2,20,23.1803,1159,0,20,0.317402,0.186456,19.4653
2,20,23.2003,1160,0,20,0.287629,0.183642,19.4651
2,20,23.2203,1161,0,20,0.258847,0.178905,19.4649
2,20,23.2403,1162,0,20,0.267788,0.169380,19.4647
2,20,23.2603,1163,0,20,0.268190,0.165172,19.4642
2,20,23.2803,1164,0,20,0.263936,0.162301,19.4635
2,20,23.3003,1165,0,20,0.256307,0.160094,19.4630
2,20,23.3203,1166,0,20,0.252673,0.157822,19.4626
2,20,23.3403,1167,0,20,0.249967,0.157410,19.4626
2,20,23.3603,1168,0,20,0.248718,0.160764,19.4627
2,20,23.3803,1169,0,20,0.250985,0.166214,19.4631
2,20,23.4003,1170,0,20,0.249284,0.171868,19.4634
2,20,23.4204,1171,0,20,0.247750,0.177395,19.4638
2,20,23.4404,1172,0,20,0.256233,0.181899,19.4641
2,20,23.4604,1173,0,20,0.270979,0.184922,19.4644
2,20,23.4804,1174,0,20,0.287236,0.186456,19.4646
2,20,23.5004,1175,0,20,0.297869,0.189390,19.4646
2,20,23.5204,1176,0,20,0.305688,0.191044,19.4643
2,20,23.5404,1177,0,20,0.308591,0.191916,19.4640
2,20,23.5604,1178,0,20,0.309350,0.193134,19.4636
2,20,23.5804,1179,0,20,0.312757,0.193963,19.4632
2,20,23.6004,1180,0,20,0.311973,0.194688,19.4629
2,20,23.6204,1181,0,20,0.311538,0.195107,19.4626
2,20,23.6404,1182,0,20,0.311597,0.194556,19.4623
2,20,23.6604,1183,0,20,0.310539,0.193688,19.4623
2,20,23.6804,1184,0,20,0.304554,0.192748,19.4625
2,20,23.7004,1185,0,20,0.296170,0.191481,19.4629
2,20,23.7204,1186,0,20,0.285386,0.189595,19.4635
2,20,23.7404,1187,0,20,0.269932,0.186952,19.4642
2,20,23.7604,1188,0,20,0.285734,0.183667,19.4649
2,20,23.7804,1189,0,20,0.304670,0.178259,19.4655
2,20,23.8004,1190,0,20,0.289759,0.171241,19.4660
2,20,23.8204,1191,0,20,0.300252,0.162461,19.4663
2,20,23.8404,1192,0,20,0.317403,0.153256,19.4666
2,20,23.8604,1193,0,20,0.331326,0.144660,19.4666
2,20,23.8804,1194,0,20,0.340961,0.138999,19.4666
2,20,23.9004,1195,0,20,0.348095,0.137160,19.4663
2,20,23.9204,1196,0,20,0.365032,0.136815,19.4659
2,20,23.9404,1197,0,20,0.387460,0.137530,19.4654
2,20,23.9604,1198,0,20,0.401542,0.140507,19.4647
2,20,23.9804,1199,0,20,0.428312,0.145256,19.4642
2,20,24.0004,1200,0,20,0.450210,0.151530,19.4636
2,20,24.0204,1201,0,20,0.468876,0.158358,19.4631
2,20,24.0404,1202,0,20,0.482357,0.166071,19.4627
2,20,24.0604,1203,0,20,0.489057,0.174161,19.4624
2,20,24.0804,1204,0,20,0.490724,0.181007,19.4622
2,20,24.1004,1205,0,20,0.487836,0.186129,19.4622
2,20,24.1204,1206,0,20,0.483456,0.189081,19.4623
2,20,24.1404,1207,0,20,0.478725,0.190255,19.4627
2,20,24.1604,1208,0,20,0.448591,0.192072,19.4634
2,20,24.1804,1209,0,20,0.438448,0.192555,19.4638
2,20,24.2004,1210,0,20,0.442055,0.189170,19.4640
2,20,24.2204,1211,0,20,0.444336,0.183947,19.4641
2,20,24.2404,1212,0,20,0.418892,0.176891,19.4641
2,20,24.2604,1213,0,20,0.394545,0.169646,19.4640
2,20,24.2804,1214,0,20,0.369840,0.162449,19.4636
2,20,24.3004,1215,0,20,0.364061,0.155479,19.4629
2,20,24.3204,1216,0,20,0.359928,0.148675,19.4622
2,20,24.3404,1217,0,20,0.344593,0.144156,19.4616
2,20,24.3604,1218,0,20,0.324478,0.143118,19.4611
2,20,24.3804,1219,0,20,0.302708,0.146044,19.4607
2,20,24.4004,1220,0,20,0.285671,0.152085,19.4606
2,20,24.4204,1221,0,20,0.268809,0.159359,19.4606
2,20,24.4404,1222,0,20,0.250365,0.166875,19.4608
2,20,24.4604,1223,0,20,0.272143,0.173905,19.4613
2,20,24.4804,1224,0,20,0.298555,0.180013,19.4618
2,20,24.5004,1225,0,20,0.319719,0.185104,19.4624
2,20,24.5204,1226,0,20,0.337798,0.189590,19.4630
2,20,24.5404,1227,0,20,0.354330,0.192714,19.4636
2,20,24.5604,1228,0,20,0.365583,0.195858,19.4639
2,20,24.5804,1229,0,20,0.371108,0.198410,19.4639
2,20,24.6004,1230,0,20,0.372060,0.200912,19.4637
2,20,24.6204,1231,0,20,0.337797,0.203572,19.4633
2,20,24.6404,1232,0,20,0.322692,0.205815,19.4630
2,20,24.6604,1233,0,20,0.320635,0.205837,19.4624
2,20,24.6804,1234,0,20,0.317552,0.203630,19.4618
2,20,24.7004,1235,0,20,0.308577,0.201087,19.4611
2,20,24.7204,1236,0,20,0.305738,0.197699,19.4606
2,20,24.7404,1237,0,20,0.306722,0.194611,19.4605
2,20,24.7604,1238,0,20,0.302075,0.192181,19.4606
2,20,24.7804,1239,0,20,0.290535,0.190001,19.4608
2,20,24.8004,1240,0,20,0.279479,0.187832,19.4612
2,20,24.8204,1241,0,20,0.291573,0.184670,19.4618
2,20,24.8404,1242,0,20,0.253551,0.181538,19.4628
2,20,24.8604,1243,0,20,0.242683,0.176969,19.4641
2,20,24.8804,1244,0,20,0.250104,0.171854,19.4655
2,20,24.9004,1245,0,20,0.252850,0.166976,19.4666
2,20,24.9204,1246,0,20,0.249803,0.161446,19.4675
2,20,24.9404,1247,0,20,0.258475,0.154393,19.4682
2,20,24.9604,1248,0,20,0.284753,0.147315,19.4686
2,20,24.9804,1249,0,20,0.314951,0.142059,19.4685
2,20,25.0004,1250,0,20,0.343055,0.139446,19.4679
2,20,25.0204,1251,0,20,0.375277,0.139087,19.4669
2,20,25.0404,1252,0,20,0.411527,0.140574,19.4655
2,20,25.0604,1253,0,20,0.448811,0.143171,19.4639
2,20,25.0804,1254,0,20,0.485444,0.146915,19.4623
2,20,25.1004,1255,0,20,0.521086,0.152357,19.4608
2,20,25.1204,1256,0,20,0.554385,0.159301,19.4593
2,20,25.1404,1257,0,20,0.581512,0.166438,19.4582
2,20,25.1604,1258,0,20,0.601375,0.173840,19.4575
2,20,25.1804,1259,0,20,0.614512,0.181330,19.4572
2,20,25.2004,1260,0,20,0.600935,0.188253,19.4576
2,20,25.2204,1261,0,20,0.565815,0.195004,19.4583
2,20,25.2404,1262,0,20,0.529830,0.198735,19.4592
2,20,25.2604,1263,0,20,0.501628,0.202869,19.4601
2,20,25.2804,1264,0,20,0.441009,0.200967,19.4610
2,20,25.3004,1265,0,20,0.407384,0.194560,19.4619
2,20,25.3204,1266,0,20,0.400783,0.185722,19.4627
2,20,25.3404,1267,0,20,0.406794,0.174372,19.4631
2,20,25.3604,1268,0,20,0.378659,0.162290,19.4633
2,20,25.3804,1269,0,20,0.349936,0.150729,19.4630
2,20,25.4004,1270,0,20,0.329683,0.140895,19.4624
2,20,25.4204,1271,0,20,0.315214,0.134716,19.4616
2,20,25.4404,1272,0,20,0.299603,0.134197,19.4609
2,20,25.4604,1273,0,20,0.283572,0.138515,19.4601
2,20,25.4804,1274,0,20,0.264669,0.145325,19.4594
2,20,25.5004,1275,0,20,0.244832,0.153518,19.4589
2,20,25.5204,1276,0,20,0.226229,0.162142,19.4585
2,20,25.5404,1277,0,20,0.242229,0.169935,19.4583
2,20,25.5604,1278,0,20,0.249581,0.177183,19.4584
2,20,25.5804,1279,0,20,0.275881,0.183871,19.4587
2,20,25.6004,1280,0,20,0.306642,0.189476,19.4593
2,20,25.6204,1281,0,20,0.326504,0.193387,19.4600
2,20,25.6404,1282,0,20,0.337602,0.195715,19.4605
2,20,25.6604,1283,0,20,0.341990,0.197050,19.4609
2,20,25.6804,1284,0,20,0.346223,0.197287,19.4611
2,20,25.7004,1285,0,20,0.347096,0.196316,19.4609
2,20,25.7204,1286,0,20,0.346418,0.194244,19.4606
2,20,25.7404,1287,0,20,0.333852,0.193446,19.4601
2,20,25.7604,1288,0,20,0.339362,0.187941,19.4595
2,20,25.7804,1289,0,20,0.335260,0.185985,19.4588
2,20,25.8004,1290,0,20,0.306973,0.187735,19.4584
2,20,25.8204,1291,0,20,0.290910,0.189049,19.4581
2,20,25.8404,1292,0,20,0.276640,0.191477,19.4582
2,20,25.8604,1293,0,20,0.258567,0.195258,19.4585
2,20,25.8804,1294,0,20,0.268665,0.197686,19.4591
2,20,25.9004,1295,0,20,0.259933,0.197752,19.4601
2,20,25.9204,1296,0,20,0.262279,0.195036,19.4612
2,20,25.9404,1297,0,20,0.295128,0.189389,19.4624
2,20,25.9604,1298,0,20,0.328008,0.179199,19.4634
2,20,25.9804,1299,0,20,0.352851,0.171923,19.4641
2,20,26.0004,1300,0,20,0.360425,0.166149,19.4644
2,20,26.0204,1301,0,20,0.367850,0.158974,19.4639
2,20,26.0404,1302,0,20,0.381028,0.151235,19.4631
2,20,26.0604,1303,0,20,0.372053,0.145326,19.4625
2,20,26.0804,1304,0,20,0.358457,0.143544,19.4619
2,20,26.1004,1305,0,20,0.372205,0.146818,19.4609
2,20,26.1204,1306,0,20,0.408481,0.150158,19.4596
2,20,26.1404,1307,0,20,0.457501,0.150650,19.4585
2,20,26.1604,1308,0,20,0.505436,0.152576,19.4575
2,20,26.1804,1309,0,20,0.526438,0.158775,19.4569
2,20,26.2004,1310,0,20,0.549831,0.167650,19.4565
2,20,26.2204,1311,0,20,0.551176,0.177510,19.4566
2,20,26.2404,1312,0,20,0.536404,0.185672,19.4570
2,20,26.2604,1313,0,20,0.522070,0.193540,19.4576
2,20,26.2804,1314,0,20,0.499405,0.198328,19.4585
2,20,26.3004,1315,0,20,0.477743,0.197811,19.4596
2,20,26.3204,1316,0,20,0.461484,0.193929,19.4605
2,20,26.3404,1317,0,20,0.447002,0.188912,19.4612
2,20,26.3604,1318,0,20,0.435604,0.181869,19.4616
2,20,26.3804,1319,0,20,0.424698,0.172214,19.4617
2,20,26.4004,1320,0,20,0.408926,0.162631,19.4614
2,20,26.4204,1321,0,20,0.391014,0.154613,19.4610
2,20,26.4404,1322,0,20,0.368830,0.150341,19.4603
2,20,26.4604,1323,0,20,0.341706,0.148989,19.4594
2,20,26.4804,1324,0,20,0.316170,0.149438,19.4583
2,20,26.5004,1325,0,20,0.299430,0.151668,19.4571
2,20,26.5204,1326,0,20,0.283700,0.155581,19.4561
2,20,26.5404,1327,0,20,0.270729,0.159182,19.4554
2,20,26.5604,1328,0,20,0.282547,0.167896,19.4548
2,20,26.5804,1329,0,20,0.287947,0.176099,19.4545
2,20,26.6004,1330,0,20,0.272211,0.181531,19.4544
2,20,26.6204,1331,0,20,0.260762,0.185494,19.4545
2,20,26.6404,1332,0,20,0.272710,0.189490,19.4549
2,20,26.6604,1333,0,20,0.285289,0.193031,19.4556
2,20,26.6804,1334,0,20,0.297745,0.195097,19.4562
2,20,26.7004,1335,0,20,0.310695,0.195491,19.4567
2,20,26.7204,1336,0,20,0.319294,0.194147,19.4571
2,20,26.7404,1337,0,20,0.320944,0.191421,19.4573
2,20,26.7604,1338,0,20,0.316412,0.188000,19.4573
2,20,26.7804,1339,0,20,0.327238,0.182722,19.4572
2,20,26.8004,1340,0,20,0.313088,0.183525,19.4569
2,20,26.8204,1341,0,20,0.303069,0.179998,19.4566
2,20,26.8404,1342,0,20,0.292535,0.177161,19.4560
2,20,26.8604,1343,0,20,0.277560,0.177015,19.4551
2,20,26.8804,1344,0,20,0.268761,0.176901,19.4545
2,20,26.9004,1345,0,20,0.257599,0.176251,19.4539
2,20,26.9204,1346,0,20,0.239433,0.176317,19.4535
2,20,26.9404,1347,0,20,0.240800,0.176960,19.4532
2,20,26.9604,1348,0,20,0.249268,0.177320,19.4532
2,20,26.9804,1349,0,20,0.268963,0.176200,19.4534
2,20,27.0004,1350,0,20,0.289596,0.173892,19.4536
2,20,27.0204,1351,0,20,0.310112,0.171110,19.4540
2,20,27.0404,1352,0,20,0.326010,0.168154,19.4545
2,20,27.0604,1353,0,20,0.333460,0.165836,19.4550
2,20,27.0804,1354,0,20,0.333140,0.164688,19.4554
2,20,27.1004,1355,0,20,0.329961,0.164727,19.4558
2,20,27.1204,1356,0,20,0.330568,0.164024,19.4560
2,20,27.1404,1357,0,20,0.337658,0.164657,19.4561
2,20,27.1604,1358,0,20,0.354609,0.164477,19.4561
2,20,27.1804,1359,0,20,0.380371,0.163375,19.4560
2,20,27.2004,1360,0,20,0.409239,0.161832,19.4558
2,20,27.2204,1361,0,20,0.435995,0.159857,19.4554
2,20,27.2404,1362,0,20,0.457923,0.157777,19.4551
2,20,27.2604,1363,0,20,0.473537,0.156370,19.4547
2,20,27.2804,1364,0,20,0.485452,0.156261,19.4543
2,20,27.3004,1365,0,20,0.493253,0.157189,19.4540
2,20,27.3204,1366,0,20,0.495870,0.158910,19.4538
2,20,27.3404,1367,0,20,0.491983,0.160737,19.4536
2,20,27.3604,1368,0,20,0.481655,0.162326,19.4535
2,20,27.3804,1369,0,20,0.469939,0.163692,19.4535
2,20,27.4004,1370,0,20,0.460119,0.164764,19.4536
2,20,27.4204,1371,0,20,0.452838,0.165556,19.4537
2,20,27.4404,1372,0,20,0.437259,0.166545,19.4538
2,20,27.4604,1373,0,20,0.431016,0.166473,19.4538
2,20,27.4804,1374,0,20,0.423203,0.164484,19.4538
2,20,27.5004,1375,0,20,0.404633,0.162997,19.4539
2,20,27.5204,1376,0,20,0.381961,0.161838,19.4540
2,20,27.5404,1377,0,20,0.359324,0.161243,19.4539
2,20,27.5604,1378,0,20,0.337441,0.160482,19.4536
2,20,27.5804,1379,0,20,0.319369,0.159436,19.4532
2,20,27.6004,1380,0,20,0.305691,0.158387,19.4528
2,20,27.6204,1381,0,20,0.295373,0.158099,19.4524
2,20,27.6404,1382,0,20,0.288380,0.159087,19.4520
2,20,27.6604,1383,0,20,0.284006,0.161186,19.4516
2,20,27.6804,1384,0,20,0.278668,0.164029,19.4511
2,20,27.7004,1385,0,20,0.270841,0.167017,19.4507
2,20,27.7204,1386,0,20,0.262660,0.170059,19.4504
2,20,27.7404,1387,0,20,0.253830,0.173288,19.4501
2,20,27.7604,1388,0,20,0.243684,0.176437,19.4499
2,20,27.7805,1389,0,20,0.250854,0.179442,19.4498
2,20,27.8005,1390,0,20,0.259702,0.182253,19.4497
2,20,27.8205,1391,0,20,0.267406,0.184530,19.4497
2,20,27.8405,1392,0,20,0.274199,0.186186,19.4497
2,20,27.8605,1393,0,20,0.280664,0.187312,19.4497
2,20,27.8805,1394,0,20,0.299591,0.190100,19.4497
2,20,27.9005,1395,0,20,0.306341,0.189416,19.4497
2,20,27.9205,1396,0,20,0.302614,0.188952,19.4498
2,20,27.9405,1397,0,20,0.298071,0.189483,19.4498
2,20,27.9605,1398,0,20,0.296129,0.187862,19.4496
2,20,27.9805,1399,0,20,0.292644,0.185628,19.4493
2,20,28.0005,1400,0,20,0.287302,0.184136,19.4491
2,20,28.0205,1401,0,20,0.274521,0.182888,19.4488
2,20,28.0405,1402,0,20,0.254890,0.181618,19.4485
2,20,28.0605,1403,0,20,0.240999,0.181831,19.4481
2,20,28.0805,1404,0,20,0.233335,0.182078,19.4477
2,20,28.1005,1405,0,20,0.241081,0.180339,19.4473
2,20,28.1205,1406,0,20,0.263917,0.178300,19.4470
2,20,28.1405,1407,0,20,0.284753,0.176907,19.4467
2,20,28.1605,1408,0,20,0.299091,0.175872,19.4464
2,20,28.1805,1409,0,20,0.307719,0.174770,19.4462
2,20,28.2005,1410,0,20,0.311333,0.174733,19.4460
2,20,28.2205,1411,0,20,0.313470,0.176658,19.4459
2,20,28.2405,1412,0,20,0.316801,0.179689,19.4458
2,20,28.2605,1413,0,20,0.323846,0.181669,19.4457
2,20,28.2805,1414,0,20,0.333752,0.181312,19.4457
2,20,28.3005,1415,0,20,0.345319,0.180385,19.4456
2,20,28.3205,1416,0,20,0.358932,0.178430,19.4455
2,20,28.3405,1417,0,20,0.379116,0.176801,19.4454
2,20,28.3605,1418,0,20,0.397493,0.174759,19.4452
2,20,28.3805,1419,0,20,0.410989,0.172860,19.4449
2,20,28.4005,1420,0,20,0.425342,0.171885,19.4447
2,20,28.4205,1421,0,20,0.432914,0.172419,19.4444
2,20,28.4405,1422,0,20,0.432315,0.173513,19.4440
2,20,28.4605,1423,0,20,0.424996,0.174948,19.4436
2,20,28.4805,1424,0,20,0.414961,0.176892,19.4431
2,20,28.5005,1425,0,20,0.407531,0.177617,19.4426
2,20,28.5205,1426,0,20,0.398606,0.175665,19.4421
2,20,28.5405,1427,0,20,0.389667,0.174734,19.4415
2,20,28.5605,1428,0,20,0.382568,0.177268,19.4410
2,20,28.5805,1429,0,20,0.381157,0.178508,19.4405
2,20,28.6005,1430,0,20,0.376410,0.178692,19.4401
2,20,28.6205,1431,0,20,0.374642,0.177939,19.4397
2,20,28.6405,1432,0,20,0.378255,0.177721,19.4394
2,20,28.6605,1433,0,20,0.384083,0.179343,19.4391
2,20,28.6805,1434,0,20,0.393139,0.180590,19.4389
2,20,28.7005,1435,0,20,0.403156,0.182520,19.4387
2,20,28.7205,1436,0,20,0.411467,0.183762,19.4384
2,20,28.7405,1437,0,20,0.410503,0.185111,19.4381
2,20,28.7605,1438,0,20,0.397076,0.186904,19.4378
2,20,28.7805,1439,0,20,0.380965,0.187687,19.4375
2,20,28.8005,1440,0,20,0.361248,0.188901,19.4370
2,20,28.8205,1441,0,20,0.344173,0.190288,19.4365
2,20,28.8405,1442,0,20,0.341069,0.191749,19.4360
2,20,28.8605,1443,0,20,0.335732,0.192976,19.4354
2,20,28.8805,1444,0,20,0.338489,0.194203,19.4350
2,20,28.9005,1445,0,20,0.354396,0.196416,19.4345
2,20,28.9205,1446,0,20,0.374800,0.199452,19.4341
2,20,28.9405,1447,0,20,0.396357,0.202438,19.4336
2,20,28.9605,1448,0,20,0.413207,0.205947,19.4331
2,20,28.9805,1449,0,20,0.426574,0.208730,19.4326
2,20,29.0005,1450,0,20,0.437895,0.210648,19.4321
2,20,29.0205,1451,0,20,0.445962,0.212172,19.4317
2,20,29.0405,1452,0,20,0.448864,0.213556,19.4312
2,20,29.0605,1453,0,20,0.445092,0.214983,19.4307
2,20,29.0805,1454,0,20,0.439242,0.216537,19.4303
2,20,29.1005,1455,0,20,0.437606,0.218125,19.4298
2,20,29.1205,1456,0,20,0.443699,0.219676,19.4293
2,20,29.1405,1457,0,20,0.455803,0.220892,19.4287
2,20,29.1605,1458,0,20,0.469630,0.222736,19.4282
2,20,29.1805,1459,0,20,0.479304,0.225802,19.4276
2,20,29.2005,1460,0,20,0.490234,0.228955,19.4270
2,20,29.2205,1461,0,20,0.498482,0.231520,19.4263
2,20,29.2405,1462,0,20,0.505206,0.233430,19.4256
2,20,29.2605,1463,0,20,0.510971,0.235323,19.4249
2,20,29.2805,1464,0,20,0.516046,0.237938,19.4243
2,20,29.3005,1465,0,20,0.518605,0.241183,19.4236
2,20,29.3205,1466,0,20,0.518932,0.244704,19.4230
2,20,29.3405,1467,0,20,0.520348,0.248018,19.4222
2,20,29.3605,1468,0,20,0.524409,0.251145,19.4215
2,20,29.3805,1469,0,20,0.532075,0.254226,19.4207
2,20,29.4005,1470,0,20,0.542438,0.257513,19.4200
2,20,29.4205,1471,0,20,0.553299,0.261098,19.4192
2,20,29.4405,1472,0,20,0.564644,0.264799,19.4184
2,20,29.4605,1473,0,20,0.574445,0.268332,19.4175
2,20,29.4805,1474,0,20,0.582296,0.271560,19.4165
2,20,29.5005,1475,0,20,0.588995,0.274548,19.4155
2,20,29.5205,1476,0,20,0.595164,0.277431,19.4145
2,20,29.5405,1477,0,20,0.601470,0.280441,19.4134
2,20,29.5605,1478,0,20,0.609126,0.283705,19.4123
2,20,29.5805,1479,0,20,0.619521,0.287255,19.4112
2,20,29.6005,1480,0,20,0.633008,0.291202,19.4101
2,20,29.6205,1481,0,20,0.648787,0.295524,19.4089
2,20,29.6405,1482,0,20,0.666914,0.300258,19.4077
2,20,29.6605,1483,0,20,0.686298,0.305394,19.4066
2,20,29.6805,1484,0,20,0.706621,0.310727,19.4054
2,20,29.7005,1485,0,20,0.724690,0.315972,19.4042
2,20,29.7205,1486,0,20,0.741310,0.321184,19.4030
2,20,29.7405,1487,0,20,0.756379,0.326288,19.4017
2,20,29.7605,1488,0,20,0.770818,0.334274,19.4005
2,20,29.7805,1489,0,20,0.781086,0.338202,19.3992
2,20,29.8005,1490,0,20,0.796513,0.343305,19.3979
2,20,29.8205,1491,0,20,0.827604,0.350032,19.3965
2,20,29.8405,1492,0,20,0.833600,0.355879,19.3950
2,20,29.8605,1493,0,20,0.816344,0.361069,19.3934
2,20,29.8805,1494,0,20,0.805219,0.365412,19.3918
2,20,29.9005,1495,0,20,0.810998,0.371414,19.3902
2,20,29.9205,1496,0,20,0.832612,0.378046,19.3886
2,20,29.9405,1497,0,20,0.856601,0.384796,19.3868
2,20,29.9605,1498,0,20,0.877212,0.391431,19.3848
2,20,29.9805,1499,0,20,0.891595,0.398745,19.3828
2,20,30.0005,1500,0,20,0.907203,0.405177,19.3809
2,20,30.0205,1501,0,20,0.930186,0.411985,19.3789
2,20,30.0405,1502,0,20,0.936395,0.418720,19.3769
2,20,30.0605,1503,0,20,0.942348,0.425959,19.3749
2,20,30.0805,1504,0,20,0.974837,0.433078,19.3728
2,20,30.1005,1505,0,20,1.005485,0.440613,19.3707
2,20,30.1205,1506,0,20,1.026717,0.447842,19.3685
2,20,30.1405,1507,0,20,1.046300,0.455417,19.3663
2,20,30.1605,1508,0,20,1.072147,0.463832,19.3640
2,20,30.1805,1509,0,20,1.105322,0.472507,19.3616
2,20,30.2005,1510,0,20,1.149677,0.481041,19.3589
2,20,30.2205,1511,0,20,1.173409,0.488958,19.3561
2,20,30.2405,1512,0,20,1.193911,0.496409,19.3533
2,20,30.2605,1513,0,20,1.214827,0.504541,19.3504
2,20,30.2805,1514,0,20,1.236697,0.513099,19.3474
2,20,30.3005,1515,0,20,1.261598,0.521946,19.3442
2,20,30.3205,1516,0,20,1.288218,0.530909,19.3409
2,20,30.3405,1517,0,20,1.316314,0.540065,19.3374
2,20,30.3605,1518,0,20,1.347106,0.549359,19.3340
2,20,30.3805,1519,0,20,1.380489,0.559961,19.3304
2,20,30.4005,1520,0,20,1.434234,0.570978,19.3266
2,20,30.4205,1521,0,20,1.489663,0.582173,19.3227
2,20,30.4405,1522,0,20,1.516245,0.592855,19.3185
2,20,30.4605,1523,0,20,1.538558,0.602245,19.3143
2,20,30.4805,1524,0,20,1.558274,0.611607,19.3101
2,20,30.5005,1525,0,20,1.576033,0.620941,19.3057
2,20,30.5205,1526,0,20,1.595654,0.631001,19.3012
2,20,30.5405,1527,0,20,1.616118,0.640859,19.2966
2,20,30.5605,1528,0,20,1.642532,0.652445,19.2918
2,20,30.5805,1529,0,20,1.677172,0.665726,19.2867
2,20,30.6005,1530,0,20,1.715140,0.680508,19.2813
2,20,30.6205,1531,0,20,1.752802,0.695612,19.2757
2,20,30.6405,1532,0,20,1.790098,0.710564,19.2698
2,20,30.6605,1533,0,20,1.826232,0.725177,19.2636
2,20,30.6805,1534,0,20,1.862836,0.739076,19.2572
2,20,30.7005,1535,0,20,1.905705,0.752551,19.2506
2,20,30.7205,1536,0,20,1.939122,0.765937,19.2437
2,20,30.7405,1537,0,20,1.964504,0.779175,19.2368
2,20,30.7605,1538,0,20,2.001745,0.792659,19.2296
2,20,30.7805,1539,0,20,2.045496,0.807822,19.2222
2,20,30.8005,1540,0,20,2.092584,0.823431,19.2145
2,20,30.8205,1541,0,20,2.141721,0.839832,19.2066
2,20,30.8405,1542,0,20,2.177767,0.856779,19.1985
2,20,30.8605,1543,0,20,2.203184,0.873735,19.1902
2,20,30.8805,1544,0,20,2.258908,0.891736,19.1815
2,20,30.9005,1545,0,20,2.304477,0.911115,19.1724
2,20,30.9205,1546,0,20,2.345773,0.928596,19.1630
2,20,30.9405,1547,0,20,2.385298,0.946744,19.1532
2,20,30.9605,1548,0,20,2.431288,0.967076,19.1431
2,20,30.9805,1549,0,20,2.475846,0.988271,19.1326
2,20,31.0005,1550,0,20,2.520744,1.003369,19.1216
2,20,31.0205,1551,0,20,2.568169,1.023241,19.1102
2,20,31.0405,1552,0,20,2.616809,1.049507,19.0983
2,20,31.0605,1553,0,20,2.660828,1.067869,19.0854
2,20,31.0805,1554,0,20,2.698509,1.086132,19.0719
2,20,31.1005,1555,0,20,2.740275,1.106608,19.0586
2,20,31.1205,1556,0,20,2.799348,1.128318,19.0451
2,20,31.1405,1557,0,20,2.868594,1.152434,19.0311
2,20,31.1605,1558,0,20,2.941806,1.177764,19.0166
2,20,31.1805,1559,0,20,3.012125,1.201995,19.0017
2,20,31.2005,1560,0,20,3.083655,1.229056,18.9867
2,20,31.2205,1561,0,20,3.154126,1.254005,18.9714
2,20,31.2405,1562,0,20,3.224264,1.277207,18.9555
2,20,31.2605,1563,0,20,3.295559,1.301284,18.9388
2,20,31.2805,1564,0,20,3.357959,1.325958,18.9215
2,20,31.3005,1565,0,20,3.414642,1.349215,18.9034
2,20,31.3205,1566,0,20,3.475191,1.373749,18.8844
2,20,31.3405,1567,0,20,3.537746,1.398354,18.8646
2,20,31.3605,1568,0,20,3.598855,1.424427,18.8436
2,20,31.3805,1569,0,20,3.669890,1.454271,18.8215
2,20,31.4005,1570,0,20,3.735034,1.483311,18.7984
2,20,31.4205,1571,0,20,3.823219,1.512611,18.7742
2,20,31.4405,1572,0,20,3.918346,1.539788,18.7490
2,20,31.4605,1573,0,20,4.019028,1.575705,18.7229
2,20,31.4805,1574,0,20,4.101706,1.609183,18.6964
2,20,31.5005,1575,0,20,4.154818,1.641420,18.6692
2,20,31.5205,1576,0,20,4.211654,1.677867,18.6415
2,20,31.5405,1577,0,20,4.308300,1.715357,18.6128
2,20,31.5605,1578,0,20,4.420565,1.747477,18.5832
2,20,31.5805,1579,0,20,4.524220,1.777360,18.5523
2,20,31.6005,1580,0,20,4.621344,1.810001,18.5202
2,20,31.6205,1581,0,20,4.721768,1.843870,18.4867
2,20,31.6405,1582,0,20,4.810040,1.888217,18.4517
2,20,31.6605,1583,0,20,4.886879,1.926164,18.4151
2,20,31.6805,1584,0,20,4.998240,1.964795,18.3765
2,20,31.7005,1585,0,20,5.112448,2.000350,18.3360
2,20,31.7205,1586,0,20,5.223080,2.033783,18.2939
2,20,31.7405,1587,0,20,5.325018,2.072339,18.2503
2,20,31.7605,1588,0,20,5.430788,2.117108,18.2049
2,20,31.7805,1589,0,20,5.547726,2.164359,18.1576
2,20,31.8005,1590,0,20,5.665513,2.210977,18.1084
2,20,31.8205,1591,0,20,5.787474,2.259191,18.0572
2,20,31.8405,1592,0,20,5.906908,2.308398,18.0042
2,20,31.8605,1593,0,20,6.022638,2.360036,17.9495
2,20,31.8805,1594,0,20,6.140965,2.411701,17.8929
2,20,31.9005,1595,0,20,6.265716,2.469021,17.8341
2,20,31.9205,1596,0,20,6.400776,2.520165,17.7726
2,20,31.9405,1597,0,20,6.520634,2.572370,17.7084
2,20,31.9605,1598,0,20,6.637476,2.622945,17.6418
2,20,31.9805,1599,0,20,6.760617,2.673446,17.5727
2,20,32.0005,1600,0,20,6.878627,2.724087,17.5010
2,20,32.0205,1601,0,20,6.987921,2.785253,17.4265
2,20,32.0405,1602,0,20,7.113829,2.852624,17.3489
2,20,32.0605,1603,0,20,7.234270,2.936095,17.2680
2,20,32.0805,1604,0,20,7.346494,3.015188,17.1841
2,20,32.1005,1605,0,20,7.464526,3.093602,17.0970
2,20,32.1205,1606,0,20,7.583413,3.170060,17.0067
2,20,32.1405,1607,0,20,7.714745,3.250169,16.9129
2,20,32.1606,1608,0,20,7.848742,3.332159,16.8155
2,20,32.1806,1609,0,20,7.983619,3.416689,16.7144
2,20,32.2006,1610,0,20,8.117351,3.505713,16.6097
2,20,32.2206,1611,0,20,8.243414,3.598157,16.5013
2,20,32.2406,1612,0,20,8.373559,3.694539,16.3891
2,20,32.2606,1613,0,20,8.506275,3.791428,16.2729
2,20,32.2806,1614,0,20,8.641408,3.889466,16.1528
2,20,32.3006,1615,0,20,8.778846,3.988892,16.0289
2,20,32.3206,1616,0,20,8.918483,4.089734,15.9009
2,20,32.3406,1617,0,20,9.060216,4.193392,15.7691
2,20,32.3606,1618,0,20,9.203949,4.299047,15.6333
2,20,32.3806,1619,0,20,9.349590,4.407794,15.4937
2,20,32.4006,1620,0,20,9.497051,4.518355,15.3500
2,20,32.4206,1621,0,20,9.646250,4.632237,15.2025
2,20,32.4406,1622,0,20,9.797105,4.747717,15.0511
2,20,32.4606,1623,0,20,9.949541,4.865097,14.8957
2,20,32.4806,1624,0,20,10.103490,4.983930,14.7364
2,20,32.5006,1625,0,20,10.258880,5.106162,14.5731
2,20,32.5206,1626,0,20,10.415650,5.230450,14.4060
2,20,32.5406,1627,0,20,10.573730,5.353930,14.2349
2,20,32.5606,1628,0,20,10.733070,5.480319,14.0599
2,20,32.5806,1629,0,20,10.893620,5.612379,13.8810
2,20,32.6006,1630,0,20,11.055310,5.746708,13.6981
2,20,32.6206,1631,0,20,11.218110,5.879698,13.5113
2,20,32.6406,1632,0,20,11.381960,6.011025,13.3207
2,20,32.6606,1633,0,20,11.546820,6.144107,13.1260
2,20,32.6806,1634,0,20,11.712640,6.280984,12.9275
2,20,32.7006,1635,0,20,11.879390,6.420865,12.7250
2,20,32.7206,1636,0,20,12.047030,6.559443,12.5186
2,20,32.7406,1637,0,20,12.215520,6.693499,12.3083
2,20,32.7606,1638,0,20,12.384820,6.832813,12.0941
2,20,32.7806,1639,0,20,12.554910,6.975406,11.8759
2,20,32.8006,1640,0,20,12.725750,7.118631,11.6538
2,20,32.8206,1641,0,20,12.897310,7.259867,11.4278
2,20,32.8406,1642,0,20,13.069570,7.400520,11.1978
2,20,32.8606,1643,0,20,13.242490,7.541146,10.9640
2,20,32.8806,1644,0,20,13.416050,7.684605,10.7262
2,20,32.9006,1645,0,20,13.590230,7.830073,10.4845
2,20,32.9206,1646,0,20,13.765000,7.976152,10.2388
2,20,32.9406,1647,0,20,13.940340,8.122019,9.9893
2,20,32.9606,1648,0,20,14.116230,8.266373,9.7358
2,20,32.9806,1649,0,20,14.292650,8.411774,9.4784
2,20,33.0006,1650,0,20,14.469570,8.558599,9.2171
2,20,33.0206,1651,0,20,14.646990,8.707053,8.9518
2,20,33.0406,1652,0,20,14.824880,8.856567,8.6826
2,20,33.0606,1653,0,20,15.003230,9.005640,8.4095
2,20,33.0806,1654,0,20,15.182020,9.154714,8.1325
2,20,33.1006,1655,0,20,15.361240,9.304800,7.8516
2,20,33.1206,1656,0,20,15.540860,9.455415,7.5667
2,20,33.1406,1657,0,20,15.720880,9.607072,7.2779
2,20,33.1606,1658,0,20,15.901280,9.758810,6.9852
2,20,33.1806,1659,0,20,16.082060,9.911806,6.6885
2,20,33.2006,1660,0,20,16.263190,10.065520,6.3879
2,20,33.2206,1661,0,20,16.444660,10.219450,6.0834
2,20,33.2406,1662,0,20,16.626470,10.373780,5.7750
2,20,33.2606,1663,0,20,16.808610,10.519130,5.4627
2,20,33.2806,1664,0,20,16.991060,10.631960,5.1464
2,20,33.3006,1665,0,20,17.173810,10.706670,4.8262
2,20,33.3206,1666,0,20,17.356850,10.838290,4.5021
2,20,33.3406,1667,0,20,17.540180,10.009460,4.1741
2,20,33.3606,1668,0,20,17.723780,8.257933,3.8421
2,20,33.3806,1669,0,20,17.907660,7.671235,3.7946
2,20,33.4006,1670,0,20,18.091790,7.570048,3.7492
2,20,33.4206,1671,0,20,18.276170,7.051507,3.6998
2,20,33.4406,1672,0,20,18.460790,6.728083,3.6465
2,20,33.4606,1673,0,20,18.645650,6.053647,3.5893
2,20,33.4806,1674,0,20,21.405850,5.255524,3.5282
2,20,33.5006,1675,0,20,20.615670,5.168092,3.4631
2,20,33.5206,1676,0,20,20.992930,4.218504,3.3942
2,20,33.5406,1677,0,20,20.154270,3.961012,3.3213
2,20,33.5606,1678,0,20,20.333520,3.011008,3.2444
2,20,33.5806,1679,0,20,5.858471,2.068012,3.1637
2,20,33.6006,1680,0,20,5.995368,1.994044,3.0790
2,20,33.6206,1681,0,20,6.135486,1.996553,2.9904
2,20,33.6406,1682,0,20,6.278609,2.009230,2.8979
2,20,33.6606,1683,0,20,6.424535,2.020656,2.8015
2,20,33.6806,1684,0,20,6.573079,1.997515,2.7011
2,20,33.7006,1685,0,20,6.724067,1.702669,2.5968
2,20,33.7206,1686,0,20,6.877337,1.653827,2.4886
2,20,33.7406,1687,0,20,7.032741,1.675016,2.3765
2,20,33.7606,1688,0,20,7.190140,1.602318,2.2604
2,20,33.7806,1689,0,20,7.349406,1.585656,2.1404
2,20,33.8006,1690,0,20,7.510421,1.579243,2.0165
2,20,33.8206,1691,0,20,7.673074,1.548336,1.8887
2,20,33.8406,1692,0,20,7.837263,1.437318,1.7569
2,20,33.8606,1693,0,20,8.002893,1.444399,1.6212
2,20,33.8806,1694,0,20,8.169878,1.289896,1.6008
2,20,33.9006,1695,0,20,8.338135,1.271222,1.5923
2,20,33.9206,1696,0,20,8.663003,1.294166,1.5806
2,20,33.9406,1697,1,19,9.027215,1.129337,1.5687
2,20,33.9606,1698,1,19,9.177681,1.149334,1.5555
2,20,33.9806,1699,1,19,9.329846,1.188901,1.5402
2,20,34.0006,1700,1,19,9.483629,1.221447,1.5220
2,20,34.0206,1701,1,19,5.196074,0.782379,1.5152
2,20,34.0406,1702,1,19,4.936265,0.679677,1.5237
2,20,34.0606,1703,1,19,4.624682,0.629891,1.5261
2,20,34.0806,1704,1,19,4.343704,0.612298,1.5266
2,20,34.1006,1705,2,18,4.399767,0.604382,1.5267
2,20,34.1206,1706,2,18,4.284420,0.567706,1.5260
2,20,34.1406,1707,2,18,4.175111,0.537149,1.5250
2,20,34.1606,1708,3,17,4.072326,0.522095,1.5228
2,20,34.1806,1709,3,17,3.976570,0.524286,1.5199
2,20,34.2006,1710,3,17,3.888364,0.507633,1.5160
2,20,34.2206,1711,4,16,3.808231,0.499259,1.5112
2,20,34.2406,1712,4,16,3.736691,0.439911,1.5054
2,20,34.2606,1713,4,16,3.674247,0.432142,1.4984
2,20,34.2806,1714,4,16,3.621368,0.434457,1.4902
2,20,34.3006,1715,5,15,3.578479,0.438852,1.4806
2,20,34.3206,1716,5,15,3.545943,0.444619,1.4695
2,20,34.3406,1717,5,15,3.524045,0.452564,1.4568
2,20,34.3606,1718,5,15,3.512985,0.461073,1.4423
2,20,34.3806,1719,5,15,3.512866,0.475833,1.4256
2,20,34.4006,1720,6,14,3.523688,0.495892,1.4062
2,20,34.4206,1721,6,14,3.545351,0.518488,1.3835
2,20,34.4406,1722,6,14,3.577659,0.543523,1.3569
2,20,34.4606,1723,6,14,3.620326,0.560590,1.3264
2,20,34.4806,1724,6,14,3.672991,0.579713,1.2920
2,20,34.5006,1725,8,12,3.735232,0.542434,1.2536
2,20,34.5206,1726,8,12,3.806579,0.563762,1.2114
2,20,34.5406,1727,8,12,3.886530,0.517616,1.1652
2,20,34.5606,1728,11,9,3.974566,0.527613,1.1150
2,20,34.5806,1729,10,10,4.070163,0.493823,1.0610
2,20,34.6006,1730,10,10,4.172800,0.508093,1.0030
2,20,34.6206,1731,10,10,4.281972,0.520601,0.9411
2,20,34.6406,1732,10,10,4.397192,0.540147,0.8753
2,20,34.6606,1733,10,10,4.517998,0.503461,0.8070
2,20,34.6806,1734,10,10,4.643953,0.510843,0.8004
2,20,34.7006,1735,10,10,1.615468,0.185757,0.7952
2,20,34.7206,1736,10,10,1.226176,0.149244,0.7937
2,20,34.7406,1737,10,10,1.182233,0.154724,0.7933
2,20,34.7606,1738,10,10,1.232159,0.161509,0.7925
2,20,34.7806,1739,10,10,1.307694,0.166992,0.7912
2,20,34.8006,1740,10,10,1.318805,0.170764,0.7893
2,20,34.8206,1741,10,10,1.432282,0.186703,0.7869
2,20,34.8406,1742,10,10,1.276536,0.146796,0.7838
2,20,34.8606,1743,10,10,0.980102,0.132528,0.7801
2,20,34.8806,1744,10,10,0.924519,0.131301,0.7757
2,20,34.9006,1745,10,10,0.859056,0.129254,0.7705
2,20,34.9206,1746,10,10,0.851605,0.129814,0.7646
2,20,34.9406,1747,10,10,0.945753,0.132360,0.7577
2,20,34.9606,1748,10,10,1.043748,0.137990,0.7498
2,20,34.9806,1749,10,10,0.889527,0.111730,0.7414
2,20,35.0006,1750,10,10,0.972019,0.114652,0.7423
2,20,35.0206,1751,10,10,1.056531,0.102693,0.7422
2,20,35.0406,1752,10,10,1.145213,0.104201,0.7410
2,20,35.0606,1753,10,10,0.688194,0.059353,0.7387
2,20,35.0806,1754,10,10,0.719881,0.063814,0.7354
2,20,35.1006,1755,11,9,0.762036,0.073074,0.7310
2,20,35.1206,1756,11,9,0.812200,0.085917,0.7254
2,20,35.1406,1757,11,9,0.870226,0.082182,0.7185
2,20,35.1606,1758,11,9,0.937495,0.084970,0.7104
2,20,35.1806,1759,11,9,1.010429,0.092130,0.7008
2,20,35.2006,1760,11,9,1.088448,0.100444,0.6979
2,20,35.2206,1761,11,9,1.171578,0.109474,0.6970
2,20,35.2406,1762,11,9,1.259326,0.118991,0.6960
2,20,35.2606,1763,12,8,1.354704,0.128982,0.6948
2,20,35.2806,1764,12,8,1.177680,0.112330,0.6951
2,20,35.3006,1765,12,8,1.230597,0.116523,0.6950
2,20,35.3206,1766,12,8,1.314594,0.123968,0.6950
2,20,35.3406,1767,12,8,1.379237,0.132570,0.6950
2,20,35.3606,1768,12,8,1.460786,0.141238,0.6950
2,20,35.3806,1769,12,8,1.549224,0.094336,0.6950
2,20,35.4006,1770,12,8,1.644579,0.092540,0.6950
2,20,35.4206,1771,13,7,1.746757,0.092476,0.6950
2,20,35.4406,1772,13,7,1.316454,0.068411,0.6950
2,20,35.4606,1773,13,7,0.693396,0.042308,0.6950
2,20,35.4806,1774,13,7,0.582134,0.041882,0.6950
2,20,35.5006,1775,13,7,0.480814,0.026892,0.6950
2,20,35.5206,1776,13,7,0.378202,0.021043,0.6950
2,20,35.5406,1777,13,7,0.278830,0.015431,0.6950
2,20,35.5606,1778,13,7,0.183123,0.010534,0.6950
2,20,35.5806,1779,13,7,0.087953,0.005799,0.6950
2,20,35.6006,1780,13,7,0.011183,0.001934,0.6950
2,20,35.6206,1781,18,2,0.103267,0.005304,0.6950
2,20,35.6406,1782,18,2,0.198207,0.010049,0.6950
2,20,35.6606,1783,18,2,0.294072,0.014841,0.6950
2,20,35.6806,1784,18,2,0.390846,0.019681,0.6950
2,20,35.7006,1785,19,1,0.488807,0.024440,0.6950
2,20,35.7206,1786,19,1,0.588186,0.029409,0.6950
2,20,35.7406,1787,19,1,0.689491,0.034475,0.6950
2,20,35.7606,1788,19,1,0.217866,0.010893,0.6950
2,20,35.7806,1789,19,1,0.118103,0.005905,0.6950
2,20,35.8006,1790,19,1,0.018869,0.000943,0.6950
2,20,35.8206,1791,19,1,0.089014,0.004451,0.6950
2,20,35.8406,1792,19,1,0.190327,0.009516,0.6950
2,20,35.8606,1793,19,1,0.021866,0.001093,0.6950
2,20,35.8806,1794,19,1,0.007891,0.000395,0.6950
2,20,35.9006,1795,19,1,0.002633,0.000132,0.6950
2,20,35.9206,1796,19,1,0.002080,0.000104,0.6950
2,20,35.9406,1797,19,1,0.002114,0.000106,0.6950
2,20,35.9606,1798,19,1,0.002084,0.000104,0.6950
2,20,35.9806,1799,19,1,0.002089,0.000104,0.6950
2,20,36.0006,1800,19,1,0.002092,0.000105,0.6950
2,20,36.0206,1801,19,1,0.002090,0.000105,0.6950
2,20,36.0406,1802,19,1,0.002095,0.000105,0.6950
2,20,36.0606,1803,19,1,0.002090,0.000105,0.6950
2,20,36.0806,1804,19,1,0.002093,0.000105,0.6950
2,20,36.1006,1805,19,1,0.002092,0.000105,0.6950
2,20,36.1206,1806,19,1,0.002091,0.000105,0.6950
2,20,36.1406,1807,19,1,0.002093,0.000105,0.6950
2,20,36.1606,1808,19,1,0.002092,0.000105,0.6950
2,20,36.1806,1809,19,1,0.002091,0.000105,0.6950
2,20,36.2006,1810,19,1,0.002090,0.000104,0.6950
2,20,36.2206,1811,19,1,0.002095,0.000105,0.6950
2,20,36.2406,1812,19,1,0.002090,0.000105,0.6950
2,20,36.2606,1813,19,1,0.002094,0.000105,0.6950
2,20,36.2806,1814,19,1,0.002090,0.000105,0.6950
2,20,36.3006,1815,20,0,0.000000,0.000000,0.6950
3,20,0.0200,1,0,20,0.000000,0.000000,19.5000
3,20,0.0400,2,0,20,0.196200,0.145735,19.4961
3,20,0.0600,3,0,20,0.389980,0.241286,19.4882
3,20,0.0800,4,0,20,0.521245,0.286675,19.4770
3,20,0.1000,5,0,20,0.501857,0.282117,19.4649
3,20,0.1200,6,0,20,0.368481,0.228277,19.4547
3,20,0.1400,7,0,20,0.196115,0.132062,19.4478
3,20,0.1600,8,0,20,0.124209,0.052773,19.4447
3,20,0.1800,9,0,20,0.227257,0.175624,19.4456
3,20,0.2000,10,0,20,0.400263,0.289818,19.4501
3,20,0.2200,11,0,20,0.535203,0.365914,19.4579
3,20,0.2400,12,0,20,0.593735,0.395786,19.4676
3,20,0.2600,13,0,20,0.561451,0.377834,19.4775
3,20,0.2800,14,0,20,0.453590,0.315503,19.4857
3,20,0.3000,15,0,20,0.299607,0.218976,19.4912
3,20,0.3200,16,0,20,0.135492,0.107733,19.4933
3,20,0.3400,17,0,20,0.093474,0.056845,19.4918
3,20,0.3600,18,0,20,0.221749,0.127089,19.4871
3,20,0.3800,19,0,20,0.318039,0.183996,19.4800
3,20,0.4000,20,0,20,0.352192,0.204235,19.4716
3,20,0.4200,21,0,20,0.319743,0.184769,19.4635
3,20,0.4400,22,0,20,0.237995,0.133122,19.4568
3,20,0.4600,23,0,20,0.156432,0.073514,19.4526
3,20,0.4800,24,0,20,0.181860,0.107755,19.4514
3,20,0.5000,25,0,20,0.291724,0.194261,19.4534
3,20,0.5200,26,0,20,0.395969,0.266477,19.4579
3,20,0.5400,27,0,20,0.459459,0.309398,19.4644
3,20,0.5600,28,0,20,0.468153,0.316767,19.4716
3,20,0.5800,29,0,20,0.420804,0.288849,19.4784
3,20,0.6000,30,0,20,0.327438,0.232111,19.4837
3,20,0.6200,31,0,20,0.214815,0.159312,19.4868
3,20,0.6400,32,0,20,0.140698,0.094340,19.4872
3,20,0.6600,33,0,20,0.150114,0.083122,19.4851
3,20,0.6800,34,0,20,0.204382,0.117831,19.4808
3,20,0.7000,35,0,20,0.246949,0.144982,19.4750
3,20,0.7200,36,0,20,0.250374,0.148070,19.4688
3,20,0.7400,37,0,20,0.214877,0.128860,19.4632
3,20,0.7600,38,0,20,0.166186,0.102541,19.4589
3,20,0.7800,39,0,20,0.166241,0.103231,19.4567
3,20,0.8000,40,0,20,0.231226,0.147894,19.4568
3,20,0.8200,41,0,20,0.313162,0.203169,19.4591
3,20,0.8400,42,0,20,0.378505,0.245832,19.4631
3,20,0.8600,43,0,20,0.409926,0.265979,19.4682
3,20,0.8800,44,0,20,0.401746,0.260511,19.4734
3,20,0.9000,45,0,20,0.356962,0.231706,19.4781
3,20,0.9200,46,0,20,0.287950,0.186900,19.4813
3,20,0.9400,47,0,20,0.216274,0.138814,19.4828
3,20,0.9600,48,0,20,0.176220,0.105653,19.4823
3,20,0.9800,49,0,20,0.185224,0.100100,19.4800
3,20,1.0000,50,0,20,0.215184,0.112850,19.4763
3,20,1.0200,51,0,20,0.232717,0.121768,19.4719
3,20,1.0400,52,0,20,0.237108,0.118505,19.4674
3,20,1.0600,53,0,20,0.234660,0.108366,19.4636
3,20,1.0800,54,0,20,0.243784,0.108465,19.4610
3,20,1.1000,55,0,20,0.276393,0.130174,19.4601
3,20,1.1200,56,0,20,0.326867,0.166292,19.4608
3,20,1.1400,57,0,20,0.377636,0.201829,19.4630
3,20,1.1600,58,0,20,0.413594,0.226023,19.4663
3,20,1.1800,59,0,20,0.426228,0.233510,19.4701
3,20,1.2000,60,0,20,0.413800,0.223462,19.4738
3,20,1.2200,61,0,20,0.381579,0.199119,19.4769
3,20,1.2400,62,0,20,0.340465,0.167302,19.4787
3,20,1.2600,63,0,20,0.304055,0.137667,19.4792
3,20,1.2800,64,0,20,0.283149,0.119517,19.4782
3,20,1.3000,65,0,20,0.278068,0.115300,19.4761
3,20,1.3200,66,0,20,0.280521,0.118648,19.4730
3,20,1.3400,67,0,20,0.282383,0.121404,19.4696
3,20,1.3600,68,0,20,0.281238,0.121316,19.4664
3,20,1.3800,69,0,20,0.282895,0.124323,19.4639
3,20,1.4000,70,0,20,0.295339,0.136131,19.4624
3,20,1.4200,71,0,20,0.320638,0.157011,19.4622
3,20,1.4400,72,0,20,0.352723,0.181604,19.4631
3,20,1.4600,73,0,20,0.381615,0.202756,19.4651
3,20,1.4800,74,0,20,0.398936,0.215031,19.4676
3,20,1.5000,75,0,20,0.400383,0.215883,19.4704
3,20,1.5200,76,0,20,0.386272,0.205859,19.4729
3,20,1.5400,77,0,20,0.361348,0.188470,19.4748
3,20,1.5600,78,0,20,0.332964,0.169077,19.4757
3,20,1.5800,79,0,20,0.308968,0.153503,19.4756
3,20,1.6000,80,0,20,0.293509,0.144964,19.4744
3,20,1.6200,81,0,20,0.286028,0.142562,19.4725
3,20,1.6400,82,0,20,0.282396,0.143226,19.4701
3,20,1.6600,83,0,20,0.279976,0.144810,19.4675
3,20,1.6800,84,0,20,0.279650,0.147413,19.4653
3,20,1.7000,85,0,20,0.285066,0.153611,19.4637
3,20,1.7200,86,0,20,0.299474,0.164640,19.4629
3,20,1.7400,87,0,20,0.321292,0.179415,19.4631
3,20,1.7600,88,0,20,0.345466,0.194468,19.4640
3,20,1.7800,89,0,20,0.365806,0.205891,19.4656
3,20,1.8000,90,0,20,0.377691,0.210792,19.4675
3,20,1.8200,91,0,20,0.379664,0.208443,19.4695
3,20,1.8400,92,0,20,0.373368,0.199987,19.4711
3,20,1.8600,93,0,20,0.362475,0.188157,19.4721
3,20,1.8800,94,0,20,0.351478,0.175786,19.4724
3,20,1.9000,95,0,20,0.342996,0.166332,19.4719
3,20,1.9200,96,0,20,0.338913,0.160319,19.4708
3,20,1.9400,97,0,20,0.338058,0.157649,19.4690
3,20,1.9600,98,0,20,0.344077,0.157194,19.4670
3,20,1.9800,99,0,20,0.343585,0.158145,19.4650
3,20,2.0000,100,0,20,0.338693,0.160955,19.4634
3,20,2.0200,101,0,20,0.344015,0.166323,19.4623
3,20,2.0400,102,0,20,0.359116,0.175900,19.4619
3,20,2.0600,103,0,20,0.370809,0.188474,19.4619
3,20,2.0800,104,0,20,0.384883,0.197384,19.4625
3,20,2.1000,105,0,20,0.395911,0.203604,19.4637
3,20,2.1200,106,0,20,0.399017,0.204414,19.4650
3,20,2.1400,107,0,20,0.389292,0.198028,19.4662
3,20,2.1600,108,0,20,0.392055,0.192019,19.4671
3,20,2.1800,109,0,20,0.401334,0.185977,19.4675
3,20,2.2000,110,0,20,0.404014,0.179517,19.4675
3,20,2.2200,111,0,20,0.403760,0.174418,19.4668
3,20,2.2400,112,0,20,0.405052,0.170939,19.4658
3,20,2.2600,113,0,20,0.403027,0.169493,19.4646
3,20,2.2800,114,0,20,0.391918,0.168683,19.4632
3,20,2.3000,115,0,20,0.373695,0.168624,19.4617
3,20,2.3200,116,0,20,0.356382,0.170723,19.4603
3,20,2.3400,117,0,20,0.355069,0.174775,19.4594
3,20,2.3600,118,0,20,0.366814,0.180750,19.4589
3,20,2.3800,119,0,20,0.383247,0.188185,19.4589
3,20,2.4000,120,0,20,0.396267,0.195076,19.4593
3,20,2.4200,121,0,20,0.402718,0.196871,19.4599
3,20,2.4400,122,0,20,0.406838,0.197599,19.4605
3,20,2.4600,123,0,20,0.409646,0.195882,19.4612
3,20,2.4800,124,0,20,0.413474,0.191745,19.4618
3,20,2.5000,125,0,20,0.418285,0.187054,19.4621
3,20,2.5200,126,0,20,0.419995,0.182956,19.4620
3,20,2.5400,127,0,20,0.416045,0.179461,19.4617
3,20,2.5600,128,0,20,0.410117,0.176877,19.4610
3,20,2.5800,129,0,20,0.404139,0.175455,19.4601
3,20,2.6000,130,0,20,0.397674,0.175147,19.4591
3,20,2.6200,131,0,20,0.389380,0.175896,19.4581
3,20,2.6400,132,0,20,0.378201,0.177713,19.4572
3,20,2.6600,133,0,20,0.365532,0.180331,19.4565
3,20,2.6800,134,0,20,0.353937,0.183566,19.4561
3,20,2.7000,135,0,20,0.346675,0.186823,19.4558
3,20,2.7200,136,0,20,0.345616,0.189788,19.4558
3,20,2.7400,137,0,20,0.349298,0.191969,19.4560
3,20,2.7600,138,0,20,0.355244,0.191577,19.4563
3,20,2.7800,139,0,20,0.360013,0.189288,19.4565
3,20,2.8000,140,0,20,0.365409,0.188267,19.4566
3,20,2.8200,141,0,20,0.369643,0.184252,19.4565
3,20,2.8400,142,0,20,0.372235,0.181029,19.4563
3,20,2.8600,143,0,20,0.378254,0.179355,19.4558
3,20,2.8800,144,0,20,0.381435,0.177707,19.4550
3,20,2.9000,145,0,20,0.373949,0.176143,19.4542
3,20,2.9200,146,0,20,0.366532,0.175321,19.4533
3,20,2.9400,147,0,20,0.362681,0.175703,19.4525
3,20,2.9600,148,0,20,0.360457,0.177051,19.4517
3,20,2.9800,149,0,20,0.362131,0.178873,19.4511
3,20,3.0000,150,0,20,0.362279,0.181090,19.4507
3,20,3.0200,151,0,20,0.363023,0.183403,19.4506
3,20,3.0400,152,0,20,0.363029,0.185252,19.4507
3,20,3.0600,153,0,20,0.356820,0.187051,19.4508
3,20,3.0800,154,0,20,0.373416,0.186672,19.4507
3,20,3.1000,155,0,20,0.382074,0.183258,19.4509
3,20,3.1200,156,0,20,0.378968,0.179115,19.4511
3,20,3.1400,157,0,20,0.377384,0.177035,19.4511
3,20,3.1600,158,0,20,0.375749,0.176705,19.4510
3,20,3.1800,159,0,20,0.378234,0.174816,19.4505
3,20,3.2000,160,0,20,0.392393,0.170805,19.4500
3,20,3.2200,161,0,20,0.399870,0.167335,19.4495
3,20,3.2400,162,0,20,0.396529,0.166602,19.4490
3,20,3.2600,163,0,20,0.385615,0.167882,19.4485
3,20,3.2800,164,0,20,0.375245,0.169341,19.4479
3,20,3.3000,165,0,20,0.365588,0.171387,19.4472
3,20,3.3200,166,0,20,0.354586,0.168829,19.4462
3,20,3.3400,167,0,20,0.352086,0.164699,19.4453
3,20,3.3600,168,0,20,0.348385,0.163242,19.4447
3,20,3.3800,169,0,20,0.342707,0.163891,19.4443
3,20,3.4000,170,0,20,0.341644,0.166245,19.4438
3,20,3.4200,171,0,20,0.346942,0.168642,19.4434
3,20,3.4400,172,0,20,0.356729,0.169199,19.4430
3,20,3.4600,173,0,20,0.363626,0.168583,19.4430
3,20,3.4800,174,0,20,0.365966,0.168573,19.4430
3,20,3.5000,175,0,20,0.362283,0.169516,19.4432
3,20,3.5200,176,0,20,0.359349,0.170254,19.4434
3,20,3.5400,177,0,20,0.358187,0.169881,19.4435
3,20,3.5600,178,0,20,0.356152,0.168051,19.4436
3,20,3.5800,179,0,20,0.351829,0.165311,19.4437
3,20,3.6000,180,0,20,0.344011,0.162700,19.4437
3,20,3.6200,181,0,20,0.332086,0.160435,19.4437
3,20,3.6400,182,0,20,0.318601,0.158419,19.4434
3,20,3.6600,183,0,20,0.302764,0.156188,19.4428
3,20,3.6800,184,0,20,0.284942,0.153455,19.4421
3,20,3.7000,185,0,20,0.264979,0.163052,19.4412
3,20,3.7200,186,0,20,0.246281,0.166157,19.4402
3,20,3.7400,187,0,20,0.240990,0.163019,19.4395
3,20,3.7600,188,0,20,0.242134,0.161198,19.4393
3,20,3.7800,189,0,20,0.250395,0.162113,19.4394
3,20,3.8000,190,0,20,0.255259,0.164372,19.4396
3,20,3.8200,191,0,20,0.257772,0.167381,19.4395
3,20,3.8400,192,0,20,0.249411,0.168562,19.4394
3,20,3.8600,193,0,20,0.240808,0.166856,19.4394
3,20,3.8800,194,0,20,0.271357,0.164679,19.4396
3,20,3.9000,195,0,20,0.296163,0.163289,19.4399
3,20,3.9200,196,0,20,0.302113,0.162203,19.4402
3,20,3.9400,197,0,20,0.291793,0.160726,19.4402
3,20,3.9600,198,0,20,0.280156,0.158214,19.4401
3,20,3.9800,199,0,20,0.273485,0.155320,19.4399
3,20,4.0000,200,0,20,0.265782,0.151848,19.4397
3,20,4.0200,201,0,20,0.251702,0.149071,19.4395
3,20,4.0400,202,0,20,0.234885,0.147504,19.4391
3,20,4.0600,203,0,20,0.216161,0.146949,19.4386
3,20,4.0800,204,0,20,0.206458,0.146744,19.4378
3,20,4.1000,205,0,20,0.211284,0.145998,19.4370
3,20,4.1200,206,0,20,0.211712,0.144912,19.4362
3,20,4.1400,207,0,20,0.212212,0.144049,19.4356
3,20,4.1600,208,0,20,0.216320,0.143493,19.4351
3,20,4.1800,209,0,20,0.217088,0.143444,19.4345
3,20,4.2000,210,0,20,0.211136,0.143928,19.4340
3,20,4.2200,211,0,20,0.220576,0.144479,19.4336
3,20,4.2400,212,0,20,0.251327,0.145100,19.4334
3,20,4.2600,213,0,20,0.285256,0.146087,19.4333
3,20,4.2800,214,0,20,0.312064,0.147390,19.4335
3,20,4.3000,215,0,20,0.325108,0.148309,19.4338
3,20,4.3200,216,0,20,0.329134,0.148250,19.4341
3,20,4.3400,217,0,20,0.315320,0.146962,19.4345
3,20,4.3600,218,0,20,0.312129,0.143644,19.4348
3,20,4.3800,219,0,20,0.286413,0.141640,19.4350
3,20,4.4000,220,0,20,0.259824,0.140307,19.4351
3,20,4.4200,221,0,20,0.247891,0.141120,19.4350
3,20,4.4400,222,0,20,0.227219,0.142412,19.4346
3,20,4.4600,223,0,20,0.202143,0.143053,19.4341
3,20,4.4800,224,0,20,0.195613,0.142005,19.4334
3,20,4.5000,225,0,20,0.196497,0.139409,19.4325
3,20,4.5200,226,0,20,0.185940,0.135015,19.4315
3,20,4.5400,227,0,20,0.172073,0.129899,19.4305
3,20,4.5600,228,0,20,0.169572,0.124774,19.4295
3,20,4.5800,229,0,20,0.166453,0.119461,19.4283
3,20,4.6000,230,0,20,0.173589,0.118155,19.4275
3,20,4.6200,231,0,20,0.197274,0.121639,19.4269
3,20,4.6400,232,0,20,0.226316,0.127672,19.4265
3,20,4.6600,233,0,20,0.251134,0.134122,19.4264
3,20,4.6800,234,0,20,0.263074,0.140081,19.4266
3,20,4.7000,235,0,20,0.262960,0.144258,19.4270
3,20,4.7200,236,0,20,0.253097,0.145696,19.4277
3,20,4.7400,237,0,20,0.235343,0.144266,19.4284
3,20,4.7600,238,0,20,0.212784,0.142045,19.4291
3,20,4.7800,239,0,20,0.196923,0.140146,19.4297
3,20,4.8000,240,0,20,0.207129,0.138829,19.4302
3,20,4.8200,241,0,20,0.209551,0.137212,19.4304
3,20,4.8400,242,0,20,0.211202,0.135320,19.4303
3,20,4.8600,243,0,20,0.211839,0.132369,19.4299
3,20,4.8800,244,0,20,0.212980,0.127930,19.4292
3,20,4.9000,245,0,20,0.218513,0.122317,19.4283
3,20,4.9200,246,0,20,0.227286,0.115554,19.4273
3,20,4.9400,247,0,20,0.226529,0.108398,19.4264
3,20,4.9600,248,0,20,0.224343,0.102645,19.4255
3,20,4.9800,249,0,20,0.223020,0.101448,19.4247
3,20,5.0000,250,0,20,0.208808,0.104653,19.4240
3,20,5.0200,251,0,20,0.190132,0.111583,19.4236
3,20,5.0400,252,0,20,0.195916,0.119263,19.4235
3,20,5.0600,253,0,20,0.198124,0.126919,19.4237
3,20,5.0800,254,0,20,0.199354,0.133234,19.4241
3,20,5.1000,255,0,20,0.199217,0.137576,19.4247
3,20,5.1200,256,0,20,0.196053,0.139651,19.4253
3,20,5.1400,257,0,20,0.196899,0.137888,19.4260
3,20,5.1600,258,0,20,0.209915,0.136678,19.4267
3,20,5.1800,259,0,20,0.217302,0.134035,19.4273
3,20,5.2000,260,0,20,0.221255,0.129490,19.4277
3,20,5.2200,261,0,20,0.210301,0.124047,19.4279
3,20,5.2400,262,0,20,0.207844,0.117960,19.4278
3,20,5.2600,263,0,20,0.202879,0.111625,19.4274
3,20,5.2800,264,0,20,0.209332,0.104931,19.4269
3,20,5.3000,265,0,20,0.220073,0.098081,19.4261
3,20,5.3200,266,0,20,0.233142,0.091830,19.4251
3,20,5.3400,267,0,20,0.243910,0.087759,19.4242
3,20,5.3600,268,0,20,0.242394,0.086434,19.4234
3,20,5.3800,269,0,20,0.228420,0.088015,19.4227
3,20,5.4000,270,0,20,0.206502,0.092986,19.4222
3,20,5.4200,271,0,20,0.180998,0.101304,19.4219
3,20,5.4400,272,0,20,0.182645,0.111572,19.4218
3,20,5.4600,273,0,20,0.186240,0.120567,19.4219
3,20,5.4800,274,0,20,0.188324,0.127310,19.4221
3,20,5.5000,275,0,20,0.203696,0.132039,19.4225
3,20,5.5200,276,0,20,0.214053,0.134305,19.4231
3,20,5.5400,277,0,20,0.218562,0.134651,19.4236
3,20,5.5600,278,0,20,0.215929,0.132189,19.4242
3,20,5.5800,279,0,20,0.214102,0.127937,19.4246
3,20,5.6000,280,0,20,0.207988,0.121836,19.4250
3,20,5.6200,281,0,20,0.204303,0.114182,19.4251
3,20,5.6400,282,0,20,0.198071,0.105289,19.4250
3,20,5.6600,283,0,20,0.204745,0.096774,19.4247
3,20,5.6800,284,0,20,0.216997,0.089054,19.4242
3,20,5.7000,285,0,20,0.228078,0.082779,19.4236
3,20,5.7200,286,0,20,0.240891,0.079699,19.4230
3,20,5.7400,287,0,20,0.253302,0.080282,19.4224
3,20,5.7600,288,0,20,0.258527,0.081899,19.4219
3,20,5.7800,289,0,20,0.247923,0.084849,19.4215
3,20,5.8000,290,0,20,0.231024,0.089919,19.4212
3,20,5.8200,291,0,20,0.213525,0.096282,19.4210
3,20,5.8400,292,0,20,0.200921,0.103072,19.4210
3,20,5.8600,293,0,20,0.193832,0.109351,19.4211
3,20,5.8800,294,0,20,0.192020,0.114521,19.4213
3,20,5.9000,295,0,20,0.198933,0.118458,19.4217
3,20,5.9200,296,0,20,0.210584,0.120979,19.4221
3,20,5.9400,297,0,20,0.224654,0.121828,19.4226
3,20,5.9600,298,0,20,0.235112,0.120972,19.4230
3,20,5.9800,299,0,20,0.242602,0.117928,19.4233
3,20,6.0000,300,0,20,0.243796,0.113008,19.4235
3,20,6.0200,301,0,20,0.239746,0.107354,19.4235
3,20,6.0400,302,0,20,0.237639,0.101555,19.4234
3,20,6.0600,303,0,20,0.238036,0.096541,19.4233
3,20,6.0800,304,0,20,0.241381,0.092657,19.4230
3,20,6.1000,305,0,20,0.243425,0.090143,19.4227
3,20,6.1200,306,0,20,0.243335,0.089514,19.4223
3,20,6.1400,307,0,20,0.238967,0.090498,19.4219
3,20,6.1600,308,0,20,0.228277,0.092486,19.4217
3,20,6.1800,309,0,20,0.214144,0.095547,19.4216
3,20,6.2000,310,0,20,0.200070,0.099639,19.4216
3,20,6.2200,311,0,20,0.187174,0.103994,19.4217
3,20,6.2400,312,0,20,0.176855,0.108324,19.4220
3,20,6.2600,313,0,20,0.173336,0.112610,19.4223
3,20,6.2800,314,0,20,0.178033,0.116334,19.4227
3,20,6.3000,315,0,20,0.186460,0.118857,19.4232
3,20,6.3200,316,0,20,0.197159,0.119898,19.4236
3,20,6.3400,317,0,20,0.207673,0.119448,19.4240
3,20,6.3600,318,0,20,0.215667,0.117647,19.4242
3,20,6.3800,319,0,20,0.218846,0.114623,19.4243
3,20,6.4000,320,0,20,0.218157,0.110838,19.4244
3,20,6.4200,321,0,20,0.215175,0.107149,19.4242
3,20,6.4400,322,0,20,0.209142,0.103967,19.4240
3,20,6.4600,323,0,20,0.201920,0.101726,19.4236
3,20,6.4800,324,0,20,0.194078,0.100486,19.4232
3,20,6.5000,325,0,20,0.184599,0.100154,19.4228
3,20,6.5200,326,0,20,0.172431,0.101061,19.4225
3,20,6.5400,327,0,20,0.157623,0.102422,19.4223
3,20,6.5600,328,0,20,0.151193,0.104442,19.4222
3,20,6.5800,329,0,20,0.156138,0.108078,19.4223
3,20,6.6000,330,0,20,0.161608,0.112466,19.4225
3,20,6.6200,331,0,20,0.164761,0.116040,19.4228
3,20,6.6400,332,0,20,0.167906,0.119020,19.4233
3,20,6.6600,333,0,20,0.170536,0.121705,19.4238
3,20,6.6800,334,0,20,0.171614,0.123602,19.4244
3,20,6.7000,335,0,20,0.170803,0.124543,19.4249
3,20,6.7200,336,0,20,0.170565,0.124267,19.4254
3,20,6.7400,337,0,20,0.174149,0.122454,19.4257
3,20,6.7600,338,0,20,0.172641,0.119510,19.4260
3,20,6.7800,339,0,20,0.169831,0.115920,19.4260
3,20,6.8000,340,0,20,0.165258,0.112282,19.4260
3,20,6.8200,341,0,20,0.159983,0.109261,19.4258
3,20,6.8400,342,0,20,0.158215,0.106556,19.4255
3,20,6.8600,343,0,20,0.160378,0.104552,19.4252
3,20,6.8800,344,0,20,0.163042,0.105059,19.4250
3,20,6.9000,345,0,20,0.166177,0.108065,19.4248
3,20,6.9200,346,0,20,0.170083,0.111630,19.4247
3,20,6.9400,347,0,20,0.175167,0.115500,19.4247
3,20,6.9600,348,0,20,0.181158,0.119279,19.4249
3,20,6.9800,349,0,20,0.188056,0.122731,19.4252
3,20,7.0000,350,0,20,0.196037,0.125622,19.4257
3,20,7.0200,351,0,20,0.203058,0.127604,19.4262
3,20,7.0400,352,0,20,0.210037,0.128771,19.4268
3,20,7.0600,353,0,20,0.216279,0.128833,19.4274
3,20,7.0800,354,0,20,0.220236,0.128014,19.4280
3,20,7.1000,355,0,20,0.221562,0.126412,19.4284
3,20,7.1200,356,0,20,0.220155,0.124430,19.4288
3,20,7.1400,357,0,20,0.216811,0.122475,19.4290
3,20,7.1600,358,0,20,0.212652,0.120858,19.4290
3,20,7.1800,359,0,20,0.208692,0.119595,19.4290
3,20,7.2000,360,0,20,0.205414,0.119214,19.4288
3,20,7.2200,361,0,20,0.204016,0.119600,19.4287
3,20,7.2400,362,0,20,0.203061,0.120593,19.4285
3,20,7.2600,363,0,20,0.204094,0.122312,19.4284
3,20,7.2800,364,0,20,0.206415,0.124521,19.4283
3,20,7.3000,365,0,20,0.209534,0.127398,19.4284
3,20,7.3200,366,0,20,0.213434,0.130426,19.4287
3,20,7.3400,367,0,20,0.217709,0.133591,19.4290
3,20,7.3600,368,0,20,0.221967,0.136335,19.4295
3,20,7.3800,369,0,20,0.225913,0.138424,19.4300
3,20,7.4000,370,0,20,0.228967,0.139746,19.4306
3,20,7.4200,371,0,20,0.231511,0.140259,19.4312
3,20,7.4400,372,0,20,0.233245,0.140021,19.4317
3,20,7.4600,373,0,20,0.234008,0.138933,19.4322
3,20,7.4800,374,0,20,0.233699,0.137493,19.4326
3,20,7.5000,375,0,20,0.232796,0.136036,19.4328
3,20,7.5200,376,0,20,0.231795,0.134963,19.4330
3,20,7.5400,377,0,20,0.230967,0.134378,19.4330
3,20,7.5600,378,0,20,0.230466,0.134333,19.4330
3,20,7.5800,379,0,20,0.231175,0.134770,19.4330
3,20,7.6000,380,0,20,0.232927,0.135666,19.4329
3,20,7.6200,381,0,20,0.235658,0.137013,19.4330
3,20,7.6400,382,0,20,0.239461,0.138721,19.4331
3,20,7.6600,383,0,20,0.244100,0.140664,19.4332
3,20,7.6800,384,0,20,0.249252,0.142672,19.4335
3,20,7.7000,385,0,20,0.254633,0.144543,19.4339
3,20,7.7200,386,0,20,0.259923,0.146102,19.4343
3,20,7.7400,387,0,20,0.265206,0.147195,19.4349
3,20,7.7600,388,0,20,0.269380,0.147748,19.4354
3,20,7.7800,389,0,20,0.272907,0.147755,19.4360
3,20,7.8000,390,0,20,0.275681,0.147280,19.4365
3,20,7.8200,391,0,20,0.277612,0.146465,19.4369
3,20,7.8400,392,0,20,0.278785,0.145506,19.4373
3,20,7.8600,393,0,20,0.279477,0.144603,19.4377
3,20,7.8800,394,0,20,0.279880,0.143927,19.4379
3,20,7.9000,395,0,20,0.280395,0.143596,19.4380
3,20,7.9200,396,0,20,0.280794,0.143632,19.4381
3,20,7.9400,397,0,20,0.281635,0.143985,19.4382
3,20,7.9600,398,0,20,0.283237,0.144708,19.4382
3,20,7.9800,399,0,20,0.285501,0.145689,19.4383
3,20,8.0000,400,0,20,0.288310,0.146955,19.4384
3,20,8.0200,401,0,20,0.291586,0.148372,19.4386
3,20,8.0400,402,0,20,0.295040,0.149894,19.4388
3,20,8.0600,403,0,20,0.298340,0.151333,19.4391
3,20,8.0800,404,0,20,0.301143,0.152581,19.4395
3,20,8.1000,405,0,20,0.303134,0.153596,19.4399
3,20,8.1200,406,0,20,0.304439,0.154252,19.4404
3,20,8.1400,407,0,20,0.304405,0.154494,19.4409
3,20,8.1600,408,0,20,0.303553,0.154395,19.4413
3,20,8.1800,409,0,20,0.301932,0.153960,19.4417
3,20,8.2000,410,0,20,0.299770,0.153319,19.4421
3,20,8.2200,411,0,20,0.297391,0.152585,19.4424
3,20,8.2400,412,0,20,0.294822,0.151875,19.4427
3,20,8.2600,413,0,20,0.292684,0.151350,19.4428
3,20,8.2800,414,0,20,0.290688,0.151015,19.4430
3,20,8.3000,415,0,20,0.289353,0.151028,19.4430
3,20,8.3200,416,0,20,0.288467,0.151330,19.4431
3,20,8.3400,417,0,20,0.288396,0.152007,19.4432
3,20,8.3600,418,0,20,0.288828,0.153013,19.4433
3,20,8.3800,419,0,20,0.289838,0.154295,19.4435
3,20,8.4000,420,0,20,0.291298,0.155731,19.4437
3,20,8.4200,421,0,20,0.293011,0.157183,19.4440
3,20,8.4400,422,0,20,0.294806,0.158511,19.4443
3,20,8.4600,423,0,20,0.296126,0.159588,19.4447
3,20,8.4800,424,0,20,0.297644,0.160343,19.4451
3,20,8.5000,425,0,20,0.298570,0.160683,19.4456
3,20,8.5200,426,0,20,0.299390,0.160554,19.4460
3,20,8.5400,427,0,20,0.299171,0.160101,19.4464
3,20,8.5600,428,0,20,0.299497,0.159351,19.4468
3,20,8.5800,429,0,20,0.299209,0.158386,19.4471
3,20,8.6000,430,0,20,0.299628,0.156900,19.4474
3,20,8.6200,431,0,20,0.297772,0.156290,19.4478
3,20,8.6400,432,0,20,0.302782,0.157116,19.4481
3,20,8.6600,433,0,20,0.307525,0.157183,19.4483
3,20,8.6800,434,0,20,0.309942,0.156670,19.4484
3,20,8.7000,435,0,20,0.309762,0.155786,19.4485
3,20,8.7200,436,0,20,0.309718,0.155099,19.4488
3,20,8.7400,437,0,20,0.310799,0.155152,19.4490
3,20,8.7600,438,0,20,0.312724,0.155971,19.4492
3,20,8.7800,439,0,20,0.313388,0.156602,19.4493
3,20,8.8000,440,0,20,0.311283,0.156354,19.4496
3,20,8.8200,441,0,20,0.311344,0.156065,19.4498
3,20,8.8400,442,0,20,0.314255,0.156277,19.4501
3,20,8.8600,443,0,20,0.321374,0.156914,19.4504
3,20,8.8800,444,0,20,0.324901,0.157203,19.4507
3,20,8.9000,445,0,20,0.326492,0.157109,19.4510
3,20,8.9200,446,0,20,0.327848,0.156717,19.4513
3,20,8.9400,447,0,20,0.327780,0.156086,19.4516
3,20,8.9600,448,0,20,0.326495,0.155492,19.4518
3,20,8.9800,449,0,20,0.325242,0.154894,19.4521
3,20,9.0000,450,0,20,0.324224,0.154327,19.4522
3,20,9.0200,451,0,20,0.322701,0.153841,19.4523
3,20,9.0400,452,0,20,0.320620,0.153501,19.4524
3,20,9.0600,453,0,20,0.318494,0.153280,19.4524
3,20,9.0800,454,0,20,0.316954,0.153208,19.4525
3,20,9.1000,455,0,20,0.316294,0.153370,19.4525
3,20,9.1200,456,0,20,0.315880,0.153735,19.4526
3,20,9.1400,457,0,20,0.315388,0.154391,19.4527
3,20,9.1600,458,0,20,0.314297,0.155155,19.4529
3,20,9.1800,459,0,20,0.312772,0.155869,19.4532
3,20,9.2000,460,0,20,0.311078,0.156411,19.4534
3,20,9.2200,461,0,20,0.309393,0.156689,19.4538
3,20,9.2400,462,0,20,0.307477,0.156737,19.4541
3,20,9.2600,463,0,20,0.305279,0.156459,19.4544
3,20,9.2800,464,0,20,0.302358,0.155868,19.4547
3,20,9.3000,465,0,20,0.299274,0.155028,19.4550
3,20,9.3200,466,0,20,0.296182,0.153980,19.4552
3,20,9.3400,467,0,20,0.292922,0.152886,19.4554
3,20,9.3600,468,0,20,0.289361,0.151876,19.4555
3,20,9.3800,469,0,20,0.285371,0.151116,19.4555
3,20,9.4000,470,0,20,0.281326,0.150691,19.4555
3,20,9.4200,471,0,20,0.277901,0.150637,19.4555
3,20,9.4400,472,0,20,0.274817,0.150975,19.4554
3,20,9.4600,473,0,20,0.272473,0.151614,19.4554
3,20,9.4800,474,0,20,0.271372,0.152446,19.4555
3,20,9.5000,475,0,20,0.270653,0.153323,19.4556
3,20,9.5200,476,0,20,0.271277,0.154137,19.4558
3,20,9.5400,477,0,20,0.272501,0.154726,19.4560
3,20,9.5600,478,0,20,0.273926,0.154960,19.4563
3,20,9.5800,479,0,20,0.275242,0.154756,19.4566
3,20,9.6000,480,0,20,0.276193,0.154073,19.4570
3,20,9.6200,481,0,20,0.276502,0.152918,19.4573
3,20,9.6400,482,0,20,0.276297,0.151363,19.4576
3,20,9.6600,483,0,20,0.275563,0.149478,19.4578
3,20,9.6800,484,0,20,0.274394,0.147402,19.4580
3,20,9.7000,485,0,20,0.272862,0.147901,19.4581
3,20,9.7200,486,0,20,0.268245,0.142460,19.4580
3,20,9.7400,487,0,20,0.261846,0.139000,19.4578
3,20,9.7600,488,0,20,0.264257,0.138059,19.4576
3,20,9.7800,489,0,20,0.275913,0.138813,19.4574
3,20,9.8000,490,0,20,0.284261,0.139811,19.4571
3,20,9.8200,491,0,20,0.287879,0.140572,19.4569
3,20,9.8400,492,0,20,0.291350,0.140750,19.4569
3,20,9.8600,493,0,20,0.294129,0.141673,19.4571
3,20,9.8800,494,0,20,0.293335,0.143750,19.4574
3,20,9.9000,495,0,20,0.292027,0.145841,19.4578
3,20,9.9200,496,0,20,0.292965,0.146594,19.4583
3,20,9.9400,497,0,20,0.296704,0.145535,19.4588
3,20,9.9600,498,0,20,0.299297,0.143469,19.4593
3,20,9.9800,499,0,20,0.297778,0.141253,19.4598
3,20,10.0000,500,0,20,0.292822,0.138974,19.4602
3,20,10.0200,501,0,20,0.286384,0.136231,19.4603
3,20,10.0400,502,0,20,0.279013,0.132979,19.4604
3,20,10.0600,503,0,20,0.270735,0.129840,19.4603
3,20,10.0800,504,0,20,0.262485,0.127478,19.4601
3,20,10.1000,505,0,20,0.254881,0.126373,19.4598
3,20,10.1200,506,0,20,0.248488,0.126447,19.4595
3,20,10.1400,507,0,20,0.244385,0.127311,19.4592
3,20,10.1600,508,0,20,0.242656,0.129435,19.4590
3,20,10.1800,509,0,20,0.243371,0.130951,19.4588
3,20,10.2000,510,0,20,0.234826,0.132260,19.4587
3,20,10.2200,511,0,20,0.252118,0.134109,19.4589
3,20,10.2400,512,0,20,0.281096,0.136718,19.4593
3,20,10.2600,513,0,20,0.288893,0.139625,19.4597
3,20,10.2800,514,0,20,0.267187,0.140517,19.4601
3,20,10.3001,515,0,20,0.250991,0.139243,19.4606
3,20,10.3201,516,0,20,0.240177,0.137272,19.4611
3,20,10.3401,517,0,20,0.228848,0.135400,19.4615
3,20,10.3601,518,0,20,0.219125,0.134113,19.4618
3,20,10.3801,519,0,20,0.211706,0.131550,19.4618
3,20,10.4001,520,0,20,0.202667,0.127319,19.4617
3,20,10.4201,521,0,20,0.192245,0.122798,19.4615
3,20,10.4401,522,0,20,0.182778,0.118828,19.4612
3,20,10.4601,523,0,20,0.177072,0.115986,19.4608
3,20,10.4801,524,0,20,0.175539,0.114498,19.4603
3,20,10.5001,525,0,20,0.176308,0.114416,19.4599
3,20,10.5201,526,0,20,0.180141,0.115536,19.4595
3,20,10.5401,527,0,20,0.187893,0.117753,19.4593
3,20,10.5601,528,0,20,0.198603,0.120841,19.4593
3,20,10.5801,529,0,20,0.209230,0.124344,19.4595
3,20,10.6001,530,0,20,0.216430,0.127442,19.4599
3,20,10.6201,531,0,20,0.220320,0.129341,19.4604
3,20,10.6401,532,0,20,0.221699,0.129590,19.4609
3,20,10.6601,533,0,20,0.221476,0.128276,19.4616
3,20,10.6801,534,0,20,0.219394,0.125863,19.4621
3,20,10.7001,535,0,20,0.215683,0.122496,19.4625
3,20,10.7201,536,0,20,0.211184,0.118160,19.4627
3,20,10.7401,537,0,20,0.205636,0.113047,19.4627
3,20,10.7601,538,0,20,0.198327,0.107801,19.4625
3,20,10.7801,539,0,20,0.189501,0.103064,19.4621
3,20,10.8001,540,0,20,0.180717,0.099144,19.4615
3,20,10.8201,541,0,20,0.173360,0.096731,19.4609
3,20,10.8401,542,0,20,0.167978,0.096794,19.4602
3,20,10.8601,543,0,20,0.166447,0.099253,19.4597
3,20,10.8801,544,0,20,0.168480,0.103605,19.4593
3,20,10.9001,545,0,20,0.173442,0.108827,19.4591
3,20,10.9201,546,0,20,0.180221,0.113891,19.4591
3,20,10.9401,547,0,20,0.187128,0.118358,19.4594
3,20,10.9601,548,0,20,0.193318,0.121644,19.4599
3,20,10.9801,549,0,20,0.197677,0.123414,19.4606
3,20,11.0001,550,0,20,0.199643,0.123221,19.4613
3,20,11.0201,551,0,20,0.198631,0.121101,19.4620
3,20,11.0401,552,0,20,0.193852,0.117318,19.4626
3,20,11.0601,553,0,20,0.186181,0.112195,19.4630
3,20,11.0801,554,0,20,0.174517,0.106110,19.4633
3,20,11.1001,555,0,20,0.159672,0.099860,19.4632
3,20,11.1201,556,0,20,0.145903,0.093535,19.4629
3,20,11.1401,557,0,20,0.135509,0.087794,19.4624
3,20,11.1601,558,0,20,0.128427,0.083862,19.4617
3,20,11.1801,559,0,20,0.123558,0.082587,19.4609
3,20,11.2001,560,0,20,0.118309,0.084209,19.4601
3,20,11.2201,561,0,20,0.115360,0.088357,19.4594
3,20,11.2401,562,0,20,0.116991,0.094145,19.4589
3,20,11.2601,563,0,20,0.127608,0.100580,19.4587
3,20,11.2801,564,0,20,0.137188,0.106699,19.4587
3,20,11.3001,565,0,20,0.144019,0.111858,19.4590
3,20,11.3201,566,0,20,0.144855,0.115856,19.4595
3,20,11.3401,567,0,20,0.145045,0.118572,19.4603
3,20,11.3601,568,0,20,0.145061,0.119548,19.4610
3,20,11.3801,569,0,20,0.143585,0.118688,19.4618
3,20,11.4001,570,0,20,0.144896,0.116392,19.4624
3,20,11.4201,571,0,20,0.143180,0.112757,19.4629
3,20,11.4401,572,0,20,0.142288,0.106833,19.4631
3,20,11.4601,573,0,20,0.139495,0.100115,19.4630
3,20,11.4801,574,0,20,0.136005,0.093442,19.4627
3,20,11.5001,575,0,20,0.128446,0.086990,19.4622
3,20,11.5201,576,0,20,0.117393,0.082775,19.4615
3,20,11.5401,577,0,20,0.105829,0.081707,19.4608
3,20,11.5601,578,0,20,0.098195,0.083671,19.4601
3,20,11.5801,579,0,20,0.100050,0.087758,19.4595
3,20,11.6001,580,0,20,0.112870,0.092962,19.4590
3,20,11.6201,581,0,20,0.122894,0.098408,19.4588
3,20,11.6401,582,0,20,0.129634,0.103819,19.4588
3,20,11.6601,583,0,20,0.136642,0.108998,19.4591
3,20,11.6801,584,0,20,0.140755,0.113637,19.4595
3,20,11.7001,585,0,20,0.152078,0.117106,19.4601
3,20,11.7201,586,0,20,0.168717,0.118852,19.4607
3,20,11.7401,587,0,20,0.183409,0.118870,19.4613
3,20,11.7601,588,0,20,0.193688,0.117127,19.4619
3,20,11.7801,589,0,20,0.198041,0.113450,19.4623
3,20,11.8001,590,0,20,0.195937,0.108175,19.4626
3,20,11.8201,591,0,20,0.188706,0.101847,19.4626
3,20,11.8401,592,0,20,0.178534,0.095506,19.4623
3,20,11.8601,593,0,20,0.167188,0.090263,19.4619
3,20,11.8801,594,0,20,0.155059,0.087219,19.4614
3,20,11.9001,595,0,20,0.143706,0.087151,19.4607
3,20,11.9201,596,0,20,0.134864,0.089134,19.4600
3,20,11.9401,597,0,20,0.128305,0.092192,19.4594
3,20,11.9601,598,0,20,0.124855,0.095826,19.4588
3,20,11.9801,599,0,20,0.129305,0.099776,19.4584
3,20,12.0001,600,0,20,0.134957,0.104300,19.4582
3,20,12.0201,601,0,20,0.141459,0.109574,19.4582
3,20,12.0401,602,0,20,0.148413,0.115214,19.4584
3,20,12.0601,603,0,20,0.161732,0.120576,19.4587
3,20,12.0801,604,0,20,0.176369,0.124404,19.4592
3,20,12.1001,605,0,20,0.186366,0.126546,19.4598
3,20,12.1201,606,0,20,0.190743,0.126677,19.4603
3,20,12.1401,607,0,20,0.189350,0.124709,19.4608
3,20,12.1601,608,0,20,0.183595,0.120935,19.4613
3,20,12.1801,609,0,20,0.175707,0.116116,19.4615
3,20,12.2001,610,0,20,0.167232,0.111352,19.4616
3,20,12.2201,611,0,20,0.157562,0.107853,19.4614
3,20,12.2401,612,0,20,0.147106,0.106169,19.4611
3,20,12.2601,613,0,20,0.138875,0.106045,19.4607
3,20,12.2801,614,0,20,0.136690,0.106712,19.4601
3,20,12.3001,615,0,20,0.140129,0.107351,19.4595
3,20,12.3201,616,0,20,0.141510,0.107681,19.4589
3,20,12.3401,617,0,20,0.140353,0.108110,19.4584
3,20,12.3601,618,0,20,0.139214,0.109472,19.4581
3,20,12.3801,619,0,20,0.148217,0.112277,19.4579
3,20,12.4001,620,0,20,0.164571,0.116607,19.4578
3,20,12.4201,621,0,20,0.184174,0.121768,19.4579
3,20,12.4401,622,0,20,0.201475,0.126736,19.4582
3,20,12.4601,623,0,20,0.215324,0.130590,19.4585
3,20,12.4801,624,0,20,0.223762,0.132776,19.4589
3,20,12.5001,625,0,20,0.226505,0.132775,19.4593
3,20,12.5201,626,0,20,0.224540,0.130593,19.4597
3,20,12.5401,627,0,20,0.217795,0.127038,19.4601
3,20,12.5601,628,0,20,0.207195,0.123553,19.4603
3,20,12.5801,629,0,20,0.195094,0.121145,19.4603
3,20,12.6001,630,0,20,0.184620,0.119735,19.4602
3,20,12.6201,631,0,20,0.176731,0.118968,19.4599
3,20,12.6401,632,0,20,0.172840,0.118652,19.4595
3,20,12.6601,633,0,20,0.173157,0.118890,19.4591
3,20,12.6801,634,0,20,0.177380,0.119521,19.4586
3,20,12.7001,635,0,20,0.185144,0.120414,19.4582
3,20,12.7201,636,0,20,0.195720,0.121441,19.4578
3,20,12.7401,637,0,20,0.207534,0.122658,19.4574
3,20,12.7601,638,0,20,0.219077,0.124028,19.4572
3,20,12.7801,639,0,20,0.229998,0.125816,19.4571
3,20,12.8001,640,0,20,0.238120,0.128100,19.4571
3,20,12.8201,641,0,20,0.242717,0.130605,19.4572
3,20,12.8401,642,0,20,0.244012,0.132698,19.4574
3,20,12.8601,643,0,20,0.242479,0.133943,19.4576
3,20,12.8801,644,0,20,0.238389,0.134179,19.4579
3,20,12.9001,645,0,20,0.231822,0.133570,19.4581
3,20,12.9201,646,0,20,0.222630,0.132422,19.4583
3,20,12.9401,647,0,20,0.211958,0.131093,19.4585
3,20,12.9601,648,0,20,0.201377,0.129779,19.4585
3,20,12.9801,649,0,20,0.192698,0.128634,19.4585
3,20,13.0001,650,0,20,0.187093,0.127669,19.4583
3,20,13.0201,651,0,20,0.185025,0.126917,19.4581
3,20,13.0401,652,0,20,0.186472,0.126570,19.4578
3,20,13.0601,653,0,20,0.190265,0.126842,19.4575
3,20,13.0801,654,0,20,0.195782,0.127735,19.4572
3,20,13.1001,655,0,20,0.202226,0.129080,19.4569
3,20,13.1201,656,0,20,0.208763,0.130667,19.4567
3,20,13.1401,657,0,20,0.214653,0.132330,19.4564
3,20,13.1601,658,0,20,0.219374,0.133938,19.4563
3,20,13.1801,659,0,20,0.222680,0.135460,19.4562
3,20,13.2001,660,0,20,0.224091,0.136865,19.4562
3,20,13.2201,661,0,20,0.224019,0.138034,19.4562
3,20,13.2401,662,0,20,0.222264,0.138828,19.4563
3,20,13.2601,663,0,20,0.218902,0.139146,19.4563
3,20,13.2801,664,0,20,0.214872,0.139040,19.4563
3,20,13.3001,665,0,20,0.210741,0.138621,19.4564
3,20,13.3201,666,0,20,0.207282,0.138024,19.4564
3,20,13.3401,667,0,20,0.204978,0.137350,19.4564
3,20,13.3601,668,0,20,0.204276,0.136623,19.4563
3,20,13.3801,669,0,20,0.206085,0.135858,19.4562
3,20,13.4001,670,0,20,0.209933,0.135135,19.4561
3,20,13.4201,671,0,20,0.215371,0.134504,19.4559
3,20,13.4401,672,0,20,0.221998,0.134043,19.4558
3,20,13.4601,673,0,20,0.228859,0.133747,19.4556
3,20,13.4801,674,0,20,0.235107,0.133651,19.4554
3,20,13.5001,675,0,20,0.240664,0.133710,19.4552
3,20,13.5201,676,0,20,0.245096,0.133907,19.4550
3,20,13.5401,677,0,20,0.248142,0.134289,19.4548
3,20,13.5601,678,0,20,0.249874,0.134820,19.4547
3,20,13.5801,679,0,20,0.250013,0.135469,19.4546
3,20,13.6001,680,0,20,0.248705,0.136206,19.4545
3,20,13.6201,681,0,20,0.246673,0.137003,19.4544
3,20,13.6401,682,0,20,0.244651,0.137767,19.4544
3,20,13.6601,683,0,20,0.242686,0.138397,19.4543
3,20,13.6801,684,0,20,0.240995,0.138767,19.4543
3,20,13.7001,685,0,20,0.240015,0.138826,19.4542
3,20,13.7201,686,0,20,0.239638,0.138661,19.4541
3,20,13.7401,687,0,20,0.240123,0.138344,19.4541
3,20,13.7601,688,0,20,0.241794,0.137960,19.4540
3,20,13.7801,689,0,20,0.243817,0.137569,19.4538
3,20,13.8001,690,0,20,0.246242,0.137240,19.4537
3,20,13.8201,691,0,20,0.248443,0.137055,19.4536
3,20,13.8401,692,0,20,0.250017,0.137003,19.4534
3,20,13.8601,693,0,20,0.250652,0.137080,19.4532
3,20,13.8801,694,0,20,0.249908,0.137251,19.4530
3,20,13.9001,695,0,20,0.247833,0.137478,19.4529
3,20,13.9201,696,0,20,0.244508,0.137728,19.4527
3,20,13.9401,697,0,20,0.267186,0.138023,19.4525
3,20,13.9601,698,0,20,0.258414,0.138275,19.4525
3,20,13.9801,699,0,20,0.273493,0.139687,19.4523
3,20,14.0001,700,0,20,0.280110,0.140221,19.4523
3,20,14.0201,701,0,20,0.266948,0.139945,19.4522
3,20,14.0401,702,0,20,0.250993,0.139655,19.4522
3,20,14.0601,703,0,20,0.238660,0.139790,19.4521
3,20,14.0801,704,0,20,0.231427,0.140400,19.4520
3,20,14.1001,705,0,20,0.229227,0.141494,19.4520
3,20,14.1201,706,0,20,0.226694,0.142350,19.4520
3,20,14.1401,707,0,20,0.227046,0.142467,19.4520
3,20,14.1601,708,0,20,0.230545,0.142175,19.4519
3,20,14.1801,709,0,20,0.233954,0.141447,19.4517
3,20,14.2001,710,0,20,0.234981,0.140162,19.4516
3,20,14.2201,711,0,20,0.233498,0.138455,19.4514
3,20,14.2401,712,0,20,0.231856,0.136965,19.4512
3,20,14.2601,713,0,20,0.231326,0.136060,19.4510
3,20,14.2801,714,0,20,0.231888,0.135638,19.4508
3,20,14.3001,715,0,20,0.234601,0.135552,19.4505
3,20,14.3201,716,0,20,0.238969,0.135745,19.4503
3,20,14.3401,717,0,20,0.243901,0.136188,19.4500
3,20,14.3601,718,0,20,0.247716,0.136857,19.4498
3,20,14.3801,719,0,20,0.249307,0.137678,19.4496
3,20,14.4001,720,0,20,0.247652,0.138393,19.4495
3,20,14.4201,721,0,20,0.243078,0.138874,19.4494
3,20,14.4401,722,0,20,0.237614,0.139245,19.4493
3,20,14.4601,723,0,20,0.233580,0.139617,19.4492
3,20,14.4801,724,0,20,0.230129,0.139998,19.4492
3,20,14.5001,725,0,20,0.228174,0.140266,19.4491
3,20,14.5201,726,0,20,0.228313,0.140246,19.4490
3,20,14.5401,727,0,20,0.229845,0.139837,19.4489
3,20,14.5601,728,0,20,0.232013,0.142186,19.4488
3,20,14.5801,729,0,20,0.235612,0.141876,19.4486
3,20,14.6001,730,0,20,0.239053,0.141568,19.4486
3,20,14.6201,731,0,20,0.235212,0.140591,19.4485
3,20,14.6401,732,0,20,0.231772,0.139777,19.4483
3,20,14.6601,733,0,20,0.233738,0.139051,19.4481
3,20,14.6802,734,0,20,0.238892,0.138606,19.4479
3,20,14.7002,735,0,20,0.242558,0.138371,19.4477
3,20,14.7202,736,0,20,0.243805,0.138017,19.4475
3,20,14.7402,737,0,20,0.243563,0.137842,19.4474
3,20,14.7602,738,0,20,0.244543,0.138085,19.4471
3,20,14.7802,739,0,20,0.246710,0.138476,19.4469
3,20,14.8002,740,0,20,0.247753,0.138790,19.4466
3,20,14.8202,741,0,20,0.246480,0.139111,19.4464
3,20,14.8402,742,0,20,0.242871,0.139434,19.4462
3,20,14.8602,743,0,20,0.238082,0.139898,19.4460
3,20,14.8802,744,0,20,0.233210,0.140633,19.4458
3,20,14.9002,745,0,20,0.229952,0.141547,19.4457
3,20,14.9202,746,0,20,0.228562,0.148127,19.4455
3,20,14.9402,747,0,20,0.228548,0.147764,19.4454
3,20,14.9602,748,0,20,0.228711,0.147866,19.4452
3,20,14.9802,749,0,20,0.228388,0.148327,19.4451
3,20,15.0002,750,0,20,0.233987,0.149692,19.4450
3,20,15.0202,751,0,20,0.240671,0.150713,19.4448
3,20,15.0402,752,0,20,0.242091,0.151217,19.4447
3,20,15.0602,753,0,20,0.237536,0.156434,19.4445
3,20,15.0802,754,0,20,0.231509,0.154993,19.4443
3,20,15.1002,755,0,20,0.227118,0.155222,19.4443
3,20,15.1202,756,0,20,0.221437,0.156364,19.4442
3,20,15.1402,757,0,20,0.218439,0.158585,19.4442
3,20,15.1602,758,0,20,0.220685,0.159906,19.4441
3,20,15.1802,759,0,20,0.226066,0.159660,19.4441
3,20,15.2002,760,0,20,0.227916,0.159400,19.4441
3,20,15.2202,761,0,20,0.229372,0.159609,19.4440
3,20,15.2402,762,0,20,0.229801,0.159562,19.4440
3,20,15.2602,763,0,20,0.231053,0.159159,19.4438
3,20,15.2802,764,0,20,0.231410,0.158844,19.4436
3,20,15.3002,765,0,20,0.229700,0.158716,19.4434
3,20,15.3202,766,0,20,0.231625,0.158823,19.4432
3,20,15.3402,767,0,20,0.234185,0.159160,19.4429
3,20,15.3602,768,0,20,0.236446,0.159367,19.4427
3,20,15.3802,769,0,20,0.238234,0.159484,19.4424
3,20,15.4002,770,0,20,0.241575,0.159513,19.4421
3,20,15.4202,771,0,20,0.247497,0.159581,19.4418
3,20,15.4402,772,0,20,0.255245,0.159840,19.4416
3,20,15.4602,773,0,20,0.264393,0.160382,19.4413
3,20,15.4802,774,0,20,0.274362,0.161368,19.4410
3,20,15.5002,775,0,20,0.284157,0.162878,19.4407
3,20,15.5202,776,0,20,0.291519,0.164841,19.4404
3,20,15.5402,777,0,20,0.296897,0.166928,19.4401
3,20,15.5602,778,0,20,0.300774,0.168907,19.4398
3,20,15.5802,779,0,20,0.303559,0.170513,19.4396
3,20,15.6002,780,0,20,0.307054,0.171688,19.4394
3,20,15.6202,781,0,20,0.310386,0.172580,19.4392
3,20,15.6402,782,0,20,0.313599,0.173416,19.4390
3,20,15.6602,783,0,20,0.316439,0.174305,19.4389
3,20,15.6802,784,0,20,0.317611,0.175482,19.4387
3,20,15.7002,785,0,20,0.337155,0.176801,19.4385
3,20,15.7202,786,0,20,0.337744,0.178155,19.4382
3,20,15.7402,787,0,20,0.329444,0.179414,19.4380
3,20,15.7602,788,0,20,0.322239,0.180663,19.4376
3,20,15.7802,789,0,20,0.317641,0.181959,19.4372
3,20,15.8002,790,0,20,0.314729,0.183317,19.4368
3,20,15.8202,791,0,20,0.313760,0.184667,19.4363
3,20,15.8402,792,0,20,0.312663,0.185830,19.4358
3,20,15.8602,793,0,20,0.312199,0.186841,19.4353
3,20,15.8802,794,0,20,0.316009,0.189574,19.4347
3,20,15.9002,795,0,20,0.334764,0.190921,19.4342
3,20,15.9202,796,0,20,0.334603,0.193117,19.4338
3,20,15.9402,797,0,20,0.322563,0.195851,19.4333
3,20,15.9602,798,0,20,0.322907,0.198831,19.4329
3,20,15.9802,799,0,20,0.334255,0.201704,19.4325
3,20,16.0002,800,0,20,0.341087,0.204360,19.4322
3,20,16.0202,801,0,20,0.339366,0.206719,19.4319
3,20,16.0402,802,0,20,0.337546,0.208828,19.4316
3,20,16.0602,803,0,20,0.340364,0.210631,19.4313
3,20,16.0802,804,0,20,0.348063,0.212342,19.4311
3,20,16.1002,805,0,20,0.361865,0.213967,19.4308
3,20,16.1202,806,0,20,0.380087,0.215530,19.4305
3,20,16.1402,807,0,20,0.398227,0.216479,19.4302
3,20,16.1602,808,0,20,0.414106,0.217887,19.4298
3,20,16.1802,809,0,20,0.428480,0.219264,19.4294
3,20,16.2002,810,0,20,0.444013,0.220575,19.4288
3,20,16.2202,811,0,20,0.459071,0.221585,19.4281
3,20,16.2402,812,0,20,0.470893,0.222725,19.4274
3,20,16.2602,813,0,20,0.482563,0.227588,19.4266
3,20,16.2802,814,0,20,0.495654,0.227322,19.4258
3,20,16.3002,815,0,20,0.511750,0.230241,19.4249
3,20,16.3202,816,0,20,0.525818,0.232712,19.4240
3,20,16.3402,817,0,20,0.541143,0.235098,19.4231
3,20,16.3602,818,0,20,0.563127,0.238111,19.4221
3,20,16.3802,819,0,20,0.584083,0.242200,19.4212
3,20,16.4002,820,0,20,0.601527,0.246616,19.4203
3,20,16.4202,821,0,20,0.618567,0.253453,19.4194
3,20,16.4402,822,0,20,0.635665,0.258841,19.4185
3,20,16.4602,823,0,20,0.649757,0.263443,19.4176
3,20,16.4802,824,0,20,0.660540,0.268064,19.4167
3,20,16.5002,825,0,20,0.672597,0.272379,19.4159
3,20,16.5202,826,0,20,0.686610,0.275866,19.4150
3,20,16.5402,827,0,20,0.698063,0.278665,19.4141
3,20,16.5602,828,0,20,0.705771,0.281694,19.4131
3,20,16.5802,829,0,20,0.713946,0.285203,19.4121
3,20,16.6002,830,0,20,0.734037,0.288984,19.4109
3,20,16.6202,831,0,20,0.743519,0.293576,19.4096
3,20,16.6402,832,0,20,0.755777,0.296837,19.4081
3,20,16.6602,833,0,20,0.772155,0.301316,19.4066
3,20,16.6802,834,0,20,0.779927,0.305126,19.4050
3,20,16.7002,835,0,20,0.792711,0.310540,19.4032
3,20,16.7202,836,0,20,0.802863,0.316123,19.4015
3,20,16.7402,837,0,20,0.807155,0.322796,19.3997
3,20,16.7602,838,0,20,0.809968,0.330319,19.3978
3,20,16.7802,839,0,20,0.815435,0.338930,19.3960
3,20,16.8002,840,0,20,0.827436,0.346465,19.3942
3,20,16.8202,841,0,20,0.841425,0.354679,19.3925
3,20,16.8402,842,0,20,0.853055,0.363815,19.3909
3,20,16.8602,843,0,20,0.865653,0.373511,19.3894
3,20,16.8802,844,0,20,0.878506,0.383221,19.3880
3,20,16.9002,845,0,20,0.887786,0.394493,19.3865
3,20,16.9202,846,0,20,0.894196,0.402552,19.3851
3,20,16.9402,847,0,20,0.902683,0.408570,19.3836
3,20,16.9602,848,0,20,0.910483,0.414916,19.3821
3,20,16.9802,849,0,20,0.912920,0.422126,19.3806
3,20,17.0002,850,0,20,0.914073,0.429492,19.3791
3,20,17.0202,851,0,20,0.909299,0.437287,19.3774
3,20,17.0402,852,0,20,0.912760,0.445809,19.3754
3,20,17.0602,853,0,20,0.914148,0.454403,19.3730
3,20,17.0802,854,0,20,0.928390,0.459353,19.3704
3,20,17.1002,855,0,20,0.950834,0.464717,19.3680
3,20,17.1202,856,0,20,0.966733,0.469845,19.3655
3,20,17.1402,857,0,20,1.010245,0.480521,19.3627
3,20,17.1602,858,0,20,1.040984,0.489845,19.3596
3,20,17.1802,859,0,20,1.071972,0.495648,19.3562
3,20,17.2002,860,0,20,1.100846,0.500485,19.3529
3,20,17.2202,861,0,20,1.126961,0.511023,19.3500
3,20,17.2402,862,0,20,1.160489,0.520922,19.3471
3,20,17.2602,863,0,20,1.205941,0.530444,19.3443
3,20,17.2802,864,0,20,1.268531,0.539331,19.3413
3,20,17.3002,865,0,20,1.313085,0.548958,19.3384
3,20,17.3202,866,0,20,1.346202,0.559531,19.3357
3,20,17.3402,867,0,20,1.384060,0.570468,19.3331
3,20,17.3602,868,0,20,1.425133,0.581298,19.3302
3,20,17.3802,869,0,20,1.457028,0.591009,19.3269
3,20,17.4002,870,0,20,1.479443,0.598932,19.3233
3,20,17.4202,871,0,20,1.498919,0.605927,19.3195
3,20,17.4402,872,0,20,1.511009,0.613745,19.3154
3,20,17.4602,873,0,20,1.512803,0.622240,19.3112
3,20,17.4802,874,0,20,1.525116,0.633017,19.3067
3,20,17.5002,875,0,20,1.567088,0.650277,19.3019
3,20,17.5202,876,0,20,1.620911,0.666158,19.2966
3,20,17.5402,877,0,20,1.653045,0.678472,19.2911
3,20,17.5602,878,0,20,1.690950,0.687530,19.2853
3,20,17.5802,879,0,20,1.734117,0.696938,19.2795
3,20,17.6002,880,0,20,1.773824,0.707261,19.2735
3,20,17.6202,881,0,20,1.809650,0.719291,19.2673
3,20,17.6402,882,0,20,1.847706,0.731539,19.2609
3,20,17.6602,883,0,20,1.892165,0.744104,19.2544
3,20,17.6802,884,0,20,1.894104,0.756414,19.2480
3,20,17.7002,885,0,20,1.950988,0.769854,19.2416
3,20,17.7202,886,0,20,2.024438,0.782374,19.2349
3,20,17.7402,887,0,20,2.082364,0.794638,19.2279
3,20,17.7602,888,0,20,2.145184,0.811013,19.2207
3,20,17.7802,889,0,20,2.199326,0.831719,19.2131
3,20,17.8002,890,0,20,2.249891,0.853628,19.2049
3,20,17.8202,891,0,20,2.302748,0.873967,19.1961
3,20,17.8402,892,0,20,2.348329,0.890042,19.1869
3,20,17.8602,893,0,20,2.403593,0.903970,19.1774
3,20,17.8802,894,0,20,2.434122,0.919157,19.1674
3,20,17.9002,895,0,20,2.431001,0.936965,19.1572
3,20,17.9202,896,0,20,2.434293,0.957247,19.1466
3,20,17.9402,897,0,20,2.445302,0.979998,19.1356
3,20,17.9602,898,0,20,2.478951,1.000774,19.1242
3,20,17.9802,899,0,20,2.532635,1.020998,19.1125
3,20,18.0002,900,0,20,2.589543,1.043056,19.1005
3,20,18.0202,901,0,20,2.651474,1.067565,19.0884
3,20,18.0402,902,0,20,2.703880,1.092954,19.0759
3,20,18.0602,903,0,20,2.774245,1.119697,19.0630
3,20,18.0802,904,0,20,2.830007,1.145790,19.0497
3,20,18.1002,905,0,20,2.881763,1.165574,19.0360
3,20,18.1202,906,0,20,2.939902,1.182134,19.0217
3,20,18.1402,907,0,20,2.991338,1.201039,19.0071
3,20,18.1602,908,0,20,3.032003,1.220763,18.9921
3,20,18.1802,909,0,20,3.063183,1.241035,18.9763
3,20,18.2002,910,0,20,3.129709,1.263987,18.9602
3,20,18.2202,911,0,20,3.244005,1.290834,18.9433
3,20,18.2402,912,0,20,3.292891,1.316335,18.9256
3,20,18.2602,913,0,20,3.378285,1.344151,18.9073
3,20,18.2802,914,0,20,3.482342,1.374953,18.8881
3,20,18.3002,915,0,20,3.579583,1.403569,18.8679
3,20,18.3202,916,0,20,3.649286,1.429779,18.8466
3,20,18.3402,917,0,20,3.727897,1.456054,18.8248
3,20,18.3602,918,0,20,3.827624,1.482930,18.8020
3,20,18.3802,919,0,20,3.898317,1.512197,18.7783
3,20,18.4002,920,0,20,3.959775,1.535534,18.7538
3,20,18.4202,921,0,20,4.030525,1.564063,18.7285
3,20,18.4402,922,0,20,4.108872,1.595169,18.7025
3,20,18.4602,923,0,20,4.150917,1.628543,18.6758
3,20,18.4802,924,0,20,4.234771,1.660545,18.6483
3,20,18.5002,925,0,20,4.347670,1.695285,18.6194
3,20,18.5202,926,0,20,4.450193,1.730268,18.5891
3,20,18.5402,927,0,20,4.542222,1.769223,18.5571
3,20,18.5602,928,0,20,4.626244,1.805885,18.5240
3,20,18.5802,929,0,20,4.685761,1.846543,18.4899
3,20,18.6002,930,0,20,4.759390,1.889492,18.4542
3,20,18.6202,931,0,20,4.849242,1.928808,18.4171
3,20,18.6402,932,0,20,4.976884,1.969155,18.3785
3,20,18.6602,933,0,20,5.092559,2.007288,18.3384
3,20,18.6802,934,0,20,5.205802,2.043180,18.2968
3,20,18.7002,935,0,20,5.319716,2.086807,18.2538
3,20,18.7202,936,0,20,5.446259,2.138441,18.2090
3,20,18.7402,937,0,20,5.526354,2.185160,18.1629
3,20,18.7602,938,0,20,5.616884,2.226745,18.1150
3,20,18.7802,939,0,20,5.715312,2.268044,18.0655
3,20,18.8002,940,0,20,5.814671,2.309997,18.0147
3,20,18.8202,941,0,20,5.941521,2.355573,17.9621
3,20,18.8402,942,0,20,6.069598,2.399347,17.9068
3,20,18.8602,943,0,20,6.186806,2.445896,17.8488
3,20,18.8802,944,0,20,6.302146,2.494540,17.7880
3,20,18.9002,945,0,20,6.417154,2.549156,17.7246
3,20,18.9202,946,0,20,6.543656,2.606084,17.6585
3,20,18.9402,947,0,20,6.678109,2.667954,17.5898
3,20,18.9602,948,0,20,6.807566,2.735666,17.5184
3,20,18.9802,949,0,20,6.906943,2.807599,17.4444
3,20,19.0002,950,0,20,7.029531,2.876401,17.3677
3,20,19.0202,951,0,20,7.161290,2.943897,17.2880
3,20,19.0403,952,0,20,7.288855,3.016185,17.2051
3,20,19.0603,953,0,20,7.417745,3.086136,17.1192
3,20,19.0803,954,0,20,7.555398,3.158761,17.0301
3,20,19.1003,955,0,20,7.680540,3.241570,16.9375
3,20,19.1203,956,0,20,7.795903,3.325489,16.8417
3,20,19.1403,957,0,20,7.909387,3.411684,16.7426
3,20,19.1603,958,0,20,8.027567,3.498964,16.6398
3,20,19.1803,959,0,20,8.140353,3.587692,16.5333
3,20,19.2003,960,0,20,8.263378,3.680605,16.4234
3,20,19.2203,961,0,20,8.395082,3.774679,16.3096
3,20,19.2403,962,0,20,8.529273,3.871642,16.1919
3,20,19.2603,963,0,20,8.665829,3.970150,16.0703
3,20,19.2803,964,0,20,8.804639,4.071699,15.9447
3,20,19.3003,965,0,20,8.945598,4.175066,15.8152
3,20,19.3203,966,0,20,9.088607,4.281334,15.6818
3,20,19.3403,967,0,20,9.233570,4.388770,15.5445
3,20,19.3603,968,0,20,9.380397,4.498686,15.4032
3,20,19.3803,969,0,20,9.529001,4.609926,15.2580
3,20,19.4003,970,0,20,9.679301,4.723425,15.1089
3,20,19.4203,971,0,20,9.831219,4.839446,14.9559
3,20,19.4403,972,0,20,9.984681,4.958440,14.7989
3,20,19.4603,973,0,20,10.139620,5.080300,14.6380
3,20,19.4803,974,0,20,10.295960,5.203986,14.4732
3,20,19.5003,975,0,20,10.453650,5.329228,14.3045
3,20,19.5203,976,0,20,10.612620,5.457549,14.1319
3,20,19.5403,977,0,20,10.772820,5.587478,13.9553
3,20,19.5603,978,0,20,10.934190,5.720173,13.7748
3,20,19.5803,979,0,20,11.096690,5.852918,13.5904
3,20,19.6003,980,0,20,11.260260,5.985671,13.4020
3,20,19.6203,981,0,20,11.424850,6.119877,13.2097
3,20,19.6403,982,0,20,11.590430,6.254969,13.0135
3,20,19.6603,983,0,20,11.756960,6.391641,12.8134
3,20,19.6803,984,0,20,11.924380,6.529305,12.6094
3,20,19.7003,985,0,20,12.092670,6.667126,12.4014
3,20,19.7203,986,0,20,12.261790,6.802972,12.1895
3,20,19.7403,987,0,20,12.431710,6.947309,11.9737
3,20,19.7603,988,0,20,12.602390,7.088339,11.7540
3,20,19.7803,989,0,20,12.773800,7.229552,11.5303
3,20,19.8003,990,0,20,12.945920,7.368367,11.3027
3,20,19.8203,991,0,20,13.118710,7.507131,11.0712
3,20,19.8403,992,0,20,13.292160,7.650733,10.8358
3,20,19.8603,993,0,20,13.466220,7.796233,10.5964
3,20,19.8803,994,0,20,13.640890,7.940839,10.3531
3,20,19.9003,995,0,20,13.816140,8.084166,10.1059
3,20,19.9203,996,0,20,13.991940,8.228472,9.8548
3,20,19.9403,997,0,20,14.168280,8.332681,9.5997
3,20,19.9603,998,0,20,14.345130,8.479795,9.3407
3,20,19.9803,999,0,20,14.522480,8.627896,9.0778
3,20,20.0003,1000,0,20,14.700310,8.776723,8.8110
3,20,20.0203,1001,0,20,14.878610,8.925289,8.5402
3,20,20.0403,1002,0,20,15.057340,9.074661,8.2656
3,20,20.0603,1003,0,20,15.236510,9.220758,7.9870
3,20,20.0803,1004,0,20,15.416090,9.370581,7.7044
3,20,20.1003,1005,0,20,15.596070,9.523746,7.4180
3,20,20.1203,1006,0,20,15.776440,9.674848,7.1276
3,20,20.1403,1007,0,20,15.957180,9.825220,6.8333
3,20,20.1603,1008,0,20,16.138290,9.976744,6.5351
3,20,20.1803,1009,0,20,16.319740,10.130340,6.2330
3,20,20.2003,1010,0,20,16.501530,10.253910,5.9269
3,20,20.2203,1011,0,20,16.683650,10.424530,5.6169
3,20,20.2403,1012,0,20,16.866080,10.563180,5.3030
3,20,20.2603,1013,0,20,17.048820,10.712130,4.9851
3,20,20.2803,1014,0,20,17.231850,10.865960,4.6634
3,20,20.3003,1015,0,20,17.415170,10.104170,4.3377
3,20,20.3203,1016,0,20,17.598770,8.457969,4.0081
3,20,20.3403,1017,0,20,17.782640,8.024156,3.8773
3,20,20.3603,1018,0,20,17.966760,7.812275,3.8295
3,20,20.3803,1019,0,20,18.151150,7.105586,3.7782
3,20,20.4003,1020,0,20,18.335770,6.968090,3.7254
3,20,20.4203,1021,0,20,18.520640,6.071105,3.6696
3,20,20.4403,1022,0,20,23.535690,5.578238,3.6105
3,20,20.4603,1023,0,20,20.449690,5.397618,3.5475
3,20,20.4803,1024,0,20,23.572820,4.031427,3.4805
3,20,20.5003,1025,0,20,23.719250,4.012723,3.4097
3,20,20.5203,1026,0,20,23.866390,3.823907,3.3349
3,20,20.5403,1027,0,20,5.722516,2.216005,3.2562
3,20,20.5603,1028,0,20,5.859158,2.107447,3.1736
3,20,20.5803,1029,0,20,5.999106,2.070251,3.0871
3,20,20.6003,1030,0,20,6.142134,1.982270,2.9966
3,20,20.6203,1031,0,20,6.288030,1.962209,2.9022
3,20,20.6403,1032,0,20,6.436601,1.926941,2.8039
3,20,20.6603,1033,0,20,6.587665,1.898134,2.7016
3,20,20.6803,1034,0,20,6.741054,1.885759,2.5955
3,20,20.7003,1035,0,20,6.896614,1.866853,2.4854
3,20,20.7203,1036,0,20,7.054200,1.880388,2.3714
3,20,20.7403,1037,0,20,7.213681,1.899630,2.2534
3,20,20.7603,1038,0,20,7.374933,1.925809,2.1316
3,20,20.7803,1039,0,20,7.537842,1.866812,2.0058
3,20,20.8003,1040,0,20,7.702303,1.885529,1.8761
3,20,20.8203,1041,0,20,7.868220,1.920225,1.8698
3,20,20.8403,1042,0,20,8.035501,1.949498,1.8863
3,20,20.8603,1043,0,20,8.204063,1.947095,1.9043
3,20,20.8803,1044,0,20,8.373831,1.926663,1.9187
3,20,20.9003,1045,0,20,8.544729,1.871332,1.9299
3,20,20.9203,1046,0,20,8.716694,1.868050,1.9420
3,20,20.9403,1047,0,20,9.067417,1.864225,1.9528
3,20,20.9603,1048,0,20,9.240105,1.812532,1.9613
3,20,20.9803,1049,0,20,9.413714,1.468604,1.9699
3,20,21.0003,1050,0,20,3.647696,1.025795,1.9773
3,20,21.0203,1051,0,20,3.728997,0.957840,1.9833
3,20,21.0403,1052,0,20,3.818658,0.900758,1.9878
3,20,21.0603,1053,1,19,3.916103,0.891388,1.9920
3,20,21.0803,1054,1,19,4.020766,0.722891,1.9945
3,20,21.1003,1055,1,19,4.132101,0.711909,1.9964
3,20,21.1203,1056,1,19,2.807195,0.615407,1.9958
3,20,21.1403,1057,1,19,2.910027,0.605982,1.9943
3,20,21.1603,1058,1,19,3.022112,0.599760,1.9945
3,20,21.1803,1059,1,19,3.055778,0.578890,1.9949
3,20,21.2003,1060,1,19,3.183507,0.557917,1.9910
3,20,21.2203,1061,1,19,3.317928,0.575368,1.9916
3,20,21.2403,1062,1,19,3.458261,0.594549,1.9892
3,20,21.2603,1063,2,18,3.603814,0.541095,1.9831
3,20,21.2803,1064,2,18,3.753980,0.549461,1.9772
3,20,21.3003,1065,2,18,3.908229,0.563552,1.9724
3,20,21.3203,1066,4,16,4.066095,0.583048,1.9643
3,20,21.3403,1067,4,16,4.227173,0.604788,1.9562
3,20,21.3603,1068,4,16,4.391109,0.625918,1.9458
3,20,21.3803,1069,5,15,4.557596,0.646378,1.9374
3,20,21.4003,1070,5,15,4.726363,0.652782,1.9250
3,20,21.4203,1071,5,15,4.897175,0.663866,1.9145
3,20,21.4403,1072,7,13,1.693339,0.392976,1.9015
3,20,21.4603,1073,8,12,1.740306,0.429715,1.8867
3,20,21.4803,1074,8,12,1.793909,0.430455,1.8704
3,20,21.5003,1075,8,12,1.854510,0.415695,1.8526
3,20,21.5203,1076,8,12,1.921663,0.422851,1.8329
3,20,21.5403,1077,7,13,1.995551,0.443057,1.8110
3,20,21.5603,1078,7,13,2.075464,0.405950,1.7869
3,20,21.5803,1079,8,12,2.163186,0.414518,1.7600
3,20,21.6003,1080,7,13,2.075685,0.414483,1.7295
3,20,21.6203,1081,7,13,2.220899,0.361496,1.6953
3,20,21.6403,1082,7,13,2.373400,0.336374,1.6573
3,20,21.6603,1083,7,13,2.531664,0.337590,1.6154
3,20,21.6803,1084,7,13,2.695983,0.331949,1.5697
3,20,21.7003,1085,7,13,2.864318,0.339794,1.5200
3,20,21.7203,1086,7,13,3.036000,0.324672,1.4664
3,20,21.7403,1087,8,12,3.210493,0.323683,1.4089
3,20,21.7603,1088,8,12,3.387362,0.328924,1.3475
3,20,21.7803,1089,8,12,3.566254,0.316811,1.2821
3,20,21.8003,1090,8,12,3.746880,0.326976,1.2128
3,20,21.8203,1091,8,12,3.928999,0.340346,1.1396
3,20,21.8403,1092,9,11,4.112413,0.361810,1.0625
3,20,21.8603,1093,9,11,4.296957,0.329335,0.9814
3,20,21.8803,1094,10,10,4.482492,0.343618,0.8964
3,20,21.9003,1095,10,10,4.668899,0.336511,0.8075
3,20,21.9203,1096,10,10,4.856077,0.352347,0.7147
3,20,21.9403,1097,10,10,1.522977,0.194291,0.6952
3,20,21.9603,1098,11,9,1.599885,0.206886,0.6764
3,20,21.9803,1099,11,9,1.701632,0.221869,0.6563
3,20,22.0003,1100,11,9,1.800656,0.242863,0.6337
3,20,22.0203,1101,13,7,1.905375,0.219640,0.6086
3,20,22.0403,1102,13,7,2.016843,0.214894,0.5832
3,20,22.0603,1103,13,7,1.875571,0.213114,0.5577
3,20,22.0803,1104,13,7,1.920365,0.189108,0.5390
3,20,22.1003,1105,13,7,1.843260,0.195606,0.5268
3,20,22.1203,1106,13,7,1.025585,0.101963,0.5198
3,20,22.1403,1107,13,7,0.911207,0.089989,0.5318
3,20,22.1603,1108,14,6,0.785802,0.077480,0.5432
3,20,22.1803,1109,15,5,0.665558,0.061967,0.5525
3,20,22.2003,1110,15,5,0.561678,0.051411,0.5593
3,20,22.2203,1111,15,5,0.470978,0.041433,0.5637
3,20,22.2403,1112,15,5,0.352152,0.030847,0.5667
3,20,22.2603,1113,15,5,0.253842,0.022043,0.5677
3,20,22.2803,1114,15,5,0.214430,0.014823,0.5669
3,20,22.3003,1115,15,5,0.221724,0.012659,0.5642
3,20,22.3203,1116,15,5,0.158676,0.014067,0.5599
3,20,22.3403,1117,15,5,0.207668,0.016778,0.5584
3,20,22.3603,1118,15,5,0.300347,0.026019,0.5558
3,20,22.3803,1119,15,5,0.393972,0.035209,0.5521
3,20,22.4003,1120,15,5,0.488823,0.044523,0.5471
3,20,22.4203,1121,16,4,0.585174,0.053887,0.5409
3,20,22.4403,1122,17,3,0.683398,0.063414,0.5333
3,20,22.4603,1123,17,3,0.784400,0.073288,0.5244
3,20,22.4803,1124,17,3,0.778080,0.045823,0.5139
3,20,22.5003,1125,18,2,0.684321,0.034943,0.5018
3,20,22.5203,1126,18,2,0.416234,0.025142,0.5029
3,20,22.5403,1127,18,2,0.317664,0.016473,0.5098
3,20,22.5603,1128,18,2,0.216988,0.011016,0.5128
3,20,22.5803,1129,18,2,0.117025,0.005969,0.5144
3,20,22.6003,1130,18,2,0.017868,0.000978,0.5146
3,20,22.6203,1131,18,2,0.086030,0.004394,0.5135
3,20,22.6403,1132,18,2,0.186496,0.009415,0.5109
3,20,22.6603,1133,18,2,0.288202,0.014499,0.5069
3,20,22.6803,1134,18,2,0.390723,0.019627,0.5014
3,20,22.7003,1135,18,2,0.024846,0.001331,0.5005
3,20,22.7203,1136,18,2,0.023251,0.001254,0.5000
3,20,22.7403,1137,18,2,0.009645,0.000571,0.5000
3,20,22.7603,1138,18,2,0.002846,0.000233,0.5000
3,20,22.7803,1139,18,2,0.002205,0.000199,0.5000
3,20,22.8003,1140,19,1,0.002316,0.000116,0.5000
3,20,22.8203,1141,19,1,0.002056,0.000103,0.5000
3,20,22.8403,1142,19,1,0.002155,0.000108,0.5000
3,20,22.8603,1143,19,1,0.002120,0.000106,0.5000
3,20,22.8803,1144,19,1,0.002136,0.000107,0.5000
3,20,22.9003,1145,19,1,0.002126,0.000106,0.5000
3,20,22.9203,1146,19,1,0.002135,0.000107,0.5000
3,20,22.9403,1147,19,1,0.002129,0.000106,0.5000
3,20,22.9603,1148,19,1,0.002131,0.000107,0.5000
3,20,22.9803,1149,20,0,0.000000,0.000000,0.5000
1,30,0.0200,1,0,30,0.000000,0.000000,29.5000
1,30,0.0400,2,0,30,0.196200,0.162059,29.4961
1,30,0.0600,3,0,30,0.392400,0.290170,29.4882
1,30,0.0800,4,0,30,0.588493,0.385024,29.4765
1,30,0.1000,5,0,30,0.773090,0.446444,29.4608
1,30,0.1200,6,0,30,0.882163,0.474390,29.4422
1,30,0.1400,7,0,30,0.858630,0.468842,29.4229
1,30,0.1600,8,0,30,0.731527,0.429858,29.4055
1,30,0.1800,9,0,30,0.558317,0.357732,29.3912
1,30,0.2000,10,0,30,0.376254,0.255485,29.3807
1,30,0.2200,11,0,30,0.204787,0.132450,29.3741
1,30,0.2400,12,0,30,0.136899,0.066086,29.3714
1,30,0.2600,13,0,30,0.255727,0.195685,29.3726
1,30,0.2800,14,0,30,0.438706,0.329228,29.3778
1,30,0.3000,15,0,30,0.619810,0.439863,29.3867
1,30,0.3200,16,0,30,0.777136,0.521062,29.3991
1,30,0.3400,17,0,30,0.885244,0.570143,29.4141
1,30,0.3600,18,0,30,0.923052,0.586198,29.4305
1,30,0.3800,19,0,30,0.885477,0.569114,29.4468
1,30,0.4000,20,0,30,0.783608,0.519611,29.4616
1,30,0.4200,21,0,30,0.637387,0.439877,29.4738
1,30,0.4400,22,0,30,0.465821,0.334677,29.4827
1,30,0.4600,23,0,30,0.290226,0.212284,29.4880
1,30,0.4800,24,0,30,0.134648,0.087845,29.4896
1,30,0.5000,25,0,30,0.142259,0.078933,29.4876
1,30,0.5200,26,0,30,0.304194,0.178717,29.4818
1,30,0.5400,27,0,30,0.473682,0.269283,29.4724
1,30,0.5600,28,0,30,0.596999,0.335587,29.4599
1,30,0.5800,29,0,30,0.650819,0.374444,29.4458
1,30,0.6000,30,0,30,0.656850,0.384138,29.4311
1,30,0.6200,31,0,30,0.609961,0.363254,29.4170
1,30,0.6400,32,0,30,0.515788,0.312408,29.4044
1,30,0.6600,33,0,30,0.392548,0.237110,29.3943
1,30,0.6800,34,0,30,0.263431,0.148874,29.3871
1,30,0.7000,35,0,30,0.174896,0.084382,29.3831
1,30,0.7200,36,0,30,0.220593,0.142251,29.3826
1,30,0.7400,37,0,30,0.358167,0.244868,29.3856
1,30,0.7600,38,0,30,0.507393,0.339942,29.3920
1,30,0.7800,39,0,30,0.634855,0.416653,29.4014
1,30,0.8000,40,0,30,0.723250,0.469728,29.4129
1,30,0.8200,41,0,30,0.763946,0.496025,29.4258
1,30,0.8400,42,0,30,0.755935,0.493926,29.4389
1,30,0.8600,43,0,30,0.703213,0.463409,29.4512
1,30,0.8800,44,0,30,0.613924,0.406612,29.4620
1,30,0.9000,45,0,30,0.499029,0.328127,29.4705
1,30,0.9200,46,0,30,0.372377,0.235173,29.4762
1,30,0.9400,47,0,30,0.258061,0.138990,29.4788
1,30,0.9600,48,0,30,0.211979,0.070851,29.4782
1,30,0.9800,49,0,30,0.272635,0.116640,29.4743
1,30,1.0000,50,0,30,0.374612,0.188987,29.4676
1,30,1.0200,51,0,30,0.467080,0.250287,29.4584
1,30,1.0400,52,0,30,0.529877,0.290852,29.4476
1,30,1.0600,53,0,30,0.554518,0.307284,29.4359
1,30,1.0800,54,0,30,0.538931,0.298819,29.4242
1,30,1.1000,55,0,30,0.487013,0.266737,29.4133
1,30,1.1200,56,0,30,0.407451,0.215125,29.4041
1,30,1.1400,57,0,30,0.316510,0.153361,29.3971
1,30,1.1600,58,0,30,0.246773,0.103981,29.3927
1,30,1.1800,59,0,30,0.248073,0.120628,29.3912
1,30,1.2000,60,0,30,0.323874,0.194210,29.3927
1,30,1.2200,61,0,30,0.427005,0.272631,29.3970
1,30,1.2400,62,0,30,0.524696,0.340926,29.4038
1,30,1.2600,63,0,30,0.600189,0.392108,29.4125
1,30,1.2800,64,0,30,0.644044,0.422128,29.4225
1,30,1.3000,65,0,30,0.652229,0.429009,29.4331
1,30,1.3200,66,0,30,0.624583,0.412648,29.4434
1,30,1.3400,67,0,30,0.564171,0.374839,29.4527
1,30,1.3600,68,0,30,0.477774,0.319292,29.4605
1,30,1.3800,69,0,30,0.375966,0.251944,29.4661
1,30,1.4000,70,0,30,0.276047,0.182366,29.4692
1,30,1.4200,71,0,30,0.210822,0.128481,29.4696
1,30,1.4400,72,0,30,0.220887,0.118632,29.4674
1,30,1.4600,73,0,30,0.284639,0.154245,29.4627
1,30,1.4800,74,0,30,0.356816,0.199944,29.4559
1,30,1.5000,75,0,30,0.413929,0.236558,29.4476
1,30,1.5200,76,0,30,0.445726,0.256660,29.4383
1,30,1.5400,77,0,30,0.448068,0.258118,29.4287
1,30,1.5600,78,0,30,0.421917,0.241683,29.4195
1,30,1.5800,79,0,30,0.372753,0.211273,29.4114
1,30,1.6000,80,0,30,0.312793,0.174705,29.4049
1,30,1.6200,81,0,30,0.263922,0.146667,29.4004
1,30,1.6400,82,0,30,0.256764,0.149461,29.3983
1,30,1.6600,83,0,30,0.302280,0.188169,29.3986
1,30,1.6800,84,0,30,0.377815,0.242937,29.4013
1,30,1.7000,85,0,30,0.457627,0.297250,29.4060
1,30,1.7200,86,0,30,0.525677,0.342018,29.4126
1,30,1.7400,87,0,30,0.572494,0.372106,29.4203
1,30,1.7600,88,0,30,0.593206,0.384847,29.4288
1,30,1.7800,89,0,30,0.586684,0.379478,29.4373
1,30,1.8000,90,0,30,0.554828,0.357099,29.4453
1,30,1.8200,91,0,30,0.502772,0.320507,29.4521
1,30,1.8400,92,0,30,0.439626,0.274564,29.4573
1,30,1.8600,93,0,30,0.378396,0.226530,29.4606
1,30,1.8800,94,0,30,0.335784,0.187053,29.4618
1,30,1.9000,95,0,30,0.325793,0.168516,29.4607
1,30,1.9200,96,0,30,0.347953,0.174942,29.4576
1,30,1.9400,97,0,30,0.386799,0.196399,29.4527
1,30,1.9600,98,0,30,0.425506,0.220162,29.4463
1,30,1.9800,99,0,30,0.452558,0.237370,29.4389
1,30,2.0000,100,0,30,0.462166,0.243535,29.4311
1,30,2.0200,101,0,30,0.453533,0.237903,29.4234
1,30,2.0400,102,0,30,0.430537,0.222731,29.4163
1,30,2.0600,103,0,30,0.400686,0.203393,29.4104
1,30,2.0800,104,0,30,0.375749,0.188690,29.4061
1,30,2.1000,105,0,30,0.368255,0.189108,29.4035
1,30,2.1200,106,0,30,0.385623,0.209257,29.4029
1,30,2.1400,107,0,30,0.424397,0.243466,29.4043
1,30,2.1600,108,0,30,0.473747,0.282255,29.4075
1,30,2.1800,109,0,30,0.521866,0.317731,29.4122
1,30,2.2000,110,0,30,0.559900,0.344530,29.4181
1,30,2.2200,111,0,30,0.582118,0.359445,29.4247
1,30,2.2400,112,0,30,0.586047,0.361063,29.4316
1,30,2.2600,113,0,30,0.572351,0.349669,29.4382
1,30,2.2800,114,0,30,0.544699,0.327094,29.4441
1,30,2.3000,115,0,30,0.509376,0.296789,29.4488
1,30,2.3200,116,0,30,0.475031,0.263685,29.4520
1,30,2.3400,117,0,30,0.451178,0.233960,29.4535
1,30,2.3600,118,0,30,0.445082,0.213995,29.4532
1,30,2.3800,119,0,30,0.457455,0.207775,29.4512
1,30,2.4000,120,0,30,0.483182,0.213965,29.4476
1,30,2.4200,121,0,30,0.513583,0.226548,29.4427
1,30,2.4400,122,0,30,0.541255,0.238942,29.4368
1,30,2.4600,123,0,30,0.561300,0.246744,29.4304
1,30,2.4800,124,0,30,0.571800,0.247579,29.4239
1,30,2.5000,125,0,30,0.593366,0.242191,29.4174
1,30,2.5200,126,0,30,0.578842,0.233938,29.4120
1,30,2.5400,127,0,30,0.578913,0.229210,29.4074
1,30,2.5600,128,0,30,0.589573,0.233076,29.4040
1,30,2.5800,129,0,30,0.605634,0.246819,29.4021
1,30,2.6000,130,0,30,0.629831,0.266084,29.4021
1,30,2.6200,131,0,30,0.648136,0.288070,29.4037
1,30,2.6400,132,0,30,0.633941,0.310953,29.4069
1,30,2.6600,133,0,30,0.635110,0.331388,29.4111
1,30,2.6800,134,0,30,0.656061,0.346606,29.4159
1,30,2.7000,135,0,30,0.660376,0.355926,29.4210
1,30,2.7200,136,0,30,0.653640,0.357206,29.4260
1,30,2.7400,137,0,30,0.650576,0.347004,29.4302
1,30,2.7600,138,0,30,0.668747,0.329559,29.4338
1,30,2.7800,139,0,30,0.669554,0.308514,29.4367
1,30,2.8000,140,0,30,0.667521,0.288102,29.4385
1,30,2.8200,141,0,30,0.675751,0.273031,29.4389
1,30,2.8400,142,0,30,0.708370,0.264809,29.4380
1,30,2.8600,143,0,30,0.745773,0.264311,29.4355
1,30,2.8800,144,0,30,0.775717,0.270383,29.4317
1,30,2.9000,145,0,30,0.779568,0.278742,29.4271
1,30,2.9200,146,0,30,0.768949,0.285261,29.4218
1,30,2.9400,147,0,30,0.753927,0.289641,29.4162
1,30,2.9600,148,0,30,0.735753,0.291635,29.4108
1,30,2.9800,149,0,30,0.728089,0.291712,29.4057
1,30,3.0000,150,0,30,0.735301,0.292317,29.4012
1,30,3.0200,151,0,30,0.750973,0.298302,29.3975
1,30,3.0400,152,0,30,0.765414,0.304947,29.3948
1,30,3.0600,153,0,30,0.774827,0.315892,29.3934
1,30,3.0800,154,0,30,0.782733,0.332663,29.3932
1,30,3.1000,155,0,30,0.793404,0.346721,29.3942
1,30,3.1200,156,0,30,0.801144,0.361673,29.3964
1,30,3.1400,157,0,30,0.804789,0.376364,29.3993
1,30,3.1600,158,0,30,0.824891,0.389367,29.4026
1,30,3.1800,159,0,30,0.848578,0.398257,29.4063
1,30,3.2000,160,0,30,0.852464,0.401220,29.4101
1,30,3.2200,161,0,30,0.842897,0.398222,29.4137
1,30,3.2400,162,0,30,0.832482,0.390231,29.4166
1,30,3.2600,163,0,30,0.824510,0.379350,29.4189
1,30,3.2800,164,0,30,0.824493,0.368033,29.4202
1,30,3.3000,165,0,30,0.835763,0.358320,29.4205
1,30,3.3200,166,0,30,0.862609,0.351533,29.4195
1,30,3.3400,167,0,30,0.864234,0.350168,29.4178
1,30,3.3600,168,0,30,0.856239,0.348938,29.4149
1,30,3.3800,169,0,30,0.866288,0.351658,29.4111
1,30,3.4000,170,0,30,0.864745,0.356251,29.4066
1,30,3.4200,171,0,30,0.845695,0.365802,29.4017
1,30,3.4400,172,0,30,0.837761,0.369773,29.3967
1,30,3.4600,173,0,30,0.850776,0.372078,29.3918
1,30,3.4800,174,0,30,0.856653,0.375315,29.3872
1,30,3.5000,175,0,30,0.859117,0.379358,29.3834
1,30,3.5200,176,0,30,0.886693,0.383718,29.3805
1,30,3.5400,177,0,30,0.922673,0.390416,29.3785
1,30,3.5600,178,0,30,0.958199,0.401318,29.3773
1,30,3.5800,179,0,30,0.996790,0.415037,29.3771
1,30,3.6000,180,0,30,1.036908,0.429255,29.3776
1,30,3.6200,181,0,30,1.071481,0.441977,29.3788
1,30,3.6400,182,0,30,1.099525,0.452109,29.3807
1,30,3.6600,183,0,30,1.125922,0.458467,29.3831
1,30,3.6800,184,0,30,1.148610,0.464478,29.3861
1,30,3.7000,185,0,30,1.171156,0.469543,29.3891
1,30,3.7200,186,0,30,1.187055,0.470231,29.3916
1,30,3.7400,187,0,30,1.182234,0.467262,29.3934
1,30,3.7600,188,0,30,1.166471,0.462443,29.3945
1,30,3.7800,189,0,30,1.153813,0.457311,29.3947
1,30,3.8000,190,0,30,1.150164,0.452629,29.3942
1,30,3.8200,191,0,30,1.152906,0.455062,29.3927
1,30,3.8400,192,0,30,1.160319,0.457402,29.3904
1,30,3.8600,193,0,30,1.168181,0.459290,29.3870
1,30,3.8800,194,0,30,1.173824,0.463551,29.3825
1,30,3.9000,195,0,30,1.187851,0.467657,29.3773
1,30,3.9200,196,0,30,1.184281,0.472353,29.3721
1,30,3.9400,197,0,30,1.182291,0.476889,29.3669
1,30,3.9600,198,0,30,1.200003,0.479853,29.3618
1,30,3.9800,199,0,30,1.183043,0.483095,29.3569
1,30,4.0000,200,0,30,1.161172,0.489096,29.3523
1,30,4.0200,201,0,30,1.166608,0.498395,29.3482
1,30,4.0400,202,0,30,1.201532,0.508083,29.3448
1,30,4.0600,203,0,30,1.237401,0.518329,29.3423
1,30,4.0800,204,0,30,1.284197,0.524331,29.3407
1,30,4.1000,205,0,30,1.309058,0.531301,29.3401
1,30,4.1200,206,0,30,1.314531,0.543821,29.3402
1,30,4.1400,207,0,30,1.320853,0.558691,29.3409
1,30,4.1600,208,0,30,1.322550,0.572417,29.3420
1,30,4.1800,209,0,30,1.323047,0.583325,29.3432
1,30,4.2000,210,0,30,1.329089,0.590736,29.3443
1,30,4.2200,211,0,30,1.340190,0.596107,29.3453
1,30,4.2400,212,0,30,1.352265,0.596233,29.3462
1,30,4.2600,213,0,30,1.368090,0.591100,29.3467
1,30,4.2800,214,0,30,1.378811,0.586763,29.3467
1,30,4.3000,215,0,30,1.358210,0.586704,29.3461
1,30,4.3200,216,0,30,1.353266,0.590876,29.3447
1,30,4.3400,217,0,30,1.388646,0.595893,29.3424
1,30,4.3600,218,0,30,1.435298,0.600236,29.3392
1,30,4.3800,219,0,30,1.479826,0.604985,29.3351
1,30,4.4000,220,0,30,1.517956,0.611000,29.3301
1,30,4.4200,221,0,30,1.548570,0.616094,29.3249
1,30,4.4400,222,0,30,1.606180,0.624491,29.3194
1,30,4.4600,223,0,30,1.680389,0.631459,29.3133
1,30,4.4800,224,0,30,1.695432,0.638973,29.3071
1,30,4.5000,225,0,30,1.710850,0.646570,29.3013
1,30,4.5200,226,0,30,1.769212,0.654068,29.2955
1,30,4.5400,227,0,30,1.833325,0.661101,29.2900
1,30,4.5600,228,0,30,1.877803,0.668462,29.2849
1,30,4.5800,229,0,30,1.907419,0.677926,29.2804
1,30,4.6000,230,0,30,1.928943,0.691741,29.2764
1,30,4.6200,231,0,30,1.944056,0.698136,29.2729
1,30,4.6400,232,0,30,1.952757,0.705607,29.2698
1,30,4.6600,233,0,30,1.959147,0.716375,29.2668
1,30,4.6800,234,0,30,1.981735,0.724607,29.2639
1,30,4.7000,235,0,30,1.948672,0.734676,29.2612
1,30,4.7200,236,0,30,1.957248,0.744495,29.2588
1,30,4.7400,237,0,30,1.958874,0.751540,29.2562
1,30,4.7600,238,0,30,1.959682,0.756856,29.2533
1,30,4.7800,239,0,30,1.965242,0.761535,29.2502
1,30,4.8000,240,0,30,1.984632,0.766205,29.2467
1,30,4.8200,241,0,30,2.019612,0.771202,29.2429
1,30,4.8400,242,0,30,2.028338,0.775468,29.2387
1,30,4.8600,243,0,30,2.042563,0.784205,29.2340
1,30,4.8800,244,0,30,2.064559,0.793563,29.2289
1,30,4.9000,245,0,30,2.062076,0.801048,29.2232
1,30,4.9200,246,0,30,2.054043,0.815972,29.2171
1,30,4.9400,247,0,30,2.061451,0.827911,29.2109
1,30,4.9600,248,0,30,2.076661,0.837997,29.2045
1,30,4.9800,249,0,30,2.088663,0.853529,29.1972
1,30,5.0000,250,0,30,2.083704,0.868089,29.1895
1,30,5.0200,251,0,30,2.137098,0.874556,29.1823
1,30,5.0400,252,0,30,2.197436,0.881514,29.1747
1,30,5.0600,253,0,30,2.227109,0.885434,29.1666
1,30,5.0800,254,0,30,2.275369,0.892550,29.1586
1,30,5.1000,255,0,30,2.300994,0.906030,29.1505
1,30,5.1200,256,0,30,2.281622,0.922877,29.1418
1,30,5.1400,257,0,30,2.271026,0.937233,29.1331
1,30,5.1600,258,0,30,2.276825,0.947642,29.1247
1,30,5.1800,259,0,30,2.264325,0.959397,29.1164
1,30,5.2000,260,0,30,2.263672,0.972402,29.1087
1,30,5.2200,261,0,30,2.305592,0.986094,29.1016
1,30,5.2400,262,0,30,2.374434,0.998722,29.0952
1,30,5.2600,263,0,30,2.464562,1.012251,29.0890
1,30,5.2800,264,0,30,2.525208,1.025849,29.0826
1,30,5.3000,265,0,30,2.612411,1.041391,29.0761
1,30,5.3200,266,0,30,2.675822,1.058331,29.0694
1,30,5.3400,267,0,30,2.733923,1.073571,29.0625
1,30,5.3600,268,0,30,2.762813,1.086581,29.0554
1,30,5.3800,269,0,30,2.798773,1.095309,29.0481
1,30,5.4000,270,0,30,2.841379,1.109676,29.0406
1,30,5.4200,271,0,30,2.878248,1.120668,29.0334
1,30,5.4400,272,0,30,2.908516,1.131619,29.0261
1,30,5.4600,273,0,30,2.946359,1.142706,29.0179
1,30,5.4800,274,0,30,2.942874,1.157275,29.0088
1,30,5.5000,275,0,30,2.902698,1.173304,28.9993
1,30,5.5200,276,0,30,2.895880,1.188612,28.9896
1,30,5.5400,277,0,30,2.928493,1.203610,28.9795
1,30,5.5600,278,0,30,2.977353,1.218782,28.9687
1,30,5.5800,279,0,30,3.002479,1.228294,28.9577
1,30,5.6000,280,0,30,3.039781,1.241193,28.9464
1,30,5.6200,281,0,30,3.062992,1.254586,28.9346
1,30,5.6400,282,0,30,3.112422,1.270108,28.9226
1,30,5.6600,283,0,30,3.145463,1.285858,28.9101
1,30,5.6800,284,0,30,3.144588,1.304478,28.8966
1,30,5.7000,285,0,30,3.133711,1.324263,28.8823
1,30,5.7200,286,0,30,3.150642,1.344625,28.8679
1,30,5.7400,287,0,30,3.211406,1.359291,28.8532
1,30,5.7600,288,0,30,3.290692,1.377612,28.8383
1,30,5.7800,289,0,30,3.386798,1.401017,28.8235
1,30,5.8000,290,0,30,3.497357,1.424443,28.8086
1,30,5.8200,291,0,30,3.610055,1.451022,28.7930
1,30,5.8400,292,0,30,3.710104,1.478454,28.7769
1,30,5.8600,293,0,30,3.776790,1.505165,28.7603
1,30,5.8800,294,0,30,3.826777,1.536519,28.7431
1,30,5.9000,295,0,30,3.906327,1.572790,28.7249
1,30,5.9200,296,0,30,3.950704,1.602034,28.7062
1,30,5.9400,297,0,30,4.007600,1.629713,28.6872
1,30,5.9600,298,0,30,4.135004,1.656204,28.6678
1,30,5.9800,299,0,30,4.255307,1.680946,28.6478
1,30,6.0000,300,0,30,4.349654,1.711928,28.6270
1,30,6.0200,301,0,30,4.452193,1.744589,28.6051
1,30,6.0400,302,0,30,4.550169,1.773031,28.5817
1,30,6.0600,303,0,30,4.601251,1.800346,28.5564
1,30,6.0800,304,0,30,4.687516,1.830085,28.5294
1,30,6.1000,305,0,30,4.783669,1.854205,28.5007
1,30,6.1200,306,0,30,4.897886,1.881324,28.4702
1,30,6.1400,307,0,30,5.000575,1.913081,28.4381
1,30,6.1600,308,0,30,5.071235,1.940492,28.4046
1,30,6.1800,309,0,30,5.132714,1.964898,28.3691
1,30,6.2000,310,0,30,5.188146,1.998114,28.3318
1,30,6.2200,311,0,30,5.254654,2.036913,28.2929
1,30,6.2400,312,0,30,5.311607,2.082945,28.2528
1,30,6.2600,313,0,30,5.354569,2.130242,28.2106
1,30,6.2800,314,0,30,5.417906,2.183377,28.1663
1,30,6.3000,315,0,30,5.502379,2.237528,28.1201
1,30,6.3200,316,0,30,5.578063,2.292454,28.0717
1,30,6.3400,317,0,30,5.636129,2.350892,28.0215
1,30,6.3600,318,0,30,5.681145,2.409274,27.9696
1,30,6.3800,319,0,30,5.731521,2.465786,27.9168
1,30,6.4000,320,0,30,5.805874,2.530187,27.8630
1,30,6.4200,321,0,30,5.895263,2.602309,27.8077
1,30,6.4400,322,0,30,6.025644,2.668152,27.7515
1,30,6.4600,323,0,30,6.142548,2.736296,27.6945
1,30,6.4800,324,0,30,6.245220,2.803826,27.6361
1,30,6.5000,325,0,30,6.372991,2.877756,27.5758
1,30,6.5200,326,0,30,6.486682,2.958141,27.5130
1,30,6.5400,327,0,30,6.614199,3.039685,27.4486
1,30,6.5600,328,0,30,6.770177,3.119601,27.3819
1,30,6.5800,329,0,30,6.906280,3.197534,27.3121
1,30,6.6000,330,0,30,6.999146,3.269474,27.2389
1,30,6.6200,331,0,30,7.103493,3.345721,27.1620
1,30,6.6400,332,0,30,7.211669,3.425583,27.0811
1,30,6.6600,333,0,30,7.323504,3.507394,26.9963
1,30,6.6800,334,0,30,7.438834,3.590526,26.9075
1,30,6.7000,335,0,30,7.557498,3.676404,26.8149
1,30,6.7200,336,0,30,7.679342,3.771089,26.7183
1,30,6.7400,337,0,30,7.804217,3.871291,26.6178
1,30,6.7600,338,0,30,7.931979,3.974355,26.5133
1,30,6.7800,339,0,30,8.062491,4.075541,26.4050
1,30,6.8000,340,0,30,8.195623,4.181324,26.2927
1,30,6.8200,341,0,30,8.331248,4.292882,26.1765
1,30,6.8400,342,0,30,8.469247,4.406154,26.0564
1,30,6.8600,343,0,30,8.609506,4.516569,25.9323
1,30,6.8800,344,0,30,8.751915,4.632426,25.8043
1,30,6.9000,345,0,30,8.896372,4.748878,25.6724
1,30,6.9200,346,0,30,9.042778,4.864862,25.5366
1,30,6.9400,347,0,30,9.191040,4.983994,25.3969
1,30,6.9600,348,0,30,9.341070,5.101380,25.2532
1,30,6.9800,349,0,30,9.492785,5.221765,25.1056
1,30,7.0000,350,0,30,9.646104,5.346764,24.9541
1,30,7.0200,351,0,30,9.800953,5.474123,24.7986
1,30,7.0400,352,0,30,9.957259,5.600161,24.6393
1,30,7.0600,353,0,30,10.114960,5.727450,24.4760
1,30,7.0800,354,0,30,10.273980,5.853118,24.3087
1,30,7.1000,355,0,30,10.434270,5.981364,24.1376
1,30,7.1200,356,0,30,10.595770,6.110804,23.9625
1,30,7.1400,357,0,30,10.758420,6.240815,23.7835
1,30,7.1600,358,0,30,10.922170,6.371374,23.6006
1,30,7.1800,359,0,30,11.086980,6.505124,23.4138
1,30,7.2000,360,0,30,11.252790,6.642045,23.2230
1,30,7.2200,361,0,30,11.419570,6.779496,23.0284
1,30,7.2400,362,0,30,11.587270,6.918883,22.8297
1,30,7.2600,363,0,30,11.755850,7.060507,22.6272
1,30,7.2800,364,0,30,11.925280,7.202212,22.4207
1,30,7.3000,365,0,30,12.095510,7.342256,22.2104
1,30,7.3200,366,0,30,12.266530,7.482844,21.9961
1,30,7.3400,367,0,30,12.438280,7.628694,21.7778
1,30,7.3600,368,0,30,12.610750,7.770903,21.5557
1,30,7.3800,369,0,30,12.783900,7.912490,21.3296
1,30,7.4000,370,0,30,12.957710,8.058115,21.0996
1,30,7.4200,371,0,30,13.132150,8.201473,20.8657
1,30,7.4400,372,0,30,13.307200,8.346731,20.6278
1,30,7.4600,373,0,30,13.482830,8.493086,20.3860
1,30,7.4800,374,0,30,13.659020,8.642366,20.1403
1,30,7.5000,375,0,30,13.835750,8.789877,19.8907
1,30,7.5200,376,0,30,14.012990,8.939571,19.6372
1,30,7.5400,377,0,30,14.190740,9.091070,19.3797
1,30,7.5600,378,0,30,14.368960,9.241083,19.1183
1,30,7.5800,379,0,30,14.547650,9.393293,18.8530
1,30,7.6000,380,0,30,14.726780,9.547333,18.5838
1,30,7.6200,381,0,30,14.906350,9.700942,18.3106
1,30,7.6400,382,0,30,15.086330,9.854863,18.0335
1,30,7.6600,383,0,30,15.266700,10.008920,17.7525
1,30,7.6800,384,0,30,15.447470,10.163380,17.4676
1,30,7.7000,385,0,30,15.628600,10.317130,17.1787
1,30,7.7200,386,0,30,15.810100,10.471050,16.8859
1,30,7.7400,387,0,30,15.991940,10.627680,16.5892
1,30,7.7600,388,0,30,16.174120,10.786090,16.2886
1,30,7.7800,389,0,30,16.356620,10.939530,15.9840
1,30,7.8000,390,0,30,16.539440,11.081980,15.6755
1,30,7.8200,391,0,30,16.722560,11.249340,15.3631
1,30,7.8400,392,0,30,16.905970,11.404450,15.0468
1,30,7.8600,393,0,30,17.089670,11.569740,14.7265
1,30,7.8800,394,0,30,17.273640,11.736570,14.4024
1,30,7.9000,395,0,30,17.457870,11.905820,14.0743
1,30,7.9200,396,0,30,17.642370,12.057410,13.7422
1,30,7.9400,397,0,30,17.827120,12.222160,13.4063
1,30,7.9600,398,0,30,18.012100,12.393910,13.0664
1,30,7.9800,399,0,30,18.197320,12.524940,12.7226
1,30,8.0000,400,0,30,18.382780,12.628760,12.3749
1,30,8.0200,401,0,30,18.568450,12.769450,12.0232
1,30,8.0400,402,0,30,18.754330,12.904340,11.6677
1,30,8.0600,403,0,30,18.940430,13.074780,11.3082
1,30,8.0800,404,0,30,19.126720,13.245850,10.9448
1,30,8.1000,405,0,30,19.313210,13.424740,10.5774
1,30,8.1200,406,0,30,19.499900,12.521740,10.2061
1,30,8.1400,407,0,30,19.686760,12.277380,9.8310
1,30,8.1600,408,0,30,19.873810,12.013080,9.4518
1,30,8.1800,409,0,30,20.061030,12.154760,9.0688
1,30,8.2000,410,0,30,20.248420,11.222690,8.6818
1,30,8.2200,411,0,30,20.435980,10.424780,8.2910
1,30,8.2400,412,0,30,20.623700,10.435900,7.8961
1,30,8.2600,413,0,30,20.811570,10.063660,7.4974
1,30,8.2800,414,0,30,20.999600,9.767912,7.0948
1,30,8.3000,415,0,30,21.187780,9.467209,6.6882
1,30,8.3200,416,0,30,22.862380,9.119344,6.2777
1,30,8.3400,417,0,30,24.082330,8.925742,5.8632
1,30,8.3600,418,0,30,25.242690,8.474856,5.4449
1,30,8.3800,419,0,30,23.320710,8.376255,5.0226
1,30,8.4000,420,0,30,25.669780,7.179583,4.5964
1,30,8.4200,421,0,30,25.059750,6.903483,4.1663
1,30,8.4400,422,0,30,24.279730,6.416382,3.7322
1,30,8.4600,423,0,30,26.768930,5.954101,3.5398
1,30,8.4800,424,0,30,26.989480,5.305155,3.3441
1,30,8.5000,425,0,30,27.072080,5.293801,3.1228
1,30,8.5200,426,0,30,27.155840,5.195969,2.8894
1,30,8.5400,427,0,30,27.240760,5.064791,2.6520
1,30,8.5600,428,0,30,27.326820,4.786511,2.4107
1,30,8.5800,429,0,30,27.414010,4.579077,2.1987
1,30,8.6000,430,0,30,27.502330,4.546385,2.1827
1,30,8.6200,431,0,30,27.591760,4.188619,2.1628
1,30,8.6400,432,0,30,27.682300,4.162112,2.1390
1,30,8.6600,433,0,30,27.773920,3.749393,2.1113
1,30,8.6800,434,0,30,27.866620,3.665915,2.0797
1,30,8.7000,435,0,30,27.960400,3.655768,2.0441
1,30,8.7200,436,1,29,15.966150,3.205485,2.0046
1,30,8.7400,437,1,29,15.910860,3.204916,1.9612
1,30,8.7600,438,1,29,15.857800,3.179967,1.9138
1,30,8.7800,439,1,29,15.806990,3.157130,1.8839
1,30,8.8000,440,1,29,15.758470,3.160214,1.8611
1,30,8.8200,441,1,29,15.712240,3.119906,1.8344
1,30,8.8400,442,1,29,15.668340,3.038237,1.8038
1,30,8.8600,443,1,29,15.626780,3.062055,1.7692
1,30,8.8800,444,1,29,15.587570,3.056523,1.7334
1,30,8.9000,445,1,29,15.550750,3.058340,1.6956
1,30,8.9200,446,1,29,15.516310,2.984560,1.7748
1,30,8.9400,447,1,29,15.484290,2.912322,1.8689
1,30,8.9600,448,2,28,15.454690,2.924124,1.9590
1,30,8.9800,449,2,28,15.427530,2.930874,2.0453
1,30,9.0000,450,2,28,15.402820,2.947709,2.1276
1,30,9.0200,451,2,28,15.380570,2.947765,2.2060
1,30,9.0400,452,2,28,15.360800,2.779054,2.2804
1,30,9.0600,453,2,28,15.343510,2.725647,2.3510
1,30,9.0800,454,2,28,15.328710,2.673728,2.4176
1,30,9.1000,455,2,28,15.316420,2.674335,2.4803
1,30,9.1200,456,2,28,15.306620,2.667387,2.5390
1,30,9.1400,457,2,28,15.299340,2.650533,2.5939
1,30,9.1600,458,2,28,15.294570,2.665843,2.6448
1,30,9.1800,459,2,28,15.292320,2.662214,2.6918
1,30,9.2000,460,2,28,15.292580,2.670005,2.7348
1,30,9.2200,461,3,27,15.295360,2.317642,2.7430
1,30,9.2400,462,3,27,15.300660,2.241085,2.7629
1,30,9.2600,463,3,27,15.308470,2.221553,2.7844
1,30,9.2800,464,4,26,15.318790,2.182346,2.8060
1,30,9.3000,465,4,26,15.331610,1.937257,2.8237
1,30,9.3200,466,4,26,15.346930,1.910780,2.8375
1,30,9.3400,467,4,26,15.364740,1.905521,2.8474
1,30,9.3600,468,4,26,10.462270,1.584172,2.8533
1,30,9.3800,469,5,25,10.516740,1.577730,2.8553
1,30,9.4000,470,5,25,10.574570,1.565407,2.8534
1,30,9.4200,471,5,25,10.635710,1.551177,2.8476
1,30,9.4400,472,5,25,10.700090,1.502685,2.8378
1,30,9.4600,473,5,25,10.767660,1.461999,2.8241
1,30,9.4800,474,7,23,10.479130,1.464123,2.8065
1,30,9.5000,475,8,22,10.495910,1.463420,2.7850
1,30,9.5200,476,9,21,10.516330,1.474316,2.7595
1,30,9.5400,477,9,21,10.009300,1.399714,2.7302
1,30,9.5600,478,9,21,10.095470,1.428476,2.6969
1,30,9.5800,479,10,20,9.688706,1.381022,2.6596
1,30,9.6000,480,10,20,9.705544,1.375261,2.6185
1,30,9.6200,481,10,20,9.726310,1.362541,2.5734
1,30,9.6400,482,10,20,9.750980,1.348487,2.5244
1,30,9.6600,483,10,20,8.823520,1.299494,2.4715
1,30,9.6800,484,10,20,8.777143,1.301409,2.4147
1,30,9.7000,485,11,19,8.734929,1.305392,2.3539
1,30,9.7200,486,11,19,8.696938,1.315485,2.2892
1,30,9.7400,487,11,19,8.663223,1.299044,2.2206
1,30,9.7600,488,11,19,8.633837,1.299899,2.1480
1,30,9.7800,489,12,18,8.608823,1.256257,2.0716
1,30,9.8000,490,13,17,8.588220,1.247755,1.9912
1,30,9.8200,491,13,17,8.572059,1.263682,1.9069
1,30,9.8400,492,13,17,8.560366,1.280128,1.8186
1,30,9.8600,493,13,17,8.553902,1.244740,1.7265
1,30,9.8800,494,13,17,8.560243,1.257635,1.6304
1,30,9.9000,495,13,17,8.571071,1.228854,1.5304
1,30,9.9200,496,14,16,8.586369,1.043898,1.4265
1,30,9.9400,497,14,16,8.606114,1.053244,1.3186
1,30,9.9600,498,14,16,8.630277,1.072016,1.2068
1,30,9.9800,499,14,16,8.658817,1.087535,1.1343
1,30,10.0000,500,14,16,8.691695,1.116212,1.0866
1,30,10.0200,501,16,14,8.728860,1.100024,1.0550
1,30,10.0400,502,16,14,8.506235,1.112961,1.0164
1,30,10.0600,503,16,14,8.507285,0.879274,0.9739
1,30,10.0800,504,17,13,8.512859,0.825853,0.9275
1,30,10.1000,505,17,13,8.522946,0.824020,0.8772
1,30,10.1200,506,17,13,8.537532,0.796888,0.8229
1,30,10.1400,507,19,11,8.556593,0.783438,0.7647
1,30,10.1600,508,19,11,7.717629,0.697947,0.7702
1,30,10.1800,509,19,11,7.655833,0.617344,0.8167
1,30,10.2000,510,19,11,7.598601,0.615354,0.8592
1,30,10.2200,511,19,11,7.546038,0.606414,0.8978
1,30,10.2400,512,19,11,7.498241,0.569474,0.9325
1,30,10.2600,513,19,11,7.455303,0.529309,0.9633
1,30,10.2800,514,19,11,7.417308,0.514009,0.9901
1,30,10.3001,515,20,10,7.384332,0.505184,1.0130
1,30,10.3201,516,20,10,7.356443,0.498661,1.0320
1,30,10.3401,517,20,10,7.333698,0.494727,1.0471
1,30,10.3601,518,20,10,7.316146,0.492572,1.0582
1,30,10.3801,519,21,9,7.303825,0.492224,1.0655
1,30,10.4001,520,22,8,7.296760,0.499298,1.0688
1,30,10.4201,521,22,8,7.294967,0.501941,1.0681
1,30,10.4401,522,22,8,7.298450,0.507582,1.0636
1,30,10.4601,523,22,8,7.307200,0.484729,1.0551
1,30,10.4801,524,22,8,7.321201,0.490659,1.0427
1,30,10.5001,525,22,8,7.340420,0.478606,1.0264
1,30,10.5201,526,22,8,7.364819,0.483767,1.0061
1,30,10.5401,527,22,8,7.394344,0.487994,0.9820
1,30,10.5601,528,22,8,7.428935,0.469811,0.9539
1,30,10.5801,529,22,8,7.468522,0.472120,0.9218
1,30,10.6001,530,22,8,7.513026,0.475997,0.8859
1,30,10.6201,531,22,8,7.562359,0.485868,0.8460
1,30,10.6401,532,22,8,7.616429,0.473882,0.8022
1,30,10.6601,533,22,8,7.675135,0.474049,0.7545
1,30,10.6801,534,22,8,7.738371,0.479332,0.7139
1,30,10.7001,535,22,8,7.806027,0.480372,0.7072
1,30,10.7201,536,22,8,7.877990,0.487292,0.7071
1,30,10.7401,537,23,7,5.224250,0.403966,0.7068
1,30,10.7601,538,23,7,5.516749,0.409936,0.7063
1,30,10.7801,539,23,7,5.433341,0.413210,0.7358
1,30,10.8001,540,23,7,5.353947,0.417287,0.7775
1,30,10.8201,541,23,7,5.280653,0.415945,0.8153
1,30,10.8401,542,23,7,5.213716,0.326576,0.8491
1,30,10.8601,543,23,7,5.153383,0.317039,0.8791
1,30,10.8801,544,23,7,5.099889,0.265705,0.9051
1,30,10.9001,545,23,7,5.053451,0.252781,0.9271
1,30,10.9201,546,23,7,5.014266,0.242374,0.9453
1,30,10.9401,547,23,7,4.982503,0.232249,0.9595
1,30,10.9601,548,23,7,4.958307,0.223849,0.9698
1,30,10.9801,549,23,7,4.941787,0.216330,0.9762
1,30,11.0001,550,24,6,4.933022,0.208341,0.9786
1,30,11.0201,551,24,6,4.932052,0.200488,0.9771
1,30,11.0401,552,24,6,4.938883,0.199084,0.9717
1,30,11.0601,553,24,6,4.953481,0.201353,0.9624
1,30,11.0801,554,24,6,2.321145,0.114491,0.9802
1,30,11.1001,555,24,6,2.264724,0.116943,0.9914
1,30,11.1201,556,24,6,2.224235,0.124765,0.9987
1,30,11.1401,557,24,6,2.200558,0.118285,1.0021
1,30,11.1601,558,24,6,2.194238,0.129100,1.0016
1,30,11.1801,559,24,6,2.205424,0.134956,0.9971
1,30,11.2001,560,24,6,2.233853,0.131906,0.9887
1,30,11.2201,561,24,6,2.278879,0.107231,0.9764
1,30,11.2401,562,24,6,2.339545,0.108152,0.9601
1,30,11.2601,563,24,6,2.414671,0.114680,0.9400
1,30,11.2801,564,24,6,2.502957,0.118527,0.9159
1,30,11.3001,565,24,6,2.603064,0.093525,0.8879
1,30,11.3201,566,24,6,2.713683,0.093757,0.8559
1,30,11.3401,567,24,6,2.833585,0.096238,0.8201
1,30,11.3601,568,24,6,2.223729,0.077845,0.8211
1,30,11.3801,569,24,6,2.227367,0.075343,0.8177
1,30,11.4001,570,24,6,2.240326,0.075302,0.8117
1,30,11.4201,571,24,6,2.264527,0.076010,0.8030
1,30,11.4401,572,24,6,2.294441,0.077023,0.7916
1,30,11.4601,573,25,5,2.338074,0.078407,0.7774
1,30,11.4801,574,25,5,2.385833,0.080001,0.7602
1,30,11.5001,575,26,4,2.444311,0.081869,0.7399
1,30,11.5201,576,26,4,2.513253,0.084167,0.7164
1,30,11.5401,577,27,3,2.597094,0.086893,0.6904
1,30,11.5601,578,27,3,2.686693,0.089879,0.6904
1,30,11.5801,579,29,1,2.785319,0.092844,0.6904
1,30,11.6001,580,29,1,2.876142,0.095871,0.6904
1,30,11.6201,581,29,1,3.004859,0.100162,0.6904
1,30,11.6401,582,29,1,2.762386,0.092080,0.6904
1,30,11.6601,583,29,1,0.867944,0.028931,0.6904
1,30,11.6801,584,29,1,0.761352,0.025378,0.6904
1,30,11.7001,585,29,1,0.635070,0.021169,0.6904
1,30,11.7201,586,29,1,0.511003,0.017033,0.6904
1,30,11.7401,587,29,1,0.403886,0.013463,0.6904
1,30,11.7601,588,29,1,0.313105,0.010437,0.6904
1,30,11.7801,589,29,1,0.253630,0.008454,0.6904
1,30,11.8001,590,29,1,0.179232,0.005974,0.6904
1,30,11.8201,591,29,1,0.213781,0.007126,0.6904
1,30,11.8401,592,29,1,0.241623,0.008054,0.6904
1,30,11.8601,593,29,1,0.168092,0.005603,0.6904
1,30,11.8801,594,29,1,0.289308,0.009644,0.6904
1,30,11.9001,595,29,1,0.386391,0.012880,0.6904
1,30,11.9201,596,29,1,0.484693,0.016156,0.6904
1,30,11.9401,597,29,1,0.583856,0.019462,0.6904
1,30,11.9601,598,29,1,0.683919,0.022797,0.6904
1,30,11.9801,599,29,1,0.336656,0.011222,0.6904
1,30,12.0001,600,29,1,0.239355,0.007978,0.6904
1,30,12.0201,601,29,1,0.145287,0.004843,0.6904
1,30,12.0401,602,29,1,0.035607,0.001187,0.6904
1,30,12.0601,603,29,1,0.067672,0.002256,0.6904
1,30,12.0801,604,29,1,0.169363,0.005645,0.6904
1,30,12.1001,605,29,1,0.272205,0.009074,0.6904
1,30,12.1201,606,29,1,0.047084,0.001569,0.6904
1,30,12.1401,607,29,1,0.018777,0.000626,0.6904
1,30,12.1601,608,29,1,0.004396,0.000147,0.6904
1,30,12.1801,609,29,1,0.003123,0.000104,0.6904
1,30,12.2001,610,29,1,0.001916,0.000064,0.6904
1,30,12.2201,611,29,1,0.002266,0.000076,0.6904
1,30,12.2401,612,29,1,0.002088,0.000070,0.6904
1,30,12.2601,613,29,1,0.002229,0.000074,0.6904
1,30,12.2801,614,29,1,0.002177,0.000073,0.6904
1,30,12.3001,615,29,1,0.002120,0.000071,0.6904
1,30,12.3201,616,29,1,0.002255,0.000075,0.6904
1,30,12.3401,617,29,1,0.002183,0.000073,0.6904
1,30,12.3601,618,29,1,0.002118,0.000071,0.6904
1,30,12.3801,619,29,1,0.002255,0.000075,0.6904
1,30,12.4001,620,29,1,0.002175,0.000073,0.6904
1,30,12.4201,621,30,0,0.000000,0.000000,0.6904
