run,t_s,phys_frame,asleep,active_objs,max_v,mean_v,top_y
1,0.0030,1,0,0,0.000000,0.000000,9.6900
1,0.0180,2,0,0,0.196000,0.196000,9.6861
1,0.0220,3,0,0,0.391608,0.382846,9.6782
1,0.0420,4,0,0,0.586825,0.528163,9.6665
1,0.0720,5,0,0,0.781651,0.658304,9.6509
1,0.0920,6,0,0,0.976088,0.743397,9.6314
1,0.1120,7,0,0,1.170136,0.786815,9.6080
1,0.1320,8,0,0,1.363795,0.780812,9.5807
1,0.1520,9,0,0,1.557068,0.739483,9.5495
1,0.1720,10,0,0,1.749954,0.645365,9.5145
1,0.1920,11,0,0,1.942454,0.492860,9.4757
1,0.2120,12,0,0,0.550100,0.294549,9.4647
1,0.2320,13,0,0,0.091557,0.057161,9.4643
1,0.2520,14,0,0,0.285133,0.179689,9.4700
1,0.2720,15,0,0,0.473568,0.319132,9.4794
1,0.2920,16,0,0,0.513034,0.362006,9.4896
1,0.3120,17,0,0,0.434239,0.315039,9.4982
1,0.3320,18,0,0,0.295605,0.202913,9.5037
1,0.3530,19,0,0,0.115807,0.072722,9.5057
1,0.3720,20,0,0,0.119215,0.092833,9.5038
1,0.3920,21,0,0,0.289289,0.185208,9.4981
1,0.4120,22,0,0,0.401899,0.234923,9.4902
1,0.4320,23,0,0,0.393785,0.240201,9.4826
1,0.4520,24,0,0,0.332619,0.218848,9.4762
1,0.4720,25,0,0,0.266564,0.181969,9.4713
1,0.4920,26,0,0,0.182169,0.136930,9.4685
1,0.5130,27,0,0,0.182526,0.110970,9.4681
1,0.5320,28,0,0,0.184440,0.118536,9.4689
1,0.5520,29,0,0,0.180928,0.124153,9.4706
1,0.5720,30,0,0,0.163150,0.118294,9.4726
1,0.5920,31,0,0,0.130528,0.099138,9.4745
1,0.6120,32,0,0,0.086146,0.069635,9.4761
1,0.6320,33,0,0,0.046229,0.028527,9.4767
1,0.6520,34,0,0,0.061094,0.040694,9.4763
1,0.6720,35,0,0,0.133613,0.077344,9.4750
1,0.6930,36,0,0,0.177035,0.103818,9.4733
1,0.7120,37,0,0,0.195911,0.113044,9.4715
1,0.7320,38,0,0,0.192143,0.110300,9.4701
1,0.7520,39,0,0,0.174193,0.098577,9.4692
1,0.7720,40,0,0,0.151844,0.081499,9.4688
1,0.7920,41,0,0,0.120757,0.061441,9.4687
1,0.8120,42,0,0,0.090075,0.042426,9.4690
1,0.8320,43,0,0,0.069244,0.028013,9.4695
1,0.8530,44,0,0,0.064858,0.030501,9.4700
1,0.8720,45,0,0,0.073660,0.042790,9.4704
1,0.8920,46,0,0,0.086259,0.054065,9.4708
1,0.9120,47,0,0,0.096904,0.062405,9.4710
1,0.9340,48,0,0,0.103613,0.067220,9.4711
1,0.9520,49,0,0,0.105992,0.068418,9.4710
1,0.9720,50,0,0,0.104546,0.066320,9.4708
1,0.9920,51,0,0,0.100676,0.061729,9.4706
1,1.0130,52,0,0,0.096569,0.055889,9.4704
1,1.0320,53,0,0,0.094678,0.050466,9.4703
1,1.0520,54,0,0,0.096677,0.047582,9.4702
1,1.0720,55,0,0,0.102545,0.049226,9.4702
1,1.0920,56,0,0,0.110815,0.054260,9.4702
1,1.1120,57,0,0,0.119648,0.059922,9.4703
1,1.1320,58,0,0,0.127638,0.064596,9.4703
1,1.1520,59,0,0,0.134071,0.067565,9.4704
1,1.1720,60,0,0,0.138844,0.068650,9.4704
1,1.1920,61,0,0,0.142303,0.068032,9.4703
1,1.2120,62,0,0,0.145029,0.066147,9.4703
1,1.2320,63,0,0,0.147659,0.063631,9.4701
1,1.2520,64,0,0,0.150649,0.061299,9.4700
1,1.2720,65,0,0,0.154167,0.060192,9.4699
1,1.2920,66,0,0,0.158057,0.061369,9.4698
1,1.3120,67,0,0,0.161934,0.064151,9.4697
1,1.3320,68,0,0,0.165330,0.067104,9.4696
1,1.3530,69,0,0,0.167840,0.069509,9.4696
1,1.3720,70,0,0,0.169229,0.071068,9.4695
1,1.3920,71,0,0,0.169477,0.071786,9.4695
1,1.4120,72,0,0,0.172417,0.074057,9.4687
1,1.4320,73,0,0,0.188286,0.089300,9.4674
1,1.4520,74,0,0,0.209311,0.100024,9.4659
1,1.4720,75,0,0,0.229669,0.101887,9.4645
1,1.4920,76,0,0,0.246798,0.099286,9.4633
1,1.5130,77,0,0,0.269223,0.108494,9.4621
1,1.5320,78,0,0,0.274745,0.117412,9.4610
1,1.5520,79,0,0,0.262382,0.121585,9.4603
1,1.5720,80,0,0,0.246348,0.118639,9.4597
1,1.5920,81,0,0,0.215822,0.112225,9.4593
1,1.6120,82,0,0,0.174752,0.105565,9.4591
1,1.6320,83,0,0,0.146351,0.100128,9.4590
1,1.6520,84,0,0,0.152818,0.097035,9.4591
1,1.6720,85,0,0,0.156179,0.097010,9.4592
1,1.6920,86,0,0,0.156398,0.100093,9.4594
1,1.7120,87,0,0,0.159413,0.104360,9.4596
1,1.7320,88,0,0,0.159500,0.107470,9.4598
1,1.7520,89,0,0,0.156240,0.107988,9.4598
1,1.7720,90,0,0,0.149230,0.105677,9.4599
1,1.7920,91,0,0,0.138101,0.100956,9.4599
1,1.8120,92,0,0,0.133470,0.094607,9.4598
1,1.8320,93,0,0,0.151053,0.087543,9.4598
1,1.8520,94,0,0,0.171180,0.080686,9.4598
1,1.8720,95,0,0,0.192496,0.075035,9.4598
1,1.8920,96,0,0,0.213010,0.071637,9.4598
1,1.9120,97,0,0,0.230723,0.070951,9.4599
1,1.9320,98,0,0,0.244040,0.072012,9.4599
1,1.9520,99,0,0,0.251974,0.073142,9.4598
1,1.9720,100,0,0,0.254158,0.073078,9.4598
1,1.9920,101,0,0,0.250762,0.071654,9.4597
1,2.0130,102,0,0,0.242374,0.069902,9.4595
1,2.0320,103,0,0,0.229943,0.068063,9.4593
1,2.0520,104,0,0,0.214713,0.068665,9.4592
1,2.0720,105,0,0,0.198040,0.072784,9.4590
1,2.0920,106,0,0,0.181298,0.078988,9.4589
1,2.1120,107,0,0,0.165766,0.085370,9.4587
1,2.1320,108,0,0,0.152514,0.091021,9.4587
1,2.1520,109,0,0,0.142301,0.095447,9.4586
1,2.1720,110,0,0,0.136838,0.098344,9.4586
1,2.1930,111,0,0,0.138634,0.099570,9.4587
1,2.2120,112,0,0,0.138330,0.099152,9.4587
1,2.2320,113,0,0,0.137871,0.097285,9.4588
1,2.2520,114,0,0,0.142508,0.094314,9.4588
1,2.2720,115,0,0,0.151426,0.090697,9.4588
1,2.2920,116,0,0,0.162017,0.086977,9.4588
1,2.3120,117,0,0,0.173334,0.083747,9.4588
1,2.3320,118,0,0,0.184368,0.081560,9.4588
1,2.3530,119,0,0,0.194191,0.080660,9.4588
1,2.3720,120,0,0,0.202049,0.080715,9.4587
1,2.3920,121,0,0,0.207446,0.081059,9.4586
1,2.4120,122,0,0,0.210165,0.081119,9.4585
1,2.4320,123,0,0,0.210305,0.080608,9.4584
1,2.4520,124,0,0,0.208219,0.079530,9.4583
1,2.4720,125,0,0,0.204490,0.078145,9.4583
1,2.4920,126,0,0,0.199812,0.076909,9.4582
1,2.5130,127,0,0,0.194924,0.076371,9.4581
1,2.5320,128,0,0,0.190496,0.076925,9.4580
1,2.5520,129,0,0,0.186948,0.078376,9.4580
1,2.5720,130,0,0,0.184424,0.080152,9.4580
1,2.5920,131,0,0,0.182866,0.081792,9.4580
1,2.6120,132,0,0,0.182046,0.082988,9.4580
1,2.6320,133,0,0,0.181657,0.083559,9.4580
1,2.6520,134,0,0,0.181422,0.083449,9.4580
1,2.6720,135,0,0,0.181125,0.082720,9.4580
1,2.6920,136,0,0,0.180639,0.081542,9.4581
1,2.7120,137,0,0,0.179936,0.080167,9.4581
1,2.7320,138,0,0,0.179046,0.078910,9.4581
1,2.7520,139,0,0,0.178041,0.078060,9.4581
1,2.7720,140,0,0,0.177003,0.077805,9.4581
1,2.7920,141,0,0,0.175963,0.078116,9.4581
1,2.8120,142,0,0,0.174960,0.078793,9.4581
1,2.8320,143,0,0,0.174063,0.079591,9.4581
1,2.8530,144,0,0,0.173378,0.080300,9.4581
1,2.8720,145,0,0,0.173075,0.080782,9.4581
1,2.8920,146,0,0,0.173283,0.080976,9.4581
1,2.9120,147,0,0,0.176821,0.085548,9.4578
1,2.9320,148,0,0,0.177826,0.087282,9.4575
1,2.9520,149,0,0,0.173090,0.086095,9.4571
1,2.9720,150,0,0,0.165331,0.083310,9.4568
1,2.9920,151,0,0,0.158255,0.080005,9.4566
1,3.0120,152,0,0,0.154559,0.077123,9.4566
1,3.0320,153,0,0,0.155111,0.075224,9.4566
1,3.0520,154,0,0,0.159095,0.074082,9.4569
1,3.0720,155,0,0,0.164795,0.073015,9.4571
1,3.0920,156,0,0,0.170533,0.071723,9.4574
1,3.1120,157,0,0,0.175211,0.070282,9.4577
1,3.1320,158,0,0,0.178417,0.068959,9.4579
1,3.1520,159,0,0,0.180268,0.068063,9.4580
1,3.1720,160,0,0,0.181099,0.067760,9.4580
1,3.1930,161,0,0,0.181243,0.068006,9.4580
1,3.2120,162,0,0,0.182811,0.074377,9.4577
1,3.2320,163,0,0,0.183519,0.078144,9.4573
1,3.2520,164,0,0,0.179457,0.078544,9.4569
1,3.2720,165,0,0,0.172162,0.077260,9.4565
1,3.2920,166,0,0,0.164339,0.075311,9.4562
1,3.3120,167,0,0,0.158592,0.073655,9.4561
1,3.3320,168,0,0,0.156018,0.073120,9.4562
1,3.3530,169,0,0,0.156330,0.073909,9.4564
1,3.3720,170,0,0,0.158533,0.075530,9.4567
1,3.3920,171,0,0,0.161175,0.077184,9.4571
1,3.4120,172,0,0,0.163284,0.078507,9.4575
1,3.4320,173,0,0,0.164722,0.079481,9.4577
1,3.4520,174,0,0,0.165986,0.080311,9.4579
1,3.4720,175,0,0,0.167744,0.081210,9.4580
1,3.4920,176,0,0,0.170440,0.082225,9.4579
1,3.5120,177,0,0,0.174216,0.083272,9.4578
1,3.5320,178,0,0,0.178988,0.084236,9.4577
1,3.5520,179,0,0,0.184511,0.085070,9.4576
1,3.5720,180,0,0,0.190462,0.085800,9.4576
1,3.5920,181,0,0,0.196490,0.086491,9.4576
1,3.6120,182,0,0,0.202275,0.087196,9.4576
1,3.6320,183,0,0,0.207578,0.087942,9.4577
1,3.6520,184,0,0,0.212267,0.088740,9.4579
1,3.6720,185,0,0,0.216297,0.089605,9.4580
1,3.6930,186,0,0,0.219711,0.090576,9.4581
1,3.7120,187,0,0,0.222591,0.091690,9.4582
1,3.7320,188,0,0,0.225026,0.092978,9.4583
1,3.7520,189,0,0,0.227100,0.094429,9.4583
1,3.7720,190,0,0,0.228892,0.095985,9.4584
1,3.7920,191,0,0,0.230459,0.097564,9.4584
1,3.8120,192,0,0,0.231845,0.099083,9.4584
1,3.8320,193,0,0,0.233076,0.100477,9.4584
1,3.8530,194,0,0,0.234172,0.101702,9.4584
1,3.8720,195,0,0,0.235146,0.102740,9.4585
1,3.8920,196,0,0,0.236010,0.103589,9.4585
1,3.9120,197,0,0,0.236781,0.104265,9.4585
1,3.9320,198,0,0,0.237478,0.104801,9.4585
1,3.9520,199,0,0,0.238124,0.105220,9.4585
1,3.9720,200,0,0,0.238739,0.105552,9.4585
1,3.9920,201,0,0,0.239332,0.105821,9.4585
1,4.0120,202,0,0,0.239921,0.106035,9.4585
1,4.0320,203,0,0,0.240511,0.106193,9.4585
1,4.0520,204,0,0,0.241104,0.106286,9.4585
1,4.0720,205,0,0,0.241698,0.106300,9.4585
1,4.0920,206,0,0,0.242308,0.106229,9.4584
1,4.1120,207,0,0,0.242937,0.106071,9.4584
1,4.1320,208,0,0,0.243575,0.105808,9.4584
1,4.1520,209,0,0,0.244218,0.105438,9.4583
1,4.1720,210,0,0,0.244845,0.104983,9.4583
1,4.1930,211,0,0,0.245441,0.104470,9.4583
1,4.2120,212,0,0,0.245994,0.103928,9.4582
1,4.2320,213,0,0,0.246481,0.103384,9.4582
1,4.2520,214,0,0,0.246866,0.102859,9.4581
1,4.2720,215,0,0,0.247101,0.102365,9.4581
1,4.2920,216,0,0,0.247118,0.101901,9.4580
1,4.3120,217,0,0,0.246868,0.101492,9.4579
1,4.3320,218,0,0,0.246340,0.101149,9.4578
1,4.3520,219,0,0,0.245533,0.100873,9.4578
1,4.3720,220,0,0,0.244462,0.100672,9.4577
1,4.3920,221,0,0,0.243149,0.100546,9.4576
1,4.4120,222,0,0,0.241643,0.100508,9.4575
1,4.4320,223,0,0,0.240013,0.100527,9.4574
1,4.4520,224,0,0,0.238340,0.100589,9.4573
1,4.4720,225,0,0,0.236703,0.100680,9.4572
1,4.4920,226,0,0,0.235185,0.100778,9.4571
1,4.5120,227,0,0,0.233855,0.100860,9.4570
1,4.5330,228,0,0,0.232779,0.100843,9.4569
1,4.5520,229,0,0,0.231973,0.100912,9.4569
1,4.5720,230,0,0,0.231376,0.101014,9.4568
1,4.5920,231,0,0,0.231028,0.101089,9.4567
1,4.6120,232,0,0,0.230982,0.101108,9.4566
1,4.6320,233,0,0,0.231245,0.101068,9.4566
1,4.6520,234,0,0,0.231788,0.100962,9.4565
1,4.6720,235,0,0,0.232567,0.100818,9.4564
1,4.6930,236,0,0,0.233518,0.100651,9.4563
1,4.7120,237,0,0,0.234546,0.100479,9.4562
1,4.7320,238,0,0,0.235564,0.100316,9.4561
1,4.7520,239,0,0,0.236492,0.100173,9.4560
1,4.7720,240,0,0,0.237260,0.100079,9.4558
1,4.7920,241,0,0,0.237816,0.100051,9.4557
1,4.8120,242,0,0,0.238134,0.100093,9.4556
1,4.8320,243,0,0,0.238215,0.100201,9.4555
1,4.8530,244,0,0,0.238070,0.100365,9.4554
1,4.8730,245,0,0,0.237726,0.100566,9.4553
1,4.8920,246,0,0,0.237216,0.100787,9.4552
1,4.9120,247,0,0,0.236581,0.101007,9.4551
1,4.9320,248,0,0,0.235858,0.101212,9.4550
1,4.9520,249,0,0,0.235088,0.101385,9.4549
1,4.9720,250,0,0,0.234303,0.101515,9.4548
1,4.9920,251,0,0,0.233526,0.101595,9.4547
1,5.0120,252,0,0,0.232773,0.101618,9.4546
1,5.0330,253,0,0,0.232048,0.101578,9.4545
1,5.0520,254,0,0,0.231363,0.101474,9.4544
1,5.0720,255,0,0,0.230711,0.101305,9.4543
1,5.0920,256,0,0,0.230076,0.101075,9.4542
1,5.1120,257,0,0,0.229448,0.100790,9.4542
1,5.1320,258,0,0,0.228815,0.100458,9.4541
1,5.1520,259,0,0,0.228162,0.100087,9.4540
1,5.1720,260,0,0,0.227469,0.099689,9.4539
1,5.1930,261,0,0,0.226736,0.099268,9.4539
1,5.2120,262,0,0,0.225947,0.098855,9.4538
1,5.2320,263,0,0,0.225526,0.094318,9.4537
1,5.2520,264,0,0,0.228230,0.090555,9.4534
1,5.2720,265,0,0,0.232197,0.089518,9.4530
1,5.2920,266,0,0,0.234118,0.088826,9.4527
1,5.3120,267,0,0,0.232639,0.088380,9.4525
1,5.3320,268,0,0,0.228698,0.088123,9.4524
1,5.3520,269,0,0,0.223775,0.087999,9.4524
1,5.3720,270,0,0,0.218835,0.087978,9.4525
1,5.3920,271,0,0,0.214733,0.088018,9.4527
1,5.4120,272,0,0,0.211933,0.088129,9.4529
1,5.4320,273,0,0,0.210653,0.088406,9.4531
1,5.4520,274,0,0,0.210907,0.088948,9.4533
1,5.4720,275,0,0,0.212580,0.089776,9.4535
1,5.4920,276,0,0,0.215492,0.090837,9.4536
1,5.5120,277,0,0,0.219330,0.092008,9.4537
1,5.5320,278,0,0,0.223682,0.093146,9.4537
1,5.5520,279,0,0,0.228136,0.094166,9.4538
1,5.5720,280,0,0,0.232366,0.095074,9.4539
1,5.5920,281,0,0,0.236185,0.095940,9.4540
1,5.6120,282,0,0,0.239487,0.096885,9.4541
1,5.6320,283,0,0,0.242270,0.098056,9.4543
1,5.6520,284,0,0,0.244576,0.099580,9.4545
1,5.6720,285,0,0,0.246511,0.101533,9.4546
1,5.6930,286,0,0,0.248204,0.103905,9.4548
1,5.7120,287,0,0,0.249822,0.106612,9.4550
1,5.7320,288,0,0,0.251550,0.109525,9.4551
1,5.7520,289,0,0,0.253577,0.112511,9.4552
1,5.7720,290,0,0,0.257204,0.121219,9.4550
1,5.7920,291,0,0,0.266110,0.121605,9.4547
1,5.8120,292,0,0,0.273733,0.119218,9.4543
1,5.8320,293,0,0,0.277149,0.116976,9.4539
1,5.8520,294,0,0,0.278328,0.116007,9.4537
1,5.8730,295,0,0,0.279647,0.116205,9.4536
1,5.8920,296,0,0,0.282309,0.117247,9.4537
1,5.9120,297,0,0,0.286569,0.119249,9.4539
1,5.9320,298,0,0,0.291936,0.122230,9.4543
1,5.9520,299,0,0,0.297516,0.125742,9.4547
1,5.9720,300,0,0,0.302414,0.129288,9.4551
1,5.9920,301,0,0,0.306109,0.132637,9.4555
1,6.0120,302,0,0,0.308647,0.135767,9.4558
1,6.0330,303,0,0,0.310533,0.138768,9.4561
1,6.0520,304,0,0,0.312469,0.141732,9.4562
1,6.0720,305,0,0,0.315062,0.144692,9.4562
1,6.0920,306,0,0,0.318661,0.147616,9.4561
1,6.1120,307,0,0,0.323317,0.150445,9.4561
1,6.1320,308,0,0,0.329199,0.152397,9.4560
1,6.1520,309,0,0,0.336307,0.153759,9.4560
1,6.1720,310,0,0,0.343912,0.154690,9.4561
1,6.1930,311,0,0,0.351263,0.155266,9.4563
1,6.2120,312,0,0,0.357829,0.155584,9.4565
1,6.2320,313,0,0,0.363389,0.155739,9.4567
1,6.2520,314,0,0,0.367917,0.155805,9.4569
1,6.2720,315,0,0,0.371409,0.155859,9.4571
1,6.2920,316,0,0,0.373874,0.155955,9.4573
1,6.3120,317,0,0,0.375322,0.156107,9.4574
1,6.3320,318,0,0,0.375776,0.156288,9.4574
1,6.3520,319,0,0,0.375272,0.156449,9.4575
1,6.3720,320,0,0,0.373884,0.156538,9.4575
1,6.3920,321,0,0,0.371692,0.156504,9.4575
1,6.4120,322,0,0,0.368799,0.156311,9.4575
1,6.4320,323,0,0,0.365317,0.155927,9.4576
1,6.4520,324,0,0,0.361353,0.155320,9.4576
1,6.4720,325,0,0,0.357003,0.154461,9.4577
1,6.4920,326,0,0,0.352351,0.153321,9.4577
1,6.5120,327,0,0,0.347465,0.151889,9.4578
1,6.5330,328,0,0,0.342398,0.150150,9.4579
1,6.5520,329,0,0,0.337201,0.148105,9.4579
1,6.5720,330,0,0,0.331890,0.145805,9.4579
1,6.5920,331,0,0,0.326460,0.143272,9.4579
1,6.6120,332,0,0,0.320880,0.140492,9.4579
1,6.6320,333,0,0,0.315116,0.137503,9.4579
1,6.6520,334,0,0,0.309103,0.134348,9.4579
1,6.6720,335,0,0,0.302806,0.130986,9.4578
1,6.6920,336,0,0,0.296201,0.127440,9.4578
1,6.7120,337,0,0,0.289344,0.123893,9.4578
1,6.7320,338,0,0,0.282361,0.120729,9.4578
1,6.7520,339,0,0,0.275073,0.117725,9.4578
1,6.7720,340,0,0,0.267253,0.114804,9.4578
1,6.7920,341,0,0,0.254737,0.164186,9.4570
1,6.8120,342,0,0,0.246253,0.174112,9.4554
1,6.8320,343,0,0,0.276070,0.169727,9.4531
1,6.8520,344,0,0,0.286179,0.163978,9.4505
1,6.8730,345,0,0,0.286142,0.167702,9.4482
1,6.8920,346,0,0,0.312748,0.166833,9.4464
1,6.9120,347,0,0,0.332793,0.164157,9.4454
1,6.9320,348,0,0,0.347717,0.161846,9.4453
1,6.9520,349,0,0,0.359946,0.161570,9.4457
1,6.9720,350,0,0,0.370839,0.162640,9.4465
1,6.9920,351,0,0,0.380755,0.162769,9.4474
1,7.0120,352,0,0,0.389587,0.160825,9.4482
1,7.0330,353,0,0,0.397113,0.157989,9.4487
1,7.0520,354,0,0,0.402966,0.156490,9.4489
1,7.0720,355,0,0,0.406754,0.157562,9.4487
1,7.0920,356,0,0,0.408196,0.160102,9.4482
1,7.1120,357,0,0,0.407404,0.162660,9.4476
1,7.1320,358,0,0,0.404834,0.164581,9.4470
1,7.1520,359,0,0,0.401056,0.165837,9.4465
1,7.1720,360,0,0,0.396468,0.166649,9.4461
1,7.1920,361,0,0,0.391251,0.167174,9.4458
1,7.2120,362,0,0,0.385493,0.167347,9.4457
1,7.2320,363,0,0,0.379523,0.174453,9.4455
1,7.2520,364,0,0,0.364739,0.200964,9.4444
1,7.2720,365,0,0,0.350208,0.206953,9.4425
1,7.2920,366,0,0,0.355873,0.215034,9.4401
1,7.3120,367,0,0,0.374132,0.204606,9.4373
1,7.3320,368,0,0,0.395241,0.222051,9.4342
1,7.3520,369,0,0,0.397715,0.220045,9.4309
1,7.3730,370,0,0,0.388449,0.234317,9.4274
1,7.3920,371,0,0,0.390480,0.259699,9.4227
1,7.4120,372,0,0,0.394079,0.255648,9.4174
1,7.4320,373,0,0,0.382484,0.229887,9.4128
1,7.4520,374,0,0,0.383684,0.202570,9.4097
1,7.4720,375,0,0,0.406874,0.182155,9.4083
1,7.4920,376,0,0,0.429148,0.175069,9.4084
1,7.5120,377,0,0,0.439254,0.169073,9.4093
1,7.5330,378,0,0,0.439548,0.172981,9.4103
1,7.5520,379,0,0,0.442326,0.170675,9.4112
1,7.5720,380,0,0,0.444664,0.160353,9.4119
1,7.5920,381,0,0,0.441120,0.145998,9.4123
1,7.6120,382,0,0,0.429909,0.132168,9.4123
1,7.6320,383,0,0,0.414639,0.127616,9.4121
1,7.6520,384,0,0,0.396268,0.132007,9.4116
1,7.6720,385,0,0,0.374900,0.137407,9.4110
1,7.6920,386,0,0,0.353312,0.142245,9.4105
1,7.7130,387,0,0,0.332921,0.146160,9.4101
1,7.7320,388,0,0,0.313851,0.149036,9.4098
1,7.7520,389,0,0,0.295935,0.150496,9.4098
1,7.7720,390,0,0,0.278923,0.150190,9.4100
1,7.7920,391,0,0,0.262565,0.147662,9.4102
1,7.8120,392,0,0,0.246924,0.142977,9.4106
1,7.8320,393,0,0,0.232318,0.136704,9.4109
1,7.8520,394,0,0,0.218997,0.129675,9.4111
1,7.8720,395,0,0,0.207450,0.123047,9.4113
1,7.8920,396,0,0,0.198534,0.117087,9.4113
1,7.9120,397,0,0,0.192466,0.112229,9.4112
1,7.9320,398,0,0,0.189055,0.109381,9.4109
1,7.9520,399,0,0,0.187968,0.108646,9.4106
1,7.9720,400,0,0,0.188683,0.108452,9.4102
1,7.9920,401,0,0,0.190150,0.107821,9.4099
1,8.0120,402,0,0,0.191206,0.106224,9.4096
1,8.0330,403,0,0,0.191414,0.103193,9.4094
1,8.0520,404,0,0,0.190905,0.098667,9.4093
1,8.0720,405,0,0,0.190243,0.092844,9.4093
1,8.0920,406,0,0,0.190583,0.086151,9.4094
1,8.1120,407,0,0,0.193150,0.079135,9.4096
1,8.1320,408,0,0,0.198594,0.072594,9.4097
1,8.1520,409,0,0,0.206653,0.067981,9.4099
1,8.1720,410,0,0,0.216277,0.067884,9.4100
1,8.1920,411,0,0,0.226000,0.070640,9.4101
1,8.2120,412,0,0,0.234334,0.073543,9.4102
1,8.2320,413,0,0,0.240046,0.075568,9.4102
1,8.2520,414,0,0,0.242297,0.076485,9.4102
1,8.2720,415,0,0,0.240706,0.076377,9.4102
1,8.2920,416,0,0,0.235079,0.075834,9.4103
1,8.3120,417,0,0,0.226309,0.075822,9.4104
1,8.3320,418,0,0,0.215590,0.077488,9.4105
1,8.3520,419,0,0,0.204092,0.081479,9.4106
1,8.3730,420,0,0,0.192944,0.086932,9.4108
1,8.3920,421,0,0,0.183132,0.092662,9.4109
1,8.4120,422,0,0,0.175419,0.097989,9.4111
1,8.4320,423,0,0,0.170366,0.102589,9.4112
1,8.4520,424,0,0,0.168368,0.105985,9.4113
1,8.4720,425,0,0,0.169741,0.108102,9.4114
1,8.4920,426,0,0,0.174464,0.108906,9.4115
1,8.5120,427,0,0,0.182212,0.108543,9.4116
1,8.5320,428,0,0,0.192362,0.107201,9.4117
1,8.5530,429,0,0,0.204072,0.105122,9.4118
1,8.5720,430,0,0,0.216420,0.102589,9.4120
1,8.5920,431,0,0,0.228515,0.099899,9.4121
1,8.6120,432,0,0,0.239559,0.097348,9.4123
1,8.6320,433,0,0,0.248881,0.095217,9.4125
1,8.6520,434,0,0,0.255978,0.093770,9.4127
1,8.6720,435,0,0,0.260526,0.093165,9.4130
1,8.6920,436,0,0,0.262400,0.093293,9.4132
1,8.7130,437,0,0,0.261696,0.093926,9.4134
1,8.7320,438,0,0,0.258688,0.094883,9.4136
1,8.7520,439,0,0,0.253783,0.096035,9.4138
1,8.7720,440,0,0,0.247469,0.097275,9.4139
1,8.7920,441,0,0,0.240292,0.098493,9.4141
1,8.8120,442,0,0,0.232793,0.099579,9.4143
1,8.8320,443,0,0,0.225488,0.100414,9.4144
1,8.8520,444,0,0,0.218811,0.100911,9.4146
1,8.8730,445,0,0,0.213088,0.100998,9.4147
1,8.8920,446,0,0,0.208522,0.100645,9.4149
1,8.9120,447,0,0,0.205120,0.099806,9.4150
1,8.9320,448,0,0,0.202812,0.098473,9.4151
1,8.9520,449,0,0,0.201424,0.096710,9.4153
1,8.9720,450,0,0,0.200694,0.094535,9.4154
1,8.9920,451,0,0,0.200313,0.092042,9.4155
1,9.0120,452,0,0,0.199970,0.089330,9.4157
1,9.0320,453,0,0,0.199372,0.086519,9.4158
1,9.0530,454,0,0,0.198283,0.083737,9.4160
1,9.0720,455,0,0,0.196523,0.081093,9.4161
1,9.0920,456,0,0,0.193972,0.078653,9.4163
1,9.1120,457,0,0,0.190670,0.076576,9.4164
1,9.1320,458,0,0,0.186718,0.074897,9.4165
1,9.1520,459,0,0,0.182199,0.073567,9.4167
1,9.1720,460,0,0,0.177212,0.072486,9.4168
1,9.1920,461,0,0,0.171936,0.071547,9.4169
1,9.2120,462,0,0,0.166596,0.070670,9.4170
1,9.2320,463,0,0,0.161467,0.069804,9.4172
1,9.2520,464,0,0,0.156826,0.068920,9.4173
1,9.2720,465,0,0,0.152911,0.068010,9.4174
1,9.2920,466,0,0,0.149897,0.067078,9.4175
1,9.3120,467,0,0,0.147873,0.066137,9.4175
1,9.3320,468,0,0,0.146845,0.065211,9.4176
1,9.3520,469,0,0,0.146739,0.064318,9.4177
1,9.3730,470,0,0,0.147418,0.063496,9.4178
1,9.3920,471,0,0,0.148714,0.062788,9.4179
1,9.4120,472,0,0,0.150452,0.062248,9.4179
1,9.4320,473,0,0,0.152473,0.061933,9.4180
1,9.4520,474,0,0,0.154637,0.061898,9.4180
1,9.4720,475,0,0,0.156840,0.062189,9.4181
1,9.4920,476,0,0,0.159005,0.062821,9.4182
1,9.5120,477,0,0,0.161113,0.063773,9.4182
1,9.5320,478,0,0,0.163165,0.065000,9.4182
1,9.5520,479,0,0,0.165189,0.066444,9.4183
1,9.5720,480,0,0,0.167242,0.068052,9.4183
1,9.5920,481,0,0,0.169380,0.069768,9.4184
1,9.6120,482,0,0,0.171656,0.071544,9.4184
1,9.6320,483,0,0,0.174111,0.073341,9.4184
1,9.6520,484,0,0,0.176772,0.075125,9.4184
1,9.6720,485,0,0,0.179648,0.076870,9.4184
1,9.6920,486,0,0,0.182730,0.078553,9.4184
1,9.7120,487,0,0,0.185990,0.080159,9.4184
1,9.7320,488,0,0,0.189380,0.081668,9.4184
1,9.7520,489,0,0,0.192871,0.083085,9.4184
1,9.7720,490,0,0,0.196474,0.084378,9.4184
1,9.7920,491,0,0,0.200119,0.085552,9.4185
1,9.8120,492,0,0,0.203681,0.086639,9.4185
1,9.8320,493,0,0,0.207061,0.087654,9.4186
1,9.8520,494,0,0,0.210206,0.088603,9.4186
1,9.8730,495,0,0,0.213081,0.089491,9.4186
1,9.8920,496,0,0,0.215665,0.090323,9.4187
1,9.9120,497,0,0,0.217946,0.091102,9.4187
1,9.9320,498,0,0,0.219913,0.091828,9.4187
1,9.9520,499,0,0,0.221561,0.092493,9.4186
1,9.9720,500,0,0,0.222876,0.093089,9.4186
1,9.9920,501,0,0,0.223857,0.093607,9.4186
1,10.0120,502,0,0,0.224496,0.094045,9.4185
1,10.0320,503,0,0,0.224801,0.094386,9.4185
1,10.0530,504,0,0,0.224786,0.094626,9.4184
1,10.0720,505,0,0,0.224466,0.094761,9.4184
1,10.0920,506,0,0,0.223865,0.094785,9.4183
1,10.1120,507,0,0,0.222999,0.094694,9.4183
1,10.1320,508,0,0,0.221879,0.094484,9.4182
1,10.1520,509,0,0,0.220522,0.094151,9.4182
1,10.1720,510,0,0,0.218935,0.093693,9.4181
1,10.1920,511,0,0,0.217124,0.093108,9.4180
1,10.2120,512,0,0,0.215095,0.092395,9.4179
1,10.2320,513,0,0,0.212850,0.091560,9.4178
1,10.2520,514,0,0,0.210412,0.090578,9.4178
1,10.2720,515,0,0,0.207942,0.089426,9.4177
1,10.2920,516,0,0,0.205423,0.088158,9.4176
1,10.3120,517,0,0,0.202744,0.086796,9.4175
1,10.3320,518,0,0,0.199844,0.085345,9.4174
1,10.3520,519,0,0,0.196681,0.083812,9.4174
1,10.3720,520,0,0,0.193228,0.082210,9.4173
1,10.3930,521,0,0,0.189489,0.080554,9.4172
1,10.4120,522,0,0,0.185486,0.078861,9.4172
1,10.4320,523,0,0,0.181254,0.077139,9.4171
1,10.4520,524,0,0,0.176824,0.075365,9.4170
1,10.4720,525,0,0,0.172215,0.073646,9.4169
1,10.4920,526,0,0,0.167480,0.071881,9.4168
1,10.5120,527,0,0,0.162668,0.070064,9.4167
1,10.5320,528,0,0,0.157831,0.068200,9.4166
1,10.5520,529,0,0,0.153026,0.066286,9.4164
1,10.5720,530,0,0,0.148305,0.064336,9.4163
1,10.5920,531,0,0,0.143698,0.062335,9.4162
1,10.6120,532,0,0,0.139201,0.060353,9.4161
1,10.6320,533,0,0,0.134752,0.058603,9.4160
1,10.6520,534,0,0,0.130402,0.057025,9.4160
1,10.6720,535,0,0,0.126254,0.055604,9.4159
1,10.6920,536,0,0,0.122402,0.054335,9.4159
1,10.7130,537,0,0,0.118941,0.053215,9.4158
1,10.7320,538,0,0,0.115972,0.052235,9.4158
1,10.7520,539,0,0,0.113587,0.051389,9.4157
1,10.7720,540,0,0,0.111856,0.050673,9.4157
1,10.7920,541,0,0,0.110816,0.050090,9.4156
1,10.8120,542,0,0,0.110472,0.049644,9.4155
1,10.8320,543,0,0,0.110795,0.049344,9.4154
1,10.8520,544,0,0,0.111738,0.049205,9.4153
1,10.8720,545,0,0,0.113241,0.049243,9.4152
1,10.8920,546,0,0,0.115242,0.049472,9.4151
1,10.9120,547,0,0,0.117688,0.049909,9.4151
1,10.9320,548,0,0,0.120515,0.050556,9.4150
1,10.9520,549,0,0,0.123696,0.051404,9.4149
1,10.9720,550,0,0,0.127208,0.052446,9.4149
1,10.9920,551,0,0,0.131029,0.053665,9.4148
1,11.0120,552,0,0,0.135132,0.055056,9.4148
1,11.0320,553,0,0,0.139476,0.056604,9.4147
1,11.0530,554,0,0,0.144024,0.058308,9.4147
1,11.0720,555,0,0,0.148720,0.060130,9.4146
1,11.0920,556,0,0,0.153512,0.062054,9.4146
1,11.1120,557,0,0,0.158362,0.064073,9.4146
1,11.1320,558,0,0,0.163234,0.066177,9.4145
1,11.1520,559,0,0,0.168093,0.068357,9.4145
1,11.1720,560,0,0,0.172903,0.070600,9.4145
1,11.1920,561,0,0,0.177633,0.072894,9.4144
1,11.2130,562,0,0,0.182259,0.075223,9.4144
1,11.2320,563,0,0,0.186767,0.077572,9.4144
1,11.2520,564,0,0,0.191152,0.079925,9.4144
1,11.2720,565,0,0,0.195419,0.082266,9.4144
1,11.2920,566,0,0,0.199582,0.084575,9.4143
1,11.3120,567,0,0,0.203662,0.086835,9.4143
1,11.3320,568,0,0,0.207680,0.089033,9.4143
1,11.3520,569,0,0,0.211658,0.091143,9.4143
1,11.3720,570,0,0,0.215604,0.093153,9.4143
1,11.3920,571,0,0,0.219518,0.095015,9.4143
1,11.4120,572,0,0,0.223451,0.096747,9.4143
1,11.4320,573,0,0,0.227398,0.098354,9.4143
1,11.4520,574,0,0,0.231319,0.099836,9.4144
1,11.4720,575,0,0,0.235167,0.101198,9.4144
1,11.4920,576,0,0,0.238890,0.102459,9.4144
1,11.5120,577,0,0,0.242325,0.103694,9.4144
1,11.5320,578,0,0,0.245282,0.104820,9.4145
1,11.5530,579,0,0,0.247784,0.105801,9.4146
1,11.5720,580,0,0,0.249917,0.106636,9.4147
1,11.5920,581,0,0,0.251726,0.107326,9.4149
1,11.6120,582,0,0,0.253195,0.107887,9.4150
1,11.6320,583,0,0,0.254288,0.108325,9.4151
1,11.6520,584,0,0,0.254956,0.108640,9.4152
1,11.6720,585,0,0,0.255163,0.108832,9.4153
1,11.6920,586,0,0,0.254889,0.108900,9.4154
1,11.7130,587,0,0,0.254144,0.108841,9.4155
1,11.7320,588,0,0,0.252964,0.108651,9.4155
1,11.7520,589,0,0,0.251395,0.108321,9.4156
1,11.7720,590,0,0,0.249485,0.107840,9.4157
1,11.7920,591,0,0,0.247269,0.107192,9.4157
1,11.8120,592,0,0,0.244776,0.106362,9.4158
1,11.8320,593,0,0,0.242029,0.105348,9.4159
1,11.8520,594,0,0,0.239012,0.104128,9.4160
1,11.8720,595,0,0,0.235744,0.102694,9.4161
1,11.8930,596,0,0,0.232235,0.101055,9.4161
1,11.9120,597,0,0,0.228472,0.099223,9.4162
1,11.9320,598,0,0,0.224434,0.097214,9.4163
1,11.9520,599,0,0,0.220096,0.095042,9.4164
1,11.9720,600,0,0,0.215423,0.092726,9.4164
1,11.9920,601,0,0,0.210391,0.090278,9.4165
1,12.0120,602,0,0,0.204981,0.087714,9.4165
1,12.0320,603,0,0,0.199179,0.085043,9.4166
1,12.0530,604,0,0,0.192986,0.082275,9.4166
1,12.0720,605,0,0,0.186409,0.079415,9.4167
1,12.0920,606,0,0,0.179462,0.076465,9.4167
1,12.1120,607,0,0,0.172167,0.073427,9.4168
1,12.1320,608,0,0,0.164555,0.070317,9.4168
1,12.1520,609,0,0,0.156663,0.067136,9.4168
1,12.1720,610,0,0,0.148507,0.063854,9.4169
1,12.1920,611,0,0,0.140105,0.060474,9.4169
1,12.2120,612,0,0,0.131495,0.056996,9.4170
1,12.2330,613,0,0,0.122726,0.053424,9.4170
1,12.2520,614,0,0,0.113848,0.049766,9.4170
1,12.2720,615,0,0,0.104904,0.046026,9.4170
1,12.2920,616,0,0,0.095920,0.042228,9.4171
1,12.3120,617,0,0,0.086887,0.038365,9.4171
1,12.3320,618,0,0,0.077848,0.034438,9.4171
1,12.3520,619,0,0,0.068844,0.030468,9.4171
1,12.3720,620,0,0,0.059911,0.026480,9.4172
1,12.3930,621,0,0,0.051100,0.022508,9.4172
1,12.4120,622,0,0,0.042499,0.018603,9.4172
1,12.4320,623,0,0,0.034280,0.014856,9.4172
1,12.4520,624,0,0,0.026819,0.011456,9.4172
1,12.4720,625,0,0,0.020979,0.008828,9.4172
1,12.4920,626,0,0,0.018413,0.007790,9.4173
1,12.5120,627,0,0,0.020426,0.008878,9.4173
1,12.5320,628,0,0,0.025987,0.011455,9.4173
1,12.5530,629,0,0,0.033363,0.014724,9.4173
1,12.5720,630,0,0,0.041579,0.018284,9.4173
1,12.5920,631,0,0,0.050192,0.021963,9.4173
1,12.6120,632,0,0,0.058980,0.025680,9.4173
1,12.6320,633,0,0,0.067818,0.029394,9.4173
1,12.6520,634,0,0,0.076624,0.033081,9.4173
1,12.6720,635,0,0,0.085340,0.036727,9.4173
1,12.6920,636,0,0,0.093922,0.040323,9.4173
1,12.7120,637,0,0,0.102335,0.043859,9.4173
1,12.7320,638,0,0,0.110549,0.047330,9.4173
1,12.7520,639,0,0,0.118544,0.050729,9.4173
1,12.7720,640,0,0,0.126299,0.054049,9.4173
1,12.7920,641,0,0,0.133802,0.057284,9.4173
1,12.8120,642,0,0,0.141042,0.060426,9.4173
1,12.8320,643,0,0,0.148009,0.063468,9.4172
1,12.8520,644,0,0,0.154697,0.066404,9.4172
1,12.8720,645,0,0,0.161103,0.069224,9.4172
1,12.8930,646,0,0,0.167221,0.071924,9.4172
1,12.9120,647,0,0,0.173049,0.074497,9.4171
1,12.9320,648,0,0,0.178583,0.076937,9.4171
1,12.9520,649,0,0,0.183820,0.079239,9.4171
1,12.9720,650,0,0,0.188756,0.081399,9.4171
1,12.9920,651,0,0,0.193384,0.083414,9.4170
1,13.0120,652,0,0,0.197700,0.085281,9.4170
1,13.0320,653,0,0,0.201698,0.086998,9.4169
1,13.0530,654,0,0,0.205366,0.088563,9.4169
1,13.0720,655,0,0,0.208705,0.089980,9.4168
1,13.0920,656,0,0,0.211711,0.091252,9.4168
1,13.1120,657,0,0,0.214349,0.092370,9.4167
1,13.1320,658,0,0,0.216632,0.093331,9.4167
1,13.1520,659,0,0,0.218573,0.094137,9.4166
1,13.1720,660,0,0,0.220175,0.094792,9.4166
1,13.1920,661,0,0,0.221434,0.095296,9.4165
1,13.2120,662,0,0,0.222343,0.095651,9.4165
1,13.2320,663,0,0,0.222895,0.095858,9.4164
1,13.2520,664,0,0,0.223093,0.095917,9.4163
1,13.2720,665,0,0,0.222942,0.095830,9.4163
1,13.2920,666,0,0,0.222445,0.095601,9.4162
1,13.3120,667,0,0,0.221602,0.095235,9.4161
1,13.3320,668,0,0,0.220426,0.094730,9.4161
1,13.3520,669,0,0,0.218911,0.094068,9.4160
1,13.3720,670,0,0,0.217087,0.093249,9.4159
1,13.3930,671,0,0,0.215033,0.092300,9.4159
1,13.4120,672,0,0,0.212785,0.091239,9.4159
1,13.4320,673,0,0,0.210298,0.090074,9.4158
1,13.4520,674,0,0,0.207512,0.088806,9.4158
1,13.4720,675,0,0,0.204399,0.087435,9.4158
1,13.4920,676,0,0,0.200977,0.085962,9.4159
1,13.5120,677,0,0,0.197285,0.084390,9.4158
1,13.5320,678,0,0,0.193365,0.082724,9.4158
1,13.5530,679,0,0,0.189247,0.080965,9.4158
1,13.5720,680,0,0,0.184945,0.079115,9.4158
1,13.5920,681,0,0,0.180456,0.077166,9.4158
1,13.6120,682,0,0,0.175772,0.075120,9.4157
1,13.6320,683,0,0,0.170885,0.072984,9.4157
1,13.6520,684,0,0,0.165797,0.070765,9.4157
1,13.6720,685,0,0,0.160514,0.068474,9.4157
1,13.6920,686,0,0,0.155048,0.066120,9.4157
1,13.7120,687,0,0,0.149410,0.063712,9.4156
1,13.7330,688,0,0,0.143620,0.061255,9.4156
1,13.7520,689,0,0,0.137692,0.058754,9.4156
1,13.7720,690,0,0,0.131647,0.056209,9.4156
1,13.7920,691,0,0,0.125503,0.053624,9.4156
1,13.8120,692,0,0,0.119280,0.051003,9.4156
1,13.8320,693,0,0,0.113000,0.048348,9.4156
1,13.8520,694,0,0,0.106685,0.045667,9.4156
1,13.8720,695,0,0,0.100357,0.042966,9.4156
1,13.8930,696,0,0,0.094041,0.040257,9.4156
1,13.9120,697,0,0,0.087762,0.037552,9.4157
1,13.9320,698,0,0,0.081547,0.034866,9.4157
1,13.9520,699,0,0,0.075431,0.032218,9.4157
1,13.9720,700,0,0,0.069455,0.029629,9.4157
1,13.9920,701,0,0,0.063673,0.027130,9.4157
1,14.0120,702,0,0,0.058158,0.024754,9.4157
1,14.0320,703,0,0,0.053005,0.022548,9.4158
1,14.0530,704,0,0,0.048340,0.020568,9.4158
1,14.0720,705,0,0,0.044326,0.018887,9.4158
1,14.0920,706,0,0,0.041158,0.017586,9.4158
1,14.1120,707,0,0,0.039038,0.016749,9.4159
1,14.1320,708,0,0,0.038133,0.016435,9.4159
1,14.1520,709,0,0,0.038513,0.016661,9.4159
1,14.1720,710,0,0,0.040118,0.017393,9.4160
1,14.1920,711,0,0,0.042785,0.018557,9.4160
1,14.2120,712,0,0,0.046296,0.020061,9.4161
1,14.2330,713,0,0,0.050441,0.021820,9.4161
1,14.2520,714,0,0,0.055038,0.023763,9.4162
1,14.2720,715,0,0,0.059942,0.025832,9.4162
1,14.2920,716,0,0,0.065044,0.027986,9.4163
1,14.3120,717,0,0,0.070261,0.030191,9.4163
1,14.3320,718,0,0,0.075528,0.032424,9.4164
1,14.3520,719,0,0,0.080799,0.034665,9.4164
1,14.3720,720,0,0,0.086036,0.036900,9.4165
1,14.3930,721,0,0,0.091209,0.039114,9.4165
1,14.4120,722,10,0,0.000000,0.000000,9.4166
2,0.0190,1,0,0,0.000000,0.000000,9.6900
2,0.0380,2,0,0,0.196000,0.196000,9.6861
2,0.0580,3,0,0,0.391608,0.382846,9.6782
2,0.0780,4,0,0,0.586825,0.528163,9.6665
2,0.0980,5,0,0,0.781651,0.658172,9.6509
2,0.1180,6,0,0,0.976088,0.742119,9.6314
2,0.1380,7,0,0,1.170136,0.783686,9.6080
2,0.1580,8,0,0,1.363795,0.777399,9.5807
2,0.1790,9,0,0,1.557068,0.730117,9.5495
2,0.1980,10,0,0,1.749954,0.626278,9.5145
2,0.2180,11,0,0,1.942454,0.470801,9.4757
2,0.2380,12,0,0,0.503224,0.269136,9.4656
2,0.2580,13,0,0,0.057364,0.037522,9.4657
2,0.2780,14,0,0,0.306568,0.181855,9.4717
2,0.2980,15,0,0,0.446327,0.297960,9.4805
2,0.3180,16,0,0,0.493065,0.321784,9.4903
2,0.3380,17,0,0,0.405592,0.273527,9.4983
2,0.3590,18,0,0,0.260289,0.172754,9.5034
2,0.3780,19,0,0,0.083701,0.054233,9.5047
2,0.3980,20,0,0,0.181987,0.096305,9.5022
2,0.4180,21,0,0,0.308322,0.179365,9.4961
2,0.4380,22,0,0,0.404878,0.217246,9.4880
2,0.4580,23,0,0,0.338531,0.209142,9.4813
2,0.4780,24,0,0,0.246437,0.160554,9.4764
2,0.4980,25,0,0,0.176932,0.134851,9.4729
2,0.5190,26,0,0,0.118906,0.081974,9.4710
2,0.5380,27,0,0,0.070782,0.038112,9.4708
2,0.5580,28,0,0,0.078806,0.052889,9.4720
2,0.5780,29,0,0,0.119274,0.079364,9.4741
2,0.5980,30,0,0,0.136036,0.089311,9.4765
2,0.6180,31,0,0,0.129699,0.083146,9.4786
2,0.6380,32,0,0,0.111806,0.068733,9.4799
2,0.6580,33,0,0,0.101003,0.057139,9.4804
2,0.6790,34,0,0,0.111885,0.059032,9.4801
2,0.6980,35,0,0,0.133302,0.067783,9.4792
2,0.7180,36,0,0,0.153542,0.074056,9.4780
2,0.7380,37,0,0,0.168575,0.075173,9.4768
2,0.7580,38,0,0,0.179550,0.072513,9.4759
2,0.7780,39,0,0,0.188957,0.069123,9.4753
2,0.7980,40,0,0,0.196595,0.078437,9.4749
2,0.8180,41,0,0,0.201983,0.089555,9.4747
2,0.8380,42,0,0,0.212038,0.093682,9.4748
2,0.8590,43,0,0,0.224417,0.098977,9.4747
2,0.8780,44,0,0,0.244380,0.100314,9.4740
2,0.8980,45,0,0,0.261562,0.101466,9.4730
2,0.9180,46,0,0,0.272542,0.101741,9.4721
2,0.9380,47,0,0,0.260051,0.102355,9.4712
2,0.9580,48,0,0,0.229826,0.101614,9.4706
2,0.9780,49,0,0,0.185481,0.101935,9.4703
2,0.9980,50,0,0,0.175983,0.112105,9.4698
2,1.0190,51,0,0,0.186569,0.109160,9.4689
2,1.0380,52,0,0,0.179872,0.106539,9.4677
2,1.0580,53,0,0,0.167931,0.108876,9.4668
2,1.0780,54,0,0,0.156069,0.111716,9.4661
2,1.0980,55,0,0,0.170275,0.115698,9.4655
2,1.1180,56,0,0,0.191159,0.119114,9.4652
2,1.1380,57,0,0,0.214452,0.127380,9.4649
2,1.1580,58,0,0,0.224439,0.131557,9.4645
2,1.1790,59,0,0,0.192222,0.129133,9.4640
2,1.1980,60,0,0,0.164145,0.125620,9.4637
2,1.2180,61,0,0,0.155624,0.117588,9.4636
2,1.2380,62,0,0,0.150677,0.105957,9.4635
2,1.2580,63,0,0,0.156001,0.093849,9.4634
2,1.2780,64,0,0,0.163302,0.083370,9.4635
2,1.2980,65,0,0,0.170548,0.075750,9.4636
2,1.3180,66,0,0,0.177009,0.071482,9.4638
2,1.3380,67,0,0,0.182440,0.071399,9.4639
2,1.3590,68,0,0,0.186489,0.074735,9.4639
2,1.3780,69,0,0,0.188602,0.078942,9.4639
2,1.3980,70,0,0,0.188237,0.081939,9.4637
2,1.4180,71,0,0,0.184701,0.082672,9.4634
2,1.4380,72,0,0,0.177561,0.080830,9.4631
2,1.4580,73,0,0,0.154701,0.076411,9.4625
2,1.4780,74,0,0,0.132098,0.069344,9.4620
2,1.4980,75,0,0,0.113843,0.060097,9.4616
2,1.5190,76,0,0,0.097885,0.051747,9.4614
2,1.5380,77,0,0,0.083136,0.048335,9.4612
2,1.5580,78,0,0,0.070554,0.049229,9.4612
2,1.5780,79,0,0,0.067458,0.051424,9.4613
2,1.5980,80,0,0,0.074431,0.053636,9.4615
2,1.6180,81,0,0,0.079194,0.054889,9.4617
2,1.6380,82,0,0,0.080463,0.054583,9.4619
2,1.6580,83,0,0,0.078250,0.052529,9.4620
2,1.6780,84,0,0,0.075957,0.049054,9.4620
2,1.6990,85,0,0,0.062718,0.042088,9.4618
2,1.7180,86,0,0,0.049505,0.033983,9.4615
2,1.7380,87,0,0,0.038002,0.025307,9.4613
2,1.7580,88,0,0,0.027795,0.018361,9.4610
2,1.7780,89,0,0,0.036966,0.017410,9.4607
2,1.7980,90,0,0,0.050261,0.021603,9.4606
2,1.8180,91,0,0,0.063645,0.027280,9.4605
2,1.8380,92,0,0,0.075045,0.032438,9.4604
2,1.8590,93,0,0,0.082928,0.036557,9.4605
2,1.8780,94,0,0,0.087385,0.039202,9.4605
2,1.8980,95,0,0,0.088812,0.040499,9.4606
2,1.9180,96,0,0,0.088064,0.040499,9.4607
2,1.9380,97,0,0,0.086186,0.039766,9.4608
2,1.9580,98,0,0,0.084515,0.039000,9.4608
2,1.9780,99,0,0,0.084351,0.039005,9.4609
2,1.9980,100,0,0,0.086503,0.040558,9.4609
2,2.0190,101,0,0,0.091074,0.043918,9.4609
2,2.0380,102,0,0,0.097562,0.048447,9.4610
2,2.0580,103,0,0,0.105190,0.053268,9.4610
2,2.0780,104,0,0,0.113202,0.057776,9.4610
2,2.0980,105,0,0,0.121018,0.061624,9.4610
2,2.1180,106,10,0,0.000000,0.000000,9.4610
3,0.0180,1,0,0,0.000000,0.000000,9.6900
3,0.0380,2,0,0,0.196000,0.196000,9.6861
3,0.0580,3,0,0,0.391608,0.382846,9.6782
3,0.0790,4,0,0,0.586825,0.528163,9.6665
3,0.0980,5,0,0,0.781651,0.658304,9.6509
3,0.1180,6,0,0,0.976088,0.743397,9.6314
3,0.1380,7,0,0,1.170136,0.786815,9.6080
3,0.1580,8,0,0,1.363795,0.778553,9.5807
3,0.1780,9,0,0,1.557068,0.727645,9.5495
3,0.1980,10,0,0,1.749954,0.629522,9.5145
3,0.2180,11,0,0,1.942454,0.468664,9.4757
3,0.2380,12,0,0,0.482166,0.262686,9.4661
3,0.2580,13,0,0,0.057568,0.034161,9.4665
3,0.2790,14,0,0,0.319447,0.192567,9.4729
3,0.2980,15,0,0,0.495459,0.317514,9.4828
3,0.3180,16,0,0,0.531250,0.349354,9.4934
3,0.3380,17,0,0,0.434626,0.298997,9.5020
3,0.3580,18,0,0,0.260160,0.183796,9.5069
3,0.3780,19,0,0,0.080309,0.051660,9.5080
3,0.3980,20,0,0,0.184534,0.120440,9.5051
3,0.4180,21,0,0,0.347548,0.206931,9.4983
3,0.4390,22,0,0,0.493951,0.250833,9.4885
3,0.4580,23,0,0,0.428884,0.253383,9.4799
3,0.4780,24,0,0,0.354143,0.210242,9.4731
3,0.4980,25,0,0,0.233237,0.140773,9.4691
3,0.5180,26,0,0,0.129060,0.077034,9.4675
3,0.5380,27,0,0,0.112206,0.067176,9.4681
3,0.5580,28,0,0,0.127703,0.089192,9.4701
3,0.5780,29,0,0,0.163874,0.100625,9.4729
3,0.5990,30,0,0,0.179044,0.100199,9.4757
3,0.6180,31,0,0,0.175619,0.088730,9.4781
3,0.6380,32,0,0,0.172619,0.071243,9.4794
3,0.6580,33,0,0,0.171627,0.057524,9.4796
3,0.6780,34,0,0,0.172171,0.060725,9.4789
3,0.6980,35,0,0,0.205005,0.073338,9.4770
3,0.7180,36,0,0,0.215708,0.083923,9.4750
3,0.7380,37,0,0,0.208294,0.088549,9.4727
3,0.7580,38,0,0,0.183625,0.085860,9.4706
3,0.7790,39,0,0,0.157703,0.073152,9.4690
3,0.7980,40,0,0,0.135724,0.058523,9.4682
3,0.8180,41,0,0,0.123364,0.057878,9.4681
3,0.8380,42,0,0,0.119509,0.069095,9.4685
3,0.8580,43,0,0,0.119339,0.079631,9.4694
3,0.8780,44,0,0,0.119434,0.085850,9.4704
3,0.8980,45,0,0,0.118970,0.087444,9.4713
3,0.9180,46,0,0,0.116964,0.086405,9.4721
3,0.9390,47,0,0,0.118072,0.084032,9.4726
3,0.9580,48,0,0,0.121033,0.082189,9.4724
3,0.9780,49,0,0,0.138540,0.080390,9.4721
3,0.9980,50,0,0,0.152689,0.078277,9.4716
3,1.0180,51,0,0,0.165169,0.076429,9.4710
3,1.0380,52,0,0,0.176836,0.075160,9.4704
3,1.0580,53,0,0,0.187954,0.073675,9.4700
3,1.0780,54,0,0,0.198310,0.071604,9.4698
3,1.0980,55,0,0,0.207108,0.069201,9.4697
3,1.1180,56,0,0,0.224425,0.066320,9.4695
3,1.1380,57,0,0,0.232561,0.065451,9.4694
3,1.1580,58,0,0,0.231385,0.065581,9.4693
3,1.1780,59,0,0,0.225439,0.065735,9.4693
3,1.1980,60,0,0,0.217290,0.065722,9.4692
3,1.2180,61,0,0,0.207623,0.065103,9.4691
3,1.2380,62,0,0,0.195482,0.064692,9.4691
3,1.2580,63,0,0,0.180595,0.072597,9.4686
3,1.2790,64,0,0,0.178622,0.078891,9.4678
3,1.2980,65,0,0,0.192030,0.084532,9.4664
3,1.3180,66,0,0,0.211805,0.086846,9.4649
3,1.3380,67,0,0,0.224252,0.084968,9.4635
3,1.3580,68,0,0,0.228289,0.079436,9.4624
3,1.3780,69,0,0,0.226702,0.073869,9.4618
3,1.3980,70,0,0,0.222235,0.072349,9.4616
3,1.4180,71,0,0,0.216125,0.075682,9.4619
3,1.4390,72,0,0,0.208562,0.080480,9.4625
3,1.4580,73,0,0,0.199605,0.084277,9.4632
3,1.4780,74,0,0,0.189686,0.086655,9.4638
3,1.4980,75,0,0,0.176147,0.085798,9.4641
3,1.5180,76,0,0,0.172164,0.084666,9.4639
3,1.5380,77,0,0,0.176968,0.086918,9.4635
3,1.5580,78,0,0,0.184264,0.089168,9.4629
3,1.5780,79,0,0,0.190804,0.090458,9.4623
3,1.5980,80,0,0,0.194936,0.090106,9.4617
3,1.6190,81,0,0,0.199361,0.088667,9.4614
3,1.6380,82,0,0,0.202947,0.086596,9.4613
3,1.6580,83,0,0,0.205244,0.083996,9.4613
3,1.6780,84,0,0,0.206182,0.080948,9.4615
3,1.6980,85,0,0,0.205512,0.077746,9.4616
3,1.7180,86,0,0,0.203014,0.075058,9.4617
3,1.7380,87,0,0,0.198753,0.073752,9.4618
3,1.7580,88,0,0,0.192959,0.074119,9.4617
3,1.7790,89,0,0,0.185890,0.075431,9.4615
3,1.8000,90,0,0,0.177809,0.076812,9.4613
3,1.8180,91,0,0,0.168949,0.077682,9.4611
3,1.8380,92,0,0,0.159632,0.077759,9.4608
3,1.8580,93,0,0,0.150252,0.076978,9.4607
3,1.8780,94,0,0,0.141261,0.075399,9.4605
3,1.8980,95,0,0,0.133107,0.073165,9.4605
3,1.9180,96,0,0,0.126222,0.070399,9.4604
3,1.9390,97,0,0,0.121012,0.067068,9.4604
3,1.9580,98,0,0,0.117636,0.063168,9.4604
3,1.9780,99,0,0,0.115782,0.059068,9.4603
3,1.9980,100,0,0,0.114919,0.054992,9.4602
3,2.0180,101,0,0,0.114271,0.051028,9.4600
3,2.0380,102,0,0,0.113086,0.047140,9.4598
3,2.0580,103,0,0,0.110915,0.043192,9.4596
3,2.0780,104,0,0,0.107524,0.039077,9.4594
3,2.0980,105,0,0,0.102752,0.034786,9.4593
3,2.1180,106,0,0,0.096488,0.030395,9.4591
3,2.1380,107,0,0,0.088610,0.026073,9.4591
3,2.1580,108,0,0,0.079095,0.022625,9.4590
3,2.1780,109,0,0,0.068255,0.021284,9.4590
3,2.1980,110,0,0,0.056249,0.020667,9.4590
3,2.2180,111,0,0,0.043491,0.020276,9.4589
3,2.2380,112,0,0,0.030754,0.019921,9.4589
3,2.2580,113,0,0,0.028178,0.019628,9.4588
3,2.2790,114,0,0,0.029660,0.019874,9.4587
3,2.2980,115,0,0,0.029907,0.020993,9.4586
3,2.3180,116,0,0,0.032758,0.022242,9.4586
3,2.3380,117,0,0,0.043668,0.023229,9.4586
3,2.3580,118,0,0,0.053940,0.023955,9.4587
3,2.3780,119,0,0,0.063312,0.024567,9.4588
3,2.3980,120,0,0,0.071746,0.025335,9.4589
3,2.4180,121,0,0,0.079274,0.026730,9.4590
3,2.4380,122,0,0,0.085957,0.029654,9.4591
3,2.4580,123,0,0,0.091865,0.033959,9.4592
3,2.4780,124,0,0,0.097083,0.038462,9.4592
3,2.4980,125,0,0,0.101729,0.042821,9.4593
3,2.5180,126,0,0,0.105972,0.046889,9.4593
3,2.5380,127,0,0,0.110031,0.050601,9.4593
3,2.5580,128,0,0,0.114159,0.053942,9.4594
3,2.5780,129,0,0,0.118603,0.056931,9.4594
3,2.5980,130,0,0,0.123554,0.059604,9.4595
3,2.6190,131,0,0,0.129118,0.062001,9.4595
3,2.6380,132,0,0,0.135294,0.064155,9.4596
3,2.6580,133,0,0,0.141984,0.066089,9.4597
3,2.6780,134,0,0,0.149016,0.067816,9.4598
3,2.6980,135,0,0,0.156173,0.069340,9.4599
3,2.7180,136,0,0,0.163227,0.070668,9.4601
3,2.7380,137,0,0,0.169956,0.071813,9.4602
3,2.7580,138,0,0,0.176167,0.072801,9.4603
3,2.7790,139,0,0,0.181705,0.073676,9.4604
3,2.7980,140,0,0,0.186453,0.074499,9.4605
3,2.8180,141,0,0,0.190339,0.075338,9.4606
3,2.8380,142,0,0,0.193332,0.076254,9.4607
3,2.8580,143,0,0,0.195440,0.077281,9.4608
3,2.8780,144,0,0,0.196704,0.078407,9.4609
3,2.8980,145,0,0,0.197195,0.079580,9.4611
3,2.9180,146,0,0,0.197009,0.080726,9.4612
3,2.9380,147,0,0,0.196263,0.081765,9.4613
3,2.9590,148,0,0,0.195060,0.082631,9.4613
3,2.9780,149,0,0,0.193529,0.083272,9.4614
3,2.9980,150,0,0,0.191797,0.083655,9.4615
3,3.0180,151,0,0,0.189974,0.083765,9.4616
3,3.0380,152,0,0,0.188149,0.083598,9.4617
3,3.0580,153,0,0,0.186378,0.083163,9.4617
3,3.0780,154,0,0,0.184690,0.082473,9.4618
3,3.0980,155,0,0,0.183079,0.081546,9.4619
3,3.1180,156,0,0,0.182454,0.083942,9.4617
3,3.1380,157,0,0,0.180402,0.087695,9.4612
3,3.1580,158,0,0,0.177233,0.088415,9.4606
3,3.1780,159,0,0,0.174304,0.101723,9.4595
3,3.1980,160,0,0,0.184571,0.111134,9.4584
3,3.2180,161,0,0,0.214365,0.113301,9.4572
3,3.2380,162,0,0,0.254464,0.108762,9.4558
3,3.2580,163,0,0,0.290144,0.105221,9.4543
3,3.2790,164,0,0,0.310464,0.098825,9.4529
3,3.2980,165,0,0,0.313497,0.089163,9.4518
3,3.3180,166,0,0,0.302501,0.081895,9.4512
3,3.3380,167,0,0,0.284090,0.082159,9.4511
3,3.3580,168,0,0,0.264631,0.088513,9.4515
3,3.3780,169,0,0,0.247081,0.096568,9.4521
3,3.3980,170,0,0,0.231606,0.103879,9.4528
3,3.4180,171,0,0,0.212031,0.136573,9.4535
3,3.4380,172,0,0,0.226308,0.140685,9.4541
3,3.4590,173,0,0,0.232886,0.136465,9.4541
3,3.4780,174,0,0,0.243508,0.148410,9.4531
3,3.4980,175,0,0,0.269626,0.155325,9.4519
3,3.5180,176,0,0,0.272153,0.156421,9.4507
3,3.5380,177,0,0,0.266747,0.152720,9.4498
3,3.5580,178,0,0,0.267265,0.148010,9.4494
3,3.5780,179,0,0,0.279049,0.145064,9.4494
3,3.5980,180,0,0,0.299819,0.144130,9.4497
3,3.6190,181,0,0,0.324231,0.143355,9.4502
3,3.6380,182,0,0,0.348856,0.164149,9.4501
3,3.6580,183,0,0,0.369829,0.167495,9.4492
3,3.6780,184,0,0,0.381970,0.172424,9.4475
3,3.6980,185,0,0,0.387509,0.176254,9.4453
3,3.7180,186,0,0,0.413301,0.196907,9.4427
3,3.7380,187,0,0,0.440983,0.197706,9.4399
3,3.7580,188,0,0,0.455103,0.198772,9.4372
3,3.7790,189,0,0,0.453411,0.186637,9.4351
3,3.7980,190,0,0,0.432660,0.176053,9.4339
3,3.8180,191,0,0,0.412259,0.173917,9.4337
3,3.8380,192,0,0,0.402489,0.180521,9.4344
3,3.8580,193,0,0,0.401401,0.188614,9.4356
3,3.8780,194,0,0,0.402506,0.193719,9.4369
3,3.8980,195,0,0,0.401798,0.195612,9.4381
3,3.9180,196,0,0,0.399394,0.195729,9.4388
3,3.9380,197,0,0,0.397695,0.195451,9.4391
3,3.9590,198,0,0,0.399203,0.195340,9.4389
3,3.9780,199,0,0,0.405053,0.195179,9.4384
3,3.9980,200,0,0,0.414711,0.194483,9.4377
3,4.0180,201,0,0,0.434861,0.202724,9.4366
3,4.0380,202,0,0,0.441343,0.209088,9.4353
3,4.0580,203,0,0,0.431534,0.207243,9.4341
3,4.0780,204,0,0,0.414620,0.200320,9.4332
3,4.0980,205,0,0,0.397606,0.192271,9.4327
3,4.1190,206,0,0,0.388126,0.221478,9.4316
3,4.1380,207,0,0,0.387793,0.228798,9.4293
3,4.1580,208,0,0,0.412122,0.236014,9.4261
3,4.1780,209,0,0,0.429370,0.229733,9.4227
3,4.1980,210,0,0,0.435637,0.220515,9.4198
3,4.2180,211,0,0,0.441052,0.211081,9.4179
3,4.2380,212,0,0,0.448874,0.204983,9.4171
3,4.2580,213,0,0,0.458953,0.204785,9.4174
3,4.2780,214,0,0,0.469707,0.207866,9.4184
3,4.2980,215,0,0,0.478754,0.209911,9.4197
3,4.3180,216,0,0,0.484617,0.208366,9.4211
3,4.3380,217,0,0,0.486701,0.205898,9.4222
3,4.3580,218,0,0,0.485533,0.202866,9.4228
3,4.3780,219,0,0,0.483497,0.200870,9.4228
3,4.3980,220,0,0,0.482381,0.199579,9.4222
3,4.4180,221,0,0,0.481708,0.198045,9.4212
3,4.4380,222,0,0,0.479990,0.195313,9.4199
3,4.4590,223,0,0,0.476085,0.191239,9.4187
3,4.4780,224,0,0,0.469996,0.186651,9.4176
3,4.4980,225,0,0,0.462247,0.182600,9.4169
3,4.5180,226,0,0,0.453116,0.179907,9.4165
3,4.5380,227,0,0,0.442332,0.178487,9.4163
3,4.5580,228,0,0,0.429445,0.177554,9.4163
3,4.5780,229,0,0,0.414287,0.176149,9.4164
3,4.5980,230,0,0,0.397745,0.174068,9.4164
3,4.6190,231,0,0,0.380234,0.171446,9.4162
3,4.6380,232,0,0,0.362268,0.167968,9.4160
3,4.6580,233,0,0,0.343629,0.163348,9.4158
3,4.6780,234,0,0,0.324411,0.158218,9.4155
3,4.6980,235,0,0,0.306704,0.152691,9.4153
3,4.7180,236,0,0,0.292237,0.146956,9.4151
3,4.7380,237,0,0,0.281288,0.140963,9.4150
3,4.7580,238,0,0,0.272254,0.160350,9.4145
3,4.7780,239,0,0,0.261324,0.171051,9.4130
3,4.7980,240,0,0,0.280802,0.166493,9.4110
3,4.8180,241,0,0,0.286510,0.160876,9.4091
3,4.8380,242,0,0,0.319987,0.165052,9.4074
3,4.8580,243,0,0,0.346462,0.157401,9.4060
3,4.8780,244,0,0,0.356826,0.148622,9.4052
3,4.8980,245,0,0,0.362163,0.141095,9.4050
3,4.9180,246,0,0,0.364596,0.136315,9.4053
3,4.9380,247,0,0,0.363064,0.135241,9.4057
3,4.9590,248,0,0,0.357826,0.135668,9.4062
3,4.9780,249,0,0,0.349992,0.136902,9.4065
3,4.9980,250,0,0,0.340512,0.139630,9.4066
3,5.0180,251,0,0,0.331425,0.143577,9.4065
3,5.0380,252,0,0,0.324045,0.148137,9.4063
3,5.0580,253,0,0,0.319350,0.151605,9.4058
3,5.0780,254,0,0,0.313108,0.155850,9.4049
3,5.0980,255,0,0,0.306552,0.158435,9.4040
3,5.1190,256,0,0,0.304387,0.159409,9.4031
3,5.1380,257,0,0,0.307356,0.159984,9.4023
3,5.1580,258,0,0,0.310470,0.158902,9.4016
3,5.1780,259,0,0,0.314455,0.157580,9.4010
3,5.1980,260,0,0,0.322550,0.156686,9.4006
3,5.2180,261,0,0,0.331105,0.155837,9.4004
3,5.2380,262,0,0,0.340616,0.155277,9.4003
3,5.2580,263,0,0,0.352475,0.161393,9.4003
3,5.2790,264,0,0,0.363317,0.164590,9.4001
3,5.2990,265,0,0,0.370583,0.160671,9.3996
3,5.3180,266,0,0,0.377665,0.157404,9.3991
3,5.3380,267,0,0,0.387884,0.156980,9.3987
3,5.3580,268,0,0,0.397301,0.158091,9.3984
3,5.3780,269,0,0,0.402476,0.159808,9.3981
3,5.3980,270,0,0,0.403165,0.161708,9.3980
3,5.4180,271,0,0,0.400795,0.163811,9.3980
3,5.4380,272,0,0,0.397106,0.166154,9.3979
3,5.4590,273,0,0,0.393462,0.168714,9.3979
3,5.4780,274,0,0,0.390682,0.171392,9.3979
3,5.4980,275,0,0,0.389117,0.173941,9.3979
3,5.5180,276,0,0,0.388623,0.176077,9.3978
3,5.5380,277,0,0,0.388867,0.177603,9.3976
3,5.5580,278,0,0,0.389554,0.178437,9.3975
3,5.5780,279,0,0,0.390606,0.178576,9.3974
3,5.5980,280,0,0,0.392020,0.178104,9.3972
3,5.6190,281,0,0,0.393854,0.177094,9.3971
3,5.6400,282,0,0,0.396034,0.175652,9.3971
3,5.6580,283,0,0,0.398282,0.173841,9.3970
3,5.6780,284,0,0,0.400212,0.171706,9.3970
3,5.6980,285,0,0,0.401386,0.169252,9.3970
3,5.7180,286,0,0,0.401458,0.166632,9.3970
3,5.7380,287,0,0,0.400162,0.163926,9.3970
3,5.7580,288,0,0,0.397326,0.161234,9.3969
3,5.7780,289,0,0,0.392900,0.158664,9.3969
3,5.7990,290,0,0,0.386857,0.156299,9.3967
3,5.8180,291,0,0,0.379296,0.154170,9.3966
3,5.8380,292,0,0,0.370335,0.152206,9.3964
3,5.8580,293,0,0,0.360131,0.150321,9.3962
3,5.8780,294,0,0,0.349009,0.148334,9.3960
3,5.8980,295,0,0,0.337235,0.146111,9.3959
3,5.9180,296,0,0,0.325041,0.143541,9.3957
3,5.9380,297,0,0,0.312711,0.140399,9.3955
3,5.9590,298,0,0,0.300839,0.136595,9.3954
3,5.9780,299,0,0,0.289734,0.132202,9.3954
3,5.9980,300,0,0,0.279460,0.127350,9.3954
3,6.0180,301,0,0,0.269991,0.122013,9.3954
3,6.0380,302,0,0,0.261143,0.116240,9.3954
3,6.0580,303,0,0,0.252871,0.110203,9.3956
3,6.0780,304,0,0,0.245157,0.104279,9.3957
3,6.0980,305,0,0,0.237595,0.098592,9.3959
3,6.1190,306,0,0,0.229975,0.093039,9.3961
3,6.1380,307,0,0,0.222119,0.087533,9.3964
3,6.1580,308,0,0,0.213729,0.082002,9.3967
3,6.1780,309,0,0,0.204507,0.076426,9.3969
3,6.1980,310,0,0,0.194273,0.070849,9.3972
3,6.2180,311,0,0,0.183003,0.065331,9.3974
3,6.2380,312,0,0,0.170763,0.060015,9.3976
3,6.2580,313,0,0,0.157675,0.055230,9.3977
3,6.2780,314,0,0,0.143893,0.051614,9.3978
3,6.2990,315,0,0,0.129634,0.049089,9.3978
3,6.3180,316,0,0,0.115225,0.047084,9.3979
3,6.3380,317,0,0,0.101130,0.045366,9.3979
3,6.3580,318,0,0,0.087978,0.043845,9.3979
3,6.3780,319,0,0,0.076678,0.042541,9.3979
3,6.3980,320,0,0,0.068385,0.041537,9.3979
3,6.4180,321,0,0,0.064263,0.040946,9.3979
3,6.4380,322,0,0,0.064884,0.040813,9.3979
3,6.4590,323,0,0,0.069781,0.041093,9.3979
3,6.4780,324,0,0,0.077727,0.041692,9.3980
3,6.4980,325,0,0,0.087443,0.042550,9.3980
3,6.5180,326,0,0,0.097963,0.043695,9.3981
3,6.5380,327,0,0,0.108653,0.045250,9.3982
3,6.5580,328,0,0,0.119126,0.047414,9.3984
3,6.5780,329,0,0,0.129163,0.050410,9.3986
3,6.5980,330,0,0,0.138645,0.054297,9.3987
3,6.6180,331,0,0,0.147543,0.058810,9.3989
3,6.6380,332,0,0,0.155896,0.063611,9.3991
3,6.6580,333,0,0,0.163789,0.068459,9.3993
3,6.6780,334,0,0,0.171345,0.073209,9.3995
3,6.6980,335,0,0,0.178723,0.077783,9.3997
3,6.7180,336,0,0,0.186086,0.082145,9.3999
3,6.7380,337,0,0,0.193581,0.086287,9.4000
3,6.7580,338,0,0,0.201319,0.090216,9.4002
3,6.7780,339,0,0,0.209357,0.093935,9.4004
3,6.7990,340,0,0,0.217692,0.097446,9.4005
3,6.8180,341,0,0,0.226261,0.100742,9.4007
3,6.8380,342,0,0,0.234953,0.103805,9.4008
3,6.8580,343,0,0,0.243627,0.106626,9.4010
3,6.8780,344,0,0,0.252131,0.109190,9.4011
3,6.8980,345,0,0,0.260319,0.111501,9.4013
3,6.9180,346,0,0,0.268039,0.113579,9.4014
3,6.9380,347,0,0,0.275172,0.115444,9.4016
3,6.9590,348,0,0,0.281640,0.117174,9.4018
3,6.9780,349,0,0,0.287307,0.118838,9.4020
3,6.9980,350,0,0,0.292159,0.120470,9.4022
3,7.0180,351,0,0,0.296215,0.122096,9.4024
3,7.0380,352,0,0,0.299524,0.123725,9.4027
3,7.0580,353,0,0,0.302139,0.125333,9.4029
3,7.0780,354,0,0,0.304095,0.126881,9.4032
3,7.0980,355,0,0,0.305427,0.128313,9.4034
3,7.1180,356,0,0,0.306189,0.129575,9.4036
3,7.1380,357,0,0,0.306437,0.130627,9.4039
3,7.1580,358,0,0,0.306246,0.131360,9.4041
3,7.1780,359,0,0,0.305717,0.131932,9.4043
3,7.1980,360,0,0,0.304888,0.132307,9.4045
3,7.2180,361,0,0,0.303838,0.132465,9.4047
3,7.2380,362,0,0,0.302646,0.132393,9.4049
3,7.2580,363,0,0,0.301334,0.132088,9.4051
3,7.2780,364,0,0,0.299912,0.131545,9.4054
3,7.2990,365,0,0,0.298392,0.130763,9.4056
3,7.3180,366,0,0,0.296771,0.129749,9.4058
3,7.3380,367,0,0,0.295005,0.128516,9.4060
3,7.3580,368,0,0,0.293061,0.127080,9.4062
3,7.3780,369,0,0,0.290896,0.125462,9.4064
3,7.3980,370,0,0,0.288440,0.123687,9.4066
3,7.4180,371,0,0,0.285653,0.121783,9.4068
3,7.4380,372,0,0,0.282495,0.119780,9.4070
3,7.4590,373,0,0,0.278933,0.117706,9.4072
3,7.4780,374,0,0,0.274933,0.115582,9.4074
3,7.4980,375,0,0,0.270489,0.113422,9.4076
3,7.5180,376,0,0,0.265596,0.111236,9.4078
3,7.5380,377,0,0,0.260255,0.109027,9.4079
3,7.5580,378,0,0,0.254496,0.106795,9.4081
3,7.5780,379,0,0,0.248358,0.104538,9.4083
3,7.5980,380,0,0,0.241878,0.102254,9.4085
3,7.6180,381,0,0,0.235114,0.099939,9.4086
3,7.6390,382,0,0,0.228146,0.097588,9.4088
3,7.6580,383,0,0,0.221047,0.095197,9.4089
3,7.6780,384,0,0,0.213898,0.092761,9.4091
3,7.6980,385,0,0,0.206776,0.090274,9.4092
3,7.7180,386,0,0,0.199755,0.087730,9.4094
3,7.7380,387,0,0,0.192899,0.085126,9.4095
3,7.7580,388,0,0,0.186263,0.082466,9.4097
3,7.7780,389,0,0,0.179889,0.079772,9.4098
3,7.7990,390,0,0,0.173805,0.077043,9.4099
3,7.8180,391,0,0,0.168032,0.074291,9.4101
3,7.8380,392,0,0,0.162572,0.071542,9.4102
3,7.8580,393,0,0,0.157415,0.068827,9.4103
3,7.8780,394,0,0,0.152554,0.066184,9.4104
3,7.8980,395,0,0,0.147990,0.063651,9.4106
3,7.9180,396,0,0,0.143725,0.061268,9.4107
3,7.9380,397,0,0,0.139766,0.059076,9.4108
3,7.9590,398,0,0,0.136112,0.057110,9.4109
3,7.9780,399,0,0,0.132780,0.055400,9.4110
3,7.9980,400,0,0,0.129803,0.053971,9.4111
3,8.0180,401,0,0,0.127225,0.052843,9.4112
3,8.0380,402,0,0,0.125099,0.052028,9.4113
3,8.0580,403,0,0,0.123484,0.051526,9.4113
3,8.0780,404,0,0,0.122441,0.051335,9.4114
3,8.0980,405,0,0,0.122019,0.051441,9.4115
3,8.1180,406,0,0,0.122249,0.051827,9.4116
3,8.1380,407,0,0,0.123145,0.052470,9.4116
3,8.1580,408,0,0,0.124699,0.053348,9.4117
3,8.1780,409,0,0,0.126883,0.054437,9.4117
3,8.1980,410,0,0,0.129649,0.055714,9.4118
3,8.2180,411,0,0,0.132937,0.057159,9.4118
3,8.2380,412,0,0,0.136680,0.058753,9.4119
3,8.2580,413,0,0,0.140808,0.060482,9.4119
3,8.2780,414,0,0,0.145251,0.062330,9.4119
3,8.2990,415,0,0,0.149953,0.064290,9.4119
3,8.3180,416,0,0,0.154852,0.066338,9.4119
3,8.3380,417,0,0,0.159917,0.068467,9.4119
3,8.3580,418,0,0,0.165100,0.070663,9.4119
3,8.3780,419,0,0,0.170372,0.072912,9.4119
3,8.3980,420,0,0,0.175710,0.075198,9.4119
3,8.4180,421,0,0,0.181088,0.077508,9.4119
3,8.4380,422,0,0,0.186501,0.079828,9.4118
3,8.4580,423,0,0,0.191925,0.082146,9.4118
3,8.4790,424,0,0,0.197345,0.084451,9.4117
3,8.4980,425,0,0,0.202745,0.086735,9.4117
3,8.5180,426,0,0,0.208108,0.088990,9.4116
3,8.5380,427,0,0,0.213405,0.091212,9.4115
3,8.5580,428,0,0,0.218626,0.093395,9.4114
3,8.5780,429,0,0,0.223764,0.095539,9.4113
3,8.5980,430,0,0,0.228787,0.097638,9.4112
3,8.6180,431,0,0,0.233675,0.099692,9.4111
3,8.6380,432,0,0,0.238412,0.101697,9.4110
3,8.6580,433,0,0,0.242976,0.103652,9.4109
3,8.6780,434,0,0,0.247364,0.105553,9.4107
3,8.6980,435,0,0,0.251563,0.107397,9.4106
3,8.7180,436,0,0,0.255565,0.109180,9.4104
3,8.7380,437,0,0,0.259364,0.110899,9.4102
3,8.7580,438,0,0,0.262959,0.112547,9.4101
3,8.7780,439,0,0,0.266350,0.114120,9.4099
3,8.7990,440,0,0,0.269543,0.115611,9.4097
3,8.8180,441,0,0,0.272540,0.117015,9.4095
3,8.8380,442,0,0,0.275344,0.118324,9.4093
3,8.8580,443,0,0,0.277945,0.119535,9.4090
3,8.8780,444,0,0,0.280360,0.120641,9.4088
3,8.8980,445,0,0,0.282580,0.121638,9.4086
3,8.9180,446,0,0,0.284594,0.122525,9.4083
3,8.9380,447,0,0,0.286410,0.123298,9.4081
3,8.9580,448,0,0,0.288013,0.123957,9.4078
3,8.9780,449,0,0,0.289386,0.124501,9.4076
3,8.9980,450,0,0,0.290517,0.124930,9.4073
3,9.0180,451,0,0,0.291388,0.125244,9.4070
3,9.0380,452,0,0,0.291994,0.125441,9.4067
3,9.0580,453,0,0,0.292330,0.125524,9.4064
3,9.0780,454,0,0,0.292378,0.125495,9.4061
3,9.0980,455,0,0,0.292129,0.125355,9.4058
3,9.1180,456,0,0,0.291586,0.125102,9.4055
3,9.1390,457,0,0,0.290732,0.124736,9.4052
3,9.1580,458,0,0,0.289566,0.124254,9.4049
3,9.1780,459,0,0,0.288084,0.123655,9.4046
3,9.1980,460,0,0,0.286296,0.122938,9.4043
3,9.2180,461,0,0,0.284205,0.122101,9.4040
3,9.2380,462,0,0,0.281818,0.121146,9.4036
3,9.2580,463,0,0,0.279155,0.120115,9.4033
3,9.2780,464,0,0,0.276280,0.118945,9.4030
3,9.2990,465,0,0,0.273177,0.117307,9.4026
3,9.3180,466,0,0,0.269499,0.115713,9.4023
3,9.3380,467,0,0,0.265221,0.114241,9.4020
3,9.3580,468,0,0,0.260782,0.112827,9.4018
3,9.3780,469,0,0,0.256316,0.111561,9.4015
3,9.3980,470,0,0,0.251744,0.110323,9.4013
3,9.4180,471,0,0,0.247019,0.109494,9.4012
3,9.4380,472,0,0,0.242233,0.108674,9.4010
3,9.4580,473,0,0,0.237449,0.107821,9.4008
3,9.4780,474,0,0,0.232609,0.106915,9.4007
3,9.4980,475,0,0,0.227802,0.105942,9.4005
3,9.5180,476,0,0,0.223256,0.104894,9.4004
3,9.5380,477,0,0,0.219191,0.103768,9.4002
3,9.5580,478,0,0,0.215757,0.102569,9.4000
3,9.5780,479,0,0,0.213009,0.101305,9.3999
3,9.5980,480,0,0,0.210917,0.099943,9.3997
3,9.6180,481,0,0,0.209429,0.098562,9.3996
3,9.6390,482,0,0,0.208463,0.097174,9.3994
3,9.6580,483,0,0,0.207862,0.095803,9.3993
3,9.6780,484,0,0,0.207483,0.094480,9.3991
3,9.6980,485,0,0,0.207202,0.093240,9.3990
3,9.7180,486,0,0,0.206936,0.092117,9.3989
3,9.7380,487,0,0,0.206609,0.091136,9.3987
3,9.7580,488,0,0,0.206175,0.090318,9.3986
3,9.7780,489,0,0,0.205597,0.089691,9.3985
3,9.7990,490,0,0,0.204873,0.089228,9.3984
3,9.8180,491,0,0,0.204020,0.088929,9.3983
3,9.8380,492,0,0,0.203063,0.088774,9.3982
3,9.8580,493,0,0,0.202026,0.088739,9.3981
3,9.8780,494,0,0,0.200962,0.088809,9.3981
3,9.8980,495,0,0,0.199949,0.088914,9.3980
3,9.9180,496,0,0,0.199121,0.089037,9.3980
3,9.9380,497,0,0,0.198567,0.089189,9.3979
3,9.9580,498,0,0,0.198313,0.089356,9.3979
3,9.9790,499,0,0,0.198379,0.089515,9.3979
3,9.9980,500,0,0,0.198743,0.089647,9.3979
3,10.0180,501,0,0,0.199433,0.089722,9.3979
3,10.0380,502,0,0,0.200391,0.089738,9.3979
3,10.0580,503,0,0,0.201550,0.089679,9.3979
3,10.0780,504,0,0,0.202919,0.089617,9.3979
3,10.0980,505,0,0,0.204462,0.089571,9.3979
3,10.1180,506,0,0,0.206124,0.089556,9.3979
3,10.1390,507,0,0,0.207883,0.089575,9.3979
3,10.1580,508,0,0,0.209548,0.089625,9.3980
3,10.1780,509,0,0,0.210936,0.089719,9.3980
3,10.1980,510,0,0,0.212032,0.089880,9.3981
3,10.2180,511,0,0,0.212868,0.090107,9.3982
3,10.2380,512,0,0,0.213474,0.090406,9.3982
3,10.2580,513,0,0,0.213897,0.090769,9.3983
3,10.2780,514,0,0,0.214165,0.091200,9.3984
3,10.2980,515,0,0,0.214322,0.091676,9.3985
3,10.3180,516,0,0,0.214435,0.092233,9.3985
3,10.3380,517,0,0,0.214583,0.092882,9.3986
3,10.3580,518,0,0,0.214704,0.093538,9.3988
3,10.3780,519,0,0,0.214749,0.094146,9.3989
3,10.3980,520,0,0,0.214760,0.094694,9.3990
3,10.4180,521,0,0,0.214827,0.095194,9.3991
3,10.4380,522,0,0,0.215066,0.095674,9.3992
3,10.4580,523,0,0,0.215591,0.096156,9.3994
3,10.4790,524,0,0,0.216496,0.096681,9.3995
3,10.4980,525,0,0,0.217846,0.097185,9.3996
3,10.5180,526,0,0,0.219653,0.097788,9.3998
3,10.5380,527,0,0,0.221886,0.098506,9.3999
3,10.5580,528,0,0,0.224498,0.099346,9.4001
3,10.5780,529,0,0,0.227433,0.100317,9.4003
3,10.5980,530,0,0,0.230639,0.101419,9.4005
3,10.6180,531,0,0,0.234087,0.102665,9.4007
3,10.6390,532,0,0,0.237775,0.104068,9.4008
3,10.6580,533,0,0,0.241698,0.105637,9.4011
3,10.6780,534,0,0,0.245895,0.107383,9.4013
3,10.6980,535,0,0,0.250375,0.114369,9.4014
3,10.7180,536,0,0,0.255447,0.116174,9.4014
3,10.7380,537,0,0,0.259118,0.119422,9.4013
3,10.7580,538,0,0,0.261775,0.122293,9.4011
3,10.7780,539,0,0,0.264856,0.124774,9.4010
3,10.7980,540,0,0,0.269200,0.126964,9.4011
3,10.8190,541,0,0,0.275292,0.128411,9.4012
3,10.8380,542,0,0,0.283306,0.129855,9.4015
3,10.8580,543,0,0,0.293271,0.131396,9.4019
3,10.8780,544,0,0,0.304880,0.133038,9.4024
3,10.8980,545,0,0,0.317504,0.134753,9.4029
3,10.9180,546,0,0,0.330443,0.136555,9.4033
3,10.9380,547,0,0,0.343079,0.138507,9.4038
3,10.9580,548,0,0,0.355017,0.140690,9.4041
3,10.9790,549,0,0,0.365986,0.143369,9.4044
3,10.9980,550,0,0,0.375907,0.146429,9.4046
3,11.0180,551,0,0,0.384607,0.149566,9.4048
3,11.0380,552,0,0,0.391250,0.152773,9.4049
3,11.0580,553,0,0,0.395106,0.156206,9.4051
3,11.0780,554,0,0,0.396590,0.159703,9.4053
3,11.0980,555,0,0,0.396747,0.163616,9.4055
3,11.1180,556,0,0,0.396129,0.167543,9.4058
3,11.1390,557,0,0,0.395154,0.171289,9.4062
3,11.1580,558,0,0,0.394327,0.174695,9.4065
3,11.1780,559,0,0,0.394039,0.177644,9.4068
3,11.1980,560,0,0,0.394520,0.180049,9.4071
3,11.2180,561,0,0,0.395831,0.181864,9.4074
3,11.2380,562,0,0,0.397914,0.183066,9.4076
3,11.2580,563,0,0,0.400654,0.183665,9.4078
3,11.2780,564,0,0,0.403820,0.183701,9.4080
3,11.2980,565,0,0,0.407161,0.183235,9.4081
3,11.3190,566,0,0,0.410401,0.182352,9.4082
3,11.3380,567,0,0,0.413313,0.181146,9.4083
3,11.3580,568,0,0,0.415648,0.179716,9.4084
3,11.3780,569,0,0,0.417183,0.178150,9.4085
3,11.3980,570,0,0,0.417739,0.176530,9.4086
3,11.4180,571,0,0,0.417190,0.174903,9.4087
3,11.4380,572,0,0,0.415458,0.173295,9.4088
3,11.4580,573,0,0,0.412523,0.171715,9.4088
3,11.4790,574,0,0,0.408448,0.170159,9.4089
3,11.4980,575,0,0,0.403413,0.168611,9.4089
3,11.5180,576,0,0,0.397324,0.167049,9.4088
3,11.5380,577,0,0,0.390450,0.165422,9.4088
3,11.5580,578,0,0,0.383045,0.163537,9.4088
3,11.5780,579,0,0,0.375452,0.161253,9.4087
3,11.5980,580,0,0,0.368034,0.158725,9.4086
3,11.6180,581,0,0,0.360720,0.155991,9.4085
3,11.6390,582,0,0,0.353419,0.153052,9.4083
3,11.6580,583,0,0,0.346117,0.149924,9.4082
3,11.6780,584,0,0,0.338864,0.146649,9.4080
3,11.6980,585,0,0,0.331685,0.143289,9.4079
3,11.7180,586,0,0,0.324632,0.139921,9.4077
3,11.7380,587,0,0,0.317784,0.136621,9.4075
3,11.7580,588,0,0,0.311191,0.133456,9.4073
3,11.7780,589,0,0,0.304932,0.130484,9.4071
3,11.7980,590,0,0,0.299062,0.127755,9.4069
3,11.8190,591,0,0,0.293664,0.125312,9.4067
3,11.8380,592,0,0,0.288856,0.123197,9.4064
3,11.8580,593,0,0,0.284746,0.121433,9.4062
3,11.8780,594,0,0,0.281624,0.123010,9.4056
3,11.8980,595,0,0,0.284334,0.119639,9.4045
3,11.9180,596,0,0,0.290012,0.115841,9.4032
3,11.9380,597,0,0,0.295270,0.110964,9.4020
3,11.9580,598,0,0,0.299611,0.105027,9.4011
3,11.9790,599,0,0,0.302228,0.099800,9.4005
3,11.9980,600,0,0,0.303664,0.104715,9.4001
3,12.0180,601,0,0,0.304082,0.103219,9.3993
3,12.0380,602,0,0,0.301859,0.102813,9.3985
3,12.0580,603,0,0,0.297603,0.102454,9.3979
3,12.0780,604,0,0,0.292119,0.101728,9.3975
3,12.0980,605,0,0,0.285123,0.101386,9.3973
3,12.1180,606,0,0,0.276431,0.102523,9.3972
3,12.1380,607,0,0,0.266160,0.105553,9.3973
3,12.1590,608,0,0,0.254694,0.109800,9.3975
3,12.1780,609,0,0,0.242830,0.114495,9.3976
3,12.1980,610,0,0,0.231730,0.119192,9.3977
3,12.2180,611,0,0,0.222723,0.123764,9.3978
3,12.2380,612,0,0,0.217066,0.127881,9.3978
3,12.2580,613,0,0,0.215902,0.131012,9.3976
3,12.2780,614,0,0,0.218343,0.133920,9.3973
3,12.2980,615,0,0,0.224043,0.135450,9.3968
3,12.3190,616,0,0,0.234173,0.135607,9.3962
3,12.3380,617,0,0,0.248424,0.134798,9.3958
3,12.3580,618,0,0,0.265650,0.133507,9.3954
3,12.3780,619,0,0,0.284401,0.132575,9.3951
3,12.3980,620,0,0,0.303223,0.131844,9.3949
3,12.4180,621,0,0,0.320725,0.131187,9.3949
3,12.4380,622,0,0,0.335682,0.130779,9.3949
3,12.4580,623,0,0,0.347269,0.130839,9.3949
3,12.4790,624,0,0,0.355281,0.131428,9.3950
3,12.4980,625,0,0,0.359882,0.132359,9.3950
3,12.5180,626,0,0,0.361812,0.133923,9.3950
3,12.5380,627,0,0,0.361828,0.136486,9.3950
3,12.5580,628,0,0,0.360380,0.140097,9.3949
3,12.5780,629,0,0,0.357806,0.144322,9.3947
3,12.5980,630,0,0,0.354480,0.148726,9.3946
3,12.6180,631,0,0,0.350762,0.153315,9.3945
3,12.6380,632,0,0,0.346948,0.157656,9.3945
3,12.6590,633,0,0,0.343227,0.161599,9.3945
3,12.6780,634,0,0,0.339777,0.164938,9.3946
3,12.6980,635,0,0,0.336843,0.167684,9.3948
3,12.7180,636,0,0,0.334709,0.169665,9.3950
3,12.7380,637,0,0,0.333555,0.170808,9.3952
3,12.7580,638,0,0,0.333468,0.171089,9.3954
3,12.7780,639,0,0,0.334497,0.170459,9.3956
3,12.7980,640,0,0,0.336713,0.169150,9.3958
3,12.8190,641,0,0,0.339864,0.167482,9.3959
3,12.8380,642,0,0,0.343595,0.165383,9.3959
3,12.8580,643,0,0,0.347725,0.162968,9.3959
3,12.8780,644,0,0,0.351910,0.160345,9.3958
3,12.8980,645,0,0,0.355812,0.157608,9.3956
3,12.9180,646,0,0,0.359135,0.154795,9.3955
3,12.9380,647,0,0,0.361585,0.151930,9.3953
3,12.9580,648,0,0,0.362805,0.149158,9.3952
3,12.9790,649,0,0,0.362498,0.146422,9.3950
3,12.9980,650,0,0,0.360352,0.143571,9.3949
3,13.0180,651,0,0,0.356532,0.140703,9.3949
3,13.0380,652,0,0,0.351315,0.137962,9.3949
3,13.0580,653,0,0,0.344573,0.135371,9.3949
3,13.0780,654,0,0,0.336250,0.132928,9.3950
3,13.0980,655,0,0,0.326521,0.130599,9.3951
3,13.1180,656,0,0,0.315667,0.128333,9.3951
3,13.1380,657,0,0,0.304058,0.126035,9.3952
3,13.1580,658,0,0,0.292104,0.123596,9.3953
3,13.1780,659,0,0,0.280097,0.120929,9.3953
3,13.1980,660,0,0,0.268232,0.117989,9.3954
3,13.2180,661,0,0,0.256684,0.114754,9.3954
3,13.2380,662,0,0,0.245627,0.111191,9.3954
3,13.2580,663,0,0,0.235154,0.107303,9.3954
3,13.2780,664,0,0,0.225332,0.103085,9.3954
3,13.2980,665,0,0,0.216117,0.098653,9.3954
3,13.3190,666,0,0,0.207430,0.094101,9.3954
3,13.3380,667,0,0,0.199171,0.089545,9.3955
3,13.3580,668,0,0,0.191241,0.085083,9.3956
3,13.3780,669,0,0,0.183560,0.080818,9.3957
3,13.3980,670,0,0,0.176093,0.076855,9.3958
3,13.4180,671,0,0,0.168781,0.073298,9.3959
3,13.4380,672,0,0,0.161661,0.070191,9.3961
3,13.4580,673,0,0,0.154919,0.067562,9.3962
3,13.4790,674,0,0,0.148809,0.065419,9.3964
3,13.4980,675,0,0,0.143664,0.063761,9.3966
3,13.5180,676,0,0,0.139882,0.062529,9.3967
3,13.5380,677,0,0,0.137810,0.061779,9.3969
3,13.5580,678,0,0,0.137748,0.061543,9.3970
3,13.5780,679,0,0,0.139888,0.061826,9.3972
3,13.5980,680,0,0,0.144130,0.062622,9.3973
3,13.6180,681,0,0,0.150138,0.063908,9.3975
3,13.6380,682,0,0,0.157486,0.065650,9.3977
3,13.6590,683,0,0,0.165737,0.067817,9.3979
3,13.6780,684,0,0,0.174542,0.070385,9.3981
3,13.6980,685,0,0,0.183631,0.073335,9.3983
3,13.7180,686,0,0,0.192807,0.076642,9.3985
3,13.7380,687,0,0,0.201930,0.080268,9.3987
3,13.7580,688,0,0,0.210905,0.084160,9.3989
3,13.7780,689,0,0,0.219676,0.088255,9.3991
3,13.7980,690,0,0,0.228222,0.092482,9.3993
3,13.8190,691,0,0,0.236542,0.096771,9.3995
3,13.8380,692,0,0,0.244664,0.101057,9.3998
3,13.8580,693,0,0,0.252611,0.105279,9.4000
3,13.8780,694,0,0,0.260411,0.109389,9.4002
3,13.8980,695,0,0,0.268079,0.113344,9.4004
3,13.9180,696,0,0,0.275626,0.117109,9.4006
3,13.9380,697,0,0,0.283047,0.120656,9.4009
3,13.9580,698,0,0,0.290320,0.123968,9.4011
3,13.9790,699,0,0,0.297420,0.127057,9.4013
3,13.9980,700,0,0,0.304341,0.130044,9.4015
3,14.0180,701,0,0,0.311171,0.132746,9.4017
3,14.0380,702,0,0,0.317723,0.134966,9.4019
3,14.0580,703,0,0,0.323615,0.136738,9.4022
3,14.0780,704,0,0,0.328658,0.138137,9.4024
3,14.0980,705,0,0,0.332665,0.139293,9.4027
3,14.1180,706,0,0,0.335551,0.140290,9.4029
3,14.1380,707,0,0,0.337495,0.141133,9.4031
3,14.1590,708,0,0,0.338602,0.141803,9.4034
3,14.1780,709,0,0,0.338902,0.142279,9.4036
3,14.1980,710,0,0,0.338392,0.142535,9.4038
3,14.2180,711,0,0,0.337093,0.142538,9.4040
3,14.2380,712,0,0,0.335023,0.142260,9.4041
3,14.2580,713,0,0,0.332245,0.141675,9.4043
3,14.2780,714,0,0,0.328826,0.140766,9.4044
3,14.2980,715,0,0,0.324838,0.139526,9.4045
3,14.3190,716,0,0,0.320336,0.137954,9.4047
3,14.3380,717,0,0,0.315380,0.136052,9.4048
3,14.3580,718,0,0,0.309995,0.133829,9.4049
3,14.3780,719,0,0,0.304194,0.131305,9.4050
3,14.3980,720,0,0,0.297995,0.128494,9.4051
3,14.4180,721,0,0,0.291373,0.125403,9.4051
3,14.4380,722,0,0,0.284318,0.122053,9.4052
3,14.4580,723,0,0,0.276820,0.118472,9.4053
3,14.4780,724,0,0,0.268857,0.114691,9.4053
3,14.4980,725,0,0,0.260426,0.110741,9.4054
3,14.5180,726,0,0,0.251563,0.106655,9.4054
3,14.5380,727,0,0,0.242289,0.102412,9.4054
3,14.5580,728,0,0,0.232629,0.097958,9.4054
3,14.5780,729,0,0,0.222596,0.093662,9.4054
3,14.5980,730,0,0,0.212469,0.089403,9.4054
3,14.6180,731,0,0,0.202327,0.085182,9.4053
3,14.6380,732,0,0,0.192159,0.081014,9.4052
3,14.6590,733,0,0,0.182060,0.076921,9.4051
3,14.6780,734,0,0,0.172200,0.072943,9.4050
3,14.6980,735,0,0,0.162795,0.069127,9.4049
3,14.7180,736,0,0,0.154073,0.065555,9.4048
3,14.7380,737,0,0,0.146288,0.062321,9.4047
3,14.7580,738,0,0,0.139666,0.059516,9.4046
3,14.7780,739,0,0,0.134404,0.057234,9.4045
3,14.7980,740,0,0,0.130682,0.055566,9.4044
3,14.8190,741,0,0,0.128603,0.054590,9.4043
3,14.8380,742,0,0,0.128213,0.054364,9.4042
3,14.8580,743,0,0,0.129485,0.054892,9.4040
3,14.8780,744,0,0,0.132340,0.056200,9.4039
3,14.8980,745,0,0,0.136721,0.058180,9.4038
3,14.9180,746,0,0,0.142434,0.060732,9.4037
3,14.9380,747,0,0,0.149208,0.063749,9.4036
3,14.9580,748,0,0,0.156771,0.067114,9.4035
3,14.9780,749,0,0,0.164881,0.070721,9.4034
3,14.9990,750,0,0,0.173350,0.074492,9.4033
3,15.0180,751,0,0,0.182048,0.078365,9.4032
3,15.0380,752,0,0,0.190881,0.082294,9.4031
3,15.0580,753,0,0,0.199775,0.086236,9.4030
3,15.0780,754,0,0,0.208662,0.090158,9.4028
3,15.0980,755,0,0,0.217477,0.094027,9.4026
3,15.1180,756,0,0,0.226153,0.097812,9.4025
3,15.1380,757,0,0,0.234623,0.101483,9.4023
3,15.1590,758,0,0,0.242840,0.105014,9.4021
3,15.1780,759,0,0,0.250757,0.108386,9.4019
3,15.1980,760,0,0,0.258334,0.111580,9.4017
3,15.2180,761,0,0,0.265532,0.114582,9.4015
3,15.2380,762,0,0,0.272316,0.117383,9.4013
3,15.2580,763,0,0,0.278656,0.119974,9.4011
3,15.2780,764,0,0,0.284523,0.122343,9.4009
3,15.2980,765,0,0,0.289903,0.124484,9.4006
3,15.3190,766,0,0,0.294769,0.126395,9.4004
3,15.3380,767,0,0,0.299089,0.128072,9.4002
3,15.3580,768,0,0,0.302832,0.129515,9.3999
3,15.3780,769,0,0,0.305963,0.130724,9.3997
3,15.3980,770,0,0,0.308454,0.131697,9.3995
3,15.4180,771,0,0,0.310294,0.132431,9.3992
3,15.4380,772,0,0,0.311455,0.132930,9.3990
3,15.4580,773,0,0,0.311936,0.133259,9.3988
3,15.4780,774,0,0,0.311797,0.133147,9.3985
3,15.4990,775,0,0,0.311115,0.132521,9.3983
3,15.5180,776,0,0,0.309877,0.131454,9.3980
3,15.5380,777,0,0,0.308021,0.130021,9.3977
3,15.5580,778,0,0,0.305486,0.128281,9.3974
3,15.5780,779,0,0,0.302355,0.126284,9.3971
3,15.5980,780,0,0,0.299511,0.121693,9.3968
3,15.6180,781,0,0,0.298552,0.115898,9.3964
3,15.6380,782,0,0,0.297614,0.112934,9.3959
3,15.6590,783,0,0,0.294061,0.110395,9.3956
3,15.6780,784,0,0,0.287564,0.107909,9.3953
3,15.6980,785,0,0,0.278661,0.105460,9.3951
3,15.7180,786,0,0,0.268007,0.102966,9.3950
3,15.7380,787,0,0,0.256069,0.100316,9.3950
3,15.7580,788,0,0,0.243304,0.097467,9.3950
3,15.7780,789,0,0,0.230782,0.094470,9.3951
3,15.7980,790,0,0,0.218459,0.091490,9.3952
3,15.8180,791,0,0,0.206482,0.088701,9.3953
3,15.8390,792,0,0,0.195346,0.086190,9.3953
3,15.8580,793,0,0,0.185672,0.083925,9.3953
3,15.8780,794,0,0,0.177623,0.081805,9.3953
3,15.8980,795,0,0,0.171048,0.079672,9.3954
3,15.9180,796,0,0,0.165673,0.077356,9.3954
3,15.9380,797,0,0,0.161117,0.074727,9.3954
3,15.9580,798,0,0,0.156990,0.071733,9.3955
3,15.9780,799,0,0,0.152941,0.068405,9.3956
3,15.9980,800,0,0,0.148726,0.064858,9.3957
3,16.0180,801,0,0,0.144188,0.061290,9.3958
3,16.0380,802,0,0,0.139292,0.057992,9.3960
3,16.0580,803,0,0,0.134103,0.055277,9.3961
3,16.0780,804,0,0,0.128780,0.053498,9.3963
3,16.0980,805,0,0,0.123540,0.052830,9.3964
3,16.1180,806,0,0,0.118649,0.053123,9.3966
3,16.1380,807,0,0,0.114403,0.054253,9.3967
3,16.1590,808,0,0,0.111123,0.055847,9.3968
3,16.1780,809,0,0,0.109149,0.057698,9.3968
3,16.1980,810,0,0,0.108807,0.059667,9.3969
3,16.2180,811,0,0,0.110344,0.061670,9.3969
3,16.2380,812,0,0,0.113898,0.063670,9.3969
3,16.2580,813,0,0,0.119452,0.065659,9.3970
3,16.2780,814,0,0,0.126868,0.067647,9.3971
3,16.2980,815,0,0,0.135902,0.069652,9.3972
3,16.3180,816,0,0,0.146241,0.071701,9.3974
3,16.3380,817,0,0,0.157543,0.073823,9.3975
3,16.3580,818,0,0,0.169462,0.075882,9.3977
3,16.3780,819,0,0,0.181697,0.078180,9.3980
3,16.3980,820,0,0,0.194068,0.080719,9.3982
3,16.4180,821,0,0,0.206305,0.083487,9.3984
3,16.4380,822,0,0,0.218120,0.086482,9.3987
3,16.4580,823,0,0,0.229299,0.089694,9.3989
3,16.4780,824,0,0,0.239771,0.092994,9.3992
3,16.4990,825,0,0,0.249532,0.096410,9.3994
3,16.5180,826,0,0,0.258556,0.099977,9.3997
3,16.5380,827,0,0,0.266821,0.103689,9.4000
3,16.5580,828,0,0,0.274333,0.107521,9.4003
3,16.5780,829,0,0,0.281134,0.111428,9.4005
3,16.5980,830,0,0,0.287285,0.115357,9.4008
3,16.6180,831,0,0,0.292871,0.119246,9.4011
3,16.6380,832,0,0,0.298012,0.123185,9.4014
3,16.6590,833,0,0,0.302968,0.127063,9.4016
3,16.6780,834,0,0,0.307856,0.130572,9.4019
3,16.6980,835,0,0,0.312465,0.133586,9.4022
3,16.7180,836,0,0,0.316592,0.136120,9.4025
3,16.7380,837,0,0,0.320270,0.138208,9.4028
3,16.7580,838,0,0,0.323671,0.139886,9.4031
3,16.7780,839,0,0,0.326939,0.141188,9.4034
3,16.7980,840,0,0,0.330117,0.142137,9.4037
3,16.8180,841,0,0,0.333155,0.142750,9.4040
3,16.8390,842,0,0,0.335916,0.143035,9.4043
3,16.8580,843,0,0,0.338263,0.143003,9.4046
3,16.8780,844,0,0,0.340057,0.142666,9.4048
3,16.8980,845,0,0,0.341203,0.142054,9.4051
3,16.9180,846,0,0,0.341615,0.141198,9.4053
3,16.9380,847,0,0,0.341217,0.140129,9.4055
3,16.9580,848,0,0,0.339676,0.138928,9.4058
3,16.9780,849,0,0,0.336664,0.137681,9.4060
3,16.9990,850,0,0,0.332314,0.136380,9.4062
3,17.0180,851,0,0,0.326896,0.134979,9.4064
3,17.0380,852,0,0,0.320602,0.133434,9.4067
3,17.0580,853,0,0,0.313561,0.131709,9.4069
3,17.0780,854,0,0,0.305889,0.129769,9.4071
3,17.0980,855,0,0,0.297698,0.127573,9.4072
3,17.1180,856,0,0,0.289094,0.125078,9.4074
3,17.1380,857,0,0,0.280178,0.122261,9.4075
3,17.1590,858,0,0,0.271023,0.119030,9.4077
3,17.1780,859,0,0,0.261689,0.115457,9.4078
3,17.1980,860,0,0,0.252224,0.111522,9.4079
3,17.2180,861,0,0,0.242688,0.107238,9.4080
3,17.2380,862,0,0,0.233051,0.102634,9.4081
3,17.2580,863,0,0,0.223250,0.097743,9.4082
3,17.2780,864,0,0,0.213214,0.092610,9.4083
3,17.2980,865,0,0,0.202868,0.087280,9.4084
3,17.3180,866,0,0,0.192159,0.081807,9.4085
3,17.3380,867,0,0,0.181049,0.076102,9.4086
3,17.3580,868,0,0,0.169522,0.070605,9.4086
3,17.3780,869,0,0,0.157532,0.065250,9.4087
3,17.3980,870,0,0,0.145013,0.059998,9.4087
3,17.4180,871,0,0,0.132005,0.054831,9.4088
3,17.4380,872,0,0,0.118643,0.049768,9.4088
3,17.4580,873,0,0,0.105138,0.044835,9.4088
3,17.4780,874,0,0,0.091763,0.040073,9.4088
3,17.4990,875,0,0,0.078874,0.035542,9.4088
3,17.5180,876,0,0,0.066990,0.031352,9.4088
3,17.5380,877,0,0,0.056914,0.027697,9.4088
3,17.5580,878,0,0,0.049845,0.024881,9.4088
3,17.5780,879,0,0,0.047005,0.023291,9.4088
3,17.5980,880,0,0,0.048950,0.023206,9.4088
3,17.6180,881,0,0,0.055012,0.024601,9.4088
3,17.6380,882,0,0,0.063838,0.027222,9.4087
3,17.6580,883,0,0,0.074258,0.030770,9.4087
3,17.6790,884,0,0,0.085528,0.034998,9.4086
3,17.6980,885,0,0,0.097216,0.039690,9.4085
3,17.7180,886,0,0,0.109077,0.044672,9.4084
3,17.7380,887,0,0,0.120955,0.049816,9.4083
3,17.7580,888,0,0,0.132741,0.055034,9.4082
3,17.7780,889,0,0,0.144357,0.060263,9.4081
3,17.7980,890,0,0,0.155748,0.065453,9.4080
3,17.8180,891,0,0,0.166878,0.070569,9.4079
3,17.8390,892,0,0,0.177724,0.075581,9.4078
3,17.8580,893,0,0,0.188268,0.080465,9.4077
3,17.8780,894,0,0,0.198496,0.085202,9.4075
3,17.8980,895,0,0,0.208393,0.089770,9.4074
3,17.9180,896,0,0,0.217940,0.094152,9.4073
3,17.9380,897,0,0,0.227118,0.098330,9.4071
3,17.9580,898,0,0,0.235908,0.102289,9.4070
3,17.9800,899,0,0,0.244290,0.106018,9.4068
3,17.9990,900,0,0,0.252245,0.109501,9.4067
3,18.0180,901,0,0,0.259751,0.112731,9.4065
3,18.0380,902,0,0,0.266795,0.115704,9.4063
3,18.0580,903,0,0,0.273357,0.118416,9.4061
3,18.0780,904,0,0,0.279407,0.120863,9.4059
3,18.0980,905,0,0,0.284897,0.123041,9.4057
3,18.1180,906,0,0,0.289853,0.124959,9.4055
3,18.1380,907,0,0,0.294259,0.126622,9.4053
3,18.1580,908,0,0,0.298087,0.128032,9.4051
3,18.1790,909,0,0,0.301304,0.129186,9.4049
3,18.1980,910,0,0,0.303882,0.130085,9.4047
3,18.2180,911,0,0,0.305804,0.130734,9.4044
3,18.2380,912,0,0,0.307055,0.131137,9.4042
3,18.2580,913,0,0,0.307623,0.131300,9.4039
3,18.2780,914,0,0,0.307501,0.131119,9.4037
3,18.2980,915,0,0,0.306861,0.130655,9.4035
3,18.3180,916,0,0,0.306199,0.129869,9.4032
3,18.3390,917,0,0,0.305412,0.128749,9.4030
3,18.3580,918,0,0,0.304239,0.127336,9.4027
3,18.3780,919,0,0,0.302507,0.125659,9.4025
3,18.3980,920,0,0,0.300122,0.123740,9.4023
3,18.4180,921,0,0,0.297046,0.121608,9.4021
3,18.4380,922,0,0,0.293261,0.119408,9.4018
3,18.4580,923,0,0,0.288867,0.116835,9.4016
3,18.4780,924,0,0,0.284753,0.108591,9.4012
3,18.4990,925,0,0,0.284717,0.103399,9.4005
3,18.5180,926,0,0,0.287095,0.099877,9.3997
3,18.5380,927,0,0,0.286690,0.095199,9.3989
3,18.5580,928,0,0,0.281097,0.089652,9.3982
3,18.5780,929,0,0,0.270029,0.084086,9.3978
3,18.5980,930,0,0,0.254173,0.078954,9.3975
3,18.6180,931,0,0,0.234567,0.074146,9.3974
3,18.6380,932,0,0,0.212291,0.069507,9.3975
3,18.6580,933,0,0,0.188872,0.065117,9.3976
3,18.6790,934,0,0,0.164831,0.060795,9.3978
3,18.6980,935,0,0,0.140427,0.056807,9.3980
3,18.7180,936,0,0,0.116867,0.053473,9.3981
3,18.7380,937,0,0,0.095952,0.050881,9.3982
3,18.7580,938,0,0,0.078808,0.048756,9.3982
3,18.7780,939,0,0,0.066395,0.046749,9.3982
3,18.7980,940,0,0,0.061890,0.044600,9.3981
3,18.8180,941,0,0,0.058629,0.042097,9.3981
3,18.8390,942,0,0,0.058725,0.039061,9.3981
3,18.8580,943,0,0,0.061614,0.035425,9.3981
3,18.8780,944,0,0,0.064695,0.031334,9.3981
3,18.8980,945,0,0,0.067311,0.027125,9.3982
3,18.9180,946,0,0,0.069300,0.023485,9.3983
3,18.9380,947,0,0,0.070831,0.021728,9.3985
3,18.9580,948,0,0,0.072280,0.024619,9.3986
3,18.9780,949,0,0,0.074116,0.031563,9.3988
3,18.9990,950,0,0,0.076847,0.038920,9.3990
3,19.0180,951,0,0,0.080925,0.046161,9.3991
3,19.0380,952,0,0,0.086670,0.053097,9.3992
3,19.0580,953,0,0,0.094241,0.059600,9.3992
3,19.0780,954,0,0,0.103649,0.065578,9.3993
3,19.0980,955,0,0,0.114800,0.070977,9.3993
3,19.1180,956,0,0,0.127524,0.075797,9.3994
3,19.1380,957,0,0,0.141622,0.080198,9.3994
3,19.1580,958,0,0,0.156950,0.084116,9.3995
3,19.1790,959,0,0,0.173120,0.087490,9.3996
3,19.1980,960,0,0,0.189537,0.090359,9.3997
3,19.2180,961,0,0,0.205751,0.093109,9.3999
3,19.2380,962,0,0,0.221449,0.095780,9.4001
3,19.2580,963,0,0,0.236450,0.098463,9.4003
3,19.2780,964,0,0,0.250621,0.101253,9.4006
3,19.2980,965,0,0,0.263802,0.104216,9.4009
3,19.3180,966,0,0,0.275841,0.107394,9.4012
3,19.3390,967,0,0,0.286252,0.113736,9.4014
3,19.3580,968,0,0,0.296320,0.119342,9.4013
3,19.3780,969,0,0,0.304343,0.124101,9.4012
3,19.3980,970,0,0,0.309365,0.127858,9.4010
3,19.4180,971,0,0,0.312349,0.130916,9.4010
3,19.4380,972,0,0,0.314413,0.133649,9.4011
3,19.4580,973,0,0,0.316503,0.136353,9.4013
3,19.4780,974,0,0,0.319210,0.139112,9.4016
3,19.4980,975,0,0,0.322647,0.141832,9.4020
3,19.5180,976,0,0,0.326568,0.144387,9.4025
3,19.5380,977,0,0,0.330664,0.146712,9.4030
3,19.5580,978,0,0,0.334680,0.148791,9.4034
3,19.5780,979,0,0,0.338566,0.150616,9.4038
3,19.5980,980,0,0,0.342421,0.152157,9.4041
3,19.6180,981,0,0,0.346316,0.153375,9.4044
3,19.6380,982,0,0,0.350230,0.154236,9.4046
3,19.6580,983,0,0,0.354059,0.154748,9.4048
3,19.6780,984,0,0,0.357647,0.154950,9.4051
3,19.6980,985,0,0,0.360808,0.154910,9.4053
3,19.7180,986,0,0,0.362207,0.161438,9.4054
3,19.7380,987,0,0,0.365282,0.161978,9.4048
3,19.7580,988,0,0,0.367335,0.164593,9.4040
3,19.7780,989,0,0,0.362840,0.166386,9.4032
3,19.7980,990,0,0,0.353918,0.166378,9.4025
3,19.8180,991,0,0,0.343297,0.165200,9.4022
3,19.8390,992,0,0,0.332775,0.163529,9.4021
3,19.8580,993,0,0,0.324022,0.161507,9.4022
3,19.8780,994,0,0,0.317930,0.158925,9.4025
3,19.8980,995,0,0,0.314766,0.155662,9.4029
3,19.9180,996,0,0,0.314485,0.151868,9.4033
3,19.9380,997,0,0,0.316796,0.147960,9.4037
3,19.9580,998,0,0,0.321177,0.144100,9.4040
3,19.9780,999,0,0,0.326793,0.140598,9.4042
3,19.9980,1000,0,0,0.333092,0.137448,9.4045
3,20.0180,1001,0,0,0.339372,0.134498,9.4047
3,20.0380,1002,0,0,0.344776,0.131660,9.4049
3,20.0580,1003,0,0,0.348540,0.128966,9.4051
3,20.0780,1004,0,0,0.350145,0.126596,9.4053
3,20.0980,1005,0,0,0.349350,0.124899,9.4055
3,20.1180,1006,0,0,0.346154,0.124364,9.4057
3,20.1380,1007,0,0,0.340811,0.125338,9.4059
3,20.1580,1008,0,0,0.333722,0.127399,9.4061
3,20.1780,1009,0,0,0.325436,0.129969,9.4063
3,20.1980,1010,0,0,0.316564,0.132624,9.4065
3,20.2180,1011,0,0,0.307721,0.135059,9.4067
3,20.2380,1012,0,0,0.299602,0.137090,9.4068
3,20.2580,1013,0,0,0.292773,0.138604,9.4069
3,20.2780,1014,0,0,0.287638,0.139393,9.4070
3,20.2980,1015,0,0,0.284556,0.139567,9.4071
3,20.3180,1016,0,0,0.283840,0.139178,9.4072
3,20.3390,1017,0,0,0.285499,0.138233,9.4073
3,20.3580,1018,0,0,0.289080,0.136799,9.4074
3,20.3780,1019,0,0,0.293891,0.134929,9.4074
3,20.3980,1020,0,0,0.299175,0.132643,9.4075
3,20.4180,1021,0,0,0.304262,0.130130,9.4075
3,20.4380,1022,0,0,0.308627,0.127496,9.4076
3,20.4580,1023,0,0,0.311761,0.124919,9.4076
3,20.4780,1024,0,0,0.313329,0.122685,9.4077
3,20.4980,1025,0,0,0.313095,0.121258,9.4077
3,20.5180,1026,0,0,0.310940,0.120593,9.4078
3,20.5380,1027,0,0,0.306826,0.120582,9.4078
3,20.5580,1028,0,0,0.300871,0.120979,9.4078
3,20.5780,1029,0,0,0.293522,0.121536,9.4078
3,20.5980,1030,0,0,0.285276,0.122029,9.4079
3,20.6180,1031,0,0,0.276681,0.122273,9.4079
3,20.6380,1032,0,0,0.268212,0.122136,9.4078
3,20.6580,1033,0,0,0.260250,0.121553,9.4078
3,20.6790,1034,0,0,0.253147,0.120515,9.4078
3,20.6980,1035,0,0,0.247126,0.119051,9.4078
3,20.7180,1036,0,0,0.242316,0.117467,9.4077
3,20.7380,1037,0,0,0.238535,0.115626,9.4077
3,20.7580,1038,0,0,0.235607,0.113520,9.4077
3,20.7780,1039,0,0,0.233387,0.111173,9.4076
3,20.7980,1040,0,0,0.231712,0.108626,9.4075
3,20.8180,1041,0,0,0.230354,0.105932,9.4075
3,20.8390,1042,0,0,0.229050,0.103148,9.4074
3,20.8580,1043,0,0,0.227529,0.100346,9.4073
3,20.8780,1044,0,0,0.225557,0.097613,9.4073
3,20.8980,1045,0,0,0.222981,0.095041,9.4072
3,20.9180,1046,0,0,0.219710,0.092723,9.4071
3,20.9380,1047,0,0,0.215725,0.090727,9.4070
3,20.9580,1048,0,0,0.211096,0.089105,9.4069
3,20.9780,1049,0,0,0.205904,0.087709,9.4068
3,20.9980,1050,0,0,0.200344,0.086488,9.4067
3,21.0180,1051,0,0,0.194854,0.085346,9.4066
3,21.0380,1052,0,0,0.189818,0.084145,9.4066
3,21.0580,1053,0,0,0.185340,0.082787,9.4065
3,21.0780,1054,0,0,0.181417,0.081259,9.4065
3,21.0980,1055,0,0,0.178124,0.079575,9.4064
3,21.1180,1056,0,0,0.175508,0.077769,9.4063
3,21.1380,1057,0,0,0.173645,0.075889,9.4063
3,21.1580,1058,0,0,0.172480,0.073935,9.4062
3,21.1790,1059,0,0,0.171915,0.072011,9.4061
3,21.1980,1060,0,0,0.171768,0.070177,9.4061
3,21.2180,1061,0,0,0.171746,0.068468,9.4060
3,21.2380,1062,0,0,0.171598,0.066906,9.4059
3,21.2580,1063,0,0,0.171172,0.065553,9.4058
3,21.2780,1064,0,0,0.170394,0.064491,9.4057
3,21.2980,1065,0,0,0.169251,0.063809,9.4056
3,21.3180,1066,0,0,0.167762,0.063566,9.4055
3,21.3390,1067,0,0,0.165972,0.063760,9.4055
3,21.3580,1068,0,0,0.163991,0.064316,9.4054
3,21.3780,1069,0,0,0.161975,0.065130,9.4053
3,21.3980,1070,0,0,0.160070,0.066107,9.4052
3,21.4180,1071,0,0,0.158501,0.067165,9.4052
3,21.4380,1072,0,0,0.157445,0.068242,9.4051
3,21.4580,1073,0,0,0.157015,0.069293,9.4051
3,21.4780,1074,0,0,0.157307,0.070285,9.4050
3,21.4980,1075,0,0,0.158348,0.071200,9.4050
3,21.5190,1076,0,0,0.160095,0.072030,9.4049
3,21.5380,1077,0,0,0.162466,0.072778,9.4049
3,21.5580,1078,0,0,0.165334,0.073458,9.4048
3,21.5780,1079,0,0,0.168564,0.074088,9.4048
3,21.5980,1080,0,0,0.171996,0.074696,9.4047
3,21.6180,1081,0,0,0.175485,0.075311,9.4047
3,21.6380,1082,0,0,0.178895,0.075962,9.4046
3,21.6580,1083,0,0,0.182116,0.076673,9.4046
3,21.6790,1084,0,0,0.185062,0.077460,9.4046
3,21.6980,1085,0,0,0.187684,0.078329,9.4045
3,21.7180,1086,0,0,0.189958,0.079271,9.4045
3,21.7380,1087,0,0,0.191885,0.080264,9.4045
3,21.7580,1088,0,0,0.193483,0.081279,9.4044
3,21.7780,1089,0,0,0.194786,0.082282,9.4044
3,21.7980,1090,0,0,0.195847,0.083245,9.4044
3,21.8180,1091,0,0,0.196709,0.084136,9.4044
3,21.8390,1092,0,0,0.197420,0.084931,9.4044
3,21.8590,1093,0,0,0.198014,0.085607,9.4044
3,21.8780,1094,0,0,0.198527,0.086157,9.4044
3,21.8980,1095,0,0,0.198984,0.086572,9.4044
3,21.9180,1096,0,0,0.199368,0.086847,9.4044
3,21.9380,1097,0,0,0.199700,0.086982,9.4044
3,21.9580,1098,0,0,0.199985,0.086973,9.4044
3,21.9780,1099,0,0,0.200209,0.086821,9.4044
3,21.9980,1100,0,0,0.200275,0.086532,9.4044
3,22.0190,1101,0,0,0.200121,0.086117,9.4044
3,22.0380,1102,0,0,0.199682,0.085596,9.4044
3,22.0580,1103,0,0,0.198927,0.084985,9.4044
3,22.0780,1104,0,0,0.197825,0.084299,9.4044
3,22.0980,1105,0,0,0.196357,0.083546,9.4044
3,22.1180,1106,0,0,0.194512,0.082737,9.4045
3,22.1380,1107,0,0,0.192292,0.081869,9.4045
3,22.1580,1108,0,0,0.189704,0.080931,9.4045
3,22.1790,1109,0,0,0.186772,0.079916,9.4045
3,22.1980,1110,0,0,0.183543,0.078811,9.4045
3,22.2180,1111,0,0,0.180041,0.077604,9.4045
3,22.2380,1112,0,0,0.176306,0.076286,9.4045
3,22.2580,1113,0,0,0.172376,0.074846,9.4046
3,22.2780,1114,0,0,0.168301,0.073284,9.4046
3,22.2980,1115,0,0,0.164109,0.071597,9.4046
3,22.3180,1116,0,0,0.159823,0.069789,9.4046
3,22.3380,1117,0,0,0.155458,0.067867,9.4046
3,22.3580,1118,0,0,0.151010,0.065841,9.4047
3,22.3780,1119,0,0,0.146492,0.063720,9.4047
3,22.3980,1120,0,0,0.141883,0.061518,9.4047
3,22.4180,1121,0,0,0.137182,0.059253,9.4048
3,22.4380,1122,0,0,0.132364,0.056939,9.4048
3,22.4580,1123,0,0,0.127417,0.054592,9.4048
3,22.4780,1124,0,0,0.122335,0.052230,9.4049
3,22.4980,1125,0,0,0.117113,0.049870,9.4049
3,22.5190,1126,0,0,0.111777,0.047531,9.4049
3,22.5380,1127,0,0,0.106344,0.045230,9.4050
3,22.5580,1128,0,0,0.100868,0.042981,9.4050
3,22.5780,1129,0,0,0.095397,0.040797,9.4050
3,22.5980,1130,0,0,0.089999,0.038692,9.4051
3,22.6180,1131,0,0,0.084760,0.036678,9.4051
3,22.6380,1132,0,0,0.079779,0.034770,9.4051
3,22.6580,1133,0,0,0.075171,0.032988,9.4052
3,22.6790,1134,0,0,0.071056,0.031357,9.4052
3,22.6980,1135,0,0,0.067564,0.029907,9.4053
3,22.7180,1136,0,0,0.064805,0.028676,9.4053
3,22.7380,1137,0,0,0.062877,0.027700,9.4053
3,22.7580,1138,0,0,0.061833,0.027019,9.4054
3,22.7780,1139,0,0,0.061688,0.026663,9.4054
3,22.7980,1140,0,0,0.062401,0.026655,9.4055
3,22.8180,1141,0,0,0.063897,0.027002,9.4055
3,22.8380,1142,0,0,0.066070,0.027694,9.4056
3,22.8590,1143,0,0,0.068813,0.028706,9.4056
3,22.8780,1144,0,0,0.072022,0.030000,9.4056
3,22.8980,1145,0,0,0.075603,0.031528,9.4057
3,22.9180,1146,0,0,0.079472,0.033244,9.4057
3,22.9380,1147,0,0,0.083567,0.035100,9.4058
3,22.9580,1148,0,0,0.087834,0.037054,9.4058
3,22.9780,1149,0,0,0.092231,0.039071,9.4059
3,22.9980,1150,0,0,0.096722,0.041120,9.4059
3,23.0190,1151,0,0,0.101270,0.043176,9.4060
3,23.0380,1152,0,0,0.105847,0.045219,9.4060
3,23.0580,1153,0,0,0.110425,0.047233,9.4060
3,23.0780,1154,0,0,0.114971,0.049204,9.4061
3,23.0980,1155,0,0,0.119462,0.051123,9.4061
3,23.1180,1156,0,0,0.123851,0.052980,9.4062
3,23.1380,1157,0,0,0.128124,0.054771,9.4062
3,23.1580,1158,0,0,0.132251,0.056489,9.4062
3,23.1780,1159,0,0,0.136206,0.058131,9.4063
3,23.1980,1160,0,0,0.139959,0.059693,9.4063
3,23.2180,1161,0,0,0.143501,0.061173,9.4063
3,23.2380,1162,0,0,0.146819,0.062568,9.4063
3,23.2580,1163,0,0,0.149883,0.063875,9.4064
3,23.2780,1164,0,0,0.152691,0.065084,9.4064
3,23.2980,1165,0,0,0.155232,0.066200,9.4064
3,23.3180,1166,0,0,0.157505,0.067215,9.4064
3,23.3380,1167,0,0,0.159509,0.068125,9.4065
3,23.3590,1168,0,0,0.161240,0.068924,9.4065
3,23.3780,1169,0,0,0.162697,0.069609,9.4065
3,23.3980,1170,0,0,0.163882,0.070176,9.4065
3,23.4180,1171,0,0,0.164798,0.070623,9.4065
3,23.4380,1172,0,0,0.165446,0.070946,9.4065
3,23.4580,1173,0,0,0.165830,0.071145,9.4065
3,23.4780,1174,0,0,0.165961,0.071219,9.4065
3,23.4980,1175,0,0,0.165818,0.071169,9.4065
3,23.5190,1176,0,0,0.165408,0.070993,9.4065
3,23.5380,1177,0,0,0.164734,0.070694,9.4065
3,23.5580,1178,0,0,0.163792,0.070273,9.4065
3,23.5780,1179,0,0,0.162582,0.069732,9.4065
3,23.5980,1180,0,0,0.161103,0.069072,9.4065
3,23.6180,1181,0,0,0.159355,0.068297,9.4065
3,23.6380,1182,0,0,0.157343,0.067410,9.4065
3,23.6580,1183,0,0,0.155064,0.066412,9.4065
3,23.6780,1184,0,0,0.152509,0.065305,9.4065
3,23.6980,1185,0,0,0.149696,0.064092,9.4065
3,23.7180,1186,0,0,0.146630,0.062777,9.4065
3,23.7380,1187,0,0,0.143317,0.061362,9.4064
3,23.7580,1188,0,0,0.139760,0.059849,9.4064
3,23.7780,1189,0,0,0.135970,0.058241,9.4064
3,23.7980,1190,0,0,0.131955,0.056540,9.4064
3,23.8180,1191,0,0,0.127717,0.054746,9.4064
3,23.8380,1192,0,0,0.123271,0.052864,9.4064
3,23.8590,1193,0,0,0.118641,0.050899,9.4063
3,23.8780,1194,0,0,0.113839,0.048855,9.4063
3,23.8980,1195,0,0,0.108872,0.046736,9.4063
3,23.9180,1196,0,0,0.103749,0.044544,9.4063
3,23.9380,1197,0,0,0.098478,0.042282,9.4063
3,23.9580,1198,0,0,0.093070,0.039957,9.4063
3,23.9780,1199,0,0,0.087535,0.037570,9.4063
3,23.9980,1200,0,0,0.081887,0.035131,9.4062
3,24.0190,1201,0,0,0.076140,0.032646,9.4062
3,24.0380,1202,0,0,0.070303,0.030121,9.4062
3,24.0580,1203,0,0,0.064389,0.027563,9.4062
3,24.0780,1204,0,0,0.058412,0.024979,9.4062
3,24.0980,1205,0,0,0.052392,0.022377,9.4062
3,24.1180,1206,0,0,0.046352,0.019769,9.4062
3,24.1380,1207,0,0,0.040324,0.017168,9.4062
3,24.1580,1208,0,0,0.034354,0.014594,9.4062
3,24.1780,1209,0,0,0.028518,0.012079,9.4062
3,24.1990,1210,0,0,0.022956,0.009683,9.4062
3,24.2180,1211,0,0,0.017953,0.007530,9.4062
3,24.2380,1212,0,0,0.014133,0.005898,9.4062
3,24.2580,1213,0,0,0.012613,0.005287,9.4062
3,24.2780,1214,0,0,0.014126,0.006003,9.4062
3,24.2980,1215,0,0,0.017880,0.007666,9.4062
3,24.3180,1216,0,0,0.022751,0.009790,9.4062
3,24.3380,1217,0,0,0.028120,0.012116,9.4063
3,24.3590,1218,0,0,0.033704,0.014529,9.4063
3,24.3780,1219,0,0,0.039368,0.016975,9.4063
3,24.3980,1220,0,0,0.045037,0.019421,9.4063
3,24.4180,1221,0,0,0.050667,0.021851,9.4063
3,24.4380,1222,0,0,0.056229,0.024251,9.4063
3,24.4580,1223,10,0,0.000000,0.000000,9.4064
4,0.0180,1,0,0,0.000000,0.000000,9.6900
4,0.0380,2,0,0,0.196000,0.196000,9.6861
4,0.0580,3,0,0,0.391608,0.382846,9.6782
4,0.0780,4,0,0,0.586825,0.528163,9.6665
4,0.0990,5,0,0,0.781651,0.658304,9.6509
4,0.1180,6,0,0,0.976088,0.742443,9.6314
4,0.1380,7,0,0,1.170136,0.781272,9.6080
4,0.1580,8,0,0,1.363795,0.781580,9.5807
4,0.1780,9,0,0,1.557068,0.732259,9.5495
4,0.1980,10,0,0,1.749954,0.642622,9.5145
4,0.2180,11,0,0,1.942454,0.488835,9.4757
4,0.2380,12,0,0,0.534211,0.283744,9.4650
4,0.2590,13,0,0,0.069170,0.042630,9.4648
4,0.2780,14,0,0,0.299421,0.182801,9.4708
4,0.2980,15,0,0,0.484244,0.314889,9.4804
4,0.3180,16,0,0,0.527854,0.352690,9.4910
4,0.3380,17,0,0,0.428708,0.307969,9.4994
4,0.3580,18,0,0,0.260123,0.195442,9.5045
4,0.3780,19,0,0,0.072665,0.058217,9.5055
4,0.3980,20,0,0,0.147928,0.111772,9.5027
4,0.4180,21,0,0,0.336251,0.213640,9.4960
4,0.4390,22,0,0,0.418117,0.261771,9.4877
4,0.4580,23,0,0,0.375362,0.248881,9.4802
4,0.4780,24,0,0,0.277841,0.188002,9.4747
4,0.4980,25,0,0,0.151849,0.107413,9.4717
4,0.5180,26,0,0,0.065787,0.038277,9.4713
4,0.5380,27,0,0,0.097512,0.067532,9.4730
4,0.5580,28,0,0,0.155572,0.105532,9.4761
4,0.5780,29,0,0,0.174316,0.116719,9.4796
4,0.5990,30,0,0,0.149321,0.101963,9.4825
4,0.6180,31,0,0,0.101161,0.073003,9.4845
4,0.6380,32,0,0,0.067892,0.043591,9.4849
4,0.6580,33,0,0,0.081717,0.056207,9.4841
4,0.6780,34,0,0,0.126924,0.079374,9.4823
4,0.6980,35,0,0,0.153630,0.090757,9.4801
4,0.7180,36,0,0,0.151988,0.085105,9.4780
4,0.7380,37,0,0,0.131281,0.066452,9.4764
4,0.7580,38,0,0,0.102259,0.042578,9.4755
4,0.7790,39,0,0,0.077437,0.026323,9.4754
4,0.7980,40,0,0,0.066298,0.033126,9.4758
4,0.8180,41,0,0,0.065074,0.044446,9.4767
4,0.8380,42,0,0,0.068467,0.051066,9.4776
4,0.8580,43,0,0,0.073960,0.052160,9.4785
4,0.8780,44,0,0,0.074196,0.049525,9.4791
4,0.8980,45,0,0,0.071917,0.046014,9.4794
4,0.9180,46,0,0,0.068836,0.044464,9.4794
4,0.9390,47,0,0,0.065221,0.044742,9.4791
4,0.9580,48,0,0,0.061445,0.044881,9.4788
4,0.9780,49,0,0,0.069574,0.044143,9.4784
4,0.9980,50,0,0,0.083287,0.042749,9.4781
4,1.0180,51,0,0,0.096034,0.041338,9.4779
4,1.0380,52,0,0,0.107594,0.040482,9.4778
4,1.0580,53,0,0,0.117421,0.040286,9.4779
4,1.0780,54,0,0,0.124934,0.040339,9.4780
4,1.0990,55,0,0,0.129773,0.040141,9.4782
4,1.1180,56,0,0,0.131889,0.039582,9.4783
4,1.1380,57,0,0,0.131489,0.039296,9.4784
4,1.1580,58,0,0,0.128930,0.040451,9.4784
4,1.1780,59,0,0,0.124626,0.042942,9.4784
4,1.1980,60,0,0,0.119022,0.046185,9.4783
4,1.2180,61,0,0,0.112604,0.049546,9.4781
4,1.2380,62,0,0,0.105928,0.052611,9.4780
4,1.2580,63,0,0,0.099612,0.055149,9.4779
4,1.2780,64,0,0,0.094300,0.057031,9.4778
4,1.2980,65,0,0,0.090580,0.058189,9.4778
4,1.3180,66,0,0,0.088888,0.058601,9.4778
4,1.3380,67,0,0,0.089413,0.058294,9.4778
4,1.3580,68,0,0,0.092070,0.057336,9.4778
4,1.3780,69,0,0,0.096503,0.055839,9.4779
4,1.3980,70,0,0,0.102177,0.053951,9.4779
4,1.4180,71,0,0,0.108446,0.051846,9.4780
4,1.4390,72,0,0,0.114656,0.049699,9.4780
4,1.4580,73,0,0,0.120201,0.047669,9.4779
4,1.4780,74,0,0,0.124573,0.045861,9.4779
4,1.4980,75,0,0,0.127403,0.044289,9.4779
4,1.5180,76,0,0,0.128475,0.042890,9.4778
4,1.5380,77,0,0,0.127712,0.041597,9.4778
4,1.5580,78,0,0,0.125180,0.040440,9.4777
4,1.5780,79,0,0,0.121059,0.039614,9.4777
4,1.5990,80,0,0,0.115621,0.039611,9.4777
4,1.6190,81,0,0,0.109223,0.040226,9.4777
4,1.6380,82,0,0,0.102116,0.041134,9.4776
4,1.6580,83,0,0,0.094437,0.042097,9.4776
4,1.6780,84,0,0,0.086509,0.042816,9.4775
4,1.6980,85,0,0,0.078812,0.043052,9.4775
4,1.7180,86,0,0,0.071835,0.042686,9.4775
4,1.7380,87,0,0,0.065960,0.041719,9.4774
4,1.7580,88,0,0,0.061378,0.040231,9.4774
4,1.7780,89,0,0,0.058116,0.038284,9.4774
4,1.7980,90,0,0,0.056092,0.035932,9.4774
4,1.8180,91,0,0,0.055109,0.033245,9.4774
4,1.8380,92,0,0,0.054864,0.030314,9.4774
4,1.8580,93,0,0,0.054996,0.027260,9.4774
4,1.8780,94,0,0,0.055139,0.024237,9.4774
4,1.8980,95,0,0,0.054963,0.021451,9.4774
4,1.9180,96,0,0,0.054189,0.019168,9.4774
4,1.9390,97,0,0,0.052598,0.017444,9.4773
4,1.9580,98,0,0,0.050040,0.016007,9.4773
4,1.9780,99,0,0,0.046444,0.014529,9.4773
4,1.9980,100,0,0,0.041803,0.012694,9.4773
4,2.0180,101,0,0,0.036043,0.010407,9.4773
4,2.0380,102,0,0,0.029120,0.007863,9.4772
4,2.0580,103,0,0,0.021297,0.005942,9.4772
4,2.0780,104,0,0,0.013205,0.004979,9.4772
4,2.0990,105,0,0,0.006685,0.004444,9.4772
4,2.1180,106,0,0,0.008021,0.004861,9.4771
4,2.1380,107,0,0,0.014211,0.006195,9.4771
4,2.1580,108,0,0,0.020279,0.007633,9.4771
4,2.1780,109,0,0,0.025512,0.008760,9.4771
4,2.1980,110,0,0,0.029857,0.009633,9.4772
4,2.2180,111,0,0,0.033407,0.010325,9.4772
4,2.2380,112,0,0,0.036306,0.011029,9.4772
4,2.2580,113,0,0,0.038707,0.012054,9.4772
4,2.2790,114,0,0,0.040762,0.013879,9.4772
4,2.2980,115,0,0,0.042615,0.016577,9.4772
4,2.3180,116,0,0,0.044410,0.019325,9.4773
4,2.3380,117,0,0,0.046283,0.021960,9.4773
4,2.3580,118,0,0,0.048359,0.024414,9.4773
4,2.3780,119,0,0,0.050743,0.026640,9.4773
4,2.3980,120,0,0,0.053511,0.028611,9.4773
4,2.4180,121,0,0,0.056704,0.030319,9.4773
4,2.4390,122,0,0,0.060322,0.031769,9.4773
4,2.4580,123,0,0,0.064325,0.032983,9.4773
4,2.4780,124,0,0,0.068636,0.033992,9.4774
4,2.4980,125,10,0,0.000000,0.000000,9.4774
5,0.0180,1,0,0,0.000000,0.000000,9.6900
5,0.0380,2,0,0,0.196000,0.196000,9.6861
5,0.0580,3,0,0,0.391608,0.382846,9.6782
5,0.0780,4,0,0,0.586825,0.528163,9.6665
5,0.0980,5,0,0,0.781651,0.658304,9.6509
5,0.1180,6,0,0,0.976088,0.743397,9.6314
5,0.1390,7,0,0,1.170136,0.786815,9.6080
5,0.1580,8,0,0,1.363795,0.780812,9.5807
5,0.1780,9,0,0,1.557068,0.734217,9.5495
5,0.1980,10,0,0,1.749954,0.639321,9.5145
5,0.2180,11,0,0,1.942454,0.482753,9.4757
5,0.2380,12,0,0,0.514252,0.276232,9.4654
5,0.2580,13,0,0,0.064122,0.041318,9.4655
5,0.2780,14,0,0,0.310744,0.190248,9.4716
5,0.2980,15,0,0,0.490961,0.321731,9.4814
5,0.3190,16,0,0,0.531533,0.359035,9.4920
5,0.3380,17,0,0,0.431808,0.311341,9.5005
5,0.3580,18,0,0,0.263815,0.196924,9.5058
5,0.3780,19,0,0,0.102362,0.056102,9.5071
5,0.3980,20,0,0,0.169556,0.110879,9.5045
5,0.4180,21,0,0,0.323796,0.204639,9.4980
5,0.4380,22,0,0,0.444703,0.250969,9.4892
5,0.4580,23,0,0,0.396516,0.247103,9.4813
5,0.4790,24,0,0,0.297649,0.196362,9.4754
5,0.4980,25,0,0,0.173960,0.115778,9.4720
5,0.5180,26,0,0,0.069703,0.041419,9.4713
5,0.5380,27,0,0,0.103567,0.061794,9.4728
5,0.5580,28,0,0,0.178395,0.104404,9.4758
5,0.5780,29,0,0,0.212252,0.121227,9.4793
5,0.5980,30,0,0,0.201751,0.109909,9.4823
5,0.6180,31,0,0,0.163566,0.082026,9.4843
5,0.6390,32,0,0,0.122588,0.053793,9.4850
5,0.6580,33,0,0,0.107328,0.050580,9.4844
5,0.6780,34,0,0,0.115384,0.063649,9.4831
5,0.6980,35,0,0,0.122557,0.072073,9.4813
5,0.7180,36,0,0,0.118021,0.069989,9.4797
5,0.7380,37,0,0,0.109616,0.071391,9.4782
5,0.7580,38,0,0,0.101951,0.066406,9.4772
5,0.7780,39,0,0,0.107013,0.062508,9.4767
5,0.7980,40,0,0,0.124027,0.058242,9.4766
5,0.8180,41,0,0,0.146141,0.057705,9.4768
5,0.8380,42,0,0,0.163206,0.060432,9.4774
5,0.8580,43,0,0,0.170594,0.062958,9.4780
5,0.8780,44,0,0,0.169137,0.063540,9.4786
5,0.8980,45,0,0,0.162212,0.063240,9.4790
5,0.9180,46,0,0,0.154406,0.065216,9.4792
5,0.9380,47,0,0,0.145992,0.068205,9.4791
5,0.9580,48,0,0,0.135726,0.070667,9.4788
5,0.9790,49,0,0,0.125915,0.072586,9.4784
5,0.9980,50,0,0,0.118614,0.074023,9.4781
5,1.0180,51,0,0,0.115327,0.075005,9.4778
5,1.0380,52,0,0,0.115518,0.075462,9.4776
5,1.0580,53,0,0,0.119498,0.075281,9.4775
5,1.0780,54,0,0,0.126159,0.074352,9.4775
5,1.0980,55,0,0,0.134186,0.072630,9.4777
5,1.1180,56,0,0,0.142544,0.070183,9.4778
5,1.1390,57,0,0,0.150511,0.067224,9.4779
5,1.1580,58,0,0,0.157617,0.064073,9.4780
5,1.1780,59,0,0,0.163510,0.061088,9.4781
5,1.1980,60,0,0,0.168234,0.059514,9.4782
5,1.2180,61,0,0,0.169917,0.057692,9.4782
5,1.2380,62,0,0,0.168287,0.055849,9.4783
5,1.2580,63,0,0,0.164213,0.054394,9.4783
5,1.2780,64,0,0,0.158467,0.053651,9.4783
5,1.2990,65,0,0,0.151561,0.053758,9.4783
5,1.3180,66,0,0,0.143808,0.054192,9.4782
5,1.3380,67,0,0,0.135466,0.054709,9.4782
5,1.3580,68,0,0,0.126828,0.055115,9.4782
5,1.3780,69,0,0,0.118251,0.055254,9.4781
5,1.3980,70,0,0,0.110102,0.055007,9.4781
5,1.4180,71,0,0,0.102697,0.054290,9.4781
5,1.4380,72,0,0,0.096246,0.053048,9.4781
5,1.4580,73,0,0,0.090837,0.051262,9.4781
5,1.4790,74,0,0,0.086442,0.048949,9.4781
5,1.4980,75,0,0,0.082943,0.046170,9.4781
5,1.5180,76,0,0,0.080170,0.042995,9.4781
5,1.5380,77,0,0,0.077893,0.039619,9.4781
5,1.5580,78,0,0,0.075846,0.036187,9.4781
5,1.5780,79,0,0,0.073771,0.032869,9.4781
5,1.5980,80,0,0,0.071450,0.029853,9.4781
5,1.6180,81,0,0,0.068694,0.027281,9.4781
5,1.6380,82,0,0,0.065361,0.025253,9.4780
5,1.6590,83,0,0,0.061379,0.023655,9.4780
5,1.6780,84,0,0,0.056787,0.022270,9.4780
5,1.6980,85,0,0,0.051794,0.020942,9.4780
5,1.7180,86,0,0,0.046801,0.019627,9.4780
5,1.7380,87,0,0,0.042392,0.018396,9.4780
5,1.7580,88,0,0,0.039302,0.017388,9.4780
5,1.7780,89,0,0,0.038226,0.016763,9.4780
5,1.7980,90,0,0,0.039471,0.016633,9.4781
5,1.8190,91,0,0,0.042757,0.017024,9.4781
5,1.8380,92,0,0,0.047425,0.017870,9.4781
5,1.8580,93,0,0,0.052791,0.019046,9.4781
5,1.8780,94,0,0,0.058329,0.020450,9.4781
5,1.8980,95,0,0,0.063693,0.022043,9.4781
5,1.9180,96,0,0,0.068686,0.023853,9.4781
5,1.9380,97,0,0,0.073227,0.025938,9.4782
5,1.9580,98,0,0,0.077322,0.028328,9.4782
5,1.9790,99,0,0,0.081033,0.030964,9.4782
5,1.9980,100,0,0,0.084461,0.033739,9.4782
5,2.0180,101,0,0,0.087727,0.036561,9.4783
5,2.0380,102,0,0,0.090952,0.039355,9.4783
5,2.0580,103,0,0,0.094248,0.042056,9.4783
5,2.0780,104,0,0,0.097701,0.044616,9.4783
5,2.0980,105,0,0,0.101369,0.046996,9.4784
5,2.1180,106,0,0,0.105279,0.049174,9.4784
5,2.1380,107,0,0,0.109426,0.051137,9.4784
5,2.1580,108,0,0,0.113774,0.052886,9.4784
5,2.1780,109,0,0,0.118262,0.054431,9.4785
5,2.1980,110,0,0,0.122807,0.055789,9.4785
5,2.2180,111,0,0,0.127317,0.056983,9.4785
5,2.2380,112,0,0,0.131692,0.058039,9.4785
5,2.2580,113,0,0,0.135834,0.058982,9.4786
5,2.2780,114,0,0,0.139655,0.059837,9.4786
5,2.2980,115,0,0,0.143081,0.060626,9.4786
5,2.3190,116,0,0,0.146052,0.061363,9.4786
5,2.3380,117,0,0,0.150118,0.071064,9.4784
5,2.3580,118,0,0,0.160323,0.078135,9.4778
5,2.3780,119,0,0,0.165879,0.079436,9.4771
5,2.3980,120,0,0,0.164557,0.075213,9.4763
5,2.4180,121,0,0,0.162793,0.074936,9.4756
5,2.4380,122,0,0,0.166395,0.071904,9.4750
5,2.4580,123,0,0,0.167670,0.070035,9.4747
5,2.4790,124,0,0,0.164765,0.069076,9.4747
5,2.4980,125,0,0,0.160673,0.070372,9.4749
5,2.5180,126,0,0,0.157205,0.072609,9.4753
5,2.5380,127,0,0,0.154602,0.073891,9.4756
5,2.5580,128,0,0,0.152790,0.073889,9.4760
5,2.5780,129,0,0,0.151955,0.073299,9.4762
5,2.5980,130,0,0,0.152257,0.072719,9.4763
5,2.6180,131,0,0,0.153513,0.072097,9.4763
5,2.6380,132,0,0,0.155255,0.071114,9.4762
5,2.6580,133,0,0,0.157167,0.069738,9.4761
5,2.6780,134,0,0,0.158156,0.067923,9.4760
5,2.6980,135,0,0,0.157762,0.065834,9.4759
5,2.7180,136,0,0,0.156338,0.063727,9.4758
5,2.7380,137,0,0,0.154247,0.061784,9.4758
5,2.7580,138,0,0,0.151648,0.060104,9.4758
5,2.7780,139,0,0,0.148525,0.058709,9.4759
5,2.7980,140,0,0,0.144793,0.057551,9.4759
5,2.8190,141,0,0,0.140386,0.056544,9.4759
5,2.8380,142,0,0,0.135305,0.055586,9.4759
5,2.8580,143,0,0,0.129626,0.054579,9.4759
5,2.8780,144,0,0,0.123480,0.053442,9.4759
5,2.8980,145,0,0,0.117036,0.052087,9.4758
5,2.9180,146,0,0,0.110504,0.050479,9.4758
5,2.9380,147,0,0,0.104187,0.048675,9.4757
5,2.9580,148,0,0,0.098284,0.046710,9.4757
5,2.9790,149,0,0,0.092858,0.044617,9.4757
5,2.9980,150,0,0,0.087919,0.042428,9.4757
5,3.0180,151,0,0,0.083435,0.040190,9.4757
5,3.0380,152,0,0,0.079343,0.037953,9.4757
5,3.0580,153,0,0,0.075593,0.035785,9.4757
5,3.0780,154,0,0,0.072142,0.033755,9.4757
5,3.0980,155,0,0,0.068962,0.031920,9.4756
5,3.1180,156,0,0,0.066054,0.030320,9.4756
5,3.1380,157,0,0,0.063465,0.028973,9.4756
5,3.1580,158,0,0,0.061298,0.027871,9.4756
5,3.1780,159,0,0,0.059702,0.027005,9.4755
5,3.1980,160,0,0,0.058849,0.026375,9.4755
5,3.2180,161,0,0,0.058903,0.025996,9.4755
5,3.2380,162,0,0,0.059971,0.025885,9.4755
5,3.2580,163,0,0,0.062064,0.026062,9.4754
5,3.2780,164,0,0,0.065085,0.026534,9.4754
5,3.2980,165,0,0,0.068850,0.027302,9.4754
5,3.3190,166,0,0,0.072877,0.030437,9.4752
5,3.3380,167,0,0,0.078593,0.034730,9.4749
5,3.3580,168,0,0,0.087080,0.036824,9.4744
5,3.3780,169,0,0,0.096742,0.037436,9.4740
5,3.3980,170,0,0,0.106130,0.037419,9.4737
5,3.4180,171,0,0,0.114241,0.037921,9.4735
5,3.4380,172,0,0,0.119828,0.048348,9.4733
5,3.4580,173,0,0,0.129288,0.054110,9.4731
5,3.4780,174,0,0,0.142927,0.055456,9.4730
5,3.4980,175,0,0,0.156940,0.055644,9.4729
5,3.5180,176,0,0,0.167739,0.056899,9.4730
5,3.5380,177,0,0,0.173736,0.060036,9.4731
5,3.5580,178,0,0,0.173443,0.070261,9.4730
5,3.5780,179,0,0,0.178736,0.077618,9.4727
5,3.5980,180,0,0,0.190523,0.080825,9.4722
5,3.6180,181,0,0,0.203520,0.082934,9.4718
5,3.6380,182,0,0,0.213503,0.088916,9.4714
5,3.6580,183,0,0,0.224017,0.093002,9.4710
5,3.6780,184,0,0,0.235383,0.096926,9.4708
5,3.6980,185,0,0,0.245696,0.102121,9.4707
5,3.7180,186,0,0,0.254074,0.108252,9.4708
5,3.7380,187,0,0,0.260758,0.114657,9.4709
5,3.7580,188,0,0,0.266840,0.120179,9.4710
5,3.7780,189,0,0,0.272863,0.125049,9.4710
5,3.7980,190,0,0,0.279513,0.129415,9.4711
5,3.8190,191,0,0,0.287230,0.133295,9.4711
5,3.8380,192,0,0,0.296057,0.136645,9.4710
5,3.8580,193,0,0,0.306576,0.148198,9.4706
5,3.8780,194,0,0,0.308293,0.156821,9.4699
5,3.8980,195,0,0,0.315189,0.157988,9.4688
5,3.9180,196,0,0,0.323682,0.159427,9.4675
5,3.9380,197,0,0,0.325174,0.158165,9.4664
5,3.9580,198,0,0,0.320189,0.151581,9.4656
5,3.9780,199,0,0,0.317903,0.144785,9.4653
5,3.9990,200,0,0,0.322336,0.140066,9.4654
5,4.0180,201,0,0,0.330719,0.138373,9.4658
5,4.0380,202,0,0,0.338776,0.137594,9.4663
5,4.0580,203,0,0,0.343206,0.136091,9.4668
5,4.0780,204,0,0,0.343079,0.134211,9.4672
5,4.0980,205,0,0,0.339392,0.134801,9.4671
5,4.1180,206,0,0,0.326252,0.135371,9.4667
5,4.1380,207,0,0,0.311110,0.133409,9.4660
5,4.1590,208,0,0,0.301506,0.134997,9.4652
5,4.1780,209,0,0,0.292700,0.136525,9.4643
5,4.1980,210,0,0,0.279346,0.134176,9.4636
5,4.2180,211,0,0,0.263094,0.128757,9.4631
5,4.2380,212,0,0,0.247385,0.122329,9.4629
5,4.2580,213,0,0,0.234349,0.120166,9.4628
5,4.2780,214,0,0,0.218235,0.118037,9.4628
5,4.2980,215,0,0,0.204198,0.111953,9.4628
5,4.3190,216,0,0,0.196516,0.103760,9.4627
5,4.3380,217,0,0,0.196541,0.098472,9.4625
5,4.3580,218,0,0,0.195783,0.094537,9.4623
5,4.3780,219,0,0,0.188192,0.088393,9.4621
5,4.3980,220,0,0,0.174592,0.080486,9.4619
5,4.4180,221,0,0,0.157885,0.072013,9.4619
5,4.4380,222,0,0,0.141015,0.063898,9.4619
5,4.4580,223,0,0,0.125943,0.056594,9.4620
5,4.4780,224,0,0,0.113349,0.050526,9.4620
5,4.4980,225,0,0,0.102852,0.046285,9.4621
5,4.5180,226,0,0,0.093457,0.042771,9.4621
5,4.5380,227,0,0,0.084119,0.039466,9.4621
5,4.5580,228,0,0,0.074342,0.036288,9.4621
5,4.5780,229,0,0,0.064656,0.033340,9.4620
5,4.5980,230,0,0,0.056813,0.030880,9.4620
5,4.6180,231,0,0,0.053353,0.029283,9.4620
5,4.6380,232,0,0,0.055913,0.028837,9.4620
5,4.6590,233,0,0,0.063618,0.029530,9.4620
5,4.6780,234,0,0,0.074244,0.031174,9.4620
5,4.6980,235,0,0,0.085974,0.033617,9.4620
5,4.7180,236,0,0,0.097801,0.036776,9.4620
5,4.7380,237,0,0,0.109255,0.040604,9.4620
5,4.7580,238,0,0,0.120155,0.045085,9.4620
5,4.7780,239,0,0,0.130456,0.050119,9.4620
5,4.7980,240,0,0,0.140156,0.055522,9.4620
5,4.8190,241,0,0,0.149292,0.061144,9.4620
5,4.8380,242,0,0,0.157972,0.066833,9.4620
5,4.8580,243,0,0,0.166364,0.072457,9.4619
5,4.8780,244,0,0,0.174654,0.077946,9.4619
5,4.8980,245,0,0,0.183015,0.083049,9.4620
5,4.9180,246,0,0,0.191633,0.087689,9.4620
5,4.9380,247,0,0,0.199829,0.090441,9.4620
5,4.9580,248,0,0,0.210957,0.094879,9.4621
5,4.9780,249,0,0,0.226365,0.098661,9.4621
5,4.9990,250,0,0,0.243574,0.102200,9.4622
5,5.0180,251,0,0,0.259530,0.105606,9.4622
5,5.0380,252,0,0,0.273962,0.109255,9.4621
5,5.0580,253,0,0,0.286566,0.112816,9.4619
5,5.0780,254,0,0,0.296644,0.116222,9.4618
5,5.0980,255,0,0,0.304203,0.119513,9.4617
5,5.1180,256,0,0,0.309771,0.122827,9.4616
5,5.1380,257,0,0,0.313605,0.126448,9.4617
5,5.1580,258,0,0,0.316312,0.130289,9.4618
5,5.1780,259,0,0,0.318224,0.134102,9.4619
5,5.1980,260,0,0,0.319576,0.137683,9.4621
5,5.2180,261,0,0,0.320621,0.140887,9.4623
5,5.2380,262,0,0,0.321596,0.143631,9.4625
5,5.2580,263,0,0,0.322646,0.145872,9.4626
5,5.2780,264,0,0,0.323821,0.147584,9.4627
5,5.2980,265,0,0,0.325098,0.148744,9.4627
5,5.3180,266,0,0,0.326440,0.149337,9.4627
5,5.3380,267,0,0,0.327781,0.149361,9.4627
5,5.3580,268,0,0,0.329016,0.148834,9.4627
5,5.3780,269,0,0,0.330037,0.147812,9.4627
5,5.3980,270,0,0,0.330756,0.146363,9.4627
5,5.4180,271,0,0,0.331147,0.144563,9.4628
5,5.4380,272,0,0,0.327727,0.139035,9.4626
5,5.4580,273,0,0,0.332400,0.139009,9.4623
5,5.4780,274,0,0,0.344608,0.143905,9.4618
5,5.4990,275,0,0,0.365037,0.142991,9.4611
5,5.5180,276,0,0,0.392285,0.147760,9.4599
5,5.5380,277,0,0,0.414672,0.151888,9.4585
5,5.5580,278,0,0,0.414736,0.151062,9.4572
5,5.5780,279,0,0,0.396042,0.147396,9.4562
5,5.5980,280,0,0,0.368807,0.143511,9.4556
5,5.6180,281,0,0,0.341602,0.141458,9.4556
5,5.6380,282,0,0,0.319505,0.141935,9.4560
5,5.6590,283,0,0,0.303677,0.143766,9.4566
5,5.6780,284,0,0,0.292853,0.145083,9.4575
5,5.6980,285,0,0,0.285232,0.144942,9.4583
5,5.7180,286,0,0,0.279677,0.143164,9.4590
5,5.7380,287,0,0,0.275733,0.140034,9.4595
5,5.7580,288,0,0,0.273279,0.136024,9.4597
5,5.7780,289,0,0,0.272043,0.131474,9.4596
5,5.7980,290,0,0,0.271463,0.126476,9.4594
5,5.8180,291,0,0,0.270831,0.120904,9.4591
5,5.8380,292,0,0,0.269514,0.114775,9.4588
5,5.8580,293,0,0,0.267130,0.108113,9.4586
5,5.8780,294,0,0,0.263583,0.101313,9.4584
5,5.8980,295,0,0,0.258649,0.094784,9.4584
5,5.9180,296,0,0,0.252055,0.087506,9.4584
5,5.9380,297,0,0,0.243924,0.083199,9.4584
5,5.9580,298,0,0,0.232279,0.079622,9.4584
5,5.9780,299,0,0,0.217453,0.076357,9.4583
5,5.9980,300,0,0,0.200407,0.073404,9.4583
5,6.0180,301,0,0,0.182032,0.070648,9.4582
5,6.0380,302,0,0,0.163090,0.067891,9.4581
5,6.0580,303,0,0,0.144215,0.064929,9.4580
5,6.0780,304,0,0,0.125826,0.066110,9.4577
5,6.0980,305,0,0,0.112818,0.064633,9.4573
5,6.1180,306,0,0,0.099288,0.059756,9.4568
5,6.1380,307,0,0,0.083780,0.052929,9.4564
5,6.1590,308,0,0,0.067527,0.045221,9.4562
5,6.1780,309,0,0,0.052315,0.037327,9.4561
5,6.1980,310,0,0,0.044666,0.029753,9.4561
5,6.2180,311,0,0,0.035818,0.022845,9.4562
5,6.2380,312,0,0,0.026295,0.016823,9.4564
5,6.2580,313,0,0,0.018011,0.012115,9.4566
5,6.2780,314,0,0,0.015469,0.010242,9.4568
5,6.2980,315,0,0,0.019445,0.012987,9.4569
5,6.3180,316,0,0,0.026586,0.018372,9.4570
5,6.3390,317,0,0,0.034446,0.024369,9.4570
5,6.3580,318,0,0,0.042676,0.030220,9.4569
5,6.3780,319,0,0,0.050655,0.035639,9.4568
5,6.3980,320,0,0,0.061092,0.040567,9.4567
5,6.4180,321,0,0,0.074022,0.045065,9.4566
5,6.4380,322,0,0,0.088132,0.049234,9.4566
5,6.4580,323,0,0,0.103223,0.053162,9.4565
5,6.4780,324,0,0,0.118963,0.056909,9.4566
5,6.4990,325,0,0,0.134945,0.060510,9.4566
5,6.5180,326,0,0,0.150748,0.063993,9.4567
5,6.5380,327,0,0,0.165986,0.067385,9.4567
5,6.5580,328,0,0,0.180340,0.070722,9.4567
5,6.5780,329,0,0,0.193568,0.074048,9.4568
5,6.5980,330,0,0,0.205938,0.082113,9.4565
5,6.6180,331,0,0,0.215456,0.088628,9.4561
5,6.6380,332,0,0,0.225874,0.092034,9.4555
5,6.6590,333,0,0,0.237527,0.093705,9.4550
5,6.6780,334,0,0,0.250706,0.103167,9.4543
5,6.6980,335,0,0,0.270818,0.124832,9.4526
5,6.7180,336,0,0,0.262718,0.139770,9.4504
5,6.7380,337,0,0,0.251607,0.158192,9.4477
5,6.7580,338,0,0,0.228344,0.162249,9.4451
5,6.7780,339,0,0,0.222389,0.167541,9.4427
5,6.7980,340,0,0,0.228732,0.166089,9.4410
5,6.8180,341,0,0,0.225125,0.161353,9.4400
5,6.8390,342,0,0,0.224885,0.156796,9.4399
5,6.8580,343,0,0,0.239896,0.151566,9.4404
5,6.8780,344,0,0,0.253655,0.143555,9.4412
5,6.8980,345,0,0,0.264836,0.131925,9.4421
5,6.9180,346,0,0,0.273555,0.119103,9.4429
5,6.9380,347,0,0,0.252774,0.113137,9.4429
5,6.9580,348,0,0,0.239337,0.115858,9.4425
5,6.9780,349,0,0,0.236694,0.120707,9.4420
5,6.9990,350,0,0,0.238009,0.124084,9.4413
5,7.0180,351,0,0,0.236883,0.126807,9.4406
5,7.0380,352,0,0,0.232148,0.128679,9.4401
5,7.0580,353,0,0,0.225979,0.129541,9.4398
5,7.0780,354,0,0,0.221426,0.129569,9.4398
5,7.0980,355,0,0,0.220606,0.128828,9.4399
5,7.1180,356,0,0,0.224076,0.127323,9.4401
5,7.1380,357,0,0,0.231210,0.125125,9.4403
5,7.1580,358,0,0,0.241040,0.122450,9.4405
5,7.1780,359,0,0,0.252609,0.119571,9.4405
5,7.1980,360,0,0,0.264980,0.116708,9.4404
5,7.2180,361,0,0,0.277196,0.113984,9.4402
5,7.2380,362,0,0,0.288289,0.111452,9.4398
5,7.2580,363,0,0,0.297486,0.109145,9.4394
5,7.2780,364,0,0,0.309041,0.115970,9.4387
5,7.2980,365,0,0,0.314994,0.120015,9.4377
5,7.3180,366,0,0,0.306948,0.118973,9.4368
5,7.3390,367,0,0,0.295439,0.118585,9.4357
5,7.3580,368,0,0,0.277300,0.122688,9.4346
5,7.3780,369,0,0,0.255053,0.117480,9.4337
5,7.3980,370,0,0,0.237461,0.111216,9.4330
5,7.4180,371,0,0,0.229622,0.111941,9.4326
5,7.4380,372,0,0,0.227901,0.113203,9.4326
5,7.4580,373,0,0,0.227384,0.113478,9.4328
5,7.4780,374,0,0,0.226023,0.113743,9.4333
5,7.4990,375,0,0,0.223706,0.114015,9.4338
5,7.5180,376,0,0,0.221113,0.113335,9.4342
5,7.5380,377,0,0,0.219171,0.111147,9.4345
5,7.5580,378,0,0,0.218621,0.108032,9.4347
5,7.5780,379,0,0,0.219499,0.104752,9.4346
5,7.5980,380,0,0,0.221390,0.102055,9.4345
5,7.6180,381,0,0,0.223935,0.100335,9.4342
5,7.6380,382,0,0,0.226614,0.099103,9.4339
5,7.6580,383,0,0,0.228890,0.097964,9.4336
5,7.6780,384,0,0,0.230469,0.096940,9.4333
5,7.6980,385,0,0,0.265911,0.097199,9.4326
5,7.7180,386,0,0,0.287014,0.094274,9.4321
5,7.7380,387,0,0,0.292082,0.089432,9.4316
5,7.7580,388,0,0,0.289173,0.085627,9.4313
5,7.7780,389,0,0,0.284515,0.089082,9.4310
5,7.7980,390,0,0,0.280666,0.091740,9.4307
5,7.8180,391,0,0,0.277326,0.092211,9.4305
5,7.8390,392,0,0,0.262793,0.093772,9.4301
5,7.8580,393,0,0,0.254307,0.095484,9.4298
5,7.8780,394,0,0,0.246754,0.097908,9.4295
5,7.8980,395,0,0,0.238127,0.101448,9.4292
5,7.9180,396,0,0,0.228023,0.105505,9.4290
5,7.9380,397,0,0,0.217502,0.108909,9.4289
5,7.9580,398,0,0,0.208268,0.111202,9.4289
5,7.9780,399,0,0,0.201982,0.112511,9.4289
5,7.9990,400,0,0,0.199398,0.112980,9.4290
5,8.0180,401,0,0,0.200197,0.112856,9.4292
5,8.0380,402,0,0,0.203394,0.112050,9.4293
5,8.0580,403,0,0,0.207942,0.110492,9.4294
5,8.0780,404,0,0,0.213612,0.108215,9.4295
5,8.0980,405,0,0,0.219237,0.105414,9.4295
5,8.1180,406,0,0,0.224612,0.102328,9.4294
5,8.1380,407,0,0,0.229663,0.099321,9.4293
5,8.1580,408,0,0,0.234152,0.096922,9.4292
5,8.1790,409,0,0,0.237697,0.095596,9.4290
5,8.1980,410,0,0,0.240456,0.095295,9.4288
5,8.2180,411,0,0,0.241706,0.095491,9.4286
5,8.2380,412,0,0,0.241017,0.095714,9.4284
5,8.2580,413,0,0,0.238296,0.095739,9.4282
5,8.2780,414,0,0,0.233687,0.095477,9.4280
5,8.2980,415,0,0,0.227598,0.094893,9.4278
5,8.3180,416,0,0,0.220561,0.093996,9.4276
5,8.3390,417,0,0,0.213190,0.092825,9.4275
5,8.3580,418,0,0,0.206030,0.091460,9.4274
5,8.3780,419,0,0,0.199619,0.089985,9.4273
5,8.3980,420,0,0,0.194394,0.088465,9.4272
5,8.4180,421,0,0,0.190587,0.086938,9.4271
5,8.4380,422,0,0,0.188281,0.085385,9.4271
5,8.4580,423,0,0,0.187177,0.083764,9.4271
5,8.4780,424,0,0,0.186856,0.082020,9.4271
5,8.4990,425,0,0,0.186890,0.080107,9.4272
5,8.5180,426,0,0,0.186887,0.078040,9.4272
5,8.5380,427,0,0,0.186513,0.075905,9.4273
5,8.5580,428,0,0,0.185539,0.073865,9.4274
5,8.5780,429,0,0,0.183833,0.072165,9.4274
5,8.5980,430,0,0,0.181368,0.071093,9.4275
5,8.6180,431,0,0,0.178177,0.070854,9.4275
5,8.6380,432,0,0,0.174405,0.071417,9.4275
5,8.6580,433,0,0,0.170267,0.072552,9.4275
5,8.6790,434,0,0,0.166039,0.073996,9.4275
5,8.6980,435,0,0,0.162049,0.075532,9.4274
5,8.7180,436,0,0,0.158676,0.077013,9.4274
5,8.7380,437,0,0,0.156566,0.078350,9.4273
5,8.7580,438,0,0,0.155999,0.079451,9.4273
5,8.7780,439,0,0,0.156975,0.080296,9.4273
5,8.7980,440,0,0,0.159457,0.080925,9.4273
5,8.8180,441,0,0,0.163387,0.081401,9.4273
5,8.8390,442,0,0,0.168645,0.081801,9.4274
5,8.8580,443,0,0,0.174987,0.082173,9.4275
5,8.8780,444,0,0,0.182102,0.082656,9.4275
5,8.8980,445,0,0,0.189644,0.083321,9.4276
5,8.9180,446,0,0,0.197229,0.084208,9.4278
5,8.9380,447,0,0,0.204488,0.085345,9.4279
5,8.9580,448,0,0,0.211131,0.086740,9.4281
5,8.9780,449,0,0,0.216976,0.088233,9.4282
5,8.9980,450,0,0,0.222128,0.089848,9.4285
5,9.0180,451,0,0,0.226770,0.091638,9.4287
5,9.0380,452,0,0,0.230954,0.093557,9.4290
5,9.0580,453,0,0,0.234654,0.095522,9.4293
5,9.0780,454,0,0,0.237844,0.097444,9.4296
5,9.0980,455,0,0,0.240529,0.099239,9.4298
5,9.1180,456,0,0,0.242749,0.100912,9.4301
5,9.1380,457,0,0,0.244600,0.102481,9.4303
5,9.1580,458,0,0,0.246221,0.103942,9.4305
5,9.1790,459,0,0,0.247711,0.105256,9.4307
5,9.1980,460,0,0,0.249109,0.106388,9.4309
5,9.2180,461,0,0,0.250428,0.107305,9.4311
5,9.2380,462,0,0,0.251671,0.107980,9.4313
5,9.2580,463,0,0,0.252803,0.108401,9.4315
5,9.2780,464,0,0,0.253775,0.108563,9.4318
5,9.2980,465,0,0,0.254543,0.108473,9.4320
5,9.3180,466,0,0,0.255036,0.108151,9.4322
5,9.3390,467,0,0,0.255194,0.107623,9.4324
5,9.3580,468,0,0,0.254948,0.106921,9.4327
5,9.3780,469,0,0,0.254219,0.106065,9.4329
5,9.3980,470,0,0,0.252952,0.105082,9.4331
5,9.4180,471,0,0,0.251098,0.103985,9.4333
5,9.4380,472,0,0,0.248632,0.102780,9.4334
5,9.4580,473,0,0,0.245566,0.101468,9.4336
5,9.4780,474,0,0,0.241904,0.100041,9.4338
5,9.4980,475,0,0,0.237694,0.098489,9.4339
5,9.5180,476,0,0,0.232972,0.096799,9.4341
5,9.5380,477,0,0,0.227798,0.094956,9.4342
5,9.5580,478,0,0,0.222226,0.092952,9.4344
5,9.5780,479,0,0,0.216306,0.090779,9.4345
5,9.5980,480,0,0,0.210096,0.088431,9.4347
5,9.6180,481,0,0,0.203643,0.085786,9.4348
5,9.6380,482,0,0,0.197053,0.083003,9.4349
5,9.6580,483,0,0,0.190338,0.080086,9.4350
5,9.6790,484,0,0,0.183420,0.077031,9.4351
5,9.6980,485,0,0,0.176244,0.073838,9.4353
5,9.7180,486,0,0,0.168798,0.070518,9.4353
5,9.7380,487,0,0,0.161090,0.067095,9.4354
5,9.7580,488,0,0,0.153140,0.063593,9.4355
5,9.7780,489,0,0,0.144972,0.060037,9.4356
5,9.7980,490,0,0,0.136598,0.056452,9.4357
5,9.8180,491,0,0,0.128038,0.052854,9.4357
5,9.8390,492,0,0,0.119307,0.049259,9.4358
5,9.8580,493,0,0,0.110439,0.045685,9.4358
5,9.8780,494,0,0,0.101496,0.042150,9.4359
5,9.8980,495,0,0,0.092555,0.038674,9.4359
5,9.9180,496,0,0,0.083731,0.035288,9.4359
5,9.9380,497,0,0,0.075180,0.032030,9.4360
5,9.9580,498,0,0,0.067103,0.028957,9.4360
5,9.9780,499,0,0,0.059768,0.026146,9.4360
5,9.9980,500,0,0,0.053528,0.023711,9.4360
5,10.0190,501,0,0,0.048816,0.021797,9.4360
5,10.0380,502,0,0,0.046084,0.020573,9.4360
5,10.0580,503,0,0,0.045637,0.020177,9.4360
5,10.0780,504,0,0,0.047463,0.020661,9.4360
5,10.0980,505,0,0,0.051231,0.021968,9.4360
5,10.1180,506,0,0,0.056462,0.023958,9.4359
5,10.1380,507,0,0,0.062703,0.026465,9.4359
5,10.1580,508,0,0,0.069601,0.029339,9.4359
5,10.1790,509,0,0,0.076908,0.032454,9.4358
5,10.1980,510,0,0,0.084456,0.035716,9.4358
5,10.2180,511,0,0,0.092131,0.039055,9.4357
5,10.2380,512,0,0,0.099855,0.042417,9.4356
5,10.2580,513,0,0,0.107571,0.045762,9.4356
5,10.2780,514,0,0,0.115234,0.049059,9.4355
5,10.2980,515,0,0,0.122807,0.052284,9.4354
5,10.3180,516,0,0,0.130255,0.055418,9.4353
5,10.3390,517,0,0,0.137545,0.058447,9.4352
5,10.3580,518,0,0,0.144644,0.061361,9.4351
5,10.3780,519,0,0,0.151522,0.064150,9.4350
5,10.3980,520,0,0,0.158143,0.066811,9.4349
5,10.4180,521,0,0,0.164477,0.069338,9.4348
5,10.4380,522,0,0,0.170495,0.071728,9.4347
5,10.4580,523,0,0,0.176168,0.073980,9.4346
5,10.4780,524,0,0,0.181472,0.076092,9.4344
5,10.4980,525,0,0,0.186383,0.078061,9.4343
5,10.5180,526,0,0,0.190896,0.079886,9.4341
5,10.5380,527,0,0,0.195017,0.081548,9.4340
5,10.5580,528,0,0,0.198706,0.083054,9.4339
5,10.5780,529,0,0,0.201935,0.084409,9.4337
5,10.5980,530,0,0,0.204700,0.085611,9.4336
5,10.6180,531,0,0,0.207008,0.086658,9.4335
5,10.6380,532,0,0,0.208866,0.087543,9.4334
5,10.6580,533,0,0,0.210294,0.088261,9.4332
5,10.6780,534,0,0,0.211305,0.088806,9.4331
5,10.6980,535,0,0,0.211912,0.089168,9.4329
5,10.7180,536,0,0,0.212132,0.089345,9.4328
5,10.7380,537,0,0,0.211961,0.089331,9.4326
5,10.7580,538,0,0,0.211413,0.089127,9.4324
5,10.7780,539,0,0,0.210494,0.088743,9.4323
5,10.7980,540,0,0,0.209206,0.088178,9.4321
5,10.8180,541,0,0,0.207571,0.087412,9.4320
5,10.8380,542,0,0,0.205574,0.086463,9.4318
5,10.8580,543,0,0,0.203206,0.085347,9.4316
5,10.8780,544,0,0,0.200184,0.084303,9.4314
5,10.8980,545,0,0,0.197986,0.083116,9.4311
5,10.9180,546,0,0,0.195694,0.081353,9.4309
5,10.9380,547,0,0,0.192825,0.079324,9.4306
5,10.9580,548,0,0,0.189213,0.077246,9.4304
5,10.9780,549,0,0,0.184749,0.075222,9.4303
5,10.9980,550,0,0,0.179425,0.073274,9.4302
5,11.0190,551,0,0,0.173336,0.071382,9.4301
5,11.0380,552,0,0,0.166654,0.069523,9.4300
5,11.0580,553,0,0,0.159539,0.067566,9.4300
5,11.0780,554,0,0,0.152197,0.065615,9.4299
5,11.0980,555,0,0,0.144787,0.063552,9.4298
5,11.1180,556,0,0,0.137410,0.061490,9.4298
5,11.1380,557,0,0,0.130136,0.059320,9.4297
5,11.1580,558,0,0,0.123029,0.057014,9.4296
5,11.1780,559,0,0,0.116194,0.054571,9.4295
5,11.1980,560,0,0,0.109727,0.052002,9.4295
5,11.2180,561,0,0,0.103672,0.049332,9.4295
5,11.2380,562,0,0,0.098034,0.046586,9.4294
5,11.2580,563,0,0,0.092780,0.043794,9.4294
5,11.2780,564,0,0,0.087862,0.040988,9.4294
5,11.2980,565,0,0,0.083231,0.038202,9.4294
5,11.3180,566,0,0,0.078845,0.035473,9.4294
5,11.3380,567,0,0,0.074682,0.032836,9.4294
5,11.3590,568,0,0,0.070728,0.030330,9.4294
5,11.3780,569,0,0,0.067005,0.028004,9.4294
5,11.3980,570,0,0,0.063545,0.025914,9.4294
5,11.4180,571,0,0,0.060392,0.024137,9.4293
5,11.4380,572,0,0,0.057631,0.022764,9.4293
5,11.4580,573,0,0,0.055379,0.021884,9.4293
5,11.4780,574,0,0,0.053769,0.021541,9.4293
5,11.4980,575,0,0,0.052941,0.021707,9.4293
5,11.5190,576,0,0,0.053013,0.022311,9.4293
5,11.5380,577,0,0,0.054049,0.023274,9.4293
5,11.5580,578,0,0,0.056039,0.024517,9.4293
5,11.5780,579,0,0,0.058906,0.025973,9.4293
5,11.5980,580,0,0,0.062519,0.027583,9.4293
5,11.6180,581,0,0,0.066728,0.029303,9.4294
5,11.6380,582,0,0,0.071379,0.031103,9.4294
5,11.6580,583,0,0,0.076332,0.032964,9.4294
5,11.6790,584,0,0,0.081470,0.034876,9.4294
5,11.6980,585,0,0,0.086695,0.036834,9.4295
5,11.7180,586,0,0,0.091931,0.038841,9.4295
5,11.7380,587,0,0,0.097175,0.040871,9.4295
5,11.7580,588,0,0,0.102378,0.042918,9.4295
5,11.7780,589,0,0,0.107460,0.044984,9.4295
5,11.7980,590,0,0,0.112380,0.047057,9.4296
5,11.8180,591,0,0,0.117113,0.049123,9.4296
5,11.8380,592,0,0,0.121652,0.051168,9.4296
5,11.8580,593,0,0,0.126005,0.053180,9.4296
5,11.8780,594,0,0,0.130185,0.055150,9.4296
5,11.8980,595,0,0,0.134209,0.057068,9.4297
5,11.9180,596,0,0,0.138085,0.058935,9.4297
5,11.9380,597,0,0,0.141734,0.060624,9.4297
5,11.9580,598,0,0,0.145091,0.062287,9.4297
5,11.9780,599,0,0,0.148398,0.063978,9.4298
5,11.9980,600,0,0,0.151837,0.065688,9.4298
5,12.0190,601,0,0,0.155449,0.067389,9.4299
5,12.0380,602,0,0,0.159184,0.069046,9.4299
5,12.0580,603,0,0,0.162970,0.070530,9.4300
5,12.0780,604,0,0,0.166821,0.071852,9.4301
5,12.0980,605,0,0,0.170727,0.073052,9.4302
5,12.1180,606,0,0,0.174604,0.073867,9.4303
5,12.1380,607,0,0,0.178694,0.074345,9.4305
5,12.1580,608,0,0,0.182726,0.074773,9.4307
5,12.1790,609,0,0,0.186113,0.075119,9.4309
5,12.1980,610,0,0,0.188638,0.075329,9.4312
5,12.2180,611,0,0,0.190329,0.075421,9.4314
5,12.2380,612,0,0,0.191300,0.075474,9.4316
5,12.2580,613,0,0,0.191651,0.075580,9.4317
5,12.2780,614,0,0,0.191431,0.075799,9.4319
5,12.2980,615,0,0,0.190657,0.076117,9.4320
5,12.3180,616,0,0,0.189282,0.076445,9.4321
5,12.3380,617,0,0,0.187297,0.076664,9.4322
5,12.3590,618,0,0,0.184749,0.076699,9.4323
5,12.3780,619,0,0,0.181733,0.076513,9.4325
5,12.3980,620,0,0,0.178391,0.076099,9.4326
5,12.4180,621,0,0,0.174872,0.075463,9.4327
5,12.4380,622,0,0,0.171309,0.074610,9.4328
5,12.4580,623,0,0,0.167797,0.073571,9.4329
5,12.4780,624,0,0,0.164406,0.072369,9.4330
5,12.4980,625,0,0,0.160990,0.070931,9.4332
5,12.5190,626,0,0,0.157480,0.069328,9.4333
5,12.5380,627,0,0,0.153918,0.067567,9.4335
5,12.5580,628,0,0,0.150319,0.065645,9.4336
5,12.5780,629,0,0,0.146652,0.063553,9.4337
5,12.5980,630,0,0,0.142855,0.061309,9.4339
5,12.6180,631,0,0,0.138863,0.058931,9.4340
5,12.6380,632,0,0,0.134616,0.056459,9.4341
5,12.6580,633,0,0,0.130047,0.053811,9.4342
5,12.6790,634,0,0,0.125142,0.051149,9.4343
5,12.6980,635,0,0,0.119924,0.048489,9.4345
5,12.7180,636,0,0,0.114380,0.045854,9.4346
5,12.7380,637,0,0,0.108503,0.043266,9.4346
5,12.7580,638,0,0,0.102320,0.040747,9.4347
5,12.7780,639,0,0,0.095885,0.038308,9.4348
5,12.7980,640,0,0,0.089277,0.035949,9.4349
5,12.8180,641,0,0,0.082587,0.033661,9.4349
5,12.8380,642,0,0,0.075922,0.031433,9.4350
5,12.8590,643,0,0,0.069399,0.029262,9.4350
5,12.8780,644,0,0,0.063145,0.027161,9.4351
5,12.8980,645,0,0,0.057307,0.025165,9.4351
5,12.9180,646,0,0,0.052053,0.023328,9.4351
5,12.9380,647,0,0,0.047569,0.021726,9.4352
5,12.9580,648,0,0,0.044059,0.020453,9.4352
5,12.9780,649,0,0,0.041723,0.019609,9.4352
5,12.9980,650,0,0,0.040689,0.019275,9.4352
5,13.0190,651,0,0,0.040987,0.019482,9.4352
5,13.0380,652,0,0,0.042535,0.020206,9.4352
5,13.0590,653,0,0,0.045174,0.021375,9.4352
5,13.0780,654,0,0,0.048715,0.022897,9.4352
5,13.0980,655,0,0,0.052975,0.024674,9.4352
5,13.1180,656,0,0,0.057799,0.026624,9.4352
5,13.1380,657,0,0,0.063055,0.028680,9.4352
5,13.1580,658,0,0,0.068633,0.030788,9.4352
5,13.1780,659,0,0,0.074437,0.032911,9.4352
5,13.1980,660,0,0,0.080380,0.035022,9.4352
5,13.2180,661,0,0,0.086382,0.037103,9.4352
5,13.2380,662,0,0,0.092368,0.039145,9.4351
5,13.2580,663,0,0,0.098269,0.041145,9.4351
5,13.2780,664,0,0,0.104020,0.043101,9.4350
5,13.2980,665,0,0,0.109564,0.045017,9.4350
5,13.3180,666,0,0,0.114850,0.046895,9.4349
5,13.3380,667,0,0,0.119838,0.048738,9.4348
5,13.3590,668,0,0,0.124494,0.050543,9.4348
5,13.3780,669,0,0,0.128798,0.052308,9.4347
5,13.3980,670,0,0,0.132737,0.054024,9.4346
5,13.4180,671,0,0,0.136311,0.055681,9.4346
5,13.4380,672,0,0,0.139526,0.057265,9.4345
5,13.4580,673,0,0,0.142398,0.058762,9.4344
5,13.4780,674,0,0,0.144947,0.060158,9.4343
5,13.4980,675,0,0,0.147197,0.061439,9.4342
5,13.5190,676,0,0,0.149175,0.062592,9.4341
5,13.5380,677,0,0,0.150905,0.063607,9.4340
5,13.5580,678,0,0,0.152411,0.064480,9.4339
5,13.5780,679,0,0,0.153708,0.065197,9.4338
5,13.5980,680,0,0,0.154808,0.065758,9.4337
5,13.6180,681,0,0,0.155718,0.066164,9.4336
5,13.6380,682,0,0,0.156441,0.066418,9.4335
5,13.6580,683,0,0,0.156970,0.066524,9.4334
5,13.6780,684,0,0,0.157294,0.066488,9.4333
5,13.6990,685,0,0,0.157396,0.066318,9.4331
5,13.7180,686,0,0,0.157259,0.066024,9.4330
5,13.7380,687,0,0,0.156869,0.065616,9.4329
5,13.7580,688,0,0,0.156195,0.065105,9.4328
5,13.7780,689,0,0,0.155237,0.064502,9.4326
5,13.7980,690,0,0,0.153980,0.063787,9.4325
5,13.8180,691,0,0,0.152404,0.062965,9.4324
5,13.8380,692,0,0,0.150578,0.062104,9.4322
5,13.8590,693,0,0,0.148552,0.061221,9.4321
5,13.8780,694,0,0,0.146319,0.060303,9.4320
5,13.8980,695,0,0,0.143829,0.059372,9.4319
5,13.9180,696,0,0,0.141083,0.058414,9.4318
5,13.9380,697,0,0,0.138112,0.057419,9.4316
5,13.9580,698,0,0,0.134953,0.056383,9.4315
5,13.9780,699,0,0,0.131647,0.055306,9.4314
5,13.9980,700,0,0,0.128242,0.054191,9.4313
5,14.0190,701,0,0,0.124794,0.053043,9.4312
5,14.0380,702,0,0,0.121334,0.051864,9.4311
5,14.0580,703,0,0,0.117908,0.050680,9.4310
5,14.0780,704,0,0,0.114572,0.049494,9.4309
5,14.0980,705,0,0,0.111288,0.048298,9.4308
5,14.1180,706,0,0,0.108029,0.047105,9.4307
5,14.1380,707,0,0,0.104811,0.045924,9.4307
5,14.1580,708,0,0,0.101686,0.044766,9.4306
5,14.1780,709,0,0,0.098715,0.043646,9.4305
5,14.1980,710,0,0,0.095964,0.042575,9.4305
5,14.2180,711,0,0,0.093495,0.041568,9.4304
5,14.2380,712,0,0,0.091357,0.040638,9.4303
5,14.2580,713,0,0,0.089589,0.039801,9.4303
5,14.2780,714,0,0,0.088230,0.039080,9.4302
5,14.2980,715,0,0,0.087282,0.038490,9.4301
5,14.3180,716,0,0,0.086732,0.038061,9.4301
5,14.3380,717,0,0,0.086558,0.037779,9.4300
5,14.3590,718,0,0,0.086700,0.037614,9.4299
5,14.3780,719,0,0,0.087166,0.037625,9.4299
5,14.3980,720,0,0,0.087964,0.037816,9.4298
5,14.4180,721,0,0,0.089098,0.038248,9.4298
5,14.4380,722,0,0,0.090614,0.038824,9.4298
5,14.4580,723,0,0,0.092419,0.039529,9.4298
5,14.4780,724,0,0,0.094433,0.040334,9.4299
5,14.4980,725,0,0,0.096607,0.041205,9.4299
5,14.5190,726,0,0,0.098921,0.042118,9.4300
5,14.5380,727,0,0,0.101353,0.043060,9.4300
5,14.5580,728,0,0,0.103875,0.044027,9.4301
5,14.5780,729,0,0,0.106451,0.045017,9.4301
5,14.5980,730,0,0,0.109040,0.046027,9.4302
5,14.6180,731,0,0,0.111602,0.047050,9.4302
5,14.6380,732,0,0,0.114100,0.048080,9.4302
5,14.6580,733,0,0,0.116506,0.049110,9.4303
5,14.6780,734,0,0,0.118802,0.050135,9.4303
5,14.6990,735,0,0,0.120984,0.051148,9.4304
5,14.7180,736,0,0,0.123054,0.052141,9.4304
5,14.7380,737,0,0,0.125022,0.053106,9.4305
5,14.7580,738,0,0,0.127684,0.054957,9.4305
5,14.7780,739,0,0,0.129343,0.056010,9.4305
5,14.7980,740,0,0,0.129059,0.056520,9.4305
5,14.8180,741,0,0,0.128019,0.056814,9.4304
5,14.8380,742,0,0,0.127366,0.057060,9.4304
5,14.8590,743,0,0,0.127630,0.057361,9.4304
5,14.8780,744,0,0,0.128820,0.057731,9.4304
5,14.8980,745,0,0,0.130659,0.058099,9.4305
5,14.9180,746,0,0,0.132801,0.058369,9.4306
5,14.9380,747,0,0,0.134951,0.058493,9.4307
5,14.9580,748,0,0,0.136952,0.058421,9.4308
5,14.9780,749,0,0,0.138785,0.058152,9.4309
5,14.9980,750,0,0,0.140454,0.057775,9.4310
5,15.0180,751,0,0,0.146509,0.063851,9.4309
5,15.0380,752,0,0,0.149476,0.065741,9.4307
5,15.0580,753,0,0,0.141587,0.064052,9.4303
5,15.0780,754,0,0,0.128357,0.060752,9.4300
5,15.0980,755,0,0,0.115671,0.057107,9.4297
5,15.1180,756,0,0,0.106991,0.054397,9.4295
5,15.1380,757,0,0,0.100518,0.052296,9.4295
5,15.1580,758,0,0,0.095413,0.050703,9.4297
5,15.1780,759,0,0,0.091762,0.049246,9.4299
5,15.1990,760,0,0,0.089280,0.047449,9.4302
5,15.2180,761,0,0,0.087545,0.045183,9.4304
5,15.2380,762,0,0,0.086268,0.042755,9.4306
5,15.2580,763,0,0,0.085360,0.040746,9.4307
5,15.2780,764,0,0,0.084771,0.039604,9.4308
5,15.2980,765,0,0,0.084413,0.039230,9.4309
5,15.3180,766,0,0,0.084220,0.039200,9.4309
5,15.3380,767,0,0,0.084236,0.039217,9.4309
5,15.3590,768,0,0,0.084623,0.039191,9.4309
5,15.3780,769,0,0,0.085611,0.039155,9.4310
5,15.3980,770,0,0,0.087404,0.039178,9.4310
5,15.4180,771,0,0,0.090099,0.039319,9.4311
5,15.4380,772,0,0,0.093658,0.039623,9.4312
5,15.4580,773,0,0,0.097922,0.040131,9.4314
5,15.4780,774,0,0,0.102656,0.040893,9.4315
5,15.4980,775,0,0,0.107607,0.041965,9.4315
5,15.5180,776,0,0,0.112539,0.043384,9.4316
5,15.5390,777,0,0,0.117256,0.045140,9.4316
5,15.5580,778,0,0,0.121622,0.047168,9.4316
5,15.5780,779,0,0,0.125561,0.049387,9.4316
5,15.5980,780,0,0,0.129052,0.051730,9.4316
5,15.6180,781,0,0,0.132126,0.054146,9.4316
5,15.6380,782,0,0,0.134858,0.056593,9.4316
5,15.6580,783,0,0,0.137353,0.059032,9.4316
5,15.6780,784,0,0,0.139731,0.061429,9.4316
5,15.6990,785,0,0,0.142113,0.063748,9.4316
5,15.7180,786,0,0,0.144616,0.065955,9.4316
5,15.7380,787,0,0,0.147333,0.068021,9.4317
5,15.7580,788,0,0,0.150329,0.069919,9.4317
5,15.7780,789,0,0,0.153638,0.071625,9.4317
5,15.7980,790,0,0,0.157259,0.073121,9.4317
5,15.8180,791,0,0,0.161154,0.074400,9.4317
5,15.8380,792,0,0,0.165257,0.075459,9.4317
5,15.8590,793,0,0,0.169470,0.076308,9.4317
5,15.8780,794,0,0,0.173687,0.076963,9.4317
5,15.8980,795,0,0,0.177795,0.077451,9.4316
5,15.9180,796,0,0,0.181675,0.077806,9.4316
5,15.9380,797,0,0,0.185217,0.078065,9.4316
5,15.9580,798,0,0,0.188326,0.078268,9.4315
5,15.9780,799,0,0,0.190921,0.078449,9.4315
5,15.9980,800,0,0,0.192943,0.078638,9.4314
5,16.0180,801,0,0,0.194343,0.078853,9.4313
5,16.0380,802,0,0,0.195090,0.079092,9.4312
5,16.0580,803,0,0,0.195188,0.079340,9.4311
5,16.0780,804,0,0,0.194684,0.079571,9.4311
5,16.0980,805,0,0,0.193637,0.079757,9.4310
5,16.1180,806,0,0,0.192132,0.079865,9.4309
5,16.1380,807,0,0,0.190231,0.079866,9.4308
5,16.1580,808,0,0,0.188019,0.079734,9.4307
5,16.1780,809,0,0,0.185590,0.079446,9.4306
5,16.1990,810,0,0,0.183013,0.078987,9.4305
5,16.2180,811,0,0,0.180141,0.081005,9.4302
5,16.2380,812,0,0,0.178207,0.082096,9.4297
5,16.2580,813,0,0,0.174514,0.081064,9.4292
5,16.2780,814,0,0,0.169604,0.078650,9.4287
5,16.2980,815,0,0,0.164703,0.075522,9.4283
5,16.3180,816,0,0,0.160623,0.072329,9.4282
5,16.3380,817,0,0,0.157558,0.069533,9.4282
5,16.3580,818,0,0,0.155167,0.067254,9.4283
5,16.3780,819,0,0,0.152886,0.065313,9.4285
5,16.3980,820,0,0,0.150232,0.063468,9.4287
5,16.4180,821,0,0,0.146987,0.061649,9.4288
5,16.4380,822,0,0,0.143206,0.059928,9.4289
5,16.4580,823,0,0,0.139098,0.058364,9.4289
5,16.4780,824,0,0,0.134871,0.056905,9.4289
5,16.4980,825,0,0,0.130658,0.055414,9.4287
5,16.5180,826,0,0,0.126526,0.053750,9.4285
5,16.5390,827,0,0,0.122526,0.051848,9.4283
5,16.5580,828,0,0,0.118753,0.049755,9.4281
5,16.5780,829,0,0,0.115279,0.047614,9.4280
5,16.5980,830,0,0,0.112121,0.045572,9.4279
5,16.6180,831,0,0,0.109257,0.043680,9.4278
5,16.6380,832,0,0,0.106665,0.042006,9.4277
5,16.6580,833,0,0,0.104329,0.040597,9.4277
5,16.6780,834,0,0,0.102188,0.039479,9.4276
5,16.6990,835,0,0,0.100166,0.038654,9.4276
5,16.7180,836,0,0,0.098210,0.038116,9.4276
5,16.7380,837,0,0,0.096320,0.037857,9.4275
5,16.7580,838,0,0,0.094553,0.037869,9.4275
5,16.7780,839,0,0,0.093021,0.038142,9.4274
5,16.7980,840,0,0,0.091844,0.038663,9.4274
5,16.8180,841,0,0,0.091153,0.039418,9.4273
5,16.8380,842,0,0,0.091045,0.040390,9.4272
5,16.8580,843,0,0,0.091587,0.041554,9.4272
5,16.8780,844,0,0,0.092813,0.042876,9.4271
5,16.8980,845,0,0,0.094720,0.044319,9.4270
5,16.9180,846,0,0,0.097283,0.045846,9.4270
5,16.9380,847,0,0,0.100460,0.047419,9.4270
5,16.9580,848,0,0,0.104197,0.049009,9.4269
5,16.9780,849,0,0,0.108434,0.050595,9.4269
5,16.9980,850,0,0,0.113109,0.052169,9.4268
5,17.0180,851,0,0,0.118146,0.053720,9.4268
5,17.0390,852,0,0,0.123443,0.055246,9.4268
5,17.0580,853,0,0,0.128912,0.056753,9.4267
5,17.0780,854,0,0,0.134469,0.058248,9.4266
5,17.0980,855,0,0,0.140033,0.059743,9.4266
5,17.1180,856,0,0,0.145523,0.061258,9.4265
5,17.1380,857,0,0,0.150854,0.062802,9.4265
5,17.1580,858,0,0,0.155952,0.064379,9.4264
5,17.1780,859,0,0,0.160769,0.065993,9.4264
5,17.1990,860,0,0,0.165273,0.067637,9.4263
5,17.2180,861,0,0,0.169450,0.069308,9.4263
5,17.2380,862,0,0,0.173297,0.070997,9.4263
5,17.2580,863,0,0,0.176831,0.072688,9.4262
5,17.2780,864,0,0,0.180076,0.074362,9.4262
5,17.2980,865,0,0,0.183057,0.075999,9.4262
5,17.3180,866,0,0,0.185805,0.077574,9.4261
5,17.3380,867,0,0,0.188354,0.079067,9.4261
5,17.3580,868,0,0,0.190733,0.080457,9.4261
5,17.3790,869,0,0,0.192972,0.081726,9.4261
5,17.3980,870,0,0,0.195087,0.082863,9.4260
5,17.4180,871,0,0,0.197096,0.083858,9.4260
5,17.4380,872,0,0,0.199002,0.084707,9.4260
5,17.4580,873,0,0,0.200785,0.085407,9.4259
5,17.4780,874,0,0,0.202528,0.085931,9.4259
5,17.4980,875,0,0,0.204166,0.086296,9.4259
5,17.5180,876,0,0,0.205626,0.086429,9.4258
5,17.5390,877,0,0,0.206529,0.085902,9.4258
5,17.5580,878,0,0,0.207258,0.085050,9.4258
5,17.5780,879,0,0,0.208800,0.084158,9.4258
5,17.5980,880,0,0,0.215661,0.089648,9.4258
5,17.6180,881,0,0,0.218647,0.091691,9.4256
5,17.6380,882,0,0,0.211298,0.090782,9.4254
5,17.6580,883,0,0,0.198484,0.088503,9.4252
5,17.6780,884,0,0,0.185730,0.085857,9.4250
5,17.6990,885,0,0,0.176174,0.083574,9.4250
5,17.7180,886,0,0,0.170587,0.081809,9.4250
5,17.7380,887,0,0,0.168157,0.080227,9.4252
5,17.7580,888,0,0,0.167373,0.078410,9.4254
5,17.7780,889,0,0,0.166815,0.076082,9.4256
5,17.7980,890,0,0,0.165617,0.073162,9.4257
5,17.8180,891,0,0,0.164041,0.070946,9.4259
5,17.8380,892,0,0,0.160346,0.067990,9.4261
5,17.8580,893,0,0,0.154330,0.064297,9.4263
5,17.8790,894,0,0,0.147346,0.060441,9.4264
5,17.8980,895,0,0,0.140297,0.056783,9.4264
5,17.9180,896,0,0,0.133472,0.053443,9.4264
5,17.9380,897,0,0,0.126710,0.050332,9.4264
5,17.9580,898,0,0,0.119696,0.047344,9.4263
5,17.9780,899,0,0,0.112189,0.044431,9.4263
5,17.9980,900,0,0,0.104125,0.041557,9.4263
5,18.0180,901,0,0,0.095610,0.038690,9.4264
5,18.0390,902,0,0,0.086847,0.035812,9.4264
5,18.0580,903,0,0,0.078059,0.032911,9.4265
5,18.0780,904,0,0,0.069447,0.029988,9.4266
5,18.0980,905,0,0,0.061180,0.027059,9.4266
5,18.1180,906,0,0,0.053427,0.024162,9.4267
5,18.1380,907,0,0,0.046391,0.021366,9.4267
5,18.1580,908,0,0,0.040350,0.018781,9.4267
5,18.1780,909,0,0,0.035681,0.016574,9.4267
5,18.1980,910,0,0,0.032817,0.014973,9.4268
5,18.2190,911,0,0,0.032101,0.014226,9.4268
5,18.2380,912,0,0,0.033542,0.014501,9.4268
5,18.2580,913,0,0,0.036802,0.015767,9.4268
5,18.2780,914,0,0,0.041409,0.017819,9.4268
5,18.2980,915,0,0,0.046950,0.020399,9.4269
5,18.3180,916,0,0,0.053131,0.023301,9.4269
5,18.3380,917,0,0,0.059756,0.026384,9.4269
5,18.3580,918,0,0,0.066693,0.029552,9.4270
5,18.3780,919,0,0,0.073843,0.032745,9.4270
5,18.3980,920,0,0,0.081133,0.035921,9.4271
5,18.4180,921,0,0,0.088496,0.039052,9.4271
5,18.4380,922,10,0,0.000000,0.000000,9.4271
6,0.0180,1,0,0,0.000000,0.000000,9.6900
6,0.0380,2,0,0,0.196000,0.196000,9.6861
6,0.0580,3,0,0,0.391608,0.382846,9.6782
6,0.0780,4,0,0,0.586825,0.528163,9.6665
6,0.0980,5,0,0,0.781651,0.658304,9.6509
6,0.1180,6,0,0,0.976088,0.742443,9.6314
6,0.1380,7,0,0,1.170136,0.781272,9.6080
6,0.1580,8,0,0,1.363795,0.781580,9.5807
6,0.1780,9,0,0,1.557068,0.732259,9.5495
6,0.1980,10,0,0,1.749954,0.634135,9.5145
6,0.2180,11,0,0,1.942454,0.481745,9.4757
6,0.2380,12,0,0,0.524363,0.281274,9.4652
6,0.2580,13,0,0,0.066162,0.042268,9.4650
6,0.2780,14,0,0,0.293233,0.177263,9.4708
6,0.2990,15,0,0,0.474993,0.308527,9.4803
6,0.3180,16,0,0,0.522325,0.346854,9.4907
6,0.3380,17,0,0,0.429709,0.303293,9.4992
6,0.3580,18,0,0,0.267984,0.195911,9.5044
6,0.3780,19,0,0,0.081213,0.060664,9.5057
6,0.3980,20,0,0,0.148069,0.107440,9.5032
6,0.4180,21,0,0,0.324857,0.204416,9.4967
6,0.4380,22,0,0,0.425933,0.248193,9.4882
6,0.4580,23,0,0,0.373598,0.239805,9.4807
6,0.4780,24,0,0,0.278074,0.184756,9.4752
6,0.4980,25,0,0,0.151410,0.104710,9.4722
6,0.5180,26,0,0,0.047662,0.031635,9.4718
6,0.5380,27,0,0,0.092296,0.063211,9.4735
6,0.5580,28,0,0,0.155637,0.104005,9.4766
6,0.5780,29,0,0,0.177553,0.117559,9.4802
6,0.5980,30,0,0,0.150522,0.100571,9.4831
6,0.6180,31,0,0,0.103708,0.069115,9.4851
6,0.6390,32,0,0,0.056904,0.034142,9.4859
6,0.6580,33,0,0,0.064000,0.026761,9.4855
6,0.6780,34,0,0,0.097891,0.048790,9.4844
6,0.6980,35,0,0,0.119981,0.062193,9.4828
6,0.7180,36,0,0,0.125043,0.063114,9.4812
6,0.7380,37,0,0,0.118975,0.054673,9.4799
6,0.7580,38,0,0,0.106625,0.042555,9.4791
6,0.7780,39,0,0,0.095478,0.033946,9.4787
6,0.7990,40,0,0,0.090060,0.034348,9.4789
6,0.8180,41,0,0,0.088622,0.039176,9.4794
6,0.8380,42,0,0,0.086242,0.042087,9.4801
6,0.8580,43,0,0,0.079873,0.041874,9.4808
6,0.8780,44,0,0,0.069767,0.039639,9.4813
6,0.8980,45,0,0,0.058537,0.037436,9.4816
6,0.9180,46,0,0,0.052165,0.036910,9.4817
6,0.9380,47,0,0,0.054641,0.038228,9.4816
6,0.9580,48,0,0,0.057481,0.040327,9.4814
6,0.9780,49,0,0,0.059159,0.042066,9.4811
6,0.9980,50,0,0,0.059269,0.042912,9.4808
6,1.0180,51,0,0,0.058054,0.042874,9.4806
6,1.0380,52,0,0,0.062540,0.042157,9.4805
6,1.0580,53,0,0,0.067873,0.040910,9.4805
6,1.0780,54,0,0,0.073276,0.039169,9.4806
6,1.0980,55,0,0,0.078422,0.036958,9.4807
6,1.1180,56,0,0,0.083124,0.034382,9.4808
6,1.1380,57,0,0,0.087305,0.031693,9.4809
6,1.1580,58,0,0,0.090894,0.029398,9.4809
6,1.1780,59,0,0,0.093753,0.029408,9.4809
6,1.1980,60,0,0,0.098064,0.042654,9.4807
6,1.2180,61,0,0,0.105988,0.044847,9.4801
6,1.2380,62,0,0,0.105226,0.042934,9.4794
6,1.2580,63,0,0,0.093590,0.038854,9.4788
6,1.2780,64,0,0,0.078040,0.039560,9.4782
6,1.2990,65,0,0,0.058559,0.040454,9.4780
6,1.3180,66,0,0,0.062049,0.040371,9.4779
6,1.3380,67,0,0,0.063361,0.039460,9.4781
6,1.3580,68,0,0,0.063469,0.038863,9.4784
6,1.3780,69,0,0,0.060327,0.037751,9.4788
6,1.3980,70,0,0,0.053164,0.035448,9.4792
6,1.4180,71,0,0,0.047897,0.033089,9.4795
6,1.4380,72,0,0,0.065665,0.031534,9.4796
6,1.4580,73,0,0,0.083235,0.031723,9.4797
6,1.4790,74,0,0,0.097087,0.032987,9.4796
6,1.4980,75,0,0,0.106358,0.035043,9.4795
6,1.5180,76,0,0,0.110897,0.036986,9.4793
6,1.5380,77,0,0,0.110913,0.037971,9.4791
6,1.5580,78,0,0,0.107057,0.038253,9.4790
6,1.5780,79,0,0,0.100332,0.038543,9.4789
6,1.5980,80,0,0,0.091942,0.039681,9.4789
6,1.6180,81,0,0,0.083222,0.042162,9.4789
6,1.6390,82,0,0,0.075613,0.045726,9.4789
6,1.6580,83,0,0,0.072197,0.049711,9.4790
6,1.6780,84,0,0,0.076365,0.053560,9.4790
6,1.6980,85,0,0,0.080583,0.056878,9.4791
6,1.7180,86,0,0,0.083307,0.059372,9.4791
6,1.7380,87,0,0,0.085655,0.060858,9.4791
6,1.7580,88,0,0,0.095386,0.061290,9.4790
6,1.7780,89,0,0,0.106219,0.060760,9.4790
6,1.7990,90,0,0,0.117583,0.059466,9.4790
6,1.8180,91,0,0,0.129033,0.057689,9.4790
6,1.8380,92,0,0,0.140099,0.055761,9.4790
6,1.8580,93,0,0,0.150283,0.054068,9.4789
6,1.8780,94,0,0,0.159768,0.054811,9.4789
6,1.8980,95,0,0,0.168203,0.054666,9.4788
6,1.9180,96,0,0,0.172461,0.055274,9.4786
6,1.9380,97,0,0,0.172347,0.056941,9.4785
6,1.9580,98,0,0,0.169514,0.058572,9.4784
6,1.9790,99,0,0,0.165426,0.059674,9.4783
6,1.9980,100,0,0,0.160787,0.060308,9.4783
6,2.0180,101,0,0,0.155798,0.060820,9.4783
6,2.0380,102,0,0,0.150550,0.061619,9.4783
6,2.0580,103,0,0,0.145221,0.062851,9.4784
6,2.0780,104,0,0,0.140114,0.064287,9.4784
6,2.0980,105,0,0,0.135589,0.065619,9.4784
6,2.1180,106,0,0,0.131980,0.066629,9.4784
6,2.1380,107,0,0,0.129501,0.067187,9.4784
6,2.1580,108,0,0,0.131189,0.080753,9.4779
6,2.1780,109,0,0,0.142478,0.084042,9.4768
6,2.1980,110,0,0,0.157790,0.100114,9.4752
6,2.2180,111,0,0,0.169104,0.099013,9.4732
6,2.2380,112,0,0,0.173100,0.097641,9.4713
6,2.2580,113,0,0,0.169134,0.089302,9.4697
6,2.2780,114,0,0,0.169786,0.094192,9.4683
6,2.2980,115,0,0,0.176185,0.087457,9.4672
6,2.3190,116,0,0,0.190393,0.079048,9.4665
6,2.3380,117,0,0,0.209864,0.077554,9.4663
6,2.3580,118,0,0,0.228051,0.083886,9.4665
6,2.3780,119,0,0,0.240509,0.091157,9.4671
6,2.3980,120,0,0,0.246851,0.096622,9.4678
6,2.4180,121,0,0,0.249203,0.100291,9.4684
6,2.4380,122,0,0,0.250392,0.103340,9.4688
6,2.4580,123,0,0,0.252378,0.106885,9.4689
6,2.4790,124,0,0,0.258546,0.125158,9.4685
6,2.4980,125,0,0,0.270349,0.138523,9.4672
6,2.5180,126,0,0,0.276425,0.150530,9.4656
6,2.5380,127,0,0,0.274933,0.157021,9.4640
6,2.5580,128,0,0,0.270787,0.159054,9.4628
6,2.5780,129,0,0,0.268411,0.159280,9.4621
6,2.5980,130,0,0,0.270109,0.159378,9.4619
6,2.6180,131,0,0,0.275295,0.172058,9.4613
6,2.6390,132,0,0,0.280168,0.180201,9.4598
6,2.6580,133,0,0,0.287501,0.188283,9.4580
6,2.6780,134,0,0,0.307405,0.205968,9.4560
6,2.6980,135,0,0,0.329210,0.214682,9.4538
6,2.7180,136,0,0,0.345323,0.216022,9.4520
6,2.7380,137,0,0,0.365790,0.214251,9.4509
6,2.7580,138,0,0,0.395524,0.212669,9.4506
6,2.7780,139,0,0,0.431800,0.211963,9.4509
6,2.7980,140,0,0,0.469372,0.211042,9.4516
6,2.8190,141,0,0,0.503939,0.207921,9.4524
6,2.8380,142,0,0,0.533213,0.201557,9.4530
6,2.8580,143,0,0,0.557000,0.196475,9.4533
6,2.8780,144,0,0,0.576047,0.195318,9.4531
6,2.8980,145,0,0,0.590398,0.198149,9.4525
6,2.9180,146,0,0,0.599132,0.201473,9.4516
6,2.9380,147,0,0,0.600968,0.204405,9.4505
6,2.9580,148,0,0,0.595137,0.207365,9.4494
6,2.9790,149,0,0,0.582231,0.211264,9.4485
6,2.9980,150,0,0,0.564619,0.216515,9.4477
6,3.0180,151,0,0,0.544381,0.222762,9.4472
6,3.0380,152,0,0,0.522242,0.229318,9.4469
6,3.0580,153,0,0,0.498499,0.234190,9.4467
6,3.0780,154,0,0,0.475085,0.236001,9.4465
6,3.0980,155,0,0,0.454965,0.235662,9.4463
6,3.1180,156,0,0,0.440394,0.232665,9.4460
6,3.1390,157,0,0,0.432564,0.229268,9.4456
6,3.1580,158,0,0,0.427994,0.225024,9.4450
6,3.1780,159,0,0,0.421122,0.218948,9.4445
6,3.1980,160,0,0,0.411732,0.211134,9.4441
6,3.2180,161,0,0,0.402200,0.202312,9.4439
6,3.2380,162,0,0,0.394126,0.193243,9.4437
6,3.2580,163,0,0,0.387744,0.184395,9.4436
6,3.2780,164,0,0,0.382444,0.175964,9.4435
6,3.2980,165,0,0,0.377340,0.167925,9.4434
6,3.3190,166,0,0,0.371778,0.160063,9.4433
6,3.3380,167,0,0,0.363658,0.151802,9.4431
6,3.3580,168,0,0,0.352133,0.143395,9.4428
6,3.3780,169,0,0,0.344289,0.135561,9.4423
6,3.3980,170,0,0,0.331962,0.127662,9.4417
6,3.4180,171,0,0,0.315465,0.120358,9.4412
6,3.4380,172,0,0,0.296691,0.113625,9.4406
6,3.4580,173,0,0,0.276794,0.107233,9.4402
6,3.4780,174,0,0,0.255927,0.100494,9.4397
6,3.4980,175,0,0,0.234739,0.093083,9.4394
6,3.5180,176,0,0,0.214118,0.085483,9.4392
6,3.5380,177,0,0,0.194159,0.078270,9.4391
6,3.5580,178,0,0,0.174664,0.071906,9.4390
6,3.5780,179,0,0,0.153672,0.066308,9.4390
6,3.5980,180,0,0,0.132187,0.060928,9.4391
6,3.6180,181,0,0,0.111755,0.055337,9.4391
6,3.6390,182,0,0,0.092574,0.049749,9.4391
6,3.6580,183,0,0,0.074797,0.044320,9.4391
6,3.6780,184,0,0,0.058854,0.039108,9.4391
6,3.6980,185,0,0,0.046701,0.034305,9.4391
6,3.7180,186,0,0,0.040287,0.030395,9.4390
6,3.7380,187,0,0,0.039629,0.028015,9.4390
6,3.7580,188,0,0,0.048284,0.027348,9.4390
6,3.7780,189,0,0,0.060951,0.028161,9.4390
6,3.7980,190,0,0,0.075187,0.030310,9.4390
6,3.8180,191,0,0,0.089853,0.034111,9.4391
6,3.8380,192,0,0,0.104457,0.039661,9.4392
6,3.8580,193,0,0,0.118811,0.046446,9.4393
6,3.8780,194,0,0,0.132906,0.053813,9.4395
6,3.8980,195,0,0,0.146803,0.061399,9.4396
6,3.9180,196,0,0,0.160599,0.069028,9.4398
6,3.9380,197,0,0,0.174404,0.076599,9.4400
6,3.9580,198,0,0,0.188308,0.084048,9.4401
6,3.9790,199,0,0,0.202386,0.091333,9.4403
6,3.9980,200,0,0,0.216680,0.098427,9.4405
6,4.0180,201,0,0,0.231181,0.105311,9.4406
6,4.0380,202,0,0,0.245952,0.111991,9.4408
6,4.0580,203,0,0,0.261027,0.118474,9.4410
6,4.0780,204,0,0,0.276390,0.124771,9.4412
6,4.0980,205,0,0,0.291980,0.130892,9.4414
6,4.1180,206,0,0,0.307719,0.136855,9.4416
6,4.1380,207,0,0,0.323522,0.142687,9.4419
6,4.1590,208,0,0,0.339180,0.148452,9.4421
6,4.1780,209,0,0,0.354472,0.154163,9.4424
6,4.1980,210,0,0,0.369313,0.159817,9.4427
6,4.2180,211,0,0,0.383672,0.165416,9.4430
6,4.2380,212,0,0,0.397498,0.170966,9.4433
6,4.2580,213,0,0,0.410773,0.176473,9.4436
6,4.2780,214,0,0,0.423481,0.181950,9.4439
6,4.2980,215,0,0,0.435680,0.187475,9.4442
6,4.3190,216,0,0,0.447485,0.192831,9.4445
6,4.3380,217,0,0,0.458909,0.197944,9.4448
6,4.3580,218,0,0,0.469793,0.202817,9.4452
6,4.3780,219,0,0,0.482514,0.207504,9.4455
6,4.3980,220,0,0,0.494272,0.211774,9.4458
6,4.4180,221,0,0,0.504102,0.215599,9.4461
6,4.4380,222,0,0,0.512443,0.219228,9.4463
6,4.4580,223,0,0,0.519976,0.222952,9.4466
6,4.4790,224,0,0,0.527042,0.226807,9.4469
6,4.4980,225,0,0,0.533311,0.230578,9.4472
6,4.5180,226,0,0,0.511196,0.233886,9.4471
6,4.5380,227,0,0,0.490423,0.239051,9.4470
6,4.5580,228,0,0,0.473304,0.245683,9.4469
6,4.5780,229,0,0,0.471639,0.253129,9.4467
6,4.5980,230,0,0,0.478594,0.259023,9.4467
6,4.6180,231,0,0,0.485544,0.260911,9.4467
6,4.6380,232,0,0,0.491064,0.258856,9.4469
6,4.6590,233,0,0,0.502997,0.253872,9.4471
6,4.6780,234,0,0,0.515248,0.246841,9.4473
6,4.6980,235,0,0,0.525900,0.238514,9.4475
6,4.7180,236,0,0,0.535880,0.230029,9.4477
6,4.7380,237,0,0,0.545554,0.222093,9.4479
6,4.7580,238,0,0,0.554264,0.215075,9.4481
6,4.7780,239,0,0,0.560681,0.209165,9.4483
6,4.7980,240,0,0,0.570430,0.204760,9.4482
6,4.8190,241,0,0,0.576284,0.200137,9.4482
6,4.8380,242,0,0,0.582399,0.195899,9.4478
6,4.8580,243,0,0,0.581627,0.190759,9.4474
6,4.8780,244,0,0,0.550096,0.186481,9.4468
6,4.8980,245,0,0,0.516120,0.185764,9.4463
6,4.9180,246,0,0,0.486904,0.186353,9.4460
6,4.9380,247,0,0,0.461077,0.187007,9.4458
6,4.9580,248,0,0,0.436929,0.186688,9.4459
6,4.9790,249,0,0,0.413515,0.184982,9.4461
6,4.9980,250,0,0,0.390985,0.182193,9.4464
6,5.0180,251,0,0,0.369628,0.178569,9.4468
6,5.0380,252,0,0,0.349979,0.174852,9.4471
6,5.0580,253,0,0,0.332265,0.170426,9.4474
6,5.0780,254,0,0,0.316028,0.165223,9.4476
6,5.0980,255,0,0,0.301038,0.159276,9.4478
6,5.1180,256,0,0,0.287251,0.152682,9.4480
6,5.1380,257,0,0,0.274737,0.145533,9.4481
6,5.1590,258,0,0,0.263510,0.137902,9.4482
6,5.1780,259,0,0,0.253413,0.129835,9.4483
6,5.1980,260,0,0,0.244124,0.121378,9.4484
6,5.2180,261,0,0,0.235249,0.112608,9.4485
6,5.2380,262,0,0,0.226420,0.103644,9.4485
6,5.2580,263,0,0,0.217367,0.094620,9.4486
6,5.2780,264,0,0,0.208001,0.085654,9.4487
6,5.2980,265,0,0,0.198280,0.076821,9.4487
6,5.3190,266,0,0,0.187980,0.068211,9.4488
6,5.3380,267,0,0,0.176867,0.059981,9.4489
6,5.3580,268,0,0,0.164700,0.052816,9.4489
6,5.3780,269,0,0,0.151312,0.046717,9.4489
6,5.3980,270,0,0,0.136543,0.041283,9.4490
6,5.4180,271,0,0,0.120228,0.036234,9.4490
6,5.4380,272,0,0,0.102400,0.031521,9.4490
6,5.4580,273,0,0,0.083263,0.026951,9.4491
6,5.4780,274,0,0,0.063145,0.022411,9.4491
6,5.4980,275,0,0,0.042511,0.017881,9.4492
6,5.5180,276,0,0,0.022567,0.013627,9.4492
6,5.5380,277,0,0,0.016394,0.011270,9.4492
6,5.5580,278,0,0,0.023869,0.013703,9.4493
6,5.5780,279,0,0,0.043167,0.017659,9.4493
6,5.5980,280,0,0,0.062502,0.021882,9.4493
6,5.6180,281,0,0,0.080870,0.026214,9.4493
6,5.6380,282,0,0,0.097799,0.030749,9.4493
6,5.6590,283,0,0,0.113101,0.035694,9.4493
6,5.6780,284,0,0,0.126776,0.041299,9.4493
6,5.6980,285,0,0,0.138959,0.047766,9.4493
6,5.7180,286,0,0,0.149863,0.054688,9.4493
6,5.7380,287,0,0,0.159744,0.061769,9.4493
6,5.7580,288,0,0,0.168886,0.068866,9.4494
6,5.7780,289,0,0,0.177581,0.075862,9.4494
6,5.7980,290,0,0,0.186114,0.082643,9.4494
6,5.8190,291,0,0,0.194752,0.089109,9.4494
6,5.8380,292,0,0,0.203731,0.095179,9.4494
6,5.8580,293,0,0,0.213206,0.100793,9.4495
6,5.8780,294,0,0,0.223235,0.105913,9.4495
6,5.8980,295,0,0,0.233835,0.110520,9.4495
6,5.9180,296,0,0,0.244942,0.114627,9.4495
6,5.9380,297,0,0,0.256436,0.118271,9.4495
6,5.9580,298,0,0,0.268134,0.121501,9.4496
6,5.9780,299,0,0,0.279814,0.124383,9.4496
6,5.9980,300,0,0,0.291234,0.126983,9.4496
6,6.0180,301,0,0,0.302147,0.129372,9.4496
6,6.0380,302,0,0,0.314780,0.131664,9.4495
6,6.0580,303,0,0,0.326501,0.133623,9.4495
6,6.0780,304,0,0,0.336434,0.135318,9.4494
6,6.0980,305,0,0,0.344756,0.136961,9.4493
6,6.1180,306,0,0,0.351599,0.138698,9.4492
6,6.1380,307,0,0,0.357287,0.140569,9.4490
6,6.1590,308,0,0,0.353466,0.142610,9.4487
6,6.1780,309,0,0,0.347631,0.145584,9.4484
6,6.1980,310,0,0,0.345124,0.149582,9.4482
6,6.2180,311,0,0,0.345048,0.153474,9.4480
6,6.2380,312,0,0,0.345596,0.156729,9.4478
6,6.2580,313,0,0,0.345589,0.159054,9.4478
6,6.2780,314,0,0,0.344744,0.160357,9.4478
6,6.2980,315,0,0,0.343395,0.160680,9.4478
6,6.3190,316,0,0,0.342107,0.160164,9.4479
6,6.3380,317,0,0,0.341404,0.158988,9.4479
6,6.3580,318,0,0,0.341576,0.157320,9.4480
6,6.3780,319,0,0,0.342624,0.155286,9.4479
6,6.3980,320,0,0,0.344254,0.152957,9.4478
6,6.4180,321,0,0,0.346003,0.150369,9.4477
6,6.4380,322,0,0,0.347421,0.147551,9.4475
6,6.4580,323,0,0,0.348121,0.144556,9.4474
6,6.4780,324,0,0,0.340568,0.141520,9.4471
6,6.4990,325,0,0,0.332547,0.138865,9.4469
6,6.5180,326,0,0,0.326879,0.136928,9.4466
6,6.5380,327,0,0,0.322478,0.135501,9.4464
6,6.5580,328,0,0,0.317790,0.134077,9.4462
6,6.5780,329,0,0,0.311831,0.132238,9.4461
6,6.5980,330,0,0,0.304301,0.129813,9.4460
6,6.6180,331,0,0,0.295399,0.126819,9.4460
6,6.6380,332,0,0,0.285605,0.123370,9.4459
6,6.6580,333,0,0,0.275453,0.119608,9.4459
6,6.6780,334,0,0,0.259397,0.115599,9.4457
6,6.6980,335,0,0,0.244578,0.111867,9.4456
6,6.7180,336,0,0,0.232983,0.108582,9.4454
6,6.7380,337,0,0,0.223571,0.105294,9.4452
6,6.7580,338,0,0,0.215060,0.101652,9.4450
6,6.7780,339,0,0,0.206570,0.097451,9.4448
6,6.7980,340,0,0,0.197740,0.092649,9.4447
6,6.8190,341,0,0,0.188606,0.086943,9.4446
6,6.8380,342,0,0,0.179401,0.080396,9.4445
6,6.8580,343,0,0,0.170503,0.073464,9.4444
6,6.8780,344,0,0,0.162222,0.066529,9.4443
6,6.8980,345,0,0,0.154488,0.060068,9.4442
6,6.9180,346,0,0,0.146744,0.053801,9.4441
6,6.9380,347,0,0,0.138371,0.047909,9.4440
6,6.9580,348,0,0,0.128917,0.042546,9.4439
6,6.9780,349,0,0,0.117961,0.037660,9.4438
6,6.9980,350,0,0,0.105448,0.033213,9.4437
6,7.0180,351,0,0,0.091732,0.029145,9.4437
6,7.0380,352,0,0,0.077384,0.025367,9.4437
6,7.0580,353,0,0,0.063254,0.021856,9.4437
6,7.0780,354,0,0,0.050550,0.018768,9.4437
6,7.0980,355,0,0,0.041241,0.016515,9.4437
6,7.1180,356,0,0,0.038000,0.015684,9.4437
6,7.1380,357,0,0,0.041918,0.016573,9.4437
6,7.1590,358,0,0,0.050890,0.018839,9.4437
6,7.1780,359,0,0,0.062232,0.021950,9.4438
6,7.1980,360,0,0,0.074330,0.025569,9.4438
6,7.2180,361,0,0,0.086376,0.029554,9.4439
6,7.2380,362,0,0,0.097974,0.033864,9.4439
6,7.2580,363,0,0,0.108949,0.038487,9.4440
6,7.2780,364,0,0,0.119251,0.043385,9.4441
6,7.2980,365,0,0,0.128914,0.048490,9.4442
6,7.3180,366,0,0,0.138023,0.053722,9.4443
6,7.3380,367,0,0,0.146689,0.059004,9.4443
6,7.3580,368,0,0,0.155036,0.064264,9.4444
6,7.3780,369,0,0,0.163182,0.069435,9.4445
6,7.3980,370,0,0,0.171235,0.074456,9.4446
6,7.4180,371,0,0,0.179285,0.079275,9.4447
6,7.4380,372,0,0,0.187401,0.083851,9.4448
6,7.4580,373,0,0,0.195624,0.088153,9.4450
6,7.4780,374,0,0,0.203972,0.092161,9.4451
6,7.4990,375,0,0,0.212435,0.095866,9.4452
6,7.5180,376,0,0,0.220980,0.099270,9.4453
6,7.5380,377,0,0,0.229552,0.102384,9.4454
6,7.5580,378,0,0,0.238076,0.105225,9.4455
6,7.5780,379,0,0,0.246463,0.107816,9.4456
6,7.5980,380,0,0,0.254618,0.110183,9.4458
6,7.6180,381,0,0,0.262442,0.112355,9.4459
6,7.6380,382,0,0,0.269838,0.114358,9.4460
6,7.6590,383,0,0,0.276715,0.116217,9.4461
6,7.6780,384,0,0,0.282997,0.117954,9.4462
6,7.6980,385,0,0,0.288619,0.119586,9.4464
6,7.7180,386,0,0,0.293540,0.121125,9.4465
6,7.7380,387,0,0,0.306717,0.122849,9.4464
6,7.7580,388,0,0,0.319025,0.123712,9.4464
6,7.7780,389,0,0,0.326138,0.123677,9.4463
6,7.7980,390,0,0,0.329045,0.123389,9.4462
6,7.8180,391,0,0,0.329630,0.123263,9.4461
6,7.8390,392,0,0,0.308523,0.124884,9.4457
6,7.8580,393,0,0,0.289573,0.128434,9.4453
6,7.8780,394,0,0,0.279136,0.132753,9.4449
6,7.8980,395,0,0,0.287482,0.138912,9.4443
6,7.9180,396,0,0,0.306225,0.146599,9.4434
6,7.9380,397,0,0,0.296296,0.155986,9.4424
6,7.9580,398,0,0,0.273030,0.158914,9.4415
6,7.9780,399,0,0,0.251090,0.153955,9.4409
6,7.9990,400,0,0,0.234779,0.145334,9.4406
6,8.0180,401,0,0,0.224874,0.137488,9.4406
6,8.0380,402,0,0,0.221854,0.132037,9.4409
6,8.0580,403,0,0,0.224881,0.128222,9.4414
6,8.0780,404,0,0,0.231552,0.124608,9.4419
6,8.0980,405,0,0,0.239344,0.120474,9.4424
6,8.1180,406,0,0,0.246448,0.115788,9.4428
6,8.1380,407,0,0,0.252028,0.110787,9.4430
6,8.1590,408,0,0,0.256053,0.105806,9.4430
6,8.1780,409,0,0,0.258337,0.100955,9.4428
6,8.1980,410,0,0,0.258649,0.096094,9.4425
6,8.2180,411,0,0,0.257094,0.091058,9.4422
6,8.2380,412,0,0,0.254895,0.085815,9.4419
6,8.2580,413,0,0,0.240753,0.082839,9.4415
6,8.2780,414,0,0,0.233392,0.079741,9.4412
6,8.2980,415,0,0,0.227872,0.076203,9.4410
6,8.3180,416,0,0,0.204309,0.077304,9.4408
6,8.3390,417,0,0,0.189086,0.078971,9.4406
6,8.3580,418,0,0,0.177665,0.078753,9.4404
6,8.3780,419,0,0,0.168114,0.078096,9.4403
6,8.3980,420,0,0,0.158744,0.077836,9.4402
6,8.4180,421,0,0,0.147843,0.076964,9.4401
6,8.4380,422,0,0,0.147099,0.075042,9.4398
6,8.4580,423,0,0,0.142321,0.071398,9.4395
6,8.4780,424,0,0,0.131858,0.066538,9.4393
6,8.4990,425,0,0,0.120509,0.061596,9.4390
6,8.5180,426,0,0,0.112161,0.057940,9.4389
6,8.5380,427,0,0,0.106748,0.056831,9.4388
6,8.5580,428,0,0,0.103808,0.057235,9.4388
6,8.5780,429,0,0,0.102430,0.057620,9.4388
6,8.5980,430,0,0,0.101761,0.057482,9.4389
6,8.6180,431,0,0,0.101490,0.056776,9.4390
6,8.6380,432,0,0,0.102195,0.055698,9.4390
6,8.6590,433,0,0,0.103411,0.054355,9.4390
6,8.6780,434,0,0,0.105293,0.053039,9.4390
6,8.6980,435,0,0,0.107748,0.051982,9.4390
6,8.7180,436,0,0,0.110244,0.051471,9.4389
6,8.7380,437,0,0,0.112788,0.051507,9.4388
6,8.7580,438,0,0,0.115446,0.051903,9.4388
6,8.7780,439,0,0,0.130619,0.052495,9.4386
6,8.7980,440,0,0,0.147662,0.051427,9.4383
6,8.8180,441,0,0,0.158730,0.049616,9.4380
6,8.8390,442,0,0,0.164725,0.048669,9.4377
6,8.8580,443,0,0,0.149509,0.056275,9.4370
6,8.8780,444,0,0,0.141053,0.060332,9.4364
6,8.8980,445,0,0,0.136351,0.060536,9.4358
6,8.9180,446,0,0,0.135890,0.061948,9.4355
6,8.9380,447,0,0,0.169230,0.069784,9.4347
6,8.9580,448,0,0,0.175646,0.075359,9.4340
6,8.9780,449,0,0,0.172234,0.074739,9.4335
6,8.9990,450,0,0,0.192326,0.071638,9.4326
6,9.0180,451,0,0,0.195166,0.072266,9.4315
6,9.0380,452,0,0,0.189502,0.081891,9.4305
6,9.0580,453,0,0,0.180912,0.087803,9.4297
6,9.0780,454,0,0,0.174189,0.088828,9.4291
6,9.0980,455,0,0,0.171742,0.087722,9.4289
6,9.1180,456,0,0,0.172988,0.086840,9.4290
6,9.1380,457,0,0,0.175395,0.087152,9.4294
6,9.1580,458,0,0,0.176849,0.087865,9.4299
6,9.1780,459,0,0,0.176989,0.087785,9.4304
6,9.1980,460,0,0,0.176987,0.086610,9.4307
6,9.2180,461,0,0,0.178299,0.084879,9.4309
6,9.2380,462,0,0,0.181395,0.083273,9.4310
6,9.2580,463,0,0,0.186083,0.082123,9.4309
6,9.2780,464,0,0,0.191382,0.081508,9.4307
6,9.2980,465,0,0,0.197447,0.081754,9.4304
6,9.3180,466,0,0,0.198645,0.081674,9.4300
6,9.3390,467,0,0,0.197243,0.080994,9.4297
6,9.3580,468,0,0,0.195484,0.079739,9.4295
6,9.3780,469,0,0,0.193937,0.078401,9.4294
6,9.3980,470,0,0,0.188046,0.077481,9.4293
6,9.4180,471,0,0,0.184020,0.077138,9.4294
6,9.4380,472,0,0,0.181805,0.077554,9.4295
6,9.4580,473,0,0,0.180071,0.078327,9.4296
6,9.4780,474,0,0,0.177949,0.078796,9.4296
6,9.4990,475,0,0,0.174890,0.078110,9.4296
6,9.5180,476,0,0,0.175526,0.077373,9.4295
6,9.5380,477,0,0,0.176549,0.076522,9.4293
6,9.5580,478,0,0,0.176510,0.075172,9.4291
6,9.5780,479,0,0,0.175352,0.073629,9.4289
6,9.5980,480,0,0,0.173190,0.072033,9.4287
6,9.6180,481,0,0,0.170462,0.070404,9.4286
6,9.6380,482,0,0,0.167563,0.068804,9.4286
6,9.6580,483,0,0,0.164667,0.067286,9.4286
6,9.6780,484,0,0,0.161815,0.065857,9.4286
6,9.6980,485,0,0,0.158921,0.064485,9.4287
6,9.7180,486,0,0,0.155861,0.063130,9.4288
6,9.7380,487,0,0,0.150444,0.061723,9.4288
6,9.7580,488,0,0,0.145961,0.060320,9.4288
6,9.7780,489,0,0,0.141947,0.059006,9.4288
6,9.7980,490,0,0,0.137930,0.057726,9.4287
6,9.8180,491,0,0,0.133711,0.056412,9.4287
6,9.8390,492,0,0,0.129216,0.055013,9.4286
6,9.8580,493,0,0,0.124469,0.053526,9.4286
6,9.8780,494,0,0,0.119575,0.051985,9.4286
6,9.8980,495,0,0,0.114675,0.050423,9.4285
6,9.9180,496,0,0,0.109866,0.048854,9.4285
6,9.9380,497,0,0,0.105221,0.047266,9.4285
6,9.9580,498,0,0,0.100754,0.045630,9.4285
6,9.9780,499,0,0,0.096458,0.043922,9.4285
6,9.9990,500,0,0,0.092328,0.042124,9.4285
6,10.0180,501,0,0,0.088370,0.040240,9.4285
6,10.0380,502,0,0,0.084606,0.038284,9.4285
6,10.0580,503,0,0,0.081060,0.036283,9.4285
6,10.0780,504,0,0,0.077753,0.034270,9.4285
6,10.0980,505,0,0,0.074686,0.032282,9.4285
6,10.1180,506,0,0,0.071842,0.030353,9.4285
6,10.1380,507,0,0,0.069187,0.028519,9.4285
6,10.1580,508,0,0,0.066678,0.026815,9.4285
6,10.1790,509,0,0,0.064270,0.025272,9.4285
6,10.1980,510,0,0,0.061939,0.023924,9.4285
6,10.2180,511,0,0,0.059689,0.022804,9.4286
6,10.2380,512,0,0,0.057539,0.021938,9.4286
6,10.2580,513,0,0,0.055549,0.021340,9.4286
6,10.2780,514,0,0,0.053788,0.021005,9.4286
6,10.2980,515,0,0,0.052360,0.020914,9.4287
6,10.3180,516,0,0,0.051357,0.021041,9.4287
6,10.3390,517,0,0,0.050858,0.021361,9.4287
6,10.3580,518,0,0,0.050917,0.021844,9.4288
6,10.3780,519,0,0,0.051555,0.022463,9.4288
6,10.3980,520,0,0,0.052755,0.023189,9.4288
6,10.4180,521,0,0,0.054466,0.024001,9.4288
6,10.4380,522,0,0,0.056613,0.024881,9.4289
6,10.4580,523,0,0,0.059105,0.025817,9.4289
6,10.4780,524,0,0,0.061852,0.026804,9.4290
6,10.4990,525,0,0,0.064769,0.027838,9.4290
6,10.5180,526,0,0,0.067780,0.028920,9.4290
6,10.5380,527,0,0,0.070824,0.030050,9.4291
6,10.5580,528,0,0,0.073851,0.031225,9.4291
6,10.5780,529,0,0,0.076825,0.032439,9.4292
6,10.5980,530,0,0,0.079720,0.033684,9.4292
6,10.6180,531,0,0,0.082525,0.034947,9.4293
6,10.6380,532,0,0,0.085234,0.036214,9.4293
6,10.6580,533,0,0,0.087854,0.037471,9.4294
6,10.6790,534,0,0,0.090394,0.038705,9.4294
6,10.6980,535,0,0,0.092865,0.039904,9.4295
6,10.7180,536,0,0,0.095279,0.041060,9.4295
6,10.7380,537,0,0,0.097645,0.042166,9.4296
6,10.7580,538,0,0,0.099970,0.043215,9.4296
6,10.7780,539,0,0,0.102256,0.044205,9.4296
6,10.7980,540,0,0,0.104497,0.045133,9.4297
6,10.8180,541,0,0,0.106686,0.046001,9.4297
6,10.8390,542,0,0,0.108809,0.046807,9.4298
6,10.8580,543,0,0,0.110851,0.047554,9.4298
6,10.8780,544,0,0,0.113182,0.050513,9.4296
6,10.8980,545,0,0,0.110027,0.054650,9.4294
6,10.9180,546,0,0,0.104435,0.057486,9.4291
6,10.9380,547,0,0,0.099306,0.058532,9.4288
6,10.9580,548,0,0,0.094872,0.058532,9.4286
6,10.9780,549,0,0,0.091309,0.058071,9.4285
6,10.9980,550,0,0,0.096286,0.057398,9.4284
6,11.0180,551,0,0,0.100851,0.055815,9.4285
6,11.0380,552,0,0,0.104036,0.053248,9.4286
6,11.0580,553,0,0,0.106707,0.050260,9.4287
6,11.0780,554,0,0,0.109575,0.047375,9.4289
6,11.0980,555,0,0,0.112956,0.045055,9.4290
6,11.1180,556,0,0,0.116686,0.043525,9.4291
6,11.1380,557,0,0,0.120221,0.042456,9.4291
6,11.1580,558,0,0,0.122938,0.041633,9.4291
6,11.1790,559,0,0,0.124266,0.040976,9.4291
6,11.1980,560,0,0,0.123833,0.040355,9.4291
6,11.2180,561,0,0,0.121683,0.039697,9.4291
6,11.2380,562,0,0,0.118063,0.039012,9.4292
6,11.2580,563,0,0,0.113308,0.038378,9.4292
6,11.2780,564,0,0,0.107799,0.037927,9.4293
6,11.2980,565,0,0,0.101825,0.037805,9.4294
6,11.3180,566,0,0,0.095641,0.038001,9.4295
6,11.3390,567,0,0,0.089464,0.038322,9.4296
6,11.3580,568,0,0,0.083492,0.038604,9.4296
6,11.3780,569,0,0,0.077909,0.038740,9.4296
6,11.3980,570,0,0,0.072879,0.038653,9.4296
6,11.4180,571,0,0,0.068526,0.038282,9.4296
6,11.4380,572,0,0,0.064920,0.037585,9.4295
6,11.4580,573,0,0,0.062086,0.036554,9.4295
6,11.4780,574,0,0,0.060014,0.035211,9.4295
6,11.4980,575,0,0,0.058651,0.033601,9.4295
6,11.5180,576,0,0,0.057896,0.031781,9.4295
6,11.5380,577,0,0,0.057605,0.029816,9.4295
6,11.5580,578,0,0,0.057600,0.027769,9.4295
6,11.5780,579,0,0,0.057694,0.025709,9.4295
6,11.5980,580,0,0,0.057701,0.023707,9.4295
6,11.6180,581,0,0,0.057464,0.021847,9.4295
6,11.6380,582,0,0,0.056856,0.020245,9.4295
6,11.6580,583,0,0,0.055821,0.018924,9.4295
6,11.6790,584,0,0,0.054325,0.017890,9.4295
6,11.6980,585,0,0,0.052412,0.017125,9.4295
6,11.7180,586,0,0,0.050150,0.016520,9.4295
6,11.7380,587,0,0,0.047637,0.015976,9.4295
6,11.7580,588,0,0,0.045101,0.015439,9.4295
6,11.7780,589,0,0,0.042537,0.014946,9.4295
6,11.7980,590,0,0,0.040112,0.014539,9.4295
6,11.8180,591,0,0,0.038026,0.014271,9.4295
6,11.8390,592,0,0,0.036450,0.014188,9.4295
6,11.8580,593,0,0,0.035493,0.014295,9.4295
6,11.8780,594,0,0,0.035176,0.014559,9.4295
6,11.8980,595,0,0,0.035437,0.014927,9.4295
6,11.9180,596,0,0,0.036156,0.015348,9.4294
6,11.9380,597,0,0,0.037205,0.015777,9.4294
6,11.9580,598,0,0,0.038478,0.016194,9.4294
6,11.9780,599,0,0,0.039882,0.016604,9.4294
6,11.9980,600,0,0,0.041345,0.017031,9.4293
6,12.0180,601,0,0,0.042809,0.017512,9.4293
6,12.0380,602,0,0,0.044238,0.018087,9.4293
6,12.0580,603,0,0,0.045610,0.018781,9.4293
6,12.0780,604,0,0,0.046923,0.019595,9.4293
6,12.0980,605,0,0,0.048188,0.020507,9.4292
6,12.1180,606,0,0,0.049429,0.021479,9.4292
6,12.1380,607,0,0,0.050673,0.022471,9.4292
6,12.1580,608,0,0,0.051953,0.023449,9.4292
6,12.1790,609,0,0,0.053297,0.024383,9.4292
6,12.1980,610,0,0,0.054730,0.025253,9.4291
6,12.2180,611,0,0,0.056268,0.026047,9.4291
6,12.2380,612,0,0,0.057922,0.026760,9.4291
6,12.2580,613,0,0,0.059692,0.027394,9.4291
6,12.2780,614,0,0,0.061567,0.027953,9.4290
6,12.2980,615,0,0,0.063522,0.028446,9.4290
6,12.3180,616,0,0,0.065526,0.028883,9.4290
6,12.3390,617,0,0,0.067535,0.029276,9.4290
6,12.3580,618,0,0,0.069505,0.029636,9.4290
6,12.3780,619,0,0,0.071393,0.029977,9.4290
6,12.3980,620,0,0,0.073158,0.030308,9.4289
6,12.4180,621,0,0,0.074762,0.030639,9.4289
6,12.4380,622,0,0,0.076178,0.030977,9.4289
6,12.4580,623,0,0,0.077387,0.031329,9.4289
6,12.4780,624,0,0,0.078378,0.031696,9.4289
6,12.4980,625,0,0,0.079152,0.032077,9.4289
6,12.5190,626,0,0,0.079717,0.032470,9.4288
6,12.5380,627,0,0,0.080703,0.034593,9.4288
6,12.5580,628,0,0,0.075721,0.037002,9.4288
6,12.5780,629,0,0,0.068248,0.038428,9.4287
6,12.5980,630,0,0,0.061548,0.038736,9.4287
6,12.6180,631,0,0,0.056529,0.038491,9.4287
6,12.6380,632,0,0,0.056588,0.038067,9.4287
6,12.6580,633,0,0,0.056092,0.037536,9.4288
6,12.6790,634,0,0,0.054817,0.036807,9.4288
6,12.6980,635,0,0,0.054761,0.035785,9.4288
6,12.7180,636,0,0,0.057255,0.034426,9.4288
6,12.7380,637,0,0,0.059955,0.032750,9.4288
6,12.7580,638,0,0,0.062615,0.030836,9.4288
6,12.7780,639,0,0,0.065125,0.028795,9.4288
6,12.7980,640,0,0,0.067419,0.026750,9.4288
6,12.8180,641,0,0,0.069404,0.024818,9.4288
6,12.8390,642,0,0,0.070949,0.023255,9.4287
6,12.8580,643,0,0,0.071899,0.022491,9.4287
6,12.8780,644,0,0,0.072111,0.022104,9.4287
6,12.8980,645,0,0,0.071489,0.021785,9.4287
6,12.9180,646,0,0,0.069998,0.021445,9.4286
6,12.9380,647,0,0,0.067677,0.021040,9.4286
6,12.9580,648,0,0,0.064619,0.020576,9.4286
6,12.9780,649,0,0,0.060967,0.020108,9.4286
6,12.9980,650,0,0,0.056889,0.019713,9.4285
6,13.0190,651,0,0,0.052566,0.019461,9.4285
6,13.0380,652,0,0,0.048188,0.019353,9.4285
6,13.0580,653,0,0,0.043938,0.019326,9.4285
6,13.0780,654,0,0,0.039988,0.019302,9.4285
6,13.0980,655,0,0,0.036489,0.019221,9.4285
6,13.1180,656,0,0,0.033550,0.019036,9.4285
6,13.1380,657,0,0,0.031227,0.018715,9.4285
6,13.1580,658,0,0,0.029506,0.018233,9.4286
6,13.1790,659,0,0,0.028311,0.017576,9.4286
6,13.1980,660,0,0,0.027521,0.016742,9.4286
6,13.2180,661,0,0,0.027002,0.015739,9.4286
6,13.2380,662,0,0,0.026630,0.014597,9.4286
6,13.2580,663,0,0,0.026305,0.013358,9.4286
6,13.2780,664,0,0,0.025954,0.012095,9.4287
6,13.2980,665,0,0,0.025527,0.010907,9.4287
6,13.3180,666,0,0,0.024987,0.009966,9.4287
6,13.3380,667,0,0,0.024307,0.009501,9.4287
6,13.3590,668,0,0,0.023475,0.009487,9.4287
6,13.3780,669,0,0,0.022494,0.009689,9.4287
6,13.3980,670,0,0,0.021393,0.009939,9.4287
6,13.4180,671,0,0,0.020226,0.010144,9.4287
6,13.4380,672,10,0,0.000000,0.000000,9.4287
7,0.0180,1,0,0,0.000000,0.000000,9.6900
7,0.0380,2,0,0,0.196000,0.196000,9.6861
7,0.0580,3,0,0,0.391608,0.382846,9.6782
7,0.0780,4,0,0,0.586825,0.528163,9.6665
7,0.0980,5,0,0,0.781651,0.658172,9.6509
7,0.1190,6,0,0,0.976088,0.741392,9.6314
7,0.1380,7,0,0,1.170136,0.778026,9.6080
7,0.1580,8,0,0,1.363795,0.770655,9.5807
7,0.1780,9,0,0,1.557068,0.721947,9.5495
7,0.1980,10,0,0,1.749954,0.645934,9.5145
7,0.2180,11,0,0,1.942454,0.496709,9.4757
7,0.2380,12,0,0,0.599489,0.294456,9.4637
7,0.2580,13,0,0,0.082536,0.057684,9.4627
7,0.2790,14,0,0,0.272038,0.159168,9.4681
7,0.2980,15,0,0,0.470923,0.292002,9.4775
7,0.3180,16,0,0,0.535290,0.336535,9.4882
7,0.3380,17,0,0,0.439075,0.287840,9.4969
7,0.3580,18,0,0,0.275386,0.186123,9.5022
7,0.3780,19,0,0,0.103378,0.068107,9.5036
7,0.3980,20,0,0,0.146561,0.086186,9.5011
7,0.4180,21,0,0,0.318829,0.181842,9.4949
7,0.4390,22,0,0,0.404531,0.233128,9.4870
7,0.4580,23,0,0,0.385366,0.255218,9.4794
7,0.4780,24,0,0,0.363052,0.239815,9.4723
7,0.4980,25,0,0,0.310989,0.194147,9.4662
7,0.5180,26,0,0,0.252293,0.142651,9.4616
7,0.5380,27,0,0,0.191622,0.125115,9.4586
7,0.5580,28,0,0,0.185896,0.091926,9.4576
7,0.5780,29,0,0,0.209997,0.084810,9.4578
7,0.5980,30,0,0,0.225194,0.078711,9.4588
7,0.6190,31,0,0,0.223469,0.079884,9.4602
7,0.6380,32,0,0,0.214601,0.090943,9.4618
7,0.6580,33,0,0,0.200593,0.098596,9.4631
7,0.6780,34,0,0,0.185613,0.101836,9.4641
7,0.6980,35,0,0,0.174393,0.104012,9.4646
7,0.7180,36,0,0,0.166336,0.107365,9.4646
7,0.7380,37,0,0,0.160073,0.111514,9.4643
7,0.7580,38,0,0,0.170229,0.115388,9.4639
7,0.7790,39,0,0,0.179426,0.118346,9.4634
7,0.7980,40,0,0,0.185235,0.123615,9.4628
7,0.8180,41,0,0,0.197778,0.119552,9.4621
7,0.8380,42,0,0,0.221369,0.113853,9.4614
7,0.8580,43,0,0,0.240651,0.108756,9.4609
7,0.8780,44,0,0,0.258018,0.104093,9.4607
7,0.8980,45,0,0,0.274350,0.100633,9.4607
7,0.9180,46,0,0,0.288607,0.098966,9.4609
7,0.9380,47,0,0,0.299586,0.099460,9.4612
7,0.9580,48,0,0,0.306579,0.100834,9.4615
7,0.9780,49,0,0,0.309418,0.102677,9.4616
7,0.9980,50,0,0,0.308507,0.105021,9.4616
7,1.0180,51,0,0,0.304480,0.107938,9.4615
7,1.0380,52,0,0,0.298168,0.111308,9.4613
7,1.0580,53,0,0,0.290510,0.114897,9.4610
7,1.0780,54,0,0,0.282469,0.118482,9.4607
7,1.0980,55,0,0,0.264578,0.122769,9.4602
7,1.1190,56,0,0,0.245107,0.129165,9.4596
7,1.1380,57,0,0,0.231747,0.135254,9.4590
7,1.1580,58,0,0,0.224036,0.139243,9.4586
7,1.1790,59,0,0,0.221980,0.145454,9.4579
7,1.1980,60,0,0,0.235346,0.135976,9.4570
7,1.2180,61,0,0,0.243544,0.123357,9.4559
7,1.2380,62,0,0,0.239121,0.111581,9.4550
7,1.2580,63,0,0,0.230453,0.101085,9.4545
7,1.2790,64,0,0,0.225102,0.091934,9.4543
7,1.2980,65,0,0,0.224712,0.084311,9.4544
7,1.3180,66,0,0,0.226976,0.079358,9.4547
7,1.3380,67,0,0,0.228539,0.076173,9.4552
7,1.3580,68,0,0,0.226875,0.073291,9.4556
7,1.3780,69,0,0,0.220818,0.069793,9.4560
7,1.3980,70,0,0,0.210895,0.066034,9.4562
7,1.4180,71,0,0,0.198026,0.063104,9.4563
7,1.4380,72,0,0,0.183411,0.061492,9.4562
7,1.4580,73,0,0,0.168458,0.060044,9.4560
7,1.4780,74,0,0,0.153948,0.058152,9.4557
7,1.4980,75,0,0,0.140424,0.055962,9.4554
7,1.5180,76,0,0,0.128361,0.054067,9.4552
7,1.5380,77,0,0,0.118294,0.052961,9.4550
7,1.5580,78,0,0,0.110919,0.052565,9.4550
7,1.5780,79,0,0,0.106758,0.052556,9.4550
7,1.5980,80,0,0,0.105738,0.052647,9.4550
7,1.6190,81,0,0,0.107219,0.052619,9.4551
7,1.6380,82,0,0,0.110278,0.052345,9.4552
7,1.6580,83,0,0,0.114049,0.051815,9.4553
7,1.6780,84,0,0,0.117918,0.051144,9.4554
7,1.6980,85,0,0,0.121541,0.050567,9.4554
7,1.7180,86,0,0,0.124771,0.050425,9.4554
7,1.7380,87,0,0,0.127593,0.051134,9.4554
7,1.7580,88,0,0,0.130074,0.052977,9.4553
7,1.7790,89,0,0,0.132332,0.055797,9.4553
7,1.7980,90,0,0,0.134516,0.059143,9.4552
7,1.8180,91,0,0,0.136805,0.062608,9.4552
7,1.8380,92,0,0,0.139391,0.065899,9.4552
7,1.8580,93,0,0,0.142483,0.068880,9.4552
7,1.8780,94,0,0,0.146250,0.071466,9.4551
7,1.8980,95,0,0,0.150775,0.073630,9.4552
7,1.9180,96,0,0,0.156078,0.075391,9.4552
7,1.9380,97,0,0,0.162116,0.076795,9.4552
7,1.9590,98,0,0,0.168767,0.077909,9.4552
7,1.9780,99,0,0,0.175826,0.078808,9.4552
7,1.9980,100,0,0,0.183033,0.079565,9.4552
7,2.0180,101,0,0,0.190110,0.080253,9.4552
7,2.0380,102,0,0,0.196783,0.080918,9.4552
7,2.0580,103,0,0,0.202772,0.081573,9.4553
7,2.0780,104,0,0,0.211213,0.086926,9.4550
7,2.0980,105,0,0,0.213799,0.091367,9.4544
7,2.1190,106,0,0,0.209911,0.092843,9.4538
7,2.1380,107,0,0,0.203724,0.092590,9.4531
7,2.1580,108,0,0,0.198289,0.092339,9.4526
7,2.1780,109,0,0,0.194879,0.091421,9.4523
7,2.1980,110,0,0,0.192859,0.090718,9.4522
7,2.2180,111,0,0,0.192008,0.090204,9.4523
7,2.2380,112,0,0,0.192150,0.089681,9.4526
7,2.2580,113,0,0,0.193014,0.088873,9.4529
7,2.2790,114,0,0,0.194332,0.087709,9.4533
7,2.2980,115,0,0,0.195945,0.086395,9.4536
7,2.3180,116,0,0,0.197718,0.085247,9.4538
7,2.3380,117,0,0,0.199403,0.084499,9.4539
7,2.3580,118,0,0,0.200572,0.084148,9.4538
7,2.3780,119,0,0,0.200647,0.083922,9.4537
7,2.3980,120,0,0,0.199247,0.083639,9.4536
7,2.4180,121,0,0,0.196547,0.083241,9.4534
7,2.4380,122,0,0,0.193038,0.082770,9.4533
7,2.4580,123,0,0,0.189290,0.082243,9.4532
7,2.4780,124,0,0,0.185704,0.081742,9.4531
7,2.4980,125,0,0,0.182982,0.081314,9.4531
7,2.5180,126,0,0,0.190360,0.080775,9.4530
7,2.5380,127,0,0,0.202877,0.077736,9.4529
7,2.5580,128,0,0,0.211690,0.074181,9.4529
7,2.5780,129,0,0,0.215389,0.071506,9.4528
7,2.5980,130,0,0,0.216214,0.070360,9.4528
7,2.6190,131,0,0,0.216980,0.069773,9.4527
7,2.6380,132,0,0,0.219376,0.069893,9.4528
7,2.6580,133,0,0,0.222683,0.070734,9.4528
7,2.6780,134,0,0,0.225722,0.072204,9.4529
7,2.6980,135,0,0,0.227315,0.074313,9.4530
7,2.7180,136,0,0,0.224336,0.076324,9.4531
7,2.7380,137,0,0,0.217580,0.077809,9.4532
7,2.7580,138,0,0,0.209080,0.078977,9.4533
7,2.7780,139,0,0,0.199979,0.080068,9.4534
7,2.7980,140,0,0,0.191583,0.084022,9.4532
7,2.8180,141,0,0,0.192392,0.087172,9.4527
7,2.8380,142,0,0,0.194321,0.088839,9.4521
7,2.8580,143,0,0,0.203225,0.087187,9.4509
7,2.8780,144,0,0,0.217166,0.089111,9.4496
7,2.8980,145,0,0,0.230464,0.092693,9.4484
7,2.9180,146,0,0,0.241227,0.094459,9.4473
7,2.9390,147,0,0,0.243916,0.092993,9.4464
7,2.9590,148,0,0,0.238671,0.090351,9.4459
7,2.9780,149,0,0,0.228235,0.088568,9.4457
7,2.9980,150,0,0,0.219851,0.095940,9.4450
7,3.0180,151,0,0,0.222732,0.102919,9.4439
7,3.0380,152,0,0,0.222037,0.103469,9.4428
7,3.0580,153,0,0,0.228365,0.107655,9.4412
7,3.0780,154,0,0,0.254615,0.114665,9.4394
7,3.0980,155,0,0,0.296811,0.110176,9.4374
7,3.1190,156,0,0,0.318866,0.108148,9.4357
7,3.1380,157,0,0,0.321209,0.107867,9.4344
7,3.1580,158,0,0,0.309999,0.110545,9.4338
7,3.1780,159,0,0,0.290246,0.117236,9.4337
7,3.1980,160,0,0,0.265773,0.131406,9.4334
7,3.2180,161,0,0,0.269313,0.140244,9.4331
7,3.2380,162,0,0,0.280754,0.141073,9.4330
7,3.2580,163,0,0,0.291536,0.136787,9.4330
7,3.2780,164,0,0,0.296404,0.131523,9.4331
7,3.2980,165,0,0,0.292679,0.127733,9.4333
7,3.3180,166,0,0,0.280582,0.125888,9.4335
7,3.3380,167,0,0,0.264827,0.125953,9.4336
7,3.3580,168,0,0,0.252239,0.127796,9.4337
7,3.3780,169,0,0,0.247844,0.131104,9.4337
7,3.3980,170,0,0,0.253137,0.139521,9.4332
7,3.4180,171,0,0,0.268654,0.141572,9.4324
7,3.4380,172,0,0,0.278672,0.139321,9.4315
7,3.4590,173,0,0,0.282014,0.135978,9.4307
7,3.4780,174,0,0,0.285942,0.136305,9.4297
7,3.4980,175,0,0,0.293904,0.129187,9.4286
7,3.5180,176,0,0,0.300676,0.123752,9.4276
7,3.5380,177,0,0,0.302208,0.123634,9.4267
7,3.5580,178,0,0,0.295683,0.116799,9.4258
7,3.5780,179,0,0,0.282013,0.107919,9.4252
7,3.5980,180,0,0,0.267436,0.100912,9.4248
7,3.6180,181,0,0,0.257085,0.109816,9.4247
7,3.6380,182,0,0,0.244622,0.106458,9.4247
7,3.6580,183,0,0,0.230675,0.093825,9.4245
7,3.6780,184,0,0,0.215467,0.093447,9.4243
7,3.6980,185,0,0,0.196123,0.091501,9.4241
7,3.7180,186,0,0,0.175284,0.088491,9.4240
7,3.7380,187,0,0,0.156754,0.085420,9.4239
7,3.7580,188,0,0,0.142678,0.082858,9.4239
7,3.7780,189,0,0,0.133396,0.080885,9.4239
7,3.7980,190,0,0,0.128380,0.078931,9.4239
7,3.8180,191,0,0,0.126379,0.076836,9.4240
7,3.8380,192,0,0,0.126083,0.074633,9.4240
7,3.8580,193,0,0,0.126767,0.072332,9.4241
7,3.8780,194,0,0,0.128342,0.070071,9.4241
7,3.8980,195,0,0,0.131129,0.068115,9.4241
7,3.9180,196,0,0,0.135530,0.066814,9.4241
7,3.9380,197,0,0,0.141737,0.066380,9.4240
7,3.9590,198,0,0,0.149525,0.066874,9.4238
7,3.9780,199,0,0,0.158356,0.068145,9.4237
7,3.9980,200,0,0,0.167537,0.069977,9.4236
7,4.0180,201,0,0,0.176572,0.072178,9.4236
7,4.0380,202,0,0,0.185246,0.074591,9.4236
7,4.0580,203,0,0,0.193595,0.077123,9.4236
7,4.0780,204,0,0,0.201826,0.079992,9.4236
7,4.0980,205,0,0,0.209996,0.083057,9.4237
7,4.1190,206,0,0,0.218022,0.086282,9.4238
7,4.1380,207,0,0,0.225778,0.089708,9.4239
7,4.1580,208,0,0,0.233194,0.093369,9.4241
7,4.1780,209,0,0,0.240303,0.097243,9.4242
7,4.1980,210,0,0,0.247156,0.101243,9.4243
7,4.2180,211,0,0,0.258023,0.113759,9.4242
7,4.2380,212,0,0,0.270195,0.117255,9.4239
7,4.2580,213,0,0,0.269637,0.116209,9.4234
7,4.2780,214,0,0,0.258730,0.113621,9.4230
7,4.2990,215,0,0,0.246191,0.111025,9.4226
7,4.3180,216,0,0,0.238280,0.109577,9.4225
7,4.3380,217,0,0,0.236814,0.109824,9.4225
7,4.3580,218,0,0,0.240324,0.111480,9.4228
7,4.3780,219,0,0,0.246170,0.113615,9.4231
7,4.3980,220,0,0,0.251743,0.115313,9.4236
7,4.4180,221,0,0,0.255720,0.116201,9.4240
7,4.4380,222,0,0,0.258194,0.116278,9.4244
7,4.4590,223,0,0,0.259990,0.115857,9.4246
7,4.4780,224,0,0,0.261930,0.115178,9.4248
7,4.4980,225,0,0,0.264392,0.114374,9.4249
7,4.5180,226,0,0,0.267286,0.113517,9.4249
7,4.5380,227,0,0,0.270224,0.112633,9.4249
7,4.5580,228,0,0,0.272793,0.111740,9.4249
7,4.5780,229,0,0,0.274687,0.110873,9.4249
7,4.5980,230,0,0,0.275743,0.110061,9.4250
7,4.6190,231,0,0,0.275910,0.109296,9.4252
7,4.6390,232,0,0,0.275209,0.108627,9.4254
7,4.6580,233,0,0,0.273670,0.108040,9.4256
7,4.6780,234,0,0,0.271328,0.107569,9.4258
7,4.6980,235,0,0,0.268270,0.107177,9.4260
7,4.7180,236,0,0,0.264544,0.106839,9.4262
7,4.7380,237,0,0,0.260196,0.106502,9.4264
7,4.7580,238,0,0,0.255298,0.106115,9.4265
7,4.7780,239,0,0,0.249952,0.105635,9.4266
7,4.7980,240,0,0,0.244305,0.105062,9.4267
7,4.8180,241,0,0,0.238559,0.104374,9.4268
7,4.8380,242,0,0,0.232902,0.103562,9.4269
7,4.8580,243,0,0,0.227499,0.102539,9.4270
7,4.8780,244,0,0,0.222455,0.101365,9.4271
7,4.8980,245,0,0,0.217884,0.100094,9.4272
7,4.9180,246,0,0,0.213853,0.098549,9.4273
7,4.9380,247,0,0,0.210379,0.096707,9.4275
7,4.9590,248,0,0,0.207344,0.094615,9.4276
7,4.9780,249,0,0,0.204680,0.092305,9.4278
7,4.9980,250,0,0,0.202312,0.089829,9.4280
7,5.0180,251,0,0,0.200131,0.087260,9.4281
7,5.0380,252,0,0,0.198010,0.084640,9.4282
7,5.0580,253,0,0,0.195843,0.082111,9.4284
7,5.0780,254,0,0,0.193540,0.079762,9.4285
7,5.0980,255,0,0,0.191014,0.077646,9.4286
7,5.1190,256,0,0,0.188198,0.075805,9.4286
7,5.1380,257,0,0,0.185069,0.074266,9.4287
7,5.1580,258,0,0,0.181678,0.073037,9.4288
7,5.1780,259,0,0,0.178121,0.072117,9.4288
7,5.1980,260,0,0,0.174531,0.071493,9.4289
7,5.2180,261,0,0,0.171065,0.071145,9.4290
7,5.2380,262,0,0,0.167883,0.071039,9.4290
7,5.2580,263,0,0,0.165158,0.071163,9.4291
7,5.2780,264,0,0,0.163026,0.071482,9.4292
7,5.2990,265,0,0,0.161585,0.071953,9.4292
7,5.3180,266,0,0,0.160895,0.072544,9.4293
7,5.3380,267,0,0,0.160984,0.073224,9.4294
7,5.3580,268,0,0,0.161844,0.073974,9.4294
7,5.3780,269,0,0,0.163441,0.074747,9.4295
7,5.3980,270,0,0,0.165721,0.075585,9.4295
7,5.4180,271,0,0,0.168621,0.076475,9.4296
7,5.4380,272,0,0,0.172044,0.077402,9.4296
7,5.4590,273,0,0,0.175893,0.078383,9.4297
7,5.4780,274,0,0,0.180073,0.079416,9.4297
7,5.4980,275,0,0,0.184478,0.080493,9.4298
7,5.5180,276,0,0,0.189000,0.081610,9.4298
7,5.5380,277,0,0,0.193562,0.082760,9.4298
7,5.5580,278,0,0,0.198080,0.083937,9.4298
7,5.5780,279,0,0,0.202494,0.085138,9.4298
7,5.5980,280,0,0,0.206775,0.086352,9.4299
7,5.6180,281,0,0,0.210850,0.087579,9.4299
7,5.6390,282,0,0,0.214684,0.088771,9.4299
7,5.6580,283,0,0,0.218246,0.089983,9.4299
7,5.6780,284,0,0,0.221526,0.091197,9.4298
7,5.6980,285,0,0,0.224469,0.092396,9.4298
7,5.7180,286,0,0,0.227059,0.093560,9.4298
7,5.7380,287,0,0,0.229291,0.094669,9.4298
7,5.7580,288,0,0,0.231149,0.095714,9.4297
7,5.7780,289,0,0,0.232667,0.096679,9.4297
7,5.7990,290,0,0,0.233878,0.097548,9.4297
7,5.8180,291,0,0,0.234790,0.098286,9.4296
7,5.8380,292,0,0,0.235397,0.098897,9.4296
7,5.8580,293,0,0,0.235727,0.099366,9.4295
7,5.8780,294,0,0,0.235842,0.099633,9.4295
7,5.8980,295,0,0,0.235787,0.099760,9.4294
7,5.9180,296,0,0,0.235579,0.099756,9.4294
7,5.9380,297,0,0,0.235225,0.099607,9.4293
7,5.9590,298,0,0,0.234695,0.099254,9.4292
7,5.9780,299,0,0,0.233994,0.098875,9.4291
7,5.9980,300,0,0,0.233070,0.098550,9.4291
7,6.0180,301,0,0,0.231782,0.098205,9.4290
7,6.0380,302,0,0,0.230189,0.097712,9.4290
7,6.0580,303,0,0,0.228414,0.097153,9.4290
7,6.0780,304,0,0,0.226569,0.096605,9.4289
7,6.0980,305,0,0,0.224804,0.096057,9.4289
7,6.1180,306,0,0,0.223152,0.095493,9.4289
7,6.1390,307,0,0,0.221557,0.094841,9.4289
7,6.1580,308,0,0,0.219964,0.094162,9.4289
7,6.1780,309,0,0,0.218449,0.098527,9.4286
7,6.1980,310,0,0,0.222143,0.096669,9.4278
7,6.2180,311,0,0,0.220207,0.092774,9.4270
7,6.2380,312,0,0,0.214045,0.099897,9.4259
7,6.2580,313,0,0,0.217123,0.092875,9.4245
7,6.2780,314,0,0,0.215328,0.083188,9.4231
7,6.2990,315,0,0,0.205175,0.078591,9.4220
7,6.3180,316,0,0,0.191765,0.067797,9.4212
7,6.3380,317,0,0,0.179741,0.057398,9.4208
7,6.3580,318,0,0,0.168461,0.050156,9.4208
7,6.3780,319,0,0,0.155476,0.047089,9.4212
7,6.3980,320,0,0,0.139202,0.045732,9.4217
7,6.4180,321,0,0,0.119893,0.044086,9.4222
7,6.4380,322,0,0,0.099557,0.042526,9.4226
7,6.4580,323,0,0,0.081579,0.042144,9.4228
7,6.4780,324,0,0,0.069988,0.043530,9.4228
7,6.4980,325,0,0,0.068223,0.046369,9.4227
7,6.5180,326,0,0,0.072336,0.049694,9.4225
7,6.5380,327,0,0,0.081733,0.052585,9.4222
7,6.5580,328,0,0,0.093096,0.054720,9.4220
7,6.5780,329,0,0,0.105292,0.056294,9.4219
7,6.5980,330,0,0,0.117777,0.057818,9.4219
7,6.6180,331,0,0,0.130187,0.059771,9.4219
7,6.6390,332,0,0,0.142235,0.062476,9.4220
7,6.6580,333,0,0,0.153778,0.066033,9.4222
7,6.6780,334,0,0,0.164839,0.070300,9.4223
7,6.6980,335,0,0,0.175542,0.074972,9.4225
7,6.7180,336,0,0,0.186017,0.079755,9.4225
7,6.7380,337,0,0,0.196359,0.084422,9.4226
7,6.7580,338,0,0,0.206618,0.088825,9.4226
7,6.7780,339,0,0,0.216808,0.092878,9.4226
7,6.7990,340,0,0,0.226944,0.096586,9.4225
7,6.8180,341,0,0,0.237004,0.099991,9.4225
7,6.8380,342,0,0,0.246923,0.103172,9.4225
7,6.8580,343,0,0,0.256587,0.106212,9.4226
7,6.8780,344,0,0,0.265863,0.109174,9.4226
7,6.8980,345,0,0,0.274578,0.112091,9.4227
7,6.9180,346,0,0,0.282560,0.114894,9.4228
7,6.9380,347,0,0,0.289720,0.117642,9.4229
7,6.9580,348,0,0,0.295985,0.120266,9.4230
7,6.9790,349,0,0,0.301250,0.122718,9.4231
7,6.9980,350,0,0,0.305480,0.124957,9.4231
7,7.0180,351,0,0,0.308708,0.126958,9.4232
7,7.0380,352,0,0,0.311028,0.128682,9.4232
7,7.0580,353,0,0,0.312513,0.130183,9.4233
7,7.0780,354,0,0,0.313339,0.131454,9.4233
7,7.0980,355,0,0,0.313679,0.132432,9.4234
7,7.1180,356,0,0,0.313667,0.133165,9.4235
7,7.1390,357,0,0,0.313386,0.133602,9.4235
7,7.1580,358,0,0,0.312848,0.133725,9.4236
7,7.1780,359,0,0,0.312073,0.133493,9.4237
7,7.1980,360,0,0,0.311058,0.132911,9.4238
7,7.2180,361,0,0,0.309788,0.131932,9.4238
7,7.2380,362,0,0,0.308306,0.130654,9.4239
7,7.2580,363,0,0,0.306551,0.129057,9.4239
7,7.2780,364,0,0,0.304373,0.127228,9.4240
7,7.2990,365,0,0,0.301663,0.125195,9.4240
7,7.3180,366,0,0,0.298341,0.122993,9.4240
7,7.3380,367,0,0,0.294378,0.120667,9.4241
7,7.3580,368,0,0,0.289761,0.118250,9.4241
7,7.3780,369,0,0,0.284511,0.115772,9.4241
7,7.3980,370,0,0,0.278632,0.113250,9.4242
7,7.4180,371,0,0,0.272149,0.110689,9.4242
7,7.4380,372,0,0,0.265099,0.108044,9.4242
7,7.4580,373,0,0,0.257553,0.105387,9.4242
7,7.4780,374,0,0,0.249607,0.102705,9.4243
7,7.4980,375,0,0,0.241347,0.100001,9.4243
7,7.5180,376,0,0,0.232887,0.097285,9.4243
7,7.5380,377,0,0,0.224341,0.094580,9.4243
7,7.5580,378,0,0,0.215778,0.091883,9.4243
7,7.5780,379,0,0,0.207333,0.089191,9.4244
7,7.5980,380,0,0,0.199139,0.086526,9.4244
7,7.6180,381,0,0,0.191336,0.083907,9.4244
7,7.6390,382,0,0,0.184083,0.081373,9.4244
7,7.6580,383,0,0,0.177511,0.078922,9.4245
7,7.6780,384,0,0,0.171729,0.076644,9.4245
7,7.6980,385,0,0,0.166832,0.074574,9.4245
7,7.7180,386,0,0,0.162877,0.072751,9.4246
7,7.7380,387,0,0,0.159901,0.071220,9.4246
7,7.7580,388,0,0,0.157935,0.070026,9.4246
7,7.7780,389,0,0,0.156996,0.069202,9.4247
7,7.7990,390,0,0,0.157078,0.068790,9.4247
7,7.8180,391,0,0,0.158150,0.068791,9.4248
7,7.8380,392,0,0,0.160193,0.069240,9.4248
7,7.8580,393,0,0,0.163144,0.070123,9.4249
7,7.8780,394,0,0,0.166896,0.071412,9.4249
7,7.8980,395,0,0,0.171349,0.073070,9.4250
7,7.9180,396,0,0,0.176391,0.075057,9.4250
7,7.9380,397,0,0,0.181946,0.077327,9.4251
7,7.9580,398,0,0,0.187910,0.079841,9.4251
7,7.9780,399,0,0,0.194202,0.082558,9.4252
7,7.9980,400,0,0,0.200755,0.085407,9.4252
7,8.0180,401,0,0,0.207487,0.088375,9.4253
7,8.0380,402,0,0,0.214365,0.091438,9.4253
7,8.0580,403,0,0,0.221320,0.094551,9.4254
7,8.0780,404,0,0,0.228274,0.097673,9.4254
7,8.0980,405,0,0,0.235161,0.100774,9.4255
7,8.1180,406,0,0,0.241935,0.103754,9.4255
7,8.1390,407,0,0,0.248592,0.106603,9.4256
7,8.1580,408,0,0,0.255126,0.109302,9.4256
7,8.1780,409,0,0,0.261512,0.111858,9.4257
7,8.1980,410,0,0,0.267698,0.114260,9.4257
7,8.2180,411,0,0,0.273629,0.116462,9.4258
7,8.2380,412,0,0,0.279212,0.118516,9.4258
7,8.2580,413,0,0,0.284382,0.120419,9.4258
7,8.2780,414,0,0,0.289094,0.122166,9.4259
7,8.2980,415,0,0,0.293306,0.123762,9.4259
7,8.3180,416,0,0,0.296999,0.125190,9.4259
7,8.3380,417,0,0,0.300176,0.126439,9.4259
7,8.3580,418,0,0,0.302832,0.127499,9.4259
7,8.3780,419,0,0,0.305006,0.128366,9.4258
7,8.3980,420,0,0,0.306703,0.128977,9.4258
7,8.4180,421,0,0,0.307919,0.129396,9.4258
7,8.4380,422,0,0,0.308691,0.129619,9.4258
7,8.4580,423,0,0,0.308968,0.129640,9.4258
7,8.4790,424,0,0,0.308734,0.129452,9.4257
7,8.4980,425,0,0,0.307993,0.129048,9.4257
7,8.5180,426,0,0,0.306739,0.128432,9.4257
7,8.5380,427,0,0,0.304974,0.127607,9.4256
7,8.5580,428,0,0,0.302720,0.126526,9.4256
7,8.5780,429,0,0,0.299979,0.125277,9.4255
7,8.5980,430,0,0,0.296802,0.123847,9.4254
7,8.6180,431,0,0,0.293163,0.122243,9.4254
7,8.6380,432,0,0,0.289050,0.120465,9.4253
7,8.6580,433,0,0,0.284459,0.118509,9.4252
7,8.6780,434,0,0,0.279396,0.116398,9.4251
7,8.6980,435,0,0,0.273943,0.114218,9.4251
7,8.7180,436,0,0,0.268193,0.111651,9.4250
7,8.7380,437,0,0,0.261978,0.108850,9.4249
7,8.7580,438,0,0,0.255462,0.106033,9.4249
7,8.7780,439,0,0,0.248810,0.103255,9.4249
7,8.7980,440,0,0,0.242056,0.100515,9.4249
7,8.8180,441,0,0,0.235183,0.097809,9.4249
7,8.8380,442,0,0,0.228165,0.095124,9.4249
7,8.8580,443,0,0,0.221006,0.092412,9.4249
7,8.8780,444,0,0,0.213756,0.089869,9.4249
7,8.8980,445,0,0,0.206554,0.087223,9.4249
7,8.9180,446,0,0,0.199356,0.084477,9.4249
7,8.9380,447,0,0,0.192127,0.081678,9.4249
7,8.9580,448,0,0,0.185047,0.078859,9.4249
7,8.9790,449,0,0,0.178306,0.076058,9.4249
7,8.9980,450,0,0,0.172015,0.073270,9.4249
7,9.0180,451,0,0,0.166215,0.070595,9.4249
7,9.0380,452,0,0,0.160917,0.068086,9.4250
7,9.0580,453,0,0,0.156082,0.065762,9.4250
7,9.0780,454,0,0,0.151656,0.063645,9.4250
7,9.0980,455,0,0,0.147617,0.061766,9.4250
7,9.1180,456,0,0,0.143978,0.060165,9.4251
7,9.1390,457,0,0,0.140790,0.058887,9.4251
7,9.1580,458,0,0,0.138121,0.057982,9.4251
7,9.1780,459,0,0,0.136047,0.057490,9.4251
7,9.1980,460,0,0,0.134646,0.057434,9.4251
7,9.2180,461,0,0,0.133987,0.057800,9.4251
7,9.2380,462,0,0,0.135534,0.061626,9.4250
7,9.2580,463,0,0,0.134132,0.064147,9.4248
7,9.2780,464,0,0,0.128814,0.065543,9.4246
7,9.2980,465,0,0,0.122902,0.066425,9.4243
7,9.3190,466,0,0,0.119405,0.067244,9.4241
7,9.3380,467,0,0,0.119989,0.068393,9.4240
7,9.3580,468,0,0,0.124807,0.069950,9.4239
7,9.3780,469,0,0,0.132872,0.071764,9.4239
7,9.3980,470,0,0,0.142753,0.073586,9.4240
7,9.4180,471,0,0,0.153195,0.075236,9.4241
7,9.4380,472,0,0,0.163439,0.076679,9.4242
7,9.4580,473,0,0,0.173218,0.078019,9.4243
7,9.4790,474,0,0,0.182560,0.079415,9.4243
7,9.4980,475,0,0,0.191584,0.081024,9.4243
7,9.5180,476,0,0,0.200338,0.082918,9.4243
7,9.5380,477,0,0,0.208741,0.085096,9.4243
7,9.5580,478,0,0,0.216634,0.087535,9.4242
7,9.5780,479,0,0,0.223851,0.090211,9.4242
7,9.5980,480,0,0,0.230358,0.092766,9.4242
7,9.6180,481,0,0,0.237595,0.097398,9.4242
7,9.6390,482,0,0,0.242215,0.100397,9.4242
7,9.6580,483,0,0,0.242764,0.102314,9.4242
7,9.6780,484,0,0,0.241563,0.103820,9.4242
7,9.6980,485,0,0,0.240854,0.105261,9.4242
7,9.7180,486,0,0,0.241651,0.106756,9.4243
7,9.7380,487,0,0,0.243847,0.108228,9.4243
7,9.7580,488,0,0,0.246802,0.109503,9.4243
7,9.7780,489,0,0,0.249794,0.110427,9.4243
7,9.7980,490,0,0,0.252322,0.110904,9.4243
7,9.8190,491,0,0,0.254175,0.110962,9.4244
7,9.8380,492,0,0,0.255441,0.110641,9.4244
7,9.8580,493,0,0,0.256326,0.110106,9.4244
7,9.8780,494,0,0,0.256981,0.109426,9.4244
7,9.8980,495,0,0,0.257416,0.108651,9.4245
7,9.9180,496,0,0,0.257550,0.107838,9.4245
7,9.9380,497,0,0,0.257281,0.106983,9.4245
7,9.9580,498,0,0,0.256428,0.105985,9.4246
7,9.9790,499,0,0,0.254800,0.104831,9.4246
7,9.9980,500,0,0,0.252387,0.103553,9.4246
7,10.0180,501,0,0,0.249292,0.102163,9.4247
7,10.0380,502,0,0,0.245636,0.100641,9.4247
7,10.0580,503,0,0,0.241522,0.099063,9.4247
7,10.0780,504,0,0,0.237013,0.097417,9.4247
7,10.0980,505,0,0,0.232098,0.095597,9.4247
7,10.1180,506,0,0,0.226751,0.093992,9.4248
7,10.1390,507,0,0,0.220971,0.092456,9.4248
7,10.1580,508,0,0,0.214875,0.090901,9.4249
7,10.1780,509,0,0,0.208560,0.089267,9.4250
7,10.1980,510,0,0,0.202081,0.087513,9.4251
7,10.2180,511,0,0,0.195490,0.085609,9.4252
7,10.2380,512,0,0,0.188858,0.083537,9.4252
7,10.2580,513,0,0,0.182266,0.081290,9.4253
7,10.2780,514,0,0,0.175765,0.078873,9.4254
7,10.2980,515,0,0,0.169412,0.076303,9.4254
7,10.3190,516,0,0,0.163229,0.073561,9.4254
7,10.3380,517,0,0,0.157245,0.070746,9.4255
7,10.3580,518,0,0,0.151481,0.067880,9.4255
7,10.3780,519,0,0,0.145910,0.064991,9.4255
7,10.3980,520,0,0,0.140497,0.062107,9.4256
7,10.4180,521,0,0,0.135230,0.059264,9.4256
7,10.4380,522,0,0,0.130112,0.056492,9.4257
7,10.4580,523,0,0,0.125154,0.053821,9.4257
7,10.4790,524,0,0,0.120382,0.051281,9.4258
7,10.4980,525,0,0,0.115843,0.048909,9.4258
7,10.5180,526,0,0,0.111602,0.046740,9.4258
7,10.5380,527,0,0,0.107741,0.044815,9.4259
7,10.5580,528,0,0,0.104353,0.043176,9.4259
7,10.5780,529,0,0,0.101537,0.041864,9.4259
7,10.5980,530,0,0,0.099392,0.040913,9.4260
7,10.6180,531,0,0,0.098002,0.040352,9.4260
7,10.6390,532,0,0,0.097429,0.040197,9.4260
7,10.6580,533,0,0,0.097703,0.040452,9.4260
7,10.6780,534,0,0,0.098811,0.041100,9.4260
7,10.6980,535,0,0,0.100733,0.042131,9.4261
7,10.7180,536,0,0,0.103407,0.043506,9.4261
7,10.7380,537,0,0,0.106737,0.045180,9.4261
7,10.7580,538,0,0,0.110615,0.047106,9.4261
7,10.7780,539,0,0,0.114942,0.049236,9.4262
7,10.7980,540,0,0,0.119633,0.051502,9.4262
7,10.8190,541,0,0,0.124599,0.053902,9.4262
7,10.8380,542,0,0,0.129794,0.056386,9.4262
7,10.8580,543,0,0,0.135168,0.058915,9.4263
7,10.8780,544,0,0,0.140673,0.061454,9.4263
7,10.8980,545,0,0,0.146267,0.063974,9.4263
7,10.9180,546,0,0,0.151914,0.066448,9.4263
7,10.9380,547,0,0,0.157582,0.068853,9.4264
7,10.9580,548,0,0,0.163235,0.071163,9.4264
7,10.9790,549,0,0,0.168851,0.073380,9.4264
7,10.9980,550,0,0,0.174394,0.075493,9.4264
7,11.0180,551,0,0,0.179822,0.077487,9.4264
7,11.0380,552,0,0,0.185080,0.079359,9.4265
7,11.0580,553,0,0,0.190120,0.081108,9.4265
7,11.0780,554,0,0,0.194896,0.082735,9.4265
7,11.0980,555,0,0,0.199368,0.084242,9.4265
7,11.1180,556,0,0,0.203498,0.085583,9.4265
7,11.1380,557,0,0,0.207252,0.086820,9.4265
7,11.1590,558,0,0,0.210618,0.087965,9.4265
7,11.1780,559,0,0,0.213569,0.089004,9.4265
7,11.1980,560,0,0,0.216049,0.089929,9.4265
7,11.2180,561,0,0,0.218046,0.090733,9.4264
7,11.2380,562,0,0,0.219543,0.091407,9.4264
7,11.2580,563,0,0,0.220563,0.091947,9.4264
7,11.2780,564,0,0,0.221123,0.092344,9.4264
7,11.2980,565,0,0,0.221254,0.092590,9.4264
7,11.3190,566,0,0,0.220980,0.092680,9.4263
7,11.3380,567,0,0,0.220324,0.092606,9.4263
7,11.3580,568,0,0,0.219312,0.092316,9.4263
7,11.3780,569,0,0,0.217975,0.091875,9.4262
7,11.3980,570,0,0,0.216345,0.091262,9.4262
7,11.4180,571,0,0,0.214861,0.093351,9.4260
7,11.4380,572,0,0,0.213514,0.093753,9.4258
7,11.4580,573,0,0,0.209530,0.092080,9.4255
7,11.4790,574,0,0,0.203786,0.089751,9.4253
7,11.4980,575,0,0,0.197552,0.087282,9.4252
7,11.5180,576,0,0,0.191618,0.084950,9.4252
7,11.5380,577,0,0,0.186333,0.082850,9.4253
7,11.5580,578,0,0,0.181700,0.081051,9.4254
7,11.5780,579,0,0,0.177536,0.079453,9.4257
7,11.5980,580,0,0,0.173596,0.077972,9.4259
7,11.6180,581,0,0,0.169684,0.076597,9.4261
7,11.6380,582,0,0,0.165769,0.075300,9.4262
7,11.6580,583,0,0,0.161937,0.074012,9.4262
7,11.6780,584,0,0,0.158328,0.072624,9.4262
7,11.6980,585,0,0,0.155069,0.071009,9.4261
7,11.7180,586,0,0,0.152221,0.069070,9.4260
7,11.7380,587,0,0,0.149758,0.066784,9.4258
7,11.7580,588,0,0,0.147595,0.064230,9.4257
7,11.7780,589,0,0,0.145676,0.061516,9.4256
7,11.7980,590,0,0,0.143886,0.058762,9.4255
7,11.8190,591,0,0,0.142070,0.056123,9.4254
7,11.8380,592,0,0,0.140106,0.053711,9.4254
7,11.8580,593,0,0,0.137899,0.051616,9.4254
7,11.8780,594,0,0,0.135352,0.049882,9.4255
7,11.8980,595,0,0,0.132410,0.048534,9.4255
7,11.9180,596,0,0,0.129087,0.047539,9.4255
7,11.9380,597,0,0,0.125480,0.046947,9.4256
7,11.9580,598,0,0,0.121762,0.046704,9.4256
7,11.9790,599,0,0,0.118118,0.046751,9.4256
7,11.9980,600,0,0,0.114752,0.047041,9.4256
7,12.0180,601,0,0,0.111884,0.047503,9.4255
7,12.0380,602,0,0,0.109712,0.048117,9.4255
7,12.0580,603,0,0,0.108357,0.048870,9.4255
7,12.0780,604,0,0,0.107875,0.049756,9.4255
7,12.0980,605,0,0,0.108276,0.050769,9.4255
7,12.1180,606,0,0,0.109497,0.051888,9.4255
7,12.1380,607,0,0,0.111472,0.053075,9.4255
7,12.1590,608,0,0,0.114164,0.054335,9.4255
7,12.1780,609,0,0,0.117528,0.055649,9.4255
7,12.1980,610,0,0,0.121507,0.057008,9.4255
7,12.2180,611,0,0,0.126035,0.058407,9.4255
7,12.2380,612,0,0,0.132329,0.062367,9.4254
7,12.2580,613,0,0,0.135850,0.064777,9.4252
7,12.2780,614,0,0,0.136159,0.065746,9.4249
7,12.2980,615,0,0,0.135854,0.065981,9.4247
7,12.3190,616,0,0,0.137033,0.066058,9.4246
7,12.3380,617,0,0,0.140607,0.066407,9.4245
7,12.3580,618,0,0,0.146282,0.067125,9.4245
7,12.3780,619,0,0,0.153057,0.068027,9.4246
7,12.3980,620,0,0,0.159884,0.068869,9.4247
7,12.4180,621,0,0,0.166000,0.069504,9.4248
7,12.4380,622,0,0,0.171082,0.069937,9.4249
7,12.4580,623,0,0,0.175171,0.070283,9.4250
7,12.4790,624,0,0,0.178479,0.070691,9.4250
7,12.4980,625,0,0,0.182774,0.073773,9.4250
7,12.5180,626,0,0,0.183818,0.075146,9.4250
7,12.5380,627,0,0,0.180115,0.075505,9.4249
7,12.5580,628,0,0,0.174474,0.075508,9.4248
7,12.5780,629,0,0,0.169510,0.075513,9.4247
7,12.5980,630,0,0,0.166440,0.075621,9.4247
7,12.6180,631,0,0,0.165234,0.075807,9.4247
7,12.6380,632,0,0,0.165176,0.075893,9.4247
7,12.6590,633,0,0,0.165445,0.075704,9.4247
7,12.6780,634,0,0,0.165466,0.075154,9.4248
7,12.6980,635,0,0,0.165065,0.074239,9.4248
7,12.7180,636,0,0,0.164323,0.073038,9.4249
7,12.7380,637,0,0,0.163420,0.071659,9.4249
7,12.7580,638,0,0,0.162489,0.070202,9.4249
7,12.7780,639,0,0,0.161554,0.068724,9.4249
7,12.7980,640,0,0,0.160522,0.067240,9.4249
7,12.8190,641,0,0,0.159250,0.065759,9.4249
7,12.8380,642,0,0,0.157622,0.064265,9.4249
7,12.8580,643,0,0,0.155563,0.062751,9.4249
7,12.8780,644,0,0,0.153047,0.061179,9.4249
7,12.8980,645,0,0,0.150122,0.059630,9.4249
7,12.9180,646,0,0,0.146852,0.058120,9.4250
7,12.9380,647,0,0,0.143283,0.056660,9.4250
7,12.9580,648,0,0,0.139453,0.055259,9.4250
7,12.9780,649,0,0,0.135405,0.053912,9.4250
7,12.9990,650,0,0,0.131180,0.052601,9.4250
7,13.0180,651,0,0,0.126822,0.051322,9.4251
7,13.0380,652,0,0,0.122407,0.050062,9.4251
7,13.0580,653,0,0,0.118012,0.048813,9.4251
7,13.0780,654,0,0,0.113704,0.047578,9.4251
7,13.0980,655,0,0,0.109547,0.046367,9.4251
7,13.1180,656,0,0,0.105605,0.045197,9.4252
7,13.1380,657,0,0,0.101943,0.044092,9.4252
7,13.1590,658,0,0,0.098627,0.043075,9.4252
7,13.1780,659,0,0,0.095725,0.042176,9.4253
7,13.1980,660,0,0,0.093296,0.041422,9.4253
7,13.2180,661,0,0,0.091404,0.040839,9.4253
7,13.2380,662,0,0,0.090100,0.040443,9.4253
7,13.2580,663,0,0,0.089417,0.040239,9.4254
7,13.2780,664,0,0,0.089372,0.040236,9.4254
7,13.2980,665,0,0,0.089972,0.040427,9.4254
7,13.3190,666,0,0,0.091204,0.040807,9.4255
7,13.3380,667,0,0,0.093037,0.041368,9.4255
7,13.3580,668,0,0,0.095421,0.042102,9.4256
7,13.3780,669,0,0,0.098296,0.042999,9.4256
7,13.3980,670,0,0,0.101590,0.044037,9.4256
7,13.4180,671,0,0,0.105223,0.045236,9.4257
7,13.4380,672,0,0,0.109132,0.046578,9.4257
7,13.4580,673,0,0,0.113241,0.048053,9.4257
7,13.4780,674,0,0,0.117462,0.049649,9.4258
7,13.4990,675,0,0,0.121731,0.051354,9.4258
7,13.5180,676,0,0,0.125999,0.053153,9.4258
7,13.5380,677,0,0,0.130219,0.055016,9.4259
7,13.5580,678,0,0,0.134382,0.056953,9.4259
7,13.5780,679,0,0,0.138481,0.058938,9.4259
7,13.5980,680,0,0,0.142491,0.060945,9.4259
7,13.6180,681,0,0,0.146394,0.062951,9.4260
7,13.6380,682,0,0,0.150183,0.064929,9.4260
7,13.6590,683,0,0,0.153861,0.066860,9.4260
7,13.6780,684,0,0,0.157440,0.068724,9.4260
7,13.6980,685,0,0,0.160930,0.070505,9.4261
7,13.7180,686,0,0,0.164339,0.072188,9.4261
7,13.7380,687,0,0,0.167671,0.073763,9.4261
7,13.7580,688,0,0,0.170919,0.075210,9.4261
7,13.7780,689,0,0,0.174087,0.076539,9.4261
7,13.7980,690,0,0,0.177167,0.077707,9.4261
7,13.8190,691,0,0,0.180132,0.078764,9.4262
7,13.8390,692,0,0,0.182961,0.079700,9.4262
7,13.8580,693,0,0,0.185605,0.080512,9.4262
7,13.8780,694,0,0,0.188021,0.081200,9.4262
7,13.8980,695,0,0,0.190157,0.081769,9.4262
7,13.9180,696,0,0,0.191994,0.082225,9.4262
7,13.9380,697,0,0,0.193507,0.082564,9.4262
7,13.9580,698,0,0,0.194689,0.082807,9.4261
7,13.9780,699,0,0,0.195536,0.082957,9.4261
7,13.9990,700,0,0,0.196014,0.083014,9.4261
7,14.0180,701,0,0,0.196118,0.082974,9.4261
7,14.0380,702,0,0,0.195841,0.082836,9.4261
7,14.0580,703,0,0,0.195186,0.082592,9.4260
7,14.0780,704,0,0,0.195550,0.086064,9.4259
7,14.0980,705,0,0,0.193771,0.087560,9.4256
7,14.1180,706,0,0,0.186768,0.086824,9.4252
7,14.1380,707,0,0,0.177263,0.084608,9.4249
7,14.1590,708,0,0,0.168135,0.082071,9.4248
7,14.1780,709,0,0,0.160831,0.079687,9.4247
7,14.1980,710,0,0,0.155722,0.077568,9.4248
7,14.2180,711,0,0,0.152560,0.075625,9.4250
7,14.2380,712,0,0,0.150699,0.073663,9.4252
7,14.2580,713,0,0,0.149436,0.071659,9.4255
7,14.2780,714,0,0,0.148296,0.069705,9.4258
7,14.2980,715,0,0,0.147091,0.067968,9.4259
7,14.3190,716,0,0,0.145835,0.066499,9.4260
7,14.3380,717,0,0,0.144607,0.065187,9.4261
7,14.3580,718,0,0,0.143433,0.063826,9.4260
7,14.3780,719,0,0,0.142242,0.062205,9.4259
7,14.3980,720,0,0,0.140926,0.060234,9.4257
7,14.4180,721,0,0,0.139429,0.057892,9.4256
7,14.4380,722,0,0,0.137739,0.055281,9.4254
7,14.4580,723,0,0,0.135892,0.052580,9.4253
7,14.4780,724,0,0,0.133929,0.050002,9.4252
7,14.4990,725,0,0,0.131854,0.047743,9.4252
7,14.5180,726,0,0,0.129602,0.045958,9.4252
7,14.5380,727,0,0,0.127065,0.044755,9.4252
7,14.5580,728,0,0,0.124126,0.044059,9.4253
7,14.5780,729,0,0,0.120711,0.043622,9.4254
7,14.5980,730,0,0,0.116816,0.043345,9.4254
7,14.6180,731,0,0,0.112519,0.043211,9.4255
7,14.6380,732,0,0,0.107967,0.043217,9.4255
7,14.6590,733,0,0,0.103371,0.043356,9.4255
7,14.6780,734,0,0,0.098961,0.043589,9.4255
7,14.6980,735,0,0,0.094960,0.043890,9.4255
7,14.7180,736,0,0,0.091592,0.044210,9.4255
7,14.7380,737,0,0,0.089009,0.044516,9.4254
7,14.7580,738,0,0,0.087309,0.044788,9.4254
7,14.7780,739,0,0,0.086542,0.044974,9.4254
7,14.7980,740,0,0,0.086717,0.045167,9.4254
7,14.8180,741,0,0,0.087803,0.045372,9.4253
7,14.8380,742,0,0,0.089717,0.045601,9.4253
7,14.8580,743,0,0,0.092338,0.045871,9.4253
7,14.8780,744,0,0,0.095535,0.046191,9.4253
7,14.8980,745,0,0,0.099172,0.046574,9.4252
7,14.9180,746,0,0,0.103110,0.047019,9.4252
7,14.9380,747,0,0,0.107235,0.047536,9.4252
7,14.9580,748,0,0,0.111437,0.048120,9.4252
7,14.9780,749,0,0,0.115611,0.048770,9.4252
7,14.9990,750,0,0,0.119677,0.049497,9.4252
7,15.0180,751,0,0,0.123574,0.050319,9.4252
7,15.0380,752,0,0,0.127267,0.051260,9.4252
7,15.0580,753,0,0,0.130736,0.052346,9.4252
7,15.0780,754,0,0,0.133976,0.053594,9.4252
7,15.0980,755,0,0,0.136990,0.055004,9.4252
7,15.1180,756,0,0,0.139792,0.056544,9.4252
7,15.1380,757,0,0,0.142406,0.058190,9.4252
7,15.1590,758,0,0,0.144848,0.059894,9.4252
7,15.1780,759,0,0,0.147149,0.061607,9.4252
7,15.1980,760,0,0,0.149344,0.063292,9.4252
7,15.2180,761,0,0,0.151477,0.064905,9.4252
7,15.2380,762,0,0,0.153601,0.066413,9.4252
7,15.2580,763,0,0,0.155770,0.067854,9.4252
7,15.2780,764,0,0,0.158016,0.069206,9.4252
7,15.2980,765,0,0,0.160354,0.070459,9.4252
7,15.3180,766,0,0,0.164117,0.073491,9.4250
7,15.3380,767,0,0,0.165331,0.074992,9.4248
7,15.3580,768,0,0,0.163473,0.075317,9.4246
7,15.3780,769,0,0,0.160977,0.075112,9.4244
7,15.3980,770,0,0,0.159870,0.074851,9.4243
7,15.4180,771,0,0,0.160798,0.074759,9.4242
7,15.4380,772,0,0,0.163303,0.074779,9.4243
7,15.4580,773,0,0,0.166485,0.074730,9.4243
7,15.4780,774,0,0,0.169477,0.074421,9.4245
7,15.4990,775,0,0,0.171762,0.073718,9.4246
7,15.5180,776,0,0,0.173218,0.072736,9.4247
7,15.5380,777,0,0,0.175703,0.074489,9.4247
7,15.5580,778,0,0,0.174321,0.074072,9.4246
7,15.5780,779,0,0,0.167730,0.072432,9.4245
7,15.5980,780,0,0,0.159255,0.070472,9.4244
7,15.6180,781,0,0,0.151780,0.068676,9.4243
7,15.6380,782,0,0,0.146507,0.067140,9.4243
7,15.6590,783,0,0,0.143208,0.065702,9.4242
7,15.6780,784,0,0,0.140940,0.064182,9.4242
7,15.6980,785,0,0,0.138716,0.062450,9.4243
7,15.7180,786,0,0,0.135908,0.060429,9.4243
7,15.7380,787,0,0,0.132340,0.058083,9.4244
7,15.7580,788,0,0,0.128205,0.055567,9.4244
7,15.7780,789,0,0,0.123789,0.052982,9.4244
7,15.7980,790,0,0,0.119292,0.050437,9.4245
7,15.8180,791,0,0,0.114795,0.047974,9.4244
7,15.8390,792,0,0,0.110224,0.045589,9.4244
7,15.8580,793,0,0,0.105461,0.043256,9.4244
7,15.8780,794,0,0,0.100433,0.040952,9.4244
7,15.8980,795,0,0,0.095140,0.038657,9.4244
7,15.9180,796,0,0,0.089649,0.036368,9.4244
7,15.9380,797,0,0,0.084077,0.034097,9.4244
7,15.9580,798,0,0,0.078559,0.031867,9.4245
7,15.9780,799,0,0,0.073228,0.029707,9.4245
7,15.9990,800,0,0,0.068206,0.027650,9.4245
7,16.0180,801,0,0,0.063603,0.025722,9.4245
7,16.0380,802,0,0,0.059512,0.023981,9.4245
7,16.0580,803,0,0,0.056044,0.022458,9.4246
7,16.0780,804,0,0,0.053277,0.021203,9.4246
7,16.0980,805,0,0,0.051271,0.020282,9.4246
7,16.1180,806,0,0,0.050072,0.019771,9.4246
7,16.1380,807,0,0,0.049706,0.019738,9.4246
7,16.1590,808,0,0,0.050176,0.020217,9.4246
7,16.1780,809,0,0,0.051444,0.021190,9.4246
7,16.1980,810,0,0,0.053467,0.022590,9.4246
7,16.2180,811,0,0,0.056163,0.024327,9.4246
7,16.2380,812,0,0,0.059455,0.026311,9.4246
7,16.2580,813,0,0,0.063268,0.028463,9.4247
7,16.2780,814,0,0,0.067529,0.030719,9.4247
7,16.2980,815,0,0,0.072169,0.033029,9.4247
7,16.3180,816,0,0,0.077128,0.035355,9.4247
7,16.3380,817,0,0,0.082347,0.037671,9.4248
7,16.3580,818,0,0,0.087768,0.039956,9.4248
7,16.3780,819,0,0,0.093333,0.042199,9.4248
7,16.3980,820,0,0,0.098984,0.044393,9.4248
7,16.4180,821,0,0,0.104661,0.046533,9.4249
7,16.4380,822,0,0,0.110308,0.048619,9.4249
7,16.4580,823,0,0,0.115867,0.050651,9.4249
7,16.4780,824,0,0,0.121289,0.052633,9.4249
7,16.4990,825,0,0,0.126526,0.054565,9.4249
7,16.5180,826,0,0,0.131539,0.056447,9.4249
7,16.5380,827,0,0,0.136291,0.058275,9.4250
7,16.5580,828,0,0,0.140775,0.060063,9.4250
7,16.5780,829,0,0,0.144982,0.061806,9.4250
7,16.5980,830,0,0,0.148889,0.063495,9.4250
7,16.6180,831,0,0,0.152483,0.065121,9.4250
7,16.6380,832,0,0,0.155764,0.066674,9.4250
7,16.6580,833,0,0,0.158740,0.068143,9.4250
7,16.6780,834,0,0,0.161430,0.069518,9.4250
7,16.6980,835,0,0,0.163850,0.070787,9.4250
7,16.7180,836,0,0,0.166021,0.071942,9.4250
7,16.7380,837,0,0,0.167961,0.072974,9.4250
7,16.7580,838,0,0,0.169679,0.073865,9.4250
7,16.7780,839,0,0,0.171198,0.074595,9.4250
7,16.7980,840,0,0,0.172523,0.075202,9.4250
7,16.8180,841,0,0,0.173664,0.075673,9.4250
7,16.8380,842,0,0,0.177888,0.083055,9.4247
7,16.8580,843,0,0,0.177050,0.087324,9.4242
7,16.8780,844,0,0,0.165469,0.087575,9.4237
7,16.8980,845,0,0,0.148810,0.085177,9.4232
7,16.9180,846,0,0,0.133039,0.081552,9.4228
7,16.9380,847,0,0,0.121868,0.077679,9.4227
7,16.9580,848,0,0,0.117839,0.074148,9.4227
7,16.9780,849,0,0,0.116120,0.070736,9.4229
7,16.9990,850,0,0,0.118906,0.066975,9.4232
7,17.0180,851,0,0,0.122886,0.062654,9.4236
7,17.0380,852,0,0,0.126732,0.058019,9.4239
7,17.0580,853,0,0,0.129827,0.053811,9.4241
7,17.0780,854,0,0,0.131954,0.050926,9.4242
7,17.0980,855,0,0,0.132967,0.049322,9.4242
7,17.1180,856,0,0,0.132589,0.048174,9.4240
7,17.1380,857,0,0,0.130454,0.046740,9.4238
7,17.1580,858,0,0,0.126337,0.044607,9.4236
7,17.1780,859,0,0,0.120307,0.041694,9.4234
7,17.1980,860,0,0,0.112802,0.038193,9.4232
7,17.2180,861,0,0,0.104476,0.034512,9.4231
7,17.2380,862,0,0,0.096026,0.031277,9.4230
7,17.2580,863,0,0,0.088021,0.029506,9.4230
7,17.2780,864,0,0,0.080920,0.029452,9.4231
7,17.2980,865,0,0,0.074946,0.029555,9.4231
7,17.3180,866,0,0,0.070001,0.029466,9.4232
7,17.3390,867,0,0,0.065791,0.029041,9.4233
7,17.3580,868,0,0,0.062006,0.028260,9.4234
7,17.3780,869,0,0,0.058436,0.027200,9.4234
7,17.3980,870,0,0,0.055012,0.025983,9.4234
7,17.4180,871,0,0,0.051784,0.024864,9.4234
7,17.4380,872,0,0,0.048899,0.024072,9.4234
7,17.4580,873,0,0,0.046545,0.023811,9.4234
7,17.4780,874,0,0,0.044900,0.024184,9.4234
7,17.4990,875,0,0,0.044126,0.025167,9.4233
7,17.5180,876,0,0,0.044360,0.026598,9.4233
7,17.5380,877,0,0,0.045683,0.028293,9.4233
7,17.5580,878,0,0,0.048119,0.030098,9.4233
7,17.5780,879,0,0,0.051643,0.031901,9.4233
7,17.5980,880,0,0,0.056186,0.033627,9.4232
7,17.6180,881,0,0,0.061647,0.035247,9.4232
7,17.6380,882,0,0,0.067880,0.036745,9.4232
7,17.6580,883,0,0,0.074695,0.038121,9.4232
7,17.6790,884,0,0,0.081885,0.039393,9.4232
7,17.6980,885,0,0,0.089240,0.040588,9.4231
7,17.7180,886,0,0,0.096559,0.041741,9.4231
7,17.7380,887,0,0,0.103657,0.042890,9.4231
7,17.7580,888,0,0,0.110373,0.044079,9.4231
7,17.7780,889,0,0,0.116583,0.045354,9.4231
7,17.7980,890,0,0,0.122195,0.046769,9.4231
7,17.8180,891,0,0,0.127156,0.048371,9.4231
7,17.8390,892,0,0,0.131451,0.050186,9.4231
7,17.8580,893,0,0,0.135112,0.052195,9.4232
7,17.8780,894,0,0,0.138837,0.055502,9.4230
7,17.8980,895,0,0,0.140448,0.057609,9.4228
7,17.9180,896,0,0,0.140484,0.058911,9.4226
7,17.9380,897,0,0,0.140560,0.060301,9.4224
7,17.9580,898,0,0,0.141748,0.062014,9.4223
7,17.9780,899,0,0,0.144088,0.063828,9.4222
7,17.9980,900,0,0,0.146970,0.065577,9.4223
7,18.0190,901,0,0,0.149758,0.067151,9.4223
7,18.0380,902,0,0,0.152061,0.068427,9.4224
7,18.0580,903,0,0,0.153839,0.069303,9.4225
7,18.0780,904,0,0,0.155328,0.069863,9.4226
7,18.0980,905,0,0,0.156445,0.069831,9.4225
7,18.1180,906,0,0,0.158624,0.069891,9.4223
7,18.1380,907,0,0,0.163521,0.069392,9.4221
7,18.1580,908,0,0,0.170258,0.068871,9.4219
7,18.1790,909,0,0,0.177154,0.068999,9.4217
7,18.1980,910,0,0,0.182652,0.069525,9.4216
7,18.2180,911,0,0,0.187511,0.073338,9.4216
7,18.2380,912,0,0,0.185704,0.074674,9.4216
7,18.2580,913,0,0,0.177440,0.074302,9.4216
7,18.2780,914,0,0,0.167264,0.073348,9.4216
7,18.2980,915,0,0,0.158607,0.072697,9.4216
7,18.3180,916,0,0,0.152778,0.072658,9.4216
7,18.3390,917,0,0,0.149566,0.072816,9.4216
7,18.3580,918,0,0,0.147964,0.072703,9.4215
7,18.3780,919,0,0,0.146889,0.072149,9.4215
7,18.3980,920,0,0,0.145636,0.071063,9.4215
7,18.4180,921,0,0,0.144019,0.069486,9.4214
7,18.4380,922,0,0,0.142209,0.067524,9.4214
7,18.4580,923,0,0,0.140522,0.065321,9.4213
7,18.4780,924,0,0,0.139087,0.063002,9.4213
7,18.4980,925,0,0,0.137794,0.060644,9.4212
7,18.5190,926,0,0,0.136396,0.058289,9.4212
7,18.5380,927,0,0,0.134626,0.055990,9.4212
7,18.5580,928,0,0,0.132263,0.053773,9.4212
7,18.5780,929,0,0,0.129109,0.051626,9.4211
7,18.5980,930,0,0,0.125095,0.049552,9.4211
7,18.6180,931,0,0,0.120269,0.047557,9.4211
7,18.6380,932,0,0,0.114742,0.045635,9.4211
7,18.6580,933,0,0,0.108678,0.043801,9.4211
7,18.6780,934,0,0,0.102227,0.042033,9.4211
7,18.6980,935,0,0,0.095510,0.040292,9.4210
7,18.7180,936,0,0,0.088644,0.038527,9.4210
7,18.7380,937,0,0,0.081743,0.036658,9.4210
7,18.7580,938,0,0,0.074931,0.034702,9.4210
7,18.7780,939,0,0,0.068320,0.032625,9.4209
7,18.7980,940,0,0,0.062002,0.030411,9.4209
7,18.8180,941,0,0,0.056015,0.028056,9.4209
7,18.8390,942,0,0,0.050388,0.025565,9.4209
7,18.8580,943,0,0,0.045141,0.022973,9.4208
7,18.8780,944,0,0,0.040298,0.020305,9.4208
7,18.8980,945,0,0,0.035831,0.017599,9.4208
7,18.9180,946,0,0,0.031710,0.014905,9.4208
7,18.9380,947,0,0,0.027929,0.012294,9.4208
7,18.9580,948,0,0,0.024528,0.009870,9.4207
7,18.9780,949,0,0,0.021635,0.007839,9.4207
7,18.9980,950,0,0,0.019495,0.006770,9.4207
7,19.0190,951,0,0,0.018474,0.007002,9.4207
7,19.0380,952,0,0,0.018912,0.008102,9.4207
7,19.0580,953,0,0,0.020888,0.009711,9.4207
7,19.0780,954,0,0,0.024182,0.011600,9.4207
7,19.0980,955,0,0,0.028448,0.013626,9.4207
7,19.1180,956,0,0,0.033380,0.015708,9.4207
7,19.1380,957,0,0,0.038737,0.017801,9.4207
7,19.1580,958,0,0,0.044338,0.019883,9.4207
7,19.1790,959,0,0,0.050042,0.021945,9.4207
7,19.1980,960,0,0,0.055734,0.023987,9.4207
7,19.2180,961,0,0,0.061324,0.026012,9.4208
7,19.2380,962,0,0,0.066742,0.028028,9.4208
7,19.2580,963,0,0,0.071936,0.030041,9.4208
7,19.2780,964,0,0,0.076871,0.032054,9.4208
7,19.2980,965,0,0,0.081529,0.034068,9.4208
7,19.3180,966,0,0,0.085904,0.036075,9.4208
7,19.3390,967,0,0,0.090005,0.038066,9.4208
7,19.3580,968,0,0,0.093849,0.040024,9.4208
7,19.3780,969,0,0,0.097460,0.041934,9.4208
7,19.3980,970,10,0,0.000000,0.000000,9.4208
8,0.0180,1,0,0,0.000000,0.000000,9.6900
8,0.0380,2,0,0,0.196000,0.196000,9.6861
8,0.0580,3,0,0,0.391608,0.382846,9.6782
8,0.0780,4,0,0,0.586825,0.528163,9.6665
8,0.0980,5,0,0,0.781651,0.658172,9.6509
8,0.1180,6,0,0,0.976088,0.742119,9.6314
8,0.1390,7,0,0,1.170136,0.783686,9.6080
8,0.1580,8,0,0,1.363795,0.775377,9.5807
8,0.1780,9,0,0,1.557068,0.719167,9.5495
8,0.1980,10,0,0,1.749954,0.619326,9.5145
8,0.2180,11,0,0,1.938048,0.462650,9.4758
8,0.2380,12,0,0,0.483990,0.263139,9.4662
8,0.2580,13,0,0,0.064630,0.039683,9.4662
8,0.2780,14,0,0,0.299001,0.179889,9.4721
8,0.2980,15,0,0,0.475372,0.305655,9.4816
8,0.3190,16,0,0,0.517434,0.341177,9.4920
8,0.3380,17,0,0,0.425587,0.294798,9.5004
8,0.3580,18,0,0,0.252715,0.181231,9.5053
8,0.3780,19,0,0,0.073615,0.049125,9.5063
8,0.3980,20,0,0,0.165532,0.111392,9.5034
8,0.4180,21,0,0,0.339133,0.204846,9.4966
8,0.4380,22,0,0,0.437521,0.267385,9.4879
8,0.4580,23,0,0,0.421926,0.260053,9.4795
8,0.4790,24,0,0,0.331052,0.208731,9.4729
8,0.4980,25,0,0,0.191920,0.128379,9.4691
8,0.5180,26,0,0,0.067114,0.047310,9.4682
8,0.5380,27,0,0,0.096913,0.058283,9.4696
8,0.5580,28,0,0,0.157594,0.102469,9.4725
8,0.5780,29,0,0,0.184047,0.119409,9.4761
8,0.5980,30,0,0,0.168995,0.108481,9.4793
8,0.6180,31,0,0,0.125692,0.080192,9.4816
8,0.6380,32,0,0,0.092489,0.049253,9.4825
8,0.6580,33,0,0,0.100883,0.035879,9.4822
8,0.6780,34,0,0,0.130033,0.051746,9.4809
8,0.6980,35,0,0,0.153008,0.065514,9.4790
8,0.7180,36,0,0,0.153632,0.069873,9.4772
8,0.7380,37,0,0,0.144500,0.064876,9.4756
8,0.7580,38,0,0,0.132782,0.053863,9.4746
8,0.7780,39,0,0,0.125844,0.044092,9.4742
8,0.7980,40,0,0,0.126365,0.043692,9.4744
8,0.8190,41,0,0,0.129857,0.049776,9.4751
8,0.8380,42,0,0,0.130498,0.054971,9.4759
8,0.8580,43,0,0,0.126026,0.056918,9.4768
8,0.8780,44,0,0,0.117850,0.056410,9.4775
8,0.8980,45,0,0,0.109264,0.055407,9.4778
8,0.9180,46,0,0,0.104280,0.059345,9.4776
8,0.9380,47,0,0,0.098270,0.067242,9.4769
8,0.9580,48,0,0,0.094427,0.073205,9.4761
8,0.9790,49,0,0,0.100576,0.074779,9.4751
8,0.9980,50,0,0,0.102444,0.072573,9.4743
8,1.0180,51,0,0,0.102875,0.068177,9.4738
8,1.0380,52,0,0,0.101076,0.064056,9.4736
8,1.0580,53,0,0,0.097428,0.061250,9.4737
8,1.0780,54,0,0,0.091672,0.059120,9.4740
8,1.0980,55,0,0,0.086631,0.056679,9.4745
8,1.1180,56,0,0,0.094627,0.053644,9.4749
8,1.1380,57,0,0,0.105239,0.050534,9.4752
8,1.1580,58,0,0,0.114728,0.047913,9.4753
8,1.1780,59,0,0,0.122779,0.045990,9.4753
8,1.1980,60,0,0,0.128893,0.044527,9.4752
8,1.2180,61,0,0,0.132663,0.043027,9.4750
8,1.2380,62,0,0,0.133986,0.041107,9.4748
8,1.2580,63,0,0,0.132975,0.038857,9.4746
8,1.2780,64,0,0,0.130192,0.036667,9.4744
8,1.2980,65,0,0,0.126235,0.035374,9.4744
8,1.3190,66,0,0,0.121331,0.035511,9.4745
8,1.3380,67,0,0,0.110134,0.036838,9.4747
8,1.3580,68,0,0,0.100760,0.037111,9.4749
8,1.3780,69,0,0,0.092266,0.036675,9.4752
8,1.3980,70,0,0,0.083855,0.036381,9.4754
8,1.4180,71,0,0,0.075241,0.036701,9.4755
8,1.4380,72,0,0,0.066539,0.037424,9.4756
8,1.4580,73,0,0,0.058137,0.038168,9.4756
8,1.4790,74,0,0,0.053176,0.038694,9.4755
8,1.4980,75,0,0,0.054991,0.038842,9.4754
8,1.5180,76,0,0,0.056009,0.038502,9.4752
8,1.5380,77,0,0,0.055809,0.037629,9.4750
8,1.5580,78,0,0,0.054265,0.036267,9.4749
8,1.5780,79,0,0,0.051538,0.034544,9.4747
8,1.5980,80,0,0,0.048000,0.032635,9.4747
8,1.6180,81,0,0,0.044922,0.030725,9.4746
8,1.6380,82,0,0,0.047203,0.029015,9.4746
8,1.6590,83,0,0,0.052275,0.027730,9.4747
8,1.6780,84,0,0,0.057224,0.027107,9.4748
8,1.6980,85,0,0,0.061700,0.027222,9.4748
8,1.7180,86,0,0,0.065476,0.027853,9.4749
8,1.7380,87,0,0,0.068434,0.028640,9.4750
8,1.7580,88,0,0,0.070539,0.029286,9.4751
8,1.7780,89,0,0,0.071833,0.029621,9.4752
8,1.7980,90,0,0,0.072448,0.029596,9.4752
8,1.8190,91,0,0,0.072598,0.029256,9.4753
8,1.8380,92,0,0,0.072565,0.028724,9.4753
8,1.8580,93,0,0,0.072650,0.028176,9.4753
8,1.8780,94,0,0,0.073122,0.027839,9.4754
8,1.8980,95,0,0,0.074147,0.027988,9.4754
8,1.9180,96,0,0,0.075752,0.028855,9.4754
8,1.9380,97,0,0,0.077852,0.030250,9.4753
8,1.9580,98,0,0,0.080262,0.031814,9.4753
8,1.9790,99,0,0,0.082765,0.033305,9.4753
8,1.9980,100,0,0,0.085173,0.034589,9.4752
8,2.0180,101,0,0,0.087328,0.035605,9.4752
8,2.0380,102,0,0,0.089137,0.036352,9.4751
8,2.0580,103,0,0,0.090571,0.036847,9.4750
8,2.0780,104,0,0,0.091659,0.037259,9.4750
8,2.0980,105,0,0,0.092472,0.037716,9.4749
8,2.1180,106,0,0,0.093119,0.038379,9.4749
8,2.1380,107,0,0,0.093544,0.039348,9.4749
8,2.1590,108,0,0,0.093711,0.040544,9.4749
8,2.1780,109,0,0,0.093762,0.041823,9.4749
8,2.1980,110,0,0,0.093859,0.043064,9.4750
8,2.2180,111,0,0,0.094126,0.044180,9.4750
8,2.2380,112,0,0,0.094684,0.045119,9.4750
8,2.2580,113,0,0,0.095609,0.045852,9.4750
8,2.2780,114,0,0,0.096923,0.046366,9.4751
8,2.2980,115,0,0,0.098607,0.046665,9.4751
8,2.3190,116,0,0,0.100597,0.046763,9.4751
8,2.3380,117,0,0,0.102805,0.046691,9.4751
8,2.3580,118,0,0,0.105131,0.046486,9.4750
8,2.3780,119,0,0,0.107470,0.046204,9.4750
8,2.3980,120,0,0,0.109706,0.045896,9.4750
8,2.4180,121,0,0,0.111731,0.045608,9.4751
8,2.4380,122,0,0,0.111344,0.045353,9.4751
8,2.4580,123,0,0,0.111820,0.045254,9.4751
8,2.4780,124,0,0,0.112570,0.045385,9.4751
8,2.4990,125,0,0,0.114023,0.055709,9.4749
8,2.5180,126,0,0,0.115702,0.059145,9.4742
8,2.5380,127,0,0,0.114700,0.064279,9.4734
8,2.5580,128,0,0,0.111497,0.068428,9.4727
8,2.5780,129,0,0,0.108381,0.071184,9.4722
8,2.5980,130,0,0,0.107365,0.073294,9.4720
8,2.6180,131,0,0,0.110417,0.075699,9.4721
8,2.6380,132,0,0,0.117517,0.078009,9.4724
8,2.6590,133,0,0,0.127562,0.079457,9.4728
8,2.6780,134,0,0,0.139709,0.079591,9.4732
8,2.6980,135,0,0,0.153696,0.078798,9.4736
8,2.7180,136,0,0,0.159948,0.077558,9.4738
8,2.7380,137,0,0,0.171723,0.076753,9.4739
8,2.7580,138,0,0,0.186428,0.077517,9.4738
8,2.7780,139,0,0,0.201615,0.079479,9.4736
8,2.7980,140,0,0,0.215641,0.081348,9.4735
8,2.8190,141,0,0,0.227398,0.082921,9.4733
8,2.8380,142,0,0,0.236229,0.084374,9.4731
8,2.8580,143,0,0,0.242011,0.085962,9.4730
8,2.8780,144,0,0,0.245118,0.087891,9.4730
8,2.8980,145,0,0,0.246232,0.090253,9.4730
8,2.9180,146,0,0,0.246092,0.093023,9.4731
8,2.9380,147,0,0,0.245311,0.096090,9.4731
8,2.9580,148,0,0,0.249519,0.099374,9.4731
8,2.9780,149,0,0,0.250293,0.102383,9.4731
8,2.9990,150,0,0,0.249449,0.104879,9.4731
8,3.0180,151,0,0,0.248051,0.106942,9.4730
8,3.0380,152,0,0,0.246834,0.108737,9.4729
8,3.0580,153,0,0,0.246377,0.110344,9.4728
8,3.0780,154,0,0,0.246863,0.111750,9.4728
8,3.0980,155,0,0,0.248178,0.112887,9.4727
8,3.1180,156,0,0,0.250060,0.113676,9.4727
8,3.1380,157,0,0,0.252216,0.114070,9.4727
8,3.1590,158,0,0,0.254426,0.114026,9.4727
8,3.1780,159,0,0,0.256553,0.113648,9.4727
8,3.1980,160,0,0,0.258512,0.113003,9.4726
8,3.2180,161,0,0,0.265937,0.121115,9.4722
8,3.2380,162,0,0,0.260117,0.126167,9.4714
8,3.2580,163,0,0,0.249111,0.125633,9.4705
8,3.2780,164,0,0,0.227763,0.121605,9.4696
8,3.2980,165,0,0,0.207475,0.112673,9.4686
8,3.3190,166,0,0,0.200353,0.107309,9.4678
8,3.3380,167,0,0,0.204391,0.101687,9.4671
8,3.3580,168,0,0,0.216722,0.098894,9.4665
8,3.3780,169,0,0,0.248092,0.093502,9.4659
8,3.3980,170,0,0,0.265419,0.088557,9.4656
8,3.4180,171,0,0,0.270845,0.084243,9.4655
8,3.4380,172,0,0,0.267647,0.080968,9.4655
8,3.4580,173,0,0,0.258782,0.080867,9.4656
8,3.4780,174,0,0,0.245889,0.080951,9.4656
8,3.4980,175,0,0,0.232369,0.079395,9.4656
8,3.5180,176,0,0,0.228426,0.086120,9.4647
8,3.5380,177,0,0,0.249109,0.092161,9.4630
8,3.5580,178,0,0,0.257191,0.099013,9.4610
8,3.5780,179,0,0,0.263924,0.106769,9.4589
8,3.5980,180,0,0,0.247630,0.104392,9.4567
8,3.6180,181,0,0,0.217879,0.105505,9.4549
8,3.6380,182,0,0,0.186744,0.105312,9.4535
8,3.6590,183,0,0,0.162766,0.107891,9.4527
8,3.6780,184,0,0,0.163223,0.113363,9.4525
8,3.6980,185,0,0,0.162750,0.119071,9.4529
8,3.7180,186,0,0,0.171038,0.123577,9.4534
8,3.7380,187,0,0,0.177309,0.123488,9.4533
8,3.7580,188,0,0,0.192064,0.120208,9.4528
8,3.7780,189,0,0,0.225485,0.112498,9.4520
8,3.7980,190,0,0,0.260526,0.109710,9.4511
8,3.8190,191,0,0,0.292231,0.110613,9.4504
8,3.8380,192,0,0,0.320222,0.110938,9.4494
8,3.8580,193,0,0,0.340461,0.115535,9.4485
8,3.8780,194,0,0,0.362818,0.118415,9.4475
8,3.8980,195,0,0,0.374887,0.119360,9.4464
8,3.9180,196,0,0,0.388354,0.115418,9.4454
8,3.9380,197,0,0,0.392710,0.109578,9.4448
8,3.9580,198,0,0,0.392770,0.108370,9.4444
8,3.9780,199,0,0,0.400808,0.114690,9.4439
8,3.9990,200,0,0,0.402827,0.122364,9.4438
8,4.0180,201,0,0,0.380318,0.133081,9.4437
8,4.0380,202,0,0,0.365793,0.143423,9.4437
8,4.0580,203,0,0,0.356599,0.149799,9.4436
8,4.0780,204,0,0,0.356254,0.153498,9.4434
8,4.0980,205,0,0,0.358765,0.156482,9.4432
8,4.1180,206,0,0,0.361026,0.159876,9.4431
8,4.1380,207,0,0,0.364736,0.162668,9.4427
8,4.1590,208,0,0,0.365392,0.164857,9.4424
8,4.1780,209,0,0,0.362095,0.167521,9.4422
8,4.1980,210,0,0,0.355753,0.170810,9.4421
8,4.2180,211,0,0,0.350768,0.174671,9.4422
8,4.2380,212,0,0,0.349872,0.180273,9.4422
8,4.2580,213,0,0,0.350591,0.188741,9.4419
8,4.2780,214,0,0,0.355238,0.197049,9.4416
8,4.2980,215,0,0,0.364679,0.203671,9.4412
8,4.3190,216,0,0,0.375387,0.206547,9.4408
8,4.3380,217,0,0,0.385776,0.209796,9.4403
8,4.3580,218,0,0,0.393573,0.212799,9.4397
8,4.3780,219,0,0,0.402284,0.214472,9.4392
8,4.3980,220,0,0,0.413739,0.214674,9.4388
8,4.4180,221,0,0,0.428945,0.213870,9.4386
8,4.4380,222,0,0,0.446465,0.212387,9.4386
8,4.4580,223,0,0,0.465277,0.211121,9.4387
8,4.4780,224,0,0,0.484511,0.209919,9.4389
8,4.4990,225,0,0,0.503494,0.208759,9.4392
8,4.5180,226,0,0,0.508792,0.209813,9.4393
8,4.5380,227,0,0,0.504402,0.212837,9.4393
8,4.5580,228,0,0,0.500317,0.216807,9.4393
8,4.5780,229,0,0,0.498932,0.220078,9.4392
8,4.5980,230,0,0,0.498186,0.222272,9.4391
8,4.6180,231,0,0,0.496183,0.224069,9.4390
8,4.6380,232,0,0,0.489864,0.226390,9.4388
8,4.6590,233,0,0,0.480260,0.228629,9.4385
8,4.6780,234,0,0,0.472680,0.229735,9.4383
8,4.6980,235,0,0,0.468341,0.228125,9.4380
8,4.7180,236,0,0,0.467468,0.225072,9.4377
8,4.7380,237,0,0,0.470641,0.222102,9.4375
8,4.7580,238,0,0,0.475755,0.219705,9.4375
8,4.7780,239,0,0,0.480647,0.216751,9.4375
8,4.7980,240,0,0,0.484739,0.212233,9.4376
8,4.8180,241,0,0,0.488503,0.207978,9.4377
8,4.8380,242,0,0,0.493559,0.203505,9.4380
8,4.8580,243,0,0,0.497631,0.199241,9.4384
8,4.8780,244,0,0,0.496758,0.195812,9.4389
8,4.8980,245,0,0,0.491760,0.192116,9.4393
8,4.9180,246,0,0,0.484187,0.188540,9.4398
8,4.9380,247,0,0,0.473020,0.185394,9.4401
8,4.9580,248,0,0,0.459430,0.182395,9.4404
8,4.9780,249,0,0,0.444911,0.179883,9.4406
8,4.9990,250,0,0,0.430268,0.178103,9.4407
8,5.0180,251,0,0,0.416641,0.176707,9.4408
8,5.0380,252,0,0,0.404846,0.175449,9.4407
8,5.0580,253,0,0,0.395239,0.174131,9.4406
8,5.0780,254,0,0,0.387594,0.172413,9.4406
8,5.0980,255,0,0,0.381740,0.170304,9.4405
8,5.1180,256,0,0,0.377753,0.166714,9.4405
8,5.1380,257,0,0,0.374896,0.161616,9.4407
8,5.1590,258,0,0,0.371472,0.154707,9.4409
8,5.1780,259,0,0,0.367339,0.149369,9.4411
8,5.1980,260,0,0,0.362848,0.146891,9.4414
8,5.2180,261,0,0,0.356293,0.145242,9.4418
8,5.2380,262,0,0,0.346229,0.143969,9.4422
8,5.2580,263,0,0,0.333171,0.144102,9.4426
8,5.2780,264,0,0,0.320062,0.145196,9.4430
8,5.2980,265,0,0,0.308125,0.146535,9.4434
8,5.3180,266,0,0,0.298261,0.147766,9.4437
8,5.3390,267,0,0,0.291493,0.148840,9.4439
8,5.3580,268,0,0,0.288057,0.149532,9.4440
8,5.3780,269,0,0,0.288053,0.149447,9.4441
8,5.3980,270,0,0,0.291705,0.148930,9.4442
8,5.4180,271,0,0,0.299284,0.148386,9.4443
8,5.4380,272,0,0,0.310600,0.147951,9.4444
8,5.4580,273,0,0,0.324721,0.147636,9.4445
8,5.4780,274,0,0,0.340222,0.147531,9.4447
8,5.4990,275,0,0,0.355739,0.147739,9.4449
8,5.5180,276,0,0,0.370243,0.148380,9.4452
8,5.5380,277,0,0,0.383122,0.149598,9.4455
8,5.5580,278,0,0,0.394097,0.151524,9.4458
8,5.5780,279,0,0,0.403120,0.154235,9.4461
8,5.5980,280,0,0,0.410271,0.157720,9.4464
8,5.6180,281,0,0,0.415837,0.161882,9.4467
8,5.6380,282,0,0,0.420071,0.166558,9.4470
8,5.6590,283,0,0,0.423342,0.171530,9.4472
8,5.6780,284,0,0,0.426018,0.176693,9.4474
8,5.6980,285,0,0,0.428493,0.182122,9.4476
8,5.7180,286,0,0,0.431275,0.187432,9.4478
8,5.7380,287,0,0,0.434545,0.192262,9.4481
8,5.7580,288,0,0,0.438158,0.196504,9.4483
8,5.7780,289,0,0,0.441994,0.200099,9.4486
8,5.7980,290,0,0,0.446126,0.202973,9.4489
8,5.8180,291,0,0,0.450145,0.209727,9.4487
8,5.8390,292,0,0,0.436959,0.216826,9.4484
8,5.8580,293,0,0,0.419579,0.220898,9.4481
8,5.8780,294,0,0,0.405965,0.221910,9.4478
8,5.8980,295,0,0,0.398234,0.221268,9.4476
8,5.9180,296,0,0,0.396799,0.219787,9.4475
8,5.9380,297,0,0,0.401076,0.217505,9.4477
8,5.9580,298,0,0,0.409563,0.214269,9.4479
8,5.9780,299,0,0,0.421391,0.214367,9.4480
8,5.9990,300,0,0,0.441816,0.200247,9.4475
8,6.0180,301,0,0,0.464279,0.186189,9.4467
8,6.0380,302,0,0,0.483886,0.176031,9.4457
8,6.0580,303,0,0,0.498820,0.167410,9.4451
8,6.0780,304,0,0,0.511705,0.161374,9.4445
8,6.0980,305,0,0,0.518406,0.159152,9.4443
8,6.1180,306,0,0,0.520289,0.158008,9.4441
8,6.1380,307,0,0,0.519423,0.156797,9.4442
8,6.1580,308,0,0,0.517498,0.158467,9.4438
8,6.1780,309,0,0,0.480554,0.160136,9.4431
8,6.1980,310,0,0,0.428267,0.168935,9.4422
8,6.2180,311,0,0,0.372383,0.173873,9.4414
8,6.2380,312,0,0,0.325157,0.178055,9.4408
8,6.2580,313,0,0,0.291260,0.182005,9.4405
8,6.2780,314,0,0,0.277494,0.185191,9.4405
8,6.2980,315,0,0,0.271178,0.187180,9.4407
8,6.3180,316,0,0,0.264394,0.187390,9.4411
8,6.3380,317,0,0,0.259555,0.184393,9.4415
8,6.3580,318,0,0,0.265915,0.178351,9.4420
8,6.3780,319,0,0,0.275873,0.170213,9.4424
8,6.3980,320,0,0,0.284977,0.157042,9.4427
8,6.4180,321,0,0,0.304845,0.148511,9.4425
8,6.4380,322,0,0,0.334063,0.143274,9.4422
8,6.4580,323,0,0,0.361386,0.143176,9.4412
8,6.4780,324,0,0,0.392549,0.146223,9.4399
8,6.4990,325,0,0,0.422704,0.146096,9.4383
8,6.5180,326,0,0,0.441659,0.140715,9.4368
8,6.5380,327,0,0,0.447329,0.132885,9.4356
8,6.5580,328,0,0,0.441403,0.126915,9.4348
8,6.5780,329,0,0,0.426962,0.126774,9.4344
8,6.5980,330,0,0,0.406938,0.132066,9.4344
8,6.6180,331,0,0,0.385731,0.139979,9.4346
8,6.6380,332,0,0,0.365212,0.148938,9.4350
8,6.6580,333,0,0,0.346695,0.157839,9.4354
8,6.6790,334,0,0,0.332254,0.166054,9.4356
8,6.6980,335,0,0,0.323058,0.173071,9.4357
8,6.7180,336,0,0,0.319273,0.178531,9.4357
8,6.7380,337,0,0,0.320930,0.182196,9.4356
8,6.7580,338,0,0,0.327553,0.183950,9.4353
8,6.7780,339,0,0,0.338331,0.183924,9.4351
8,6.7980,340,0,0,0.352240,0.182413,9.4348
8,6.8180,341,0,0,0.368084,0.179816,9.4346
8,6.8390,342,0,0,0.384588,0.176524,9.4345
8,6.8580,343,0,0,0.400534,0.173144,9.4343
8,6.8780,344,0,0,0.415085,0.167961,9.4341
8,6.8980,345,0,0,0.424234,0.164099,9.4334
8,6.9180,346,0,0,0.430339,0.165292,9.4327
8,6.9380,347,0,0,0.434881,0.170148,9.4319
8,6.9580,348,0,0,0.436900,0.173885,9.4313
8,6.9780,349,0,0,0.433538,0.183891,9.4305
8,6.9990,350,0,0,0.422998,0.190448,9.4296
8,7.0180,351,0,0,0.408577,0.193739,9.4287
8,7.0380,352,0,0,0.394423,0.194362,9.4279
8,7.0580,353,0,0,0.382938,0.193193,9.4273
8,7.0780,354,0,0,0.374242,0.191117,9.4270
8,7.0980,355,0,0,0.369008,0.188645,9.4270
8,7.1180,356,0,0,0.368500,0.185740,9.4271
8,7.1380,357,0,0,0.372872,0.182362,9.4273
8,7.1580,358,0,0,0.379709,0.178487,9.4275
8,7.1790,359,0,0,0.387362,0.174272,9.4277
8,7.1980,360,0,0,0.394792,0.170210,9.4277
8,7.2180,361,0,0,0.401144,0.167083,9.4277
8,7.2380,362,0,0,0.405835,0.164532,9.4277
8,7.2580,363,0,0,0.409032,0.162146,9.4276
8,7.2780,364,0,0,0.410707,0.159544,9.4276
8,7.2980,365,0,0,0.410017,0.156757,9.4276
8,7.3180,366,0,0,0.406805,0.153820,9.4275
8,7.3390,367,0,0,0.400394,0.150964,9.4276
8,7.3580,368,0,0,0.390621,0.148436,9.4276
8,7.3780,369,0,0,0.379227,0.146604,9.4277
8,7.3980,370,0,0,0.370060,0.153269,9.4275
8,7.4180,371,0,0,0.350291,0.157984,9.4272
8,7.4380,372,0,0,0.317061,0.158875,9.4269
8,7.4580,373,0,0,0.280178,0.157503,9.4266
8,7.4780,374,0,0,0.248334,0.155211,9.4264
8,7.4990,375,0,0,0.232261,0.152733,9.4262
8,7.5180,376,0,0,0.227545,0.150209,9.4262
8,7.5380,377,0,0,0.219274,0.147247,9.4263
8,7.5580,378,0,0,0.210653,0.143293,9.4266
8,7.5780,379,0,0,0.213737,0.137930,9.4268
8,7.5980,380,0,0,0.218095,0.130959,9.4271
8,7.6180,381,0,0,0.223259,0.122769,9.4273
8,7.6380,382,0,0,0.229047,0.113962,9.4275
8,7.6580,383,0,0,0.235308,0.105118,9.4276
8,7.6790,384,0,0,0.241665,0.096758,9.4276
8,7.6980,385,0,0,0.247417,0.089239,9.4276
8,7.7180,386,0,0,0.251674,0.083244,9.4275
8,7.7380,387,0,0,0.253602,0.079268,9.4274
8,7.7580,388,0,0,0.252636,0.077049,9.4273
8,7.7780,389,0,0,0.248581,0.075758,9.4273
8,7.7980,390,0,0,0.241473,0.074879,9.4273
8,7.8180,391,0,0,0.231772,0.074130,9.4273
8,7.8390,392,0,0,0.220200,0.073493,9.4274
8,7.8580,393,0,0,0.207596,0.073170,9.4275
8,7.8780,394,0,0,0.194845,0.073398,9.4277
8,7.8980,395,0,0,0.182826,0.074242,9.4278
8,7.9180,396,0,0,0.172418,0.075544,9.4280
8,7.9380,397,0,0,0.164429,0.077019,9.4281
8,7.9580,398,0,0,0.159449,0.078466,9.4282
8,7.9780,399,0,0,0.157401,0.079795,9.4284
8,7.9990,400,0,0,0.157990,0.080826,9.4285
8,8.0180,401,0,0,0.160750,0.081413,9.4287
8,8.0380,402,0,0,0.165090,0.081498,9.4288
8,8.0580,403,0,0,0.170305,0.081110,9.4290
8,8.0780,404,0,0,0.175781,0.080345,9.4292
8,8.0980,405,0,0,0.181100,0.079442,9.4295
8,8.1180,406,0,0,0.186021,0.078683,9.4297
8,8.1380,407,0,0,0.190409,0.078392,9.4300
8,8.1580,408,0,0,0.195206,0.078797,9.4302
8,8.1790,409,0,0,0.199501,0.079985,9.4304
8,8.1980,410,0,0,0.202829,0.081944,9.4306
8,8.2180,411,0,0,0.205440,0.084555,9.4308
8,8.2380,412,0,0,0.207625,0.087534,9.4309
8,8.2580,413,0,0,0.209652,0.090638,9.4311
8,8.2780,414,0,0,0.211772,0.093701,9.4312
8,8.2980,415,0,0,0.214220,0.096621,9.4314
8,8.3180,416,0,0,0.217221,0.099343,9.4315
8,8.3390,417,0,0,0.220956,0.101843,9.4317
8,8.3580,418,0,0,0.225542,0.104122,9.4318
8,8.3780,419,0,0,0.231025,0.106210,9.4319
8,8.3980,420,0,0,0.237365,0.108101,9.4320
8,8.4180,421,0,0,0.244414,0.109874,9.4322
8,8.4380,422,0,0,0.252039,0.111280,9.4323
8,8.4580,423,0,0,0.264539,0.112055,9.4325
8,8.4780,424,0,0,0.279719,0.111723,9.4327
8,8.4990,425,0,0,0.292758,0.111408,9.4329
8,8.5180,426,0,0,0.302821,0.111548,9.4332
8,8.5380,427,0,0,0.310611,0.112181,9.4334
8,8.5580,428,0,0,0.321023,0.112926,9.4337
8,8.5780,429,0,0,0.332680,0.113344,9.4340
8,8.5980,430,0,0,0.340973,0.114383,9.4343
8,8.6180,431,0,0,0.349852,0.115641,9.4345
8,8.6380,432,0,0,0.358874,0.116757,9.4348
8,8.6580,433,0,0,0.364180,0.118605,9.4350
8,8.6790,434,0,0,0.370449,0.120672,9.4352
8,8.6980,435,0,0,0.377430,0.122486,9.4354
8,8.7180,436,0,0,0.380718,0.124918,9.4355
8,8.7380,437,0,0,0.379820,0.128273,9.4357
8,8.7580,438,0,0,0.360835,0.133189,9.4356
8,8.7780,439,0,0,0.348893,0.138519,9.4356
8,8.7980,440,0,0,0.341089,0.144124,9.4356
8,8.8180,441,0,0,0.334996,0.150724,9.4357
8,8.8390,442,0,0,0.329455,0.156808,9.4358
8,8.8580,443,0,0,0.324105,0.161272,9.4359
8,8.8780,444,0,0,0.319137,0.163924,9.4360
8,8.8980,445,0,0,0.315136,0.165003,9.4361
8,8.9180,446,0,0,0.312790,0.164829,9.4362
8,8.9380,447,0,0,0.312657,0.163819,9.4363
8,8.9580,448,0,0,0.314948,0.162217,9.4364
8,8.9780,449,0,0,0.319350,0.160195,9.4364
8,8.9980,450,0,0,0.346537,0.158120,9.4363
8,9.0190,451,0,0,0.363983,0.155329,9.4361
8,9.0380,452,0,0,0.374335,0.151169,9.4360
8,9.0580,453,0,0,0.376960,0.153262,9.4355
8,9.0780,454,0,0,0.364195,0.158764,9.4347
8,9.0980,455,0,0,0.347145,0.161127,9.4339
8,9.1180,456,0,0,0.331390,0.158869,9.4332
8,9.1380,457,0,0,0.316543,0.154717,9.4327
8,9.1580,458,0,0,0.305118,0.155192,9.4322
8,9.1790,459,0,0,0.291734,0.154475,9.4316
8,9.1980,460,0,0,0.277652,0.151086,9.4311
8,9.2180,461,0,0,0.264850,0.145392,9.4308
8,9.2380,462,0,0,0.254435,0.138399,9.4307
8,9.2580,463,0,0,0.241865,0.131734,9.4306
8,9.2780,464,0,0,0.238345,0.127731,9.4306
8,9.2980,465,0,0,0.232451,0.123667,9.4306
8,9.3180,466,0,0,0.223060,0.119090,9.4307
8,9.3390,467,0,0,0.213905,0.114215,9.4307
8,9.3580,468,0,0,0.206072,0.105876,9.4306
8,9.3780,469,0,0,0.200130,0.094990,9.4302
8,9.3980,470,0,0,0.198655,0.084730,9.4297
8,9.4180,471,0,0,0.198528,0.074818,9.4293
8,9.4380,472,0,0,0.196058,0.065703,9.4289
8,9.4580,473,0,0,0.190260,0.058604,9.4287
8,9.4780,474,0,0,0.180782,0.055619,9.4286
8,9.4980,475,0,0,0.167631,0.055451,9.4287
8,9.5190,476,0,0,0.151758,0.056111,9.4289
8,9.5380,477,0,0,0.134948,0.056380,9.4291
8,9.5580,478,0,0,0.119856,0.055966,9.4294
8,9.5780,479,0,0,0.108439,0.055094,9.4296
8,9.5980,480,0,0,0.105324,0.054290,9.4297
8,9.6180,481,0,0,0.108297,0.054095,9.4297
8,9.6380,482,0,0,0.116858,0.054630,9.4297
8,9.6580,483,0,0,0.129243,0.056000,9.4295
8,9.6790,484,0,0,0.143579,0.058242,9.4294
8,9.6980,485,0,0,0.158540,0.061079,9.4292
8,9.7180,486,0,0,0.173189,0.064196,9.4290
8,9.7380,487,0,0,0.186814,0.067540,9.4289
8,9.7580,488,0,0,0.198940,0.071260,9.4288
8,9.7780,489,0,0,0.209366,0.075535,9.4287
8,9.7980,490,0,0,0.218168,0.080449,9.4287
8,9.8180,491,0,0,0.234897,0.086116,9.4286
8,9.8390,492,0,0,0.244516,0.091804,9.4285
8,9.8580,493,0,0,0.250145,0.097106,9.4284
8,9.8780,494,0,0,0.254557,0.102322,9.4283
8,9.8980,495,0,0,0.259191,0.107745,9.4282
8,9.9180,496,0,0,0.264630,0.113295,9.4281
8,9.9380,497,0,0,0.271161,0.118865,9.4280
8,9.9580,498,0,0,0.278742,0.124261,9.4279
8,9.9780,499,0,0,0.287116,0.129303,9.4279
8,9.9980,500,0,0,0.295985,0.133857,9.4278
8,10.0190,501,0,0,0.305013,0.137874,9.4278
8,10.0380,502,0,0,0.313977,0.141339,9.4278
8,10.0580,503,0,0,0.322856,0.144304,9.4277
8,10.0780,504,0,0,0.331647,0.146799,9.4277
8,10.0980,505,0,0,0.340299,0.148993,9.4276
8,10.1180,506,0,0,0.348688,0.150944,9.4275
8,10.1380,507,0,0,0.356610,0.152699,9.4274
8,10.1580,508,0,0,0.363829,0.154292,9.4274
8,10.1790,509,0,0,0.349416,0.155674,9.4270
8,10.1980,510,0,0,0.345356,0.157444,9.4267
8,10.2180,511,0,0,0.347845,0.160472,9.4264
8,10.2380,512,0,0,0.352345,0.163923,9.4261
8,10.2580,513,0,0,0.357000,0.166874,9.4259
8,10.2780,514,0,0,0.357021,0.163832,9.4256
8,10.2980,515,0,0,0.358061,0.161109,9.4253
8,10.3180,516,0,0,0.377364,0.160328,9.4249
8,10.3380,517,0,0,0.395075,0.161086,9.4245
8,10.3580,518,0,0,0.406356,0.158250,9.4241
8,10.3780,519,0,0,0.421203,0.156149,9.4237
8,10.3980,520,0,0,0.436347,0.155565,9.4232
8,10.4180,521,0,0,0.447565,0.155983,9.4228
8,10.4380,522,0,0,0.453352,0.156852,9.4224
8,10.4580,523,0,0,0.454586,0.157949,9.4221
8,10.4780,524,0,0,0.443397,0.159315,9.4219
8,10.4980,525,0,0,0.431252,0.161154,9.4217
8,10.5190,526,0,0,0.419299,0.163680,9.4216
8,10.5380,527,0,0,0.407283,0.166685,9.4214
8,10.5580,528,0,0,0.395755,0.169620,9.4213
8,10.5780,529,0,0,0.386053,0.176095,9.4211
8,10.5980,530,0,0,0.376832,0.179082,9.4203
8,10.6180,531,0,0,0.367611,0.182387,9.4192
8,10.6380,532,0,0,0.360668,0.184020,9.4181
8,10.6580,533,0,0,0.355490,0.184027,9.4173
8,10.6790,534,0,0,0.352510,0.183162,9.4167
8,10.6980,535,0,0,0.352359,0.181238,9.4164
8,10.7180,536,0,0,0.354906,0.178048,9.4163
8,10.7380,537,0,0,0.359422,0.174159,9.4163
8,10.7580,538,0,0,0.364879,0.169837,9.4164
8,10.7780,539,0,0,0.370180,0.165143,9.4165
8,10.7980,540,0,0,0.374831,0.160176,9.4165
8,10.8180,541,0,0,0.378493,0.155128,9.4164
8,10.8380,542,0,0,0.381167,0.150223,9.4162
8,10.8580,543,0,0,0.382445,0.145567,9.4160
8,10.8780,544,0,0,0.381884,0.141295,9.4158
8,10.8980,545,0,0,0.379144,0.137502,9.4156
8,10.9180,546,0,0,0.374069,0.134258,9.4155
8,10.9380,547,0,0,0.366696,0.131646,9.4154
8,10.9580,548,0,0,0.357180,0.129686,9.4155
8,10.9780,549,0,0,0.345913,0.128249,9.4156
8,10.9980,550,0,0,0.333271,0.127272,9.4157
8,11.0190,551,0,0,0.319908,0.126617,9.4158
8,11.0380,552,0,0,0.305999,0.126139,9.4160
8,11.0580,553,0,0,0.292245,0.125686,9.4161
8,11.0780,554,0,0,0.279566,0.125215,9.4161
8,11.0980,555,0,0,0.268972,0.124435,9.4161
8,11.1180,556,0,0,0.260761,0.123284,9.4162
8,11.1380,557,0,0,0.254824,0.121748,9.4162
8,11.1580,558,0,0,0.251003,0.119899,9.4163
8,11.1790,559,0,0,0.249082,0.117801,9.4165
8,11.1980,560,0,0,0.248676,0.115489,9.4166
8,11.2180,561,0,0,0.249344,0.113066,9.4168
8,11.2380,562,0,0,0.250668,0.110646,9.4170
8,11.2580,563,0,0,0.252294,0.108363,9.4172
8,11.2780,564,0,0,0.253945,0.106363,9.4175
8,11.2980,565,0,0,0.255417,0.104769,9.4177
8,11.3180,566,0,0,0.256605,0.103801,9.4179
8,11.3380,567,0,0,0.257573,0.103544,9.4181
8,11.3590,568,0,0,0.259417,0.103965,9.4183
8,11.3780,569,0,0,0.262090,0.104972,9.4184
8,11.3980,570,0,0,0.265226,0.106425,9.4186
8,11.4180,571,0,0,0.265947,0.108143,9.4188
8,11.4380,572,0,0,0.266477,0.109953,9.4190
8,11.4580,573,0,0,0.267428,0.111832,9.4192
8,11.4780,574,0,0,0.269408,0.113824,9.4194
8,11.4980,575,0,0,0.272705,0.115939,9.4197
8,11.5190,576,0,0,0.277326,0.118189,9.4199
8,11.5380,577,0,0,0.283039,0.120524,9.4202
8,11.5580,578,0,0,0.289565,0.122975,9.4205
8,11.5780,579,0,0,0.296585,0.125510,9.4207
8,11.5980,580,0,0,0.303836,0.128070,9.4210
8,11.6180,581,0,0,0.311109,0.130655,9.4213
8,11.6380,582,0,0,0.318372,0.133448,9.4215
8,11.6580,583,0,0,0.325641,0.136295,9.4218
8,11.6790,584,0,0,0.332712,0.139158,9.4221
8,11.6990,585,0,0,0.339314,0.142052,9.4224
8,11.7180,586,0,0,0.345376,0.144980,9.4227
8,11.7380,587,0,0,0.350957,0.147889,9.4230
8,11.7580,588,0,0,0.356153,0.150840,9.4233
8,11.7780,589,0,0,0.361085,0.153794,9.4236
8,11.7980,590,0,0,0.365802,0.156707,9.4239
8,11.8180,591,0,0,0.370328,0.159536,9.4242
8,11.8380,592,0,0,0.374703,0.162238,9.4245
8,11.8590,593,0,0,0.380455,0.162955,9.4246
8,11.8780,594,0,0,0.394881,0.162052,9.4245
8,11.8980,595,0,0,0.412476,0.162549,9.4245
8,11.9180,596,0,0,0.428415,0.164234,9.4244
8,11.9380,597,0,0,0.440483,0.166303,9.4245
8,11.9580,598,0,0,0.447656,0.168621,9.4247
8,11.9780,599,0,0,0.450450,0.171032,9.4250
8,11.9980,600,0,0,0.449860,0.173489,9.4254
8,12.0190,601,0,0,0.447298,0.176056,9.4259
8,12.0380,602,0,0,0.443877,0.178880,9.4263
8,12.0580,603,0,0,0.440358,0.182043,9.4267
8,12.0780,604,0,0,0.437171,0.185137,9.4270
8,12.0980,605,0,0,0.434461,0.187889,9.4272
8,12.1180,606,0,0,0.431962,0.190133,9.4274
8,12.1380,607,0,0,0.429392,0.191738,9.4275
8,12.1580,608,0,0,0.426699,0.192666,9.4276
8,12.1780,609,0,0,0.423881,0.192902,9.4276
8,12.1980,610,0,0,0.421241,0.192593,9.4277
8,12.2180,611,0,0,0.418905,0.191861,9.4277
8,12.2380,612,0,0,0.416760,0.190742,9.4278
8,12.2580,613,0,0,0.416286,0.188608,9.4276
8,12.2780,614,0,0,0.424425,0.180031,9.4268
8,12.2980,615,0,0,0.430276,0.170827,9.4258
8,12.3180,616,0,0,0.427515,0.161617,9.4249
8,12.3380,617,0,0,0.418570,0.152765,9.4243
8,12.3590,618,0,0,0.407689,0.145424,9.4239
8,12.3780,619,0,0,0.393606,0.139745,9.4239
8,12.3980,620,0,0,0.377398,0.134581,9.4242
8,12.4180,621,0,0,0.359330,0.130762,9.4247
8,12.4380,622,0,0,0.339903,0.128118,9.4252
8,12.4580,623,0,0,0.320459,0.125636,9.4257
8,12.4780,624,0,0,0.300816,0.123772,9.4262
8,12.4980,625,0,0,0.282672,0.122250,9.4264
8,12.5190,626,0,0,0.266346,0.120883,9.4265
8,12.5380,627,0,0,0.251964,0.119362,9.4265
8,12.5580,628,0,0,0.239518,0.117564,9.4263
8,12.5780,629,0,0,0.234688,0.117657,9.4259
8,12.5980,630,0,0,0.217009,0.118192,9.4253
8,12.6180,631,0,0,0.195204,0.116433,9.4247
8,12.6380,632,0,0,0.172842,0.111822,9.4242
8,12.6580,633,0,0,0.152051,0.106044,9.4238
8,12.6780,634,0,0,0.151837,0.100238,9.4237
8,12.6980,635,0,0,0.149299,0.094941,9.4237
8,12.7180,636,0,0,0.141879,0.090213,9.4239
8,12.7380,637,0,0,0.149856,0.085972,9.4242
8,12.7580,638,0,0,0.161960,0.081725,9.4245
8,12.7780,639,0,0,0.169692,0.074152,9.4245
8,12.7980,640,0,0,0.178980,0.067193,9.4244
8,12.8180,641,0,0,0.187197,0.065544,9.4240
8,12.8380,642,0,0,0.193067,0.069183,9.4236
8,12.8590,643,0,0,0.197659,0.073218,9.4232
8,12.8780,644,0,0,0.201827,0.076617,9.4228
8,12.8980,645,0,0,0.206482,0.079366,9.4226
8,12.9180,646,0,0,0.211212,0.081896,9.4225
8,12.9380,647,0,0,0.215740,0.084105,9.4225
8,12.9580,648,0,0,0.220750,0.085806,9.4225
8,12.9780,649,0,0,0.228364,0.087629,9.4226
8,12.9980,650,0,0,0.235040,0.089959,9.4226
8,13.0190,651,0,0,0.241395,0.092938,9.4226
8,13.0380,652,0,0,0.248019,0.096497,9.4226
8,13.0580,653,0,0,0.255279,0.100644,9.4226
8,13.0780,654,0,0,0.262584,0.114171,9.4224
8,13.0980,655,0,0,0.266743,0.124865,9.4218
8,13.1180,656,0,0,0.255805,0.136234,9.4209
8,13.1380,657,0,0,0.252095,0.146241,9.4199
8,13.1580,658,0,0,0.253078,0.154154,9.4191
8,13.1780,659,0,0,0.266180,0.160853,9.4186
8,13.1990,660,0,0,0.280916,0.166408,9.4185
8,13.2180,661,0,0,0.297157,0.170249,9.4186
8,13.2380,662,0,0,0.313924,0.172153,9.4189
8,13.2580,663,0,0,0.334297,0.172359,9.4192
8,13.2780,664,0,0,0.352190,0.171386,9.4195
8,13.2980,665,0,0,0.369640,0.169965,9.4197
8,13.3180,666,0,0,0.387377,0.168950,9.4198
8,13.3380,667,0,0,0.405000,0.168897,9.4197
8,13.3590,668,0,0,0.421557,0.169494,9.4194
8,13.3780,669,0,0,0.435964,0.170076,9.4191
8,13.3980,670,0,0,0.451941,0.170041,9.4187
8,13.4180,671,0,0,0.459769,0.178301,9.4180
8,13.4380,672,0,0,0.462231,0.181451,9.4169
8,13.4580,673,0,0,0.445985,0.184998,9.4155
8,13.4780,674,0,0,0.433996,0.196017,9.4141
8,13.4980,675,0,0,0.425858,0.203756,9.4128
8,13.5190,676,0,0,0.416264,0.210888,9.4118
8,13.5380,677,0,0,0.404880,0.216719,9.4111
8,13.5580,678,0,0,0.396490,0.224474,9.4108
8,13.5780,679,0,0,0.395451,0.230293,9.4107
8,13.5980,680,0,0,0.390611,0.235596,9.4108
8,13.6180,681,0,0,0.388314,0.238105,9.4108
8,13.6380,682,0,0,0.384753,0.233805,9.4108
8,13.6580,683,0,0,0.385551,0.224948,9.4108
8,13.6780,684,0,0,0.394648,0.214903,9.4107
8,13.6990,685,0,0,0.412942,0.203894,9.4108
8,13.7180,686,0,0,0.437295,0.193142,9.4107
8,13.7380,687,0,0,0.463084,0.183391,9.4106
8,13.7580,688,0,0,0.485837,0.175108,9.4102
8,13.7780,689,0,0,0.502995,0.168869,9.4096
8,13.7980,690,0,0,0.512997,0.164835,9.4089
8,13.8180,691,0,0,0.514060,0.166179,9.4077
8,13.8380,692,0,0,0.497179,0.161020,9.4065
8,13.8590,693,0,0,0.476236,0.157487,9.4055
8,13.8780,694,0,0,0.457588,0.154187,9.4046
8,13.8980,695,0,0,0.440312,0.152627,9.4040
8,13.9180,696,0,0,0.421788,0.152491,9.4036
8,13.9380,697,0,0,0.401640,0.153023,9.4035
8,13.9580,698,0,0,0.381137,0.153676,9.4036
8,13.9780,699,0,0,0.361928,0.154048,9.4038
8,13.9980,700,0,0,0.345485,0.153932,9.4040
8,14.0180,701,0,0,0.332548,0.153144,9.4042
8,14.0390,702,0,0,0.323782,0.151785,9.4043
8,14.0580,703,0,0,0.318810,0.150101,9.4043
8,14.0780,704,0,0,0.316829,0.148444,9.4042
8,14.0980,705,0,0,0.317982,0.146680,9.4040
8,14.1180,706,0,0,0.321546,0.144258,9.4036
8,14.1380,707,0,0,0.327573,0.140983,9.4032
8,14.1580,708,0,0,0.333202,0.137794,9.4027
8,14.1780,709,0,0,0.337227,0.134930,9.4022
8,14.1980,710,0,0,0.339803,0.132655,9.4017
8,14.2180,711,0,0,0.341047,0.131365,9.4012
8,14.2380,712,0,0,0.340980,0.131323,9.4008
8,14.2580,713,0,0,0.339239,0.133115,9.4005
8,14.2780,714,0,0,0.335975,0.135699,9.4003
8,14.2980,715,0,0,0.332231,0.138470,9.4001
8,14.3180,716,0,0,0.328661,0.141223,9.4000
8,14.3380,717,0,0,0.325822,0.143792,9.3997
8,14.3590,718,0,0,0.325084,0.146043,9.3994
8,14.3780,719,0,0,0.326162,0.148093,9.3990
8,14.3980,720,0,0,0.328578,0.149925,9.3985
8,14.4180,721,0,0,0.331682,0.151757,9.3982
8,14.4380,722,0,0,0.335706,0.153177,9.3979
8,14.4580,723,0,0,0.341538,0.154214,9.3977
8,14.4780,724,0,0,0.349031,0.154987,9.3977
8,14.4980,725,0,0,0.357575,0.155629,9.3976
8,14.5180,726,0,0,0.366639,0.156132,9.3977
8,14.5390,727,0,0,0.375684,0.156686,9.3977
8,14.5580,728,0,0,0.384284,0.157368,9.3978
8,14.5780,729,0,0,0.391767,0.158721,9.3979
8,14.5980,730,0,0,0.397239,0.160608,9.3980
8,14.6180,731,0,0,0.400564,0.162975,9.3981
8,14.6380,732,0,0,0.402191,0.165784,9.3982
8,14.6580,733,0,0,0.402652,0.168982,9.3983
8,14.6780,734,0,0,0.402378,0.172496,9.3984
8,14.6990,735,0,0,0.401656,0.176125,9.3985
8,14.7180,736,0,0,0.400575,0.179604,9.3986
8,14.7380,737,0,0,0.399897,0.182858,9.3987
8,14.7580,738,0,0,0.400146,0.185813,9.3988
8,14.7780,739,0,0,0.401354,0.188390,9.3989
8,14.7980,740,0,0,0.403490,0.190498,9.3991
8,14.8180,741,0,0,0.406539,0.192108,9.3993
8,14.8380,742,0,0,0.410456,0.192872,9.3995
8,14.8590,743,0,0,0.415196,0.192940,9.3997
8,14.8780,744,0,0,0.420735,0.192569,9.3999
8,14.8980,745,0,0,0.426925,0.191830,9.4002
8,14.9180,746,0,0,0.433368,0.190791,9.4004
8,14.9380,747,0,0,0.439431,0.189529,9.4007
8,14.9580,748,0,0,0.444564,0.188183,9.4009
8,14.9780,749,0,0,0.448388,0.186845,9.4012
8,14.9980,750,0,0,0.433354,0.192599,9.4012
8,15.0180,751,0,0,0.417403,0.193124,9.4009
8,15.0380,752,0,0,0.402676,0.196305,9.4004
8,15.0580,753,0,0,0.398159,0.203763,9.3999
8,15.0780,754,0,0,0.399703,0.211200,9.3995
8,15.0980,755,0,0,0.400974,0.216791,9.3992
8,15.1180,756,0,0,0.399588,0.219355,9.3991
8,15.1380,757,0,0,0.395535,0.209861,9.3992
8,15.1580,758,0,0,0.399227,0.193955,9.3992
8,15.1780,759,0,0,0.408079,0.180120,9.3992
8,15.1980,760,0,0,0.418124,0.168606,9.3993
8,15.2180,761,0,0,0.429469,0.160294,9.3993
8,15.2380,762,0,0,0.438686,0.153245,9.3995
8,15.2580,763,0,0,0.442377,0.146755,9.3998
8,15.2780,764,0,0,0.439709,0.140546,9.4001
8,15.2980,765,0,0,0.434560,0.134026,9.4004
8,15.3180,766,0,0,0.431718,0.126699,9.4008
8,15.3380,767,0,0,0.408380,0.119773,9.4011
8,15.3590,768,0,0,0.376693,0.113633,9.4014
8,15.3780,769,0,0,0.339188,0.109419,9.4016
8,15.3980,770,0,0,0.304178,0.108340,9.4018
8,15.4180,771,0,0,0.271514,0.108388,9.4019
8,15.4380,772,0,0,0.240760,0.108981,9.4020
8,15.4580,773,0,0,0.211398,0.109178,9.4020
8,15.4780,774,0,0,0.183085,0.108199,9.4020
8,15.4980,775,0,0,0.156068,0.103619,9.4020
8,15.5180,776,0,0,0.144275,0.096539,9.4017
8,15.5390,777,0,0,0.133814,0.089401,9.4013
8,15.5580,778,0,0,0.121244,0.082167,9.4010
8,15.5780,779,0,0,0.106909,0.071577,9.4006
8,15.5980,780,0,0,0.102910,0.060868,9.4003
8,15.6180,781,0,0,0.103564,0.050777,9.4002
8,15.6380,782,0,0,0.105361,0.041928,9.4002
8,15.6580,783,0,0,0.106686,0.035294,9.4005
8,15.6780,784,0,0,0.106361,0.031816,9.4008
8,15.6990,785,0,0,0.103917,0.032251,9.4011
8,15.7180,786,0,0,0.099773,0.034997,9.4015
8,15.7380,787,0,0,0.094899,0.038358,9.4017
8,15.7580,788,0,0,0.090930,0.042271,9.4019
8,15.7780,789,0,0,0.086718,0.047039,9.4018
8,15.7980,790,0,0,0.091482,0.052513,9.4017
8,15.8180,791,0,0,0.101576,0.058633,9.4015
8,15.8380,792,0,0,0.115710,0.065207,9.4013
8,15.8580,793,0,0,0.132817,0.071919,9.4011
8,15.8790,794,0,0,0.152035,0.078395,9.4009
8,15.8980,795,0,0,0.173006,0.087063,9.4007
8,15.9180,796,0,0,0.194869,0.092348,9.4004
8,15.9380,797,0,0,0.213935,0.097579,9.3999
8,15.9580,798,0,0,0.230309,0.102924,9.3996
8,15.9780,799,0,0,0.246468,0.116341,9.3992
8,15.9980,800,0,0,0.262891,0.124515,9.3985
8,16.0180,801,0,0,0.277618,0.132757,9.3977
8,16.0390,802,0,0,0.289958,0.140903,9.3970
8,16.0580,803,0,0,0.301369,0.148739,9.3965
8,16.0780,804,0,0,0.315441,0.156312,9.3962
8,16.0980,805,0,0,0.332295,0.163630,9.3961
8,16.1180,806,0,0,0.351474,0.170132,9.3961
8,16.1380,807,0,0,0.372277,0.175682,9.3962
8,16.1580,808,0,0,0.393753,0.180287,9.3964
8,16.1780,809,0,0,0.415053,0.184110,9.3965
8,16.1990,810,0,0,0.435465,0.187493,9.3965
8,16.2180,811,0,0,0.454549,0.190719,9.3963
8,16.2380,812,0,0,0.472197,0.193991,9.3960
8,16.2580,813,0,0,0.488260,0.197407,9.3955
8,16.2780,814,0,0,0.502601,0.200937,9.3949
8,16.2980,815,0,0,0.514992,0.204619,9.3943
8,16.3180,816,0,0,0.538437,0.208597,9.3934
8,16.3380,817,0,0,0.552288,0.212415,9.3926
8,16.3580,818,0,0,0.559153,0.215426,9.3917
8,16.3790,819,0,0,0.543020,0.217911,9.3908
8,16.3980,820,0,0,0.535353,0.220685,9.3900
8,16.4180,821,0,0,0.532862,0.225111,9.3892
8,16.4380,822,0,0,0.533000,0.230608,9.3885
8,16.4580,823,0,0,0.534063,0.235928,9.3879
8,16.4780,824,0,0,0.534618,0.240119,9.3873
8,16.4980,825,0,0,0.533929,0.242809,9.3868
8,16.5180,826,0,0,0.532109,0.244004,9.3864
8,16.5380,827,0,0,0.529893,0.243840,9.3859
8,16.5580,828,0,0,0.528097,0.242649,9.3854
8,16.5780,829,0,0,0.527273,0.240664,9.3849
8,16.5980,830,0,0,0.527487,0.238048,9.3843
8,16.6180,831,0,0,0.528382,0.234871,9.3836
8,16.6380,832,0,0,0.529391,0.231281,9.3829
8,16.6580,833,0,0,0.529861,0.227341,9.3822
8,16.6780,834,0,0,0.529237,0.223108,9.3814
8,16.6990,835,0,0,0.527191,0.218704,9.3806
8,16.7180,836,0,0,0.523499,0.214222,9.3798
8,16.7380,837,0,0,0.517987,0.209818,9.3791
8,16.7580,838,0,0,0.510743,0.205561,9.3784
8,16.7780,839,0,0,0.501573,0.201296,9.3777
8,16.7980,840,0,0,0.490444,0.197000,9.3771
8,16.8180,841,0,0,0.477990,0.192222,9.3765
8,16.8380,842,0,0,0.465354,0.186957,9.3760
8,16.8580,843,0,0,0.452378,0.181331,9.3756
8,16.8790,844,0,0,0.438898,0.175542,9.3752
8,16.8980,845,0,0,0.424811,0.169836,9.3748
8,16.9180,846,0,0,0.409805,0.164544,9.3743
8,16.9380,847,0,0,0.393700,0.159717,9.3739
8,16.9580,848,0,0,0.376649,0.154636,9.3735
8,16.9780,849,0,0,0.358714,0.149464,9.3731
8,16.9980,850,0,0,0.340110,0.144049,9.3727
8,17.0180,851,0,0,0.321377,0.138594,9.3723
8,17.0390,852,0,0,0.303002,0.133044,9.3720
8,17.0580,853,0,0,0.285344,0.127670,9.3717
8,17.0780,854,0,0,0.268357,0.122567,9.3714
8,17.0980,855,0,0,0.252361,0.117693,9.3712
8,17.1180,856,0,0,0.237725,0.113103,9.3711
8,17.1380,857,0,0,0.224622,0.108852,9.3711
8,17.1580,858,0,0,0.213122,0.104965,9.3711
8,17.1780,859,0,0,0.203183,0.101476,9.3711
8,17.1990,860,0,0,0.194709,0.098313,9.3711
8,17.2180,861,0,0,0.187597,0.095549,9.3712
8,17.2380,862,0,0,0.181760,0.093095,9.3712
8,17.2580,863,0,0,0.177071,0.090915,9.3712
8,17.2780,864,0,0,0.173484,0.089046,9.3712
8,17.2980,865,0,0,0.171128,0.087508,9.3712
8,17.3180,866,0,0,0.170216,0.086334,9.3712
8,17.3380,867,0,0,0.170879,0.085610,9.3712
8,17.3580,868,0,0,0.173082,0.085262,9.3712
8,17.3790,869,0,0,0.176652,0.085319,9.3711
8,17.3980,870,0,0,0.181316,0.085779,9.3711
8,17.4180,871,0,0,0.186779,0.086625,9.3711
8,17.4380,872,0,0,0.192777,0.087843,9.3711
8,17.4580,873,0,0,0.199109,0.089398,9.3710
8,17.4780,874,0,0,0.205621,0.091253,9.3710
8,17.4980,875,0,0,0.212206,0.093380,9.3710
8,17.5180,876,0,0,0.218724,0.095663,9.3710
8,17.5390,877,0,0,0.225110,0.098091,9.3709
8,17.5580,878,0,0,0.231678,0.100734,9.3709
8,17.5780,879,0,0,0.238465,0.103547,9.3709
8,17.5980,880,0,0,0.245232,0.106377,9.3709
8,17.6180,881,0,0,0.251948,0.109190,9.3709
8,17.6380,882,0,0,0.258645,0.112005,9.3709
8,17.6580,883,0,0,0.265417,0.114848,9.3709
8,17.6780,884,0,0,0.272315,0.117719,9.3710
8,17.6980,885,0,0,0.279297,0.120577,9.3711
8,17.7180,886,0,0,0.286284,0.123452,9.3711
8,17.7380,887,0,0,0.293160,0.126316,9.3712
8,17.7580,888,0,0,0.299832,0.129101,9.3713
8,17.7780,889,0,0,0.306230,0.131801,9.3714
8,17.7980,890,0,0,0.312365,0.134431,9.3715
8,17.8180,891,0,0,0.318273,0.137013,9.3716
8,17.8380,892,0,0,0.323916,0.139549,9.3717
8,17.8580,893,0,0,0.329329,0.142047,9.3718
8,17.8790,894,0,0,0.334533,0.144534,9.3718
8,17.8980,895,0,0,0.339430,0.146974,9.3719
8,17.9180,896,0,0,0.343931,0.149332,9.3720
8,17.9380,897,0,0,0.348040,0.151710,9.3721
8,17.9580,898,0,0,0.351799,0.154047,9.3722
8,17.9780,899,0,0,0.355232,0.156308,9.3722
8,17.9980,900,0,0,0.358393,0.158486,9.3723
8,18.0180,901,0,0,0.361316,0.160604,9.3724
8,18.0390,902,0,0,0.364031,0.162646,9.3725
8,18.0580,903,0,0,0.366604,0.164621,9.3725
8,18.0780,904,0,0,0.369097,0.166522,9.3726
8,18.0980,905,0,0,0.371573,0.168338,9.3727
8,18.1180,906,0,0,0.374032,0.170067,9.3727
8,18.1380,907,0,0,0.376479,0.171748,9.3728
8,18.1580,908,0,0,0.378883,0.173376,9.3728
8,18.1780,909,0,0,0.381243,0.174950,9.3728
8,18.1980,910,0,0,0.388516,0.176380,9.3728
8,18.2190,911,0,0,0.392883,0.177922,9.3728
8,18.2380,912,0,0,0.396019,0.179503,9.3728
8,18.2580,913,0,0,0.398379,0.181136,9.3728
8,18.2780,914,0,0,0.400135,0.182223,9.3728
8,18.2980,915,0,0,0.401275,0.182286,9.3728
8,18.3180,916,0,0,0.401844,0.182130,9.3729
8,18.3380,917,0,0,0.402979,0.182740,9.3730
8,18.3580,918,0,0,0.405570,0.183669,9.3731
8,18.3790,919,0,0,0.408896,0.184530,9.3732
8,18.3980,920,0,0,0.411943,0.177205,9.3734
8,18.4180,921,0,0,0.421642,0.167954,9.3734
8,18.4380,922,0,0,0.434016,0.160876,9.3733
8,18.4580,923,0,0,0.441488,0.154124,9.3733
8,18.4780,924,0,0,0.441253,0.149104,9.3734
8,18.4980,925,0,0,0.431791,0.145169,9.3736
8,18.5180,926,0,0,0.422438,0.140552,9.3739
8,18.5390,927,0,0,0.414941,0.135126,9.3744
8,18.5580,928,0,0,0.382751,0.129600,9.3748
8,18.5780,929,0,0,0.346740,0.122543,9.3752
8,18.5980,930,0,0,0.315677,0.117728,9.3755
8,18.6180,931,0,0,0.289851,0.114426,9.3756
8,18.6380,932,0,0,0.266454,0.112320,9.3757
8,18.6580,933,0,0,0.243525,0.110523,9.3758
8,18.6780,934,0,0,0.220872,0.108172,9.3759
8,18.6980,935,0,0,0.198867,0.104893,9.3761
8,18.7180,936,0,0,0.178367,0.098954,9.3764
8,18.7380,937,0,0,0.161759,0.092053,9.3766
8,18.7580,938,0,0,0.149594,0.085068,9.3769
8,18.7780,939,0,0,0.140634,0.077956,9.3771
8,18.7980,940,0,0,0.133709,0.070606,9.3774
8,18.8180,941,0,0,0.128587,0.063544,9.3776
8,18.8380,942,0,0,0.124391,0.057625,9.3778
8,18.8580,943,0,0,0.120050,0.053536,9.3780
8,18.8790,944,0,0,0.115542,0.051839,9.3782
8,18.8980,945,0,0,0.111562,0.052288,9.3783
8,18.9180,946,0,0,0.109052,0.054101,9.3785
8,18.9380,947,0,0,0.108934,0.056694,9.3786
8,18.9580,948,0,0,0.111980,0.059764,9.3788
8,18.9780,949,0,0,0.118664,0.063171,9.3789
8,18.9980,950,0,0,0.128985,0.066832,9.3790
8,19.0180,951,0,0,0.141782,0.071977,9.3791
8,19.0390,952,0,0,0.156053,0.076444,9.3791
8,19.0580,953,0,0,0.173221,0.080722,9.3790
8,19.0780,954,0,0,0.192402,0.097727,9.3786
8,19.0980,955,0,0,0.204842,0.117550,9.3778
8,19.1180,956,0,0,0.206394,0.128653,9.3768
8,19.1380,957,0,0,0.200220,0.133066,9.3759
8,19.1580,958,0,0,0.189415,0.133699,9.3752
8,19.1780,959,0,0,0.179687,0.132392,9.3748
8,19.1980,960,0,0,0.178160,0.129859,9.3749
8,19.2190,961,0,0,0.183466,0.126228,9.3752
8,19.2380,962,0,0,0.186501,0.121760,9.3757
8,19.2580,963,0,0,0.203385,0.116718,9.3763
8,19.2780,964,0,0,0.224415,0.111297,9.3769
8,19.2980,965,0,0,0.247002,0.105907,9.3773
8,19.3180,966,0,0,0.268917,0.101306,9.3776
8,19.3380,967,0,0,0.288097,0.098906,9.3777
8,19.3580,968,0,0,0.303522,0.099563,9.3776
8,19.3790,969,0,0,0.314461,0.101609,9.3774
8,19.3980,970,0,0,0.320611,0.103493,9.3771
8,19.4180,971,0,0,0.322202,0.104521,9.3768
8,19.4380,972,0,0,0.324092,0.104069,9.3765
8,19.4580,973,0,0,0.319522,0.103932,9.3763
8,19.4780,974,0,0,0.310287,0.105127,9.3761
8,19.4980,975,0,0,0.285054,0.107916,9.3758
8,19.5180,976,0,0,0.266799,0.111202,9.3756
8,19.5380,977,0,0,0.252518,0.115525,9.3754
8,19.5590,978,0,0,0.241317,0.120657,9.3753
8,19.5780,979,0,0,0.232758,0.125327,9.3751
8,19.5980,980,0,0,0.226415,0.128653,9.3750
8,19.6180,981,0,0,0.221998,0.130217,9.3748
8,19.6380,982,0,0,0.219528,0.129991,9.3746
8,19.6580,983,0,0,0.226329,0.128348,9.3743
8,19.6780,984,0,0,0.232077,0.125217,9.3740
8,19.6980,985,0,0,0.238162,0.120748,9.3738
8,19.7190,986,0,0,0.245122,0.115589,9.3735
8,19.7380,987,0,0,0.252760,0.110334,9.3732
8,19.7580,988,0,0,0.260529,0.105415,9.3729
8,19.7780,989,0,0,0.267670,0.101028,9.3726
8,19.7980,990,0,0,0.273318,0.097262,9.3723
8,19.8180,991,0,0,0.276718,0.094358,9.3720
8,19.8380,992,0,0,0.277385,0.092450,9.3717
8,19.8580,993,0,0,0.275740,0.091143,9.3713
8,19.8790,994,0,0,0.272297,0.090218,9.3710
8,19.8980,995,0,0,0.267655,0.089499,9.3706
8,19.9180,996,0,0,0.248054,0.089278,9.3702
8,19.9380,997,0,0,0.235175,0.089390,9.3698
8,19.9580,998,0,0,0.225974,0.089466,9.3695
8,19.9780,999,0,0,0.217964,0.089985,9.3692
8,19.9980,1000,0,0,0.210312,0.091467,9.3689
8,20.0180,1001,0,0,0.203292,0.092729,9.3686
8,20.0380,1002,0,0,0.197025,0.093170,9.3683
8,20.0590,1003,0,0,0.191515,0.092700,9.3680
8,20.0780,1004,0,0,0.186938,0.091453,9.3676
8,20.0980,1005,0,0,0.183496,0.089643,9.3673
8,20.1180,1006,0,0,0.181225,0.087432,9.3670
8,20.1380,1007,0,0,0.179992,0.085049,9.3666
8,20.1580,1008,0,0,0.179553,0.082603,9.3663
8,20.1780,1009,0,0,0.179575,0.080198,9.3659
8,20.1980,1010,0,0,0.179717,0.077939,9.3656
8,20.2190,1011,0,0,0.179682,0.075933,9.3652
8,20.2380,1012,0,0,0.179247,0.074286,9.3649
8,20.2580,1013,0,0,0.178305,0.073053,9.3646
8,20.2780,1014,0,0,0.176803,0.072214,9.3643
8,20.2980,1015,0,0,0.174735,0.071651,9.3639
8,20.3180,1016,0,0,0.172201,0.071196,9.3636
8,20.3380,1017,0,0,0.169331,0.070746,9.3633
8,20.3580,1018,0,0,0.166324,0.070239,9.3629
8,20.3790,1019,0,0,0.163401,0.069719,9.3626
8,20.3980,1020,0,0,0.160856,0.069234,9.3623
8,20.4180,1021,0,0,0.159115,0.068754,9.3620
8,20.4380,1022,0,0,0.158309,0.068269,9.3617
8,20.4580,1023,0,0,0.158332,0.067788,9.3614
8,20.4780,1024,0,0,0.159081,0.067287,9.3611
8,20.4980,1025,0,0,0.160313,0.066923,9.3608
8,20.5180,1026,0,0,0.161646,0.066744,9.3606
8,20.5380,1027,0,0,0.162911,0.066679,9.3604
8,20.5590,1028,0,0,0.164220,0.066635,9.3602
8,20.5780,1029,0,0,0.165400,0.066774,9.3600
8,20.5980,1030,0,0,0.166241,0.067155,9.3599
8,20.6180,1031,0,0,0.166832,0.067774,9.3599
8,20.6380,1032,0,0,0.167335,0.068653,9.3598
8,20.6580,1033,0,0,0.167857,0.069773,9.3598
8,20.6780,1034,0,0,0.168456,0.071141,9.3597
8,20.6980,1035,0,0,0.169204,0.072676,9.3597
8,20.7190,1036,0,0,0.170120,0.074266,9.3596
8,20.7380,1037,0,0,0.171221,0.075820,9.3595
8,20.7580,1038,0,0,0.172517,0.077506,9.3594
8,20.7780,1039,0,0,0.174125,0.079285,9.3593
8,20.7980,1040,0,0,0.175894,0.080807,9.3591
8,20.8180,1041,0,0,0.177910,0.082173,9.3590
8,20.8380,1042,0,0,0.180312,0.083449,9.3588
8,20.8580,1043,0,0,0.183175,0.084625,9.3587
8,20.8780,1044,0,0,0.186555,0.085587,9.3586
8,20.8980,1045,0,0,0.190440,0.086529,9.3585
8,20.9180,1046,0,0,0.194767,0.087417,9.3585
8,20.9380,1047,0,0,0.199453,0.088278,9.3585
8,20.9580,1048,0,0,0.204343,0.089098,9.3585
8,20.9780,1049,0,0,0.209240,0.089918,9.3585
8,20.9980,1050,0,0,0.213976,0.090728,9.3585
8,21.0180,1051,0,0,0.218381,0.091588,9.3586
8,21.0380,1052,0,0,0.222347,0.092527,9.3586
8,21.0590,1053,0,0,0.225780,0.093531,9.3586
8,21.0780,1054,0,0,0.228580,0.094611,9.3586
8,21.0980,1055,0,0,0.230740,0.095780,9.3585
8,21.1180,1056,0,0,0.232286,0.097040,9.3585
8,21.1380,1057,0,0,0.233275,0.098328,9.3585
8,21.1580,1058,0,0,0.233763,0.099611,9.3585
8,21.1780,1059,0,0,0.233837,0.100891,9.3585
8,21.1980,1060,0,0,0.233522,0.102242,9.3584
8,21.2190,1061,0,0,0.231951,0.103722,9.3583
8,21.2380,1062,0,0,0.230424,0.104976,9.3583
8,21.2580,1063,0,0,0.229250,0.105915,9.3582
8,21.2780,1064,0,0,0.228456,0.106583,9.3582
8,21.2980,1065,0,0,0.228072,0.106958,9.3582
8,21.3180,1066,0,0,0.226872,0.107106,9.3582
8,21.3380,1067,0,0,0.226517,0.107161,9.3582
8,21.3580,1068,0,0,0.226969,0.107098,9.3582
8,21.3780,1069,0,0,0.227812,0.106872,9.3583
8,21.3980,1070,0,0,0.228876,0.106386,9.3584
8,21.4180,1071,0,0,0.229942,0.105635,9.3585
8,21.4380,1072,0,0,0.230872,0.104659,9.3586
8,21.4580,1073,0,0,0.231576,0.103517,9.3587
8,21.4780,1074,0,0,0.231994,0.102283,9.3588
8,21.4980,1075,0,0,0.232025,0.100995,9.3589
8,21.5180,1076,0,0,0.231465,0.099709,9.3590
8,21.5380,1077,0,0,0.230298,0.098462,9.3591
8,21.5590,1078,0,0,0.228560,0.097234,9.3592
8,21.5780,1079,0,0,0.225978,0.096095,9.3593
8,21.5980,1080,0,0,0.222813,0.094516,9.3594
8,21.6180,1081,0,0,0.220063,0.092385,9.3594
8,21.6380,1082,0,0,0.216856,0.090271,9.3595
8,21.6580,1083,0,0,0.212572,0.088244,9.3596
8,21.6780,1084,0,0,0.208274,0.086314,9.3598
8,21.6980,1085,0,0,0.202454,0.084336,9.3599
8,21.7190,1086,0,0,0.195885,0.082287,9.3601
8,21.7380,1087,0,0,0.188841,0.080512,9.3603
8,21.7580,1088,0,0,0.181532,0.078733,9.3605
8,21.7780,1089,0,0,0.202184,0.076880,9.3604
8,21.7980,1090,0,0,0.212392,0.073296,9.3603
8,21.8180,1091,0,0,0.211313,0.069031,9.3601
8,21.8380,1092,0,0,0.204143,0.066859,9.3600
8,21.8580,1093,0,0,0.194848,0.067981,9.3598
8,21.8780,1094,0,0,0.185313,0.067925,9.3597
8,21.8990,1095,0,0,0.175680,0.066024,9.3596
8,21.9180,1096,0,0,0.165274,0.062994,9.3596
8,21.9380,1097,0,0,0.153489,0.059778,9.3597
8,21.9580,1098,0,0,0.140395,0.057068,9.3597
8,21.9780,1099,0,0,0.143434,0.056616,9.3595
8,21.9980,1100,0,0,0.146910,0.055711,9.3592
8,22.0180,1101,0,0,0.152772,0.055031,9.3590
8,22.0380,1102,0,0,0.159795,0.058614,9.3588
8,22.0590,1103,0,0,0.165714,0.063394,9.3588
8,22.0780,1104,0,0,0.170296,0.066778,9.3589
8,22.0980,1105,0,0,0.174073,0.068277,9.3591
8,22.1180,1106,0,0,0.176833,0.067782,9.3594
8,22.1380,1107,0,0,0.177762,0.065414,9.3599
8,22.1580,1108,0,0,0.176231,0.061034,9.3604
8,22.1780,1109,0,0,0.171267,0.056350,9.3609
8,22.1980,1110,0,0,0.162455,0.052875,9.3615
8,22.2190,1111,0,0,0.150871,0.052367,9.3620
8,22.2380,1112,0,0,0.138418,0.055893,9.3623
8,22.2580,1113,0,0,0.127099,0.062105,9.3626
8,22.2780,1114,0,0,0.118201,0.069190,9.3627
8,22.2980,1115,0,0,0.115425,0.076255,9.3627
8,22.3180,1116,0,0,0.121355,0.082637,9.3626
8,22.3380,1117,0,0,0.128572,0.088124,9.3626
8,22.3580,1118,0,0,0.134018,0.092400,9.3625
8,22.3780,1119,0,0,0.137929,0.095445,9.3625
8,22.3990,1120,0,0,0.140446,0.097364,9.3626
8,22.4180,1121,0,0,0.143508,0.098314,9.3628
8,22.4380,1122,0,0,0.150085,0.098453,9.3630
8,22.4580,1123,0,0,0.165446,0.097955,9.3633
8,22.4780,1124,0,0,0.182229,0.097028,9.3636
8,22.4980,1125,0,0,0.199766,0.095848,9.3639
8,22.5180,1126,0,0,0.217586,0.094657,9.3642
8,22.5380,1127,0,0,0.235014,0.093182,9.3645
8,22.5590,1128,0,0,0.250610,0.091970,9.3649
8,22.5780,1129,0,0,0.263886,0.091322,9.3652
8,22.5980,1130,0,0,0.274711,0.091435,9.3655
8,22.6180,1131,0,0,0.282919,0.092300,9.3657
8,22.6380,1132,0,0,0.288380,0.093655,9.3660
8,22.6580,1133,0,0,0.291068,0.095294,9.3662
8,22.6780,1134,0,0,0.291060,0.097176,9.3664
8,22.6980,1135,0,0,0.288327,0.099335,9.3666
8,22.7180,1136,0,0,0.282957,0.101798,9.3669
8,22.7380,1137,0,0,0.275934,0.104542,9.3671
8,22.7580,1138,0,0,0.268211,0.107429,9.3673
8,22.7780,1139,0,0,0.260478,0.110488,9.3676
8,22.7980,1140,0,0,0.252780,0.113763,9.3678
8,22.8180,1141,0,0,0.246064,0.116493,9.3680
8,22.8380,1142,0,0,0.240906,0.118485,9.3681
8,22.8580,1143,0,0,0.237347,0.119657,9.3682
8,22.8780,1144,0,0,0.235377,0.119055,9.3682
8,22.8990,1145,0,0,0.236820,0.116311,9.3682
8,22.9180,1146,0,0,0.238925,0.113363,9.3681
8,22.9380,1147,0,0,0.240346,0.110272,9.3680
8,22.9580,1148,0,0,0.241178,0.106966,9.3680
8,22.9780,1149,0,0,0.241476,0.103437,9.3680
8,22.9980,1150,0,0,0.241053,0.099849,9.3681
8,23.0180,1151,0,0,0.239699,0.096434,9.3683
8,23.0380,1152,0,0,0.237295,0.093396,9.3685
8,23.0590,1153,0,0,0.233833,0.090851,9.3687
8,23.0780,1154,0,0,0.229332,0.088758,9.3689
8,23.0980,1155,0,0,0.223855,0.086949,9.3690
8,23.1180,1156,0,0,0.217460,0.085263,9.3692
8,23.1380,1157,0,0,0.210093,0.083523,9.3693
8,23.1580,1158,0,0,0.201443,0.081675,9.3694
8,23.1780,1159,0,0,0.191636,0.079683,9.3694
8,23.1980,1160,0,0,0.181168,0.077543,9.3695
8,23.2180,1161,0,0,0.170508,0.075283,9.3695
8,23.2390,1162,0,0,0.160047,0.072929,9.3696
8,23.2580,1163,0,0,0.150042,0.070544,9.3696
8,23.2780,1164,0,0,0.140727,0.067991,9.3697
8,23.2980,1165,0,0,0.132181,0.065215,9.3697
8,23.3180,1166,0,0,0.124360,0.062136,9.3697
8,23.3380,1167,0,0,0.117226,0.058797,9.3698
8,23.3580,1168,0,0,0.110698,0.055181,9.3698
8,23.3780,1169,0,0,0.104628,0.051299,9.3698
8,23.3990,1170,0,0,0.098834,0.047191,9.3698
8,23.4180,1171,0,0,0.093136,0.042926,9.3697
8,23.4380,1172,0,0,0.087378,0.038596,9.3697
8,23.4580,1173,0,0,0.081418,0.034318,9.3697
8,23.4780,1174,0,0,0.075141,0.030233,9.3697
8,23.4980,1175,0,0,0.068460,0.026525,9.3697
8,23.5180,1176,0,0,0.061321,0.023371,9.3697
8,23.5380,1177,0,0,0.053709,0.020724,9.3697
8,23.5590,1178,0,0,0.045669,0.018393,9.3697
8,23.5780,1179,0,0,0.037316,0.016238,9.3697
8,23.5980,1180,0,0,0.028920,0.014225,9.3697
8,23.6180,1181,0,0,0.021226,0.012481,9.3697
8,23.6380,1182,0,0,0.016275,0.011370,9.3697
8,23.6580,1183,0,0,0.017186,0.011388,9.3697
8,23.6780,1184,0,0,0.023082,0.012459,9.3697
8,23.6980,1185,0,0,0.031451,0.014141,9.3696
8,23.7180,1186,0,0,0.040490,0.016219,9.3696
8,23.7390,1187,0,0,0.049566,0.018640,9.3695
8,23.7580,1188,0,0,0.058368,0.021388,9.3694
8,23.7780,1189,0,0,0.066728,0.024406,9.3693
8,23.7980,1190,0,0,0.074559,0.027607,9.3692
8,23.8180,1191,0,0,0.081836,0.030914,9.3692
8,23.8380,1192,0,0,0.088578,0.034281,9.3691
8,23.8580,1193,0,0,0.094837,0.037675,9.3690
8,23.8780,1194,0,0,0.100691,0.041068,9.3689
8,23.8990,1195,0,0,0.106232,0.044433,9.3688
8,23.9180,1196,0,0,0.111578,0.047747,9.3687
8,23.9380,1197,0,0,0.117030,0.050967,9.3686
8,23.9580,1198,0,0,0.122538,0.054049,9.3685
8,23.9780,1199,0,0,0.128014,0.056972,9.3685
8,23.9980,1200,0,0,0.133461,0.059725,9.3684
8,24.0180,1201,0,0,0.138915,0.062308,9.3683
8,24.0380,1202,0,0,0.144402,0.064724,9.3682
8,24.0590,1203,0,0,0.149919,0.066984,9.3681
8,24.0780,1204,0,0,0.155438,0.069097,9.3680
8,24.0980,1205,0,0,0.160916,0.071074,9.3679
8,24.1180,1206,0,0,0.166297,0.072928,9.3678
8,24.1380,1207,0,0,0.171525,0.074669,9.3677
8,24.1580,1208,0,0,0.176544,0.076309,9.3676
8,24.1780,1209,0,0,0.181302,0.077858,9.3675
8,24.1980,1210,0,0,0.185757,0.079324,9.3674
8,24.2180,1211,0,0,0.189870,0.080706,9.3673
8,24.2390,1212,0,0,0.193623,0.081965,9.3672
8,24.2580,1213,0,0,0.196964,0.083188,9.3671
8,24.2780,1214,0,0,0.199896,0.084354,9.3670
8,24.2980,1215,0,0,0.202436,0.085462,9.3669
8,24.3180,1216,0,0,0.204600,0.086479,9.3668
8,24.3380,1217,0,0,0.206396,0.087435,9.3668
8,24.3580,1218,0,0,0.207847,0.088319,9.3667
8,24.3780,1219,0,0,0.209020,0.089124,9.3666
8,24.3990,1220,0,0,0.209896,0.089838,9.3665
8,24.4180,1221,0,0,0.210463,0.090469,9.3664
8,24.4380,1222,0,0,0.210736,0.091004,9.3663
8,24.4580,1223,0,0,0.210776,0.091442,9.3662
8,24.4780,1224,0,0,0.210615,0.091773,9.3661
8,24.4980,1225,0,0,0.210273,0.091987,9.3660
8,24.5180,1226,0,0,0.209767,0.092081,9.3659
8,24.5380,1227,0,0,0.209109,0.092034,9.3658
8,24.5580,1228,0,0,0.208303,0.091849,9.3657
8,24.5780,1229,0,0,0.207361,0.091525,9.3656
8,24.5980,1230,0,0,0.206298,0.091063,9.3655
8,24.6180,1231,0,0,0.205115,0.090433,9.3654
8,24.6380,1232,0,0,0.203793,0.089691,9.3653
8,24.6580,1233,0,0,0.202479,0.088543,9.3652
8,24.6780,1234,0,0,0.201430,0.086710,9.3651
8,24.6980,1235,0,0,0.200319,0.084805,9.3650
8,24.7180,1236,0,0,0.198821,0.082840,9.3649
8,24.7390,1237,0,0,0.196777,0.080804,9.3648
8,24.7580,1238,0,0,0.194113,0.078704,9.3647
8,24.7780,1239,0,0,0.190768,0.076553,9.3646
8,24.7980,1240,0,0,0.186747,0.074357,9.3645
8,24.8180,1241,0,0,0.181992,0.072099,9.3645
8,24.8380,1242,0,0,0.176651,0.069710,9.3645
8,24.8580,1243,0,0,0.170963,0.067350,9.3644
8,24.8780,1244,0,0,0.164841,0.064959,9.3644
8,24.8990,1245,0,0,0.158234,0.062541,9.3644
8,24.9180,1246,0,0,0.151149,0.060071,9.3644
8,24.9380,1247,0,0,0.143643,0.057593,9.3644
8,24.9580,1248,0,0,0.135740,0.055087,9.3643
8,24.9780,1249,0,0,0.127565,0.052543,9.3643
8,24.9980,1250,0,0,0.119237,0.049956,9.3642
8,25.0180,1251,0,0,0.110905,0.047322,9.3642
8,25.0380,1252,0,0,0.102704,0.044638,9.3641
8,25.0590,1253,0,0,0.094528,0.041899,9.3641
8,25.0780,1254,0,0,0.086526,0.039117,9.3642
8,25.0980,1255,0,0,0.079263,0.036362,9.3642
8,25.1180,1256,0,0,0.072619,0.033606,9.3643
8,25.1380,1257,0,0,0.066447,0.030882,9.3644
8,25.1580,1258,0,0,0.060783,0.028228,9.3645
8,25.1780,1259,0,0,0.055758,0.025707,9.3645
8,25.1980,1260,0,0,0.051558,0.023445,9.3646
8,25.2180,1261,0,0,0.048376,0.021622,9.3646
8,25.2390,1262,0,0,0.046350,0.020414,9.3646
8,25.2580,1263,0,0,0.045536,0.019930,9.3647
8,25.2780,1264,0,0,0.045919,0.020185,9.3647
8,25.2980,1265,0,0,0.047459,0.021111,9.3648
8,25.3180,1266,0,0,0.050103,0.022593,9.3648
8,25.3380,1267,0,0,0.053785,0.024504,9.3649
8,25.3580,1268,0,0,0.058409,0.026724,9.3650
8,25.3780,1269,0,0,0.063851,0.029150,9.3651
8,25.3990,1270,0,0,0.069960,0.031704,9.3652
8,25.4180,1271,0,0,0.076581,0.034326,9.3653
8,25.4380,1272,0,0,0.083561,0.036977,9.3654
8,25.4580,1273,0,0,0.090764,0.039631,9.3656
8,25.4780,1274,0,0,0.098069,0.042275,9.3657
8,25.4980,1275,0,0,0.105374,0.044900,9.3658
8,25.5180,1276,0,0,0.112595,0.047503,9.3659
8,25.5380,1277,0,0,0.119662,0.050082,9.3661
8,25.5580,1278,0,0,0.126522,0.052636,9.3662
8,25.5780,1279,0,0,0.133129,0.055162,9.3663
8,25.5980,1280,0,0,0.139458,0.057656,9.3665
8,25.6180,1281,0,0,0.145486,0.060112,9.3666
8,25.6380,1282,0,0,0.151197,0.062520,9.3668
8,25.6580,1283,0,0,0.156704,0.065011,9.3669
8,25.6780,1284,0,0,0.161892,0.067383,9.3671
8,25.6980,1285,0,0,0.166462,0.069604,9.3673
8,25.7180,1286,0,0,0.170629,0.071693,9.3675
8,25.7390,1287,0,0,0.174618,0.073671,9.3677
8,25.7580,1288,0,0,0.178499,0.075557,9.3679
8,25.7780,1289,0,0,0.182243,0.077350,9.3681
8,25.7980,1290,0,0,0.185806,0.079036,9.3682
8,25.8180,1291,0,0,0.189142,0.080588,9.3683
8,25.8380,1292,0,0,0.192284,0.082028,9.3685
8,25.8580,1293,0,0,0.195176,0.083209,9.3686
8,25.8780,1294,0,0,0.197578,0.084180,9.3688
8,25.8990,1295,0,0,0.199573,0.084992,9.3689
8,25.9180,1296,0,0,0.201317,0.085652,9.3691
8,25.9380,1297,0,0,0.202873,0.086175,9.3693
8,25.9580,1298,0,0,0.204232,0.086572,9.3694
8,25.9780,1299,0,0,0.205338,0.086843,9.3696
8,25.9980,1300,0,0,0.206236,0.087108,9.3697
8,26.0180,1301,0,0,0.206780,0.087101,9.3699
8,26.0380,1302,0,0,0.206743,0.086917,9.3700
8,26.0580,1303,0,0,0.206208,0.086586,9.3702
8,26.0790,1304,0,0,0.205311,0.086129,9.3703
8,26.0980,1305,0,0,0.204124,0.085562,9.3704
8,26.1180,1306,0,0,0.202651,0.084890,9.3705
8,26.1380,1307,0,0,0.201236,0.084022,9.3707
8,26.1580,1308,0,0,0.199194,0.082887,9.3709
8,26.1780,1309,0,0,0.196051,0.081746,9.3711
8,26.1980,1310,0,0,0.192482,0.080512,9.3713
8,26.2180,1311,0,0,0.188921,0.079189,9.3715
8,26.2390,1312,0,0,0.185405,0.077850,9.3716
8,26.2580,1313,0,0,0.181789,0.076521,9.3717
8,26.2780,1314,0,0,0.177922,0.075168,9.3717
8,26.2980,1315,0,0,0.173692,0.073726,9.3717
8,26.3180,1316,0,0,0.169072,0.072149,9.3717
8,26.3380,1317,0,0,0.164077,0.070428,9.3718
8,26.3580,1318,0,0,0.158787,0.068570,9.3718
8,26.3780,1319,0,0,0.153313,0.066588,9.3718
8,26.3990,1320,0,0,0.147758,0.064491,9.3719
8,26.4180,1321,0,0,0.142193,0.062281,9.3720
8,26.4380,1322,0,0,0.136646,0.059958,9.3720
8,26.4580,1323,0,0,0.131112,0.057523,9.3721
8,26.4780,1324,0,0,0.125566,0.054973,9.3722
8,26.4980,1325,0,0,0.120013,0.052243,9.3723
8,26.5180,1326,0,0,0.114428,0.049390,9.3723
8,26.5380,1327,0,0,0.108715,0.046445,9.3723
8,26.5580,1328,0,0,0.102801,0.043434,9.3724
8,26.5790,1329,0,0,0.096648,0.040368,9.3724
8,26.5980,1330,0,0,0.090263,0.037275,9.3724
8,26.6180,1331,0,0,0.083635,0.034173,9.3724
8,26.6380,1332,0,0,0.076770,0.031075,9.3725
8,26.6580,1333,0,0,0.069687,0.027988,9.3725
8,26.6780,1334,0,0,0.062405,0.024917,9.3725
8,26.6980,1335,0,0,0.054968,0.021878,9.3726
8,26.7180,1336,0,0,0.047382,0.018855,9.3726
8,26.7390,1337,0,0,0.039702,0.015849,9.3726
8,26.7580,1338,0,0,0.032000,0.012867,9.3726
8,26.7780,1339,0,0,0.024369,0.009925,9.3727
8,26.7980,1340,0,0,0.016990,0.007071,9.3727
8,26.8180,1341,0,0,0.010440,0.004483,9.3727
8,26.8380,1342,0,0,0.007298,0.002993,9.3727
8,26.8580,1343,0,0,0.010865,0.004034,9.3727
8,26.8780,1344,0,0,0.017274,0.006510,9.3727
8,26.8990,1345,0,0,0.024250,0.009360,9.3727
8,26.9190,1346,0,0,0.031304,0.012325,9.3727
8,26.9380,1347,0,0,0.038297,0.015332,9.3727
8,26.9580,1348,0,0,0.045175,0.018350,9.3727
8,26.9780,1349,0,0,0.051917,0.021358,9.3727
8,26.9980,1350,0,0,0.058515,0.024339,9.3727
8,27.0180,1351,0,0,0.064968,0.027278,9.3727
8,27.0380,1352,0,0,0.071282,0.030162,9.3726
8,27.0580,1353,0,0,0.077461,0.032978,9.3726
8,27.0790,1354,0,0,0.083512,0.035715,9.3726
8,27.0980,1355,0,0,0.089436,0.038365,9.3726
8,27.1180,1356,0,0,0.095231,0.040920,9.3726
8,27.1380,1357,0,0,0.100895,0.043372,9.3725
8,27.1580,1358,0,0,0.106416,0.045720,9.3725
8,27.1780,1359,0,0,0.111784,0.047959,9.3725
8,27.1980,1360,0,0,0.116984,0.050088,9.3724
8,27.2180,1361,0,0,0.121997,0.052107,9.3724
8,27.2390,1362,0,0,0.126806,0.054017,9.3724
8,27.2580,1363,0,0,0.131391,0.055819,9.3723
8,27.2780,1364,0,0,0.135732,0.057515,9.3723
8,27.2980,1365,0,0,0.139813,0.059106,9.3722
8,27.3180,1366,0,0,0.143616,0.060593,9.3722
8,27.3380,1367,0,0,0.147128,0.061978,9.3721
8,27.3580,1368,0,0,0.150336,0.063260,9.3720
8,27.3780,1369,0,0,0.153227,0.064440,9.3720
8,27.3980,1370,0,0,0.155804,0.065506,9.3719
8,27.4190,1371,0,0,0.158082,0.066469,9.3718
8,27.4380,1372,0,0,0.160128,0.067294,9.3717
8,27.4580,1373,0,0,0.161918,0.068100,9.3717
8,27.4780,1374,0,0,0.163381,0.068833,9.3716
8,27.4980,1375,0,0,0.164524,0.069472,9.3715
8,27.5180,1376,0,0,0.165374,0.070008,9.3714
8,27.5380,1377,0,0,0.165956,0.070437,9.3713
8,27.5580,1378,0,0,0.166291,0.070758,9.3713
8,27.5790,1379,0,0,0.166400,0.070933,9.3712
8,27.5980,1380,0,0,0.166309,0.071014,9.3711
8,27.6180,1381,0,0,0.166038,0.070998,9.3710
8,27.6380,1382,0,0,0.165583,0.070861,9.3709
8,27.6580,1383,0,0,0.164954,0.070613,9.3708
8,27.6780,1384,0,0,0.164138,0.070259,9.3707
8,27.6980,1385,0,0,0.163130,0.069798,9.3706
8,27.7180,1386,0,0,0.161928,0.069230,9.3705
8,27.7390,1387,0,0,0.160533,0.068559,9.3703
8,27.7580,1388,0,0,0.158947,0.067788,9.3702
8,27.7780,1389,0,0,0.157167,0.066923,9.3701
8,27.7980,1390,0,0,0.155104,0.065876,9.3700
8,27.8180,1391,0,0,0.152809,0.064872,9.3699
8,27.8380,1392,0,0,0.150528,0.063810,9.3698
8,27.8580,1393,0,0,0.148190,0.062665,9.3697
8,27.8780,1394,0,0,0.145642,0.061427,9.3696
8,27.8980,1395,0,0,0.142802,0.060094,9.3695
8,27.9190,1396,0,0,0.139666,0.058632,9.3694
8,27.9380,1397,0,0,0.136282,0.057103,9.3692
8,27.9580,1398,0,0,0.132708,0.055511,9.3691
8,27.9780,1399,0,0,0.128981,0.053867,9.3690
8,27.9980,1400,0,0,0.125140,0.052005,9.3688
8,28.0180,1401,0,0,0.121332,0.049939,9.3687
8,28.0380,1402,0,0,0.117458,0.047891,9.3686
8,28.0580,1403,0,0,0.113350,0.045860,9.3685
8,28.0790,1404,0,0,0.108938,0.043835,9.3684
8,28.0980,1405,0,0,0.104217,0.041813,9.3682
8,28.1180,1406,0,0,0.099204,0.039795,9.3681
8,28.1380,1407,0,0,0.093929,0.037790,9.3680
8,28.1580,1408,0,0,0.088446,0.035810,9.3679
8,28.1780,1409,0,0,0.082829,0.033866,9.3678
8,28.1980,1410,0,0,0.077160,0.031967,9.3678
8,28.2180,1411,0,0,0.071528,0.030117,9.3677
8,28.2390,1412,0,0,0.066023,0.028319,9.3676
8,28.2580,1413,0,0,0.060738,0.026577,9.3675
8,28.2780,1414,0,0,0.055772,0.024896,9.3674
8,28.2980,1415,0,0,0.051234,0.023292,9.3673
8,28.3180,1416,0,0,0.047245,0.021791,9.3672
8,28.3380,1417,0,0,0.043930,0.020432,9.3672
8,28.3580,1418,0,0,0.041413,0.018836,9.3671
8,28.3780,1419,0,0,0.040146,0.017270,9.3671
8,28.3980,1420,0,0,0.039976,0.016233,9.3670
8,28.4180,1421,0,0,0.040389,0.015820,9.3670
8,28.4380,1422,0,0,0.041208,0.015974,9.3670
8,28.4580,1423,0,0,0.042431,0.016643,9.3669
8,28.4780,1424,0,0,0.044101,0.017746,9.3669
8,28.4980,1425,0,0,0.046269,0.019184,9.3669
8,28.5180,1426,0,0,0.048965,0.020858,9.3669
8,28.5380,1427,0,0,0.052178,0.022683,9.3669
8,28.5580,1428,0,0,0.055859,0.024594,9.3668
8,28.5790,1429,0,0,0.059940,0.026544,9.3668
8,28.5980,1430,0,0,0.064343,0.028500,9.3668
8,28.6180,1431,0,0,0.068997,0.030437,9.3668
8,28.6380,1432,0,0,0.073830,0.032338,9.3669
8,28.6580,1433,0,0,0.078772,0.034193,9.3669
8,28.6780,1434,0,0,0.083753,0.035996,9.3669
8,28.6980,1435,0,0,0.088704,0.037747,9.3669
8,28.7180,1436,0,0,0.093560,0.039447,9.3670
8,28.7390,1437,0,0,0.098265,0.041102,9.3670
8,28.7590,1438,0,0,0.102769,0.042718,9.3671
8,28.7780,1439,0,0,0.107036,0.044300,9.3671
8,28.7980,1440,0,0,0.111042,0.045853,9.3672
8,28.8180,1441,0,0,0.114844,0.047436,9.3672
8,28.8380,1442,0,0,0.118400,0.048923,9.3673
8,28.8580,1443,0,0,0.121476,0.050362,9.3674
8,28.8780,1444,0,0,0.124187,0.051757,9.3675
8,28.8980,1445,0,0,0.126702,0.053106,9.3676
8,28.9190,1446,0,0,0.129089,0.054402,9.3677
8,28.9380,1447,0,0,0.131359,0.055643,9.3678
8,28.9580,1448,0,0,0.133503,0.056813,9.3679
8,28.9780,1449,0,0,0.135505,0.057891,9.3679
8,28.9980,1450,0,0,0.137355,0.058859,9.3680
8,29.0180,1451,0,0,0.139048,0.059706,9.3681
8,29.0380,1452,0,0,0.140665,0.060522,9.3682
8,29.0580,1453,0,0,0.142160,0.061097,9.3683
8,29.0790,1454,0,0,0.143348,0.061533,9.3684
8,29.0980,1455,0,0,0.144300,0.061836,9.3685
8,29.1180,1456,0,0,0.145118,0.062032,9.3686
8,29.1380,1457,0,0,0.145842,0.062147,9.3688
8,29.1580,1458,0,0,0.146446,0.062168,9.3689
8,29.1780,1459,0,0,0.146849,0.062097,9.3690
8,29.1980,1460,0,0,0.146974,0.061937,9.3691
8,29.2180,1461,0,0,0.147060,0.061463,9.3692
8,29.2380,1462,0,0,0.147528,0.060185,9.3693
8,29.2590,1463,0,0,0.146962,0.059208,9.3695
8,29.2780,1464,0,0,0.145330,0.058418,9.3696
8,29.2980,1465,0,0,0.143252,0.057689,9.3698
8,29.3180,1466,0,0,0.141037,0.056986,9.3699
8,29.3380,1467,0,0,0.138736,0.056310,9.3701
8,29.3580,1468,0,0,0.136329,0.055654,9.3702
8,29.3780,1469,0,0,0.133805,0.054998,9.3703
8,29.3980,1470,0,0,0.131163,0.054315,9.3704
8,29.4190,1471,0,0,0.128417,0.053584,9.3705
8,29.4380,1472,0,0,0.125589,0.052790,9.3706
8,29.4580,1473,0,0,0.122710,0.051918,9.3707
8,29.4780,1474,0,0,0.119825,0.050966,9.3709
8,29.4980,1475,0,0,0.116958,0.049937,9.3710
8,29.5180,1476,0,0,0.114107,0.048835,9.3711
8,29.5380,1477,0,0,0.111262,0.047664,9.3712
8,29.5580,1478,0,0,0.108410,0.046438,9.3713
8,29.5790,1479,0,0,0.105541,0.045177,9.3714
8,29.5980,1480,0,0,0.102656,0.043905,9.3715
8,29.6180,1481,0,0,0.099766,0.042647,9.3717
8,29.6380,1482,0,0,0.096894,0.041424,9.3718
8,29.6580,1483,0,0,0.094066,0.040253,9.3719
8,29.6780,1484,0,0,0.091318,0.039143,9.3720
8,29.6980,1485,0,0,0.088687,0.038063,9.3721
8,29.7180,1486,0,0,0.086223,0.037029,9.3722
8,29.7380,1487,0,0,0.084005,0.036073,9.3723
8,29.7580,1488,0,0,0.082031,0.035162,9.3724
8,29.7780,1489,0,0,0.080302,0.034286,9.3725
8,29.7980,1490,0,0,0.078839,0.033457,9.3727
8,29.8180,1491,0,0,0.077633,0.032693,9.3728
8,29.8380,1492,0,0,0.076723,0.032020,9.3729
8,29.8580,1493,0,0,0.076121,0.031466,9.3730
8,29.8780,1494,0,0,0.075823,0.031055,9.3731
8,29.8980,1495,0,0,0.075798,0.030807,9.3733
8,29.9190,1496,0,0,0.076003,0.030729,9.3734
8,29.9380,1497,0,0,0.076403,0.030822,9.3735
8,29.9580,1498,0,0,0.076971,0.031079,9.3736
8,29.9780,1499,0,0,0.077694,0.031492,9.3736
8,29.9980,1500,0,0,0.078567,0.032049,9.3737
8,30.0180,1501,0,0,0.079592,0.032738,9.3738
8,30.0380,1502,0,0,0.080776,0.033544,9.3739
8,30.0580,1503,0,0,0.082125,0.034452,9.3739
8,30.0790,1504,0,0,0.083643,0.035445,9.3740
8,30.0980,1505,0,0,0.085326,0.036505,9.3740
8,30.1180,1506,0,0,0.087170,0.037615,9.3741
8,30.1380,1507,0,0,0.089171,0.038759,9.3741
8,30.1580,1508,0,0,0.091326,0.039924,9.3742
8,30.1780,1509,0,0,0.093632,0.041099,9.3742
8,30.1980,1510,0,0,0.096079,0.042275,9.3742
8,30.2180,1511,0,0,0.098656,0.043445,9.3743
8,30.2380,1512,0,0,0.101348,0.044603,9.3743
8,30.2590,1513,0,0,0.104134,0.045743,9.3743
8,30.2780,1514,0,0,0.106991,0.046858,9.3743
8,30.2980,1515,0,0,0.109895,0.047946,9.3743
8,30.3180,1516,0,0,0.112818,0.048999,9.3743
8,30.3380,1517,0,0,0.115752,0.050023,9.3743
8,30.3580,1518,0,0,0.118666,0.051022,9.3743
8,30.3780,1519,0,0,0.121528,0.051995,9.3743
8,30.3980,1520,0,0,0.124310,0.052950,9.3743
8,30.4190,1521,0,0,0.126986,0.053857,9.3742
8,30.4380,1522,0,0,0.129533,0.054757,9.3742
8,30.4580,1523,0,0,0.131940,0.055645,9.3741
8,30.4780,1524,0,0,0.134189,0.056517,9.3740
8,30.4980,1525,0,0,0.136260,0.057371,9.3740
8,30.5180,1526,0,0,0.138143,0.058203,9.3739
8,30.5380,1527,0,0,0.139835,0.059008,9.3738
8,30.5580,1528,0,0,0.141339,0.059782,9.3737
8,30.5790,1529,0,0,0.142661,0.060520,9.3736
8,30.5980,1530,0,0,0.143811,0.061215,9.3735
8,30.6180,1531,0,0,0.144801,0.061858,9.3734
8,30.6380,1532,0,0,0.145664,0.062443,9.3733
8,30.6580,1533,0,0,0.146410,0.062968,9.3731
8,30.6780,1534,0,0,0.147042,0.063428,9.3730
8,30.6980,1535,0,0,0.147568,0.063815,9.3729
8,30.7180,1536,0,0,0.147999,0.064124,9.3727
8,30.7380,1537,0,0,0.148345,0.064349,9.3726
8,30.7590,1538,0,0,0.148611,0.064491,9.3724
8,30.7780,1539,0,0,0.148800,0.064548,9.3723
8,30.7980,1540,0,0,0.149064,0.064448,9.3721
8,30.8180,1541,0,0,0.149345,0.064073,9.3719
8,30.8380,1542,0,0,0.149387,0.063645,9.3717
8,30.8580,1543,0,0,0.149270,0.063164,9.3715
8,30.8780,1544,0,0,0.149128,0.062644,9.3713
8,30.8980,1545,0,0,0.148954,0.062115,9.3711
8,30.9180,1546,0,0,0.148672,0.061599,9.3709
8,30.9380,1547,0,0,0.148199,0.061092,9.3707
8,30.9580,1548,0,0,0.147465,0.060582,9.3706
8,30.9780,1549,0,0,0.146423,0.060054,9.3704
8,30.9980,1550,0,0,0.145097,0.059424,9.3703
8,31.0180,1551,0,0,0.143480,0.058779,9.3701
8,31.0380,1552,0,0,0.141523,0.058139,9.3699
8,31.0580,1553,0,0,0.139369,0.057500,9.3697
8,31.0780,1554,0,0,0.137124,0.056865,9.3695
8,31.0980,1555,0,0,0.134827,0.056237,9.3693
8,31.1180,1556,0,0,0.132493,0.055616,9.3691
8,31.1380,1557,0,0,0.130133,0.054995,9.3689
8,31.1580,1558,0,0,0.127759,0.054362,9.3688
8,31.1780,1559,0,0,0.125383,0.053707,9.3686
8,31.1980,1560,0,0,0.123020,0.053024,9.3684
8,31.2180,1561,0,0,0.120711,0.052177,9.3682
8,31.2380,1562,0,0,0.118532,0.051246,9.3681
8,31.2590,1563,0,0,0.116440,0.050299,9.3679
8,31.2780,1564,0,0,0.114411,0.049393,9.3677
8,31.2980,1565,0,0,0.112452,0.048512,9.3676
8,31.3180,1566,0,0,0.110560,0.047653,9.3674
8,31.3380,1567,0,0,0.108721,0.046819,9.3672
8,31.3580,1568,0,0,0.106925,0.046018,9.3671
8,31.3780,1569,0,0,0.105174,0.045255,9.3669
8,31.3980,1570,0,0,0.103479,0.044537,9.3668
8,31.4190,1571,0,0,0.101853,0.043869,9.3666
8,31.4380,1572,0,0,0.100310,0.043254,9.3665
8,31.4580,1573,0,0,0.098865,0.042696,9.3664
8,31.4780,1574,0,0,0.097532,0.042195,9.3663
8,31.4980,1575,0,0,0.096329,0.041747,9.3661
8,31.5180,1576,0,0,0.095268,0.041369,9.3660
8,31.5380,1577,0,0,0.094356,0.041189,9.3659
8,31.5580,1578,0,0,0.093534,0.041030,9.3658
8,31.5780,1579,0,0,0.092818,0.040891,9.3657
8,31.5990,1580,0,0,0.092309,0.040792,9.3656
8,31.6180,1581,0,0,0.092045,0.040738,9.3656
8,31.6380,1582,0,0,0.092003,0.040719,9.3655
8,31.6580,1583,0,0,0.092146,0.040725,9.3655
8,31.6780,1584,0,0,0.092423,0.040753,9.3655
8,31.6980,1585,0,0,0.092793,0.040798,9.3654
8,31.7180,1586,0,0,0.093235,0.040863,9.3654
8,31.7380,1587,0,0,0.093736,0.040952,9.3654
8,31.7590,1588,0,0,0.094288,0.041070,9.3653
8,31.7780,1589,0,0,0.094882,0.041220,9.3653
8,31.7980,1590,0,0,0.095506,0.041438,9.3653
8,31.8180,1591,0,0,0.096137,0.041691,9.3652
8,31.8380,1592,0,0,0.096740,0.041963,9.3652
8,31.8580,1593,0,0,0.097296,0.042251,9.3652
8,31.8780,1594,0,0,0.097820,0.042536,9.3652
8,31.8980,1595,0,0,0.098313,0.042959,9.3652
8,31.9190,1596,0,0,0.098780,0.043441,9.3652
8,31.9380,1597,0,0,0.099337,0.043971,9.3652
8,31.9580,1598,0,0,0.100037,0.044523,9.3652
8,31.9780,1599,0,0,0.100858,0.045044,9.3653
8,31.9980,1600,0,0,0.101753,0.045517,9.3653
8,32.0180,1601,0,0,0.102695,0.045923,9.3653
8,32.0380,1602,0,0,0.104018,0.045781,9.3654
8,32.0580,1603,0,0,0.106162,0.044973,9.3655
8,32.0780,1604,0,0,0.107406,0.044411,9.3656
8,32.0990,1605,0,0,0.107710,0.044116,9.3657
8,32.1180,1606,0,0,0.107747,0.044000,9.3658
8,32.1380,1607,0,0,0.107800,0.044045,9.3659
8,32.1580,1608,0,0,0.107803,0.044259,9.3660
8,32.1780,1609,0,0,0.107660,0.044603,9.3661
8,32.1980,1610,0,0,0.107376,0.044997,9.3661
8,32.2180,1611,0,0,0.106999,0.045369,9.3662
8,32.2380,1612,0,0,0.106590,0.045696,9.3663
8,32.2590,1613,0,0,0.106176,0.045949,9.3663
8,32.2780,1614,0,0,0.105822,0.046131,9.3664
8,32.2980,1615,0,0,0.105588,0.046252,9.3665
8,32.3180,1616,0,0,0.105518,0.046322,9.3666
8,32.3380,1617,0,0,0.105631,0.046339,9.3667
8,32.3580,1618,0,0,0.105913,0.046309,9.3668
8,32.3780,1619,0,0,0.106329,0.046235,9.3669
8,32.3980,1620,0,0,0.106824,0.046119,9.3671
8,32.4180,1621,0,0,0.107341,0.045967,9.3672
8,32.4390,1622,0,0,0.107823,0.045786,9.3673
8,32.4580,1623,0,0,0.108229,0.045589,9.3674
8,32.4780,1624,0,0,0.108527,0.045385,9.3676
8,32.4980,1625,0,0,0.108695,0.045185,9.3677
8,32.5180,1626,0,0,0.108723,0.044985,9.3678
8,32.5380,1627,0,0,0.108601,0.044805,9.3679
8,32.5580,1628,0,0,0.108350,0.044650,9.3681
8,32.5780,1629,0,0,0.108004,0.044518,9.3682
8,32.5990,1630,0,0,0.107590,0.044370,9.3683
8,32.6180,1631,0,0,0.107132,0.044246,9.3685
8,32.6380,1632,0,0,0.106655,0.044131,9.3686
8,32.6580,1633,0,0,0.106168,0.044012,9.3687
8,32.6780,1634,0,0,0.105670,0.043884,9.3689
8,32.6980,1635,0,0,0.105162,0.043744,9.3690
8,32.7180,1636,0,0,0.104655,0.043595,9.3692
8,32.7380,1637,0,0,0.104156,0.043443,9.3693
8,32.7590,1638,0,0,0.103671,0.043293,9.3694
8,32.7780,1639,0,0,0.103199,0.043150,9.3696
8,32.7980,1640,0,0,0.102739,0.043019,9.3697
8,32.8180,1641,0,0,0.102285,0.042905,9.3698
8,32.8380,1642,0,0,0.101836,0.042812,9.3699
8,32.8580,1643,0,0,0.101391,0.042744,9.3701
8,32.8780,1644,0,0,0.100956,0.042705,9.3702
8,32.8980,1645,0,0,0.100540,0.042695,9.3703
8,32.9180,1646,0,0,0.100160,0.042723,9.3704
8,32.9380,1647,0,0,0.099837,0.042791,9.3706
8,32.9580,1648,0,0,0.099590,0.042899,9.3707
8,32.9780,1649,0,0,0.099432,0.043046,9.3708
8,32.9980,1650,0,0,0.099379,0.043232,9.3709
8,33.0180,1651,0,0,0.099454,0.043456,9.3710
8,33.0380,1652,0,0,0.099668,0.043716,9.3711
8,33.0580,1653,0,0,0.100030,0.044014,9.3712
8,33.0780,1654,0,0,0.100543,0.044353,9.3713
8,33.0990,1655,0,0,0.101218,0.044732,9.3714
8,33.1180,1656,0,0,0.102059,0.045146,9.3715
8,33.1380,1657,0,0,0.103071,0.045599,9.3716
8,33.1580,1658,0,0,0.104312,0.045918,9.3717
8,33.1780,1659,0,0,0.105790,0.046180,9.3718
8,33.1980,1660,0,0,0.107419,0.046390,9.3719
8,33.2180,1661,0,0,0.109153,0.046615,9.3721
8,33.2380,1662,0,0,0.110944,0.046866,9.3722
8,33.2590,1663,0,0,0.112717,0.047153,9.3723
8,33.2780,1664,0,0,0.114399,0.047483,9.3723
8,33.2980,1665,0,0,0.115937,0.047864,9.3724
8,33.3180,1666,0,0,0.117307,0.048299,9.3725
8,33.3380,1667,0,0,0.118505,0.048787,9.3725
8,33.3580,1668,0,0,0.119543,0.049324,9.3726
8,33.3780,1669,0,0,0.120442,0.049904,9.3726
8,33.3980,1670,0,0,0.121326,0.049809,9.3726
8,33.4180,1671,0,0,0.122651,0.049822,9.3726
8,33.4380,1672,0,0,0.123888,0.050113,9.3726
8,33.4580,1673,0,0,0.124732,0.050551,9.3726
8,33.4780,1674,0,0,0.125243,0.051067,9.3726
8,33.4980,1675,0,0,0.125503,0.051630,9.3726
8,33.5180,1676,0,0,0.125600,0.052224,9.3725
8,33.5380,1677,0,0,0.125630,0.052839,9.3725
8,33.5580,1678,0,0,0.125684,0.053458,9.3725
8,33.5780,1679,0,0,0.125817,0.054063,9.3725
8,33.5990,1680,0,0,0.126054,0.054633,9.3724
8,33.6180,1681,0,0,0.126401,0.055149,9.3723
8,33.6380,1682,0,0,0.126851,0.055594,9.3723
8,33.6580,1683,0,0,0.127473,0.055732,9.3722
8,33.6780,1684,0,0,0.128300,0.055740,9.3721
8,33.6980,1685,0,0,0.129114,0.055764,9.3719
8,33.7180,1686,0,0,0.129890,0.055751,9.3718
8,33.7380,1687,0,0,0.130654,0.055750,9.3717
8,33.7590,1688,0,0,0.131366,0.055764,9.3715
8,33.7790,1689,0,0,0.131963,0.055807,9.3714
8,33.7980,1690,0,0,0.132404,0.055878,9.3713
8,33.8180,1691,0,0,0.132673,0.055968,9.3712
8,33.8380,1692,0,0,0.132782,0.056070,9.3710
8,33.8580,1693,0,0,0.132751,0.056173,9.3709
8,33.8780,1694,0,0,0.132686,0.056081,9.3708
8,33.8980,1695,0,0,0.132665,0.055890,9.3706
8,33.9180,1696,0,0,0.132585,0.055734,9.3704
8,33.9390,1697,0,0,0.132589,0.055594,9.3702
8,33.9580,1698,0,0,0.132657,0.055446,9.3700
8,33.9780,1699,0,0,0.132699,0.055293,9.3699
8,33.9980,1700,0,0,0.132652,0.055142,9.3697
8,34.0180,1701,0,0,0.132471,0.054996,9.3695
8,34.0380,1702,0,0,0.132133,0.054853,9.3694
8,34.0580,1703,0,0,0.131624,0.054714,9.3692
8,34.0780,1704,0,0,0.130951,0.054582,9.3691
8,34.0990,1705,0,0,0.130155,0.054089,9.3689
8,34.1180,1706,0,0,0.129535,0.053411,9.3687
8,34.1380,1707,0,0,0.129013,0.052869,9.3686
8,34.1580,1708,0,0,0.128304,0.052421,9.3684
8,34.1780,1709,0,0,0.127306,0.052071,9.3682
8,34.1980,1710,0,0,0.126057,0.051774,9.3680
8,34.2180,1711,0,0,0.124612,0.051507,9.3678
8,34.2380,1712,0,0,0.123025,0.051263,9.3676
8,34.2590,1713,0,0,0.121359,0.051042,9.3675
8,34.2780,1714,0,0,0.119680,0.050841,9.3673
8,34.2980,1715,0,0,0.118049,0.050651,9.3671
8,34.3180,1716,0,0,0.116512,0.050460,9.3669
8,34.3380,1717,0,0,0.115098,0.050256,9.3668
8,34.3580,1718,0,0,0.113825,0.050028,9.3666
8,34.3780,1719,0,0,0.112702,0.049768,9.3665
8,34.3980,1720,0,0,0.111742,0.049461,9.3663
8,34.4190,1721,0,0,0.110939,0.049121,9.3661
8,34.4380,1722,0,0,0.110277,0.048759,9.3660
8,34.4580,1723,0,0,0.109734,0.048381,9.3658
8,34.4780,1724,0,0,0.109285,0.047996,9.3657
8,34.4980,1725,0,0,0.108891,0.047614,9.3655
8,34.5180,1726,0,0,0.108516,0.047245,9.3654
8,34.5380,1727,0,0,0.108131,0.046896,9.3653
8,34.5580,1728,0,0,0.107717,0.046573,9.3651
8,34.5780,1729,0,0,0.107255,0.046282,9.3650
8,34.5990,1730,0,0,0.106738,0.046027,9.3649
8,34.6180,1731,0,0,0.106172,0.045788,9.3648
8,34.6380,1732,0,0,0.105662,0.045147,9.3647
8,34.6580,1733,0,0,0.105735,0.044695,9.3646
8,34.6780,1734,0,0,0.105879,0.044413,9.3646
8,34.6980,1735,0,0,0.105477,0.044154,9.3647
8,34.7180,1736,0,0,0.104438,0.043892,9.3647
8,34.7380,1737,0,0,0.102951,0.043645,9.3647
8,34.7580,1738,0,0,0.101270,0.043425,9.3646
8,34.7790,1739,0,0,0.099639,0.043249,9.3646
8,34.7980,1740,0,0,0.098254,0.043109,9.3645
8,34.8180,1741,0,0,0.097223,0.042993,9.3645
8,34.8380,1742,0,0,0.096562,0.042867,9.3644
8,34.8580,1743,0,0,0.096237,0.042655,9.3643
8,34.8780,1744,0,0,0.096386,0.042444,9.3643
8,34.8980,1745,0,0,0.097039,0.042079,9.3643
8,34.9180,1746,0,0,0.097421,0.041730,9.3643
8,34.9390,1747,0,0,0.097474,0.041479,9.3644
8,34.9580,1748,0,0,0.097342,0.041275,9.3645
8,34.9780,1749,0,0,0.097054,0.041126,9.3645
8,34.9980,1750,0,0,0.096663,0.041043,9.3646
8,35.0180,1751,0,0,0.096246,0.041007,9.3646
8,35.0380,1752,0,0,0.095870,0.041114,9.3646
8,35.0580,1753,0,0,0.095591,0.041309,9.3647
8,35.0780,1754,0,0,0.095507,0.041557,9.3647
8,35.0990,1755,0,0,0.095632,0.041819,9.3647
8,35.1180,1756,0,0,0.096222,0.043613,9.3648
8,35.1380,1757,0,0,0.096679,0.044897,9.3649
8,35.1580,1758,0,0,0.096333,0.046008,9.3651
8,35.1780,1759,0,0,0.095738,0.046880,9.3653
8,35.1980,1760,0,0,0.095544,0.047521,9.3655
8,35.2180,1761,0,0,0.096065,0.047957,9.3657
8,35.2380,1762,0,0,0.097265,0.048200,9.3658
8,35.2580,1763,0,0,0.099184,0.047807,9.3659
8,35.2790,1764,0,0,0.101820,0.046352,9.3660
8,35.2980,1765,0,0,0.103818,0.045081,9.3661
8,35.3180,1766,0,0,0.105082,0.044156,9.3662
8,35.3380,1767,0,0,0.105990,0.043554,9.3663
8,35.3580,1768,0,0,0.106637,0.043250,9.3663
8,35.3780,1769,0,0,0.106941,0.043161,9.3664
8,35.3980,1770,0,0,0.106823,0.043148,9.3664
8,35.4180,1771,0,0,0.106263,0.043070,9.3665
8,35.4390,1772,0,0,0.105303,0.042879,9.3666
8,35.4580,1773,0,0,0.104037,0.042551,9.3667
8,35.4780,1774,0,0,0.102586,0.042124,9.3668
8,35.4980,1775,0,0,0.101083,0.041665,9.3670
8,35.5180,1776,0,0,0.099650,0.041251,9.3671
8,35.5380,1777,0,0,0.098376,0.040932,9.3672
8,35.5580,1778,0,0,0.097290,0.040704,9.3673
8,35.5780,1779,0,0,0.096359,0.040522,9.3675
8,35.5990,1780,0,0,0.095500,0.040328,9.3676
8,35.6180,1781,0,0,0.094614,0.040048,9.3676
8,35.6380,1782,0,0,0.093607,0.039649,9.3677
8,35.6580,1783,0,0,0.092407,0.039120,9.3678
8,35.6780,1784,0,0,0.090978,0.038481,9.3679
8,35.6980,1785,0,0,0.089324,0.037774,9.3680
8,35.7180,1786,0,0,0.087488,0.037051,9.3681
8,35.7380,1787,0,0,0.085530,0.036366,9.3682
8,35.7580,1788,0,0,0.083521,0.035754,9.3683
8,35.7790,1789,0,0,0.081528,0.035226,9.3684
8,35.7980,1790,0,0,0.079614,0.034764,9.3685
8,35.8180,1791,0,0,0.077830,0.034331,9.3686
8,35.8380,1792,0,0,0.076217,0.033887,9.3687
8,35.8580,1793,0,0,0.074811,0.033402,9.3688
8,35.8780,1794,0,0,0.073636,0.032859,9.3690
8,35.8980,1795,0,0,0.072708,0.032261,9.3691
8,35.9180,1796,0,0,0.072027,0.031620,9.3692
8,35.9390,1797,0,0,0.071577,0.030962,9.3693
8,35.9580,1798,0,0,0.071325,0.030315,9.3694
8,35.9780,1799,0,0,0.071229,0.029712,9.3695
8,35.9980,1800,0,0,0.071229,0.029172,9.3695
8,36.0180,1801,0,0,0.071273,0.028738,9.3696
8,36.0380,1802,0,0,0.071321,0.028425,9.3697
8,36.0580,1803,0,0,0.071327,0.028247,9.3698
8,36.0780,1804,0,0,0.071264,0.028211,9.3699
8,36.0990,1805,0,0,0.071129,0.028299,9.3700
8,36.1180,1806,0,0,0.070954,0.028543,9.3700
8,36.1380,1807,0,0,0.070782,0.028929,9.3701
8,36.1580,1808,0,0,0.070665,0.029437,9.3702
8,36.1780,1809,0,0,0.070656,0.030050,9.3702
8,36.1980,1810,0,0,0.070810,0.030746,9.3703
8,36.2180,1811,0,0,0.071185,0.031505,9.3704
8,36.2380,1812,0,0,0.071829,0.032309,9.3704
8,36.2580,1813,0,0,0.072768,0.033144,9.3705
8,36.2780,1814,0,0,0.074014,0.033998,9.3705
8,36.2980,1815,0,0,0.075559,0.034863,9.3706
8,36.3180,1816,0,0,0.077388,0.035733,9.3706
8,36.3380,1817,0,0,0.079465,0.036608,9.3707
8,36.3580,1818,0,0,0.081753,0.037497,9.3707
8,36.3780,1819,0,0,0.084203,0.038390,9.3707
8,36.3980,1820,0,0,0.086773,0.039296,9.3707
8,36.4180,1821,0,0,0.089418,0.040219,9.3708
8,36.4390,1822,0,0,0.092113,0.041163,9.3708
8,36.4580,1823,0,0,0.094822,0.042129,9.3708
8,36.4780,1824,0,0,0.097519,0.043115,9.3708
8,36.4980,1825,0,0,0.100185,0.044119,9.3708
8,36.5180,1826,0,0,0.102808,0.045136,9.3708
8,36.5380,1827,0,0,0.105378,0.046161,9.3708
8,36.5580,1828,0,0,0.107894,0.047188,9.3708
8,36.5780,1829,0,0,0.110355,0.048213,9.3707
8,36.5980,1830,0,0,0.112882,0.048599,9.3707
8,36.6180,1831,0,0,0.115855,0.048974,9.3707
8,36.6380,1832,0,0,0.118849,0.049457,9.3706
8,36.6580,1833,0,0,0.121655,0.049980,9.3706
8,36.6780,1834,0,0,0.124138,0.050512,9.3705
8,36.6980,1835,0,0,0.126181,0.051054,9.3704
8,36.7180,1836,0,0,0.127744,0.051613,9.3704
8,36.7380,1837,0,0,0.128862,0.052194,9.3703
8,36.7580,1838,0,0,0.129608,0.052798,9.3703
8,36.7790,1839,0,0,0.130075,0.053418,9.3702
8,36.7980,1840,0,0,0.130476,0.054029,9.3701
8,36.8180,1841,0,0,0.130803,0.054587,9.3700
8,36.8380,1842,0,0,0.131007,0.055062,9.3699
8,36.8580,1843,0,0,0.131164,0.055242,9.3698
8,36.8780,1844,0,0,0.131376,0.055284,9.3697
8,36.8980,1845,0,0,0.131313,0.055245,9.3696
8,36.9180,1846,0,0,0.131006,0.055176,9.3695
8,36.9390,1847,0,0,0.130583,0.055067,9.3694
8,36.9580,1848,0,0,0.130072,0.054925,9.3692
8,36.9780,1849,0,0,0.129461,0.054757,9.3691
8,36.9980,1850,0,0,0.128736,0.054562,9.3690
8,37.0180,1851,0,0,0.127894,0.054328,9.3689
8,37.0380,1852,0,0,0.126940,0.054045,9.3688
8,37.0580,1853,0,0,0.125882,0.053701,9.3686
8,37.0780,1854,0,0,0.124834,0.052950,9.3685
8,37.0980,1855,0,0,0.124055,0.051822,9.3683
8,37.1190,1856,0,0,0.123274,0.050749,9.3682
8,37.1380,1857,0,0,0.122270,0.049734,9.3680
8,37.1580,1858,0,0,0.120993,0.048748,9.3679
8,37.1780,1859,0,0,0.119440,0.047780,9.3677
8,37.1980,1860,0,0,0.117590,0.046830,9.3676
8,37.2180,1861,0,0,0.115421,0.045904,9.3674
8,37.2380,1862,0,0,0.112931,0.045011,9.3673
8,37.2580,1863,0,0,0.110149,0.044153,9.3671
8,37.2790,1864,0,0,0.107129,0.043336,9.3670
8,37.2980,1865,0,0,0.103937,0.042559,9.3669
8,37.3180,1866,0,0,0.100641,0.041813,9.3667
8,37.3380,1867,0,0,0.097314,0.041085,9.3666
8,37.3580,1868,0,0,0.094032,0.040362,9.3665
8,37.3780,1869,0,0,0.090870,0.039632,9.3663
8,37.3980,1870,0,0,0.087896,0.038862,9.3662
8,37.4180,1871,0,0,0.085171,0.038087,9.3660
8,37.4390,1872,0,0,0.082743,0.037296,9.3659
8,37.4580,1873,0,0,0.080669,0.035797,9.3658
8,37.4780,1874,0,0,0.079535,0.033865,9.3656
8,37.4980,1875,0,0,0.079047,0.032211,9.3655
8,37.5180,1876,0,0,0.078436,0.030855,9.3654
8,37.5380,1877,0,0,0.077375,0.029732,9.3653
8,37.5580,1878,0,0,0.075860,0.028799,9.3652
8,37.5780,1879,0,0,0.073989,0.028059,9.3651
8,37.5980,1880,0,0,0.071889,0.027536,9.3650
8,37.6180,1881,0,0,0.070544,0.036823,9.3647
8,37.6380,1882,0,0,0.085011,0.043276,9.3641
8,37.6580,1883,0,0,0.088846,0.047130,9.3636
8,37.6780,1884,0,0,0.092012,0.053111,9.3631
8,37.6980,1885,0,0,0.092697,0.057337,9.3626
8,37.7180,1886,0,0,0.092893,0.058415,9.3623
8,37.7380,1887,0,0,0.092214,0.056366,9.3620
8,37.7580,1888,0,0,0.085437,0.053315,9.3619
8,37.7790,1889,0,0,0.076282,0.048859,9.3619
8,37.7980,1890,0,0,0.067898,0.045407,9.3619
8,37.8180,1891,0,0,0.059556,0.040579,9.3620
8,37.8380,1892,0,0,0.050536,0.034960,9.3622
8,37.8580,1893,0,0,0.042539,0.029127,9.3624
8,37.8780,1894,0,0,0.044065,0.023985,9.3624
8,37.8980,1895,0,0,0.053628,0.031233,9.3624
8,37.9180,1896,0,0,0.065208,0.038786,9.3620
8,37.9390,1897,0,0,0.076550,0.045664,9.3614
8,37.9580,1898,0,0,0.082624,0.050229,9.3608
8,37.9780,1899,0,0,0.082654,0.053438,9.3603
8,37.9980,1900,0,0,0.082743,0.055014,9.3600
8,38.0180,1901,0,0,0.099665,0.060910,9.3599
8,38.0380,1902,0,0,0.123688,0.065817,9.3600
8,38.0580,1903,0,0,0.138840,0.070183,9.3601
8,38.0780,1904,0,0,0.145989,0.072966,9.3603
8,38.0980,1905,0,0,0.149321,0.073570,9.3605
8,38.1180,1906,0,0,0.151914,0.072176,9.3607
8,38.1380,1907,0,0,0.155241,0.069091,9.3609
8,38.1580,1908,0,0,0.159543,0.064880,9.3610
8,38.1780,1909,0,0,0.164451,0.060454,9.3611
8,38.1980,1910,0,0,0.169629,0.057509,9.3611
8,38.2180,1911,0,0,0.174054,0.059839,9.3610
8,38.2380,1912,0,0,0.177089,0.065210,9.3609
8,38.2580,1913,0,0,0.178606,0.070312,9.3607
8,38.2790,1914,0,0,0.178595,0.074541,9.3605
8,38.2980,1915,0,0,0.177138,0.077756,9.3603
8,38.3180,1916,0,0,0.174481,0.080020,9.3601
8,38.3380,1917,0,0,0.171070,0.081501,9.3599
8,38.3580,1918,0,0,0.167511,0.082413,9.3598
8,38.3780,1919,0,0,0.164474,0.082982,9.3596
8,38.3980,1920,0,0,0.162555,0.083381,9.3595
8,38.4180,1921,0,0,0.162167,0.083794,9.3594
8,38.4390,1922,0,0,0.163427,0.084282,9.3594
8,38.4580,1923,0,0,0.166186,0.084825,9.3593
8,38.4780,1924,0,0,0.170098,0.085328,9.3593
8,38.4980,1925,0,0,0.174732,0.085673,9.3594
8,38.5180,1926,0,0,0.179650,0.085724,9.3594
8,38.5380,1927,0,0,0.184462,0.085421,9.3595
8,38.5580,1928,0,0,0.188867,0.084766,9.3595
8,38.5780,1929,0,0,0.192654,0.083836,9.3596
8,38.5980,1930,0,0,0.195682,0.082742,9.3597
8,38.6190,1931,0,0,0.197865,0.081651,9.3597
8,38.6380,1932,0,0,0.199170,0.080745,9.3597
8,38.6580,1933,0,0,0.199597,0.080183,9.3597
8,38.6780,1934,0,0,0.199170,0.080049,9.3597
8,38.6980,1935,0,0,0.197938,0.080296,9.3597
8,38.7180,1936,0,0,0.195983,0.080780,9.3596
8,38.7380,1937,0,0,0.193407,0.081318,9.3596
8,38.7580,1938,0,0,0.190334,0.081779,9.3595
8,38.7790,1939,0,0,0.186930,0.082054,9.3594
8,38.7980,1940,0,0,0.183390,0.082132,9.3594
8,38.8180,1941,0,0,0.179920,0.081983,9.3593
8,38.8380,1942,0,0,0.176672,0.081613,9.3593
8,38.8580,1943,0,0,0.173764,0.081048,9.3592
8,38.8780,1944,0,0,0.171275,0.080292,9.3592
8,38.8980,1945,0,0,0.169226,0.079369,9.3592
8,38.9180,1946,0,0,0.167601,0.078292,9.3592
8,38.9380,1947,0,0,0.166327,0.077071,9.3592
8,38.9580,1948,0,0,0.165290,0.075713,9.3593
8,38.9780,1949,0,0,0.164357,0.074261,9.3593
8,38.9980,1950,0,0,0.163392,0.072704,9.3593
8,39.0180,1951,0,0,0.162287,0.071020,9.3594
8,39.0380,1952,0,0,0.160910,0.069243,9.3594
8,39.0580,1953,0,0,0.159150,0.067411,9.3595
8,39.0780,1954,0,0,0.156935,0.065569,9.3595
8,39.0980,1955,0,0,0.154231,0.063757,9.3596
8,39.1190,1956,0,0,0.151023,0.062012,9.3596
8,39.1380,1957,0,0,0.147306,0.060325,9.3597
8,39.1580,1958,0,0,0.143128,0.058743,9.3597
8,39.1780,1959,0,0,0.138555,0.057244,9.3598
8,39.1980,1960,0,0,0.133657,0.055801,9.3599
8,39.2180,1961,0,0,0.128513,0.054382,9.3599
8,39.2380,1962,0,0,0.123217,0.052953,9.3600
8,39.2580,1963,0,0,0.117866,0.051476,9.3601
8,39.2790,1964,0,0,0.112577,0.049937,9.3601
8,39.2980,1965,0,0,0.107431,0.048320,9.3602
8,39.3180,1966,0,0,0.102488,0.046615,9.3603
8,39.3380,1967,0,0,0.097789,0.044815,9.3603
8,39.3580,1968,0,0,0.093356,0.042921,9.3604
8,39.3780,1969,0,0,0.089183,0.040939,9.3605
8,39.3980,1970,0,0,0.085251,0.038880,9.3606
8,39.4180,1971,0,0,0.081520,0.036761,9.3606
8,39.4380,1972,0,0,0.077944,0.034603,9.3607
8,39.4580,1973,0,0,0.074468,0.032434,9.3608
8,39.4780,1974,0,0,0.071046,0.030289,9.3609
8,39.4980,1975,0,0,0.067642,0.028209,9.3610
8,39.5180,1976,0,0,0.064239,0.026253,9.3611
8,39.5380,1977,0,0,0.060842,0.024471,9.3612
8,39.5580,1978,0,0,0.057484,0.022921,9.3613
8,39.5780,1979,0,0,0.054240,0.021653,9.3614
8,39.5980,1980,0,0,0.051216,0.020698,9.3614
8,39.6190,1981,0,0,0.048553,0.020061,9.3615
8,39.6380,1982,0,0,0.046416,0.019727,9.3616
8,39.6580,1983,0,0,0.044977,0.019676,9.3617
8,39.6780,1984,0,0,0.044381,0.019889,9.3618
8,39.6980,1985,0,0,0.044716,0.020349,9.3619
8,39.7180,1986,0,0,0.045985,0.021033,9.3620
8,39.7380,1987,0,0,0.048110,0.021917,9.3620
8,39.7580,1988,0,0,0.050953,0.022974,9.3621
8,39.7790,1989,0,0,0.054354,0.024182,9.3622
8,39.7980,1990,0,0,0.058152,0.025522,9.3623
8,39.8180,1991,0,0,0.062209,0.026978,9.3624
8,39.8380,1992,0,0,0.066410,0.028538,9.3624
8,39.8580,1993,0,0,0.070667,0.030193,9.3625
8,39.8780,1994,0,0,0.074917,0.031932,9.3626
8,39.8980,1995,0,0,0.079116,0.033743,9.3627
8,39.9180,1996,0,0,0.083241,0.035610,9.3627
8,39.9380,1997,0,0,0.087280,0.037541,9.3628
8,39.9590,1998,0,0,0.091272,0.039357,9.3629
8,39.9780,1999,0,0,0.095262,0.041114,9.3629
8,39.9980,2000,0,0,0.099219,0.042817,9.3630
8,40.0180,2001,0,0,0.103116,0.044462,9.3631
8,40.0380,2002,0,0,0.106933,0.046041,9.3631
8,40.0580,2003,0,0,0.110649,0.047549,9.3632
8,40.0780,2004,0,0,0.114240,0.048980,9.3633
8,40.0980,2005,0,0,0.117685,0.050333,9.3633
8,40.1190,2006,0,0,0.120968,0.051606,9.3634
8,40.1380,2007,0,0,0.124071,0.052795,9.3634
8,40.1580,2008,0,0,0.126993,0.053907,9.3635
8,40.1780,2009,0,0,0.129717,0.054942,9.3635
8,40.1980,2010,0,0,0.132225,0.055901,9.3635
8,40.2180,2011,0,0,0.134507,0.056781,9.3635
8,40.2380,2012,0,0,0.136551,0.057584,9.3636
8,40.2580,2013,0,0,0.138351,0.058306,9.3636
8,40.2790,2014,0,0,0.139902,0.058948,9.3636
8,40.2980,2015,0,0,0.141205,0.059508,9.3636
8,40.3180,2016,0,0,0.142261,0.059984,9.3636
8,40.3380,2017,0,0,0.143075,0.060373,9.3636
8,40.3580,2018,0,0,0.143654,0.060631,9.3636
8,40.3780,2019,0,0,0.144023,0.060815,9.3636
8,40.3980,2020,0,0,0.144186,0.060913,9.3636
8,40.4180,2021,0,0,0.144147,0.060924,9.3636
8,40.4380,2022,0,0,0.143892,0.060847,9.3635
8,40.4580,2023,0,0,0.143416,0.060678,9.3635
8,40.4780,2024,0,0,0.142723,0.060416,9.3635
8,40.4980,2025,0,0,0.141829,0.060060,9.3634
8,40.5180,2026,0,0,0.140738,0.059614,9.3634
8,40.5380,2027,0,0,0.139462,0.059079,9.3633
8,40.5580,2028,0,0,0.138011,0.058459,9.3633
8,40.5780,2029,0,0,0.136396,0.057778,9.3632
8,40.5980,2030,0,0,0.134598,0.057009,9.3631
8,40.6190,2031,0,0,0.132615,0.056153,9.3631
8,40.6380,2032,0,0,0.130469,0.055218,9.3630
8,40.6580,2033,0,0,0.128178,0.054210,9.3629
8,40.6780,2034,0,0,0.125758,0.053138,9.3628
8,40.6980,2035,0,0,0.123214,0.052009,9.3627
8,40.7180,2036,0,0,0.121003,0.053320,9.3626
8,40.7380,2037,0,0,0.117237,0.053900,9.3623
8,40.7580,2038,0,0,0.111848,0.054599,9.3620
8,40.7780,2039,0,0,0.106879,0.054665,9.3617
8,40.7980,2040,0,0,0.103224,0.054239,9.3614
8,40.8180,2041,0,0,0.101050,0.053627,9.3612
8,40.8380,2042,0,0,0.100224,0.052963,9.3612
8,40.8580,2043,0,0,0.100432,0.052190,9.3611
8,40.8780,2044,0,0,0.101221,0.051204,9.3611
8,40.8980,2045,0,0,0.102140,0.049923,9.3612
8,40.9180,2046,0,0,0.102876,0.048346,9.3612
8,40.9380,2047,0,0,0.103291,0.046556,9.3611
8,40.9590,2048,0,0,0.103374,0.044685,9.3611
8,40.9780,2049,0,0,0.103160,0.042865,9.3610
8,40.9980,2050,0,0,0.102669,0.041193,9.3608
8,41.0180,2051,0,0,0.101882,0.039714,9.3606
8,41.0380,2052,0,0,0.100753,0.038413,9.3604
8,41.0580,2053,0,0,0.099232,0.037232,9.3602
8,41.0780,2054,0,0,0.097306,0.036148,9.3600
8,41.0980,2055,0,0,0.094973,0.035154,9.3598
8,41.1190,2056,0,0,0.092254,0.034262,9.3597
8,41.1380,2057,0,0,0.089210,0.033479,9.3595
8,41.1580,2058,0,0,0.085928,0.032802,9.3594
8,41.1780,2059,0,0,0.082506,0.032211,9.3593
8,41.1980,2060,0,0,0.079057,0.031682,9.3592
8,41.2180,2061,0,0,0.075694,0.031190,9.3591
8,41.2380,2062,0,0,0.072523,0.030718,9.3590
8,41.2580,2063,0,0,0.069635,0.030250,9.3589
8,41.2780,2064,0,0,0.067094,0.029778,9.3588
8,41.2990,2065,0,0,0.064946,0.029279,9.3587
8,41.3180,2066,0,0,0.063205,0.028798,9.3586
8,41.3380,2067,0,0,0.061871,0.028345,9.3585
8,41.3580,2068,0,0,0.060926,0.027943,9.3584
8,41.3780,2069,0,0,0.060339,0.027625,9.3583
8,41.3980,2070,0,0,0.060081,0.027430,9.3582
8,41.4180,2071,0,0,0.060126,0.027392,9.3581
8,41.4380,2072,0,0,0.060464,0.027530,9.3580
8,41.4590,2073,0,0,0.061111,0.027748,9.3579
8,41.4780,2074,0,0,0.062097,0.028066,9.3578
8,41.4980,2075,0,0,0.063424,0.028501,9.3577
8,41.5180,2076,0,0,0.065086,0.029093,9.3576
8,41.5380,2077,0,0,0.067043,0.029851,9.3575
8,41.5580,2078,0,0,0.069237,0.030749,9.3573
8,41.5780,2079,0,0,0.071618,0.031740,9.3572
8,41.5980,2080,0,0,0.074141,0.032783,9.3571
8,41.6190,2081,0,0,0.076809,0.033890,9.3570
8,41.6390,2082,0,0,0.079647,0.035016,9.3570
8,41.6580,2083,0,0,0.100669,0.036744,9.3567
8,41.6780,2084,0,0,0.115355,0.036801,9.3564
8,41.6980,2085,0,0,0.122221,0.036699,9.3562
8,41.7180,2086,0,0,0.125185,0.036589,9.3560
8,41.7380,2087,0,0,0.127275,0.038702,9.3559
8,41.7580,2088,0,0,0.129606,0.041430,9.3559
8,41.7780,2089,0,0,0.132179,0.043319,9.3559
8,41.7990,2090,0,0,0.134468,0.044710,9.3560
8,41.8180,2091,0,0,0.135789,0.046291,9.3562
8,41.8380,2092,0,0,0.135698,0.048533,9.3564
8,41.8580,2093,0,0,0.134157,0.051354,9.3566
8,41.8780,2094,0,0,0.131483,0.054436,9.3568
8,41.8980,2095,0,0,0.128231,0.057537,9.3570
8,41.9180,2096,0,0,0.125025,0.060538,9.3571
8,41.9380,2097,0,0,0.122359,0.063375,9.3572
8,41.9590,2098,0,0,0.120681,0.066000,9.3572
8,41.9780,2099,0,0,0.120353,0.068347,9.3571
8,41.9980,2100,0,0,0.121533,0.070325,9.3571
8,42.0180,2101,0,0,0.124171,0.071864,9.3570
8,42.0380,2102,0,0,0.128100,0.072938,9.3569
8,42.0580,2103,0,0,0.133118,0.073538,9.3569
8,42.0780,2104,0,0,0.139001,0.073676,9.3569
8,42.0980,2105,0,0,0.145521,0.073484,9.3570
8,42.1180,2106,0,0,0.152459,0.072909,9.3570
8,42.1380,2107,0,0,0.159468,0.072059,9.3571
8,42.1580,2108,0,0,0.166266,0.071097,9.3573
8,42.1780,2109,0,0,0.172634,0.070158,9.3574
8,42.1980,2110,0,0,0.178339,0.069391,9.3576
8,42.2180,2111,0,0,0.183135,0.068929,9.3578
8,42.2380,2112,0,0,0.186806,0.068845,9.3580
8,42.2580,2113,0,0,0.189190,0.069109,9.3582
8,42.2780,2114,0,0,0.190187,0.069601,9.3583
8,42.2990,2115,0,0,0.189783,0.070205,9.3585
8,42.3180,2116,0,0,0.188047,0.070843,9.3587
8,42.3380,2117,0,0,0.185128,0.071497,9.3588
8,42.3580,2118,0,0,0.181249,0.072161,9.3590
8,42.3780,2119,0,0,0.176680,0.072822,9.3591
8,42.3980,2120,0,0,0.171716,0.073445,9.3593
8,42.4180,2121,0,0,0.166643,0.073974,9.3594
8,42.4380,2122,0,0,0.161720,0.074339,9.3596
8,42.4590,2123,0,0,0.157164,0.074472,9.3597
8,42.4780,2124,0,0,0.153130,0.074312,9.3598
8,42.4980,2125,0,0,0.149712,0.073807,9.3600
8,42.5180,2126,0,0,0.146955,0.072929,9.3601
8,42.5380,2127,0,0,0.144822,0.071665,9.3602
8,42.5580,2128,0,0,0.143250,0.070085,9.3603
8,42.5780,2129,0,0,0.142140,0.068219,9.3604
8,42.5980,2130,0,0,0.141338,0.066115,9.3605
8,42.6180,2131,0,0,0.140647,0.063834,9.3606
8,42.6380,2132,0,0,0.139868,0.061436,9.3607
8,42.6580,2133,0,0,0.138807,0.058984,9.3608
8,42.6780,2134,0,0,0.137293,0.056532,9.3609
8,42.6980,2135,0,0,0.135196,0.054116,9.3611
8,42.7180,2136,0,0,0.132436,0.051779,9.3612
8,42.7380,2137,0,0,0.128955,0.049540,9.3613
8,42.7580,2138,0,0,0.124732,0.047397,9.3614
8,42.7780,2139,0,0,0.119774,0.045335,9.3615
8,42.7990,2140,0,0,0.114126,0.043332,9.3617
8,42.8180,2141,0,0,0.107892,0.041325,9.3618
8,42.8380,2142,0,0,0.101141,0.039412,9.3618
8,42.8580,2143,0,0,0.093970,0.037576,9.3619
8,42.8780,2144,0,0,0.086549,0.035767,9.3620
8,42.8980,2145,0,0,0.079042,0.033935,9.3621
8,42.9180,2146,0,0,0.071592,0.032039,9.3621
8,42.9380,2147,0,0,0.064315,0.030047,9.3622
8,42.9580,2148,0,0,0.057302,0.027933,9.3622
8,42.9780,2149,0,0,0.050615,0.025680,9.3622
8,42.9980,2150,0,0,0.044289,0.023282,9.3623
8,43.0180,2151,0,0,0.038336,0.020719,9.3623
8,43.0380,2152,0,0,0.032750,0.018051,9.3623
8,43.0580,2153,0,0,0.027513,0.015302,9.3623
8,43.0780,2154,0,0,0.022601,0.012514,9.3623
8,43.0980,2155,0,0,0.018001,0.009759,9.3623
8,43.1180,2156,0,0,0.013784,0.007170,9.3623
8,43.1380,2157,0,0,0.010274,0.005097,9.3623
8,43.1580,2158,0,0,0.008408,0.004371,9.3623
8,43.1780,2159,0,0,0.009359,0.005420,9.3623
8,43.1980,2160,0,0,0.012660,0.007452,9.3622
8,43.2190,2161,0,0,0.017152,0.009808,9.3622
8,43.2380,2162,0,0,0.022259,0.012234,9.3622
8,43.2580,2163,0,0,0.027750,0.014635,9.3621
8,43.2780,2164,0,0,0.033505,0.016975,9.3621
8,43.2990,2165,0,0,0.039440,0.019241,9.3620
8,43.3180,2166,0,0,0.045481,0.021431,9.3620
8,43.3380,2167,0,0,0.051559,0.023550,9.3619
8,43.3580,2168,0,0,0.057608,0.025606,9.3619
8,43.3780,2169,0,0,0.063563,0.027610,9.3618
8,43.3980,2170,0,0,0.069368,0.029569,9.3617
8,43.4180,2171,0,0,0.074973,0.031494,9.3616
8,43.4380,2172,0,0,0.080336,0.033391,9.3615
8,43.4590,2173,0,0,0.085425,0.035264,9.3614
8,43.4780,2174,0,0,0.090219,0.037117,9.3613
8,43.4980,2175,10,0,0.000000,0.000000,9.3612
9,0.0170,1,0,0,0.000000,0.000000,9.6900
9,0.0370,2,0,0,0.196000,0.196000,9.6861
9,0.0570,3,0,0,0.391608,0.382846,9.6782
9,0.0770,4,0,0,0.586825,0.528163,9.6665
9,0.0970,5,0,0,0.781651,0.658304,9.6509
9,0.1170,6,0,0,0.976088,0.743397,9.6314
9,0.1370,7,0,0,1.170136,0.786815,9.6080
9,0.1580,8,0,0,1.363795,0.780812,9.5807
9,0.1780,9,0,0,1.557068,0.734217,9.5495
9,0.1970,10,0,0,1.749954,0.639321,9.5145
9,0.2170,11,0,0,1.942454,0.483091,9.4757
9,0.2370,12,0,0,0.518297,0.281090,9.4653
9,0.2570,13,0,0,0.075128,0.047557,9.4651
9,0.2770,14,0,0,0.294046,0.182654,9.4709
9,0.2970,15,0,0,0.475651,0.317647,9.4804
9,0.3170,16,0,0,0.525273,0.358265,9.4909
9,0.3380,17,0,0,0.440590,0.314119,9.4995
9,0.3570,18,0,0,0.272542,0.204147,9.5050
9,0.3770,19,0,0,0.103022,0.063038,9.5065
9,0.3970,20,0,0,0.162283,0.104597,9.5041
9,0.4170,21,0,0,0.312965,0.200740,9.4979
9,0.4370,22,0,0,0.422312,0.249618,9.4895
9,0.4570,23,0,0,0.388617,0.256766,9.4818
9,0.4770,24,0,0,0.303540,0.212921,9.4757
9,0.4980,25,0,0,0.185883,0.133454,9.4720
9,0.5170,26,0,0,0.075395,0.053772,9.4709
9,0.5370,27,0,0,0.071122,0.051831,9.4719
9,0.5570,28,0,0,0.134752,0.094855,9.4746
9,0.5770,29,0,0,0.169131,0.114926,9.4779
9,0.5970,30,0,0,0.158921,0.106011,9.4811
9,0.6170,31,0,0,0.121324,0.079346,9.4834
9,0.6370,32,0,0,0.081192,0.045842,9.4846
9,0.6570,33,0,0,0.069500,0.026947,9.4846
9,0.6780,34,0,0,0.089141,0.042953,9.4837
9,0.6970,35,0,0,0.108504,0.058754,9.4822
9,0.7170,36,0,0,0.114821,0.063682,9.4807
9,0.7370,37,0,0,0.109136,0.058398,9.4793
9,0.7570,38,0,0,0.100917,0.068902,9.4782
9,0.7770,39,0,0,0.102078,0.070493,9.4774
9,0.7970,40,0,0,0.100194,0.071017,9.4769
9,0.8170,41,0,0,0.117078,0.062319,9.4767
9,0.8370,42,0,0,0.141167,0.052665,9.4769
9,0.8570,43,0,0,0.157124,0.045882,9.4773
9,0.8770,44,0,0,0.159560,0.043957,9.4778
9,0.8970,45,0,0,0.150816,0.045359,9.4782
9,0.9170,46,0,0,0.136733,0.048842,9.4785
9,0.9370,47,0,0,0.123065,0.054162,9.4786
9,0.9570,48,0,0,0.113405,0.060899,9.4786
9,0.9770,49,0,0,0.108764,0.068157,9.4784
9,0.9980,50,0,0,0.112126,0.074830,9.4782
9,1.0170,51,0,0,0.115348,0.080129,9.4780
9,1.0370,52,0,0,0.118007,0.083681,9.4778
9,1.0570,53,0,0,0.123116,0.085491,9.4777
9,1.0770,54,0,0,0.131718,0.085823,9.4776
9,1.0970,55,0,0,0.141946,0.085054,9.4776
9,1.1170,56,0,0,0.153564,0.083574,9.4777
9,1.1370,57,0,0,0.165593,0.082372,9.4775
9,1.1570,58,0,0,0.176203,0.082865,9.4773
9,1.1780,59,0,0,0.188092,0.082092,9.4769
9,1.1970,60,0,0,0.201692,0.080489,9.4766
9,1.2170,61,0,0,0.215272,0.078691,9.4763
9,1.2370,62,0,0,0.226562,0.077237,9.4762
9,1.2570,63,0,0,0.233983,0.076414,9.4761
9,1.2770,64,0,0,0.237051,0.076258,9.4761
9,1.2970,65,0,0,0.236180,0.076585,9.4762
9,1.3170,66,0,0,0.232221,0.077308,9.4763
9,1.3380,67,0,0,0.226109,0.078675,9.4764
9,1.3570,68,0,0,0.218669,0.081051,9.4764
9,1.3770,69,0,0,0.210524,0.084169,9.4765
9,1.3970,70,0,0,0.202111,0.087381,9.4765
9,1.4170,71,0,0,0.193762,0.090250,9.4764
9,1.4370,72,0,0,0.185797,0.092492,9.4763
9,1.4570,73,0,0,0.178565,0.093962,9.4763
9,1.4770,74,0,0,0.172509,0.094326,9.4762
9,1.4980,75,0,0,0.168061,0.093590,9.4761
9,1.5180,76,0,0,0.165406,0.091862,9.4760
9,1.5370,77,0,0,0.164480,0.089267,9.4759
9,1.5570,78,0,0,0.165023,0.085946,9.4759
9,1.5770,79,0,0,0.166610,0.082055,9.4758
9,1.5970,80,0,0,0.168714,0.077764,9.4757
9,1.6170,81,0,0,0.170787,0.073114,9.4757
9,1.6370,82,0,0,0.172371,0.068758,9.4756
9,1.6570,83,0,0,0.172847,0.064909,9.4755
9,1.6780,84,0,0,0.171389,0.061485,9.4753
9,1.6970,85,0,0,0.167415,0.058303,9.4751
9,1.7170,86,0,0,0.160800,0.055235,9.4749
9,1.7370,87,0,0,0.151841,0.052202,9.4746
9,1.7570,88,0,0,0.141095,0.049223,9.4743
9,1.7770,89,0,0,0.129175,0.046435,9.4741
9,1.7970,90,0,0,0.116420,0.044018,9.4739
9,1.8170,91,0,0,0.102627,0.042189,9.4737
9,1.8380,92,0,0,0.088036,0.040774,9.4736
9,1.8570,93,0,0,0.071023,0.039875,9.4733
9,1.8770,94,0,0,0.068217,0.038776,9.4731
9,1.8970,95,0,0,0.065634,0.037706,9.4729
9,1.9170,96,0,0,0.060542,0.036668,9.4727
9,1.9370,97,0,0,0.055769,0.035808,9.4726
9,1.9570,98,0,0,0.053509,0.037148,9.4723
9,1.9770,99,0,0,0.048720,0.038159,9.4721
9,1.9990,100,0,0,0.052547,0.037545,9.4721
9,2.0200,101,0,0,0.054671,0.032007,9.4722
9,2.0370,102,0,0,0.051569,0.027943,9.4723
9,2.0570,103,0,0,0.048102,0.035413,9.4724
9,2.0770,104,0,0,0.053862,0.042307,9.4725
9,2.0970,105,0,0,0.066073,0.047305,9.4724
9,2.1170,106,0,0,0.068570,0.049929,9.4721
9,2.1370,107,0,0,0.062025,0.050166,9.4719
9,2.1570,108,0,0,0.066093,0.047978,9.4715
9,2.1770,109,0,0,0.071477,0.045758,9.4713
9,2.1970,110,0,0,0.079804,0.045191,9.4711
9,2.2170,111,0,0,0.092269,0.046241,9.4711
9,2.2370,112,0,0,0.107700,0.047756,9.4713
9,2.2570,113,0,0,0.124008,0.049248,9.4715
9,2.2770,114,0,0,0.139325,0.050560,9.4717
9,2.2970,115,0,0,0.152432,0.051655,9.4720
9,2.3170,116,0,0,0.162800,0.052664,9.4722
9,2.3380,117,0,0,0.170436,0.053874,9.4723
9,2.3570,118,0,0,0.175617,0.055609,9.4724
9,2.3770,119,0,0,0.173177,0.058275,9.4724
9,2.3970,120,0,0,0.171918,0.061508,9.4724
9,2.4170,121,0,0,0.170760,0.065381,9.4725
9,2.4370,122,0,0,0.169345,0.069878,9.4725
9,2.4570,123,0,0,0.167624,0.074249,9.4725
9,2.4770,124,0,0,0.165755,0.078120,9.4725
9,2.4970,125,0,0,0.164116,0.081301,9.4726
9,2.5180,126,0,0,0.163182,0.083717,9.4727
9,2.5370,127,0,0,0.163362,0.085361,9.4728
9,2.5570,128,0,0,0.164869,0.086272,9.4729
9,2.5770,129,0,0,0.167687,0.086514,9.4730
9,2.5970,130,0,0,0.171600,0.086171,9.4730
9,2.6170,131,0,0,0.176260,0.085343,9.4731
9,2.6370,132,0,0,0.181261,0.084143,9.4732
9,2.6570,133,0,0,0.184921,0.080233,9.4732
9,2.6780,134,0,0,0.190797,0.079957,9.4731
9,2.6970,135,0,0,0.200397,0.079093,9.4730
9,2.7170,136,0,0,0.210872,0.077873,9.4729
9,2.7370,137,0,0,0.219292,0.077040,9.4728
9,2.7570,138,0,0,0.223309,0.076511,9.4728
9,2.7770,139,0,0,0.224860,0.076576,9.4729
9,2.7970,140,0,0,0.225224,0.076743,9.4730
9,2.8170,141,0,0,0.224094,0.077292,9.4731
9,2.8380,142,0,0,0.221164,0.078387,9.4732
9,2.8570,143,0,0,0.216494,0.079925,9.4734
9,2.8770,144,0,0,0.210458,0.081661,9.4734
9,2.8970,145,0,0,0.203180,0.083041,9.4736
9,2.9170,146,0,0,0.196912,0.084901,9.4737
9,2.9370,147,0,0,0.191836,0.086558,9.4738
9,2.9570,148,0,0,0.187257,0.087815,9.4739
9,2.9770,149,0,0,0.182774,0.088519,9.4739
9,2.9970,150,0,0,0.178461,0.088595,9.4740
9,3.0180,151,0,0,0.174664,0.088064,9.4740
9,3.0370,152,0,0,0.171738,0.086998,9.4739
9,3.0570,153,0,0,0.169859,0.085480,9.4739
9,3.0770,154,0,0,0.168968,0.083563,9.4739
9,3.0970,155,0,0,0.168864,0.081305,9.4739
9,3.1170,156,0,0,0.169251,0.078765,9.4739
9,3.1370,157,0,0,0.169752,0.076017,9.4740
9,3.1570,158,0,0,0.170020,0.073152,9.4740
9,3.1780,159,0,0,0.169778,0.070269,9.4740
9,3.1970,160,0,0,0.168825,0.067472,9.4740
9,3.2170,161,0,0,0.167017,0.064858,9.4741
9,3.2370,162,0,0,0.164256,0.062504,9.4741
9,3.2570,163,0,0,0.160492,0.060454,9.4741
9,3.2770,164,0,0,0.155732,0.058693,9.4741
9,3.2970,165,0,0,0.150041,0.057164,9.4741
9,3.3170,166,0,0,0.143485,0.055803,9.4740
9,3.3380,167,0,0,0.136246,0.054547,9.4740
9,3.3570,168,0,0,0.128670,0.053373,9.4740
9,3.3770,169,0,0,0.121119,0.052222,9.4740
9,3.3970,170,0,0,0.113892,0.051040,9.4740
9,3.4170,171,0,0,0.107226,0.049778,9.4740
9,3.4370,172,0,0,0.101280,0.048398,9.4740
9,3.4570,173,0,0,0.096160,0.046877,9.4740
9,3.4770,174,0,0,0.091922,0.045211,9.4740
9,3.4970,175,0,0,0.088562,0.043412,9.4740
9,3.5180,176,0,0,0.086019,0.041513,9.4740
9,3.5370,177,0,0,0.084174,0.039568,9.4739
9,3.5570,178,0,0,0.082870,0.037646,9.4739
9,3.5770,179,0,0,0.081935,0.035837,9.4739
9,3.5970,180,0,0,0.081205,0.034250,9.4739
9,3.6170,181,0,0,0.080551,0.033004,9.4739
9,3.6370,182,0,0,0.079889,0.032206,9.4739
9,3.6570,183,0,0,0.079189,0.031889,9.4739
9,3.6780,184,0,0,0.078478,0.031988,9.4738
9,3.6970,185,0,0,0.077829,0.032382,9.4738
9,3.7170,186,0,0,0.077357,0.032960,9.4738
9,3.7370,187,0,0,0.077193,0.033637,9.4738
9,3.7570,188,0,0,0.077470,0.034360,9.4737
9,3.7770,189,0,0,0.078294,0.035101,9.4737
9,3.7970,190,0,0,0.079726,0.035845,9.4737
9,3.8170,191,0,0,0.081764,0.036586,9.4737
9,3.8370,192,0,0,0.084348,0.037323,9.4737
9,3.8570,193,0,0,0.087367,0.038056,9.4736
9,3.8770,194,0,0,0.090673,0.038788,9.4736
9,3.8970,195,0,0,0.094121,0.039525,9.4736
9,3.9170,196,0,0,0.097551,0.040280,9.4736
9,3.9370,197,0,0,0.100841,0.041068,9.4736
9,3.9570,198,0,0,0.103885,0.041907,9.4735
9,3.9770,199,0,0,0.106616,0.042816,9.4735
9,3.9970,200,0,0,0.108986,0.043804,9.4735
9,4.0180,201,0,0,0.110989,0.044867,9.4735
9,4.0370,202,0,0,0.112644,0.045987,9.4735
9,4.0570,203,0,0,0.113983,0.047134,9.4735
9,4.0770,204,0,0,0.115056,0.048274,9.4734
9,4.0970,205,0,0,0.115908,0.049369,9.4734
9,4.1170,206,0,0,0.116519,0.050379,9.4734
9,4.1370,207,0,0,0.117024,0.051275,9.4734
9,4.1570,208,0,0,0.117612,0.052062,9.4733
9,4.1780,209,0,0,0.118344,0.052722,9.4733
9,4.1970,210,0,0,0.119215,0.053243,9.4733
9,4.2170,211,0,0,0.120189,0.053615,9.4733
9,4.2370,212,0,0,0.121220,0.053838,9.4732
9,4.2570,213,0,0,0.122267,0.053923,9.4732
9,4.2770,214,0,0,0.123286,0.053891,9.4732
9,4.2970,215,0,0,0.124235,0.053765,9.4732
9,4.3170,216,0,0,0.125062,0.053570,9.4731
9,4.3370,217,0,0,0.125701,0.053328,9.4731
9,4.3570,218,0,0,0.126102,0.053059,9.4731
9,4.3770,219,0,0,0.126223,0.052789,9.4730
9,4.3970,220,0,0,0.126004,0.052508,9.4730
9,4.4170,221,0,0,0.125398,0.052217,9.4730
9,4.4370,222,0,0,0.124431,0.051925,9.4730
9,4.4570,223,0,0,0.123161,0.051634,9.4730
9,4.4770,224,0,0,0.121660,0.051341,9.4729
9,4.4970,225,0,0,0.119987,0.051032,9.4729
9,4.5180,226,0,0,0.118187,0.050691,9.4729
9,4.5370,227,0,0,0.116307,0.050303,9.4729
9,4.5570,228,0,0,0.114391,0.049851,9.4729
9,4.5770,229,0,0,0.112488,0.049328,9.4729
9,4.5970,230,0,0,0.110633,0.048732,9.4728
9,4.6170,231,0,0,0.108857,0.048064,9.4728
9,4.6370,232,0,0,0.107176,0.047333,9.4728
9,4.6570,233,0,0,0.105592,0.046547,9.4728
9,4.6780,234,0,0,0.104090,0.045719,9.4728
9,4.6970,235,0,0,0.102653,0.044861,9.4728
9,4.7170,236,0,0,0.101256,0.043991,9.4727
9,4.7370,237,0,0,0.099875,0.043122,9.4727
9,4.7570,238,0,0,0.098490,0.042272,9.4727
9,4.7770,239,0,0,0.097090,0.041453,9.4727
9,4.7970,240,0,0,0.095666,0.040676,9.4727
9,4.8170,241,0,0,0.094219,0.039949,9.4727
9,4.8370,242,0,0,0.092755,0.039276,9.4727
9,4.8570,243,0,0,0.091288,0.038658,9.4727
9,4.8770,244,0,0,0.089836,0.038092,9.4727
9,4.8970,245,0,0,0.088422,0.037575,9.4727
9,4.9170,246,0,0,0.087072,0.037103,9.4727
9,4.9370,247,0,0,0.085805,0.036671,9.4726
9,4.9570,248,0,0,0.084644,0.036276,9.4726
9,4.9770,249,0,0,0.083611,0.035913,9.4726
9,4.9970,250,0,0,0.082711,0.035580,9.4726
9,5.0180,251,0,0,0.081947,0.035275,9.4726
9,5.0370,252,0,0,0.081314,0.034997,9.4726
9,5.0570,253,0,0,0.080799,0.034744,9.4726
9,5.0770,254,0,0,0.080395,0.034518,9.4726
9,5.0970,255,0,0,0.080080,0.034316,9.4726
9,5.1170,256,0,0,0.079830,0.034145,9.4727
9,5.1370,257,0,0,0.079634,0.034003,9.4727
9,5.1570,258,0,0,0.079474,0.033888,9.4727
9,5.1780,259,0,0,0.079335,0.033799,9.4727
9,5.1970,260,0,0,0.079192,0.033734,9.4727
9,5.2170,261,0,0,0.079045,0.033686,9.4727
9,5.2370,262,0,0,0.078889,0.033648,9.4727
9,5.2570,263,0,0,0.078720,0.033616,9.4727
9,5.2770,264,0,0,0.078537,0.033582,9.4727
9,5.2970,265,0,0,0.078339,0.033539,9.4727
9,5.3170,266,0,0,0.078124,0.033481,9.4727
9,5.3370,267,0,0,0.077894,0.033404,9.4727
9,5.3580,268,0,0,0.077641,0.033303,9.4728
9,5.3770,269,0,0,0.077360,0.033177,9.4728
9,5.3970,270,0,0,0.077045,0.033022,9.4728
9,5.4170,271,0,0,0.076692,0.032840,9.4728
9,5.4370,272,0,0,0.076293,0.032630,9.4728
9,5.4570,273,0,0,0.075839,0.032392,9.4728
9,5.4770,274,0,0,0.075325,0.032130,9.4728
9,5.4970,275,0,0,0.074737,0.031843,9.4728
9,5.5180,276,0,0,0.074075,0.031533,9.4729
9,5.5370,277,0,0,0.073333,0.031202,9.4729
9,5.5570,278,0,0,0.072510,0.030850,9.4729
9,5.5770,279,0,0,0.071608,0.030481,9.4729
9,5.5970,280,0,0,0.070633,0.030093,9.4729
9,5.6170,281,0,0,0.069589,0.029688,9.4729
9,5.6370,282,0,0,0.068484,0.029266,9.4729
9,5.6570,283,0,0,0.067332,0.028828,9.4730
9,5.6770,284,0,0,0.066134,0.028375,9.4730
9,5.6980,285,0,0,0.064911,0.027908,9.4730
9,5.7170,286,0,0,0.063676,0.027429,9.4730
9,5.7370,287,0,0,0.062442,0.026939,9.4730
9,5.7570,288,0,0,0.061221,0.026445,9.4730
9,5.7770,289,0,0,0.060026,0.025949,9.4730
9,5.7970,290,0,0,0.058871,0.025456,9.4731
9,5.8170,291,0,0,0.057765,0.024972,9.4731
9,5.8370,292,0,0,0.056718,0.024502,9.4731
9,5.8580,293,0,0,0.055739,0.024054,9.4731
9,5.8770,294,0,0,0.054838,0.023635,9.4731
9,5.8970,295,0,0,0.054024,0.023253,9.4731
9,5.9170,296,0,0,0.053306,0.022915,9.4731
9,5.9370,297,0,0,0.052693,0.022627,9.4731
9,5.9570,298,0,0,0.052193,0.022395,9.4731
9,5.9770,299,0,0,0.051814,0.022223,9.4732
9,5.9970,300,0,0,0.051562,0.022114,9.4732
9,6.0180,301,0,0,0.051444,0.022070,9.4732
9,6.0370,302,0,0,0.051465,0.022091,9.4732
9,6.0570,303,0,0,0.051628,0.022176,9.4732
9,6.0770,304,0,0,0.051933,0.022324,9.4732
9,6.0970,305,0,0,0.052379,0.022530,9.4732
9,6.1170,306,0,0,0.052960,0.022792,9.4732
9,6.1370,307,0,0,0.053668,0.023103,9.4732
9,6.1570,308,0,0,0.054495,0.023459,9.4732
9,6.1770,309,0,0,0.055427,0.023855,9.4732
9,6.1980,310,0,0,0.056450,0.024284,9.4733
9,6.2170,311,0,0,0.057549,0.024743,9.4733
9,6.2370,312,0,0,0.058712,0.025224,9.4733
9,6.2570,313,10,0,0.000000,0.000000,9.4733
10,0.0180,1,0,0,0.000000,0.000000,9.6900
10,0.0380,2,0,0,0.196000,0.196000,9.6861
10,0.0580,3,0,0,0.391608,0.382846,9.6782
10,0.0780,4,0,0,0.586825,0.528163,9.6665
10,0.0980,5,0,0,0.781651,0.658172,9.6509
10,0.1180,6,0,0,0.976088,0.742119,9.6314
10,0.1390,7,0,0,1.170136,0.783686,9.6080
10,0.1580,8,0,0,1.363795,0.777399,9.5807
10,0.1780,9,0,0,1.557068,0.730117,9.5495
10,0.1980,10,0,0,1.749954,0.626284,9.5145
10,0.2180,11,0,0,1.941836,0.463377,9.4757
10,0.2380,12,0,0,0.481971,0.254397,9.4661
10,0.2580,13,0,0,0.073066,0.037547,9.4666
10,0.2780,14,0,0,0.330417,0.194491,9.4731
10,0.2990,15,0,0,0.502881,0.314562,9.4832
10,0.3180,16,0,0,0.527360,0.346097,9.4937
10,0.3380,17,0,0,0.436574,0.296830,9.5023
10,0.3580,18,0,0,0.257850,0.191495,9.5072
10,0.3780,19,0,0,0.106111,0.063227,9.5082
10,0.3980,20,0,0,0.187428,0.139615,9.5052
10,0.4180,21,0,0,0.352690,0.229904,9.4983
10,0.4380,22,0,0,0.509876,0.267590,9.4882
10,0.4590,23,0,0,0.438072,0.253217,9.4795
10,0.4780,24,0,0,0.313314,0.197682,9.4733
10,0.4980,25,0,0,0.215853,0.137952,9.4690
10,0.5180,26,0,0,0.164550,0.102754,9.4658
10,0.5380,27,0,0,0.110944,0.073463,9.4645
10,0.5580,28,0,0,0.101119,0.058667,9.4648
10,0.5780,29,0,0,0.107982,0.069778,9.4659
10,0.5980,30,0,0,0.108231,0.077133,9.4674
10,0.6180,31,0,0,0.107561,0.074285,9.4690
10,0.6390,32,0,0,0.088232,0.062028,9.4704
10,0.6580,33,0,0,0.056856,0.042233,9.4710
10,0.6780,34,0,0,0.043340,0.029374,9.4710
10,0.6980,35,0,0,0.047136,0.033738,9.4704
10,0.7180,36,0,0,0.077351,0.043580,9.4696
10,0.7380,37,0,0,0.097872,0.050957,9.4686
10,0.7580,38,0,0,0.109485,0.053875,9.4677
10,0.7780,39,0,0,0.114980,0.052537,9.4670
10,0.7990,40,0,0,0.116015,0.048510,9.4666
10,0.8180,41,0,0,0.113834,0.043278,9.4665
10,0.8380,42,0,0,0.118627,0.042393,9.4665
10,0.8580,43,0,0,0.124236,0.040667,9.4666
10,0.8780,44,0,0,0.122316,0.041039,9.4667
10,0.8980,45,0,0,0.115225,0.043124,9.4669
10,0.9180,46,0,0,0.106485,0.045686,9.4671
10,0.9380,47,0,0,0.097643,0.048480,9.4672
10,0.9590,48,0,0,0.089500,0.051425,9.4672
10,0.9780,49,0,0,0.082099,0.054322,9.4672
10,0.9980,50,0,0,0.075284,0.056752,9.4671
10,1.0180,51,0,0,0.079691,0.058364,9.4671
10,1.0380,52,0,0,0.082383,0.059056,9.4670
10,1.0580,53,0,0,0.083626,0.058969,9.4669
10,1.0780,54,0,0,0.083195,0.058355,9.4669
10,1.0980,55,0,0,0.081908,0.057467,9.4669
10,1.1180,56,0,0,0.087757,0.056507,9.4669
10,1.1390,57,0,0,0.100509,0.055683,9.4669
10,1.1580,58,0,0,0.113268,0.055119,9.4670
10,1.1780,59,0,0,0.124848,0.054772,9.4671
10,1.1980,60,0,0,0.134466,0.054464,9.4671
10,1.2180,61,0,0,0.141691,0.053934,9.4671
10,1.2380,62,0,0,0.146339,0.052950,9.4671
10,1.2580,63,0,0,0.148414,0.051403,9.4671
10,1.2780,64,0,0,0.148078,0.049361,9.4671
10,1.2990,65,0,0,0.141614,0.065421,9.4669
10,1.3180,66,0,0,0.143197,0.072695,9.4665
10,1.3380,67,0,0,0.160440,0.072803,9.4660
10,1.3580,68,0,0,0.184041,0.067153,9.4656
10,1.3780,69,0,0,0.203172,0.062336,9.4653
10,1.3980,70,0,0,0.211255,0.061660,9.4651
10,1.4180,71,0,0,0.208720,0.064997,9.4651
10,1.4380,72,0,0,0.199681,0.069791,9.4652
10,1.4580,73,0,0,0.188605,0.074907,9.4654
10,1.4780,74,0,0,0.178607,0.079882,9.4655
10,1.4980,75,0,0,0.171136,0.084471,9.4657
10,1.5180,76,0,0,0.166408,0.088467,9.4657
10,1.5380,77,0,0,0.166607,0.094464,9.4654
10,1.5580,78,0,0,0.167954,0.100833,9.4647
10,1.5780,79,0,0,0.167501,0.106502,9.4636
10,1.5980,80,0,0,0.172940,0.104088,9.4623
10,1.6180,81,0,0,0.176958,0.099438,9.4611
10,1.6390,82,0,0,0.179456,0.093316,9.4602
10,1.6580,83,0,0,0.184367,0.087112,9.4597
10,1.6780,84,0,0,0.192025,0.082555,9.4597
10,1.6980,85,0,0,0.200274,0.080609,9.4600
10,1.7180,86,0,0,0.206884,0.080280,9.4606
10,1.7380,87,0,0,0.210586,0.079798,9.4613
10,1.7580,88,0,0,0.211078,0.078287,9.4619
10,1.7780,89,0,0,0.208805,0.076056,9.4624
10,1.7990,90,0,0,0.204565,0.074078,9.4627
10,1.8180,91,0,0,0.199087,0.073193,9.4628
10,1.8380,92,0,0,0.192780,0.073490,9.4627
10,1.8580,93,0,0,0.185793,0.074330,9.4624
10,1.8780,94,0,0,0.178215,0.075044,9.4620
10,1.8980,95,0,0,0.170284,0.075304,9.4617
10,1.9180,96,0,0,0.162447,0.075069,9.4614
10,1.9380,97,0,0,0.155228,0.074444,9.4612
10,1.9580,98,0,0,0.149020,0.073525,9.4611
10,1.9780,99,0,0,0.143987,0.072334,9.4612
10,1.9980,100,0,0,0.140053,0.070808,9.4613
10,2.0180,101,0,0,0.137004,0.068883,9.4614
10,2.0380,102,0,0,0.134641,0.066509,9.4616
10,2.0580,103,0,0,0.132781,0.063798,9.4617
10,2.0780,104,0,0,0.131244,0.060878,9.4618
10,2.0980,105,0,0,0.129817,0.057849,9.4618
10,2.1180,106,0,0,0.128224,0.054774,9.4618
10,2.1390,107,0,0,0.126168,0.051665,9.4618
10,2.1580,108,0,0,0.123385,0.048492,9.4617
10,2.1780,109,0,0,0.119704,0.045202,9.4616
10,2.1980,110,0,0,0.115089,0.041694,9.4615
10,2.2180,111,0,0,0.109528,0.038124,9.4614
10,2.2380,112,0,0,0.102955,0.034698,9.4613
10,2.2580,113,0,0,0.095385,0.031779,9.4613
10,2.2780,114,0,0,0.086918,0.029623,9.4612
10,2.2990,115,0,0,0.077723,0.027862,9.4612
10,2.3180,116,0,0,0.068002,0.026174,9.4612
10,2.3380,117,0,0,0.057971,0.024366,9.4612
10,2.3580,118,0,0,0.047845,0.022307,9.4611
10,2.3780,119,0,0,0.037831,0.019919,9.4611
10,2.3980,120,0,0,0.028129,0.017173,9.4611
10,2.4180,121,0,0,0.019386,0.014098,9.4611
10,2.4380,122,0,0,0.015408,0.010836,9.4610
10,2.4580,123,0,0,0.011481,0.007939,9.4610
10,2.4790,124,0,0,0.010704,0.006489,9.4609
10,2.4980,125,0,0,0.017485,0.006600,9.4609
10,2.5180,126,0,0,0.024534,0.008919,9.4608
10,2.5380,127,0,0,0.031488,0.012661,9.4608
10,2.5580,128,0,0,0.038334,0.016636,9.4608
10,2.5780,129,0,0,0.045136,0.020495,9.4609
10,2.5980,130,0,0,0.051947,0.024182,9.4609
10,2.6180,131,0,0,0.058806,0.027674,9.4609
10,2.6390,132,0,0,0.065753,0.030970,9.4610
10,2.6580,133,0,0,0.072826,0.034082,9.4610
10,2.6780,134,0,0,0.080042,0.037028,9.4611
10,2.6980,135,0,0,0.087391,0.039827,9.4611
10,2.7180,136,0,0,0.094830,0.042497,9.4611
10,2.7380,137,0,0,0.102290,0.045055,9.4611
10,2.7580,138,0,0,0.109682,0.047511,9.4612
10,2.7780,139,0,0,0.116911,0.049874,9.4612
10,2.7990,140,0,0,0.123883,0.052151,9.4612
10,2.8180,141,0,0,0.130517,0.054348,9.4612
10,2.8380,142,0,0,0.136743,0.056468,9.4613
10,2.8580,143,0,0,0.142508,0.058516,9.4613
10,2.8780,144,0,0,0.147779,0.060500,9.4613
10,2.8980,145,0,0,0.152538,0.062424,9.4614
10,2.9180,146,0,0,0.156785,0.064293,9.4614
10,2.9390,147,0,0,0.160532,0.066104,9.4615
10,2.9580,148,0,0,0.163804,0.067850,9.4615
10,2.9780,149,0,0,0.166654,0.069520,9.4615
10,2.9980,150,0,0,0.169119,0.071027,9.4616
10,3.0180,151,0,0,0.171094,0.072335,9.4616
10,3.0380,152,0,0,0.172634,0.073507,9.4617
10,3.0580,153,0,0,0.173862,0.074528,9.4618
10,3.0780,154,0,0,0.174871,0.075378,9.4619
10,3.0980,155,0,0,0.175710,0.076037,9.4619
10,3.1180,156,0,0,0.176381,0.076488,9.4620
10,3.1390,157,0,0,0.176863,0.076720,9.4621
10,3.1580,158,0,0,0.177126,0.076737,9.4621
10,3.1780,159,0,0,0.177062,0.076830,9.4621
10,3.1980,160,0,0,0.176879,0.076737,9.4621
10,3.2180,161,0,0,0.176500,0.076260,9.4621
10,3.2380,162,0,0,0.175754,0.075480,9.4620
10,3.2580,163,0,0,0.174557,0.074488,9.4620
10,3.2780,164,0,0,0.172915,0.073315,9.4619
10,3.2980,165,0,0,0.170903,0.072079,9.4619
10,3.3180,166,0,0,0.168580,0.070813,9.4619
10,3.3380,167,0,0,0.163130,0.076403,9.4617
10,3.3580,168,0,0,0.163065,0.083039,9.4613
10,3.3780,169,0,0,0.173751,0.081346,9.4609
10,3.3980,170,0,0,0.194193,0.074408,9.4606
10,3.4180,171,0,0,0.213858,0.068204,9.4604
10,3.4380,172,0,0,0.225652,0.067761,9.4604
10,3.4590,173,0,0,0.227124,0.069046,9.4605
10,3.4790,174,0,0,0.219638,0.069414,9.4607
10,3.4980,175,0,0,0.201252,0.069721,9.4609
10,3.5180,176,0,0,0.185900,0.070253,9.4611
10,3.5380,177,0,0,0.173413,0.070726,9.4612
10,3.5580,178,0,0,0.163758,0.071491,9.4612
10,3.5780,179,0,0,0.156315,0.073200,9.4612
10,3.5980,180,0,0,0.150099,0.075171,9.4611
10,3.6180,181,0,0,0.144338,0.076580,9.4610
10,3.6380,182,0,0,0.138781,0.077057,9.4609
10,3.6580,183,0,0,0.133666,0.076553,9.4609
10,3.6780,184,0,0,0.129472,0.075191,9.4608
10,3.6980,185,0,0,0.126607,0.073147,9.4609
10,3.7180,186,0,0,0.125236,0.070580,9.4609
10,3.7380,187,0,0,0.125240,0.067609,9.4609
10,3.7580,188,0,0,0.126253,0.064326,9.4610
10,3.7780,189,0,0,0.127758,0.060819,9.4611
10,3.7980,190,0,0,0.129217,0.057201,9.4611
10,3.8180,191,0,0,0.130214,0.053584,9.4611
10,3.8380,192,0,0,0.130431,0.050082,9.4611
10,3.8580,193,0,0,0.129652,0.046803,9.4611
10,3.8780,194,0,0,0.127758,0.043837,9.4610
10,3.8980,195,0,0,0.124721,0.041289,9.4610
10,3.9180,196,0,0,0.120574,0.039246,9.4610
10,3.9380,197,0,0,0.115398,0.037499,9.4610
10,3.9580,198,0,0,0.109321,0.035963,9.4609
10,3.9790,199,0,0,0.102515,0.034619,9.4609
10,3.9980,200,0,0,0.095199,0.033467,9.4609
10,4.0180,201,0,0,0.087629,0.032484,9.4609
10,4.0380,202,0,0,0.080090,0.031600,9.4609
10,4.0580,203,0,0,0.072894,0.030831,9.4609
10,4.0780,204,0,0,0.066329,0.030136,9.4609
10,4.0980,205,0,0,0.060639,0.029489,9.4609
10,4.1180,206,0,0,0.056033,0.028881,9.4608
10,4.1390,207,0,0,0.052656,0.028314,9.4608
10,4.1580,208,0,0,0.050571,0.027805,9.4608
10,4.1780,209,0,0,0.049742,0.027375,9.4608
10,4.1980,210,0,0,0.050045,0.027055,9.4608
10,4.2180,211,0,0,0.051306,0.026877,9.4608
10,4.2380,212,0,0,0.053337,0.026879,9.4608
10,4.2580,213,0,0,0.055968,0.027097,9.4608
10,4.2780,214,0,0,0.059056,0.027565,9.4608
10,4.2980,215,0,0,0.062485,0.028299,9.4608
10,4.3190,216,0,0,0.066161,0.029289,9.4608
10,4.3380,217,0,0,0.070010,0.030497,9.4608
10,4.3580,218,0,0,0.073973,0.031865,9.4608
10,4.3780,219,0,0,0.078001,0.033329,9.4607
10,4.3980,220,0,0,0.082058,0.034831,9.4607
10,4.4180,221,0,0,0.086112,0.036330,9.4607
10,4.4380,222,0,0,0.090141,0.037801,9.4607
10,4.4580,223,0,0,0.094124,0.039234,9.4606
10,4.4790,224,0,0,0.098040,0.040628,9.4606
10,4.4980,225,0,0,0.101868,0.041991,9.4606
10,4.5180,226,0,0,0.105583,0.043329,9.4606
10,4.5380,227,0,0,0.109159,0.044648,9.4606
10,4.5580,228,0,0,0.112569,0.045949,9.4605
10,4.5780,229,0,0,0.115785,0.047225,9.4605
10,4.5980,230,0,0,0.118781,0.048468,9.4605
10,4.6180,231,0,0,0.121541,0.049663,9.4605
10,4.6390,232,0,0,0.124051,0.050796,9.4605
10,4.6580,233,0,0,0.126294,0.051856,9.4604
10,4.6780,234,0,0,0.128266,0.052836,9.4604
10,4.6980,235,0,0,0.129969,0.053730,9.4604
10,4.7180,236,0,0,0.131416,0.054534,9.4603
10,4.7380,237,0,0,0.132617,0.055247,9.4603
10,4.7580,238,0,0,0.133583,0.055866,9.4603
10,4.7780,239,0,0,0.134327,0.056390,9.4602
10,4.7980,240,0,0,0.134861,0.056775,9.4602
10,4.8190,241,0,0,0.135213,0.057073,9.4602
10,4.8380,242,0,0,0.135399,0.057277,9.4601
10,4.8580,243,0,0,0.135403,0.057379,9.4601
10,4.8780,244,0,0,0.135204,0.057372,9.4601
10,4.8980,245,0,0,0.134798,0.057255,9.4600
10,4.9180,246,0,0,0.134185,0.057025,9.4600
10,4.9380,247,0,0,0.133377,0.056684,9.4600
10,4.9580,248,0,0,0.132386,0.056235,9.4599
10,4.9780,249,0,0,0.131217,0.055682,9.4599
10,4.9980,250,0,0,0.129869,0.055030,9.4599
10,5.0180,251,0,0,0.128337,0.054282,9.4598
10,5.0380,252,0,0,0.126622,0.053446,9.4598
10,5.0580,253,0,0,0.124712,0.052527,9.4598
10,5.0780,254,0,0,0.125342,0.061008,9.4595
10,5.0980,255,0,0,0.126712,0.063515,9.4589
10,5.1180,256,0,0,0.115511,0.060321,9.4582
10,5.1380,257,0,0,0.101125,0.054068,9.4576
10,5.1580,258,0,0,0.093086,0.048102,9.4572
10,5.1780,259,0,0,0.092227,0.043979,9.4570
10,5.1980,260,0,0,0.094176,0.041673,9.4571
10,5.2180,261,0,0,0.095463,0.039942,9.4573
10,5.2380,262,0,0,0.094496,0.038223,9.4577
10,5.2580,263,0,0,0.091092,0.036231,9.4580
10,5.2780,264,0,0,0.086183,0.034090,9.4582
10,5.2980,265,0,0,0.081208,0.032759,9.4584
10,5.3190,266,0,0,0.077312,0.033558,9.4584
10,5.3380,267,0,0,0.074887,0.035554,9.4584
10,5.3580,268,0,0,0.073736,0.037654,9.4582
10,5.3780,269,0,0,0.073552,0.039504,9.4581
10,5.3980,270,0,0,0.074304,0.041042,9.4580
10,5.4180,271,0,0,0.076263,0.042345,9.4579
10,5.4380,272,0,0,0.079745,0.043519,9.4578
10,5.4580,273,0,0,0.084843,0.044629,9.4578
10,5.4790,274,0,0,0.091343,0.045691,9.4579
10,5.4980,275,0,0,0.098818,0.046695,9.4579
10,5.5180,276,0,0,0.106784,0.047645,9.4580
10,5.5380,277,0,0,0.114807,0.048572,9.4581
10,5.5580,278,0,0,0.122541,0.049538,9.4582
10,5.5780,279,0,0,0.129694,0.050629,9.4582
10,5.5980,280,0,0,0.136035,0.051911,9.4582
10,5.6180,281,0,0,0.141466,0.053430,9.4583
10,5.6380,282,0,0,0.145967,0.055202,9.4583
10,5.6590,283,0,0,0.149587,0.057194,9.4583
10,5.6780,284,0,0,0.152425,0.059329,9.4583
10,5.6980,285,0,0,0.154621,0.061519,9.4583
10,5.7180,286,0,0,0.156330,0.063678,9.4584
10,5.7380,287,0,0,0.157714,0.065732,9.4584
10,5.7580,288,0,0,0.158923,0.067622,9.4584
10,5.7780,289,0,0,0.160090,0.069303,9.4585
10,5.7980,290,0,0,0.161312,0.070745,9.4585
10,5.8190,291,0,0,0.162654,0.071930,9.4586
10,5.8380,292,0,0,0.164138,0.072852,9.4586
10,5.8580,293,0,0,0.165747,0.073512,9.4586
10,5.8780,294,0,0,0.167425,0.073922,9.4586
10,5.8980,295,0,0,0.169091,0.074096,9.4586
10,5.9180,296,0,0,0.170647,0.074057,9.4587
10,5.9380,297,0,0,0.171989,0.073829,9.4587
10,5.9580,298,0,0,0.173016,0.073440,9.4587
10,5.9790,299,0,0,0.173639,0.072918,9.4587
10,5.9980,300,0,0,0.173784,0.072246,9.4587
10,6.0180,301,0,0,0.173422,0.071512,9.4587
10,6.0380,302,0,0,0.172520,0.070731,9.4587
10,6.0580,303,0,0,0.171047,0.069910,9.4588
10,6.0780,304,0,0,0.168996,0.069051,9.4588
10,6.0980,305,0,0,0.166390,0.068146,9.4588
10,6.1180,306,0,0,0.163274,0.067179,9.4588
10,6.1380,307,0,0,0.159714,0.066134,9.4588
10,6.1580,308,0,0,0.155782,0.064985,9.4588
10,6.1780,309,0,0,0.151538,0.063709,9.4588
10,6.1980,310,0,0,0.147045,0.062286,9.4589
10,6.2180,311,0,0,0.142353,0.060704,9.4589
10,6.2380,312,0,0,0.137515,0.058958,9.4589
10,6.2580,313,0,0,0.132557,0.057051,9.4589
10,6.2780,314,0,0,0.127511,0.054985,9.4589
10,6.2980,315,0,0,0.122377,0.052770,9.4589
10,6.3190,316,0,0,0.117151,0.050421,9.4589
10,6.3380,317,0,0,0.111820,0.047898,9.4589
10,6.3580,318,0,0,0.106385,0.045292,9.4589
10,6.3780,319,0,0,0.100822,0.042609,9.4589
10,6.3980,320,0,0,0.095081,0.039861,9.4589
10,6.4180,321,0,0,0.089108,0.037059,9.4589
10,6.4380,322,0,0,0.082883,0.034213,9.4589
10,6.4580,323,0,0,0.076410,0.031336,9.4589
10,6.4780,324,0,0,0.069710,0.028440,9.4589
10,6.4980,325,0,0,0.062800,0.025530,9.4589
10,6.5180,326,0,0,0.055712,0.022632,9.4589
10,6.5380,327,0,0,0.048492,0.019771,9.4589
10,6.5580,328,0,0,0.041214,0.016962,9.4589
10,6.5780,329,0,0,0.033945,0.014213,9.4589
10,6.5980,330,0,0,0.026763,0.011542,9.4589
10,6.6180,331,0,0,0.019796,0.009000,9.4589
10,6.6380,332,0,0,0.013406,0.006728,9.4589
10,6.6590,333,0,0,0.008886,0.005152,9.4589
10,6.6780,334,0,0,0.009346,0.005130,9.4589
10,6.6980,335,0,0,0.014183,0.006630,9.4589
10,6.7180,336,0,0,0.020392,0.008852,9.4589
10,6.7380,337,0,0,0.026953,0.011386,9.4589
10,6.7580,338,0,0,0.033586,0.014067,9.4589
10,6.7780,339,0,0,0.040193,0.016811,9.4589
10,6.7980,340,0,0,0.046728,0.019570,9.4589
10,6.8190,341,0,0,0.053169,0.022314,9.4589
10,6.8380,342,0,0,0.059502,0.025021,9.4589
10,6.8580,343,0,0,0.065715,0.027673,9.4589
10,6.8780,344,0,0,0.071800,0.030260,9.4589
10,6.8980,345,0,0,0.077745,0.032772,9.4589
10,6.9180,346,0,0,0.083538,0.035201,9.4589
10,6.9380,347,0,0,0.089165,0.037545,9.4589
10,6.9580,348,0,0,0.094611,0.039798,9.4589
10,6.9780,349,0,0,0.099860,0.041960,9.4589
10,6.9990,350,0,0,0.104897,0.044029,9.4589
10,7.0180,351,0,0,0.109706,0.046004,9.4589
10,7.0380,352,0,0,0.114272,0.047882,9.4589
10,7.0580,353,0,0,0.118584,0.049662,9.4589
10,7.0780,354,0,0,0.122629,0.051342,9.4589
10,7.0980,355,0,0,0.126400,0.052920,9.4589
10,7.1180,356,0,0,0.129890,0.054395,9.4589
10,7.1380,357,0,0,0.133100,0.055759,9.4589
10,7.1580,358,0,0,0.136013,0.057011,9.4589
10,7.1780,359,0,0,0.145160,0.071148,9.4584
10,7.1980,360,0,0,0.150852,0.078929,9.4575
10,7.2180,361,0,0,0.140751,0.075622,9.4563
10,7.2380,362,0,0,0.125350,0.072966,9.4552
10,7.2580,363,0,0,0.112368,0.071020,9.4543
10,7.2780,364,0,0,0.108829,0.067912,9.4535
10,7.2980,365,0,0,0.104838,0.065868,9.4528
10,7.3190,366,0,0,0.094432,0.062192,9.4525
10,7.3380,367,0,0,0.082428,0.057360,9.4524
10,7.3580,368,0,0,0.075599,0.051987,9.4526
10,7.3780,369,0,0,0.073270,0.046710,9.4529
10,7.3980,370,0,0,0.073239,0.042087,9.4532
10,7.4180,371,0,0,0.074915,0.038378,9.4535
10,7.4380,372,0,0,0.075817,0.035123,9.4538
10,7.4580,373,0,0,0.075620,0.032324,9.4539
10,7.4780,374,0,0,0.074365,0.030530,9.4540
10,7.4990,375,0,0,0.072162,0.029865,9.4539
10,7.5180,376,0,0,0.069203,0.029771,9.4538
10,7.5380,377,0,0,0.065875,0.029564,9.4536
10,7.5580,378,0,0,0.062809,0.028912,9.4534
10,7.5780,379,0,0,0.060790,0.027874,9.4533
10,7.5980,380,0,0,0.060516,0.026737,9.4532
10,7.6180,381,0,0,0.062304,0.025823,9.4531
10,7.6380,382,0,0,0.065962,0.025369,9.4531
10,7.6590,383,0,0,0.070952,0.025539,9.4531
10,7.6780,384,0,0,0.076648,0.026523,9.4532
10,7.6980,385,0,0,0.082530,0.028169,9.4532
10,7.7180,386,0,0,0.088224,0.030092,9.4533
10,7.7380,387,0,0,0.093493,0.032118,9.4533
10,7.7580,388,0,0,0.098208,0.034209,9.4533
10,7.7780,389,0,0,0.101918,0.039470,9.4533
10,7.7980,390,0,0,0.106380,0.042630,9.4532
10,7.8190,391,0,0,0.111718,0.044559,9.4531
10,7.8380,392,0,0,0.116874,0.046297,9.4530
10,7.8580,393,0,0,0.121009,0.048473,9.4530
10,7.8780,394,0,0,0.123934,0.051139,9.4530
10,7.8980,395,0,0,0.126074,0.054043,9.4531
10,7.9180,396,0,0,0.128099,0.056985,9.4531
10,7.9380,397,0,0,0.130589,0.059845,9.4532
10,7.9580,398,0,0,0.133831,0.062520,9.4533
10,7.9780,399,0,0,0.137839,0.064923,9.4533
10,7.9980,400,0,0,0.142463,0.066999,9.4533
10,8.0180,401,0,0,0.147477,0.073392,9.4530
10,8.0380,402,0,0,0.154349,0.078319,9.4523
10,8.0580,403,0,0,0.158887,0.079673,9.4515
10,8.0780,404,0,0,0.161178,0.078327,9.4508
10,8.0980,405,0,0,0.163260,0.075645,9.4503
10,8.1180,406,0,0,0.166580,0.073180,9.4500
10,8.1380,407,0,0,0.171379,0.072089,9.4500
10,8.1590,408,0,0,0.176908,0.072536,9.4503
10,8.1780,409,0,0,0.182018,0.073657,9.4507
10,8.1980,410,0,0,0.185824,0.074550,9.4512
10,8.2180,411,0,0,0.188006,0.074900,9.4517
10,8.2380,412,0,0,0.188665,0.074639,9.4521
10,8.2580,413,0,0,0.188173,0.074284,9.4523
10,8.2780,414,0,0,0.187742,0.074543,9.4524
10,8.2980,415,0,0,0.187673,0.075446,9.4523
10,8.3180,416,0,0,0.187538,0.076576,9.4521
10,8.3380,417,0,0,0.186795,0.077496,9.4519
10,8.3580,418,0,0,0.185206,0.078001,9.4516
10,8.3780,419,0,0,0.182975,0.078120,9.4515
10,8.3980,420,0,0,0.180535,0.077930,9.4513
10,8.4180,421,0,0,0.178296,0.077601,9.4513
10,8.4380,422,0,0,0.176454,0.077112,9.4513
10,8.4580,423,0,0,0.175058,0.076472,9.4514
10,8.4780,424,0,0,0.174108,0.075738,9.4515
10,8.4980,425,0,0,0.174374,0.080093,9.4509
10,8.5180,426,0,0,0.171966,0.085648,9.4501
10,8.5380,427,0,0,0.168446,0.087744,9.4491
10,8.5580,428,0,0,0.163702,0.085625,9.4481
10,8.5780,429,0,0,0.160458,0.081700,9.4474
10,8.5980,430,0,0,0.157566,0.078032,9.4469
10,8.6180,431,0,0,0.154837,0.075604,9.4468
10,8.6380,432,0,0,0.150149,0.074075,9.4469
10,8.6590,433,0,0,0.146096,0.072086,9.4472
10,8.6780,434,0,0,0.141957,0.069275,9.4477
10,8.6980,435,0,0,0.137532,0.065499,9.4481
10,8.7180,436,0,0,0.133087,0.060882,9.4484
10,8.7380,437,0,0,0.128671,0.056051,9.4486
10,8.7580,438,0,0,0.124589,0.052020,9.4487
10,8.7780,439,0,0,0.121094,0.050196,9.4487
10,8.7980,440,0,0,0.118369,0.049923,9.4486
10,8.8190,441,0,0,0.116002,0.049407,9.4484
10,8.8380,442,0,0,0.113486,0.047823,9.4482
10,8.8580,443,0,0,0.110274,0.045059,9.4481
10,8.8780,444,0,0,0.105964,0.041412,9.4480
10,8.8980,445,0,0,0.100332,0.037312,9.4480
10,8.9180,446,0,0,0.093381,0.033212,9.4481
10,8.9380,447,0,0,0.085246,0.029627,9.4481
10,8.9580,448,0,0,0.076260,0.027252,9.4482
10,8.9780,449,0,0,0.066910,0.026513,9.4483
10,8.9980,450,0,0,0.057785,0.026748,9.4484
10,9.0180,451,0,0,0.049540,0.027410,9.4484
10,9.0380,452,0,0,0.043182,0.028257,9.4483
10,9.0580,453,0,0,0.043289,0.029173,9.4483
10,9.0780,454,0,0,0.044324,0.030096,9.4482
10,9.0980,455,0,0,0.045416,0.030980,9.4481
10,9.1180,456,0,0,0.046434,0.031785,9.4481
10,9.1380,457,0,0,0.048115,0.032459,9.4480
10,9.1590,458,0,0,0.054912,0.032996,9.4480
10,9.1780,459,0,0,0.062638,0.033465,9.4481
10,9.1980,460,0,0,0.070685,0.033939,9.4481
10,9.2180,461,0,0,0.078697,0.034522,9.4482
10,9.2380,462,0,0,0.086390,0.035343,9.4482
10,9.2580,463,0,0,0.093550,0.036523,9.4483
10,9.2780,464,0,0,0.100036,0.038120,9.4483
10,9.2980,465,0,0,0.105793,0.040045,9.4484
10,9.3180,466,0,0,0.110814,0.042140,9.4484
10,9.3390,467,0,0,0.115141,0.044276,9.4485
10,9.3580,468,0,0,0.118862,0.046387,9.4485
10,9.3780,469,0,0,0.122096,0.048455,9.4485
10,9.3980,470,0,0,0.124978,0.050484,9.4486
10,9.4180,471,0,0,0.127627,0.052480,9.4486
10,9.4380,472,0,0,0.130165,0.054435,9.4487
10,9.4580,473,0,0,0.132677,0.056328,9.4487
10,9.4780,474,0,0,0.135218,0.058127,9.4488
10,9.4990,475,0,0,0.137804,0.059795,9.4488
10,9.5180,476,0,0,0.140427,0.061298,9.4489
10,9.5380,477,0,0,0.143035,0.062611,9.4489
10,9.5580,478,0,0,0.145586,0.063718,9.4489
10,9.5780,479,0,0,0.148009,0.064617,9.4490
10,9.5980,480,0,0,0.150256,0.065318,9.4490
10,9.6180,481,0,0,0.152278,0.065787,9.4490
10,9.6380,482,0,0,0.154055,0.066126,9.4490
10,9.6590,483,0,0,0.155562,0.066360,9.4491
10,9.6780,484,0,0,0.156744,0.066513,9.4491
10,9.6980,485,0,0,0.157568,0.066607,9.4491
10,9.7180,486,0,0,0.158019,0.066654,9.4492
10,9.7380,487,0,0,0.158112,0.066661,9.4492
10,9.7580,488,0,0,0.157869,0.066622,9.4492
10,9.7780,489,0,0,0.157324,0.066528,9.4493
10,9.7980,490,0,0,0.156500,0.066362,9.4493
10,9.8180,491,0,0,0.155441,0.066111,9.4494
10,9.8390,492,0,0,0.154186,0.065763,9.4494
10,9.8580,493,0,0,0.152775,0.065315,9.4494
10,9.8780,494,0,0,0.151244,0.064764,9.4494
10,9.8980,495,0,0,0.149623,0.064116,9.4495
10,9.9180,496,0,0,0.147942,0.063378,9.4495
10,9.9380,497,0,0,0.146218,0.062565,9.4495
10,9.9580,498,0,0,0.144460,0.061627,9.4495
10,9.9780,499,0,0,0.142690,0.060648,9.4496
10,9.9990,500,0,0,0.140891,0.059636,9.4496
10,10.0180,501,0,0,0.139025,0.058598,9.4496
10,10.0380,502,0,0,0.137040,0.057550,9.4496
10,10.0580,503,0,0,0.134931,0.056499,9.4496
10,10.0780,504,0,0,0.132702,0.055466,9.4496
10,10.0980,505,0,0,0.130373,0.054470,9.4496
10,10.1180,506,0,0,0.127966,0.053528,9.4496
10,10.1380,507,0,0,0.125509,0.052671,9.4496
10,10.1590,508,0,0,0.123052,0.051909,9.4496
10,10.1780,509,0,0,0.120635,0.051237,9.4496
10,10.1980,510,0,0,0.118301,0.050650,9.4496
10,10.2180,511,0,0,0.116111,0.050145,9.4496
10,10.2380,512,0,0,0.114135,0.049717,9.4496
10,10.2580,513,0,0,0.112444,0.049361,9.4496
10,10.2780,514,0,0,0.111091,0.049075,9.4496
10,10.2980,515,0,0,0.110123,0.048855,9.4496
10,10.3180,516,0,0,0.109566,0.048702,9.4496
10,10.3390,517,0,0,0.109424,0.048618,9.4496
10,10.3580,518,0,0,0.109687,0.048606,9.4496
10,10.3780,519,0,0,0.110329,0.048669,9.4496
10,10.3980,520,0,0,0.111311,0.048811,9.4496
10,10.4180,521,0,0,0.112587,0.049034,9.4496
10,10.4380,522,0,0,0.114104,0.049342,9.4495
10,10.4580,523,0,0,0.115810,0.049714,9.4495
10,10.4780,524,0,0,0.117651,0.050190,9.4495
10,10.4990,525,0,0,0.119581,0.050758,9.4495
10,10.5180,526,0,0,0.121566,0.051410,9.4495
10,10.5380,527,0,0,0.123566,0.052139,9.4495
10,10.5580,528,0,0,0.125549,0.052932,9.4494
10,10.5780,529,0,0,0.127494,0.053777,9.4494
10,10.5980,530,0,0,0.129385,0.054658,9.4494
10,10.6180,531,0,0,0.131218,0.055563,9.4494
10,10.6380,532,0,0,0.132987,0.056474,9.4493
10,10.6590,533,0,0,0.134692,0.057375,9.4493
10,10.6780,534,0,0,0.136333,0.058257,9.4493
10,10.6980,535,0,0,0.137904,0.059108,9.4493
10,10.7180,536,0,0,0.139404,0.059913,9.4492
10,10.7380,537,0,0,0.140832,0.060660,9.4492
10,10.7580,538,0,0,0.142178,0.061338,9.4492
10,10.7780,539,0,0,0.143434,0.061939,9.4491
10,10.7980,540,0,0,0.144585,0.062457,9.4491
10,10.8180,541,0,0,0.145619,0.062887,9.4491
10,10.8390,542,0,0,0.146523,0.063228,9.4490
10,10.8580,543,0,0,0.147309,0.063873,9.4490
10,10.8780,544,0,0,0.147947,0.064089,9.4489
10,10.8980,545,0,0,0.147977,0.063912,9.4489
10,10.9180,546,0,0,0.147692,0.063548,9.4488
10,10.9380,547,0,0,0.147398,0.063115,9.4488
10,10.9580,548,0,0,0.147238,0.062679,9.4488
10,10.9780,549,0,0,0.147201,0.062265,9.4488
10,10.9990,550,0,0,0.147194,0.061871,9.4488
10,11.0180,551,0,0,0.147093,0.061481,9.4488
10,11.0380,552,0,0,0.146794,0.061077,9.4489
10,11.0580,553,0,0,0.146229,0.060651,9.4489
10,11.0780,554,0,0,0.145362,0.060193,9.4488
10,11.0980,555,0,0,0.144190,0.059693,9.4488
10,11.1180,556,0,0,0.142727,0.059141,9.4488
10,11.1380,557,0,0,0.141003,0.058530,9.4488
10,11.1580,558,0,0,0.139054,0.057855,9.4487
10,11.1790,559,0,0,0.136915,0.057112,9.4487
10,11.1980,560,0,0,0.134620,0.056303,9.4487
10,11.2180,561,0,0,0.132198,0.055432,9.4486
10,11.2380,562,0,0,0.129674,0.054452,9.4486
10,11.2580,563,0,0,0.127097,0.053439,9.4486
10,11.2780,564,0,0,0.124488,0.052391,9.4486
10,11.2980,565,0,0,0.121827,0.051305,9.4486
10,11.3180,566,0,0,0.119098,0.050183,9.4486
10,11.3390,567,0,0,0.116299,0.049031,9.4486
10,11.3580,568,0,0,0.113439,0.047856,9.4486
10,11.3780,569,0,0,0.110531,0.046668,9.4486
10,11.3980,570,0,0,0.107593,0.045477,9.4486
10,11.4180,571,0,0,0.104644,0.044295,9.4486
10,11.4380,572,0,0,0.101703,0.043135,9.4486
10,11.4580,573,0,0,0.098792,0.042009,9.4486
10,11.4780,574,0,0,0.095942,0.040934,9.4486
10,11.4990,575,0,0,0.093186,0.039920,9.4486
10,11.5180,576,0,0,0.090569,0.038980,9.4486
10,11.5380,577,0,0,0.088128,0.038123,9.4486
10,11.5580,578,0,0,0.085913,0.037361,9.4486
10,11.5780,579,0,0,0.083976,0.036700,9.4486
10,11.5980,580,0,0,0.082366,0.036149,9.4486
10,11.6180,581,0,0,0.081133,0.035715,9.4486
10,11.6380,582,0,0,0.080308,0.035404,9.4486
10,11.6580,583,0,0,0.079931,0.035223,9.4486
10,11.6790,584,0,0,0.080013,0.035177,9.4486
10,11.6980,585,0,0,0.080556,0.035270,9.4486
10,11.7180,586,0,0,0.081540,0.035504,9.4486
10,11.7380,587,0,0,0.082951,0.035879,9.4486
10,11.7580,588,0,0,0.084741,0.036392,9.4486
10,11.7780,589,0,0,0.086864,0.037040,9.4487
10,11.7980,590,0,0,0.089270,0.037816,9.4487
10,11.8180,591,0,0,0.091906,0.038711,9.4487
10,11.8390,592,0,0,0.094727,0.039702,9.4487
10,11.8580,593,0,0,0.097684,0.040809,9.4487
10,11.8780,594,0,0,0.100739,0.042006,9.4487
10,11.8980,595,0,0,0.103867,0.043276,9.4488
10,11.9180,596,0,0,0.107047,0.044605,9.4488
10,11.9380,597,0,0,0.110263,0.046028,9.4488
10,11.9580,598,0,0,0.113520,0.047543,9.4488
10,11.9780,599,0,0,0.116685,0.049068,9.4489
10,11.9980,600,0,0,0.119648,0.050567,9.4489
10,12.0190,601,0,0,0.122396,0.052018,9.4490
10,12.0380,602,0,0,0.124968,0.053410,9.4490
10,12.0580,603,0,0,0.127420,0.054738,9.4490
10,12.0780,604,0,0,0.129796,0.055997,9.4491
10,12.0980,605,0,0,0.132115,0.057180,9.4491
10,12.1180,606,0,0,0.134376,0.058279,9.4492
10,12.1380,607,0,0,0.136559,0.059284,9.4492
10,12.1580,608,0,0,0.138639,0.060188,9.4492
10,12.1780,609,0,0,0.140589,0.060983,9.4493
10,12.1980,610,0,0,0.142386,0.061666,9.4493
10,12.2180,611,0,0,0.144010,0.062236,9.4494
10,12.2380,612,0,0,0.145445,0.062695,9.4494
10,12.2580,613,0,0,0.146672,0.063045,9.4494
10,12.2780,614,0,0,0.147673,0.063245,9.4495
10,12.2980,615,0,0,0.148445,0.063361,9.4495
10,12.3180,616,0,0,0.148978,0.063391,9.4496
10,12.3390,617,0,0,0.149238,0.063328,9.4496
10,12.3580,618,0,0,0.149196,0.063176,9.4497
10,12.3780,619,0,0,0.148837,0.062934,9.4497
10,12.3980,620,0,0,0.148157,0.062602,9.4497
10,12.4180,621,0,0,0.147164,0.062180,9.4498
10,12.4380,622,0,0,0.145872,0.061670,9.4498
10,12.4580,623,0,0,0.144303,0.061070,9.4498
10,12.4780,624,0,0,0.142466,0.060380,9.4499
10,12.4980,625,0,0,0.140383,0.059595,9.4499
10,12.5180,626,0,0,0.138072,0.058714,9.4500
10,12.5380,627,0,0,0.135552,0.057737,9.4500
10,12.5580,628,0,0,0.132836,0.056664,9.4500
10,12.5780,629,0,0,0.129940,0.055495,9.4500
10,12.5980,630,0,0,0.126875,0.054233,9.4501
10,12.6180,631,0,0,0.123656,0.052833,9.4501
10,12.6380,632,0,0,0.120316,0.051370,9.4501
10,12.6580,633,0,0,0.116870,0.049844,9.4501
10,12.6780,634,0,0,0.113310,0.048259,9.4502
10,12.6980,635,0,0,0.109621,0.046623,9.4502
10,12.7180,636,0,0,0.105809,0.044944,9.4502
10,12.7380,637,0,0,0.101901,0.043239,9.4502
10,12.7580,638,0,0,0.097931,0.041520,9.4503
10,12.7780,639,0,0,0.093935,0.039805,9.4503
10,12.7980,640,0,0,0.089950,0.038110,9.4503
10,12.8180,641,0,0,0.086020,0.036459,9.4503
10,12.8390,642,0,0,0.082198,0.034855,9.4503
10,12.8580,643,0,0,0.078555,0.033322,9.4503
10,12.8780,644,0,0,0.075138,0.031888,9.4503
10,12.8980,645,0,0,0.072003,0.030585,9.4504
10,12.9180,646,0,0,0.069226,0.029439,9.4504
10,12.9380,647,0,0,0.066888,0.028482,9.4504
10,12.9580,648,0,0,0.065065,0.027743,9.4504
10,12.9780,649,0,0,0.063825,0.027248,9.4504
10,12.9980,650,0,0,0.063217,0.027016,9.4504
10,13.0190,651,0,0,0.063266,0.027058,9.4504
10,13.0380,652,0,0,0.063977,0.027375,9.4504
10,13.0580,653,0,0,0.065322,0.027956,9.4504
10,13.0780,654,0,0,0.067252,0.028783,9.4504
10,13.0980,655,0,0,0.069705,0.029831,9.4504
10,13.1180,656,0,0,0.072610,0.031075,9.4504
10,13.1380,657,0,0,0.075888,0.032484,9.4504
10,13.1580,658,0,0,0.079478,0.034030,9.4504
10,13.1790,659,0,0,0.083307,0.035686,9.4504
10,13.1980,660,0,0,0.087313,0.037425,9.4504
10,13.2180,661,0,0,0.091440,0.039225,9.4504
10,13.2380,662,0,0,0.095649,0.041064,9.4504
10,13.2580,663,0,0,0.099895,0.042924,9.4504
10,13.2780,664,0,0,0.104155,0.044788,9.4504
10,13.2980,665,0,0,0.108385,0.046640,9.4504
10,13.3180,666,0,0,0.112575,0.048467,9.4504
10,13.3390,667,0,0,0.116696,0.050257,9.4504
10,13.3580,668,0,0,0.120730,0.051998,9.4504
10,13.3780,669,0,0,0.124652,0.053681,9.4503
10,13.3980,670,0,0,0.128446,0.055299,9.4503
10,13.4180,671,0,0,0.132094,0.056845,9.4503
10,13.4380,672,0,0,0.135579,0.058312,9.4503
10,13.4580,673,0,0,0.138882,0.059695,9.4503
10,13.4780,674,0,0,0.141989,0.060989,9.4502
10,13.4980,675,0,0,0.144887,0.062189,9.4502
10,13.5180,676,0,0,0.147564,0.063293,9.4502
10,13.5380,677,0,0,0.150007,0.064298,9.4502
10,13.5580,678,0,0,0.152205,0.065200,9.4501
10,13.5780,679,0,0,0.154149,0.065979,9.4501
10,13.5980,680,0,0,0.156073,0.068548,9.4500
10,13.6180,681,0,0,0.157461,0.070101,9.4498
10,13.6380,682,0,0,0.156168,0.070352,9.4497
10,13.6580,683,0,0,0.153228,0.069846,9.4495
10,13.6790,684,0,0,0.150160,0.068961,9.4494
10,13.6980,685,0,0,0.147974,0.067961,9.4494
10,13.7180,686,0,0,0.147010,0.066999,9.4494
10,13.7380,687,0,0,0.147123,0.066112,9.4494
10,13.7580,688,0,0,0.147903,0.065255,9.4495
10,13.7780,689,0,0,0.148907,0.064367,9.4496
10,13.7980,690,0,0,0.149774,0.063415,9.4497
10,13.8180,691,0,0,0.150261,0.062401,9.4497
10,13.8390,692,0,0,0.150236,0.061354,9.4497
10,13.8580,693,0,0,0.149655,0.060248,9.4496
10,13.8780,694,0,0,0.148527,0.059152,9.4496
10,13.8980,695,0,0,0.146872,0.058052,9.4495
10,13.9180,696,0,0,0.144683,0.056928,9.4494
10,13.9380,697,0,0,0.141962,0.055772,9.4493
10,13.9580,698,0,0,0.138730,0.054587,9.4493
10,13.9780,699,0,0,0.135041,0.053382,9.4492
10,13.9980,700,0,0,0.130971,0.052167,9.4492
10,14.0180,701,0,0,0.126606,0.050947,9.4492
10,14.0380,702,0,0,0.122038,0.049718,9.4492
10,14.0580,703,0,0,0.117355,0.048467,9.4492
10,14.0780,704,0,0,0.112631,0.047175,9.4492
10,14.0980,705,0,0,0.107915,0.045820,9.4492
10,14.1180,706,0,0,0.103243,0.044382,9.4491
10,14.1380,707,0,0,0.098631,0.042839,9.4491
10,14.1580,708,0,0,0.094088,0.041179,9.4491
10,14.1790,709,0,0,0.089611,0.039395,9.4491
10,14.1980,710,0,0,0.085196,0.037494,9.4491
10,14.2180,711,0,0,0.080834,0.035493,9.4491
10,14.2380,712,0,0,0.076512,0.033420,9.4491
10,14.2580,713,0,0,0.072226,0.031311,9.4490
10,14.2780,714,0,0,0.067963,0.029206,9.4490
10,14.2980,715,0,0,0.063715,0.027148,9.4490
10,14.3180,716,0,0,0.059482,0.025174,9.4490
10,14.3390,717,0,0,0.055276,0.023315,9.4490
10,14.3580,718,0,0,0.051130,0.021596,9.4490
10,14.3780,719,0,0,0.047101,0.020035,9.4490
10,14.3980,720,0,0,0.043291,0.018648,9.4490
10,14.4180,721,0,0,0.039843,0.017457,9.4490
10,14.4380,722,0,0,0.036953,0.016496,9.4490
10,14.4580,723,0,0,0.034852,0.015804,9.4489
10,14.4780,724,0,0,0.033770,0.015423,9.4489
10,14.4980,725,0,0,0.033862,0.015379,9.4489
10,14.5190,726,0,0,0.035139,0.015676,9.4489
10,14.5380,727,0,0,0.037468,0.016293,9.4490
10,14.5580,728,0,0,0.040627,0.017192,9.4490
10,14.5780,729,0,0,0.044377,0.018330,9.4490
10,14.5980,730,0,0,0.048511,0.019668,9.4490
10,14.6180,731,0,0,0.052864,0.021173,9.4490
10,14.6380,732,0,0,0.057314,0.022815,9.4490
10,14.6580,733,0,0,0.061780,0.024571,9.4491
10,14.6790,734,0,0,0.066205,0.026416,9.4491
10,14.6980,735,0,0,0.070557,0.028328,9.4491
10,14.7180,736,0,0,0.074820,0.030286,9.4491
10,14.7380,737,0,0,0.078990,0.032270,9.4491
10,14.7580,738,0,0,0.083072,0.034258,9.4492
10,14.7780,739,0,0,0.087073,0.036234,9.4492
10,14.7980,740,0,0,0.091004,0.038177,9.4492
10,14.8180,741,0,0,0.094875,0.040073,9.4492
10,14.8380,742,0,0,0.098695,0.041907,9.4493
10,14.8590,743,0,0,0.102466,0.043667,9.4493
10,14.8780,744,0,0,0.106190,0.045345,9.4493
10,14.8980,745,0,0,0.109861,0.046933,9.4493
10,14.9180,746,0,0,0.113469,0.048429,9.4494
10,14.9380,747,0,0,0.116999,0.049829,9.4494
10,14.9580,748,0,0,0.120427,0.051137,9.4494
10,14.9780,749,0,0,0.123736,0.052353,9.4494
10,14.9980,750,0,0,0.126906,0.053480,9.4495
10,15.0190,751,0,0,0.129911,0.054522,9.4495
10,15.0380,752,0,0,0.132726,0.055483,9.4495
10,15.0580,753,0,0,0.135329,0.056368,9.4495
10,15.0780,754,0,0,0.137698,0.057180,9.4496
10,15.0980,755,0,0,0.139817,0.057921,9.4496
10,15.1180,756,0,0,0.141674,0.058593,9.4496
10,15.1380,757,0,0,0.143262,0.059196,9.4497
10,15.1580,758,0,0,0.144578,0.059728,9.4497
10,15.1790,759,0,0,0.145617,0.060191,9.4497
10,15.1980,760,0,0,0.146391,0.060580,9.4497
10,15.2180,761,0,0,0.146910,0.060889,9.4497
10,15.2380,762,0,0,0.147183,0.061116,9.4498
10,15.2580,763,0,0,0.147225,0.061255,9.4498
10,15.2780,764,0,0,0.147037,0.061303,9.4498
10,15.2980,765,0,0,0.146635,0.061255,9.4498
10,15.3180,766,0,0,0.146041,0.061111,9.4498
10,15.3380,767,0,0,0.145238,0.060870,9.4498
10,15.3590,768,0,0,0.144230,0.060530,9.4499
10,15.3780,769,0,0,0.143040,0.060087,9.4499
10,15.3980,770,0,0,0.141687,0.059541,9.4499
10,15.4180,771,0,0,0.140161,0.058895,9.4499
10,15.4380,772,0,0,0.138464,0.058120,9.4499
10,15.4580,773,0,0,0.136597,0.057262,9.4499
10,15.4780,774,0,0,0.134494,0.056061,9.4499
10,15.4980,775,0,0,0.132097,0.054533,9.4499
10,15.5210,776,0,0,0.130027,0.053260,9.4499
10,15.5380,777,0,0,0.128887,0.052394,9.4499
10,15.5580,778,0,0,0.127991,0.051549,9.4500
10,15.5780,779,0,0,0.126529,0.050602,9.4500
10,15.5980,780,0,0,0.124170,0.049516,9.4501
10,15.6180,781,0,0,0.120958,0.048294,9.4502
10,15.6380,782,0,0,0.117119,0.046975,9.4502
10,15.6580,783,0,0,0.112931,0.045608,9.4503
10,15.6790,784,0,0,0.108589,0.044229,9.4503
10,15.6980,785,0,0,0.104209,0.042850,9.4503
10,15.7180,786,0,0,0.099821,0.041461,9.4503
10,15.7380,787,0,0,0.095415,0.040039,9.4504
10,15.7580,788,0,0,0.090943,0.038559,9.4504
10,15.7780,789,0,0,0.086404,0.036997,9.4504
10,15.7980,790,0,0,0.081805,0.035336,9.4504
10,15.8180,791,0,0,0.077172,0.033574,9.4504
10,15.8380,792,0,0,0.072545,0.031715,9.4504
10,15.8590,793,0,0,0.067942,0.029768,9.4504
10,15.8780,794,0,0,0.063390,0.027747,9.4505
10,15.8980,795,0,0,0.058892,0.025669,9.4505
10,15.9180,796,0,0,0.054437,0.023547,9.4505
10,15.9380,797,0,0,0.050003,0.021396,9.4505
10,15.9580,798,0,0,0.045563,0.019231,9.4505
10,15.9780,799,0,0,0.041097,0.017067,9.4505
10,15.9980,800,0,0,0.036591,0.014918,9.4505
10,16.0190,801,0,0,0.032050,0.012803,9.4505
10,16.0380,802,0,0,0.027501,0.010744,9.4505
10,16.0580,803,0,0,0.023002,0.008776,9.4505
10,16.0780,804,0,0,0.018678,0.006964,9.4505
10,16.0980,805,0,0,0.014782,0.005441,9.4505
10,16.1180,806,0,0,0.011846,0.004458,9.4505
10,16.1380,807,0,0,0.010764,0.004323,9.4505
10,16.1580,808,0,0,0.012077,0.005086,9.4505
10,16.1780,809,0,0,0.015172,0.006431,9.4505
10,16.1990,810,0,0,0.019171,0.008060,9.4505
10,16.2180,811,0,0,0.023564,0.009819,9.4505
10,16.2380,812,0,0,0.028098,0.011639,9.4505
10,16.2580,813,0,0,0.032644,0.013485,9.4505
10,16.2780,814,0,0,0.037132,0.015336,9.4505
10,16.2980,815,0,0,0.041521,0.017182,9.4505
10,16.3180,816,0,0,0.045790,0.019014,9.4505
10,16.3380,817,0,0,0.049924,0.020822,9.4505
10,16.3590,818,0,0,0.053918,0.022600,9.4505
10,16.3780,819,0,0,0.057768,0.024338,9.4505
10,16.3980,820,0,0,0.061474,0.026030,9.4505
10,16.4180,821,0,0,0.065037,0.027667,9.4504
10,16.4380,822,0,0,0.068459,0.029242,9.4504
10,16.4580,823,0,0,0.071741,0.030748,9.4504
10,16.4780,824,0,0,0.074884,0.032179,9.4504
10,16.4980,825,0,0,0.077888,0.033530,9.4504
10,16.5190,826,0,0,0.080751,0.034798,9.4504
10,16.5380,827,10,0,0.000000,0.000000,9.4504
