run,num_cubos,t_s,phys_frame,asleep,active_objs,max_v,mean_v,top_y
1,100,0.0200,1,0,100,0.000000,0.000000,99.5000
1,100,0.0400,2,0,100,0.196200,0.182811,99.4961
1,100,0.0600,3,0,100,0.392400,0.357732,99.4882
1,100,0.0800,4,0,100,0.588600,0.525238,99.4765
1,100,0.1000,5,0,100,0.784800,0.685461,99.4608
1,100,0.1200,6,0,100,0.981000,0.838433,99.4411
1,100,0.1400,7,0,100,1.177198,0.984148,99.4176
1,100,0.1600,8,0,100,1.373387,1.122590,99.3901
1,100,0.1800,9,0,100,1.569528,1.253749,99.3587
1,100,0.2000,10,0,100,1.765468,1.377611,99.3234
1,100,0.2200,11,0,100,1.960945,1.494159,99.2842
1,100,0.2400,12,0,100,2.155378,1.603388,99.2411
1,100,0.2600,13,0,100,2.347914,1.705286,99.1941
1,100,0.2800,14,0,100,2.537309,1.799852,99.1433
1,100,0.3000,15,0,100,2.721989,1.887129,99.0888
1,100,0.3200,16,0,100,2.900036,1.967009,99.0307
1,100,0.3400,17,0,100,3.069467,2.039523,98.9691
1,100,0.3600,18,0,100,3.228093,2.111222,98.9044
1,100,0.3800,19,0,100,3.373857,2.173615,98.8366
1,100,0.4000,20,0,100,3.504884,2.229135,98.7663
1,100,0.4200,21,0,100,3.619354,2.277733,98.6936
1,100,0.4400,22,0,100,3.716117,2.319566,98.6189
1,100,0.4600,23,0,100,3.794162,2.354614,98.5427
1,100,0.4800,24,0,100,3.852859,2.383146,98.4652
1,100,0.5000,25,0,100,3.891864,2.404990,98.3870
1,100,0.5200,26,0,100,3.911637,2.422291,98.3084
1,100,0.5400,27,0,100,3.912488,2.436449,98.2298
1,100,0.5600,28,0,100,3.895519,2.445876,98.1515
1,100,0.5800,29,0,100,3.861921,2.447443,98.0740
1,100,0.6000,30,0,100,3.813297,2.443577,97.9975
1,100,0.6200,31,0,100,3.751509,2.431005,97.9222
1,100,0.6400,32,0,100,3.678204,2.418082,97.8485
1,100,0.6600,33,0,100,3.595643,2.402734,97.7765
1,100,0.6800,34,0,100,3.505806,2.381613,97.7063
1,100,0.7000,35,0,100,3.410450,2.361616,97.6382
1,100,0.7200,36,0,100,3.310844,2.338534,97.5720
1,100,0.7400,37,0,100,3.207940,2.314823,97.5080
1,100,0.7600,38,0,100,3.101772,2.292467,97.4460
1,100,0.7800,39,0,100,2.992048,2.294555,97.3864
1,100,0.8000,40,0,100,2.878978,2.279692,97.3290
1,100,0.8200,41,0,100,2.874408,2.284265,97.2739
1,100,0.8400,42,0,100,3.201086,2.300589,97.2213
1,100,0.8600,43,0,100,4.303332,2.308596,97.1711
1,100,0.8800,44,0,100,4.379797,2.326625,97.1236
1,100,0.9000,45,0,100,4.835079,2.371143,97.0786
1,100,0.9200,46,0,100,6.291435,2.422482,97.0363
1,100,0.9400,47,0,100,7.610181,2.520160,96.9967
1,100,0.9600,48,0,100,8.416571,2.652600,96.9597
1,100,0.9800,49,0,100,9.119007,2.804009,96.9253
1,100,1.0000,50,0,100,9.699923,2.959968,96.8931
1,100,1.0200,51,0,100,9.793176,3.135616,96.8630
1,100,1.0400,52,0,100,9.820281,3.294710,96.8346
1,100,1.0600,53,0,100,9.948411,3.472224,96.8076
1,100,1.0800,54,0,100,10.078760,3.643014,96.7816
1,100,1.1000,55,0,100,10.217230,3.819498,96.7559
1,100,1.1200,56,0,100,10.351860,3.996803,96.7304
1,100,1.1400,57,0,100,10.488420,4.173234,96.7043
1,100,1.1600,58,0,100,10.626860,4.347968,96.6771
1,100,1.1800,59,0,100,10.767080,4.523082,96.6478
1,100,1.2000,60,0,100,10.909040,4.698919,96.6158
1,100,1.2200,61,0,100,11.052650,4.876055,96.5805
1,100,1.2400,62,0,100,11.197870,5.054554,96.5412
1,100,1.2600,63,0,100,11.344610,5.232419,96.4980
1,100,1.2800,64,0,100,11.492830,5.412073,96.4505
1,100,1.3000,65,0,100,11.642470,5.592323,96.3991
1,100,1.3200,66,0,100,11.793480,5.773153,96.3437
1,100,1.3400,67,0,100,11.945800,5.954616,96.2844
1,100,1.3600,68,0,100,12.099380,6.136544,96.2212
1,100,1.3800,69,0,100,12.254180,6.318776,96.1540
1,100,1.4000,70,0,100,12.410150,6.501436,96.0829
1,100,1.4200,71,0,100,12.567250,6.684529,96.0079
1,100,1.4400,72,0,100,12.725440,6.868112,95.9290
1,100,1.4600,73,0,100,12.896130,7.052136,95.8461
1,100,1.4800,74,0,100,13.078120,7.235624,95.7593
1,100,1.5000,75,0,100,13.260520,7.420144,95.6686
1,100,1.5200,76,0,100,13.443310,7.605600,95.5740
1,100,1.5400,77,0,100,13.626480,7.791476,95.4754
1,100,1.5600,78,0,100,13.810000,7.977777,95.3729
1,100,1.5800,79,0,100,13.993860,8.164494,95.2665
1,100,1.6000,80,0,100,14.178060,8.351560,95.1562
1,100,1.6200,81,0,100,14.362570,8.538938,95.0420
1,100,1.6400,82,0,100,14.547390,8.726605,94.9238
1,100,1.6600,83,1,99,14.732500,8.914536,94.8017
1,100,1.6800,84,0,100,14.917900,9.102713,94.6757
1,100,1.7000,85,0,100,15.103570,9.291120,94.5457
1,100,1.7200,86,0,100,15.289510,9.479744,94.4118
1,100,1.7400,87,0,100,15.475690,9.668563,94.2740
1,100,1.7600,88,0,100,15.662120,9.857579,94.1323
1,100,1.7800,89,0,100,15.848790,10.046770,93.9867
1,100,1.8000,90,0,100,15.720000,10.025300,93.8371
1,100,1.8200,91,0,100,15.892830,10.212020,93.6836
1,100,1.8400,92,0,100,16.066200,10.252660,93.5262
1,100,1.8600,93,0,100,16.240090,10.437350,93.3649
1,100,1.8800,94,0,100,16.414480,10.622270,93.1996
1,100,1.9000,95,0,100,16.589360,10.807250,93.0304
1,100,1.9200,96,0,100,16.764710,10.992030,92.8573
1,100,1.9400,97,0,100,16.623680,10.899920,92.6802
1,100,1.9600,98,0,100,16.449990,10.962320,92.4993
1,100,1.9800,99,0,100,16.646130,11.053260,92.3144
1,100,2.0000,100,0,100,16.842260,11.222290,92.1256
1,100,2.0200,101,0,100,17.038400,11.359180,91.9329
1,100,2.0400,102,0,100,17.234540,11.473660,91.7362
1,100,2.0600,103,0,100,17.430680,11.647590,91.5356
1,100,2.0800,104,0,100,17.626820,11.664050,91.3311
1,100,2.1000,105,1,99,17.822970,11.759060,91.1227
1,100,2.1200,106,1,99,18.019110,11.767210,90.9103
1,100,2.1400,107,1,99,18.215260,11.767080,90.6940
1,100,2.1600,108,1,99,18.411410,11.894840,90.4738
1,100,2.1800,109,1,99,18.607550,11.891840,90.2497
1,100,2.2000,110,1,99,18.803700,12.045730,90.0217
1,100,2.2200,111,1,99,18.999850,12.016240,89.7897
1,100,2.2400,112,0,100,18.434550,11.850230,89.5538
1,100,2.2600,113,0,100,18.630740,11.997690,89.3140
1,100,2.2800,114,0,100,18.705410,12.016410,89.0702
1,100,2.3000,115,0,100,18.801360,12.113710,88.8226
1,100,2.3200,116,0,100,18.855780,12.205790,88.5710
1,100,2.3400,117,0,100,19.051650,12.365060,88.3155
1,100,2.3600,118,0,100,18.869410,12.489770,88.0560
1,100,2.3800,119,0,100,19.065070,12.640290,87.7927
1,100,2.4000,120,0,100,19.260740,12.759590,87.5254
1,100,2.4200,121,0,100,19.456430,12.908630,87.2542
1,100,2.4400,122,0,100,19.652120,13.034320,86.9790
1,100,2.4600,123,0,100,19.629150,13.120600,86.7000
1,100,2.4800,124,0,100,19.824740,13.260750,86.4170
1,100,2.5000,125,0,100,20.020340,13.415840,86.1301
1,100,2.5200,126,0,100,20.215950,13.535640,85.8392
1,100,2.5400,127,0,100,20.375390,12.973870,85.5445
1,100,2.5600,128,0,100,20.567180,13.019550,85.2458
1,100,2.5800,129,0,100,20.759050,13.083790,84.9432
1,100,2.6000,130,0,100,20.951000,13.225660,84.6367
1,100,2.6200,131,0,100,21.143040,13.364960,84.3262
1,100,2.6400,132,0,100,21.335140,13.498680,84.0118
1,100,2.6600,133,1,99,21.527320,13.650890,83.6935
1,100,2.6800,134,2,98,21.719580,13.803070,83.3713
1,100,2.7000,135,2,98,21.911900,13.956990,83.0452
1,100,2.7200,136,2,98,22.104290,14.093850,82.7151
1,100,2.7400,137,2,98,22.296750,14.227230,82.3811
1,100,2.7600,138,2,98,22.489270,14.378460,82.0432
1,100,2.7800,139,2,98,22.683970,14.520290,81.7013
1,100,2.8000,140,2,98,22.879640,14.670640,81.3556
1,100,2.8200,141,2,98,23.075320,14.817600,81.0059
1,100,2.8400,142,2,98,23.271010,14.957150,80.6522
1,100,2.8600,143,2,98,23.466710,15.101580,80.2947
1,100,2.8800,144,5,95,23.662410,15.248100,79.9332
1,100,2.9000,145,5,95,23.858130,15.396160,79.5679
1,100,2.9200,146,7,93,24.053850,15.531350,79.1985
1,100,2.9400,147,5,95,24.249580,15.335030,78.8253
1,100,2.9600,148,5,95,24.445310,15.484310,78.4481
1,100,2.9800,149,5,95,24.641060,15.578540,78.0671
1,100,3.0000,150,5,95,24.836810,15.471150,77.6820
1,100,3.0200,151,5,95,25.032570,15.076470,77.2931
1,100,3.0400,152,5,95,25.228330,14.896700,76.9003
1,100,3.0600,153,5,95,25.424100,14.955270,76.5035
1,100,3.0800,154,5,95,25.619880,14.902900,76.1028
1,100,3.1000,155,5,95,25.815670,15.025010,75.6981
1,100,3.1200,156,5,95,26.011460,15.094170,75.2896
1,100,3.1400,157,6,94,26.207260,15.117440,74.8771
1,100,3.1600,158,6,94,26.403060,14.974240,74.4607
1,100,3.1800,159,6,94,26.598870,14.949460,74.0404
1,100,3.2000,160,6,94,26.794690,14.681350,73.6161
1,100,3.2200,161,6,94,26.990510,14.642570,73.1880
1,100,3.2400,162,6,94,27.186330,14.721870,72.7559
1,100,3.2600,163,6,94,26.357220,14.567110,72.3199
1,100,3.2800,164,6,94,26.552670,14.686910,71.8799
1,100,3.3000,165,6,94,26.748130,14.804940,71.4360
1,100,3.3200,166,6,94,26.943600,14.895500,70.9882
1,100,3.3400,167,6,94,26.685450,15.009010,70.5365
1,100,3.3600,168,7,93,26.881520,14.948970,70.0809
1,100,3.3800,169,8,92,27.077590,15.043110,69.6213
1,100,3.4000,170,8,92,27.273660,15.107800,69.1578
1,100,3.4200,171,8,92,27.469730,14.931040,68.6904
1,100,3.4400,172,8,92,27.665810,15.043560,68.2191
1,100,3.4600,173,8,92,27.861890,15.164030,67.7438
1,100,3.4800,174,8,92,27.766630,15.103870,67.2646
1,100,3.5000,175,9,91,27.798370,15.133420,66.7815
1,100,3.5200,176,7,93,27.994490,14.857830,66.2945
1,100,3.5400,177,7,93,28.029180,14.399490,65.8035
1,100,3.5600,178,8,92,28.218430,14.180750,65.3087
1,100,3.5800,179,4,96,28.126420,14.056730,64.8099
1,100,3.6000,180,5,95,28.104530,14.011160,64.3071
1,100,3.6200,181,5,95,28.020090,13.992860,63.8005
1,100,3.6400,182,4,96,28.216280,14.104080,63.2899
1,100,3.6600,183,4,96,28.145170,14.150260,62.7754
1,100,3.6800,184,4,96,28.341360,14.228650,62.2570
1,100,3.7000,185,4,96,28.412200,14.323630,61.7346
1,100,3.7200,186,5,95,28.608380,14.407010,61.2084
1,100,3.7400,187,5,95,28.727250,14.509150,60.6782
1,100,3.7600,188,6,94,28.923430,14.577700,60.1440
1,100,3.7800,189,5,95,29.021220,14.677550,59.6060
1,100,3.8000,190,6,94,29.217410,14.784130,59.0640
1,100,3.8200,191,6,94,29.342940,14.882360,58.5181
1,100,3.8400,192,6,94,29.402050,14.978820,57.9683
1,100,3.8600,193,6,94,29.598250,15.068980,57.4146
1,100,3.8800,194,6,94,29.794450,15.155960,56.8569
1,100,3.9000,195,6,94,29.990640,15.111250,56.2953
1,100,3.9200,196,6,94,30.186840,14.727410,55.7298
1,100,3.9400,197,6,94,30.383040,14.101430,55.1604
1,100,3.9600,198,5,95,30.579240,13.608670,54.5870
1,100,3.9800,199,5,95,30.697560,13.377730,54.0097
1,100,4.0000,200,5,95,30.710580,13.093070,53.4285
1,100,4.0200,201,6,94,30.899020,13.107100,52.8434
1,100,4.0400,202,5,95,30.936250,13.062820,52.2543
1,100,4.0600,203,5,95,30.979550,12.819650,51.6614
1,100,4.0800,204,5,95,31.071870,12.837740,51.0645
1,100,4.1000,205,8,92,31.186730,12.845950,50.4636
1,100,4.1200,206,5,95,31.382930,12.922570,49.8589
1,100,4.1400,207,5,95,31.487880,12.990130,49.2502
1,100,4.1600,208,5,95,31.555520,13.071550,48.6376
1,100,4.1800,209,5,95,31.670870,13.157610,48.0211
1,100,4.2000,210,6,94,31.776160,13.240140,47.4006
1,100,4.2200,211,6,94,31.856620,13.310840,46.7763
1,100,4.2400,212,6,94,32.052810,13.385150,46.1480
1,100,4.2600,213,6,94,32.196420,13.437130,45.5157
1,100,4.2800,214,6,94,32.378250,13.512370,44.8796
1,100,4.3000,215,6,94,32.513600,13.579120,44.2395
1,100,4.3200,216,7,93,32.709800,13.641400,43.5955
1,100,4.3400,217,6,94,32.864770,13.565810,42.9476
1,100,4.3600,218,6,94,32.997940,13.540690,42.2958
1,100,4.3800,219,7,93,33.194150,13.600780,41.6400
1,100,4.4000,220,7,93,33.307510,13.508450,40.9803
1,100,4.4200,221,7,93,33.503720,13.252320,40.3167
1,100,4.4400,222,6,94,33.651720,13.074470,39.6492
1,100,4.4600,223,8,92,33.847920,12.957320,38.9777
1,100,4.4800,224,10,90,34.018680,12.957190,38.3023
1,100,4.5000,225,10,90,34.182300,12.975730,37.6230
1,100,4.5200,226,10,90,34.378500,12.936830,36.9398
1,100,4.5400,227,10,90,34.518960,12.972320,36.2526
1,100,4.5600,228,8,92,34.715160,12.445780,35.5616
1,100,4.5800,229,8,92,34.911360,12.434370,34.8666
1,100,4.6000,230,8,92,35.051790,12.422030,34.1676
1,100,4.6200,231,9,91,35.247990,12.037780,33.4648
1,100,4.6400,232,8,92,35.444190,11.561900,32.7580
1,100,4.6600,233,8,92,35.596250,11.417790,32.0473
1,100,4.6800,234,8,92,35.784180,10.646720,31.3327
1,100,4.7000,235,7,93,35.980370,9.830971,30.6141
1,100,4.7200,236,6,94,36.176570,8.998600,29.8917
1,100,4.7400,237,7,93,36.339080,8.450080,29.1653
1,100,4.7600,238,6,94,36.023670,8.156132,28.4383
1,100,4.7800,239,6,94,27.464170,8.150150,27.8891
1,100,4.8000,240,5,95,30.691050,8.037732,27.4609
1,100,4.8200,241,6,94,32.548070,7.985295,27.0766
1,100,4.8400,242,4,96,32.812160,7.871727,26.7023
1,100,4.8600,243,4,96,32.991470,7.874499,26.3126
1,100,4.8800,244,4,96,33.170960,7.889512,25.9055
1,100,4.9000,245,4,96,33.350640,7.801146,25.4918
1,100,4.9200,246,4,96,32.237320,7.451778,25.0740
1,100,4.9400,247,4,96,31.869390,7.435472,24.6523
1,100,4.9600,248,4,96,30.174380,7.161033,24.2267
1,100,4.9800,249,4,96,28.652610,6.793036,23.7971
1,100,5.0000,250,4,96,27.205010,6.347454,23.3637
1,100,5.0200,251,4,96,26.156330,5.493692,22.9263
1,100,5.0400,252,4,96,25.301190,4.834436,22.4850
1,100,5.0600,253,4,96,24.451450,4.522392,22.0397
1,100,5.0800,254,5,95,23.720090,4.318042,21.5906
1,100,5.1000,255,5,95,23.292890,4.254191,21.1375
1,100,5.1200,256,5,95,23.078080,4.139025,20.6805
1,100,5.1400,257,5,95,19.152920,4.139837,20.2966
1,100,5.1600,258,6,94,19.254510,4.173277,20.1590
1,100,5.1800,259,8,92,19.357570,4.183203,20.0658
1,100,5.2000,260,8,92,19.462060,4.188695,19.8921
1,100,5.2200,261,8,92,19.567950,4.196253,19.6892
1,100,5.2400,262,8,92,19.675230,4.244432,19.4781
1,100,5.2600,263,7,93,19.783880,4.254043,19.2632
1,100,5.2800,264,7,93,19.893870,4.208020,19.0443
1,100,5.3000,265,8,92,19.042040,4.172103,18.8215
1,100,5.3200,266,8,92,19.154420,4.193759,18.5947
1,100,5.3400,267,8,92,19.268140,4.233481,18.3641
1,100,5.3600,268,8,92,19.383190,4.224033,18.1295
1,100,5.3800,269,8,92,19.499530,4.238459,17.8910
1,100,5.4000,270,9,91,19.617140,4.062853,17.6486
1,100,5.4200,271,9,91,19.735990,4.080894,17.4022
1,100,5.4400,272,9,91,19.856080,4.029038,17.1519
1,100,5.4600,273,10,90,19.977380,4.017570,16.8977
1,100,5.4800,274,10,90,20.099850,4.028786,16.6396
1,100,5.5000,275,10,90,20.055890,3.824745,16.3776
1,100,5.5200,276,10,90,20.249680,3.661846,16.1116
1,100,5.5400,277,12,88,20.443520,3.687248,15.8417
1,100,5.5600,278,11,89,20.637410,3.607070,15.5679
1,100,5.5800,279,10,90,20.831340,3.564477,15.2901
1,100,5.6000,280,9,91,21.025310,3.577857,15.0085
1,100,5.6200,281,10,90,20.035360,3.288970,14.7229
1,100,5.6400,282,11,89,20.230180,3.264693,14.4334
1,100,5.6600,283,10,90,20.425020,2.998539,14.1399
1,100,5.6800,284,10,90,20.619880,2.876926,13.8426
1,100,5.7000,285,10,90,19.550370,2.768983,13.5413
1,100,5.7200,286,10,90,19.745810,2.716200,13.2361
1,100,5.7400,287,10,90,19.941260,2.655657,12.9269
1,100,5.7600,288,10,90,19.824710,2.626567,12.6139
1,100,5.7800,289,10,90,20.020510,2.607491,12.2969
1,100,5.8000,290,10,90,20.216320,2.618045,11.9760
1,100,5.8200,291,10,90,20.412140,2.632999,11.6511
1,100,5.8400,292,10,90,19.524240,2.548147,11.3224
1,100,5.8600,293,10,90,19.720040,2.226982,10.9897
1,100,5.8800,294,11,89,19.915840,2.218421,10.6531
1,100,5.9000,295,13,87,19.730190,2.013350,10.3126
1,100,5.9200,296,14,86,18.761890,1.847291,9.9681
1,100,5.9400,297,15,85,18.957260,1.791325,9.6197
1,100,5.9600,298,15,85,18.345330,1.681391,9.2674
1,100,5.9800,299,16,84,18.540820,1.693117,8.9112
1,100,6.0000,300,20,80,18.240170,1.706279,8.5511
1,100,6.0200,301,17,83,18.433890,1.658878,8.1870
1,100,6.0400,302,17,83,18.627660,1.621754,7.8190
1,100,6.0600,303,16,84,18.821490,1.639413,7.4471
1,100,6.0800,304,18,82,19.015360,1.635769,7.0712
1,100,6.1000,305,19,81,19.209280,1.606390,6.6914
1,100,6.1200,306,19,81,19.403250,1.591893,6.3078
1,100,6.1400,307,18,82,19.597260,1.586230,5.9201
1,100,6.1600,308,18,82,19.791310,1.581873,5.5286
1,100,6.1800,309,18,82,19.985410,1.568766,5.1613
1,100,6.2000,310,18,82,20.179550,1.580840,5.0113
1,100,6.2200,311,18,82,20.373720,1.593425,4.8574
1,100,6.2400,312,18,82,20.567940,1.579397,4.6996
1,100,6.2600,313,18,82,20.762190,1.595010,4.5378
1,100,6.2800,314,20,80,20.956480,1.612368,4.3722
1,100,6.3000,315,20,80,21.150800,1.630983,4.2026
1,100,6.3200,316,20,80,21.345160,1.629262,4.0290
1,100,6.3400,317,20,80,18.303870,1.578840,3.8516
1,100,6.3600,318,20,80,18.498910,1.540070,3.6702
1,100,6.3800,319,20,80,14.833510,1.364901,3.4849
1,100,6.4000,320,20,80,14.850110,1.351349,3.2957
1,100,6.4200,321,20,80,14.869290,1.302532,3.1026
1,100,6.4400,322,24,76,14.891020,1.255341,2.9055
1,100,6.4600,323,24,76,14.915310,1.241630,2.7045
1,100,6.4800,324,24,76,14.942130,1.212916,2.5619
1,100,6.5000,325,24,76,14.971470,1.215037,2.5628
1,100,6.5200,326,20,80,15.003320,1.128862,2.5620
1,100,6.5400,327,20,80,15.037670,1.087004,2.5589
1,100,6.5600,328,20,80,12.669600,0.941375,2.5524
1,100,6.5800,329,20,80,12.840780,0.924832,2.5437
1,100,6.6000,330,20,80,13.012670,0.881004,2.5325
1,100,6.6200,331,20,80,13.185240,0.876376,2.5192
1,100,6.6400,332,20,80,13.358460,0.862215,2.5035
1,100,6.6600,333,20,80,9.846268,0.777790,2.4855
1,100,6.6800,334,20,80,9.846222,0.743888,2.4652
1,100,6.7000,335,20,80,9.850085,0.730948,2.4430
1,100,6.7200,336,20,80,9.857853,0.726830,2.4188
1,100,6.7400,337,20,80,9.869516,0.720028,2.3915
1,100,6.7600,338,20,80,9.885060,0.713071,2.3608
1,100,6.7800,339,20,80,9.904467,0.723133,2.3269
1,100,6.8000,340,21,79,9.927714,0.707374,2.2903
1,100,6.8200,341,21,79,9.954774,0.674435,2.2504
1,100,6.8400,342,19,81,9.985618,0.656908,2.2065
1,100,6.8600,343,20,80,10.020210,0.659717,2.1586
1,100,6.8800,344,20,80,10.058510,0.652448,2.1068
1,100,6.9000,345,20,80,10.100470,0.646450,2.0510
1,100,6.9200,346,20,80,10.146060,0.646099,1.9914
1,100,6.9400,347,20,80,10.195220,0.645231,1.9893
1,100,6.9600,348,20,80,10.247900,0.636022,1.9893
1,100,6.9800,349,20,80,10.304050,0.630990,1.9882
1,100,7.0000,350,20,80,10.363600,0.616311,1.9888
1,100,7.0200,351,20,80,7.602710,0.515482,1.9883
1,100,7.0400,352,20,80,7.619503,0.513427,1.9880
1,100,7.0600,353,19,81,7.655295,0.500691,1.9882
1,100,7.0800,354,18,82,7.695924,0.488500,1.9880
1,100,7.1000,355,18,82,7.741314,0.474039,1.9878
1,100,7.1200,356,20,80,7.791382,0.445644,1.9875
1,100,7.1400,357,20,80,7.846037,0.434852,1.9872
1,100,7.1600,358,20,80,7.905186,0.429415,1.9865
1,100,7.1800,359,20,80,7.968728,0.429360,1.9862
1,100,7.2000,360,20,80,8.036557,0.397729,1.9859
1,100,7.2200,361,20,80,6.362826,0.357096,1.9858
1,100,7.2400,362,20,80,6.485597,0.348265,1.9857
1,100,7.2600,363,22,78,6.611911,0.343027,1.9857
1,100,7.2800,364,27,73,6.741570,0.343065,1.9858
1,100,7.3000,365,24,76,6.155019,0.339639,1.9858
1,100,7.3200,366,25,75,5.823699,0.298009,1.9858
1,100,7.3400,367,24,76,5.264948,0.262535,1.9857
1,100,7.3600,368,24,76,5.237124,0.256472,1.9855
1,100,7.3800,369,27,73,5.216536,0.252871,1.9854
1,100,7.4000,370,27,73,5.203269,0.248595,1.9853
1,100,7.4200,371,28,72,5.197381,0.241922,1.9851
1,100,7.4400,372,29,71,5.198895,0.236554,1.9849
1,100,7.4600,373,29,71,5.207806,0.232726,1.9846
1,100,7.4800,374,29,71,5.224076,0.220437,1.9844
1,100,7.5000,375,29,71,5.247635,0.222467,1.9839
1,100,7.5200,376,29,71,5.278388,0.227361,1.9837
1,100,7.5400,377,29,71,5.316208,0.231443,1.9838
1,100,7.5600,378,29,71,5.360946,0.235265,1.9840
1,100,7.5800,379,29,71,5.412431,0.240532,1.9843
1,100,7.6000,380,29,71,5.470472,0.230818,1.9844
1,100,7.6200,381,29,71,5.534863,0.221566,1.9847
1,100,7.6400,382,29,71,4.554660,0.200467,1.9848
1,100,7.6600,383,29,71,4.507219,0.205227,1.9850
1,100,7.6800,384,29,71,4.467897,0.204616,1.9851
1,100,7.7000,385,29,71,4.436911,0.205335,1.9852
1,100,7.7200,386,32,68,4.414435,0.207277,1.9852
1,100,7.7400,387,32,68,4.400600,0.208307,1.9852
1,100,7.7600,388,34,66,4.395489,0.199787,1.9852
1,100,7.7800,389,32,68,4.399130,0.202330,1.9853
1,100,7.8000,390,32,68,4.411504,0.193335,1.9852
1,100,7.8200,391,33,67,4.432535,0.186625,1.9853
1,100,7.8400,392,34,66,4.462103,0.175894,1.9852
1,100,7.8600,393,34,66,4.500038,0.157847,1.9853
1,100,7.8800,394,34,66,4.546132,0.156468,1.9853
1,100,7.9000,395,34,66,4.214666,0.148897,1.9854
1,100,7.9200,396,34,66,4.188777,0.143775,1.9853
1,100,7.9400,397,35,65,4.171965,0.143028,1.9853
1,100,7.9600,398,35,65,4.164339,0.141533,1.9853
1,100,7.9800,399,35,65,4.165949,0.136741,1.9853
1,100,8.0000,400,35,65,4.176785,0.106980,1.9853
1,100,8.0200,401,35,65,4.196775,0.102681,1.9853
1,100,8.0400,402,35,65,4.225791,0.101009,1.9853
1,100,8.0600,403,36,64,4.263646,0.103216,1.9854
1,100,8.0800,404,36,64,4.310108,0.106510,1.9853
1,100,8.1000,405,36,64,4.364903,0.094631,1.9854
1,100,8.1200,406,36,64,3.447928,0.082454,1.9855
1,100,8.1400,407,36,64,3.374419,0.082491,1.9855
1,100,8.1600,408,36,64,3.310920,0.082520,1.9853
1,100,8.1800,409,41,59,3.258015,0.080514,1.9852
1,100,8.2000,410,41,59,3.216228,0.075581,1.9851
1,100,8.2200,411,41,59,3.185997,0.072110,1.9852
1,100,8.2400,412,41,59,3.167651,0.074312,1.9852
1,100,8.2600,413,41,59,3.161399,0.073098,1.9852
1,100,8.2800,414,41,59,3.167311,0.068717,1.9852
1,100,8.3000,415,41,59,3.185321,0.057445,1.9852
1,100,8.3200,416,42,58,3.215224,0.055119,1.9851
1,100,8.3400,417,42,58,3.256693,0.052042,1.9851
1,100,8.3600,418,43,57,3.309293,0.047998,1.9851
1,100,8.3800,419,43,57,3.372504,0.046179,1.9850
1,100,8.4000,420,43,57,3.445741,0.045517,1.9851
1,100,8.4200,421,43,57,2.485240,0.037233,1.9851
1,100,8.4400,422,43,57,2.442504,0.036997,1.9851
1,100,8.4600,423,44,56,2.400326,0.038834,1.9851
1,100,8.4800,424,45,55,2.363463,0.040299,1.9850
1,100,8.5000,425,45,55,2.336113,0.039760,1.9846
1,100,8.5200,426,45,55,2.319286,0.037010,1.9844
1,100,8.5400,427,45,55,2.312135,0.037840,1.9844
1,100,8.5600,428,45,55,2.314409,0.038541,1.9843
1,100,8.5800,429,45,55,2.326198,0.039242,1.9843
1,100,8.6000,430,45,55,2.347494,0.040071,1.9843
1,100,8.6200,431,45,55,2.378250,0.041197,1.9843
1,100,8.6400,432,45,55,2.418400,0.042284,1.9843
1,100,8.6600,433,46,54,2.467876,0.043728,1.9843
1,100,8.6800,434,46,54,2.526586,0.045181,1.9843
1,100,8.7000,435,46,54,2.598779,0.047096,1.9843
1,100,8.7200,436,46,54,2.683437,0.049253,1.9843
1,100,8.7400,437,46,54,2.779795,0.051642,1.9843
1,100,8.7600,438,47,53,2.832011,0.053448,1.9844
1,100,8.7800,439,48,52,1.325343,0.034518,1.9844
1,100,8.8000,440,48,52,1.424513,0.035031,1.9843
1,100,8.8200,441,48,52,0.780462,0.024744,1.9843
1,100,8.8400,442,57,43,0.832072,0.021184,1.9844
1,100,8.8600,443,57,43,0.874706,0.019532,1.9844
1,100,8.8800,444,57,43,0.932938,0.018214,1.9842
1,100,8.9000,445,57,43,0.984993,0.018873,1.9842
1,100,8.9200,446,57,43,1.050206,0.019698,1.9842
1,100,8.9400,447,57,43,1.109629,0.019105,1.9842
1,100,8.9600,448,57,43,1.173605,0.017838,1.9837
1,100,8.9800,449,57,43,1.243707,0.019296,1.9836
1,100,9.0000,450,57,43,1.315578,0.020783,1.9834
1,100,9.0200,451,57,43,1.320039,0.022059,1.9834
1,100,9.0400,452,57,43,0.699020,0.018210,1.9834
1,100,9.0600,453,57,43,0.605510,0.017940,1.9833
1,100,9.0800,454,57,43,0.585501,0.017778,1.9833
1,100,9.1000,455,57,43,0.683533,0.017591,1.9832
1,100,9.1200,456,57,43,0.783648,0.017517,1.9831
1,100,9.1400,457,57,43,0.565949,0.014102,1.9830
1,100,9.1600,458,57,43,0.244055,0.009904,1.9830
1,100,9.1800,459,57,43,0.141035,0.008214,1.9830
1,100,9.2000,460,57,43,0.041835,0.006656,1.9829
1,100,9.2200,461,57,43,0.063634,0.007675,1.9829
1,100,9.2400,462,57,43,0.166026,0.009593,1.9829
1,100,9.2600,463,57,43,0.268919,0.011588,1.9829
1,100,9.2800,464,58,42,0.208088,0.010919,1.9829
1,100,9.3000,465,58,42,0.177398,0.009148,1.9829
1,100,9.3200,466,58,42,0.175138,0.008986,1.9829
1,100,9.3400,467,58,42,0.208510,0.009588,1.9823
1,100,9.3600,468,58,42,0.236627,0.009370,1.9823
1,100,9.3800,469,58,42,0.241835,0.009945,1.9823
1,100,9.4000,470,58,42,0.267030,0.010083,1.9822
1,100,9.4200,471,58,42,0.291654,0.010139,1.9821
1,100,9.4400,472,58,42,0.319066,0.010714,1.9820
1,100,9.4600,473,58,42,0.347544,0.011524,1.9818
1,100,9.4800,474,58,42,0.272089,0.010229,1.9819
1,100,9.5000,475,58,42,0.237042,0.008908,1.9820
1,100,9.5200,476,58,42,0.209112,0.008013,1.9819
1,100,9.5400,477,58,42,0.177009,0.006843,1.9818
1,100,9.5600,478,58,42,0.131366,0.006204,1.9817
1,100,9.5800,479,58,42,0.127773,0.006701,1.9816
1,100,9.6000,480,58,42,0.100134,0.006557,1.9816
1,100,9.6200,481,58,42,0.067428,0.006375,1.9815
1,100,9.6400,482,58,42,0.049217,0.005539,1.9816
1,100,9.6600,483,58,42,0.088850,0.006325,1.9815
1,100,9.6800,484,58,42,0.054545,0.005812,1.9814
1,100,9.7000,485,58,42,0.055889,0.005588,1.9815
1,100,9.7200,486,59,41,0.058935,0.005651,1.9807
1,100,9.7400,487,59,41,0.044776,0.005188,1.9803
1,100,9.7600,488,59,41,0.046598,0.005320,1.9801
1,100,9.7800,489,59,41,0.055431,0.005705,1.9798
1,100,9.8000,490,59,41,0.059025,0.005859,1.9798
1,100,9.8200,491,59,41,0.058912,0.005855,1.9797
1,100,9.8400,492,59,41,0.045136,0.005478,1.9797
1,100,9.8600,493,59,41,0.044691,0.005449,1.9797
1,100,9.8800,494,59,41,0.053118,0.005623,1.9797
1,100,9.9000,495,59,41,0.057801,0.005764,1.9796
1,100,9.9200,496,59,41,0.053914,0.005765,1.9795
1,100,9.9400,497,59,41,0.045115,0.005335,1.9795
1,100,9.9600,498,59,41,0.046111,0.005481,1.9795
1,100,9.9800,499,59,41,0.051018,0.005511,1.9795
1,100,10.0000,500,59,41,0.055629,0.005767,1.9794
1,100,10.0200,501,59,41,0.059188,0.005781,1.9794
1,100,10.0400,502,59,41,0.057970,0.005701,1.9793
1,100,10.0600,503,59,41,0.047267,0.005160,1.9793
1,100,10.0800,504,59,41,0.047535,0.005152,1.9793
1,100,10.1000,505,100,0,0.000000,0.000000,1.9793
2,100,0.0200,1,0,100,0.000000,0.000000,99.5000
2,100,0.0400,2,0,100,0.196200,0.182811,99.4961
2,100,0.0600,3,0,100,0.392400,0.357732,99.4882
2,100,0.0800,4,0,100,0.588600,0.525237,99.4765
2,100,0.1000,5,0,100,0.784800,0.685460,99.4608
2,100,0.1200,6,0,100,0.981000,0.838432,99.4411
2,100,0.1400,7,0,100,1.177198,0.984146,99.4176
2,100,0.1600,8,0,100,1.373386,1.122587,99.3901
2,100,0.1800,9,0,100,1.569525,1.253740,99.3587
2,100,0.2000,10,0,100,1.765465,1.377593,99.3234
2,100,0.2200,11,0,100,1.960943,1.494128,99.2842
2,100,0.2400,12,0,100,2.155372,1.603336,99.2411
2,100,0.2600,13,0,100,2.347892,1.705206,99.1941
2,100,0.2800,14,0,100,2.537249,1.799738,99.1433
2,100,0.3000,15,0,100,2.721811,1.886980,99.0888
2,100,0.3200,16,0,100,2.899719,1.966808,99.0307
2,100,0.3400,17,0,100,3.068971,2.039255,98.9691
2,100,0.3600,18,0,100,3.227300,2.109974,98.9044
2,100,0.3800,19,0,100,3.372746,2.174678,98.8367
2,100,0.4000,20,0,100,3.503260,2.231580,98.7663
2,100,0.4200,21,0,100,3.617301,2.281366,98.6937
2,100,0.4400,22,0,100,3.713444,2.324327,98.6191
2,100,0.4600,23,0,100,3.790805,2.359958,98.5429
2,100,0.4800,24,0,100,3.848651,2.388825,98.4655
2,100,0.5000,25,0,100,3.886958,2.410975,98.3874
2,100,0.5200,26,0,100,3.905793,2.426547,98.3089
2,100,0.5400,27,0,100,3.905903,2.435000,98.2304
2,100,0.5600,28,0,100,3.888271,2.436498,98.1523
2,100,0.5800,29,0,100,3.854351,2.431042,98.0750
2,100,0.6000,30,0,100,3.806017,2.418716,97.9986
2,100,0.6200,31,0,100,3.745274,2.399522,97.9235
2,100,0.6400,32,0,100,3.674189,2.373919,97.8499
2,100,0.6600,33,0,100,3.595114,2.342603,97.7779
2,100,0.6800,34,0,100,3.509919,2.306304,97.7077
2,100,0.7000,35,0,100,3.420154,2.265047,97.6393
2,100,0.7200,36,0,100,3.326902,2.219282,97.5729
2,100,0.7400,37,0,100,3.230624,2.171259,97.5084
2,100,0.7600,38,0,100,3.131638,2.131195,97.4459
2,100,0.7800,39,0,100,3.029563,2.086363,97.3855
2,100,0.8000,40,0,100,2.923541,2.041524,97.3272
2,100,0.8200,41,0,100,2.812830,1.999789,97.2711
2,100,0.8400,42,0,100,2.695817,1.979055,97.2173
2,100,0.8600,43,0,100,2.629436,1.934092,97.1660
2,100,0.8800,44,0,100,2.847386,1.904391,97.1174
2,100,0.9000,45,0,100,2.528494,1.900061,97.0715
2,100,0.9200,46,0,100,2.671987,1.875298,97.0286
2,100,0.9400,47,0,100,3.108988,1.883672,96.9886
2,100,0.9600,48,0,100,3.298037,1.900766,96.9516
2,100,0.9800,49,0,100,3.496411,1.914234,96.9173
2,100,1.0000,50,0,100,4.259704,1.986072,96.8858
2,100,1.0200,51,0,100,5.533672,2.031705,96.8567
2,100,1.0400,52,0,100,6.491471,2.138021,96.8297
2,100,1.0600,53,0,100,7.456411,2.287560,96.8046
2,100,1.0800,54,0,100,8.650233,2.446680,96.7810
2,100,1.1000,55,0,100,10.117410,2.662996,96.7588
2,100,1.1200,56,0,100,10.188050,2.883346,96.7377
2,100,1.1400,57,0,100,10.261950,3.078457,96.7174
2,100,1.1600,58,0,100,10.339040,3.240377,96.6974
2,100,1.1800,59,0,100,10.419260,3.376305,96.6774
2,100,1.2000,60,0,100,10.502530,3.493847,96.6569
2,100,1.2200,61,0,100,10.588780,3.614691,96.6350
2,100,1.2400,62,0,100,10.677940,3.738448,96.6110
2,100,1.2600,63,0,100,10.769940,3.866630,96.5835
2,100,1.2800,64,0,100,10.864710,3.998854,96.5516
2,100,1.3000,65,0,100,10.962160,4.133395,96.5153
2,100,1.3200,66,0,100,11.062240,4.269930,96.4750
2,100,1.3400,67,0,100,11.164860,4.411436,96.4307
2,100,1.3600,68,0,100,11.269970,4.556424,96.3825
2,100,1.3800,69,0,100,11.377490,4.704877,96.3304
2,100,1.4000,70,0,100,11.487360,4.856025,96.2743
2,100,1.4200,71,0,100,11.599510,5.009084,96.2143
2,100,1.4400,72,0,100,11.713860,5.165510,96.1504
2,100,1.4600,73,0,100,11.830370,5.324347,96.0826
2,100,1.4800,74,0,100,11.948960,5.485412,96.0108
2,100,1.5000,75,0,100,12.069580,5.648376,95.9351
2,100,1.5200,76,0,100,12.192160,5.813124,95.8555
2,100,1.5400,77,0,100,12.316640,5.979510,95.7720
2,100,1.5600,78,0,100,12.442980,6.147432,95.6846
2,100,1.5800,79,0,100,12.571110,6.316809,95.5932
2,100,1.6000,80,0,100,12.700970,6.487605,95.4979
2,100,1.6200,81,0,100,12.832520,6.659456,95.3986
2,100,1.6400,82,0,100,12.965710,6.832443,95.2955
2,100,1.6600,83,0,100,13.100480,7.006496,95.1884
2,100,1.6800,84,0,100,13.236790,7.181630,95.0774
2,100,1.7000,85,0,100,13.374580,7.357777,94.9625
2,100,1.7200,86,0,100,13.513820,7.534858,94.8437
2,100,1.7400,87,0,100,13.654460,7.711764,94.7209
2,100,1.7600,88,0,100,13.796450,7.889917,94.5942
2,100,1.7800,89,0,100,13.939760,8.069003,94.4636
2,100,1.8000,90,0,100,14.084350,8.248736,94.3290
2,100,1.8200,91,0,100,14.230170,8.429190,94.1906
2,100,1.8400,92,0,100,14.377190,8.610331,94.0482
2,100,1.8600,93,0,100,14.525370,8.792075,93.9019
2,100,1.8800,94,0,100,14.674680,8.974384,93.7516
2,100,1.9000,95,0,100,14.825080,9.157225,93.5975
2,100,1.9200,96,0,100,14.976540,9.340585,93.4394
2,100,1.9400,97,0,100,15.129030,9.524381,93.2774
2,100,1.9600,98,0,100,15.282520,9.708107,93.1114
2,100,1.9800,99,0,100,15.436980,9.892673,92.9416
2,100,2.0000,100,0,100,15.592370,10.077940,92.7678
2,100,2.0200,101,0,100,15.748670,10.216540,92.5901
2,100,2.0400,102,0,100,15.905860,10.400450,92.4085
2,100,2.0600,103,0,100,16.063910,10.575300,92.2229
2,100,2.0800,104,0,100,16.222790,10.700940,92.0334
2,100,2.1000,105,0,100,16.382480,10.885990,91.8400
2,100,2.1200,106,0,100,16.542960,11.039460,91.6427
2,100,2.1400,107,1,99,16.704190,11.218670,91.4414
2,100,2.1600,108,0,100,16.866170,11.400240,91.2363
2,100,2.1800,109,0,100,17.028870,11.550130,91.0272
2,100,2.2000,110,0,100,17.202890,11.728950,90.8142
2,100,2.2200,111,0,100,17.382330,11.898710,90.5972
2,100,2.2400,112,0,100,17.562120,12.077750,90.3763
2,100,2.2600,113,0,100,17.742270,12.247730,90.1515
2,100,2.2800,114,0,100,17.922750,12.291470,89.9228
2,100,2.3000,115,0,100,18.103560,12.473540,89.6902
2,100,2.3200,116,0,100,18.284680,12.656940,89.4536
2,100,2.3400,117,0,100,18.466110,12.761140,89.2131
2,100,2.3600,118,0,100,18.647840,12.943990,88.9687
2,100,2.3800,119,0,100,18.829870,13.126440,88.7204
2,100,2.4000,120,0,100,19.012170,13.228220,88.4681
2,100,2.4200,121,0,100,19.194750,13.379480,88.2119
2,100,2.4400,122,0,100,19.377590,13.556160,87.9518
2,100,2.4600,123,0,100,19.560700,13.733260,87.6878
2,100,2.4800,124,0,100,19.744050,13.903000,87.4198
2,100,2.5000,125,0,100,19.927650,14.079710,87.1479
2,100,2.5200,126,0,100,20.111490,14.136890,86.8721
2,100,2.5400,127,0,100,20.295560,14.314120,86.5924
2,100,2.5600,128,0,100,20.479850,14.489850,86.3087
2,100,2.5800,129,0,100,20.664370,14.659720,86.0212
2,100,2.6000,130,0,100,20.849090,14.831880,85.7296
2,100,2.6200,131,0,100,21.034030,15.001090,85.4342
2,100,2.6400,132,0,100,21.219170,15.176460,85.1349
2,100,2.6600,133,0,100,21.404500,15.336950,84.8316
2,100,2.6800,134,0,100,21.590030,15.506300,84.5244
2,100,2.7000,135,0,100,21.775740,15.681060,84.2133
2,100,2.7200,136,0,100,21.961640,15.730850,83.8982
2,100,2.7400,137,0,100,22.147710,15.900990,83.5793
2,100,2.7600,138,0,100,22.333960,15.980690,83.2564
2,100,2.7800,139,0,100,22.520370,16.148720,82.9296
2,100,2.8000,140,0,100,22.706950,16.298140,82.5988
2,100,2.8200,141,0,100,22.596600,16.470690,82.2641
2,100,2.8400,142,0,100,22.789280,16.644930,81.9256
2,100,2.8600,143,0,100,22.982010,16.713080,81.5830
2,100,2.8800,144,0,100,23.174800,16.876660,81.2366
2,100,2.9000,145,0,100,23.367650,17.044790,80.8862
2,100,2.9200,146,0,100,23.560550,17.082740,80.5320
2,100,2.9400,147,0,100,23.753510,17.246150,80.1737
2,100,2.9600,148,0,100,23.946510,17.290790,79.8116
2,100,2.9800,149,0,100,24.139580,17.282430,79.4456
2,100,3.0000,150,0,100,24.332690,17.221820,79.0756
2,100,3.0200,151,0,100,24.525850,17.384320,78.7017
2,100,3.0400,152,0,100,24.719060,17.522470,78.3238
2,100,3.0600,153,0,100,24.912310,17.663090,77.9421
2,100,3.0800,154,0,100,25.105610,17.580770,77.5564
2,100,3.1000,155,0,100,25.298950,17.629920,77.1668
2,100,3.1200,156,0,100,25.492340,17.779210,76.7733
2,100,3.1400,157,0,100,25.685780,17.679320,76.3758
2,100,3.1600,158,0,100,25.879250,17.817420,75.9744
2,100,3.1800,159,1,99,26.072760,17.966410,75.5692
2,100,3.2000,160,1,99,26.266320,17.648240,75.1599
2,100,3.2200,161,1,99,26.459910,17.434460,74.7468
2,100,3.2400,162,1,99,26.653540,17.092360,74.3297
2,100,3.2600,163,1,99,26.683900,16.651350,73.9087
2,100,3.2800,164,1,99,26.879650,16.563610,73.4838
2,100,3.3000,165,1,99,26.912040,16.011070,73.0550
2,100,3.3200,166,0,100,27.106630,15.758100,72.6222
2,100,3.3400,167,0,100,27.301240,15.277880,72.1855
2,100,3.3600,168,0,100,27.341070,15.042660,71.7449
2,100,3.3800,169,0,100,27.537140,14.975370,71.3003
2,100,3.4000,170,0,100,27.733210,15.077160,70.8519
2,100,3.4200,171,0,100,27.929280,15.134240,70.3995
2,100,3.4400,172,0,100,28.125350,15.119100,69.9432
2,100,3.4600,173,0,100,28.321430,15.043230,69.4829
2,100,3.4800,174,0,100,27.630780,14.868950,69.0188
2,100,3.5000,175,0,100,27.826770,14.898510,68.5507
2,100,3.5200,176,0,100,28.022760,15.000060,68.0787
2,100,3.5400,177,2,98,28.218750,15.087690,67.6028
2,100,3.5600,178,4,96,28.414750,15.175700,67.1229
2,100,3.5800,179,4,96,28.610750,15.239560,66.6391
2,100,3.6000,180,5,95,28.783410,15.056950,66.1514
2,100,3.6200,181,5,95,28.979530,14.971650,65.6598
2,100,3.6400,182,5,95,28.956800,14.972240,65.1643
2,100,3.6600,183,6,94,29.097240,14.481140,64.6648
2,100,3.6800,184,6,94,29.167700,14.323140,64.1614
2,100,3.7000,185,6,94,29.282190,14.197650,63.6541
2,100,3.7200,186,6,94,29.080550,14.132420,63.1428
2,100,3.7400,187,6,94,29.276740,14.238440,62.6277
2,100,3.7600,188,6,94,29.469760,14.297640,62.1086
2,100,3.7800,189,6,94,29.665950,14.361460,61.5855
2,100,3.8000,190,5,95,29.523410,14.454250,61.0586
2,100,3.8200,191,5,95,29.719580,14.491810,60.5277
2,100,3.8400,192,6,94,29.915750,14.572550,59.9930
2,100,3.8600,193,6,94,30.111920,14.644320,59.4542
2,100,3.8800,194,6,94,30.308090,14.751190,58.9116
2,100,3.9000,195,7,93,30.504260,14.845560,58.3650
2,100,3.9200,196,7,93,30.700430,14.933260,57.8145
2,100,3.9400,197,7,93,30.705230,14.470030,57.2601
2,100,3.9600,198,10,90,30.792990,14.200790,56.7018
2,100,3.9800,199,10,90,30.845200,14.047430,56.1395
2,100,4.0000,200,10,90,30.981460,14.045680,55.5734
2,100,4.0200,201,10,90,31.018810,14.099400,55.0033
2,100,4.0400,202,10,90,31.148450,13.818430,54.4292
2,100,4.0600,203,11,89,31.215390,13.641950,53.8513
2,100,4.0800,204,11,89,31.350080,13.598130,53.2694
2,100,4.1000,205,11,89,31.546280,13.560860,52.6836
2,100,4.1200,206,11,89,31.589300,13.521540,52.0939
2,100,4.1400,207,11,89,31.598780,13.530640,51.5002
2,100,4.1600,208,12,88,31.794980,13.529690,50.9027
2,100,4.1800,209,12,88,31.991170,13.553420,50.3012
2,100,4.2000,210,12,88,32.187370,13.602310,49.6957
2,100,4.2200,211,13,87,32.181510,13.684320,49.0864
2,100,4.2400,212,13,87,32.377710,13.736290,48.4731
2,100,4.2600,213,13,87,32.573910,13.666950,47.8559
2,100,4.2800,214,14,86,32.770110,13.742680,47.2348
2,100,4.3000,215,13,87,32.966310,13.485520,46.6098
2,100,4.3200,216,15,85,33.162510,13.511140,45.9808
2,100,4.3400,217,18,82,33.358710,13.543960,45.3479
2,100,4.3600,218,19,81,33.487610,13.514640,44.7111
2,100,4.3800,219,19,81,33.683810,12.937670,44.0704
2,100,4.4000,220,16,84,33.852580,12.678860,43.4257
2,100,4.4200,221,16,84,33.830650,12.297410,42.7771
2,100,4.4400,222,16,84,34.026850,12.208250,42.1246
2,100,4.4600,223,17,83,34.223040,12.221490,41.4682
2,100,4.4800,224,17,83,34.349060,12.181820,40.8078
2,100,4.5000,225,18,82,34.478500,12.239560,40.1435
2,100,4.5200,226,18,82,34.536630,12.259730,39.4753
2,100,4.5400,227,18,82,34.732820,12.300330,38.8032
2,100,4.5600,228,19,81,34.846290,12.282320,38.1271
2,100,4.5800,229,19,81,34.921650,11.669830,37.4472
2,100,4.6000,230,20,80,35.117840,11.187350,36.7633
2,100,4.6200,231,20,80,35.235970,10.749980,36.0754
2,100,4.6400,232,20,80,35.320130,10.289960,35.3837
2,100,4.6600,233,20,80,35.453770,9.889148,34.6880
2,100,4.6800,234,20,80,35.568950,9.741591,33.9884
2,100,4.7000,235,20,80,35.671450,9.479543,33.2849
2,100,4.7200,236,20,80,35.778840,9.501458,32.5774
2,100,4.7400,237,20,80,35.943440,9.543219,31.8661
2,100,4.7600,238,20,80,36.090690,9.546165,31.1508
2,100,4.7800,239,18,82,36.208980,9.452899,30.4316
2,100,4.8000,240,18,82,36.323290,9.500340,29.7084
2,100,4.8200,241,18,82,36.519490,9.524899,28.9814
2,100,4.8400,242,20,80,36.656510,9.526604,28.2504
2,100,4.8600,243,20,80,36.799530,9.570120,27.5155
2,100,4.8800,244,19,81,36.958550,9.546365,26.7766
2,100,4.9000,245,19,81,34.771310,9.590577,26.0546
2,100,4.9200,246,18,82,31.212980,9.495729,25.4531
2,100,4.9400,247,16,84,30.359020,9.442120,24.8637
2,100,4.9600,248,16,84,32.782640,9.395116,24.2838
2,100,4.9800,249,16,84,33.266930,9.398945,23.7130
2,100,5.0000,250,17,83,33.459840,9.207462,23.1420
2,100,5.0200,251,17,83,32.684560,9.140297,22.5630
2,100,5.0400,252,17,83,29.401960,8.251495,21.9764
2,100,5.0600,253,16,84,28.248170,7.269508,21.3954
2,100,5.0800,254,16,84,24.674470,6.619324,20.8673
2,100,5.1000,255,16,84,21.051520,5.929163,20.4369
2,100,5.1200,256,16,84,20.453350,5.778820,20.0707
2,100,5.1400,257,15,85,22.516360,5.623079,19.7594
2,100,5.1600,258,16,84,21.302350,5.483819,19.4744
2,100,5.1800,259,16,84,20.763530,4.564149,19.1850
2,100,5.2000,260,18,82,20.869590,4.027998,18.8960
2,100,5.2200,261,18,82,20.976940,3.809166,18.6561
2,100,5.2400,262,18,82,18.333250,3.493501,18.4656
2,100,5.2600,263,18,82,18.912410,3.436230,18.3006
2,100,5.2800,264,20,80,18.072770,3.411049,18.1407
2,100,5.3000,265,21,79,18.171080,3.367739,17.9724
2,100,5.3200,266,21,79,18.270970,3.272676,17.7936
2,100,5.3400,267,21,79,18.372410,3.262120,17.6104
2,100,5.3600,268,21,79,18.475370,3.197058,17.4231
2,100,5.3800,269,21,79,17.486690,3.110969,17.2318
2,100,5.4000,270,21,79,16.393770,3.082073,17.0367
2,100,5.4200,271,21,79,15.663940,3.058727,16.8376
2,100,5.4400,272,20,80,13.887160,2.889807,16.6346
2,100,5.4600,273,20,80,12.827270,2.884111,16.4277
2,100,5.4800,274,20,80,12.431930,2.853662,16.2168
2,100,5.5000,275,20,80,12.437580,2.881244,16.0020
2,100,5.5200,276,19,81,12.335330,2.859781,15.7833
2,100,5.5400,277,19,81,12.526270,2.858649,15.5607
2,100,5.5600,278,19,81,12.663140,2.874635,15.3342
2,100,5.5800,279,19,81,12.757420,2.883729,15.1037
2,100,5.6000,280,19,81,12.856570,2.911701,14.8693
2,100,5.6200,281,19,81,13.043580,2.925514,14.6310
2,100,5.6400,282,19,81,12.788780,2.671056,14.3887
2,100,5.6600,283,20,80,12.982210,2.544812,14.1426
2,100,5.6800,284,20,80,12.853560,2.327336,13.8925
2,100,5.7000,285,21,79,12.841990,2.307440,13.6385
2,100,5.7200,286,22,78,10.995870,2.289155,13.4182
2,100,5.7400,287,23,77,10.999630,2.244920,13.3166
2,100,5.7600,288,23,77,11.006880,2.233185,13.2305
2,100,5.7800,289,23,77,11.017620,2.186094,13.1360
2,100,5.8000,290,23,77,11.031840,2.177118,13.0311
2,100,5.8200,291,26,74,11.049530,2.154733,12.9174
2,100,5.8400,292,26,74,11.070670,2.136295,12.7987
2,100,5.8600,293,27,73,11.095240,2.132227,12.6762
2,100,5.8800,294,28,72,11.123210,2.137315,12.5497
2,100,5.9000,295,29,71,11.154570,2.136950,12.4195
2,100,5.9200,296,28,72,11.189280,2.129274,12.2854
2,100,5.9400,297,29,71,11.227310,2.077251,12.1473
2,100,5.9600,298,31,69,11.268630,2.030849,12.0052
2,100,5.9800,299,31,69,11.313200,2.017846,11.8593
2,100,6.0000,300,32,68,11.360990,1.982305,11.7094
2,100,6.0200,301,35,65,11.411940,1.964650,11.5556
2,100,6.0400,302,35,65,11.466030,1.977327,11.3979
2,100,6.0600,303,34,66,11.523210,1.963108,11.2363
2,100,6.0800,304,35,65,11.583430,1.937478,11.0707
2,100,6.1000,305,34,66,11.646640,1.954999,10.9012
2,100,6.1200,306,34,66,11.712800,1.975773,10.7278
2,100,6.1400,307,34,66,11.781850,1.992914,10.5505
2,100,6.1600,308,34,66,11.853750,1.972861,10.3692
2,100,6.1800,309,34,66,11.928450,1.992041,10.1840
2,100,6.2000,310,35,65,12.005880,1.991973,9.9949
2,100,6.2200,311,35,65,12.086010,1.988124,9.8019
2,100,6.2400,312,35,65,12.168770,2.014682,9.6049
2,100,6.2600,313,34,66,11.412610,1.926790,9.4040
2,100,6.2800,314,34,66,11.500610,1.946264,9.1992
2,100,6.3000,315,35,65,11.591270,1.955691,8.9905
2,100,6.3200,316,35,65,11.684520,1.962736,8.7778
2,100,6.3400,317,35,65,11.780300,1.931759,8.5612
2,100,6.3600,318,35,65,11.956500,1.956955,8.3407
2,100,6.3800,319,39,61,12.145230,1.878151,8.1163
2,100,6.4000,320,38,62,12.334200,1.806426,7.8880
2,100,6.4200,321,38,62,12.523390,1.723796,7.6557
2,100,6.4400,322,40,60,12.712790,1.696943,7.4195
2,100,6.4600,323,40,60,12.902390,1.664876,7.1794
2,100,6.4800,324,37,63,13.092190,1.618377,6.9353
2,100,6.5000,325,36,64,13.282180,1.577749,6.6873
2,100,6.5200,326,36,64,13.016480,1.353548,6.4354
2,100,6.5400,327,40,60,13.062450,1.338706,6.1796
2,100,6.5600,328,41,59,13.010440,1.343693,5.9274
2,100,6.5800,329,41,59,13.058130,1.303174,5.6719
2,100,6.6000,330,41,59,13.238650,1.276282,5.4128
2,100,6.6200,331,41,59,13.428880,1.261389,5.1499
2,100,6.6400,332,41,59,13.552520,1.267830,4.8887
2,100,6.6600,333,40,60,11.043360,1.131690,4.6412
2,100,6.6800,334,40,60,11.214790,1.138082,4.4490
2,100,6.7000,335,40,60,11.376790,1.084740,4.2455
2,100,6.7200,336,40,60,11.539850,1.004624,4.0380
2,100,6.7400,337,41,59,11.703930,0.984789,3.8266
2,100,6.7600,338,41,59,10.956250,0.944663,3.6114
2,100,6.7800,339,40,60,10.997840,0.923082,3.4215
2,100,6.8000,340,39,61,8.302307,0.705233,3.3004
2,100,6.8200,341,40,60,8.301341,0.696604,3.2794
2,100,6.8400,342,41,59,8.305011,0.637416,3.2526
2,100,6.8600,343,41,59,8.313311,0.638306,3.2321
2,100,6.8800,344,44,56,8.326227,0.637057,3.2035
2,100,6.9000,345,44,56,8.343739,0.630564,3.1711
2,100,6.9200,346,44,56,8.365815,0.626701,3.1347
2,100,6.9400,347,44,56,8.392423,0.632730,3.0988
2,100,6.9600,348,44,56,8.423516,0.635900,3.0578
2,100,6.9800,349,45,55,7.821169,0.635933,3.0128
2,100,7.0000,350,45,55,7.784792,0.595221,2.9639
2,100,7.0200,351,49,51,7.753211,0.598735,2.9112
2,100,7.0400,352,46,54,7.726484,0.596649,2.8544
2,100,7.0600,353,46,54,7.704662,0.567959,2.7938
2,100,7.0800,354,46,54,7.687787,0.567364,2.7292
2,100,7.1000,355,46,54,7.675891,0.560362,2.6607
2,100,7.1200,356,46,54,7.668999,0.513951,2.6150
2,100,7.1400,357,46,54,7.667122,0.498230,2.5645
2,100,7.1600,358,46,54,7.670266,0.489792,2.5100
2,100,7.1800,359,46,54,7.678422,0.492889,2.4516
2,100,7.2000,360,45,55,7.691577,0.491109,2.3893
2,100,7.2200,361,45,55,7.709704,0.498257,2.3231
2,100,7.2400,362,46,54,7.732768,0.500397,2.2529
2,100,7.2600,363,47,53,7.760725,0.489304,2.1788
2,100,7.2800,364,48,52,7.793522,0.465383,2.1008
2,100,7.3000,365,48,52,7.702092,0.428248,2.0188
2,100,7.3200,366,48,52,7.700791,0.408115,1.9330
2,100,7.3400,367,48,52,7.704489,0.403100,1.8432
2,100,7.3600,368,47,53,7.713178,0.376521,1.7494
2,100,7.3800,369,47,53,7.726840,0.374499,1.6863
2,100,7.4000,370,47,53,7.745450,0.361791,1.6866
2,100,7.4200,371,47,53,7.768970,0.351196,1.6869
2,100,7.4400,372,47,53,7.531422,0.305818,1.6872
2,100,7.4600,373,50,50,7.336364,0.285256,1.6873
2,100,7.4800,374,50,50,7.324270,0.286702,1.6875
2,100,7.5000,375,51,49,7.317419,0.289115,1.6875
2,100,7.5200,376,52,48,7.315825,0.292447,1.6876
2,100,7.5400,377,52,48,7.319492,0.297117,1.6876
2,100,7.5600,378,52,48,7.328411,0.276476,1.6877
2,100,7.5800,379,51,49,6.848259,0.270836,1.6877
2,100,7.6000,380,51,49,6.788601,0.263457,1.6876
2,100,7.6200,381,53,47,6.734134,0.261699,1.6876
2,100,7.6400,382,52,48,6.684982,0.258441,1.6875
2,100,7.6600,383,52,48,6.641266,0.261662,1.6875
2,100,7.6800,384,52,48,6.603092,0.267501,1.6875
2,100,7.7000,385,52,48,6.570557,0.258932,1.6874
2,100,7.7200,386,53,47,6.543746,0.236169,1.6874
2,100,7.7400,387,52,48,6.522728,0.228540,1.6874
2,100,7.7600,388,54,46,6.507561,0.225174,1.6874
2,100,7.7800,389,56,44,6.498285,0.222531,1.6874
2,100,7.8000,390,55,45,6.494925,0.200841,1.6874
2,100,7.8200,391,56,44,6.497491,0.188895,1.6874
2,100,7.8400,392,56,44,6.505975,0.189616,1.6874
2,100,7.8600,393,56,44,6.520354,0.176782,1.6874
2,100,7.8800,394,56,44,6.540590,0.180424,1.6874
2,100,7.9000,395,56,44,6.566628,0.179701,1.6874
2,100,7.9200,396,56,44,6.598400,0.175060,1.6874
2,100,7.9400,397,56,44,2.683011,0.132304,1.6874
2,100,7.9600,398,56,44,2.769620,0.134679,1.6874
2,100,7.9800,399,56,44,2.867059,0.139146,1.6874
2,100,8.0000,400,57,43,2.974265,0.128483,1.6873
2,100,8.0200,401,57,43,3.090220,0.126909,1.6873
2,100,8.0400,402,57,43,2.635553,0.104994,1.6873
2,100,8.0600,403,58,42,2.729728,0.104150,1.6873
2,100,8.0800,404,58,42,2.497400,0.098668,1.6873
2,100,8.1000,405,58,42,2.250325,0.092206,1.6873
2,100,8.1200,406,59,41,1.741788,0.078933,1.6873
2,100,8.1400,407,60,40,1.753844,0.078697,1.6873
2,100,8.1600,408,61,39,1.832877,0.077279,1.6873
2,100,8.1800,409,61,39,1.925857,0.070608,1.6873
2,100,8.2000,410,61,39,2.025638,0.067033,1.6873
2,100,8.2200,411,62,38,1.843179,0.063341,1.6873
2,100,8.2400,412,62,38,1.181170,0.047841,1.6873
2,100,8.2600,413,63,37,1.235760,0.045995,1.6873
2,100,8.2800,414,63,37,1.298173,0.047234,1.6873
2,100,8.3000,415,66,34,1.368246,0.048382,1.6873
2,100,8.3200,416,66,34,1.445680,0.047973,1.6873
2,100,8.3400,417,66,34,1.529875,0.044160,1.6873
2,100,8.3600,418,67,33,1.620166,0.044139,1.6873
2,100,8.3800,419,67,33,1.719293,0.045657,1.6873
2,100,8.4000,420,67,33,1.825389,0.048023,1.6873
2,100,8.4200,421,67,33,1.774729,0.050809,1.6873
2,100,8.4400,422,68,32,1.705336,0.053465,1.6873
2,100,8.4600,423,68,32,1.206252,0.048040,1.6873
2,100,8.4800,424,68,32,1.275341,0.050490,1.6873
2,100,8.5000,425,68,32,1.349681,0.051600,1.6873
2,100,8.5200,426,68,32,1.427927,0.054152,1.6873
2,100,8.5400,427,78,22,1.512130,0.056493,1.6873
2,100,8.5600,428,78,22,1.599967,0.059594,1.6873
2,100,8.5800,429,79,21,1.693635,0.059566,1.6873
2,100,8.6000,430,80,20,1.561729,0.059550,1.6873
2,100,8.6200,431,80,20,1.464547,0.043755,1.6873
2,100,8.6400,432,80,20,1.555654,0.043274,1.6873
2,100,8.6600,433,80,20,1.649730,0.044031,1.6873
2,100,8.6800,434,80,20,1.606451,0.038832,1.6873
2,100,8.7000,435,84,16,0.597601,0.018964,1.6873
2,100,8.7200,436,84,16,0.495995,0.013808,1.6873
2,100,8.7400,437,85,15,0.396233,0.009595,1.6873
2,100,8.7600,438,85,15,0.297704,0.008387,1.6873
2,100,8.7800,439,85,15,0.242788,0.007611,1.6873
2,100,8.8000,440,85,15,0.342204,0.008725,1.6873
2,100,8.8200,441,85,15,0.442605,0.009817,1.6873
2,100,8.8400,442,85,15,0.544207,0.013061,1.6873
2,100,8.8600,443,85,15,0.372585,0.011561,1.6873
2,100,8.8800,444,85,15,0.283976,0.007710,1.6873
2,100,8.9000,445,85,15,0.382165,0.007205,1.6873
2,100,8.9200,446,85,15,0.481501,0.008102,1.6873
2,100,8.9400,447,86,14,0.582267,0.009696,1.6873
2,100,8.9600,448,86,14,0.388120,0.006894,1.6873
2,100,8.9800,449,86,14,0.145026,0.003032,1.6873
2,100,9.0000,450,87,13,0.176791,0.002999,1.6873
2,100,9.0200,451,87,13,0.201774,0.002988,1.6873
2,100,9.0400,452,87,13,0.217191,0.002993,1.6873
2,100,9.0600,453,87,13,0.221730,0.002923,1.6873
2,100,9.0800,454,87,13,0.225675,0.002973,1.6873
2,100,9.1000,455,87,13,0.227472,0.002920,1.6873
2,100,9.1200,456,87,13,0.213688,0.002773,1.6873
2,100,9.1400,457,87,13,0.157895,0.002168,1.6873
2,100,9.1600,458,88,12,0.074109,0.001398,1.6873
2,100,9.1800,459,88,12,0.038863,0.000949,1.6873
2,100,9.2000,460,88,12,0.024480,0.000723,1.6873
2,100,9.2200,461,88,12,0.023922,0.000581,1.6873
2,100,9.2400,462,88,12,0.023466,0.000610,1.6873
2,100,9.2600,463,88,12,0.023377,0.000611,1.6873
2,100,9.2800,464,88,12,0.023406,0.000628,1.6873
2,100,9.3000,465,88,12,0.023402,0.000641,1.6873
2,100,9.3200,466,90,10,0.023569,0.000652,1.6873
2,100,9.3400,467,90,10,0.024032,0.000648,1.6873
2,100,9.3600,468,90,10,0.024826,0.000657,1.6873
2,100,9.3800,469,91,9,0.025591,0.000671,1.6873
2,100,9.4000,470,91,9,0.026095,0.000684,1.6873
2,100,9.4200,471,91,9,0.027001,0.000709,1.6873
2,100,9.4400,472,91,9,0.028072,0.000731,1.6873
2,100,9.4600,473,91,9,0.029194,0.000750,1.6873
2,100,9.4800,474,91,9,0.030547,0.000774,1.6873
2,100,9.5000,475,91,9,0.030745,0.000785,1.6873
2,100,9.5200,476,91,9,0.033321,0.000817,1.6873
2,100,9.5400,477,91,9,0.034850,0.000834,1.6873
2,100,9.5600,478,93,7,0.036159,0.000662,1.6873
2,100,9.5800,479,93,7,0.037971,0.000686,1.6873
2,100,9.6000,480,93,7,0.039823,0.000707,1.6873
2,100,9.6200,481,93,7,0.040580,0.000716,1.6873
2,100,9.6400,482,93,7,0.042956,0.000742,1.6873
2,100,9.6600,483,93,7,0.045935,0.000761,1.6873
2,100,9.6800,484,93,7,0.048025,0.000789,1.6873
2,100,9.7000,485,93,7,0.050385,0.000821,1.6873
2,100,9.7200,486,93,7,0.052674,0.000845,1.6873
2,100,9.7400,487,93,7,0.055385,0.000873,1.6873
2,100,9.7600,488,93,7,0.058111,0.000885,1.6873
2,100,9.7800,489,93,7,0.061085,0.000919,1.6873
2,100,9.8000,490,93,7,0.064393,0.000953,1.6873
2,100,9.8200,491,93,7,0.067746,0.000989,1.6873
2,100,9.8400,492,93,7,0.071167,0.001028,1.6873
2,100,9.8600,493,93,7,0.074320,0.001058,1.6873
2,100,9.8800,494,93,7,0.077458,0.001085,1.6873
2,100,9.9000,495,93,7,0.080602,0.001127,1.6873
2,100,9.9200,496,93,7,0.084001,0.001145,1.6873
2,100,9.9400,497,93,7,0.093863,0.001241,1.6873
2,100,9.9600,498,93,7,0.097231,0.001259,1.6873
2,100,9.9800,499,93,7,0.102396,0.001305,1.6873
2,100,10.0000,500,93,7,0.107714,0.001355,1.6873
2,100,10.0200,501,93,7,0.113308,0.001405,1.6873
2,100,10.0400,502,93,7,0.120939,0.001467,1.6873
2,100,10.0600,503,93,7,0.128165,0.001536,1.6873
2,100,10.0800,504,93,7,0.134320,0.001619,1.6873
2,100,10.1000,505,93,7,0.141563,0.001702,1.6873
2,100,10.1200,506,93,7,0.149613,0.001774,1.6873
2,100,10.1400,507,93,7,0.159319,0.001881,1.6873
2,100,10.1600,508,93,7,0.169207,0.001962,1.6873
2,100,10.1800,509,93,7,0.178214,0.002058,1.6873
2,100,10.2000,510,93,7,0.189948,0.002163,1.6873
2,100,10.2200,511,93,7,0.199577,0.002283,1.6873
2,100,10.2400,512,93,7,0.212321,0.002393,1.6873
2,100,10.2600,513,93,7,0.222753,0.002505,1.6873
2,100,10.2800,514,93,7,0.238246,0.002661,1.6873
2,100,10.3001,515,93,7,0.251733,0.002793,1.6873
2,100,10.3201,516,93,7,0.268939,0.002948,1.6873
2,100,10.3401,517,93,7,0.286913,0.003130,1.6873
2,100,10.3601,518,93,7,0.304375,0.003298,1.6873
2,100,10.3801,519,93,7,0.321608,0.003492,1.6873
2,100,10.4001,520,93,7,0.341051,0.003674,1.6873
2,100,10.4201,521,93,7,0.361638,0.003851,1.6873
2,100,10.4401,522,93,7,0.379350,0.004038,1.6873
2,100,10.4601,523,93,7,0.400741,0.004250,1.6873
2,100,10.4801,524,93,7,0.416437,0.004411,1.6873
2,100,10.5001,525,93,7,0.436171,0.004608,1.6873
2,100,10.5201,526,93,7,0.445522,0.004704,1.6873
2,100,10.5401,527,93,7,0.461166,0.004861,1.6873
2,100,10.5601,528,93,7,0.433649,0.004595,1.6873
2,100,10.5801,529,93,7,0.246364,0.002730,1.6873
2,100,10.6001,530,93,7,0.211117,0.002363,1.6873
2,100,10.6201,531,93,7,0.205110,0.002322,1.6873
2,100,10.6401,532,93,7,0.160379,0.001878,1.6873
2,100,10.6601,533,93,7,0.115203,0.001401,1.6873
2,100,10.6801,534,93,7,0.046482,0.000679,1.6873
2,100,10.7001,535,93,7,0.012367,0.000262,1.6873
2,100,10.7201,536,93,7,0.014111,0.000409,1.6873
2,100,10.7401,537,93,7,0.013766,0.000401,1.6873
2,100,10.7601,538,93,7,0.012372,0.000380,1.6873
2,100,10.7801,539,93,7,0.012371,0.000358,1.6873
2,100,10.8001,540,93,7,0.012402,0.000346,1.6873
2,100,10.8201,541,93,7,0.012367,0.000339,1.6873
2,100,10.8401,542,93,7,0.012372,0.000338,1.6873
2,100,10.8601,543,93,7,0.012397,0.000338,1.6873
2,100,10.8801,544,93,7,0.012372,0.000337,1.6873
2,100,10.9001,545,93,7,0.012400,0.000337,1.6873
2,100,10.9201,546,93,7,0.012368,0.000336,1.6873
2,100,10.9401,547,93,7,0.012369,0.000336,1.6873
2,100,10.9601,548,93,7,0.012397,0.000337,1.6873
2,100,10.9801,549,93,7,0.012375,0.000336,1.6873
2,100,11.0001,550,93,7,0.012364,0.000336,1.6873
2,100,11.0201,551,93,7,0.012366,0.000336,1.6873
2,100,11.0401,552,93,7,0.012403,0.000337,1.6873
2,100,11.0601,553,100,0,0.000000,0.000000,1.6873
3,100,0.0200,1,0,100,0.000000,0.000000,99.5000
3,100,0.0400,2,0,100,0.196200,0.182810,99.4961
3,100,0.0600,3,0,100,0.392400,0.357724,99.4882
3,100,0.0800,4,0,100,0.588600,0.525208,99.4765
3,100,0.1000,5,0,100,0.784800,0.685389,99.4608
3,100,0.1200,6,0,100,0.981000,0.838301,99.4411
3,100,0.1400,7,0,100,1.177198,0.983937,99.4176
3,100,0.1600,8,0,100,1.373388,1.122282,99.3901
3,100,0.1800,9,0,100,1.569531,1.253324,99.3587
3,100,0.2000,10,0,100,1.765459,1.377050,99.3234
3,100,0.2200,11,0,100,1.960956,1.493445,99.2842
3,100,0.2400,12,0,100,2.155419,1.602501,99.2411
3,100,0.2600,13,0,100,2.347961,1.704207,99.1941
3,100,0.2800,14,0,100,2.537375,1.798560,99.1433
3,100,0.3000,15,0,100,2.722002,1.885592,99.0888
3,100,0.3200,16,0,100,2.900031,1.965224,99.0307
3,100,0.3400,17,0,100,3.069265,2.037479,98.9691
3,100,0.3600,18,0,100,3.227757,2.105374,98.9044
3,100,0.3800,19,0,100,3.373353,2.168079,98.8367
3,100,0.4000,20,0,100,3.504030,2.222929,98.7663
3,100,0.4200,21,0,100,3.618187,2.270551,98.6936
3,100,0.4400,22,0,100,3.714278,2.311506,98.6190
3,100,0.4600,23,0,100,3.791519,2.346036,98.5428
3,100,0.4800,24,0,100,3.849339,2.374029,98.4654
3,100,0.5000,25,0,100,3.887505,2.395384,98.3873
3,100,0.5200,26,0,100,3.906096,2.414084,98.3088
3,100,0.5400,27,0,100,3.905805,2.426252,98.2303
3,100,0.5600,28,0,100,3.887494,2.431893,98.1522
3,100,0.5800,29,0,100,3.852334,2.432387,98.0749
3,100,0.6000,30,0,100,3.801901,2.426975,97.9986
3,100,0.6200,31,0,100,3.738437,2.422876,97.9236
3,100,0.6400,32,0,100,3.663767,2.409352,97.8502
3,100,0.6600,33,0,100,3.580181,2.391120,97.7785
3,100,0.6800,34,0,100,3.489817,2.366654,97.7086
3,100,0.7000,35,0,100,3.394797,2.342631,97.6408
3,100,0.7200,36,0,100,3.296488,2.317473,97.5749
3,100,0.7400,37,0,100,3.195735,2.289279,97.5111
3,100,0.7600,38,0,100,3.092095,2.264532,97.4494
3,100,0.7800,39,0,100,2.984843,2.236505,97.3899
3,100,0.8000,40,0,100,2.873621,2.223281,97.3326
3,100,0.8200,41,0,100,2.757862,2.208458,97.2776
3,100,0.8400,42,0,100,2.934976,2.199479,97.2250
3,100,0.8600,43,0,100,3.370757,2.185713,97.1750
3,100,0.8800,44,0,100,3.747994,2.198425,97.1275
3,100,0.9000,45,0,100,4.766783,2.204439,97.0827
3,100,0.9200,46,0,100,5.683646,2.248505,97.0406
3,100,0.9400,47,0,100,6.782570,2.332280,97.0012
3,100,0.9600,48,0,100,8.007964,2.439851,96.9645
3,100,0.9800,49,0,100,8.879760,2.579168,96.9304
3,100,1.0000,50,0,100,9.849905,2.729773,96.8988
3,100,1.0200,51,0,100,10.148240,2.882154,96.8695
3,100,1.0400,52,0,100,10.179840,3.045388,96.8422
3,100,1.0600,53,0,100,10.215120,3.212127,96.8168
3,100,1.0800,54,0,100,10.254030,3.384309,96.7931
3,100,1.1000,55,0,100,10.604570,3.556247,96.7705
3,100,1.1200,56,0,100,10.690590,3.728071,96.7487
3,100,1.1400,57,0,100,10.840700,3.905047,96.7273
3,100,1.1600,58,0,100,10.882300,4.085148,96.7057
3,100,1.1800,59,0,100,10.927270,4.267027,96.6833
3,100,1.2000,60,0,100,10.975570,4.448756,96.6595
3,100,1.2200,61,0,100,11.027140,4.629797,96.6334
3,100,1.2400,62,0,100,11.081950,4.811528,96.6042
3,100,1.2600,63,0,100,11.139940,4.994223,96.5711
3,100,1.2800,64,0,100,11.201070,5.177566,96.5336
3,100,1.3000,65,0,100,11.295660,5.361337,96.4918
3,100,1.3200,66,0,100,11.456660,5.545513,96.4461
3,100,1.3400,67,0,100,11.618740,5.730119,96.3965
3,100,1.3600,68,0,100,11.781860,5.915115,96.3430
3,100,1.3800,69,0,100,11.945980,6.100453,96.2855
3,100,1.4000,70,0,100,12.111050,6.286155,96.2241
3,100,1.4200,71,0,100,12.277040,6.472177,96.1588
3,100,1.4400,72,0,100,12.443900,6.658482,96.0895
3,100,1.4600,73,0,100,12.611610,6.845084,96.0164
3,100,1.4800,74,0,100,12.780130,7.031959,95.9393
3,100,1.5000,75,0,100,12.949440,7.219103,95.8583
3,100,1.5200,76,0,100,13.119490,7.403512,95.7733
3,100,1.5400,77,0,100,13.290260,7.586063,95.6845
3,100,1.5600,78,0,100,13.461720,7.772285,95.5917
3,100,1.5800,79,0,100,13.633860,7.958492,95.4950
3,100,1.6000,80,0,100,13.806630,8.144794,95.3943
3,100,1.6200,81,0,100,13.980020,8.331271,95.2898
3,100,1.6400,82,0,100,14.154010,8.517940,95.1813
3,100,1.6600,83,0,100,14.328570,8.704776,95.0689
3,100,1.6800,84,0,100,14.503690,8.891583,94.9525
3,100,1.7000,85,0,100,14.679340,9.050941,94.8323
3,100,1.7200,86,0,100,14.855500,9.217600,94.7081
3,100,1.7400,87,0,100,15.032160,9.374075,94.5800
3,100,1.7600,88,0,100,15.209300,9.393567,94.4480
3,100,1.7800,89,0,100,15.386900,9.534997,94.3120
3,100,1.8000,90,0,100,15.564940,9.621244,94.1721
3,100,1.8200,91,0,100,15.743420,9.743185,94.0283
3,100,1.8400,92,0,100,15.922320,9.920762,93.8806
3,100,1.8600,93,0,100,16.101620,10.098180,93.7290
3,100,1.8800,94,0,100,16.281310,10.188870,93.5734
3,100,1.9000,95,0,100,16.461370,10.199330,93.4139
3,100,1.9200,96,0,100,16.641800,10.341720,93.2505
3,100,1.9400,97,0,100,16.822590,10.393190,93.0831
3,100,1.9600,98,0,100,17.003710,10.541450,92.9119
3,100,1.9800,99,0,100,17.185170,10.553180,92.7367
3,100,2.0000,100,0,100,17.366950,10.668940,92.5576
3,100,2.0200,101,0,100,17.549030,10.810110,92.3745
3,100,2.0400,102,0,100,17.731420,10.963540,92.1876
3,100,2.0600,103,0,100,17.914100,10.957160,91.9967
3,100,2.0800,104,0,100,16.934330,11.022270,91.8019
3,100,2.1000,105,0,100,17.128580,11.181960,91.6031
3,100,2.1200,106,0,100,17.322870,11.348150,91.4005
3,100,2.1400,107,0,100,17.517200,11.515240,91.1939
3,100,2.1600,108,0,100,17.711580,11.684730,90.9834
3,100,2.1800,109,0,100,17.905990,11.851310,90.7689
3,100,2.2000,110,0,100,18.100450,12.017460,90.5506
3,100,2.2200,111,0,100,18.294940,12.169180,90.3283
3,100,2.2400,112,0,100,18.489460,12.200710,90.1021
3,100,2.2600,113,0,100,18.684020,12.367790,89.8720
3,100,2.2800,114,0,100,18.878620,12.528660,89.6379
3,100,2.3000,115,0,100,19.073250,12.492060,89.4000
3,100,2.3200,116,0,100,19.267910,12.651340,89.1581
3,100,2.3400,117,0,100,19.462600,12.753680,88.9122
3,100,2.3600,118,0,100,19.657320,12.916410,88.6625
3,100,2.3800,119,0,100,19.852070,13.078820,88.4088
3,100,2.4000,120,1,99,20.046850,12.919080,88.1512
3,100,2.4200,121,1,99,20.241660,13.020850,87.8897
3,100,2.4400,122,1,99,20.436490,12.985450,87.6242
3,100,2.4600,123,1,99,20.631350,13.140350,87.3549
3,100,2.4800,124,1,99,20.826230,13.084510,87.0816
3,100,2.5000,125,1,99,21.021140,13.220200,86.8044
3,100,2.5200,126,2,98,21.216070,13.193450,86.5232
3,100,2.5400,127,2,98,21.173550,13.138830,86.2382
3,100,2.5600,128,2,98,21.366340,13.280230,85.9492
3,100,2.5800,129,2,98,21.409680,13.418960,85.6563
3,100,2.6000,130,2,98,21.604760,13.424740,85.3594
3,100,2.6200,131,2,98,21.799850,13.572750,85.0587
3,100,2.6400,132,2,98,21.994970,13.624450,84.7540
3,100,2.6600,133,2,98,22.190110,13.699910,84.4454
3,100,2.6800,134,2,98,22.386180,13.630740,84.1328
3,100,2.7000,135,2,98,22.582250,13.776520,83.8164
3,100,2.7200,136,1,99,22.775640,13.928000,83.4960
3,100,2.7400,137,2,98,22.970850,14.066880,83.1717
3,100,2.7600,138,2,98,22.701880,13.650090,82.8435
3,100,2.7800,139,2,98,22.898060,13.771050,82.5113
3,100,2.8000,140,2,98,23.094250,13.868760,82.1752
3,100,2.8200,141,2,98,23.261700,13.796250,81.8352
3,100,2.8400,142,2,98,23.415950,13.859620,81.4913
3,100,2.8600,143,2,98,23.611830,13.972040,81.1435
3,100,2.8800,144,3,97,23.807710,14.102000,80.7917
3,100,2.9000,145,3,97,24.003600,14.237090,80.4360
3,100,2.9200,146,3,97,23.178340,14.168130,80.0764
3,100,2.9400,147,3,97,23.374140,14.142710,79.7128
3,100,2.9600,148,3,97,23.569960,14.213340,79.3454
3,100,2.9800,149,3,97,23.765780,14.337110,78.9740
3,100,3.0000,150,4,96,23.961610,14.455610,78.5987
3,100,3.0200,151,4,96,24.109280,14.351040,78.2194
3,100,3.0400,152,4,96,24.305360,14.482020,77.8363
3,100,3.0600,153,4,96,24.442020,14.457510,77.4492
3,100,3.0800,154,3,97,24.629010,14.529590,77.0582
3,100,3.1000,155,3,97,24.687230,14.613900,76.6632
3,100,3.1200,156,3,97,24.843410,14.722600,76.2644
3,100,3.1400,157,3,97,24.884740,14.853430,75.8616
3,100,3.1600,158,3,97,25.080930,14.614720,75.4549
3,100,3.1800,159,3,97,25.277130,14.108290,75.0442
3,100,3.2000,160,3,97,24.821400,13.874950,74.6297
3,100,3.2200,161,4,96,25.017600,13.932230,74.2112
3,100,3.2400,162,4,96,25.213800,14.114980,73.7888
3,100,3.2600,163,4,96,25.105380,14.103800,73.3625
3,100,3.2800,164,4,96,25.301570,14.221040,72.9322
3,100,3.3000,165,4,96,25.497750,14.327790,72.4981
3,100,3.3200,166,4,96,25.458480,14.442070,72.0599
3,100,3.3400,167,4,96,25.610380,14.551680,71.6179
3,100,3.3600,168,5,95,25.806580,14.656200,71.1720
3,100,3.3800,169,5,95,25.950970,14.740480,70.7221
3,100,3.4000,170,5,95,26.147150,14.830950,70.2683
3,100,3.4200,171,4,96,26.343340,14.934070,69.8106
3,100,3.4400,172,4,96,26.539530,15.049720,69.3489
3,100,3.4600,173,4,96,26.735720,15.177020,68.8834
3,100,3.4800,174,4,96,26.902090,15.299510,68.4139
3,100,3.5000,175,4,96,26.950320,15.360260,67.9405
3,100,3.5200,176,4,96,27.146490,15.449170,67.4631
3,100,3.5400,177,4,96,27.342660,15.566790,66.9819
3,100,3.5600,178,4,96,27.538830,15.630250,66.4967
3,100,3.5800,179,5,95,27.735010,15.604870,66.0076
3,100,3.6000,180,5,95,27.931180,15.561670,65.5145
3,100,3.6200,181,5,95,28.127350,15.652270,65.0176
3,100,3.6400,182,4,96,28.309330,15.715210,64.5167
3,100,3.6600,183,6,94,28.153400,15.578190,64.0119
3,100,3.6800,184,5,95,28.349600,15.688080,63.5031
3,100,3.7000,185,5,95,28.545800,15.341130,62.9905
3,100,3.7200,186,5,95,28.742000,15.333580,62.4739
3,100,3.7400,187,6,94,28.938200,15.329320,61.9534
3,100,3.7600,188,7,93,29.134390,15.384400,61.4290
3,100,3.7800,189,7,93,29.180980,15.485880,60.9006
3,100,3.8000,190,7,93,29.377180,15.510310,60.3683
3,100,3.8200,191,7,93,29.573380,15.537180,59.8322
3,100,3.8400,192,7,93,29.590550,15.644000,59.2920
3,100,3.8600,193,8,92,29.786750,15.511310,58.7480
3,100,3.8800,194,7,93,29.982940,15.619160,58.2000
3,100,3.9000,195,7,93,30.179140,15.671120,57.6481
3,100,3.9200,196,7,93,30.298880,15.225680,57.0923
3,100,3.9400,197,7,93,30.360830,14.910930,56.5326
3,100,3.9600,198,6,94,30.556590,14.844800,55.9689
3,100,3.9800,199,6,94,30.713700,14.783160,55.4013
3,100,4.0000,200,6,94,30.717140,14.829220,54.8298
3,100,4.0200,201,6,94,30.863080,14.853450,54.2543
3,100,4.0400,202,7,93,30.850460,14.942540,53.6750
3,100,4.0600,203,6,94,31.046650,15.030300,53.0917
3,100,4.0800,204,6,94,31.212740,14.903090,52.5045
3,100,4.1000,205,5,95,31.408940,14.801170,51.9133
3,100,4.1200,206,5,95,31.605130,14.638790,51.3183
3,100,4.1400,207,5,95,31.709100,14.611480,50.7193
3,100,4.1600,208,5,95,31.905290,14.688810,50.1164
3,100,4.1800,209,5,95,32.101490,14.769520,49.5096
3,100,4.2000,210,5,95,32.297680,14.738100,48.8988
3,100,4.2200,211,5,95,32.493880,14.757870,48.2841
3,100,4.2400,212,5,95,32.690070,14.160190,47.6655
3,100,4.2600,213,5,95,32.879200,14.072940,47.0430
3,100,4.2800,214,6,94,32.877130,14.025480,46.4165
3,100,4.3000,215,6,94,33.068300,14.014820,45.7862
3,100,4.3200,216,6,94,33.162580,13.864540,45.1519
3,100,4.3400,217,6,94,33.358770,13.874110,44.5137
3,100,4.3600,218,5,95,33.502350,13.752180,43.8715
3,100,4.3800,219,5,95,33.601340,13.652010,43.2254
3,100,4.4000,220,5,95,33.797530,13.581470,42.5754
3,100,4.4200,221,5,95,33.993740,13.231620,41.9215
3,100,4.4400,222,5,95,34.167900,12.988830,41.2637
3,100,4.4600,223,5,95,34.294240,12.895350,40.6019
3,100,4.4800,224,5,95,34.481820,12.935720,39.9362
3,100,4.5000,225,5,95,34.486400,12.989500,39.2666
3,100,4.5200,226,5,95,34.682610,12.969990,38.5931
3,100,4.5400,227,7,93,34.836460,12.889840,37.9156
3,100,4.5600,228,7,93,34.920480,12.957430,37.2342
3,100,4.5800,229,7,93,35.116680,12.878910,36.5489
3,100,4.6000,230,7,93,35.178460,12.291050,35.8597
3,100,4.6200,231,7,93,35.374650,11.708890,35.1665
3,100,4.6400,232,7,93,35.472190,11.535170,34.4694
3,100,4.6600,233,7,93,35.668390,11.534530,33.7684
3,100,4.6800,234,7,93,35.807110,11.565270,33.0635
3,100,4.7000,235,7,93,35.977680,11.580650,32.3546
3,100,4.7200,236,7,93,36.119530,11.564370,31.6418
3,100,4.7400,237,7,93,36.260870,11.507470,30.9251
3,100,4.7600,238,7,93,36.377700,11.356430,30.2045
3,100,4.7800,239,7,93,36.496530,11.211040,29.4800
3,100,4.8000,240,7,93,36.692730,10.353560,28.7515
3,100,4.8200,241,7,93,36.822980,10.002460,28.0191
3,100,4.8400,242,7,93,37.019180,9.960196,27.2828
3,100,4.8600,243,8,92,37.154280,9.775571,26.5425
3,100,4.8800,244,8,92,37.294920,9.728443,25.7983
3,100,4.9000,245,8,92,37.446500,9.644928,25.0502
3,100,4.9200,246,8,92,37.616640,8.095716,24.2982
3,100,4.9400,247,8,92,34.097080,7.141394,23.5771
3,100,4.9600,248,8,92,25.255290,6.378197,23.0762
3,100,4.9800,249,8,92,21.903540,5.993260,22.6860
3,100,5.0000,250,8,92,25.039040,5.940287,22.3866
3,100,5.0200,251,8,92,27.317330,5.907416,22.1598
3,100,5.0400,252,9,91,27.463740,5.895674,21.9553
3,100,5.0600,253,10,90,26.572160,5.865919,21.7392
3,100,5.0800,254,10,90,26.693670,5.616108,21.5067
3,100,5.1000,255,10,90,26.816060,5.587588,21.2631
3,100,5.1200,256,10,90,26.939330,5.568673,21.0154
3,100,5.1400,257,10,90,26.870550,5.471198,20.7638
3,100,5.1600,258,10,90,26.983530,5.427966,20.5082
3,100,5.1800,259,10,90,27.097460,5.435283,20.2487
3,100,5.2000,260,10,90,27.212320,5.411914,19.9853
3,100,5.2200,261,10,90,27.328110,5.359971,19.7180
3,100,5.2400,262,11,89,27.444810,5.331273,19.4467
3,100,5.2600,263,11,89,26.654070,5.239195,19.1715
3,100,5.2800,264,11,89,26.826670,5.035867,18.8924
3,100,5.3000,265,11,89,23.200040,4.997493,18.6094
3,100,5.3200,266,11,89,23.392680,4.972188,18.3224
3,100,5.3400,267,11,89,23.585370,4.725959,18.0316
3,100,5.3600,268,11,89,22.677100,4.496107,17.7368
3,100,5.3800,269,11,89,22.871620,4.353591,17.4380
3,100,5.4000,270,11,89,21.526770,4.263467,17.1354
3,100,5.4200,271,11,89,21.721200,4.190211,16.8288
3,100,5.4400,272,11,89,21.915660,4.170563,16.5183
3,100,5.4600,273,11,89,19.764910,3.812954,16.2039
3,100,5.4800,274,13,87,19.960110,3.756708,15.8855
3,100,5.5000,275,13,87,20.155330,3.738184,15.5633
3,100,5.5200,276,14,86,20.335450,3.734086,15.2371
3,100,5.5400,277,14,86,19.821540,3.755126,14.9070
3,100,5.5600,278,14,86,20.017660,3.764316,14.5729
3,100,5.5800,279,15,85,20.213780,3.776095,14.2350
3,100,5.6000,280,15,85,20.409900,3.718357,13.8931
3,100,5.6200,281,15,85,20.606020,3.647172,13.5473
3,100,5.6400,282,16,84,20.802150,3.665325,13.1975
3,100,5.6600,283,14,86,21.287820,3.663729,12.8438
3,100,5.6800,284,16,84,21.555600,3.597750,12.4863
3,100,5.7000,285,16,84,20.426410,3.353734,12.1248
3,100,5.7200,286,16,84,20.622160,3.292912,11.7593
3,100,5.7400,287,13,87,20.817920,3.180369,11.3900
3,100,5.7600,288,12,88,21.013690,3.026124,11.0167
3,100,5.7800,289,12,88,19.775610,2.956665,10.6395
3,100,5.8000,290,12,88,19.970880,2.946066,10.2583
3,100,5.8200,291,12,88,20.166150,2.965274,9.8733
3,100,5.8400,292,12,88,20.361450,2.917857,9.4843
3,100,5.8600,293,12,88,20.556770,2.853876,9.0914
3,100,5.8800,294,14,86,20.210910,2.706888,8.6946
3,100,5.9000,295,14,86,20.192180,2.565027,8.2938
3,100,5.9200,296,14,86,20.276280,2.531437,7.8891
3,100,5.9400,297,14,86,16.708040,2.469357,7.5583
3,100,5.9600,298,15,85,14.773440,2.290235,7.2585
3,100,5.9800,299,16,84,14.795040,2.159168,7.0515
3,100,6.0000,300,16,84,14.819200,1.985628,6.8844
3,100,6.0200,301,17,83,12.829040,1.854841,6.7476
3,100,6.0400,302,17,83,12.756570,1.813343,6.6299
3,100,6.0600,303,19,81,12.686710,1.793493,6.5049
3,100,6.0800,304,19,81,12.758320,1.763448,6.3679
3,100,6.1000,305,19,81,12.555030,1.706570,6.2258
3,100,6.1200,306,19,81,12.493300,1.647891,6.0797
3,100,6.1400,307,19,81,12.434350,1.469623,5.9297
3,100,6.1600,308,19,81,12.378230,1.463133,5.7758
3,100,6.1800,309,19,81,12.324980,1.463607,5.6180
3,100,6.2000,310,18,82,12.274640,1.418749,5.4562
3,100,6.2200,311,19,81,12.227240,1.408498,5.2906
3,100,6.2400,312,19,81,12.182810,1.370415,5.1210
3,100,6.2600,313,19,81,12.141390,1.353161,4.9474
3,100,6.2800,314,21,79,12.103010,1.307898,4.7700
3,100,6.3000,315,18,82,12.067700,1.294984,4.5886
3,100,6.3200,316,18,82,12.035490,1.282481,4.4033
3,100,6.3400,317,16,84,12.006390,1.289392,4.2141
3,100,6.3600,318,16,84,11.980440,1.296171,4.0210
3,100,6.3800,319,15,85,11.957650,1.300115,3.8239
3,100,6.4000,320,16,84,11.938040,1.267948,3.6229
3,100,6.4200,321,16,84,11.921630,1.106718,3.4180
3,100,6.4400,322,16,84,11.908430,1.011316,3.2091
3,100,6.4600,323,18,82,11.898450,0.883181,3.1790
3,100,6.4800,324,15,85,11.891700,0.882082,3.1437
3,100,6.5000,325,14,86,11.888190,0.862336,3.0940
3,100,6.5200,326,15,85,11.887910,0.842954,3.0404
3,100,6.5400,327,20,80,11.890870,0.853937,2.9829
3,100,6.5600,328,20,80,11.897060,0.787697,2.9214
3,100,6.5800,329,22,78,11.906490,0.770814,2.8560
3,100,6.6000,330,22,78,11.919140,0.751481,2.7867
3,100,6.6200,331,22,78,11.935000,0.652468,2.7135
3,100,6.6400,332,22,78,11.954060,0.588302,2.6364
3,100,6.6600,333,23,77,11.976300,0.579567,2.5553
3,100,6.6800,334,21,79,12.001710,0.566834,2.4703
3,100,6.7000,335,21,79,12.030270,0.569721,2.4183
3,100,6.7200,336,21,79,12.061950,0.560969,2.3929
3,100,6.7400,337,20,80,12.096730,0.547308,2.3637
3,100,6.7600,338,20,80,12.134590,0.529049,2.3305
3,100,6.7800,339,19,81,12.175480,0.501209,2.3045
3,100,6.8000,340,19,81,12.219400,0.482836,2.2801
3,100,6.8200,341,19,81,12.266290,0.477448,2.2518
3,100,6.8400,342,24,76,12.316130,0.470795,2.2196
3,100,6.8600,343,26,74,12.368880,0.428453,2.1835
3,100,6.8800,344,26,74,12.424510,0.426577,2.1559
3,100,6.9000,345,31,69,12.482970,0.411968,2.1235
3,100,6.9200,346,30,70,12.544230,0.397218,2.0872
3,100,6.9400,347,32,68,12.608250,0.392466,2.0470
3,100,6.9600,348,33,67,12.674980,0.378103,2.0167
3,100,6.9800,349,33,67,12.744380,0.368053,1.9932
3,100,7.0000,350,33,67,3.396058,0.246494,1.9686
3,100,7.0200,351,33,67,2.398785,0.230036,1.9386
3,100,7.0400,352,34,66,2.359077,0.222089,1.9041
3,100,7.0600,353,34,66,2.335232,0.205419,1.8663
3,100,7.0800,354,34,66,2.371538,0.203767,1.8266
3,100,7.1000,355,34,66,2.465633,0.203196,1.7884
3,100,7.1200,356,34,66,2.571707,0.205141,1.7500
3,100,7.1400,357,35,65,2.403219,0.190847,1.7092
3,100,7.1600,358,35,65,2.517261,0.169913,1.6655
3,100,7.1800,359,36,64,2.663330,0.165685,1.6360
3,100,7.2000,360,36,64,2.612557,0.154018,1.6332
3,100,7.2200,361,36,64,2.707292,0.156062,1.6310
3,100,7.2400,362,40,60,2.812543,0.152056,1.6290
3,100,7.2600,363,42,58,2.927174,0.141894,1.6257
3,100,7.2800,364,37,63,1.507670,0.124797,1.6211
3,100,7.3000,365,38,62,1.456844,0.117741,1.6201
3,100,7.3200,366,43,57,1.217000,0.108434,1.6199
3,100,7.3400,367,44,56,1.168281,0.101426,1.6198
3,100,7.3600,368,43,57,1.191320,0.096174,1.6199
3,100,7.3800,369,43,57,1.222394,0.093398,1.6200
3,100,7.4000,370,43,57,1.260739,0.092446,1.6203
3,100,7.4200,371,43,57,1.202670,0.087870,1.6204
3,100,7.4400,372,43,57,1.286247,0.084727,1.6203
3,100,7.4600,373,43,57,1.375853,0.085299,1.6203
3,100,7.4800,374,43,57,1.471487,0.087139,1.6201
3,100,7.5000,375,43,57,1.504504,0.083878,1.6201
3,100,7.5200,376,44,56,1.597666,0.072449,1.6200
3,100,7.5400,377,44,56,1.700636,0.068141,1.6201
3,100,7.5600,378,44,56,1.805025,0.060642,1.6200
3,100,7.5800,379,44,56,1.307375,0.052598,1.6201
3,100,7.6000,380,44,56,1.035736,0.041253,1.6200
3,100,7.6200,381,68,32,1.068197,0.038567,1.6200
3,100,7.6400,382,68,32,1.105291,0.038251,1.6200
3,100,7.6600,383,69,31,1.146421,0.039183,1.6200
3,100,7.6800,384,73,27,1.192446,0.041290,1.6200
3,100,7.7000,385,73,27,1.242725,0.042442,1.6200
3,100,7.7200,386,74,26,1.298258,0.037789,1.6200
3,100,7.7400,387,76,24,1.358165,0.038839,1.6200
3,100,7.7600,388,76,24,1.423769,0.036730,1.6200
3,100,7.7800,389,78,22,1.493791,0.032496,1.6200
3,100,7.8000,390,79,21,1.570069,0.026312,1.6200
3,100,7.8200,391,79,21,1.650621,0.024280,1.6200
3,100,7.8400,392,79,21,1.737265,0.025114,1.6200
3,100,7.8600,393,79,21,1.829485,0.026548,1.6200
3,100,7.8800,394,80,20,1.782473,0.026834,1.6200
3,100,7.9000,395,80,20,0.543455,0.015527,1.6200
3,100,7.9200,396,80,20,0.488804,0.015791,1.6200
3,100,7.9400,397,80,20,0.499289,0.013853,1.6200
3,100,7.9600,398,80,20,0.511838,0.011015,1.6200
3,100,7.9800,399,80,20,0.526505,0.009422,1.6200
3,100,8.0000,400,81,19,0.543238,0.008028,1.6200
3,100,8.0200,401,81,19,0.562328,0.008186,1.6200
3,100,8.0400,402,81,19,0.583729,0.009653,1.6200
3,100,8.0600,403,82,18,0.607415,0.010452,1.6200
3,100,8.0800,404,82,18,0.633699,0.011566,1.6200
3,100,8.1000,405,83,17,0.662572,0.012766,1.6200
3,100,8.1200,406,83,17,0.693984,0.014071,1.6200
3,100,8.1400,407,83,17,0.728379,0.012486,1.6200
3,100,8.1600,408,83,17,0.765682,0.010715,1.6200
3,100,8.1800,409,83,17,0.805844,0.010105,1.6200
3,100,8.2000,410,83,17,0.849431,0.011057,1.6200
3,100,8.2200,411,83,17,0.896191,0.012570,1.6200
3,100,8.2400,412,83,17,0.946642,0.011871,1.6200
3,100,8.2600,413,83,17,1.000523,0.011937,1.6200
3,100,8.2800,414,83,17,1.058493,0.012490,1.6200
3,100,8.3000,415,83,17,1.120119,0.013086,1.6200
3,100,8.3200,416,83,17,1.186331,0.013715,1.6200
3,100,8.3400,417,83,17,1.256331,0.014415,1.6200
3,100,8.3600,418,83,17,1.331491,0.015167,1.6200
3,100,8.3800,419,83,17,1.410482,0.015971,1.6200
3,100,8.4000,420,83,17,1.495350,0.016820,1.6200
3,100,8.4200,421,83,17,1.583776,0.017674,1.6200
3,100,8.4400,422,95,5,1.679264,0.017447,1.6200
3,100,8.4600,423,95,5,1.466140,0.015317,1.6200
3,100,8.4800,424,95,5,0.581615,0.006470,1.6200
3,100,8.5000,425,95,5,0.479101,0.005438,1.6200
3,100,8.5200,426,95,5,0.380278,0.004439,1.6200
3,100,8.5400,427,95,5,0.281009,0.003434,1.6200
3,100,8.5600,428,95,5,0.182619,0.002439,1.6200
3,100,8.5800,429,95,5,0.084830,0.001444,1.6200
3,100,8.6000,430,95,5,0.024183,0.000699,1.6200
3,100,8.6200,431,95,5,0.110093,0.001644,1.6200
3,100,8.6400,432,95,5,0.207820,0.002566,1.6200
3,100,8.6600,433,95,5,0.306142,0.003514,1.6200
3,100,8.6800,434,96,4,0.405363,0.004478,1.6200
3,100,8.7000,435,96,4,0.505753,0.005454,1.6200
3,100,8.7200,436,96,4,0.603522,0.006419,1.6200
3,100,8.7400,437,96,4,0.142127,0.001786,1.6200
3,100,8.7600,438,96,4,0.042488,0.000765,1.6200
3,100,8.7800,439,96,4,0.037662,0.000690,1.6200
3,100,8.8000,440,96,4,0.016107,0.000382,1.6200
3,100,8.8200,441,96,4,0.015334,0.000269,1.6200
3,100,8.8400,442,96,4,0.015125,0.000268,1.6200
3,100,8.8600,443,96,4,0.013705,0.000241,1.6200
3,100,8.8800,444,96,4,0.012054,0.000218,1.6200
3,100,8.9000,445,96,4,0.010581,0.000205,1.6200
3,100,8.9200,446,96,4,0.009475,0.000201,1.6200
3,100,8.9400,447,96,4,0.008778,0.000206,1.6200
3,100,8.9600,448,96,4,0.008575,0.000220,1.6200
3,100,8.9800,449,99,1,0.000063,0.000001,1.6200
3,100,9.0000,450,99,1,0.000068,0.000001,1.6200
3,100,9.0200,451,99,1,0.000064,0.000001,1.6200
3,100,9.0400,452,99,1,0.000070,0.000001,1.6200
3,100,9.0600,453,99,1,0.000064,0.000001,1.6200
3,100,9.0800,454,99,1,0.000067,0.000001,1.6200
3,100,9.1000,455,100,0,0.000000,0.000000,1.6200
4,100,0.0200,1,0,100,0.000000,0.000000,99.5000
4,100,0.0400,2,0,100,0.196200,0.182810,99.4961
4,100,0.0600,3,0,100,0.392400,0.357724,99.4882
4,100,0.0800,4,0,100,0.588600,0.525208,99.4765
4,100,0.1000,5,0,100,0.784800,0.685391,99.4608
4,100,0.1200,6,0,100,0.981000,0.838303,99.4411
4,100,0.1400,7,0,100,1.177198,0.983941,99.4176
4,100,0.1600,8,0,100,1.373386,1.122289,99.3901
4,100,0.1800,9,0,100,1.569524,1.253337,99.3587
4,100,0.2000,10,0,100,1.765463,1.377073,99.3234
4,100,0.2200,11,0,100,1.960921,1.493488,99.2842
4,100,0.2400,12,0,100,2.155364,1.602571,99.2411
4,100,0.2600,13,0,100,2.347879,1.704316,99.1941
4,100,0.2800,14,0,100,2.537261,1.798718,99.1433
4,100,0.3000,15,0,100,2.721823,1.885826,99.0888
4,100,0.3200,16,0,100,2.899743,1.965538,99.0307
4,100,0.3400,17,0,100,3.069007,2.037883,98.9691
4,100,0.3600,18,0,100,3.227468,2.105884,98.9044
4,100,0.3800,19,0,100,3.372975,2.170277,98.8367
4,100,0.4000,20,0,100,3.503558,2.225911,98.7663
4,100,0.4200,21,0,100,3.617614,2.273607,98.6937
4,100,0.4400,22,0,100,3.713772,2.314585,98.6190
4,100,0.4600,23,0,100,3.791198,2.348952,98.5428
4,100,0.4800,24,0,100,3.849171,2.377002,98.4655
4,100,0.5000,25,0,100,3.887515,2.398557,98.3873
4,100,0.5200,26,0,100,3.906254,2.413530,98.3088
4,100,0.5400,27,0,100,3.906211,2.422041,98.2303
4,100,0.5600,28,0,100,3.888255,2.425236,98.1522
4,100,0.5800,29,0,100,3.853642,2.422163,98.0748
4,100,0.6000,30,0,100,3.804311,2.413068,97.9985
4,100,0.6200,31,0,100,3.742184,2.394433,97.9234
4,100,0.6400,32,0,100,3.669346,2.377891,97.8499
4,100,0.6600,33,0,100,3.588313,2.362340,97.7780
4,100,0.6800,34,0,100,3.501238,2.342244,97.7079
4,100,0.7000,35,0,100,3.409897,2.316358,97.6398
4,100,0.7200,36,0,100,3.315430,2.289915,97.5735
4,100,0.7400,37,0,100,3.218529,2.264662,97.5093
4,100,0.7600,38,0,100,3.118367,2.235836,97.4470
4,100,0.7800,39,0,100,3.013669,2.221090,97.3869
4,100,0.8000,40,0,100,2.903203,2.203675,97.3289
4,100,0.8200,41,0,100,2.786129,2.186305,97.2733
4,100,0.8400,42,0,100,3.377768,2.225705,97.2202
4,100,0.8600,43,0,100,3.970203,2.217326,97.1697
4,100,0.8800,44,0,100,4.755627,2.215011,97.1219
4,100,0.9000,45,0,100,5.338129,2.276602,97.0768
4,100,0.9200,46,0,100,6.739404,2.285568,97.0345
4,100,0.9400,47,0,100,8.073699,2.359640,96.9950
4,100,0.9600,48,0,100,8.921195,2.473562,96.9582
4,100,0.9800,49,0,100,9.935398,2.618697,96.9240
4,100,1.0000,50,0,100,10.645540,2.776472,96.8924
4,100,1.0200,51,0,100,10.680330,2.926899,96.8630
4,100,1.0400,52,0,100,10.718610,3.082192,96.8356
4,100,1.0600,53,0,100,10.760330,3.231122,96.8096
4,100,1.0800,54,0,100,10.805440,3.390156,96.7846
4,100,1.1000,55,0,100,10.853920,3.550935,96.7602
4,100,1.1200,56,0,100,10.905720,3.716721,96.7359
4,100,1.1400,57,0,100,10.960780,3.884590,96.7112
4,100,1.1600,58,0,100,11.019060,4.055980,96.6856
4,100,1.1800,59,0,100,11.080500,4.228981,96.6585
4,100,1.2000,60,0,100,11.145070,4.402523,96.6291
4,100,1.2200,61,0,100,11.212690,4.576255,96.5970
4,100,1.2400,62,0,100,11.283320,4.750052,96.5614
4,100,1.2600,63,0,100,11.356910,4.924176,96.5217
4,100,1.2800,64,0,100,11.433380,5.099237,96.4778
4,100,1.3000,65,0,100,11.512690,5.273153,96.4298
4,100,1.3200,66,0,100,11.594780,5.448172,96.3778
4,100,1.3400,67,0,100,11.679590,5.624503,96.3219
4,100,1.3600,68,0,100,11.767060,5.801498,96.2620
4,100,1.3800,69,0,100,11.857130,5.979101,96.1982
4,100,1.4000,70,0,100,11.949750,6.157327,96.1305
4,100,1.4200,71,0,100,12.044840,6.336110,96.0589
4,100,1.4400,72,0,100,12.142370,6.515418,95.9833
4,100,1.4600,73,0,100,12.295740,6.695185,95.9038
4,100,1.4800,74,0,100,12.471510,6.875397,95.8204
4,100,1.5000,75,0,100,12.647880,7.056032,95.7331
4,100,1.5200,76,0,100,12.824830,7.237024,95.6419
4,100,1.5400,77,0,100,13.002330,7.418403,95.5467
4,100,1.5600,78,0,100,13.180360,7.600157,95.4476
4,100,1.5800,79,0,100,13.358900,7.782289,95.3446
4,100,1.6000,80,0,100,13.537930,7.964736,95.2376
4,100,1.6200,81,0,100,13.717430,8.147549,95.1268
4,100,1.6400,82,0,100,13.897380,8.330692,95.0120
4,100,1.6600,83,0,100,14.077770,8.514164,94.8932
4,100,1.6800,84,0,100,14.258570,8.698006,94.7706
4,100,1.7000,85,0,100,14.439770,8.882179,94.6440
4,100,1.7200,86,0,100,14.621360,9.066681,94.5135
4,100,1.7400,87,0,100,14.803330,9.251510,94.3791
4,100,1.7600,88,0,100,14.985650,9.436651,94.2408
4,100,1.7800,89,0,100,15.168320,9.622066,94.0985
4,100,1.8000,90,0,100,15.351330,9.807751,93.9523
4,100,1.8200,91,0,100,15.534650,9.993690,93.8022
4,100,1.8400,92,0,100,15.718290,10.179860,93.6482
4,100,1.8600,93,0,100,15.902230,10.366250,93.4902
4,100,1.8800,94,0,100,16.086450,10.552850,93.3284
4,100,1.9000,95,0,100,16.270960,10.739650,93.1625
4,100,1.9200,96,0,100,16.455740,10.926640,92.9928
4,100,1.9400,97,0,100,16.640770,11.113830,92.8192
4,100,1.9600,98,0,100,16.826070,11.301190,92.6416
4,100,1.9800,99,0,100,17.011600,11.488720,92.4601
4,100,2.0000,100,0,100,17.197370,11.676430,92.2746
4,100,2.0200,101,0,100,17.383380,11.864300,92.0853
4,100,2.0400,102,0,100,17.569600,12.052330,91.8920
4,100,2.0600,103,0,100,17.756040,11.976530,91.6948
4,100,2.0800,104,0,100,17.942680,12.160370,91.4937
4,100,2.1000,105,0,100,18.129530,12.338840,91.2886
4,100,2.1200,106,0,100,18.316570,12.376910,91.0797
4,100,2.1400,107,0,100,18.503810,12.454250,90.8668
4,100,2.1600,108,0,100,18.042820,12.458390,90.6500
4,100,2.1800,109,0,100,18.228140,12.477920,90.4292
4,100,2.2000,110,0,100,18.413680,12.450200,90.2045
4,100,2.2200,111,0,100,18.599430,12.607870,89.9760
4,100,2.2400,112,0,100,18.521210,12.666100,89.7434
4,100,2.2600,113,0,100,18.710920,12.629410,89.5070
4,100,2.2800,114,0,100,18.900750,12.710750,89.2666
4,100,2.3000,115,0,100,19.090720,12.786570,89.0224
4,100,2.3200,116,0,100,19.262290,12.749040,88.7741
4,100,2.3400,117,0,100,19.272080,12.808090,88.5220
4,100,2.3600,118,0,100,19.466210,12.862060,88.2660
4,100,2.3800,119,0,100,19.660380,12.910960,88.0060
4,100,2.4000,120,0,100,19.854590,12.963720,87.7421
4,100,2.4200,121,0,100,20.048840,13.100770,87.4742
4,100,2.4400,122,0,100,20.243120,13.202860,87.2025
4,100,2.4600,123,0,100,20.437450,13.330370,86.9268
4,100,2.4800,124,0,100,20.631810,13.376430,86.6472
4,100,2.5000,125,0,100,20.826200,13.520370,86.3637
4,100,2.5200,126,0,100,21.020620,13.362500,86.0762
4,100,2.5400,127,0,100,21.215080,13.413080,85.7848
4,100,2.5600,128,0,100,21.409570,13.502910,85.4896
4,100,2.5800,129,1,99,21.604100,13.646270,85.1903
4,100,2.6000,130,1,99,21.798650,13.788250,84.8872
4,100,2.6200,131,1,99,21.993230,13.816090,84.5801
4,100,2.6400,132,1,99,22.187840,13.934780,84.2691
4,100,2.6600,133,1,99,22.382480,14.076200,83.9542
4,100,2.6800,134,1,99,22.577140,14.144070,83.6354
4,100,2.7000,135,1,99,22.771830,14.276720,83.3126
4,100,2.7200,136,1,99,22.966550,14.353190,82.9859
4,100,2.7400,137,1,99,23.161290,14.116790,82.6553
4,100,2.7600,138,1,99,23.356060,14.222350,82.3207
4,100,2.7800,139,1,99,23.550850,14.085000,81.9823
4,100,2.8000,140,1,99,23.745660,14.194030,81.6399
4,100,2.8200,141,2,98,22.880270,14.105630,81.2936
4,100,2.8400,142,2,98,23.074890,14.210930,80.9433
4,100,2.8600,143,3,97,23.269540,14.294730,80.5892
4,100,2.8800,144,3,97,23.464210,14.421450,80.2311
4,100,2.9000,145,3,97,23.626410,14.363340,79.8691
4,100,2.9200,146,3,97,23.822470,14.480760,79.5032
4,100,2.9400,147,3,97,24.018530,14.544640,79.1333
4,100,2.9600,148,3,97,24.214600,14.621280,78.7595
4,100,2.9800,149,3,97,24.401360,14.684610,78.3818
4,100,3.0000,150,3,97,24.597560,14.813930,78.0002
4,100,3.0200,151,3,97,24.793750,14.855100,77.6147
4,100,3.0400,152,3,97,24.989950,14.708860,77.2252
4,100,3.0600,153,3,97,25.139700,14.786530,76.8318
4,100,3.0800,154,2,98,25.292680,14.669550,76.4345
4,100,3.1000,155,2,98,25.488800,14.478610,76.0332
4,100,3.1200,156,2,98,25.116320,14.448130,75.6280
4,100,3.1400,157,2,98,25.312430,14.556560,75.2189
4,100,3.1600,158,2,98,25.508550,14.678960,74.8059
4,100,3.1800,159,2,98,25.671510,14.733040,74.3890
4,100,3.2000,160,2,98,25.867680,14.616960,73.9681
4,100,3.2200,161,2,98,25.921020,14.477450,73.5433
4,100,3.2400,162,2,98,25.898880,14.218940,73.1146
4,100,3.2600,163,2,98,25.995100,14.148520,72.6820
4,100,3.2800,164,2,98,25.872690,14.246820,72.2454
4,100,3.3000,165,3,97,26.068890,14.352980,71.8049
4,100,3.3200,166,3,97,26.265090,14.449400,71.3605
4,100,3.3400,167,4,96,26.452700,14.540110,70.9122
4,100,3.3600,168,4,96,26.203730,14.654590,70.4599
4,100,3.3800,169,4,96,26.399930,14.773070,70.0037
4,100,3.4000,170,4,96,26.596120,14.890080,69.5436
4,100,3.4200,171,5,95,26.792320,14.968880,69.0796
4,100,3.4400,172,5,95,26.988520,15.069440,68.6116
4,100,3.4600,173,5,95,27.184710,15.184630,68.1398
4,100,3.4800,174,5,95,27.380910,14.583880,67.6640
4,100,3.5000,175,5,95,27.577100,14.690300,67.1842
4,100,3.5200,176,5,95,27.629580,14.764980,66.7006
4,100,3.5400,177,5,95,27.825760,14.606540,66.2130
4,100,3.5600,178,5,95,28.021940,14.683900,65.7215
4,100,3.5800,179,5,95,28.014940,14.644650,65.2261
4,100,3.6000,180,5,95,28.122360,14.623820,64.7268
4,100,3.6200,181,6,94,28.101800,14.704670,64.2235
4,100,3.6400,182,6,94,28.298000,14.802190,63.7163
4,100,3.6600,183,6,94,28.494200,14.906060,63.2052
4,100,3.6800,184,6,94,28.536370,14.890950,62.6901
4,100,3.7000,185,6,94,28.732560,14.996090,62.1712
4,100,3.7200,186,6,94,28.928750,15.090820,61.6483
4,100,3.7400,187,6,94,29.124950,15.194920,61.1214
4,100,3.7600,188,6,94,29.090060,15.221440,60.5907
4,100,3.7800,189,6,94,29.286240,15.056910,60.0561
4,100,3.8000,190,6,94,29.482420,14.734730,59.5175
4,100,3.8200,191,6,94,29.641460,14.687290,58.9750
4,100,3.8400,192,6,94,29.677720,14.659540,58.4285
4,100,3.8600,193,7,93,29.873890,14.493580,57.8782
4,100,3.8800,194,9,91,29.946510,14.469250,57.3239
4,100,3.9000,195,9,91,29.989230,14.541870,56.7657
4,100,3.9200,196,9,91,30.185420,14.596460,56.2035
4,100,3.9400,197,9,91,30.381620,14.626770,55.6375
4,100,3.9600,198,7,93,30.577820,14.659410,55.0675
4,100,3.9800,199,7,93,30.730970,14.671570,54.4936
4,100,4.0000,200,6,94,30.927150,14.717250,53.9158
4,100,4.0200,201,6,94,31.123320,14.788200,53.3340
4,100,4.0400,202,6,94,31.319490,14.873160,52.7484
4,100,4.0600,203,6,94,31.381030,14.878070,52.1588
4,100,4.0800,204,6,94,31.577180,14.687180,51.5652
4,100,4.1000,205,6,94,31.773330,14.757140,50.9678
4,100,4.1200,206,6,94,31.969480,14.616930,50.3664
4,100,4.1400,207,6,94,32.081700,14.377950,49.7611
4,100,4.1600,208,6,94,32.236850,14.442260,49.1519
4,100,4.1800,209,6,94,32.376360,14.456670,48.5388
4,100,4.2000,210,6,94,32.572540,13.596520,47.9217
4,100,4.2200,211,6,94,32.743080,13.403910,47.3007
4,100,4.2400,212,8,92,32.716400,13.423170,46.6758
4,100,4.2600,213,8,92,32.912610,13.401400,46.0470
4,100,4.2800,214,8,92,33.034940,13.414550,45.4142
4,100,4.3000,215,8,92,33.025630,13.474390,44.7775
4,100,4.3200,216,8,92,33.221820,13.439660,44.1369
4,100,4.3400,217,8,92,33.418010,12.977110,43.4924
4,100,4.3600,218,8,92,33.602230,12.702790,42.8439
4,100,4.3800,219,8,92,33.689950,12.526490,42.1915
4,100,4.4000,220,8,92,33.884430,12.415110,41.5352
4,100,4.4200,221,8,92,33.974090,12.411540,40.8750
4,100,4.4400,222,8,92,34.122490,12.451180,40.2108
4,100,4.4600,223,8,92,34.239780,12.490940,39.5428
4,100,4.4800,224,8,92,34.323140,12.530490,38.8708
4,100,4.5000,225,8,92,34.519340,12.587170,38.1948
4,100,4.5200,226,8,92,34.715540,12.652790,37.5150
4,100,4.5400,227,8,92,34.911740,12.635680,36.8312
4,100,4.5600,228,9,91,35.107940,12.317110,36.1435
4,100,4.5800,229,9,91,35.238350,11.847980,35.4519
4,100,4.6000,230,10,90,35.434550,11.131700,34.7563
4,100,4.6200,231,10,90,35.616330,10.756830,34.0569
4,100,4.6400,232,9,91,35.737960,10.474160,33.3535
4,100,4.6600,233,9,91,35.913280,10.260670,32.6462
4,100,4.6800,234,9,91,36.017480,10.083150,31.9349
4,100,4.7000,235,10,90,36.168380,10.022580,31.2198
4,100,4.7200,236,10,90,36.290610,9.862586,30.5007
4,100,4.7400,237,10,90,36.424690,9.650408,29.7776
4,100,4.7600,238,10,90,36.589740,9.683265,29.0507
4,100,4.7800,239,10,90,36.737380,9.683763,28.3198
4,100,4.8000,240,11,89,36.883900,9.699906,27.5851
4,100,4.8200,241,11,89,37.024200,9.735492,26.8463
4,100,4.8400,242,11,89,37.179430,9.779383,26.1037
4,100,4.8600,243,11,89,37.345890,9.829461,25.3572
4,100,4.8800,244,11,89,36.504080,9.843831,24.6135
4,100,4.9000,245,9,91,35.098790,9.887438,23.9202
4,100,4.9200,246,9,91,35.675190,9.930877,23.2599
4,100,4.9400,247,10,90,36.151530,9.786808,22.5957
4,100,4.9600,248,9,91,38.183720,9.167636,21.9240
4,100,4.9800,249,9,91,32.719000,7.786903,21.2562
4,100,5.0000,250,9,91,29.585950,7.192465,20.6348
4,100,5.0200,251,9,91,25.056360,6.547004,20.1081
4,100,5.0400,252,9,91,26.102000,6.124921,19.6867
4,100,5.0600,253,10,90,22.616090,5.720067,19.3459
4,100,5.0800,254,8,92,30.269650,5.594499,19.0422
4,100,5.1000,255,8,92,30.366800,5.422296,18.7616
4,100,5.1200,256,7,93,24.868100,5.372611,18.4762
4,100,5.1400,257,6,94,20.441550,5.171035,18.1779
4,100,5.1600,258,7,93,20.746420,4.846488,17.8712
4,100,5.1800,259,6,94,16.930200,4.567950,17.5576
4,100,5.2000,260,6,94,17.186710,4.566188,17.2394
4,100,5.2200,261,6,94,16.140060,4.361076,16.9202
4,100,5.2400,262,6,94,17.192110,4.265060,16.6080
4,100,5.2600,263,7,93,17.855770,4.219818,16.3114
4,100,5.2800,264,7,93,18.153920,4.146474,16.0270
4,100,5.3000,265,7,93,18.366730,4.045382,15.7445
4,100,5.3200,266,7,93,18.580780,4.024351,15.4582
4,100,5.3400,267,7,93,18.762050,4.050337,15.1655
4,100,5.3600,268,7,93,18.943620,4.051380,14.8666
4,100,5.3800,269,8,92,19.125480,3.953578,14.5637
4,100,5.4000,270,7,93,16.990850,3.693379,14.2569
4,100,5.4200,271,7,93,16.697960,3.508941,13.9465
4,100,5.4400,272,7,93,17.245000,3.463612,13.6392
4,100,5.4600,273,8,92,14.603180,3.347493,13.3449
4,100,5.4800,274,8,92,15.018610,3.348125,13.0700
4,100,5.5000,275,9,91,15.611820,3.355787,12.8136
4,100,5.5200,276,9,91,15.716060,3.323047,12.5654
4,100,5.5400,277,9,91,15.876750,3.301977,12.3135
4,100,5.5600,278,9,91,16.019210,3.294445,12.0576
4,100,5.5800,279,9,91,15.448160,3.286045,11.7968
4,100,5.6000,280,10,90,14.801390,3.290182,11.5312
4,100,5.6200,281,10,90,14.992430,3.309566,11.2612
4,100,5.6400,282,10,90,13.445210,2.696386,10.9872
4,100,5.6600,283,14,86,12.140950,2.651107,10.7251
4,100,5.6800,284,14,86,11.220010,2.272617,10.4968
4,100,5.7000,285,14,86,11.275180,2.272044,10.3462
4,100,5.7200,286,14,86,11.333490,2.088466,10.2105
4,100,5.7400,287,13,87,11.394870,2.055600,10.0780
4,100,5.7600,288,13,87,11.459290,2.032504,9.9381
4,100,5.7800,289,13,87,11.526680,2.033916,9.7916
4,100,5.8000,290,13,87,10.983430,2.002177,9.6410
4,100,5.8200,291,13,87,11.171570,1.996571,9.4866
4,100,5.8400,292,13,87,11.229560,1.949565,9.3282
4,100,5.8600,293,13,87,9.946495,1.954240,9.1660
4,100,5.8800,294,13,87,9.995666,1.977630,8.9998
4,100,5.9000,295,14,86,10.048430,1.984244,8.8296
4,100,5.9200,296,14,86,10.190410,1.893060,8.6556
4,100,5.9400,297,14,86,10.342830,1.890157,8.4776
4,100,5.9600,298,14,86,10.496710,1.847081,8.2957
4,100,5.9800,299,14,86,10.651980,1.836560,8.1098
4,100,6.0000,300,14,86,10.808570,1.751862,7.9201
4,100,6.0200,301,14,86,10.966440,1.737190,7.7264
4,100,6.0400,302,14,86,11.125540,1.623639,7.5288
4,100,6.0600,303,14,86,10.787460,1.634882,7.3273
4,100,6.0800,304,14,86,10.970950,1.611577,7.1218
4,100,6.1000,305,14,86,11.154870,1.490437,6.9125
4,100,6.1200,306,14,86,11.339210,1.486181,6.6992
4,100,6.1400,307,14,86,11.523930,1.456677,6.4819
4,100,6.1600,308,14,86,11.709030,1.406391,6.2608
4,100,6.1800,309,14,86,11.894490,1.311822,6.0357
4,100,6.2000,310,14,86,12.080280,1.292012,5.8067
4,100,6.2200,311,14,86,12.266400,1.292826,5.5738
4,100,6.2400,312,15,85,12.452830,1.244125,5.3370
4,100,6.2600,313,15,85,12.639550,1.198800,5.0962
4,100,6.2800,314,15,85,12.826560,1.173500,4.8515
4,100,6.3000,315,15,85,13.013830,1.116139,4.6029
4,100,6.3200,316,15,85,13.201370,1.126921,4.3504
4,100,6.3400,317,16,84,13.389150,1.114120,4.0939
4,100,6.3600,318,15,85,13.577180,0.999516,3.8335
4,100,6.3800,319,16,84,13.765430,0.959360,3.5692
4,100,6.4000,320,16,84,13.953900,0.951514,3.3010
4,100,6.4200,321,16,84,14.142580,0.943693,3.0288
4,100,6.4400,322,13,87,14.331460,0.915650,2.7527
4,100,6.4600,323,13,87,14.520540,0.872864,2.6570
4,100,6.4800,324,15,85,9.464246,0.849794,2.6467
4,100,6.5000,325,16,84,9.027952,0.774978,2.6334
4,100,6.5200,326,14,86,7.527724,0.701146,2.6222
4,100,6.5400,327,14,86,7.636759,0.666087,2.6116
4,100,6.5600,328,14,86,7.749229,0.666915,2.6085
4,100,6.5800,329,14,86,7.864985,0.673407,2.6123
4,100,6.6000,330,16,84,7.983886,0.659077,2.6159
4,100,6.6200,331,16,84,8.105791,0.590688,2.6188
4,100,6.6400,332,15,85,6.663533,0.544738,2.6208
4,100,6.6600,333,15,85,6.707267,0.539858,2.6221
4,100,6.6800,334,15,85,6.756417,0.539405,2.6226
4,100,6.7000,335,17,83,6.810867,0.520111,2.6222
4,100,6.7200,336,17,83,6.870491,0.505898,2.6211
4,100,6.7400,337,17,83,6.422795,0.503608,2.6191
4,100,6.7600,338,17,83,6.551792,0.505274,2.6166
4,100,6.7800,339,22,78,6.684060,0.505495,2.6134
4,100,6.8000,340,22,78,6.819408,0.507985,2.6095
4,100,6.8200,341,22,78,6.957656,0.503314,2.6048
4,100,6.8400,342,28,72,7.098636,0.511504,2.5992
4,100,6.8600,343,26,74,7.242187,0.510342,2.5925
4,100,6.8800,344,22,78,7.388158,0.512295,2.5848
4,100,6.9000,345,22,78,6.327212,0.430623,2.5758
4,100,6.9200,346,23,77,6.372414,0.430525,2.5656
4,100,6.9400,347,22,78,6.423293,0.429344,2.5538
4,100,6.9600,348,21,79,4.038754,0.378139,2.5406
4,100,6.9800,349,22,78,4.175447,0.383613,2.5256
4,100,7.0000,350,21,79,4.316731,0.364491,2.5102
4,100,7.0200,351,21,79,4.462170,0.365336,2.5026
4,100,7.0400,352,21,79,4.611372,0.282404,2.5016
4,100,7.0600,353,22,78,4.763982,0.278443,2.5021
4,100,7.0800,354,23,77,4.919684,0.272125,2.5025
4,100,7.1000,355,24,76,5.078193,0.262167,2.5028
4,100,7.1200,356,25,75,3.444311,0.216093,2.5032
4,100,7.1400,357,28,72,3.323832,0.213958,2.5034
4,100,7.1600,358,28,72,3.210829,0.207653,2.5032
4,100,7.1800,359,29,71,3.106120,0.186124,2.5030
4,100,7.2000,360,29,71,3.010569,0.184979,2.5026
4,100,7.2200,361,30,70,2.925074,0.185276,2.5020
4,100,7.2400,362,31,69,2.850540,0.189869,2.5014
4,100,7.2600,363,31,69,2.787847,0.199587,2.5008
4,100,7.2800,364,37,63,2.737808,0.192446,2.5003
4,100,7.3000,365,38,62,2.701126,0.159611,2.4997
4,100,7.3200,366,38,62,2.678350,0.142167,2.5000
4,100,7.3400,367,38,62,2.669836,0.136392,2.5001
4,100,7.3600,368,40,60,2.675720,0.133829,2.5001
4,100,7.3800,369,40,60,2.695908,0.136114,2.5001
4,100,7.4000,370,43,57,2.730083,0.141351,2.5001
4,100,7.4200,371,43,57,2.777729,0.133459,2.5001
4,100,7.4400,372,44,56,2.838166,0.120049,2.5000
4,100,7.4600,373,44,56,2.910599,0.107311,2.5000
4,100,7.4800,374,44,56,2.994156,0.100754,2.5000
4,100,7.5000,375,44,56,3.087936,0.099839,2.5001
4,100,7.5200,376,44,56,3.191036,0.101995,2.5000
4,100,7.5400,377,46,54,3.302585,0.105993,2.5000
4,100,7.5600,378,46,54,3.421756,0.100592,2.5000
4,100,7.5800,379,46,54,3.547780,0.100168,2.5000
4,100,7.6000,380,47,53,3.679954,0.098985,2.5000
4,100,7.6200,381,48,52,3.817640,0.094000,2.5000
4,100,7.6400,382,48,52,3.960261,0.093952,2.5000
4,100,7.6600,383,48,52,4.107306,0.090753,2.5000
4,100,7.6800,384,48,52,4.258314,0.089590,2.5000
4,100,7.7000,385,48,52,4.412879,0.090538,2.5000
4,100,7.7200,386,49,51,4.570640,0.095663,2.5000
4,100,7.7400,387,49,51,4.731278,0.099362,2.5001
4,100,7.7600,388,49,51,4.894510,0.099767,2.5000
4,100,7.7800,389,49,51,5.060083,0.098758,2.5000
4,100,7.8000,390,49,51,5.227777,0.101057,2.4999
4,100,7.8200,391,49,51,5.397393,0.095267,2.4999
4,100,7.8400,392,49,51,5.568755,0.090847,2.5000
4,100,7.8600,393,50,50,2.989196,0.057957,2.5000
4,100,7.8800,394,50,50,3.029695,0.055338,2.5000
4,100,7.9000,395,50,50,3.082174,0.049582,2.5000
4,100,7.9200,396,51,49,3.146035,0.046787,2.5000
4,100,7.9400,397,51,49,3.220599,0.048045,2.5000
4,100,7.9600,398,51,49,2.996803,0.043277,2.5000
4,100,7.9800,399,51,49,3.022491,0.040611,2.5000
4,100,8.0000,400,52,48,3.076365,0.041407,2.4999
4,100,8.0200,401,53,47,3.141590,0.041674,2.4999
4,100,8.0400,402,54,46,3.217474,0.040211,2.5000
4,100,8.0600,403,54,46,3.161405,0.039983,2.5000
4,100,8.0800,404,54,46,1.810534,0.027203,2.5000
4,100,8.1000,405,55,45,1.768318,0.027389,2.5000
4,100,8.1200,406,56,44,1.729333,0.024064,2.5000
4,100,8.1400,407,56,44,1.705873,0.021891,2.5000
4,100,8.1600,408,56,44,1.511681,0.019406,2.5000
4,100,8.1800,409,56,44,1.434735,0.018516,2.5000
4,100,8.2000,410,56,44,1.356414,0.017807,2.5000
4,100,8.2200,411,56,44,1.276570,0.017103,2.5000
4,100,8.2400,412,56,44,1.208196,0.016411,2.5000
4,100,8.2600,413,56,44,1.145320,0.015835,2.5000
4,100,8.2800,414,56,44,1.093552,0.015399,2.5000
4,100,8.3000,415,56,44,1.050448,0.015085,2.5000
4,100,8.3200,416,56,44,1.018080,0.014848,2.5000
4,100,8.3400,417,56,44,0.997005,0.014750,2.5000
4,100,8.3600,418,56,44,0.986694,0.014731,2.5000
4,100,8.3800,419,56,44,0.989622,0.014866,2.5000
4,100,8.4000,420,56,44,1.002064,0.015023,2.5000
4,100,8.4200,421,57,43,0.914833,0.013369,2.5000
4,100,8.4400,422,57,43,0.889934,0.012377,2.5000
4,100,8.4600,423,57,43,0.879506,0.012401,2.5000
4,100,8.4800,424,57,43,0.874481,0.012482,2.5000
4,100,8.5000,425,58,42,0.871746,0.012382,2.5000
4,100,8.5200,426,58,42,0.873267,0.012365,2.5000
4,100,8.5400,427,58,42,0.878547,0.012314,2.5000
4,100,8.5600,428,58,42,0.887406,0.012519,2.5000
4,100,8.5800,429,58,42,0.900051,0.012487,2.5000
4,100,8.6000,430,58,42,0.916265,0.012686,2.5000
4,100,8.6200,431,58,42,0.936412,0.012891,2.5000
4,100,8.6400,432,58,42,0.960226,0.013137,2.5000
4,100,8.6600,433,58,42,0.988154,0.013420,2.5000
4,100,8.6800,434,58,42,1.019889,0.013742,2.5000
4,100,8.7000,435,58,42,1.055964,0.014081,2.5000
4,100,8.7200,436,58,42,1.095999,0.014492,2.5000
4,100,8.7400,437,58,42,1.140689,0.014933,2.5000
4,100,8.7600,438,58,42,1.189480,0.015429,2.5000
4,100,8.7800,439,99,1,1.243293,0.012433,2.5000
4,100,8.8000,440,99,1,1.301358,0.013014,2.5000
4,100,8.8200,441,99,1,1.364873,0.013649,2.5000
4,100,8.8400,442,99,1,1.432730,0.014327,2.5000
4,100,8.8600,443,99,1,1.506567,0.015066,2.5000
4,100,8.8800,444,99,1,1.584676,0.015847,2.5000
4,100,8.9000,445,99,1,1.669489,0.016695,2.5000
4,100,8.9200,446,99,1,1.758116,0.017581,2.5000
4,100,8.9400,447,99,1,1.853145,0.018531,2.5000
4,100,8.9600,448,99,1,1.087421,0.010874,2.5000
4,100,8.9800,449,99,1,0.658375,0.006584,2.5000
4,100,9.0000,450,99,1,0.559245,0.005592,2.5000
4,100,9.0200,451,99,1,0.460217,0.004602,2.5000
4,100,9.0400,452,99,1,0.362652,0.003627,2.5000
4,100,9.0600,453,99,1,0.266260,0.002663,2.5000
4,100,9.0800,454,99,1,0.170864,0.001709,2.5000
4,100,9.1000,455,99,1,0.075917,0.000759,2.5000
4,100,9.1200,456,99,1,0.018747,0.000187,2.5000
4,100,9.1400,457,99,1,0.113439,0.001134,2.5000
4,100,9.1600,458,99,1,0.208463,0.002085,2.5000
4,100,9.1800,459,99,1,0.304122,0.003041,2.5000
4,100,9.2000,460,99,1,0.400714,0.004007,2.5000
4,100,9.2200,461,99,1,0.498527,0.004985,2.5000
4,100,9.2400,462,99,1,0.597813,0.005978,2.5000
4,100,9.2600,463,99,1,0.698063,0.006981,2.5000
4,100,9.2800,464,99,1,0.199167,0.001992,2.5000
4,100,9.3000,465,99,1,0.025418,0.000254,2.5000
4,100,9.3200,466,99,1,0.037525,0.000375,2.5000
4,100,9.3400,467,99,1,0.018062,0.000181,2.5000
4,100,9.3600,468,99,1,0.003315,0.000033,2.5000
4,100,9.3800,469,99,1,0.000907,0.000009,2.5000
4,100,9.4000,470,99,1,0.000421,0.000004,2.5000
4,100,9.4200,471,99,1,0.000144,0.000001,2.5000
4,100,9.4400,472,99,1,0.000060,0.000001,2.5000
4,100,9.4600,473,99,1,0.000005,0.000000,2.5000
4,100,9.4800,474,99,1,0.000016,0.000000,2.5000
4,100,9.5000,475,99,1,0.000013,0.000000,2.5000
4,100,9.5200,476,99,1,0.000005,0.000000,2.5000
4,100,9.5400,477,99,1,0.000016,0.000000,2.5000
4,100,9.5600,478,99,1,0.000017,0.000000,2.5000
4,100,9.5800,479,99,1,0.000010,0.000000,2.5000
4,100,9.6000,480,99,1,0.000016,0.000000,2.5000
4,100,9.6200,481,99,1,0.000010,0.000000,2.5000
4,100,9.6400,482,99,1,0.000009,0.000000,2.5000
4,100,9.6600,483,99,1,0.000016,0.000000,2.5000
4,100,9.6800,484,99,1,0.000005,0.000000,2.5000
4,100,9.7000,485,100,0,0.000000,0.000000,2.5000
5,100,0.0200,1,0,100,0.000000,0.000000,99.5000
5,100,0.0400,2,0,100,0.196200,0.182812,99.4961
5,100,0.0600,3,0,100,0.392400,0.357706,99.4882
5,100,0.0800,4,0,100,0.588600,0.525155,99.4765
5,100,0.1000,5,0,100,0.784800,0.685294,99.4608
5,100,0.1200,6,0,100,0.981000,0.838157,99.4411
5,100,0.1400,7,0,100,1.177198,0.983742,99.4176
5,100,0.1600,8,0,100,1.373387,1.122039,99.3901
5,100,0.1800,9,0,100,1.569529,1.253042,99.3587
5,100,0.2000,10,0,100,1.765470,1.376737,99.3234
5,100,0.2200,11,0,100,1.960957,1.493119,99.2842
5,100,0.2400,12,0,100,2.155423,1.602179,99.2411
5,100,0.2600,13,0,100,2.347943,1.703911,99.1941
5,100,0.2800,14,0,100,2.537338,1.798315,99.1433
5,100,0.3000,15,0,100,2.722031,1.885382,99.0888
5,100,0.3200,16,0,100,2.900136,1.965112,99.0307
5,100,0.3400,17,0,100,3.069474,2.037510,98.9691
5,100,0.3600,18,0,100,3.228012,2.104811,98.9044
5,100,0.3800,19,0,100,3.373502,2.168936,98.8366
5,100,0.4000,20,0,100,3.504162,2.224769,98.7663
5,100,0.4200,21,0,100,3.618420,2.273922,98.6936
5,100,0.4400,22,0,100,3.714538,2.316353,98.6190
5,100,0.4600,23,0,100,3.791923,2.352129,98.5428
5,100,0.4800,24,0,100,3.849936,2.380942,98.4654
5,100,0.5000,25,0,100,3.888211,2.402795,98.3872
5,100,0.5200,26,0,100,3.906988,2.420038,98.3087
5,100,0.5400,27,0,100,3.906850,2.430235,98.2302
5,100,0.5600,28,0,100,3.888769,2.433928,98.1521
5,100,0.5800,29,0,100,3.854252,2.433035,98.0748
5,100,0.6000,30,0,100,3.804745,2.426069,97.9984
5,100,0.6200,31,0,100,3.742725,2.412040,97.9234
5,100,0.6400,32,0,100,3.670228,2.391345,97.8498
5,100,0.6600,33,0,100,3.589784,2.368530,97.7780
5,100,0.6800,34,0,100,3.503452,2.362340,97.7079
5,100,0.7000,35,0,100,3.413057,2.323893,97.6397
5,100,0.7200,36,0,100,3.319589,2.284225,97.5734
5,100,0.7400,37,0,100,3.223586,2.247328,97.5091
5,100,0.7600,38,0,100,3.125036,2.234383,97.4468
5,100,0.7800,39,0,100,3.023235,2.185776,97.3865
5,100,0.8000,40,0,100,2.917915,2.147841,97.3283
5,100,0.8200,41,0,100,2.807514,2.119025,97.2723
5,100,0.8400,42,0,100,2.690256,2.102147,97.2187
5,100,0.8600,43,0,100,2.566682,2.078657,97.1675
5,100,0.8800,44,0,100,2.749778,2.085973,97.1190
5,100,0.9000,45,0,100,3.155629,2.072412,97.0732
5,100,0.9200,46,0,100,3.883488,2.091577,97.0302
5,100,0.9400,47,0,100,5.160766,2.204890,96.9901
5,100,0.9600,48,0,100,6.742645,2.280454,96.9528
5,100,0.9800,49,0,100,8.277013,2.400995,96.9182
5,100,1.0000,50,0,100,9.361978,2.572048,96.8861
5,100,1.0200,51,0,100,9.483473,2.746085,96.8563
5,100,1.0400,52,0,100,9.607437,2.907508,96.8285
5,100,1.0600,53,0,100,9.733779,3.070652,96.8025
5,100,1.0800,54,0,100,9.862406,3.239629,96.7780
5,100,1.1000,55,0,100,9.993229,3.411797,96.7547
5,100,1.1200,56,0,100,10.126160,3.586476,96.7324
5,100,1.1400,57,0,100,10.261130,3.761882,96.7105
5,100,1.1600,58,0,100,10.398040,3.940202,96.6886
5,100,1.1800,59,0,100,10.536830,4.117572,96.6662
5,100,1.2000,60,0,100,10.677420,4.296789,96.6425
5,100,1.2200,61,0,100,10.819740,4.478113,96.6169
5,100,1.2400,62,0,100,10.963730,4.660657,96.5885
5,100,1.2600,63,0,100,11.109310,4.843222,96.5567
5,100,1.2800,64,0,100,11.256430,5.025940,96.5207
5,100,1.3000,65,0,100,11.405030,5.209183,96.4805
5,100,1.3200,66,0,100,11.555050,5.393060,96.4361
5,100,1.3400,67,0,100,11.706440,5.577510,96.3878
5,100,1.3600,68,0,100,11.859140,5.762434,96.3355
5,100,1.3800,69,0,100,12.013100,5.947900,96.2794
5,100,1.4000,70,0,100,12.168280,6.133795,96.2193
5,100,1.4200,71,0,100,12.324630,6.320114,96.1552
5,100,1.4400,72,0,100,12.482100,6.506849,96.0873
5,100,1.4600,73,0,100,12.640660,6.693985,96.0154
5,100,1.4800,74,0,100,12.800260,6.881510,95.9396
5,100,1.5000,75,0,100,12.960860,7.069430,95.8599
5,100,1.5200,76,0,100,13.122430,7.257737,95.7763
5,100,1.5400,77,0,100,13.284940,7.446426,95.6887
5,100,1.5600,78,0,100,13.448340,7.635498,95.5972
5,100,1.5800,79,0,100,13.612610,7.824864,95.5018
5,100,1.6000,80,0,100,13.777720,8.014507,95.4024
5,100,1.6200,81,0,100,13.943630,8.204395,95.2992
5,100,1.6400,82,0,100,14.110320,8.394500,95.1920
5,100,1.6600,83,0,100,14.277760,8.584801,95.0809
5,100,1.6800,84,0,100,14.445920,8.775283,94.9658
5,100,1.7000,85,1,99,14.614790,8.965936,94.8469
5,100,1.7200,86,0,100,14.784320,9.156737,94.7240
5,100,1.7400,87,0,100,14.424410,9.283679,94.5972
5,100,1.7600,88,0,100,14.620540,9.389944,94.4664
5,100,1.7800,89,0,100,14.816680,9.529864,94.3318
5,100,1.8000,90,0,100,15.012820,9.714292,94.1932
5,100,1.8200,91,0,100,15.208960,9.900579,94.0507
5,100,1.8400,92,0,100,15.405100,10.054140,93.9043
5,100,1.8600,93,0,100,15.601250,10.182310,93.7539
5,100,1.8800,94,0,100,15.797390,10.317140,93.5996
5,100,1.9000,95,0,100,15.865380,10.212930,93.4414
5,100,1.9200,96,0,100,16.060390,10.369960,93.2793
5,100,1.9400,97,0,100,16.255430,10.547830,93.1133
5,100,1.9600,98,0,100,16.450490,10.566410,92.9433
5,100,1.9800,99,0,100,16.645580,10.423140,92.7694
5,100,2.0000,100,0,100,16.801170,10.535220,92.5916
5,100,2.0200,101,0,100,16.995500,10.673910,92.4098
5,100,2.0400,102,0,100,16.780020,10.580290,92.2242
5,100,2.0600,103,0,100,16.962870,10.697090,92.0346
5,100,2.0800,104,0,100,17.158340,10.814980,91.8411
5,100,2.1000,105,0,100,17.353830,10.966650,91.6436
5,100,2.1200,106,0,100,17.417350,11.130350,91.4423
5,100,2.1400,107,0,100,17.453810,11.207580,91.2370
5,100,2.1600,108,0,100,17.649120,11.369150,91.0277
5,100,2.1800,109,0,100,17.347080,11.529430,90.8146
5,100,2.2000,110,0,100,17.542460,11.691280,90.5975
5,100,2.2200,111,0,100,17.737870,11.793220,90.3766
5,100,2.2400,112,0,100,17.933290,11.844170,90.1517
5,100,2.2600,113,0,100,18.128730,11.788910,89.9228
5,100,2.2800,114,0,100,18.324190,11.927390,89.6901
5,100,2.3000,115,0,100,18.519660,12.086790,89.4534
5,100,2.3200,116,0,100,18.715150,12.241950,89.2128
5,100,2.3400,117,0,100,18.910650,12.404950,88.9682
5,100,2.3600,118,0,100,19.106160,12.465600,88.7198
5,100,2.3800,119,0,100,19.301690,12.609240,88.4674
5,100,2.4000,120,0,100,19.497240,12.624410,88.2111
5,100,2.4200,121,0,100,19.692790,12.549550,87.9509
5,100,2.4400,122,0,100,19.888360,12.309050,87.6867
5,100,2.4600,123,0,100,19.310550,12.334480,87.4187
5,100,2.4800,124,0,100,19.506620,12.473820,87.1467
5,100,2.5000,125,0,100,19.702700,12.623880,86.8707
5,100,2.5200,126,0,100,19.898780,12.752200,86.5909
5,100,2.5400,127,0,100,20.094860,12.897990,86.3071
5,100,2.5600,128,0,100,20.290940,13.042080,86.0194
5,100,2.5800,129,0,100,20.487030,13.193670,85.7278
5,100,2.6000,130,0,100,20.683110,13.349730,85.4323
5,100,2.6200,131,1,99,20.879200,13.505210,85.1328
5,100,2.6400,132,3,97,21.075290,13.636520,84.8294
5,100,2.6600,133,4,96,21.271390,13.767920,84.5221
5,100,2.6800,134,4,96,21.339350,13.918200,84.2109
5,100,2.7000,135,4,96,21.535280,14.059370,83.8957
5,100,2.7200,136,4,96,21.731200,14.111490,83.5766
5,100,2.7400,137,4,96,21.927140,14.261260,83.2536
5,100,2.7600,138,4,96,22.123080,14.412160,82.9267
5,100,2.7800,139,4,96,22.319020,14.317950,82.5958
5,100,2.8000,140,2,98,22.514970,14.407180,82.2610
5,100,2.8200,141,4,96,22.636050,14.373120,81.9223
5,100,2.8400,142,2,98,22.831860,14.400960,81.5797
5,100,2.8600,143,2,98,22.996020,14.363760,81.2331
5,100,2.8800,144,2,98,23.155600,14.385790,80.8827
5,100,2.9000,145,3,97,23.350870,14.475190,80.5283
5,100,2.9200,146,3,97,23.546160,14.545740,80.1699
5,100,2.9400,147,3,97,23.741470,14.622680,79.8077
5,100,2.9600,148,3,97,23.597130,14.737010,79.4415
5,100,2.9800,149,3,97,23.793060,14.744630,79.0714
5,100,3.0000,150,3,97,23.989000,14.851040,78.6974
5,100,3.0200,151,3,97,24.184940,14.615630,78.3194
5,100,3.0400,152,3,97,24.380880,14.693490,77.9376
5,100,3.0600,153,3,97,24.576830,14.816300,77.5518
5,100,3.0800,154,2,98,24.772780,14.921870,77.1621
5,100,3.1000,155,2,98,24.968740,15.052610,76.7684
5,100,3.1200,156,2,98,25.164700,15.133250,76.3709
5,100,3.1400,157,2,98,25.360660,15.195420,75.9694
5,100,3.1600,158,2,98,25.556630,15.323140,75.5640
5,100,3.1800,159,2,98,25.752600,15.452990,75.1546
5,100,3.2000,160,2,98,25.948580,15.003620,74.7414
5,100,3.2200,161,3,97,26.144550,15.103950,74.3242
5,100,3.2400,162,3,97,26.340540,14.947130,73.9031
5,100,3.2600,163,3,97,26.536520,15.019020,73.4780
5,100,3.2800,164,3,97,26.732510,14.898060,73.0491
5,100,3.3000,165,3,97,26.007290,14.603680,72.6162
5,100,3.3200,166,2,98,26.203050,14.569720,72.1794
5,100,3.3400,167,3,97,26.398830,14.659670,71.7387
5,100,3.3600,168,2,98,26.594610,14.696630,71.2940
5,100,3.3800,169,2,98,26.790390,14.793700,70.8454
5,100,3.4000,170,2,98,26.683970,14.878330,70.3929
5,100,3.4200,171,2,98,26.879950,14.971730,69.9365
5,100,3.4400,172,3,97,27.075930,15.060650,69.4761
5,100,3.4600,173,3,97,27.146820,15.101180,69.0119
5,100,3.4800,174,3,97,27.342930,15.216700,68.5437
5,100,3.5000,175,3,97,27.522050,15.163750,68.0716
5,100,3.5200,176,4,96,27.541340,14.982130,67.5955
5,100,3.5400,177,4,96,27.737520,14.948910,67.1155
5,100,3.5600,178,4,96,27.915200,14.998860,66.6316
5,100,3.5800,179,4,96,27.941220,15.089350,66.1438
5,100,3.6000,180,4,96,28.137400,15.196040,65.6521
5,100,3.6200,181,4,96,28.333580,14.897050,65.1564
5,100,3.6400,182,4,96,28.518400,14.796450,64.6568
5,100,3.6600,183,4,96,28.570210,14.758350,64.1533
5,100,3.6800,184,4,96,28.766380,14.611700,63.6459
5,100,3.7000,185,4,96,28.564460,14.449880,63.1345
5,100,3.7200,186,4,96,28.760660,14.505870,62.6192
5,100,3.7400,187,4,96,28.572820,14.583030,62.1000
5,100,3.7600,188,4,96,28.769010,14.678300,61.5769
5,100,3.7800,189,4,96,28.965200,14.750200,61.0498
5,100,3.8000,190,4,96,29.161390,14.832270,60.5188
5,100,3.8200,191,4,96,29.357580,14.916720,59.9839
5,100,3.8400,192,4,96,29.553770,15.013740,59.4451
5,100,3.8600,193,4,96,29.706470,15.097050,58.9024
5,100,3.8800,194,7,93,29.806560,15.082700,58.3557
5,100,3.9000,195,8,92,30.002750,14.807290,57.8051
5,100,3.9200,196,8,92,30.171570,14.511570,57.2506
5,100,3.9400,197,8,92,30.331790,14.384250,56.6921
5,100,3.9600,198,8,92,30.463580,14.465540,56.1297
5,100,3.9800,199,7,93,30.504380,14.483320,55.5634
5,100,4.0000,200,7,93,30.305990,14.574590,54.9932
5,100,4.0200,201,7,93,30.502190,14.613720,54.4191
5,100,4.0400,202,7,93,30.698390,14.625840,53.8410
5,100,4.0600,203,7,93,30.894590,14.645080,53.2590
5,100,4.0800,204,7,93,31.090790,14.721340,52.6731
5,100,4.1000,205,8,92,31.286990,14.515450,52.0833
5,100,4.1200,206,8,92,31.483180,14.474620,51.4895
5,100,4.1400,207,9,91,31.679380,14.125020,50.8918
5,100,4.1600,208,9,91,31.875580,14.083630,50.2902
5,100,4.1800,209,10,90,32.071780,14.135700,49.6847
5,100,4.2000,210,11,89,32.267980,14.209400,49.0752
5,100,4.2200,211,11,89,32.259530,14.282940,48.4618
5,100,4.2400,212,11,89,32.455730,14.094290,47.8445
5,100,4.2600,213,12,88,32.612920,14.103060,47.2233
5,100,4.2800,214,12,88,32.809120,14.139450,46.5981
5,100,4.3000,215,12,88,32.959530,14.167110,45.9690
5,100,4.3200,216,13,87,33.040530,13.798600,45.3360
5,100,4.3400,217,13,87,33.236730,13.106160,44.6991
5,100,4.3600,218,13,87,33.243190,13.135010,44.0582
5,100,4.3800,219,14,86,33.439390,12.837280,43.4135
5,100,4.4000,220,13,87,33.581690,12.561050,42.7648
5,100,4.4200,221,14,86,33.589070,12.578090,42.1121
5,100,4.4400,222,14,86,33.785260,12.598160,41.4556
5,100,4.4600,223,14,86,33.940970,12.614480,40.7951
5,100,4.4800,224,13,87,34.003910,12.666130,40.1307
5,100,4.5000,225,13,87,34.200100,12.720540,39.4624
5,100,4.5200,226,13,87,34.396290,12.755980,38.7902
5,100,4.5400,227,13,87,34.592470,12.821760,38.1140
5,100,4.5600,228,13,87,34.736190,12.857200,37.4339
5,100,4.5800,229,13,87,34.884660,12.777410,36.7499
5,100,4.6000,230,13,87,35.080850,12.806180,36.0619
5,100,4.6200,231,13,87,35.213770,12.842700,35.3701
5,100,4.6400,232,13,87,35.409960,11.770580,34.6743
5,100,4.6600,233,12,88,35.593760,11.697550,33.9746
5,100,4.6800,234,12,88,35.783700,11.655450,33.2709
5,100,4.7000,235,13,87,35.947510,11.614210,32.5634
5,100,4.7200,236,13,87,36.091850,10.460330,31.8519
5,100,4.7400,237,13,87,36.204960,9.836246,31.1365
5,100,4.7600,238,14,86,36.333190,9.800296,30.4171
5,100,4.7800,239,14,86,36.500840,9.177036,29.6939
5,100,4.8000,240,13,87,36.631610,8.672689,28.9667
5,100,4.8200,241,15,85,36.780670,8.389586,28.2356
5,100,4.8400,242,14,86,36.908900,8.425909,27.5006
5,100,4.8600,243,14,86,37.042580,8.450364,26.7616
5,100,4.8800,244,14,86,37.193870,8.487529,26.0187
5,100,4.9000,245,15,85,37.358360,8.526348,25.2719
5,100,4.9200,246,15,85,34.133670,8.578960,24.5531
5,100,4.9400,247,15,85,33.607560,8.625566,23.9794
5,100,4.9600,248,15,85,34.345580,8.660119,23.4287
5,100,4.9800,249,15,85,34.542610,8.696946,22.8630
5,100,5.0000,250,15,85,34.738740,8.730019,22.2862
5,100,5.0200,251,15,85,34.934870,8.685859,21.6992
5,100,5.0400,252,15,85,33.269970,8.684466,21.1062
5,100,5.0600,253,15,85,33.286840,8.728575,20.5091
5,100,5.0800,254,15,85,33.223670,8.762928,19.9082
5,100,5.1000,255,15,85,33.419170,8.737054,19.3033
5,100,5.1200,256,15,85,33.614670,8.775818,18.6945
5,100,5.1400,257,16,84,32.387790,7.782712,18.0818
5,100,5.1600,258,16,84,32.583990,7.656726,17.4651
5,100,5.1800,259,17,83,31.776300,7.444087,16.8446
5,100,5.2000,260,16,84,31.278010,7.319259,16.2201
5,100,5.2200,261,16,84,31.082550,7.125382,15.5924
5,100,5.2400,262,17,83,30.220090,7.012917,14.9827
5,100,5.2600,263,17,83,29.981620,6.662573,14.4247
5,100,5.2800,264,16,84,30.177600,6.447276,13.8702
5,100,5.3000,265,14,86,30.373590,6.321879,13.3066
5,100,5.3200,266,14,86,29.387910,6.160614,12.7338
5,100,5.3400,267,14,86,29.253610,5.996076,12.1558
5,100,5.3600,268,14,86,28.455720,5.480508,11.5728
5,100,5.3800,269,14,86,24.578410,4.576426,11.0318
5,100,5.4000,270,13,87,20.635620,4.508274,10.6239
5,100,5.4200,271,13,87,18.220620,4.086287,10.2924
5,100,5.4400,272,13,87,15.052040,3.216916,10.0479
5,100,5.4600,273,14,86,15.044080,2.806540,9.9035
5,100,5.4800,274,15,85,15.038670,2.663671,9.8314
5,100,5.5000,275,15,85,15.035820,2.455148,9.7696
5,100,5.5200,276,15,85,15.035520,2.384595,9.7120
5,100,5.5400,277,15,85,15.037790,2.324651,9.6545
5,100,5.5600,278,14,86,15.042620,2.269819,9.5942
5,100,5.5800,279,14,86,15.050010,2.229106,9.5240
5,100,5.6000,280,14,86,15.059940,2.214787,9.4481
5,100,5.6200,281,14,86,15.072430,2.167066,9.3684
5,100,5.6400,282,14,86,15.087450,2.137007,9.2847
5,100,5.6600,283,13,87,15.105010,2.115459,9.1971
5,100,5.6800,284,13,87,15.125100,2.099904,9.1056
5,100,5.7000,285,13,87,15.147700,2.007141,9.0101
5,100,5.7200,286,14,86,15.172800,1.974930,8.9108
5,100,5.7400,287,14,86,15.200390,1.951978,8.8075
5,100,5.7600,288,14,86,15.230460,1.941122,8.7002
5,100,5.7800,289,13,87,15.263000,1.931979,8.5891
5,100,5.8000,290,13,87,15.297980,1.909094,8.4740
5,100,5.8200,291,13,87,15.335390,1.861393,8.3551
5,100,5.8400,292,13,87,15.375220,1.852442,8.2321
5,100,5.8600,293,13,87,15.417440,1.847677,8.1053
5,100,5.8800,294,14,86,15.462030,1.847313,7.9745
5,100,5.9000,295,16,84,15.508980,1.836235,7.8399
5,100,5.9200,296,14,86,15.558260,1.825427,7.7012
5,100,5.9400,297,14,86,15.609850,1.804430,7.5587
5,100,5.9600,298,15,85,15.663730,1.791205,7.4123
5,100,5.9800,299,15,85,15.719880,1.765451,7.2619
5,100,6.0000,300,15,85,15.778260,1.764667,7.1076
5,100,6.0200,301,15,85,15.838860,1.752173,6.9493
5,100,6.0400,302,15,85,15.901650,1.743453,6.7872
5,100,6.0600,303,16,84,15.966600,1.713354,6.6211
5,100,6.0800,304,16,84,16.033690,1.718516,6.4511
5,100,6.1000,305,16,84,16.102890,1.677541,6.2772
5,100,6.1200,306,15,85,16.174180,1.667456,6.0993
5,100,6.1400,307,15,85,16.247520,1.651281,5.9176
5,100,6.1600,308,14,86,14.421620,1.550797,5.7319
5,100,6.1800,309,14,86,14.548710,1.525256,5.5423
5,100,6.2000,310,14,86,14.677320,1.504766,5.3487
5,100,6.2200,311,14,86,14.807420,1.469065,5.1512
5,100,6.2400,312,17,83,14.938960,1.419523,4.9498
5,100,6.2600,313,18,82,15.071910,1.412331,4.7445
5,100,6.2800,314,17,83,15.206220,1.413554,4.5353
5,100,6.3000,315,18,82,15.341870,1.386866,4.3221
5,100,6.3200,316,18,82,15.478820,1.382632,4.1050
5,100,6.3400,317,18,82,15.617030,1.379838,3.8840
5,100,6.3600,318,18,82,15.756470,1.361418,3.6591
5,100,6.3800,319,18,82,15.897110,1.364229,3.4302
5,100,6.4000,320,18,82,16.038920,1.304400,3.1974
5,100,6.4200,321,18,82,16.181860,1.291846,2.9607
5,100,6.4400,322,18,82,16.325910,1.284207,2.7201
5,100,6.4600,323,18,82,16.471040,1.279825,2.5362
5,100,6.4800,324,20,80,16.617210,1.285169,2.5299
5,100,6.5000,325,20,80,16.764410,1.266747,2.5235
5,100,6.5200,326,21,79,16.912600,1.270992,2.5162
5,100,6.5400,327,20,80,17.061770,1.087567,2.5082
5,100,6.5600,328,20,80,17.211870,1.071876,2.4993
5,100,6.5800,329,20,80,17.362900,0.918574,2.4897
5,100,6.6000,330,20,80,17.514820,0.911302,2.4792
5,100,6.6200,331,20,80,8.528482,0.689810,2.4704
5,100,6.6400,332,20,80,8.293162,0.634980,2.4638
5,100,6.6600,333,20,80,8.322200,0.631619,2.4559
5,100,6.6800,334,20,80,8.355745,0.625330,2.4456
5,100,6.7000,335,21,79,8.393744,0.619273,2.4345
5,100,6.7200,336,21,79,8.436134,0.611150,2.4217
5,100,6.7400,337,22,78,8.482853,0.608528,2.4072
5,100,6.7600,338,22,78,8.533828,0.613139,2.3905
5,100,6.7800,339,22,78,8.588983,0.596986,2.3845
5,100,6.8000,340,24,76,8.648237,0.534487,2.3785
5,100,6.8200,341,24,76,8.711510,0.528046,2.3719
5,100,6.8400,342,24,76,8.778711,0.527121,2.3659
5,100,6.8600,343,24,76,8.849753,0.507308,2.3608
5,100,6.8800,344,26,74,8.924543,0.507128,2.3560
5,100,6.9000,345,27,73,7.522061,0.475481,2.3524
5,100,6.9200,346,27,73,7.503029,0.474701,2.3495
5,100,6.9400,347,27,73,6.960867,0.463242,2.3472
5,100,6.9600,348,28,72,6.858686,0.461360,2.3449
5,100,6.9800,349,41,59,6.760655,0.465386,2.3428
5,100,7.0000,350,41,59,6.666959,0.471595,2.3413
5,100,7.0200,351,41,59,6.577781,0.480268,2.3399
5,100,7.0400,352,41,59,6.493309,0.452308,2.3386
5,100,7.0600,353,42,58,6.413728,0.440253,2.3373
5,100,7.0800,354,42,58,6.339222,0.413219,2.3361
5,100,7.1000,355,42,58,6.269973,0.404812,2.3351
5,100,7.1200,356,42,58,6.206156,0.399105,2.3342
5,100,7.1400,357,42,58,6.147940,0.387988,2.3339
5,100,7.1600,358,42,58,6.095486,0.389415,2.3338
5,100,7.1800,359,42,58,6.048944,0.393472,2.3337
5,100,7.2000,360,40,60,6.008452,0.380275,2.3331
5,100,7.2200,361,40,60,5.974132,0.361729,2.3328
5,100,7.2400,362,40,60,5.946091,0.334306,2.3328
5,100,7.2600,363,40,60,5.924417,0.319021,2.3328
5,100,7.2800,364,40,60,5.909183,0.287441,2.3327
5,100,7.3000,365,27,73,5.900437,0.258611,2.3324
5,100,7.3200,366,27,73,5.898208,0.248416,2.3323
5,100,7.3400,367,27,73,5.902503,0.237845,2.3320
5,100,7.3600,368,27,73,5.913308,0.239794,2.3317
5,100,7.3800,369,27,73,5.930588,0.238848,2.3310
5,100,7.4000,370,28,72,5.954287,0.221761,2.3308
5,100,7.4200,371,28,72,5.984327,0.220149,2.3306
5,100,7.4400,372,28,72,6.020615,0.218678,2.3304
5,100,7.4600,373,28,72,6.063038,0.212100,2.3304
5,100,7.4800,374,25,75,6.111467,0.210312,2.3304
5,100,7.5000,375,29,71,6.165763,0.208778,2.3303
5,100,7.5200,376,30,70,6.225770,0.205578,2.3302
5,100,7.5400,377,30,70,6.291327,0.196637,2.3303
5,100,7.5600,378,30,70,6.362260,0.193312,2.3301
5,100,7.5800,379,31,69,6.438393,0.192986,2.3300
5,100,7.6000,380,31,69,6.519544,0.192563,2.3300
5,100,7.6200,381,32,68,6.605526,0.187198,2.3300
5,100,7.6400,382,32,68,6.696156,0.178089,2.3300
5,100,7.6600,383,32,68,6.791245,0.182666,2.3301
5,100,7.6800,384,33,67,6.890610,0.184997,2.3302
5,100,7.7000,385,34,66,4.317334,0.154552,2.3302
5,100,7.7200,386,34,66,4.280800,0.141671,2.3302
5,100,7.7400,387,34,66,4.232588,0.139155,2.3302
5,100,7.7600,388,34,66,4.193011,0.139676,2.3299
5,100,7.7800,389,34,66,4.162315,0.139526,2.3294
5,100,7.8000,390,34,66,4.140699,0.136428,2.3291
5,100,7.8200,391,34,66,4.128304,0.135335,2.3289
5,100,7.8400,392,34,66,4.125214,0.123284,2.3288
5,100,7.8600,393,35,65,4.131450,0.116805,2.3286
5,100,7.8800,394,35,65,4.146969,0.114337,2.3284
5,100,7.9000,395,35,65,4.171668,0.101785,2.3282
5,100,7.9200,396,37,63,4.205385,0.096821,2.3281
5,100,7.9400,397,37,63,4.247906,0.097589,2.3280
5,100,7.9600,398,37,63,3.787525,0.088886,2.3279
5,100,7.9800,399,37,63,3.742876,0.075708,2.3278
5,100,8.0000,400,37,63,3.708084,0.076302,2.3277
5,100,8.0200,401,38,62,3.683428,0.078126,2.3276
5,100,8.0400,402,38,62,3.669112,0.069126,2.3274
5,100,8.0600,403,38,62,3.665257,0.067793,2.3272
5,100,8.0800,404,38,62,3.671897,0.066918,2.3271
5,100,8.1000,405,38,62,3.688975,0.069993,2.3270
5,100,8.1200,406,38,62,3.716347,0.066755,2.3269
5,100,8.1400,407,38,62,3.753788,0.066025,2.3268
5,100,8.1600,408,39,61,3.800999,0.064640,2.3267
5,100,8.1800,409,39,61,3.857624,0.064863,2.3267
5,100,8.2000,410,39,61,3.923253,0.060985,2.3266
5,100,8.2200,411,39,61,3.997443,0.059838,2.3265
5,100,8.2400,412,40,60,4.079729,0.059622,2.3264
5,100,8.2600,413,40,60,4.169629,0.052221,2.3264
5,100,8.2800,414,40,60,2.404601,0.033421,2.3263
5,100,8.3000,415,50,50,2.368370,0.031527,2.3262
5,100,8.3200,416,51,49,1.378895,0.021075,2.3262
5,100,8.3400,417,51,49,1.312498,0.021889,2.3261
5,100,8.3600,418,51,49,1.273160,0.020090,2.3261
5,100,8.3800,419,51,49,1.174700,0.019704,2.3260
5,100,8.4000,420,51,49,0.840569,0.014621,2.3259
5,100,8.4200,421,52,48,0.749656,0.013548,2.3259
5,100,8.4400,422,52,48,0.548266,0.011577,2.3258
5,100,8.4600,423,52,48,0.523475,0.011393,2.3258
5,100,8.4800,424,53,47,0.515201,0.011440,2.3257
5,100,8.5000,425,53,47,0.540515,0.011844,2.3257
5,100,8.5200,426,90,10,0.557580,0.009448,2.3257
5,100,8.5400,427,92,8,0.589165,0.009939,2.3257
5,100,8.5600,428,92,8,0.648985,0.010754,2.3257
5,100,8.5800,429,92,8,0.727234,0.011749,2.3257
5,100,8.6000,430,92,8,0.723116,0.011954,2.3257
5,100,8.6200,431,92,8,0.741051,0.012375,2.3257
5,100,8.6400,432,97,3,0.793632,0.012123,2.3257
5,100,8.6600,433,97,3,0.847984,0.012950,2.3257
5,100,8.6800,434,97,3,0.905174,0.013822,2.3257
5,100,8.7000,435,97,3,0.966963,0.014761,2.3257
5,100,8.7200,436,98,2,1.032161,0.015755,2.3257
5,100,8.7400,437,98,2,1.101427,0.016811,2.3257
5,100,8.7600,438,98,2,1.174247,0.017925,2.3257
5,100,8.7800,439,98,2,1.251808,0.019112,2.3257
5,100,8.8000,440,98,2,1.332927,0.020361,2.3257
5,100,8.8200,441,98,2,1.419569,0.021691,2.3257
5,100,8.8400,442,98,2,1.509519,0.023086,2.3257
5,100,8.8600,443,98,2,1.606249,0.024579,2.3257
5,100,8.8800,444,98,2,1.168166,0.020754,2.3257
5,100,8.9000,445,98,2,0.966607,0.015291,2.3257
5,100,8.9200,446,98,2,1.029334,0.014932,2.3257
5,100,8.9400,447,98,2,1.096192,0.014600,2.3257
5,100,8.9600,448,98,2,1.166635,0.014316,2.3257
5,100,8.9800,449,98,2,1.241803,0.014087,2.3257
5,100,9.0000,450,98,2,1.320600,0.013900,2.3257
5,100,9.0200,451,98,2,1.404847,0.014327,2.3257
5,100,9.0400,452,98,2,1.492557,0.016178,2.3257
5,100,9.0600,453,98,2,1.586794,0.018097,2.3257
5,100,9.0800,454,98,2,1.593241,0.019145,2.3257
5,100,9.1000,455,98,2,0.420582,0.008396,2.3257
5,100,9.1200,456,98,2,0.521150,0.008294,2.3257
5,100,9.1400,457,98,2,0.504636,0.007088,2.3257
5,100,9.1600,458,98,2,0.102404,0.001981,2.3257
5,100,9.1800,459,98,2,0.030161,0.000319,2.3257
5,100,9.2000,460,98,2,0.099125,0.001173,2.3257
5,100,9.2200,461,98,2,0.200305,0.002049,2.3257
5,100,9.2400,462,98,2,0.302063,0.003037,2.3257
5,100,9.2600,463,98,2,0.351184,0.003522,2.3257
5,100,9.2800,464,98,2,0.122870,0.001233,2.3257
5,100,9.3000,465,98,2,0.007000,0.000071,2.3257
5,100,9.3200,466,98,2,0.030304,0.000303,2.3257
5,100,9.3400,467,98,2,0.014779,0.000148,2.3257
5,100,9.3600,468,98,2,0.003723,0.000037,2.3257
5,100,9.3800,469,99,1,0.000708,0.000007,2.3257
5,100,9.4000,470,99,1,0.000343,0.000003,2.3257
5,100,9.4200,471,99,1,0.000109,0.000001,2.3257
5,100,9.4400,472,99,1,0.000071,0.000001,2.3257
5,100,9.4600,473,99,1,0.000045,0.000000,2.3257
5,100,9.4800,474,100,0,0.000000,0.000000,2.3257
6,100,0.0200,1,0,100,0.000000,0.000000,99.5000
6,100,0.0400,2,0,100,0.196200,0.182810,99.4961
6,100,0.0600,3,0,100,0.392400,0.357724,99.4882
6,100,0.0800,4,0,100,0.588600,0.525210,99.4765
6,100,0.1000,5,0,100,0.784800,0.685399,99.4608
6,100,0.1200,6,0,100,0.981000,0.838321,99.4411
6,100,0.1400,7,0,100,1.177198,0.983971,99.4176
6,100,0.1600,8,0,100,1.373387,1.122331,99.3901
6,100,0.1800,9,0,100,1.569529,1.253388,99.3587
6,100,0.2000,10,0,100,1.765468,1.377128,99.3234
6,100,0.2200,11,0,100,1.960975,1.493537,99.2842
6,100,0.2400,12,0,100,2.155470,1.602608,99.2411
6,100,0.2600,13,0,100,2.348034,1.704334,99.1941
6,100,0.2800,14,0,100,2.537505,1.798708,99.1433
6,100,0.3000,15,0,100,2.722188,1.885799,99.0888
6,100,0.3200,16,0,100,2.900282,1.965471,99.0306
6,100,0.3400,17,0,100,3.069695,2.037763,98.9691
6,100,0.3600,18,0,100,3.228227,2.105664,98.9043
6,100,0.3800,19,0,100,3.373771,2.169949,98.8366
6,100,0.4000,20,0,100,3.504420,2.226555,98.7662
6,100,0.4200,21,0,100,3.618541,2.275967,98.6935
6,100,0.4400,22,0,100,3.714782,2.318235,98.6189
6,100,0.4600,23,0,100,3.792145,2.353719,98.5427
6,100,0.4800,24,0,100,3.849915,2.382037,98.4653
6,100,0.5000,25,0,100,3.887971,2.403577,98.3871
6,100,0.5200,26,0,100,3.906542,2.418073,98.3086
6,100,0.5400,27,0,100,3.906241,2.425662,98.2301
6,100,0.5600,28,0,100,3.887984,2.426591,98.1519
6,100,0.5800,29,0,100,3.853151,2.421071,98.0745
6,100,0.6000,30,0,100,3.803606,2.409273,97.9982
6,100,0.6200,31,0,100,3.741293,2.391907,97.9231
6,100,0.6400,32,0,100,3.668569,2.369330,97.8496
6,100,0.6600,33,0,100,3.587854,2.342855,97.7777
6,100,0.6800,34,0,100,3.501279,2.316268,97.7076
6,100,0.7000,35,0,100,3.410731,2.283310,97.6394
6,100,0.7200,36,0,100,3.317413,2.247060,97.5731
6,100,0.7400,37,0,100,3.221707,2.212239,97.5088
6,100,0.7600,38,0,100,3.123023,2.175496,97.4464
6,100,0.7800,39,0,100,3.020113,2.135833,97.3861
6,100,0.8000,40,0,100,2.911968,2.095566,97.3280
6,100,0.8200,41,0,100,2.797276,2.073190,97.2722
6,100,0.8400,42,0,100,2.762717,2.077873,97.2187
6,100,0.8600,43,0,100,3.352124,2.092125,97.1679
6,100,0.8800,44,0,100,3.054054,2.078967,97.1199
6,100,0.9000,45,0,100,3.414670,2.061513,97.0747
6,100,0.9200,46,0,100,3.834031,2.075973,97.0325
6,100,0.9400,47,0,100,5.770752,2.146912,96.9933
6,100,0.9600,48,0,100,5.333584,2.203606,96.9572
6,100,0.9800,49,0,100,7.215845,2.333257,96.9241
6,100,1.0000,50,0,100,8.533994,2.431691,96.8940
6,100,1.0200,51,0,100,9.174868,2.596984,96.8666
6,100,1.0400,52,0,100,9.761396,2.790037,96.8417
6,100,1.0600,53,0,100,9.889224,2.966643,96.8191
6,100,1.0800,54,0,100,10.019260,3.124155,96.7982
6,100,1.1000,55,0,100,10.151430,3.276355,96.7787
6,100,1.1200,56,0,100,10.285640,3.430811,96.7598
6,100,1.1400,57,0,100,10.421810,3.588495,96.7410
6,100,1.1600,58,0,100,10.559880,3.747611,96.7216
6,100,1.1800,59,0,100,10.699760,3.907672,96.7010
6,100,1.2000,60,0,100,10.841390,4.069555,96.6783
6,100,1.2200,61,0,100,10.984690,4.233598,96.6527
6,100,1.2400,62,0,100,11.129610,4.400269,96.6232
6,100,1.2600,63,0,100,11.276080,4.568589,96.5895
6,100,1.2800,64,0,100,11.424040,4.738040,96.5515
6,100,1.3000,65,0,100,11.573440,4.908835,96.5095
6,100,1.3200,66,0,100,11.724220,5.080985,96.4636
6,100,1.3400,67,0,100,11.876320,5.254599,96.4137
6,100,1.3600,68,0,100,12.029700,5.429210,96.3598
6,100,1.3800,69,0,100,12.184310,5.604570,96.3021
6,100,1.4000,70,0,100,12.340110,5.780245,96.2404
6,100,1.4200,71,0,100,12.497040,5.955636,96.1748
6,100,1.4400,72,0,100,12.655060,6.133022,96.1053
6,100,1.4600,73,0,100,12.814140,6.311262,96.0318
6,100,1.4800,74,0,100,12.974240,6.490187,95.9545
6,100,1.5000,75,0,100,13.135320,6.669832,95.8732
6,100,1.5200,76,0,100,13.297340,6.849961,95.7880
6,100,1.5400,77,0,100,13.460270,7.030638,95.6988
6,100,1.5600,78,0,100,13.624080,7.211939,95.6057
6,100,1.5800,79,0,100,13.788730,7.393698,95.5087
6,100,1.6000,80,0,100,13.954200,7.575834,95.4078
6,100,1.6200,81,0,100,14.120450,7.758842,95.3030
6,100,1.6400,82,0,100,14.287470,7.942082,95.1942
6,100,1.6600,83,0,100,14.455220,8.125501,95.0815
6,100,1.6800,84,0,100,14.623680,8.309198,94.9649
6,100,1.7000,85,0,100,14.792820,8.493431,94.8444
6,100,1.7200,86,0,100,14.962620,8.678029,94.7199
6,100,1.7400,87,0,100,15.133060,8.863064,94.5915
6,100,1.7600,88,0,100,15.304120,9.048394,94.4592
6,100,1.7800,89,0,100,15.475770,9.234096,94.3230
6,100,1.8000,90,0,100,15.648010,9.420065,94.1828
6,100,1.8200,91,0,100,15.820800,9.606377,94.0388
6,100,1.8400,92,0,100,15.994120,9.792938,93.8908
6,100,1.8600,93,0,100,16.167980,9.980048,93.7388
6,100,1.8800,94,0,100,16.342330,10.167570,93.5830
6,100,1.9000,95,0,100,16.517180,10.355440,93.4232
6,100,1.9200,96,0,100,16.692510,10.543680,93.2595
6,100,1.9400,97,0,100,16.868290,10.732310,93.0919
6,100,1.9600,98,0,100,17.044520,10.921250,92.9203
6,100,1.9800,99,0,100,17.221180,11.110490,92.7448
6,100,2.0000,100,0,100,17.398260,11.299990,92.5654
6,100,2.0200,101,0,100,17.592240,11.489700,92.3821
6,100,2.0400,102,0,100,17.788370,11.679610,92.1949
6,100,2.0600,103,0,100,17.984510,11.869700,92.0037
6,100,2.0800,104,1,99,18.180640,11.991780,91.8086
6,100,2.1000,105,0,100,18.376770,12.181350,91.6096
6,100,2.1200,106,0,100,18.572910,12.371230,91.4067
6,100,2.1400,107,0,100,18.769050,12.480560,91.1998
6,100,2.1600,108,0,100,18.965190,12.669580,90.9890
6,100,2.1800,109,0,100,19.161330,12.851100,90.7743
6,100,2.2000,110,0,100,19.357470,13.038830,90.5557
6,100,2.2200,111,0,100,19.553610,13.227620,90.3331
6,100,2.2400,112,0,100,19.749760,13.327540,90.1066
6,100,2.2600,113,0,100,19.733220,13.457590,89.8762
6,100,2.2800,114,0,100,19.915020,13.625720,89.6419
6,100,2.3000,115,0,100,20.097100,13.761590,89.4036
6,100,2.3200,116,0,100,20.279440,13.808130,89.1614
6,100,2.3400,117,0,100,20.225170,13.804760,88.9153
6,100,2.3600,118,0,100,20.421260,13.915550,88.6653
6,100,2.3800,119,0,100,20.617360,14.044180,88.4113
6,100,2.4000,120,0,100,20.813470,13.896970,88.1535
6,100,2.4200,121,0,100,21.009570,13.953050,87.8917
6,100,2.4400,122,0,100,20.663420,13.686650,87.6259
6,100,2.4600,123,0,100,20.856310,13.742010,87.3563
6,100,2.4800,124,0,100,20.907600,13.729640,87.0827
6,100,2.5000,125,0,100,21.102740,13.696820,86.8052
6,100,2.5200,126,0,100,21.297900,13.625150,86.5238
6,100,2.5400,127,0,100,21.493080,13.513750,86.2384
6,100,2.5600,128,0,100,21.688280,13.653680,85.9492
6,100,2.5800,129,0,100,21.780100,13.714150,85.6560
6,100,2.6000,130,0,100,20.975120,13.675040,85.3589
6,100,2.6200,131,0,100,21.170580,13.671110,85.0578
6,100,2.6400,132,0,100,21.366050,13.813480,84.7529
6,100,2.6600,133,0,100,21.561530,13.944180,84.4440
6,100,2.6800,134,0,100,21.757030,14.076790,84.1312
6,100,2.7000,135,0,100,21.952540,14.216530,83.8144
6,100,2.7200,136,0,100,22.148060,14.128220,83.4938
6,100,2.7400,137,0,100,22.311470,14.174940,83.1692
6,100,2.7600,138,0,100,22.507330,14.229050,82.8407
6,100,2.7800,139,0,100,22.467960,14.310090,82.5082
6,100,2.8000,140,0,100,22.636560,14.200650,82.1719
6,100,2.8200,141,1,99,22.642590,14.273870,81.8316
6,100,2.8400,142,1,99,22.831170,14.382290,81.4874
6,100,2.8600,143,1,99,22.896880,14.393490,81.1393
6,100,2.8800,144,1,99,23.092710,14.210990,80.7872
6,100,2.9000,145,2,98,23.206620,13.988960,80.4312
6,100,2.9200,146,3,97,23.227160,13.894100,80.0713
6,100,2.9400,147,4,96,23.392140,13.750450,79.7075
6,100,2.9600,148,4,96,23.352230,13.733140,79.3398
6,100,2.9800,149,4,96,23.481370,13.856210,78.9681
6,100,3.0000,150,4,96,23.500960,13.985490,78.5925
6,100,3.0200,151,4,96,23.697150,14.099240,78.2130
6,100,3.0400,152,4,96,23.879380,14.220410,77.8295
6,100,3.0600,153,4,96,24.021190,14.342650,77.4422
6,100,3.0800,154,6,94,24.175410,14.473180,77.0509
6,100,3.1000,155,6,94,24.205450,14.605900,76.6556
6,100,3.1200,156,5,95,24.362690,14.736500,76.2565
6,100,3.1400,157,5,95,24.558870,14.857240,75.8534
6,100,3.1600,158,5,95,24.611460,14.949430,75.4464
6,100,3.1800,159,5,95,24.807650,15.063740,75.0355
6,100,3.2000,160,5,95,25.003840,15.180960,74.6207
6,100,3.2200,161,5,95,25.200030,15.292350,74.2019
6,100,3.2400,162,5,95,25.396220,15.422610,73.7792
6,100,3.2600,163,5,95,25.592410,15.526430,73.3526
6,100,3.2800,164,5,95,25.788600,15.525840,72.9221
6,100,3.3000,165,5,95,25.984790,15.599590,72.4876
6,100,3.3200,166,5,95,26.033050,15.560250,72.0493
6,100,3.3400,167,5,95,26.229240,15.389310,71.6070
6,100,3.3600,168,6,94,26.425420,15.504210,71.1607
6,100,3.3800,169,7,93,26.470070,15.552310,70.7106
6,100,3.4000,170,6,94,26.115670,15.419030,70.2565
6,100,3.4200,171,6,94,26.311860,15.381380,69.7985
6,100,3.4400,172,7,93,26.508050,15.472970,69.3366
6,100,3.4600,173,7,93,26.704240,14.744060,68.8707
6,100,3.4800,174,8,92,26.900420,14.882340,68.4010
6,100,3.5000,175,8,92,27.096610,14.541820,67.9273
6,100,3.5200,176,9,91,27.292800,14.586470,67.4496
6,100,3.5400,177,9,91,27.488990,14.696080,66.9681
6,100,3.5600,178,8,92,27.685180,14.742650,66.4826
6,100,3.5800,179,8,92,27.878660,14.826420,65.9932
6,100,3.6000,180,9,91,27.970820,14.927880,65.4999
6,100,3.6200,181,9,91,27.941680,15.019620,65.0027
6,100,3.6400,182,9,91,28.137880,15.095380,64.5015
6,100,3.6600,183,9,91,28.334080,15.202620,63.9964
6,100,3.6800,184,9,91,28.530280,15.308450,63.4874
6,100,3.7000,185,10,90,28.726470,15.402640,62.9745
6,100,3.7200,186,10,90,28.847750,15.462120,62.4576
6,100,3.7400,187,10,90,29.013190,15.571580,61.9368
6,100,3.7600,188,11,89,29.209390,15.590130,61.4121
6,100,3.7800,189,11,89,29.321870,15.415680,60.8835
6,100,3.8000,190,9,91,29.518060,14.897800,60.3509
6,100,3.8200,191,9,91,29.676940,14.894210,59.8145
6,100,3.8400,192,9,91,29.609600,14.706760,59.2740
6,100,3.8600,193,9,91,29.805780,14.722540,58.7297
6,100,3.8800,194,9,91,30.001960,14.819680,58.1815
6,100,3.9000,195,8,92,29.901620,14.170450,57.6293
6,100,3.9200,196,9,91,30.097810,13.886720,57.0732
6,100,3.9400,197,9,91,30.293990,13.932380,56.5132
6,100,3.9600,198,9,91,30.300280,14.010430,55.9492
6,100,3.9800,199,9,91,30.496470,14.078820,55.3813
6,100,4.0000,200,10,90,30.692670,14.164640,54.8095
6,100,4.0200,201,10,90,30.888850,14.218110,54.2338
6,100,4.0400,202,10,90,30.936120,14.294600,53.6542
6,100,4.0600,203,10,90,31.132320,14.340790,53.0706
6,100,4.0800,204,10,90,31.292640,14.388390,52.4831
6,100,4.1000,205,10,90,31.424410,14.432870,51.8917
6,100,4.1200,206,9,91,31.620610,14.454960,51.2964
6,100,4.1400,207,9,91,31.816810,14.528190,50.6971
6,100,4.1600,208,9,91,32.013010,14.596570,50.0939
6,100,4.1800,209,9,91,32.209210,14.643580,49.4868
6,100,4.2000,210,9,91,32.405410,14.703260,48.8758
6,100,4.2200,211,9,91,32.601610,14.658880,48.2608
6,100,4.2400,212,9,91,32.722350,14.428060,47.6419
6,100,4.2600,213,9,91,32.805210,13.085640,47.0191
6,100,4.2800,214,9,91,32.967100,12.784550,46.3924
6,100,4.3000,215,10,90,32.928740,12.556690,45.7617
6,100,4.3200,216,10,90,33.062600,12.090040,45.1271
6,100,4.3400,217,10,90,33.133720,11.886790,44.4886
6,100,4.3600,218,10,90,33.150070,11.753460,43.8462
6,100,4.3800,219,10,90,33.233700,11.715990,43.1999
6,100,4.4000,220,10,90,33.336030,11.649580,42.5496
6,100,4.4200,221,10,90,33.507080,11.704060,41.8954
6,100,4.4400,222,10,90,33.681180,11.752930,41.2373
6,100,4.4600,223,10,90,33.788160,11.830720,40.5752
6,100,4.4800,224,9,91,33.941230,11.887490,39.9092
6,100,4.5000,225,9,91,34.038810,11.928130,39.2393
6,100,4.5200,226,9,91,34.169190,11.990840,38.5655
6,100,4.5400,227,10,90,34.365390,12.054110,37.8878
6,100,4.5600,228,10,90,34.493690,12.125480,37.2061
6,100,4.5800,229,10,90,34.689900,12.175830,36.5205
6,100,4.6000,230,10,90,34.845280,12.257510,35.8310
6,100,4.6200,231,10,90,35.041480,12.316910,35.1376
6,100,4.6400,232,10,90,35.155620,12.384670,34.4402
6,100,4.6600,233,10,90,35.351820,12.417820,33.7389
6,100,4.6800,234,10,90,35.548020,12.454050,33.0337
6,100,4.7000,235,9,91,35.744220,12.432030,32.3246
6,100,4.7200,236,9,91,35.940420,12.511660,31.6115
6,100,4.7400,237,9,91,36.136620,12.578490,30.8945
6,100,4.7600,238,9,91,36.254080,12.526230,30.1736
6,100,4.7800,239,9,91,36.450280,12.333180,29.4488
6,100,4.8000,240,8,92,36.646480,12.247790,28.7200
6,100,4.8200,241,8,92,36.842680,11.789460,27.9873
6,100,4.8400,242,8,92,37.038880,11.284020,27.2507
6,100,4.8600,243,8,92,37.235080,10.436710,26.5102
6,100,4.8800,244,8,92,37.431290,9.407005,25.7657
6,100,4.9000,245,8,92,37.557910,8.315711,25.0174
6,100,4.9200,246,8,92,37.696910,7.741636,24.2651
6,100,4.9400,247,8,92,37.850720,7.433748,23.5088
6,100,4.9600,248,8,92,38.029130,6.434797,22.7487
6,100,4.9800,249,9,91,31.329630,6.366533,22.0554
6,100,5.0000,250,7,93,21.591170,6.260874,21.7149
6,100,5.0200,251,7,93,21.262320,5.747374,21.4614
6,100,5.0400,252,8,92,20.972190,4.897606,21.2299
6,100,5.0600,253,9,91,22.571080,4.675349,21.0027
6,100,5.0800,254,9,91,22.421650,4.663785,20.7863
6,100,5.1000,255,10,90,22.761000,4.668804,20.5696
6,100,5.1200,256,10,90,22.812060,4.630861,20.3379
6,100,5.1400,257,9,91,22.949890,4.629058,20.0922
6,100,5.1600,258,9,91,23.088900,4.610918,19.8357
6,100,5.1800,259,7,93,23.228730,4.604720,19.5750
6,100,5.2000,260,7,93,21.183590,4.558275,19.3103
6,100,5.2200,261,7,93,19.766730,4.345752,19.0418
6,100,5.2400,262,7,93,19.444420,4.114262,18.7693
6,100,5.2600,263,9,91,19.635910,4.023736,18.4929
6,100,5.2800,264,7,93,19.827490,4.035197,18.2126
6,100,5.3000,265,7,93,20.019170,4.051700,17.9284
6,100,5.3200,266,7,93,20.210930,4.064395,17.6402
6,100,5.3400,267,7,93,20.402780,4.086795,17.3481
6,100,5.3600,268,7,93,20.594700,4.110349,17.0521
6,100,5.3800,269,8,92,20.786710,4.116000,16.7522
6,100,5.4000,270,8,92,20.978800,4.113429,16.4483
6,100,5.4200,271,8,92,21.170960,4.054675,16.1405
6,100,5.4400,272,7,93,21.363190,4.016521,15.8288
6,100,5.4600,273,7,93,21.555500,4.040976,15.5132
6,100,5.4800,274,8,92,21.747870,4.039711,15.1936
6,100,5.5000,275,8,92,20.251890,3.783733,14.8701
6,100,5.5200,276,8,92,20.447390,3.750865,14.5427
6,100,5.5400,277,9,91,20.603050,3.728503,14.2114
6,100,5.5600,278,9,91,20.798820,3.750851,13.8761
6,100,5.5800,279,9,91,20.994590,3.771146,13.5370
6,100,5.6000,280,10,90,21.190370,3.795846,13.1939
6,100,5.6200,281,11,89,21.386150,3.650999,12.8468
6,100,5.6400,282,11,89,20.388500,3.553072,12.4959
6,100,5.6600,283,11,89,20.584050,3.498923,12.1410
6,100,5.6800,284,11,89,20.663630,3.389614,11.7822
6,100,5.7000,285,14,86,19.994770,3.207353,11.4195
6,100,5.7200,286,14,86,20.189970,3.178353,11.0529
6,100,5.7400,287,14,86,20.216600,3.008168,10.6823
6,100,5.7600,288,15,85,19.743070,2.944604,10.3078
6,100,5.7800,289,16,84,19.937650,2.840126,9.9294
6,100,5.8000,290,16,84,19.442170,2.585830,9.5470
6,100,5.8200,291,15,85,19.635120,2.480819,9.1608
6,100,5.8400,292,15,85,19.828140,2.402435,8.7706
6,100,5.8600,293,15,85,20.021210,2.376859,8.3765
6,100,5.8800,294,15,85,17.592650,2.320916,8.2227
6,100,5.9000,295,15,85,17.701910,2.309082,7.9684
6,100,5.9200,296,16,84,17.812670,2.214779,7.6917
6,100,5.9400,297,15,85,17.924890,2.157183,7.4110
6,100,5.9600,298,16,84,16.105440,2.051259,7.1263
6,100,5.9800,299,18,82,16.279060,2.038558,6.8378
6,100,6.0000,300,18,82,16.453200,1.941315,6.5453
6,100,6.0200,301,18,82,16.627820,1.816906,6.2489
6,100,6.0400,302,18,82,16.802920,1.796142,5.9486
6,100,6.0600,303,18,82,16.978490,1.775170,5.6444
6,100,6.0800,304,18,82,17.154500,1.764967,5.3362
6,100,6.1000,305,19,81,17.330940,1.664078,5.0241
6,100,6.1200,306,19,81,17.507800,1.561514,4.7605
6,100,6.1400,307,19,81,17.685070,1.443518,4.5030
6,100,6.1600,308,19,81,17.862740,1.362347,4.2457
6,100,6.1800,309,19,81,18.040790,1.354910,4.2259
6,100,6.2000,310,19,81,18.219220,1.365100,4.1962
6,100,6.2200,311,17,83,18.398000,1.345472,4.1567
6,100,6.2400,312,17,83,18.577140,1.345542,4.1090
6,100,6.2600,313,17,83,18.756620,1.332034,4.0550
6,100,6.2800,314,17,83,18.936430,1.294442,3.9971
6,100,6.3000,315,18,82,19.116560,1.282974,3.9353
6,100,6.3200,316,20,80,19.297000,1.239139,3.8695
6,100,6.3400,317,20,80,19.477750,1.230719,3.8020
6,100,6.3600,318,21,79,17.738520,1.174590,3.7356
6,100,6.3800,319,21,79,8.514144,1.013418,3.6665
6,100,6.4000,320,21,79,8.523140,0.999583,3.5935
6,100,6.4200,321,22,78,8.536636,0.938337,3.5166
6,100,6.4400,322,22,78,8.554612,0.920513,3.4357
6,100,6.4600,323,22,78,8.577040,0.901547,3.3509
6,100,6.4800,324,22,78,8.603885,0.898269,3.2622
6,100,6.5000,325,22,78,8.635104,0.887104,3.1696
6,100,6.5200,326,22,78,8.670652,0.895427,3.0730
6,100,6.5400,327,22,78,8.710476,0.878156,2.9725
6,100,6.5600,328,22,78,8.754517,0.851120,2.8681
6,100,6.5800,329,22,78,8.802711,0.854266,2.7598
6,100,6.6000,330,22,78,8.854991,0.826065,2.7187
6,100,6.6200,331,22,78,8.911285,0.804367,2.7100
6,100,6.6400,332,25,75,8.971518,0.805542,2.6977
6,100,6.6600,333,25,75,9.035609,0.801065,2.6806
6,100,6.6800,334,26,74,9.103479,0.786628,2.6871
6,100,6.7000,335,26,74,8.052639,0.748835,2.6997
6,100,6.7200,336,26,74,8.124141,0.674651,2.7109
6,100,6.7400,337,26,74,8.199715,0.632326,2.7189
6,100,6.7600,338,27,73,8.279248,0.598571,2.7257
6,100,6.7800,339,27,73,8.362630,0.594572,2.7334
6,100,6.8000,340,30,70,8.449745,0.592492,2.7388
6,100,6.8200,341,30,70,7.832683,0.560482,2.7409
6,100,6.8400,342,31,69,7.820833,0.560074,2.7392
6,100,6.8600,343,33,67,7.813893,0.512163,2.7335
6,100,6.8800,344,33,67,7.811876,0.514152,2.7239
6,100,6.9000,345,33,67,7.814786,0.503174,2.7103
6,100,6.9200,346,33,67,7.822617,0.475839,2.6929
6,100,6.9400,347,34,66,7.835355,0.436809,2.6715
6,100,6.9600,348,34,66,7.852975,0.426744,2.6461
6,100,6.9800,349,35,65,7.875446,0.419407,2.6169
6,100,7.0000,350,35,65,7.902725,0.402887,2.5837
6,100,7.0200,351,34,66,7.934763,0.407967,2.5467
6,100,7.0400,352,34,66,7.971503,0.406841,2.5056
6,100,7.0600,353,34,66,8.012879,0.403040,2.4607
6,100,7.0800,354,37,63,8.058822,0.407863,2.4119
6,100,7.1000,355,37,63,7.397785,0.381765,2.3591
6,100,7.1200,356,37,63,7.365945,0.388787,2.3024
6,100,7.1400,357,37,63,7.339214,0.374906,2.2417
6,100,7.1600,358,37,63,7.317648,0.376356,2.1772
6,100,7.1800,359,39,61,7.301291,0.377776,2.1087
6,100,7.2000,360,38,62,7.290181,0.382857,2.0363
6,100,7.2200,361,38,62,7.284340,0.375636,2.0066
6,100,7.2400,362,39,61,7.283781,0.371709,2.0023
6,100,7.2600,363,41,59,7.288505,0.338650,1.9875
6,100,7.2800,364,38,62,7.298503,0.339394,1.9661
6,100,7.3000,365,38,62,7.313752,0.335419,1.9409
6,100,7.3200,366,38,62,7.334220,0.338030,1.9117
6,100,7.3400,367,39,61,7.359863,0.325997,1.8786
6,100,7.3600,368,44,56,7.390627,0.323020,1.8416
6,100,7.3800,369,44,56,7.245432,0.318759,1.8007
6,100,7.4000,370,44,56,7.222764,0.301415,1.7558
6,100,7.4200,371,44,56,7.205370,0.288993,1.7070
6,100,7.4400,372,44,56,7.193288,0.286024,1.6621
6,100,7.4600,373,44,56,7.186543,0.283531,1.6619
6,100,7.4800,374,45,55,7.185152,0.257017,1.6609
6,100,7.5000,375,45,55,7.189116,0.249583,1.6588
6,100,7.5200,376,46,54,7.198429,0.249417,1.6632
6,100,7.5400,377,46,54,7.213068,0.251662,1.6693
6,100,7.5600,378,46,54,7.233001,0.252320,1.6807
6,100,7.5800,379,46,54,7.258184,0.256243,1.6978
6,100,7.6000,380,46,54,7.288565,0.256211,1.7147
6,100,7.6200,381,48,52,7.324077,0.244549,1.7296
6,100,7.6400,382,49,51,7.364646,0.245519,1.7426
6,100,7.6600,383,48,52,6.128303,0.207205,1.7539
6,100,7.6800,384,48,52,6.053813,0.206187,1.7638
6,100,7.7000,385,48,52,5.984829,0.206040,1.7725
6,100,7.7200,386,48,52,5.921546,0.205233,1.7801
6,100,7.7400,387,48,52,5.864148,0.199256,1.7869
6,100,7.7600,388,48,52,5.812808,0.196147,1.7929
6,100,7.7800,389,49,51,5.767688,0.195086,1.7981
6,100,7.8000,390,49,51,5.728936,0.182681,1.8026
6,100,7.8200,391,49,51,5.696681,0.182039,1.8065
6,100,7.8400,392,49,51,5.671035,0.173677,1.8099
6,100,7.8600,393,49,51,5.652087,0.166015,1.8127
6,100,7.8800,394,49,51,5.639904,0.166565,1.8152
6,100,7.9000,395,49,51,5.634531,0.167262,1.8171
6,100,7.9200,396,49,51,5.635988,0.168321,1.8186
6,100,7.9400,397,49,51,5.644269,0.165397,1.8198
6,100,7.9600,398,49,51,5.659343,0.162864,1.8206
6,100,7.9800,399,49,51,5.681157,0.163276,1.8209
6,100,8.0000,400,49,51,5.709633,0.163586,1.8210
6,100,8.0200,401,49,51,5.744673,0.159575,1.8207
6,100,8.0400,402,49,51,5.786157,0.160757,1.8199
6,100,8.0600,403,50,50,5.833948,0.163581,1.8188
6,100,8.0800,404,54,46,5.887893,0.155453,1.8174
6,100,8.1000,405,54,46,5.947823,0.139345,1.8155
6,100,8.1200,406,54,46,6.013559,0.128126,1.8132
6,100,8.1400,407,54,46,6.084915,0.129032,1.8104
6,100,8.1600,408,54,46,6.161694,0.129618,1.8072
6,100,8.1800,409,54,46,4.865626,0.118065,1.8034
6,100,8.2000,410,54,46,4.804883,0.119757,1.7989
6,100,8.2200,411,54,46,4.751470,0.121808,1.7938
6,100,8.2400,412,54,46,4.705637,0.124254,1.7880
6,100,8.2600,413,54,46,3.277107,0.113410,1.7814
6,100,8.2800,414,54,46,3.144842,0.115375,1.7738
6,100,8.3000,415,54,46,3.019540,0.111228,1.7653
6,100,8.3200,416,54,46,2.902102,0.112875,1.7557
6,100,8.3400,417,54,46,2.793522,0.114936,1.7449
6,100,8.3600,418,56,44,2.694869,0.116503,1.7328
6,100,8.3800,419,54,46,2.607271,0.108572,1.7191
6,100,8.4000,420,54,46,2.161346,0.094700,1.7039
6,100,8.4200,421,54,46,2.280293,0.097962,1.6869
6,100,8.4400,422,54,46,2.266521,0.100811,1.6680
6,100,8.4600,423,54,46,1.638755,0.078369,1.6469
6,100,8.4800,424,54,46,1.745301,0.073891,1.6235
6,100,8.5000,425,56,44,1.773960,0.078285,1.5994
6,100,8.5200,426,56,44,1.649795,0.077437,1.5815
6,100,8.5400,427,56,44,1.692208,0.079723,1.5799
6,100,8.5600,428,56,44,1.757521,0.086301,1.5799
6,100,8.5800,429,56,44,1.832638,0.088772,1.5799
6,100,8.6000,430,56,44,1.914465,0.085485,1.5799
6,100,8.6200,431,56,44,1.960244,0.078130,1.5799
6,100,8.6400,432,56,44,2.004810,0.071551,1.5799
6,100,8.6600,433,56,44,2.188902,0.065000,1.5799
6,100,8.6800,434,56,44,2.374934,0.065085,1.5799
6,100,8.7000,435,56,44,1.861594,0.054771,1.5799
6,100,8.7200,436,56,44,1.973717,0.057984,1.5799
6,100,8.7400,437,56,44,1.601861,0.055748,1.5799
6,100,8.7600,438,56,44,1.553851,0.057265,1.5799
6,100,8.7800,439,56,44,1.651956,0.059910,1.5800
6,100,8.8000,440,55,45,1.755208,0.053795,1.5800
6,100,8.8200,441,56,44,1.865205,0.045854,1.5800
6,100,8.8400,442,56,44,1.941329,0.046912,1.5800
6,100,8.8600,443,56,44,1.709739,0.043555,1.5800
6,100,8.8800,444,56,44,1.757034,0.039291,1.5800
6,100,8.9000,445,56,44,1.225832,0.025733,1.5800
6,100,8.9200,446,57,43,0.736041,0.018947,1.5800
6,100,8.9400,447,58,42,0.623745,0.016295,1.5800
6,100,8.9600,448,58,42,0.520403,0.013580,1.5800
6,100,8.9800,449,58,42,0.422785,0.011947,1.5800
6,100,9.0000,450,59,41,0.328197,0.011099,1.5800
6,100,9.0200,451,59,41,0.237306,0.010550,1.5800
6,100,9.0400,452,59,41,0.327033,0.011673,1.5800
6,100,9.0600,453,59,41,0.422133,0.012966,1.5800
6,100,9.0800,454,59,41,0.518533,0.015358,1.5800
6,100,9.1000,455,59,41,0.616512,0.018603,1.5800
6,100,9.1200,456,93,7,0.715989,0.018892,1.5800
6,100,9.1400,457,96,4,0.613645,0.018901,1.5800
6,100,9.1600,458,96,4,0.453119,0.011420,1.5800
6,100,9.1800,459,96,4,0.513374,0.010887,1.5800
6,100,9.2000,460,96,4,0.610781,0.012001,1.5800
6,100,9.2200,461,96,4,0.710351,0.014316,1.5800
6,100,9.2400,462,96,4,0.656751,0.013661,1.5800
6,100,9.2600,463,96,4,0.659634,0.008694,1.5800
6,100,9.2800,464,96,4,0.708126,0.008096,1.5800
6,100,9.3000,465,96,4,0.759386,0.007709,1.5800
6,100,9.3200,466,96,4,0.813323,0.009251,1.5800
6,100,9.3400,467,96,4,0.870682,0.009521,1.5800
6,100,9.3600,468,96,4,0.931052,0.009462,1.5800
6,100,9.3800,469,96,4,0.995257,0.010012,1.5800
6,100,9.4000,470,96,4,1.062686,0.010660,1.5800
6,100,9.4200,471,96,4,1.134469,0.011352,1.5800
6,100,9.4400,472,96,4,1.209735,0.012098,1.5800
6,100,9.4600,473,96,4,1.289926,0.012900,1.5800
6,100,9.4800,474,96,4,1.373620,0.013737,1.5800
6,100,9.5000,475,96,4,1.463085,0.014631,1.5800
6,100,9.5200,476,97,3,1.555626,0.015556,1.5800
6,100,9.5400,477,97,3,1.558031,0.015581,1.5800
6,100,9.5600,478,97,3,0.409174,0.004092,1.5800
6,100,9.5800,479,98,2,0.298106,0.002981,1.5800
6,100,9.6000,480,98,2,0.197105,0.001971,1.5800
6,100,9.6200,481,99,1,0.096162,0.000962,1.5800
6,100,9.6400,482,99,1,0.004221,0.000042,1.5800
6,100,9.6600,483,99,1,0.105191,0.001052,1.5800
6,100,9.6800,484,99,1,0.206453,0.002065,1.5800
6,100,9.7000,485,99,1,0.308311,0.003083,1.5800
6,100,9.7200,486,99,1,0.322948,0.003229,1.5800
6,100,9.7400,487,99,1,0.104523,0.001045,1.5800
6,100,9.7600,488,99,1,0.022862,0.000229,1.5800
6,100,9.7800,489,99,1,0.032478,0.000325,1.5800
6,100,9.8000,490,99,1,0.010247,0.000102,1.5800
6,100,9.8200,491,99,1,0.001438,0.000014,1.5800
6,100,9.8400,492,99,1,0.001156,0.000012,1.5800
6,100,9.8600,493,99,1,0.000559,0.000006,1.5800
6,100,9.8800,494,99,1,0.000086,0.000001,1.5800
6,100,9.9000,495,99,1,0.000025,0.000000,1.5800
6,100,9.9200,496,99,1,0.000018,0.000000,1.5800
6,100,9.9400,497,99,1,0.000008,0.000000,1.5800
6,100,9.9600,498,99,1,0.000007,0.000000,1.5800
6,100,9.9800,499,99,1,0.000011,0.000000,1.5800
6,100,10.0000,500,99,1,0.000005,0.000000,1.5800
6,100,10.0200,501,99,1,0.000005,0.000000,1.5800
6,100,10.0400,502,99,1,0.000004,0.000000,1.5800
6,100,10.0600,503,99,1,0.000000,0.000000,1.5800
6,100,10.0800,504,99,1,0.000000,0.000000,1.5800
6,100,10.1000,505,99,1,0.000000,0.000000,1.5800
6,100,10.1200,506,99,1,0.000000,0.000000,1.5800
6,100,10.1400,507,99,1,0.000000,0.000000,1.5800
6,100,10.1600,508,100,0,0.000000,0.000000,1.5800
7,100,0.0200,1,0,100,0.000000,0.000000,99.5000
7,100,0.0400,2,0,100,0.196200,0.182811,99.4961
7,100,0.0600,3,0,100,0.392400,0.357732,99.4882
7,100,0.0800,4,0,100,0.588600,0.525236,99.4765
7,100,0.1000,5,0,100,0.784800,0.685455,99.4608
7,100,0.1200,6,0,100,0.981000,0.838418,99.4411
7,100,0.1400,7,0,100,1.177198,0.984117,99.4176
7,100,0.1600,8,0,100,1.373387,1.122537,99.3901
7,100,0.1800,9,0,100,1.569528,1.253665,99.3587
7,100,0.2000,10,0,100,1.765466,1.377486,99.3234
7,100,0.2200,11,0,100,1.960923,1.493985,99.2842
7,100,0.2400,12,0,100,2.155359,1.603154,99.2411
7,100,0.2600,13,0,100,2.347874,1.704988,99.1941
7,100,0.2800,14,0,100,2.537260,1.799491,99.1433
7,100,0.3000,15,0,100,2.721783,1.886734,99.0888
7,100,0.3200,16,0,100,2.899628,1.966550,99.0307
7,100,0.3400,17,0,100,3.068796,2.038996,98.9691
7,100,0.3600,18,0,100,3.227127,2.106846,98.9044
7,100,0.3800,19,0,100,3.372470,2.173533,98.8367
7,100,0.4000,20,0,100,3.503020,2.230959,98.7664
7,100,0.4200,21,0,100,3.616914,2.280300,98.6937
7,100,0.4400,22,0,100,3.712996,2.322470,98.6191
7,100,0.4600,23,0,100,3.790072,2.358359,98.5429
7,100,0.4800,24,0,100,3.847872,2.387629,98.4656
7,100,0.5000,25,0,100,3.885921,2.410257,98.3874
7,100,0.5200,26,0,100,3.904477,2.425435,98.3089
7,100,0.5400,27,0,100,3.904279,2.433730,98.2305
7,100,0.5600,28,0,100,3.886280,2.435643,98.1524
7,100,0.5800,29,0,100,3.851833,2.433047,98.0750
7,100,0.6000,30,0,100,3.802627,2.425958,97.9987
7,100,0.6200,31,0,100,3.740833,2.414605,97.9236
7,100,0.6400,32,0,100,3.668463,2.397974,97.8501
7,100,0.6600,33,0,100,3.587686,2.385813,97.7782
7,100,0.6800,34,0,100,3.500809,2.372599,97.7082
7,100,0.7000,35,0,100,3.409679,2.352944,97.6400
7,100,0.7200,36,0,100,3.315359,2.334086,97.5737
7,100,0.7400,37,0,100,3.218233,2.322704,97.5095
7,100,0.7600,38,0,100,3.117897,2.373953,97.4472
7,100,0.7800,39,0,100,3.013828,2.347685,97.3870
7,100,0.8000,40,0,100,2.905133,2.327829,97.3291
7,100,0.8200,41,0,100,2.869382,2.317737,97.2734
7,100,0.8400,42,0,100,3.062344,2.360844,97.2201
7,100,0.8600,43,0,100,3.317363,2.383262,97.1692
7,100,0.8800,44,0,100,3.685377,2.400273,97.1208
7,100,0.9000,45,0,100,4.958224,2.484744,97.0749
7,100,0.9200,46,0,100,4.762742,2.549197,97.0314
7,100,0.9400,47,0,100,6.192484,2.684720,96.9902
7,100,0.9600,48,0,100,7.389114,2.875638,96.9509
7,100,0.9800,49,0,100,8.390277,3.080477,96.9135
7,100,1.0000,50,0,100,8.795734,3.256407,96.8775
7,100,1.0200,51,0,100,8.941362,3.413510,96.8426
7,100,1.0400,52,0,100,9.088893,3.560657,96.8084
7,100,1.0600,53,0,100,9.238235,3.711522,96.7744
7,100,1.0800,54,0,100,9.389302,3.865286,96.7401
7,100,1.1000,55,0,100,9.542011,4.021996,96.7050
7,100,1.1200,56,0,100,9.696285,4.180826,96.6684
7,100,1.1400,57,0,100,9.852051,4.341244,96.6297
7,100,1.1600,58,0,100,10.009240,4.503161,96.5883
7,100,1.1800,59,0,100,10.167780,4.666880,96.5433
7,100,1.2000,60,0,100,10.327620,4.832371,96.4943
7,100,1.2200,61,0,100,10.488690,4.999631,96.4412
7,100,1.2400,62,0,100,10.650940,5.168141,96.3839
7,100,1.2600,63,0,100,10.814320,5.338012,96.3226
7,100,1.2800,64,0,100,10.978770,5.509255,96.2575
7,100,1.3000,65,0,100,11.144250,5.681675,96.1884
7,100,1.3200,66,0,100,11.310710,5.855161,96.1153
7,100,1.3400,67,0,100,11.478110,6.029186,96.0384
7,100,1.3600,68,0,100,11.646410,6.200936,95.9575
7,100,1.3800,69,0,100,11.815570,6.375022,95.8727
7,100,1.4000,70,0,100,11.985560,6.550442,95.7839
7,100,1.4200,71,0,100,12.156330,6.727054,95.6913
7,100,1.4400,72,0,100,12.327860,6.904566,95.5947
7,100,1.4600,73,0,100,12.500120,7.083549,95.4942
7,100,1.4800,74,0,100,12.673070,7.263235,95.3897
7,100,1.5000,75,0,100,12.846690,7.443144,95.2814
7,100,1.5200,76,0,100,13.020960,7.623317,95.1691
7,100,1.5400,77,0,100,13.195840,7.803585,95.0529
7,100,1.5600,78,0,100,13.371310,7.985046,94.9328
7,100,1.5800,79,0,100,13.547340,8.166958,94.8087
7,100,1.6000,80,0,100,13.723930,8.349392,94.6807
7,100,1.6200,81,0,100,13.901040,8.532346,94.5488
7,100,1.6400,82,0,100,14.078660,8.715403,94.4130
7,100,1.6600,83,0,100,14.256770,8.898640,94.2733
7,100,1.6800,84,0,100,14.435340,9.081653,94.1296
7,100,1.7000,85,0,100,14.614370,9.265303,93.9820
7,100,1.7200,86,0,100,14.793830,9.449523,93.8305
7,100,1.7400,87,0,100,14.973710,9.633896,93.6750
7,100,1.7600,88,0,100,15.154000,9.819060,93.5156
7,100,1.7800,89,0,100,15.334670,10.004480,93.3523
7,100,1.8000,90,0,100,15.515730,10.190150,93.1851
7,100,1.8200,91,0,100,15.697150,10.375800,93.0140
7,100,1.8400,92,0,100,15.878920,10.562170,92.8389
7,100,1.8600,93,0,100,16.061030,10.748940,92.6599
7,100,1.8800,94,0,100,16.243470,10.935990,92.4770
7,100,1.9000,95,0,100,16.426220,11.123350,92.2902
7,100,1.9200,96,0,100,16.609290,11.311010,92.0994
7,100,1.9400,97,0,100,16.792640,11.498960,91.9047
7,100,1.9600,98,0,100,16.976290,11.687180,91.7061
7,100,1.9800,99,0,100,17.160210,11.875650,91.5036
7,100,2.0000,100,0,100,17.344400,12.064360,91.2971
7,100,2.0200,101,0,100,17.528860,12.253290,91.0867
7,100,2.0400,102,0,100,17.713560,12.442440,90.8724
7,100,2.0600,103,0,100,17.898510,12.631340,90.6542
7,100,2.0800,104,0,100,18.083700,12.820320,90.4320
7,100,2.1000,105,0,100,18.269120,13.009070,90.2060
7,100,2.1200,106,0,100,18.454760,13.198890,89.9760
7,100,2.1400,107,0,100,18.640610,13.389070,89.7420
7,100,2.1600,108,0,100,18.826680,13.579440,89.5042
7,100,2.1800,109,0,100,19.012950,13.733750,89.2624
7,100,2.2000,110,0,100,19.199410,13.888920,89.0167
7,100,2.2200,111,0,100,19.386070,14.077570,88.7671
7,100,2.2400,112,0,100,19.572920,14.212800,88.5135
7,100,2.2600,113,0,100,19.759950,14.158960,88.2561
7,100,2.2800,114,0,100,19.947150,14.332230,87.9947
7,100,2.3000,115,0,100,20.134530,14.497730,87.7294
7,100,2.3200,116,0,100,20.322070,14.665140,87.4601
7,100,2.3400,117,0,100,20.509770,14.734580,87.1870
7,100,2.3600,118,0,100,20.697630,14.913360,86.9099
7,100,2.3800,119,0,100,20.885640,14.961610,86.6289
7,100,2.4000,120,0,100,21.073810,15.007620,86.3439
7,100,2.4200,121,0,100,21.262120,15.100990,86.0551
7,100,2.4400,122,0,100,21.450570,15.133790,85.7623
7,100,2.4600,123,0,100,21.639160,15.223010,85.4656
7,100,2.4800,124,0,100,21.499780,15.193010,85.1649
7,100,2.5000,125,0,100,21.695630,15.169200,84.8604
7,100,2.5200,126,0,100,21.891490,14.972910,84.5519
7,100,2.5400,127,0,100,22.087350,14.795700,84.2395
7,100,2.5600,128,0,100,22.283220,14.896900,83.9231
7,100,2.5800,129,0,100,22.479090,14.899840,83.6029
7,100,2.6000,130,0,100,22.674970,14.891000,83.2787
7,100,2.6200,131,0,100,22.640700,14.744690,82.9506
7,100,2.6400,132,0,100,22.836000,14.840740,82.6186
7,100,2.6600,133,0,100,23.031320,14.390480,82.2826
7,100,2.6800,134,0,100,23.226660,13.902390,81.9428
7,100,2.7000,135,0,100,23.419840,14.020870,81.5990
7,100,2.7200,136,0,100,23.006280,14.131660,81.2512
7,100,2.7400,137,0,100,23.201370,14.196890,80.8996
7,100,2.7600,138,0,100,23.396470,14.331210,80.5440
7,100,2.7800,139,0,100,23.591600,14.367760,80.1845
7,100,2.8000,140,0,100,23.786750,14.499820,79.8211
7,100,2.8200,141,0,100,23.981910,14.604750,79.4538
7,100,2.8400,142,0,100,23.797810,14.681740,79.0825
7,100,2.8600,143,0,100,23.993620,14.596470,78.7073
7,100,2.8800,144,0,100,24.189430,14.570810,78.3282
7,100,2.9000,145,0,100,24.338070,14.533820,77.9452
7,100,2.9200,146,0,100,24.534070,14.494070,77.5582
7,100,2.9400,147,0,100,24.730080,14.545250,77.1673
7,100,2.9600,148,0,100,24.804840,14.610920,76.7725
7,100,2.9800,149,0,100,24.959300,14.372180,76.3738
7,100,3.0000,150,0,100,25.039400,14.421320,75.9711
7,100,3.0200,151,0,100,25.235580,14.297590,75.5645
7,100,3.0400,152,1,99,25.065210,14.157880,75.1540
7,100,3.0600,153,0,100,25.261410,14.222150,74.7396
7,100,3.0800,154,0,100,25.306840,14.185410,74.3212
7,100,3.1000,155,0,100,25.021780,14.238870,73.8990
7,100,3.1200,156,1,99,25.217960,14.353780,73.4728
7,100,3.1400,157,1,99,25.275510,14.464050,73.0426
7,100,3.1600,158,1,99,25.471700,14.584430,72.6086
7,100,3.1800,159,1,99,25.667890,14.679710,72.1706
7,100,3.2000,160,1,99,25.785420,14.787820,71.7287
7,100,3.2200,161,1,99,25.807840,14.898070,71.2829
7,100,3.2400,162,1,99,26.004010,15.013480,70.8331
7,100,3.2600,163,1,99,26.200180,15.132630,70.3795
7,100,3.2800,164,1,99,26.396350,15.235800,69.9219
7,100,3.3000,165,1,99,26.592520,15.363840,69.4604
7,100,3.3200,166,2,98,26.788690,15.473760,68.9949
7,100,3.3400,167,3,97,26.984860,15.602280,68.5256
7,100,3.3600,168,3,97,27.056170,15.717560,68.0523
7,100,3.3800,169,6,94,27.252310,15.623330,67.5751
7,100,3.4000,170,6,94,27.295240,15.721230,67.0939
7,100,3.4200,171,6,94,27.491330,15.592970,66.6089
7,100,3.4400,172,6,94,27.615810,15.495160,66.1199
7,100,3.4600,173,6,94,27.572170,15.506700,65.6270
7,100,3.4800,174,6,94,27.768310,15.587710,65.1301
7,100,3.5000,175,6,94,27.964450,15.683250,64.6294
7,100,3.5200,176,6,94,28.160590,15.752560,64.1247
7,100,3.5400,177,6,94,28.356730,15.575870,63.6161
7,100,3.5600,178,6,94,28.552870,15.134230,63.1035
7,100,3.5800,179,7,93,28.748030,14.928490,62.5871
7,100,3.6000,180,8,92,28.822430,14.888720,62.0667
7,100,3.6200,181,8,92,28.865060,14.963930,61.5424
7,100,3.6400,182,8,92,28.994340,15.047200,61.0142
7,100,3.6600,183,7,93,29.190530,15.117560,60.4820
7,100,3.6800,184,7,93,29.293110,15.175130,59.9460
7,100,3.7000,185,7,93,29.489300,15.215510,59.4060
7,100,3.7200,186,6,94,29.685480,15.279550,58.8620
7,100,3.7400,187,6,94,29.881660,15.257330,58.3142
7,100,3.7600,188,6,94,30.043930,14.898950,57.7624
7,100,3.7800,189,6,94,30.017010,14.693520,57.2067
7,100,3.8000,190,6,94,30.213190,14.610220,56.6471
7,100,3.8200,191,6,94,30.409380,14.364570,56.0836
7,100,3.8400,192,6,94,30.496440,14.267520,55.5161
7,100,3.8600,193,6,94,30.462560,14.267980,54.9447
7,100,3.8800,194,6,94,30.658750,14.304890,54.3694
7,100,3.9000,195,5,95,30.786120,14.380310,53.7902
7,100,3.9200,196,5,95,30.842470,14.463350,53.2070
7,100,3.9400,197,5,95,31.038660,14.545580,52.6199
7,100,3.9600,198,5,95,31.234850,14.605360,52.0289
7,100,3.9800,199,5,95,31.431040,14.562930,51.4340
7,100,4.0000,200,5,95,31.565640,14.647480,50.8351
7,100,4.0200,201,5,95,31.761820,14.732410,50.2323
7,100,4.0400,202,5,95,31.825090,14.790640,49.6256
7,100,4.0600,203,5,95,32.021280,14.780860,49.0150
7,100,4.0800,204,5,95,32.137820,14.784160,48.4005
7,100,4.1000,205,5,95,32.334010,14.312380,47.7820
7,100,4.1200,206,5,95,32.530220,13.988540,47.1596
7,100,4.1400,207,4,96,32.726410,13.808470,46.5333
7,100,4.1600,208,4,96,32.807660,13.853050,45.9030
7,100,4.1800,209,4,96,33.003860,13.824820,45.2688
7,100,4.2000,210,4,96,33.200060,13.838690,44.6307
7,100,4.2200,211,4,96,33.337080,13.895440,43.9887
7,100,4.2400,212,4,96,33.434970,13.893560,43.3428
7,100,4.2600,213,4,96,33.631170,13.837620,42.6929
7,100,4.2800,214,5,95,33.827370,13.811240,42.0391
7,100,4.3000,215,5,95,34.023570,13.663440,41.3814
7,100,4.3200,216,5,95,34.142680,13.288770,40.7197
7,100,4.3400,217,6,94,34.338870,12.812840,40.0542
7,100,4.3600,218,6,94,34.414560,12.393910,39.3847
7,100,4.3800,219,6,94,34.526280,12.072790,38.7113
7,100,4.4000,220,6,94,34.571610,12.023180,38.0339
7,100,4.4200,221,6,94,34.767810,11.987340,37.3527
7,100,4.4400,222,6,94,34.931310,11.862270,36.6675
7,100,4.4600,223,6,94,35.070590,11.667890,35.9784
7,100,4.4800,224,6,94,35.170100,11.708750,35.2853
7,100,4.5000,225,6,94,35.366310,11.731560,34.5884
7,100,4.5200,226,7,93,35.499100,11.749630,33.8875
7,100,4.5400,227,7,93,35.666440,11.751020,33.1827
7,100,4.5600,228,7,93,35.785020,11.651290,32.4740
7,100,4.5800,229,7,93,35.981220,11.589800,31.7613
7,100,4.6000,230,7,93,36.134250,11.572930,31.0447
7,100,4.6200,231,7,93,36.279050,11.572780,30.3242
7,100,4.6400,232,7,93,36.475250,11.472820,29.5998
7,100,4.6600,233,7,93,36.613990,10.449240,28.8715
7,100,4.6800,234,7,93,36.810200,9.981040,28.1392
7,100,4.7000,235,7,93,36.944460,9.295028,27.4030
7,100,4.7200,236,7,93,37.084300,8.786267,26.6629
7,100,4.7400,237,7,93,37.257680,8.645268,25.9188
7,100,4.7600,238,7,93,37.417020,8.070169,25.1709
7,100,4.7800,239,7,93,37.604050,7.257446,24.4190
7,100,4.8000,240,7,93,28.807870,7.132889,23.7686
7,100,4.8200,241,7,93,25.850220,7.075945,23.3266
7,100,4.8400,242,7,93,30.270070,6.948501,22.9219
7,100,4.8600,243,8,92,28.727730,6.599794,22.7695
7,100,4.8800,244,8,92,28.511760,6.662951,22.5828
7,100,4.9000,245,7,93,28.099300,6.619256,22.3090
7,100,4.9200,246,5,95,28.212170,6.574448,22.0033
7,100,4.9400,247,7,93,23.912890,6.351154,21.6937
7,100,4.9600,248,7,93,24.025760,6.205637,21.3801
7,100,4.9800,249,7,93,24.085580,6.149731,21.0627
7,100,5.0000,250,5,95,24.146840,6.138278,20.7413
7,100,5.0200,251,5,95,24.245230,6.156095,20.4159
7,100,5.0400,252,4,96,24.439420,5.937565,20.0867
7,100,5.0600,253,4,96,24.633650,5.898488,19.7535
7,100,5.0800,254,6,94,24.827910,5.659523,19.4164
7,100,5.1000,255,4,96,25.022200,5.565763,19.0754
7,100,5.1200,256,4,96,24.544130,5.556396,18.7305
7,100,5.1400,257,4,96,23.932160,5.580170,18.3816
7,100,5.1600,258,4,96,24.117610,5.600821,18.0378
7,100,5.1800,259,4,96,24.145890,5.245784,17.7351
7,100,5.2000,260,4,96,24.339640,4.958643,17.4285
7,100,5.2200,261,4,96,21.922030,4.744108,17.1180
7,100,5.2400,262,4,96,22.046170,4.595907,16.8035
7,100,5.2600,263,5,95,22.171350,4.559559,16.4852
7,100,5.2800,264,5,95,22.297550,4.490459,16.1628
7,100,5.3000,265,5,95,22.424760,4.343268,15.8366
7,100,5.3200,266,5,95,22.552960,4.343293,15.5065
7,100,5.3400,267,5,95,22.682130,4.334173,15.1724
7,100,5.3600,268,5,95,22.812260,4.089623,14.8344
7,100,5.3800,269,5,95,22.943330,3.968450,14.4924
7,100,5.4000,270,5,95,23.075320,3.939107,14.1466
7,100,5.4200,271,5,95,22.020760,3.885935,13.7968
7,100,5.4400,272,5,95,22.093540,3.744741,13.4431
7,100,5.4600,273,5,95,22.022140,3.746277,13.0855
7,100,5.4800,274,5,95,22.205620,3.662351,12.7239
7,100,5.5000,275,5,95,22.389320,3.677514,12.3585
7,100,5.5200,276,5,95,22.573230,3.577341,11.9891
7,100,5.5400,277,6,94,22.757350,3.526283,11.6157
7,100,5.5600,278,5,95,22.941660,3.379095,11.2385
7,100,5.5800,279,5,95,23.126170,3.189625,10.8573
7,100,5.6000,280,5,95,23.310870,2.998116,10.4722
7,100,5.6200,281,5,95,23.495760,2.938220,10.0832
7,100,5.6400,282,5,95,23.680830,2.862712,9.6903
7,100,5.6600,283,6,94,23.866080,2.851438,9.2934
7,100,5.6800,284,6,94,24.051500,2.852868,8.8926
7,100,5.7000,285,6,94,24.237090,2.631047,8.4879
7,100,5.7200,286,6,94,24.422850,2.582816,8.0793
7,100,5.7400,287,9,91,24.608770,2.575484,7.6667
7,100,5.7600,288,9,91,24.794850,2.528971,7.2502
7,100,5.7800,289,9,91,24.981080,2.449538,6.8298
7,100,5.8000,290,9,91,25.167460,2.394375,6.4055
7,100,5.8200,291,9,91,25.353990,2.384272,5.9772
7,100,5.8400,292,9,91,25.540670,2.305504,5.5451
7,100,5.8600,293,10,90,25.727490,2.200134,5.1090
7,100,5.8800,294,10,90,25.914450,2.137275,4.6689
7,100,5.9000,295,10,90,26.101540,2.088354,4.2250
7,100,5.9200,296,10,90,26.288760,2.076977,3.7771
7,100,5.9400,297,10,90,22.675520,2.026210,3.3253
7,100,5.9600,298,10,90,22.870990,1.971619,2.9668
7,100,5.9800,299,11,89,17.022820,1.769638,2.9554
7,100,6.0000,300,11,89,8.779159,1.586130,2.9401
7,100,6.0200,301,14,86,8.907036,1.567437,2.9209
7,100,6.0400,302,14,86,9.037363,1.555016,2.8977
7,100,6.0600,303,14,86,9.170035,1.526904,2.8707
7,100,6.0800,304,14,86,7.436297,1.461983,2.8397
7,100,6.1000,305,13,87,7.409604,1.392321,2.8047
7,100,6.1200,306,13,87,7.388027,1.316697,2.7659
7,100,6.1400,307,13,87,7.371611,1.271713,2.7231
7,100,6.1600,308,14,86,7.360389,1.261521,2.6764
7,100,6.1800,309,15,85,7.354387,1.207530,2.6733
7,100,6.2000,310,15,85,7.353616,1.168278,2.6648
7,100,6.2200,311,16,84,7.358079,1.139508,2.6491
7,100,6.2400,312,16,84,7.367765,1.052092,2.6291
7,100,6.2600,313,16,84,7.382656,0.976083,2.6054
7,100,6.2800,314,16,84,7.402717,0.964079,2.5775
7,100,6.3000,315,16,84,7.427909,0.952620,2.5459
7,100,6.3200,316,16,84,7.458179,0.913222,2.5475
7,100,6.3400,317,17,83,7.493465,0.909646,2.5517
7,100,6.3600,318,17,83,7.533697,0.901952,2.5559
7,100,6.3800,319,23,77,7.578796,0.893140,2.5581
7,100,6.4000,320,23,77,7.628677,0.841093,2.5582
7,100,6.4200,321,23,77,7.683245,0.819242,2.5564
7,100,6.4400,322,23,77,7.742402,0.776810,2.5525
7,100,6.4600,323,25,75,7.806043,0.779502,2.5485
7,100,6.4800,324,25,75,7.874060,0.768493,2.5445
7,100,6.5000,325,25,75,7.946340,0.748681,2.5405
7,100,6.5200,326,25,75,8.022767,0.714058,2.5366
7,100,6.5400,327,26,74,8.103226,0.693967,2.5329
7,100,6.5600,328,27,73,8.187596,0.682989,2.5299
7,100,6.5800,329,26,74,8.275759,0.688310,2.5267
7,100,6.6000,330,26,74,8.367594,0.681893,2.5232
7,100,6.6200,331,26,74,6.902152,0.654527,2.5198
7,100,6.6400,332,27,73,6.882179,0.660136,2.5165
7,100,6.6600,333,27,73,6.867755,0.646462,2.5134
7,100,6.6800,334,27,73,6.858916,0.630369,2.5102
7,100,6.7000,335,28,72,6.855682,0.609390,2.5067
7,100,6.7200,336,29,71,6.858063,0.617809,2.5029
7,100,6.7400,337,29,71,6.866051,0.630273,2.4993
7,100,6.7600,338,30,70,6.879628,0.624119,2.4987
7,100,6.7800,339,30,70,6.955489,0.623992,2.4991
7,100,6.8000,340,30,70,6.903459,0.556228,2.5001
7,100,6.8200,341,25,75,6.910732,0.509309,2.5012
7,100,6.8400,342,30,70,6.923559,0.488143,2.5037
7,100,6.8600,343,30,70,6.941910,0.468481,2.5055
7,100,6.8800,344,30,70,6.965741,0.472836,2.5070
7,100,6.9000,345,36,64,6.994997,0.451156,2.5082
7,100,6.9200,346,30,70,5.876496,0.419502,2.5092
7,100,6.9400,347,30,70,5.817484,0.402618,2.5097
7,100,6.9600,348,30,70,5.764550,0.397192,2.5092
7,100,6.9800,349,30,70,5.717861,0.396811,2.5079
7,100,7.0000,350,32,68,5.677571,0.393799,2.5064
7,100,7.0200,351,32,68,5.643819,0.384575,2.5046
7,100,7.0400,352,34,66,5.616721,0.373435,2.5025
7,100,7.0600,353,34,66,5.596375,0.374937,2.5003
7,100,7.0800,354,35,65,5.582853,0.335647,2.4999
7,100,7.1000,355,35,65,5.576207,0.331953,2.5000
7,100,7.1200,356,35,65,5.576460,0.324527,2.5006
7,100,7.1400,357,38,62,5.583611,0.316642,2.5009
7,100,7.1600,358,38,62,5.597634,0.312414,2.5009
7,100,7.1800,359,38,62,5.618478,0.312933,2.5006
7,100,7.2000,360,38,62,5.646067,0.315800,2.5004
7,100,7.2200,361,38,62,5.680303,0.299672,2.5002
7,100,7.2400,362,38,62,5.721066,0.299546,2.5000
7,100,7.2600,363,38,62,5.768217,0.297563,2.4999
7,100,7.2800,364,38,62,5.821603,0.302588,2.4998
7,100,7.3000,365,38,62,5.881052,0.296879,2.4997
7,100,7.3200,366,38,62,4.730155,0.287074,2.4997
7,100,7.3400,367,44,56,4.683145,0.247441,2.4997
7,100,7.3600,368,44,56,4.643955,0.230788,2.4997
7,100,7.3800,369,44,56,4.612785,0.221744,2.4997
7,100,7.4000,370,44,56,4.589797,0.205274,2.4998
7,100,7.4200,371,44,56,4.575116,0.199645,2.4998
7,100,7.4400,372,44,56,4.568820,0.200430,2.4999
7,100,7.4600,373,45,55,4.570944,0.202514,2.4999
7,100,7.4800,374,45,55,4.581478,0.206501,2.5000
7,100,7.5000,375,45,55,4.600363,0.208388,2.5000
7,100,7.5200,376,45,55,4.627497,0.171150,2.5000
7,100,7.5400,377,45,55,4.662735,0.159842,2.5000
7,100,7.5600,378,45,55,4.097495,0.152033,2.4999
7,100,7.5800,379,45,55,4.035009,0.140763,2.4999
7,100,7.6000,380,45,55,3.981221,0.135076,2.4999
7,100,7.6200,381,46,54,3.936487,0.122038,2.4999
7,100,7.6400,382,47,53,3.901119,0.118584,2.4999
7,100,7.6600,383,47,53,3.875374,0.121329,2.4999
7,100,7.6800,384,48,52,3.859443,0.113747,2.4999
7,100,7.7000,385,49,51,3.853449,0.114568,2.4999
7,100,7.7200,386,49,51,3.857438,0.117824,2.4999
7,100,7.7400,387,51,49,3.871379,0.111813,2.4999
7,100,7.7600,388,51,49,3.895165,0.108160,2.4999
7,100,7.7800,389,51,49,3.928617,0.106243,2.4999
7,100,7.8000,390,58,42,3.971491,0.108229,2.4999
7,100,7.8200,391,58,42,4.023487,0.099228,2.4999
7,100,7.8400,392,58,42,4.084254,0.103153,2.4999
7,100,7.8600,393,58,42,4.153409,0.106972,2.4999
7,100,7.8800,394,58,42,3.227835,0.094589,2.4999
7,100,7.9000,395,58,42,3.182756,0.090860,2.4999
7,100,7.9200,396,58,42,3.149276,0.077217,2.4999
7,100,7.9400,397,58,42,3.127768,0.076661,2.4999
7,100,7.9600,398,58,42,3.118479,0.074701,2.4999
7,100,7.9800,399,58,42,3.121520,0.074342,2.4999
7,100,8.0000,400,58,42,3.136853,0.073840,2.4999
7,100,8.0200,401,58,42,3.164300,0.075244,2.4999
7,100,8.0400,402,59,41,3.203550,0.073524,2.4999
7,100,8.0600,403,59,41,3.254175,0.072787,2.4999
7,100,8.0800,404,59,41,3.315655,0.071693,2.4999
7,100,8.1000,405,59,41,3.387399,0.074146,2.4999
7,100,8.1200,406,59,41,3.468770,0.074251,2.4999
7,100,8.1400,407,59,41,3.559108,0.069750,2.4999
7,100,8.1600,408,59,41,3.657748,0.062125,2.4999
7,100,8.1800,409,59,41,1.678245,0.041697,2.4999
7,100,8.2000,410,61,39,1.606169,0.032616,2.4999
7,100,8.2200,411,61,39,1.535041,0.029221,2.4999
7,100,8.2400,412,61,39,1.465246,0.028505,2.4999
7,100,8.2600,413,61,39,1.401613,0.027821,2.4999
7,100,8.2800,414,62,38,1.341376,0.028409,2.4999
7,100,8.3000,415,62,38,1.287939,0.029305,2.4999
7,100,8.3200,416,63,37,1.238720,0.030361,2.4999
7,100,8.3400,417,63,37,1.195138,0.031357,2.4999
7,100,8.3600,418,63,37,1.155756,0.028335,2.4999
7,100,8.3800,419,63,37,1.121548,0.027807,2.4999
7,100,8.4000,420,63,37,1.091463,0.028207,2.4999
7,100,8.4200,421,63,37,1.066228,0.028732,2.4999
7,100,8.4400,422,63,37,1.045036,0.025415,2.4999
7,100,8.4600,423,63,37,1.078374,0.024178,2.4999
7,100,8.4800,424,63,37,1.130647,0.025163,2.4999
7,100,8.5000,425,63,37,1.195668,0.025330,2.4999
7,100,8.5200,426,63,37,1.259825,0.025530,2.4999
7,100,8.5400,427,64,36,1.328092,0.026333,2.4999
7,100,8.5600,428,64,36,1.393663,0.026978,2.4999
7,100,8.5800,429,65,35,1.464027,0.027753,2.4999
7,100,8.6000,430,66,34,1.549937,0.028705,2.4999
7,100,8.6200,431,66,34,1.644923,0.029807,2.4999
7,100,8.6400,432,66,34,1.242868,0.026938,2.4999
7,100,8.6600,433,67,33,1.092999,0.023486,2.4999
7,100,8.6800,434,67,33,1.123205,0.022366,2.4999
7,100,8.7000,435,67,33,1.157646,0.021200,2.4999
7,100,8.7200,436,67,33,1.197066,0.020109,2.4999
7,100,8.7400,437,67,33,1.240853,0.020299,2.4999
7,100,8.7600,438,68,32,1.289934,0.020221,2.4999
7,100,8.7800,439,68,32,1.343508,0.020413,2.4999
7,100,8.8000,440,68,32,1.402763,0.020590,2.4999
7,100,8.8200,441,68,32,1.466589,0.020928,2.4999
7,100,8.8400,442,68,32,1.536575,0.021308,2.4999
7,100,8.8600,443,68,32,1.611083,0.021828,2.4999
7,100,8.8800,444,68,32,1.691637,0.022384,2.4999
7,100,8.9000,445,68,32,1.777851,0.023001,2.4999
7,100,8.9200,446,97,3,1.869804,0.020929,2.4999
7,100,8.9400,447,97,3,1.829239,0.020173,2.4999
7,100,8.9600,448,97,3,0.555393,0.007287,2.4999
7,100,8.9800,449,97,3,0.467700,0.006290,2.4999
7,100,9.0000,450,97,3,0.367645,0.005075,2.4999
7,100,9.0200,451,97,3,0.267650,0.003963,2.4999
7,100,9.0400,452,97,3,0.168703,0.002765,2.4999
7,100,9.0600,453,97,3,0.078781,0.001580,2.4999
7,100,9.0800,454,97,3,0.060720,0.000982,2.4999
7,100,9.1000,455,97,3,0.125829,0.001786,2.4999
7,100,9.1200,456,97,3,0.224236,0.002672,2.4999
7,100,9.1400,457,97,3,0.323350,0.003457,2.4999
7,100,9.1600,458,97,3,0.423515,0.004370,2.4999
7,100,9.1800,459,97,3,0.525007,0.005418,2.4999
7,100,9.2000,460,97,3,0.401386,0.004292,2.4999
7,100,9.2200,461,97,3,0.077851,0.001151,2.4999
7,100,9.2400,462,97,3,0.042595,0.000736,2.4999
7,100,9.2600,463,97,3,0.074529,0.001335,2.4999
7,100,9.2800,464,97,3,0.096855,0.001340,2.4999
7,100,9.3000,465,97,3,0.143176,0.001605,2.4999
7,100,9.3200,466,97,3,0.192916,0.002049,2.4999
7,100,9.3400,467,97,3,0.247992,0.002570,2.4999
7,100,9.3600,468,97,3,0.300267,0.003079,2.4999
7,100,9.3800,469,97,3,0.351274,0.003583,2.4999
7,100,9.4000,470,97,3,0.414485,0.004212,2.4999
7,100,9.4200,471,97,3,0.469716,0.004744,2.4999
7,100,9.4400,472,97,3,0.535146,0.005409,2.4999
7,100,9.4600,473,98,2,0.599096,0.006046,2.4999
7,100,9.4800,474,98,2,0.651415,0.006576,2.4999
7,100,9.5000,475,98,2,0.723065,0.007289,2.4999
7,100,9.5200,476,98,2,0.791261,0.007983,2.4999
7,100,9.5400,477,98,2,0.838306,0.008445,2.4999
7,100,9.5600,478,98,2,0.840225,0.008484,2.4999
7,100,9.5800,479,98,2,0.480964,0.004902,2.4999
7,100,9.6000,480,98,2,0.455743,0.004595,2.4999
7,100,9.6200,481,98,2,0.498307,0.005003,2.4999
7,100,9.6400,482,98,2,0.579953,0.005806,2.4999
7,100,9.6600,483,98,2,0.676208,0.006764,2.4999
7,100,9.6800,484,98,2,0.649172,0.006509,2.4999
7,100,9.7000,485,98,2,0.328638,0.003473,2.4999
7,100,9.7200,486,98,2,0.271602,0.002834,2.4999
7,100,9.7400,487,98,2,0.240523,0.002561,2.4999
7,100,9.7600,488,98,2,0.214207,0.002365,2.4999
7,100,9.7800,489,98,2,0.181129,0.002038,2.4999
7,100,9.8000,490,98,2,0.148775,0.001711,2.4999
7,100,9.8200,491,98,2,0.133312,0.001551,2.4999
7,100,9.8400,492,98,2,0.090271,0.001079,2.4999
7,100,9.8600,493,98,2,0.073313,0.000918,2.4999
7,100,9.8800,494,98,2,0.078184,0.001042,2.4999
7,100,9.9000,495,98,2,0.151731,0.001727,2.4999
7,100,9.9200,496,98,2,0.227757,0.002441,2.4999
7,100,9.9400,497,98,2,0.313403,0.003293,2.4999
7,100,9.9600,498,98,2,0.389524,0.004066,2.4999
7,100,9.9800,499,98,2,0.382686,0.003991,2.4999
7,100,10.0000,500,98,2,0.451871,0.004691,2.4999
7,100,10.0200,501,98,2,0.405029,0.004139,2.4999
7,100,10.0400,502,98,2,0.056467,0.000692,2.4999
7,100,10.0600,503,98,2,0.010860,0.000205,2.4999
7,100,10.0800,504,98,2,0.015238,0.000223,2.4999
7,100,10.1000,505,98,2,0.013331,0.000155,2.4999
7,100,10.1200,506,98,2,0.010856,0.000155,2.4999
7,100,10.1400,507,98,2,0.013975,0.000181,2.4999
7,100,10.1600,508,98,2,0.017427,0.000217,2.4999
7,100,10.1800,509,98,2,0.016433,0.000208,2.4999
7,100,10.2000,510,98,2,0.014592,0.000184,2.4999
7,100,10.2200,511,98,2,0.018005,0.000222,2.4999
7,100,10.2400,512,98,2,0.016300,0.000206,2.4999
7,100,10.2600,513,98,2,0.014278,0.000180,2.4999
7,100,10.2800,514,98,2,0.017914,0.000221,2.4999
7,100,10.3001,515,98,2,0.016275,0.000206,2.4999
7,100,10.3201,516,98,2,0.014280,0.000180,2.4999
7,100,10.3401,517,98,2,0.017914,0.000221,2.4999
7,100,10.3601,518,98,2,0.016271,0.000206,2.4999
7,100,10.3801,519,100,0,0.000000,0.000000,2.4999
8,100,0.0200,1,0,100,0.000000,0.000000,99.5000
8,100,0.0400,2,0,100,0.196200,0.182811,99.4961
8,100,0.0600,3,0,100,0.392400,0.357720,99.4882
8,100,0.0800,4,0,100,0.588600,0.525196,99.4765
8,100,0.1000,5,0,100,0.784800,0.685375,99.4608
8,100,0.1200,6,0,100,0.981000,0.838289,99.4411
8,100,0.1400,7,0,100,1.177198,0.983931,99.4176
8,100,0.1600,8,0,100,1.373386,1.122285,99.3901
8,100,0.1800,9,0,100,1.569527,1.253338,99.3587
8,100,0.2000,10,0,100,1.765470,1.377071,99.3234
8,100,0.2200,11,0,100,1.960959,1.493474,99.2842
8,100,0.2400,12,0,100,2.155423,1.602535,99.2411
8,100,0.2600,13,0,100,2.347964,1.704247,99.1941
8,100,0.2800,14,0,100,2.537390,1.798617,99.1433
8,100,0.3000,15,0,100,2.722080,1.885741,99.0888
8,100,0.3200,16,0,100,2.900152,1.965408,99.0307
8,100,0.3400,17,0,100,3.069576,2.037669,98.9691
8,100,0.3600,18,0,100,3.228074,2.105356,98.9043
8,100,0.3800,19,0,100,3.373701,2.168765,98.8366
8,100,0.4000,20,0,100,3.504529,2.226070,98.7663
8,100,0.4200,21,0,100,3.618949,2.276281,98.6936
8,100,0.4400,22,0,100,3.715325,2.319362,98.6189
8,100,0.4600,23,0,100,3.792915,2.355058,98.5427
8,100,0.4800,24,0,100,3.851128,2.383962,98.4653
8,100,0.5000,25,0,100,3.889645,2.405395,98.3871
8,100,0.5200,26,0,100,3.908667,2.419822,98.3086
8,100,0.5400,27,0,100,3.908712,2.427604,98.2300
8,100,0.5600,28,0,100,3.891013,2.428840,98.1519
8,100,0.5800,29,0,100,3.856767,2.423637,98.0744
8,100,0.6000,30,0,100,3.807896,2.413179,97.9980
8,100,0.6200,31,0,100,3.746239,2.395757,97.9229
8,100,0.6400,32,0,100,3.674093,2.372647,97.8493
8,100,0.6600,33,0,100,3.593615,2.344239,97.7773
8,100,0.6800,34,0,100,3.506784,2.310884,97.7072
8,100,0.7000,35,0,100,3.415565,2.272714,97.6389
8,100,0.7200,36,0,100,3.321197,2.233140,97.5726
8,100,0.7400,37,0,100,3.224414,2.194170,97.5082
8,100,0.7600,38,0,100,3.124632,2.165797,97.4459
8,100,0.7800,39,0,100,3.020669,2.128311,97.3856
8,100,0.8000,40,0,100,2.911087,2.087140,97.3275
8,100,0.8200,41,0,100,2.794855,2.050558,97.2718
8,100,0.8400,42,0,100,2.671758,2.013604,97.2185
8,100,0.8600,43,0,100,2.542636,1.976201,97.1678
8,100,0.8800,44,0,100,2.408048,1.938631,97.1198
8,100,0.9000,45,0,100,2.433917,1.908268,97.0747
8,100,0.9200,46,0,100,2.597194,1.903033,97.0324
8,100,0.9400,47,0,100,2.953726,1.899193,96.9930
8,100,0.9600,48,0,100,3.223780,1.897511,96.9565
8,100,0.9800,49,0,100,3.687195,1.904492,96.9228
8,100,1.0000,50,0,100,4.156310,1.938251,96.8918
8,100,1.0200,51,0,100,4.609875,1.974247,96.8634
8,100,1.0400,52,0,100,5.120119,2.055763,96.8374
8,100,1.0600,53,0,100,5.912503,2.183101,96.8137
8,100,1.0800,54,0,100,6.430189,2.277474,96.7921
8,100,1.1000,55,0,100,8.247873,2.434615,96.7724
8,100,1.1200,56,0,100,9.214725,2.605801,96.7543
8,100,1.1400,57,0,100,9.561678,2.799368,96.7374
8,100,1.1600,58,0,100,9.841749,2.969963,96.7215
8,100,1.1800,59,0,100,9.874539,3.119668,96.7059
8,100,1.2000,60,0,100,9.911105,3.269472,96.6902
8,100,1.2200,61,0,100,9.951406,3.422129,96.6738
8,100,1.2400,62,0,100,9.995396,3.580257,96.6563
8,100,1.2600,63,0,100,10.043030,3.740830,96.6373
8,100,1.2800,64,0,100,10.094250,3.903391,96.6163
8,100,1.3000,65,0,100,10.149000,4.068645,96.5929
8,100,1.3200,66,0,100,10.207240,4.234715,96.5668
8,100,1.3400,67,0,100,10.268890,4.402285,96.5371
8,100,1.3600,68,0,100,10.333900,4.571094,96.5033
8,100,1.3800,69,0,100,10.402200,4.741355,96.4653
8,100,1.4000,70,0,100,10.473740,4.912591,96.4233
8,100,1.4200,71,0,100,10.548440,5.084984,96.3773
8,100,1.4400,72,0,100,10.626240,5.257990,96.3274
8,100,1.4600,73,0,100,10.707070,5.432061,96.2735
8,100,1.4800,74,0,100,10.790860,5.606753,96.2157
8,100,1.5000,75,0,100,10.877540,5.782486,96.1541
8,100,1.5200,76,0,100,10.967050,5.958555,96.0884
8,100,1.5400,77,0,100,11.059320,6.135895,96.0189
8,100,1.5600,78,0,100,11.154270,6.313532,95.9454
8,100,1.5800,79,0,100,11.251850,6.491766,95.8680
8,100,1.6000,80,0,100,11.351970,6.670611,95.7867
8,100,1.6200,81,0,100,11.454590,6.850145,95.7014
8,100,1.6400,82,0,100,11.559620,7.030193,95.6123
8,100,1.6600,83,0,100,11.693340,7.210957,95.5192
8,100,1.6800,84,0,100,11.867080,7.392155,95.4222
8,100,1.7000,85,0,100,12.041510,7.573900,95.3212
8,100,1.7200,86,0,100,12.216610,7.756080,95.2163
8,100,1.7400,87,0,100,12.392330,7.938713,95.1076
8,100,1.7600,88,0,100,12.568660,8.121778,94.9948
8,100,1.7800,89,0,100,12.745570,8.305261,94.8782
8,100,1.8000,90,0,100,12.923040,8.489135,94.7576
8,100,1.8200,91,0,100,13.101050,8.673388,94.6332
8,100,1.8400,92,0,100,13.279560,8.858006,94.5047
8,100,1.8600,93,0,100,13.458570,9.042972,94.3724
8,100,1.8800,94,0,100,13.638050,9.228266,94.2362
8,100,1.9000,95,0,100,13.817990,9.412309,94.0960
8,100,1.9200,96,0,100,13.998360,9.597717,93.9519
8,100,1.9400,97,0,100,14.179150,9.783687,93.8038
8,100,1.9600,98,0,100,14.360350,9.970051,93.6519
8,100,1.9800,99,0,100,14.541940,10.085500,93.4960
8,100,2.0000,100,0,100,14.723900,10.160130,93.3362
8,100,2.0200,101,0,100,14.906230,10.326280,93.1725
8,100,2.0400,102,0,100,15.088900,10.498960,93.0048
8,100,2.0600,103,0,100,15.271900,10.589710,92.8333
8,100,2.0800,104,0,100,15.455230,10.751860,92.6578
8,100,2.1000,105,0,100,15.638880,10.887470,92.4784
8,100,2.1200,106,0,100,15.822820,11.062890,92.2950
8,100,2.1400,107,0,100,16.007060,11.232500,92.1077
8,100,2.1600,108,0,100,16.191570,11.406010,91.9165
8,100,2.1800,109,0,100,16.376360,11.580540,91.7214
8,100,2.2000,110,0,100,16.561410,11.722030,91.5224
8,100,2.2200,111,0,100,16.746720,11.898590,91.3194
8,100,2.2400,112,0,100,16.932270,11.987370,91.1125
8,100,2.2600,113,0,100,17.118060,11.999890,90.9017
8,100,2.2800,114,0,100,17.304070,12.024490,90.6870
8,100,2.3000,115,0,100,17.490310,12.198510,90.4683
8,100,2.3200,116,0,100,17.676770,12.372490,90.2457
8,100,2.3400,117,0,100,17.863430,12.534080,90.0192
8,100,2.3600,118,0,100,18.050290,12.705920,89.7888
8,100,2.3800,119,0,100,18.237360,12.874860,89.5544
8,100,2.4000,120,0,100,18.424610,13.044880,89.3162
8,100,2.4200,121,0,100,18.612050,13.217010,89.0740
8,100,2.4400,122,0,100,18.799660,13.259680,88.8278
8,100,2.4600,123,0,100,18.987450,13.432910,88.5778
8,100,2.4800,124,0,100,19.175410,13.607910,88.3238
8,100,2.5000,125,0,100,19.363530,13.780000,88.0659
8,100,2.5200,126,0,100,19.551810,13.812890,87.8041
8,100,2.5400,127,3,97,19.740240,13.982650,87.5383
8,100,2.5600,128,3,97,19.928820,14.138900,87.2686
8,100,2.5800,129,3,97,20.117550,14.305990,86.9950
8,100,2.6000,130,3,97,20.306420,14.331730,86.7175
8,100,2.6200,131,3,97,20.495430,14.500760,86.4361
8,100,2.6400,132,3,97,20.684570,14.507060,86.1507
8,100,2.6600,133,3,97,20.873850,14.628730,85.8614
8,100,2.6800,134,3,97,21.063250,14.653330,85.5682
8,100,2.7000,135,3,97,21.252770,14.633490,85.2711
8,100,2.7200,136,3,97,21.442410,14.444730,84.9700
8,100,2.7400,137,3,97,21.632170,14.504360,84.6650
8,100,2.7600,138,3,97,21.822040,14.456520,84.3561
8,100,2.7800,139,3,97,22.012030,14.281170,84.0432
8,100,2.8000,140,3,97,22.202120,14.422110,83.7265
8,100,2.8200,141,3,97,22.392320,14.533750,83.4058
8,100,2.8400,142,3,97,22.582620,14.528580,83.0812
8,100,2.8600,143,4,96,22.773020,14.506990,82.7527
8,100,2.8800,144,4,96,22.963520,14.654390,82.4202
8,100,2.9000,145,1,99,23.154110,14.574210,82.0838
8,100,2.9200,146,2,98,23.344800,14.596720,81.7435
8,100,2.9400,147,2,98,23.535580,14.707200,81.3993
8,100,2.9600,148,2,98,23.726440,14.851980,81.0511
8,100,2.9800,149,2,98,23.917400,14.989350,80.6991
8,100,3.0000,150,2,98,24.108430,14.928010,80.3431
8,100,3.0200,151,1,99,23.562460,14.740340,79.9831
8,100,3.0400,152,1,99,23.756710,14.454560,79.6193
8,100,3.0600,153,1,99,23.951000,14.579070,79.2515
8,100,3.0800,154,1,99,24.145320,14.702870,78.8798
8,100,3.1000,155,1,99,24.339670,14.837130,78.5042
8,100,3.1200,156,1,99,24.534050,14.949560,78.1246
8,100,3.1400,157,1,99,24.728460,15.083680,77.7412
8,100,3.1600,158,1,99,24.922900,15.213170,77.3538
8,100,3.1800,159,3,97,25.117360,15.339360,76.9625
8,100,3.2000,160,3,97,25.311850,15.081240,76.5672
8,100,3.2200,161,3,97,25.506370,15.211530,76.1681
8,100,3.2400,162,5,95,25.700910,15.324200,75.7650
8,100,3.2600,163,6,94,25.895480,15.280700,75.3580
8,100,3.2800,164,6,94,26.090070,15.152670,74.9470
8,100,3.3000,165,6,94,26.284690,15.097400,74.5322
8,100,3.3200,166,7,93,26.479330,15.105900,74.1134
8,100,3.3400,167,7,93,26.358950,14.944280,73.6907
8,100,3.3600,168,7,93,26.552840,15.039160,73.2640
8,100,3.3800,169,8,92,26.746760,15.132930,72.8335
8,100,3.4000,170,8,92,26.940710,15.245200,72.3990
8,100,3.4200,171,8,92,26.920760,15.085400,71.9606
8,100,3.4400,172,8,92,27.116740,14.925730,71.5183
8,100,3.4600,173,8,92,27.312720,14.775720,71.0720
8,100,3.4800,174,7,93,27.106160,14.757380,70.6218
8,100,3.5000,175,8,92,27.302210,14.868700,70.1677
8,100,3.5200,176,9,91,27.498260,14.978240,69.7097
8,100,3.5400,177,9,91,27.694310,14.929770,69.2478
8,100,3.5600,178,9,91,27.890370,14.738200,68.7819
8,100,3.5800,179,9,91,28.086420,14.840110,68.3121
8,100,3.6000,180,9,91,28.282480,14.890000,67.8384
8,100,3.6200,181,9,91,28.421280,14.553270,67.3607
8,100,3.6400,182,9,91,27.961420,14.422410,66.8791
8,100,3.6600,183,10,90,28.157080,14.467150,66.3937
8,100,3.6800,184,10,90,28.352750,14.568260,65.9042
8,100,3.7000,185,10,90,28.548420,14.674200,65.4109
8,100,3.7200,186,11,89,28.744100,14.771840,64.9136
8,100,3.7400,187,11,89,28.669200,14.660910,64.4124
8,100,3.7600,188,10,90,28.692710,14.732850,63.9073
8,100,3.7800,189,10,90,28.888830,14.831610,63.3983
8,100,3.8000,190,11,89,29.084950,14.927810,62.8853
8,100,3.8200,191,11,89,29.281080,14.938310,62.3684
8,100,3.8400,192,10,90,29.361210,14.886370,61.8476
8,100,3.8600,193,10,90,29.483960,14.489220,61.3229
8,100,3.8800,194,10,90,29.503270,14.428710,60.7942
8,100,3.9000,195,10,90,29.605010,14.483150,60.2617
8,100,3.9200,196,10,90,29.641350,14.568050,59.7252
8,100,3.9400,197,10,90,29.837520,14.654510,59.1847
8,100,3.9600,198,8,92,30.033680,14.555680,58.6404
8,100,3.9800,199,8,92,30.208220,14.195750,58.0921
8,100,4.0000,200,8,92,30.259130,13.984680,57.5399
8,100,4.0200,201,11,89,30.455320,14.037790,56.9838
8,100,4.0400,202,11,89,30.556690,14.121450,56.4237
8,100,4.0600,203,10,90,30.752860,14.173670,55.8598
8,100,4.0800,204,10,90,30.949040,14.189650,55.2919
8,100,4.1000,205,10,90,31.145210,14.237090,54.7200
8,100,4.1200,206,10,90,31.341390,14.280280,54.1443
8,100,4.1400,207,10,90,31.106780,14.133190,53.5646
8,100,4.1600,208,10,90,31.302960,13.983150,52.9810
8,100,4.1800,209,10,90,31.499140,14.025540,52.3935
8,100,4.2000,210,9,91,31.695320,13.943010,51.8021
8,100,4.2200,211,10,90,31.891500,14.023800,51.2067
8,100,4.2400,212,10,90,31.889190,14.033960,50.6074
8,100,4.2600,213,10,90,32.085390,14.063930,50.0042
8,100,4.2800,214,10,90,32.235950,14.081920,49.3971
8,100,4.3000,215,10,90,32.316780,14.037140,48.7860
8,100,4.3200,216,11,89,32.512980,13.631020,48.1710
8,100,4.3400,217,9,91,32.640160,13.592760,47.5521
8,100,4.3600,218,8,92,32.750660,13.481030,46.9293
8,100,4.3800,219,8,92,32.866020,13.558780,46.3025
8,100,4.4000,220,8,92,32.968960,13.414590,45.6719
8,100,4.4200,221,9,91,33.165120,13.445440,45.0373
8,100,4.4400,222,9,91,33.339580,13.382850,44.3987
8,100,4.4600,223,11,89,33.429680,12.878840,43.7563
8,100,4.4800,224,11,89,33.541000,12.815570,43.1099
8,100,4.5000,225,11,89,33.737200,12.851980,42.4596
8,100,4.5200,226,11,89,33.770120,12.922040,41.8054
8,100,4.5400,227,11,89,33.966320,12.868580,41.1472
8,100,4.5600,228,11,89,34.162530,12.817540,40.4852
8,100,4.5800,229,11,89,34.311420,12.847670,39.8192
8,100,4.6000,230,12,88,34.373290,12.657130,39.1492
8,100,4.6200,231,12,88,34.569490,12.623450,38.4754
8,100,4.6400,232,13,87,34.765690,12.538720,37.7976
8,100,4.6600,233,13,87,34.874700,12.255660,37.1159
8,100,4.6800,234,14,86,35.070900,12.216100,36.4303
8,100,4.7000,235,15,85,35.267100,11.780280,35.7408
8,100,4.7200,236,15,85,35.330310,11.382390,35.0473
8,100,4.7400,237,15,85,35.515960,10.776730,34.3499
8,100,4.7600,238,15,85,35.619520,10.179920,33.6486
8,100,4.7800,239,15,85,35.729670,9.862257,32.9434
8,100,4.8000,240,15,85,35.823630,9.541929,32.2342
8,100,4.8200,241,14,86,35.982860,9.501448,31.5211
8,100,4.8400,242,14,86,36.128250,9.455733,30.8041
8,100,4.8600,243,14,86,36.324460,9.476163,30.0832
8,100,4.8800,244,14,86,36.502750,9.476433,29.3583
8,100,4.9000,245,14,86,36.659490,9.522967,28.6295
8,100,4.9200,246,13,87,36.812810,9.541561,27.8968
8,100,4.9400,247,13,87,36.954240,9.588749,27.1602
8,100,4.9600,248,12,88,37.107940,9.591113,26.4197
8,100,4.9800,249,11,89,37.263740,9.623256,25.6752
8,100,5.0000,250,12,88,37.431460,9.541867,24.9268
8,100,5.0200,251,12,88,35.900710,9.536333,24.1888
8,100,5.0400,252,13,87,35.792600,9.551869,23.5394
8,100,5.0600,253,14,86,35.482700,9.601389,22.8893
8,100,5.0800,254,14,86,35.919220,9.488363,22.2321
8,100,5.1000,255,13,87,35.673840,9.529916,21.5686
8,100,5.1200,256,15,85,34.081240,9.442986,20.8994
8,100,5.1400,257,15,85,33.692930,8.891861,20.2251
8,100,5.1600,258,14,86,32.763910,7.810758,19.5559
8,100,5.1800,259,14,86,29.585130,7.449480,18.9378
8,100,5.2000,260,14,86,26.767380,6.608872,18.4045
8,100,5.2200,261,14,86,27.927830,6.164747,17.9375
8,100,5.2400,262,14,86,30.951290,6.001914,17.5406
8,100,5.2600,263,14,86,31.068470,5.947503,17.1752
8,100,5.2800,264,13,87,31.186450,5.803450,16.7953
8,100,5.3000,265,13,87,31.305210,5.653656,16.4017
8,100,5.3200,266,13,87,31.424750,5.573702,16.0011
8,100,5.3400,267,13,87,31.545050,5.544332,15.5964
8,100,5.3600,268,13,87,31.666120,5.479326,15.1878
8,100,5.3800,269,14,86,31.787930,5.246264,14.7753
8,100,5.4000,270,14,86,31.910480,5.106399,14.3588
8,100,5.4200,271,13,87,32.033770,5.104895,13.9384
8,100,5.4400,272,14,86,32.157780,4.867784,13.5141
8,100,5.4600,273,15,85,32.282510,4.744086,13.0859
8,100,5.4800,274,15,85,29.662460,4.481174,12.6537
8,100,5.5000,275,15,85,29.803750,4.477961,12.2176
8,100,5.5200,276,15,85,23.241670,4.176623,11.7776
8,100,5.5400,277,15,85,22.793880,3.855099,11.3337
8,100,5.5600,278,13,87,22.990000,3.284491,10.8858
8,100,5.5800,279,14,86,22.692020,2.854709,10.4340
8,100,5.6000,280,13,87,13.945290,2.517064,10.1822
8,100,5.6200,281,13,87,11.988600,2.459877,10.1692
8,100,5.6400,282,13,87,11.608820,2.336408,10.1870
8,100,5.6600,283,13,87,11.596200,2.280041,10.1870
8,100,5.6800,284,12,88,11.611180,2.253452,10.1363
8,100,5.7000,285,12,88,11.715310,2.205353,10.0645
8,100,5.7200,286,13,87,11.821780,2.157417,9.9887
8,100,5.7400,287,13,87,11.930520,2.165221,9.9090
8,100,5.7600,288,13,87,12.041480,2.140889,9.8254
8,100,5.7800,289,13,87,12.154600,2.094619,9.7379
8,100,5.8000,290,13,87,12.269810,2.050832,9.6464
8,100,5.8200,291,14,86,12.387060,2.002881,9.5510
8,100,5.8400,292,14,86,11.631940,1.917758,9.4517
8,100,5.8600,293,14,86,11.652430,1.850996,9.3485
8,100,5.8800,294,14,86,11.501680,1.860337,9.2413
8,100,5.9000,295,15,85,11.620360,1.814628,9.1303
8,100,5.9200,296,15,85,11.306000,1.755211,9.0153
8,100,5.9400,297,15,85,11.291170,1.714197,8.8963
8,100,5.9600,298,15,85,11.279730,1.707639,8.7735
8,100,5.9800,299,18,82,11.271690,1.686491,8.6467
8,100,6.0000,300,18,82,11.267070,1.669607,8.5160
8,100,6.0200,301,18,82,11.265860,1.645647,8.3814
8,100,6.0400,302,18,82,11.268070,1.657871,8.2428
8,100,6.0600,303,18,82,11.273690,1.637796,8.1004
8,100,6.0800,304,18,82,11.282720,1.634257,7.9540
8,100,6.1000,305,17,83,11.295150,1.637398,7.8036
8,100,6.1200,306,17,83,11.310980,1.607939,7.6494
8,100,6.1400,307,19,81,11.330180,1.583776,7.4912
8,100,6.1600,308,19,81,11.352740,1.498297,7.3291
8,100,6.1800,309,19,81,11.146260,1.470096,7.1631
8,100,6.2000,310,19,81,11.141150,1.441233,6.9932
8,100,6.2200,311,19,81,11.139490,1.442861,6.8193
8,100,6.2400,312,17,83,11.141280,1.401233,6.6415
8,100,6.2600,313,21,79,11.146540,1.376399,6.4598
8,100,6.2800,314,21,79,11.126700,1.388235,6.2742
8,100,6.3000,315,21,79,11.158820,1.303395,6.0846
8,100,6.3200,316,21,79,11.353590,1.302091,5.8911
8,100,6.3400,317,22,78,11.548400,1.295026,5.6937
8,100,6.3600,318,21,79,11.743260,1.285130,5.4924
8,100,6.3800,319,21,79,11.938170,1.295579,5.3017
8,100,6.4000,320,22,78,12.133110,1.299384,5.1179
8,100,6.4200,321,22,78,11.961610,1.291242,4.9302
8,100,6.4400,322,22,78,12.136710,1.244927,4.7386
8,100,6.4600,323,22,78,12.312450,1.189491,4.5430
8,100,6.4800,324,22,78,12.488800,1.159751,4.3435
8,100,6.5000,325,22,78,12.665730,1.146783,4.1400
8,100,6.5200,326,23,77,12.843210,1.100603,3.9327
8,100,6.5400,327,22,78,13.021240,1.099887,3.7214
8,100,6.5600,328,22,78,13.199780,1.088878,3.5062
8,100,6.5800,329,22,78,13.378820,1.087710,3.2871
8,100,6.6000,330,22,78,13.558330,1.075948,3.0641
8,100,6.6200,331,24,76,13.738300,1.081491,2.8371
8,100,6.6400,332,21,79,13.918710,1.070452,2.6759
8,100,6.6600,333,21,79,14.099540,1.034128,2.6607
8,100,6.6800,334,21,79,14.280770,1.032187,2.6416
8,100,6.7000,335,21,79,12.178000,0.895420,2.6186
8,100,6.7200,336,23,77,12.373500,0.877568,2.5919
8,100,6.7400,337,21,79,9.907884,0.749470,2.5620
8,100,6.7600,338,21,79,9.866192,0.732898,2.5289
8,100,6.7800,339,20,80,9.828241,0.645076,2.4919
8,100,6.8000,340,18,82,9.794074,0.635180,2.4510
8,100,6.8200,341,19,81,9.763731,0.592367,2.4062
8,100,6.8400,342,19,81,9.737247,0.590522,2.3574
8,100,6.8600,343,19,81,9.714655,0.561092,2.3048
8,100,6.8800,344,19,81,9.695981,0.538045,2.2493
8,100,6.9000,345,19,81,9.681248,0.520139,2.1902
8,100,6.9200,346,19,81,9.670473,0.515281,2.1272
8,100,6.9400,347,18,82,9.663671,0.509142,2.0602
8,100,6.9600,348,19,81,9.660850,0.507229,1.9893
8,100,6.9800,349,19,81,9.662012,0.506450,1.9145
8,100,7.0000,350,19,81,9.667157,0.509978,1.8358
8,100,7.0200,351,19,81,9.676279,0.516120,1.7531
8,100,7.0400,352,21,79,9.689365,0.524275,1.6763
8,100,7.0600,353,25,75,9.706401,0.509288,1.6698
8,100,7.0800,354,25,75,9.727365,0.496355,1.6701
8,100,7.1000,355,25,75,9.752232,0.479807,1.6718
8,100,7.1200,356,25,75,9.780972,0.482086,1.6720
8,100,7.1400,357,28,72,9.813551,0.488974,1.6705
8,100,7.1600,358,38,62,9.849932,0.493246,1.6681
8,100,7.1800,359,38,62,9.890071,0.479945,1.6652
8,100,7.2000,360,38,62,9.933924,0.455948,1.6624
8,100,7.2200,361,49,51,9.981441,0.455706,1.6585
8,100,7.2400,362,47,53,10.032570,0.458213,1.6547
8,100,7.2600,363,47,53,10.087260,0.401845,1.6513
8,100,7.2800,364,47,53,10.145450,0.395913,1.6482
8,100,7.3000,365,42,58,10.207080,0.383951,1.6489
8,100,7.3200,366,42,58,7.083343,0.354552,1.6499
8,100,7.3400,367,41,59,6.979844,0.327272,1.6509
8,100,7.3600,368,41,59,6.880383,0.328758,1.6530
8,100,7.3800,369,41,59,6.785140,0.331759,1.6550
8,100,7.4000,370,41,59,6.694293,0.292280,1.6568
8,100,7.4200,371,41,59,6.608024,0.267579,1.6588
8,100,7.4400,372,43,57,6.526514,0.239188,1.6607
8,100,7.4600,373,43,57,6.449945,0.236924,1.6610
8,100,7.4800,374,45,55,6.378493,0.235719,1.6614
8,100,7.5000,375,45,55,6.312334,0.226654,1.6617
8,100,7.5200,376,45,55,6.251634,0.220881,1.6622
8,100,7.5400,377,46,54,6.196554,0.218049,1.6618
8,100,7.5600,378,46,54,6.147245,0.217377,1.6617
8,100,7.5800,379,47,53,6.103848,0.212655,1.6616
8,100,7.6000,380,47,53,6.066488,0.203620,1.6615
8,100,7.6200,381,47,53,6.035279,0.201014,1.6615
8,100,7.6400,382,48,52,6.010315,0.190487,1.6614
8,100,7.6600,383,51,49,5.991676,0.189273,1.6613
8,100,7.6800,384,62,38,5.979420,0.189819,1.6610
8,100,7.7000,385,62,38,5.973586,0.187165,1.6607
8,100,7.7200,386,62,38,5.974193,0.189455,1.6603
8,100,7.7400,387,62,38,5.981239,0.193019,1.6598
8,100,7.7600,388,63,37,5.994702,0.189240,1.6591
8,100,7.7800,389,63,37,6.014539,0.183369,1.6583
8,100,7.8000,390,63,37,6.040686,0.182166,1.6574
8,100,7.8200,391,64,36,6.073062,0.181867,1.6563
8,100,7.8400,392,66,34,6.111569,0.176275,1.6551
8,100,7.8600,393,66,34,6.156091,0.170136,1.6535
8,100,7.8800,394,66,34,6.206498,0.169648,1.6518
8,100,7.9000,395,66,34,6.262649,0.170875,1.6500
8,100,7.9200,396,66,34,6.324390,0.175258,1.6479
8,100,7.9400,397,66,34,6.391561,0.178696,1.6455
8,100,7.9600,398,66,34,3.517604,0.154771,1.6427
8,100,7.9800,399,66,34,3.516265,0.143004,1.6388
8,100,8.0000,400,66,34,3.614074,0.143485,1.6349
8,100,8.0200,401,66,34,3.719670,0.142631,1.6301
8,100,8.0400,402,66,34,3.832406,0.132275,1.6254
8,100,8.0600,403,66,34,3.951673,0.125376,1.6202
8,100,8.0800,404,87,13,2.499934,0.096268,1.6146
8,100,8.1000,405,87,13,2.440852,0.086334,1.6079
8,100,8.1200,406,87,13,2.420858,0.080719,1.6009
8,100,8.1400,407,87,13,2.410070,0.080227,1.5935
8,100,8.1600,408,87,13,2.408283,0.080391,1.5847
8,100,8.1800,409,87,13,2.415176,0.080728,1.5750
8,100,8.2000,410,87,13,2.431720,0.081303,1.5639
8,100,8.2200,411,87,13,2.454138,0.080542,1.5505
8,100,8.2400,412,87,13,2.487184,0.082468,1.5353
8,100,8.2600,413,66,34,2.529613,0.082951,1.5182
8,100,8.2800,414,66,34,1.620695,0.062160,1.5034
8,100,8.3000,415,66,34,1.061060,0.049505,1.5033
8,100,8.3200,416,66,34,1.057274,0.046170,1.5033
8,100,8.3400,417,66,34,1.074605,0.043766,1.5033
8,100,8.3600,418,66,34,1.112166,0.043669,1.5033
8,100,8.3800,419,66,34,0.870678,0.039385,1.5033
8,100,8.4000,420,66,34,0.945587,0.038319,1.5033
8,100,8.4200,421,66,34,1.024164,0.037973,1.5033
8,100,8.4400,422,67,33,1.105820,0.034815,1.5033
8,100,8.4600,423,67,33,1.191900,0.031994,1.5033
8,100,8.4800,424,67,33,1.280963,0.032392,1.5033
8,100,8.5000,425,67,33,1.375517,0.034771,1.5033
8,100,8.5200,426,68,32,1.472396,0.037647,1.5033
8,100,8.5400,427,68,32,0.764947,0.029241,1.5033
8,100,8.5600,428,68,32,0.803359,0.029257,1.5033
8,100,8.5800,429,68,32,0.860800,0.030325,1.5033
8,100,8.6000,430,68,32,0.914842,0.030304,1.5033
8,100,8.6200,431,70,30,0.971839,0.030304,1.5033
8,100,8.6400,432,70,30,1.029614,0.028379,1.5033
8,100,8.6600,433,70,30,1.101097,0.029166,1.5033
8,100,8.6800,434,70,30,1.162644,0.029850,1.5033
8,100,8.7000,435,70,30,1.220439,0.026837,1.5033
8,100,8.7200,436,70,30,1.316698,0.026105,1.5033
8,100,8.7400,437,70,30,0.814678,0.020872,1.5033
8,100,8.7600,438,70,30,0.828550,0.017823,1.5033
8,100,8.7800,439,70,30,0.859241,0.016931,1.5033
8,100,8.8000,440,70,30,0.901317,0.016041,1.5033
8,100,8.8200,441,70,30,0.953445,0.014982,1.5033
8,100,8.8400,442,70,30,0.977481,0.014207,1.5033
8,100,8.8600,443,70,30,1.009296,0.013763,1.5033
8,100,8.8800,444,70,30,1.055991,0.015116,1.5033
8,100,8.9000,445,70,30,1.105973,0.016651,1.5033
8,100,8.9200,446,70,30,1.161053,0.017973,1.5033
8,100,8.9400,447,96,4,1.220218,0.017204,1.5033
8,100,8.9600,448,96,4,1.284438,0.017287,1.5033
8,100,8.9800,449,96,4,1.352768,0.014836,1.5033
8,100,9.0000,450,97,3,1.426706,0.014973,1.5033
8,100,9.0200,451,97,3,1.504753,0.015583,1.5033
8,100,9.0400,452,97,3,1.589099,0.016257,1.5033
8,100,9.0600,453,97,3,1.677207,0.017041,1.5033
8,100,9.0800,454,97,3,1.771372,0.017899,1.5033
8,100,9.1000,455,97,3,1.449163,0.014594,1.5033
8,100,9.1200,456,97,3,0.665041,0.006673,1.5033
8,100,9.1400,457,97,3,0.561271,0.005669,1.5033
8,100,9.1600,458,97,3,0.463803,0.004772,1.5033
8,100,9.1800,459,97,3,0.365545,0.003868,1.5033
8,100,9.2000,460,97,3,0.268470,0.002977,1.5033
8,100,9.2200,461,97,3,0.172263,0.002095,1.5033
8,100,9.2400,462,97,3,0.076651,0.001221,1.5033
8,100,9.2600,463,97,3,0.053850,0.000725,1.5033
8,100,9.2800,464,97,3,0.113969,0.001764,1.5033
8,100,9.3000,465,97,3,0.209579,0.002809,1.5033
8,100,9.3200,466,97,3,0.305802,0.003863,1.5033
8,100,9.3400,467,97,3,0.402948,0.004930,1.5033
8,100,9.3600,468,97,3,0.501312,0.006012,1.5033
8,100,9.3800,469,97,3,0.601181,0.007114,1.5033
8,100,9.4000,470,98,2,0.680442,0.008014,1.5033
8,100,9.4200,471,98,2,0.159721,0.002919,1.5033
8,100,9.4400,472,98,2,0.143966,0.001655,1.5033
8,100,9.4600,473,98,2,0.156350,0.001853,1.5033
8,100,9.4800,474,98,2,0.169378,0.001785,1.5033
8,100,9.5000,475,98,2,0.183104,0.001845,1.5033
8,100,9.5200,476,98,2,0.197586,0.001983,1.5033
8,100,9.5400,477,98,2,0.212884,0.002132,1.5033
8,100,9.5600,478,98,2,0.229058,0.002292,1.5033
8,100,9.5800,479,98,2,0.246176,0.002462,1.5033
8,100,9.6000,480,98,2,0.264307,0.002643,1.5033
8,100,9.6200,481,98,2,0.283524,0.002835,1.5033
8,100,9.6400,482,98,2,0.303908,0.003039,1.5033
8,100,9.6600,483,98,2,0.325549,0.003256,1.5033
8,100,9.6800,484,98,2,0.348520,0.003485,1.5033
8,100,9.7000,485,98,2,0.372917,0.003729,1.5033
8,100,9.7200,486,98,2,0.398838,0.003988,1.5033
8,100,9.7400,487,98,2,0.426307,0.004263,1.5033
8,100,9.7600,488,98,2,0.455601,0.004556,1.5033
8,100,9.7800,489,99,1,0.486745,0.004867,1.5033
8,100,9.8000,490,99,1,0.519849,0.005198,1.5033
8,100,9.8200,491,99,1,0.554931,0.005549,1.5033
8,100,9.8400,492,99,1,0.592374,0.005924,1.5033
8,100,9.8600,493,99,1,0.632190,0.006322,1.5033
8,100,9.8800,494,99,1,0.674368,0.006744,1.5033
8,100,9.9000,495,99,1,0.719398,0.007194,1.5033
8,100,9.9200,496,99,1,0.767231,0.007672,1.5033
8,100,9.9400,497,99,1,0.817832,0.008178,1.5033
8,100,9.9600,498,99,1,0.871846,0.008718,1.5033
8,100,9.9800,499,99,1,0.928992,0.009290,1.5033
8,100,10.0000,500,99,1,0.989893,0.009899,1.5033
8,100,10.0200,501,99,1,1.054201,0.010542,1.5033
8,100,10.0400,502,99,1,1.122725,0.011227,1.5033
8,100,10.0600,503,99,1,1.194877,0.011949,1.5033
8,100,10.0800,504,99,1,1.271867,0.012719,1.5033
8,100,10.1000,505,99,1,1.352476,0.013525,1.5033
8,100,10.1200,506,99,1,1.438702,0.014387,1.5033
8,100,10.1400,507,99,1,1.528285,0.015283,1.5033
8,100,10.1600,508,99,1,1.624728,0.016247,1.5033
8,100,10.1800,509,99,1,1.246154,0.012462,1.5033
8,100,10.2000,510,99,1,0.581786,0.005818,1.5033
8,100,10.2200,511,99,1,0.481243,0.004812,1.5033
8,100,10.2400,512,99,1,0.381332,0.003813,1.5033
8,100,10.2600,513,99,1,0.282602,0.002826,1.5033
8,100,10.2800,514,99,1,0.184779,0.001848,1.5033
8,100,10.3001,515,99,1,0.087562,0.000876,1.5033
8,100,10.3201,516,99,1,0.009352,0.000094,1.5033
8,100,10.3401,517,99,1,0.106271,0.001063,1.5033
8,100,10.3601,518,99,1,0.203505,0.002035,1.5033
8,100,10.3801,519,99,1,0.301339,0.003013,1.5033
8,100,10.4001,520,99,1,0.400079,0.004001,1.5033
8,100,10.4201,521,99,1,0.500014,0.005000,1.5033
8,100,10.4401,522,99,1,0.601426,0.006014,1.5033
8,100,10.4601,523,99,1,0.200485,0.002005,1.5033
8,100,10.4801,524,99,1,0.067903,0.000679,1.5033
8,100,10.5001,525,99,1,0.058218,0.000582,1.5033
8,100,10.5201,526,99,1,0.016892,0.000169,1.5033
8,100,10.5401,527,99,1,0.003756,0.000038,1.5033
8,100,10.5601,528,99,1,0.003193,0.000032,1.5033
8,100,10.5801,529,99,1,0.001103,0.000011,1.5033
8,100,10.6001,530,99,1,0.000040,0.000000,1.5033
8,100,10.6201,531,99,1,0.000086,0.000001,1.5033
8,100,10.6401,532,99,1,0.000041,0.000000,1.5033
8,100,10.6601,533,99,1,0.000011,0.000000,1.5033
8,100,10.6801,534,99,1,0.000006,0.000000,1.5033
8,100,10.7001,535,99,1,0.000000,0.000000,1.5033
8,100,10.7201,536,99,1,0.000002,0.000000,1.5033
8,100,10.7401,537,99,1,0.000002,0.000000,1.5033
8,100,10.7601,538,99,1,0.000002,0.000000,1.5033
8,100,10.7801,539,99,1,0.000002,0.000000,1.5033
8,100,10.8001,540,99,1,0.000002,0.000000,1.5033
8,100,10.8201,541,99,1,0.000002,0.000000,1.5033
8,100,10.8401,542,99,1,0.000002,0.000000,1.5033
8,100,10.8601,543,99,1,0.000002,0.000000,1.5033
8,100,10.8801,544,99,1,0.000002,0.000000,1.5033
8,100,10.9001,545,99,1,0.000002,0.000000,1.5033
8,100,10.9201,546,100,0,0.000000,0.000000,1.5033
9,100,0.0200,1,0,100,0.000000,0.000000,99.5000
9,100,0.0400,2,0,100,0.196200,0.182811,99.4961
9,100,0.0600,3,0,100,0.392400,0.357732,99.4882
9,100,0.0800,4,0,100,0.588600,0.525235,99.4765
9,100,0.1000,5,0,100,0.784800,0.685450,99.4608
9,100,0.1200,6,0,100,0.981000,0.838407,99.4411
9,100,0.1400,7,0,100,1.177198,0.984098,99.4176
9,100,0.1600,8,0,100,1.373385,1.122507,99.3901
9,100,0.1800,9,0,100,1.569524,1.253621,99.3587
9,100,0.2000,10,0,100,1.765458,1.377428,99.3234
9,100,0.2200,11,0,100,1.960925,1.493918,99.2842
9,100,0.2400,12,0,100,2.155377,1.603081,99.2411
9,100,0.2600,13,0,100,2.347891,1.704915,99.1941
9,100,0.2800,14,0,100,2.537218,1.799411,99.1433
9,100,0.3000,15,0,100,2.721853,1.886629,99.0888
9,100,0.3200,16,0,100,2.899866,1.966455,99.0307
9,100,0.3400,17,0,100,3.069178,2.038931,98.9691
9,100,0.3600,18,0,100,3.227714,2.109666,98.9044
9,100,0.3800,19,0,100,3.373217,2.172849,98.8367
9,100,0.4000,20,0,100,3.503922,2.230300,98.7663
9,100,0.4200,21,0,100,3.618221,2.280372,98.6936
9,100,0.4400,22,0,100,3.714640,2.323032,98.6190
9,100,0.4600,23,0,100,3.792316,2.358913,98.5428
9,100,0.4800,24,0,100,3.850574,2.388391,98.4654
9,100,0.5000,25,0,100,3.889134,2.411403,98.3872
9,100,0.5200,26,0,100,3.908284,2.427670,98.3087
9,100,0.5400,27,0,100,3.908665,2.437254,98.2301
9,100,0.5600,28,0,100,3.891177,2.440393,98.1519
9,100,0.5800,29,0,100,3.857311,2.437202,98.0745
9,100,0.6000,30,0,100,3.808961,2.428031,97.9980
9,100,0.6200,31,0,100,3.748174,2.416547,97.9229
9,100,0.6400,32,0,100,3.677352,2.400116,97.8492
9,100,0.6600,33,0,100,3.598852,2.377903,97.7771
9,100,0.6800,34,0,100,3.514890,2.355835,97.7068
9,100,0.7000,35,0,100,3.427134,2.324505,97.6383
9,100,0.7200,36,0,100,3.336592,2.296407,97.5717
9,100,0.7400,37,0,100,3.243745,2.278682,97.5069
9,100,0.7600,38,0,100,3.147725,2.240526,97.4441
9,100,0.7800,39,0,100,3.047735,2.199881,97.3833
9,100,0.8000,40,0,100,2.943044,2.161760,97.3245
9,100,0.8200,41,0,100,3.255332,2.207604,97.2680
9,100,0.8400,42,0,100,2.747180,2.172472,97.2139
9,100,0.8600,43,0,100,3.150161,2.153952,97.1622
9,100,0.8800,44,0,100,4.057457,2.195743,97.1132
9,100,0.9000,45,0,100,3.923222,2.188625,97.0670
9,100,0.9200,46,0,100,4.919762,2.198928,97.0237
9,100,0.9400,47,0,100,6.661836,2.299878,96.9834
9,100,0.9600,48,0,100,6.991253,2.405809,96.9461
9,100,0.9800,49,0,100,8.291224,2.523745,96.9119
9,100,1.0000,50,0,100,9.695069,2.677407,96.8807
9,100,1.0200,51,0,100,10.214770,2.851208,96.8522
9,100,1.0400,52,0,100,10.353770,3.018085,96.8263
9,100,1.0600,53,0,100,10.440740,3.176986,96.8027
9,100,1.0800,54,0,100,10.528050,3.340063,96.7808
9,100,1.1000,55,0,100,10.618180,3.504526,96.7602
9,100,1.1200,56,0,100,10.711150,3.671943,96.7403
9,100,1.1400,57,0,100,10.806880,3.840411,96.7205
9,100,1.1600,58,0,100,10.905310,4.010173,96.7000
9,100,1.1800,59,0,100,11.006340,4.181136,96.6782
9,100,1.2000,60,0,100,11.109930,4.353880,96.6542
9,100,1.2200,61,0,100,11.215990,4.528635,96.6275
9,100,1.2400,62,0,100,11.324460,4.704312,96.5973
9,100,1.2600,63,0,100,11.435260,4.880822,96.5631
9,100,1.2800,64,0,100,11.548340,5.058175,96.5246
9,100,1.3000,65,1,99,11.663620,5.236463,96.4820
9,100,1.3200,66,1,99,11.781040,5.415661,96.4354
9,100,1.3400,67,1,99,11.900530,5.595757,96.3848
9,100,1.3600,68,1,99,12.022040,5.776700,96.3304
9,100,1.3800,69,1,99,12.145510,5.958413,96.2720
9,100,1.4000,70,0,100,12.270870,6.139648,96.2097
9,100,1.4200,71,0,100,12.398060,6.319548,96.1435
9,100,1.4400,72,0,100,12.527040,6.501522,96.0733
9,100,1.4600,73,0,100,12.657750,6.684071,95.9993
9,100,1.4800,74,0,100,12.790130,6.867116,95.9213
9,100,1.5000,75,0,100,12.924130,7.050604,95.8393
9,100,1.5200,76,0,100,13.059700,7.234510,95.7535
9,100,1.5400,77,0,100,13.196800,7.418811,95.6637
9,100,1.5600,78,0,100,13.335380,7.603485,95.5700
9,100,1.5800,79,0,100,13.475390,7.788516,95.4724
9,100,1.6000,80,0,100,13.616780,7.973888,95.3709
9,100,1.6200,81,0,100,13.759520,8.159595,95.2654
9,100,1.6400,82,0,100,13.903570,8.345608,95.1560
9,100,1.6600,83,0,100,14.048870,8.531922,95.0427
9,100,1.6800,84,0,100,14.201180,8.718525,94.9255
9,100,1.7000,85,0,100,14.367510,8.905411,94.8043
9,100,1.7200,86,0,100,14.534570,9.092556,94.6792
9,100,1.7400,87,0,100,14.702360,9.279971,94.5502
9,100,1.7600,88,0,100,14.870850,9.467619,94.4173
9,100,1.7800,89,0,100,15.040000,9.655521,94.2804
9,100,1.8000,90,0,100,15.209810,9.843641,94.1396
9,100,1.8200,91,0,100,15.380240,10.032010,93.9949
9,100,1.8400,92,0,100,15.551290,10.220450,93.8463
9,100,1.8600,93,0,100,15.722910,10.409030,93.6937
9,100,1.8800,94,0,100,15.895110,10.597900,93.5373
9,100,1.9000,95,0,100,16.067860,10.787000,93.3769
9,100,1.9200,96,0,100,16.036790,10.818250,93.2125
9,100,1.9400,97,0,100,16.196240,10.999040,93.0443
9,100,1.9600,98,0,100,16.356490,11.184950,92.8721
9,100,1.9800,99,0,100,16.517510,11.370890,92.6960
9,100,2.0000,100,1,99,16.682170,11.406790,92.5160
9,100,2.0200,101,0,100,16.876450,11.436290,92.3320
9,100,2.0400,102,0,100,17.070770,11.494810,92.1442
9,100,2.0600,103,0,100,17.265140,11.584150,91.9524
9,100,2.0800,104,0,100,17.459550,11.609260,91.7567
9,100,2.1000,105,0,100,17.653990,11.787890,91.5570
9,100,2.1200,106,0,100,17.848480,11.818150,91.3535
9,100,2.1400,107,0,100,17.928760,11.748800,91.1460
9,100,2.1600,108,0,100,18.121350,11.784730,90.9346
9,100,2.1800,109,0,100,18.314020,11.936200,90.7192
9,100,2.2000,110,0,100,18.506770,12.092040,90.5000
9,100,2.2200,111,0,100,18.699580,11.823640,90.2768
9,100,2.2400,112,0,100,18.892470,11.969290,90.0497
9,100,2.2600,113,0,100,19.085420,12.103910,89.8186
9,100,2.2800,114,0,100,19.278440,12.252080,89.5837
9,100,2.3000,115,0,100,19.471520,12.305910,89.3448
9,100,2.3200,116,0,100,19.664670,12.381580,89.1020
9,100,2.3400,117,0,100,19.857870,12.491260,88.8553
9,100,2.3600,118,0,100,20.051130,12.609030,88.6046
9,100,2.3800,119,0,100,20.244450,12.758350,88.3500
9,100,2.4000,120,0,100,20.437830,12.870790,88.0915
9,100,2.4200,121,0,100,20.631250,12.875270,87.8291
9,100,2.4400,122,0,100,20.824730,13.021790,87.5627
9,100,2.4600,123,0,100,22.077760,12.984510,87.2925
9,100,2.4800,124,0,100,22.181850,13.131260,87.0183
9,100,2.5000,125,0,100,22.267840,13.147390,86.7401
9,100,2.5200,126,0,100,22.425630,13.247950,86.4581
9,100,2.5400,127,0,100,22.584030,13.386590,86.1721
9,100,2.5600,128,0,100,22.743010,13.536700,85.8822
9,100,2.5800,129,0,100,21.229850,13.581930,85.5884
9,100,2.6000,130,0,100,21.426050,13.608330,85.2907
9,100,2.6200,131,0,100,21.622250,13.746020,84.9890
9,100,2.6400,132,0,100,21.818450,13.884140,84.6834
9,100,2.6600,133,0,100,22.014650,14.029070,84.3739
9,100,2.6800,134,0,100,22.210840,14.165290,84.0605
9,100,2.7000,135,0,100,22.407040,14.072430,83.7431
9,100,2.7200,136,1,99,22.603240,14.134070,83.4218
9,100,2.7400,137,1,99,22.799440,14.061800,83.0966
9,100,2.7600,138,2,98,22.995640,14.047630,82.7675
9,100,2.7800,139,1,99,22.829920,13.983910,82.4344
9,100,2.8000,140,1,99,23.025750,14.082650,82.0974
9,100,2.8200,141,1,99,23.221590,13.929140,81.7565
9,100,2.8400,142,1,99,23.417440,14.047080,81.4117
9,100,2.8600,143,1,99,23.613290,14.096540,81.0629
9,100,2.8800,144,1,99,23.809140,14.201740,80.7103
9,100,2.9000,145,1,99,24.545530,14.303860,80.3537
9,100,2.9200,146,1,99,24.739010,14.410780,79.9931
9,100,2.9400,147,1,99,24.932530,14.543370,79.6287
9,100,2.9600,148,1,99,25.126100,14.543430,79.2603
9,100,2.9800,149,1,99,23.900860,14.373530,78.8880
9,100,3.0000,150,1,99,24.096600,14.505310,78.5118
9,100,3.0200,151,1,99,24.056710,14.499610,78.1316
9,100,3.0400,152,1,99,24.252650,14.582600,77.7476
9,100,3.0600,153,1,99,24.385380,14.640110,77.3596
9,100,3.0800,154,1,99,24.504170,14.773550,76.9677
9,100,3.1000,155,1,99,24.470380,14.582610,76.5718
9,100,3.1200,156,1,99,24.586480,14.685270,76.1721
9,100,3.1400,157,1,99,24.565730,14.540700,75.7684
9,100,3.1600,158,2,98,24.761860,14.586160,75.3608
9,100,3.1800,159,2,98,24.933310,14.674600,74.9492
9,100,3.2000,160,2,98,25.129490,14.772440,74.5338
9,100,3.2200,161,2,98,25.325680,14.902330,74.1144
9,100,3.2400,162,2,98,25.521860,15.015560,73.6911
9,100,3.2600,163,2,98,25.718050,15.139390,73.2638
9,100,3.2800,164,2,98,25.802900,15.264800,72.8327
9,100,3.3000,165,2,98,25.999070,15.393540,72.3976
9,100,3.3200,166,3,97,26.139640,15.496290,71.9586
9,100,3.3400,167,3,97,26.213590,15.621260,71.5157
9,100,3.3600,168,3,97,26.409740,15.645300,71.0688
9,100,3.3800,169,3,97,26.605890,15.282040,70.6180
9,100,3.4000,170,3,97,26.802050,15.308010,70.1633
9,100,3.4200,171,3,97,26.941100,15.421160,69.7047
9,100,3.4400,172,3,97,27.137220,15.363340,69.2421
9,100,3.4600,173,3,97,26.914450,15.362340,68.7757
9,100,3.4800,174,4,96,27.110590,15.160320,68.3053
9,100,3.5000,175,4,96,27.306730,15.213920,67.8310
9,100,3.5200,176,4,96,27.502870,15.253410,67.3527
9,100,3.5400,177,3,97,27.699020,15.232270,66.8705
9,100,3.5600,178,3,97,27.895160,15.235260,66.3844
9,100,3.5800,179,3,97,28.091300,15.148640,65.8944
9,100,3.6000,180,4,96,28.287450,15.212070,65.4005
9,100,3.6200,181,4,96,28.349170,15.071590,64.9026
9,100,3.6400,182,4,96,28.195620,15.117500,64.4008
9,100,3.6600,183,4,96,28.391820,15.146170,63.8951
9,100,3.6800,184,4,96,28.588010,15.227830,63.3855
9,100,3.7000,185,4,96,28.784200,15.148810,62.8719
9,100,3.7200,186,4,96,28.959290,15.221160,62.3544
9,100,3.7400,187,4,96,28.978280,15.302570,61.8330
9,100,3.7600,188,4,96,29.151160,14.660230,61.3077
9,100,3.7800,189,5,95,29.217660,14.434460,60.7784
9,100,3.8000,190,5,95,29.344560,14.344720,60.2452
9,100,3.8200,191,6,94,29.392280,14.401130,59.7081
9,100,3.8400,192,6,94,29.395260,14.480550,59.1671
9,100,3.8600,193,5,95,29.591460,14.534370,58.6222
9,100,3.8800,194,7,93,29.787660,14.629130,58.0733
9,100,3.9000,195,6,94,29.723580,14.709180,57.5205
9,100,3.9200,196,6,94,29.919780,14.795980,56.9638
9,100,3.9400,197,8,92,30.115980,14.884190,56.4031
9,100,3.9600,198,8,92,30.312180,14.953060,55.8385
9,100,3.9800,199,8,92,30.508380,15.010530,55.2700
9,100,4.0000,200,8,92,30.704580,15.070260,54.6976
9,100,4.0200,201,8,92,30.900780,15.063370,54.1213
9,100,4.0400,202,8,92,31.096980,14.971870,53.5410
9,100,4.0600,203,8,92,31.293170,14.827170,52.9568
9,100,4.0800,204,7,93,31.489370,14.711790,52.3687
9,100,4.1000,205,7,93,31.521690,14.350150,51.7766
9,100,4.1200,206,7,93,31.562810,14.025800,51.1807
9,100,4.1400,207,6,94,31.759010,13.696970,50.5808
9,100,4.1600,208,6,94,31.920220,13.698150,49.9770
9,100,4.1800,209,6,94,32.059280,13.738960,49.3692
9,100,4.2000,210,6,94,32.148500,13.743430,48.7576
9,100,4.2200,211,6,94,32.269630,13.783580,48.1420
9,100,4.2400,212,6,94,32.209710,13.843150,47.5225
9,100,4.2600,213,6,94,32.405910,13.893520,46.8991
9,100,4.2800,214,6,94,32.602110,13.953050,46.2717
9,100,4.3000,215,6,94,32.798310,13.803180,45.6404
9,100,4.3200,216,4,96,32.994510,13.826540,45.0052
9,100,4.3400,217,4,96,33.190720,13.861970,44.3661
9,100,4.3600,218,4,96,33.278700,13.914460,43.7230
9,100,4.3800,219,4,96,33.405440,13.951300,43.0761
9,100,4.4000,220,6,94,33.601640,13.669110,42.4251
9,100,4.4200,221,6,94,33.797840,13.411860,41.7703
9,100,4.4400,222,6,94,33.912350,13.286720,41.1116
9,100,4.4600,223,6,94,34.108550,13.109740,40.4489
9,100,4.4800,224,6,94,34.228490,12.877920,39.7823
9,100,4.5000,225,6,94,34.424690,12.228120,39.1118
9,100,4.5200,226,6,94,34.475810,12.168460,38.4373
9,100,4.5400,227,6,94,34.631220,11.975120,37.7590
9,100,4.5600,228,6,94,34.714000,12.024440,37.0767
9,100,4.5800,229,6,94,34.879440,11.989680,36.3905
9,100,4.6000,230,6,94,34.967080,11.985480,35.7003
9,100,4.6200,231,6,94,35.101640,12.005210,35.0063
9,100,4.6400,232,6,94,35.297830,12.016590,34.3083
9,100,4.6600,233,6,94,35.443860,11.999660,33.6064
9,100,4.6800,234,8,92,35.640050,11.918210,32.9005
9,100,4.7000,235,8,92,35.776510,11.807730,32.1908
9,100,4.7200,236,8,92,35.972710,11.814550,31.4771
9,100,4.7400,237,8,92,36.168910,11.682020,30.7595
9,100,4.7600,238,8,92,36.306640,11.721520,30.0379
9,100,4.7800,239,9,91,36.502840,11.761960,29.3125
9,100,4.8000,240,9,91,36.699040,11.662700,28.5831
9,100,4.8200,241,10,90,36.895240,11.644080,27.8498
9,100,4.8400,242,10,90,37.034960,10.977320,27.1126
9,100,4.8600,243,10,90,37.231160,9.932909,26.3714
9,100,4.8800,244,10,90,37.376580,9.000546,25.6263
9,100,4.9000,245,11,89,37.526660,8.591262,24.8773
9,100,4.9200,246,11,89,37.684600,7.466247,24.1244
9,100,4.9400,247,11,89,37.856620,7.122272,23.3675
9,100,4.9600,248,11,89,30.870700,6.853600,22.6844
9,100,4.9800,249,11,89,27.522490,6.808609,22.3491
9,100,5.0000,250,12,88,26.286790,6.841759,22.1263
9,100,5.0200,251,12,88,27.455270,6.664597,21.9084
9,100,5.0400,252,13,87,27.564820,6.652830,21.6774
9,100,5.0600,253,13,87,26.104950,6.211119,21.4057
9,100,5.0800,254,13,87,26.294490,6.215823,21.1133
9,100,5.1000,255,12,88,26.049020,5.914830,20.8121
9,100,5.1200,256,12,88,26.237700,5.641940,20.5070
9,100,5.1400,257,12,88,25.316410,5.589205,20.1979
9,100,5.1600,258,13,87,25.459560,5.563078,19.8849
9,100,5.1800,259,13,87,26.395190,5.357308,19.5680
9,100,5.2000,260,13,87,26.873020,5.321986,19.2472
9,100,5.2200,261,13,87,26.916060,5.330728,18.9224
9,100,5.2400,262,13,87,27.076420,5.347107,18.5937
9,100,5.2600,263,13,87,27.237260,5.387263,18.2611
9,100,5.2800,264,13,87,27.398550,5.381097,17.9246
9,100,5.3000,265,13,87,27.560300,5.393945,17.5841
9,100,5.3200,266,14,86,27.722500,5.436058,17.2397
9,100,5.3400,267,13,87,27.885130,5.427513,16.8914
9,100,5.3600,268,13,87,28.048190,5.423244,16.5392
9,100,5.3800,269,12,88,24.936920,5.008427,16.1831
9,100,5.4000,270,12,88,25.033040,4.849395,15.8230
9,100,5.4200,271,13,87,25.222120,4.612207,15.4590
9,100,5.4400,272,13,87,24.732900,4.431401,15.0911
9,100,5.4600,273,14,86,24.048410,4.015787,14.7192
9,100,5.4800,274,11,89,24.242580,4.020381,14.3435
9,100,5.5000,275,11,89,24.133890,3.999340,13.9638
9,100,5.5200,276,11,89,22.406360,3.806573,13.5801
9,100,5.5400,277,11,89,22.602060,3.743293,13.1926
9,100,5.5600,278,11,89,22.031940,3.687267,12.8011
9,100,5.5800,279,11,89,22.228090,3.679771,12.4057
9,100,5.6000,280,11,89,22.424240,3.545429,12.0064
9,100,5.6200,281,10,90,21.269170,3.532911,11.6032
9,100,5.6400,282,10,90,21.465280,3.524060,11.1960
9,100,5.6600,283,10,90,21.661390,3.474503,10.7849
9,100,5.6800,284,10,90,21.857510,3.388888,10.3699
9,100,5.7000,285,9,91,22.053620,3.368903,9.9510
9,100,5.7200,286,9,91,22.249740,3.299373,9.5281
9,100,5.7400,287,11,89,22.445860,3.204542,9.1014
9,100,5.7600,288,11,89,22.641980,3.158600,8.6706
9,100,5.7800,289,11,89,22.838100,2.956870,8.2360
9,100,5.8000,290,11,89,22.755240,2.669461,7.7975
9,100,5.8200,291,11,89,22.420360,2.442118,7.3550
9,100,5.8400,292,13,87,22.613990,2.354910,6.9086
9,100,5.8600,293,13,87,22.807660,2.335861,6.4583
9,100,5.8800,294,12,88,23.001380,2.277716,6.0040
9,100,5.9000,295,13,87,23.195130,2.253729,5.5458
9,100,5.9200,296,13,87,23.388930,2.234387,5.0837
9,100,5.9400,297,13,87,23.582760,2.215627,4.6177
9,100,5.9600,298,13,87,23.776640,2.179932,4.1478
9,100,5.9800,299,14,86,23.970550,2.186401,3.6739
9,100,6.0000,300,13,87,24.164500,2.179881,3.1961
9,100,6.0200,301,13,87,24.358490,1.953748,2.7768
9,100,6.0400,302,13,87,14.512230,1.607299,2.6972
9,100,6.0600,303,12,88,14.585590,1.550529,2.6137
9,100,6.0800,304,14,86,14.661200,1.529632,2.5377
9,100,6.1000,305,14,86,14.739040,1.404902,2.5076
9,100,6.1200,306,15,85,14.819070,1.372045,2.4766
9,100,6.1400,307,16,84,9.496386,1.236661,2.4731
9,100,6.1600,308,16,84,9.600365,1.189291,2.4719
9,100,6.1800,309,18,82,9.707196,1.180614,2.4695
9,100,6.2000,310,18,82,9.816787,1.170999,2.4648
9,100,6.2200,311,18,82,9.929045,1.170183,2.4587
9,100,6.2400,312,18,82,10.043880,1.162177,2.4509
9,100,6.2600,313,16,84,8.552388,1.098860,2.4407
9,100,6.2800,314,17,83,8.524003,1.082493,2.4284
9,100,6.3000,315,17,83,8.500052,1.064132,2.4134
9,100,6.3200,316,17,83,8.528654,1.060318,2.3965
9,100,6.3400,317,16,84,8.616052,1.027658,2.3770
9,100,6.3600,318,16,84,8.706993,1.030293,2.3619
9,100,6.3800,319,16,84,8.801370,1.012185,2.3548
9,100,6.4000,320,18,82,8.899071,1.015737,2.3506
9,100,6.4200,321,17,83,8.999990,0.981446,2.3450
9,100,6.4400,322,17,83,9.104018,0.971657,2.3392
9,100,6.4600,323,17,83,9.211052,0.965239,2.3327
9,100,6.4800,324,18,82,9.320987,0.954635,2.3252
9,100,6.5000,325,18,82,9.433722,0.944520,2.3167
9,100,6.5200,326,19,81,9.549157,0.903049,2.3069
9,100,6.5400,327,17,83,9.667196,0.875345,2.2952
9,100,6.5600,328,17,83,9.787745,0.859198,2.2836
9,100,6.5800,329,17,83,8.638659,0.799778,2.2713
9,100,6.6000,330,17,83,8.681792,0.746676,2.2579
9,100,6.6200,331,17,83,8.729124,0.735453,2.2488
9,100,6.6400,332,18,82,8.780585,0.725890,2.2379
9,100,6.6600,333,19,81,7.189264,0.699550,2.2346
9,100,6.6800,334,20,80,7.145962,0.700693,2.2333
9,100,6.7000,335,20,80,7.107814,0.688589,2.2326
9,100,6.7200,336,20,80,7.074903,0.660417,2.2288
9,100,6.7400,337,20,80,7.047303,0.663830,2.2208
9,100,6.7600,338,20,80,7.025076,0.644875,2.2088
9,100,6.7800,339,21,79,7.008274,0.641509,2.1925
9,100,6.8000,340,21,79,6.996934,0.621285,2.1826
9,100,6.8200,341,21,79,6.991086,0.613353,2.1719
9,100,6.8400,342,21,79,6.990740,0.583813,2.1592
9,100,6.8600,343,23,77,6.995899,0.579032,2.1480
9,100,6.8800,344,23,77,7.006550,0.582939,2.1381
9,100,6.9000,345,23,77,7.022669,0.581211,2.1284
9,100,6.9200,346,23,77,7.044219,0.576931,2.1186
9,100,6.9400,347,23,77,7.071147,0.560860,2.1100
9,100,6.9600,348,25,75,7.103395,0.516212,2.1014
9,100,6.9800,349,26,74,7.140891,0.505854,2.0912
9,100,7.0000,350,27,73,7.183551,0.484300,2.0862
9,100,7.0200,351,29,71,7.231284,0.441608,2.0800
9,100,7.0400,352,29,71,6.478223,0.418928,2.0758
9,100,7.0600,353,35,65,6.439426,0.408451,2.0702
9,100,7.0800,354,36,64,6.406405,0.388130,2.0679
9,100,7.1000,355,36,64,6.379251,0.384373,2.0664
9,100,7.1200,356,36,64,6.358038,0.386119,2.0630
9,100,7.1400,357,36,64,6.342825,0.390904,2.0622
9,100,7.1600,358,38,62,6.333657,0.376453,2.0619
9,100,7.1800,359,38,62,6.330560,0.377747,2.0619
9,100,7.2000,360,41,59,6.333541,0.371630,2.0621
9,100,7.2200,361,42,58,6.342593,0.349835,2.0624
9,100,7.2400,362,42,58,6.357690,0.321224,2.0625
9,100,7.2600,363,43,57,6.378789,0.321835,2.0625
9,100,7.2800,364,43,57,6.405830,0.316447,2.0625
9,100,7.3000,365,44,56,6.438739,0.306244,2.0626
9,100,7.3200,366,45,55,6.477427,0.301168,2.0626
9,100,7.3400,367,51,49,6.521789,0.271239,2.0628
9,100,7.3600,368,51,49,6.571712,0.249263,2.0627
9,100,7.3800,369,51,49,6.627070,0.242186,2.0627
9,100,7.4000,370,51,49,4.717031,0.215901,2.0626
9,100,7.4200,371,51,49,4.617799,0.212658,2.0625
9,100,7.4400,372,51,49,4.524904,0.209552,2.0626
9,100,7.4600,373,52,48,4.438742,0.206303,2.0625
9,100,7.4800,374,52,48,4.359712,0.206402,2.0625
9,100,7.5000,375,52,48,4.288209,0.203152,2.0625
9,100,7.5200,376,53,47,4.224615,0.195001,2.0625
9,100,7.5400,377,53,47,4.169292,0.190177,2.0623
9,100,7.5600,378,53,47,4.122574,0.174821,2.0624
9,100,7.5800,379,53,47,4.084754,0.163008,2.0625
9,100,7.6000,380,53,47,4.056083,0.162714,2.0624
9,100,7.6200,381,54,46,4.036756,0.148309,2.0624
9,100,7.6400,382,54,46,4.026905,0.144932,2.0624
9,100,7.6600,383,54,46,4.026602,0.132312,2.0625
9,100,7.6800,384,54,46,4.035849,0.132242,2.0626
9,100,7.7000,385,54,46,4.054579,0.128963,2.0626
9,100,7.7200,386,54,46,4.082663,0.124864,2.0622
9,100,7.7400,387,54,46,4.119909,0.127512,2.0621
9,100,7.7600,388,54,46,4.166072,0.121683,2.0622
9,100,7.7800,389,54,46,4.220859,0.114942,2.0622
9,100,7.8000,390,54,46,4.283938,0.116170,2.0622
9,100,7.8200,391,54,46,4.354951,0.119765,2.0622
9,100,7.8400,392,54,46,4.433515,0.123053,2.0622
9,100,7.8600,393,54,46,4.519237,0.127737,2.0622
9,100,7.8800,394,54,46,4.611718,0.130574,2.0621
9,100,7.9000,395,54,46,4.710559,0.132877,2.0621
9,100,7.9200,396,54,46,4.815369,0.122762,2.0621
9,100,7.9400,397,53,47,4.925767,0.103572,2.0622
9,100,7.9600,398,53,47,1.887769,0.072843,2.0622
9,100,7.9800,399,53,47,1.815163,0.072252,2.0622
9,100,8.0000,400,53,47,1.743471,0.068479,2.0622
9,100,8.0200,401,53,47,1.668973,0.061246,2.0622
9,100,8.0400,402,53,47,1.607189,0.061776,2.0623
9,100,8.0600,403,53,47,1.678295,0.062330,2.0623
9,100,8.0800,404,53,47,1.792808,0.061266,2.0623
9,100,8.1000,405,53,47,1.908105,0.064657,2.0623
9,100,8.1200,406,53,47,1.639348,0.064349,2.0623
9,100,8.1400,407,54,46,1.390437,0.059972,2.0623
9,100,8.1600,408,54,46,1.370242,0.051279,2.0623
9,100,8.1800,409,56,44,1.357344,0.052171,2.0623
9,100,8.2000,410,56,44,1.352094,0.054048,2.0623
9,100,8.2200,411,56,44,1.354331,0.054572,2.0623
9,100,8.2400,412,56,44,1.428839,0.050476,2.0623
9,100,8.2600,413,56,44,1.513738,0.049955,2.0623
9,100,8.2800,414,83,17,1.603888,0.051363,2.0623
9,100,8.3000,415,83,17,1.698661,0.054396,2.0623
9,100,8.3200,416,83,17,1.798945,0.057731,2.0623
9,100,8.3400,417,83,17,1.903952,0.061064,2.0623
9,100,8.3600,418,83,17,2.013887,0.049745,2.0623
9,100,8.3800,419,85,15,1.926580,0.043787,2.0623
9,100,8.4000,420,85,15,1.713434,0.040073,2.0623
9,100,8.4200,421,91,9,1.789003,0.039334,2.0623
9,100,8.4400,422,94,6,1.870386,0.035747,2.0623
9,100,8.4600,423,94,6,1.958676,0.033576,2.0623
9,100,8.4800,424,94,6,2.053306,0.035036,2.0623
9,100,8.5000,425,94,6,2.154359,0.036751,2.0623
9,100,8.5200,426,94,6,2.261541,0.037472,2.0623
9,100,8.5400,427,94,6,2.373939,0.035386,2.0623
9,100,8.5600,428,94,6,2.313487,0.033410,2.0623
9,100,8.5800,429,94,6,0.571811,0.012737,2.0623
9,100,8.6000,430,94,6,0.606950,0.010896,2.0623
9,100,8.6200,431,94,6,0.644520,0.009461,2.0623
9,100,8.6400,432,94,6,0.684516,0.008350,2.0623
9,100,8.6600,433,94,6,0.727390,0.008256,2.0623
9,100,8.6800,434,94,6,0.773158,0.010442,2.0623
9,100,8.7000,435,94,6,0.821700,0.012810,2.0623
9,100,8.7200,436,95,5,0.873743,0.015228,2.0623
9,100,8.7400,437,95,5,0.928867,0.014943,2.0623
9,100,8.7600,438,96,4,0.987859,0.014711,2.0623
9,100,8.7800,439,96,4,1.050172,0.016108,2.0623
9,100,8.8000,440,96,4,1.116804,0.017584,2.0623
9,100,8.8200,441,97,3,1.187023,0.019146,2.0623
9,100,8.8400,442,97,3,1.262079,0.020835,2.0623
9,100,8.8600,443,97,3,1.340821,0.022614,2.0623
9,100,8.8800,444,97,3,1.425100,0.022694,2.0623
9,100,8.9000,445,97,3,1.512887,0.017824,2.0623
9,100,8.9200,446,97,3,1.607303,0.017733,2.0623
9,100,8.9400,447,97,3,1.587546,0.016506,2.0623
9,100,8.9600,448,97,3,0.433978,0.004736,2.0623
9,100,8.9800,449,97,3,0.337037,0.004793,2.0623
9,100,9.0000,450,97,3,0.245257,0.004796,2.0623
9,100,9.0200,451,97,3,0.187998,0.003224,2.0623
9,100,9.0400,452,97,3,0.034478,0.000678,2.0623
9,100,9.0600,453,97,3,0.065895,0.000839,2.0623
9,100,9.0800,454,97,3,0.166418,0.001751,2.0623
9,100,9.1000,455,97,3,0.267375,0.002690,2.0623
9,100,9.1200,456,97,3,0.369023,0.003693,2.0623
9,100,9.1400,457,98,2,0.310566,0.003109,2.0623
9,100,9.1600,458,98,2,0.057631,0.000577,2.0623
9,100,9.1800,459,98,2,0.017398,0.000174,2.0623
9,100,9.2000,460,98,2,0.009100,0.000091,2.0623
9,100,9.2200,461,98,2,0.002136,0.000021,2.0623
9,100,9.2400,462,98,2,0.000283,0.000003,2.0623
9,100,9.2600,463,98,2,0.000131,0.000001,2.0623
9,100,9.2800,464,98,2,0.000114,0.000001,2.0623
9,100,9.3000,465,98,2,0.000098,0.000001,2.0623
9,100,9.3200,466,98,2,0.000077,0.000001,2.0623
9,100,9.3400,467,98,2,0.000077,0.000001,2.0623
9,100,9.3600,468,98,2,0.000077,0.000001,2.0623
9,100,9.3800,469,98,2,0.000080,0.000001,2.0623
9,100,9.4000,470,98,2,0.000077,0.000001,2.0623
9,100,9.4200,471,98,2,0.000076,0.000001,2.0623
9,100,9.4400,472,98,2,0.000080,0.000001,2.0623
9,100,9.4600,473,99,1,0.000077,0.000001,2.0623
9,100,9.4800,474,99,1,0.000080,0.000001,2.0623
9,100,9.5000,475,100,0,0.000000,0.000000,2.0623
10,100,0.0200,1,0,100,0.000000,0.000000,99.5000
10,100,0.0400,2,0,100,0.196200,0.182810,99.4961
10,100,0.0600,3,0,100,0.392400,0.357699,99.4882
10,100,0.0800,4,0,100,0.588600,0.525148,99.4765
10,100,0.1000,5,0,100,0.784800,0.685296,99.4608
10,100,0.1200,6,0,100,0.981000,0.838179,99.4411
10,100,0.1400,7,0,100,1.177198,0.983793,99.4176
10,100,0.1600,8,0,100,1.373387,1.122128,99.3901
10,100,0.1800,9,0,100,1.569527,1.253168,99.3587
10,100,0.2000,10,0,100,1.765468,1.376903,99.3234
10,100,0.2200,11,0,100,1.960933,1.493320,99.2842
10,100,0.2400,12,0,100,2.155365,1.602417,99.2411
10,100,0.2600,13,0,100,2.347891,1.704186,99.1941
10,100,0.2800,14,0,100,2.537252,1.798622,99.1433
10,100,0.3000,15,0,100,2.721848,1.885799,99.0888
10,100,0.3200,16,0,100,2.899853,1.965557,99.0307
10,100,0.3400,17,0,100,3.069071,2.037945,98.9691
10,100,0.3600,18,0,100,3.227607,2.105477,98.9044
10,100,0.3800,19,0,100,3.373209,2.169578,98.8367
10,100,0.4000,20,0,100,3.503852,2.226701,98.7663
10,100,0.4200,21,0,100,3.618058,2.276609,98.6936
10,100,0.4400,22,0,100,3.714473,2.319399,98.6190
10,100,0.4600,23,0,100,3.792033,2.354900,98.5428
10,100,0.4800,24,0,100,3.850188,2.383842,98.4654
10,100,0.5000,25,0,100,3.888647,2.405842,98.3873
10,100,0.5200,26,0,100,3.907825,2.421031,98.3087
10,100,0.5400,27,0,100,3.908133,2.429410,98.2302
10,100,0.5600,28,0,100,3.890555,2.431057,98.1521
10,100,0.5800,29,0,100,3.856726,2.425961,98.0746
10,100,0.6000,30,0,100,3.808386,2.415087,97.9982
10,100,0.6200,31,0,100,3.747604,2.397644,97.9230
10,100,0.6400,32,0,100,3.676659,2.373125,97.8494
10,100,0.6600,33,0,100,3.598013,2.339054,97.7773
10,100,0.6800,34,0,100,3.513744,2.299589,97.7070
10,100,0.7000,35,0,100,3.425508,2.260721,97.6386
10,100,0.7200,36,0,100,3.334231,2.213932,97.5720
10,100,0.7400,37,0,100,3.239959,2.164263,97.5073
10,100,0.7600,38,0,100,3.142140,2.114819,97.4446
10,100,0.7800,39,0,100,3.040295,2.071730,97.3839
10,100,0.8000,40,0,100,2.933838,2.005300,97.3254
10,100,0.8200,41,0,100,2.821777,1.942972,97.2691
10,100,0.8400,42,0,100,2.703347,1.882393,97.2152
10,100,0.8600,43,0,100,2.577518,1.846191,97.1638
10,100,0.8800,44,0,100,2.443822,1.794390,97.1150
10,100,0.9000,45,0,100,2.302097,1.769070,97.0692
10,100,0.9200,46,0,100,2.506741,1.729564,97.0263
10,100,0.9400,47,0,100,2.713093,1.727490,96.9866
10,100,0.9600,48,0,100,3.106426,1.722351,96.9502
10,100,0.9800,49,0,100,3.422252,1.697978,96.9170
10,100,1.0000,50,0,100,3.754358,1.727020,96.8871
10,100,1.0200,51,0,100,5.310117,1.803644,96.8605
10,100,1.0400,52,0,100,5.372433,1.812376,96.8369
10,100,1.0600,53,0,100,6.435910,1.863049,96.8161
10,100,1.0800,54,0,100,8.313608,1.960855,96.7978
10,100,1.1000,55,0,100,8.601179,2.113457,96.7817
10,100,1.1200,56,0,100,8.618590,2.256183,96.7674
10,100,1.1400,57,0,100,8.641714,2.415842,96.7543
10,100,1.1600,58,0,100,8.666587,2.580571,96.7419
10,100,1.1800,59,0,100,8.695817,2.750791,96.7297
10,100,1.2000,60,0,100,8.729361,2.924423,96.7172
10,100,1.2200,61,0,100,8.767167,3.101955,96.7040
10,100,1.2400,62,0,100,8.809182,3.281931,96.6897
10,100,1.2600,63,0,100,8.855346,3.464297,96.6739
10,100,1.2800,64,0,100,9.020153,3.646871,96.6562
10,100,1.3000,65,0,100,9.206885,3.827414,96.6363
10,100,1.3200,66,0,100,9.394005,4.005946,96.6138
10,100,1.3400,67,0,100,9.581487,4.184475,96.5884
10,100,1.3600,68,0,100,9.769311,4.363372,96.5599
10,100,1.3800,69,0,100,9.957458,4.541696,96.5277
10,100,1.4000,70,0,100,10.145910,4.719687,96.4917
10,100,1.4200,71,0,100,10.334650,4.899201,96.4517
10,100,1.4400,72,0,100,10.523670,5.079799,96.4076
10,100,1.4600,73,0,100,10.712940,5.261237,96.3596
10,100,1.4800,74,0,100,10.902460,5.443242,96.3076
10,100,1.5000,75,0,100,11.092210,5.626005,96.2517
10,100,1.5200,76,0,100,11.282180,5.810295,96.1918
10,100,1.5400,77,0,100,11.472360,5.995549,96.1280
10,100,1.5600,78,0,100,11.662730,6.181617,96.0604
10,100,1.5800,79,0,100,11.853300,6.365939,95.9887
10,100,1.6000,80,0,100,12.044050,6.548982,95.9132
10,100,1.6200,81,0,100,12.234980,6.733084,95.8337
10,100,1.6400,82,0,100,12.426060,6.918293,95.7503
10,100,1.6600,83,0,100,12.617310,7.104516,95.6630
10,100,1.6800,84,0,100,12.808700,7.290978,95.5718
10,100,1.7000,85,0,100,13.000240,7.477628,95.4766
10,100,1.7200,86,0,100,13.191910,7.664458,95.3776
10,100,1.7400,87,0,100,13.383720,7.851517,95.2746
10,100,1.7600,88,0,100,13.575650,8.038811,95.1676
10,100,1.7800,89,0,100,13.767700,8.226319,95.0568
10,100,1.8000,90,0,100,13.959870,8.414042,94.9420
10,100,1.8200,91,0,100,14.152140,8.601928,94.8233
10,100,1.8400,92,0,100,14.344530,8.789966,94.7007
10,100,1.8600,93,0,100,14.537010,8.978157,94.5741
10,100,1.8800,94,0,100,14.729600,9.166492,94.4436
10,100,1.9000,95,0,100,14.922280,9.269607,94.3092
10,100,1.9200,96,0,100,15.115040,9.455709,94.1709
10,100,1.9400,97,0,100,15.307900,9.644708,94.0287
10,100,1.9600,98,0,100,15.500840,9.716503,93.8825
10,100,1.9800,99,0,100,15.693860,9.783785,93.7324
10,100,2.0000,100,0,100,15.886960,9.744620,93.5784
10,100,2.0200,101,0,100,16.080130,9.820359,93.4205
10,100,2.0400,102,0,100,16.273380,9.996080,93.2586
10,100,2.0600,103,0,100,15.559110,10.037580,93.0928
10,100,2.0800,104,0,100,15.747610,10.130470,92.9231
10,100,2.1000,105,0,100,15.936290,10.299130,92.7494
10,100,2.1200,106,0,100,16.125150,10.425430,92.5719
10,100,2.1400,107,0,100,16.314190,10.590270,92.3904
10,100,2.1600,108,0,100,16.503390,10.745060,92.2050
10,100,2.1800,109,0,100,16.692760,10.915840,92.0157
10,100,2.2000,110,0,100,16.882280,11.046630,91.8224
10,100,2.2200,111,0,100,16.892750,10.997990,91.6252
10,100,2.2400,112,0,100,17.082740,11.145570,91.4241
10,100,2.2600,113,0,100,17.272880,11.304390,91.2191
10,100,2.2800,114,0,100,17.463140,11.301220,91.0101
10,100,2.3000,115,0,100,17.653540,11.417370,90.7973
10,100,2.3200,116,0,100,17.844060,11.570190,90.5804
10,100,2.3400,117,0,100,18.034710,11.726240,90.3597
10,100,2.3600,118,0,100,18.225470,11.893970,90.1351
10,100,2.3800,119,2,98,18.416350,12.054720,89.9065
10,100,2.4000,120,2,98,18.607330,12.211950,89.6740
10,100,2.4200,121,2,98,18.798430,12.227430,89.4376
10,100,2.4400,122,2,98,18.989630,12.378000,89.1972
10,100,2.4600,123,2,98,19.180930,12.547160,88.9530
10,100,2.4800,124,2,98,19.372330,12.709710,88.7048
10,100,2.5000,125,2,98,19.563820,12.847660,88.4526
10,100,2.5200,126,2,98,19.755400,13.008240,88.1966
10,100,2.5400,127,2,98,19.947080,13.000580,87.9366
10,100,2.5600,128,2,98,20.138840,12.973900,87.6727
10,100,2.5800,129,2,98,20.330690,12.764480,87.4049
10,100,2.6000,130,2,98,20.522620,12.918670,87.1332
10,100,2.6200,131,2,98,20.714840,13.068830,86.8575
10,100,2.6400,132,2,98,20.909700,12.922970,86.5779
10,100,2.6600,133,2,98,21.104590,13.067520,86.2944
10,100,2.6800,134,2,98,21.299510,13.216710,86.0070
10,100,2.7000,135,2,98,21.494440,13.360850,85.7156
10,100,2.7200,136,2,98,21.689400,13.487090,85.4204
10,100,2.7400,137,2,98,21.884380,13.601230,85.1212
10,100,2.7600,138,2,98,22.079390,13.586150,84.8180
10,100,2.7800,139,2,98,22.274410,13.579400,84.5110
10,100,2.8000,140,2,98,22.469460,13.627040,84.2000
10,100,2.8200,141,2,98,22.664520,13.761340,83.8851
10,100,2.8400,142,2,98,22.859610,13.859350,83.5663
10,100,2.8600,143,2,98,23.054710,13.776610,83.2435
10,100,2.8800,144,2,98,23.249830,13.859510,82.9168
10,100,2.9000,145,0,100,22.200500,13.579090,82.5862
10,100,2.9200,146,0,100,22.395310,13.714050,82.2517
10,100,2.9400,147,0,100,22.590150,13.827820,81.9133
10,100,2.9600,148,0,100,22.785000,13.967700,81.5709
10,100,2.9800,149,1,99,22.979880,14.088990,81.2246
10,100,3.0000,150,1,99,23.158760,14.159130,80.8744
10,100,3.0200,151,1,99,23.354920,14.224100,80.5202
10,100,3.0400,152,1,99,23.551080,14.353990,80.1622
10,100,3.0600,153,1,99,23.747240,14.365810,79.8002
10,100,3.0800,154,1,99,23.943400,14.378310,79.4343
10,100,3.1000,155,1,99,24.059790,14.338140,79.0644
10,100,3.1200,156,1,99,24.239610,14.227630,78.6907
10,100,3.1400,157,2,98,24.118570,14.054650,78.3130
10,100,3.1600,158,2,98,24.299260,14.129350,77.9314
10,100,3.1800,159,2,98,24.495270,14.248630,77.5458
10,100,3.2000,160,2,98,23.460870,14.366340,77.1564
10,100,3.2200,161,2,98,23.656900,14.383090,76.7630
10,100,3.2400,162,2,98,23.852940,14.432510,76.3657
10,100,3.2600,163,2,98,24.048970,14.528280,75.9645
10,100,3.2800,164,2,98,24.245010,14.618940,75.5593
10,100,3.3000,165,3,97,24.441060,14.696070,75.1502
10,100,3.3200,166,5,95,24.637100,14.815520,74.7372
10,100,3.3400,167,5,95,24.833150,14.919100,74.3203
10,100,3.3600,168,6,94,25.029200,14.968580,73.8995
10,100,3.3800,169,7,93,25.225260,15.091090,73.4747
10,100,3.4000,170,7,93,25.265600,14.944120,73.0460
10,100,3.4200,171,7,93,25.215260,15.035150,72.6134
10,100,3.4400,172,8,92,25.411440,15.009650,72.1768
10,100,3.4600,173,7,93,25.607630,15.129840,71.7363
10,100,3.4800,174,8,92,25.803820,15.232600,71.2920
10,100,3.5000,175,8,92,26.000010,15.005340,70.8436
10,100,3.5200,176,8,92,26.016320,14.881330,70.3914
10,100,3.5400,177,8,92,26.212370,14.920850,69.9352
10,100,3.5600,178,8,92,26.408430,14.992290,69.4751
10,100,3.5800,179,8,92,26.556610,15.076230,69.0111
10,100,3.6000,180,8,92,26.752130,15.100430,68.5432
10,100,3.6200,181,9,91,26.947660,15.181420,68.0713
10,100,3.6400,182,9,91,27.143190,15.287030,67.5955
10,100,3.6600,183,10,90,27.338740,15.404430,67.1158
10,100,3.6800,184,10,90,27.534290,15.512340,66.6322
10,100,3.7000,185,10,90,27.729860,15.613140,66.1446
10,100,3.7200,186,10,90,27.835090,15.609600,65.6531
10,100,3.7400,187,10,90,28.030530,15.719640,65.1577
10,100,3.7600,188,10,90,28.225980,15.493140,64.6584
10,100,3.7800,189,10,90,28.421440,15.518750,64.1552
10,100,3.8000,190,10,90,28.616910,15.579460,63.6480
10,100,3.8200,191,10,90,28.812390,15.474610,63.1369
10,100,3.8400,192,10,90,29.007880,15.581470,62.6219
10,100,3.8600,193,12,88,29.203390,15.361990,62.1029
10,100,3.8800,194,12,88,29.398900,15.387370,61.5800
10,100,3.9000,195,12,88,29.594420,15.451600,61.0532
10,100,3.9200,196,13,87,29.789940,15.257850,60.5225
10,100,3.9400,197,13,87,29.985480,15.276120,59.9879
10,100,3.9600,198,13,87,30.181030,15.238000,59.4493
10,100,3.9800,199,13,87,30.376580,15.070220,58.9068
10,100,4.0000,200,14,86,29.987930,14.835970,58.3604
10,100,4.0200,201,14,86,30.184030,14.927930,57.8100
10,100,4.0400,202,14,86,30.380120,15.017210,57.2558
10,100,4.0600,203,13,87,30.576220,15.081100,56.6976
10,100,4.0800,204,13,87,30.772320,14.844260,56.1355
10,100,4.1000,205,14,86,30.968420,14.884650,55.5694
10,100,4.1200,206,14,86,31.164520,14.982610,54.9995
10,100,4.1400,207,13,87,31.360630,14.669900,54.4256
10,100,4.1600,208,13,87,31.556730,14.487440,53.8478
10,100,4.1800,209,11,89,31.752840,14.427580,53.2660
10,100,4.2000,210,11,89,31.948940,13.835180,52.6804
10,100,4.2200,211,11,89,32.145050,13.863130,52.0908
10,100,4.2400,212,11,89,31.547640,13.752410,51.4973
10,100,4.2600,213,11,89,31.743690,13.751610,50.8999
10,100,4.2800,214,11,89,31.939750,13.791180,50.2985
10,100,4.3000,215,11,89,32.135800,13.857520,49.6932
10,100,4.3200,216,11,89,32.331860,13.917380,49.0840
10,100,4.3400,217,11,89,32.466940,13.726510,48.4709
10,100,4.3600,218,11,89,32.663100,13.799070,47.8539
10,100,4.3800,219,11,89,32.719240,13.697980,47.2329
10,100,4.4000,220,12,88,32.734670,13.357240,46.6080
10,100,4.4200,221,14,86,32.913540,13.153180,45.9792
10,100,4.4400,222,15,85,32.908520,12.897770,45.3464
10,100,4.4600,223,16,84,33.103100,12.955260,44.7098
10,100,4.4800,224,16,84,33.185310,12.981460,44.0692
10,100,4.5000,225,17,83,33.360210,13.043120,43.4246
10,100,4.5200,226,16,84,33.523720,13.008690,42.7762
10,100,4.5400,227,16,84,33.575820,12.966910,42.1238
10,100,4.5600,228,16,84,33.772020,13.025120,41.4675
10,100,4.5800,229,16,84,33.968220,12.871980,40.8073
10,100,4.6000,230,16,84,34.164420,12.937660,40.1432
10,100,4.6200,231,16,84,34.360620,12.960800,39.4751
10,100,4.6400,232,16,84,34.556820,13.000300,38.8032
10,100,4.6600,233,18,82,34.720280,12.513720,38.1272
10,100,4.6800,234,16,84,34.724650,12.415740,37.4474
10,100,4.7000,235,17,83,34.920850,11.781660,36.7637
10,100,4.7200,236,17,83,35.117050,11.577010,36.0760
10,100,4.7400,237,17,83,35.273090,11.482360,35.3844
10,100,4.7600,238,17,83,35.303150,11.426490,34.6888
10,100,4.7800,239,17,83,35.499340,11.407500,33.9894
10,100,4.8000,240,17,83,35.658820,11.183580,33.2860
10,100,4.8200,241,15,85,35.820730,11.123030,32.5787
10,100,4.8400,242,15,85,35.932410,10.608250,31.8675
10,100,4.8600,243,14,86,36.128600,10.516350,31.1523
10,100,4.8800,244,12,88,36.288600,10.384940,30.4332
10,100,4.9000,245,12,88,36.473100,10.378170,29.7103
10,100,4.9200,246,12,88,36.637440,10.403280,28.9833
10,100,4.9400,247,11,89,36.792590,10.291990,28.2525
10,100,4.9600,248,11,89,36.965950,10.295870,27.5177
10,100,4.9800,249,11,89,37.122540,10.316880,26.7790
10,100,5.0000,250,11,89,37.289190,10.291570,26.0364
10,100,5.0200,251,12,88,37.431920,10.149850,25.2899
10,100,5.0400,252,12,88,37.628120,9.987421,24.5394
10,100,5.0600,253,12,88,37.805270,9.291382,23.7850
10,100,5.0800,254,12,88,37.961050,8.968003,23.0267
10,100,5.1000,255,11,89,38.129430,8.034899,22.2645
10,100,5.1200,256,11,89,35.081610,8.006622,21.5227
10,100,5.1400,257,11,89,27.832620,6.889063,20.9497
10,100,5.1600,258,13,87,23.405820,6.024019,20.4992
10,100,5.1800,259,12,88,21.375560,5.661463,20.1198
10,100,5.2000,260,11,89,24.658110,5.496758,19.8064
10,100,5.2200,261,12,88,28.467080,5.453027,19.5371
10,100,5.2400,262,13,87,22.861460,5.377934,19.2944
10,100,5.2600,263,11,89,23.005320,5.380923,19.0427
10,100,5.2800,264,11,89,22.245710,5.126094,18.7770
10,100,5.3000,265,11,89,22.366340,4.971612,18.4995
10,100,5.3200,266,11,89,22.488030,4.891525,18.2180
10,100,5.3400,267,10,90,20.269700,4.734642,17.9325
10,100,5.3600,268,13,87,20.462080,4.508188,17.6432
10,100,5.3800,269,13,87,20.654530,4.461137,17.3499
10,100,5.4000,270,14,86,20.847050,4.424717,17.0527
10,100,5.4200,271,14,86,21.039640,4.394873,16.7515
10,100,5.4400,272,14,86,21.232300,4.342035,16.4465
10,100,5.4600,273,13,87,21.425010,4.332616,16.1375
10,100,5.4800,274,10,90,21.617800,4.319811,15.8246
10,100,5.5000,275,10,90,21.810640,4.175515,15.5078
10,100,5.5200,276,10,90,22.003540,4.172519,15.1870
10,100,5.5400,277,10,90,22.196500,4.123505,14.8623
10,100,5.5600,278,10,90,22.389510,4.084812,14.5337
10,100,5.5800,279,11,89,22.582590,3.871547,14.2012
10,100,5.6000,280,10,90,22.775710,3.718281,13.8647
10,100,5.6200,281,9,91,20.786850,3.630479,13.5244
10,100,5.6400,282,9,91,20.978460,3.456288,13.1801
10,100,5.6600,283,9,91,21.170160,3.388007,12.8318
10,100,5.6800,284,9,91,21.089810,3.210980,12.4797
10,100,5.7000,285,9,91,20.517090,2.915483,12.1236
10,100,5.7200,286,10,90,20.029600,2.772906,11.7636
10,100,5.7400,287,10,90,18.894660,2.672989,11.3997
10,100,5.7600,288,10,90,19.090600,2.676089,11.0319
10,100,5.7800,289,10,90,19.253920,2.619765,10.6601
10,100,5.8000,290,10,90,19.116870,2.592200,10.2844
10,100,5.8200,291,11,89,19.312210,2.518652,9.9048
10,100,5.8400,292,11,89,19.368340,2.462173,9.5213
10,100,5.8600,293,12,88,19.562620,2.434728,9.1338
10,100,5.8800,294,13,87,14.991070,2.410338,9.0464
10,100,5.9000,295,17,83,15.423980,2.403121,8.9139
10,100,5.9200,296,16,84,15.220690,2.330899,8.7343
10,100,5.9400,297,16,84,13.666570,2.223951,8.5246
10,100,5.9600,298,15,85,13.785690,2.170962,8.3075
10,100,5.9800,299,15,85,14.027380,2.101071,8.0943
10,100,6.0000,300,16,84,13.721580,2.077034,7.8881
10,100,6.0200,301,16,84,13.561780,2.078367,7.6809
10,100,6.0400,302,15,85,13.830950,1.983105,7.4697
10,100,6.0600,303,16,84,13.803230,1.944316,7.2546
10,100,6.0800,304,15,85,13.956830,1.891408,7.0377
10,100,6.1000,305,15,85,13.309670,1.847439,6.8210
10,100,6.1200,306,18,82,13.367420,1.842589,6.6226
10,100,6.1400,307,18,82,13.832880,1.801813,6.4268
10,100,6.1600,308,18,82,13.985360,1.771306,6.2264
10,100,6.1800,309,18,82,14.138910,1.673432,6.0207
10,100,6.2000,310,16,84,14.293500,1.598447,5.8110
10,100,6.2200,311,16,84,14.449110,1.575600,5.5974
10,100,6.2400,312,17,83,14.605690,1.581872,5.3799
10,100,6.2600,313,18,82,14.763220,1.498267,5.1585
10,100,6.2800,314,18,82,14.921670,1.496460,4.9331
10,100,6.3000,315,18,82,15.081010,1.443762,4.7038
10,100,6.3200,316,17,83,15.241200,1.389831,4.4706
10,100,6.3400,317,17,83,13.581250,1.303149,4.2335
10,100,6.3600,318,17,83,14.420110,1.295819,4.0728
10,100,6.3800,319,17,83,14.565920,1.264649,3.8926
10,100,6.4000,320,17,83,14.687380,1.225332,3.6953
10,100,6.4200,321,17,83,14.810440,1.209891,3.4929
10,100,6.4400,322,17,83,14.935070,1.185733,3.2867
10,100,6.4600,323,17,83,15.061210,1.167411,3.0765
10,100,6.4800,324,18,82,15.188850,1.172995,2.8624
10,100,6.5000,325,21,79,15.317940,1.168028,2.6444
10,100,6.5200,326,21,79,14.332650,1.088369,2.4224
10,100,6.5400,327,22,78,13.136940,1.062784,2.1966
10,100,6.5600,328,22,78,10.113140,0.721175,2.1743
10,100,6.5800,329,22,78,10.043230,0.724375,2.2554
10,100,6.6000,330,21,79,9.976682,0.729949,2.2863
10,100,6.6200,331,20,80,9.913573,0.693315,2.3063
10,100,6.6400,332,20,80,9.853968,0.678143,2.3335
10,100,6.6600,333,21,79,9.797929,0.667213,2.3597
10,100,6.6800,334,21,79,9.745518,0.644896,2.3816
10,100,6.7000,335,21,79,9.696795,0.634776,2.4001
10,100,6.7200,336,21,79,9.651814,0.613154,2.4155
10,100,6.7400,337,21,79,9.610630,0.611955,2.4280
10,100,6.7600,338,22,78,9.573290,0.602778,2.4371
10,100,6.7800,339,22,78,9.539840,0.563875,2.4431
10,100,6.8000,340,24,76,9.510321,0.529698,2.4460
10,100,6.8200,341,24,76,9.484769,0.504574,2.4487
10,100,6.8400,342,24,76,9.463217,0.474713,2.4489
10,100,6.8600,343,24,76,9.445691,0.469988,2.4487
10,100,6.8800,344,24,76,9.432216,0.462672,2.4464
10,100,6.9000,345,24,76,9.422807,0.460758,2.4416
10,100,6.9200,346,24,76,9.417477,0.461688,2.4346
10,100,6.9400,347,25,75,9.416233,0.452087,2.4248
10,100,6.9600,348,25,75,9.419077,0.435948,2.4148
10,100,6.9800,349,25,75,9.426004,0.433757,2.4080
10,100,7.0000,350,25,75,9.437007,0.416670,2.4014
10,100,7.0200,351,26,74,9.452070,0.417758,2.3932
10,100,7.0400,352,25,75,9.471174,0.421351,2.3825
10,100,7.0600,353,27,73,9.494295,0.402881,2.3697
10,100,7.0800,354,27,73,9.521404,0.404586,2.3552
10,100,7.1000,355,27,73,9.552466,0.412937,2.3382
10,100,7.1200,356,27,73,9.587444,0.416505,2.3185
10,100,7.1400,357,30,70,9.626295,0.390577,2.2968
10,100,7.1600,358,32,68,9.668971,0.380307,2.2729
10,100,7.1800,359,33,67,9.715423,0.380165,2.2461
10,100,7.2000,360,33,67,9.765596,0.359212,2.2183
10,100,7.2200,361,32,68,9.819434,0.343800,2.1872
10,100,7.2400,362,33,67,9.876877,0.343616,2.1523
10,100,7.2600,363,38,62,9.937861,0.340775,2.1138
10,100,7.2800,364,38,62,10.002320,0.334315,2.0724
10,100,7.3000,365,38,62,10.070200,0.326041,2.0276
10,100,7.3200,366,38,62,10.141410,0.328051,1.9797
10,100,7.3400,367,38,62,10.215900,0.312629,1.9296
10,100,7.3600,368,38,62,7.293149,0.272477,1.8812
10,100,7.3800,369,38,62,7.214715,0.266962,1.8372
10,100,7.4000,370,38,62,7.140811,0.266861,1.8348
10,100,7.4200,371,38,62,7.071580,0.267470,1.8320
10,100,7.4400,372,38,62,7.007160,0.249919,1.8289
10,100,7.4600,373,40,60,6.947686,0.248432,1.8251
10,100,7.4800,374,40,60,6.893284,0.250901,1.8210
10,100,7.5000,375,40,60,6.844076,0.255911,1.8162
10,100,7.5200,376,40,60,6.800175,0.235058,1.8105
10,100,7.5400,377,40,60,6.761684,0.241075,1.8043
10,100,7.5600,378,40,60,6.728696,0.241084,1.7973
10,100,7.5800,379,40,60,6.701293,0.239354,1.7890
10,100,7.6000,380,41,59,6.679543,0.243391,1.7799
10,100,7.6200,381,41,59,6.663500,0.245920,1.7692
10,100,7.6400,382,41,59,6.653208,0.243387,1.7555
10,100,7.6600,383,43,57,6.648692,0.240239,1.7400
10,100,7.6800,384,43,57,6.649963,0.233136,1.7222
10,100,7.7000,385,43,57,6.657020,0.236385,1.7017
10,100,7.7200,386,43,57,6.669843,0.220035,1.6865
10,100,7.7400,387,43,57,6.688400,0.221906,1.6865
10,100,7.7600,388,43,57,6.712642,0.209637,1.6866
10,100,7.7800,389,43,57,6.742508,0.208656,1.6865
10,100,7.8000,390,43,57,6.777925,0.207483,1.6862
10,100,7.8200,391,43,57,6.818805,0.202661,1.6858
10,100,7.8400,392,42,58,6.865051,0.176278,1.6858
10,100,7.8600,393,42,58,6.916555,0.175868,1.6857
10,100,7.8800,394,44,56,6.973202,0.177932,1.6857
10,100,7.9000,395,43,57,7.034866,0.157646,1.6855
10,100,7.9200,396,43,57,7.101417,0.151075,1.6853
10,100,7.9400,397,43,57,7.172718,0.152000,1.6852
10,100,7.9600,398,43,57,7.248631,0.158044,1.6852
10,100,7.9800,399,43,57,7.329010,0.155276,1.6854
10,100,8.0000,400,44,56,7.413712,0.153987,1.6854
10,100,8.0200,401,44,56,4.871221,0.125391,1.6854
10,100,8.0400,402,44,56,4.782024,0.120394,1.6854
10,100,8.0600,403,44,56,4.699330,0.117510,1.6854
10,100,8.0800,404,44,56,4.623488,0.117155,1.6853
10,100,8.1000,405,44,56,4.554840,0.103524,1.6853
10,100,8.1200,406,45,55,4.493716,0.103870,1.6853
10,100,8.1400,407,45,55,4.440426,0.104327,1.6852
10,100,8.1600,408,45,55,4.395257,0.106379,1.6852
10,100,8.1800,409,45,55,4.358459,0.108546,1.6852
10,100,8.2000,410,45,55,4.330246,0.109342,1.6851
10,100,8.2200,411,45,55,4.310788,0.101400,1.6851
10,100,8.2400,412,46,54,4.300202,0.101044,1.6850
10,100,8.2600,413,46,54,4.298555,0.100272,1.6850
10,100,8.2800,414,47,53,4.305857,0.101035,1.6849
10,100,8.3000,415,47,53,4.322062,0.105188,1.6849
10,100,8.3200,416,47,53,4.347070,0.105243,1.6848
10,100,8.3400,417,47,53,4.380732,0.103375,1.6848
10,100,8.3600,418,47,53,4.422849,0.104627,1.6848
10,100,8.3800,419,47,53,4.473183,0.106569,1.6848
10,100,8.4000,420,47,53,4.531459,0.110016,1.6848
10,100,8.4200,421,46,54,4.597376,0.079126,1.6848
10,100,8.4400,422,46,54,4.670611,0.069164,1.6848
10,100,8.4600,423,46,54,4.750824,0.067540,1.6848
10,100,8.4800,424,46,54,4.837669,0.067159,1.6848
10,100,8.5000,425,46,54,4.930796,0.067119,1.6848
10,100,8.5200,426,46,54,3.032985,0.047949,1.6848
10,100,8.5400,427,46,54,2.952533,0.046898,1.6848
10,100,8.5600,428,46,54,2.875718,0.043037,1.6848
10,100,8.5800,429,46,54,2.808511,0.039719,1.6848
10,100,8.6000,430,46,54,2.753670,0.038045,1.6847
10,100,8.6200,431,46,54,2.711947,0.036978,1.6847
10,100,8.6400,432,52,48,2.683952,0.035801,1.6847
10,100,8.6600,433,52,48,2.670119,0.035438,1.6847
10,100,8.6800,434,52,48,2.670666,0.035132,1.6847
10,100,8.7000,435,52,48,2.685585,0.035134,1.6847
10,100,8.7200,436,52,48,2.714640,0.035718,1.6847
10,100,8.7400,437,52,48,2.757383,0.036568,1.6847
10,100,8.7600,438,52,48,2.813190,0.034316,1.6847
10,100,8.7800,439,52,48,2.881302,0.034027,1.6847
10,100,8.8000,440,52,48,2.960871,0.034214,1.6847
10,100,8.8200,441,52,48,3.051000,0.034991,1.6847
10,100,8.8400,442,52,48,3.150784,0.035246,1.6847
10,100,8.8600,443,52,48,3.259334,0.036080,1.6847
10,100,8.8800,444,53,47,3.375807,0.037732,1.6847
10,100,8.9000,445,53,47,2.467288,0.029112,1.6847
10,100,8.9200,446,53,47,2.499648,0.029948,1.6847
10,100,8.9400,447,98,2,2.544116,0.027547,1.6847
10,100,8.9600,448,98,2,2.529395,0.027902,1.6847
10,100,8.9800,449,98,2,1.472344,0.017843,1.6847
10,100,9.0000,450,98,2,1.365704,0.017301,1.6847
10,100,9.0200,451,98,2,1.268461,0.016867,1.6847
10,100,9.0400,452,98,2,1.181792,0.016554,1.6847
10,100,9.0600,453,98,2,1.087559,0.016182,1.6847
10,100,9.0800,454,98,2,1.005457,0.015953,1.6847
10,100,9.1000,455,98,2,0.930713,0.015822,1.6847
10,100,9.1200,456,98,2,0.862739,0.015780,1.6847
10,100,9.1400,457,98,2,0.803495,0.015854,1.6847
10,100,9.1600,458,98,2,0.851484,0.016050,1.6847
10,100,9.1800,459,98,2,0.923712,0.016385,1.6847
10,100,9.2000,460,98,2,0.999688,0.016886,1.6847
10,100,9.2200,461,98,2,1.078774,0.017549,1.6847
10,100,9.2400,462,98,2,1.162073,0.018395,1.6847
10,100,9.2600,463,98,2,1.248595,0.019397,1.6847
10,100,9.2800,464,98,2,1.340273,0.020590,1.6847
10,100,9.3000,465,98,2,1.434644,0.021931,1.6847
10,100,9.3200,466,98,2,1.284971,0.020949,1.6847
10,100,9.3400,467,98,2,0.870805,0.012888,1.6847
10,100,9.3600,468,98,2,0.939679,0.012671,1.6847
10,100,9.3800,469,98,2,1.013503,0.012386,1.6847
10,100,9.4000,470,98,2,1.094814,0.012198,1.6847
10,100,9.4200,471,98,2,0.505090,0.005299,1.6847
10,100,9.4400,472,98,2,0.355360,0.004308,1.6847
10,100,9.4600,473,98,2,0.286638,0.004624,1.6847
10,100,9.4800,474,98,2,0.276617,0.005209,1.6847
10,100,9.5000,475,98,2,0.378172,0.006197,1.6847
10,100,9.5200,476,98,2,0.328802,0.006092,1.6847
10,100,9.5400,477,98,2,0.347217,0.004083,1.6847
10,100,9.5600,478,98,2,0.430512,0.004598,1.6847
10,100,9.5800,479,98,2,0.521181,0.005378,1.6847
10,100,9.6000,480,98,2,0.617539,0.006213,1.6847
10,100,9.6200,481,98,2,0.651403,0.006517,1.6847
10,100,9.6400,482,98,2,0.644851,0.006452,1.6847
10,100,9.6600,483,98,2,0.708552,0.007087,1.6847
10,100,9.6800,484,98,2,0.775374,0.007754,1.6847
10,100,9.7000,485,98,2,0.845251,0.008453,1.6847
10,100,9.7200,486,98,2,0.919028,0.009191,1.6847
10,100,9.7400,487,98,2,0.996726,0.009968,1.6847
10,100,9.7600,488,98,2,1.077474,0.010775,1.6847
10,100,9.7800,489,98,2,1.162397,0.011625,1.6847
10,100,9.8000,490,98,2,1.250470,0.012505,1.6847
10,100,9.8200,491,98,2,1.343756,0.013438,1.6847
10,100,9.8400,492,98,2,1.439538,0.014396,1.6847
10,100,9.8600,493,98,2,0.830599,0.008307,1.6847
10,100,9.8800,494,98,2,0.371447,0.003715,1.6847
10,100,9.9000,495,98,2,0.279465,0.002795,1.6847
10,100,9.9200,496,99,1,0.177015,0.001770,1.6847
10,100,9.9400,497,99,1,0.075056,0.000751,1.6847
10,100,9.9600,498,99,1,0.025359,0.000254,1.6847
10,100,9.9800,499,99,1,0.125959,0.001260,1.6847
10,100,10.0000,500,99,1,0.226916,0.002269,1.6847
10,100,10.0200,501,99,1,0.328532,0.003285,1.6847
10,100,10.0400,502,99,1,0.369576,0.003696,1.6847
10,100,10.0600,503,99,1,0.078223,0.000782,1.6847
10,100,10.0800,504,99,1,0.023597,0.000236,1.6847
10,100,10.1000,505,99,1,0.015947,0.000159,1.6847
10,100,10.1200,506,99,1,0.004449,0.000044,1.6847
10,100,10.1400,507,99,1,0.000661,0.000007,1.6847
10,100,10.1600,508,99,1,0.000385,0.000004,1.6847
10,100,10.1800,509,99,1,0.000117,0.000001,1.6847
10,100,10.2000,510,99,1,0.000054,0.000001,1.6847
10,100,10.2200,511,99,1,0.000023,0.000000,1.6847
10,100,10.2400,512,99,1,0.000018,0.000000,1.6847
10,100,10.2600,513,99,1,0.000003,0.000000,1.6847
10,100,10.2800,514,99,1,0.000000,0.000000,1.6847
10,100,10.3001,515,99,1,0.000005,0.000000,1.6847
10,100,10.3201,516,100,0,0.000000,0.000000,1.6847
