run,num_cubos,t_s,phys_frame,asleep,active_objs,max_v,mean_v,top_y
1,10,0.0030,1,0,0,0.000000,0.000000,9.5000
1,10,0.0190,2,0,0,0.190132,0.130402,9.4962
1,10,0.0210,3,0,0,0.318251,0.204165,9.4898
1,10,0.0430,4,0,0,0.352141,0.222517,9.4828
1,10,0.0630,5,0,0,0.303652,0.192041,9.4768
1,10,0.0830,6,0,0,0.204232,0.128904,9.4727
1,10,0.1030,7,0,0,0.088388,0.055488,9.4711
1,10,0.1230,8,0,0,0.042942,0.027771,9.4717
1,10,0.1430,9,0,0,0.114489,0.073971,9.4739
1,10,0.1630,10,0,0,0.154113,0.099627,9.4769
1,10,0.1830,11,0,0,0.154150,0.100372,9.4800
1,10,0.2030,12,0,0,0.122373,0.081483,9.4825
1,10,0.2230,13,0,0,0.073102,0.052458,9.4839
1,10,0.2430,14,0,0,0.041509,0.026996,9.4843
1,10,0.2630,15,0,0,0.046818,0.031763,9.4837
1,10,0.2830,16,0,0,0.063042,0.046153,9.4825
1,10,0.3030,17,0,0,0.075196,0.051764,9.4811
1,10,0.3230,18,0,0,0.072048,0.047646,9.4798
1,10,0.3430,19,0,0,0.060405,0.036881,9.4788
1,10,0.3630,20,0,0,0.051723,0.024726,9.4784
1,10,0.3830,21,0,0,0.055345,0.018485,9.4784
1,10,0.4030,22,0,0,0.066535,0.023093,9.4788
1,10,0.4230,23,0,0,0.076294,0.028495,9.4794
1,10,0.4430,24,0,0,0.080934,0.030166,9.4800
1,10,0.4630,25,0,0,0.080761,0.028388,9.4805
1,10,0.4830,26,10,0,0.000000,0.000000,9.4808
2,10,0.0170,1,0,0,0.000000,0.000000,9.5000
2,10,0.0370,2,0,0,0.187707,0.129799,9.4962
2,10,0.0570,3,0,0,0.311616,0.203668,9.4900
2,10,0.0770,4,0,0,0.344158,0.221506,9.4832
2,10,0.0970,5,0,0,0.297365,0.191565,9.4772
2,10,0.1170,6,0,0,0.200610,0.129946,9.4733
2,10,0.1370,7,0,0,0.087237,0.057128,9.4716
2,10,0.1570,8,0,0,0.042661,0.025742,9.4722
2,10,0.1770,9,0,0,0.112494,0.070867,9.4743
2,10,0.1970,10,0,0,0.151699,0.096352,9.4772
2,10,0.2170,11,0,0,0.151891,0.097165,9.4802
2,10,0.2370,12,0,0,0.106742,0.058785,9.4823
2,10,0.2570,13,0,0,0.040562,0.031216,9.4829
2,10,0.2770,14,0,0,0.053281,0.039666,9.4823
2,10,0.2970,15,0,0,0.087044,0.063979,9.4807
2,10,0.3170,16,0,0,0.108985,0.079158,9.4788
2,10,0.3370,17,0,0,0.112240,0.081935,9.4768
2,10,0.3570,18,0,0,0.135313,0.103105,9.4748
2,10,0.3770,19,0,0,0.132155,0.099318,9.4724
2,10,0.3970,20,0,0,0.118157,0.089118,9.4703
2,10,0.4170,21,0,0,0.103798,0.077741,9.4690
2,10,0.4370,22,0,0,0.112864,0.074266,9.4687
2,10,0.4570,23,0,0,0.123801,0.082011,9.4693
2,10,0.4770,24,0,0,0.143945,0.090951,9.4704
2,10,0.4970,25,0,0,0.153588,0.094314,9.4717
2,10,0.5170,26,0,0,0.155292,0.091841,9.4731
2,10,0.5370,27,0,0,0.153588,0.084305,9.4742
2,10,0.5570,28,0,0,0.154091,0.074842,9.4748
2,10,0.5770,29,0,0,0.161746,0.066437,9.4751
2,10,0.5970,30,0,0,0.174922,0.061545,9.4749
2,10,0.6170,31,0,0,0.190339,0.061845,9.4744
2,10,0.6370,32,0,0,0.204970,0.066982,9.4738
2,10,0.6570,33,0,0,0.216873,0.073550,9.4732
2,10,0.6770,34,0,0,0.217333,0.080907,9.4726
2,10,0.6970,35,0,0,0.219516,0.086440,9.4723
2,10,0.7170,36,0,0,0.220441,0.090349,9.4721
2,10,0.7370,37,0,0,0.218095,0.093476,9.4722
2,10,0.7570,38,0,0,0.211617,0.096499,9.4725
2,10,0.7770,39,0,0,0.207517,0.099336,9.4727
2,10,0.7970,40,0,0,0.198037,0.101808,9.4729
2,10,0.8170,41,0,0,0.185117,0.103723,9.4731
2,10,0.8370,42,0,0,0.177142,0.105246,9.4732
2,10,0.8570,43,0,0,0.175037,0.106836,9.4731
2,10,0.8770,44,0,0,0.178537,0.108775,9.4730
2,10,0.8970,45,0,0,0.186585,0.110910,9.4728
2,10,0.9170,46,0,0,0.197770,0.112720,9.4727
2,10,0.9370,47,0,0,0.210705,0.113715,9.4725
2,10,0.9570,48,0,0,0.224278,0.113673,9.4724
2,10,0.9770,49,0,0,0.237650,0.112606,9.4723
2,10,0.9970,50,0,0,0.250183,0.110161,9.4723
2,10,1.0170,51,0,0,0.261432,0.106472,9.4723
2,10,1.0370,52,0,0,0.271339,0.102210,9.4723
2,10,1.0570,53,0,0,0.279940,0.098142,9.4723
2,10,1.0770,54,0,0,0.286927,0.094718,9.4722
2,10,1.0970,55,0,0,0.291584,0.092509,9.4721
2,10,1.1170,56,0,0,0.293060,0.092399,9.4720
2,10,1.1370,57,0,0,0.290763,0.093879,9.4719
2,10,1.1570,58,0,0,0.284540,0.095940,9.4719
2,10,1.1770,59,0,0,0.274705,0.098067,9.4719
2,10,1.1970,60,0,0,0.261802,0.099783,9.4719
2,10,1.2170,61,0,0,0.247000,0.100980,9.4719
2,10,1.2370,62,0,0,0.230637,0.101701,9.4718
2,10,1.2570,63,0,0,0.230804,0.101751,9.4717
2,10,1.2770,64,0,0,0.214674,0.101005,9.4715
2,10,1.2970,65,0,0,0.197726,0.098500,9.4713
2,10,1.3170,66,0,0,0.186380,0.094666,9.4710
2,10,1.3370,67,0,0,0.180175,0.090387,9.4708
2,10,1.3570,68,0,0,0.177829,0.085637,9.4705
2,10,1.3770,69,0,0,0.178038,0.080485,9.4703
2,10,1.3970,70,0,0,0.178901,0.075181,9.4701
2,10,1.4170,71,0,0,0.178800,0.069775,9.4699
2,10,1.4370,72,0,0,0.176877,0.064453,9.4698
2,10,1.4570,73,0,0,0.172966,0.059627,9.4697
2,10,1.4770,74,0,0,0.167195,0.055390,9.4696
2,10,1.4970,75,0,0,0.159661,0.051354,9.4696
2,10,1.5170,76,0,0,0.150294,0.047133,9.4695
2,10,1.5370,77,0,0,0.138929,0.042638,9.4694
2,10,1.5570,78,0,0,0.125523,0.038028,9.4693
2,10,1.5770,79,0,0,0.109500,0.033610,9.4693
2,10,1.5970,80,0,0,0.092617,0.029827,9.4692
2,10,1.6170,81,0,0,0.076382,0.027325,9.4692
2,10,1.6370,82,0,0,0.061991,0.025673,9.4691
2,10,1.6570,83,0,0,0.050642,0.024418,9.4691
2,10,1.6770,84,0,0,0.043658,0.023556,9.4691
2,10,1.6970,85,0,0,0.042143,0.022998,9.4691
2,10,1.7170,86,0,0,0.045323,0.022529,9.4691
2,10,1.7370,87,0,0,0.051080,0.021965,9.4691
2,10,1.7570,88,0,0,0.057480,0.021384,9.4691
2,10,1.7770,89,0,0,0.063427,0.021392,9.4691
2,10,1.7970,90,0,0,0.068587,0.023456,9.4691
2,10,1.8170,91,0,0,0.073154,0.028095,9.4691
2,10,1.8370,92,0,0,0.077610,0.033756,9.4691
2,10,1.8570,93,0,0,0.082542,0.039605,9.4691
2,10,1.8770,94,0,0,0.088472,0.045344,9.4691
2,10,1.8970,95,0,0,0.095709,0.050813,9.4692
2,10,1.9170,96,0,0,0.104308,0.055887,9.4692
2,10,1.9370,97,0,0,0.114153,0.060477,9.4693
2,10,1.9570,98,0,0,0.125064,0.064548,9.4694
2,10,1.9770,99,0,0,0.136838,0.068124,9.4694
2,10,1.9970,100,0,0,0.149254,0.071271,9.4695
2,10,2.0170,101,0,0,0.162062,0.074079,9.4696
2,10,2.0370,102,0,0,0.174982,0.076650,9.4697
2,10,2.0570,103,0,0,0.187710,0.079079,9.4698
2,10,2.0770,104,0,0,0.199943,0.081453,9.4698
2,10,2.0970,105,0,0,0.211400,0.083845,9.4699
2,10,2.1170,106,0,0,0.221856,0.086314,9.4700
2,10,2.1370,107,0,0,0.231145,0.088894,9.4701
2,10,2.1570,108,0,0,0.239177,0.091604,9.4702
2,10,2.1770,109,0,0,0.245933,0.094444,9.4703
2,10,2.1970,110,0,0,0.251460,0.097389,9.4704
2,10,2.2170,111,0,0,0.255857,0.100400,9.4705
2,10,2.2370,112,0,0,0.259271,0.103422,9.4706
2,10,2.2570,113,0,0,0.261874,0.106390,9.4707
2,10,2.2770,114,0,0,0.263859,0.109236,9.4708
2,10,2.2970,115,0,0,0.265414,0.111892,9.4709
2,10,2.3170,116,0,0,0.271942,0.114163,9.4708
2,10,2.3370,117,0,0,0.286729,0.113467,9.4706
2,10,2.3570,118,0,0,0.300306,0.112272,9.4705
2,10,2.3770,119,0,0,0.309445,0.111773,9.4704
2,10,2.3970,120,0,0,0.315171,0.111969,9.4703
2,10,2.4170,121,0,0,0.318170,0.112718,9.4703
2,10,2.4370,122,0,0,0.318884,0.114052,9.4704
2,10,2.4570,123,0,0,0.317440,0.115954,9.4705
2,10,2.4770,124,0,0,0.314025,0.118222,9.4707
2,10,2.4970,125,0,0,0.309040,0.120625,9.4708
2,10,2.5170,126,0,0,0.308837,0.124592,9.4704
2,10,2.5370,127,0,0,0.312878,0.126052,9.4697
2,10,2.5570,128,0,0,0.314813,0.129269,9.4690
2,10,2.5770,129,0,0,0.313689,0.131053,9.4683
2,10,2.5970,130,0,0,0.310870,0.131365,9.4677
2,10,2.6170,131,0,0,0.307423,0.130914,9.4674
2,10,2.6370,132,0,0,0.286785,0.133404,9.4671
2,10,2.6570,133,0,0,0.260591,0.137110,9.4670
2,10,2.6770,134,0,0,0.241806,0.138269,9.4672
2,10,2.6970,135,0,0,0.230568,0.137668,9.4675
2,10,2.7170,136,0,0,0.223391,0.136607,9.4677
2,10,2.7370,137,0,0,0.217551,0.135578,9.4679
2,10,2.7570,138,0,0,0.212928,0.133395,9.4681
2,10,2.7770,139,0,0,0.210668,0.129715,9.4681
2,10,2.7970,140,0,0,0.211558,0.124958,9.4681
2,10,2.8170,141,0,0,0.215302,0.119666,9.4681
2,10,2.8370,142,0,0,0.221527,0.114138,9.4680
2,10,2.8570,143,0,0,0.229347,0.108586,9.4679
2,10,2.8770,144,0,0,0.237927,0.103029,9.4679
2,10,2.8970,145,0,0,0.243833,0.097519,9.4679
2,10,2.9170,146,0,0,0.247264,0.092108,9.4679
2,10,2.9370,147,0,0,0.252024,0.086745,9.4677
2,10,2.9570,148,0,0,0.258326,0.081009,9.4676
2,10,2.9770,149,0,0,0.255322,0.076211,9.4676
2,10,2.9970,150,0,0,0.249633,0.072102,9.4677
2,10,3.0170,151,0,0,0.241821,0.068838,9.4677
2,10,3.0370,152,0,0,0.232575,0.067113,9.4678
2,10,3.0570,153,0,0,0.212455,0.070260,9.4676
2,10,3.0770,154,0,0,0.196779,0.072254,9.4674
2,10,3.0970,155,0,0,0.183670,0.071934,9.4673
2,10,3.1170,156,0,0,0.172151,0.070422,9.4671
2,10,3.1370,157,0,0,0.161664,0.070255,9.4670
2,10,3.1570,158,0,0,0.151624,0.071581,9.4669
2,10,3.1770,159,0,0,0.141789,0.072931,9.4669
2,10,3.1970,160,0,0,0.132487,0.073779,9.4669
2,10,3.2170,161,0,0,0.124447,0.074164,9.4670
2,10,3.2370,162,0,0,0.118507,0.074201,9.4670
2,10,3.2570,163,0,0,0.115234,0.073859,9.4671
2,10,3.2770,164,0,0,0.114822,0.073354,9.4670
2,10,3.2970,165,0,0,0.116981,0.072640,9.4670
2,10,3.3170,166,0,0,0.121343,0.071718,9.4669
2,10,3.3370,167,0,0,0.127440,0.070777,9.4669
2,10,3.3570,168,0,0,0.134668,0.070076,9.4668
2,10,3.3770,169,0,0,0.142454,0.069780,9.4668
2,10,3.3970,170,0,0,0.150378,0.069841,9.4668
2,10,3.4170,171,0,0,0.158226,0.070140,9.4668
2,10,3.4370,172,0,0,0.165945,0.070565,9.4668
2,10,3.4570,173,0,0,0.173543,0.071038,9.4669
2,10,3.4770,174,0,0,0.180989,0.071507,9.4669
2,10,3.4970,175,0,0,0.188186,0.071947,9.4670
2,10,3.5170,176,0,0,0.194975,0.072374,9.4671
2,10,3.5370,177,0,0,0.201178,0.072853,9.4672
2,10,3.5570,178,0,0,0.208599,0.073316,9.4672
2,10,3.5770,179,0,0,0.216980,0.073366,9.4672
2,10,3.5970,180,0,0,0.224056,0.074074,9.4671
2,10,3.6170,181,0,0,0.229287,0.076109,9.4671
2,10,3.6370,182,0,0,0.233116,0.078804,9.4671
2,10,3.6570,183,0,0,0.235972,0.081747,9.4670
2,10,3.6770,184,0,0,0.237782,0.084866,9.4670
2,10,3.6970,185,0,0,0.237833,0.088104,9.4670
2,10,3.7170,186,0,0,0.248090,0.091385,9.4670
2,10,3.7370,187,0,0,0.247536,0.094535,9.4670
2,10,3.7570,188,0,0,0.237389,0.097079,9.4669
2,10,3.7770,189,0,0,0.232131,0.099060,9.4668
2,10,3.7970,190,0,0,0.228590,0.101518,9.4668
2,10,3.8170,191,0,0,0.225588,0.104350,9.4667
2,10,3.8370,192,0,0,0.222927,0.107037,9.4667
2,10,3.8570,193,0,0,0.220426,0.109223,9.4667
2,10,3.8770,194,0,0,0.217959,0.110866,9.4668
2,10,3.8970,195,0,0,0.215483,0.112057,9.4668
2,10,3.9170,196,0,0,0.212991,0.112890,9.4669
2,10,3.9370,197,0,0,0.216886,0.113423,9.4669
2,10,3.9570,198,0,0,0.223720,0.113781,9.4670
2,10,3.9770,199,0,0,0.231078,0.113959,9.4671
2,10,3.9970,200,0,0,0.238067,0.113556,9.4671
2,10,4.0170,201,0,0,0.244206,0.112334,9.4671
2,10,4.0370,202,0,0,0.249373,0.111663,9.4670
2,10,4.0570,203,0,0,0.254711,0.110305,9.4670
2,10,4.0770,204,0,0,0.259941,0.108600,9.4669
2,10,4.0970,205,0,0,0.264325,0.106909,9.4668
2,10,4.1170,206,0,0,0.267488,0.105443,9.4668
2,10,4.1370,207,0,0,0.269448,0.104283,9.4668
2,10,4.1570,208,0,0,0.270365,0.103458,9.4668
2,10,4.1770,209,0,0,0.264998,0.137378,9.4663
2,10,4.1970,210,0,0,0.261073,0.147763,9.4650
2,10,4.2170,211,0,0,0.273424,0.143594,9.4632
2,10,4.2370,212,0,0,0.293298,0.136933,9.4616
2,10,4.2570,213,0,0,0.313590,0.139259,9.4604
2,10,4.2770,214,0,0,0.329731,0.145047,9.4599
2,10,4.2970,215,0,0,0.339258,0.151230,9.4600
2,10,4.3170,216,0,0,0.343688,0.156879,9.4604
2,10,4.3370,217,0,0,0.345826,0.161079,9.4611
2,10,4.3570,218,0,0,0.348338,0.163625,9.4619
2,10,4.3770,219,0,0,0.353150,0.165049,9.4625
2,10,4.3970,220,0,0,0.361017,0.166269,9.4628
2,10,4.4170,221,0,0,0.371351,0.167945,9.4628
2,10,4.4370,222,0,0,0.382627,0.170054,9.4626
2,10,4.4570,223,0,0,0.393223,0.172117,9.4622
2,10,4.4770,224,0,0,0.402101,0.173757,9.4618
2,10,4.4970,225,0,0,0.408997,0.174923,9.4613
2,10,4.5170,226,0,0,0.414205,0.175806,9.4610
2,10,4.5370,227,0,0,0.418209,0.176550,9.4607
2,10,4.5570,228,0,0,0.421417,0.177390,9.4606
2,10,4.5770,229,0,0,0.423960,0.178241,9.4606
2,10,4.5970,230,0,0,0.425688,0.178977,9.4606
2,10,4.6170,231,0,0,0.426380,0.179511,9.4606
2,10,4.6370,232,0,0,0.425919,0.179807,9.4606
2,10,4.6570,233,0,0,0.424040,0.179871,9.4606
2,10,4.6770,234,0,0,0.421101,0.179731,9.4604
2,10,4.6970,235,0,0,0.417440,0.179430,9.4602
2,10,4.7170,236,0,0,0.413241,0.178992,9.4600
2,10,4.7370,237,0,0,0.408583,0.178196,9.4597
2,10,4.7570,238,0,0,0.403479,0.177239,9.4594
2,10,4.7770,239,0,0,0.398125,0.176277,9.4591
2,10,4.7970,240,0,0,0.392281,0.174885,9.4587
2,10,4.8170,241,0,0,0.385595,0.172856,9.4583
2,10,4.8370,242,0,0,0.376610,0.183951,9.4572
2,10,4.8570,243,0,0,0.372593,0.185532,9.4553
2,10,4.8770,244,0,0,0.383459,0.184209,9.4531
2,10,4.8970,245,0,0,0.398965,0.182397,9.4512
2,10,4.9170,246,0,0,0.408853,0.179049,9.4498
2,10,4.9370,247,0,0,0.410755,0.176181,9.4490
2,10,4.9570,248,0,0,0.407364,0.174935,9.4490
2,10,4.9770,249,0,0,0.401682,0.174701,9.4494
2,10,4.9970,250,0,0,0.395362,0.173489,9.4500
2,10,5.0170,251,0,0,0.384408,0.185613,9.4499
2,10,5.0370,252,0,0,0.379156,0.186279,9.4489
2,10,5.0570,253,0,0,0.394617,0.181535,9.4476
2,10,5.0770,254,0,0,0.422184,0.180767,9.4463
2,10,5.0970,255,0,0,0.447334,0.183619,9.4452
2,10,5.1170,256,0,0,0.461588,0.186033,9.4444
2,10,5.1370,257,0,0,0.464956,0.187786,9.4440
2,10,5.1570,258,0,0,0.461589,0.189400,9.4439
2,10,5.1770,259,0,0,0.455820,0.191492,9.4441
2,10,5.1970,260,0,0,0.449932,0.194069,9.4444
2,10,5.2170,261,0,0,0.445353,0.196356,9.4448
2,10,5.2370,262,0,0,0.441719,0.198204,9.4452
2,10,5.2570,263,0,0,0.438535,0.199852,9.4455
2,10,5.2770,264,0,0,0.435475,0.200677,9.4456
2,10,5.2970,265,0,0,0.432405,0.200501,9.4456
2,10,5.3170,266,0,0,0.429302,0.199248,9.4455
2,10,5.3370,267,0,0,0.426450,0.196939,9.4453
2,10,5.3570,268,0,0,0.424280,0.193868,9.4451
2,10,5.3770,269,0,0,0.422918,0.190275,9.4449
2,10,5.3970,270,0,0,0.422098,0.186376,9.4447
2,10,5.4170,271,0,0,0.421293,0.182237,9.4446
2,10,5.4370,272,0,0,0.419781,0.177868,9.4445
2,10,5.4570,273,0,0,0.417085,0.173155,9.4444
2,10,5.4770,274,0,0,0.413109,0.167556,9.4443
2,10,5.4970,275,0,0,0.407822,0.161331,9.4441
2,10,5.5170,276,0,0,0.401114,0.154765,9.4438
2,10,5.5370,277,0,0,0.392876,0.148821,9.4434
2,10,5.5570,278,0,0,0.382641,0.143387,9.4430
2,10,5.5770,279,0,0,0.370818,0.138068,9.4425
2,10,5.5970,280,0,0,0.357133,0.132641,9.4421
2,10,5.6170,281,0,0,0.341305,0.127142,9.4416
2,10,5.6370,282,0,0,0.327122,0.121700,9.4413
2,10,5.6570,283,0,0,0.307683,0.116254,9.4409
2,10,5.6770,284,0,0,0.285641,0.110516,9.4407
2,10,5.6970,285,0,0,0.262457,0.104778,9.4405
2,10,5.7170,286,0,0,0.238959,0.099067,9.4404
2,10,5.7370,287,0,0,0.215518,0.093359,9.4403
2,10,5.7570,288,0,0,0.192538,0.087817,9.4404
2,10,5.7770,289,0,0,0.170294,0.082238,9.4404
2,10,5.7970,290,0,0,0.148461,0.075729,9.4404
2,10,5.8170,291,0,0,0.126530,0.068329,9.4404
2,10,5.8370,292,0,0,0.104338,0.060669,9.4404
2,10,5.8570,293,0,0,0.083049,0.053455,9.4404
2,10,5.8770,294,0,0,0.066953,0.046205,9.4404
2,10,5.8970,295,0,0,0.055715,0.038869,9.4404
2,10,5.9170,296,0,0,0.044936,0.031641,9.4405
2,10,5.9370,297,0,0,0.034064,0.024815,9.4405
2,10,5.9570,298,0,0,0.028979,0.018968,9.4406
2,10,5.9770,299,0,0,0.033801,0.014675,9.4408
2,10,5.9970,300,0,0,0.041247,0.013064,9.4409
2,10,6.0170,301,0,0,0.049740,0.016862,9.4410
2,10,6.0370,302,0,0,0.058817,0.023375,9.4412
2,10,6.0570,303,0,0,0.068467,0.030694,9.4413
2,10,6.0770,304,0,0,0.078943,0.038342,9.4413
2,10,6.0970,305,0,0,0.090494,0.046177,9.4414
2,10,6.1170,306,0,0,0.103157,0.054125,9.4414
2,10,6.1370,307,0,0,0.116780,0.062134,9.4413
2,10,6.1570,308,0,0,0.131206,0.070156,9.4413
2,10,6.1770,309,0,0,0.146270,0.078156,9.4412
2,10,6.1970,310,0,0,0.161865,0.086101,9.4411
2,10,6.2170,311,0,0,0.177899,0.093967,9.4410
2,10,6.2370,312,0,0,0.194340,0.101574,9.4409
2,10,6.2570,313,0,0,0.211442,0.108083,9.4408
2,10,6.2770,314,0,0,0.229218,0.113704,9.4408
2,10,6.2970,315,0,0,0.247473,0.118795,9.4408
2,10,6.3170,316,0,0,0.266045,0.123524,9.4409
2,10,6.3370,317,0,0,0.284714,0.127997,9.4410
2,10,6.3570,318,0,0,0.303160,0.132302,9.4412
2,10,6.3770,319,0,0,0.320983,0.136511,9.4414
2,10,6.3970,320,0,0,0.337761,0.140650,9.4415
2,10,6.4170,321,0,0,0.353153,0.144802,9.4417
2,10,6.4370,322,0,0,0.366931,0.148982,9.4418
2,10,6.4570,323,0,0,0.378966,0.153265,9.4420
2,10,6.4770,324,0,0,0.389369,0.157465,9.4421
2,10,6.4970,325,0,0,0.398131,0.161637,9.4422
2,10,6.5170,326,0,0,0.405191,0.165806,9.4423
2,10,6.5370,327,0,0,0.410575,0.169919,9.4424
2,10,6.5570,328,0,0,0.414430,0.173857,9.4425
2,10,6.5770,329,0,0,0.417018,0.177552,9.4427
2,10,6.5970,330,0,0,0.418553,0.181244,9.4428
2,10,6.6170,331,0,0,0.419310,0.184659,9.4429
2,10,6.6370,332,0,0,0.419625,0.187702,9.4431
2,10,6.6570,333,0,0,0.419820,0.190300,9.4433
2,10,6.6770,334,0,0,0.420038,0.192446,9.4435
2,10,6.6970,335,0,0,0.420637,0.194046,9.4438
2,10,6.7170,336,0,0,0.421803,0.195048,9.4442
2,10,6.7370,337,0,0,0.423480,0.195450,9.4446
2,10,6.7570,338,0,0,0.425500,0.195276,9.4449
2,10,6.7770,339,0,0,0.427656,0.194577,9.4453
2,10,6.7970,340,0,0,0.429734,0.193426,9.4456
2,10,6.8170,341,0,0,0.431505,0.191906,9.4459
2,10,6.8370,342,0,0,0.432724,0.190098,9.4462
2,10,6.8570,343,0,0,0.433150,0.188073,9.4465
2,10,6.8770,344,0,0,0.432564,0.185894,9.4467
2,10,6.8970,345,0,0,0.430791,0.183610,9.4469
2,10,6.9170,346,0,0,0.427671,0.181264,9.4472
2,10,6.9370,347,0,0,0.423176,0.178885,9.4474
2,10,6.9570,348,0,0,0.417342,0.176487,9.4476
2,10,6.9770,349,0,0,0.410296,0.174059,9.4478
2,10,6.9970,350,0,0,0.402147,0.171571,9.4479
2,10,7.0170,351,0,0,0.393051,0.168976,9.4481
2,10,7.0370,352,0,0,0.383167,0.166224,9.4483
2,10,7.0570,353,0,0,0.372721,0.163261,9.4484
2,10,7.0770,354,0,0,0.361829,0.160039,9.4486
2,10,7.0970,355,0,0,0.350683,0.156514,9.4487
2,10,7.1170,356,0,0,0.339425,0.152659,9.4489
2,10,7.1370,357,0,0,0.328169,0.148456,9.4490
2,10,7.1570,358,0,0,0.316986,0.143955,9.4491
2,10,7.1770,359,0,0,0.305913,0.139125,9.4492
2,10,7.1970,360,0,0,0.294929,0.133967,9.4493
2,10,7.2170,361,0,0,0.283928,0.128493,9.4494
2,10,7.2370,362,0,0,0.272824,0.122500,9.4495
2,10,7.2570,363,0,0,0.261647,0.116383,9.4496
2,10,7.2770,364,0,0,0.250364,0.110149,9.4497
2,10,7.2970,365,0,0,0.238763,0.103831,9.4498
2,10,7.3170,366,0,0,0.226602,0.097572,9.4499
2,10,7.3370,367,0,0,0.213764,0.091375,9.4500
2,10,7.3570,368,0,0,0.200346,0.085203,9.4501
2,10,7.3770,369,0,0,0.186371,0.079072,9.4502
2,10,7.3970,370,0,0,0.171834,0.072978,9.4504
2,10,7.4170,371,0,0,0.156800,0.066898,9.4505
2,10,7.4370,372,0,0,0.141402,0.060832,9.4506
2,10,7.4570,373,0,0,0.125785,0.054787,9.4507
2,10,7.4770,374,0,0,0.110106,0.048774,9.4508
2,10,7.4970,375,0,0,0.094504,0.042799,9.4509
2,10,7.5170,376,0,0,0.079150,0.036870,9.4509
2,10,7.5370,377,0,0,0.064260,0.031015,9.4509
2,10,7.5570,378,0,0,0.050212,0.025318,9.4509
2,10,7.5770,379,0,0,0.037781,0.019993,9.4509
2,10,7.5970,380,0,0,0.028772,0.015575,9.4510
2,10,7.6170,381,0,0,0.026394,0.013153,9.4510
2,10,7.6370,382,0,0,0.031694,0.013704,9.4510
2,10,7.6570,383,0,0,0.041506,0.016924,9.4510
2,10,7.6770,384,0,0,0.053148,0.021821,9.4510
2,10,7.6970,385,0,0,0.065478,0.027543,9.4510
2,10,7.7170,386,0,0,0.078049,0.033611,9.4510
2,10,7.7370,387,0,0,0.090685,0.039794,9.4510
2,10,7.7570,388,0,0,0.103326,0.045977,9.4510
2,10,7.7770,389,0,0,0.115962,0.052091,9.4510
2,10,7.7970,390,0,0,0.128597,0.058093,9.4510
2,10,7.8170,391,0,0,0.141238,0.063951,9.4510
2,10,7.8370,392,0,0,0.153860,0.069648,9.4510
2,10,7.8570,393,0,0,0.166442,0.075167,9.4509
2,10,7.8770,394,0,0,0.178943,0.080504,9.4509
2,10,7.8970,395,0,0,0.191314,0.085657,9.4509
2,10,7.9170,396,0,0,0.203486,0.090627,9.4508
2,10,7.9370,397,0,0,0.215401,0.095420,9.4508
2,10,7.9570,398,0,0,0.226992,0.100041,9.4507
2,10,7.9770,399,0,0,0.238195,0.104500,9.4506
2,10,7.9970,400,0,0,0.248949,0.108801,9.4506
2,10,8.0170,401,0,0,0.259203,0.112950,9.4505
2,10,8.0370,402,0,0,0.268913,0.116951,9.4504
2,10,8.0570,403,0,0,0.278041,0.120803,9.4503
2,10,8.0770,404,0,0,0.286567,0.124504,9.4502
2,10,8.0970,405,0,0,0.294480,0.128049,9.4501
2,10,8.1170,406,0,0,0.301791,0.131427,9.4500
2,10,8.1370,407,0,0,0.308500,0.134629,9.4499
2,10,8.1570,408,0,0,0.314638,0.137639,9.4498
2,10,8.1770,409,0,0,0.320226,0.140443,9.4496
2,10,8.1970,410,0,0,0.325293,0.143026,9.4495
2,10,8.2170,411,0,0,0.329864,0.145375,9.4493
2,10,8.2370,412,0,0,0.333974,0.147480,9.4492
2,10,8.2570,413,0,0,0.337635,0.149326,9.4490
2,10,8.2770,414,0,0,0.340865,0.150906,9.4489
2,10,8.2970,415,0,0,0.343669,0.152217,9.4487
2,10,8.3170,416,0,0,0.346048,0.153259,9.4485
2,10,8.3370,417,0,0,0.348006,0.154034,9.4483
2,10,8.3570,418,0,0,0.349525,0.154545,9.4481
2,10,8.3770,419,0,0,0.350581,0.154803,9.4479
2,10,8.3970,420,0,0,0.351157,0.154809,9.4477
2,10,8.4170,421,0,0,0.351218,0.154573,9.4475
2,10,8.4370,422,0,0,0.350748,0.154106,9.4473
2,10,8.4570,423,0,0,0.349720,0.153417,9.4471
2,10,8.4770,424,0,0,0.348126,0.152517,9.4468
2,10,8.4970,425,0,0,0.345958,0.151412,9.4466
2,10,8.5170,426,0,0,0.343200,0.150111,9.4464
2,10,8.5370,427,0,0,0.339863,0.148614,9.4461
2,10,8.5570,428,0,0,0.335947,0.146922,9.4459
2,10,8.5770,429,0,0,0.331461,0.144934,9.4457
2,10,8.5970,430,0,0,0.326451,0.142698,9.4454
2,10,8.6170,431,0,0,0.320990,0.140301,9.4452
2,10,8.6370,432,0,0,0.315184,0.137657,9.4450
2,10,8.6570,433,0,0,0.309214,0.134827,9.4447
2,10,8.6770,434,0,0,0.302902,0.131925,9.4446
2,10,8.6970,435,0,0,0.296032,0.128879,9.4444
2,10,8.7170,436,0,0,0.288547,0.125657,9.4443
2,10,8.7370,437,0,0,0.280470,0.122247,9.4443
2,10,8.7570,438,0,0,0.271897,0.118774,9.4442
2,10,8.7770,439,0,0,0.262936,0.115285,9.4441
2,10,8.7970,440,0,0,0.253703,0.111580,9.4441
2,10,8.8170,441,0,0,0.244022,0.107671,9.4440
2,10,8.8370,442,0,0,0.233776,0.103571,9.4440
2,10,8.8570,443,0,0,0.223031,0.099285,9.4440
2,10,8.8770,444,0,0,0.211927,0.094720,9.4440
2,10,8.8970,445,0,0,0.200572,0.090031,9.4440
2,10,8.9170,446,0,0,0.189049,0.085204,9.4440
2,10,8.9370,447,0,0,0.177450,0.080248,9.4439
2,10,8.9570,448,0,0,0.165813,0.075159,9.4439
2,10,8.9770,449,0,0,0.154121,0.069929,9.4439
2,10,8.9970,450,0,0,0.142333,0.064555,9.4439
2,10,9.0170,451,0,0,0.130417,0.059046,9.4439
2,10,9.0370,452,0,0,0.118370,0.053412,9.4438
2,10,9.0570,453,0,0,0.106207,0.047678,9.4438
2,10,9.0770,454,0,0,0.093985,0.041879,9.4438
2,10,9.0970,455,0,0,0.081774,0.035918,9.4438
2,10,9.1170,456,0,0,0.069690,0.030058,9.4438
2,10,9.1370,457,0,0,0.057788,0.024280,9.4438
2,10,9.1570,458,0,0,0.046063,0.018615,9.4438
2,10,9.1770,459,0,0,0.034677,0.013148,9.4438
2,10,9.1970,460,0,0,0.024325,0.008161,9.4437
2,10,9.2170,461,0,0,0.017383,0.005242,9.4437
2,10,9.2370,462,0,0,0.018519,0.007463,9.4437
2,10,9.2570,463,0,0,0.026789,0.011941,9.4437
2,10,9.2770,464,0,0,0.037719,0.016996,9.4437
2,10,9.2970,465,0,0,0.049527,0.022192,9.4437
2,10,9.3170,466,0,0,0.061648,0.027407,9.4436
2,10,9.3370,467,0,0,0.073854,0.032595,9.4437
2,10,9.3570,468,0,0,0.086023,0.037736,9.4437
2,10,9.3770,469,0,0,0.098066,0.042817,9.4437
2,10,9.3970,470,0,0,0.109918,0.047829,9.4437
2,10,9.4170,471,0,0,0.121522,0.052764,9.4438
2,10,9.4370,472,0,0,0.132832,0.057619,9.4438
2,10,9.4570,473,0,0,0.143816,0.062389,9.4439
2,10,9.4770,474,0,0,0.154449,0.067070,9.4439
2,10,9.4970,475,0,0,0.164708,0.071655,9.4440
2,10,9.5170,476,0,0,0.174575,0.076138,9.4440
2,10,9.5370,477,0,0,0.184043,0.080509,9.4441
2,10,9.5570,478,0,0,0.193105,0.084756,9.4441
2,10,9.5770,479,0,0,0.201758,0.088865,9.4441
2,10,9.5970,480,0,0,0.210006,0.092823,9.4442
2,10,9.6170,481,0,0,0.217857,0.096613,9.4442
2,10,9.6370,482,0,0,0.225318,0.100223,9.4442
2,10,9.6570,483,0,0,0.232404,0.103640,9.4442
2,10,9.6770,484,0,0,0.239122,0.106856,9.4443
2,10,9.6970,485,0,0,0.245487,0.109828,9.4443
2,10,9.7170,486,0,0,0.251516,0.112604,9.4443
2,10,9.7370,487,0,0,0.257222,0.115175,9.4443
2,10,9.7570,488,0,0,0.262562,0.117404,9.4443
2,10,9.7770,489,0,0,0.267381,0.119405,9.4444
2,10,9.7970,490,0,0,0.271612,0.121221,9.4445
2,10,9.8170,491,0,0,0.275549,0.122853,9.4446
2,10,9.8370,492,0,0,0.279396,0.124296,9.4449
2,10,9.8570,493,0,0,0.283123,0.125538,9.4451
2,10,9.8770,494,0,0,0.286643,0.126568,9.4454
2,10,9.8970,495,0,0,0.289856,0.127388,9.4457
2,10,9.9170,496,0,0,0.292679,0.128020,9.4460
2,10,9.9370,497,0,0,0.295028,0.128486,9.4462
2,10,9.9570,498,0,0,0.296828,0.128806,9.4464
2,10,9.9770,499,0,0,0.298003,0.128988,9.4466
2,10,9.9970,500,0,0,0.298499,0.129035,9.4468
2,10,10.0170,501,0,0,0.298295,0.128951,9.4469
2,10,10.0370,502,0,0,0.297396,0.128734,9.4471
2,10,10.0570,503,0,0,0.295843,0.128386,9.4472
2,10,10.0770,504,0,0,0.293700,0.127901,9.4474
2,10,10.0970,505,0,0,0.291034,0.127268,9.4476
2,10,10.1170,506,0,0,0.287924,0.126470,9.4478
2,10,10.1370,507,0,0,0.284420,0.125488,9.4479
2,10,10.1570,508,0,0,0.280582,0.124306,9.4481
2,10,10.1770,509,0,0,0.276445,0.122909,9.4483
2,10,10.1970,510,0,0,0.272051,0.121288,9.4484
2,10,10.2170,511,0,0,0.267412,0.119440,9.4485
2,10,10.2370,512,0,0,0.262552,0.117365,9.4487
2,10,10.2570,513,0,0,0.257477,0.115070,9.4488
2,10,10.2770,514,0,0,0.252189,0.112564,9.4489
2,10,10.2970,515,0,0,0.246681,0.109860,9.4490
2,10,10.3170,516,0,0,0.240936,0.106973,9.4491
2,10,10.3370,517,0,0,0.234940,0.103917,9.4492
2,10,10.3570,518,0,0,0.228660,0.100710,9.4493
2,10,10.3770,519,0,0,0.222066,0.097368,9.4494
2,10,10.3970,520,0,0,0.215127,0.093908,9.4495
2,10,10.4170,521,0,0,0.207827,0.090347,9.4496
2,10,10.4370,522,0,0,0.200161,0.086700,9.4497
2,10,10.4570,523,0,0,0.192075,0.082980,9.4498
2,10,10.4770,524,0,0,0.183586,0.079196,9.4499
2,10,10.4970,525,0,0,0.174710,0.075354,9.4500
2,10,10.5170,526,0,0,0.165483,0.071451,9.4500
2,10,10.5370,527,0,0,0.155957,0.067493,9.4501
2,10,10.5570,528,0,0,0.146182,0.063481,9.4501
2,10,10.5770,529,0,0,0.136189,0.059415,9.4502
2,10,10.5970,530,0,0,0.126031,0.055285,9.4502
2,10,10.6170,531,0,0,0.115743,0.051085,9.4502
2,10,10.6370,532,0,0,0.105378,0.046810,9.4503
2,10,10.6570,533,0,0,0.094975,0.042460,9.4503
2,10,10.6770,534,0,0,0.084578,0.038036,9.4503
2,10,10.6970,535,0,0,0.074222,0.033547,9.4504
2,10,10.7170,536,0,0,0.063939,0.029002,9.4504
2,10,10.7370,537,0,0,0.053757,0.024416,9.4504
2,10,10.7570,538,0,0,0.043707,0.019809,9.4504
2,10,10.7770,539,0,0,0.033841,0.015210,9.4504
2,10,10.7970,540,0,0,0.024306,0.010677,9.4505
2,10,10.8170,541,0,0,0.015604,0.006389,9.4505
2,10,10.8370,542,0,0,0.010062,0.003355,9.4505
2,10,10.8570,543,0,0,0.012762,0.005286,9.4505
2,10,10.8770,544,0,0,0.020681,0.009297,9.4505
2,10,10.8970,545,0,0,0.029925,0.013649,9.4505
2,10,10.9170,546,0,0,0.039569,0.018054,9.4505
2,10,10.9370,547,0,0,0.049364,0.022437,9.4505
2,10,10.9570,548,0,0,0.059210,0.026766,9.4504
2,10,10.9770,549,0,0,0.069050,0.031029,9.4504
2,10,10.9970,550,0,0,0.078836,0.035215,9.4504
2,10,11.0170,551,0,0,0.088528,0.039321,9.4504
2,10,11.0370,552,0,0,0.098088,0.043345,9.4503
2,10,11.0570,553,0,0,0.107478,0.047286,9.4503
2,10,11.0770,554,0,0,0.116663,0.051145,9.4502
2,10,11.0970,555,0,0,0.125613,0.054920,9.4502
2,10,11.1170,556,10,0,0.000000,0.000000,9.4502
3,10,0.0180,1,0,0,0.000000,0.000000,9.5000
3,10,0.0380,2,0,0,0.184997,0.129902,9.4963
3,10,0.0580,3,0,0,0.304724,0.203671,9.4902
3,10,0.0780,4,0,0,0.335786,0.222229,9.4835
3,10,0.0980,5,0,0,0.290896,0.193300,9.4778
3,10,0.1180,6,0,0,0.199817,0.133046,9.4740
3,10,0.1380,7,0,0,0.103217,0.064750,9.4724
3,10,0.1580,8,0,0,0.082395,0.043191,9.4730
3,10,0.1780,9,0,0,0.134524,0.081809,9.4752
3,10,0.1980,10,0,0,0.166999,0.104675,9.4783
3,10,0.2180,11,0,0,0.163920,0.104024,9.4813
3,10,0.2380,12,0,0,0.131054,0.083377,9.4838
3,10,0.2580,13,0,0,0.080648,0.051518,9.4852
3,10,0.2780,14,0,0,0.035686,0.024350,9.4856
3,10,0.2980,15,0,0,0.048591,0.033395,9.4850
3,10,0.3180,16,0,0,0.070426,0.052611,9.4837
3,10,0.3380,17,0,0,0.080794,0.061689,9.4822
3,10,0.3580,18,0,0,0.079556,0.059642,9.4808
3,10,0.3780,19,0,0,0.069978,0.049539,9.4798
3,10,0.3980,20,0,0,0.056484,0.036231,9.4793
3,10,0.4180,21,0,0,0.046176,0.026656,9.4792
3,10,0.4380,22,0,0,0.043533,0.028268,9.4796
3,10,0.4580,23,0,0,0.043851,0.031697,9.4802
3,10,0.4780,24,0,0,0.045761,0.032554,9.4809
3,10,0.4980,25,0,0,0.049812,0.030406,9.4815
3,10,0.5180,26,10,0,0.000000,0.000000,9.4819
4,10,0.0180,1,0,0,0.000000,0.000000,9.5000
4,10,0.0380,2,0,0,0.187707,0.129925,9.4962
4,10,0.0580,3,0,0,0.311230,0.204020,9.4900
4,10,0.0780,4,0,0,0.342873,0.221767,9.4832
4,10,0.0980,5,0,0,0.296184,0.191977,9.4773
4,10,0.1180,6,0,0,0.199085,0.130646,9.4734
4,10,0.1380,7,0,0,0.090096,0.060390,9.4719
4,10,0.1580,8,0,0,0.064915,0.039395,9.4725
4,10,0.1780,9,0,0,0.127492,0.080338,9.4748
4,10,0.1980,10,0,0,0.162844,0.103250,9.4778
4,10,0.2180,11,0,0,0.159293,0.101647,9.4809
4,10,0.2380,12,0,0,0.124856,0.079436,9.4833
4,10,0.2580,13,0,0,0.072972,0.046528,9.4848
4,10,0.2780,14,0,0,0.027531,0.016159,9.4851
4,10,0.2980,15,0,0,0.044445,0.028993,9.4843
4,10,0.3180,16,0,0,0.078689,0.050109,9.4829
4,10,0.3380,17,0,0,0.094186,0.060586,9.4812
4,10,0.3580,18,0,0,0.091740,0.060031,9.4796
4,10,0.3780,19,0,0,0.073665,0.050697,9.4784
4,10,0.3980,20,0,0,0.084510,0.059855,9.4771
4,10,0.4180,21,0,0,0.098430,0.066190,9.4759
4,10,0.4380,22,0,0,0.077851,0.057134,9.4751
4,10,0.4580,23,0,0,0.060958,0.042555,9.4746
4,10,0.4780,24,0,0,0.065155,0.028793,9.4744
4,10,0.4980,25,0,0,0.065411,0.020579,9.4745
4,10,0.5180,26,10,0,0.000000,0.000000,9.4748
5,10,0.0180,1,0,0,0.000000,0.000000,9.5000
5,10,0.0380,2,0,0,0.190132,0.129924,9.4962
5,10,0.0580,3,0,0,0.318216,0.204176,9.4898
5,10,0.0780,4,0,0,0.352052,0.222119,9.4828
5,10,0.0980,5,0,0,0.304885,0.192474,9.4767
5,10,0.1180,6,0,0,0.206376,0.130807,9.4726
5,10,0.1380,7,0,0,0.089276,0.057209,9.4710
5,10,0.1580,8,0,0,0.039748,0.025002,9.4715
5,10,0.1780,9,0,0,0.113165,0.071664,9.4737
5,10,0.1980,10,0,0,0.153675,0.097578,9.4768
5,10,0.2180,11,0,0,0.154232,0.098216,9.4798
5,10,0.2380,12,0,0,0.123266,0.078618,9.4823
5,10,0.2580,13,0,0,0.075005,0.048008,9.4838
5,10,0.2780,14,0,0,0.033179,0.019603,9.4841
5,10,0.2980,15,0,0,0.044864,0.026507,9.4835
5,10,0.3180,16,0,0,0.070817,0.043667,9.4823
5,10,0.3380,17,0,0,0.081452,0.050730,9.4808
5,10,0.3580,18,0,0,0.075401,0.047154,9.4794
5,10,0.3780,19,0,0,0.056871,0.035708,9.4784
5,10,0.3980,20,0,0,0.043410,0.026775,9.4778
5,10,0.4180,21,0,0,0.039570,0.021197,9.4776
5,10,0.4380,22,0,0,0.041972,0.026747,9.4778
5,10,0.4580,23,0,0,0.047264,0.033748,9.4783
5,10,0.4780,24,0,0,0.050467,0.036760,9.4788
5,10,0.4980,25,0,0,0.050072,0.035292,9.4794
5,10,0.5180,26,10,0,0.000000,0.000000,9.4798
6,10,0.0180,1,0,0,0.000000,0.000000,9.5000
6,10,0.0380,2,0,0,0.187707,0.129799,9.4962
6,10,0.0580,3,0,0,0.311616,0.203668,9.4900
6,10,0.0780,4,0,0,0.344158,0.221506,9.4832
6,10,0.0980,5,0,0,0.297365,0.191565,9.4772
6,10,0.1180,6,0,0,0.200610,0.129946,9.4733
6,10,0.1380,7,0,0,0.087237,0.057128,9.4716
6,10,0.1580,8,0,0,0.042661,0.025742,9.4722
6,10,0.1780,9,0,0,0.112494,0.070867,9.4743
6,10,0.1980,10,0,0,0.151699,0.096352,9.4772
6,10,0.2180,11,0,0,0.151891,0.097165,9.4802
6,10,0.2380,12,0,0,0.106742,0.058785,9.4823
6,10,0.2580,13,0,0,0.040562,0.031216,9.4829
6,10,0.2780,14,0,0,0.053281,0.039666,9.4823
6,10,0.2980,15,0,0,0.087044,0.063979,9.4807
6,10,0.3180,16,0,0,0.108985,0.079158,9.4788
6,10,0.3380,17,0,0,0.112240,0.081935,9.4768
6,10,0.3580,18,0,0,0.135313,0.103105,9.4748
6,10,0.3780,19,0,0,0.132155,0.099318,9.4724
6,10,0.3980,20,0,0,0.118157,0.089118,9.4703
6,10,0.4180,21,0,0,0.103798,0.077741,9.4690
6,10,0.4380,22,0,0,0.112864,0.074266,9.4687
6,10,0.4580,23,0,0,0.123801,0.082011,9.4693
6,10,0.4780,24,0,0,0.143945,0.090951,9.4704
6,10,0.4980,25,0,0,0.153588,0.094314,9.4717
6,10,0.5180,26,0,0,0.155292,0.091841,9.4731
6,10,0.5380,27,0,0,0.153588,0.084305,9.4742
6,10,0.5580,28,0,0,0.154091,0.074842,9.4748
6,10,0.5780,29,0,0,0.161746,0.066437,9.4751
6,10,0.5980,30,0,0,0.174922,0.061545,9.4749
6,10,0.6180,31,0,0,0.190339,0.061845,9.4744
6,10,0.6380,32,0,0,0.204970,0.066982,9.4738
6,10,0.6580,33,0,0,0.216873,0.073550,9.4732
6,10,0.6780,34,0,0,0.217333,0.080907,9.4726
6,10,0.6980,35,0,0,0.219516,0.086440,9.4723
6,10,0.7180,36,0,0,0.220441,0.090349,9.4721
6,10,0.7380,37,0,0,0.218095,0.093476,9.4722
6,10,0.7580,38,0,0,0.211617,0.096499,9.4725
6,10,0.7780,39,0,0,0.207517,0.099336,9.4727
6,10,0.7980,40,0,0,0.198037,0.101808,9.4729
6,10,0.8180,41,0,0,0.185117,0.103723,9.4731
6,10,0.8380,42,0,0,0.177142,0.105246,9.4732
6,10,0.8580,43,0,0,0.175037,0.106836,9.4731
6,10,0.8780,44,0,0,0.178537,0.108775,9.4730
6,10,0.8980,45,0,0,0.186585,0.110910,9.4728
6,10,0.9180,46,0,0,0.197770,0.112720,9.4727
6,10,0.9380,47,0,0,0.210705,0.113715,9.4725
6,10,0.9580,48,0,0,0.224278,0.113673,9.4724
6,10,0.9780,49,0,0,0.237650,0.112606,9.4723
6,10,0.9980,50,0,0,0.250183,0.110161,9.4723
6,10,1.0180,51,0,0,0.261432,0.106472,9.4723
6,10,1.0380,52,0,0,0.271339,0.102210,9.4723
6,10,1.0580,53,0,0,0.279940,0.098142,9.4723
6,10,1.0780,54,0,0,0.286927,0.094718,9.4722
6,10,1.0980,55,0,0,0.291584,0.092509,9.4721
6,10,1.1180,56,0,0,0.293060,0.092399,9.4720
6,10,1.1380,57,0,0,0.290763,0.093879,9.4719
6,10,1.1580,58,0,0,0.284540,0.095940,9.4719
6,10,1.1780,59,0,0,0.274705,0.098067,9.4719
6,10,1.1980,60,0,0,0.261802,0.099783,9.4719
6,10,1.2180,61,0,0,0.247000,0.100980,9.4719
6,10,1.2380,62,0,0,0.230637,0.101701,9.4718
6,10,1.2580,63,0,0,0.230804,0.101751,9.4717
6,10,1.2780,64,0,0,0.214674,0.101005,9.4715
6,10,1.2980,65,0,0,0.197726,0.098500,9.4713
6,10,1.3180,66,0,0,0.186380,0.094666,9.4710
6,10,1.3380,67,0,0,0.180175,0.090387,9.4708
6,10,1.3580,68,0,0,0.177829,0.085637,9.4705
6,10,1.3780,69,0,0,0.178038,0.080485,9.4703
6,10,1.3980,70,0,0,0.178901,0.075181,9.4701
6,10,1.4180,71,0,0,0.178800,0.069775,9.4699
6,10,1.4380,72,0,0,0.176877,0.064453,9.4698
6,10,1.4580,73,0,0,0.172966,0.059627,9.4697
6,10,1.4780,74,0,0,0.167195,0.055390,9.4696
6,10,1.4980,75,0,0,0.159661,0.051354,9.4696
6,10,1.5180,76,0,0,0.150294,0.047133,9.4695
6,10,1.5380,77,0,0,0.138929,0.042638,9.4694
6,10,1.5580,78,0,0,0.125523,0.038028,9.4693
6,10,1.5780,79,0,0,0.109500,0.033610,9.4693
6,10,1.5980,80,0,0,0.092617,0.029827,9.4692
6,10,1.6180,81,0,0,0.076382,0.027325,9.4692
6,10,1.6380,82,0,0,0.061991,0.025673,9.4691
6,10,1.6580,83,0,0,0.050642,0.024418,9.4691
6,10,1.6780,84,0,0,0.043658,0.023556,9.4691
6,10,1.6980,85,0,0,0.042143,0.022998,9.4691
6,10,1.7180,86,0,0,0.045323,0.022529,9.4691
6,10,1.7380,87,0,0,0.051080,0.021965,9.4691
6,10,1.7580,88,0,0,0.057480,0.021384,9.4691
6,10,1.7780,89,0,0,0.063427,0.021392,9.4691
6,10,1.7980,90,0,0,0.068587,0.023456,9.4691
6,10,1.8180,91,0,0,0.073154,0.028095,9.4691
6,10,1.8380,92,0,0,0.077610,0.033756,9.4691
6,10,1.8580,93,0,0,0.082542,0.039605,9.4691
6,10,1.8780,94,0,0,0.088472,0.045344,9.4691
6,10,1.8980,95,0,0,0.095709,0.050813,9.4692
6,10,1.9180,96,0,0,0.104308,0.055887,9.4692
6,10,1.9380,97,0,0,0.114153,0.060477,9.4693
6,10,1.9580,98,0,0,0.125064,0.064548,9.4694
6,10,1.9780,99,0,0,0.136838,0.068124,9.4694
6,10,1.9980,100,0,0,0.149254,0.071271,9.4695
6,10,2.0180,101,0,0,0.162062,0.074079,9.4696
6,10,2.0380,102,0,0,0.174982,0.076650,9.4697
6,10,2.0580,103,0,0,0.187710,0.079079,9.4698
6,10,2.0780,104,0,0,0.199943,0.081453,9.4698
6,10,2.0980,105,0,0,0.211400,0.083845,9.4699
6,10,2.1180,106,0,0,0.221856,0.086314,9.4700
6,10,2.1380,107,0,0,0.231145,0.088894,9.4701
6,10,2.1580,108,0,0,0.239177,0.091604,9.4702
6,10,2.1780,109,0,0,0.245933,0.094444,9.4703
6,10,2.1980,110,0,0,0.251460,0.097389,9.4704
6,10,2.2180,111,0,0,0.255857,0.100400,9.4705
6,10,2.2380,112,0,0,0.259271,0.103422,9.4706
6,10,2.2580,113,0,0,0.261874,0.106390,9.4707
6,10,2.2780,114,0,0,0.263859,0.109236,9.4708
6,10,2.2980,115,0,0,0.265414,0.111892,9.4709
6,10,2.3180,116,0,0,0.271942,0.114163,9.4708
6,10,2.3380,117,0,0,0.286729,0.113467,9.4706
6,10,2.3580,118,0,0,0.300306,0.112272,9.4705
6,10,2.3780,119,0,0,0.309445,0.111773,9.4704
6,10,2.3980,120,0,0,0.315171,0.111969,9.4703
6,10,2.4180,121,0,0,0.318170,0.112718,9.4703
6,10,2.4380,122,0,0,0.318884,0.114052,9.4704
6,10,2.4580,123,0,0,0.317440,0.115954,9.4705
6,10,2.4780,124,0,0,0.314025,0.118222,9.4707
6,10,2.4980,125,0,0,0.309040,0.120625,9.4708
6,10,2.5180,126,0,0,0.308837,0.124592,9.4704
6,10,2.5380,127,0,0,0.312878,0.126052,9.4697
6,10,2.5580,128,0,0,0.314813,0.129269,9.4690
6,10,2.5780,129,0,0,0.313689,0.131053,9.4683
6,10,2.5980,130,0,0,0.310870,0.131365,9.4677
6,10,2.6180,131,0,0,0.307423,0.130914,9.4674
6,10,2.6380,132,0,0,0.286785,0.133404,9.4671
6,10,2.6580,133,0,0,0.260591,0.137110,9.4670
6,10,2.6780,134,0,0,0.241806,0.138269,9.4672
6,10,2.6980,135,0,0,0.230568,0.137668,9.4675
6,10,2.7180,136,0,0,0.223391,0.136607,9.4677
6,10,2.7380,137,0,0,0.217551,0.135578,9.4679
6,10,2.7580,138,0,0,0.212928,0.133395,9.4681
6,10,2.7780,139,0,0,0.210668,0.129715,9.4681
6,10,2.7980,140,0,0,0.211558,0.124958,9.4681
6,10,2.8180,141,0,0,0.215302,0.119666,9.4681
6,10,2.8380,142,0,0,0.221527,0.114138,9.4680
6,10,2.8580,143,0,0,0.229347,0.108586,9.4679
6,10,2.8780,144,0,0,0.237927,0.103029,9.4679
6,10,2.8980,145,0,0,0.243833,0.097519,9.4679
6,10,2.9180,146,0,0,0.247264,0.092108,9.4679
6,10,2.9380,147,0,0,0.252024,0.086745,9.4677
6,10,2.9580,148,0,0,0.258326,0.081009,9.4676
6,10,2.9780,149,0,0,0.255322,0.076211,9.4676
6,10,2.9980,150,0,0,0.249633,0.072102,9.4677
6,10,3.0180,151,0,0,0.241821,0.068838,9.4677
6,10,3.0380,152,0,0,0.232575,0.067113,9.4678
6,10,3.0580,153,0,0,0.212455,0.070260,9.4676
6,10,3.0780,154,0,0,0.196779,0.072254,9.4674
6,10,3.0980,155,0,0,0.183670,0.071934,9.4673
6,10,3.1180,156,0,0,0.172151,0.070422,9.4671
6,10,3.1380,157,0,0,0.161664,0.070255,9.4670
6,10,3.1580,158,0,0,0.151624,0.071581,9.4669
6,10,3.1780,159,0,0,0.141789,0.072931,9.4669
6,10,3.1980,160,0,0,0.132487,0.073779,9.4669
6,10,3.2180,161,0,0,0.124447,0.074164,9.4670
6,10,3.2380,162,0,0,0.118507,0.074201,9.4670
6,10,3.2580,163,0,0,0.115234,0.073859,9.4671
6,10,3.2780,164,0,0,0.114822,0.073354,9.4670
6,10,3.2980,165,0,0,0.116981,0.072640,9.4670
6,10,3.3180,166,0,0,0.121343,0.071718,9.4669
6,10,3.3380,167,0,0,0.127440,0.070777,9.4669
6,10,3.3580,168,0,0,0.134668,0.070076,9.4668
6,10,3.3780,169,0,0,0.142454,0.069780,9.4668
6,10,3.3980,170,0,0,0.150378,0.069841,9.4668
6,10,3.4180,171,0,0,0.158226,0.070140,9.4668
6,10,3.4380,172,0,0,0.165945,0.070565,9.4668
6,10,3.4580,173,0,0,0.173543,0.071038,9.4669
6,10,3.4780,174,0,0,0.180989,0.071507,9.4669
6,10,3.4980,175,0,0,0.188186,0.071947,9.4670
6,10,3.5180,176,0,0,0.194975,0.072374,9.4671
6,10,3.5380,177,0,0,0.201178,0.072853,9.4672
6,10,3.5580,178,0,0,0.208599,0.073316,9.4672
6,10,3.5780,179,0,0,0.216980,0.073366,9.4672
6,10,3.5980,180,0,0,0.224056,0.074074,9.4671
6,10,3.6180,181,0,0,0.229287,0.076109,9.4671
6,10,3.6380,182,0,0,0.233116,0.078804,9.4671
6,10,3.6580,183,0,0,0.235972,0.081747,9.4670
6,10,3.6780,184,0,0,0.237782,0.084866,9.4670
6,10,3.6980,185,0,0,0.237833,0.088104,9.4670
6,10,3.7180,186,0,0,0.248090,0.091385,9.4670
6,10,3.7380,187,0,0,0.247536,0.094535,9.4670
6,10,3.7580,188,0,0,0.237389,0.097079,9.4669
6,10,3.7780,189,0,0,0.232131,0.099060,9.4668
6,10,3.7980,190,0,0,0.228590,0.101518,9.4668
6,10,3.8180,191,0,0,0.225588,0.104350,9.4667
6,10,3.8380,192,0,0,0.222927,0.107037,9.4667
6,10,3.8580,193,0,0,0.220426,0.109223,9.4667
6,10,3.8780,194,0,0,0.217959,0.110866,9.4668
6,10,3.8980,195,0,0,0.215483,0.112057,9.4668
6,10,3.9180,196,0,0,0.212991,0.112890,9.4669
6,10,3.9380,197,0,0,0.216886,0.113423,9.4669
6,10,3.9580,198,0,0,0.223720,0.113781,9.4670
6,10,3.9780,199,0,0,0.231078,0.113959,9.4671
6,10,3.9980,200,0,0,0.238067,0.113556,9.4671
6,10,4.0180,201,0,0,0.244206,0.112334,9.4671
6,10,4.0380,202,0,0,0.249373,0.111663,9.4670
6,10,4.0580,203,0,0,0.254711,0.110305,9.4670
6,10,4.0780,204,0,0,0.259941,0.108600,9.4669
6,10,4.0980,205,0,0,0.264325,0.106909,9.4668
6,10,4.1180,206,0,0,0.267488,0.105443,9.4668
6,10,4.1380,207,0,0,0.269448,0.104283,9.4668
6,10,4.1580,208,0,0,0.270365,0.103458,9.4668
6,10,4.1780,209,0,0,0.264998,0.137378,9.4663
6,10,4.1980,210,0,0,0.261073,0.147763,9.4650
6,10,4.2180,211,0,0,0.273424,0.143594,9.4632
6,10,4.2380,212,0,0,0.293298,0.136933,9.4616
6,10,4.2580,213,0,0,0.313590,0.139259,9.4604
6,10,4.2780,214,0,0,0.329731,0.145047,9.4599
6,10,4.2980,215,0,0,0.339258,0.151230,9.4600
6,10,4.3180,216,0,0,0.343688,0.156879,9.4604
6,10,4.3380,217,0,0,0.345826,0.161079,9.4611
6,10,4.3580,218,0,0,0.348338,0.163625,9.4619
6,10,4.3780,219,0,0,0.353150,0.165049,9.4625
6,10,4.3980,220,0,0,0.361017,0.166269,9.4628
6,10,4.4180,221,0,0,0.371351,0.167945,9.4628
6,10,4.4380,222,0,0,0.382627,0.170054,9.4626
6,10,4.4580,223,0,0,0.393223,0.172117,9.4622
6,10,4.4780,224,0,0,0.402101,0.173757,9.4618
6,10,4.4980,225,0,0,0.408997,0.174923,9.4613
6,10,4.5180,226,0,0,0.414205,0.175806,9.4610
6,10,4.5380,227,0,0,0.418209,0.176550,9.4607
6,10,4.5580,228,0,0,0.421417,0.177390,9.4606
6,10,4.5780,229,0,0,0.423960,0.178241,9.4606
6,10,4.5980,230,0,0,0.425688,0.178977,9.4606
6,10,4.6180,231,0,0,0.426380,0.179511,9.4606
6,10,4.6380,232,0,0,0.425919,0.179807,9.4606
6,10,4.6580,233,0,0,0.424040,0.179871,9.4606
6,10,4.6780,234,0,0,0.421101,0.179731,9.4604
6,10,4.6980,235,0,0,0.417440,0.179430,9.4602
6,10,4.7180,236,0,0,0.413241,0.178992,9.4600
6,10,4.7380,237,0,0,0.408583,0.178196,9.4597
6,10,4.7580,238,0,0,0.403479,0.177239,9.4594
6,10,4.7780,239,0,0,0.398125,0.176277,9.4591
6,10,4.7980,240,0,0,0.392281,0.174885,9.4587
6,10,4.8180,241,0,0,0.385595,0.172856,9.4583
6,10,4.8380,242,0,0,0.376610,0.183951,9.4572
6,10,4.8580,243,0,0,0.372593,0.185532,9.4553
6,10,4.8780,244,0,0,0.383459,0.184209,9.4531
6,10,4.8980,245,0,0,0.398965,0.182397,9.4512
6,10,4.9180,246,0,0,0.408853,0.179049,9.4498
6,10,4.9380,247,0,0,0.410755,0.176181,9.4490
6,10,4.9580,248,0,0,0.407364,0.174935,9.4490
6,10,4.9780,249,0,0,0.401682,0.174701,9.4494
6,10,4.9980,250,0,0,0.395362,0.173489,9.4500
6,10,5.0180,251,0,0,0.384408,0.185613,9.4499
6,10,5.0380,252,0,0,0.379156,0.186279,9.4489
6,10,5.0580,253,0,0,0.394617,0.181535,9.4476
6,10,5.0780,254,0,0,0.422184,0.180767,9.4463
6,10,5.0980,255,0,0,0.447334,0.183619,9.4452
6,10,5.1180,256,0,0,0.461588,0.186033,9.4444
6,10,5.1380,257,0,0,0.464956,0.187786,9.4440
6,10,5.1580,258,0,0,0.461589,0.189400,9.4439
6,10,5.1780,259,0,0,0.455820,0.191492,9.4441
6,10,5.1980,260,0,0,0.449932,0.194069,9.4444
6,10,5.2180,261,0,0,0.445353,0.196356,9.4448
6,10,5.2380,262,0,0,0.441719,0.198204,9.4452
6,10,5.2580,263,0,0,0.438535,0.199852,9.4455
6,10,5.2780,264,0,0,0.435475,0.200677,9.4456
6,10,5.2980,265,0,0,0.432405,0.200501,9.4456
6,10,5.3180,266,0,0,0.429302,0.199248,9.4455
6,10,5.3380,267,0,0,0.426450,0.196939,9.4453
6,10,5.3580,268,0,0,0.424280,0.193868,9.4451
6,10,5.3780,269,0,0,0.422918,0.190275,9.4449
6,10,5.3980,270,0,0,0.422098,0.186376,9.4447
6,10,5.4180,271,0,0,0.421293,0.182237,9.4446
6,10,5.4380,272,0,0,0.419781,0.177868,9.4445
6,10,5.4580,273,0,0,0.417085,0.173155,9.4444
6,10,5.4780,274,0,0,0.413109,0.167556,9.4443
6,10,5.4980,275,0,0,0.407822,0.161331,9.4441
6,10,5.5180,276,0,0,0.401114,0.154765,9.4438
6,10,5.5380,277,0,0,0.392876,0.148821,9.4434
6,10,5.5580,278,0,0,0.382641,0.143387,9.4430
6,10,5.5780,279,0,0,0.370818,0.138068,9.4425
6,10,5.5980,280,0,0,0.357133,0.132641,9.4421
6,10,5.6180,281,0,0,0.341305,0.127142,9.4416
6,10,5.6380,282,0,0,0.327122,0.121700,9.4413
6,10,5.6580,283,0,0,0.307683,0.116254,9.4409
6,10,5.6780,284,0,0,0.285641,0.110516,9.4407
6,10,5.6980,285,0,0,0.262457,0.104778,9.4405
6,10,5.7180,286,0,0,0.238959,0.099067,9.4404
6,10,5.7380,287,0,0,0.215518,0.093359,9.4403
6,10,5.7580,288,0,0,0.192538,0.087817,9.4404
6,10,5.7780,289,0,0,0.170294,0.082238,9.4404
6,10,5.7980,290,0,0,0.148461,0.075729,9.4404
6,10,5.8180,291,0,0,0.126530,0.068329,9.4404
6,10,5.8380,292,0,0,0.104338,0.060669,9.4404
6,10,5.8580,293,0,0,0.083049,0.053455,9.4404
6,10,5.8780,294,0,0,0.066953,0.046205,9.4404
6,10,5.8980,295,0,0,0.055715,0.038869,9.4404
6,10,5.9180,296,0,0,0.044936,0.031641,9.4405
6,10,5.9380,297,0,0,0.034064,0.024815,9.4405
6,10,5.9580,298,0,0,0.028979,0.018968,9.4406
6,10,5.9780,299,0,0,0.033801,0.014675,9.4408
6,10,5.9980,300,0,0,0.041247,0.013064,9.4409
6,10,6.0180,301,0,0,0.049740,0.016862,9.4410
6,10,6.0380,302,0,0,0.058817,0.023375,9.4412
6,10,6.0580,303,0,0,0.068467,0.030694,9.4413
6,10,6.0780,304,0,0,0.078943,0.038342,9.4413
6,10,6.0980,305,0,0,0.090494,0.046177,9.4414
6,10,6.1180,306,0,0,0.103157,0.054125,9.4414
6,10,6.1380,307,0,0,0.116780,0.062134,9.4413
6,10,6.1580,308,0,0,0.131206,0.070156,9.4413
6,10,6.1780,309,0,0,0.146270,0.078156,9.4412
6,10,6.1980,310,0,0,0.161865,0.086101,9.4411
6,10,6.2180,311,0,0,0.177899,0.093967,9.4410
6,10,6.2380,312,0,0,0.194340,0.101574,9.4409
6,10,6.2580,313,0,0,0.211442,0.108083,9.4408
6,10,6.2780,314,0,0,0.229218,0.113704,9.4408
6,10,6.2980,315,0,0,0.247473,0.118795,9.4408
6,10,6.3180,316,0,0,0.266045,0.123524,9.4409
6,10,6.3380,317,0,0,0.284714,0.127997,9.4410
6,10,6.3580,318,0,0,0.303160,0.132302,9.4412
6,10,6.3780,319,0,0,0.320983,0.136511,9.4414
6,10,6.3980,320,0,0,0.337761,0.140650,9.4415
6,10,6.4180,321,0,0,0.353153,0.144802,9.4417
6,10,6.4380,322,0,0,0.366931,0.148982,9.4418
6,10,6.4580,323,0,0,0.378966,0.153265,9.4420
6,10,6.4780,324,0,0,0.389369,0.157465,9.4421
6,10,6.4980,325,0,0,0.398131,0.161637,9.4422
6,10,6.5180,326,0,0,0.405191,0.165806,9.4423
6,10,6.5380,327,0,0,0.410575,0.169919,9.4424
6,10,6.5580,328,0,0,0.414430,0.173857,9.4425
6,10,6.5780,329,0,0,0.417018,0.177552,9.4427
6,10,6.5980,330,0,0,0.418553,0.181244,9.4428
6,10,6.6180,331,0,0,0.419310,0.184659,9.4429
6,10,6.6380,332,0,0,0.419625,0.187702,9.4431
6,10,6.6580,333,0,0,0.419820,0.190300,9.4433
6,10,6.6780,334,0,0,0.420038,0.192446,9.4435
6,10,6.6980,335,0,0,0.420637,0.194046,9.4438
6,10,6.7180,336,0,0,0.421803,0.195048,9.4442
6,10,6.7380,337,0,0,0.423480,0.195450,9.4446
6,10,6.7580,338,0,0,0.425500,0.195276,9.4449
6,10,6.7780,339,0,0,0.427656,0.194577,9.4453
6,10,6.7980,340,0,0,0.429734,0.193426,9.4456
6,10,6.8180,341,0,0,0.431505,0.191906,9.4459
6,10,6.8380,342,0,0,0.432724,0.190098,9.4462
6,10,6.8580,343,0,0,0.433150,0.188073,9.4465
6,10,6.8780,344,0,0,0.432564,0.185894,9.4467
6,10,6.8980,345,0,0,0.430791,0.183610,9.4469
6,10,6.9180,346,0,0,0.427671,0.181264,9.4472
6,10,6.9380,347,0,0,0.423176,0.178885,9.4474
6,10,6.9580,348,0,0,0.417342,0.176487,9.4476
6,10,6.9780,349,0,0,0.410296,0.174059,9.4478
6,10,6.9980,350,0,0,0.402147,0.171571,9.4479
6,10,7.0180,351,0,0,0.393051,0.168976,9.4481
6,10,7.0380,352,0,0,0.383167,0.166224,9.4483
6,10,7.0580,353,0,0,0.372721,0.163261,9.4484
6,10,7.0780,354,0,0,0.361829,0.160039,9.4486
6,10,7.0980,355,0,0,0.350683,0.156514,9.4487
6,10,7.1180,356,0,0,0.339425,0.152659,9.4489
6,10,7.1380,357,0,0,0.328169,0.148456,9.4490
6,10,7.1580,358,0,0,0.316986,0.143955,9.4491
6,10,7.1780,359,0,0,0.305913,0.139125,9.4492
6,10,7.1980,360,0,0,0.294929,0.133967,9.4493
6,10,7.2180,361,0,0,0.283928,0.128493,9.4494
6,10,7.2380,362,0,0,0.272824,0.122500,9.4495
6,10,7.2580,363,0,0,0.261647,0.116383,9.4496
6,10,7.2780,364,0,0,0.250364,0.110149,9.4497
6,10,7.2980,365,0,0,0.238763,0.103831,9.4498
6,10,7.3180,366,0,0,0.226602,0.097572,9.4499
6,10,7.3380,367,0,0,0.213764,0.091375,9.4500
6,10,7.3580,368,0,0,0.200346,0.085203,9.4501
6,10,7.3780,369,0,0,0.186371,0.079072,9.4502
6,10,7.3980,370,0,0,0.171834,0.072978,9.4504
6,10,7.4180,371,0,0,0.156800,0.066898,9.4505
6,10,7.4380,372,0,0,0.141402,0.060832,9.4506
6,10,7.4580,373,0,0,0.125785,0.054787,9.4507
6,10,7.4780,374,0,0,0.110106,0.048774,9.4508
6,10,7.4980,375,0,0,0.094504,0.042799,9.4509
6,10,7.5180,376,0,0,0.079150,0.036870,9.4509
6,10,7.5380,377,0,0,0.064260,0.031015,9.4509
6,10,7.5580,378,0,0,0.050212,0.025318,9.4509
6,10,7.5780,379,0,0,0.037781,0.019993,9.4509
6,10,7.5980,380,0,0,0.028772,0.015575,9.4510
6,10,7.6180,381,0,0,0.026394,0.013153,9.4510
6,10,7.6380,382,0,0,0.031694,0.013704,9.4510
6,10,7.6580,383,0,0,0.041506,0.016924,9.4510
6,10,7.6780,384,0,0,0.053148,0.021821,9.4510
6,10,7.6980,385,0,0,0.065478,0.027543,9.4510
6,10,7.7180,386,0,0,0.078049,0.033611,9.4510
6,10,7.7380,387,0,0,0.090685,0.039794,9.4510
6,10,7.7580,388,0,0,0.103326,0.045977,9.4510
6,10,7.7780,389,0,0,0.115962,0.052091,9.4510
6,10,7.7980,390,0,0,0.128597,0.058093,9.4510
6,10,7.8180,391,0,0,0.141238,0.063951,9.4510
6,10,7.8380,392,0,0,0.153860,0.069648,9.4510
6,10,7.8580,393,0,0,0.166442,0.075167,9.4509
6,10,7.8780,394,0,0,0.178943,0.080504,9.4509
6,10,7.8980,395,0,0,0.191314,0.085657,9.4509
6,10,7.9180,396,0,0,0.203486,0.090627,9.4508
6,10,7.9380,397,0,0,0.215401,0.095420,9.4508
6,10,7.9580,398,0,0,0.226992,0.100041,9.4507
6,10,7.9780,399,0,0,0.238195,0.104500,9.4506
6,10,7.9980,400,0,0,0.248949,0.108801,9.4506
6,10,8.0180,401,0,0,0.259203,0.112950,9.4505
6,10,8.0380,402,0,0,0.268913,0.116951,9.4504
6,10,8.0580,403,0,0,0.278041,0.120803,9.4503
6,10,8.0780,404,0,0,0.286567,0.124504,9.4502
6,10,8.0980,405,0,0,0.294480,0.128049,9.4501
6,10,8.1180,406,0,0,0.301791,0.131427,9.4500
6,10,8.1380,407,0,0,0.308500,0.134629,9.4499
6,10,8.1580,408,0,0,0.314638,0.137639,9.4498
6,10,8.1780,409,0,0,0.320226,0.140443,9.4496
6,10,8.1980,410,0,0,0.325293,0.143026,9.4495
6,10,8.2180,411,0,0,0.329864,0.145375,9.4493
6,10,8.2380,412,0,0,0.333974,0.147480,9.4492
6,10,8.2580,413,0,0,0.337635,0.149326,9.4490
6,10,8.2780,414,0,0,0.340865,0.150906,9.4489
6,10,8.2980,415,0,0,0.343669,0.152217,9.4487
6,10,8.3180,416,0,0,0.346048,0.153259,9.4485
6,10,8.3380,417,0,0,0.348006,0.154034,9.4483
6,10,8.3580,418,0,0,0.349525,0.154545,9.4481
6,10,8.3780,419,0,0,0.350581,0.154803,9.4479
6,10,8.3980,420,0,0,0.351157,0.154809,9.4477
6,10,8.4180,421,0,0,0.351218,0.154573,9.4475
6,10,8.4380,422,0,0,0.350748,0.154106,9.4473
6,10,8.4580,423,0,0,0.349720,0.153417,9.4471
6,10,8.4780,424,0,0,0.348126,0.152517,9.4468
6,10,8.4980,425,0,0,0.345958,0.151412,9.4466
6,10,8.5180,426,0,0,0.343200,0.150111,9.4464
6,10,8.5380,427,0,0,0.339863,0.148614,9.4461
6,10,8.5580,428,0,0,0.335947,0.146922,9.4459
6,10,8.5780,429,0,0,0.331461,0.144934,9.4457
6,10,8.5980,430,0,0,0.326451,0.142698,9.4454
6,10,8.6180,431,0,0,0.320990,0.140301,9.4452
6,10,8.6380,432,0,0,0.315184,0.137657,9.4450
6,10,8.6580,433,0,0,0.309214,0.134827,9.4447
6,10,8.6780,434,0,0,0.302902,0.131925,9.4446
6,10,8.6980,435,0,0,0.296032,0.128879,9.4444
6,10,8.7180,436,0,0,0.288547,0.125657,9.4443
6,10,8.7380,437,0,0,0.280470,0.122247,9.4443
6,10,8.7580,438,0,0,0.271897,0.118774,9.4442
6,10,8.7780,439,0,0,0.262936,0.115285,9.4441
6,10,8.7980,440,0,0,0.253703,0.111580,9.4441
6,10,8.8180,441,0,0,0.244022,0.107671,9.4440
6,10,8.8380,442,0,0,0.233776,0.103571,9.4440
6,10,8.8580,443,0,0,0.223031,0.099285,9.4440
6,10,8.8780,444,0,0,0.211927,0.094720,9.4440
6,10,8.8980,445,0,0,0.200572,0.090031,9.4440
6,10,8.9180,446,0,0,0.189049,0.085204,9.4440
6,10,8.9380,447,0,0,0.177450,0.080248,9.4439
6,10,8.9580,448,0,0,0.165813,0.075159,9.4439
6,10,8.9780,449,0,0,0.154121,0.069929,9.4439
6,10,8.9980,450,0,0,0.142333,0.064555,9.4439
6,10,9.0180,451,0,0,0.130417,0.059046,9.4439
6,10,9.0380,452,0,0,0.118370,0.053412,9.4438
6,10,9.0580,453,0,0,0.106207,0.047678,9.4438
6,10,9.0780,454,0,0,0.093985,0.041879,9.4438
6,10,9.0980,455,0,0,0.081774,0.035918,9.4438
6,10,9.1180,456,0,0,0.069690,0.030058,9.4438
6,10,9.1380,457,0,0,0.057788,0.024280,9.4438
6,10,9.1580,458,0,0,0.046063,0.018615,9.4438
6,10,9.1780,459,0,0,0.034677,0.013148,9.4438
6,10,9.1980,460,0,0,0.024325,0.008161,9.4437
6,10,9.2180,461,0,0,0.017383,0.005242,9.4437
6,10,9.2380,462,0,0,0.018519,0.007463,9.4437
6,10,9.2580,463,0,0,0.026789,0.011941,9.4437
6,10,9.2780,464,0,0,0.037719,0.016996,9.4437
6,10,9.2980,465,0,0,0.049527,0.022192,9.4437
6,10,9.3180,466,0,0,0.061648,0.027407,9.4436
6,10,9.3380,467,0,0,0.073854,0.032595,9.4437
6,10,9.3580,468,0,0,0.086023,0.037736,9.4437
6,10,9.3780,469,0,0,0.098066,0.042817,9.4437
6,10,9.3980,470,0,0,0.109918,0.047829,9.4437
6,10,9.4180,471,0,0,0.121522,0.052764,9.4438
6,10,9.4380,472,0,0,0.132832,0.057619,9.4438
6,10,9.4580,473,0,0,0.143816,0.062389,9.4439
6,10,9.4780,474,0,0,0.154449,0.067070,9.4439
6,10,9.4980,475,0,0,0.164708,0.071655,9.4440
6,10,9.5180,476,0,0,0.174575,0.076138,9.4440
6,10,9.5380,477,0,0,0.184043,0.080509,9.4441
6,10,9.5580,478,0,0,0.193105,0.084756,9.4441
6,10,9.5780,479,0,0,0.201758,0.088865,9.4441
6,10,9.5980,480,0,0,0.210006,0.092823,9.4442
6,10,9.6180,481,0,0,0.217857,0.096613,9.4442
6,10,9.6380,482,0,0,0.225318,0.100223,9.4442
6,10,9.6580,483,0,0,0.232404,0.103640,9.4442
6,10,9.6780,484,0,0,0.239122,0.106856,9.4443
6,10,9.6980,485,0,0,0.245487,0.109828,9.4443
6,10,9.7180,486,0,0,0.251516,0.112604,9.4443
6,10,9.7380,487,0,0,0.257222,0.115175,9.4443
6,10,9.7580,488,0,0,0.262562,0.117404,9.4443
6,10,9.7780,489,0,0,0.267381,0.119405,9.4444
6,10,9.7980,490,0,0,0.271612,0.121221,9.4445
6,10,9.8180,491,0,0,0.275549,0.122853,9.4446
6,10,9.8380,492,0,0,0.279396,0.124296,9.4449
6,10,9.8580,493,0,0,0.283123,0.125538,9.4451
6,10,9.8780,494,0,0,0.286643,0.126568,9.4454
6,10,9.8980,495,0,0,0.289856,0.127388,9.4457
6,10,9.9180,496,0,0,0.292679,0.128020,9.4460
6,10,9.9380,497,0,0,0.295028,0.128486,9.4462
6,10,9.9580,498,0,0,0.296828,0.128806,9.4464
6,10,9.9780,499,0,0,0.298003,0.128988,9.4466
6,10,9.9980,500,0,0,0.298499,0.129035,9.4468
6,10,10.0180,501,0,0,0.298295,0.128951,9.4469
6,10,10.0380,502,0,0,0.297396,0.128734,9.4471
6,10,10.0580,503,0,0,0.295843,0.128386,9.4472
6,10,10.0780,504,0,0,0.293700,0.127901,9.4474
6,10,10.0980,505,0,0,0.291034,0.127268,9.4476
6,10,10.1180,506,0,0,0.287924,0.126470,9.4478
6,10,10.1380,507,0,0,0.284420,0.125488,9.4479
6,10,10.1580,508,0,0,0.280582,0.124306,9.4481
6,10,10.1780,509,0,0,0.276445,0.122909,9.4483
6,10,10.1980,510,0,0,0.272051,0.121288,9.4484
6,10,10.2180,511,0,0,0.267412,0.119440,9.4485
6,10,10.2380,512,0,0,0.262552,0.117365,9.4487
6,10,10.2580,513,0,0,0.257477,0.115070,9.4488
6,10,10.2780,514,0,0,0.252189,0.112564,9.4489
6,10,10.2980,515,0,0,0.246681,0.109860,9.4490
6,10,10.3180,516,0,0,0.240936,0.106973,9.4491
6,10,10.3380,517,0,0,0.234940,0.103917,9.4492
6,10,10.3580,518,0,0,0.228660,0.100710,9.4493
6,10,10.3780,519,0,0,0.222066,0.097368,9.4494
6,10,10.3980,520,0,0,0.215127,0.093908,9.4495
6,10,10.4180,521,0,0,0.207827,0.090347,9.4496
6,10,10.4380,522,0,0,0.200161,0.086700,9.4497
6,10,10.4580,523,0,0,0.192075,0.082980,9.4498
6,10,10.4780,524,0,0,0.183586,0.079196,9.4499
6,10,10.4980,525,0,0,0.174710,0.075354,9.4500
6,10,10.5180,526,0,0,0.165483,0.071451,9.4500
6,10,10.5380,527,0,0,0.155957,0.067493,9.4501
6,10,10.5580,528,0,0,0.146182,0.063481,9.4501
6,10,10.5780,529,0,0,0.136189,0.059415,9.4502
6,10,10.5980,530,0,0,0.126031,0.055285,9.4502
6,10,10.6180,531,0,0,0.115743,0.051085,9.4502
6,10,10.6380,532,0,0,0.105378,0.046810,9.4503
6,10,10.6580,533,0,0,0.094975,0.042460,9.4503
6,10,10.6780,534,0,0,0.084578,0.038036,9.4503
6,10,10.6980,535,0,0,0.074222,0.033547,9.4504
6,10,10.7180,536,0,0,0.063939,0.029002,9.4504
6,10,10.7380,537,0,0,0.053757,0.024416,9.4504
6,10,10.7580,538,0,0,0.043707,0.019809,9.4504
6,10,10.7780,539,0,0,0.033841,0.015210,9.4504
6,10,10.7980,540,0,0,0.024306,0.010677,9.4505
6,10,10.8180,541,0,0,0.015604,0.006389,9.4505
6,10,10.8380,542,0,0,0.010062,0.003355,9.4505
6,10,10.8580,543,0,0,0.012762,0.005286,9.4505
6,10,10.8780,544,0,0,0.020681,0.009297,9.4505
6,10,10.8980,545,0,0,0.029925,0.013649,9.4505
6,10,10.9180,546,0,0,0.039569,0.018054,9.4505
6,10,10.9380,547,0,0,0.049364,0.022437,9.4505
6,10,10.9580,548,0,0,0.059210,0.026766,9.4504
6,10,10.9780,549,0,0,0.069050,0.031029,9.4504
6,10,10.9980,550,0,0,0.078836,0.035215,9.4504
6,10,11.0180,551,0,0,0.088528,0.039321,9.4504
6,10,11.0380,552,0,0,0.098088,0.043345,9.4503
6,10,11.0580,553,0,0,0.107478,0.047286,9.4503
6,10,11.0780,554,0,0,0.116663,0.051145,9.4502
6,10,11.0980,555,0,0,0.125613,0.054920,9.4502
6,10,11.1180,556,10,0,0.000000,0.000000,9.4502
7,10,0.0180,1,0,0,0.000000,0.000000,9.5000
7,10,0.0380,2,0,0,0.190132,0.130424,9.4962
7,10,0.0580,3,0,0,0.318302,0.203915,9.4898
7,10,0.0780,4,0,0,0.351589,0.222606,9.4828
7,10,0.0980,5,0,0,0.305557,0.193674,9.4767
7,10,0.1180,6,0,0,0.209901,0.134364,9.4726
7,10,0.1380,7,0,0,0.096166,0.061418,9.4708
7,10,0.1580,8,0,0,0.042266,0.023257,9.4712
7,10,0.1780,9,0,0,0.112271,0.069307,9.4733
7,10,0.1980,10,0,0,0.154740,0.096908,9.4763
7,10,0.2180,11,0,0,0.157856,0.099836,9.4794
7,10,0.2380,12,0,0,0.128847,0.082821,9.4820
7,10,0.2580,13,0,0,0.082370,0.055382,9.4835
7,10,0.2780,14,0,0,0.047011,0.031890,9.4840
7,10,0.2980,15,0,0,0.054549,0.035354,9.4834
7,10,0.3180,16,0,0,0.070926,0.049935,9.4823
7,10,0.3380,17,0,0,0.077667,0.056474,9.4808
7,10,0.3580,18,0,0,0.072091,0.052718,9.4794
7,10,0.3780,19,0,0,0.057797,0.041876,9.4784
7,10,0.3980,20,0,0,0.040939,0.028903,9.4778
7,10,0.4180,21,0,0,0.029913,0.022136,9.4778
7,10,0.4380,22,0,0,0.042269,0.025377,9.4782
7,10,0.4580,23,0,0,0.057284,0.030662,9.4788
7,10,0.4780,24,0,0,0.066777,0.033047,9.4795
7,10,0.4980,25,0,0,0.071074,0.032037,9.4801
7,10,0.5180,26,10,0,0.000000,0.000000,9.4805
8,10,0.0190,1,0,0,0.000000,0.000000,9.5000
8,10,0.0390,2,0,0,0.190132,0.130525,9.4962
8,10,0.0590,3,0,0,0.318210,0.204285,9.4898
8,10,0.0790,4,0,0,0.351141,0.221664,9.4828
8,10,0.0990,5,0,0,0.301757,0.191390,9.4768
8,10,0.1190,6,0,0,0.200628,0.128731,9.4728
8,10,0.1390,7,0,0,0.080564,0.053218,9.4712
8,10,0.1590,8,0,0,0.036844,0.023788,9.4719
8,10,0.1790,9,0,0,0.116092,0.073056,9.4741
8,10,0.1990,10,0,0,0.156653,0.099348,9.4772
8,10,0.2190,11,0,0,0.157289,0.099869,9.4803
8,10,0.2390,12,0,0,0.125428,0.080231,9.4828
8,10,0.2590,13,0,0,0.074929,0.049507,9.4842
8,10,0.2790,14,0,0,0.030554,0.022617,9.4846
8,10,0.2990,15,0,0,0.042347,0.029743,9.4839
8,10,0.3190,16,0,0,0.067009,0.045706,9.4827
8,10,0.3390,17,0,0,0.078031,0.051779,9.4812
8,10,0.3590,18,0,0,0.072983,0.047430,9.4799
8,10,0.3790,19,0,0,0.058597,0.035942,9.4789
8,10,0.3990,20,0,0,0.045897,0.023065,9.4784
8,10,0.4190,21,0,0,0.046463,0.017760,9.4784
8,10,0.4390,22,0,0,0.056945,0.024014,9.4789
8,10,0.4590,23,0,0,0.066506,0.029978,9.4795
8,10,0.4790,24,0,0,0.070653,0.031965,9.4802
8,10,0.4990,25,0,0,0.069560,0.030361,9.4807
8,10,0.5190,26,10,0,0.000000,0.000000,9.4811
9,10,0.0180,1,0,0,0.000000,0.000000,9.5000
9,10,0.0380,2,0,0,0.184997,0.129902,9.4963
9,10,0.0580,3,0,0,0.304855,0.203562,9.4902
9,10,0.0780,4,0,0,0.335196,0.221953,9.4835
9,10,0.0980,5,0,0,0.288643,0.192401,9.4778
9,10,0.1180,6,0,0,0.207304,0.133125,9.4737
9,10,0.1380,7,0,0,0.098033,0.064563,9.4719
9,10,0.1580,8,0,0,0.057895,0.029353,9.4723
9,10,0.1780,9,0,0,0.117521,0.070458,9.4743
9,10,0.1980,10,0,0,0.155698,0.097187,9.4771
9,10,0.2180,11,0,0,0.157369,0.099019,9.4800
9,10,0.2380,12,0,0,0.133029,0.081577,9.4826
9,10,0.2580,13,0,0,0.089419,0.054061,9.4843
9,10,0.2780,14,0,0,0.040137,0.026817,9.4849
9,10,0.2980,15,0,0,0.037470,0.023035,9.4846
9,10,0.3180,16,0,0,0.060137,0.041636,9.4835
9,10,0.3380,17,0,0,0.075830,0.053637,9.4821
9,10,0.3580,18,0,0,0.078709,0.055507,9.4807
9,10,0.3780,19,0,0,0.069189,0.048478,9.4795
9,10,0.3980,20,0,0,0.055029,0.037456,9.4788
9,10,0.4180,21,0,0,0.043779,0.026810,9.4785
9,10,0.4380,22,0,0,0.036523,0.022850,9.4787
9,10,0.4580,23,0,0,0.033131,0.024758,9.4792
9,10,0.4780,24,0,0,0.035586,0.025206,9.4798
9,10,0.4980,25,0,0,0.039496,0.023135,9.4804
9,10,0.5180,26,10,0,0.000000,0.000000,9.4808
10,10,0.0180,1,0,0,0.000000,0.000000,9.5000
10,10,0.0380,2,0,0,0.190132,0.130543,9.4962
10,10,0.0580,3,0,0,0.318142,0.204828,9.4898
10,10,0.0780,4,0,0,0.350849,0.221773,9.4828
10,10,0.0980,5,0,0,0.301908,0.191381,9.4768
10,10,0.1180,6,0,0,0.201645,0.128994,9.4728
10,10,0.1380,7,0,0,0.084032,0.055091,9.4712
10,10,0.1580,8,0,0,0.046113,0.028094,9.4718
10,10,0.1780,9,0,0,0.119868,0.074538,9.4741
10,10,0.1980,10,0,0,0.158838,0.099631,9.4772
10,10,0.2180,11,0,0,0.156500,0.099299,9.4803
10,10,0.2380,12,0,0,0.122302,0.079272,9.4827
10,10,0.2580,13,0,0,0.073450,0.049613,9.4841
10,10,0.2780,14,0,0,0.045880,0.026759,9.4844
10,10,0.2980,15,0,0,0.054503,0.035996,9.4838
10,10,0.3180,16,0,0,0.073587,0.052075,9.4826
10,10,0.3380,17,0,0,0.081165,0.058691,9.4811
10,10,0.3580,18,0,0,0.075332,0.055067,9.4797
10,10,0.3780,19,0,0,0.062275,0.044460,9.4788
10,10,0.3980,20,0,0,0.050984,0.032402,9.4783
10,10,0.4180,21,0,0,0.051958,0.025672,9.4783
10,10,0.4380,22,0,0,0.062966,0.027443,9.4787
10,10,0.4580,23,0,0,0.074655,0.032145,9.4793
10,10,0.4780,24,0,0,0.082555,0.034119,9.4800
10,10,0.4980,25,0,0,0.086401,0.032843,9.4806
10,10,0.5180,26,10,0,0.000000,0.000000,9.4810
1,15,0.0190,1,0,0,0.000000,0.000000,14.5000
1,15,0.0380,2,0,0,0.195988,0.152282,14.4961
1,15,0.0580,3,0,0,0.384980,0.266407,14.4884
1,15,0.0780,4,0,0,0.533961,0.342418,14.4777
1,15,0.0980,5,0,0,0.612042,0.379782,14.4655
1,15,0.1180,6,0,0,0.613570,0.380138,14.4532
1,15,0.1380,7,0,0,0.551673,0.344983,14.4422
1,15,0.1580,8,0,0,0.444680,0.281845,14.4333
1,15,0.1780,9,0,0,0.308239,0.196093,14.4271
1,15,0.1980,10,0,0,0.158604,0.100302,14.4240
1,15,0.2180,11,0,0,0.030247,0.012696,14.4239
1,15,0.2380,12,0,0,0.134386,0.084161,14.4265
1,15,0.2580,13,0,0,0.243100,0.153382,14.4313
1,15,0.2780,14,0,0,0.318487,0.201206,14.4377
1,15,0.2980,15,0,0,0.355733,0.225006,14.4448
1,15,0.3180,16,0,0,0.354899,0.224877,14.4519
1,15,0.3380,17,0,0,0.319132,0.203100,14.4583
1,15,0.3580,18,0,0,0.255556,0.164244,14.4633
1,15,0.3780,19,0,0,0.175425,0.114990,14.4667
1,15,0.3980,20,0,0,0.097936,0.065356,14.4683
1,15,0.4180,21,0,0,0.072372,0.042457,14.4680
1,15,0.4380,22,0,0,0.122946,0.075289,14.4661
1,15,0.4580,23,0,0,0.179637,0.109329,14.4629
1,15,0.4780,24,0,0,0.218354,0.133637,14.4589
1,15,0.4980,25,0,0,0.234438,0.144459,14.4545
1,15,0.5180,26,0,0,0.227954,0.140729,14.4502
1,15,0.5380,27,0,0,0.203197,0.125675,14.4464
1,15,0.5580,28,0,0,0.164641,0.101310,14.4434
1,15,0.5780,29,0,0,0.118195,0.071342,14.4414
1,15,0.5980,30,0,0,0.074019,0.041574,14.4406
1,15,0.6180,31,0,0,0.054932,0.028739,14.4408
1,15,0.6380,32,0,0,0.074526,0.045952,14.4421
1,15,0.6580,33,0,0,0.102600,0.066040,14.4440
1,15,0.6780,34,0,0,0.123867,0.080317,14.4465
1,15,0.6980,35,0,0,0.133570,0.086604,14.4491
1,15,0.7180,36,0,0,0.131988,0.084779,14.4517
1,15,0.7380,37,0,0,0.121474,0.075898,14.4539
1,15,0.7580,38,0,0,0.105729,0.061994,14.4556
1,15,0.7780,39,0,0,0.090313,0.046282,14.4567
1,15,0.7980,40,0,0,0.081721,0.034232,14.4570
1,15,0.8180,41,0,0,0.083413,0.033983,14.4568
1,15,0.8380,42,0,0,0.092080,0.044209,14.4559
1,15,0.8580,43,0,0,0.101488,0.055849,14.4547
1,15,0.8780,44,0,0,0.107193,0.064616,14.4532
1,15,0.8980,45,0,0,0.107225,0.069073,14.4516
1,15,0.9180,46,0,0,0.101541,0.069050,14.4501
1,15,0.9380,47,0,0,0.091643,0.065215,14.4489
1,15,0.9580,48,0,0,0.082217,0.058961,14.4480
1,15,0.9780,49,0,0,0.075715,0.052213,14.4475
1,15,0.9980,50,0,0,0.070869,0.047535,14.4474
1,15,1.0180,51,0,0,0.076711,0.046033,14.4477
1,15,1.0380,52,0,0,0.086553,0.046602,14.4483
1,15,1.0580,53,0,0,0.096487,0.047384,14.4492
1,15,1.0780,54,0,0,0.094736,0.051632,14.4496
1,15,1.0980,55,0,0,0.103010,0.049545,14.4497
1,15,1.1180,56,0,0,0.107677,0.044960,14.4498
1,15,1.1380,57,0,0,0.103127,0.048156,14.4496
1,15,1.1580,58,0,0,0.105750,0.050032,14.4492
1,15,1.1780,59,0,0,0.112225,0.050684,14.4487
1,15,1.1980,60,0,0,0.114272,0.049535,14.4481
1,15,1.2180,61,0,0,0.109880,0.047550,14.4473
1,15,1.2380,62,0,0,0.101383,0.045418,14.4465
1,15,1.2580,63,0,0,0.092102,0.052689,14.4458
1,15,1.2780,64,0,0,0.096111,0.059759,14.4449
1,15,1.2980,65,0,0,0.097906,0.066029,14.4441
1,15,1.3180,66,0,0,0.098237,0.067719,14.4434
1,15,1.3380,67,0,0,0.093242,0.064860,14.4428
1,15,1.3580,68,0,0,0.087420,0.059254,14.4425
1,15,1.3780,69,0,0,0.083019,0.053444,14.4425
1,15,1.3980,70,0,0,0.077961,0.048434,14.4427
1,15,1.4180,71,0,0,0.092715,0.044415,14.4431
1,15,1.4380,72,0,0,0.112852,0.042567,14.4436
1,15,1.4580,73,0,0,0.128389,0.044292,14.4442
1,15,1.4780,74,0,0,0.138458,0.046332,14.4447
1,15,1.4980,75,0,0,0.143094,0.046459,14.4452
1,15,1.5180,76,0,0,0.113270,0.045300,14.4453
1,15,1.5380,77,0,0,0.093512,0.041744,14.4453
1,15,1.5580,78,0,0,0.089405,0.040594,14.4453
1,15,1.5780,79,0,0,0.086274,0.043273,14.4451
1,15,1.5980,80,0,0,0.087532,0.047551,14.4449
1,15,1.6180,81,0,0,0.089849,0.051551,14.4445
1,15,1.6380,82,0,0,0.094950,0.053690,14.4442
1,15,1.6580,83,0,0,0.096569,0.054163,14.4438
1,15,1.6780,84,0,0,0.097230,0.055028,14.4434
1,15,1.6980,85,0,0,0.096445,0.057532,14.4431
1,15,1.7180,86,0,0,0.094415,0.060732,14.4429
1,15,1.7380,87,0,0,0.091497,0.063756,14.4428
1,15,1.7580,88,0,0,0.088153,0.066303,14.4427
1,15,1.7780,89,0,0,0.085290,0.068184,14.4428
1,15,1.7980,90,0,0,0.089526,0.069305,14.4429
1,15,1.8180,91,0,0,0.095140,0.069672,14.4430
1,15,1.8380,92,0,0,0.099283,0.069561,14.4431
1,15,1.8580,93,0,0,0.101885,0.069118,14.4433
1,15,1.8780,94,0,0,0.103251,0.068469,14.4434
1,15,1.8980,95,0,0,0.103860,0.067727,14.4435
1,15,1.9180,96,0,0,0.104248,0.066943,14.4435
1,15,1.9380,97,0,0,0.104970,0.066181,14.4435
1,15,1.9580,98,0,0,0.106561,0.065461,14.4435
1,15,1.9780,99,0,0,0.109646,0.064782,14.4434
1,15,1.9980,100,0,0,0.114144,0.064151,14.4433
1,15,2.0180,101,0,0,0.129293,0.063658,14.4433
1,15,2.0380,102,0,0,0.145668,0.063399,14.4432
1,15,2.0580,103,0,0,0.157841,0.063208,14.4431
1,15,2.0780,104,0,0,0.167058,0.063562,14.4431
1,15,2.0980,105,0,0,0.174829,0.064617,14.4430
1,15,2.1180,106,0,0,0.181835,0.065358,14.4430
1,15,2.1380,107,0,0,0.188267,0.065702,14.4429
1,15,2.1580,108,0,0,0.194064,0.066183,14.4430
1,15,2.1780,109,0,0,0.199133,0.067489,14.4430
1,15,2.1980,110,0,0,0.202419,0.070951,14.4425
1,15,2.2180,111,0,0,0.196332,0.073369,14.4421
1,15,2.2380,112,0,0,0.191533,0.077683,14.4418
1,15,2.2580,113,0,0,0.191116,0.082211,14.4415
1,15,2.2780,114,0,0,0.195021,0.084541,14.4409
1,15,2.2980,115,0,0,0.199026,0.084850,14.4403
1,15,2.3180,116,0,0,0.222329,0.085084,14.4394
1,15,2.3380,117,0,0,0.232735,0.083162,14.4386
1,15,2.3580,118,0,0,0.237200,0.083784,14.4378
1,15,2.3780,119,0,0,0.237317,0.086909,14.4370
1,15,2.3980,120,0,0,0.232939,0.089706,14.4363
1,15,2.4180,121,0,0,0.225202,0.093195,14.4359
1,15,2.4380,122,0,0,0.216096,0.096380,14.4358
1,15,2.4580,123,0,0,0.207020,0.099190,14.4360
1,15,2.4780,124,0,0,0.198356,0.101737,14.4363
1,15,2.4980,125,0,0,0.190511,0.104112,14.4368
1,15,2.5180,126,0,0,0.184008,0.106329,14.4373
1,15,2.5380,127,0,0,0.179320,0.108375,14.4378
1,15,2.5580,128,0,0,0.180415,0.110298,14.4383
1,15,2.5780,129,0,0,0.184248,0.112213,14.4386
1,15,2.5980,130,0,0,0.186521,0.114211,14.4387
1,15,2.6180,131,0,0,0.187237,0.116412,14.4387
1,15,2.6380,132,0,0,0.189912,0.141401,14.4385
1,15,2.6580,133,0,0,0.201325,0.154737,14.4377
1,15,2.6780,134,0,0,0.236831,0.187077,14.4357
1,15,2.6980,135,0,0,0.272235,0.206972,14.4323
1,15,2.7180,136,0,0,0.309455,0.212414,14.4278
1,15,2.7380,137,0,0,0.320781,0.209271,14.4229
1,15,2.7580,138,0,0,0.317340,0.200131,14.4181
1,15,2.7780,139,0,0,0.314277,0.188605,14.4137
1,15,2.7980,140,0,0,0.301557,0.177514,14.4101
1,15,2.8180,141,0,0,0.297512,0.168966,14.4075
1,15,2.8380,142,0,0,0.335669,0.160334,14.4059
1,15,2.8580,143,0,0,0.376028,0.156376,14.4050
1,15,2.8780,144,0,0,0.410972,0.156768,14.4043
1,15,2.8980,145,0,0,0.427825,0.154870,14.4042
1,15,2.9180,146,0,0,0.412060,0.164298,14.4047
1,15,2.9380,147,0,0,0.394476,0.166734,14.4052
1,15,2.9580,148,0,0,0.380254,0.159825,14.4054
1,15,2.9780,149,0,0,0.376119,0.153793,14.4048
1,15,2.9980,150,0,0,0.366096,0.154156,14.4039
1,15,3.0180,151,0,0,0.356477,0.158010,14.4028
1,15,3.0380,152,0,0,0.359535,0.162374,14.4018
1,15,3.0580,153,0,0,0.384201,0.166197,14.4008
1,15,3.0780,154,0,0,0.417342,0.169111,14.3999
1,15,3.0980,155,0,0,0.446996,0.171317,14.3991
1,15,3.1180,156,0,0,0.468298,0.172426,14.3985
1,15,3.1380,157,0,0,0.481094,0.172883,14.3980
1,15,3.1580,158,0,0,0.487407,0.173707,14.3977
1,15,3.1780,159,0,0,0.462086,0.176113,14.3972
1,15,3.1980,160,0,0,0.451189,0.180174,14.3968
1,15,3.2180,161,0,0,0.447880,0.185580,14.3967
1,15,3.2380,162,0,0,0.449369,0.191566,14.3967
1,15,3.2580,163,0,0,0.453520,0.196727,14.3968
1,15,3.2780,164,0,0,0.458413,0.200081,14.3969
1,15,3.2980,165,0,0,0.463427,0.201442,14.3968
1,15,3.3180,166,0,0,0.468551,0.201257,14.3967
1,15,3.3380,167,0,0,0.474095,0.200543,14.3965
1,15,3.3580,168,0,0,0.480316,0.200566,14.3962
1,15,3.3780,169,0,0,0.487337,0.202657,14.3958
1,15,3.3980,170,0,0,0.494951,0.206400,14.3954
1,15,3.4180,171,0,0,0.502683,0.210302,14.3949
1,15,3.4380,172,0,0,0.510264,0.213869,14.3944
1,15,3.4580,173,0,0,0.517673,0.217009,14.3939
1,15,3.4780,174,0,0,0.524617,0.219913,14.3934
1,15,3.4980,175,0,0,0.531096,0.222519,14.3929
1,15,3.5180,176,0,0,0.537228,0.224822,14.3924
1,15,3.5380,177,0,0,0.542959,0.226865,14.3919
1,15,3.5580,178,0,0,0.548378,0.228647,14.3915
1,15,3.5780,179,0,0,0.553548,0.230176,14.3910
1,15,3.5980,180,0,0,0.558491,0.231428,14.3906
1,15,3.6180,181,0,0,0.563394,0.232427,14.3902
1,15,3.6380,182,0,0,0.568450,0.233269,14.3897
1,15,3.6580,183,0,0,0.573705,0.234114,14.3893
1,15,3.6780,184,0,0,0.579294,0.235018,14.3888
1,15,3.6980,185,0,0,0.585240,0.236150,14.3883
1,15,3.7180,186,0,0,0.591695,0.237649,14.3877
1,15,3.7380,187,0,0,0.598923,0.239526,14.3871
1,15,3.7580,188,0,0,0.607051,0.241564,14.3865
1,15,3.7780,189,0,0,0.615977,0.243532,14.3859
1,15,3.7980,190,0,0,0.625444,0.245290,14.3852
1,15,3.8180,191,0,0,0.635161,0.246825,14.3845
1,15,3.8380,192,0,0,0.644836,0.248302,14.3838
1,15,3.8580,193,0,0,0.654391,0.249908,14.3830
1,15,3.8780,194,0,0,0.663665,0.251575,14.3823
1,15,3.8980,195,0,0,0.672578,0.253285,14.3815
1,15,3.9180,196,0,0,0.680851,0.255016,14.3807
1,15,3.9380,197,0,0,0.688207,0.256793,14.3800
1,15,3.9580,198,0,0,0.694477,0.258601,14.3792
1,15,3.9780,199,0,0,0.699504,0.260443,14.3785
1,15,3.9980,200,0,0,0.703243,0.262321,14.3777
1,15,4.0180,201,0,0,0.705728,0.264249,14.3770
1,15,4.0380,202,0,0,0.707130,0.266233,14.3762
1,15,4.0580,203,0,0,0.707698,0.268282,14.3755
1,15,4.0780,204,0,0,0.707727,0.270397,14.3747
1,15,4.0980,205,0,0,0.707475,0.272588,14.3739
1,15,4.1180,206,0,0,0.707191,0.274860,14.3731
1,15,4.1380,207,0,0,0.707111,0.277222,14.3722
1,15,4.1580,208,0,0,0.707420,0.279675,14.3713
1,15,4.1780,209,0,0,0.708186,0.282224,14.3704
1,15,4.1980,210,0,0,0.709310,0.284880,14.3695
1,15,4.2180,211,0,0,0.710817,0.287634,14.3685
1,15,4.2380,212,0,0,0.712805,0.290449,14.3675
1,15,4.2580,213,0,0,0.715232,0.293305,14.3664
1,15,4.2780,214,0,0,0.717938,0.296149,14.3654
1,15,4.2980,215,0,0,0.720765,0.298956,14.3643
1,15,4.3180,216,0,0,0.723661,0.301703,14.3632
1,15,4.3380,217,0,0,0.726601,0.304368,14.3621
1,15,4.3580,218,0,0,0.729565,0.306944,14.3610
1,15,4.3780,219,0,0,0.732560,0.309407,14.3599
1,15,4.3980,220,0,0,0.735604,0.311742,14.3588
1,15,4.4180,221,0,0,0.738739,0.313943,14.3577
1,15,4.4380,222,0,0,0.742029,0.316001,14.3566
1,15,4.4580,223,0,0,0.745530,0.317948,14.3555
1,15,4.4780,224,0,0,0.749296,0.319888,14.3544
1,15,4.4980,225,0,0,0.753389,0.321828,14.3532
1,15,4.5180,226,0,0,0.757806,0.323661,14.3520
1,15,4.5380,227,0,0,0.762579,0.325310,14.3507
1,15,4.5580,228,0,0,0.767894,0.326777,14.3494
1,15,4.5780,229,0,0,0.773908,0.328078,14.3481
1,15,4.5980,230,0,0,0.780568,0.329254,14.3467
1,15,4.6180,231,0,0,0.787698,0.330285,14.3453
1,15,4.6380,232,0,0,0.795038,0.332136,14.3438
1,15,4.6580,233,0,0,0.802196,0.332307,14.3423
1,15,4.6780,234,0,0,0.809404,0.332455,14.3406
1,15,4.6980,235,0,0,0.816514,0.332920,14.3389
1,15,4.7180,236,0,0,0.823018,0.333533,14.3371
1,15,4.7380,237,0,0,0.828830,0.334268,14.3353
1,15,4.7580,238,0,0,0.833937,0.335070,14.3336
1,15,4.7780,239,0,0,0.838367,0.335953,14.3319
1,15,4.7980,240,0,0,0.842377,0.336972,14.3303
1,15,4.8180,241,0,0,0.846421,0.338150,14.3287
1,15,4.8380,242,0,0,0.850865,0.339492,14.3272
1,15,4.8580,243,0,0,0.855963,0.341144,14.3256
1,15,4.8780,244,0,0,0.861810,0.343060,14.3241
1,15,4.8980,245,0,0,0.868573,0.345099,14.3225
1,15,4.9180,246,0,0,0.876473,0.347207,14.3209
1,15,4.9380,247,0,0,0.885213,0.349367,14.3192
1,15,4.9580,248,0,0,0.894322,0.351578,14.3174
1,15,4.9780,249,0,0,0.903663,0.353665,14.3155
1,15,4.9980,250,0,0,0.912702,0.355881,14.3134
1,15,5.0180,251,0,0,0.920861,0.358256,14.3112
1,15,5.0380,252,0,0,0.927384,0.360697,14.3088
1,15,5.0580,253,0,0,0.931875,0.363091,14.3064
1,15,5.0780,254,0,0,0.934089,0.365330,14.3040
1,15,5.0980,255,0,0,0.933672,0.367349,14.3015
1,15,5.1180,256,0,0,0.931563,0.369078,14.2991
1,15,5.1380,257,0,0,0.928400,0.370353,14.2966
1,15,5.1580,258,0,0,0.924258,0.371362,14.2943
1,15,5.1780,259,0,0,0.918979,0.372351,14.2921
1,15,5.1980,260,0,0,0.913122,0.373661,14.2900
1,15,5.2180,261,0,0,0.907541,0.376074,14.2881
1,15,5.2380,262,0,0,0.902890,0.380033,14.2863
1,15,5.2580,263,0,0,0.899507,0.384847,14.2846
1,15,5.2780,264,0,0,0.897674,0.390033,14.2832
1,15,5.2980,265,0,0,0.897509,0.395348,14.2818
1,15,5.3180,266,0,0,0.898994,0.400577,14.2805
1,15,5.3380,267,0,0,0.902199,0.405605,14.2793
1,15,5.3580,268,0,0,0.907195,0.410368,14.2781
1,15,5.3780,269,0,0,0.914067,0.414836,14.2770
1,15,5.3980,270,0,0,0.922960,0.419011,14.2757
1,15,5.4180,271,0,0,0.933998,0.422969,14.2745
1,15,5.4380,272,0,0,0.947374,0.426887,14.2731
1,15,5.4580,273,0,0,0.963220,0.431079,14.2716
1,15,5.4780,274,0,0,0.981585,0.435742,14.2699
1,15,5.4980,275,0,0,1.000293,0.441163,14.2680
1,15,5.5180,276,0,0,1.023209,0.447650,14.2658
1,15,5.5380,277,0,0,1.050381,0.453551,14.2635
1,15,5.5580,278,0,0,1.082652,0.458118,14.2610
1,15,5.5780,279,0,0,1.119058,0.462091,14.2584
1,15,5.5980,280,0,0,1.157776,0.466148,14.2555
1,15,5.6180,281,0,0,1.197105,0.470657,14.2524
1,15,5.6380,282,0,0,1.235982,0.475707,14.2491
1,15,5.6580,283,0,0,1.273849,0.481236,14.2456
1,15,5.6780,284,0,0,1.310602,0.487210,14.2419
1,15,5.6980,285,0,0,1.346444,0.493556,14.2380
1,15,5.7180,286,0,0,1.381532,0.500282,14.2338
1,15,5.7380,287,0,0,1.416063,0.507464,14.2295
1,15,5.7580,288,0,0,1.450072,0.515190,14.2249
1,15,5.7780,289,0,0,1.483505,0.523514,14.2202
1,15,5.7980,290,0,0,1.516139,0.532586,14.2153
1,15,5.8180,291,0,0,1.547762,0.542538,14.2101
1,15,5.8380,292,0,0,1.578408,0.553380,14.2048
1,15,5.8580,293,0,0,1.608228,0.565143,14.1993
1,15,5.8780,294,0,0,1.638059,0.577642,14.1936
1,15,5.8980,295,0,0,1.667411,0.590717,14.1877
1,15,5.9180,296,0,0,1.696348,0.604238,14.1816
1,15,5.9380,297,0,0,1.725231,0.618095,14.1754
1,15,5.9580,298,0,0,1.754195,0.632203,14.1689
1,15,5.9780,299,0,0,1.783661,0.646526,14.1623
1,15,5.9980,300,0,0,1.813429,0.661281,14.1555
1,15,6.0180,301,0,0,1.843439,0.676289,14.1485
1,15,6.0380,302,0,0,1.873798,0.691550,14.1412
1,15,6.0580,303,0,0,1.904960,0.707104,14.1337
1,15,6.0780,304,0,0,1.937284,0.722969,14.1261
1,15,6.0980,305,0,0,1.971121,0.739164,14.1181
1,15,6.1180,306,0,0,2.006722,0.755695,14.1100
1,15,6.1380,307,0,0,2.044148,0.772532,14.1015
1,15,6.1580,308,0,0,2.083375,0.789620,14.0928
1,15,6.1780,309,0,0,2.124245,0.806977,14.0836
1,15,6.1980,310,0,0,2.166654,0.824543,14.0742
1,15,6.2180,311,0,0,2.210545,0.842391,14.0643
1,15,6.2380,312,0,0,2.255878,0.860547,14.0540
1,15,6.2580,313,0,0,2.302682,0.878915,14.0432
1,15,6.2780,314,0,0,2.350878,0.897543,14.0320
1,15,6.2980,315,0,0,2.400304,0.916571,14.0203
1,15,6.3180,316,0,0,2.450770,0.936089,14.0080
1,15,6.3380,317,0,0,2.502231,0.956160,13.9952
1,15,6.3580,318,0,0,2.554691,0.976859,13.9818
1,15,6.3780,319,0,0,2.608147,0.998250,13.9678
1,15,6.3980,320,0,0,2.662589,1.020360,13.9532
1,15,6.4180,321,0,0,2.717982,1.043255,13.9379
1,15,6.4380,322,0,0,2.774314,1.066945,13.9221
1,15,6.4580,323,0,0,2.831601,1.091081,13.9056
1,15,6.4780,324,0,0,2.889863,1.116323,13.8884
1,15,6.4980,325,0,0,2.949163,1.142305,13.8706
1,15,6.5180,326,0,0,3.009725,1.168889,13.8520
1,15,6.5380,327,0,0,3.071757,1.195887,13.8328
1,15,6.5580,328,0,0,3.135259,1.223274,13.8127
1,15,6.5780,329,0,0,3.200554,1.251131,13.7919
1,15,6.5980,330,0,0,3.268066,1.279609,13.7703
1,15,6.6180,331,0,0,3.338184,1.308695,13.7479
1,15,6.6380,332,0,0,3.411073,1.338377,13.7246
1,15,6.6580,333,0,0,3.487087,1.369298,13.7003
1,15,6.6780,334,0,0,3.566446,1.400396,13.6750
1,15,6.6980,335,0,0,3.647270,1.431342,13.6486
1,15,6.7180,336,0,0,3.729307,1.463677,13.6211
1,15,6.7380,337,0,0,3.815002,1.496680,13.5923
1,15,6.7580,338,0,0,3.905575,1.529761,13.5622
1,15,6.7780,339,0,0,4.000106,1.563415,13.5307
1,15,6.7980,340,0,0,4.098501,1.597739,13.4978
1,15,6.8180,341,0,0,4.199899,1.632310,13.4634
1,15,6.8380,342,0,0,4.303196,1.667721,13.4275
1,15,6.8580,343,0,0,4.407903,1.703933,13.3900
1,15,6.8780,344,0,0,4.513752,1.741304,13.3510
1,15,6.8980,345,0,0,4.620228,1.779922,13.3102
1,15,6.9180,346,0,0,4.726680,1.874005,13.2679
1,15,6.9380,347,0,0,4.827590,1.942028,13.2234
1,15,6.9580,348,0,0,4.924681,1.988278,13.1762
1,15,6.9780,349,0,0,5.037546,2.002833,13.1264
1,15,6.9980,350,0,0,5.144917,2.019829,13.0743
1,15,7.0180,351,0,0,5.229337,2.058516,13.0204
1,15,7.0380,352,0,0,5.282939,2.102129,12.9652
1,15,7.0580,353,0,0,5.339233,2.149006,12.9091
1,15,7.0780,354,0,0,5.419386,2.197354,12.8517
1,15,7.0980,355,0,0,5.556704,2.245116,12.7922
1,15,7.1180,356,0,0,5.681034,2.295839,12.7307
1,15,7.1380,357,0,0,5.840590,2.348556,12.6670
1,15,7.1580,358,0,0,6.005265,2.403436,12.6009
1,15,7.1780,359,0,0,6.163880,2.461972,12.5324
1,15,7.1980,360,0,0,6.308147,2.521555,12.4611
1,15,7.2180,361,0,0,6.445309,2.579239,12.3869
1,15,7.2380,362,0,0,6.578874,2.636355,12.3098
1,15,7.2580,363,0,0,6.706692,2.694072,12.2298
1,15,7.2780,364,0,0,6.832935,2.754548,12.1466
1,15,7.2980,365,0,0,6.957032,2.815654,12.0601
1,15,7.3180,366,0,0,7.078087,2.886622,11.9702
1,15,7.3380,367,0,0,7.196154,2.954030,11.8767
1,15,7.3580,368,0,0,7.311435,3.022725,11.7795
1,15,7.3780,369,0,0,7.429112,3.093456,11.6786
1,15,7.3980,370,0,0,7.548763,3.167764,11.5739
1,15,7.4180,371,0,0,7.670823,3.246600,11.4656
1,15,7.4380,372,0,0,7.795151,3.330410,11.3535
1,15,7.4580,373,0,0,7.921616,3.417023,11.2377
1,15,7.4780,374,0,0,8.050092,3.503965,11.1183
1,15,7.4980,375,0,0,8.180458,3.592030,10.9952
1,15,7.5180,376,0,0,8.312604,3.681879,10.8684
1,15,7.5380,377,0,0,8.446419,3.760888,10.7379
1,15,7.5580,378,0,0,8.581805,3.852445,10.6038
1,15,7.5780,379,0,0,8.718665,3.953311,10.4660
1,15,7.5980,380,0,0,8.856909,4.057828,10.3246
1,15,7.6180,381,0,0,8.996451,4.160186,10.1795
1,15,7.6380,382,0,0,9.137211,4.261422,10.0308
1,15,7.6580,383,0,0,9.279111,4.363703,9.8785
1,15,7.6780,384,0,0,9.422081,4.467413,9.7226
1,15,7.6980,385,0,0,9.566052,4.572583,9.5631
1,15,7.7180,386,0,0,9.710959,4.679426,9.3999
1,15,7.7380,387,0,0,9.856745,4.787830,9.2332
1,15,7.7580,388,0,0,10.003348,4.897973,9.0629
1,15,7.7780,389,0,0,10.150718,5.009278,8.8890
1,15,7.7980,390,0,0,10.298800,5.122054,8.7115
1,15,7.8180,391,0,0,10.447550,5.235540,8.5305
1,15,7.8380,392,0,0,10.596921,5.349693,8.3459
1,15,7.8580,393,0,0,10.746868,5.464330,8.1577
1,15,7.8780,394,0,0,10.897352,5.579991,7.9660
1,15,7.8980,395,0,0,11.048336,5.691993,7.7708
1,15,7.9180,396,0,0,11.199780,5.808295,7.5721
1,15,7.9380,397,0,0,11.351653,5.923701,7.3698
1,15,7.9580,398,0,0,11.503921,6.040675,7.1640
1,15,7.9780,399,0,0,11.656552,6.158829,6.9547
1,15,7.9980,400,0,0,11.809519,6.278340,6.7419
1,15,8.0180,401,0,0,11.962793,6.397732,6.5256
1,15,8.0380,402,0,0,12.116347,6.516742,6.3058
1,15,8.0580,403,0,0,12.270158,6.635824,6.0826
1,15,8.0780,404,0,0,12.424201,6.755213,5.8558
1,15,8.0980,405,0,0,12.578452,6.874916,5.6256
1,15,8.1180,406,0,0,12.732895,6.994856,5.3920
1,15,8.1380,407,0,0,12.887506,7.114944,5.1549
1,15,8.1580,408,0,0,13.042265,7.235073,4.9143
1,15,8.1780,409,0,0,13.197157,7.355161,4.6703
1,15,8.1980,410,0,0,13.352162,7.475124,4.4229
1,15,8.2180,411,0,0,13.507265,7.594930,4.1720
1,15,8.2380,412,0,0,13.662449,7.714580,3.9177
1,15,8.2580,413,0,0,13.817701,7.834080,3.6600
1,15,8.2780,414,0,0,13.973006,7.953470,3.4991
1,15,8.2980,415,0,0,14.128350,8.072830,3.4991
1,15,8.3180,416,0,0,14.283721,8.192311,3.4991
1,15,8.3380,417,0,0,14.439105,8.312374,3.4991
1,15,8.3580,418,0,0,14.594492,8.434648,3.4991
1,15,8.3780,419,0,0,14.749870,7.736632,3.4991
1,15,8.3980,420,0,0,14.905231,6.666175,3.4991
1,15,8.4180,421,0,0,15.060561,5.273500,3.4992
1,15,8.4380,422,0,0,15.215853,4.924048,3.4992
1,15,8.4580,423,0,0,15.371097,3.859729,3.4993
1,15,8.4780,424,0,0,15.526283,3.069992,3.4994
1,15,8.4980,425,0,0,11.009019,2.359933,3.4995
1,15,8.5180,426,0,0,7.040236,1.770853,3.4996
1,15,8.5380,427,0,0,7.221284,1.743779,3.4997
1,15,8.5580,428,0,0,7.402015,1.714025,3.4998
1,15,8.5780,429,0,0,7.582427,1.690289,3.4999
1,15,8.5980,430,0,0,6.457013,1.607980,3.4987
1,15,8.6180,431,0,0,5.847219,1.497621,3.4992
1,15,8.6380,432,0,0,4.642354,1.389480,3.5003
1,15,8.6580,433,0,0,4.420181,1.355814,3.5007
1,15,8.6780,434,0,0,2.968754,1.173460,3.5002
1,15,8.6980,435,0,0,2.934665,1.130799,3.4994
1,15,8.7180,436,0,0,2.816443,1.116722,3.4992
1,15,8.7380,437,0,0,2.729998,1.106606,3.4993
1,15,8.7580,438,0,0,2.703148,1.011962,3.4993
1,15,8.7780,439,0,0,2.695790,0.995091,3.4994
1,15,8.7980,440,0,0,2.575721,0.968093,3.4994
1,15,8.8180,441,0,0,2.653229,0.925032,3.4993
1,15,8.8380,442,0,0,2.385583,0.795431,3.4991
1,15,8.8580,443,0,0,2.294461,0.735079,3.4989
1,15,8.8780,444,0,0,2.206448,0.692662,3.4989
1,15,8.8980,445,0,0,2.122028,0.679324,3.4989
1,15,8.9180,446,1,0,2.041795,0.671160,3.4988
1,15,8.9380,447,1,0,1.966481,0.666044,3.4986
1,15,8.9580,448,1,0,1.896968,0.663943,3.4984
1,15,8.9780,449,2,0,1.834306,0.669126,3.4982
1,15,8.9980,450,2,0,1.779702,0.680784,3.4979
1,15,9.0180,451,2,0,1.734495,0.695215,3.4975
1,15,9.0380,452,3,0,1.752144,0.617760,3.4970
1,15,9.0580,453,3,0,1.799199,0.582672,3.4965
1,15,9.0780,454,3,0,1.853024,0.495583,3.4960
1,15,9.0980,455,3,0,1.913623,0.445173,3.4954
1,15,9.1180,456,3,0,1.980979,0.435614,3.4947
1,15,9.1380,457,3,0,2.055081,0.429601,3.4938
1,15,9.1580,458,3,0,2.135851,0.425028,3.4928
1,15,9.1780,459,3,0,2.223187,0.421294,3.4917
1,15,9.1980,460,3,0,2.318296,0.418439,3.4904
1,15,9.2180,461,3,0,1.023215,0.308424,3.4890
1,15,9.2380,462,3,0,1.067271,0.292564,3.4874
1,15,9.2580,463,3,0,1.112341,0.276940,3.4856
1,15,9.2780,464,3,0,1.158545,0.263290,3.4836
1,15,9.2980,465,3,0,1.204997,0.258597,3.4813
1,15,9.3180,466,3,0,1.252815,0.265969,3.4787
1,15,9.3380,467,3,0,1.303611,0.279541,3.4758
1,15,9.3580,468,3,0,1.334879,0.279405,3.4736
1,15,9.3780,469,3,0,1.295822,0.268658,3.4728
1,15,9.3980,470,3,0,1.372055,0.261126,3.4736
1,15,9.4180,471,3,0,1.096862,0.215033,3.4764
1,15,9.4380,472,3,0,1.030989,0.176305,3.4803
1,15,9.4580,473,3,0,0.983868,0.159115,3.4838
1,15,9.4780,474,3,0,0.938727,0.143121,3.4864
1,15,9.4980,475,3,0,0.887047,0.126054,3.4886
1,15,9.5180,476,3,0,0.826331,0.111693,3.4909
1,15,9.5380,477,3,0,0.762190,0.098585,3.4920
1,15,9.5580,478,4,0,0.678484,0.084980,3.4928
1,15,9.5780,479,4,0,0.586153,0.072241,3.4939
1,15,9.5980,480,4,0,0.499846,0.060980,3.4953
1,15,9.6180,481,4,0,0.421889,0.050537,3.4967
1,15,9.6380,482,4,0,0.352498,0.040664,3.4977
1,15,9.6580,483,4,0,0.292227,0.032941,3.4982
1,15,9.6780,484,6,0,0.243928,0.029538,3.4980
1,15,9.6980,485,6,0,0.204952,0.028434,3.4977
1,15,9.7180,486,6,0,0.180022,0.028629,3.4975
1,15,9.7380,487,6,0,0.187857,0.029367,3.4974
1,15,9.7580,488,8,0,0.213900,0.031342,3.4973
1,15,9.7780,489,8,0,0.242205,0.034064,3.4971
1,15,9.7980,490,8,0,0.272501,0.037453,3.4966
1,15,9.8180,491,8,0,0.305880,0.041429,3.4958
1,15,9.8380,492,8,0,0.343232,0.045757,3.4948
1,15,9.8580,493,8,0,0.383916,0.050542,3.4936
1,15,9.8780,494,8,0,0.431308,0.056153,3.4923
1,15,9.8980,495,8,0,0.487107,0.063005,3.4908
1,15,9.9180,496,8,0,0.550270,0.070307,3.4891
1,15,9.9380,497,8,0,0.617500,0.078534,3.4873
1,15,9.9580,498,10,0,0.686639,0.087512,3.4852
1,15,9.9780,499,10,0,0.741600,0.096912,3.4832
1,15,9.9980,500,10,0,0.762292,0.111380,3.4816
1,15,10.0180,501,10,0,0.784078,0.121140,3.4801
1,15,10.0380,502,10,0,0.810710,0.114175,3.4792
1,15,10.0580,503,10,0,0.784156,0.106008,3.4801
1,15,10.0780,504,10,0,0.713867,0.097604,3.4824
1,15,10.0980,505,10,0,0.623751,0.087770,3.4848
1,15,10.1180,506,10,0,0.542619,0.081884,3.4865
1,15,10.1380,507,10,0,0.465889,0.074950,3.4878
1,15,10.1580,508,11,0,0.390628,0.067759,3.4886
1,15,10.1780,509,11,0,0.329242,0.058431,3.4891
1,15,10.1980,510,11,0,0.284211,0.046591,3.4897
1,15,10.2180,511,11,0,0.235166,0.035635,3.4903
1,15,10.2380,512,11,0,0.172251,0.026285,3.4906
1,15,10.2580,513,11,0,0.104944,0.017251,3.4907
1,15,10.2780,514,11,0,0.044078,0.007767,3.4908
1,15,10.2980,515,11,0,0.034524,0.005216,3.4908
1,15,10.3180,516,11,0,0.087283,0.013511,3.4907
1,15,10.3380,517,11,0,0.143161,0.022755,3.4905
1,15,10.3580,518,11,0,0.196285,0.032239,3.4901
1,15,10.3780,519,11,0,0.256740,0.040391,3.4896
1,15,10.3980,520,11,0,0.314853,0.048863,3.4890
1,15,10.4180,521,11,0,0.369386,0.057453,3.4881
1,15,10.4380,522,11,0,0.420538,0.066474,3.4872
1,15,10.4580,523,11,0,0.472046,0.075357,3.4860
1,15,10.4780,524,10,0,0.526897,0.084133,3.4845
1,15,10.4980,525,10,0,0.584383,0.093018,3.4828
1,15,10.5180,526,10,0,0.623679,0.088748,3.4822
1,15,10.5380,527,10,0,0.617651,0.085663,3.4826
1,15,10.5580,528,10,0,0.571343,0.079182,3.4833
1,15,10.5780,529,10,0,0.503140,0.070895,3.4841
1,15,10.5980,530,10,0,0.416977,0.064310,3.4849
1,15,10.6180,531,10,0,0.336361,0.058471,3.4856
1,15,10.6380,532,10,0,0.282972,0.049405,3.4865
1,15,10.6580,533,10,0,0.234403,0.039402,3.4872
1,15,10.6780,534,10,0,0.190766,0.029759,3.4876
1,15,10.6980,535,10,0,0.156211,0.022438,3.4879
1,15,10.7180,536,10,0,0.136939,0.019592,3.4880
1,15,10.7380,537,10,0,0.142748,0.020203,3.4878
1,15,10.7580,538,10,0,0.165640,0.024575,3.4875
1,15,10.7780,539,10,0,0.199060,0.030327,3.4871
1,15,10.7980,540,10,0,0.241817,0.038015,3.4865
1,15,10.8180,541,10,0,0.292733,0.046589,3.4858
1,15,10.8380,542,10,0,0.349275,0.055600,3.4849
1,15,10.8580,543,10,0,0.409489,0.064769,3.4839
1,15,10.8780,544,10,0,0.469190,0.071379,3.4828
1,15,10.8980,545,10,0,0.513280,0.071296,3.4820
1,15,10.9180,546,10,0,0.513781,0.069683,3.4818
1,15,10.9380,547,10,0,0.474875,0.065169,3.4819
1,15,10.9580,548,10,0,0.411368,0.059122,3.4827
1,15,10.9780,549,10,0,0.339536,0.051310,3.4839
1,15,10.9980,550,10,0,0.265775,0.041883,3.4849
1,15,11.0180,551,10,0,0.195479,0.032327,3.4855
1,15,11.0380,552,10,0,0.133016,0.022343,3.4859
1,15,11.0580,553,11,0,0.073842,0.012034,3.4860
1,15,11.0780,554,11,0,0.013965,0.001907,3.4859
1,15,11.0980,555,11,0,0.048543,0.008141,3.4858
1,15,11.1180,556,11,0,0.111220,0.017845,3.4855
1,15,11.1380,557,11,0,0.173375,0.027446,3.4851
1,15,11.1580,558,10,0,0.234290,0.036986,3.4845
1,15,11.1780,559,10,0,0.293995,0.046490,3.4837
1,15,11.1980,560,10,0,0.346211,0.052483,3.4829
1,15,11.2180,561,10,0,0.378342,0.054223,3.4826
1,15,11.2380,562,10,0,0.385409,0.053421,3.4827
1,15,11.2580,563,10,0,0.365574,0.050563,3.4829
1,15,11.2780,564,10,0,0.336397,0.045435,3.4827
1,15,11.2980,565,10,0,0.303982,0.039093,3.4823
1,15,11.3180,566,10,0,0.241075,0.035352,3.4821
1,15,11.3380,567,10,0,0.156184,0.027798,3.4821
1,15,11.3580,568,10,0,0.092157,0.018381,3.4823
1,15,11.3780,569,10,0,0.058590,0.010332,3.4826
1,15,11.3980,570,10,0,0.060837,0.008522,3.4828
1,15,11.4180,571,10,0,0.098116,0.015259,3.4826
1,15,11.4380,572,10,0,0.147253,0.024029,3.4823
1,15,11.4580,573,10,0,0.201248,0.032965,3.4817
1,15,11.4780,574,10,0,0.250702,0.037428,3.4813
1,15,11.4980,575,10,0,0.282061,0.039568,3.4812
1,15,11.5180,576,10,0,0.292642,0.040398,3.4813
1,15,11.5380,577,10,0,0.282680,0.038802,3.4812
1,15,11.5580,578,10,0,0.256651,0.035020,3.4814
1,15,11.5780,579,10,0,0.220044,0.030596,3.4820
1,15,11.5980,580,10,0,0.177514,0.024839,3.4828
1,15,11.6180,581,10,0,0.129664,0.017818,3.4833
1,15,11.6380,582,10,0,0.084334,0.010398,3.4835
1,15,11.6580,583,10,0,0.060110,0.008522,3.4835
1,15,11.6780,584,10,0,0.077012,0.011363,3.4834
1,15,11.6980,585,10,0,0.109410,0.015702,3.4833
1,15,11.7180,586,10,0,0.139486,0.019690,3.4832
1,15,11.7380,587,10,0,0.176786,0.023098,3.4827
1,15,11.7580,588,10,0,0.197923,0.026138,3.4822
1,15,11.7780,589,10,0,0.199399,0.027790,3.4821
1,15,11.7980,590,10,0,0.192013,0.027277,3.4822
1,15,11.8180,591,10,0,0.156723,0.023888,3.4820
1,15,11.8380,592,10,0,0.120782,0.017716,3.4820
1,15,11.8580,593,10,0,0.067798,0.010873,3.4818
1,15,11.8780,594,10,0,0.016055,0.002834,3.4817
1,15,11.8980,595,10,0,0.034818,0.004938,3.4817
1,15,11.9180,596,10,0,0.081933,0.011361,3.4816
1,15,11.9380,597,10,0,0.123400,0.016803,3.4816
1,15,11.9580,598,10,0,0.156999,0.021138,3.4816
1,15,11.9780,599,10,0,0.174446,0.024386,3.4816
1,15,11.9980,600,10,0,0.180127,0.025375,3.4816
1,15,12.0180,601,10,0,0.175085,0.024532,3.4816
1,15,12.0380,602,10,0,0.160018,0.021937,3.4815
1,15,12.0580,603,10,0,0.135602,0.018416,3.4815
1,15,12.0780,604,10,0,0.104052,0.014162,3.4814
1,15,12.0980,605,10,0,0.068789,0.009490,3.4814
1,15,12.1180,606,10,0,0.035544,0.004882,3.4814
1,15,12.1380,607,10,0,0.024882,0.003379,3.4815
1,15,12.1580,608,10,0,0.047822,0.006762,3.4815
1,15,12.1780,609,10,0,0.073354,0.010452,3.4814
1,15,12.1980,610,10,0,0.094220,0.013381,3.4814
1,15,12.2180,611,10,0,0.108831,0.015268,3.4813
1,15,12.2380,612,10,0,0.116425,0.016242,3.4814
1,15,12.2580,613,10,0,0.116680,0.016253,3.4814
1,15,12.2780,614,10,0,0.110026,0.015321,3.4815
1,15,12.2980,615,10,0,0.097348,0.013554,3.4815
1,15,12.3180,616,10,0,0.079802,0.011107,3.4815
1,15,12.3380,617,15,0,0.000000,0.000000,3.4815
2,15,0.0180,1,0,0,0.000000,0.000000,14.5000
2,15,0.0380,2,0,0,0.195896,0.151866,14.4961
2,15,0.0580,3,0,0,0.381685,0.266525,14.4884
2,15,0.0780,4,0,0,0.524989,0.341894,14.4780
2,15,0.0980,5,0,0,0.599209,0.377704,14.4660
2,15,0.1180,6,0,0,0.599292,0.375613,14.4540
2,15,0.1380,7,0,0,0.537032,0.339036,14.4433
2,15,0.1580,8,0,0,0.429279,0.274589,14.4347
2,15,0.1780,9,0,0,0.293130,0.190104,14.4288
2,15,0.1980,10,0,0,0.146312,0.096477,14.4260
2,15,0.2180,11,0,0,0.047429,0.026884,14.4261
2,15,0.2380,12,0,0,0.151621,0.094267,14.4288
2,15,0.2580,13,0,0,0.255850,0.160619,14.4337
2,15,0.2780,14,0,0,0.327152,0.206088,14.4400
2,15,0.2980,15,0,0,0.360459,0.227696,14.4470
2,15,0.3180,16,0,0,0.357016,0.225462,14.4539
2,15,0.3380,17,0,0,0.319148,0.201588,14.4601
2,15,0.3580,18,0,0,0.257484,0.160781,14.4651
2,15,0.3780,19,0,0,0.177365,0.110633,14.4684
2,15,0.3980,20,0,0,0.097618,0.054599,14.4695
2,15,0.4180,21,0,0,0.125552,0.092751,14.4679
2,15,0.4380,22,0,0,0.210025,0.150680,14.4637
2,15,0.4580,23,0,0,0.288732,0.189588,14.4580
2,15,0.4780,24,0,0,0.327206,0.241986,14.4516
2,15,0.4980,25,0,0,0.363835,0.261170,14.4445
2,15,0.5180,26,0,0,0.387979,0.292843,14.4370
2,15,0.5380,27,0,0,0.437124,0.338099,14.4287
2,15,0.5580,28,0,0,0.505965,0.346291,14.4189
2,15,0.5780,29,0,0,0.525761,0.333579,14.4086
2,15,0.5980,30,0,0,0.481165,0.312737,14.3992
2,15,0.6180,31,0,0,0.411783,0.274286,14.3912
2,15,0.6380,32,0,0,0.298553,0.220820,14.3854
2,15,0.6580,33,0,0,0.297859,0.193648,14.3822
2,15,0.6780,34,0,0,0.286008,0.150999,14.3806
2,15,0.6980,35,0,0,0.253501,0.130908,14.3805
2,15,0.7180,36,0,0,0.232188,0.151245,14.3818
2,15,0.7380,37,0,0,0.264513,0.178771,14.3844
2,15,0.7580,38,0,0,0.271829,0.197843,14.3877
2,15,0.7780,39,0,0,0.283219,0.205056,14.3916
2,15,0.7980,40,0,0,0.281057,0.199980,14.3957
2,15,0.8180,41,0,0,0.254329,0.185025,14.3993
2,15,0.8380,42,0,0,0.245251,0.163603,14.4023
2,15,0.8580,43,0,0,0.225921,0.139220,14.4044
2,15,0.8780,44,0,0,0.203613,0.116301,14.4057
2,15,0.8980,45,0,0,0.189326,0.100526,14.4060
2,15,0.9180,46,0,0,0.181850,0.098380,14.4054
2,15,0.9380,47,0,0,0.181113,0.105567,14.4039
2,15,0.9580,48,0,0,0.181697,0.113973,14.4018
2,15,0.9780,49,0,0,0.183516,0.120101,14.3995
2,15,0.9980,50,0,0,0.188838,0.123007,14.3970
2,15,1.0180,51,0,0,0.218403,0.122925,14.3948
2,15,1.0380,52,0,0,0.246367,0.120841,14.3930
2,15,1.0580,53,0,0,0.275096,0.118917,14.3916
2,15,1.0780,54,0,0,0.298661,0.118633,14.3908
2,15,1.0980,55,0,0,0.317925,0.119808,14.3905
2,15,1.1180,56,0,0,0.338442,0.123497,14.3907
2,15,1.1380,57,0,0,0.360814,0.129650,14.3915
2,15,1.1580,58,0,0,0.382999,0.136947,14.3926
2,15,1.1780,59,0,0,0.403178,0.143751,14.3939
2,15,1.1980,60,0,0,0.420152,0.148889,14.3953
2,15,1.2180,61,0,0,0.433486,0.151878,14.3967
2,15,1.2380,62,0,0,0.443703,0.152663,14.3979
2,15,1.2580,63,0,0,0.452272,0.151703,14.3989
2,15,1.2780,64,0,0,0.460287,0.149679,14.3995
2,15,1.2980,65,0,0,0.468201,0.147337,14.3997
2,15,1.3180,66,0,0,0.475951,0.145244,14.3996
2,15,1.3380,67,0,0,0.483092,0.143703,14.3992
2,15,1.3580,68,0,0,0.488978,0.142794,14.3985
2,15,1.3780,69,0,0,0.493133,0.142537,14.3977
2,15,1.3980,70,0,0,0.495302,0.143084,14.3968
2,15,1.4180,71,0,0,0.495569,0.144772,14.3959
2,15,1.4380,72,0,0,0.494311,0.147804,14.3951
2,15,1.4580,73,0,0,0.492031,0.152169,14.3944
2,15,1.4780,74,0,0,0.489052,0.157729,14.3938
2,15,1.4980,75,0,0,0.482253,0.164683,14.3931
2,15,1.5180,76,0,0,0.479533,0.170583,14.3927
2,15,1.5380,77,0,0,0.483151,0.176421,14.3924
2,15,1.5580,78,0,0,0.489755,0.182619,14.3922
2,15,1.5780,79,0,0,0.495941,0.188990,14.3922
2,15,1.5980,80,0,0,0.499876,0.195484,14.3922
2,15,1.6180,81,0,0,0.501356,0.202190,14.3924
2,15,1.6380,82,0,0,0.501154,0.209064,14.3925
2,15,1.6580,83,0,0,0.500356,0.215851,14.3926
2,15,1.6780,84,0,0,0.499785,0.222279,14.3927
2,15,1.6980,85,0,0,0.499915,0.228173,14.3927
2,15,1.7180,86,0,0,0.500834,0.233498,14.3927
2,15,1.7380,87,0,0,0.525117,0.238312,14.3923
2,15,1.7580,88,0,0,0.537297,0.242647,14.3919
2,15,1.7780,89,0,0,0.540858,0.246840,14.3915
2,15,1.7980,90,0,0,0.540715,0.251227,14.3911
2,15,1.8180,91,0,0,0.539794,0.255569,14.3906
2,15,1.8380,92,0,0,0.539778,0.259490,14.3900
2,15,1.8580,93,0,0,0.541638,0.262795,14.3895
2,15,1.8780,94,0,0,0.545878,0.265538,14.3890
2,15,1.8980,95,0,0,0.552526,0.267975,14.3886
2,15,1.9180,96,0,0,0.561297,0.270419,14.3882
2,15,1.9380,97,0,0,0.571763,0.273142,14.3879
2,15,1.9580,98,0,0,0.583515,0.276280,14.3877
2,15,1.9780,99,0,0,0.596121,0.284166,14.3873
2,15,1.9980,100,0,0,0.606968,0.292685,14.3863
2,15,2.0180,101,0,0,0.620656,0.302343,14.3851
2,15,2.0380,102,0,0,0.638970,0.313674,14.3836
2,15,2.0580,103,0,0,0.659479,0.324812,14.3818
2,15,2.0780,104,0,0,0.685376,0.330959,14.3796
2,15,2.0980,105,0,0,0.706445,0.332833,14.3775
2,15,2.1180,106,0,0,0.729808,0.331786,14.3758
2,15,2.1380,107,0,0,0.753851,0.329478,14.3745
2,15,2.1580,108,0,0,0.775753,0.327533,14.3735
2,15,2.1780,109,0,0,0.793480,0.327101,14.3729
2,15,2.1980,110,0,0,0.806028,0.328397,14.3724
2,15,2.2180,111,0,0,0.826608,0.331336,14.3717
2,15,2.2380,112,0,0,0.835367,0.333999,14.3712
2,15,2.2580,113,0,0,0.841011,0.335249,14.3711
2,15,2.2780,114,0,0,0.871975,0.336469,14.3709
2,15,2.2980,115,0,0,0.883783,0.338414,14.3708
2,15,2.3180,116,0,0,0.882349,0.341198,14.3707
2,15,2.3380,117,0,0,0.875927,0.344252,14.3704
2,15,2.3580,118,0,0,0.854870,0.347156,14.3699
2,15,2.3780,119,0,0,0.846147,0.349736,14.3692
2,15,2.3980,120,0,0,0.846306,0.352026,14.3683
2,15,2.4180,121,0,0,0.851921,0.354202,14.3672
2,15,2.4380,122,0,0,0.860299,0.356716,14.3660
2,15,2.4580,123,0,0,0.869805,0.360149,14.3646
2,15,2.4780,124,0,0,0.879843,0.364964,14.3632
2,15,2.4980,125,0,0,0.889766,0.371170,14.3617
2,15,2.5180,126,0,0,0.899636,0.378398,14.3603
2,15,2.5380,127,0,0,0.909886,0.386102,14.3589
2,15,2.5580,128,0,0,0.920786,0.393731,14.3575
2,15,2.5780,129,0,0,0.932613,0.400879,14.3562
2,15,2.5980,130,0,0,0.945230,0.407423,14.3549
2,15,2.6180,131,0,0,0.958283,0.413204,14.3538
2,15,2.6380,132,0,0,0.971748,0.417828,14.3527
2,15,2.6580,133,0,0,0.984870,0.421350,14.3516
2,15,2.6780,134,0,0,0.997011,0.424390,14.3506
2,15,2.6980,135,0,0,1.007881,0.427159,14.3496
2,15,2.7180,136,0,0,1.024271,0.429864,14.3485
2,15,2.7380,137,0,0,1.043119,0.432442,14.3474
2,15,2.7580,138,0,0,1.060923,0.434662,14.3463
2,15,2.7780,139,0,0,1.074206,0.453144,14.3451
2,15,2.7980,140,0,0,1.088061,0.453138,14.3437
2,15,2.8180,141,0,0,1.101925,0.456014,14.3413
2,15,2.8380,142,0,0,1.121948,0.467534,14.3380
2,15,2.8580,143,0,0,1.143426,0.464317,14.3338
2,15,2.8780,144,0,0,1.159861,0.458630,14.3290
2,15,2.8980,145,0,0,1.165548,0.454225,14.3241
2,15,2.9180,146,0,0,1.158829,0.451769,14.3194
2,15,2.9380,147,0,0,1.146324,0.449023,14.3152
2,15,2.9580,148,0,0,1.134813,0.445723,14.3115
2,15,2.9780,149,0,0,1.129326,0.443108,14.3084
2,15,2.9980,150,0,0,1.132353,0.443737,14.3058
2,15,3.0180,151,0,0,1.143999,0.447298,14.3036
2,15,3.0380,152,0,0,1.162433,0.451894,14.3018
2,15,3.0580,153,0,0,1.184543,0.456917,14.3003
2,15,3.0780,154,0,0,1.208419,0.462800,14.2990
2,15,3.0980,155,0,0,1.232625,0.469458,14.2978
2,15,3.1180,156,0,0,1.255994,0.475985,14.2966
2,15,3.1380,157,0,0,1.277633,0.481879,14.2953
2,15,3.1580,158,0,0,1.296109,0.486840,14.2938
2,15,3.1780,159,0,0,1.309725,0.491146,14.2921
2,15,3.1980,160,0,0,1.318203,0.494859,14.2903
2,15,3.2180,161,0,0,1.321243,0.497402,14.2881
2,15,3.2380,162,0,0,1.319179,0.498648,14.2857
2,15,3.2580,163,0,0,1.312952,0.499568,14.2829
2,15,3.2780,164,0,0,1.303849,0.501432,14.2799
2,15,3.2980,165,0,0,1.293038,0.504970,14.2767
2,15,3.3180,166,0,0,1.282520,0.509946,14.2734
2,15,3.3380,167,0,0,1.273500,0.515439,14.2700
2,15,3.3580,168,0,0,1.266586,0.520805,14.2666
2,15,3.3780,169,0,0,1.262131,0.525368,14.2632
2,15,3.3980,170,0,0,1.260061,0.529402,14.2599
2,15,3.4180,171,0,0,1.261741,0.533341,14.2569
2,15,3.4380,172,0,0,1.266712,0.537639,14.2541
2,15,3.4580,173,0,0,1.275917,0.542660,14.2514
2,15,3.4780,174,0,0,1.289075,0.548405,14.2488
2,15,3.4980,175,0,0,1.305295,0.554973,14.2463
2,15,3.5180,176,0,0,1.323327,0.562354,14.2438
2,15,3.5380,177,0,0,1.341478,0.570401,14.2413
2,15,3.5580,178,0,0,1.358626,0.578983,14.2387
2,15,3.5780,179,0,0,1.374556,0.588024,14.2360
2,15,3.5980,180,0,0,1.389535,0.597178,14.2331
2,15,3.6180,181,0,0,1.403968,0.606596,14.2300
2,15,3.6380,182,0,0,1.418388,0.616306,14.2268
2,15,3.6580,183,0,0,1.432918,0.626310,14.2232
2,15,3.6780,184,0,0,1.447869,0.636549,14.2194
2,15,3.6980,185,0,0,1.463714,0.647054,14.2154
2,15,3.7180,186,0,0,1.481091,0.657612,14.2111
2,15,3.7380,187,0,0,1.500435,0.668220,14.2066
2,15,3.7580,188,0,0,1.522035,0.678864,14.2019
2,15,3.7780,189,0,0,1.545783,0.689564,14.1970
2,15,3.7980,190,0,0,1.571306,0.700665,14.1919
2,15,3.8180,191,0,0,1.598261,0.711756,14.1867
2,15,3.8380,192,0,0,1.626608,0.722854,14.1813
2,15,3.8580,193,0,0,1.656628,0.734030,14.1759
2,15,3.8780,194,0,0,1.688645,0.745355,14.1704
2,15,3.8980,195,0,0,1.722552,0.756705,14.1647
2,15,3.9180,196,0,0,1.757788,0.767973,14.1590
2,15,3.9380,197,0,0,1.793680,0.779192,14.1531
2,15,3.9580,198,0,0,1.829534,0.790599,14.1471
2,15,3.9780,199,0,0,1.864843,0.802303,14.1408
2,15,3.9980,200,0,0,1.899370,0.814267,14.1344
2,15,4.0180,201,0,0,1.933076,0.826522,14.1278
2,15,4.0380,202,0,0,1.966167,0.839045,14.1209
2,15,4.0580,203,0,0,1.999000,0.851866,14.1137
2,15,4.0780,204,0,0,2.032253,0.865102,14.1062
2,15,4.0980,205,0,0,2.065808,0.878928,14.0984
2,15,4.1180,206,0,0,2.099895,0.905498,14.0903
2,15,4.1380,207,0,0,2.135205,0.913009,14.0819
2,15,4.1580,208,0,0,2.169926,0.930189,14.0732
2,15,4.1780,209,0,0,2.203144,0.946578,14.0638
2,15,4.1980,210,0,0,2.237162,0.963021,14.0539
2,15,4.2180,211,0,0,2.275211,0.979892,14.0435
2,15,4.2380,212,0,0,2.319143,1.006644,14.0327
2,15,4.2580,213,0,0,2.369350,1.029357,14.0214
2,15,4.2780,214,0,0,2.424065,1.050572,14.0094
2,15,4.2980,215,0,0,2.478825,1.068320,13.9967
2,15,4.3180,216,0,0,2.533128,1.084917,13.9835
2,15,4.3380,217,0,0,2.590328,1.101396,13.9698
2,15,4.3580,218,0,0,2.646244,1.129480,13.9557
2,15,4.3780,219,0,0,2.707430,1.151234,13.9409
2,15,4.3980,220,0,0,2.777560,1.163915,13.9250
2,15,4.4180,221,0,0,2.852142,1.182357,13.9081
2,15,4.4380,222,0,0,2.929143,1.203689,13.8905
2,15,4.4580,223,0,0,3.010667,1.228852,13.8724
2,15,4.4780,224,0,0,3.089179,1.255521,13.8540
2,15,4.4980,225,0,0,3.163511,1.278708,13.8352
2,15,4.5180,226,0,0,3.232512,1.301105,13.8158
2,15,4.5380,227,0,0,3.303748,1.325062,13.7957
2,15,4.5580,228,0,0,3.381485,1.352026,13.7745
2,15,4.5780,229,0,0,3.463873,1.377032,13.7521
2,15,4.5980,230,0,0,3.549678,1.406554,13.7285
2,15,4.6180,231,0,0,3.643340,1.431998,13.7034
2,15,4.6380,232,0,0,3.734490,1.461562,13.6770
2,15,4.6580,233,0,0,3.822234,1.489601,13.6492
2,15,4.6780,234,0,0,3.910528,1.518132,13.6203
2,15,4.6980,235,0,0,4.000604,1.548160,13.5901
2,15,4.7180,236,0,0,4.103855,1.579193,13.5585
2,15,4.7380,237,0,0,4.200446,1.612103,13.5257
2,15,4.7580,238,0,0,4.290112,1.647468,13.4918
2,15,4.7780,239,0,0,4.374634,1.684817,13.4568
2,15,4.7980,240,0,0,4.455392,1.723786,13.4208
2,15,4.8180,241,0,0,4.533040,1.763855,13.3838
2,15,4.8380,242,0,0,4.607471,1.805171,13.3458
2,15,4.8580,243,0,0,4.678219,1.857803,13.3069
2,15,4.8780,244,0,0,4.745736,1.897748,13.2674
2,15,4.8980,245,0,0,4.816651,1.943518,13.2269
2,15,4.9180,246,0,0,4.893176,2.003079,13.1847
2,15,4.9380,247,0,0,4.974378,2.059441,13.1405
2,15,4.9580,248,0,0,5.046910,2.108867,13.0945
2,15,4.9780,249,0,0,5.118093,2.155609,13.0466
2,15,4.9980,250,0,0,5.187685,2.200757,12.9967
2,15,5.0180,251,0,0,5.244571,2.246231,12.9452
2,15,5.0380,252,0,0,5.303165,2.298142,12.8925
2,15,5.0580,253,0,0,5.375483,2.352588,12.8384
2,15,5.0780,254,0,0,5.462073,2.408005,12.7820
2,15,5.0980,255,0,0,5.549963,2.459872,12.7238
2,15,5.1180,256,0,0,5.637899,2.511289,12.6641
2,15,5.1380,257,0,0,5.727704,2.564341,12.6026
2,15,5.1580,258,0,0,5.827546,2.618712,12.5389
2,15,5.1780,259,0,0,5.948823,2.676975,12.4726
2,15,5.1980,260,0,0,6.086737,2.737867,12.4038
2,15,5.2180,261,0,0,6.238244,2.799126,12.3327
2,15,5.2380,262,0,0,6.403465,2.859927,12.2594
2,15,5.2580,263,0,0,6.561025,2.920598,12.1836
2,15,5.2780,264,0,0,6.706586,2.980535,12.1053
2,15,5.2980,265,0,0,6.847729,3.039208,12.0242
2,15,5.3180,266,0,0,6.964609,3.097964,11.9395
2,15,5.3380,267,0,0,7.077949,3.160103,11.8514
2,15,5.3580,268,0,0,7.199470,3.227332,11.7601
2,15,5.3780,269,0,0,7.329568,3.296644,11.6659
2,15,5.3980,270,0,0,7.456081,3.369089,11.5684
2,15,5.4180,271,0,0,7.572572,3.445972,11.4672
2,15,5.4380,272,0,0,7.692377,3.525593,11.3624
2,15,5.4580,273,0,0,7.819223,3.608450,11.2541
2,15,5.4780,274,0,0,7.942419,3.693929,11.1422
2,15,5.4980,275,0,0,8.065900,3.781529,11.0266
2,15,5.5180,276,0,0,8.192932,3.871071,10.9074
2,15,5.5380,277,0,0,8.322340,3.963103,10.7846
2,15,5.5580,278,0,0,8.457131,4.057236,10.6583
2,15,5.5780,279,0,0,8.592510,4.153619,10.5286
2,15,5.5980,280,0,0,8.726176,4.252077,10.3953
2,15,5.6180,281,0,0,8.859722,4.352328,10.2584
2,15,5.6380,282,0,0,8.994346,4.454617,10.1178
2,15,5.6580,283,0,0,9.130363,4.558843,9.9736
2,15,5.6780,284,0,0,9.267694,4.663911,9.8257
2,15,5.6980,285,0,0,9.406259,4.773124,9.6742
2,15,5.7180,286,0,0,9.545983,4.884146,9.5191
2,15,5.7380,287,0,0,9.686799,4.996809,9.3604
2,15,5.7580,288,0,0,9.828637,5.110532,9.1981
2,15,5.7780,289,0,0,9.971438,5.226148,9.0322
2,15,5.7980,290,0,0,10.115142,5.342758,8.8627
2,15,5.8180,291,0,0,10.259690,5.460178,8.6896
2,15,5.8380,292,0,0,10.405031,5.579077,8.5129
2,15,5.8580,293,0,0,10.551114,5.699539,8.3327
2,15,5.8780,294,0,0,10.697890,5.821228,8.1489
2,15,5.8980,295,0,0,10.845316,5.944894,7.9616
2,15,5.9180,296,0,0,10.993349,6.069731,7.7707
2,15,5.9380,297,0,0,11.141948,6.192604,7.5763
2,15,5.9580,298,0,0,11.291073,6.317891,7.3783
2,15,5.9780,299,0,0,11.440689,6.442755,7.1769
2,15,5.9980,300,0,0,11.590760,6.567992,6.9719
2,15,6.0180,301,0,0,11.741257,6.694638,6.7634
2,15,6.0380,302,0,0,11.892144,6.822267,6.5514
2,15,6.0580,303,0,0,12.043394,6.950460,6.3359
2,15,6.0780,304,0,0,12.194979,7.079065,6.1169
2,15,6.0980,305,0,0,12.346873,7.207911,5.8944
2,15,6.1180,306,0,0,12.499050,7.336822,5.6685
2,15,6.1380,307,0,0,12.651485,7.465734,5.4390
2,15,6.1580,308,0,0,12.804156,7.594715,5.2062
2,15,6.1780,309,0,0,12.957043,7.723857,4.9698
2,15,6.1980,310,0,0,13.110123,7.853306,4.7301
2,15,6.2180,311,0,0,13.263376,7.983289,4.4868
2,15,6.2380,312,0,0,13.416785,8.114573,4.2402
2,15,6.2580,313,0,0,13.570333,8.248705,3.9901
2,15,6.2780,314,0,0,13.724001,8.384469,3.7366
2,15,6.2980,315,0,0,13.877773,8.520672,3.4797
2,15,6.3180,316,0,0,14.031635,8.657071,3.2194
2,15,6.3380,317,0,0,14.185572,8.793588,2.9557
2,15,6.3580,318,0,0,14.339570,7.992598,2.6886
2,15,6.3780,319,0,0,14.493615,6.700146,2.5041
2,15,6.3980,320,0,0,14.647696,6.295779,2.5041
2,15,6.4180,321,0,0,14.801799,5.782307,2.5042
2,15,6.4380,322,0,0,14.955914,5.233769,2.5042
2,15,6.4580,323,0,0,15.373906,4.607547,2.5042
2,15,6.4780,324,0,0,16.294188,4.028411,2.5042
2,15,6.4980,325,0,0,16.132463,3.659866,2.5042
2,15,6.5180,326,0,0,16.275816,2.665177,2.5041
2,15,6.5380,327,0,0,10.912279,2.283577,2.5040
2,15,6.5580,328,0,0,4.702244,1.569328,2.5037
2,15,6.5780,329,0,0,4.577317,1.487708,2.5032
2,15,6.5980,330,0,0,4.458261,1.433427,2.5029
2,15,6.6180,331,0,0,4.345503,1.357997,2.5036
2,15,6.6380,332,0,0,4.239487,1.323102,2.5027
2,15,6.6580,333,0,0,4.140672,1.297424,2.5016
2,15,6.6780,334,0,0,4.049525,1.256558,2.5010
2,15,6.6980,335,0,0,3.966515,1.227096,2.5006
2,15,6.7180,336,0,0,3.892099,1.209226,2.4999
2,15,6.7380,337,0,0,3.826718,1.075293,2.4987
2,15,6.7580,338,0,0,3.770777,1.051280,2.4977
2,15,6.7780,339,0,0,3.724640,1.031963,2.4966
2,15,6.7980,340,0,0,3.688609,0.887994,2.4952
2,15,6.8180,341,0,0,3.662920,0.792541,2.4935
2,15,6.8380,342,0,0,3.647725,0.699986,2.4918
2,15,6.8580,343,0,0,3.643094,0.661518,2.4900
2,15,6.8780,344,0,0,3.649003,0.626290,2.4879
2,15,6.8980,345,0,0,3.665337,0.593663,2.4856
2,15,6.9180,346,1,0,3.691897,0.564936,2.4830
2,15,6.9380,347,1,0,3.728403,0.539838,2.4800
2,15,6.9580,348,1,0,3.774506,0.518802,2.4767
2,15,6.9780,349,1,0,3.829800,0.496997,2.4730
2,15,6.9980,350,1,0,3.893837,0.440336,2.4705
2,15,7.0180,351,1,0,3.966136,0.393335,2.4734
2,15,7.0380,352,1,0,4.046200,0.386740,2.4776
2,15,7.0580,353,2,0,3.339495,0.320470,2.4811
2,15,7.0780,354,2,0,3.284927,0.302756,2.4824
2,15,7.0980,355,3,0,3.212763,0.284654,2.4831
2,15,7.1180,356,3,0,3.151575,0.265371,2.4841
2,15,7.1380,357,3,0,3.101938,0.250655,2.4850
2,15,7.1580,358,3,0,3.064334,0.239989,2.4856
2,15,7.1780,359,3,0,3.039134,0.230513,2.4855
2,15,7.1980,360,4,0,3.026571,0.227258,2.4852
2,15,7.2180,361,4,0,3.026726,0.222803,2.4846
2,15,7.2380,362,4,0,3.039520,0.220323,2.4845
2,15,7.2580,363,4,0,3.064720,0.227098,2.4845
2,15,7.2780,364,4,0,3.101950,0.236192,2.4844
2,15,7.2980,365,4,0,3.150712,0.245284,2.4843
2,15,7.3180,366,4,0,3.210409,0.253707,2.4843
2,15,7.3380,367,4,0,3.280376,0.259946,2.4845
2,15,7.3580,368,4,0,3.359904,0.264779,2.4847
2,15,7.3780,369,4,0,2.532685,0.209225,2.4848
2,15,7.3980,370,4,0,2.535084,0.211909,2.4848
2,15,7.4180,371,5,0,2.100195,0.189318,2.4848
2,15,7.4380,372,9,0,2.021821,0.186859,2.4847
2,15,7.4580,373,9,0,1.945098,0.185503,2.4846
2,15,7.4780,374,9,0,1.861613,0.182940,2.4846
2,15,7.4980,375,9,0,1.776430,0.180440,2.4845
2,15,7.5180,376,9,0,1.690099,0.178666,2.4845
2,15,7.5380,377,9,0,1.603447,0.178665,2.4845
2,15,7.5580,378,9,0,1.517555,0.133018,2.4845
2,15,7.5780,379,9,0,1.433983,0.112687,2.4845
2,15,7.5980,380,9,0,1.354989,0.099462,2.4845
2,15,7.6180,381,9,0,1.284168,0.088508,2.4845
2,15,7.6380,382,9,0,1.226900,0.083870,2.4845
2,15,7.6580,383,9,0,1.182608,0.080141,2.4845
2,15,7.6780,384,9,0,1.159915,0.078579,2.4845
2,15,7.6980,385,9,0,1.141864,0.078678,2.4844
2,15,7.7180,386,9,0,1.128636,0.079543,2.4844
2,15,7.7380,387,9,0,1.120156,0.079785,2.4844
2,15,7.7580,388,9,0,1.116374,0.079245,2.4844
2,15,7.7780,389,9,0,1.117257,0.078190,2.4844
2,15,7.7980,390,9,0,1.122809,0.076989,2.4844
2,15,7.8180,391,9,0,1.133013,0.076366,2.4844
2,15,7.8380,392,9,0,1.147897,0.077991,2.4844
2,15,7.8580,393,9,0,1.167484,0.080170,2.4844
2,15,7.8780,394,9,0,1.191834,0.082126,2.4844
2,15,7.8980,395,9,0,1.220972,0.083846,2.4844
2,15,7.9180,396,9,0,1.255001,0.085471,2.4844
2,15,7.9380,397,9,0,1.293972,0.087231,2.4844
2,15,7.9580,398,9,0,1.337977,0.089638,2.4844
2,15,7.9780,399,9,0,1.387091,0.093372,2.4844
2,15,7.9980,400,9,0,1.441415,0.097416,2.4844
2,15,8.0180,401,9,0,1.501069,0.101518,2.4844
2,15,8.0380,402,14,0,1.566095,0.104406,2.4844
2,15,8.0580,403,14,0,1.636587,0.109106,2.4844
2,15,8.0780,404,14,0,1.712623,0.114175,2.4844
2,15,8.0980,405,14,0,1.794240,0.119616,2.4844
2,15,8.1180,406,14,0,1.881432,0.125429,2.4844
2,15,8.1380,407,14,0,1.977937,0.131862,2.4844
2,15,8.1580,408,14,0,0.719737,0.047982,2.4844
2,15,8.1780,409,14,0,0.579433,0.038629,2.4844
2,15,8.1980,410,14,0,0.520862,0.034724,2.4844
2,15,8.2180,411,14,0,0.477536,0.031836,2.4844
2,15,8.2380,412,14,0,0.308419,0.020561,2.4844
2,15,8.2580,413,14,0,0.203995,0.013600,2.4844
2,15,8.2780,414,14,0,0.105585,0.007039,2.4844
2,15,8.2980,415,14,0,0.007375,0.000492,2.4844
2,15,8.3180,416,14,0,0.000439,0.000029,2.4844
2,15,8.3380,417,14,0,0.000073,0.000005,2.4844
2,15,8.3580,418,14,0,0.000015,0.000001,2.4844
2,15,8.3780,419,14,0,0.000012,0.000001,2.4844
2,15,8.3980,420,14,0,0.000009,0.000001,2.4844
2,15,8.4180,421,14,0,0.000007,0.000000,2.4844
2,15,8.4380,422,14,0,0.000006,0.000000,2.4844
2,15,8.4580,423,14,0,0.000005,0.000000,2.4844
2,15,8.4780,424,14,0,0.000004,0.000000,2.4844
2,15,8.4980,425,14,0,0.000003,0.000000,2.4844
2,15,8.5180,426,14,0,0.000002,0.000000,2.4844
2,15,8.5380,427,14,0,0.000002,0.000000,2.4844
2,15,8.5580,428,14,0,0.000001,0.000000,2.4844
2,15,8.5780,429,14,0,0.000001,0.000000,2.4844
2,15,8.5980,430,14,0,0.000001,0.000000,2.4844
2,15,8.6180,431,14,0,0.000001,0.000000,2.4844
2,15,8.6380,432,14,0,0.000001,0.000000,2.4844
2,15,8.6580,433,14,0,0.000001,0.000000,2.4844
2,15,8.6780,434,14,0,0.000001,0.000000,2.4844
2,15,8.6980,435,15,0,0.000000,0.000000,2.4844
3,15,0.0180,1,0,0,0.000000,0.000000,14.5000
3,15,0.0380,2,0,0,0.195779,0.151934,14.4961
3,15,0.0580,3,0,0,0.379810,0.266230,14.4885
3,15,0.0780,4,0,0,0.520294,0.342196,14.4781
3,15,0.0980,5,0,0,0.592518,0.379107,14.4662
3,15,0.1180,6,0,0,0.592399,0.377760,14.4544
3,15,0.1380,7,0,0,0.531244,0.340837,14.4438
3,15,0.1580,8,0,0,0.458695,0.333887,14.4346
3,15,0.1780,9,0,0,0.380631,0.293419,14.4270
3,15,0.1980,10,0,0,0.308844,0.237623,14.4208
3,15,0.2180,11,0,0,0.250344,0.182740,14.4166
3,15,0.2380,12,0,0,0.248095,0.137823,14.4148
3,15,0.2580,13,0,0,0.261108,0.136527,14.4155
3,15,0.2780,14,0,0,0.284075,0.183156,14.4184
3,15,0.2980,15,0,0,0.316968,0.225056,14.4230
3,15,0.3180,16,0,0,0.363586,0.252807,14.4285
3,15,0.3380,17,0,0,0.401418,0.263809,14.4344
3,15,0.3580,18,0,0,0.388927,0.251679,14.4395
3,15,0.3780,19,0,0,0.339446,0.234704,14.4433
3,15,0.3980,20,0,0,0.322533,0.216904,14.4457
3,15,0.4180,21,0,0,0.321813,0.202062,14.4468
3,15,0.4380,22,0,0,0.322594,0.196504,14.4466
3,15,0.4580,23,0,0,0.333661,0.206028,14.4451
3,15,0.4780,24,0,0,0.348464,0.217525,14.4425
3,15,0.4980,25,0,0,0.357163,0.225867,14.4390
3,15,0.5180,26,0,0,0.358429,0.227836,14.4352
3,15,0.5380,27,0,0,0.361827,0.244013,14.4315
3,15,0.5580,28,0,0,0.341621,0.234811,14.4279
3,15,0.5780,29,0,0,0.309271,0.207838,14.4248
3,15,0.5980,30,0,0,0.273421,0.178275,14.4222
3,15,0.6180,31,0,0,0.243321,0.163157,14.4204
3,15,0.6380,32,0,0,0.229620,0.163852,14.4197
3,15,0.6580,33,0,0,0.238878,0.166830,14.4198
3,15,0.6780,34,0,0,0.277282,0.177310,14.4205
3,15,0.6980,35,0,0,0.318553,0.191734,14.4216
3,15,0.7180,36,0,0,0.367956,0.206508,14.4231
3,15,0.7380,37,0,0,0.428642,0.219756,14.4250
3,15,0.7580,38,0,0,0.494128,0.231033,14.4271
3,15,0.7780,39,0,0,0.555550,0.239583,14.4291
3,15,0.7980,40,0,0,0.603961,0.254145,14.4305
3,15,0.8180,41,0,0,0.642856,0.268862,14.4310
3,15,0.8380,42,0,0,0.676046,0.284946,14.4302
3,15,0.8580,43,0,0,0.712231,0.307339,14.4281
3,15,0.8780,44,0,0,0.753280,0.330055,14.4248
3,15,0.8980,45,0,0,0.798252,0.346346,14.4211
3,15,0.9180,46,0,0,0.835085,0.355575,14.4176
3,15,0.9380,47,0,0,0.859332,0.360246,14.4145
3,15,0.9580,48,0,0,0.876499,0.363189,14.4122
3,15,0.9780,49,0,0,0.891054,0.362818,14.4103
3,15,0.9980,50,0,0,0.906069,0.360489,14.4085
3,15,1.0180,51,0,0,0.923509,0.357798,14.4065
3,15,1.0380,52,0,0,0.943585,0.368986,14.4034
3,15,1.0580,53,0,0,0.943935,0.355620,14.3987
3,15,1.0780,54,0,0,0.909131,0.353080,14.3929
3,15,1.0980,55,0,0,0.858041,0.330934,14.3866
3,15,1.1180,56,0,0,0.789778,0.297082,14.3804
3,15,1.1380,57,0,0,0.707832,0.263983,14.3752
3,15,1.1580,58,0,0,0.610425,0.224985,14.3715
3,15,1.1780,59,0,0,0.510303,0.197396,14.3694
3,15,1.1980,60,0,0,0.422497,0.192721,14.3688
3,15,1.2180,61,0,0,0.348930,0.206593,14.3696
3,15,1.2380,62,0,0,0.314072,0.229299,14.3715
3,15,1.2580,63,0,0,0.366447,0.252712,14.3743
3,15,1.2780,64,0,0,0.423433,0.273771,14.3776
3,15,1.2980,65,0,0,0.472171,0.293265,14.3812
3,15,1.3180,66,0,0,0.512063,0.309170,14.3845
3,15,1.3380,67,0,0,0.545629,0.321613,14.3874
3,15,1.3580,68,0,0,0.573462,0.332351,14.3895
3,15,1.3780,69,0,0,0.611111,0.344308,14.3907
3,15,1.3980,70,0,0,0.651150,0.360433,14.3911
3,15,1.4180,71,0,0,0.695302,0.368612,14.3907
3,15,1.4380,72,0,0,0.730700,0.379248,14.3890
3,15,1.4580,73,0,0,0.734440,0.394059,14.3861
3,15,1.4780,74,0,0,0.728002,0.414500,14.3823
3,15,1.4980,75,0,0,0.695550,0.426241,14.3776
3,15,1.5180,76,0,0,0.654192,0.431759,14.3724
3,15,1.5380,77,0,0,0.627578,0.450381,14.3668
3,15,1.5580,78,0,0,0.611407,0.466442,14.3606
3,15,1.5780,79,0,0,0.585195,0.458525,14.3537
3,15,1.5980,80,0,0,0.591482,0.432789,14.3465
3,15,1.6180,81,0,0,0.645676,0.393785,14.3397
3,15,1.6380,82,0,0,0.694959,0.358978,14.3341
3,15,1.6580,83,0,0,0.729617,0.325451,14.3302
3,15,1.6780,84,0,0,0.760919,0.309612,14.3284
3,15,1.6980,85,0,0,0.796888,0.307598,14.3284
3,15,1.7180,86,0,0,0.837647,0.323204,14.3301
3,15,1.7380,87,0,0,0.898073,0.347591,14.3326
3,15,1.7580,88,0,0,0.954095,0.372126,14.3360
3,15,1.7780,89,0,0,0.988545,0.388640,14.3398
3,15,1.7980,90,0,0,1.011073,0.394199,14.3438
3,15,1.8180,91,0,0,1.017022,0.388866,14.3473
3,15,1.8380,92,0,0,1.016017,0.374105,14.3499
3,15,1.8580,93,0,0,1.016572,0.355182,14.3517
3,15,1.8780,94,0,0,1.011480,0.336946,14.3527
3,15,1.8980,95,0,0,1.015599,0.320545,14.3513
3,15,1.9180,96,0,0,0.998502,0.306573,14.3484
3,15,1.9380,97,0,0,0.980259,0.304033,14.3437
3,15,1.9580,98,0,0,0.970332,0.306894,14.3382
3,15,1.9780,99,0,0,0.952207,0.312091,14.3325
3,15,1.9980,100,0,0,0.921666,0.314936,14.3268
3,15,2.0180,101,0,0,0.882112,0.306731,14.3213
3,15,2.0380,102,0,0,0.833836,0.289286,14.3161
3,15,2.0580,103,0,0,0.779622,0.266881,14.3119
3,15,2.0780,104,0,0,0.725416,0.244261,14.3087
3,15,2.0980,105,0,0,0.678533,0.226821,14.3069
3,15,2.1180,106,0,0,0.642898,0.217218,14.3065
3,15,2.1380,107,0,0,0.617680,0.214342,14.3072
3,15,2.1580,108,0,0,0.599978,0.217234,14.3089
3,15,2.1780,109,0,0,0.592069,0.225903,14.3112
3,15,2.1980,110,0,0,0.591669,0.237898,14.3142
3,15,2.2180,111,0,0,0.581486,0.271194,14.3175
3,15,2.2380,112,0,0,0.551893,0.291382,14.3207
3,15,2.2580,113,0,0,0.511404,0.304503,14.3234
3,15,2.2780,114,0,0,0.468374,0.298787,14.3251
3,15,2.2980,115,0,0,0.437782,0.294643,14.3253
3,15,2.3180,116,0,0,0.435733,0.296088,14.3239
3,15,2.3380,117,0,0,0.447816,0.301657,14.3215
3,15,2.3580,118,0,0,0.449688,0.308040,14.3185
3,15,2.3780,119,0,0,0.467985,0.312283,14.3154
3,15,2.3980,120,0,0,0.477735,0.312896,14.3126
3,15,2.4180,121,0,0,0.477874,0.309243,14.3099
3,15,2.4380,122,0,0,0.470727,0.301820,14.3077
3,15,2.4580,123,0,0,0.462317,0.291157,14.3060
3,15,2.4780,124,0,0,0.446738,0.280282,14.3049
3,15,2.4980,125,0,0,0.425796,0.271455,14.3045
3,15,2.5180,126,0,0,0.400453,0.265977,14.3046
3,15,2.5380,127,0,0,0.417886,0.263275,14.3054
3,15,2.5580,128,0,0,0.433223,0.261972,14.3065
3,15,2.5780,129,0,0,0.442912,0.259177,14.3080
3,15,2.5980,130,0,0,0.443313,0.252445,14.3095
3,15,2.6180,131,0,0,0.439354,0.245017,14.3107
3,15,2.6380,132,0,0,0.431594,0.236553,14.3116
3,15,2.6580,133,0,0,0.425532,0.226608,14.3121
3,15,2.6780,134,0,0,0.421325,0.215579,14.3121
3,15,2.6980,135,0,0,0.418796,0.203199,14.3118
3,15,2.7180,136,0,0,0.417995,0.192113,14.3112
3,15,2.7380,137,0,0,0.419998,0.183426,14.3103
3,15,2.7580,138,0,0,0.425530,0.178443,14.3092
3,15,2.7780,139,0,0,0.433430,0.178141,14.3078
3,15,2.7980,140,0,0,0.443320,0.181187,14.3064
3,15,2.8180,141,0,0,0.455708,0.185584,14.3049
3,15,2.8380,142,0,0,0.470841,0.190270,14.3034
3,15,2.8580,143,0,0,0.488074,0.194683,14.3020
3,15,2.8780,144,0,0,0.506608,0.198640,14.3008
3,15,2.8980,145,0,0,0.525616,0.202138,14.2997
3,15,2.9180,146,0,0,0.544274,0.205186,14.2988
3,15,2.9380,147,0,0,0.561736,0.208183,14.2981
3,15,2.9580,148,0,0,0.577315,0.211055,14.2976
3,15,2.9780,149,0,0,0.590266,0.215252,14.2972
3,15,2.9980,150,0,0,0.599951,0.217320,14.2967
3,15,3.0180,151,0,0,0.608055,0.217616,14.2961
3,15,3.0380,152,0,0,0.614068,0.218585,14.2953
3,15,3.0580,153,0,0,0.616578,0.218849,14.2943
3,15,3.0780,154,0,0,0.614663,0.218476,14.2931
3,15,3.0980,155,0,0,0.608952,0.217583,14.2920
3,15,3.1180,156,0,0,0.599429,0.217756,14.2907
3,15,3.1380,157,0,0,0.589153,0.216245,14.2894
3,15,3.1580,158,0,0,0.579317,0.213380,14.2880
3,15,3.1780,159,0,0,0.568894,0.210934,14.2865
3,15,3.1980,160,0,0,0.557863,0.207395,14.2850
3,15,3.2180,161,0,0,0.546116,0.202817,14.2835
3,15,3.2380,162,0,0,0.533217,0.197307,14.2821
3,15,3.2580,163,0,0,0.519639,0.193320,14.2807
3,15,3.2780,164,0,0,0.506261,0.188473,14.2795
3,15,3.2980,165,0,0,0.493173,0.182959,14.2785
3,15,3.3180,166,0,0,0.480116,0.180105,14.2775
3,15,3.3380,167,0,0,0.467611,0.177622,14.2767
3,15,3.3580,168,0,0,0.455881,0.175526,14.2760
3,15,3.3780,169,0,0,0.445192,0.173942,14.2755
3,15,3.3980,170,0,0,0.436237,0.175124,14.2752
3,15,3.4180,171,0,0,0.429425,0.178131,14.2749
3,15,3.4380,172,0,0,0.423893,0.181942,14.2748
3,15,3.4580,173,0,0,0.419597,0.185822,14.2747
3,15,3.4780,174,0,0,0.417560,0.189594,14.2747
3,15,3.4980,175,0,0,0.418445,0.193446,14.2747
3,15,3.5180,176,0,0,0.422098,0.198723,14.2748
3,15,3.5380,177,0,0,0.427239,0.205172,14.2749
3,15,3.5580,178,0,0,0.432343,0.211118,14.2749
3,15,3.5780,179,0,0,0.437950,0.215857,14.2748
3,15,3.5980,180,0,0,0.445293,0.219571,14.2746
3,15,3.6180,181,0,0,0.455018,0.222344,14.2744
3,15,3.6380,182,0,0,0.466730,0.224853,14.2742
3,15,3.6580,183,0,0,0.479119,0.226937,14.2740
3,15,3.6780,184,0,0,0.491433,0.228508,14.2737
3,15,3.6980,185,0,0,0.503262,0.229621,14.2734
3,15,3.7180,186,0,0,0.514147,0.230401,14.2730
3,15,3.7380,187,0,0,0.523643,0.230985,14.2725
3,15,3.7580,188,0,0,0.531418,0.231373,14.2719
3,15,3.7780,189,0,0,0.537415,0.231678,14.2713
3,15,3.7980,190,0,0,0.541915,0.232052,14.2706
3,15,3.8180,191,0,0,0.545226,0.232502,14.2698
3,15,3.8380,192,0,0,0.548011,0.232980,14.2690
3,15,3.8580,193,0,0,0.550383,0.233663,14.2680
3,15,3.8780,194,0,0,0.552225,0.234669,14.2671
3,15,3.8980,195,0,0,0.553760,0.236115,14.2660
3,15,3.9180,196,0,0,0.555278,0.238056,14.2650
3,15,3.9380,197,0,0,0.556883,0.240490,14.2639
3,15,3.9580,198,0,0,0.558655,0.243396,14.2627
3,15,3.9780,199,0,0,0.560767,0.246728,14.2615
3,15,3.9980,200,0,0,0.563630,0.250445,14.2603
3,15,4.0180,201,0,0,0.567688,0.254521,14.2591
3,15,4.0380,202,0,0,0.573236,0.258961,14.2578
3,15,4.0580,203,0,0,0.580283,0.263832,14.2565
3,15,4.0780,204,0,0,0.588597,0.269094,14.2552
3,15,4.0980,205,0,0,0.598047,0.274620,14.2538
3,15,4.1180,206,0,0,0.608804,0.280262,14.2524
3,15,4.1380,207,0,0,0.621315,0.285857,14.2510
3,15,4.1580,208,0,0,0.635499,0.291330,14.2496
3,15,4.1780,209,0,0,0.651189,0.296605,14.2481
3,15,4.1980,210,0,0,0.668264,0.301605,14.2466
3,15,4.2180,211,0,0,0.686702,0.306267,14.2450
3,15,4.2380,212,0,0,0.706464,0.310551,14.2434
3,15,4.2580,213,0,0,0.727495,0.314459,14.2417
3,15,4.2780,214,0,0,0.749647,0.318013,14.2399
3,15,4.2980,215,0,0,0.772771,0.321269,14.2381
3,15,4.3180,216,0,0,0.796735,0.324297,14.2361
3,15,4.3380,217,0,0,0.821380,0.327194,14.2341
3,15,4.3580,218,0,0,0.846540,0.330080,14.2319
3,15,4.3780,219,0,0,0.872038,0.333121,14.2296
3,15,4.3980,220,0,0,0.897735,0.336505,14.2272
3,15,4.4180,221,0,0,0.923495,0.340436,14.2247
3,15,4.4380,222,0,0,0.949179,0.345071,14.2220
3,15,4.4580,223,0,0,0.974611,0.350492,14.2193
3,15,4.4780,224,0,0,0.999667,0.356722,14.2164
3,15,4.4980,225,0,0,1.024314,0.363735,14.2135
3,15,4.5180,226,0,0,1.048521,0.371480,14.2104
3,15,4.5380,227,0,0,1.072311,0.379880,14.2073
3,15,4.5580,228,0,0,1.095649,0.388857,14.2041
3,15,4.5780,229,0,0,1.118430,0.398333,14.2008
3,15,4.5980,230,0,0,1.140745,0.408210,14.1974
3,15,4.6180,231,0,0,1.163373,0.418434,14.1940
3,15,4.6380,232,0,0,1.186252,0.428918,14.1904
3,15,4.6580,233,0,0,1.209030,0.439598,14.1868
3,15,4.6780,234,0,0,1.231583,0.450428,14.1831
3,15,4.6980,235,0,0,1.253958,0.461392,14.1793
3,15,4.7180,236,0,0,1.276257,0.472452,14.1754
3,15,4.7380,237,0,0,1.298655,0.483580,14.1714
3,15,4.7580,238,0,0,1.321279,0.494778,14.1672
3,15,4.7780,239,0,0,1.344243,0.505928,14.1629
3,15,4.7980,240,0,0,1.367690,0.517383,14.1585
3,15,4.8180,241,0,0,1.391722,0.529081,14.1539
3,15,4.8380,242,0,0,1.416400,0.540995,14.1491
3,15,4.8580,243,0,0,1.441770,0.553126,14.1442
3,15,4.8780,244,0,0,1.467942,0.565444,14.1391
3,15,4.8980,245,0,0,1.494982,0.578034,14.1339
3,15,4.9180,246,0,0,1.523005,0.590882,14.1284
3,15,4.9380,247,0,0,1.552084,0.603979,14.1227
3,15,4.9580,248,0,0,1.582263,0.617373,14.1168
3,15,4.9780,249,0,0,1.613603,0.631096,14.1107
3,15,4.9980,250,0,0,1.646150,0.645140,14.1043
3,15,5.0180,251,0,0,1.679926,0.659531,14.0977
3,15,5.0380,252,0,0,1.715003,0.674307,14.0908
3,15,5.0580,253,0,0,1.751408,0.689460,14.0836
3,15,5.0780,254,0,0,1.789165,0.704946,14.0761
3,15,5.0980,255,0,0,1.828291,0.720804,14.0684
3,15,5.1180,256,0,0,1.868779,0.737025,14.0603
3,15,5.1380,257,0,0,1.910652,0.753633,14.0519
3,15,5.1580,258,0,0,1.953877,0.770627,14.0431
3,15,5.1780,259,0,0,1.998510,0.788006,14.0340
3,15,5.1980,260,0,0,2.044568,0.805773,14.0245
3,15,5.2180,261,0,0,2.092067,0.823938,14.0146
3,15,5.2380,262,0,0,2.141007,0.842490,14.0043
3,15,5.2580,263,0,0,2.191411,0.861409,13.9936
3,15,5.2780,264,0,0,2.243311,0.880704,13.9825
3,15,5.2980,265,0,0,2.296731,0.900402,13.9709
3,15,5.3180,266,0,0,2.351679,0.920510,13.9588
3,15,5.3380,267,0,0,2.408235,0.941016,13.9462
3,15,5.3580,268,0,0,2.466356,0.961922,13.9330
3,15,5.3780,269,0,0,2.526092,0.983254,13.9193
3,15,5.3980,270,0,0,2.587441,1.005039,13.9050
3,15,5.4180,271,0,0,2.650463,1.027308,13.8901
3,15,5.4380,272,0,0,2.715153,1.050058,13.8745
3,15,5.4580,273,0,0,2.781590,1.073305,13.8582
3,15,5.4780,274,0,0,2.849734,1.097083,13.8412
3,15,5.4980,275,0,0,2.919492,1.121558,13.8235
3,15,5.5180,276,0,0,2.990846,1.146503,13.8049
3,15,5.5380,277,0,0,3.063758,1.171928,13.7855
3,15,5.5580,278,0,0,3.138125,1.197804,13.7653
3,15,5.5780,279,0,0,3.213656,1.224434,13.7443
3,15,5.5980,280,0,0,3.290489,1.252092,13.7223
3,15,5.6180,281,0,0,3.368824,1.280396,13.6994
3,15,5.6380,282,0,0,3.448811,1.309292,13.6754
3,15,5.6580,283,0,0,3.530433,1.338841,13.6504
3,15,5.6780,284,0,0,3.613556,1.369272,13.6244
3,15,5.6980,285,0,0,3.697862,1.400474,13.5973
3,15,5.7180,286,0,0,3.783269,1.432552,13.5690
3,15,5.7380,287,0,0,3.869810,1.465602,13.5395
3,15,5.7580,288,0,0,3.957661,1.499120,13.5089
3,15,5.7780,289,0,0,4.046993,1.533263,13.4770
3,15,5.7980,290,0,0,4.137957,1.568179,13.4438
3,15,5.8180,291,0,0,4.230708,1.603927,13.4092
3,15,5.8380,292,0,0,4.325347,1.640482,13.3731
3,15,5.8580,293,0,0,4.421962,1.677823,13.3356
3,15,5.8780,294,0,0,4.520605,1.716593,13.2965
3,15,5.8980,295,0,0,4.621180,1.757096,13.2557
3,15,5.9180,296,0,0,4.723554,1.799956,13.2132
3,15,5.9380,297,0,0,4.827685,1.844036,13.1688
3,15,5.9580,298,0,0,4.933525,1.888704,13.1225
3,15,5.9780,299,0,0,5.040789,1.933765,13.0742
3,15,5.9980,300,0,0,5.149381,1.979277,13.0238
3,15,6.0180,301,0,0,5.259732,2.025522,12.9713
3,15,6.0380,302,0,0,5.385685,2.073126,12.9161
3,15,6.0580,303,0,0,5.508310,2.121890,12.8586
3,15,6.0780,304,0,0,5.627144,2.171239,12.7987
3,15,6.0980,305,0,0,5.746015,2.221366,12.7363
3,15,6.1180,306,0,0,5.870055,2.272776,12.6712
3,15,6.1380,307,0,0,5.999891,2.326126,12.6034
3,15,6.1580,308,0,0,6.132817,2.382091,12.5326
3,15,6.1780,309,0,0,6.264161,2.440831,12.4588
3,15,6.1980,310,0,0,6.394627,2.502075,12.3819
3,15,6.2180,311,0,0,6.527420,2.565241,12.3020
3,15,6.2380,312,0,0,6.661296,2.629998,12.2190
3,15,6.2580,313,0,0,6.796128,2.696464,12.1327
3,15,6.2780,314,0,0,6.922125,2.766754,12.0431
3,15,6.2980,315,0,0,7.050686,2.839955,11.9501
3,15,6.3180,316,0,0,7.177042,2.915049,11.8535
3,15,6.3380,317,0,0,7.301495,2.992154,11.7534
3,15,6.3580,318,0,0,7.425411,3.071326,11.6496
3,15,6.3780,319,0,0,7.548804,3.153967,11.5421
3,15,6.3980,320,0,0,7.674977,3.240698,11.4310
3,15,6.4180,321,0,0,7.802735,3.331340,11.3161
3,15,6.4380,322,0,0,7.932497,3.425642,11.1976
3,15,6.4580,323,0,0,8.064139,3.522811,11.0753
3,15,6.4780,324,0,0,8.197550,3.622163,10.9494
3,15,6.4980,325,0,0,8.332619,3.723538,10.8199
3,15,6.5180,326,0,0,8.469243,3.827090,10.6866
3,15,6.5380,327,0,0,8.607326,3.933432,10.5497
3,15,6.5580,328,0,0,8.746774,4.041329,10.4092
3,15,6.5780,329,0,0,8.887505,4.152921,10.2650
3,15,6.5980,330,0,0,9.029433,4.265825,10.1172
3,15,6.6180,331,0,0,9.172484,4.380336,9.9658
3,15,6.6380,332,0,0,9.316586,4.496870,9.8107
3,15,6.6580,333,0,0,9.461669,4.615223,9.6521
3,15,6.6780,334,0,0,9.607670,4.733625,9.4898
3,15,6.6980,335,0,0,9.754527,4.852187,9.3240
3,15,6.7180,336,0,0,9.902184,4.971373,9.1545
3,15,6.7380,337,0,0,10.050586,5.090568,8.9815
3,15,6.7580,338,0,0,10.199683,5.209800,8.8049
3,15,6.7780,339,0,0,10.349427,5.329409,8.6247
3,15,6.7980,340,0,0,10.499773,5.449712,8.4410
3,15,6.8180,341,0,0,10.650676,5.570782,8.2537
3,15,6.8380,342,0,0,10.802098,5.692557,8.0629
3,15,6.8580,343,0,0,10.954000,5.814919,7.8686
3,15,6.8780,344,0,0,11.106346,5.937751,7.6707
3,15,6.8980,345,0,0,11.259101,6.061200,7.4692
3,15,6.9180,346,0,0,11.412233,6.114720,7.2643
3,15,6.9380,347,0,0,11.565713,6.220006,7.0559
3,15,6.9580,348,0,0,11.719511,6.330076,6.8439
3,15,6.9780,349,0,0,11.873600,6.447012,6.6285
3,15,6.9980,350,0,0,12.027953,6.567472,6.4095
3,15,7.0180,351,0,0,12.182549,6.689471,6.1871
3,15,7.0380,352,0,0,12.337359,6.813058,5.9612
3,15,7.0580,353,0,0,12.492365,6.937945,5.7319
3,15,7.0780,354,0,0,12.647546,7.063370,5.4991
3,15,7.0980,355,0,0,12.802881,7.188779,5.2628
3,15,7.1180,356,0,0,12.958351,7.314108,5.0231
3,15,7.1380,357,0,0,13.113939,7.439511,4.7799
3,15,7.1580,358,0,0,13.269629,7.565185,4.5333
3,15,7.1780,359,0,0,13.425404,7.691222,4.2833
3,15,7.1980,360,0,0,13.581247,7.817613,4.0299
3,15,7.2180,361,0,0,13.737145,7.944310,3.7730
3,15,7.2380,362,0,0,13.893085,8.071276,3.5127
3,15,7.2580,363,0,0,14.049051,8.198477,3.3924
3,15,7.2780,364,0,0,14.205033,8.325919,3.3860
3,15,7.2980,365,0,0,14.361019,8.453604,3.3791
3,15,7.3180,366,0,0,14.516996,8.581518,3.3719
3,15,7.3380,367,0,0,14.672954,8.159759,3.3643
3,15,7.3580,368,0,0,14.828882,6.422096,3.3562
3,15,7.3780,369,0,0,14.984772,6.001342,3.3477
3,15,7.3980,370,0,0,15.140614,5.529546,3.3387
3,15,7.4180,371,0,0,15.296395,4.829665,3.3291
3,15,7.4380,372,0,0,15.452113,4.080654,3.3190
3,15,7.4580,373,0,0,15.607756,2.933687,3.3082
3,15,7.4780,374,0,0,6.474607,1.749352,3.2969
3,15,7.4980,375,0,0,3.175660,1.306989,3.2848
3,15,7.5180,376,0,0,3.306634,1.294863,3.2720
3,15,7.5380,377,0,0,3.470820,1.293926,3.2584
3,15,7.5580,378,0,0,2.076469,1.169762,3.2451
3,15,7.5780,379,0,0,2.237870,1.120125,3.2301
3,15,7.5980,380,0,0,2.327584,1.014354,3.2120
3,15,7.6180,381,0,0,2.404157,0.994527,3.1912
3,15,7.6380,382,0,0,2.468434,0.970217,3.1701
3,15,7.6580,383,0,0,2.531746,0.954278,3.1488
3,15,7.6780,384,0,0,2.590878,0.941610,3.1267
3,15,7.6980,385,0,0,2.656433,0.922090,3.1034
3,15,7.7180,386,0,0,2.734950,0.898370,3.0786
3,15,7.7380,387,0,0,2.822330,0.790029,3.0521
3,15,7.7580,388,0,0,2.913521,0.751590,3.0239
3,15,7.7780,389,0,0,3.006017,0.749583,2.9939
3,15,7.7980,390,0,0,3.101158,0.742909,2.9621
3,15,7.8180,391,0,0,3.200265,0.710874,2.9282
3,15,7.8380,392,0,0,3.303729,0.692603,2.8923
3,15,7.8580,393,0,0,3.412614,0.684183,2.8540
3,15,7.8780,394,0,0,3.525475,0.683609,2.8133
3,15,7.8980,395,0,0,3.642099,0.685380,2.7700
3,15,7.9180,396,0,0,3.762654,0.693908,2.7241
3,15,7.9380,397,0,0,3.887646,0.711134,2.6754
3,15,7.9580,398,0,0,4.015416,0.738721,2.6238
3,15,7.9780,399,0,0,4.146272,0.769257,2.5690
3,15,7.9980,400,0,0,4.279950,0.802148,2.5110
3,15,8.0180,401,0,0,4.417054,0.837106,2.4497
3,15,8.0380,402,0,0,4.561210,0.873900,2.3847
3,15,8.0580,403,1,0,4.708793,0.912493,2.3161
3,15,8.0780,404,1,0,4.857024,0.942272,2.2438
3,15,8.0980,405,1,0,4.994858,0.965605,2.1678
3,15,8.1180,406,2,0,5.135656,0.965372,2.0879
3,15,8.1380,407,3,0,5.279139,1.008858,2.0044
3,15,8.1580,408,4,0,5.425057,0.989671,1.9170
3,15,8.1780,409,4,0,5.573182,1.030177,1.8260
3,15,8.1980,410,4,0,5.723304,1.072981,1.7311
3,15,8.2180,411,4,0,5.875237,1.117279,1.6326
3,15,8.2380,412,4,0,6.028809,1.162851,1.5303
3,15,8.2580,413,4,0,6.183864,1.209583,1.4243
3,15,8.2780,414,4,0,6.340262,1.217557,1.3146
3,15,8.2980,415,6,0,6.497875,1.263794,1.2013
3,15,8.3180,416,7,0,6.656586,1.311161,1.0842
3,15,8.3380,417,8,0,6.816289,1.278894,0.9634
3,15,8.3580,418,9,0,6.976888,1.300707,0.8389
3,15,8.3780,419,9,0,7.138292,1.345316,0.7108
3,15,8.3980,420,9,0,7.300424,1.172512,0.5790
3,15,8.4180,421,9,0,5.173488,0.578354,0.5145
3,15,8.4380,422,9,0,5.287701,0.552272,0.5005
3,15,8.4580,423,9,0,1.989960,0.317004,0.5012
3,15,8.4780,424,9,0,1.899041,0.293684,0.5120
3,15,8.4980,425,9,0,1.808993,0.272199,0.5285
3,15,8.5180,426,9,0,1.719790,0.251826,0.5453
3,15,8.5380,427,9,0,1.631145,0.225342,0.5593
3,15,8.5580,428,9,0,1.542649,0.197976,0.5713
3,15,8.5780,429,9,0,1.453893,0.180132,0.5818
3,15,8.5980,430,9,0,1.364539,0.162466,0.5910
3,15,8.6180,431,9,0,1.274366,0.149388,0.5994
3,15,8.6380,432,10,0,1.183293,0.138645,0.6071
3,15,8.6580,433,10,0,1.091388,0.128209,0.6142
3,15,8.6780,434,10,0,0.998897,0.118250,0.6210
3,15,8.6980,435,10,0,0.906274,0.108960,0.6276
3,15,8.7180,436,10,0,0.814222,0.100588,0.6341
3,15,8.7380,437,10,0,0.751477,0.095258,0.6399
3,15,8.7580,438,10,0,0.696422,0.091701,0.6450
3,15,8.7780,439,10,0,0.699414,0.089680,0.6494
3,15,8.7980,440,10,0,0.594704,0.043004,0.6534
3,15,8.8180,441,10,0,0.547721,0.036631,0.6568
3,15,8.8380,442,10,0,0.503059,0.033554,0.6598
3,15,8.8580,443,10,0,0.460540,0.030703,0.6624
3,15,8.8780,444,10,0,0.419994,0.028000,0.6647
3,15,8.8980,445,11,0,0.381253,0.025417,0.6667
3,15,8.9180,446,11,0,0.344161,0.022944,0.6684
3,15,8.9380,447,11,0,0.308564,0.020571,0.6698
3,15,8.9580,448,12,0,0.274314,0.018288,0.6711
3,15,8.9780,449,12,0,0.241269,0.016085,0.6722
3,15,8.9980,450,12,0,0.209290,0.013953,0.6731
3,15,9.0180,451,13,0,0.178244,0.011883,0.6738
3,15,9.0380,452,13,0,0.148001,0.009867,0.6744
3,15,9.0580,453,13,0,0.118434,0.007896,0.6749
3,15,9.0780,454,13,0,0.089419,0.005961,0.6753
3,15,9.0980,455,13,0,0.060834,0.004056,0.6755
3,15,9.1180,456,13,0,0.032560,0.002171,0.6756
3,15,9.1380,457,13,0,0.004477,0.000298,0.6756
3,15,9.1580,458,13,0,0.023531,0.001569,0.6756
3,15,9.1780,459,13,0,0.051581,0.003439,0.6754
3,15,9.1980,460,13,0,0.079788,0.005319,0.6750
3,15,9.2180,461,13,0,0.108271,0.007218,0.6746
3,15,9.2380,462,13,0,0.137147,0.009143,0.6741
3,15,9.2580,463,14,0,0.166534,0.011102,0.6734
3,15,9.2780,464,14,0,0.196554,0.013104,0.6726
3,15,9.2980,465,14,0,0.227328,0.015155,0.6716
3,15,9.3180,466,14,0,0.258979,0.017265,0.6705
3,15,9.3380,467,14,0,0.291637,0.019442,0.6691
3,15,9.3580,468,14,0,0.325431,0.021695,0.6676
3,15,9.3780,469,14,0,0.360495,0.024033,0.6659
3,15,9.3980,470,14,0,0.396965,0.026464,0.6638
3,15,9.4180,471,14,0,0.434984,0.028999,0.6615
3,15,9.4380,472,14,0,0.474696,0.031646,0.6589
3,15,9.4580,473,14,0,0.516252,0.034417,0.6559
3,15,9.4780,474,14,0,0.559805,0.037320,0.6525
3,15,9.4980,475,14,0,0.605516,0.040368,0.6486
3,15,9.5180,476,14,0,0.653546,0.043570,0.6442
3,15,9.5380,477,14,0,0.704063,0.046938,0.6392
3,15,9.5580,478,14,0,0.757239,0.050483,0.6335
3,15,9.5780,479,14,0,0.813247,0.054216,0.6271
3,15,9.5980,480,14,0,0.872265,0.058151,0.6198
3,15,9.6180,481,13,0,0.884508,0.061355,0.6117
3,15,9.6380,482,13,0,0.757328,0.056737,0.6029
3,15,9.6580,483,13,0,0.752326,0.054485,0.5933
3,15,9.6780,484,13,0,0.780687,0.052948,0.5828
3,15,9.6980,485,13,0,0.847623,0.056571,0.5712
3,15,9.7180,486,13,0,0.935666,0.062408,0.5584
3,15,9.7380,487,13,0,1.027859,0.068524,0.5443
3,15,9.7580,488,13,0,1.123170,0.074878,0.5285
3,15,9.7780,489,13,0,1.221979,0.081465,0.5110
3,15,9.7980,490,13,0,1.324682,0.088312,0.5000
3,15,9.8180,491,13,0,0.116993,0.014416,0.5000
3,15,9.8380,492,13,0,0.030410,0.003727,0.5000
3,15,9.8580,493,13,0,0.000167,0.000016,0.5000
3,15,9.8780,494,13,0,0.000387,0.000039,0.5000
3,15,9.8980,495,13,0,0.000005,0.000001,0.5000
3,15,9.9180,496,13,0,0.000003,0.000000,0.5000
3,15,9.9380,497,13,0,0.000000,0.000000,0.5000
3,15,9.9580,498,13,0,0.000000,0.000000,0.5000
3,15,9.9780,499,13,0,0.000000,0.000000,0.5000
3,15,9.9980,500,13,0,0.000000,0.000000,0.5000
3,15,10.0180,501,13,0,0.000000,0.000000,0.5000
3,15,10.0380,502,13,0,0.000000,0.000000,0.5000
3,15,10.0580,503,13,0,0.000000,0.000000,0.5000
3,15,10.0780,504,13,0,0.000000,0.000000,0.5000
3,15,10.0980,505,13,0,0.000000,0.000000,0.5000
3,15,10.1180,506,13,0,0.000000,0.000000,0.5000
3,15,10.1380,507,13,0,0.000000,0.000000,0.5000
3,15,10.1580,508,13,0,0.000000,0.000000,0.5000
3,15,10.1780,509,13,0,0.000000,0.000000,0.5000
3,15,10.1980,510,13,0,0.000000,0.000000,0.5000
3,15,10.2180,511,13,0,0.000000,0.000000,0.5000
3,15,10.2380,512,13,0,0.000000,0.000000,0.5000
3,15,10.2580,513,13,0,0.000000,0.000000,0.5000
3,15,10.2780,514,15,0,0.000000,0.000000,0.5000
4,15,0.0180,1,0,0,0.000000,0.000000,14.5000
4,15,0.0380,2,0,0,0.195960,0.152282,14.4961
4,15,0.0580,3,0,0,0.383438,0.266628,14.4884
4,15,0.0780,4,0,0,0.529594,0.342213,14.4778
4,15,0.0980,5,0,0,0.605559,0.379542,14.4657
4,15,0.1180,6,0,0,0.609515,0.378073,14.4535
4,15,0.1380,7,0,0,0.550686,0.342452,14.4425
4,15,0.1580,8,0,0,0.443385,0.278634,14.4337
4,15,0.1780,9,0,0,0.306341,0.195033,14.4276
4,15,0.1980,10,0,0,0.158456,0.101683,14.4245
4,15,0.2180,11,0,0,0.041825,0.022062,14.4244
4,15,0.2380,12,0,0,0.137901,0.086126,14.4270
4,15,0.2580,13,0,0,0.243916,0.153744,14.4319
4,15,0.2780,14,0,0,0.317632,0.200630,14.4382
4,15,0.2980,15,0,0,0.353412,0.223400,14.4452
4,15,0.3180,16,0,0,0.345616,0.218090,14.4521
4,15,0.3380,17,0,0,0.297921,0.191473,14.4581
4,15,0.3580,18,0,0,0.234039,0.152440,14.4627
4,15,0.3780,19,0,0,0.155013,0.103657,14.4657
4,15,0.3980,20,0,0,0.074127,0.053780,14.4669
4,15,0.4180,21,0,0,0.065495,0.035808,14.4664
4,15,0.4380,22,0,0,0.105257,0.071489,14.4643
4,15,0.4580,23,0,0,0.160149,0.103520,14.4611
4,15,0.4780,24,0,0,0.194643,0.124972,14.4572
4,15,0.4980,25,0,0,0.207982,0.133405,14.4531
4,15,0.5180,26,0,0,0.201480,0.128803,14.4491
4,15,0.5380,27,0,0,0.177554,0.112970,14.4457
4,15,0.5580,28,0,0,0.140531,0.089012,14.4431
4,15,0.5780,29,0,0,0.097097,0.061308,14.4415
4,15,0.5980,30,0,0,0.068030,0.037228,14.4410
4,15,0.6180,31,0,0,0.063619,0.035496,14.4415
4,15,0.6380,32,0,0,0.081766,0.053504,14.4428
4,15,0.6580,33,0,0,0.108471,0.071020,14.4448
4,15,0.6780,34,0,0,0.125536,0.082410,14.4472
4,15,0.6980,35,0,0,0.130456,0.086038,14.4497
4,15,0.7180,36,0,0,0.123504,0.081939,14.4520
4,15,0.7380,37,0,0,0.105996,0.062469,14.4540
4,15,0.7580,38,0,0,0.065408,0.040548,14.4550
4,15,0.7780,39,0,0,0.063388,0.037447,14.4547
4,15,0.7980,40,0,0,0.081772,0.057259,14.4532
4,15,0.8180,41,0,0,0.112207,0.073271,14.4511
4,15,0.8380,42,0,0,0.125257,0.083165,14.4488
4,15,0.8580,43,0,0,0.126389,0.086075,14.4464
4,15,0.8780,44,0,0,0.119508,0.082087,14.4443
4,15,0.8980,45,0,0,0.106933,0.072667,14.4424
4,15,0.9180,46,0,0,0.091788,0.060359,14.4411
4,15,0.9380,47,0,0,0.079666,0.048684,14.4404
4,15,0.9580,48,0,0,0.076909,0.042182,14.4403
4,15,0.9780,49,0,0,0.084632,0.043690,14.4407
4,15,0.9980,50,0,0,0.097269,0.049623,14.4416
4,15,1.0180,51,0,0,0.108975,0.055423,14.4428
4,15,1.0380,52,0,0,0.116565,0.058686,14.4442
4,15,1.0580,53,0,0,0.119085,0.058504,14.4456
4,15,1.0780,54,0,0,0.117080,0.055044,14.4469
4,15,1.0980,55,0,0,0.112112,0.048749,14.4479
4,15,1.1180,56,0,0,0.106367,0.041019,14.4487
4,15,1.1380,57,0,0,0.101984,0.033723,14.4491
4,15,1.1580,58,0,0,0.100336,0.029289,14.4491
4,15,1.1780,59,0,0,0.101483,0.029836,14.4489
4,15,1.1980,60,0,0,0.104393,0.033587,14.4483
4,15,1.2180,61,0,0,0.107581,0.037549,14.4476
4,15,1.2380,62,0,0,0.109797,0.040213,14.4468
4,15,1.2580,63,0,0,0.110454,0.041136,14.4460
4,15,1.2780,64,0,0,0.109634,0.040522,14.4453
4,15,1.2980,65,0,0,0.107901,0.039035,14.4447
4,15,1.3180,66,0,0,0.106030,0.037628,14.4443
4,15,1.3380,67,0,0,0.104690,0.037240,14.4441
4,15,1.3580,68,0,0,0.104192,0.038313,14.4442
4,15,1.3780,69,0,0,0.104403,0.040515,14.4444
4,15,1.3980,70,0,0,0.104859,0.043111,14.4448
4,15,1.4180,71,0,0,0.105038,0.045422,14.4452
4,15,1.4380,72,0,0,0.104522,0.047048,14.4457
4,15,1.4580,73,0,0,0.103139,0.047878,14.4462
4,15,1.4780,74,0,0,0.100964,0.048038,14.4466
4,15,1.4980,75,0,0,0.098251,0.047810,14.4470
4,15,1.5180,76,0,0,0.095259,0.047506,14.4472
4,15,1.5380,77,0,0,0.092185,0.047369,14.4473
4,15,1.5580,78,0,0,0.089094,0.047500,14.4472
4,15,1.5780,79,0,0,0.085889,0.047857,14.4471
4,15,1.5980,80,0,0,0.082364,0.048317,14.4468
4,15,1.6180,81,0,0,0.078304,0.048725,14.4465
4,15,1.6380,82,0,0,0.073569,0.048958,14.4462
4,15,1.6580,83,0,0,0.072743,0.049130,14.4459
4,15,1.6780,84,0,0,0.074118,0.049227,14.4456
4,15,1.6980,85,0,0,0.075182,0.049336,14.4454
4,15,1.7180,86,0,0,0.076248,0.049565,14.4453
4,15,1.7380,87,0,0,0.077215,0.049994,14.4453
4,15,1.7580,88,0,0,0.078078,0.050645,14.4453
4,15,1.7780,89,0,0,0.078802,0.051472,14.4455
4,15,1.7980,90,0,0,0.079324,0.052383,14.4456
4,15,1.8180,91,0,0,0.079581,0.053276,14.4459
4,15,1.8380,92,0,0,0.079539,0.054082,14.4461
4,15,1.8580,93,0,0,0.079207,0.054771,14.4463
4,15,1.8780,94,0,0,0.078625,0.055353,14.4464
4,15,1.8980,95,0,0,0.077854,0.055859,14.4465
4,15,1.9180,96,0,0,0.076951,0.056314,14.4466
4,15,1.9380,97,0,0,0.079348,0.056726,14.4466
4,15,1.9580,98,0,0,0.085825,0.057062,14.4466
4,15,1.9780,99,0,0,0.092415,0.057344,14.4465
4,15,1.9980,100,0,0,0.099054,0.057531,14.4464
4,15,2.0180,101,0,0,0.105691,0.057591,14.4463
4,15,2.0380,102,0,0,0.112306,0.057507,14.4462
4,15,2.0580,103,0,0,0.118890,0.057279,14.4460
4,15,2.0780,104,0,0,0.125421,0.056921,14.4459
4,15,2.0980,105,0,0,0.131857,0.056454,14.4459
4,15,2.1180,106,0,0,0.138133,0.055161,14.4458
4,15,2.1380,107,0,0,0.144034,0.052824,14.4458
4,15,2.1580,108,0,0,0.149808,0.050545,14.4456
4,15,2.1780,109,0,0,0.155738,0.048926,14.4454
4,15,2.1980,110,0,0,0.161309,0.047882,14.4453
4,15,2.2180,111,0,0,0.165991,0.047180,14.4451
4,15,2.2380,112,0,0,0.169626,0.046755,14.4450
4,15,2.2580,113,0,0,0.172322,0.046631,14.4450
4,15,2.2780,114,0,0,0.174276,0.047068,14.4449
4,15,2.2980,115,0,0,0.175662,0.048268,14.4449
4,15,2.3180,116,0,0,0.176583,0.049943,14.4450
4,15,2.3380,117,0,0,0.177074,0.051865,14.4450
4,15,2.3580,118,0,0,0.177124,0.053905,14.4450
4,15,2.3780,119,0,0,0.176696,0.055999,14.4451
4,15,2.3980,120,0,0,0.175762,0.058111,14.4451
4,15,2.4180,121,0,0,0.174301,0.060220,14.4451
4,15,2.4380,122,0,0,0.172326,0.062305,14.4451
4,15,2.4580,123,0,0,0.169880,0.064296,14.4451
4,15,2.4780,124,0,0,0.167017,0.066258,14.4451
4,15,2.4980,125,0,0,0.163807,0.067976,14.4450
4,15,2.5180,126,0,0,0.160325,0.069401,14.4449
4,15,2.5380,127,0,0,0.156569,0.070739,14.4448
4,15,2.5580,128,0,0,0.152521,0.071970,14.4447
4,15,2.5780,129,0,0,0.148231,0.073085,14.4447
4,15,2.5980,130,0,0,0.143776,0.074090,14.4446
4,15,2.6180,131,0,0,0.139223,0.074987,14.4446
4,15,2.6380,132,0,0,0.134624,0.075805,14.4445
4,15,2.6580,133,0,0,0.130038,0.076529,14.4445
4,15,2.6780,134,0,0,0.125556,0.077145,14.4446
4,15,2.6980,135,0,0,0.121358,0.077651,14.4446
4,15,2.7180,136,0,0,0.117663,0.078062,14.4447
4,15,2.7380,137,0,0,0.115938,0.078389,14.4448
4,15,2.7580,138,0,0,0.116879,0.078651,14.4449
4,15,2.7780,139,0,0,0.117634,0.078861,14.4450
4,15,2.7980,140,0,0,0.118217,0.079028,14.4451
4,15,2.8180,141,0,0,0.118653,0.079157,14.4452
4,15,2.8380,142,0,0,0.118953,0.079251,14.4452
4,15,2.8580,143,0,0,0.119831,0.079322,14.4452
4,15,2.8780,144,0,0,0.124075,0.079373,14.4452
4,15,2.8980,145,0,0,0.129488,0.079384,14.4452
4,15,2.9180,146,0,0,0.135453,0.079391,14.4452
4,15,2.9380,147,0,0,0.141755,0.079355,14.4451
4,15,2.9580,148,0,0,0.148218,0.079289,14.4450
4,15,2.9780,149,0,0,0.154726,0.079217,14.4449
4,15,2.9980,150,0,0,0.161189,0.079137,14.4448
4,15,3.0180,151,0,0,0.167524,0.079040,14.4448
4,15,3.0380,152,0,0,0.173698,0.078914,14.4447
4,15,3.0580,153,0,0,0.179708,0.078748,14.4447
4,15,3.0780,154,0,0,0.185558,0.078524,14.4447
4,15,3.0980,155,0,0,0.191236,0.078226,14.4447
4,15,3.1180,156,0,0,0.196710,0.077833,14.4447
4,15,3.1380,157,0,0,0.201930,0.077330,14.4447
4,15,3.1580,158,0,0,0.206842,0.076707,14.4448
4,15,3.1780,159,0,0,0.211389,0.075961,14.4448
4,15,3.1980,160,0,0,0.215517,0.075097,14.4448
4,15,3.2180,161,0,0,0.219174,0.074130,14.4447
4,15,3.2380,162,0,0,0.222310,0.073081,14.4447
4,15,3.2580,163,0,0,0.224891,0.071978,14.4446
4,15,3.2780,164,0,0,0.226898,0.070856,14.4445
4,15,3.2980,165,0,0,0.227255,0.070553,14.4442
4,15,3.3180,166,0,0,0.229432,0.070401,14.4438
4,15,3.3380,167,0,0,0.234759,0.070155,14.4434
4,15,3.3580,168,0,0,0.240849,0.069576,14.4431
4,15,3.3780,169,0,0,0.245384,0.070044,14.4426
4,15,3.3980,170,0,0,0.247236,0.071544,14.4420
4,15,3.4180,171,0,0,0.248685,0.072399,14.4415
4,15,3.4380,172,0,0,0.249790,0.072672,14.4410
4,15,3.4580,173,0,0,0.249477,0.073398,14.4406
4,15,3.4780,174,0,0,0.247215,0.074232,14.4403
4,15,3.4980,175,0,0,0.244083,0.075134,14.4401
4,15,3.5180,176,0,0,0.239603,0.075989,14.4399
4,15,3.5380,177,0,0,0.233743,0.076681,14.4398
4,15,3.5580,178,0,0,0.227061,0.077236,14.4398
4,15,3.5780,179,0,0,0.220212,0.077735,14.4398
4,15,3.5980,180,0,0,0.213654,0.078381,14.4399
4,15,3.6180,181,0,0,0.207635,0.079531,14.4399
4,15,3.6380,182,0,0,0.202215,0.081408,14.4399
4,15,3.6580,183,0,0,0.197318,0.083864,14.4399
4,15,3.6780,184,0,0,0.192841,0.086501,14.4399
4,15,3.6980,185,0,0,0.188670,0.089246,14.4398
4,15,3.7180,186,0,0,0.184751,0.091999,14.4397
4,15,3.7380,187,0,0,0.181099,0.094654,14.4395
4,15,3.7580,188,0,0,0.177792,0.097112,14.4394
4,15,3.7780,189,0,0,0.174867,0.099301,14.4393
4,15,3.7980,190,0,0,0.172307,0.101174,14.4391
4,15,3.8180,191,0,0,0.170093,0.102722,14.4390
4,15,3.8380,192,0,0,0.168228,0.103953,14.4389
4,15,3.8580,193,0,0,0.166737,0.104892,14.4389
4,15,3.8780,194,0,0,0.165670,0.105576,14.4389
4,15,3.8980,195,0,0,0.165113,0.106005,14.4389
4,15,3.9180,196,0,0,0.165172,0.106229,14.4390
4,15,3.9380,197,0,0,0.165965,0.106254,14.4390
4,15,3.9580,198,0,0,0.167607,0.106093,14.4391
4,15,3.9780,199,0,0,0.170195,0.105767,14.4391
4,15,3.9980,200,0,0,0.173781,0.105299,14.4392
4,15,4.0180,201,0,0,0.178354,0.104714,14.4392
4,15,4.0380,202,0,0,0.183816,0.104039,14.4392
4,15,4.0580,203,0,0,0.190020,0.103295,14.4392
4,15,4.0780,204,0,0,0.196776,0.102504,14.4392
4,15,4.0980,205,0,0,0.203835,0.101691,14.4391
4,15,4.1180,206,0,0,0.211029,0.100882,14.4390
4,15,4.1380,207,0,0,0.218242,0.100083,14.4388
4,15,4.1580,208,0,0,0.225402,0.099346,14.4387
4,15,4.1780,209,0,0,0.232426,0.098677,14.4385
4,15,4.1980,210,0,0,0.239251,0.098092,14.4383
4,15,4.2180,211,0,0,0.245825,0.097606,14.4381
4,15,4.2380,212,0,0,0.252114,0.097228,14.4380
4,15,4.2580,213,0,0,0.258085,0.096960,14.4378
4,15,4.2780,214,0,0,0.263708,0.096798,14.4376
4,15,4.2980,215,0,0,0.268949,0.096717,14.4374
4,15,4.3180,216,0,0,0.273790,0.096678,14.4372
4,15,4.3380,217,0,0,0.278215,0.096644,14.4370
4,15,4.3580,218,0,0,0.282196,0.096587,14.4368
4,15,4.3780,219,0,0,0.285716,0.096489,14.4366
4,15,4.3980,220,0,0,0.288784,0.096333,14.4364
4,15,4.4180,221,0,0,0.291385,0.096091,14.4362
4,15,4.4380,222,0,0,0.293579,0.095760,14.4359
4,15,4.4580,223,0,0,0.295358,0.095438,14.4357
4,15,4.4780,224,0,0,0.296631,0.095259,14.4354
4,15,4.4980,225,0,0,0.297355,0.095313,14.4351
4,15,4.5180,226,0,0,0.297452,0.095730,14.4347
4,15,4.5380,227,0,0,0.296740,0.096413,14.4344
4,15,4.5580,228,0,0,0.295326,0.097303,14.4341
4,15,4.5780,229,0,0,0.293447,0.098428,14.4338
4,15,4.5980,230,0,0,0.291335,0.099870,14.4335
4,15,4.6180,231,0,0,0.289115,0.101726,14.4332
4,15,4.6380,232,0,0,0.286874,0.103809,14.4329
4,15,4.6580,233,0,0,0.284681,0.106033,14.4327
4,15,4.6780,234,0,0,0.282589,0.108354,14.4325
4,15,4.6980,235,0,0,0.280626,0.110735,14.4323
4,15,4.7180,236,0,0,0.278785,0.113138,14.4322
4,15,4.7380,237,0,0,0.277027,0.115522,14.4321
4,15,4.7580,238,0,0,0.275306,0.117843,14.4319
4,15,4.7780,239,0,0,0.273578,0.120067,14.4318
4,15,4.7980,240,0,0,0.271813,0.122169,14.4317
4,15,4.8180,241,0,0,0.270008,0.124127,14.4316
4,15,4.8380,242,0,0,0.268178,0.125981,14.4315
4,15,4.8580,243,0,0,0.266336,0.127460,14.4313
4,15,4.8780,244,0,0,0.264490,0.128499,14.4312
4,15,4.8980,245,0,0,0.262597,0.129150,14.4310
4,15,4.9180,246,0,0,0.260713,0.129490,14.4307
4,15,4.9380,247,0,0,0.259053,0.129647,14.4305
4,15,4.9580,248,0,0,0.257905,0.129838,14.4302
4,15,4.9780,249,0,0,0.257521,0.130001,14.4298
4,15,4.9980,250,0,0,0.258041,0.130315,14.4295
4,15,5.0180,251,0,0,0.259522,0.130777,14.4292
4,15,5.0380,252,0,0,0.262046,0.131339,14.4289
4,15,5.0580,253,0,0,0.265606,0.131960,14.4287
4,15,5.0780,254,0,0,0.270004,0.132609,14.4285
4,15,5.0980,255,0,0,0.274928,0.133266,14.4283
4,15,5.1180,256,0,0,0.280068,0.133875,14.4282
4,15,5.1380,257,0,0,0.285185,0.134402,14.4281
4,15,5.1580,258,0,0,0.290139,0.134885,14.4280
4,15,5.1780,259,0,0,0.294891,0.135326,14.4279
4,15,5.1980,260,0,0,0.299423,0.135733,14.4278
4,15,5.2180,261,0,0,0.303770,0.136153,14.4277
4,15,5.2380,262,0,0,0.308067,0.136637,14.4276
4,15,5.2580,263,0,0,0.312487,0.137226,14.4274
4,15,5.2780,264,0,0,0.317163,0.137905,14.4272
4,15,5.2980,265,0,0,0.322154,0.138605,14.4270
4,15,5.3180,266,0,0,0.327450,0.139253,14.4267
4,15,5.3380,267,0,0,0.332994,0.139788,14.4264
4,15,5.3580,268,0,0,0.338697,0.140188,14.4260
4,15,5.3780,269,0,0,0.344464,0.140432,14.4256
4,15,5.3980,270,0,0,0.350209,0.140544,14.4252
4,15,5.4180,271,0,0,0.355870,0.140554,14.4247
4,15,5.4380,272,0,0,0.361398,0.140493,14.4242
4,15,5.4580,273,0,0,0.366807,0.140361,14.4237
4,15,5.4780,274,0,0,0.372019,0.140176,14.4232
4,15,5.4980,275,0,0,0.376941,0.139971,14.4227
4,15,5.5180,276,0,0,0.381499,0.139773,14.4222
4,15,5.5380,277,0,0,0.385751,0.139671,14.4217
4,15,5.5580,278,0,0,0.389601,0.139617,14.4213
4,15,5.5780,279,0,0,0.392917,0.139728,14.4209
4,15,5.5980,280,0,0,0.395605,0.140469,14.4206
4,15,5.6180,281,0,0,0.397786,0.142085,14.4202
4,15,5.6380,282,0,0,0.399675,0.144062,14.4199
4,15,5.6580,283,0,0,0.401383,0.146266,14.4197
4,15,5.6780,284,0,0,0.402970,0.148658,14.4194
4,15,5.6980,285,0,0,0.404421,0.151225,14.4192
4,15,5.7180,286,0,0,0.405691,0.153949,14.4189
4,15,5.7380,287,0,0,0.406752,0.156679,14.4186
4,15,5.7580,288,0,0,0.407591,0.159327,14.4184
4,15,5.7780,289,0,0,0.408138,0.161839,14.4181
4,15,5.7980,290,0,0,0.408390,0.164171,14.4177
4,15,5.8180,291,0,0,0.408369,0.166375,14.4174
4,15,5.8380,292,0,0,0.408291,0.168535,14.4170
4,15,5.8580,293,0,0,0.408431,0.170664,14.4166
4,15,5.8780,294,0,0,0.408979,0.172742,14.4162
4,15,5.8980,295,0,0,0.409998,0.174760,14.4158
4,15,5.9180,296,0,0,0.411454,0.176696,14.4155
4,15,5.9380,297,0,0,0.413269,0.178530,14.4151
4,15,5.9580,298,0,0,0.415264,0.180199,14.4147
4,15,5.9780,299,0,0,0.417324,0.181616,14.4143
4,15,5.9980,300,0,0,0.419510,0.183162,14.4139
4,15,6.0180,301,0,0,0.422003,0.184814,14.4135
4,15,6.0380,302,0,0,0.425024,0.186450,14.4131
4,15,6.0580,303,0,0,0.428781,0.188053,14.4127
4,15,6.0780,304,0,0,0.433302,0.189630,14.4123
4,15,6.0980,305,0,0,0.438454,0.191206,14.4118
4,15,6.1180,306,0,0,0.444097,0.192800,14.4113
4,15,6.1380,307,0,0,0.450082,0.194447,14.4109
4,15,6.1580,308,0,0,0.456311,0.196192,14.4104
4,15,6.1780,309,0,0,0.462707,0.198046,14.4099
4,15,6.1980,310,0,0,0.469251,0.199987,14.4094
4,15,6.2180,311,0,0,0.475884,0.201996,14.4088
4,15,6.2380,312,0,0,0.482640,0.204098,14.4083
4,15,6.2580,313,0,0,0.489500,0.206306,14.4078
4,15,6.2780,314,0,0,0.496450,0.208638,14.4072
4,15,6.2980,315,0,0,0.503428,0.211069,14.4066
4,15,6.3180,316,0,0,0.510373,0.213583,14.4060
4,15,6.3380,317,0,0,0.517275,0.216122,14.4054
4,15,6.3580,318,0,0,0.524133,0.218673,14.4048
4,15,6.3780,319,0,0,0.530992,0.221204,14.4042
4,15,6.3980,320,0,0,0.537883,0.223689,14.4036
4,15,6.4180,321,0,0,0.544760,0.226111,14.4030
4,15,6.4380,322,0,0,0.551518,0.228525,14.4023
4,15,6.4580,323,0,0,0.558317,0.230946,14.4016
4,15,6.4780,324,0,0,0.565354,0.233336,14.4009
4,15,6.4980,325,0,0,0.572661,0.235675,14.4002
4,15,6.5180,326,0,0,0.580242,0.237982,14.3995
4,15,6.5380,327,0,0,0.588068,0.240293,14.3987
4,15,6.5580,328,0,0,0.596055,0.242632,14.3980
4,15,6.5780,329,0,0,0.604081,0.245044,14.3972
4,15,6.5980,330,0,0,0.612035,0.247559,14.3964
4,15,6.6180,331,0,0,0.619807,0.250176,14.3955
4,15,6.6380,332,0,0,0.627418,0.252887,14.3947
4,15,6.6580,333,0,0,0.634912,0.255693,14.3938
4,15,6.6780,334,0,0,0.642421,0.258590,14.3930
4,15,6.6980,335,0,0,0.650141,0.261628,14.3921
4,15,6.7180,336,0,0,0.658076,0.265116,14.3912
4,15,6.7380,337,0,0,0.666202,0.269520,14.3904
4,15,6.7580,338,0,0,0.674661,0.272905,14.3895
4,15,6.7780,339,0,0,0.683635,0.276287,14.3887
4,15,6.7980,340,0,0,0.693188,0.279746,14.3879
4,15,6.8180,341,0,0,0.702244,0.283412,14.3871
4,15,6.8380,342,0,0,0.710096,0.287312,14.3864
4,15,6.8580,343,0,0,0.717117,0.291381,14.3858
4,15,6.8780,344,0,0,0.724059,0.295537,14.3851
4,15,6.8980,345,0,0,0.731408,0.299659,14.3845
4,15,6.9180,346,0,0,0.739327,0.303727,14.3840
4,15,6.9380,347,0,0,0.747767,0.307746,14.3834
4,15,6.9580,348,0,0,0.756583,0.313517,14.3828
4,15,6.9780,349,0,0,0.765646,0.320581,14.3821
4,15,6.9980,350,0,0,0.774959,0.322957,14.3813
4,15,7.0180,351,0,0,0.785276,0.325700,14.3805
4,15,7.0380,352,0,0,0.796652,0.329028,14.3797
4,15,7.0580,353,0,0,0.807407,0.332809,14.3788
4,15,7.0780,354,0,0,0.816858,0.336929,14.3779
4,15,7.0980,355,0,0,0.825628,0.341217,14.3769
4,15,7.1180,356,0,0,0.834599,0.345539,14.3759
4,15,7.1380,357,0,0,0.844256,0.349946,14.3747
4,15,7.1580,358,0,0,0.854370,0.354404,14.3735
4,15,7.1780,359,0,0,0.864772,0.358867,14.3723
4,15,7.1980,360,0,0,0.875399,0.363378,14.3709
4,15,7.2180,361,0,0,0.886371,0.368011,14.3694
4,15,7.2380,362,0,0,0.897682,0.372835,14.3679
4,15,7.2580,363,0,0,0.909305,0.377812,14.3663
4,15,7.2780,364,0,0,0.921159,0.382794,14.3646
4,15,7.2980,365,0,0,0.933109,0.387761,14.3629
4,15,7.3180,366,0,0,0.945127,0.392790,14.3611
4,15,7.3380,367,0,0,0.957236,0.397910,14.3593
4,15,7.3580,368,0,0,0.969481,0.403106,14.3574
4,15,7.3780,369,0,0,0.981839,0.408317,14.3555
4,15,7.3980,370,0,0,0.994376,0.413488,14.3536
4,15,7.4180,371,0,0,1.007259,0.418584,14.3516
4,15,7.4380,372,0,0,1.020682,0.423616,14.3495
4,15,7.4580,373,0,0,1.034685,0.428581,14.3474
4,15,7.4780,374,0,0,1.049288,0.433482,14.3453
4,15,7.4980,375,0,0,1.064436,0.438327,14.3430
4,15,7.5180,376,0,0,1.080082,0.443075,14.3407
4,15,7.5380,377,0,0,1.096203,0.447876,14.3383
4,15,7.5580,378,0,0,1.112822,0.452550,14.3358
4,15,7.5780,379,0,0,1.129998,0.457224,14.3332
4,15,7.5980,380,0,0,1.147594,0.462103,14.3305
4,15,7.6180,381,0,0,1.165551,0.467123,14.3277
4,15,7.6380,382,0,0,1.183939,0.472239,14.3248
4,15,7.6580,383,0,0,1.202639,0.477475,14.3218
4,15,7.6780,384,0,0,1.221432,0.482886,14.3187
4,15,7.6980,385,0,0,1.240072,0.488427,14.3155
4,15,7.7180,386,0,0,1.258071,0.494122,14.3121
4,15,7.7380,387,0,0,1.274993,0.499990,14.3087
4,15,7.7580,388,0,0,1.290879,0.506035,14.3052
4,15,7.7780,389,0,0,1.305909,0.512344,14.3015
4,15,7.7980,390,0,0,1.320250,0.518898,14.2978
4,15,7.8180,391,0,0,1.334038,0.525375,14.2941
4,15,7.8380,392,0,0,1.347412,0.531720,14.2902
4,15,7.8580,393,0,0,1.360541,0.538008,14.2862
4,15,7.8780,394,0,0,1.373560,0.544386,14.2821
4,15,7.8980,395,0,0,1.386708,0.550939,14.2779
4,15,7.9180,396,0,0,1.400334,0.557901,14.2735
4,15,7.9380,397,0,0,1.414710,0.565148,14.2690
4,15,7.9580,398,0,0,1.430147,0.572423,14.2644
4,15,7.9780,399,0,0,1.446739,0.579737,14.2596
4,15,7.9980,400,0,0,1.464346,0.587166,14.2546
4,15,8.0180,401,0,0,1.483124,0.594671,14.2494
4,15,8.0380,402,0,0,1.503430,0.602243,14.2441
4,15,8.0580,403,0,0,1.525109,0.609872,14.2386
4,15,8.0780,404,0,0,1.551748,0.617953,14.2325
4,15,8.0980,405,0,0,1.581207,0.625948,14.2261
4,15,8.1180,406,0,0,1.609382,0.633906,14.2196
4,15,8.1380,407,0,0,1.635307,0.642086,14.2130
4,15,8.1580,408,0,0,1.657418,0.650157,14.2063
4,15,8.1780,409,0,0,1.674749,0.656756,14.1994
4,15,8.1980,410,0,0,1.688123,0.662427,14.1924
4,15,8.2180,411,0,0,1.701324,0.668851,14.1854
4,15,8.2380,412,0,0,1.716680,0.675869,14.1783
4,15,8.2580,413,0,0,1.734491,0.683654,14.1714
4,15,8.2780,414,0,0,1.752597,0.693200,14.1645
4,15,8.2980,415,0,0,1.771250,0.704057,14.1577
4,15,8.3180,416,0,0,1.792076,0.716125,14.1510
4,15,8.3380,417,0,0,1.814463,0.729222,14.1444
4,15,8.3580,418,0,0,1.837531,0.743293,14.1379
4,15,8.3780,419,0,0,1.860647,0.758256,14.1314
4,15,8.3980,420,0,0,1.883327,0.773836,14.1250
4,15,8.4180,421,0,0,1.905458,0.789868,14.1187
4,15,8.4380,422,0,0,1.927104,0.806245,14.1124
4,15,8.4580,423,0,0,1.948584,0.822896,14.1061
4,15,8.4780,424,0,0,1.970623,0.839717,14.0998
4,15,8.4980,425,0,0,1.993943,0.856558,14.0933
4,15,8.5180,426,0,0,2.019086,0.873794,14.0866
4,15,8.5380,427,0,0,2.046532,0.890137,14.0798
4,15,8.5580,428,0,0,2.076577,0.905656,14.0726
4,15,8.5780,429,0,0,2.105806,0.920574,14.0650
4,15,8.5980,430,0,0,2.134446,0.935069,14.0571
4,15,8.6180,431,0,0,2.167417,0.949482,14.0488
4,15,8.6380,432,0,0,2.205197,0.963990,14.0399
4,15,8.6580,433,0,0,2.248282,0.979055,14.0304
4,15,8.6780,434,0,0,2.298012,0.994520,14.0203
4,15,8.6980,435,0,0,2.349352,1.010299,14.0095
4,15,8.7180,436,0,0,2.400439,1.026565,13.9981
4,15,8.7380,437,0,0,2.451069,1.043679,13.9860
4,15,8.7580,438,0,0,2.501917,1.061774,13.9733
4,15,8.7780,439,0,0,2.553621,1.081033,13.9600
4,15,8.7980,440,0,0,2.606509,1.103330,13.9460
4,15,8.8180,441,0,0,2.660647,1.127480,13.9314
4,15,8.8380,442,0,0,2.715994,1.151594,13.9162
4,15,8.8580,443,0,0,2.772423,1.175402,13.9005
4,15,8.8780,444,0,0,2.829801,1.198840,13.8841
4,15,8.8980,445,0,0,2.887966,1.221938,13.8672
4,15,8.9180,446,0,0,2.946738,1.244802,13.8498
4,15,8.9380,447,0,0,3.006089,1.267614,13.8318
4,15,8.9580,448,0,0,3.066026,1.290652,13.8132
4,15,8.9780,449,0,0,3.126700,1.314334,13.7941
4,15,8.9980,450,0,0,3.188357,1.339264,13.7745
4,15,9.0180,451,0,0,3.251394,1.366062,13.7542
4,15,9.0380,452,0,0,3.316265,1.394991,13.7334
4,15,9.0580,453,0,0,3.383472,1.426099,13.7118
4,15,9.0780,454,0,0,3.453584,1.459771,13.6894
4,15,9.0980,455,0,0,3.525566,1.495812,13.6661
4,15,9.1180,456,0,0,3.600513,1.534359,13.6418
4,15,9.1380,457,0,0,3.681054,1.562554,13.6164
4,15,9.1580,458,0,0,3.768793,1.600827,13.5897
4,15,9.1780,459,0,0,3.865129,1.647747,13.5615
4,15,9.1980,460,0,0,3.968965,1.690753,13.5318
4,15,9.2180,461,0,0,4.088900,1.725103,13.5008
4,15,9.2380,462,0,0,4.206662,1.757997,13.4679
4,15,9.2580,463,0,0,4.319798,1.787904,13.4327
4,15,9.2780,464,0,0,4.439997,1.817136,13.3950
4,15,9.2980,465,0,0,4.567381,1.847804,13.3548
4,15,9.3180,466,0,0,4.691332,1.879205,13.3123
4,15,9.3380,467,0,0,4.812931,1.912293,13.2676
4,15,9.3580,468,0,0,4.933612,1.947050,13.2208
4,15,9.3780,469,0,0,5.051237,1.983799,13.1720
4,15,9.3980,470,0,0,5.170155,2.022532,13.1209
4,15,9.4180,471,0,0,5.298350,2.063382,13.0677
4,15,9.4380,472,0,0,5.434035,2.105478,13.0121
4,15,9.4580,473,0,0,5.569302,2.149406,12.9543
4,15,9.4780,474,0,0,5.699372,2.195048,12.8942
4,15,9.4980,475,0,0,5.822723,2.242315,12.8320
4,15,9.5180,476,0,0,5.935608,2.290692,12.7679
4,15,9.5380,477,0,0,6.040427,2.341608,12.7021
4,15,9.5580,478,0,0,6.120919,2.395508,12.6348
4,15,9.5780,479,0,0,6.201966,2.451405,12.5658
4,15,9.5980,480,0,0,6.289336,2.509379,12.4951
4,15,9.6180,481,0,0,6.378538,2.569535,12.4226
4,15,9.6380,482,0,0,6.466714,2.631449,12.3481
4,15,9.6580,483,0,0,6.557890,2.693475,12.2715
4,15,9.6780,484,0,0,6.655022,2.760023,12.1928
4,15,9.6980,485,0,0,6.753381,2.827904,12.1115
4,15,9.7180,486,0,0,6.863745,2.896191,12.0268
4,15,9.7380,487,0,0,6.977765,2.965578,11.9386
4,15,9.7580,488,0,0,7.090746,3.036032,11.8467
4,15,9.7780,489,0,0,7.205862,3.106891,11.7511
4,15,9.7980,490,0,0,7.326297,3.177021,11.6518
4,15,9.8180,491,0,0,7.459788,3.248850,11.5491
4,15,9.8380,492,0,0,7.606150,3.323865,11.4431
4,15,9.8580,493,0,0,7.749286,3.400760,11.3339
4,15,9.8780,494,0,0,7.878123,3.478896,11.2217
4,15,9.8980,495,0,0,8.006208,3.557238,11.1066
4,15,9.9180,496,0,0,8.137647,3.635623,10.9884
4,15,9.9380,497,0,0,8.272543,3.713907,10.8670
4,15,9.9580,498,0,0,8.412685,3.792763,10.7423
4,15,9.9780,499,0,0,8.553598,3.875334,10.6140
4,15,9.9980,500,0,0,8.703862,3.962092,10.4823
4,15,10.0180,501,0,0,8.856396,4.048772,10.3472
4,15,10.0380,502,0,0,9.004042,4.132170,10.2084
4,15,10.0580,503,0,0,9.150604,4.216390,10.0662
4,15,10.0780,504,0,0,9.294282,4.303379,9.9203
4,15,10.0980,505,0,0,9.431441,4.394364,9.7708
4,15,10.1180,506,0,0,9.568653,4.489878,9.6177
4,15,10.1380,507,0,0,9.707040,4.590766,9.4610
4,15,10.1580,508,0,0,9.846529,4.695794,9.3007
4,15,10.1780,509,0,0,9.987056,4.803275,9.1367
4,15,10.1980,510,0,0,10.128559,4.913757,8.9692
4,15,10.2180,511,0,0,10.270980,5.026535,8.7981
4,15,10.2380,512,0,0,10.414263,5.140337,8.6234
4,15,10.2580,513,0,0,10.558354,5.252829,8.4452
4,15,10.2780,514,0,0,10.703204,5.365982,8.2634
4,15,10.2980,515,0,0,10.848766,5.481036,8.0780
4,15,10.3180,516,0,0,10.994994,5.597724,7.8891
4,15,10.3380,517,0,0,11.141847,5.718148,7.6966
4,15,10.3580,518,0,0,11.289281,5.832219,7.5006
4,15,10.3780,519,0,0,11.437262,5.945191,7.3011
4,15,10.3980,520,0,0,11.585749,6.062289,7.0980
4,15,10.4180,521,0,0,11.734711,6.187418,6.8914
4,15,10.4380,522,0,0,11.884112,6.311278,6.6814
4,15,10.4580,523,0,0,12.033925,6.426389,6.4678
4,15,10.4780,524,0,0,12.184116,6.541324,6.2507
4,15,10.4980,525,0,0,12.334661,6.660485,6.0302
4,15,10.5180,526,0,0,12.485527,6.780400,5.8062
4,15,10.5380,527,0,0,12.636695,6.902240,5.5787
4,15,10.5580,528,0,0,12.788136,7.028634,5.3477
4,15,10.5780,529,0,0,12.939832,7.161761,5.1133
4,15,10.5980,530,0,0,13.091756,7.299109,4.8754
4,15,10.6180,531,0,0,13.243889,7.430520,4.6341
4,15,10.6380,532,0,0,13.396212,7.557435,4.3893
4,15,10.6580,533,0,0,13.548706,7.681518,4.1411
4,15,10.6780,534,0,0,13.701351,7.806353,3.8895
4,15,10.6980,535,0,0,13.854133,7.936804,3.6345
4,15,10.7180,536,0,0,14.007033,8.070251,3.3761
4,15,10.7380,537,0,0,14.160035,8.202637,3.1142
4,15,10.7580,538,0,0,14.313127,8.333008,2.8490
4,15,10.7780,539,0,0,14.466291,8.461746,2.6332
4,15,10.7980,540,0,0,14.619518,8.590671,2.5438
4,15,10.8180,541,0,0,14.772791,8.722250,2.4887
4,15,10.8380,542,0,0,14.926099,8.855392,2.4887
4,15,10.8580,543,0,0,15.079432,8.987855,2.4886
4,15,10.8780,544,0,0,15.232775,9.119227,2.4886
4,15,10.8980,545,0,0,15.386121,6.643201,2.4886
4,15,10.9180,546,0,0,15.539456,4.556570,2.4886
4,15,10.9380,547,0,0,11.194439,3.031220,2.4886
4,15,10.9580,548,0,0,8.130876,2.114689,2.4886
4,15,10.9780,549,3,0,8.304108,2.065681,2.4886
4,15,10.9980,550,3,0,7.235323,1.896336,2.4886
4,15,11.0180,551,3,0,6.640232,1.642638,2.4886
4,15,11.0380,552,3,0,6.819024,1.528481,2.4886
4,15,11.0580,553,3,0,6.997675,1.363750,2.4886
4,15,11.0780,554,3,0,7.176170,1.342666,2.4886
4,15,11.0980,555,3,0,5.419363,1.056081,2.4886
4,15,11.1180,556,3,0,5.604317,1.032197,2.4886
4,15,11.1380,557,3,0,4.049330,0.905301,2.4886
4,15,11.1580,558,3,0,3.745289,0.806835,2.4886
4,15,11.1780,559,3,0,3.692994,0.795694,2.4886
4,15,11.1980,560,3,0,3.646993,0.654864,2.4886
4,15,11.2180,561,3,0,3.415632,0.605356,2.4886
4,15,11.2380,562,3,0,3.192119,0.540056,2.4886
4,15,11.2580,563,3,0,3.091525,0.504973,2.4886
4,15,11.2780,564,3,0,2.990834,0.476786,2.4886
4,15,11.2980,565,3,0,2.890476,0.449426,2.4886
4,15,11.3180,566,3,0,2.790462,0.398464,2.4886
4,15,11.3380,567,3,0,2.690761,0.362871,2.4886
4,15,11.3580,568,3,0,2.591341,0.346221,2.4886
4,15,11.3780,569,3,0,2.492177,0.328908,2.4886
4,15,11.3980,570,3,0,2.393243,0.309578,2.4886
4,15,11.4180,571,3,0,2.294519,0.296818,2.4886
4,15,11.4380,572,5,0,2.195984,0.272577,2.4886
4,15,11.4580,573,5,0,2.097622,0.231115,2.4886
4,15,11.4780,574,5,0,1.999419,0.212879,2.4886
4,15,11.4980,575,5,0,1.901362,0.197045,2.4886
4,15,11.5180,576,8,0,1.803439,0.184103,2.4886
4,15,11.5380,577,8,0,1.705639,0.168337,2.4886
4,15,11.5580,578,8,0,1.607956,0.153411,2.4886
4,15,11.5780,579,8,0,1.510380,0.145722,2.4886
4,15,11.5980,580,8,0,1.412904,0.139515,2.4886
4,15,11.6180,581,8,0,1.315522,0.134564,2.4886
4,15,11.6380,582,8,0,1.218228,0.130545,2.4886
4,15,11.6580,583,8,0,1.121016,0.127242,2.4886
4,15,11.6780,584,8,0,1.023880,0.124500,2.4886
4,15,11.6980,585,8,0,0.926814,0.122234,2.4886
4,15,11.7180,586,9,0,0.829812,0.120388,2.4886
4,15,11.7380,587,10,0,0.914369,0.118919,2.4886
4,15,11.7580,588,10,0,1.014375,0.117791,2.4886
4,15,11.7780,589,10,0,1.118925,0.117002,2.4886
4,15,11.7980,590,10,0,0.442259,0.044909,2.4886
4,15,11.8180,591,10,0,0.345412,0.031048,2.4886
4,15,11.8380,592,10,0,0.248522,0.019300,2.4886
4,15,11.8580,593,10,0,0.151518,0.011616,2.4886
4,15,11.8780,594,10,0,0.054264,0.003917,2.4886
4,15,11.8980,595,10,0,0.013544,0.000910,2.4886
4,15,11.9180,596,10,0,0.031599,0.002112,2.4886
4,15,11.9380,597,10,0,0.049748,0.003317,2.4886
4,15,11.9580,598,11,0,0.068068,0.004538,2.4886
4,15,11.9780,599,11,0,0.086633,0.005776,2.4886
4,15,11.9980,600,11,0,0.105523,0.007035,2.4886
4,15,12.0180,601,11,0,0.124813,0.008321,2.4886
4,15,12.0380,602,11,0,0.144582,0.009639,2.4886
4,15,12.0580,603,11,0,0.164913,0.010994,2.4886
4,15,12.0780,604,11,0,0.185881,0.012392,2.4886
4,15,12.0980,605,11,0,0.207582,0.013839,2.4886
4,15,12.1180,606,11,0,0.230103,0.015340,2.4886
4,15,12.1380,607,11,0,0.253523,0.016902,2.4886
4,15,12.1580,608,11,0,0.277940,0.018529,2.4886
4,15,12.1780,609,11,0,0.303461,0.020231,2.4886
4,15,12.1980,610,11,0,0.330179,0.022012,2.4886
4,15,12.2180,611,11,0,0.358201,0.023880,2.4886
4,15,12.2380,612,11,0,0.387632,0.025842,2.4886
4,15,12.2580,613,11,0,0.418595,0.027906,2.4886
4,15,12.2780,614,12,0,0.451198,0.030080,2.4886
4,15,12.2980,615,13,0,0.485577,0.032372,2.4886
4,15,12.3180,616,13,0,0.521852,0.034790,2.4886
4,15,12.3380,617,13,0,0.560162,0.037344,2.4886
4,15,12.3580,618,13,0,0.600646,0.040043,2.4886
4,15,12.3780,619,13,0,0.643453,0.042897,2.4886
4,15,12.3980,620,13,0,0.688728,0.045915,2.4886
4,15,12.4180,621,13,0,0.736629,0.049109,2.4886
4,15,12.4380,622,13,0,0.787327,0.052488,2.4886
4,15,12.4580,623,13,0,0.840970,0.056065,2.4886
4,15,12.4780,624,13,0,0.897745,0.059850,2.4886
4,15,12.4980,625,13,0,0.957808,0.063854,2.4886
4,15,12.5180,626,13,0,1.021341,0.068089,2.4886
4,15,12.5380,627,13,0,1.088512,0.072567,2.4886
4,15,12.5580,628,13,0,1.159497,0.077300,2.4886
4,15,12.5780,629,13,0,1.234449,0.082297,2.4886
4,15,12.5980,630,13,0,1.313528,0.087569,2.4886
4,15,12.6180,631,13,0,1.396876,0.093125,2.4886
4,15,12.6380,632,13,0,1.484615,0.098974,2.4886
4,15,12.6580,633,13,0,1.576847,0.105123,2.4886
4,15,12.6780,634,13,0,1.673636,0.111576,2.4886
4,15,12.6980,635,13,0,0.497031,0.033135,2.4886
4,15,12.7180,636,13,0,0.427868,0.028525,2.4886
4,15,12.7380,637,13,0,0.341775,0.022785,2.4886
4,15,12.7580,638,13,0,0.243205,0.016214,2.4886
4,15,12.7780,639,13,0,0.144843,0.009656,2.4886
4,15,12.7980,640,13,0,0.046703,0.003114,2.4886
4,15,12.8180,641,13,0,0.002108,0.000141,2.4886
4,15,12.8380,642,13,0,0.000666,0.000044,2.4886
4,15,12.8580,643,13,0,0.000019,0.000001,2.4886
4,15,12.8780,644,13,0,0.000015,0.000001,2.4886
4,15,12.8980,645,13,0,0.000000,0.000000,2.4886
4,15,12.9180,646,13,0,0.000000,0.000000,2.4886
4,15,12.9380,647,13,0,0.000000,0.000000,2.4886
4,15,12.9580,648,13,0,0.000000,0.000000,2.4886
4,15,12.9780,649,13,0,0.000000,0.000000,2.4886
4,15,12.9980,650,13,0,0.000000,0.000000,2.4886
4,15,13.0180,651,13,0,0.000000,0.000000,2.4886
4,15,13.0380,652,13,0,0.000000,0.000000,2.4886
4,15,13.0580,653,13,0,0.000000,0.000000,2.4886
4,15,13.0780,654,13,0,0.000000,0.000000,2.4886
4,15,13.0980,655,13,0,0.000000,0.000000,2.4886
4,15,13.1180,656,13,0,0.000000,0.000000,2.4886
4,15,13.1380,657,13,0,0.000000,0.000000,2.4886
4,15,13.1580,658,13,0,0.000000,0.000000,2.4886
4,15,13.1780,659,13,0,0.000000,0.000000,2.4886
4,15,13.1980,660,13,0,0.000000,0.000000,2.4886
4,15,13.2180,661,13,0,0.000000,0.000000,2.4886
4,15,13.2380,662,13,0,0.000000,0.000000,2.4886
4,15,13.2580,663,15,0,0.000000,0.000000,2.4886
5,15,0.0180,1,0,0,0.000000,0.000000,14.5000
5,15,0.0380,2,0,0,0.195896,0.151849,14.4961
5,15,0.0580,3,0,0,0.381692,0.266366,14.4884
5,15,0.0780,4,0,0,0.524988,0.341774,14.4779
5,15,0.0980,5,0,0,0.598997,0.377518,14.4660
5,15,0.1180,6,0,0,0.599735,0.401793,14.4540
5,15,0.1380,7,0,0,0.554058,0.376099,14.4429
5,15,0.1580,8,0,0,0.477995,0.312422,14.4333
5,15,0.1780,9,0,0,0.362280,0.227435,14.4261
5,15,0.1980,10,0,0,0.213931,0.131712,14.4218
5,15,0.2180,11,0,0,0.061656,0.037573,14.4208
5,15,0.2380,12,0,0,0.103862,0.063358,14.4227
5,15,0.2580,13,0,0,0.222774,0.138807,14.4270
5,15,0.2780,14,0,0,0.308582,0.194848,14.4331
5,15,0.2980,15,0,0,0.355376,0.226464,14.4401
5,15,0.3180,16,0,0,0.363645,0.232868,14.4473
5,15,0.3380,17,0,0,0.335751,0.216350,14.4540
5,15,0.3580,18,0,0,0.282600,0.181823,14.4597
5,15,0.3780,19,0,0,0.200747,0.138020,14.4636
5,15,0.3980,20,0,0,0.116900,0.088525,14.4658
5,15,0.4180,21,0,0,0.075114,0.043405,14.4662
5,15,0.4380,22,0,0,0.079082,0.057110,14.4650
5,15,0.4580,23,0,0,0.132397,0.092000,14.4625
5,15,0.4780,24,0,0,0.181426,0.119184,14.4589
5,15,0.4980,25,0,0,0.209136,0.134406,14.4547
5,15,0.5180,26,0,0,0.220617,0.137140,14.4504
5,15,0.5380,27,0,0,0.207802,0.127861,14.4463
5,15,0.5580,28,0,0,0.170882,0.108894,14.4429
5,15,0.5780,29,0,0,0.137147,0.086675,14.4402
5,15,0.5980,30,0,0,0.100805,0.062259,14.4384
5,15,0.6180,31,0,0,0.070284,0.035556,14.4376
5,15,0.6380,32,0,0,0.056502,0.021229,14.4378
5,15,0.6580,33,0,0,0.068373,0.038807,14.4389
5,15,0.6780,34,0,0,0.095684,0.056927,14.4407
5,15,0.6980,35,0,0,0.119245,0.069788,14.4428
5,15,0.7180,36,0,0,0.132015,0.075601,14.4451
5,15,0.7380,37,0,0,0.134423,0.074266,14.4473
5,15,0.7580,38,0,0,0.128029,0.066339,14.4492
5,15,0.7780,39,0,0,0.115204,0.054143,14.4507
5,15,0.7980,40,0,0,0.114288,0.041794,14.4515
5,15,0.8180,41,0,0,0.115215,0.030562,14.4517
5,15,0.8380,42,0,0,0.113345,0.028214,14.4515
5,15,0.8580,43,0,0,0.114921,0.036596,14.4507
5,15,0.8780,44,0,0,0.113770,0.045252,14.4497
5,15,0.8980,45,0,0,0.110977,0.050741,14.4484
5,15,0.9180,46,0,0,0.105498,0.052555,14.4470
5,15,0.9380,47,0,0,0.096620,0.051331,14.4457
5,15,0.9580,48,0,0,0.084945,0.048236,14.4446
5,15,0.9780,49,0,0,0.072155,0.044410,14.4437
5,15,0.9980,50,0,0,0.060776,0.040820,14.4432
5,15,1.0180,51,0,0,0.053995,0.038465,14.4430
5,15,1.0380,52,0,0,0.053708,0.037873,14.4431
5,15,1.0580,53,0,0,0.066719,0.039455,14.4431
5,15,1.0780,54,0,0,0.074396,0.039757,14.4434
5,15,1.0980,55,0,0,0.077657,0.038084,14.4439
5,15,1.1180,56,0,0,0.087729,0.035261,14.4444
5,15,1.1380,57,0,0,0.093579,0.033561,14.4450
5,15,1.1580,58,0,0,0.095514,0.032886,14.4454
5,15,1.1780,59,0,0,0.094744,0.031852,14.4457
5,15,1.1980,60,0,0,0.091741,0.030575,14.4458
5,15,1.2180,61,0,0,0.087010,0.029774,14.4458
5,15,1.2380,62,0,0,0.061326,0.030179,14.4456
5,15,1.2580,63,0,0,0.061476,0.030705,14.4453
5,15,1.2780,64,0,0,0.061137,0.031314,14.4450
5,15,1.2980,65,0,0,0.062908,0.031706,14.4446
5,15,1.3180,66,0,0,0.062564,0.032307,14.4443
5,15,1.3380,67,0,0,0.063833,0.033715,14.4440
5,15,1.3580,68,0,0,0.065540,0.034691,14.4437
5,15,1.3780,69,0,0,0.068091,0.034435,14.4435
5,15,1.3980,70,0,0,0.068785,0.033429,14.4435
5,15,1.4180,71,0,0,0.067265,0.032999,14.4435
5,15,1.4380,72,0,0,0.063905,0.034809,14.4436
5,15,1.4580,73,0,0,0.059726,0.036969,14.4437
5,15,1.4780,74,0,0,0.057027,0.038700,14.4438
5,15,1.4980,75,0,0,0.056484,0.040182,14.4439
5,15,1.5180,76,0,0,0.058213,0.041298,14.4441
5,15,1.5380,77,0,0,0.059275,0.042038,14.4442
5,15,1.5580,78,0,0,0.058636,0.042302,14.4443
5,15,1.5780,79,0,0,0.059333,0.042042,14.4443
5,15,1.5980,80,0,0,0.060716,0.041290,14.4444
5,15,1.6180,81,0,0,0.061015,0.040134,14.4443
5,15,1.6380,82,0,0,0.060658,0.038691,14.4443
5,15,1.6580,83,0,0,0.059993,0.037068,14.4442
5,15,1.6780,84,0,0,0.059293,0.035355,14.4441
5,15,1.6980,85,0,0,0.058794,0.033643,14.4440
5,15,1.7180,86,0,0,0.058759,0.032035,14.4439
5,15,1.7380,87,0,0,0.059473,0.030812,14.4439
5,15,1.7580,88,0,0,0.061186,0.030088,14.4438
5,15,1.7780,89,0,0,0.064053,0.029601,14.4437
5,15,1.7980,90,0,0,0.068090,0.029211,14.4437
5,15,1.8180,91,0,0,0.073148,0.028856,14.4437
5,15,1.8380,92,0,0,0.078939,0.028566,14.4437
5,15,1.8580,93,0,0,0.085097,0.028401,14.4437
5,15,1.8780,94,0,0,0.091231,0.028415,14.4437
5,15,1.8980,95,0,0,0.096984,0.028647,14.4438
5,15,1.9180,96,0,0,0.102064,0.029094,14.4438
5,15,1.9380,97,0,0,0.106261,0.029713,14.4438
5,15,1.9580,98,0,0,0.109448,0.030448,14.4438
5,15,1.9780,99,0,0,0.111588,0.031253,14.4438
5,15,1.9980,100,0,0,0.112707,0.032090,14.4438
5,15,2.0180,101,0,0,0.112767,0.032931,14.4438
5,15,2.0380,102,0,0,0.111992,0.033734,14.4438
5,15,2.0580,103,0,0,0.110664,0.034450,14.4437
5,15,2.0780,104,0,0,0.108974,0.035036,14.4437
5,15,2.0980,105,0,0,0.107084,0.035455,14.4437
5,15,2.1180,106,0,0,0.105125,0.035682,14.4436
5,15,2.1380,107,0,0,0.103177,0.035710,14.4436
5,15,2.1580,108,0,0,0.101295,0.035553,14.4436
5,15,2.1780,109,0,0,0.099507,0.035253,14.4435
5,15,2.1980,110,0,0,0.097816,0.034885,14.4435
5,15,2.2180,111,0,0,0.096199,0.034555,14.4435
5,15,2.2380,112,0,0,0.094618,0.034400,14.4435
5,15,2.2580,113,0,0,0.093029,0.034569,14.4435
5,15,2.2780,114,0,0,0.091383,0.035142,14.4435
5,15,2.2980,115,0,0,0.089642,0.036039,14.4434
5,15,2.3180,116,0,0,0.087785,0.037106,14.4434
5,15,2.3380,117,0,0,0.085809,0.038233,14.4434
5,15,2.3580,118,0,0,0.083738,0.039362,14.4434
5,15,2.3780,119,0,0,0.081594,0.040457,14.4434
5,15,2.3980,120,0,0,0.079471,0.041496,14.4434
5,15,2.4180,121,0,0,0.077456,0.042467,14.4434
5,15,2.4380,122,0,0,0.075622,0.043360,14.4434
5,15,2.4580,123,0,0,0.074043,0.044172,14.4434
5,15,2.4780,124,0,0,0.072786,0.044900,14.4434
5,15,2.4980,125,0,0,0.071904,0.045542,14.4434
5,15,2.5180,126,0,0,0.071432,0.046098,14.4434
5,15,2.5380,127,0,0,0.071390,0.046565,14.4433
5,15,2.5580,128,0,0,0.071778,0.046942,14.4433
5,15,2.5780,129,0,0,0.072588,0.047226,14.4433
5,15,2.5980,130,0,0,0.073799,0.047414,14.4433
5,15,2.6180,131,0,0,0.075379,0.047506,14.4433
5,15,2.6380,132,0,0,0.077295,0.047500,14.4432
5,15,2.6580,133,0,0,0.079504,0.047398,14.4432
5,15,2.6780,134,0,0,0.081963,0.047202,14.4432
5,15,2.6980,135,0,0,0.084628,0.046916,14.4432
5,15,2.7180,136,0,0,0.087457,0.046547,14.4432
5,15,2.7380,137,0,0,0.090409,0.046106,14.4431
5,15,2.7580,138,0,0,0.093452,0.045604,14.4431
5,15,2.7780,139,0,0,0.096554,0.045057,14.4431
5,15,2.7980,140,0,0,0.099691,0.044480,14.4431
5,15,2.8180,141,0,0,0.102842,0.043893,14.4430
5,15,2.8380,142,0,0,0.105987,0.043317,14.4430
5,15,2.8580,143,0,0,0.109110,0.042774,14.4430
5,15,2.8780,144,0,0,0.112189,0.042288,14.4430
5,15,2.8980,145,0,0,0.115210,0.041890,14.4429
5,15,2.9180,146,0,0,0.118149,0.041622,14.4429
5,15,2.9380,147,0,0,0.120977,0.041507,14.4428
5,15,2.9580,148,0,0,0.123663,0.041535,14.4428
5,15,2.9780,149,0,0,0.126180,0.041674,14.4428
5,15,2.9980,150,0,0,0.128496,0.041886,14.4427
5,15,3.0180,151,0,0,0.130576,0.042146,14.4427
5,15,3.0380,152,0,0,0.132393,0.042431,14.4426
5,15,3.0580,153,0,0,0.133921,0.042728,14.4426
5,15,3.0780,154,0,0,0.135139,0.043028,14.4426
5,15,3.0980,155,0,0,0.136032,0.043331,14.4425
5,15,3.1180,156,0,0,0.136545,0.043639,14.4425
5,15,3.1380,157,0,0,0.136693,0.043956,14.4424
5,15,3.1580,158,0,0,0.136530,0.044295,14.4424
5,15,3.1780,159,0,0,0.136079,0.044671,14.4424
5,15,3.1980,160,0,0,0.135364,0.045099,14.4423
5,15,3.2180,161,0,0,0.134419,0.045589,14.4423
5,15,3.2380,162,0,0,0.133276,0.046150,14.4422
5,15,3.2580,163,0,0,0.131971,0.046787,14.4422
5,15,3.2780,164,0,0,0.130544,0.047502,14.4421
5,15,3.2980,165,0,0,0.129034,0.048290,14.4421
5,15,3.3180,166,0,0,0.127476,0.049141,14.4421
5,15,3.3380,167,0,0,0.125905,0.050042,14.4420
5,15,3.3580,168,0,0,0.124356,0.050975,14.4420
5,15,3.3780,169,0,0,0.122860,0.051927,14.4419
5,15,3.3980,170,0,0,0.121441,0.052881,14.4419
5,15,3.4180,171,0,0,0.120122,0.053824,14.4418
5,15,3.4380,172,0,0,0.118923,0.054742,14.4418
5,15,3.4580,173,0,0,0.117865,0.055625,14.4418
5,15,3.4780,174,0,0,0.116968,0.056462,14.4417
5,15,3.4980,175,0,0,0.116250,0.057243,14.4417
5,15,3.5180,176,0,0,0.115727,0.057962,14.4416
5,15,3.5380,177,0,0,0.115414,0.058612,14.4416
5,15,3.5580,178,0,0,0.115327,0.059189,14.4416
5,15,3.5780,179,0,0,0.115475,0.059690,14.4415
5,15,3.5980,180,0,0,0.115869,0.060115,14.4415
5,15,3.6180,181,0,0,0.116512,0.060462,14.4415
5,15,3.6380,182,0,0,0.117407,0.060739,14.4414
5,15,3.6580,183,0,0,0.118553,0.060938,14.4414
5,15,3.6780,184,0,0,0.119942,0.061065,14.4413
5,15,3.6980,185,0,0,0.121565,0.061124,14.4413
5,15,3.7180,186,0,0,0.123407,0.061120,14.4412
5,15,3.7380,187,0,0,0.125447,0.061060,14.4412
5,15,3.7580,188,0,0,0.127664,0.060951,14.4411
5,15,3.7780,189,0,0,0.130032,0.060801,14.4411
5,15,3.7980,190,0,0,0.132526,0.060616,14.4410
5,15,3.8180,191,0,0,0.135121,0.060405,14.4410
5,15,3.8380,192,0,0,0.137791,0.060174,14.4409
5,15,3.8580,193,0,0,0.140509,0.059931,14.4408
5,15,3.8780,194,0,0,0.143245,0.059687,14.4408
5,15,3.8980,195,0,0,0.145977,0.059452,14.4407
5,15,3.9180,196,0,0,0.148675,0.059234,14.4406
5,15,3.9380,197,0,0,0.151309,0.059040,14.4406
5,15,3.9580,198,0,0,0.153856,0.058867,14.4405
5,15,3.9780,199,0,0,0.156288,0.058753,14.4404
5,15,3.9980,200,0,0,0.158569,0.058698,14.4404
5,15,4.0180,201,0,0,0.160667,0.058696,14.4403
5,15,4.0380,202,0,0,0.162565,0.058750,14.4402
5,15,4.0580,203,0,0,0.164264,0.058860,14.4402
5,15,4.0780,204,0,0,0.165735,0.059028,14.4401
5,15,4.0980,205,0,0,0.166995,0.059252,14.4400
5,15,4.1180,206,0,0,0.168067,0.059533,14.4400
5,15,4.1380,207,0,0,0.168954,0.059869,14.4399
5,15,4.1580,208,0,0,0.169648,0.060261,14.4398
5,15,4.1780,209,0,0,0.170145,0.060709,14.4397
5,15,4.1980,210,0,0,0.170443,0.061211,14.4397
5,15,4.2180,211,0,0,0.170556,0.061768,14.4396
5,15,4.2380,212,0,0,0.170498,0.062379,14.4395
5,15,4.2580,213,0,0,0.170285,0.063040,14.4394
5,15,4.2780,214,0,0,0.169939,0.063748,14.4393
5,15,4.2980,215,0,0,0.169482,0.064498,14.4392
5,15,4.3180,216,0,0,0.168938,0.065283,14.4392
5,15,4.3380,217,0,0,0.168330,0.066098,14.4391
5,15,4.3580,218,0,0,0.167684,0.066936,14.4390
5,15,4.3780,219,0,0,0.167020,0.067792,14.4389
5,15,4.3980,220,0,0,0.165540,0.068720,14.4388
5,15,4.4180,221,0,0,0.163669,0.069619,14.4387
5,15,4.4380,222,0,0,0.162172,0.070495,14.4386
5,15,4.4580,223,0,0,0.161334,0.071357,14.4385
5,15,4.4780,224,0,0,0.161091,0.072159,14.4384
5,15,4.4980,225,0,0,0.161247,0.072869,14.4383
5,15,4.5180,226,0,0,0.161631,0.073510,14.4383
5,15,4.5380,227,0,0,0.162139,0.074161,14.4382
5,15,4.5580,228,0,0,0.162712,0.074903,14.4381
5,15,4.5780,229,0,0,0.163328,0.075731,14.4380
5,15,4.5980,230,0,0,0.164016,0.076557,14.4380
5,15,4.6180,231,0,0,0.164845,0.077307,14.4379
5,15,4.6380,232,0,0,0.165864,0.077994,14.4378
5,15,4.6580,233,0,0,0.167109,0.078606,14.4378
5,15,4.6780,234,0,0,0.168587,0.079138,14.4377
5,15,4.6980,235,0,0,0.170259,0.079592,14.4377
5,15,4.7180,236,0,0,0.172027,0.079976,14.4376
5,15,4.7380,237,0,0,0.173798,0.080304,14.4375
5,15,4.7580,238,0,0,0.175513,0.080586,14.4375
5,15,4.7780,239,0,0,0.177180,0.080831,14.4374
5,15,4.7980,240,0,0,0.178840,0.081044,14.4373
5,15,4.8180,241,0,0,0.180561,0.081228,14.4372
5,15,4.8380,242,0,0,0.182415,0.081389,14.4371
5,15,4.8580,243,0,0,0.184456,0.081532,14.4370
5,15,4.8780,244,0,0,0.186720,0.081668,14.4369
5,15,4.8980,245,0,0,0.189208,0.081808,14.4368
5,15,4.9180,246,0,0,0.191896,0.081964,14.4366
5,15,4.9380,247,0,0,0.194745,0.082148,14.4365
5,15,4.9580,248,0,0,0.197693,0.082365,14.4364
5,15,4.9780,249,0,0,0.200698,0.082617,14.4363
5,15,4.9980,250,0,0,0.203707,0.082900,14.4361
5,15,5.0180,251,0,0,0.206673,0.083213,14.4360
5,15,5.0380,252,0,0,0.209542,0.083550,14.4359
5,15,5.0580,253,0,0,0.212280,0.083903,14.4358
5,15,5.0780,254,0,0,0.214836,0.084267,14.4356
5,15,5.0980,255,0,0,0.217208,0.084653,14.4355
5,15,5.1180,256,0,0,0.219373,0.085064,14.4353
5,15,5.1380,257,0,0,0.221328,0.085503,14.4352
5,15,5.1580,258,0,0,0.223086,0.085975,14.4351
5,15,5.1780,259,0,0,0.224663,0.086485,14.4349
5,15,5.1980,260,0,0,0.226070,0.087037,14.4348
5,15,5.2180,261,0,0,0.227331,0.087637,14.4346
5,15,5.2380,262,0,0,0.228471,0.088288,14.4345
5,15,5.2580,263,0,0,0.229516,0.088993,14.4343
5,15,5.2780,264,0,0,0.230492,0.089753,14.4341
5,15,5.2980,265,0,0,0.231423,0.090565,14.4340
5,15,5.3180,266,0,0,0.232318,0.091435,14.4338
5,15,5.3380,267,0,0,0.233157,0.092356,14.4337
5,15,5.3580,268,0,0,0.233929,0.093317,14.4335
5,15,5.3780,269,0,0,0.234635,0.094308,14.4333
5,15,5.3980,270,0,0,0.235288,0.095324,14.4332
5,15,5.4180,271,0,0,0.235899,0.096360,14.4330
5,15,5.4380,272,0,0,0.236482,0.097406,14.4329
5,15,5.4580,273,0,0,0.237038,0.098458,14.4327
5,15,5.4780,274,0,0,0.237571,0.099512,14.4326
5,15,5.4980,275,0,0,0.238078,0.100563,14.4324
5,15,5.5180,276,0,0,0.238568,0.101605,14.4323
5,15,5.5380,277,0,0,0.239059,0.102624,14.4321
5,15,5.5580,278,0,0,0.239576,0.103619,14.4320
5,15,5.5780,279,0,0,0.240150,0.104556,14.4318
5,15,5.5980,280,0,0,0.240829,0.105348,14.4316
5,15,5.6180,281,0,0,0.241655,0.106010,14.4315
5,15,5.6380,282,0,0,0.242632,0.106601,14.4313
5,15,5.6580,283,0,0,0.243736,0.107164,14.4311
5,15,5.6780,284,0,0,0.244939,0.107712,14.4309
5,15,5.6980,285,0,0,0.246280,0.108242,14.4307
5,15,5.7180,286,0,0,0.247854,0.108714,14.4305
5,15,5.7380,287,0,0,0.249776,0.109112,14.4303
5,15,5.7580,288,0,0,0.252127,0.109440,14.4300
5,15,5.7780,289,0,0,0.254924,0.109704,14.4298
5,15,5.7980,290,0,0,0.258133,0.109914,14.4295
5,15,5.8180,291,0,0,0.261687,0.110069,14.4293
5,15,5.8380,292,0,0,0.265511,0.110225,14.4290
5,15,5.8580,293,0,0,0.269533,0.110438,14.4287
5,15,5.8780,294,0,0,0.273686,0.110889,14.4285
5,15,5.8980,295,0,0,0.277902,0.111451,14.4282
5,15,5.9180,296,0,0,0.282155,0.112015,14.4279
5,15,5.9380,297,0,0,0.286396,0.112558,14.4277
5,15,5.9580,298,0,0,0.290458,0.113092,14.4275
5,15,5.9780,299,0,0,0.294118,0.113638,14.4272
5,15,5.9980,300,0,0,0.297197,0.114209,14.4270
5,15,6.0180,301,0,0,0.299603,0.114813,14.4268
5,15,6.0380,302,0,0,0.301341,0.115390,14.4266
5,15,6.0580,303,0,0,0.302518,0.116025,14.4264
5,15,6.0780,304,0,0,0.303273,0.116733,14.4262
5,15,6.0980,305,0,0,0.303718,0.117520,14.4259
5,15,6.1180,306,0,0,0.304006,0.118379,14.4257
5,15,6.1380,307,0,0,0.304297,0.119296,14.4254
5,15,6.1580,308,0,0,0.304700,0.120275,14.4251
5,15,6.1780,309,0,0,0.305262,0.121349,14.4248
5,15,6.1980,310,0,0,0.305985,0.122553,14.4245
5,15,6.2180,311,0,0,0.306861,0.123854,14.4242
5,15,6.2380,312,0,0,0.307841,0.125229,14.4239
5,15,6.2580,313,0,0,0.308832,0.126634,14.4236
5,15,6.2780,314,0,0,0.309757,0.128037,14.4233
5,15,6.2980,315,0,0,0.310557,0.129421,14.4230
5,15,6.3180,316,0,0,0.311185,0.130778,14.4227
5,15,6.3380,317,0,0,0.311605,0.132104,14.4224
5,15,6.3580,318,0,0,0.311815,0.133400,14.4221
5,15,6.3780,319,0,0,0.311835,0.134666,14.4218
5,15,6.3980,320,0,0,0.311774,0.135904,14.4216
5,15,6.4180,321,0,0,0.311701,0.137054,14.4213
5,15,6.4380,322,0,0,0.311703,0.138216,14.4211
5,15,6.4580,323,0,0,0.311860,0.139383,14.4208
5,15,6.4780,324,0,0,0.312252,0.140546,14.4206
5,15,6.4980,325,0,0,0.312946,0.141700,14.4203
5,15,6.5180,326,0,0,0.313984,0.142835,14.4201
5,15,6.5380,327,0,0,0.315381,0.143932,14.4198
5,15,6.5580,328,0,0,0.317101,0.145000,14.4195
5,15,6.5780,329,0,0,0.319095,0.146033,14.4192
5,15,6.5980,330,0,0,0.321317,0.147033,14.4189
5,15,6.6180,331,0,0,0.323753,0.148007,14.4186
5,15,6.6380,332,0,0,0.326378,0.148947,14.4183
5,15,6.6580,333,0,0,0.329182,0.149778,14.4179
5,15,6.6780,334,0,0,0.332135,0.150593,14.4176
5,15,6.6980,335,0,0,0.335209,0.151379,14.4172
5,15,6.7180,336,0,0,0.338408,0.152133,14.4169
5,15,6.7380,337,0,0,0.341751,0.152854,14.4165
5,15,6.7580,338,0,0,0.345255,0.153593,14.4161
5,15,6.7780,339,0,0,0.348900,0.154307,14.4158
5,15,6.7980,340,0,0,0.352676,0.154978,14.4154
5,15,6.8180,341,0,0,0.356595,0.155629,14.4151
5,15,6.8380,342,0,0,0.360644,0.156302,14.4147
5,15,6.8580,343,0,0,0.364801,0.157043,14.4143
5,15,6.8780,344,0,0,0.369046,0.157877,14.4140
5,15,6.8980,345,0,0,0.373319,0.158750,14.4136
5,15,6.9180,346,0,0,0.377488,0.159920,14.4132
5,15,6.9380,347,0,0,0.381398,0.161288,14.4128
5,15,6.9580,348,0,0,0.384933,0.162689,14.4123
5,15,6.9780,349,0,0,0.388077,0.164070,14.4119
5,15,6.9980,350,0,0,0.390869,0.165419,14.4114
5,15,7.0180,351,0,0,0.393245,0.166727,14.4109
5,15,7.0380,352,0,0,0.395044,0.167990,14.4105
5,15,7.0580,353,0,0,0.404135,0.169240,14.4099
5,15,7.0780,354,0,0,0.405052,0.170449,14.4094
5,15,7.0980,355,0,0,0.401466,0.171691,14.4088
5,15,7.1180,356,0,0,0.397247,0.173035,14.4083
5,15,7.1380,357,0,0,0.394716,0.174416,14.4078
5,15,7.1580,358,0,0,0.394206,0.175687,14.4073
5,15,7.1780,359,0,0,0.394614,0.176780,14.4068
5,15,7.1980,360,0,0,0.395346,0.177792,14.4063
5,15,7.2180,361,0,0,0.396390,0.178918,14.4058
5,15,7.2380,362,0,0,0.397864,0.180300,14.4054
5,15,7.2580,363,0,0,0.399801,0.182060,14.4049
5,15,7.2780,364,0,0,0.402113,0.184207,14.4044
5,15,7.2980,365,0,0,0.404615,0.186617,14.4040
5,15,7.3180,366,0,0,0.407182,0.189102,14.4035
5,15,7.3380,367,0,0,0.409790,0.191506,14.4030
5,15,7.3580,368,0,0,0.412401,0.193712,14.4025
5,15,7.3780,369,0,0,0.414895,0.195657,14.4019
5,15,7.3980,370,0,0,0.417134,0.197299,14.4014
5,15,7.4180,371,0,0,0.418909,0.198656,14.4009
5,15,7.4380,372,0,0,0.420034,0.199791,14.4003
5,15,7.4580,373,0,0,0.420548,0.200778,14.3998
5,15,7.4780,374,0,0,0.420751,0.201658,14.3993
5,15,7.4980,375,0,0,0.420985,0.202510,14.3989
5,15,7.5180,376,0,0,0.421627,0.203387,14.3984
5,15,7.5380,377,0,0,0.422950,0.204310,14.3979
5,15,7.5580,378,0,0,0.425179,0.205281,14.3974
5,15,7.5780,379,0,0,0.428427,0.206197,14.3969
5,15,7.5980,380,0,0,0.432453,0.207057,14.3964
5,15,7.6180,381,0,0,0.436929,0.207912,14.3958
5,15,7.6380,382,0,0,0.441699,0.208810,14.3952
5,15,7.6580,383,0,0,0.446726,0.209774,14.3946
5,15,7.6780,384,0,0,0.452004,0.210790,14.3940
5,15,7.6980,385,0,0,0.457505,0.211829,14.3933
5,15,7.7180,386,0,0,0.463180,0.212811,14.3926
5,15,7.7380,387,0,0,0.468988,0.213749,14.3919
5,15,7.7580,388,0,0,0.474868,0.214635,14.3911
5,15,7.7780,389,0,0,0.480738,0.215471,14.3904
5,15,7.7980,390,0,0,0.486546,0.216271,14.3896
5,15,7.8180,391,0,0,0.492182,0.217056,14.3888
5,15,7.8380,392,0,0,0.497533,0.217847,14.3880
5,15,7.8580,393,0,0,0.502578,0.218662,14.3872
5,15,7.8780,394,0,0,0.507397,0.219522,14.3864
5,15,7.8980,395,0,0,0.512051,0.220439,14.3856
5,15,7.9180,396,0,0,0.516573,0.221424,14.3847
5,15,7.9380,397,0,0,0.520939,0.222466,14.3838
5,15,7.9580,398,0,0,0.525159,0.223584,14.3829
5,15,7.9780,399,0,0,0.528996,0.224680,14.3820
5,15,7.9980,400,0,0,0.532088,0.225697,14.3811
5,15,8.0180,401,0,0,0.534631,0.226716,14.3802
5,15,8.0380,402,0,0,0.537320,0.227724,14.3793
5,15,8.0580,403,0,0,0.540583,0.228671,14.3784
5,15,8.0780,404,0,0,0.544357,0.229509,14.3774
5,15,8.0980,405,0,0,0.548387,0.230239,14.3765
5,15,8.1180,406,0,0,0.552510,0.230957,14.3754
5,15,8.1380,407,0,0,0.556746,0.231762,14.3744
5,15,8.1580,408,0,0,0.561105,0.232713,14.3732
5,15,8.1780,409,0,0,0.565676,0.233643,14.3721
5,15,8.1980,410,0,0,0.570571,0.234554,14.3709
5,15,8.2180,411,0,0,0.575717,0.235545,14.3697
5,15,8.2380,412,0,0,0.580950,0.236635,14.3685
5,15,8.2580,413,0,0,0.586131,0.237828,14.3672
5,15,8.2780,414,0,0,0.591166,0.239089,14.3660
5,15,8.2980,415,0,0,0.596000,0.240402,14.3648
5,15,8.3180,416,0,0,0.600640,0.241752,14.3636
5,15,8.3380,417,0,0,0.605083,0.243073,14.3624
5,15,8.3580,418,0,0,0.609226,0.244416,14.3612
5,15,8.3780,419,0,0,0.613048,0.245841,14.3600
5,15,8.3980,420,0,0,0.616514,0.247299,14.3587
5,15,8.4180,421,0,0,0.619625,0.248763,14.3575
5,15,8.4380,422,0,0,0.623003,0.250272,14.3563
5,15,8.4580,423,0,0,0.626546,0.251834,14.3550
5,15,8.4780,424,0,0,0.629828,0.253441,14.3536
5,15,8.4980,425,0,0,0.632537,0.255123,14.3523
5,15,8.5180,426,0,0,0.634828,0.256908,14.3508
5,15,8.5380,427,0,0,0.637349,0.258738,14.3494
5,15,8.5580,428,0,0,0.640527,0.260529,14.3479
5,15,8.5780,429,0,0,0.644247,0.262262,14.3463
5,15,8.5980,430,0,0,0.648372,0.263883,14.3448
5,15,8.6180,431,0,0,0.652766,0.265425,14.3432
5,15,8.6380,432,0,0,0.657354,0.266924,14.3416
5,15,8.6580,433,0,0,0.662047,0.268439,14.3399
5,15,8.6780,434,0,0,0.666783,0.269960,14.3383
5,15,8.6980,435,0,0,0.671511,0.271575,14.3367
5,15,8.7180,436,0,0,0.676112,0.273325,14.3350
5,15,8.7380,437,0,0,0.680583,0.274945,14.3333
5,15,8.7580,438,0,0,0.684946,0.276181,14.3316
5,15,8.7780,439,0,0,0.689444,0.277597,14.3299
5,15,8.7980,440,0,0,0.694269,0.279534,14.3282
5,15,8.8180,441,0,0,0.699503,0.281889,14.3265
5,15,8.8380,442,0,0,0.704891,0.284365,14.3249
5,15,8.8580,443,0,0,0.710169,0.286950,14.3233
5,15,8.8780,444,0,0,0.715014,0.289690,14.3217
5,15,8.8980,445,0,0,0.719268,0.292659,14.3201
5,15,8.9180,446,0,0,0.723010,0.295809,14.3185
5,15,8.9380,447,0,0,0.726540,0.299172,14.3170
5,15,8.9580,448,0,0,0.730030,0.302673,14.3154
5,15,8.9780,449,0,0,0.733822,0.306301,14.3137
5,15,8.9980,450,0,0,0.737998,0.310078,14.3121
5,15,9.0180,451,0,0,0.742460,0.314088,14.3103
5,15,9.0380,452,0,0,0.747187,0.318290,14.3086
5,15,9.0580,453,0,0,0.752098,0.322797,14.3067
5,15,9.0780,454,0,0,0.757182,0.327434,14.3048
5,15,9.0980,455,0,0,0.762351,0.332054,14.3029
5,15,9.1180,456,0,0,0.767487,0.336577,14.3009
5,15,9.1380,457,0,0,0.772523,0.341108,14.2990
5,15,9.1580,458,0,0,0.777494,0.346082,14.2971
5,15,9.1780,459,0,0,0.782499,0.351434,14.2952
5,15,9.1980,460,0,0,0.787634,0.356999,14.2934
5,15,9.2180,461,0,0,0.793091,0.362787,14.2916
5,15,9.2380,462,0,0,0.799080,0.368749,14.2899
5,15,9.2580,463,0,0,0.805766,0.374894,14.2882
5,15,9.2780,464,0,0,0.813198,0.381222,14.2866
5,15,9.2980,465,0,0,0.821354,0.387729,14.2850
5,15,9.3180,466,0,0,0.830273,0.394400,14.2834
5,15,9.3380,467,0,0,0.839892,0.401215,14.2819
5,15,9.3580,468,0,0,0.850085,0.408151,14.2805
5,15,9.3780,469,0,0,0.860819,0.415191,14.2790
5,15,9.3980,470,0,0,0.872037,0.422319,14.2775
5,15,9.4180,471,0,0,0.883726,0.429522,14.2761
5,15,9.4380,472,0,0,0.895889,0.436796,14.2746
5,15,9.4580,473,0,0,0.908605,0.444147,14.2731
5,15,9.4780,474,0,0,0.921905,0.451578,14.2716
5,15,9.4980,475,0,0,0.935862,0.459108,14.2700
5,15,9.5180,476,0,0,0.950582,0.466751,14.2683
5,15,9.5380,477,0,0,0.966107,0.474521,14.2665
5,15,9.5580,478,0,0,0.982489,0.482442,14.2647
5,15,9.5780,479,0,0,0.999784,0.490511,14.2627
5,15,9.5980,480,0,0,1.017959,0.498741,14.2606
5,15,9.6180,481,0,0,1.037095,0.507155,14.2583
5,15,9.6380,482,0,0,1.057126,0.515768,14.2559
5,15,9.6580,483,0,0,1.078060,0.524583,14.2533
5,15,9.6780,484,0,0,1.100046,0.533607,14.2506
5,15,9.6980,485,0,0,1.123301,0.542825,14.2477
5,15,9.7180,486,0,0,1.147696,0.552234,14.2446
5,15,9.7380,487,0,0,1.173053,0.561842,14.2414
5,15,9.7580,488,0,0,1.199301,0.571610,14.2380
5,15,9.7780,489,0,0,1.226466,0.581551,14.2345
5,15,9.7980,490,0,0,1.254438,0.591693,14.2308
5,15,9.8180,491,0,0,1.283150,0.602058,14.2270
5,15,9.8380,492,0,0,1.312484,0.612658,14.2230
5,15,9.8580,493,0,0,1.342352,0.623501,14.2189
5,15,9.8780,494,0,0,1.372727,0.634592,14.2146
5,15,9.8980,495,0,0,1.403531,0.645947,14.2101
5,15,9.9180,496,0,0,1.434755,0.657571,14.2055
5,15,9.9380,497,0,0,1.466329,0.669471,14.2007
5,15,9.9580,498,0,0,1.498295,0.681657,14.1958
5,15,9.9780,499,0,0,1.530678,0.694168,14.1906
5,15,9.9980,500,0,0,1.563619,0.707036,14.1853
5,15,10.0180,501,0,0,1.597225,0.720264,14.1798
5,15,10.0380,502,0,0,1.631538,0.733880,14.1741
5,15,10.0580,503,0,0,1.666575,0.747876,14.1682
5,15,10.0780,504,0,0,1.702359,0.762250,14.1620
5,15,10.0980,505,0,0,1.738890,0.776993,14.1556
5,15,10.1180,506,0,0,1.776168,0.792097,14.1490
5,15,10.1380,507,0,0,1.814146,0.807562,14.1421
5,15,10.1580,508,0,0,1.852865,0.823396,14.1350
5,15,10.1780,509,0,0,1.892294,0.839596,14.1275
5,15,10.1980,510,0,0,1.932395,0.856158,14.1198
5,15,10.2180,511,0,0,1.973155,0.873123,14.1118
5,15,10.2380,512,0,0,2.014543,0.890525,14.1035
5,15,10.2580,513,0,0,2.056548,0.908360,14.0948
5,15,10.2780,514,0,0,2.099167,0.926638,14.0858
5,15,10.2980,515,0,0,2.142369,0.945375,14.0764
5,15,10.3180,516,0,0,2.186098,0.964587,14.0667
5,15,10.3380,517,0,0,2.230356,0.984279,14.0566
5,15,10.3580,518,0,0,2.275153,1.004482,14.0461
5,15,10.3780,519,0,0,2.320450,1.025221,14.0352
5,15,10.3980,520,0,0,2.366294,1.046498,14.0239
5,15,10.4180,521,0,0,2.412734,1.068310,14.0121
5,15,10.4380,522,0,0,2.459816,1.090669,14.0000
5,15,10.4580,523,0,0,2.507596,1.113580,13.9873
5,15,10.4790,524,0,0,2.556118,1.137050,13.9743
5,15,10.4980,525,0,0,2.605417,1.161083,13.9607
5,15,10.5180,526,0,0,2.655571,1.185688,13.9467
5,15,10.5380,527,0,0,2.706632,1.210882,13.9322
5,15,10.5580,528,0,0,2.758685,1.236667,13.9172
5,15,10.5780,529,0,0,2.811797,1.263035,13.9016
5,15,10.5980,530,0,0,2.865996,1.289983,13.8856
5,15,10.6180,531,0,0,2.921327,1.317515,13.8689
5,15,10.6380,532,0,0,2.977850,1.345640,13.8518
5,15,10.6580,533,0,0,3.035567,1.374348,13.8340
5,15,10.6780,534,0,0,3.094581,1.403656,13.8156
5,15,10.6980,535,0,0,3.154945,1.433574,13.7965
5,15,10.7180,536,0,0,3.216670,1.464105,13.7768
5,15,10.7380,537,0,0,3.279821,1.495170,13.7564
5,15,10.7580,538,0,0,3.344451,1.526527,13.7353
5,15,10.7780,539,0,0,3.410522,1.558591,13.7134
5,15,10.7980,540,0,0,3.478087,1.591384,13.6907
5,15,10.8180,541,0,0,3.547386,1.624853,13.6671
5,15,10.8380,542,0,0,3.618599,1.659033,13.6427
5,15,10.8580,543,0,0,3.691890,1.693907,13.6174
5,15,10.8780,544,0,0,3.767216,1.729475,13.5911
5,15,10.8980,545,0,0,3.844419,1.765748,13.5637
5,15,10.9180,546,0,0,3.923373,1.802727,13.5354
5,15,10.9380,547,0,0,4.003948,1.840364,13.5059
5,15,10.9580,548,0,0,4.086110,1.878704,13.4753
5,15,10.9780,549,0,0,4.169806,1.917931,13.4435
5,15,10.9980,550,0,0,4.255132,1.957914,13.4105
5,15,11.0180,551,0,0,4.342153,1.998631,13.3762
5,15,11.0380,552,0,0,4.431065,2.040130,13.3407
5,15,11.0580,553,0,0,4.521976,2.082461,13.3038
5,15,11.0780,554,0,0,4.615026,2.125613,13.2655
5,15,11.0980,555,0,0,4.710088,2.169581,13.2257
5,15,11.1180,556,0,0,4.806296,2.214354,13.1845
5,15,11.1380,557,0,0,4.903954,2.259963,13.1418
5,15,11.1580,558,0,0,5.003404,2.306448,13.0974
5,15,11.1780,559,0,0,5.104693,2.353840,13.0515
5,15,11.1980,560,0,0,5.207879,2.402167,13.0038
5,15,11.2180,561,0,0,5.313026,2.451527,12.9544
5,15,11.2380,562,0,0,5.419818,2.501934,12.9031
5,15,11.2580,563,0,0,5.527766,2.553304,12.8499
5,15,11.2780,564,0,0,5.637213,2.605575,12.7947
5,15,11.2980,565,0,0,5.749330,2.658924,12.7373
5,15,11.3180,566,0,0,5.864319,2.712675,12.6778
5,15,11.3380,567,0,0,5.984184,2.766823,12.6161
5,15,11.3580,568,0,0,6.109818,2.821637,12.5520
5,15,11.3780,569,0,0,6.241460,2.877861,12.4855
5,15,11.3980,570,0,0,6.376360,2.935729,12.4164
5,15,11.4180,571,0,0,6.511958,2.995112,12.3447
5,15,11.4380,572,0,0,6.647079,3.056088,12.2704
5,15,11.4580,573,0,0,6.781137,3.118223,12.1932
5,15,11.4780,574,0,0,6.915184,3.180743,12.1131
5,15,11.4980,575,0,0,7.052289,3.243726,12.0302
5,15,11.5180,576,0,0,7.192124,3.307359,11.9442
5,15,11.5380,577,0,0,7.332655,3.372204,11.8552
5,15,11.5580,578,0,0,7.472964,3.438889,11.7632
5,15,11.5780,579,0,0,7.614003,3.507546,11.6680
5,15,11.5980,580,0,0,7.755449,3.578204,11.5698
5,15,11.6180,581,0,0,7.896807,3.650966,11.4683
5,15,11.6380,582,0,0,8.037487,3.725348,11.3636
5,15,11.6580,583,0,0,8.177672,3.801615,11.2556
5,15,11.6780,584,0,0,8.316857,3.879541,11.1443
5,15,11.6980,585,0,0,8.454468,3.959413,11.0295
5,15,11.7180,586,0,0,8.591158,4.041814,10.9114
5,15,11.7380,587,0,0,8.725589,4.126586,10.7897
5,15,11.7580,588,0,0,8.846003,4.215162,10.6644
5,15,11.7780,589,0,0,8.968737,4.308171,10.5354
5,15,11.7980,590,0,0,9.092839,4.403937,10.4028
5,15,11.8180,591,0,0,9.218552,4.500004,10.2665
5,15,11.8380,592,0,0,9.345905,4.594883,10.1266
5,15,11.8580,593,0,0,9.474814,4.688081,9.9830
5,15,11.8780,594,2,0,9.606183,4.788002,9.8359
5,15,11.8980,595,0,0,9.737935,4.895466,9.6851
5,15,11.9180,596,0,0,9.871005,4.995963,9.5306
5,15,11.9380,597,0,0,10.005321,5.098533,9.3726
5,15,11.9580,598,0,0,10.140815,5.202750,9.2110
5,15,11.9780,599,0,0,10.277421,5.311497,9.0457
5,15,11.9980,600,0,0,10.415078,5.423358,8.8769
5,15,12.0180,601,0,0,10.553728,5.536509,8.7045
5,15,12.0380,602,0,0,10.693314,5.650172,8.5285
5,15,12.0580,603,0,0,10.833780,5.767487,8.3490
5,15,12.0780,604,0,0,10.975080,5.887661,8.1659
5,15,12.0980,605,0,0,11.117161,6.010063,7.9792
5,15,12.1180,606,0,0,11.259979,6.133441,7.7890
5,15,12.1380,607,0,0,11.403491,6.254660,7.5952
5,15,12.1580,608,0,0,11.547655,6.375364,7.3979
5,15,12.1780,609,0,0,11.692431,6.504553,7.1971
5,15,12.1980,610,0,0,11.837781,6.631252,6.9928
5,15,12.2180,611,0,0,11.983669,6.758480,6.7850
5,15,12.2380,612,0,0,12.130062,6.889860,6.5736
5,15,12.2580,613,0,0,12.276925,7.020387,6.3588
5,15,12.2780,614,0,0,12.424231,7.151248,6.1405
5,15,12.2980,615,0,0,12.571947,7.285988,5.9186
5,15,12.3180,616,0,0,12.720045,7.421836,5.6933
5,15,12.3380,617,0,0,12.868500,7.559269,5.4646
5,15,12.3580,618,0,0,13.017285,7.694839,5.2324
5,15,12.3780,619,2,0,13.166378,7.833008,4.9967
5,15,12.3980,620,2,0,13.315753,7.972176,4.7576
5,15,12.4180,621,2,0,13.465388,8.111893,4.5150
5,15,12.4380,622,2,0,13.615263,8.252069,4.2690
5,15,12.4580,623,2,0,13.765358,8.392630,4.0196
5,15,12.4780,624,2,0,13.915654,8.533513,3.7667
5,15,12.4980,625,2,0,14.066132,8.674664,3.5104
5,15,12.5180,626,2,0,14.216773,8.816037,3.2508
5,15,12.5380,627,2,0,14.367563,8.957592,2.9877
5,15,12.5580,628,2,0,14.518484,9.099296,2.7212
5,15,12.5780,629,2,0,14.669521,9.241117,2.4514
5,15,12.5980,630,2,0,14.820661,9.383028,2.1781
5,15,12.6180,631,2,0,14.971887,8.596755,1.9015
5,15,12.6380,632,2,0,15.123187,6.392942,1.6215
5,15,12.6580,633,2,0,15.274549,5.967888,1.4935
5,15,12.6780,634,2,0,15.425961,4.952625,1.4935
5,15,12.6980,635,2,0,15.577411,4.399203,1.4935
5,15,12.7180,636,2,0,15.728886,3.032441,1.4935
5,15,12.7380,637,2,0,6.222856,2.269721,1.4935
5,15,12.7580,638,2,0,4.807890,1.937056,1.4935
5,15,12.7780,639,2,0,4.755319,1.826643,1.4935
5,15,12.7980,640,2,0,4.936154,1.804739,1.4935
5,15,12.8180,641,2,0,5.117054,1.790026,1.4935
5,15,12.8380,642,2,0,4.212350,1.412046,1.4935
5,15,12.8580,643,2,0,4.133403,1.376783,1.4935
5,15,12.8780,644,2,0,4.052279,1.314979,1.4935
5,15,12.8980,645,2,0,3.873835,1.278816,1.4935
5,15,12.9180,646,2,0,3.530067,1.245845,1.4935
5,15,12.9380,647,2,0,3.304887,1.221247,1.4935
5,15,12.9580,648,2,0,3.224399,1.197455,1.4935
5,15,12.9780,649,2,0,3.146780,1.173501,1.4935
5,15,12.9980,650,2,0,3.073266,1.149721,1.4935
5,15,13.0180,651,2,0,3.005102,1.120470,1.4935
5,15,13.0380,652,2,0,2.943494,1.067228,1.4935
5,15,13.0580,653,2,0,2.889581,1.025977,1.4935
5,15,13.0780,654,2,0,2.844378,0.997166,1.4935
5,15,13.0980,655,2,0,2.808790,0.963738,1.4935
5,15,13.1180,656,2,0,2.783568,0.927915,1.4935
5,15,13.1380,657,2,0,2.769316,0.903554,1.4935
5,15,13.1580,658,3,0,2.766485,0.881985,1.4935
5,15,13.1780,659,4,0,2.775328,0.863435,1.4935
5,15,13.1980,660,5,0,2.795931,0.848123,1.4935
5,15,13.2180,661,6,0,2.833793,0.836630,1.4935
5,15,13.2380,662,7,0,2.881398,0.785646,1.4935
5,15,13.2580,663,7,0,2.934972,0.773493,1.4935
5,15,13.2780,664,7,0,2.975905,0.763409,1.4935
5,15,13.2980,665,7,0,2.918542,0.749934,1.4935
5,15,13.3180,666,7,0,2.318202,0.644747,1.4935
5,15,13.3380,667,8,0,2.376557,0.632787,1.4935
5,15,13.3580,668,6,0,2.444698,0.619377,1.4935
5,15,13.3780,669,6,0,2.522640,0.601133,1.4934
5,15,13.3980,670,6,0,2.593310,0.589489,1.4934
5,15,13.4180,671,6,0,1.936930,0.479291,1.4934
5,15,13.4380,672,6,0,1.989097,0.434599,1.4934
5,15,13.4580,673,6,0,2.047518,0.390343,1.4934
5,15,13.4780,674,6,0,2.112790,0.372971,1.4934
5,15,13.4980,675,6,0,2.186693,0.356459,1.4934
5,15,13.5180,676,6,0,1.320435,0.237586,1.4934
5,15,13.5380,677,6,0,1.420338,0.212992,1.4934
5,15,13.5580,678,6,0,1.523152,0.195802,1.4934
5,15,13.5780,679,6,0,0.485026,0.094117,1.4934
5,15,13.5980,680,6,0,0.338223,0.060286,1.4934
5,15,13.6180,681,6,0,0.219633,0.032531,1.4934
5,15,13.6380,682,6,0,0.108063,0.016334,1.4934
5,15,13.6580,683,6,0,0.013593,0.002110,1.4934
5,15,13.6780,684,6,0,0.009007,0.001843,1.4934
5,15,13.6980,685,6,0,0.009320,0.001573,1.4934
5,15,13.7180,686,6,0,0.008428,0.000971,1.4934
5,15,13.7380,687,6,0,0.008009,0.000934,1.4934
5,15,13.7580,688,6,0,0.007634,0.000747,1.4934
5,15,13.7780,689,6,0,0.007296,0.000572,1.4934
5,15,13.7980,690,6,0,0.006993,0.000572,1.4934
5,15,13.8180,691,6,0,0.005629,0.000458,1.4934
5,15,13.8380,692,6,0,0.000460,0.000060,1.4934
5,15,13.8580,693,6,0,0.000198,0.000023,1.4934
5,15,13.8780,694,6,0,0.000230,0.000025,1.4934
5,15,13.8980,695,6,0,0.000118,0.000013,1.4934
5,15,13.9180,696,7,0,0.000032,0.000003,1.4934
5,15,13.9380,697,7,0,0.000056,0.000006,1.4934
5,15,13.9580,698,7,0,0.000041,0.000004,1.4934
5,15,13.9780,699,8,0,0.000012,0.000001,1.4934
5,15,13.9980,700,8,0,0.000011,0.000001,1.4934
5,15,14.0180,701,8,0,0.000012,0.000001,1.4934
5,15,14.0380,702,8,0,0.000006,0.000001,1.4934
5,15,14.0580,703,11,0,0.000000,0.000000,1.4934
5,15,14.0780,704,11,0,0.000000,0.000000,1.4934
5,15,14.0980,705,11,0,0.000000,0.000000,1.4934
5,15,14.1180,706,15,0,0.000000,0.000000,1.4934
6,15,0.0180,1,0,0,0.000000,0.000000,14.5000
6,15,0.0380,2,0,0,0.195988,0.152350,14.4961
6,15,0.0580,3,0,0,0.385015,0.266717,14.4884
6,15,0.0780,4,0,0,0.534117,0.341978,14.4777
6,15,0.0980,5,0,0,0.612163,0.378574,14.4655
6,15,0.1180,6,0,0,0.612761,0.377374,14.4532
6,15,0.1380,7,0,0,0.549369,0.343163,14.4422
6,15,0.1580,8,0,0,0.441262,0.277827,14.4334
6,15,0.1780,9,0,0,0.305379,0.193011,14.4273
6,15,0.1980,10,0,0,0.155824,0.098977,14.4242
6,15,0.2180,11,0,0,0.019899,0.013805,14.4241
6,15,0.2380,12,0,0,0.134317,0.084399,14.4267
6,15,0.2580,13,0,0,0.244396,0.152320,14.4316
6,15,0.2780,14,0,0,0.319957,0.199191,14.4380
6,15,0.2980,15,0,0,0.356478,0.222032,14.4451
6,15,0.3180,16,0,0,0.354312,0.221107,14.4522
6,15,0.3380,17,0,0,0.317953,0.198471,14.4585
6,15,0.3580,18,0,0,0.254219,0.158682,14.4636
6,15,0.3780,19,0,0,0.166539,0.107405,14.4669
6,15,0.3980,20,0,0,0.116968,0.060310,14.4684
6,15,0.4180,21,0,0,0.146418,0.069493,14.4676
6,15,0.4380,22,0,0,0.170168,0.120002,14.4644
6,15,0.4580,23,0,0,0.247658,0.170716,14.4596
6,15,0.4780,24,0,0,0.301813,0.203826,14.4536
6,15,0.4980,25,0,0,0.334550,0.219057,14.4470
6,15,0.5180,26,0,0,0.353856,0.230539,14.4400
6,15,0.5380,27,0,0,0.338109,0.216590,14.4334
6,15,0.5580,28,0,0,0.327646,0.224906,14.4272
6,15,0.5780,29,0,0,0.312338,0.208340,14.4216
6,15,0.5980,30,0,0,0.306870,0.193064,14.4166
6,15,0.6180,31,0,0,0.283993,0.158944,14.4123
6,15,0.6380,32,0,0,0.242297,0.120880,14.4091
6,15,0.6580,33,0,0,0.190113,0.085004,14.4071
6,15,0.6780,34,0,0,0.147805,0.058060,14.4064
6,15,0.6980,35,0,0,0.152156,0.060525,14.4070
6,15,0.7180,36,0,0,0.197730,0.084213,14.4089
6,15,0.7380,37,0,0,0.248581,0.107822,14.4116
6,15,0.7580,38,0,0,0.287102,0.124102,14.4147
6,15,0.7780,39,0,0,0.304774,0.131499,14.4179
6,15,0.7980,40,0,0,0.309714,0.129777,14.4209
6,15,0.8180,41,0,0,0.305058,0.121418,14.4235
6,15,0.8380,42,0,0,0.301545,0.110373,14.4252
6,15,0.8580,43,0,0,0.293060,0.100502,14.4261
6,15,0.8780,44,0,0,0.284321,0.097827,14.4263
6,15,0.8980,45,0,0,0.273760,0.104430,14.4257
6,15,0.9180,46,0,0,0.273245,0.115575,14.4245
6,15,0.9380,47,0,0,0.276077,0.126766,14.4227
6,15,0.9580,48,0,0,0.278129,0.135315,14.4207
6,15,0.9780,49,0,0,0.277701,0.140101,14.4186
6,15,0.9980,50,0,0,0.275290,0.141177,14.4166
6,15,1.0180,51,0,0,0.272820,0.139424,14.4149
6,15,1.0380,52,0,0,0.272779,0.136217,14.4137
6,15,1.0580,53,0,0,0.277215,0.133085,14.4129
6,15,1.0780,54,0,0,0.286934,0.131393,14.4127
6,15,1.0980,55,0,0,0.301242,0.132178,14.4129
6,15,1.1180,56,0,0,0.318340,0.136009,14.4135
6,15,1.1380,57,0,0,0.336118,0.142210,14.4144
6,15,1.1580,58,0,0,0.352777,0.148670,14.4154
6,15,1.1780,59,0,0,0.367119,0.154314,14.4165
6,15,1.1980,60,0,0,0.378656,0.158933,14.4175
6,15,1.2180,61,0,0,0.387422,0.162745,14.4183
6,15,1.2380,62,0,0,0.393828,0.166140,14.4189
6,15,1.2580,63,0,0,0.398562,0.169491,14.4192
6,15,1.2780,64,0,0,0.402142,0.173009,14.4192
6,15,1.2980,65,0,0,0.405049,0.176719,14.4189
6,15,1.3180,66,0,0,0.407691,0.180475,14.4184
6,15,1.3380,67,0,0,0.410430,0.184193,14.4177
6,15,1.3580,68,0,0,0.413597,0.187771,14.4170
6,15,1.3780,69,0,0,0.417534,0.191205,14.4163
6,15,1.3980,70,0,0,0.422628,0.194557,14.4156
6,15,1.4180,71,0,0,0.429187,0.197953,14.4150
6,15,1.4380,72,0,0,0.437386,0.201511,14.4146
6,15,1.4580,73,0,0,0.447222,0.205274,14.4143
6,15,1.4780,74,0,0,0.458421,0.209208,14.4142
6,15,1.4980,75,0,0,0.470519,0.213213,14.4142
6,15,1.5180,76,0,0,0.482963,0.217154,14.4143
6,15,1.5380,77,0,0,0.495176,0.220849,14.4145
6,15,1.5580,78,0,0,0.506641,0.224241,14.4147
6,15,1.5780,79,0,0,0.516958,0.227258,14.4149
6,15,1.5980,80,0,0,0.525887,0.229880,14.4151
6,15,1.6180,81,0,0,0.533399,0.232135,14.4152
6,15,1.6380,82,0,0,0.539611,0.234079,14.4151
6,15,1.6580,83,0,0,0.544776,0.235824,14.4150
6,15,1.6780,84,0,0,0.549287,0.237396,14.4147
6,15,1.6980,85,0,0,0.553544,0.238933,14.4143
6,15,1.7180,86,0,0,0.557966,0.240484,14.4138
6,15,1.7380,87,0,0,0.562968,0.242129,14.4133
6,15,1.7580,88,0,0,0.568880,0.243905,14.4127
6,15,1.7780,89,0,0,0.575931,0.245843,14.4121
6,15,1.7980,90,0,0,0.584241,0.247919,14.4114
6,15,1.8180,91,0,0,0.593826,0.250089,14.4108
6,15,1.8380,92,0,0,0.604571,0.252365,14.4102
6,15,1.8580,93,0,0,0.616256,0.254653,14.4097
6,15,1.8780,94,0,0,0.628466,0.256978,14.4091
6,15,1.8980,95,0,0,0.640801,0.259286,14.4086
6,15,1.9180,96,0,0,0.652857,0.261514,14.4081
6,15,1.9380,97,0,0,0.664332,0.263645,14.4077
6,15,1.9580,98,0,0,0.674950,0.265631,14.4072
6,15,1.9780,99,0,0,0.684564,0.267443,14.4067
6,15,1.9980,100,0,0,0.693091,0.269077,14.4061
6,15,2.0180,101,0,0,0.700599,0.270540,14.4055
6,15,2.0380,102,0,0,0.707206,0.271843,14.4049
6,15,2.0580,103,0,0,0.713014,0.273081,14.4042
6,15,2.0780,104,0,0,0.718174,0.274324,14.4034
6,15,2.0980,105,0,0,0.722874,0.275705,14.4026
6,15,2.1180,106,0,0,0.727445,0.277232,14.4018
6,15,2.1380,107,0,0,0.732139,0.279034,14.4008
6,15,2.1580,108,0,0,0.736986,0.281091,14.3999
6,15,2.1780,109,0,0,0.741580,0.283336,14.3989
6,15,2.1980,110,0,0,0.746007,0.285631,14.3979
6,15,2.2180,111,0,0,0.750386,0.287913,14.3969
6,15,2.2380,112,0,0,0.754626,0.290201,14.3958
6,15,2.2580,113,0,0,0.758489,0.292474,14.3949
6,15,2.2780,114,0,0,0.761716,0.294834,14.3939
6,15,2.2980,115,0,0,0.764179,0.297285,14.3929
6,15,2.3180,116,0,0,0.765895,0.299810,14.3920
6,15,2.3380,117,0,0,0.767302,0.302311,14.3910
6,15,2.3580,118,0,0,0.768634,0.304775,14.3901
6,15,2.3780,119,0,0,0.769812,0.307149,14.3892
6,15,2.3980,120,0,0,0.770707,0.309403,14.3882
6,15,2.4180,121,0,0,0.771252,0.311511,14.3872
6,15,2.4380,122,0,0,0.771493,0.313477,14.3862
6,15,2.4580,123,0,0,0.771544,0.315112,14.3851
6,15,2.4780,124,0,0,0.771496,0.316500,14.3840
6,15,2.4980,125,0,0,0.771510,0.317841,14.3829
6,15,2.5180,126,0,0,0.771655,0.319076,14.3817
6,15,2.5380,127,0,0,0.771754,0.320034,14.3805
6,15,2.5580,128,0,0,0.771548,0.320630,14.3794
6,15,2.5780,129,0,0,0.770903,0.321409,14.3782
6,15,2.5980,130,0,0,0.770028,0.322379,14.3771
6,15,2.6180,131,0,0,0.769473,0.323442,14.3760
6,15,2.6380,132,0,0,0.769690,0.324618,14.3748
6,15,2.6580,133,0,0,0.770918,0.325888,14.3737
6,15,2.6780,134,0,0,0.773113,0.332200,14.3725
6,15,2.6980,135,0,0,0.776047,0.334056,14.3712
6,15,2.7180,136,0,0,0.780385,0.333494,14.3696
6,15,2.7380,137,0,0,0.785791,0.333405,14.3677
6,15,2.7580,138,0,0,0.790877,0.334147,14.3657
6,15,2.7780,139,0,0,0.795233,0.334943,14.3637
6,15,2.7980,140,0,0,0.799605,0.335235,14.3617
6,15,2.8180,141,0,0,0.804890,0.334704,14.3597
6,15,2.8380,142,0,0,0.811447,0.333975,14.3578
6,15,2.8580,143,0,0,0.819192,0.333948,14.3560
6,15,2.8780,144,0,0,0.827868,0.334182,14.3543
6,15,2.8980,145,0,0,0.836915,0.334501,14.3527
6,15,2.9180,146,0,0,0.845761,0.334858,14.3513
6,15,2.9380,147,0,0,0.854062,0.335325,14.3499
6,15,2.9580,148,0,0,0.861681,0.335890,14.3486
6,15,2.9780,149,0,0,0.868565,0.336431,14.3474
6,15,2.9980,150,0,0,0.874698,0.336546,14.3462
6,15,3.0180,151,0,0,0.880118,0.336565,14.3449
6,15,3.0380,152,0,0,0.884880,0.336819,14.3436
6,15,3.0580,153,0,0,0.888423,0.337092,14.3422
6,15,3.0780,154,0,0,0.890722,0.337350,14.3408
6,15,3.0980,155,0,0,0.892214,0.337652,14.3392
6,15,3.1180,156,0,0,0.893372,0.338040,14.3375
6,15,3.1380,157,0,0,0.894579,0.338644,14.3357
6,15,3.1580,158,0,0,0.896154,0.339356,14.3338
6,15,3.1780,159,0,0,0.898244,0.340263,14.3318
6,15,3.1980,160,0,0,0.900828,0.341275,14.3296
6,15,3.2180,161,0,0,0.903794,0.342385,14.3274
6,15,3.2380,162,0,0,0.907003,0.343549,14.3251
6,15,3.2580,163,0,0,0.910308,0.344670,14.3228
6,15,3.2780,164,0,0,0.913265,0.345774,14.3205
6,15,3.2980,165,0,0,0.915365,0.346988,14.3182
6,15,3.3180,166,0,0,0.916476,0.348506,14.3159
6,15,3.3380,167,0,0,0.916793,0.350570,14.3137
6,15,3.3580,168,0,0,0.916574,0.353244,14.3116
6,15,3.3780,169,0,0,0.915919,0.356379,14.3095
6,15,3.3980,170,0,0,0.915018,0.359833,14.3075
6,15,3.4180,171,0,0,0.914125,0.363530,14.3056
6,15,3.4380,172,0,0,0.913520,0.367421,14.3037
6,15,3.4580,173,0,0,0.913465,0.371447,14.3019
6,15,3.4780,174,0,0,0.914213,0.375584,14.3001
6,15,3.4980,175,0,0,0.915912,0.379662,14.2983
6,15,3.5180,176,0,0,0.918679,0.383697,14.2965
6,15,3.5380,177,0,0,0.922557,0.387674,14.2946
6,15,3.5580,178,0,0,0.927539,0.391774,14.2926
6,15,3.5780,179,0,0,0.933545,0.395369,14.2906
6,15,3.5980,180,0,0,0.940507,0.398766,14.2884
6,15,3.6180,181,0,0,0.948482,0.402288,14.2862
6,15,3.6380,182,0,0,0.957428,0.406194,14.2839
6,15,3.6580,183,0,0,0.967221,0.410684,14.2815
6,15,3.6780,184,0,0,0.977702,0.415924,14.2789
6,15,3.6980,185,0,0,0.988792,0.421789,14.2763
6,15,3.7180,186,0,0,1.000412,0.427985,14.2736
6,15,3.7380,187,0,0,1.012470,0.434287,14.2708
6,15,3.7580,188,0,0,1.024882,0.440578,14.2679
6,15,3.7780,189,0,0,1.037519,0.446766,14.2649
6,15,3.7980,190,0,0,1.050292,0.452883,14.2619
6,15,3.8180,191,0,0,1.063043,0.458930,14.2588
6,15,3.8380,192,0,0,1.075518,0.464935,14.2557
6,15,3.8580,193,0,0,1.087522,0.470872,14.2525
6,15,3.8780,194,0,0,1.099034,0.476739,14.2493
6,15,3.8980,195,0,0,1.110227,0.482604,14.2461
6,15,3.9180,196,0,0,1.121318,0.488494,14.2429
6,15,3.9380,197,0,0,1.132639,0.494448,14.2396
6,15,3.9580,198,0,0,1.144411,0.500517,14.2363
6,15,3.9780,199,0,0,1.156819,0.506750,14.2330
6,15,3.9980,200,0,0,1.170033,0.513184,14.2296
6,15,4.0180,201,0,0,1.184174,0.519852,14.2261
6,15,4.0380,202,0,0,1.199359,0.526740,14.2225
6,15,4.0580,203,0,0,1.215719,0.533887,14.2189
6,15,4.0780,204,0,0,1.233305,0.541252,14.2151
6,15,4.0980,205,0,0,1.252145,0.548801,14.2113
6,15,4.1180,206,0,0,1.272255,0.556648,14.2072
6,15,4.1380,207,0,0,1.293612,0.565279,14.2031
6,15,4.1580,208,0,0,1.316079,0.573487,14.1987
6,15,4.1780,209,0,0,1.339610,0.581975,14.1942
6,15,4.1980,210,0,0,1.364368,0.590958,14.1894
6,15,4.2180,211,0,0,1.390381,0.605657,14.1845
6,15,4.2380,212,0,0,1.417595,0.607912,14.1794
6,15,4.2580,213,0,0,1.445573,0.619885,14.1741
6,15,4.2780,214,0,0,1.473105,0.631333,14.1688
6,15,4.2980,215,0,0,1.499449,0.641075,14.1635
6,15,4.3180,216,0,0,1.525457,0.650786,14.1582
6,15,4.3380,217,0,0,1.552401,0.661211,14.1528
6,15,4.3580,218,0,0,1.580915,0.672138,14.1473
6,15,4.3780,219,0,0,1.610944,0.683903,14.1418
6,15,4.3980,220,0,0,1.642051,0.696734,14.1362
6,15,4.4180,221,0,0,1.673732,0.710411,14.1304
6,15,4.4380,222,0,0,1.705607,0.724501,14.1246
6,15,4.4580,223,0,0,1.737476,0.738922,14.1187
6,15,4.4780,224,0,0,1.769282,0.753716,14.1126
6,15,4.4980,225,0,0,1.800962,0.768970,14.1064
6,15,4.5180,226,0,0,1.832553,0.784803,14.1000
6,15,4.5380,227,0,0,1.864043,0.801249,14.0933
6,15,4.5580,228,0,0,1.895470,0.818498,14.0864
6,15,4.5780,229,0,0,1.926914,0.836028,14.0792
6,15,4.5980,230,0,0,1.958553,0.853681,14.0717
6,15,4.6180,231,0,0,1.990670,0.871592,14.0639
6,15,4.6380,232,0,0,2.023675,0.889861,14.0558
6,15,4.6580,233,0,0,2.057902,0.908554,14.0472
6,15,4.6780,234,0,0,2.093587,0.927637,14.0383
6,15,4.6980,235,0,0,2.130880,0.947120,14.0290
6,15,4.7180,236,0,0,2.169938,0.966892,14.0192
6,15,4.7380,237,0,0,2.210914,0.987199,14.0090
6,15,4.7580,238,0,0,2.253874,1.007974,13.9984
6,15,4.7780,239,0,0,2.298779,1.029159,13.9872
6,15,4.7980,240,0,0,2.345524,1.050636,13.9756
6,15,4.8180,241,0,0,2.394054,1.072781,13.9635
6,15,4.8380,242,0,0,2.444210,1.095634,13.9509
6,15,4.8580,243,0,0,2.495822,1.118888,13.9377
6,15,4.8780,244,0,0,2.548763,1.141721,13.9241
6,15,4.8980,245,0,0,2.603049,1.164799,13.9099
6,15,4.9180,246,0,0,2.658652,1.188602,13.8952
6,15,4.9380,247,0,0,2.715430,1.213274,13.8799
6,15,4.9580,248,0,0,2.773278,1.238860,13.8641
6,15,4.9780,249,0,0,2.831993,1.265474,13.8477
6,15,4.9980,250,0,0,2.891385,1.293262,13.8308
6,15,5.0180,251,0,0,2.951662,1.341404,13.8132
6,15,5.0380,252,0,0,3.018740,1.361068,13.7960
6,15,5.0580,253,0,0,3.089104,1.386791,13.7793
6,15,5.0780,254,0,0,3.156906,1.419952,13.7628
6,15,5.0980,255,0,0,3.218841,1.447601,13.7460
6,15,5.1180,256,0,0,3.275172,1.488948,13.7283
6,15,5.1380,257,0,0,3.327123,1.517078,13.7096
6,15,5.1580,258,0,0,3.376128,1.557855,13.6898
6,15,5.1780,259,0,0,3.423422,1.587788,13.6687
6,15,5.1980,260,0,0,3.471291,1.628285,13.6464
6,15,5.2180,261,0,0,3.518988,1.660632,13.6228
6,15,5.2380,262,0,0,3.570033,1.703151,13.5977
6,15,5.2580,263,0,0,3.624838,1.738882,13.5713
6,15,5.2780,264,0,0,3.685842,1.782981,13.5433
6,15,5.2980,265,0,0,3.752152,1.821202,13.5139
6,15,5.3180,266,0,0,3.824047,1.867020,13.4832
6,15,5.3380,267,0,0,3.900573,1.907117,13.4511
6,15,5.3580,268,0,0,3.982071,1.955464,13.4178
6,15,5.3780,269,0,0,4.068134,1.995466,13.3833
6,15,5.3980,270,0,0,4.158128,2.046318,13.3478
6,15,5.4180,271,0,0,4.250538,2.086534,13.3112
6,15,5.4380,272,0,0,4.345345,2.139619,13.2735
6,15,5.4580,273,0,0,4.441685,2.181578,13.2349
6,15,5.4780,274,0,0,4.540651,2.237130,13.1952
6,15,5.4980,275,0,0,4.640337,2.281988,13.1544
6,15,5.5180,276,0,0,4.740431,2.335654,13.1124
6,15,5.5380,277,0,0,4.837142,2.392287,13.0687
6,15,5.5580,278,0,0,4.932867,2.450573,13.0228
6,15,5.5780,279,0,0,5.031885,2.510118,12.9748
6,15,5.5980,280,0,0,5.134461,2.572790,12.9246
6,15,5.6180,281,0,0,5.237898,2.638237,12.8726
6,15,5.6380,282,0,0,5.340358,2.706031,12.8187
6,15,5.6580,283,0,0,5.435632,2.776693,12.7631
6,15,5.6780,284,0,0,5.536195,2.850892,12.7057
6,15,5.6980,285,0,0,5.641315,2.929660,12.6461
6,15,5.7180,286,0,0,5.749082,3.012266,12.5843
6,15,5.7380,287,0,0,5.856610,3.098147,12.5199
6,15,5.7580,288,0,0,5.963622,3.192345,12.4525
6,15,5.7780,289,0,0,6.068074,3.294203,12.3823
6,15,5.7980,290,0,0,6.164338,3.384561,12.3097
6,15,5.8180,291,0,0,6.271619,3.462468,12.2337
6,15,5.8380,292,0,0,6.379779,3.551389,12.1539
6,15,5.8580,293,0,0,6.491393,3.646245,12.0703
6,15,5.8780,294,0,0,6.606255,3.742902,11.9830
6,15,5.8980,295,0,0,6.724168,3.842504,11.8920
6,15,5.9180,296,0,0,6.844943,3.944737,11.7972
6,15,5.9380,297,0,0,6.968401,4.050126,11.6987
6,15,5.9580,298,0,0,7.094374,4.158276,11.5964
6,15,5.9780,299,0,0,7.222701,4.268698,11.4905
6,15,5.9980,300,0,0,7.353232,4.380965,11.3808
6,15,6.0180,301,0,0,7.485825,4.495119,11.2674
6,15,6.0380,302,0,0,7.620343,4.613497,11.1504
6,15,6.0580,303,0,0,7.756663,4.740011,11.0296
6,15,6.0780,304,0,0,7.894665,4.870771,10.9052
6,15,6.0980,305,0,0,8.034238,5.003267,10.7771
6,15,6.1180,306,0,0,8.175276,5.136850,10.6453
6,15,6.1380,307,0,0,8.317682,5.271266,10.5099
6,15,6.1580,308,0,0,8.461363,5.379440,10.3709
6,15,6.1780,309,0,0,8.606233,5.508331,10.2282
6,15,6.1980,310,0,0,8.752211,5.644824,10.0818
6,15,6.2180,311,0,0,8.899219,5.781722,9.9318
6,15,6.2380,312,0,0,9.047187,5.919321,9.7782
6,15,6.2580,313,0,0,9.196047,6.057552,9.6210
6,15,6.2780,314,0,0,9.345737,6.196316,9.4602
6,15,6.2980,315,0,0,9.496196,6.335574,9.2958
6,15,6.3180,316,0,0,9.647370,6.475302,9.1278
6,15,6.3380,317,0,0,9.799206,6.615471,8.9563
6,15,6.3580,318,0,0,9.951655,6.756061,8.7811
6,15,6.3780,319,0,0,10.104671,6.879049,8.6024
6,15,6.3980,320,0,0,10.258209,6.999014,8.4201
6,15,6.4180,321,0,0,10.412230,6.709596,8.2342
6,15,6.4380,322,0,0,10.566696,6.829153,8.0448
6,15,6.4580,323,0,0,10.721569,6.945323,7.8519
6,15,6.4780,324,0,0,10.876815,7.061217,7.6554
6,15,6.4980,325,0,0,11.032403,7.176607,7.4554
6,15,6.5180,326,0,0,11.188300,6.989826,7.2519
6,15,6.5380,327,0,0,11.344481,6.839479,7.0449
6,15,6.5580,328,0,0,11.500916,6.718761,6.8343
6,15,6.5780,329,0,0,11.657582,6.705602,6.6203
6,15,6.5980,330,0,0,11.814453,6.749236,6.4028
6,15,6.6180,331,0,0,11.971507,6.810940,6.1818
6,15,6.6380,332,0,0,12.128720,6.921734,5.9573
6,15,6.6580,333,0,0,12.286077,7.045959,5.7293
6,15,6.6780,334,0,0,12.443554,7.168158,5.4979
6,15,6.6980,335,0,0,12.601134,7.162510,5.2630
6,15,6.7180,336,0,0,12.758801,6.784747,5.0247
6,15,6.7380,337,0,0,12.916535,6.225581,4.7829
6,15,6.7580,338,0,0,13.079307,6.196630,4.5520
6,15,6.7780,339,0,0,13.308482,5.710221,4.3229
6,15,6.7980,340,0,0,13.576532,5.752776,4.0958
6,15,6.8180,341,0,0,13.747900,5.809201,3.8662
6,15,6.8380,342,0,0,13.838384,5.384068,3.6392
6,15,6.8580,343,0,0,14.283238,5.381956,3.4205
6,15,6.8780,344,0,0,14.543174,5.310722,3.1989
6,15,6.8980,345,0,0,14.769897,4.962561,2.9751
6,15,6.9180,346,0,0,15.225804,4.991242,2.7498
6,15,6.9380,347,0,0,15.361719,4.841243,2.5211
6,15,6.9580,348,0,0,16.112270,4.517927,2.4975
6,15,6.9780,349,0,0,16.328251,4.528091,2.4976
6,15,6.9980,350,0,0,16.439102,4.428517,2.4976
6,15,7.0180,351,0,0,17.403576,4.086368,2.4975
6,15,7.0380,352,0,0,17.521132,3.915347,2.4973
6,15,7.0580,353,0,0,19.079865,3.557193,2.4973
6,15,7.0780,354,0,0,19.168766,3.381117,2.4973
6,15,7.0980,355,0,0,20.854584,3.021308,2.4972
6,15,7.1180,356,0,0,17.713823,2.452934,2.4972
6,15,7.1380,357,0,0,8.889917,1.832002,2.4972
6,15,7.1580,358,0,0,8.798742,1.804361,2.4972
6,15,7.1780,359,0,0,8.723761,1.780938,2.4972
6,15,7.1980,360,0,0,8.655656,1.758115,2.4972
6,15,7.2180,361,3,0,8.591857,1.712492,2.4972
6,15,7.2380,362,3,0,8.532431,1.684338,2.4972
6,15,7.2580,363,3,0,8.477441,1.659849,2.4972
6,15,7.2780,364,3,0,8.426947,1.638414,2.4972
6,15,7.2980,365,6,0,8.381000,1.603913,2.4972
6,15,7.3180,366,6,0,8.339645,1.584293,2.4972
6,15,7.3380,367,6,0,8.302925,1.567251,2.4972
6,15,7.3580,368,6,0,8.270871,1.542461,2.4972
6,15,7.3780,369,6,0,8.243508,1.513703,2.4972
6,15,7.3980,370,6,0,8.220857,1.505858,2.4972
6,15,7.4180,371,6,0,8.202925,1.500348,2.4972
6,15,7.4380,372,6,0,8.189716,1.497266,2.4972
6,15,7.4580,373,6,0,8.181226,1.467616,2.4972
6,15,7.4780,374,6,0,8.177438,1.466702,2.4972
6,15,7.4980,375,7,0,8.178333,1.467988,2.4972
6,15,7.5180,376,7,0,8.183880,1.405245,2.4972
6,15,7.5380,377,9,0,8.194043,1.406250,2.4972
6,15,7.5580,378,9,0,8.208776,1.379339,2.4972
6,15,7.5780,379,9,0,8.228028,1.348916,2.4972
6,15,7.5980,380,9,0,7.773027,1.238654,2.4972
6,15,7.6180,381,9,0,7.768119,1.228693,2.4972
6,15,7.6380,382,9,0,7.768149,1.204673,2.4972
6,15,7.6580,383,9,0,6.510929,1.000744,2.4972
6,15,7.6780,384,9,0,6.423438,0.967791,2.4972
6,15,7.6980,385,9,0,6.341302,0.940661,2.4972
6,15,7.7180,386,9,0,6.264693,0.914291,2.4972
6,15,7.7380,387,9,0,6.193777,0.888714,2.4972
6,15,7.7580,388,9,0,6.128712,0.869058,2.4972
6,15,7.7780,389,10,0,6.069646,0.851939,2.4972
6,15,7.7980,390,10,0,6.016716,0.836166,2.4972
6,15,7.8180,391,10,0,5.970044,0.813529,2.4972
6,15,7.8380,392,10,0,5.929739,0.779819,2.4972
6,15,7.8580,393,10,0,5.895891,0.761856,2.4972
6,15,7.8780,394,10,0,5.868572,0.744949,2.4972
6,15,7.8980,395,10,0,5.847832,0.717333,2.4972
6,15,7.9180,396,10,0,5.833702,0.688780,2.4972
6,15,7.9380,397,10,0,5.826190,0.669918,2.4972
6,15,7.9580,398,10,0,5.825283,0.651805,2.4972
6,15,7.9780,399,10,0,5.830943,0.634435,2.4972
6,15,7.9980,400,10,0,5.843111,0.617879,2.4972
6,15,8.0180,401,10,0,5.861709,0.606363,2.4972
6,15,8.0380,402,10,0,5.886637,0.598170,2.4972
6,15,8.0580,403,10,0,5.917778,0.591003,2.4972
6,15,8.0780,404,10,0,5.954994,0.584934,2.4972
6,15,8.0980,405,10,0,5.998137,0.580025,2.4972
6,15,8.1180,406,10,0,6.047042,0.576333,2.4972
6,15,8.1380,407,11,0,6.101534,0.542724,2.4972
6,15,8.1580,408,11,0,6.161430,0.524368,2.4972
6,15,8.1780,409,11,0,6.226538,0.516062,2.4972
6,15,8.1980,410,11,0,4.591479,0.394397,2.4972
6,15,8.2180,411,11,0,4.524992,0.377281,2.4972
6,15,8.2380,412,11,0,4.466502,0.360662,2.4972
6,15,8.2580,413,11,0,4.416275,0.344542,2.4972
6,15,8.2780,414,11,0,4.374538,0.329199,2.4972
6,15,8.2980,415,11,0,4.341486,0.320701,2.4972
6,15,8.3180,416,11,0,4.317259,0.312612,2.4972
6,15,8.3380,417,11,0,4.301956,0.305211,2.4972
6,15,8.3580,418,11,0,4.295617,0.298405,2.4972
6,15,8.3780,419,11,0,4.298227,0.292206,2.4972
6,15,8.3980,420,12,0,4.309716,0.287318,2.4972
6,15,8.4180,421,12,0,4.329962,0.288672,2.4972
6,15,8.4380,422,12,0,4.358790,0.290586,2.4972
6,15,8.4580,423,12,0,4.395978,0.293065,2.4972
6,15,8.4780,424,12,0,4.441267,0.296084,2.4972
6,15,8.4980,425,12,0,4.494361,0.299624,2.4972
6,15,8.5180,426,12,0,4.554939,0.303663,2.4972
6,15,8.5380,427,12,0,3.367014,0.224468,2.4972
6,15,8.5580,428,12,0,3.313388,0.220893,2.4972
6,15,8.5780,429,12,0,3.263988,0.217599,2.4972
6,15,8.5980,430,12,0,3.219302,0.214620,2.4972
6,15,8.6180,431,12,0,3.180000,0.212000,2.4972
6,15,8.6380,432,12,0,3.146796,0.209786,2.4972
6,15,8.6580,433,12,0,3.130854,0.208724,2.4972
6,15,8.6780,434,13,0,3.131916,0.208794,2.4972
6,15,8.6980,435,13,0,3.143627,0.209575,2.4972
6,15,8.7180,436,13,0,2.875059,0.191671,2.4972
6,15,8.7380,437,13,0,2.631263,0.175418,2.4972
6,15,8.7580,438,13,0,2.578934,0.171929,2.4972
6,15,8.7780,439,14,0,2.531047,0.168736,2.4972
6,15,8.7980,440,14,0,2.490904,0.166060,2.4972
6,15,8.8180,441,14,0,2.460100,0.164007,2.4972
6,15,8.8380,442,14,0,2.439439,0.162629,2.4972
6,15,8.8580,443,14,0,2.429571,0.161971,2.4972
6,15,8.8780,444,14,0,2.431592,0.162106,2.4972
6,15,8.8980,445,14,0,2.445671,0.163045,2.4972
6,15,8.9180,446,14,0,2.471983,0.164799,2.4972
6,15,8.9380,447,14,0,2.510295,0.167353,2.4972
6,15,8.9580,448,14,0,2.560086,0.170672,2.4972
6,15,8.9780,449,14,0,2.620723,0.174715,2.4972
6,15,8.9980,450,14,0,2.691256,0.179417,2.4972
6,15,9.0180,451,14,0,1.469888,0.097993,2.4972
6,15,9.0380,452,14,0,1.404242,0.093616,2.4972
6,15,9.0580,453,14,0,1.345711,0.089714,2.4972
6,15,9.0780,454,14,0,1.331861,0.088791,2.4972
6,15,9.0980,455,14,0,1.281206,0.085414,2.4972
6,15,9.1180,456,14,0,1.011590,0.067439,2.4972
6,15,9.1380,457,14,0,0.924426,0.061628,2.4972
6,15,9.1580,458,14,0,0.837868,0.055858,2.4972
6,15,9.1780,459,14,0,0.750547,0.050036,2.4972
6,15,9.1980,460,14,0,0.662322,0.044155,2.4972
6,15,9.2180,461,14,0,0.573081,0.038205,2.4972
6,15,9.2380,462,14,0,0.482758,0.032184,2.4972
6,15,9.2580,463,14,0,0.391315,0.026088,2.4972
6,15,9.2780,464,14,0,0.298695,0.019913,2.4972
6,15,9.2980,465,14,0,0.204898,0.013660,2.4972
6,15,9.3180,466,14,0,0.109908,0.007327,2.4972
6,15,9.3380,467,14,0,0.013522,0.000901,2.4972
6,15,9.3580,468,14,0,0.002552,0.000170,2.4972
6,15,9.3780,469,14,0,0.000541,0.000036,2.4972
6,15,9.3980,470,14,0,0.000080,0.000005,2.4972
6,15,9.4180,471,14,0,0.000026,0.000002,2.4972
6,15,9.4380,472,14,0,0.000001,0.000000,2.4972
6,15,9.4580,473,14,0,0.000001,0.000000,2.4972
6,15,9.4780,474,14,0,0.000000,0.000000,2.4972
6,15,9.4980,475,14,0,0.000000,0.000000,2.4972
6,15,9.5180,476,14,0,0.000000,0.000000,2.4972
6,15,9.5380,477,14,0,0.000000,0.000000,2.4972
6,15,9.5580,478,14,0,0.000000,0.000000,2.4972
6,15,9.5780,479,14,0,0.000000,0.000000,2.4972
6,15,9.5980,480,14,0,0.000000,0.000000,2.4972
6,15,9.6180,481,14,0,0.000000,0.000000,2.4972
6,15,9.6380,482,14,0,0.000000,0.000000,2.4972
6,15,9.6580,483,14,0,0.000000,0.000000,2.4972
6,15,9.6780,484,14,0,0.000000,0.000000,2.4972
6,15,9.6980,485,14,0,0.000000,0.000000,2.4972
6,15,9.7180,486,14,0,0.000000,0.000000,2.4972
6,15,9.7380,487,14,0,0.000000,0.000000,2.4972
6,15,9.7580,488,15,0,0.000000,0.000000,2.4972
7,15,0.0180,1,0,0,0.000000,0.000000,14.5000
7,15,0.0380,2,0,0,0.195593,0.151934,14.4961
7,15,0.0580,3,0,0,0.377796,0.266121,14.4885
7,15,0.0780,4,0,0,0.515446,0.341847,14.4782
7,15,0.0980,5,0,0,0.584956,0.378736,14.4665
7,15,0.1180,6,0,0,0.584487,0.377656,14.4548
7,15,0.1380,7,0,0,0.522868,0.341787,14.4444
7,15,0.1580,8,0,0,0.416953,0.277601,14.4361
7,15,0.1780,9,0,0,0.282344,0.194251,14.4304
7,15,0.1980,10,0,0,0.135328,0.103670,14.4278
7,15,0.2180,11,0,0,0.080220,0.046352,14.4280
7,15,0.2380,12,0,0,0.148185,0.105405,14.4309
7,15,0.2580,13,0,0,0.253612,0.167476,14.4360
7,15,0.2780,14,0,0,0.308934,0.210464,14.4420
7,15,0.2980,15,0,0,0.334999,0.218311,14.4485
7,15,0.3180,16,0,0,0.326009,0.206757,14.4546
7,15,0.3380,17,0,0,0.287193,0.175318,14.4596
7,15,0.3580,18,0,0,0.224106,0.131071,14.4630
7,15,0.3780,19,0,0,0.154131,0.083732,14.4647
7,15,0.3980,20,0,0,0.117232,0.056942,14.4645
7,15,0.4180,21,0,0,0.132419,0.069439,14.4628
7,15,0.4380,22,0,0,0.162749,0.098423,14.4599
7,15,0.4580,23,0,0,0.203020,0.126574,14.4561
7,15,0.4780,24,0,0,0.250483,0.160951,14.4513
7,15,0.4980,25,0,0,0.284384,0.178968,14.4459
7,15,0.5180,26,0,0,0.293241,0.181557,14.4406
7,15,0.5380,27,0,0,0.273987,0.181428,14.4359
7,15,0.5580,28,0,0,0.247058,0.173399,14.4320
7,15,0.5780,29,0,0,0.208483,0.141138,14.4288
7,15,0.5980,30,0,0,0.171517,0.111082,14.4264
7,15,0.6180,31,0,0,0.164244,0.094366,14.4247
7,15,0.6380,32,0,0,0.173924,0.089202,14.4238
7,15,0.6580,33,0,0,0.188661,0.096702,14.4237
7,15,0.6780,34,0,0,0.204095,0.112145,14.4244
7,15,0.6980,35,0,0,0.220837,0.126805,14.4258
7,15,0.7180,36,0,0,0.232528,0.135370,14.4277
7,15,0.7380,37,0,0,0.239513,0.137547,14.4297
7,15,0.7580,38,0,0,0.235115,0.132913,14.4317
7,15,0.7780,39,0,0,0.225446,0.123761,14.4333
7,15,0.7980,40,0,0,0.208941,0.111706,14.4345
7,15,0.8180,41,0,0,0.187801,0.099530,14.4353
7,15,0.8380,42,0,0,0.159972,0.088512,14.4355
7,15,0.8580,43,0,0,0.150688,0.083920,14.4352
7,15,0.8780,44,0,0,0.143791,0.082995,14.4345
7,15,0.8980,45,0,0,0.133504,0.082384,14.4334
7,15,0.9180,46,0,0,0.122558,0.080224,14.4321
7,15,0.9380,47,0,0,0.111679,0.075506,14.4308
7,15,0.9580,48,0,0,0.140308,0.079747,14.4291
7,15,0.9780,49,0,0,0.136727,0.076920,14.4273
7,15,0.9980,50,0,0,0.119511,0.074855,14.4255
7,15,1.0180,51,0,0,0.116814,0.071521,14.4240
7,15,1.0380,52,0,0,0.120579,0.069882,14.4228
7,15,1.0580,53,0,0,0.108301,0.065186,14.4223
7,15,1.0780,54,0,0,0.125316,0.059094,14.4221
7,15,1.0980,55,0,0,0.135308,0.057540,14.4222
7,15,1.1180,56,0,0,0.138582,0.060842,14.4225
7,15,1.1380,57,0,0,0.137453,0.064601,14.4231
7,15,1.1580,58,0,0,0.133227,0.066822,14.4240
7,15,1.1780,59,0,0,0.129412,0.067361,14.4250
7,15,1.1980,60,0,0,0.125072,0.066282,14.4260
7,15,1.2180,61,0,0,0.128945,0.066565,14.4267
7,15,1.2380,62,0,0,0.137717,0.066415,14.4272
7,15,1.2580,63,0,0,0.138031,0.065361,14.4275
7,15,1.2780,64,0,0,0.131245,0.064946,14.4274
7,15,1.2980,65,0,0,0.133911,0.066384,14.4271
7,15,1.3180,66,0,0,0.133305,0.069229,14.4266
7,15,1.3380,67,0,0,0.134755,0.071782,14.4259
7,15,1.3580,68,0,0,0.134449,0.074020,14.4252
7,15,1.3780,69,0,0,0.130489,0.075287,14.4245
7,15,1.3980,70,0,0,0.129339,0.076071,14.4237
7,15,1.4180,71,0,0,0.131171,0.075503,14.4231
7,15,1.4380,72,0,0,0.166598,0.078670,14.4224
7,15,1.4580,73,0,0,0.170775,0.078556,14.4218
7,15,1.4780,74,0,0,0.168084,0.076252,14.4213
7,15,1.4980,75,0,0,0.162140,0.074867,14.4210
7,15,1.5180,76,0,0,0.150891,0.076112,14.4209
7,15,1.5380,77,0,0,0.141023,0.078202,14.4209
7,15,1.5580,78,0,0,0.133538,0.079197,14.4211
7,15,1.5780,79,0,0,0.128506,0.078587,14.4213
7,15,1.5980,80,0,0,0.127112,0.076697,14.4215
7,15,1.6180,81,0,0,0.143428,0.074041,14.4218
7,15,1.6380,82,0,0,0.154117,0.071478,14.4221
7,15,1.6580,83,0,0,0.174139,0.069220,14.4224
7,15,1.6780,84,0,0,0.171044,0.068161,14.4226
7,15,1.6980,85,0,0,0.174097,0.071188,14.4226
7,15,1.7180,86,0,0,0.165066,0.074850,14.4225
7,15,1.7380,87,0,0,0.165882,0.076520,14.4222
7,15,1.7580,88,0,0,0.158361,0.077706,14.4218
7,15,1.7780,89,0,0,0.156040,0.083221,14.4211
7,15,1.7980,90,0,0,0.146114,0.088522,14.4201
7,15,1.8180,91,0,0,0.142966,0.100259,14.4186
7,15,1.8380,92,0,0,0.152107,0.101057,14.4168
7,15,1.8580,93,0,0,0.212453,0.118089,14.4136
7,15,1.8780,94,0,0,0.215083,0.128993,14.4099
7,15,1.8980,95,0,0,0.230445,0.148660,14.4062
7,15,1.9180,96,0,0,0.220196,0.159838,14.4024
7,15,1.9380,97,0,0,0.249891,0.160192,14.3983
7,15,1.9580,98,0,0,0.256780,0.149067,14.3944
7,15,1.9780,99,0,0,0.243129,0.136702,14.3910
7,15,1.9980,100,0,0,0.230613,0.120172,14.3883
7,15,2.0180,101,0,0,0.225401,0.097767,14.3857
7,15,2.0380,102,0,0,0.189477,0.090547,14.3833
7,15,2.0580,103,0,0,0.153068,0.095573,14.3811
7,15,2.0780,104,0,0,0.172276,0.097222,14.3781
7,15,2.0980,105,0,0,0.170857,0.093751,14.3753
7,15,2.1180,106,0,0,0.188251,0.107950,14.3722
7,15,2.1380,107,0,0,0.202155,0.120505,14.3686
7,15,2.1580,108,0,0,0.193416,0.123102,14.3652
7,15,2.1780,109,0,0,0.200612,0.122847,14.3616
7,15,2.1980,110,0,0,0.198613,0.118375,14.3580
7,15,2.2180,111,0,0,0.200621,0.109016,14.3552
7,15,2.2380,112,0,0,0.215671,0.096596,14.3531
7,15,2.2580,113,0,0,0.227260,0.088794,14.3517
7,15,2.2780,114,0,0,0.230402,0.081449,14.3509
7,15,2.2980,115,0,0,0.225838,0.076835,14.3507
7,15,2.3180,116,0,0,0.217665,0.079400,14.3512
7,15,2.3380,117,0,0,0.208495,0.087946,14.3521
7,15,2.3580,118,0,0,0.198913,0.097656,14.3535
7,15,2.3780,119,0,0,0.189154,0.105431,14.3550
7,15,2.3980,120,0,0,0.178858,0.109612,14.3565
7,15,2.4180,121,0,0,0.168309,0.109732,14.3579
7,15,2.4380,122,0,0,0.162663,0.106281,14.3589
7,15,2.4580,123,0,0,0.157644,0.100499,14.3596
7,15,2.4780,124,0,0,0.148642,0.093885,14.3598
7,15,2.4980,125,0,0,0.148965,0.087584,14.3596
7,15,2.5180,126,0,0,0.150979,0.081797,14.3591
7,15,2.5380,127,0,0,0.152182,0.075941,14.3583
7,15,2.5580,128,0,0,0.150264,0.069347,14.3573
7,15,2.5780,129,0,0,0.143827,0.061687,14.3563
7,15,2.5980,130,0,0,0.132385,0.052944,14.3553
7,15,2.6180,131,0,0,0.123181,0.068514,14.3539
7,15,2.6380,132,0,0,0.106650,0.076885,14.3523
7,15,2.6580,133,0,0,0.123114,0.087636,14.3506
7,15,2.6780,134,0,0,0.142980,0.096437,14.3489
7,15,2.6980,135,0,0,0.157888,0.103151,14.3473
7,15,2.7180,136,0,0,0.207752,0.128308,14.3459
7,15,2.7380,137,0,0,0.232167,0.144519,14.3443
7,15,2.7580,138,0,0,0.255844,0.186848,14.3419
7,15,2.7780,139,0,0,0.265237,0.209519,14.3385
7,15,2.7980,140,0,0,0.264760,0.216630,14.3343
7,15,2.8180,141,0,0,0.294215,0.232425,14.3296
7,15,2.8380,142,0,0,0.299975,0.233803,14.3248
7,15,2.8580,143,0,0,0.304984,0.244569,14.3200
7,15,2.8780,144,0,0,0.338089,0.250891,14.3152
7,15,2.8980,145,0,0,0.399824,0.255710,14.3104
7,15,2.9180,146,0,0,0.428448,0.252965,14.3059
7,15,2.9380,147,0,0,0.446305,0.249527,14.3024
7,15,2.9580,148,0,0,0.453069,0.251740,14.3002
7,15,2.9780,149,0,0,0.442522,0.263792,14.2984
7,15,2.9980,150,0,0,0.455808,0.276758,14.2981
7,15,3.0180,151,0,0,0.485581,0.289956,14.2989
7,15,3.0380,152,0,0,0.498320,0.299750,14.3006
7,15,3.0580,153,0,0,0.489661,0.280979,14.3025
7,15,3.0780,154,0,0,0.463301,0.251467,14.3040
7,15,3.0980,155,0,0,0.450880,0.225452,14.3035
7,15,3.1180,156,0,0,0.418585,0.211403,14.3021
7,15,3.1380,157,0,0,0.377853,0.205878,14.2998
7,15,3.1580,158,0,0,0.330672,0.194991,14.2970
7,15,3.1780,159,0,0,0.284064,0.180337,14.2940
7,15,3.1980,160,0,0,0.236086,0.160141,14.2910
7,15,3.2180,161,0,0,0.182487,0.136775,14.2883
7,15,3.2380,162,0,0,0.169209,0.115247,14.2862
7,15,3.2580,163,0,0,0.218863,0.098698,14.2847
7,15,3.2780,164,0,0,0.284922,0.094276,14.2839
7,15,3.2980,165,0,0,0.354128,0.103497,14.2839
7,15,3.3180,166,0,0,0.418634,0.122025,14.2847
7,15,3.3380,167,0,0,0.473696,0.145126,14.2861
7,15,3.3580,168,0,0,0.516537,0.169054,14.2880
7,15,3.3780,169,0,0,0.553835,0.191649,14.2901
7,15,3.3980,170,0,0,0.572049,0.212149,14.2922
7,15,3.4180,171,0,0,0.583277,0.228962,14.2943
7,15,3.4380,172,0,0,0.568931,0.240407,14.2962
7,15,3.4580,173,0,0,0.552073,0.243754,14.2975
7,15,3.4780,174,0,0,0.545078,0.241606,14.2982
7,15,3.4980,175,0,0,0.511528,0.239169,14.2986
7,15,3.5180,176,0,0,0.471012,0.235806,14.2987
7,15,3.5380,177,0,0,0.435981,0.230798,14.2984
7,15,3.5580,178,0,0,0.405761,0.222614,14.2979
7,15,3.5780,179,0,0,0.380137,0.210489,14.2972
7,15,3.5980,180,0,0,0.356787,0.194999,14.2964
7,15,3.6180,181,0,0,0.332737,0.176450,14.2956
7,15,3.6380,182,0,0,0.318138,0.156562,14.2947
7,15,3.6580,183,0,0,0.298355,0.134641,14.2941
7,15,3.6780,184,0,0,0.268275,0.112379,14.2939
7,15,3.6980,185,0,0,0.231390,0.091919,14.2941
7,15,3.7180,186,0,0,0.197670,0.073636,14.2944
7,15,3.7380,187,0,0,0.161695,0.060216,14.2950
7,15,3.7580,188,0,0,0.124990,0.052202,14.2956
7,15,3.7780,189,0,0,0.086824,0.049181,14.2964
7,15,3.7980,190,0,0,0.091024,0.052679,14.2972
7,15,3.8180,191,0,0,0.107131,0.062673,14.2979
7,15,3.8380,192,0,0,0.124964,0.075944,14.2985
7,15,3.8580,193,0,0,0.147497,0.090125,14.2989
7,15,3.8780,194,0,0,0.187958,0.104440,14.2992
7,15,3.8980,195,0,0,0.226654,0.118386,14.2992
7,15,3.9180,196,0,0,0.261131,0.131472,14.2990
7,15,3.9380,197,0,0,0.290570,0.143306,14.2987
7,15,3.9580,198,0,0,0.314431,0.153595,14.2983
7,15,3.9780,199,0,0,0.332694,0.162075,14.2977
7,15,3.9980,200,0,0,0.337305,0.167950,14.2969
7,15,4.0180,201,0,0,0.334648,0.172670,14.2961
7,15,4.0380,202,0,0,0.334635,0.175208,14.2953
7,15,4.0580,203,0,0,0.331921,0.175849,14.2945
7,15,4.0780,204,0,0,0.337698,0.175407,14.2938
7,15,4.0980,205,0,0,0.342519,0.171724,14.2930
7,15,4.1180,206,0,0,0.345496,0.166986,14.2921
7,15,4.1380,207,0,0,0.336681,0.157950,14.2914
7,15,4.1580,208,0,0,0.312502,0.143946,14.2909
7,15,4.1780,209,0,0,0.282678,0.127816,14.2906
7,15,4.1980,210,0,0,0.244188,0.112574,14.2905
7,15,4.2180,211,0,0,0.207485,0.097466,14.2902
7,15,4.2380,212,0,0,0.175504,0.082354,14.2900
7,15,4.2580,213,0,0,0.145029,0.068479,14.2899
7,15,4.2780,214,0,0,0.116153,0.057117,14.2898
7,15,4.2980,215,0,0,0.089649,0.050346,14.2899
7,15,4.3180,216,0,0,0.080931,0.049808,14.2900
7,15,4.3380,217,0,0,0.099224,0.054766,14.2902
7,15,4.3580,218,0,0,0.122021,0.063946,14.2905
7,15,4.3780,219,0,0,0.145561,0.076588,14.2908
7,15,4.3980,220,0,0,0.170384,0.090765,14.2911
7,15,4.4180,221,0,0,0.193024,0.104846,14.2915
7,15,4.4380,222,0,0,0.214167,0.118096,14.2919
7,15,4.4580,223,0,0,0.245593,0.129885,14.2922
7,15,4.4780,224,0,0,0.265756,0.140682,14.2924
7,15,4.4980,225,0,0,0.292065,0.150694,14.2924
7,15,4.5180,226,0,0,0.306081,0.159573,14.2924
7,15,4.5380,227,0,0,0.324907,0.167743,14.2922
7,15,4.5580,228,0,0,0.331167,0.174383,14.2920
7,15,4.5780,229,0,0,0.301727,0.178810,14.2915
7,15,4.5980,230,0,0,0.291292,0.179951,14.2908
7,15,4.6180,231,0,0,0.286229,0.176620,14.2902
7,15,4.6380,232,0,0,0.280578,0.170129,14.2899
7,15,4.6580,233,0,0,0.272549,0.159983,14.2898
7,15,4.6780,234,0,0,0.262802,0.148237,14.2898
7,15,4.6980,235,0,0,0.249470,0.136053,14.2899
7,15,4.7180,236,0,0,0.231865,0.124059,14.2903
7,15,4.7380,237,0,0,0.210375,0.112587,14.2908
7,15,4.7580,238,0,0,0.185886,0.101740,14.2914
7,15,4.7780,239,0,0,0.159360,0.091333,14.2921
7,15,4.7980,240,0,0,0.136445,0.081244,14.2928
7,15,4.8180,241,0,0,0.113693,0.071390,14.2934
7,15,4.8380,242,0,0,0.098236,0.061779,14.2940
7,15,4.8580,243,0,0,0.111131,0.052973,14.2944
7,15,4.8780,244,0,0,0.139251,0.049186,14.2946
7,15,4.8980,245,0,0,0.169090,0.052796,14.2946
7,15,4.9180,246,0,0,0.199505,0.060977,14.2945
7,15,4.9380,247,0,0,0.229332,0.071502,14.2943
7,15,4.9580,248,0,0,0.257860,0.082484,14.2940
7,15,4.9780,249,0,0,0.284685,0.093091,14.2936
7,15,4.9980,250,0,0,0.309510,0.102680,14.2933
7,15,5.0180,251,0,0,0.332041,0.111128,14.2929
7,15,5.0380,252,0,0,0.351951,0.118423,14.2926
7,15,5.0580,253,0,0,0.368891,0.124810,14.2923
7,15,5.0780,254,0,0,0.382637,0.130030,14.2920
7,15,5.0980,255,0,0,0.393045,0.134072,14.2917
7,15,5.1180,256,0,0,0.399918,0.136845,14.2915
7,15,5.1380,257,0,0,0.403238,0.138287,14.2912
7,15,5.1580,258,0,0,0.403169,0.138425,14.2910
7,15,5.1780,259,0,0,0.400019,0.137296,14.2907
7,15,5.1980,260,0,0,0.393731,0.136146,14.2904
7,15,5.2180,261,0,0,0.385468,0.132530,14.2900
7,15,5.2380,262,0,0,0.377239,0.126956,14.2897
7,15,5.2580,263,0,0,0.367171,0.120063,14.2893
7,15,5.2780,264,0,0,0.353799,0.112181,14.2889
7,15,5.2980,265,0,0,0.337104,0.103413,14.2886
7,15,5.3180,266,0,0,0.315978,0.097256,14.2881
7,15,5.3380,267,0,0,0.295286,0.088279,14.2875
7,15,5.3580,268,0,0,0.280071,0.079023,14.2871
7,15,5.3780,269,0,0,0.265730,0.074955,14.2865
7,15,5.3980,270,0,0,0.251301,0.072005,14.2859
7,15,5.4180,271,0,0,0.241047,0.073598,14.2853
7,15,5.4380,272,0,0,0.232695,0.078374,14.2848
7,15,5.4580,273,0,0,0.222358,0.083524,14.2844
7,15,5.4780,274,0,0,0.208113,0.089046,14.2841
7,15,5.4980,275,0,0,0.190511,0.094841,14.2839
7,15,5.5180,276,0,0,0.171203,0.100705,14.2838
7,15,5.5380,277,0,0,0.152121,0.106566,14.2839
7,15,5.5580,278,0,0,0.164623,0.112319,14.2841
7,15,5.5780,279,0,0,0.177270,0.117743,14.2845
7,15,5.5980,280,0,0,0.188214,0.122628,14.2849
7,15,5.6180,281,0,0,0.197184,0.126868,14.2853
7,15,5.6380,282,0,0,0.202383,0.130680,14.2858
7,15,5.6580,283,0,0,0.206062,0.133958,14.2863
7,15,5.6780,284,0,0,0.208587,0.136540,14.2867
7,15,5.6980,285,0,0,0.210764,0.138300,14.2871
7,15,5.7180,286,0,0,0.210827,0.139285,14.2874
7,15,5.7380,287,0,0,0.208701,0.139606,14.2877
7,15,5.7580,288,0,0,0.204631,0.139324,14.2878
7,15,5.7780,289,0,0,0.199019,0.138469,14.2879
7,15,5.7980,290,0,0,0.192317,0.137036,14.2879
7,15,5.8180,291,0,0,0.187210,0.135016,14.2879
7,15,5.8380,292,0,0,0.184450,0.132434,14.2878
7,15,5.8580,293,0,0,0.195014,0.129340,14.2877
7,15,5.8780,294,0,0,0.208270,0.125836,14.2876
7,15,5.8980,295,0,0,0.222519,0.122025,14.2874
7,15,5.9180,296,0,0,0.237607,0.118129,14.2873
7,15,5.9380,297,0,0,0.253345,0.114312,14.2872
7,15,5.9580,298,0,0,0.269544,0.110758,14.2871
7,15,5.9780,299,0,0,0.286018,0.107764,14.2871
7,15,5.9980,300,0,0,0.302561,0.106289,14.2870
7,15,6.0180,301,0,0,0.318931,0.106399,14.2869
7,15,6.0380,302,0,0,0.334858,0.107551,14.2868
7,15,6.0580,303,0,0,0.350048,0.109346,14.2867
7,15,6.0780,304,0,0,0.364171,0.111481,14.2865
7,15,6.0980,305,0,0,0.376922,0.113744,14.2863
7,15,6.1180,306,0,0,0.388029,0.115988,14.2861
7,15,6.1380,307,0,0,0.397269,0.118113,14.2858
7,15,6.1580,308,0,0,0.404488,0.120048,14.2855
7,15,6.1780,309,0,0,0.409658,0.121760,14.2851
7,15,6.1980,310,0,0,0.412850,0.123246,14.2847
7,15,6.2180,311,0,0,0.413875,0.124464,14.2844
7,15,6.2380,312,0,0,0.412722,0.125438,14.2840
7,15,6.2580,313,0,0,0.409605,0.126214,14.2836
7,15,6.2780,314,0,0,0.404830,0.126849,14.2832
7,15,6.2980,315,0,0,0.398713,0.127424,14.2829
7,15,6.3180,316,0,0,0.391534,0.128055,14.2826
7,15,6.3380,317,0,0,0.383534,0.128896,14.2823
7,15,6.3580,318,0,0,0.374936,0.130124,14.2820
7,15,6.3780,319,0,0,0.365959,0.131917,14.2818
7,15,6.3980,320,0,0,0.356790,0.134374,14.2816
7,15,6.4180,321,0,0,0.347589,0.137489,14.2815
7,15,6.4380,322,0,0,0.338499,0.141109,14.2813
7,15,6.4580,323,0,0,0.329647,0.145048,14.2812
7,15,6.4780,324,0,0,0.321165,0.149151,14.2810
7,15,6.4980,325,0,0,0.313172,0.153291,14.2809
7,15,6.5180,326,0,0,0.305779,0.157361,14.2808
7,15,6.5380,327,0,0,0.299101,0.161261,14.2807
7,15,6.5580,328,0,0,0.293266,0.164934,14.2806
7,15,6.5780,329,0,0,0.288407,0.168321,14.2805
7,15,6.5980,330,0,0,0.284614,0.171373,14.2804
7,15,6.6180,331,0,0,0.281953,0.174056,14.2804
7,15,6.6380,332,0,0,0.280496,0.176339,14.2803
7,15,6.6580,333,0,0,0.280314,0.178212,14.2802
7,15,6.6780,334,0,0,0.281477,0.179619,14.2802
7,15,6.6980,335,0,0,0.284030,0.180658,14.2802
7,15,6.7180,336,0,0,0.287966,0.181307,14.2801
7,15,6.7380,337,0,0,0.293268,0.181563,14.2801
7,15,6.7580,338,0,0,0.299911,0.181442,14.2800
7,15,6.7780,339,0,0,0.307839,0.180957,14.2800
7,15,6.7980,340,0,0,0.316944,0.180136,14.2799
7,15,6.8180,341,0,0,0.327083,0.179005,14.2798
7,15,6.8380,342,0,0,0.338090,0.177593,14.2796
7,15,6.8580,343,0,0,0.349786,0.175934,14.2794
7,15,6.8780,344,0,0,0.361993,0.174070,14.2792
7,15,6.8980,345,0,0,0.374530,0.172055,14.2789
7,15,6.9180,346,0,0,0.387227,0.169918,14.2786
7,15,6.9380,347,0,0,0.399930,0.167692,14.2783
7,15,6.9580,348,0,0,0.412468,0.165449,14.2779
7,15,6.9780,349,0,0,0.424678,0.163221,14.2775
7,15,6.9980,350,0,0,0.435819,0.161166,14.2770
7,15,7.0190,351,0,0,0.446678,0.159271,14.2764
7,15,7.0380,352,0,0,0.458923,0.157718,14.2758
7,15,7.0580,353,0,0,0.471791,0.156134,14.2752
7,15,7.0780,354,0,0,0.483745,0.154487,14.2745
7,15,7.0980,355,0,0,0.494638,0.153391,14.2737
7,15,7.1180,356,0,0,0.504070,0.153826,14.2730
7,15,7.1380,357,0,0,0.511490,0.155047,14.2722
7,15,7.1580,358,0,0,0.516812,0.156391,14.2715
7,15,7.1780,359,0,0,0.520251,0.157722,14.2708
7,15,7.1980,360,0,0,0.523291,0.160548,14.2701
7,15,7.2180,361,0,0,0.522061,0.163239,14.2694
7,15,7.2380,362,0,0,0.515908,0.165156,14.2687
7,15,7.2580,363,0,0,0.508170,0.166217,14.2681
7,15,7.2780,364,0,0,0.501093,0.167076,14.2675
7,15,7.2980,365,0,0,0.495331,0.168491,14.2669
7,15,7.3180,366,0,0,0.490987,0.170846,14.2663
7,15,7.3380,367,0,0,0.486714,0.173756,14.2658
7,15,7.3580,368,0,0,0.481797,0.176868,14.2652
7,15,7.3780,369,0,0,0.476691,0.180259,14.2647
7,15,7.3980,370,0,0,0.470596,0.183620,14.2641
7,15,7.4180,371,0,0,0.460873,0.187345,14.2635
7,15,7.4380,372,0,0,0.448356,0.191466,14.2630
7,15,7.4580,373,0,0,0.435197,0.195682,14.2625
7,15,7.4780,374,0,0,0.422990,0.199712,14.2620
7,15,7.4980,375,0,0,0.412477,0.203300,14.2616
7,15,7.5180,376,0,0,0.404106,0.206506,14.2612
7,15,7.5380,377,0,0,0.397784,0.209471,14.2608
7,15,7.5580,378,0,0,0.393271,0.212217,14.2605
7,15,7.5780,379,0,0,0.390156,0.214793,14.2603
7,15,7.5980,380,0,0,0.387908,0.217238,14.2601
7,15,7.6180,381,0,0,0.386327,0.219539,14.2600
7,15,7.6380,382,0,0,0.385561,0.221582,14.2599
7,15,7.6580,383,0,0,0.385828,0.223229,14.2598
7,15,7.6780,384,0,0,0.387283,0.224638,14.2598
7,15,7.6980,385,0,0,0.389924,0.225714,14.2597
7,15,7.7180,386,0,0,0.393651,0.226444,14.2597
7,15,7.7380,387,0,0,0.398329,0.226825,14.2596
7,15,7.7580,388,0,0,0.403944,0.226886,14.2595
7,15,7.7780,389,0,0,0.410569,0.226561,14.2593
7,15,7.7980,390,0,0,0.418257,0.226009,14.2591
7,15,7.8180,391,0,0,0.427016,0.225280,14.2588
7,15,7.8380,392,0,0,0.436738,0.224403,14.2585
7,15,7.8580,393,0,0,0.447235,0.223430,14.2581
7,15,7.8780,394,0,0,0.458381,0.222361,14.2577
7,15,7.8980,395,0,0,0.470097,0.221221,14.2572
7,15,7.9180,396,0,0,0.482305,0.220036,14.2567
7,15,7.9380,397,0,0,0.494910,0.218825,14.2561
7,15,7.9580,398,0,0,0.507289,0.220211,14.2553
7,15,7.9780,399,0,0,0.516986,0.220414,14.2542
7,15,7.9980,400,0,0,0.528104,0.223852,14.2528
7,15,8.0180,401,0,0,0.543247,0.225677,14.2513
7,15,8.0380,402,0,0,0.560654,0.227364,14.2497
7,15,8.0580,403,0,0,0.578465,0.227153,14.2481
7,15,8.0780,404,0,0,0.596759,0.225371,14.2465
7,15,8.0980,405,0,0,0.571788,0.223225,14.2447
7,15,8.1180,406,0,0,0.565087,0.221548,14.2431
7,15,8.1380,407,0,0,0.573536,0.220206,14.2417
7,15,8.1580,408,0,0,0.588370,0.218947,14.2406
7,15,8.1780,409,0,0,0.604271,0.218998,14.2397
7,15,8.1980,410,0,0,0.618045,0.221922,14.2388
7,15,8.2180,411,0,0,0.628193,0.225122,14.2381
7,15,8.2380,412,0,0,0.634174,0.227457,14.2374
7,15,8.2580,413,0,0,0.636146,0.229087,14.2367
7,15,8.2780,414,0,0,0.635068,0.230713,14.2360
7,15,8.2980,415,0,0,0.632503,0.233227,14.2352
7,15,8.3180,416,0,0,0.629628,0.236762,14.2344
7,15,8.3380,417,0,0,0.628014,0.240803,14.2336
7,15,8.3580,418,0,0,0.628276,0.245222,14.2326
7,15,8.3780,419,0,0,0.629797,0.249750,14.2316
7,15,8.3980,420,0,0,0.631765,0.254178,14.2305
7,15,8.4180,421,0,0,0.633548,0.258406,14.2293
7,15,8.4380,422,0,0,0.634774,0.262366,14.2281
7,15,8.4580,423,0,0,0.635266,0.266076,14.2268
7,15,8.4780,424,0,0,0.634965,0.269625,14.2256
7,15,8.4980,425,0,0,0.633939,0.273126,14.2244
7,15,8.5180,426,0,0,0.632516,0.276688,14.2232
7,15,8.5380,427,0,0,0.631091,0.280343,14.2220
7,15,8.5580,428,0,0,0.629999,0.284004,14.2209
7,15,8.5780,429,0,0,0.629534,0.287610,14.2198
7,15,8.5980,430,0,0,0.629943,0.291147,14.2188
7,15,8.6180,431,0,0,0.631314,0.294611,14.2178
7,15,8.6380,432,0,0,0.633756,0.298075,14.2168
7,15,8.6580,433,0,0,0.637268,0.301524,14.2159
7,15,8.6780,434,0,0,0.641793,0.305033,14.2149
7,15,8.6980,435,0,0,0.647319,0.308521,14.2139
7,15,8.7180,436,0,0,0.654026,0.311984,14.2129
7,15,8.7380,437,0,0,0.662109,0.315420,14.2119
7,15,8.7580,438,0,0,0.671538,0.318894,14.2108
7,15,8.7780,439,0,0,0.682222,0.322293,14.2097
7,15,8.7980,440,0,0,0.693926,0.325634,14.2085
7,15,8.8180,441,0,0,0.706260,0.328939,14.2073
7,15,8.8380,442,0,0,0.718886,0.332149,14.2060
7,15,8.8580,443,0,0,0.731632,0.335267,14.2046
7,15,8.8780,444,0,0,0.744387,0.338282,14.2032
7,15,8.8980,445,0,0,0.757074,0.341194,14.2018
7,15,8.9180,446,0,0,0.769679,0.343975,14.2002
7,15,8.9380,447,0,0,0.782213,0.346335,14.1987
7,15,8.9580,448,0,0,0.794715,0.348448,14.1970
7,15,8.9780,449,0,0,0.807192,0.350809,14.1954
7,15,8.9980,450,0,0,0.819558,0.353692,14.1936
7,15,9.0180,451,0,0,0.831715,0.356847,14.1918
7,15,9.0380,452,0,0,0.843755,0.359872,14.1900
7,15,9.0580,453,0,0,0.855957,0.362645,14.1882
7,15,9.0780,454,0,0,0.868692,0.365210,14.1863
7,15,9.0980,455,0,0,0.882193,0.367777,14.1845
7,15,9.1180,456,0,0,0.896440,0.370548,14.1826
7,15,9.1380,457,0,0,0.911233,0.373882,14.1808
7,15,9.1580,458,0,0,0.926247,0.377763,14.1789
7,15,9.1780,459,0,0,0.941132,0.381786,14.1770
7,15,9.1980,460,0,0,0.955578,0.385915,14.1750
7,15,9.2180,461,0,0,0.969492,0.390143,14.1730
7,15,9.2380,462,0,0,0.982943,0.394412,14.1710
7,15,9.2580,463,0,0,0.996176,0.398656,14.1690
7,15,9.2780,464,0,0,1.009292,0.403030,14.1669
7,15,9.2980,465,0,0,1.022484,0.407490,14.1648
7,15,9.3180,466,0,0,1.035978,0.412011,14.1626
7,15,9.3380,467,0,0,1.049727,0.416619,14.1602
7,15,9.3580,468,0,0,1.063714,0.421391,14.1578
7,15,9.3780,469,0,0,1.077935,0.426330,14.1552
7,15,9.3980,470,0,0,1.092305,0.431410,14.1526
7,15,9.4180,471,0,0,1.106641,0.436737,14.1498
7,15,9.4380,472,0,0,1.120684,0.442385,14.1468
7,15,9.4580,473,0,0,1.134376,0.448246,14.1438
7,15,9.4780,474,0,0,1.147792,0.454320,14.1406
7,15,9.4980,475,0,0,1.161346,0.460563,14.1374
7,15,9.5180,476,0,0,1.175441,0.466996,14.1340
7,15,9.5380,477,0,0,1.190529,0.473546,14.1305
7,15,9.5580,478,0,0,1.206385,0.480196,14.1269
7,15,9.5780,479,0,0,1.222733,0.486932,14.1233
7,15,9.5980,480,0,0,1.239444,0.493812,14.1195
7,15,9.6180,481,0,0,1.256338,0.500809,14.1156
7,15,9.6380,482,0,0,1.273333,0.507992,14.1117
7,15,9.6580,483,0,0,1.290396,0.515310,14.1077
7,15,9.6780,484,0,0,1.307487,0.522812,14.1035
7,15,9.6980,485,0,0,1.324635,0.530436,14.0993
7,15,9.7180,486,0,0,1.341861,0.538222,14.0950
7,15,9.7380,487,0,0,1.359181,0.546118,14.0906
7,15,9.7580,488,0,0,1.376683,0.554118,14.0861
7,15,9.7780,489,0,0,1.394533,0.562073,14.0815
7,15,9.7980,490,0,0,1.412908,0.571025,14.0767
7,15,9.8180,491,0,0,1.431334,0.580252,14.0717
7,15,9.8380,492,0,0,1.450079,0.589188,14.0664
7,15,9.8580,493,0,0,1.469994,0.597646,14.0609
7,15,9.8780,494,0,0,1.491584,0.605833,14.0552
7,15,9.8980,495,0,0,1.514508,0.614124,14.0494
7,15,9.9180,496,0,0,1.538081,0.622428,14.0433
7,15,9.9380,497,0,0,1.561412,0.630423,14.0371
7,15,9.9580,498,0,0,1.583785,0.637948,14.0309
7,15,9.9780,499,0,0,1.604802,0.645354,14.0245
7,15,9.9980,500,0,0,1.624713,0.653168,14.0181
7,15,10.0180,501,0,0,1.644133,0.662048,14.0117
7,15,10.0380,502,0,0,1.663699,0.674176,14.0053
7,15,10.0580,503,0,0,1.683842,0.687097,13.9989
7,15,10.0780,504,0,0,1.704877,0.700385,13.9924
7,15,10.0980,505,0,0,1.726917,0.714055,13.9860
7,15,10.1180,506,0,0,1.749922,0.728100,13.9796
7,15,10.1380,507,0,0,1.773830,0.742496,13.9731
7,15,10.1580,508,0,0,1.798682,0.757243,13.9666
7,15,10.1780,509,0,0,1.824496,0.772274,13.9601
7,15,10.1980,510,0,0,1.851353,0.787529,13.9535
7,15,10.2180,511,0,0,1.879351,0.802951,13.9468
7,15,10.2380,512,0,0,1.908619,0.818460,13.9400
7,15,10.2580,513,0,0,1.939256,0.833979,13.9330
7,15,10.2780,514,0,0,1.971292,0.849480,13.9258
7,15,10.2980,515,0,0,2.004775,0.865069,13.9183
7,15,10.3180,516,0,0,2.039770,0.880607,13.9106
7,15,10.3380,517,0,0,2.076296,0.896182,13.9024
7,15,10.3580,518,0,0,2.114327,0.911849,13.8939
7,15,10.3780,519,0,0,2.153844,0.927315,13.8850
7,15,10.3980,520,0,0,2.194836,0.942874,13.8756
7,15,10.4180,521,0,0,2.237279,0.958627,13.8657
7,15,10.4380,522,0,0,2.281241,0.974731,13.8552
7,15,10.4580,523,0,0,2.326978,0.991513,13.8442
7,15,10.4780,524,0,0,2.374760,1.009122,13.8327
7,15,10.4980,525,0,0,2.424586,1.028109,13.8206
7,15,10.5180,526,0,0,2.476209,1.048492,13.8078
7,15,10.5380,527,0,0,2.529310,1.069277,13.7944
7,15,10.5580,528,0,0,2.583937,1.090130,13.7804
7,15,10.5780,529,0,0,2.640557,1.111051,13.7658
7,15,10.5980,530,0,0,2.699405,1.132140,13.7504
7,15,10.6180,531,0,0,2.760549,1.153626,13.7345
7,15,10.6380,532,0,0,2.823954,1.175728,13.7178
7,15,10.6580,533,0,0,2.889707,1.198758,13.7005
7,15,10.6780,534,0,0,2.957980,1.223044,13.6824
7,15,10.6980,535,0,0,3.028969,1.248958,13.6636
7,15,10.7180,536,0,0,3.102881,1.276810,13.6440
7,15,10.7380,537,0,0,3.177357,1.299891,13.6237
7,15,10.7580,538,0,0,3.250096,1.333040,13.6024
7,15,10.7780,539,0,0,3.322990,1.368204,13.5804
7,15,10.7980,540,0,0,3.397923,1.397730,13.5575
7,15,10.8180,541,0,0,3.478224,1.425239,13.5337
7,15,10.8380,542,0,0,3.569463,1.453419,13.5089
7,15,10.8580,543,0,0,3.664486,1.483506,13.4829
7,15,10.8780,544,0,0,3.760715,1.515831,13.4557
7,15,10.8980,545,0,0,3.855166,1.549486,13.4272
7,15,10.9180,546,0,0,3.947129,1.583138,13.3973
7,15,10.9380,547,0,0,4.036386,1.616492,13.3661
7,15,10.9580,548,0,0,4.123033,1.649456,13.3335
7,15,10.9780,549,0,0,4.207500,1.682928,13.2996
7,15,10.9980,550,0,0,4.290832,1.717944,13.2642
7,15,11.0180,551,0,0,4.374357,1.755974,13.2273
7,15,11.0380,552,0,0,4.458870,1.797295,13.1890
7,15,11.0580,553,0,0,4.544750,1.839789,13.1492
7,15,11.0780,554,0,0,4.631518,1.882494,13.1079
7,15,11.0980,555,0,0,4.718690,1.925564,13.0651
7,15,11.1180,556,0,0,4.806508,1.969379,13.0208
7,15,11.1380,557,0,0,4.895142,2.014204,12.9750
7,15,11.1580,558,0,0,4.985285,2.059147,12.9276
7,15,11.1780,559,0,0,5.076282,2.104148,12.8787
7,15,11.1980,560,0,0,5.168151,2.150406,12.8282
7,15,11.2180,561,0,0,5.260988,2.197857,12.7760
7,15,11.2380,562,0,0,5.354970,2.246499,12.7221
7,15,11.2580,563,0,0,5.450482,2.295985,12.6665
7,15,11.2780,564,0,0,5.548048,2.346494,12.6090
7,15,11.2980,565,0,0,5.647245,2.398346,12.5496
7,15,11.3180,566,0,0,5.750324,2.451415,12.4882
7,15,11.3380,567,0,0,5.856796,2.505526,12.4247
7,15,11.3580,568,0,0,5.963912,2.560610,12.3590
7,15,11.3780,569,0,0,6.070311,2.616582,12.2910
7,15,11.3980,570,0,0,6.180624,2.673422,12.2208
7,15,11.4180,571,0,0,6.300281,2.731118,12.1480
7,15,11.4380,572,0,0,6.425347,2.789828,12.0727
7,15,11.4580,573,0,0,6.550861,2.850001,11.9946
7,15,11.4780,574,0,0,6.679927,2.911915,11.9138
7,15,11.4980,575,0,0,6.812862,2.975598,11.8302
7,15,11.5180,576,0,0,6.951458,3.040743,11.7435
7,15,11.5380,577,0,0,7.097756,3.107112,11.6537
7,15,11.5580,578,0,0,7.245353,3.174696,11.5606
7,15,11.5780,579,0,0,7.395144,3.243476,11.4644
7,15,11.5980,580,0,0,7.544229,3.313302,11.3649
7,15,11.6180,581,0,0,7.692327,3.384002,11.2621
7,15,11.6380,582,0,0,7.839306,3.455450,11.1559
7,15,11.6580,583,0,0,7.984393,3.527707,11.0464
7,15,11.6780,584,0,0,8.127537,3.601231,10.9334
7,15,11.6980,585,0,0,8.271278,3.675894,10.8170
7,15,11.7180,586,0,0,8.414538,3.751888,10.6971
7,15,11.7380,587,0,0,8.556058,3.829826,10.5738
7,15,11.7580,588,0,0,8.695642,3.910259,10.4468
7,15,11.7780,589,0,0,8.832862,3.993122,10.3163
7,15,11.7980,590,0,0,8.967685,4.078182,10.1822
7,15,11.8180,591,0,0,9.099740,4.165593,10.0444
7,15,11.8380,592,0,0,9.230804,4.254743,9.9030
7,15,11.8580,593,0,0,9.363327,4.345908,9.7579
7,15,11.8780,594,0,0,9.497229,4.440221,9.6093
7,15,11.8980,595,0,0,9.632431,4.537696,9.4569
7,15,11.9180,596,0,0,9.768859,4.637149,9.3010
7,15,11.9380,597,0,0,9.906445,4.737454,9.1415
7,15,11.9580,598,0,0,10.045120,4.838423,8.9784
7,15,11.9780,599,0,0,10.184823,4.940785,8.8116
7,15,11.9980,600,0,0,10.325493,5.045246,8.6413
7,15,12.0180,601,0,0,10.467073,5.151115,8.4674
7,15,12.0380,602,0,0,10.609509,5.257807,8.2900
7,15,12.0580,603,0,0,10.752749,5.365529,8.1089
7,15,12.0780,604,0,0,10.896746,5.475090,7.9244
7,15,12.0980,605,0,0,11.041451,5.586728,7.7362
7,15,12.1180,606,0,0,11.186824,5.702576,7.5445
7,15,12.1380,607,0,0,11.332819,5.821044,7.3493
7,15,12.1580,608,0,0,11.479399,5.940398,7.1506
7,15,12.1780,609,0,0,11.626525,6.064309,6.9483
7,15,12.1980,610,0,0,11.774162,6.182324,6.7425
7,15,12.2180,611,0,0,11.922276,6.300622,6.5332
7,15,12.2380,612,0,0,12.070833,6.420680,6.3204
7,15,12.2580,613,0,0,12.219805,6.541404,6.1042
7,15,12.2780,614,0,0,12.369161,6.663302,5.8844
7,15,12.2980,615,0,0,12.518873,6.788677,5.6611
7,15,12.3180,616,0,0,12.668916,6.917525,5.4344
7,15,12.3380,617,0,0,12.819263,7.040157,5.2042
7,15,12.3580,618,0,0,12.969893,7.166284,4.9705
7,15,12.3780,619,0,0,13.120779,7.294428,4.7334
7,15,12.3980,620,0,0,13.271902,7.423383,4.4929
7,15,12.4180,621,0,0,13.423241,7.553073,4.2489
7,15,12.4380,622,0,0,13.574776,7.683264,4.0015
7,15,12.4580,623,0,0,13.726487,7.813625,3.7506
7,15,12.4780,624,3,0,13.878358,7.942521,3.4963
7,15,12.4980,625,3,0,14.030370,8.073418,3.2387
7,15,12.5180,626,3,0,14.182508,8.204495,2.9979
7,15,12.5380,627,3,0,14.334757,8.335718,2.9310
7,15,12.5580,628,3,0,14.487100,8.467053,2.8602
7,15,12.5780,629,3,0,14.639524,8.598475,2.7857
7,15,12.5980,630,3,0,14.792016,8.729959,2.7074
7,15,12.6180,631,3,0,14.944562,8.861483,2.6253
7,15,12.6380,632,3,0,15.097150,8.993028,2.5395
7,15,12.6580,633,3,0,15.249768,8.093754,2.4832
7,15,12.6780,634,3,0,15.402404,5.904670,2.4832
7,15,12.6980,635,3,0,15.555049,3.745478,2.4832
7,15,12.7180,636,3,0,8.315483,2.321825,2.4832
7,15,12.7380,637,3,0,8.490377,2.075126,2.4832
7,15,12.7580,638,3,0,5.570065,1.615000,2.4832
7,15,12.7780,639,3,0,5.749492,1.586045,2.4832
7,15,12.7980,640,3,0,5.928913,1.517774,2.4832
7,15,12.8180,641,3,0,6.108297,1.450629,2.4832
7,15,12.8380,642,3,0,6.287615,1.428119,2.4832
7,15,12.8580,643,3,0,6.466842,1.420232,2.4832
7,15,12.8780,644,3,0,6.645956,1.328475,2.4832
7,15,12.8980,645,3,0,6.618803,1.278488,2.4832
7,15,12.9180,646,3,0,6.779957,1.246768,2.4832
7,15,12.9380,647,3,0,6.819028,1.206027,2.4832
7,15,12.9580,648,3,0,6.943698,1.167785,2.4832
7,15,12.9780,649,3,0,7.091722,1.128198,2.4832
7,15,12.9980,650,3,0,4.843165,0.939904,2.4832
7,15,13.0180,651,3,0,2.220210,0.588641,2.4832
7,15,13.0380,652,3,0,2.191231,0.524287,2.4832
7,15,13.0580,653,3,0,1.919404,0.450344,2.4832
7,15,13.0780,654,3,0,1.659727,0.402571,2.4832
7,15,13.0980,655,3,0,1.560398,0.366746,2.4832
7,15,13.1180,656,3,0,1.464740,0.331849,2.4832
7,15,13.1380,657,3,0,1.375502,0.298384,2.4832
7,15,13.1580,658,3,0,1.296909,0.266762,2.4832
7,15,13.1780,659,3,0,1.234236,0.237854,2.4832
7,15,13.1980,660,4,0,1.189809,0.211241,2.4832
7,15,13.2180,661,4,0,1.164741,0.195124,2.4832
7,15,13.2380,662,4,0,1.146968,0.182136,2.4832
7,15,13.2580,663,5,0,1.133937,0.176491,2.4832
7,15,13.2780,664,5,0,1.125627,0.177438,2.4832
7,15,13.2980,665,5,0,1.121997,0.180424,2.4832
7,15,13.3180,666,5,0,1.123038,0.185877,2.4832
7,15,13.3380,667,5,0,1.128735,0.193672,2.4832
7,15,13.3580,668,5,0,1.139094,0.144940,2.4832
7,15,13.3780,669,5,0,1.154143,0.149997,2.4832
7,15,13.3980,670,7,0,1.173918,0.157375,2.4832
7,15,13.4180,671,7,0,1.198445,0.166676,2.4832
7,15,13.4380,672,8,0,1.227815,0.177660,2.4832
7,15,13.4580,673,8,0,1.262083,0.190153,2.4832
7,15,13.4780,674,8,0,1.301303,0.166994,2.4832
7,15,13.4980,675,8,0,1.345616,0.164061,2.4832
7,15,13.5180,676,8,0,1.395085,0.166413,2.4832
7,15,13.5380,677,8,0,1.449809,0.172784,2.4832
7,15,13.5580,678,8,0,1.509894,0.182734,2.4832
7,15,13.5780,679,8,0,1.575416,0.193305,2.4832
7,15,13.5980,680,9,0,1.646469,0.204506,2.4832
7,15,13.6180,681,9,0,1.723132,0.145321,2.4832
7,15,13.6380,682,9,0,1.805412,0.145862,2.4832
7,15,13.6580,683,10,0,1.893346,0.145442,2.4832
7,15,13.6780,684,10,0,1.986899,0.145398,2.4832
7,15,13.6980,685,10,0,0.761653,0.057429,2.4832
7,15,13.7180,686,10,0,0.634044,0.042629,2.4832
7,15,13.7380,687,10,0,0.584336,0.038970,2.4832
7,15,13.7580,688,10,0,0.469528,0.031304,2.4832
7,15,13.7780,689,10,0,0.354597,0.023641,2.4832
7,15,13.7980,690,10,0,0.260266,0.017352,2.4832
7,15,13.8180,691,10,0,0.166513,0.011102,2.4832
7,15,13.8380,692,12,0,0.073342,0.004889,2.4832
7,15,13.8580,693,12,0,0.000519,0.000035,2.4832
7,15,13.8780,694,12,0,0.000331,0.000022,2.4832
7,15,13.8980,695,12,0,0.000016,0.000001,2.4832
7,15,13.9180,696,12,0,0.000008,0.000001,2.4832
7,15,13.9380,697,12,0,0.000008,0.000001,2.4832
7,15,13.9580,698,13,0,0.000006,0.000000,2.4832
7,15,13.9780,699,13,0,0.000005,0.000000,2.4832
7,15,13.9980,700,13,0,0.000004,0.000000,2.4832
7,15,14.0180,701,13,0,0.000003,0.000000,2.4832
7,15,14.0380,702,13,0,0.000002,0.000000,2.4832
7,15,14.0580,703,13,0,0.000002,0.000000,2.4832
7,15,14.0780,704,13,0,0.000002,0.000000,2.4832
7,15,14.0980,705,14,0,0.000002,0.000000,2.4832
7,15,14.1180,706,14,0,0.000002,0.000000,2.4832
7,15,14.1380,707,14,0,0.000002,0.000000,2.4832
7,15,14.1580,708,14,0,0.000002,0.000000,2.4832
7,15,14.1780,709,14,0,0.000002,0.000000,2.4832
7,15,14.1980,710,14,0,0.000002,0.000000,2.4832
7,15,14.2180,711,14,0,0.000002,0.000000,2.4832
7,15,14.2380,712,14,0,0.000002,0.000000,2.4832
7,15,14.2580,713,14,0,0.000002,0.000000,2.4832
7,15,14.2780,714,14,0,0.000002,0.000000,2.4832
7,15,14.2980,715,15,0,0.000000,0.000000,2.4832
8,15,0.0190,1,0,0,0.000000,0.000000,14.5000
8,15,0.0390,2,0,0,0.195960,0.152282,14.4961
8,15,0.0590,3,0,0,0.383404,0.266407,14.4884
8,15,0.0790,4,0,0,0.529525,0.342418,14.4778
8,15,0.0990,5,0,0,0.605267,0.379778,14.4657
8,15,0.1190,6,0,0,0.606155,0.380189,14.4536
8,15,0.1390,7,0,0,0.545717,0.345023,14.4427
8,15,0.1590,8,0,0,0.439262,0.281713,14.4339
8,15,0.1790,9,0,0,0.304193,0.195636,14.4278
8,15,0.1990,10,0,0,0.154922,0.099422,14.4247
8,15,0.2190,11,0,0,0.012561,0.007178,14.4246
8,15,0.2390,12,0,0,0.129998,0.083638,14.4272
8,15,0.2590,13,0,0,0.239542,0.152930,14.4320
8,15,0.2790,14,0,0,0.314876,0.200718,14.4383
8,15,0.2990,15,0,0,0.352060,0.224398,14.4453
8,15,0.3190,16,0,0,0.351317,0.223617,14.4523
8,15,0.3390,17,0,0,0.315687,0.201050,14.4586
8,15,0.3590,18,0,0,0.251599,0.161250,14.4636
8,15,0.3790,19,0,0,0.169069,0.110175,14.4670
8,15,0.3990,20,0,0,0.079073,0.056220,14.4685
8,15,0.4190,21,0,0,0.046820,0.028812,14.4682
8,15,0.4390,22,0,0,0.124785,0.072601,14.4660
8,15,0.4590,23,0,0,0.199075,0.116966,14.4622
8,15,0.4790,24,0,0,0.250118,0.148021,14.4573
8,15,0.4990,25,0,0,0.265881,0.164982,14.4521
8,15,0.5190,26,0,0,0.278324,0.173912,14.4465
8,15,0.5390,27,0,0,0.297092,0.169888,14.4406
8,15,0.5590,28,0,0,0.281702,0.157773,14.4350
8,15,0.5790,29,0,0,0.245853,0.140197,14.4304
8,15,0.5990,30,0,0,0.194172,0.112663,14.4270
8,15,0.6190,31,0,0,0.136912,0.076349,14.4253
8,15,0.6390,32,0,0,0.098427,0.041725,14.4249
8,15,0.6590,33,0,0,0.084885,0.046519,14.4254
8,15,0.6790,34,0,0,0.108339,0.068461,14.4267
8,15,0.6990,35,0,0,0.128085,0.085145,14.4289
8,15,0.7190,36,0,0,0.152155,0.096140,14.4315
8,15,0.7390,37,0,0,0.161027,0.103150,14.4343
8,15,0.7590,38,0,0,0.153972,0.103910,14.4369
8,15,0.7790,39,0,0,0.157914,0.096241,14.4388
8,15,0.7990,40,0,0,0.168587,0.086332,14.4398
8,15,0.8190,41,0,0,0.170151,0.082201,14.4401
8,15,0.8390,42,0,0,0.169296,0.087812,14.4397
8,15,0.8590,43,0,0,0.167622,0.100032,14.4387
8,15,0.8790,44,0,0,0.165617,0.111739,14.4372
8,15,0.8990,45,0,0,0.192140,0.119369,14.4354
8,15,0.9190,46,0,0,0.209030,0.121691,14.4334
8,15,0.9390,47,0,0,0.215664,0.119464,14.4315
8,15,0.9590,48,0,0,0.214219,0.113992,14.4298
8,15,0.9790,49,0,0,0.207441,0.106678,14.4285
8,15,0.9990,50,0,0,0.197608,0.099157,14.4277
8,15,1.0190,51,0,0,0.185936,0.093418,14.4274
8,15,1.0390,52,0,0,0.172756,0.090513,14.4276
8,15,1.0590,53,0,0,0.157960,0.087223,14.4282
8,15,1.0790,54,0,0,0.140599,0.082537,14.4290
8,15,1.0990,55,0,0,0.119725,0.077569,14.4299
8,15,1.1190,56,0,0,0.097427,0.071975,14.4308
8,15,1.1390,57,0,0,0.087469,0.065914,14.4316
8,15,1.1590,58,0,0,0.077714,0.058944,14.4324
8,15,1.1790,59,0,0,0.072110,0.052602,14.4329
8,15,1.1990,60,0,0,0.072049,0.053207,14.4333
8,15,1.2190,61,0,0,0.077729,0.056687,14.4333
8,15,1.2390,62,0,0,0.089768,0.060571,14.4331
8,15,1.2590,63,0,0,0.099266,0.064054,14.4326
8,15,1.2790,64,0,0,0.104383,0.068321,14.4320
8,15,1.2990,65,0,0,0.103854,0.075633,14.4312
8,15,1.3190,66,0,0,0.110234,0.082990,14.4303
8,15,1.3390,67,0,0,0.118543,0.088873,14.4296
8,15,1.3590,68,0,0,0.133000,0.092746,14.4290
8,15,1.3790,69,0,0,0.146931,0.095401,14.4287
8,15,1.3990,70,0,0,0.157747,0.097366,14.4285
8,15,1.4190,71,0,0,0.164408,0.098826,14.4287
8,15,1.4390,72,0,0,0.166682,0.099678,14.4290
8,15,1.4590,73,0,0,0.159559,0.100834,14.4295
8,15,1.4790,74,0,0,0.154511,0.101293,14.4301
8,15,1.4990,75,0,0,0.153425,0.101458,14.4308
8,15,1.5190,76,0,0,0.154963,0.100366,14.4314
8,15,1.5390,77,0,0,0.155408,0.098223,14.4319
8,15,1.5590,78,0,0,0.160010,0.095409,14.4323
8,15,1.5790,79,0,0,0.151388,0.091406,14.4324
8,15,1.5990,80,0,0,0.140211,0.087406,14.4324
8,15,1.6190,81,0,0,0.129371,0.082213,14.4323
8,15,1.6390,82,0,0,0.130296,0.076024,14.4320
8,15,1.6590,83,0,0,0.140344,0.070187,14.4314
8,15,1.6790,84,0,0,0.152542,0.064830,14.4305
8,15,1.6990,85,0,0,0.162830,0.060301,14.4296
8,15,1.7190,86,0,0,0.172048,0.080335,14.4287
8,15,1.7390,87,0,0,0.183469,0.089025,14.4278
8,15,1.7590,88,0,0,0.198088,0.112730,14.4265
8,15,1.7790,89,0,0,0.218346,0.134853,14.4246
8,15,1.7990,90,0,0,0.284429,0.178681,14.4222
8,15,1.8190,91,0,0,0.357252,0.215895,14.4191
8,15,1.8390,92,0,0,0.336118,0.242410,14.4151
8,15,1.8590,93,0,0,0.344764,0.259441,14.4103
8,15,1.8790,94,0,0,0.392093,0.258365,14.4048
8,15,1.8990,95,0,0,0.417429,0.257099,14.3996
8,15,1.9190,96,0,0,0.446020,0.248977,14.3945
8,15,1.9390,97,0,0,0.442017,0.242687,14.3900
8,15,1.9590,98,0,0,0.430481,0.229417,14.3862
8,15,1.9790,99,0,0,0.430258,0.212087,14.3829
8,15,1.9990,100,0,0,0.459266,0.197974,14.3805
8,15,2.0190,101,0,0,0.484919,0.187520,14.3791
8,15,2.0390,102,0,0,0.491541,0.182466,14.3789
8,15,2.0590,103,0,0,0.478807,0.182255,14.3798
8,15,2.0790,104,0,0,0.436698,0.183262,14.3819
8,15,2.0990,105,0,0,0.390847,0.182403,14.3851
8,15,2.1190,106,0,0,0.338981,0.180611,14.3889
8,15,2.1390,107,0,0,0.277285,0.177551,14.3926
8,15,2.1590,108,0,0,0.248587,0.170351,14.3960
8,15,2.1800,109,0,0,0.222523,0.157155,14.3990
8,15,2.1990,110,0,0,0.206571,0.136819,14.4013
8,15,2.2190,111,0,0,0.182597,0.114079,14.4027
8,15,2.2390,112,0,0,0.160640,0.100041,14.4031
8,15,2.2590,113,0,0,0.155002,0.105373,14.4024
8,15,2.2790,114,0,0,0.207430,0.122200,14.4008
8,15,2.2990,115,0,0,0.266399,0.138488,14.3986
8,15,2.3190,116,0,0,0.313593,0.153138,14.3961
8,15,2.3390,117,0,0,0.344476,0.166268,14.3935
8,15,2.3590,118,0,0,0.365515,0.175377,14.3911
8,15,2.3790,119,0,0,0.381313,0.179571,14.3890
8,15,2.3990,120,0,0,0.387528,0.181959,14.3876
8,15,2.4190,121,0,0,0.388411,0.184441,14.3868
8,15,2.4390,122,0,0,0.397620,0.188798,14.3865
8,15,2.4590,123,0,0,0.408774,0.194163,14.3869
8,15,2.4790,124,0,0,0.417335,0.199887,14.3879
8,15,2.4990,125,0,0,0.422840,0.204194,14.3893
8,15,2.5190,126,0,0,0.426079,0.205556,14.3910
8,15,2.5390,127,0,0,0.427415,0.203357,14.3929
8,15,2.5590,128,0,0,0.426659,0.197413,14.3946
8,15,2.5790,129,0,0,0.424222,0.188183,14.3960
8,15,2.5990,130,0,0,0.415004,0.179397,14.3967
8,15,2.6190,131,0,0,0.418022,0.169075,14.3966
8,15,2.6390,132,0,0,0.435222,0.155591,14.3958
8,15,2.6590,133,0,0,0.448792,0.146211,14.3946
8,15,2.6790,134,0,0,0.438244,0.141348,14.3933
8,15,2.6990,135,0,0,0.415474,0.134957,14.3918
8,15,2.7190,136,0,0,0.390077,0.125514,14.3902
8,15,2.7390,137,0,0,0.369583,0.114569,14.3885
8,15,2.7590,138,0,0,0.348798,0.105651,14.3871
8,15,2.7790,139,0,0,0.334050,0.101664,14.3858
8,15,2.7990,140,0,0,0.317358,0.103567,14.3849
8,15,2.8190,141,0,0,0.291604,0.111607,14.3843
8,15,2.8390,142,0,0,0.270579,0.121319,14.3841
8,15,2.8590,143,0,0,0.241263,0.130069,14.3841
8,15,2.8790,144,0,0,0.212870,0.138767,14.3844
8,15,2.8990,145,0,0,0.230589,0.147199,14.3849
8,15,2.9190,146,0,0,0.245675,0.154857,14.3855
8,15,2.9390,147,0,0,0.258428,0.160984,14.3860
8,15,2.9590,148,0,0,0.260745,0.165308,14.3862
8,15,2.9790,149,0,0,0.268695,0.168386,14.3862
8,15,2.9990,150,0,0,0.278120,0.168802,14.3860
8,15,3.0190,151,0,0,0.285683,0.166638,14.3858
8,15,3.0390,152,0,0,0.291533,0.163820,14.3854
8,15,3.0590,153,0,0,0.294610,0.162068,14.3850
8,15,3.0790,154,0,0,0.294472,0.161691,14.3846
8,15,3.0990,155,0,0,0.291586,0.161913,14.3843
8,15,3.1190,156,0,0,0.286174,0.162087,14.3842
8,15,3.1390,157,0,0,0.279362,0.162240,14.3841
8,15,3.1590,158,0,0,0.271482,0.162577,14.3843
8,15,3.1790,159,0,0,0.262035,0.162878,14.3846
8,15,3.1990,160,0,0,0.250378,0.162748,14.3851
8,15,3.2190,161,0,0,0.236662,0.161975,14.3856
8,15,3.2390,162,0,0,0.221978,0.160465,14.3863
8,15,3.2590,163,0,0,0.211051,0.158022,14.3866
8,15,3.2790,164,0,0,0.254364,0.155030,14.3870
8,15,3.2990,165,0,0,0.291199,0.152394,14.3872
8,15,3.3190,166,0,0,0.323726,0.149365,14.3874
8,15,3.3390,167,0,0,0.354100,0.146895,14.3875
8,15,3.3590,168,0,0,0.381737,0.144917,14.3876
8,15,3.3790,169,0,0,0.401304,0.144236,14.3877
8,15,3.3990,170,0,0,0.414535,0.145089,14.3878
8,15,3.4190,171,0,0,0.431128,0.145840,14.3878
8,15,3.4390,172,0,0,0.447682,0.146180,14.3878
8,15,3.4590,173,0,0,0.462008,0.145923,14.3878
8,15,3.4790,174,0,0,0.475030,0.145398,14.3878
8,15,3.4990,175,0,0,0.487508,0.144673,14.3878
8,15,3.5190,176,0,0,0.499510,0.143767,14.3877
8,15,3.5390,177,0,0,0.511637,0.143121,14.3877
8,15,3.5590,178,0,0,0.518421,0.144581,14.3879
8,15,3.5790,179,0,0,0.520518,0.146760,14.3880
8,15,3.5990,180,0,0,0.521770,0.147560,14.3881
8,15,3.6190,181,0,0,0.517122,0.152608,14.3877
8,15,3.6390,182,0,0,0.516599,0.155275,14.3870
8,15,3.6590,183,0,0,0.521305,0.157246,14.3861
8,15,3.6790,184,0,0,0.525935,0.162104,14.3854
8,15,3.6990,185,0,0,0.526483,0.167027,14.3843
8,15,3.7190,186,0,0,0.525031,0.172211,14.3830
8,15,3.7390,187,0,0,0.507855,0.176140,14.3816
8,15,3.7590,188,0,0,0.476976,0.178756,14.3804
8,15,3.7790,189,0,0,0.440766,0.180648,14.3794
8,15,3.7990,190,0,0,0.404069,0.183882,14.3785
8,15,3.8190,191,0,0,0.376443,0.186426,14.3778
8,15,3.8390,192,0,0,0.357738,0.189606,14.3775
8,15,3.8590,193,0,0,0.342740,0.194551,14.3773
8,15,3.8790,194,0,0,0.337120,0.198741,14.3771
8,15,3.8990,195,0,0,0.326666,0.205049,14.3769
8,15,3.9190,196,0,0,0.316719,0.209899,14.3766
8,15,3.9390,197,0,0,0.311267,0.214257,14.3763
8,15,3.9590,198,0,0,0.305832,0.218170,14.3760
8,15,3.9790,199,0,0,0.307167,0.219803,14.3755
8,15,3.9990,200,0,0,0.312248,0.218269,14.3748
8,15,4.0190,201,0,0,0.319082,0.214398,14.3741
8,15,4.0390,202,0,0,0.332475,0.210140,14.3733
8,15,4.0590,203,0,0,0.335985,0.206194,14.3725
8,15,4.0790,204,0,0,0.335640,0.203101,14.3718
8,15,4.0990,205,0,0,0.332217,0.201072,14.3712
8,15,4.1190,206,0,0,0.325981,0.200062,14.3709
8,15,4.1390,207,0,0,0.319544,0.199931,14.3707
8,15,4.1590,208,0,0,0.310587,0.200310,14.3707
8,15,4.1790,209,0,0,0.302082,0.201063,14.3709
8,15,4.1990,210,0,0,0.294745,0.201990,14.3712
8,15,4.2190,211,0,0,0.317175,0.203379,14.3715
8,15,4.2390,212,0,0,0.314821,0.204646,14.3718
8,15,4.2590,213,0,0,0.303128,0.205711,14.3721
8,15,4.2790,214,0,0,0.314828,0.207574,14.3723
8,15,4.2990,215,0,0,0.334037,0.209089,14.3724
8,15,4.3190,216,0,0,0.358927,0.210159,14.3724
8,15,4.3390,217,0,0,0.382796,0.210318,14.3724
8,15,4.3590,218,0,0,0.402402,0.209717,14.3724
8,15,4.3790,219,0,0,0.420089,0.208082,14.3724
8,15,4.3990,220,0,0,0.436035,0.204814,14.3723
8,15,4.4190,221,0,0,0.449816,0.200536,14.3722
8,15,4.4390,222,0,0,0.461547,0.195370,14.3721
8,15,4.4590,223,0,0,0.470827,0.189432,14.3721
8,15,4.4790,224,0,0,0.482193,0.182665,14.3718
8,15,4.4990,225,0,0,0.490744,0.174877,14.3716
8,15,4.5190,226,0,0,0.496661,0.166482,14.3715
8,15,4.5390,227,0,0,0.500544,0.158036,14.3714
8,15,4.5590,228,0,0,0.508710,0.149262,14.3712
8,15,4.5790,229,0,0,0.515478,0.142261,14.3710
8,15,4.5990,230,0,0,0.518810,0.139025,14.3707
8,15,4.6190,231,0,0,0.519885,0.141793,14.3704
8,15,4.6390,232,0,0,0.519911,0.149475,14.3700
8,15,4.6590,233,0,0,0.519498,0.158781,14.3696
8,15,4.6790,234,0,0,0.519048,0.168025,14.3691
8,15,4.6990,235,0,0,0.519014,0.176408,14.3686
8,15,4.7190,236,0,0,0.519555,0.183618,14.3680
8,15,4.7390,237,0,0,0.520440,0.189678,14.3674
8,15,4.7590,238,0,0,0.521531,0.194403,14.3669
8,15,4.7790,239,0,0,0.523275,0.198156,14.3662
8,15,4.7990,240,0,0,0.530259,0.208416,14.3653
8,15,4.8190,241,0,0,0.531776,0.217134,14.3641
8,15,4.8390,242,0,0,0.525856,0.220845,14.3625
8,15,4.8590,243,0,0,0.516415,0.236170,14.3602
8,15,4.8790,244,0,0,0.507947,0.250354,14.3568
8,15,4.8990,245,0,0,0.509448,0.251522,14.3525
8,15,4.9190,246,0,0,0.531195,0.255459,14.3475
8,15,4.9390,247,0,0,0.572690,0.263578,14.3420
8,15,4.9590,248,0,0,0.615690,0.264097,14.3362
8,15,4.9790,249,0,0,0.642305,0.256228,14.3309
8,15,4.9990,250,0,0,0.639649,0.240963,14.3259
8,15,5.0190,251,0,0,0.602525,0.228591,14.3216
8,15,5.0390,252,0,0,0.559718,0.222166,14.3181
8,15,5.0590,253,0,0,0.527031,0.208136,14.3150
8,15,5.0790,254,0,0,0.505813,0.195835,14.3125
8,15,5.0990,255,0,0,0.488228,0.196523,14.3106
8,15,5.1190,256,0,0,0.473743,0.189732,14.3089
8,15,5.1390,257,0,0,0.466971,0.191049,14.3077
8,15,5.1590,258,0,0,0.455338,0.191804,14.3069
8,15,5.1790,259,0,0,0.431387,0.193861,14.3065
8,15,5.1990,260,0,0,0.401298,0.199685,14.3062
8,15,5.2190,261,0,0,0.374270,0.207605,14.3063
8,15,5.2390,262,0,0,0.363575,0.216707,14.3065
8,15,5.2590,263,0,0,0.364902,0.225565,14.3069
8,15,5.2790,264,0,0,0.363601,0.233787,14.3073
8,15,5.2990,265,0,0,0.359295,0.241178,14.3077
8,15,5.3190,266,0,0,0.357351,0.247633,14.3080
8,15,5.3390,267,0,0,0.367940,0.253398,14.3083
8,15,5.3590,268,0,0,0.378448,0.258132,14.3084
8,15,5.3790,269,0,0,0.390985,0.262479,14.3082
8,15,5.3990,270,0,0,0.401050,0.266099,14.3076
8,15,5.4190,271,0,0,0.388624,0.269121,14.3066
8,15,5.4390,272,0,0,0.400297,0.271162,14.3055
8,15,5.4590,273,0,0,0.414360,0.273552,14.3044
8,15,5.4790,274,0,0,0.426798,0.275427,14.3032
8,15,5.4990,275,0,0,0.437166,0.277105,14.3021
8,15,5.5190,276,0,0,0.474658,0.283962,14.2998
8,15,5.5390,277,0,0,0.464758,0.291024,14.2966
8,15,5.5590,278,0,0,0.434870,0.291111,14.2935
8,15,5.5790,279,0,0,0.461317,0.289875,14.2906
8,15,5.5990,280,0,0,0.503117,0.288115,14.2880
8,15,5.6190,281,0,0,0.536964,0.287395,14.2853
8,15,5.6390,282,0,0,0.559729,0.288312,14.2827
8,15,5.6590,283,0,0,0.576407,0.289929,14.2801
8,15,5.6790,284,0,0,0.586792,0.291766,14.2780
8,15,5.6990,285,0,0,0.593020,0.292629,14.2763
8,15,5.7190,286,0,0,0.600505,0.292593,14.2752
8,15,5.7390,287,0,0,0.611719,0.291480,14.2744
8,15,5.7590,288,0,0,0.626892,0.289021,14.2741
8,15,5.7790,289,0,0,0.644034,0.284690,14.2739
8,15,5.7990,290,0,0,0.662983,0.279161,14.2739
8,15,5.8190,291,0,0,0.681867,0.272559,14.2741
8,15,5.8390,292,0,0,0.698034,0.263056,14.2743
8,15,5.8590,293,0,0,0.709697,0.253523,14.2745
8,15,5.8790,294,0,0,0.716629,0.246778,14.2745
8,15,5.8990,295,0,0,0.719565,0.247109,14.2741
8,15,5.9190,296,0,0,0.719348,0.245650,14.2735
8,15,5.9390,297,0,0,0.719422,0.246756,14.2725
8,15,5.9590,298,0,0,0.722817,0.247966,14.2712
8,15,5.9790,299,0,0,0.728835,0.251362,14.2696
8,15,5.9990,300,0,0,0.735006,0.256555,14.2677
8,15,6.0190,301,0,0,0.738930,0.262640,14.2655
8,15,6.0390,302,0,0,0.740783,0.268860,14.2633
8,15,6.0590,303,0,0,0.740597,0.275293,14.2611
8,15,6.0790,304,0,0,0.738513,0.281767,14.2591
8,15,6.0990,305,0,0,0.735523,0.289076,14.2573
8,15,6.1190,306,0,0,0.732844,0.295057,14.2557
8,15,6.1390,307,0,0,0.729359,0.301009,14.2542
8,15,6.1590,308,0,0,0.725377,0.305156,14.2529
8,15,6.1790,309,0,0,0.721912,0.307986,14.2516
8,15,6.1990,310,0,0,0.720011,0.310916,14.2504
8,15,6.2190,311,0,0,0.721472,0.314983,14.2492
8,15,6.2390,312,0,0,0.721768,0.319812,14.2478
8,15,6.2590,313,0,0,0.724402,0.327003,14.2460
8,15,6.2790,314,0,0,0.727683,0.332936,14.2437
8,15,6.2990,315,0,0,0.726677,0.336296,14.2411
8,15,6.3190,316,0,0,0.717622,0.340112,14.2384
8,15,6.3390,317,0,0,0.702004,0.340316,14.2358
8,15,6.3590,318,0,0,0.686439,0.338660,14.2332
8,15,6.3790,319,0,0,0.676598,0.338596,14.2306
8,15,6.3990,320,0,0,0.675390,0.337383,14.2282
8,15,6.4190,321,0,0,0.677513,0.333800,14.2258
8,15,6.4390,322,0,0,0.675284,0.329120,14.2237
8,15,6.4590,323,0,0,0.668066,0.329056,14.2218
8,15,6.4790,324,0,0,0.658932,0.329377,14.2202
8,15,6.4990,325,0,0,0.652608,0.333525,14.2187
8,15,6.5190,326,0,0,0.654501,0.332226,14.2172
8,15,6.5390,327,0,0,0.663994,0.329226,14.2158
8,15,6.5590,328,0,0,0.677885,0.326050,14.2145
8,15,6.5790,329,0,0,0.692401,0.323352,14.2133
8,15,6.5990,330,0,0,0.704097,0.322012,14.2122
8,15,6.6190,331,0,0,0.711054,0.321829,14.2112
8,15,6.6390,332,0,0,0.713500,0.322740,14.2103
8,15,6.6590,333,0,0,0.713054,0.324423,14.2093
8,15,6.6790,334,0,0,0.711598,0.326174,14.2083
8,15,6.6990,335,0,0,0.710958,0.327347,14.2072
8,15,6.7190,336,0,0,0.712532,0.327732,14.2061
8,15,6.7390,337,0,0,0.716258,0.327506,14.2049
8,15,6.7590,338,0,0,0.721191,0.327402,14.2037
8,15,6.7790,339,0,0,0.727319,0.327554,14.2024
8,15,6.7990,340,0,0,0.735377,0.327835,14.2010
8,15,6.8190,341,0,0,0.745100,0.327933,14.1994
8,15,6.8390,342,0,0,0.755252,0.327896,14.1978
8,15,6.8590,343,0,0,0.765237,0.327547,14.1960
8,15,6.8790,344,0,0,0.774805,0.326988,14.1941
8,15,6.8990,345,0,0,0.783797,0.326452,14.1921
8,15,6.9190,346,0,0,0.792117,0.326157,14.1901
8,15,6.9390,347,0,0,0.799763,0.326357,14.1880
8,15,6.9590,348,0,0,0.807014,0.327230,14.1859
8,15,6.9790,349,0,0,0.814360,0.328132,14.1839
8,15,6.9990,350,0,0,0.822361,0.329179,14.1818
8,15,7.0190,351,0,0,0.831303,0.330476,14.1798
8,15,7.0390,352,0,0,0.841161,0.331937,14.1777
8,15,7.0590,353,0,0,0.851984,0.333847,14.1757
8,15,7.0790,354,0,0,0.863735,0.336468,14.1736
8,15,7.0990,355,0,0,0.876287,0.339521,14.1715
8,15,7.1190,356,0,0,0.893826,0.343701,14.1691
8,15,7.1390,357,0,0,0.916026,0.348057,14.1667
8,15,7.1590,358,0,0,0.936098,0.352188,14.1643
8,15,7.1790,359,0,0,0.951797,0.356060,14.1620
8,15,7.1990,360,0,0,0.962204,0.360008,14.1597
8,15,7.2190,361,0,0,0.967898,0.364181,14.1575
8,15,7.2390,362,0,0,0.970498,0.368601,14.1554
8,15,7.2590,363,0,0,0.971874,0.373202,14.1532
8,15,7.2790,364,0,0,0.973375,0.378090,14.1511
8,15,7.2990,365,0,0,0.976671,0.382793,14.1491
8,15,7.3190,366,0,0,0.981619,0.387879,14.1470
8,15,7.3390,367,0,0,0.987261,0.394255,14.1449
8,15,7.3590,368,0,0,0.997147,0.402427,14.1428
8,15,7.3790,369,0,0,1.009010,0.411159,14.1406
8,15,7.3990,370,0,0,1.018102,0.419769,14.1384
8,15,7.4190,371,0,0,1.025913,0.427939,14.1363
8,15,7.4390,372,0,0,1.034118,0.435789,14.1342
8,15,7.4590,373,0,0,1.043628,0.443215,14.1321
8,15,7.4790,374,0,0,1.054847,0.450612,14.1300
8,15,7.4990,375,0,0,1.062365,0.457786,14.1278
8,15,7.5190,376,0,0,1.072583,0.464495,14.1256
8,15,7.5390,377,0,0,1.088478,0.471084,14.1234
8,15,7.5590,378,0,0,1.109450,0.478091,14.1211
8,15,7.5790,379,0,0,1.134432,0.485686,14.1186
8,15,7.5990,380,0,0,1.162391,0.493699,14.1159
8,15,7.6190,381,0,0,1.192378,0.501757,14.1129
8,15,7.6390,382,0,0,1.223539,0.509788,14.1097
8,15,7.6590,383,0,0,1.255391,0.517791,14.1061
8,15,7.6790,384,0,0,1.287806,0.525895,14.1022
8,15,7.6990,385,0,0,1.320565,0.534345,14.0981
8,15,7.7190,386,0,0,1.353350,0.543314,14.0936
8,15,7.7390,387,0,0,1.386121,0.552879,14.0890
8,15,7.7590,388,0,0,1.418094,0.563075,14.0840
8,15,7.7790,389,0,0,1.450498,0.573653,14.0788
8,15,7.7990,390,0,0,1.482711,0.584492,14.0733
8,15,7.8190,391,0,0,1.514584,0.595577,14.0677
8,15,7.8390,392,0,0,1.546092,0.606987,14.0618
8,15,7.8590,393,0,0,1.577287,0.618865,14.0557
8,15,7.8790,394,0,0,1.608235,0.631235,14.0494
8,15,7.8990,395,0,0,1.638981,0.644112,14.0430
8,15,7.9190,396,0,0,1.669625,0.657565,14.0364
8,15,7.9390,397,0,0,1.700356,0.671682,14.0297
8,15,7.9590,398,0,0,1.731446,0.686492,14.0228
8,15,7.9790,399,0,0,1.763221,0.701904,14.0157
8,15,7.9990,400,0,0,1.796016,0.717819,14.0085
8,15,8.0190,401,0,0,1.830030,0.734193,14.0011
8,15,8.0390,402,0,0,1.865402,0.750971,13.9935
8,15,8.0590,403,0,0,1.902177,0.768095,13.9857
8,15,8.0790,404,0,0,1.940343,0.785506,13.9777
8,15,8.0990,405,0,0,1.979993,0.803167,13.9694
8,15,8.1190,406,0,0,2.021123,0.821020,13.9608
8,15,8.1390,407,0,0,2.063802,0.839033,13.9519
8,15,8.1590,408,0,0,2.108053,0.857189,13.9427
8,15,8.1790,409,0,0,2.153948,0.875504,13.9331
8,15,8.1990,410,0,0,2.201571,0.893983,13.9230
8,15,8.2190,411,0,0,2.250943,0.912656,13.9125
8,15,8.2390,412,0,0,2.302012,0.931568,13.9015
8,15,8.2590,413,0,0,2.354665,0.950463,13.8900
8,15,8.2790,414,0,0,2.408840,0.969809,13.8779
8,15,8.2990,415,0,0,2.464571,0.989521,13.8652
8,15,8.3190,416,0,0,2.521755,1.009598,13.8518
8,15,8.3390,417,0,0,2.580568,1.031016,13.8378
8,15,8.3590,418,0,0,2.640584,1.054064,13.8230
8,15,8.3790,419,0,0,2.702012,1.077379,13.8075
8,15,8.3990,420,0,0,2.765197,1.100797,13.7914
8,15,8.4190,421,0,0,2.830059,1.124881,13.7745
8,15,8.4390,422,0,0,2.896478,1.149809,13.7569
8,15,8.4590,423,0,0,2.963821,1.175252,13.7385
8,15,8.4790,424,0,0,3.031247,1.201121,13.7193
8,15,8.4990,425,0,0,3.098142,1.227061,13.6994
8,15,8.5190,426,0,0,3.164642,1.253614,13.6787
8,15,8.5390,427,0,0,3.231579,1.281138,13.6573
8,15,8.5590,428,0,0,3.299458,1.328298,13.6351
8,15,8.5790,429,0,0,3.369152,1.342378,13.6123
8,15,8.5990,430,0,0,3.443427,1.368482,13.5888
8,15,8.6190,431,0,0,3.519798,1.398689,13.5644
8,15,8.6390,432,0,0,3.591707,1.433114,13.5388
8,15,8.6590,433,0,0,3.658782,1.468862,13.5122
8,15,8.6790,434,0,0,3.725703,1.504379,13.4845
8,15,8.6990,435,0,0,3.796216,1.539853,13.4557
8,15,8.7190,436,0,0,3.871095,1.575210,13.4260
8,15,8.7390,437,0,0,3.949482,1.611229,13.3951
8,15,8.7590,438,0,0,4.030825,1.648260,13.3630
8,15,8.7790,439,0,0,4.114804,1.686356,13.3296
8,15,8.7990,440,0,0,4.201071,1.725171,13.2949
8,15,8.8190,441,0,0,4.289822,1.775477,13.2586
8,15,8.8390,442,0,0,4.380805,1.815601,13.2207
8,15,8.8590,443,0,0,4.475441,1.857236,13.1810
8,15,8.8790,444,0,0,4.573874,1.896102,13.1393
8,15,8.8990,445,0,0,4.672607,1.933954,13.0960
8,15,8.9190,446,0,0,4.770402,1.972390,13.0512
8,15,8.9390,447,0,0,4.868451,2.012336,13.0049
8,15,8.9590,448,0,0,4.968574,2.053994,12.9572
8,15,8.9790,449,0,0,5.072204,2.098198,12.9080
8,15,8.9990,450,0,0,5.180146,2.144718,12.8571
8,15,9.0190,451,0,0,5.292872,2.194279,12.8043
8,15,9.0390,452,0,0,5.410211,2.240940,12.7496
8,15,9.0590,453,0,0,5.530676,2.289703,12.6929
8,15,9.0790,454,0,0,5.650199,2.340705,12.6336
8,15,9.0990,455,0,0,5.771243,2.395172,12.5717
8,15,9.1190,456,0,0,5.898639,2.450529,12.5069
8,15,9.1390,457,0,0,6.029019,2.505747,12.4396
8,15,9.1590,458,0,0,6.162340,2.560849,12.3697
8,15,9.1790,459,0,0,6.299469,2.617127,12.2973
8,15,9.1990,460,0,0,6.439533,2.675372,12.2221
8,15,9.2190,461,0,0,6.582394,2.735548,12.1441
8,15,9.2390,462,0,0,6.724185,2.797360,12.0632
8,15,9.2590,463,0,0,6.862819,2.860749,11.9792
8,15,9.2790,464,0,0,6.998209,2.925781,11.8922
8,15,9.2990,465,0,0,7.131488,2.992391,11.8019
8,15,9.3190,466,0,0,7.263546,3.060909,11.7085
8,15,9.3390,467,0,0,7.395004,3.131931,11.6117
8,15,9.3590,468,0,0,7.525157,3.206668,11.5115
8,15,9.3790,469,0,0,7.652227,3.284154,11.4078
8,15,9.3990,470,0,0,7.778528,3.364043,11.3005
8,15,9.4190,471,0,0,7.902887,3.446114,11.1895
8,15,9.4390,472,0,0,8.026741,3.529665,11.0749
8,15,9.4590,473,0,0,8.151837,3.610803,10.9566
8,15,9.4790,474,0,0,8.278872,3.694468,10.8346
8,15,9.4990,475,0,0,8.407774,3.780646,10.7089
8,15,9.5190,476,0,0,8.538439,3.871413,10.5796
8,15,9.5390,477,0,0,8.670761,3.966628,10.4466
8,15,9.5590,478,0,0,8.804646,4.065336,10.3099
8,15,9.5790,479,0,0,8.940001,4.166239,10.1696
8,15,9.5990,480,0,0,9.076738,4.267696,10.0257
8,15,9.6190,481,0,0,9.214775,4.371290,9.8781
8,15,9.6390,482,0,0,9.354033,4.476665,9.7269
8,15,9.6590,483,0,0,9.494440,4.584101,9.5721
8,15,9.6790,484,0,0,9.635922,4.692999,9.4136
8,15,9.6990,485,0,0,9.778417,4.801338,9.2516
8,15,9.7190,486,0,0,9.921859,4.908978,9.0860
8,15,9.7390,487,0,0,10.066191,5.018042,8.9167
8,15,9.7590,488,0,0,10.211355,5.131012,8.7439
8,15,9.7790,489,0,0,10.357298,5.245808,8.5676
8,15,9.7990,490,0,0,10.503972,5.361911,8.3876
8,15,9.8190,491,0,0,10.651327,5.479192,8.2041
8,15,9.8390,492,0,0,10.799319,5.597619,8.0171
8,15,9.8590,493,0,0,10.947906,5.717951,7.8265
8,15,9.8790,494,0,0,11.097045,5.841555,7.6323
8,15,9.8990,495,0,0,11.246701,5.967561,7.4347
8,15,9.9190,496,0,0,11.396836,6.094930,7.2335
8,15,9.9390,497,0,0,11.547416,6.223427,7.0287
8,15,9.9590,498,0,0,11.698409,6.352757,6.8205
8,15,9.9790,499,0,0,11.849783,6.482866,6.6088
8,15,9.9990,500,0,0,12.001510,6.613804,6.3936
8,15,10.0190,501,0,0,12.153562,6.745574,6.1749
8,15,10.0390,502,0,0,12.305911,6.878198,5.9527
8,15,10.0590,503,0,0,12.458534,7.011663,5.7270
8,15,10.0790,504,0,0,12.611408,7.145955,5.4978
8,15,10.0990,505,0,0,12.764507,7.281058,5.2652
8,15,10.1190,506,0,0,12.917813,7.416965,5.0292
8,15,10.1390,507,0,0,13.071303,7.553674,4.7897
8,15,10.1590,508,0,0,13.224960,7.691185,4.5467
8,15,10.1790,509,0,0,13.378764,7.829486,4.3003
8,15,10.1990,510,0,0,13.532698,7.968831,4.0505
8,15,10.2190,511,0,0,13.686744,8.109193,3.7973
8,15,10.2390,512,0,0,13.840887,8.250424,3.5407
8,15,10.2590,513,0,0,13.995114,8.377888,3.2806
8,15,10.2790,514,0,0,14.149407,8.499058,3.0172
8,15,10.2990,515,0,0,14.303755,8.631077,2.7503
8,15,10.3190,516,0,0,14.458142,8.769155,2.6169
8,15,10.3390,517,0,0,14.612558,8.907878,2.6029
8,15,10.3590,518,0,0,14.766991,9.037737,2.5857
8,15,10.3790,519,0,0,14.921429,8.657339,2.5649
8,15,10.3990,520,0,0,15.075859,7.465407,2.5406
8,15,10.4190,521,0,0,15.230275,5.643148,2.5125
8,15,10.4390,522,0,0,15.384664,4.336641,2.4810
8,15,10.4590,523,0,0,15.539017,3.134289,2.4456
8,15,10.4790,524,0,0,5.837439,1.586323,2.4063
8,15,10.4990,525,0,0,6.011312,1.530959,2.3632
8,15,10.5190,526,0,0,6.185483,1.522500,2.3162
8,15,10.5390,527,0,0,6.359894,1.453797,2.2655
8,15,10.5590,528,0,0,6.534495,1.406954,2.2109
8,15,10.5790,529,0,0,6.709243,1.404932,2.1525
8,15,10.5990,530,0,0,6.515516,1.317924,2.0903
8,15,10.6190,531,0,0,6.689417,1.303424,2.0243
8,15,10.6390,532,0,0,6.863477,1.285690,1.9545
8,15,10.6590,533,0,0,7.037654,1.284253,1.8809
8,15,10.6790,534,0,0,4.052284,0.815906,1.8036
8,15,10.6990,535,0,0,4.231624,0.779048,1.7225
8,15,10.7190,536,0,0,4.411348,0.746465,1.6376
8,15,10.7390,537,0,0,4.591366,0.708332,1.5490
8,15,10.7590,538,0,0,4.771601,0.678276,1.4936
8,15,10.7790,539,0,0,4.951988,0.660013,1.4936
8,15,10.7990,540,0,0,5.132469,0.548117,1.4936
8,15,10.8190,541,0,0,5.312998,0.515707,1.4936
8,15,10.8390,542,0,0,5.493531,0.479219,1.4936
8,15,10.8590,543,2,0,5.674034,0.449970,1.4936
8,15,10.8790,544,2,0,4.004998,0.322379,1.4936
8,15,10.8990,545,2,0,4.191217,0.304778,1.4936
8,15,10.9190,546,2,0,4.377222,0.299328,1.4936
8,15,10.9390,547,3,0,2.669033,0.178252,1.4936
8,15,10.9590,548,4,0,2.845425,0.189809,1.4936
8,15,10.9790,549,5,0,3.023247,0.201551,1.4936
8,15,10.9990,550,5,0,1.550464,0.103366,1.4936
8,15,11.0190,551,6,0,0.253628,0.016909,1.4936
8,15,11.0390,552,6,0,0.191960,0.012798,1.4936
8,15,11.0590,553,6,0,0.305167,0.020345,1.4936
8,15,11.0790,554,6,0,0.319673,0.021312,1.4936
8,15,11.0990,555,6,0,0.342578,0.022839,1.4936
8,15,11.1190,556,6,0,0.400245,0.026684,1.4936
8,15,11.1390,557,6,0,0.444711,0.029648,1.4936
8,15,11.1590,558,6,0,0.085114,0.005675,1.4936
8,15,11.1790,559,6,0,0.006560,0.000438,1.4936
8,15,11.1990,560,6,0,0.002104,0.000141,1.4936
8,15,11.2190,561,6,0,0.000139,0.000010,1.4936
8,15,11.2390,562,6,0,0.000078,0.000006,1.4936
8,15,11.2590,563,8,0,0.000012,0.000001,1.4936
8,15,11.2790,564,8,0,0.000002,0.000000,1.4936
8,15,11.2990,565,8,0,0.000001,0.000000,1.4936
8,15,11.3190,566,9,0,0.000000,0.000000,1.4936
8,15,11.3390,567,11,0,0.000000,0.000000,1.4936
8,15,11.3590,568,11,0,0.000000,0.000000,1.4936
8,15,11.3790,569,14,0,0.000000,0.000000,1.4936
8,15,11.3990,570,14,0,0.000000,0.000000,1.4936
8,15,11.4190,571,14,0,0.000000,0.000000,1.4936
8,15,11.4390,572,14,0,0.000000,0.000000,1.4936
8,15,11.4590,573,14,0,0.000000,0.000000,1.4936
8,15,11.4790,574,14,0,0.000000,0.000000,1.4936
8,15,11.4990,575,14,0,0.000000,0.000000,1.4936
8,15,11.5190,576,14,0,0.000000,0.000000,1.4936
8,15,11.5390,577,14,0,0.000000,0.000000,1.4936
8,15,11.5590,578,14,0,0.000000,0.000000,1.4936
8,15,11.5790,579,14,0,0.000000,0.000000,1.4936
8,15,11.5990,580,14,0,0.000000,0.000000,1.4936
8,15,11.6190,581,14,0,0.000000,0.000000,1.4936
8,15,11.6390,582,15,0,0.000000,0.000000,1.4936
9,15,0.0180,1,0,0,0.000000,0.000000,14.5000
9,15,0.0380,2,0,0,0.195896,0.152362,14.4961
9,15,0.0580,3,0,0,0.381666,0.267013,14.4884
9,15,0.0780,4,0,0,0.524806,0.341911,14.4780
9,15,0.0980,5,0,0,0.598464,0.378118,14.4660
9,15,0.1180,6,0,0,0.597936,0.376217,14.4540
9,15,0.1380,7,0,0,0.535499,0.340999,14.4433
9,15,0.1580,8,0,0,0.428222,0.274325,14.4348
9,15,0.1780,9,0,0,0.292574,0.188943,14.4290
9,15,0.1980,10,0,0,0.145499,0.095294,14.4261
9,15,0.2180,11,0,0,0.039708,0.025063,14.4263
9,15,0.2380,12,0,0,0.146322,0.094009,14.4291
9,15,0.2580,13,0,0,0.250984,0.160471,14.4340
9,15,0.2780,14,0,0,0.323228,0.206299,14.4404
9,15,0.2980,15,0,0,0.357974,0.228296,14.4475
9,15,0.3180,16,0,0,0.356340,0.226531,14.4545
9,15,0.3380,17,0,0,0.321622,0.203181,14.4608
9,15,0.3580,18,0,0,0.258384,0.161853,14.4659
9,15,0.3780,19,0,0,0.174085,0.109449,14.4693
9,15,0.3980,20,0,0,0.081716,0.053930,14.4708
9,15,0.4180,21,0,0,0.037825,0.025159,14.4706
9,15,0.4380,22,0,0,0.096551,0.066362,14.4687
9,15,0.4580,23,0,0,0.159224,0.105519,14.4655
9,15,0.4780,24,0,0,0.200336,0.132187,14.4615
9,15,0.4980,25,0,0,0.218216,0.144144,14.4572
9,15,0.5180,26,0,0,0.213481,0.141705,14.4530
9,15,0.5380,27,0,0,0.189157,0.126854,14.4492
9,15,0.5580,28,0,0,0.149834,0.102482,14.4463
9,15,0.5780,29,0,0,0.102014,0.073907,14.4444
9,15,0.5980,30,0,0,0.063795,0.047545,14.4435
9,15,0.6180,31,0,0,0.053482,0.038779,14.4437
9,15,0.6380,32,0,0,0.075977,0.054058,14.4449
9,15,0.6580,33,0,0,0.109516,0.072206,14.4468
9,15,0.6780,34,0,0,0.133045,0.085031,14.4491
9,15,0.6980,35,0,0,0.144132,0.090312,14.4517
9,15,0.7180,36,0,0,0.133998,0.082389,14.4539
9,15,0.7380,37,0,0,0.107628,0.072138,14.4555
9,15,0.7580,38,0,0,0.086587,0.062928,14.4564
9,15,0.7780,39,0,0,0.082978,0.056439,14.4565
9,15,0.7980,40,0,0,0.104545,0.059776,14.4557
9,15,0.8180,41,0,0,0.134286,0.067849,14.4544
9,15,0.8380,42,0,0,0.156829,0.074706,14.4526
9,15,0.8580,43,0,0,0.169566,0.078201,14.4506
9,15,0.8780,44,0,0,0.173116,0.077461,14.4486
9,15,0.8980,45,0,0,0.181757,0.074117,14.4465
9,15,0.9180,46,0,0,0.186626,0.085342,14.4445
9,15,0.9380,47,0,0,0.198583,0.096609,14.4428
9,15,0.9580,48,0,0,0.214572,0.111180,14.4413
9,15,0.9780,49,0,0,0.230610,0.107302,14.4398
9,15,0.9980,50,0,0,0.239781,0.096204,14.4384
9,15,1.0180,51,0,0,0.235442,0.083545,14.4373
9,15,1.0380,52,0,0,0.212989,0.073786,14.4366
9,15,1.0580,53,0,0,0.186896,0.076635,14.4364
9,15,1.0780,54,0,0,0.163041,0.084561,14.4368
9,15,1.0980,55,0,0,0.145308,0.093878,14.4376
9,15,1.1180,56,0,0,0.135723,0.103246,14.4386
9,15,1.1380,57,0,0,0.144344,0.111136,14.4397
9,15,1.1580,58,0,0,0.155038,0.116426,14.4408
9,15,1.1780,59,0,0,0.160907,0.119279,14.4419
9,15,1.1980,60,0,0,0.162057,0.119603,14.4428
9,15,1.2180,61,0,0,0.165528,0.122354,14.4434
9,15,1.2380,62,0,0,0.169524,0.123367,14.4435
9,15,1.2580,63,0,0,0.178700,0.122462,14.4431
9,15,1.2780,64,0,0,0.186190,0.119006,14.4422
9,15,1.2980,65,0,0,0.196670,0.115963,14.4411
9,15,1.3180,66,0,0,0.207019,0.117924,14.4399
9,15,1.3380,67,0,0,0.211032,0.122141,14.4387
9,15,1.3580,68,0,0,0.208410,0.125547,14.4376
9,15,1.3780,69,0,0,0.200080,0.128553,14.4367
9,15,1.3980,70,0,0,0.191876,0.131257,14.4359
9,15,1.4180,71,0,0,0.206289,0.136644,14.4353
9,15,1.4380,72,0,0,0.212842,0.153610,14.4348
9,15,1.4580,73,0,0,0.232622,0.161149,14.4342
9,15,1.4780,74,0,0,0.261373,0.181193,14.4332
9,15,1.4980,75,0,0,0.286982,0.194825,14.4311
9,15,1.5180,76,0,0,0.358065,0.198770,14.4277
9,15,1.5380,77,0,0,0.427185,0.203246,14.4238
9,15,1.5580,78,0,0,0.476577,0.204814,14.4198
9,15,1.5780,79,0,0,0.498489,0.202047,14.4164
9,15,1.5980,80,0,0,0.486018,0.198701,14.4139
9,15,1.6180,81,0,0,0.486964,0.199517,14.4119
9,15,1.6380,82,0,0,0.505394,0.196665,14.4102
9,15,1.6580,83,0,0,0.533136,0.189798,14.4089
9,15,1.6780,84,0,0,0.563298,0.189299,14.4083
9,15,1.6980,85,0,0,0.584943,0.184029,14.4081
9,15,1.7180,86,0,0,0.592610,0.175167,14.4082
9,15,1.7380,87,0,0,0.594123,0.169367,14.4083
9,15,1.7580,88,0,0,0.600583,0.179176,14.4082
9,15,1.7780,89,0,0,0.607338,0.185410,14.4080
9,15,1.7980,90,0,0,0.577277,0.187042,14.4075
9,15,1.8180,91,0,0,0.521115,0.181617,14.4063
9,15,1.8380,92,0,0,0.475723,0.176529,14.4042
9,15,1.8580,93,0,0,0.454472,0.177950,14.4015
9,15,1.8780,94,0,0,0.443660,0.192927,14.3983
9,15,1.8980,95,0,0,0.456793,0.201215,14.3940
9,15,1.9180,96,0,0,0.478949,0.212888,14.3891
9,15,1.9380,97,0,0,0.508092,0.222552,14.3834
9,15,1.9580,98,0,0,0.526309,0.231595,14.3778
9,15,1.9780,99,0,0,0.557925,0.236109,14.3721
9,15,1.9980,100,0,0,0.597040,0.238448,14.3663
9,15,2.0180,101,0,0,0.615693,0.240160,14.3604
9,15,2.0380,102,0,0,0.603373,0.258046,14.3553
9,15,2.0580,103,0,0,0.590517,0.245297,14.3511
9,15,2.0780,104,0,0,0.581982,0.217536,14.3475
9,15,2.0980,105,0,0,0.570588,0.192911,14.3447
9,15,2.1180,106,0,0,0.553914,0.180941,14.3430
9,15,2.1380,107,0,0,0.530332,0.180233,14.3424
9,15,2.1580,108,0,0,0.502225,0.186448,14.3431
9,15,2.1780,109,0,0,0.475127,0.194537,14.3448
9,15,2.1980,110,0,0,0.453570,0.200163,14.3471
9,15,2.2180,111,0,0,0.440090,0.202023,14.3499
9,15,2.2380,112,0,0,0.433354,0.199920,14.3527
9,15,2.2580,113,0,0,0.433747,0.194375,14.3552
9,15,2.2780,114,0,0,0.430754,0.185773,14.3573
9,15,2.2980,115,0,0,0.424206,0.175354,14.3588
9,15,2.3180,116,0,0,0.415406,0.164966,14.3596
9,15,2.3380,117,0,0,0.405040,0.156480,14.3598
9,15,2.3580,118,0,0,0.394221,0.151291,14.3594
9,15,2.3780,119,0,0,0.384949,0.149669,14.3583
9,15,2.3980,120,0,0,0.377799,0.150707,14.3568
9,15,2.4180,121,0,0,0.371462,0.152937,14.3549
9,15,2.4380,122,0,0,0.363841,0.155221,14.3529
9,15,2.4580,123,0,0,0.353167,0.156893,14.3509
9,15,2.4780,124,0,0,0.338829,0.157621,14.3490
9,15,2.4980,125,0,0,0.322426,0.157477,14.3475
9,15,2.5180,126,0,0,0.307233,0.156961,14.3463
9,15,2.5380,127,0,0,0.296601,0.156709,14.3457
9,15,2.5580,128,0,0,0.292663,0.157167,14.3455
9,15,2.5780,129,0,0,0.295647,0.158338,14.3457
9,15,2.5980,130,0,0,0.303943,0.160017,14.3463
9,15,2.6180,131,0,0,0.314981,0.161720,14.3471
9,15,2.6380,132,0,0,0.326248,0.162993,14.3481
9,15,2.6580,133,0,0,0.335882,0.163519,14.3491
9,15,2.6780,134,0,0,0.342853,0.163229,14.3500
9,15,2.6980,135,0,0,0.346850,0.162174,14.3508
9,15,2.7180,136,0,0,0.348107,0.160803,14.3512
9,15,2.7380,137,0,0,0.347135,0.159458,14.3514
9,15,2.7580,138,0,0,0.344499,0.158258,14.3513
9,15,2.7780,139,0,0,0.340743,0.157307,14.3509
9,15,2.7980,140,0,0,0.336228,0.156447,14.3504
9,15,2.8180,141,0,0,0.331657,0.155439,14.3497
9,15,2.8380,142,0,0,0.327919,0.154039,14.3489
9,15,2.8580,143,0,0,0.325325,0.152067,14.3481
9,15,2.8780,144,0,0,0.323725,0.149432,14.3473
9,15,2.8980,145,0,0,0.323043,0.146243,14.3466
9,15,2.9180,146,0,0,0.323307,0.142817,14.3460
9,15,2.9380,147,0,0,0.324555,0.139753,14.3456
9,15,2.9580,148,0,0,0.326694,0.137887,14.3454
9,15,2.9780,149,0,0,0.329521,0.138248,14.3452
9,15,2.9980,150,0,0,0.332783,0.140930,14.3452
9,15,3.0180,151,0,0,0.336212,0.144651,14.3452
9,15,3.0380,152,0,0,0.339585,0.148454,14.3453
9,15,3.0580,153,0,0,0.342691,0.151866,14.3453
9,15,3.0780,154,0,0,0.345422,0.154703,14.3453
9,15,3.0980,155,0,0,0.347759,0.156895,14.3452
9,15,3.1180,156,0,0,0.349678,0.158533,14.3450
9,15,3.1380,157,0,0,0.351101,0.159684,14.3448
9,15,3.1580,158,0,0,0.351785,0.160417,14.3444
9,15,3.1780,159,0,0,0.352213,0.160802,14.3439
9,15,3.1980,160,0,0,0.352776,0.160775,14.3433
9,15,3.2180,161,0,0,0.353470,0.160464,14.3427
9,15,3.2380,162,0,0,0.354166,0.159939,14.3421
9,15,3.2580,163,0,0,0.354808,0.159266,14.3415
9,15,3.2780,164,0,0,0.355492,0.158486,14.3409
9,15,3.2980,165,0,0,0.356397,0.157647,14.3404
9,15,3.3180,166,0,0,0.357759,0.156797,14.3399
9,15,3.3380,167,0,0,0.359738,0.155967,14.3395
9,15,3.3580,168,0,0,0.362427,0.155169,14.3392
9,15,3.3780,169,0,0,0.365815,0.154402,14.3389
9,15,3.3980,170,0,0,0.369814,0.153652,14.3387
9,15,3.4180,171,0,0,0.374260,0.152861,14.3386
9,15,3.4380,172,0,0,0.378967,0.152088,14.3384
9,15,3.4580,173,0,0,0.383752,0.151341,14.3383
9,15,3.4780,174,0,0,0.388438,0.150663,14.3382
9,15,3.4980,175,0,0,0.392885,0.150139,14.3380
9,15,3.5180,176,0,0,0.397013,0.149889,14.3378
9,15,3.5380,177,0,0,0.400794,0.150047,14.3375
9,15,3.5580,178,0,0,0.404229,0.150695,14.3372
9,15,3.5780,179,0,0,0.407275,0.151811,14.3369
9,15,3.5980,180,0,0,0.410145,0.153260,14.3366
9,15,3.6180,181,0,0,0.413092,0.154901,14.3362
9,15,3.6380,182,0,0,0.416182,0.156605,14.3359
9,15,3.6580,183,0,0,0.419354,0.158273,14.3355
9,15,3.6780,184,0,0,0.422495,0.159827,14.3352
9,15,3.6980,185,0,0,0.425511,0.161216,14.3349
9,15,3.7180,186,0,0,0.428298,0.162418,14.3347
9,15,3.7380,187,0,0,0.430773,0.163452,14.3344
9,15,3.7580,188,0,0,0.432830,0.164337,14.3342
9,15,3.7780,189,0,0,0.434393,0.165141,14.3340
9,15,3.7980,190,0,0,0.435412,0.165892,14.3339
9,15,3.8180,191,0,0,0.435864,0.166697,14.3337
9,15,3.8380,192,0,0,0.435825,0.167546,14.3335
9,15,3.8580,193,0,0,0.435314,0.168379,14.3333
9,15,3.8780,194,0,0,0.434347,0.169207,14.3332
9,15,3.8980,195,0,0,0.433109,0.170041,14.3330
9,15,3.9180,196,0,0,0.431642,0.171996,14.3327
9,15,3.9380,197,0,0,0.430133,0.173392,14.3324
9,15,3.9580,198,0,0,0.428675,0.174241,14.3320
9,15,3.9780,199,0,0,0.427678,0.174864,14.3316
9,15,3.9980,200,0,0,0.427142,0.175512,14.3310
9,15,4.0180,201,0,0,0.426837,0.176211,14.3305
9,15,4.0380,202,0,0,0.426625,0.176934,14.3299
9,15,4.0580,203,0,0,0.426548,0.180150,14.3293
9,15,4.0780,204,0,0,0.426690,0.182626,14.3287
9,15,4.0980,205,0,0,0.428002,0.183835,14.3279
9,15,4.1180,206,0,0,0.431525,0.184586,14.3272
9,15,4.1380,207,0,0,0.436368,0.187585,14.3264
9,15,4.1580,208,0,0,0.440975,0.187360,14.3255
9,15,4.1780,209,0,0,0.444061,0.185797,14.3246
9,15,4.1980,210,0,0,0.446313,0.184026,14.3237
9,15,4.2180,211,0,0,0.448381,0.182223,14.3229
9,15,4.2380,212,0,0,0.449728,0.180574,14.3222
9,15,4.2580,213,0,0,0.449547,0.177958,14.3217
9,15,4.2780,214,0,0,0.448234,0.177092,14.3212
9,15,4.2980,215,0,0,0.434445,0.176837,14.3207
9,15,4.3180,216,0,0,0.430456,0.176438,14.3203
9,15,4.3380,217,0,0,0.431080,0.175917,14.3200
9,15,4.3580,218,0,0,0.434369,0.176284,14.3197
9,15,4.3780,219,0,0,0.439234,0.176877,14.3194
9,15,4.3980,220,0,0,0.444721,0.177497,14.3190
9,15,4.4180,221,0,0,0.450118,0.177908,14.3186
9,15,4.4380,222,0,0,0.455063,0.178058,14.3181
9,15,4.4580,223,0,0,0.459651,0.178035,14.3175
9,15,4.4780,224,0,0,0.464214,0.177947,14.3170
9,15,4.4980,225,0,0,0.468447,0.177876,14.3164
9,15,4.5180,226,0,0,0.471850,0.177690,14.3158
9,15,4.5380,227,0,0,0.474004,0.177435,14.3152
9,15,4.5580,228,0,0,0.474642,0.177102,14.3146
9,15,4.5780,229,0,0,0.473858,0.176703,14.3140
9,15,4.5980,230,0,0,0.472324,0.176284,14.3134
9,15,4.6180,231,0,0,0.470021,0.175936,14.3128
9,15,4.6380,232,0,0,0.467056,0.175769,14.3123
9,15,4.6580,233,0,0,0.463856,0.175835,14.3118
9,15,4.6780,234,0,0,0.460802,0.176061,14.3113
9,15,4.6980,235,0,0,0.458069,0.176413,14.3108
9,15,4.7180,236,0,0,0.455618,0.176747,14.3103
9,15,4.7380,237,0,0,0.453376,0.177052,14.3098
9,15,4.7580,238,0,0,0.451506,0.177293,14.3094
9,15,4.7780,239,0,0,0.450319,0.177497,14.3090
9,15,4.7980,240,0,0,0.450003,0.177686,14.3087
9,15,4.8180,241,0,0,0.450554,0.177928,14.3083
9,15,4.8380,242,0,0,0.451912,0.178248,14.3080
9,15,4.8580,243,0,0,0.453952,0.178673,14.3077
9,15,4.8780,244,0,0,0.456504,0.179011,14.3074
9,15,4.8980,245,0,0,0.459429,0.179770,14.3071
9,15,4.9180,246,0,0,0.462708,0.180840,14.3068
9,15,4.9380,247,0,0,0.466234,0.182012,14.3065
9,15,4.9580,248,0,0,0.469925,0.183250,14.3061
9,15,4.9780,249,0,0,0.473806,0.184538,14.3058
9,15,4.9980,250,0,0,0.477830,0.185904,14.3053
9,15,5.0180,251,0,0,0.482039,0.187370,14.3049
9,15,5.0380,252,0,0,0.486289,0.189041,14.3044
9,15,5.0580,253,0,0,0.490318,0.190932,14.3039
9,15,5.0780,254,0,0,0.493890,0.193056,14.3033
9,15,5.0980,255,0,0,0.496946,0.195444,14.3026
9,15,5.1180,256,0,0,0.499503,0.196330,14.3020
9,15,5.1380,257,0,0,0.501433,0.196459,14.3013
9,15,5.1580,258,0,0,0.502202,0.197111,14.3006
9,15,5.1780,259,0,0,0.501606,0.198594,14.3000
9,15,5.1980,260,0,0,0.500946,0.200515,14.2993
9,15,5.2180,261,0,0,0.501933,0.202770,14.2987
9,15,5.2380,262,0,0,0.505086,0.204887,14.2979
9,15,5.2580,263,0,0,0.509492,0.206968,14.2971
9,15,5.2780,264,0,0,0.514377,0.209040,14.2963
9,15,5.2980,265,0,0,0.519375,0.211095,14.2955
9,15,5.3180,266,0,0,0.524327,0.213124,14.2946
9,15,5.3380,267,0,0,0.529157,0.215099,14.2937
9,15,5.3580,268,0,0,0.533829,0.217032,14.2929
9,15,5.3780,269,0,0,0.538373,0.218979,14.2920
9,15,5.3980,270,0,0,0.542895,0.220915,14.2911
9,15,5.4180,271,0,0,0.547512,0.222867,14.2903
9,15,5.4380,272,0,0,0.552445,0.225024,14.2894
9,15,5.4580,273,0,0,0.557814,0.227153,14.2885
9,15,5.4780,274,0,0,0.563039,0.229297,14.2876
9,15,5.4980,275,0,0,0.568073,0.231219,14.2867
9,15,5.5180,276,0,0,0.573202,0.233242,14.2857
9,15,5.5380,277,0,0,0.578322,0.235381,14.2848
9,15,5.5580,278,0,0,0.583504,0.237645,14.2839
9,15,5.5780,279,0,0,0.589124,0.240042,14.2829
9,15,5.5980,280,0,0,0.595481,0.242564,14.2819
9,15,5.6180,281,0,0,0.602596,0.245190,14.2810
9,15,5.6380,282,0,0,0.610377,0.247893,14.2799
9,15,5.6580,283,0,0,0.618687,0.250660,14.2789
9,15,5.6780,284,0,0,0.627381,0.253485,14.2778
9,15,5.6980,285,0,0,0.636300,0.256356,14.2767
9,15,5.7180,286,0,0,0.645340,0.259260,14.2756
9,15,5.7380,287,0,0,0.654536,0.262275,14.2744
9,15,5.7580,288,0,0,0.664050,0.265362,14.2732
9,15,5.7780,289,0,0,0.673887,0.268567,14.2720
9,15,5.7980,290,0,0,0.683823,0.271824,14.2707
9,15,5.8180,291,0,0,0.693691,0.275127,14.2694
9,15,5.8380,292,0,0,0.703523,0.278474,14.2680
9,15,5.8580,293,0,0,0.713465,0.281873,14.2666
9,15,5.8780,294,0,0,0.723677,0.285341,14.2651
9,15,5.8980,295,0,0,0.734242,0.288904,14.2636
9,15,5.9180,296,0,0,0.745175,0.292566,14.2620
9,15,5.9380,297,0,0,0.756686,0.298092,14.2604
9,15,5.9580,298,0,0,0.769006,0.303255,14.2586
9,15,5.9780,299,0,0,0.779713,0.307850,14.2567
9,15,5.9980,300,0,0,0.787700,0.311630,14.2547
9,15,6.0180,301,0,0,0.795227,0.314894,14.2528
9,15,6.0380,302,0,0,0.803899,0.318169,14.2509
9,15,6.0580,303,0,0,0.814622,0.321768,14.2490
9,15,6.0780,304,0,0,0.827780,0.325906,14.2471
9,15,6.0980,305,0,0,0.843251,0.330547,14.2451
9,15,6.1180,306,0,0,0.860382,0.335656,14.2431
9,15,6.1380,307,0,0,0.878497,0.365521,14.2409
9,15,6.1580,308,0,0,0.896180,0.374393,14.2382
9,15,6.1780,309,0,0,0.911959,0.375306,14.2348
9,15,6.1980,310,0,0,0.929737,0.376679,14.2311
9,15,6.2180,311,0,0,0.954309,0.379164,14.2273
9,15,6.2380,312,0,0,0.984699,0.382621,14.2235
9,15,6.2580,313,0,0,1.016134,0.387296,14.2198
9,15,6.2780,314,0,0,1.044005,0.392632,14.2162
9,15,6.2980,315,0,0,1.060838,0.399157,14.2122
9,15,6.3180,316,0,0,1.069821,0.406373,14.2082
9,15,6.3380,317,0,0,1.075369,0.412938,14.2045
9,15,6.3580,318,0,0,1.078083,0.419089,14.2011
9,15,6.3780,319,0,0,1.078538,0.425057,14.1979
9,15,6.3980,320,0,0,1.077767,0.430906,14.1949
9,15,6.4180,321,0,0,1.077326,0.437094,14.1921
9,15,6.4380,322,0,0,1.079078,0.443169,14.1893
9,15,6.4580,323,0,0,1.084199,0.448511,14.1866
9,15,6.4780,324,0,0,1.092754,0.453195,14.1839
9,15,6.4980,325,0,0,1.104102,0.458048,14.1812
9,15,6.5180,326,0,0,1.117254,0.465375,14.1784
9,15,6.5380,327,0,0,1.131462,0.476155,14.1754
9,15,6.5580,328,0,0,1.146948,0.487324,14.1723
9,15,6.5780,329,0,0,1.164076,0.498006,14.1689
9,15,6.5980,330,0,0,1.183434,0.508073,14.1653
9,15,6.6180,331,0,0,1.206221,0.517234,14.1615
9,15,6.6380,332,0,0,1.233676,0.525674,14.1576
9,15,6.6580,333,0,0,1.265422,0.533760,14.1534
9,15,6.6780,334,0,0,1.300791,0.541236,14.1490
9,15,6.6980,335,0,0,1.339119,0.548906,14.1444
9,15,6.7180,336,0,0,1.379941,0.556525,14.1394
9,15,6.7380,337,0,0,1.422585,0.564013,14.1342
9,15,6.7580,338,0,0,1.466561,0.571448,14.1287
9,15,6.7780,339,0,0,1.511000,0.579525,14.1229
9,15,6.7980,340,0,0,1.554777,0.587981,14.1169
9,15,6.8180,341,0,0,1.597159,0.596761,14.1106
9,15,6.8380,342,0,0,1.638019,0.606798,14.1041
9,15,6.8580,343,0,0,1.677811,0.618160,14.0972
9,15,6.8780,344,0,0,1.717097,0.630284,14.0900
9,15,6.8980,345,0,0,1.756358,0.643302,14.0824
9,15,6.9180,346,0,0,1.793902,0.657347,14.0746
9,15,6.9380,347,0,0,1.828680,0.671698,14.0665
9,15,6.9580,348,0,0,1.861143,0.686500,14.0582
9,15,6.9780,349,0,0,1.892656,0.701971,14.0496
9,15,6.9980,350,0,0,1.924403,0.717964,14.0408
9,15,7.0180,351,0,0,1.957147,0.734500,14.0318
9,15,7.0380,352,0,0,1.990886,0.751909,14.0226
9,15,7.0580,353,0,0,2.025497,0.769573,14.0132
9,15,7.0780,354,0,0,2.061064,0.787684,14.0036
9,15,7.0980,355,0,0,2.097725,0.806484,13.9937
9,15,7.1180,356,0,0,2.135309,0.825856,13.9835
9,15,7.1380,357,0,0,2.174114,0.845613,13.9730
9,15,7.1580,358,0,0,2.214855,0.865658,13.9622
9,15,7.1780,359,0,0,2.258076,0.886032,13.9511
9,15,7.1980,360,0,0,2.303942,0.906465,13.9395
9,15,7.2180,361,0,0,2.352553,0.927092,13.9274
9,15,7.2380,362,0,0,2.403637,0.948015,13.9149
9,15,7.2580,363,0,0,2.457058,0.969192,13.9017
9,15,7.2780,364,0,0,2.512752,0.990590,13.8879
9,15,7.2980,365,0,0,2.570664,1.012306,13.8735
9,15,7.3180,366,0,0,2.630695,1.034281,13.8584
9,15,7.3380,367,0,0,2.692651,1.056641,13.8426
9,15,7.3580,368,0,0,2.756233,1.079646,13.8260
9,15,7.3780,369,0,0,2.821142,1.103005,13.8087
9,15,7.3980,370,0,0,2.887299,1.126838,13.7907
9,15,7.4180,371,0,0,2.954566,1.151598,13.7718
9,15,7.4380,372,0,0,3.022584,1.177193,13.7522
9,15,7.4580,373,0,0,3.090947,1.203613,13.7318
9,15,7.4780,374,0,0,3.159374,1.231451,13.7107
9,15,7.4980,375,0,0,3.227810,1.259981,13.6887
9,15,7.5180,376,0,0,3.296449,1.289282,13.6659
9,15,7.5380,377,0,0,3.365700,1.319646,13.6422
9,15,7.5580,378,0,0,3.435853,1.350729,13.6176
9,15,7.5780,379,0,0,3.506979,1.382549,13.5921
9,15,7.5980,380,0,0,3.579303,1.415636,13.5656
9,15,7.6180,381,0,0,3.653048,1.449367,13.5380
9,15,7.6380,382,0,0,3.728494,1.483746,13.5093
9,15,7.6580,383,0,0,3.805798,1.518746,13.4795
9,15,7.6780,384,0,0,3.885182,1.554653,13.4485
9,15,7.6980,385,0,0,3.966679,1.592013,13.4163
9,15,7.7180,386,0,0,4.050382,1.628542,13.3828
9,15,7.7380,387,0,0,4.134425,1.664645,13.3480
9,15,7.7580,388,0,0,4.217216,1.702485,13.3119
9,15,7.7780,389,0,0,4.302539,1.742313,13.2746
9,15,7.7980,390,0,0,4.392259,1.783850,13.2359
9,15,7.8180,391,0,0,4.486764,1.828045,13.1957
9,15,7.8380,392,0,0,4.588181,1.871327,13.1539
9,15,7.8580,393,0,0,4.697151,1.916429,13.1103
9,15,7.8780,394,0,0,4.814716,1.963645,13.0646
9,15,7.8980,395,0,0,4.939173,2.012020,13.0169
9,15,7.9180,396,0,0,5.067317,2.061190,12.9668
9,15,7.9380,397,0,0,5.196859,2.111054,12.9142
9,15,7.9580,398,0,0,5.327737,2.162107,12.8590
9,15,7.9780,399,0,0,5.458774,2.214826,12.8011
9,15,7.9980,400,0,0,5.589926,2.268683,12.7404
9,15,8.0180,401,0,0,5.721860,2.324436,12.6769
9,15,8.0380,402,0,0,5.853679,2.381111,12.6104
9,15,8.0580,403,0,0,5.983863,2.436913,12.5410
9,15,8.0780,404,0,0,6.114408,2.491987,12.4685
9,15,8.0980,405,0,0,6.245986,2.551052,12.3929
9,15,8.1180,406,0,0,6.382227,2.618280,12.3144
9,15,8.1380,407,0,0,6.519815,2.685362,12.2329
9,15,8.1580,408,0,0,6.654582,2.751964,12.1485
9,15,8.1780,409,0,0,6.787403,2.824947,12.0609
9,15,8.1980,410,0,0,6.919911,2.901461,11.9701
9,15,8.2180,411,0,0,7.049912,2.989541,11.8760
9,15,8.2380,412,0,0,7.168696,3.075327,11.7783
9,15,8.2580,413,0,0,7.291884,3.158464,11.6768
9,15,8.2780,414,0,0,7.418216,3.240077,11.5718
9,15,8.2980,415,0,0,7.544120,3.326446,11.4631
9,15,8.3180,416,0,0,7.671510,3.417020,11.3508
9,15,8.3380,417,0,0,7.800849,3.511458,11.2347
9,15,8.3580,418,0,0,7.932132,3.610504,11.1150
9,15,8.3780,419,0,0,8.065238,3.711846,10.9915
9,15,8.3980,420,0,0,8.200056,3.816866,10.8644
9,15,8.4180,421,0,0,8.336476,3.924369,10.7337
9,15,8.4380,422,0,0,8.474401,4.033876,10.5992
9,15,8.4580,423,0,0,8.613731,4.145582,10.4612
9,15,8.4780,424,0,0,8.754382,4.258073,10.3194
9,15,8.4980,425,0,0,8.896265,4.371929,10.1741
9,15,8.5180,426,0,0,9.039303,4.486899,10.0251
9,15,8.5380,427,0,0,9.183419,4.602348,9.8725
9,15,8.5580,428,0,0,9.328546,4.718729,9.7163
9,15,8.5780,429,0,0,9.474613,4.835956,9.5564
9,15,8.5980,430,0,0,9.621559,4.953900,9.3930
9,15,8.6180,431,0,0,9.769326,5.072543,9.2260
9,15,8.6380,432,0,0,9.917858,5.191847,9.0554
9,15,8.6580,433,0,0,10.067101,5.311751,8.8812
9,15,8.6780,434,0,0,10.217008,5.432213,8.7034
9,15,8.6980,435,0,0,10.367530,5.553168,8.5221
9,15,8.7180,436,0,0,10.518624,5.674511,8.3372
9,15,8.7380,437,0,0,10.670248,5.796209,8.1488
9,15,8.7580,438,0,0,10.822364,5.918213,7.9568
9,15,8.7780,439,0,0,10.974934,6.040481,7.7613
9,15,8.7980,440,0,0,11.127921,6.167146,7.5623
9,15,8.8180,441,0,0,11.281295,6.289850,7.3597
9,15,8.8380,442,0,0,11.435023,6.412264,7.1536
9,15,8.8580,443,0,0,11.589077,6.537328,6.9440
9,15,8.8780,444,0,0,11.743428,6.664051,6.7309
9,15,8.8980,445,0,0,11.898050,6.786690,6.5144
9,15,8.9180,446,0,0,12.052917,6.908738,6.2943
9,15,8.9380,447,0,0,12.208006,7.032591,6.0708
9,15,8.9580,448,0,0,12.363295,7.148408,5.8437
9,15,8.9780,449,0,0,12.518762,7.262418,5.6132
9,15,8.9980,450,0,0,12.674385,7.382646,5.3793
9,15,9.0180,451,0,0,12.830148,7.507287,5.1419
9,15,9.0380,452,0,0,12.986032,7.633425,4.9011
9,15,9.0580,453,0,0,13.142016,7.759900,4.6568
9,15,9.0780,454,0,0,13.298090,7.885723,4.4091
9,15,9.0980,455,0,0,13.454234,8.008092,4.1579
9,15,9.1180,456,0,0,13.610435,8.124860,3.9034
9,15,9.1380,457,0,0,13.766678,8.074514,3.6454
9,15,9.1580,458,0,0,13.922950,8.174494,3.4114
9,15,9.1780,459,0,0,14.079238,8.295998,3.4045
9,15,9.1980,460,0,0,14.235530,8.421220,3.3971
9,15,9.2180,461,0,0,14.391814,7.525625,3.3893
9,15,9.2380,462,0,0,14.548079,6.419579,3.3814
9,15,9.2580,463,0,0,14.704316,6.224407,3.3734
9,15,9.2780,464,0,0,14.860514,5.540869,3.3650
9,15,9.2980,465,0,0,15.178850,5.026357,3.3559
9,15,9.3180,466,0,0,15.625971,4.858072,3.3462
9,15,9.3380,467,0,0,15.775992,4.091735,3.3358
9,15,9.3580,468,0,0,15.484732,2.907871,3.3250
9,15,9.3780,469,0,0,4.088605,1.998865,3.3137
9,15,9.3980,470,0,0,4.137600,1.946458,3.3019
9,15,9.4180,471,0,0,4.204857,1.938776,3.2897
9,15,9.4380,472,0,0,4.279622,1.881963,3.2767
9,15,9.4580,473,0,0,3.356832,1.715175,3.2627
9,15,9.4780,474,0,0,2.685355,1.573108,3.2476
9,15,9.4980,475,0,0,2.560979,1.547422,3.2313
9,15,9.5180,476,0,0,2.521870,1.480842,3.2140
9,15,9.5380,477,0,0,2.509665,1.462705,3.1956
9,15,9.5580,478,0,0,2.474576,1.439846,3.1762
9,15,9.5780,479,0,0,2.471653,1.419325,3.1556
9,15,9.5980,480,0,0,2.530351,1.396764,3.1337
9,15,9.6180,481,0,0,2.612741,1.300812,3.1104
9,15,9.6380,482,0,0,2.697783,1.292643,3.0857
9,15,9.6580,483,0,0,2.786231,1.294947,3.0594
9,15,9.6780,484,0,0,2.879413,1.270427,3.0314
9,15,9.6980,485,0,0,2.976812,1.218542,3.0017
9,15,9.7180,486,0,0,3.077705,1.222644,2.9701
9,15,9.7380,487,0,0,3.181835,1.108690,2.9364
9,15,9.7580,488,0,0,3.287798,1.088102,2.9006
9,15,9.7780,489,0,0,3.398479,1.086184,2.8626
9,15,9.7980,490,0,0,3.513300,1.078195,2.8220
9,15,9.8180,491,0,0,3.632227,0.981941,2.7787
9,15,9.8380,492,0,0,3.757350,0.943390,2.7327
9,15,9.8580,493,0,0,3.889073,0.896044,2.6836
9,15,9.8780,494,0,0,4.023772,0.884377,2.6315
9,15,9.8980,495,0,0,4.158751,0.886100,2.5762
9,15,9.9180,496,0,0,4.295796,0.840247,2.5177
9,15,9.9380,497,0,0,4.437223,0.837340,2.4558
9,15,9.9580,498,0,0,4.582283,0.837429,2.3904
9,15,9.9780,499,0,0,4.727281,0.840324,2.3212
9,15,9.9980,500,0,0,4.868822,0.845786,2.2484
9,15,10.0180,501,0,0,5.009068,0.855223,2.1718
9,15,10.0380,502,0,0,5.152194,0.869707,2.0914
9,15,10.0580,503,0,0,5.297962,0.891819,2.0073
9,15,10.0780,504,0,0,5.444442,0.924158,1.9195
9,15,10.0980,505,0,0,5.592907,0.961392,1.8279
9,15,10.1180,506,1,0,5.743341,0.999514,1.7325
9,15,10.1380,507,1,0,5.895558,1.038483,1.6334
9,15,10.1580,508,1,0,6.049390,1.078858,1.5306
9,15,10.1780,509,1,0,6.204681,1.120202,1.4844
9,15,10.1980,510,1,0,6.361296,1.162548,1.4844
9,15,10.2180,511,1,0,6.519107,1.205771,1.4844
9,15,10.2380,512,2,0,6.677999,1.249854,1.4844
9,15,10.2580,513,2,0,6.837866,1.257401,1.4844
9,15,10.2780,514,2,0,6.998615,1.180685,1.4844
9,15,10.2980,515,3,0,7.160157,1.204234,1.4844
9,15,10.3180,516,7,0,7.804646,0.875468,1.4844
9,15,10.3380,517,7,0,7.957097,0.716021,1.4844
9,15,10.3580,518,7,0,1.280671,0.206875,1.4844
9,15,10.3780,519,7,0,1.203136,0.187573,1.4844
9,15,10.3980,520,7,0,1.128809,0.161486,1.4844
9,15,10.4180,521,7,0,1.058152,0.140048,1.4844
9,15,10.4380,522,7,0,0.991948,0.112743,1.4844
9,15,10.4580,523,7,0,0.902954,0.091766,1.4844
9,15,10.4780,524,8,0,0.736977,0.079583,1.4844
9,15,10.4980,525,8,0,0.515595,0.059061,1.4844
9,15,10.5180,526,8,0,0.178288,0.029776,1.4844
9,15,10.5380,527,8,0,0.083231,0.010544,1.4844
9,15,10.5580,528,8,0,0.000405,0.000055,1.4844
9,15,10.5780,529,8,0,0.002960,0.000296,1.4844
9,15,10.5980,530,8,0,0.001702,0.000165,1.4844
9,15,10.6180,531,8,0,0.000822,0.000068,1.4844
9,15,10.6380,532,8,0,0.000389,0.000036,1.4844
9,15,10.6580,533,8,0,0.000398,0.000043,1.4844
9,15,10.6780,534,8,0,0.000112,0.000011,1.4844
9,15,10.6980,535,8,0,0.000006,0.000001,1.4844
9,15,10.7180,536,8,0,0.000006,0.000001,1.4844
9,15,10.7380,537,8,0,0.000006,0.000001,1.4844
9,15,10.7580,538,8,0,0.000006,0.000001,1.4844
9,15,10.7780,539,8,0,0.000005,0.000001,1.4844
9,15,10.7980,540,11,0,0.000006,0.000001,1.4844
9,15,10.8180,541,11,0,0.000006,0.000001,1.4844
9,15,10.8380,542,11,0,0.000006,0.000001,1.4844
9,15,10.8580,543,12,0,0.000006,0.000001,1.4844
9,15,10.8780,544,12,0,0.000006,0.000001,1.4844
9,15,10.8980,545,12,0,0.000006,0.000001,1.4844
9,15,10.9180,546,12,0,0.000006,0.000001,1.4844
9,15,10.9380,547,12,0,0.000006,0.000001,1.4844
9,15,10.9580,548,12,0,0.000006,0.000001,1.4844
9,15,10.9780,549,12,0,0.000007,0.000001,1.4844
9,15,10.9980,550,12,0,0.000007,0.000001,1.4844
9,15,11.0180,551,15,0,0.000000,0.000000,1.4844
10,15,0.0180,1,0,0,0.000000,0.000000,14.5000
10,15,0.0380,2,0,0,0.195960,0.152283,14.4961
10,15,0.0580,3,0,0,0.383416,0.266674,14.4884
10,15,0.0780,4,0,0,0.529475,0.342382,14.4778
10,15,0.0980,5,0,0,0.605207,0.379120,14.4657
10,15,0.1180,6,0,0,0.605879,0.377342,14.4536
10,15,0.1380,7,0,0,0.543593,0.341568,14.4427
10,15,0.1580,8,0,0,0.435885,0.276863,14.4340
10,15,0.1780,9,0,0,0.299505,0.192516,14.4280
10,15,0.1980,10,0,0,0.150011,0.097696,14.4251
10,15,0.2180,11,0,0,0.020526,0.011084,14.4251
10,15,0.2380,12,0,0,0.135353,0.085154,14.4277
10,15,0.2580,13,0,0,0.242142,0.153299,14.4326
10,15,0.2780,14,0,0,0.315281,0.200184,14.4389
10,15,0.2980,15,0,0,0.350476,0.222546,14.4459
10,15,0.3180,16,0,0,0.347661,0.220661,14.4528
10,15,0.3380,17,0,0,0.310638,0.197171,14.4590
10,15,0.3580,18,0,0,0.246485,0.156711,14.4640
10,15,0.3780,19,0,0,0.162935,0.105562,14.4672
10,15,0.3980,20,0,0,0.074395,0.051181,14.4687
10,15,0.4180,21,0,0,0.027110,0.019819,14.4684
10,15,0.4380,22,0,0,0.097971,0.061549,14.4665
10,15,0.4580,23,0,0,0.158451,0.098786,14.4634
10,15,0.4780,24,0,0,0.198416,0.123950,14.4595
10,15,0.4980,25,0,0,0.216168,0.135668,14.4552
10,15,0.5180,26,0,0,0.224101,0.136916,14.4508
10,15,0.5380,27,0,0,0.208603,0.128764,14.4467
10,15,0.5580,28,0,0,0.172319,0.109997,14.4435
10,15,0.5780,29,0,0,0.131700,0.083570,14.4411
10,15,0.5980,30,0,0,0.097987,0.056158,14.4399
10,15,0.6180,31,0,0,0.085052,0.040131,14.4397
10,15,0.6380,32,0,0,0.096402,0.050083,14.4405
10,15,0.6580,33,0,0,0.117741,0.068826,14.4420
10,15,0.6780,34,0,0,0.136295,0.083898,14.4442
10,15,0.6980,35,0,0,0.146171,0.091927,14.4466
10,15,0.7180,36,0,0,0.134290,0.091280,14.4488
10,15,0.7380,37,0,0,0.123390,0.083075,14.4508
10,15,0.7580,38,0,0,0.109798,0.070120,14.4525
10,15,0.7780,39,0,0,0.092954,0.054621,14.4536
10,15,0.7980,40,0,0,0.078016,0.040040,14.4542
10,15,0.8180,41,0,0,0.073585,0.032649,14.4540
10,15,0.8380,42,0,0,0.080976,0.036621,14.4534
10,15,0.8580,43,0,0,0.092807,0.043394,14.4522
10,15,0.8780,44,0,0,0.102494,0.049231,14.4508
10,15,0.8980,45,0,0,0.107152,0.052291,14.4493
10,15,0.9180,46,0,0,0.106137,0.051779,14.4478
10,15,0.9380,47,0,0,0.100050,0.047789,14.4465
10,15,0.9580,48,0,0,0.090408,0.041310,14.4454
10,15,0.9780,49,0,0,0.079496,0.034160,14.4447
10,15,0.9980,50,0,0,0.070612,0.029073,14.4444
10,15,1.0180,51,0,0,0.066766,0.028999,14.4444
10,15,1.0380,52,0,0,0.068282,0.033171,14.4448
10,15,1.0580,53,0,0,0.072785,0.038546,14.4454
10,15,1.0780,54,0,0,0.077376,0.043131,14.4462
10,15,1.0980,55,0,0,0.080215,0.046035,14.4471
10,15,1.1180,56,0,0,0.080610,0.047104,14.4480
10,15,1.1380,57,0,0,0.078305,0.046730,14.4487
10,15,1.1580,58,0,0,0.074235,0.045621,14.4494
10,15,1.1780,59,0,0,0.069943,0.044567,14.4498
10,15,1.1980,60,0,0,0.066880,0.044194,14.4499
10,15,1.2180,61,0,0,0.065848,0.044750,14.4499
10,15,1.2380,62,0,0,0.066655,0.045977,14.4497
10,15,1.2580,63,0,0,0.068440,0.047329,14.4493
10,15,1.2780,64,0,0,0.070213,0.048278,14.4488
10,15,1.2980,65,0,0,0.071280,0.048498,14.4483
10,15,1.3180,66,0,0,0.071426,0.047915,14.4478
10,15,1.3380,67,0,0,0.070901,0.046676,14.4474
10,15,1.3580,68,0,0,0.070261,0.045069,14.4471
10,15,1.3780,69,0,0,0.070148,0.043426,14.4468
10,15,1.3980,70,0,0,0.071044,0.042017,14.4468
10,15,1.4180,71,0,0,0.073116,0.040955,14.4468
10,15,1.4380,72,0,0,0.076231,0.040287,14.4470
10,15,1.4580,73,0,0,0.080064,0.039922,14.4472
10,15,1.4780,74,0,0,0.084305,0.039747,14.4475
10,15,1.4980,75,0,0,0.088750,0.039683,14.4478
10,15,1.5180,76,0,0,0.093310,0.039700,14.4481
10,15,1.5380,77,0,0,0.097972,0.039819,14.4484
10,15,1.5580,78,0,0,0.102738,0.040102,14.4486
10,15,1.5780,79,0,0,0.107581,0.040620,14.4487
10,15,1.5980,80,0,0,0.112425,0.041407,14.4487
10,15,1.6180,81,0,0,0.117163,0.042434,14.4486
10,15,1.6380,82,0,0,0.121656,0.043610,14.4485
10,15,1.6580,83,0,0,0.125757,0.044817,14.4483
10,15,1.6780,84,0,0,0.129340,0.045949,14.4481
10,15,1.6980,85,0,0,0.132323,0.046938,14.4479
10,15,1.7180,86,0,0,0.134678,0.047765,14.4477
10,15,1.7380,87,0,0,0.136424,0.048440,14.4475
10,15,1.7580,88,0,0,0.137606,0.048996,14.4474
10,15,1.7780,89,0,0,0.138284,0.049464,14.4473
10,15,1.7980,90,0,0,0.138511,0.049863,14.4472
10,15,1.8180,91,0,0,0.138326,0.050193,14.4472
10,15,1.8380,92,0,0,0.137763,0.050446,14.4472
10,15,1.8580,93,0,0,0.136861,0.050616,14.4473
10,15,1.8780,94,0,0,0.135681,0.050689,14.4474
10,15,1.8990,95,0,0,0.134258,0.050689,14.4474
10,15,1.9180,96,0,0,0.132633,0.050652,14.4475
10,15,1.9380,97,0,0,0.130833,0.050636,14.4476
10,15,1.9580,98,0,0,0.128892,0.050705,14.4476
10,15,1.9780,99,0,0,0.126869,0.050920,14.4476
10,15,1.9980,100,0,0,0.124816,0.051324,14.4476
10,15,2.0180,101,0,0,0.122764,0.051933,14.4475
10,15,2.0380,102,0,0,0.120746,0.052728,14.4475
10,15,2.0580,103,0,0,0.118878,0.053656,14.4474
10,15,2.0780,104,0,0,0.117258,0.054672,14.4473
10,15,2.0980,105,0,0,0.115917,0.055740,14.4473
10,15,2.1180,106,0,0,0.114858,0.056833,14.4472
10,15,2.1380,107,0,0,0.114080,0.057925,14.4472
10,15,2.1580,108,0,0,0.113607,0.058991,14.4471
10,15,2.1780,109,0,0,0.113465,0.060010,14.4471
10,15,2.1980,110,0,0,0.113676,0.060960,14.4471
10,15,2.2180,111,0,0,0.114244,0.061823,14.4471
10,15,2.2380,112,0,0,0.115152,0.062582,14.4471
10,15,2.2580,113,0,0,0.116374,0.063226,14.4471
10,15,2.2780,114,0,0,0.117878,0.063745,14.4471
10,15,2.2980,115,0,0,0.119618,0.064134,14.4472
10,15,2.3180,116,0,0,0.121572,0.064391,14.4472
10,15,2.3380,117,0,0,0.123717,0.064518,14.4472
10,15,2.3580,118,0,0,0.126030,0.064518,14.4472
10,15,2.3780,119,0,0,0.128494,0.064395,14.4471
10,15,2.3980,120,0,0,0.131095,0.064158,14.4471
10,15,2.4180,121,0,0,0.133818,0.063813,14.4471
10,15,2.4380,122,0,0,0.136648,0.063371,14.4470
10,15,2.4580,123,0,0,0.139570,0.062828,14.4470
10,15,2.4780,124,0,0,0.142562,0.062230,14.4469
10,15,2.4980,125,0,0,0.145587,0.061589,14.4469
10,15,2.5180,126,0,0,0.148633,0.060920,14.4468
10,15,2.5380,127,0,0,0.151692,0.060245,14.4467
10,15,2.5580,128,0,0,0.154748,0.059590,14.4467
10,15,2.5780,129,0,0,0.157774,0.058989,14.4466
10,15,2.5980,130,0,0,0.160730,0.058480,14.4466
10,15,2.6180,131,0,0,0.163608,0.058113,14.4466
10,15,2.6380,132,0,0,0.166355,0.057953,14.4465
10,15,2.6580,133,0,0,0.168898,0.058038,14.4465
10,15,2.6780,134,0,0,0.171184,0.058328,14.4465
10,15,2.6980,135,0,0,0.173202,0.058776,14.4464
10,15,2.7180,136,0,0,0.174950,0.059339,14.4464
10,15,2.7380,137,0,0,0.176416,0.059984,14.4463
10,15,2.7580,138,0,0,0.177588,0.060679,14.4463
10,15,2.7780,139,0,0,0.178459,0.061393,14.4462
10,15,2.7980,140,0,0,0.178962,0.062098,14.4461
10,15,2.8180,141,0,0,0.179136,0.062772,14.4461
10,15,2.8380,142,0,0,0.179121,0.063402,14.4461
10,15,2.8580,143,0,0,0.179007,0.063986,14.4460
10,15,2.8780,144,0,0,0.178811,0.064533,14.4460
10,15,2.8980,145,0,0,0.178509,0.065049,14.4460
10,15,2.9180,146,0,0,0.178067,0.065545,14.4460
10,15,2.9380,147,0,0,0.177455,0.066035,14.4460
10,15,2.9580,148,0,0,0.176668,0.066509,14.4460
10,15,2.9780,149,0,0,0.175722,0.066971,14.4460
10,15,2.9980,150,0,0,0.174657,0.067446,14.4461
10,15,3.0180,151,0,0,0.173533,0.076897,14.4460
10,15,3.0380,152,0,0,0.173055,0.078309,14.4458
10,15,3.0580,153,0,0,0.178635,0.079689,14.4449
10,15,3.0780,154,0,0,0.186626,0.085490,14.4435
10,15,3.0980,155,0,0,0.183215,0.088547,14.4421
10,15,3.1180,156,0,0,0.170491,0.089251,14.4408
10,15,3.1380,157,0,0,0.153489,0.089970,14.4396
10,15,3.1580,158,0,0,0.136188,0.090406,14.4388
10,15,3.1780,159,0,0,0.137245,0.090183,14.4382
10,15,3.1980,160,0,0,0.138861,0.090120,14.4380
10,15,3.2180,161,0,0,0.139718,0.087492,14.4380
10,15,3.2380,162,0,0,0.143870,0.082512,14.4382
10,15,3.2580,163,0,0,0.148241,0.083078,14.4385
10,15,3.2780,164,0,0,0.149734,0.083453,14.4388
10,15,3.2980,165,0,0,0.148515,0.082690,14.4392
10,15,3.3180,166,0,0,0.145887,0.081313,14.4397
10,15,3.3380,167,0,0,0.142019,0.080161,14.4401
10,15,3.3580,168,0,0,0.149808,0.079600,14.4404
10,15,3.3780,169,0,0,0.164492,0.079389,14.4407
10,15,3.3980,170,0,0,0.178996,0.079302,14.4409
10,15,3.4180,171,0,0,0.192045,0.079209,14.4409
10,15,3.4380,172,0,0,0.202580,0.079025,14.4409
10,15,3.4580,173,0,0,0.210030,0.078706,14.4407
10,15,3.4780,174,0,0,0.214387,0.078250,14.4404
10,15,3.4980,175,0,0,0.216088,0.077558,14.4400
10,15,3.5180,176,0,0,0.215809,0.076846,14.4397
10,15,3.5380,177,0,0,0.214361,0.076264,14.4393
10,15,3.5580,178,0,0,0.212509,0.075865,14.4390
10,15,3.5780,179,0,0,0.210780,0.075577,14.4387
10,15,3.5980,180,0,0,0.209540,0.075274,14.4385
10,15,3.6180,181,0,0,0.209063,0.074828,14.4384
10,15,3.6380,182,0,0,0.209505,0.074159,14.4383
10,15,3.6580,183,0,0,0.211620,0.104373,14.4379
10,15,3.6780,184,0,0,0.214401,0.118905,14.4369
10,15,3.6980,185,0,0,0.212863,0.134830,14.4355
10,15,3.7180,186,0,0,0.211634,0.142723,14.4339
10,15,3.7380,187,0,0,0.221326,0.142690,14.4324
10,15,3.7580,188,0,0,0.225421,0.136577,14.4309
10,15,3.7780,189,0,0,0.250065,0.151720,14.4292
10,15,3.7980,190,0,0,0.283566,0.154258,14.4269
10,15,3.8180,191,0,0,0.322123,0.155326,14.4242
10,15,3.8380,192,0,0,0.362069,0.190452,14.4209
10,15,3.8580,193,0,0,0.407985,0.209918,14.4168
10,15,3.8780,194,0,0,0.449266,0.209523,14.4118
10,15,3.8980,195,0,0,0.462951,0.197515,14.4063
10,15,3.9180,196,0,0,0.442654,0.191468,14.4013
10,15,3.9380,197,0,0,0.406921,0.172138,14.3971
10,15,3.9580,198,0,0,0.374790,0.150173,14.3939
10,15,3.9780,199,0,0,0.342523,0.127769,14.3917
10,15,3.9980,200,0,0,0.312820,0.111635,14.3907
10,15,4.0180,201,0,0,0.289914,0.108192,14.3908
10,15,4.0380,202,0,0,0.274154,0.117599,14.3919
10,15,4.0580,203,0,0,0.262328,0.129611,14.3937
10,15,4.0780,204,0,0,0.250963,0.139061,14.3960
10,15,4.0980,205,0,0,0.237682,0.145207,14.3985
10,15,4.1180,206,0,0,0.231993,0.147357,14.4008
10,15,4.1380,207,0,0,0.220734,0.146401,14.4029
10,15,4.1580,208,0,0,0.211400,0.144968,14.4045
10,15,4.1780,209,0,0,0.207370,0.144548,14.4056
10,15,4.1980,210,0,0,0.204410,0.145941,14.4061
10,15,4.2180,211,0,0,0.204022,0.149698,14.4062
10,15,4.2380,212,0,0,0.207117,0.155485,14.4057
10,15,4.2580,213,0,0,0.219261,0.163747,14.4049
10,15,4.2780,214,0,0,0.229179,0.171036,14.4036
10,15,4.2980,215,0,0,0.236850,0.177374,14.4021
10,15,4.3180,216,0,0,0.241423,0.181045,14.4006
10,15,4.3380,217,0,0,0.246202,0.181966,14.3993
10,15,4.3580,218,0,0,0.250395,0.180964,14.3982
10,15,4.3780,219,0,0,0.252262,0.178920,14.3975
10,15,4.3980,220,0,0,0.251986,0.176508,14.3972
10,15,4.4180,221,0,0,0.249836,0.174185,14.3972
10,15,4.4380,222,0,0,0.260466,0.172536,14.3972
10,15,4.4580,223,0,0,0.276644,0.168621,14.3971
10,15,4.4780,224,0,0,0.289551,0.159094,14.3972
10,15,4.4980,225,0,0,0.306446,0.146524,14.3973
10,15,4.5180,226,0,0,0.329549,0.136138,14.3971
10,15,4.5380,227,0,0,0.353248,0.133367,14.3966
10,15,4.5580,228,0,0,0.375962,0.131244,14.3960
10,15,4.5780,229,0,0,0.398392,0.129043,14.3952
10,15,4.5980,230,0,0,0.421044,0.128395,14.3943
10,15,4.6180,231,0,0,0.443791,0.130540,14.3935
10,15,4.6380,232,0,0,0.466154,0.135161,14.3926
10,15,4.6580,233,0,0,0.487474,0.141329,14.3918
10,15,4.6780,234,0,0,0.506997,0.147915,14.3909
10,15,4.6980,235,0,0,0.523692,0.155508,14.3900
10,15,4.7180,236,0,0,0.536470,0.162082,14.3892
10,15,4.7380,237,0,0,0.544006,0.167905,14.3884
10,15,4.7580,238,0,0,0.551162,0.172834,14.3876
10,15,4.7780,239,0,0,0.556026,0.176167,14.3867
10,15,4.7980,240,0,0,0.557693,0.177774,14.3859
10,15,4.8180,241,0,0,0.555379,0.177510,14.3850
10,15,4.8380,242,0,0,0.548539,0.175365,14.3840
10,15,4.8580,243,0,0,0.530861,0.173855,14.3826
10,15,4.8780,244,0,0,0.507463,0.169424,14.3811
10,15,4.8980,245,0,0,0.486519,0.163963,14.3796
10,15,4.9180,246,0,0,0.466715,0.159644,14.3781
10,15,4.9380,247,0,0,0.443020,0.156502,14.3766
10,15,4.9580,248,0,0,0.420207,0.154354,14.3752
10,15,4.9780,249,0,0,0.398392,0.152971,14.3740
10,15,4.9980,250,0,0,0.376990,0.153322,14.3731
10,15,5.0180,251,0,0,0.356212,0.157302,14.3725
10,15,5.0380,252,0,0,0.336906,0.164981,14.3721
10,15,5.0580,253,0,0,0.319764,0.173855,14.3720
10,15,5.0780,254,0,0,0.304936,0.182763,14.3721
10,15,5.0980,255,0,0,0.291995,0.191200,14.3723
10,15,5.1180,256,0,0,0.280165,0.198884,14.3726
10,15,5.1380,257,0,0,0.284588,0.205645,14.3730
10,15,5.1580,258,0,0,0.296929,0.211356,14.3733
10,15,5.1780,259,0,0,0.309933,0.216649,14.3736
10,15,5.1980,260,0,0,0.321189,0.221263,14.3738
10,15,5.2180,261,0,0,0.342227,0.225024,14.3739
10,15,5.2380,262,0,0,0.355256,0.227824,14.3740
10,15,5.2580,263,0,0,0.365323,0.229781,14.3742
10,15,5.2780,264,0,0,0.381188,0.234066,14.3742
10,15,5.2980,265,0,0,0.384651,0.239566,14.3742
10,15,5.3180,266,0,0,0.389364,0.243645,14.3740
10,15,5.3380,267,0,0,0.396037,0.246489,14.3734
10,15,5.3580,268,0,0,0.398309,0.247241,14.3727
10,15,5.3780,269,0,0,0.396624,0.245801,14.3721
10,15,5.3990,270,0,0,0.390733,0.242696,14.3710
10,15,5.4180,271,0,0,0.372293,0.238301,14.3699
10,15,5.4380,272,0,0,0.350570,0.233445,14.3690
10,15,5.4580,273,0,0,0.328816,0.228898,14.3686
10,15,5.4780,274,0,0,0.306471,0.223387,14.3683
10,15,5.4980,275,0,0,0.306402,0.216727,14.3682
10,15,5.5180,276,0,0,0.328992,0.209414,14.3682
10,15,5.5380,277,0,0,0.352650,0.201947,14.3683
10,15,5.5580,278,0,0,0.377743,0.194533,14.3684
10,15,5.5780,279,0,0,0.402328,0.187502,14.3686
10,15,5.5980,280,0,0,0.427424,0.181437,14.3686
10,15,5.6180,281,0,0,0.452731,0.176877,14.3686
10,15,5.6380,282,0,0,0.478468,0.174116,14.3684
10,15,5.6580,283,0,0,0.504935,0.173386,14.3679
10,15,5.6780,284,0,0,0.532451,0.174333,14.3672
10,15,5.6980,285,0,0,0.560846,0.176195,14.3662
10,15,5.7180,286,0,0,0.583488,0.178063,14.3649
10,15,5.7380,287,0,0,0.613596,0.179238,14.3634
10,15,5.7580,288,0,0,0.648434,0.179992,14.3619
10,15,5.7780,289,0,0,0.681368,0.181553,14.3601
10,15,5.7980,290,0,0,0.703283,0.182866,14.3583
10,15,5.8180,291,0,0,0.716555,0.183870,14.3564
10,15,5.8380,292,0,0,0.720787,0.185177,14.3545
10,15,5.8580,293,0,0,0.718768,0.186081,14.3526
10,15,5.8780,294,0,0,0.715589,0.186428,14.3507
10,15,5.8980,295,0,0,0.702799,0.189045,14.3485
10,15,5.9180,296,0,0,0.678455,0.190995,14.3464
10,15,5.9380,297,0,0,0.654772,0.191637,14.3446
10,15,5.9580,298,0,0,0.635142,0.191195,14.3430
10,15,5.9780,299,0,0,0.618605,0.189985,14.3416
10,15,5.9980,300,0,0,0.603566,0.188286,14.3403
10,15,6.0180,301,0,0,0.589098,0.185347,14.3391
10,15,6.0380,302,0,0,0.574597,0.183217,14.3380
10,15,6.0580,303,0,0,0.560057,0.182361,14.3370
10,15,6.0780,304,0,0,0.545511,0.183281,14.3361
10,15,6.0980,305,0,0,0.530573,0.187763,14.3354
10,15,6.1180,306,0,0,0.515369,0.195473,14.3349
10,15,6.1380,307,0,0,0.499591,0.203978,14.3344
10,15,6.1580,308,0,0,0.482969,0.212395,14.3339
10,15,6.1780,309,0,0,0.465942,0.220424,14.3334
10,15,6.1980,310,0,0,0.449171,0.227846,14.3330
10,15,6.2180,311,0,0,0.432962,0.234546,14.3325
10,15,6.2380,312,0,0,0.418316,0.240433,14.3322
10,15,6.2580,313,0,0,0.407623,0.245772,14.3319
10,15,6.2780,314,0,0,0.396987,0.247057,14.3315
10,15,6.2980,315,0,0,0.385525,0.246907,14.3311
10,15,6.3180,316,0,0,0.374345,0.248630,14.3305
10,15,6.3380,317,0,0,0.386684,0.250658,14.3298
10,15,6.3580,318,0,0,0.395700,0.254101,14.3289
10,15,6.3780,319,0,0,0.400494,0.256407,14.3279
10,15,6.3980,320,0,0,0.401627,0.257431,14.3269
10,15,6.4180,321,0,0,0.398730,0.258162,14.3260
10,15,6.4380,322,0,0,0.394092,0.258610,14.3252
10,15,6.4580,323,0,0,0.395542,0.258595,14.3244
10,15,6.4780,324,0,0,0.411561,0.258551,14.3237
10,15,6.4980,325,0,0,0.427269,0.258430,14.3231
10,15,6.5180,326,0,0,0.442457,0.258786,14.3225
10,15,6.5380,327,0,0,0.457197,0.259642,14.3220
10,15,6.5580,328,0,0,0.473011,0.259867,14.3216
10,15,6.5780,329,0,0,0.489902,0.259124,14.3212
10,15,6.5980,330,0,0,0.505871,0.257410,14.3209
10,15,6.6180,331,0,0,0.519427,0.254887,14.3205
10,15,6.6380,332,0,0,0.530285,0.251767,14.3200
10,15,6.6580,333,0,0,0.538906,0.248270,14.3195
10,15,6.6780,334,0,0,0.546026,0.244607,14.3188
10,15,6.6980,335,0,0,0.552435,0.240917,14.3179
10,15,6.7180,336,0,0,0.558847,0.237338,14.3169
10,15,6.7380,337,0,0,0.565933,0.234033,14.3157
10,15,6.7580,338,0,0,0.574157,0.231075,14.3143
10,15,6.7780,339,0,0,0.583749,0.228865,14.3129
10,15,6.7980,340,0,0,0.594766,0.227583,14.3113
10,15,6.8180,341,0,0,0.607079,0.227141,14.3096
10,15,6.8380,342,0,0,0.620414,0.226956,14.3078
10,15,6.8580,343,0,0,0.634441,0.227105,14.3060
10,15,6.8780,344,0,0,0.648809,0.227324,14.3041
10,15,6.8980,345,0,0,0.663167,0.227598,14.3022
10,15,6.9180,346,0,0,0.677102,0.227995,14.3003
10,15,6.9380,347,0,0,0.690219,0.228611,14.2984
10,15,6.9580,348,0,0,0.702207,0.229512,14.2965
10,15,6.9780,349,0,0,0.712789,0.230726,14.2946
10,15,6.9980,350,0,0,0.721772,0.232267,14.2928
10,15,7.0180,351,0,0,0.729069,0.234124,14.2909
10,15,7.0380,352,0,0,0.734591,0.236248,14.2890
10,15,7.0580,353,0,0,0.738225,0.238536,14.2870
10,15,7.0780,354,0,0,0.739925,0.240931,14.2851
10,15,7.0980,355,0,0,0.740917,0.243754,14.2831
10,15,7.1180,356,0,0,0.742175,0.246527,14.2811
10,15,7.1380,357,0,0,0.743960,0.249259,14.2790
10,15,7.1580,358,0,0,0.745842,0.252016,14.2769
10,15,7.1780,359,0,0,0.747251,0.254897,14.2747
10,15,7.1980,360,0,0,0.747938,0.257979,14.2724
10,15,7.2180,361,0,0,0.747908,0.261299,14.2702
10,15,7.2380,362,0,0,0.747427,0.264898,14.2679
10,15,7.2580,363,0,0,0.746950,0.269042,14.2655
10,15,7.2780,364,0,0,0.746734,0.273779,14.2632
10,15,7.2980,365,0,0,0.746646,0.278735,14.2609
10,15,7.3180,366,0,0,0.746344,0.283864,14.2586
10,15,7.3380,367,0,0,0.745674,0.289159,14.2564
10,15,7.3580,368,0,0,0.744693,0.294583,14.2542
10,15,7.3780,369,0,0,0.743548,0.300065,14.2521
10,15,7.3980,370,0,0,0.742295,0.305551,14.2501
10,15,7.4180,371,0,0,0.741024,0.310964,14.2482
10,15,7.4380,372,0,0,0.739825,0.316248,14.2464
10,15,7.4580,373,0,0,0.738574,0.321318,14.2446
10,15,7.4780,374,0,0,0.737278,0.326139,14.2430
10,15,7.4980,375,0,0,0.736273,0.330841,14.2414
10,15,7.5180,376,0,0,0.736020,0.335432,14.2400
10,15,7.5380,377,0,0,0.737014,0.339979,14.2386
10,15,7.5580,378,0,0,0.739507,0.344391,14.2373
10,15,7.5780,379,0,0,0.743603,0.348652,14.2360
10,15,7.5980,380,0,0,0.749639,0.352751,14.2348
10,15,7.6180,381,0,0,0.757800,0.356706,14.2336
10,15,7.6380,382,0,0,0.768067,0.360481,14.2325
10,15,7.6580,383,0,0,0.780403,0.364031,14.2312
10,15,7.6780,384,0,0,0.794758,0.367426,14.2300
10,15,7.6980,385,0,0,0.811066,0.370806,14.2287
10,15,7.7180,386,0,0,0.829158,0.374396,14.2273
10,15,7.7380,387,0,0,0.848771,0.379635,14.2258
10,15,7.7580,388,0,0,0.869576,0.386481,14.2242
10,15,7.7780,389,0,0,0.891342,0.393179,14.2224
10,15,7.7980,390,0,0,0.913804,0.398506,14.2205
10,15,7.8180,391,0,0,0.936604,0.405190,14.2185
10,15,7.8380,392,0,0,0.959051,0.413018,14.2163
10,15,7.8580,393,0,0,0.980552,0.420412,14.2141
10,15,7.8780,394,0,0,1.001347,0.424268,14.2117
10,15,7.8980,395,0,0,1.020725,0.427668,14.2094
10,15,7.9180,396,0,0,1.037609,0.431582,14.2071
10,15,7.9380,397,0,0,1.053155,0.436653,14.2048
10,15,7.9580,398,0,0,1.070812,0.442856,14.2024
10,15,7.9780,399,0,0,1.092885,0.449917,14.1998
10,15,7.9980,400,0,0,1.119853,0.457637,14.1970
10,15,8.0180,401,0,0,1.150874,0.465818,14.1940
10,15,8.0380,402,0,0,1.184470,0.474280,14.1909
10,15,8.0580,403,0,0,1.219078,0.483086,14.1875
10,15,8.0780,404,0,0,1.253514,0.492073,14.1838
10,15,8.0980,405,0,0,1.287183,0.500847,14.1800
10,15,8.1180,406,0,0,1.320112,0.509488,14.1759
10,15,8.1380,407,0,0,1.352578,0.518102,14.1716
10,15,8.1580,408,0,0,1.384907,0.526855,14.1670
10,15,8.1780,409,0,0,1.417321,0.535873,14.1623
10,15,8.1980,410,0,0,1.449973,0.545284,14.1573
10,15,8.2180,411,0,0,1.482910,0.555171,14.1521
10,15,8.2380,412,0,0,1.516122,0.565622,14.1466
10,15,8.2580,413,0,0,1.549543,0.576650,14.1409
10,15,8.2780,414,0,0,1.583006,0.588255,14.1349
10,15,8.2980,415,0,0,1.616376,0.600420,14.1287
10,15,8.3180,416,0,0,1.649497,0.613130,14.1222
10,15,8.3380,417,0,0,1.682288,0.626352,14.1154
10,15,8.3580,418,0,0,1.714808,0.640052,14.1084
10,15,8.3780,419,0,0,1.747132,0.654243,14.1011
10,15,8.3980,420,0,0,1.779431,0.668797,14.0935
10,15,8.4180,421,0,0,1.811927,0.683768,14.0857
10,15,8.4380,422,0,0,1.844828,0.699244,14.0776
10,15,8.4580,423,0,0,1.878298,0.715266,14.0693
10,15,8.4780,424,0,0,1.912533,0.731866,14.0607
10,15,8.4980,425,0,0,1.947617,0.749015,14.0519
10,15,8.5180,426,0,0,1.983634,0.766669,14.0428
10,15,8.5380,427,0,0,2.020625,0.784785,14.0334
10,15,8.5580,428,0,0,2.058622,0.803391,14.0237
10,15,8.5780,429,0,0,2.097665,0.822409,14.0137
10,15,8.5980,430,0,0,2.137758,0.841592,14.0034
10,15,8.6180,431,0,0,2.178934,0.860915,13.9928
10,15,8.6380,432,0,0,2.221197,0.880653,13.9818
10,15,8.6580,433,0,0,2.264596,0.900943,13.9704
10,15,8.6780,434,0,0,2.309206,0.921811,13.9586
10,15,8.6980,435,0,0,2.355157,0.943203,13.9465
10,15,8.7180,436,0,0,2.402586,0.965129,13.9338
10,15,8.7380,437,0,0,2.451473,0.987562,13.9207
10,15,8.7580,438,0,0,2.501727,1.010482,13.9071
10,15,8.7780,439,0,0,2.553221,1.033873,13.8930
10,15,8.7980,440,0,0,2.605829,1.057692,13.8783
10,15,8.8180,441,0,0,2.659479,1.082450,13.8630
10,15,8.8380,442,0,0,2.714234,1.105957,13.8471
10,15,8.8580,443,0,0,2.770794,1.130504,13.8306
10,15,8.8780,444,0,0,2.827290,1.156591,13.8135
10,15,8.8980,445,0,0,2.883740,1.183309,13.7957
10,15,8.9180,446,0,0,2.942604,1.210065,13.7771
10,15,8.9380,447,0,0,3.004743,1.236990,13.7578
10,15,8.9580,448,0,0,3.069635,1.264367,13.7378
10,15,8.9780,449,0,0,3.136672,1.292366,13.7171
10,15,8.9980,450,0,0,3.205544,1.321084,13.6955
10,15,9.0180,451,0,0,3.276302,1.350167,13.6732
10,15,9.0380,452,0,0,3.349097,1.379638,13.6499
10,15,9.0580,453,0,0,3.417532,1.409755,13.6256
10,15,9.0780,454,0,0,3.486618,1.439829,13.6003
10,15,9.0980,455,0,0,3.561882,1.471029,13.5741
10,15,9.1180,456,0,0,3.641101,1.503658,13.5468
10,15,9.1380,457,0,0,3.720803,1.537757,13.5183
10,15,9.1580,458,0,0,3.803079,1.572534,13.4886
10,15,9.1780,459,0,0,3.890272,1.608568,13.4578
10,15,9.1980,460,0,0,3.992408,1.646369,13.4253
10,15,9.2180,461,0,0,4.107838,1.684976,13.3911
10,15,9.2380,462,0,0,4.225261,1.722761,13.3554
10,15,9.2580,463,0,0,4.336872,1.759373,13.3185
10,15,9.2780,464,0,0,4.440147,1.795709,13.2802
10,15,9.2980,465,0,0,4.522344,1.832659,13.2407
10,15,9.3180,466,0,0,4.597744,1.871646,13.2000
10,15,9.3380,467,0,0,4.677897,1.912677,13.1580
10,15,9.3580,468,0,0,4.764937,1.955510,13.1143
10,15,9.3780,469,0,0,4.862415,1.999474,13.0690
10,15,9.3980,470,0,0,4.970243,2.044540,13.0220
10,15,9.4180,471,0,0,5.084076,2.090664,12.9730
10,15,9.4380,472,0,0,5.198345,2.137780,12.9220
10,15,9.4580,473,0,0,5.312599,2.186117,12.8689
10,15,9.4780,474,0,0,5.427653,2.235591,12.8135
10,15,9.4980,475,0,0,5.545132,2.285871,12.7557
10,15,9.5180,476,0,0,5.667048,2.336853,12.6955
10,15,9.5380,477,0,0,5.793066,2.388551,12.6328
10,15,9.5580,478,0,0,5.924952,2.442918,12.5674
10,15,9.5780,479,0,0,6.062290,2.498396,12.4993
10,15,9.5980,480,0,0,6.200325,2.554537,12.4284
10,15,9.6180,481,0,0,6.336602,2.610937,12.3548
10,15,9.6380,482,0,0,6.472729,2.667642,12.2785
10,15,9.6580,483,0,0,6.610690,2.724907,12.1995
10,15,9.6780,484,0,0,6.750731,2.783141,12.1177
10,15,9.6980,485,0,0,6.892547,2.842850,12.0329
10,15,9.7180,486,0,0,7.037179,2.904240,11.9451
10,15,9.7380,487,0,0,7.179389,2.967918,11.8543
10,15,9.7580,488,0,0,7.317870,3.033877,11.7603
10,15,9.7780,489,0,0,7.453457,3.100786,11.6630
10,15,9.7980,490,0,0,7.581807,3.172411,11.5624
10,15,9.8180,491,0,0,7.708159,3.243862,11.4583
10,15,9.8380,492,0,0,7.833958,3.319600,11.3506
10,15,9.8580,493,0,0,7.959844,3.394236,11.2392
10,15,9.8780,494,0,0,8.084627,3.473252,11.1242
10,15,9.8980,495,0,0,8.209179,3.552513,11.0054
10,15,9.9180,496,0,0,8.335605,3.635511,10.8830
10,15,9.9380,497,0,0,8.463903,3.719543,10.7569
10,15,9.9580,498,0,0,8.593968,3.806844,10.6272
10,15,9.9780,499,0,0,8.725698,3.895718,10.4937
10,15,9.9980,500,0,0,8.858995,3.987270,10.3567
10,15,10.0180,501,0,0,8.993770,4.080822,10.2159
10,15,10.0380,502,0,0,9.129933,4.177083,10.0716
10,15,10.0580,503,0,0,9.267405,4.276476,9.9236
10,15,10.0780,504,0,0,9.406106,4.378333,9.7720
10,15,10.0980,505,0,0,9.545962,4.481966,9.6168
10,15,10.1180,506,0,0,9.686904,4.586796,9.4579
10,15,10.1380,507,0,0,9.828866,4.692174,9.2955
10,15,10.1580,508,0,0,9.971786,4.798017,9.1294
10,15,10.1780,509,0,0,10.115602,4.905607,8.9598
10,15,10.1980,510,0,0,10.260262,5.014982,8.7866
10,15,10.2180,511,0,0,10.405708,5.126013,8.6098
10,15,10.2380,512,0,0,10.551894,5.238487,8.4295
10,15,10.2580,513,0,0,10.698771,5.352098,8.2456
10,15,10.2780,514,0,0,10.846293,5.466590,8.0581
10,15,10.2980,515,0,0,10.994418,5.581857,7.8671
10,15,10.3180,516,0,0,11.143106,5.698133,7.6726
10,15,10.3380,517,0,0,11.292316,5.823060,7.4745
10,15,10.3580,518,0,0,11.442017,5.949630,7.2729
10,15,10.3780,519,0,0,11.592169,6.072679,7.0678
10,15,10.3980,520,0,0,11.742743,6.198239,6.8592
10,15,10.4180,521,0,0,11.893706,6.331106,6.6470
10,15,10.4380,522,0,0,12.045030,6.459963,6.4314
10,15,10.4580,523,0,0,12.196686,6.588528,6.2123
10,15,10.4780,524,0,0,12.348647,6.723318,5.9897
10,15,10.4980,525,0,0,12.500889,6.856744,5.7636
10,15,10.5180,526,0,0,12.653389,6.991661,5.5341
10,15,10.5380,527,0,0,12.806122,7.129508,5.3011
10,15,10.5580,528,0,0,12.959067,7.268435,5.0647
10,15,10.5780,529,0,0,13.112205,7.407923,4.8248
10,15,10.5980,530,0,0,13.265514,7.547921,4.5814
10,15,10.6180,531,0,0,13.418978,7.688365,4.3347
10,15,10.6380,532,0,0,13.572577,7.819655,4.0845
10,15,10.6580,533,0,0,13.726296,7.937484,3.8309
10,15,10.6780,534,0,0,13.880119,8.057936,3.5738
10,15,10.6980,535,0,0,14.034028,8.185131,3.3134
10,15,10.7180,536,0,0,14.188011,8.314599,3.0496
10,15,10.7380,537,0,0,14.342053,8.440935,2.9700
10,15,10.7580,538,0,0,14.496142,8.563488,2.8978
10,15,10.7780,539,0,0,14.650265,8.684371,2.8220
10,15,10.7980,540,0,0,14.804408,8.805082,2.7423
10,15,10.8180,541,0,0,14.958560,8.934521,2.6589
10,15,10.8380,542,0,0,15.112713,7.895053,2.5717
10,15,10.8580,543,0,0,15.266854,6.720424,2.4878
10,15,10.8780,544,0,0,15.420973,5.241159,2.4876
10,15,10.8980,545,0,0,15.575061,3.737046,2.4877
10,15,10.9180,546,0,0,15.729108,3.750749,2.4878
10,15,10.9380,547,0,0,5.458936,2.146452,2.4878
10,15,10.9580,548,0,0,5.638189,1.996211,2.4878
10,15,10.9780,549,0,0,5.817470,1.668796,2.4878
10,15,10.9980,550,0,0,5.996743,1.576129,2.4878
10,15,11.0180,551,0,0,6.175976,1.558773,2.4879
10,15,11.0380,552,0,0,6.355141,1.508639,2.4879
10,15,11.0580,553,0,0,6.534213,1.386080,2.4879
10,15,11.0780,554,0,0,6.713171,1.364758,2.4879
10,15,11.0980,555,0,0,4.628298,1.129434,2.4879
10,15,11.1180,556,0,0,4.809084,1.094213,2.4879
10,15,11.1380,557,0,0,4.989970,0.975465,2.4879
10,15,11.1580,558,0,0,5.170904,0.927951,2.4879
10,15,11.1780,559,0,0,5.351843,0.884683,2.4879
10,15,11.1980,560,0,0,1.374025,0.512341,2.4879
10,15,11.2180,561,3,0,1.179405,0.411882,2.4879
10,15,11.2380,562,3,0,1.054716,0.336063,2.4879
10,15,11.2580,563,3,0,1.077246,0.275418,2.4879
10,15,11.2780,564,3,0,1.106855,0.221900,2.4879
10,15,11.2980,565,3,0,1.143213,0.182009,2.4879
10,15,11.3180,566,3,0,1.186013,0.149172,2.4879
10,15,11.3380,567,3,0,1.234990,0.122377,2.4879
10,15,11.3580,568,3,0,1.289919,0.104313,2.4879
10,15,11.3780,569,3,0,1.350627,0.092985,2.4879
10,15,11.3980,570,3,0,1.416991,0.094544,2.4879
10,15,11.4180,571,3,0,1.488928,0.099290,2.4879
10,15,11.4380,572,3,0,1.566381,0.104448,2.4879
10,15,11.4580,573,3,0,1.649301,0.109973,2.4879
10,15,11.4780,574,3,0,1.737651,0.115862,2.4879
10,15,11.4980,575,3,0,1.831395,0.122111,2.4879
10,15,11.5180,576,3,0,1.930484,0.128721,2.4879
10,15,11.5380,577,3,0,1.134876,0.075671,2.4879
10,15,11.5580,578,3,0,1.151744,0.076792,2.4879
10,15,11.5780,579,3,0,1.184673,0.078980,2.4879
10,15,11.5980,580,3,0,1.233083,0.082207,2.4879
10,15,11.6180,581,3,0,1.296088,0.086408,2.4879
10,15,11.6380,582,3,0,1.372567,0.091506,2.4879
10,15,11.6580,583,4,0,1.461258,0.097419,2.4879
10,15,11.6780,584,7,0,0.701616,0.046774,2.4879
10,15,11.6980,585,8,0,0.739610,0.049307,2.4879
10,15,11.7180,586,9,0,0.487811,0.032521,2.4879
10,15,11.7380,587,9,0,0.347840,0.023189,2.4879
10,15,11.7580,588,10,0,0.265326,0.017688,2.4879
10,15,11.7780,589,10,0,0.183444,0.012230,2.4879
10,15,11.7980,590,11,0,0.099744,0.006650,2.4879
10,15,11.8180,591,11,0,0.014074,0.000938,2.4879
10,15,11.8380,592,11,0,0.001658,0.000111,2.4879
10,15,11.8580,593,11,0,0.000131,0.000009,2.4879
10,15,11.8780,594,14,0,0.000022,0.000001,2.4879
10,15,11.8980,595,14,0,0.000006,0.000000,2.4879
10,15,11.9180,596,14,0,0.000001,0.000000,2.4879
10,15,11.9380,597,14,0,0.000000,0.000000,2.4879
10,15,11.9580,598,14,0,0.000000,0.000000,2.4879
10,15,11.9780,599,14,0,0.000000,0.000000,2.4879
10,15,11.9980,600,14,0,0.000000,0.000000,2.4879
10,15,12.0180,601,14,0,0.000000,0.000000,2.4879
10,15,12.0380,602,14,0,0.000000,0.000000,2.4879
10,15,12.0580,603,14,0,0.000000,0.000000,2.4879
10,15,12.0780,604,14,0,0.000000,0.000000,2.4879
10,15,12.0980,605,14,0,0.000000,0.000000,2.4879
10,15,12.1180,606,14,0,0.000000,0.000000,2.4879
10,15,12.1380,607,14,0,0.000000,0.000000,2.4879
10,15,12.1580,608,14,0,0.000000,0.000000,2.4879
10,15,12.1780,609,14,0,0.000000,0.000000,2.4879
10,15,12.1980,610,15,0,0.000000,0.000000,2.4879
1,20,0.0180,1,0,0,0.000000,0.000000,19.5000
1,20,0.0380,2,0,0,0.195999,0.163263,19.4961
1,20,0.0580,3,0,0,0.390871,0.297849,19.4883
1,20,0.0780,4,0,0,0.575933,0.403040,19.4767
1,20,0.0980,5,0,0,0.730110,0.478931,19.4621
1,20,0.1180,6,0,0,0.831746,0.525856,19.4455
1,20,0.1380,7,0,0,0.875029,0.542578,19.4280
1,20,0.1580,8,0,0,0.854949,0.530746,19.4109
1,20,0.1780,9,0,0,0.779997,0.491374,19.3954
1,20,0.1980,10,0,0,0.666977,0.426091,19.3821
1,20,0.2180,11,0,0,0.527991,0.340509,19.3716
1,20,0.2380,12,0,0,0.373075,0.241264,19.3643
1,20,0.2580,13,0,0,0.214334,0.135132,19.3602
1,20,0.2780,14,0,0,0.088519,0.034725,19.3596
1,20,0.2980,15,0,0,0.150785,0.085427,19.3621
1,20,0.3180,16,0,0,0.280816,0.176312,19.3674
1,20,0.3380,17,0,0,0.396832,0.253641,19.3752
1,20,0.3580,18,0,0,0.486894,0.312398,19.3848
1,20,0.3780,19,0,0,0.545872,0.350254,19.3957
1,20,0.3980,20,0,0,0.555134,0.363590,19.4067
1,20,0.4180,21,0,0,0.514099,0.351105,19.4169
1,20,0.4380,22,0,0,0.465498,0.316930,19.4261
1,20,0.4580,23,0,0,0.406116,0.265842,19.4341
1,20,0.4780,24,0,0,0.328793,0.201561,19.4407
1,20,0.4980,25,0,0,0.230292,0.129518,19.4452
1,20,0.5180,26,0,0,0.119882,0.058468,19.4474
1,20,0.5380,27,0,0,0.043612,0.022769,19.4472
1,20,0.5580,28,0,0,0.127013,0.082170,19.4448
1,20,0.5780,29,0,0,0.225082,0.138503,19.4403
1,20,0.5980,30,0,0,0.306457,0.185214,19.4342
1,20,0.6180,31,0,0,0.364620,0.219988,19.4269
1,20,0.6380,32,0,0,0.393507,0.242226,19.4190
1,20,0.6580,33,0,0,0.396071,0.250801,19.4111
1,20,0.6780,34,0,0,0.387680,0.245935,19.4034
1,20,0.6980,35,0,0,0.361030,0.229052,19.3961
1,20,0.7180,36,0,0,0.334463,0.203015,19.3895
1,20,0.7380,37,0,0,0.276959,0.169459,19.3840
1,20,0.7580,38,0,0,0.205206,0.131158,19.3802
1,20,0.7780,39,0,0,0.166907,0.092920,19.3778
1,20,0.7980,40,0,0,0.148385,0.064057,19.3772
1,20,0.8180,41,0,0,0.154210,0.065972,19.3781
1,20,0.8380,42,0,0,0.186617,0.091775,19.3803
1,20,0.8580,43,0,0,0.225228,0.120366,19.3836
1,20,0.8780,44,0,0,0.258208,0.145119,19.3878
1,20,0.8980,45,0,0,0.250528,0.163204,19.3922
1,20,0.9180,46,0,0,0.262370,0.172515,19.3969
1,20,0.9380,47,0,0,0.266716,0.173945,19.4018
1,20,0.9580,48,0,0,0.247441,0.161901,19.4063
1,20,0.9780,49,0,0,0.200766,0.140041,19.4099
1,20,0.9980,50,0,0,0.168297,0.117919,19.4124
1,20,1.0180,51,0,0,0.159692,0.101731,19.4140
1,20,1.0380,52,0,0,0.160871,0.091811,19.4147
1,20,1.0580,53,0,0,0.191301,0.095403,19.4143
1,20,1.0780,54,0,0,0.205342,0.114200,19.4127
1,20,1.0980,55,0,0,0.187115,0.141117,19.4100
1,20,1.1180,56,0,0,0.208189,0.161764,19.4063
1,20,1.1380,57,0,0,0.244384,0.174749,19.4019
1,20,1.1580,58,0,0,0.259363,0.180853,19.3973
1,20,1.1780,59,0,0,0.260561,0.180471,19.3927
1,20,1.1980,60,0,0,0.249633,0.172704,19.3884
1,20,1.2180,61,0,0,0.231597,0.158942,19.3846
1,20,1.2380,62,0,0,0.213158,0.143132,19.3813
1,20,1.2580,63,0,0,0.191796,0.125849,19.3787
1,20,1.2780,64,0,0,0.174160,0.109756,19.3769
1,20,1.2980,65,0,0,0.176916,0.100358,19.3758
1,20,1.3180,66,0,0,0.201810,0.092834,19.3753
1,20,1.3380,67,0,0,0.232337,0.090130,19.3752
1,20,1.3580,68,0,0,0.247022,0.093654,19.3759
1,20,1.3780,69,0,0,0.255240,0.104348,19.3771
1,20,1.3980,70,0,0,0.266903,0.109480,19.3787
1,20,1.4180,71,0,0,0.267201,0.109291,19.3805
1,20,1.4380,72,0,0,0.264665,0.106450,19.3822
1,20,1.4580,73,0,0,0.261066,0.105171,19.3840
1,20,1.4780,74,0,0,0.252952,0.106633,19.3856
1,20,1.4980,75,0,0,0.237122,0.107783,19.3870
1,20,1.5180,76,0,0,0.212602,0.105564,19.3880
1,20,1.5380,77,0,0,0.187844,0.101928,19.3887
1,20,1.5580,78,0,0,0.171156,0.097355,19.3891
1,20,1.5780,79,0,0,0.158434,0.092309,19.3891
1,20,1.5980,80,0,0,0.149766,0.087732,19.3887
1,20,1.6180,81,0,0,0.145438,0.085003,19.3880
1,20,1.6380,82,0,0,0.148337,0.084904,19.3870
1,20,1.6580,83,0,0,0.153738,0.086559,19.3859
1,20,1.6780,84,0,0,0.164019,0.089100,19.3847
1,20,1.6980,85,0,0,0.173873,0.092189,19.3835
1,20,1.7180,86,0,0,0.182401,0.095996,19.3824
1,20,1.7380,87,0,0,0.189997,0.100748,19.3813
1,20,1.7580,88,0,0,0.200459,0.106320,19.3805
1,20,1.7780,89,0,0,0.217867,0.112243,19.3799
1,20,1.7980,90,0,0,0.234057,0.118122,19.3795
1,20,1.8180,91,0,0,0.248663,0.123640,19.3794
1,20,1.8380,92,0,0,0.261235,0.128544,19.3795
1,20,1.8580,93,0,0,0.271354,0.132638,19.3799
1,20,1.8780,94,0,0,0.278798,0.135795,19.3805
1,20,1.8980,95,0,0,0.283441,0.138000,19.3812
1,20,1.9180,96,0,0,0.285330,0.139367,19.3820
1,20,1.9380,97,0,0,0.284726,0.140225,19.3828
1,20,1.9580,98,0,0,0.281982,0.140650,19.3836
1,20,1.9780,99,0,0,0.277381,0.140960,19.3844
1,20,1.9980,100,0,0,0.270576,0.141392,19.3851
1,20,2.0180,101,0,0,0.261622,0.142249,19.3856
1,20,2.0380,102,0,0,0.252170,0.143536,19.3860
1,20,2.0580,103,0,0,0.242739,0.151735,19.3863
1,20,2.0780,104,0,0,0.247682,0.158981,19.3862
1,20,2.0980,105,0,0,0.260567,0.165075,19.3857
1,20,2.1180,106,0,0,0.252330,0.165699,19.3843
1,20,2.1380,107,0,0,0.241836,0.168465,19.3820
1,20,2.1580,108,0,0,0.256557,0.172653,19.3788
1,20,2.1780,109,0,0,0.270959,0.175497,19.3752
1,20,2.1980,110,0,0,0.277643,0.174344,19.3717
1,20,2.2180,111,0,0,0.278632,0.170360,19.3687
1,20,2.2380,112,0,0,0.284175,0.170910,19.3662
1,20,2.2580,113,0,0,0.306723,0.175460,19.3634
1,20,2.2780,114,0,0,0.329062,0.176466,19.3603
1,20,2.2980,115,0,0,0.333604,0.175917,19.3571
1,20,2.3180,116,0,0,0.326027,0.171719,19.3543
1,20,2.3380,117,0,0,0.328036,0.173829,19.3523
1,20,2.3580,118,0,0,0.355638,0.177787,19.3508
1,20,2.3780,119,0,0,0.394673,0.184746,19.3497
1,20,2.3980,120,0,0,0.435319,0.189766,19.3487
1,20,2.4180,121,0,0,0.472340,0.191026,19.3477
1,20,2.4380,122,0,0,0.509540,0.190024,19.3468
1,20,2.4580,123,0,0,0.550187,0.193542,19.3459
1,20,2.4780,124,0,0,0.593303,0.200163,19.3451
1,20,2.4980,125,0,0,0.636538,0.207300,19.3445
1,20,2.5180,126,0,0,0.677856,0.213721,19.3440
1,20,2.5380,127,0,0,0.712708,0.219793,19.3437
1,20,2.5580,128,0,0,0.743210,0.228225,19.3429
1,20,2.5780,129,0,0,0.748536,0.232007,19.3419
1,20,2.5980,130,0,0,0.740638,0.234417,19.3413
1,20,2.6180,131,0,0,0.738729,0.230341,19.3404
1,20,2.6380,132,0,0,0.733073,0.226532,19.3396
1,20,2.6580,133,0,0,0.720563,0.230394,19.3382
1,20,2.6780,134,0,0,0.720565,0.230292,19.3366
1,20,2.6980,135,0,0,0.721196,0.233526,19.3353
1,20,2.7180,136,0,0,0.719665,0.236138,19.3339
1,20,2.7380,137,0,0,0.706896,0.236739,19.3324
1,20,2.7580,138,0,0,0.691429,0.252428,19.3303
1,20,2.7780,139,0,0,0.676175,0.268540,19.3275
1,20,2.7980,140,0,0,0.662464,0.300525,19.3239
1,20,2.8180,141,0,0,0.652547,0.295697,19.3193
1,20,2.8380,142,0,0,0.651696,0.288666,19.3134
1,20,2.8580,143,0,0,0.655058,0.278429,19.3066
1,20,2.8780,144,0,0,0.656081,0.266289,19.2993
1,20,2.8980,145,0,0,0.653185,0.251931,19.2923
1,20,2.9180,146,0,0,0.642744,0.230875,19.2860
1,20,2.9380,147,0,0,0.632472,0.202746,19.2801
1,20,2.9580,148,0,0,0.634071,0.170712,19.2742
1,20,2.9780,149,0,0,0.653924,0.142810,19.2689
1,20,2.9980,150,0,0,0.682175,0.145400,19.2634
1,20,3.0180,151,0,0,0.679523,0.142934,19.2592
1,20,3.0380,152,0,0,0.665681,0.133640,19.2569
1,20,3.0580,153,0,0,0.661571,0.129197,19.2560
1,20,3.0780,154,0,0,0.649420,0.137859,19.2564
1,20,3.0980,155,0,0,0.625227,0.152208,19.2576
1,20,3.1180,156,0,0,0.595300,0.166422,19.2594
1,20,3.1380,157,0,0,0.562113,0.178302,19.2615
1,20,3.1580,158,0,0,0.526579,0.187674,19.2636
1,20,3.1780,159,0,0,0.485540,0.193456,19.2654
1,20,3.1980,160,0,0,0.445898,0.195092,19.2671
1,20,3.2180,161,0,0,0.404047,0.194088,19.2688
1,20,3.2380,162,0,0,0.355032,0.191859,19.2704
1,20,3.2580,163,0,0,0.304326,0.189650,19.2718
1,20,3.2780,164,0,0,0.308409,0.188424,19.2731
1,20,3.2980,165,0,0,0.327846,0.188671,19.2740
1,20,3.3180,166,0,0,0.356199,0.191735,19.2744
1,20,3.3380,167,0,0,0.387167,0.197194,19.2743
1,20,3.3580,168,0,0,0.421896,0.203734,19.2738
1,20,3.3780,169,0,0,0.453573,0.211103,19.2730
1,20,3.3980,170,0,0,0.480766,0.219109,19.2719
1,20,3.4180,171,0,0,0.501815,0.227325,19.2706
1,20,3.4380,172,0,0,0.512520,0.235502,19.2693
1,20,3.4580,173,0,0,0.519391,0.243203,19.2680
1,20,3.4780,174,0,0,0.523228,0.249810,19.2667
1,20,3.4980,175,0,0,0.546846,0.259769,19.2653
1,20,3.5180,176,0,0,0.514558,0.274315,19.2631
1,20,3.5380,177,0,0,0.555340,0.283543,19.2604
1,20,3.5580,178,0,0,0.567219,0.289077,19.2577
1,20,3.5780,179,0,0,0.573282,0.295843,19.2547
1,20,3.5980,180,0,0,0.563951,0.298517,19.2518
1,20,3.6180,181,0,0,0.559155,0.303237,19.2494
1,20,3.6380,182,0,0,0.582976,0.312261,19.2475
1,20,3.6580,183,0,0,0.585388,0.324089,19.2457
1,20,3.6780,184,0,0,0.610838,0.337051,19.2442
1,20,3.6980,185,0,0,0.607146,0.349547,19.2427
1,20,3.7180,186,0,0,0.587575,0.358522,19.2411
1,20,3.7380,187,0,0,0.564030,0.365126,19.2394
1,20,3.7580,188,0,0,0.550625,0.370165,19.2381
1,20,3.7780,189,0,0,0.558783,0.375542,19.2370
1,20,3.7980,190,0,0,0.563431,0.379096,19.2359
1,20,3.8180,191,0,0,0.604708,0.380561,19.2349
1,20,3.8380,192,0,0,0.615874,0.379655,19.2338
1,20,3.8580,193,0,0,0.623995,0.380367,19.2330
1,20,3.8780,194,0,0,0.632891,0.380319,19.2319
1,20,3.8980,195,0,0,0.642212,0.377892,19.2309
1,20,3.9180,196,0,0,0.656545,0.374225,19.2300
1,20,3.9380,197,0,0,0.664063,0.370992,19.2294
1,20,3.9580,198,0,0,0.664158,0.369203,19.2292
1,20,3.9780,199,0,0,0.667852,0.369543,19.2292
1,20,3.9980,200,0,0,0.670312,0.371611,19.2297
1,20,4.0180,201,0,0,0.680929,0.374247,19.2304
1,20,4.0380,202,0,0,0.688266,0.376106,19.2313
1,20,4.0580,203,0,0,0.693188,0.380831,19.2324
1,20,4.0780,204,0,0,0.693577,0.380759,19.2335
1,20,4.0980,205,0,0,0.690371,0.377315,19.2342
1,20,4.1180,206,0,0,0.717671,0.379471,19.2339
1,20,4.1380,207,0,0,0.708784,0.381644,19.2331
1,20,4.1580,208,0,0,0.682884,0.381187,19.2321
1,20,4.1780,209,0,0,0.651332,0.377875,19.2312
1,20,4.1980,210,0,0,0.622012,0.372758,19.2302
1,20,4.2180,211,0,0,0.637730,0.371074,19.2285
1,20,4.2380,212,0,0,0.622933,0.366593,19.2267
1,20,4.2580,213,0,0,0.594716,0.361455,19.2249
1,20,4.2780,214,0,0,0.567181,0.356085,19.2232
1,20,4.2980,215,0,0,0.544382,0.350637,19.2215
1,20,4.3180,216,0,0,0.525243,0.345777,19.2198
1,20,4.3380,217,0,0,0.526381,0.342297,19.2182
1,20,4.3580,218,0,0,0.569982,0.339711,19.2168
1,20,4.3780,219,0,0,0.607625,0.337612,19.2156
1,20,4.3980,220,0,0,0.639288,0.336111,19.2147
1,20,4.4180,221,0,0,0.665998,0.335210,19.2140
1,20,4.4380,222,0,0,0.689910,0.334613,19.2136
1,20,4.4580,223,0,0,0.713372,0.333927,19.2134
1,20,4.4780,224,0,0,0.738328,0.332844,19.2134
1,20,4.4980,225,0,0,0.766067,0.331337,19.2135
1,20,4.5180,226,0,0,0.797163,0.329260,19.2138
1,20,4.5380,227,0,0,0.831157,0.326507,19.2141
1,20,4.5580,228,0,0,0.866696,0.323035,19.2145
1,20,4.5780,229,0,0,0.902112,0.318901,19.2147
1,20,4.5980,230,0,0,0.935913,0.314191,19.2149
1,20,4.6180,231,0,0,0.963314,0.309408,19.2146
1,20,4.6380,232,0,0,0.984834,0.304518,19.2141
1,20,4.6580,233,0,0,1.003251,0.299921,19.2134
1,20,4.6780,234,0,0,1.019840,0.297169,19.2125
1,20,4.6980,235,0,0,1.034917,0.298802,19.2114
1,20,4.7180,236,0,0,1.048636,0.303435,19.2100
1,20,4.7380,237,0,0,1.058419,0.309346,19.2081
1,20,4.7580,238,0,0,1.063573,0.316061,19.2060
1,20,4.7780,239,0,0,1.069034,0.323846,19.2038
1,20,4.7980,240,0,0,1.076866,0.332160,19.2013
1,20,4.8180,241,0,0,1.085359,0.340237,19.1988
1,20,4.8380,242,0,0,1.095124,0.347890,19.1962
1,20,4.8580,243,0,0,1.108719,0.354931,19.1936
1,20,4.8780,244,0,0,1.125988,0.361029,19.1909
1,20,4.8980,245,0,0,1.145934,0.366225,19.1882
1,20,4.9180,246,0,0,1.167465,0.370597,19.1856
1,20,4.9380,247,0,0,1.189762,0.374314,19.1829
1,20,4.9580,248,0,0,1.211897,0.380400,19.1803
1,20,4.9780,249,0,0,1.234763,0.385352,19.1774
1,20,4.9980,250,0,0,1.260721,0.385068,19.1743
1,20,5.0180,251,0,0,1.285219,0.382719,19.1711
1,20,5.0380,252,0,0,1.306468,0.379614,19.1678
1,20,5.0580,253,0,0,1.322492,0.377368,19.1646
1,20,5.0780,254,0,0,1.331611,0.376619,19.1614
1,20,5.0980,255,0,0,1.335720,0.377183,19.1581
1,20,5.1180,256,0,0,1.340896,0.377796,19.1547
1,20,5.1380,257,0,0,1.347977,0.377377,19.1513
1,20,5.1580,258,0,0,1.354199,0.375760,19.1478
1,20,5.1780,259,0,0,1.350272,0.374504,19.1444
1,20,5.1980,260,0,0,1.343672,0.376048,19.1410
1,20,5.2180,261,0,0,1.337415,0.381731,19.1379
1,20,5.2380,262,0,0,1.331287,0.388947,19.1349
1,20,5.2580,263,0,0,1.325613,0.396565,19.1320
1,20,5.2780,264,0,0,1.320989,0.404374,19.1293
1,20,5.2980,265,0,0,1.317334,0.412716,19.1266
1,20,5.3180,266,0,0,1.309770,0.422904,19.1239
1,20,5.3380,267,0,0,1.306460,0.432263,19.1210
1,20,5.3580,268,0,0,1.306977,0.439746,19.1182
1,20,5.3780,269,0,0,1.305388,0.447224,19.1152
1,20,5.3980,270,0,0,1.308139,0.454375,19.1120
1,20,5.4180,271,0,0,1.314642,0.462707,19.1088
1,20,5.4380,272,0,0,1.320054,0.472648,19.1055
1,20,5.4580,273,0,0,1.319287,0.484113,19.1021
1,20,5.4780,274,0,0,1.313077,0.495808,19.0988
1,20,5.4980,275,0,0,1.304969,0.506680,19.0954
1,20,5.5180,276,0,0,1.297831,0.516327,19.0919
1,20,5.5380,277,0,0,1.291816,0.524772,19.0883
1,20,5.5580,278,0,0,1.286827,0.532186,19.0846
1,20,5.5780,279,0,0,1.282804,0.539001,19.0808
1,20,5.5980,280,0,0,1.280397,0.545584,19.0770
1,20,5.6180,281,0,0,1.280058,0.552287,19.0732
1,20,5.6380,282,0,0,1.281805,0.560433,19.0694
1,20,5.6580,283,0,0,1.285799,0.567404,19.0656
1,20,5.6780,284,0,0,1.292303,0.574549,19.0619
1,20,5.6980,285,0,0,1.301746,0.582433,19.0581
1,20,5.7180,286,0,0,1.314653,0.591292,19.0543
1,20,5.7380,287,0,0,1.331221,0.600883,19.0505
1,20,5.7580,288,0,0,1.350949,0.610937,19.0467
1,20,5.7780,289,0,0,1.372910,0.621289,19.0430
1,20,5.7980,290,0,0,1.396103,0.631848,19.0392
1,20,5.8180,291,0,0,1.419809,0.642554,19.0354
1,20,5.8380,292,0,0,1.443633,0.653374,19.0316
1,20,5.8580,293,0,0,1.467336,0.664275,19.0278
1,20,5.8780,294,0,0,1.490643,0.676920,19.0239
1,20,5.8980,295,0,0,1.512992,0.689410,19.0199
1,20,5.9180,296,0,0,1.532459,0.698657,19.0155
1,20,5.9380,297,0,0,1.547871,0.706169,19.0109
1,20,5.9580,298,0,0,1.561945,0.715345,19.0061
1,20,5.9780,299,0,0,1.578756,0.725843,19.0011
1,20,5.9980,300,0,0,1.600488,0.734967,18.9960
1,20,6.0180,301,0,0,1.627022,0.745048,18.9906
1,20,6.0380,302,0,0,1.655751,0.755364,18.9851
1,20,6.0580,303,0,0,1.681689,0.765602,18.9794
1,20,6.0780,304,0,0,1.706114,0.775288,18.9735
1,20,6.0980,305,0,0,1.729184,0.784714,18.9675
1,20,6.1180,306,0,0,1.750925,0.793700,18.9614
1,20,6.1380,307,0,0,1.771581,0.802451,18.9553
1,20,6.1580,308,0,0,1.791893,0.810900,18.9492
1,20,6.1780,309,0,0,1.812680,0.819546,18.9431
1,20,6.1980,310,0,0,1.834719,0.828365,18.9369
1,20,6.2180,311,0,0,1.858227,0.837362,18.9307
1,20,6.2380,312,0,0,1.882616,0.847939,18.9244
1,20,6.2580,313,0,0,1.907076,0.855627,18.9180
1,20,6.2780,314,0,0,1.931000,0.863029,18.9116
1,20,6.2980,315,0,0,1.954352,0.871395,18.9049
1,20,6.3180,316,0,0,1.977494,0.881922,18.8982
1,20,6.3380,317,0,0,2.000691,0.893623,18.8912
1,20,6.3580,318,0,0,2.024478,0.905861,18.8841
1,20,6.3780,319,0,0,2.049312,0.918652,18.8769
1,20,6.3980,320,0,0,2.075511,0.932018,18.8695
1,20,6.4180,321,0,0,2.103095,0.945912,18.8618
1,20,6.4380,322,0,0,2.131985,0.960140,18.8540
1,20,6.4580,323,0,0,2.162364,0.974760,18.8459
1,20,6.4780,324,0,0,2.195088,0.989322,18.8376
1,20,6.4980,325,0,0,2.230382,1.003761,18.8290
1,20,6.5180,326,0,0,2.268568,1.019925,18.8201
1,20,6.5380,327,0,0,2.309577,1.031936,18.8109
1,20,6.5580,328,0,0,2.352973,1.042943,18.8013
1,20,6.5780,329,0,0,2.398308,1.054396,18.7912
1,20,6.5980,330,0,0,2.444579,1.066798,18.7806
1,20,6.6180,331,0,0,2.490758,1.080134,18.7695
1,20,6.6380,332,0,0,2.536212,1.094245,18.7581
1,20,6.6580,333,0,0,2.581556,1.109199,18.7465
1,20,6.6780,334,0,0,2.628138,1.125066,18.7346
1,20,6.6980,335,0,0,2.677012,1.140554,18.7224
1,20,6.7180,336,0,0,2.728412,1.152188,18.7100
1,20,6.7380,337,0,0,2.781948,1.162724,18.6973
1,20,6.7580,338,0,0,2.837130,1.177952,18.6841
1,20,6.7780,339,0,0,2.894063,1.194399,18.6707
1,20,6.7980,340,0,0,2.953975,1.209029,18.6569
1,20,6.8180,341,0,0,3.017971,1.223265,18.6427
1,20,6.8380,342,0,0,3.085730,1.238847,18.6280
1,20,6.8580,343,0,0,3.161659,1.257313,18.6126
1,20,6.8780,344,0,0,3.246294,1.278131,18.5966
1,20,6.8980,345,0,0,3.325706,1.300194,18.5799
1,20,6.9180,346,0,0,3.396611,1.322739,18.5628
1,20,6.9380,347,0,0,3.457875,1.345511,18.5451
1,20,6.9580,348,0,0,3.512790,1.368374,18.5270
1,20,6.9780,349,0,0,3.563576,1.391261,18.5084
1,20,6.9980,350,0,0,3.612169,1.414169,18.4894
1,20,7.0180,351,0,0,3.660625,1.437292,18.4698
1,20,7.0380,352,0,0,3.711483,1.460978,18.4495
1,20,7.0580,353,0,0,3.763487,1.485489,18.4285
1,20,7.0780,354,0,0,3.816735,1.511147,18.4068
1,20,7.0980,355,0,0,3.872005,1.538294,18.3843
1,20,7.1180,356,0,0,3.929992,1.566648,18.3609
1,20,7.1380,357,0,0,3.990916,1.596110,18.3366
1,20,7.1580,358,0,0,4.054757,1.625120,18.3112
1,20,7.1780,359,0,0,4.121185,1.653561,18.2847
1,20,7.1980,360,0,0,4.189845,1.682190,18.2571
1,20,7.2180,361,0,0,4.260669,1.712014,18.2282
1,20,7.2380,362,0,0,4.333713,1.743409,18.1982
1,20,7.2580,363,0,0,4.409035,1.776366,18.1670
1,20,7.2780,364,0,0,4.486840,1.810490,18.1345
1,20,7.2980,365,0,0,4.567183,1.845506,18.1008
1,20,7.3180,366,0,0,4.649862,1.880737,18.0656
1,20,7.3380,367,0,0,4.734538,1.918268,18.0290
1,20,7.3580,368,0,0,4.820714,1.957840,17.9909
1,20,7.3780,369,0,0,4.908243,1.985738,17.9511
1,20,7.3980,370,0,0,4.996082,2.010682,17.9098
1,20,7.4180,371,0,0,5.083395,2.053955,17.8669
1,20,7.4380,372,0,0,5.169949,2.100181,17.8222
1,20,7.4580,373,0,0,5.255501,2.144171,17.7758
1,20,7.4780,374,0,0,5.344408,2.188927,17.7276
1,20,7.4980,375,0,0,5.442818,2.235466,17.6777
1,20,7.5180,376,0,0,5.545465,2.283262,17.6261
1,20,7.5380,377,0,0,5.650877,2.332092,17.5729
1,20,7.5580,378,0,0,5.758395,2.382152,17.5179
1,20,7.5780,379,0,0,5.866940,2.433706,17.4611
1,20,7.5980,380,0,0,5.975303,2.486899,17.4022
1,20,7.6180,381,0,0,6.082860,2.541829,17.3414
1,20,7.6380,382,0,0,6.190793,2.597715,17.2782
1,20,7.6580,383,0,0,6.297751,2.653887,17.2125
1,20,7.6780,384,0,0,6.401370,2.713666,17.1438
1,20,7.6980,385,0,0,6.511701,2.775965,17.0721
1,20,7.7180,386,0,0,6.627639,2.840648,16.9973
1,20,7.7380,387,0,0,6.744957,2.908500,16.9196
1,20,7.7580,388,0,0,6.863421,2.979920,16.8390
1,20,7.7780,389,0,0,6.982997,3.054370,16.7555
1,20,7.7980,390,0,0,7.103885,3.131437,16.6689
1,20,7.8180,391,0,0,7.225153,3.211116,16.5794
1,20,7.8380,392,0,0,7.346237,3.293771,16.4867
1,20,7.8580,393,0,0,7.466238,3.379532,16.3908
1,20,7.8780,394,0,0,7.588088,3.469621,16.2916
1,20,7.8980,395,0,0,7.709701,3.563141,16.1891
1,20,7.9180,396,0,0,7.826540,3.659496,16.0833
1,20,7.9380,397,0,0,7.944057,3.757391,15.9741
1,20,7.9580,398,0,0,8.063064,3.858486,15.8615
1,20,7.9780,399,0,0,8.186949,3.963337,15.7453
1,20,7.9980,400,0,0,8.311603,4.069018,15.6254
1,20,8.0180,401,0,0,8.437441,4.176764,15.5018
1,20,8.0380,402,0,0,8.565142,4.287072,15.3746
1,20,8.0580,403,0,0,8.694599,4.399627,15.2437
1,20,8.0780,404,0,0,8.825787,4.513244,15.1091
1,20,8.0980,405,0,0,8.958443,4.627956,14.9709
1,20,8.1180,406,0,0,9.092571,4.743895,14.8290
1,20,8.1380,407,0,0,9.228088,4.861554,14.6836
1,20,8.1580,408,0,0,9.364912,4.980961,14.5344
1,20,8.1780,409,0,0,9.502966,5.102290,14.3817
1,20,8.1980,410,0,0,9.642178,5.225249,14.2253
1,20,8.2180,411,0,0,9.782477,5.349478,14.0654
1,20,8.2380,412,0,0,9.923801,5.474650,13.9018
1,20,8.2580,413,0,0,10.066085,5.600540,13.7347
1,20,8.2780,414,0,0,10.209271,5.726991,13.5639
1,20,8.2980,415,0,0,10.353304,5.853926,13.3896
1,20,8.3180,416,0,0,10.498132,5.981341,13.2117
1,20,8.3380,417,0,0,10.643703,6.109268,13.0303
1,20,8.3580,418,0,0,10.789972,6.237795,12.8453
1,20,8.3780,419,0,0,10.936893,6.367046,12.6567
1,20,8.3980,420,0,0,11.084423,6.497154,12.4646
1,20,8.4180,421,0,0,11.232522,6.628215,12.2690
1,20,8.4380,422,0,0,11.381152,6.760063,12.0698
1,20,8.4580,423,0,0,11.530278,6.892571,11.8671
1,20,8.4780,424,0,0,11.679864,7.025741,11.6609
1,20,8.4980,425,0,0,11.829878,7.159601,11.4512
1,20,8.5180,426,0,0,11.980289,7.294118,11.2380
1,20,8.5380,427,0,0,12.131066,7.429254,11.0213
1,20,8.5580,428,0,0,12.282185,7.564983,10.8011
1,20,8.5780,429,0,0,12.433616,7.701301,10.5774
1,20,8.5980,430,0,0,12.585335,7.838229,10.3503
1,20,8.6180,431,0,0,12.737317,7.975782,10.1197
1,20,8.6380,432,0,0,12.889542,8.113964,9.8856
1,20,8.6580,433,0,0,13.041985,8.252768,9.6481
1,20,8.6780,434,0,0,13.194628,8.392114,9.4071
1,20,8.6980,435,0,0,13.347448,8.522194,9.1627
1,20,8.7180,436,0,0,13.500431,8.659626,8.9149
1,20,8.7380,437,0,0,13.653556,8.798488,8.6636
1,20,8.7580,438,0,0,13.806806,8.933312,8.4090
1,20,8.7780,439,0,0,13.960167,9.072544,8.1509
1,20,8.7980,440,0,0,14.113622,9.214796,7.8894
1,20,8.8180,441,0,0,14.267155,9.358854,7.6245
1,20,8.8380,442,0,0,14.420754,9.502915,7.3562
1,20,8.8580,443,0,0,14.574407,9.647209,7.0846
1,20,8.8780,444,0,0,14.728097,9.792066,6.8095
1,20,8.8980,445,0,0,14.881816,9.937466,6.5311
1,20,8.9180,446,0,0,15.035550,10.082483,6.2493
1,20,8.9380,447,0,0,15.189289,10.227639,5.9642
1,20,8.9580,448,0,0,15.343022,10.373603,5.6757
1,20,8.9780,449,0,0,15.496738,10.071492,5.3839
1,20,8.9980,450,0,0,15.650430,8.998906,5.0888
1,20,9.0180,451,0,0,15.804086,8.697722,4.7903
1,20,9.0380,452,0,0,15.957698,8.369355,4.4885
1,20,9.0580,453,0,0,16.111258,8.000679,4.1833
1,20,9.0780,454,0,0,16.264757,7.693250,3.8749
1,20,9.0980,455,0,0,16.418188,7.300937,3.5632
1,20,9.1180,456,0,0,16.571543,7.243992,3.2481
1,20,9.1380,457,0,0,17.211025,6.860003,2.9298
1,20,9.1580,458,0,0,18.307854,6.426873,2.6082
1,20,9.1780,459,0,0,18.060686,6.421426,2.2833
1,20,9.1980,460,0,0,18.691835,5.984049,1.9551
1,20,9.2180,461,0,0,19.557987,5.395998,1.7650
1,20,9.2380,462,0,0,19.955791,5.036207,1.6643
1,20,9.2580,463,0,0,21.558834,4.685444,1.5598
1,20,9.2780,464,0,0,23.011078,4.256540,1.4516
1,20,9.2980,465,0,0,11.005524,3.385368,1.3397
1,20,9.3180,466,0,0,11.045087,3.392091,1.2242
1,20,9.3380,467,0,0,8.221982,3.084941,1.1049
1,20,9.3580,468,0,0,8.151986,3.059955,0.9819
1,20,9.3780,469,0,0,8.088730,2.993475,0.8553
1,20,9.3980,470,0,0,8.031834,2.950921,0.7690
1,20,9.4180,471,0,0,7.980780,2.692402,0.8003
1,20,9.4380,472,0,0,7.935672,2.504234,0.8275
1,20,9.4580,473,0,0,7.896524,2.078429,0.8508
1,20,9.4780,474,0,0,7.862907,1.964351,0.8701
1,20,9.4980,475,0,0,7.834767,1.907843,0.8854
1,20,9.5180,476,1,0,7.811938,1.859957,0.8968
1,20,9.5380,477,2,0,7.794127,1.807726,0.9043
1,20,9.5580,478,2,0,7.781014,1.732191,0.9078
1,20,9.5780,479,2,0,7.772241,1.633243,0.9074
1,20,9.5980,480,2,0,7.767557,1.582266,0.9030
1,20,9.6180,481,2,0,7.766784,1.538489,0.8948
1,20,9.6380,482,2,0,7.769791,1.495302,0.8826
1,20,9.6580,483,2,0,7.776494,1.385202,0.8666
1,20,9.6780,484,2,0,7.792787,1.353150,0.8467
1,20,9.6980,485,2,0,7.813830,1.261139,0.8249
1,20,9.7180,486,2,0,7.839556,1.226772,0.8252
1,20,9.7380,487,2,0,6.893196,1.150107,0.8232
1,20,9.7580,488,2,0,6.618340,1.038763,0.8174
1,20,9.7780,489,2,0,6.537119,0.989846,0.8106
1,20,9.7980,490,2,0,6.477715,0.956533,0.8259
1,20,9.8180,491,2,0,6.310494,0.925839,0.8370
1,20,9.8380,492,2,0,6.132880,0.899521,0.8443
1,20,9.8580,493,2,0,6.025652,0.888548,0.8475
1,20,9.8780,494,3,0,5.919002,0.835724,0.8469
1,20,9.8980,495,3,0,5.812557,0.823462,0.8424
1,20,9.9180,496,3,0,5.706301,0.754324,0.8339
1,20,9.9380,497,3,0,5.600218,0.733732,0.8215
1,20,9.9580,498,4,0,5.494283,0.723409,0.8053
1,20,9.9780,499,4,0,5.388476,0.714685,0.7851
1,20,9.9980,500,4,0,5.282803,0.707050,0.7611
1,20,10.0180,501,4,0,5.177244,0.700502,0.7420
1,20,10.0380,502,5,0,5.071812,0.660711,0.7469
1,20,10.0580,503,5,0,4.966485,0.601145,0.7511
1,20,10.0780,504,8,0,4.861275,0.588531,0.7513
1,20,10.0980,505,8,0,4.756181,0.571684,0.7546
1,20,10.1180,506,8,0,4.651204,0.558543,0.7574
1,20,10.1380,507,8,0,4.546348,0.546151,0.7599
1,20,10.1580,508,9,0,4.441610,0.534545,0.7622
1,20,10.1780,509,9,0,4.337001,0.523812,0.7641
1,20,10.1980,510,11,0,4.232515,0.462624,0.7655
1,20,10.2180,511,11,0,4.128168,0.447183,0.7662
1,20,10.2380,512,14,0,4.023953,0.433702,0.7661
1,20,10.2580,513,14,0,3.919882,0.423370,0.7654
1,20,10.2780,514,14,0,3.815952,0.414909,0.7640
1,20,10.2980,515,14,0,3.712161,0.407364,0.7619
1,20,10.3180,516,14,0,3.608524,0.400537,0.7591
1,20,10.3380,517,14,0,3.505041,0.394431,0.7556
1,20,10.3580,518,15,0,3.401709,0.389116,0.7512
1,20,10.3780,519,15,0,3.298540,0.384689,0.7460
1,20,10.3980,520,15,0,3.195523,0.378801,0.7399
1,20,10.4180,521,15,0,3.092676,0.361709,0.7328
1,20,10.4380,522,15,0,2.989984,0.354811,0.7246
1,20,10.4580,523,15,0,2.887465,0.348453,0.7152
1,20,10.4780,524,15,0,2.785108,0.342629,0.7046
1,20,10.4980,525,15,0,2.682922,0.337398,0.6926
1,20,10.5180,526,15,0,2.580906,0.332887,0.6790
1,20,10.5380,527,15,0,2.479055,0.323017,0.6656
1,20,10.5580,528,15,0,2.377378,0.234580,0.6620
1,20,10.5780,529,15,0,2.275871,0.221953,0.6566
1,20,10.5980,530,15,0,2.174539,0.212435,0.6492
1,20,10.6180,531,15,0,2.073374,0.200393,0.6405
1,20,10.6380,532,15,0,1.972388,0.189925,0.6315
1,20,10.6580,533,15,0,1.871560,0.181896,0.6216
1,20,10.6780,534,15,0,1.770911,0.174575,0.6105
1,20,10.6980,535,15,0,1.670428,0.170077,0.5982
1,20,10.7180,536,15,0,1.570116,0.173204,0.5846
1,20,10.7380,537,15,0,1.469974,0.177019,0.5695
1,20,10.7580,538,15,0,1.375326,0.181061,0.5527
1,20,10.7780,539,15,0,1.466320,0.185508,0.5340
1,20,10.7980,540,15,0,1.561502,0.190378,0.5132
1,20,10.8180,541,15,0,1.661071,0.150676,0.4999
1,20,10.8380,542,15,0,0.971775,0.079873,0.4999
1,20,10.8580,543,15,0,0.872645,0.066761,0.4999
1,20,10.8780,544,15,0,0.773690,0.057862,0.4999
1,20,10.8980,545,15,0,0.674915,0.047109,0.4999
1,20,10.9180,546,15,0,0.576337,0.036302,0.4999
1,20,10.9380,547,15,0,0.477974,0.026587,0.4999
1,20,10.9580,548,15,0,0.379863,0.018999,0.4999
1,20,10.9780,549,15,0,0.282063,0.014111,0.4999
1,20,10.9980,550,15,0,0.184750,0.009238,0.4999
1,20,11.0180,551,15,0,0.088446,0.004422,0.4999
1,20,11.0380,552,15,0,0.000134,0.000007,0.4999
1,20,11.0580,553,15,0,0.003621,0.000181,0.4999
1,20,11.0780,554,15,0,0.000367,0.000018,0.4999
1,20,11.0980,555,17,0,0.000146,0.000007,0.4999
1,20,11.1180,556,17,0,0.000032,0.000002,0.4999
1,20,11.1380,557,17,0,0.000004,0.000000,0.4999
1,20,11.1580,558,17,0,0.000002,0.000000,0.4999
1,20,11.1780,559,17,0,0.000001,0.000000,0.4999
1,20,11.1980,560,17,0,0.000001,0.000000,0.4999
1,20,11.2180,561,17,0,0.000001,0.000000,0.4999
1,20,11.2380,562,17,0,0.000001,0.000000,0.4999
1,20,11.2580,563,17,0,0.000001,0.000000,0.4999
1,20,11.2780,564,17,0,0.000001,0.000000,0.4999
1,20,11.2980,565,18,0,0.000000,0.000000,0.4999
1,20,11.3180,566,18,0,0.000000,0.000000,0.4999
1,20,11.3380,567,18,0,0.000000,0.000000,0.4999
1,20,11.3580,568,18,0,0.000000,0.000000,0.4999
1,20,11.3780,569,18,0,0.000000,0.000000,0.4999
1,20,11.3980,570,19,0,0.000000,0.000000,0.4999
1,20,11.4180,571,19,0,0.000000,0.000000,0.4999
1,20,11.4380,572,20,0,0.000000,0.000000,0.4999
2,20,0.0180,1,0,0,0.000000,0.000000,19.5000
2,20,0.0380,2,0,0,0.196000,0.162963,19.4961
2,20,0.0580,3,0,0,0.391239,0.297815,19.4883
2,20,0.0780,4,0,0,0.578552,0.403295,19.4767
2,20,0.0980,5,0,0,0.736860,0.479192,19.4619
2,20,0.1180,6,0,0,0.842915,0.525457,19.4451
2,20,0.1380,7,0,0,0.883583,0.542633,19.4274
2,20,0.1580,8,0,0,0.861592,0.529631,19.4102
2,20,0.1780,9,0,0,0.788335,0.489342,19.3944
2,20,0.1980,10,0,0,0.674928,0.424909,19.3809
2,20,0.2180,11,0,0,0.532973,0.340596,19.3703
2,20,0.2380,12,0,0,0.409623,0.246611,19.3621
2,20,0.2580,13,0,0,0.285488,0.157440,19.3564
2,20,0.2780,14,0,0,0.186569,0.117546,19.3532
2,20,0.2980,15,0,0,0.144817,0.091103,19.3522
2,20,0.3180,16,0,0,0.257237,0.133142,19.3536
2,20,0.3380,17,0,0,0.296386,0.185374,19.3575
2,20,0.3580,18,0,0,0.341051,0.226111,19.3623
2,20,0.3780,19,0,0,0.351027,0.246718,19.3684
2,20,0.3980,20,0,0,0.366864,0.250617,19.3753
2,20,0.4180,21,0,0,0.381804,0.243435,19.3826
2,20,0.4380,22,0,0,0.344299,0.233804,19.3888
2,20,0.4580,23,0,0,0.337884,0.222533,19.3941
2,20,0.4780,24,0,0,0.326969,0.204796,19.3985
2,20,0.4980,25,0,0,0.300069,0.179472,19.4017
2,20,0.5180,26,0,0,0.261794,0.152036,19.4030
2,20,0.5380,27,0,0,0.260543,0.131485,19.4030
2,20,0.5580,28,0,0,0.259719,0.146240,19.4019
2,20,0.5780,29,0,0,0.248244,0.176323,19.3993
2,20,0.5980,30,0,0,0.259163,0.202701,19.3950
2,20,0.6180,31,0,0,0.317372,0.222171,19.3890
2,20,0.6380,32,0,0,0.360459,0.233865,19.3819
2,20,0.6580,33,0,0,0.374561,0.236828,19.3746
2,20,0.6780,34,0,0,0.362963,0.260016,19.3675
2,20,0.6980,35,0,0,0.336452,0.278998,19.3611
2,20,0.7180,36,0,0,0.357071,0.270799,19.3543
2,20,0.7380,37,0,0,0.341496,0.266484,19.3480
2,20,0.7580,38,0,0,0.337483,0.253338,19.3418
2,20,0.7780,39,0,0,0.335114,0.231816,19.3358
2,20,0.7980,40,0,0,0.326675,0.210269,19.3304
2,20,0.8180,41,0,0,0.303914,0.183025,19.3258
2,20,0.8380,42,0,0,0.275003,0.157539,19.3224
2,20,0.8580,43,0,0,0.249824,0.134198,19.3202
2,20,0.8780,44,0,0,0.257144,0.116243,19.3193
2,20,0.8980,45,0,0,0.258380,0.118469,19.3196
2,20,0.9180,46,0,0,0.264955,0.139588,19.3201
2,20,0.9380,47,0,0,0.281828,0.161557,19.3213
2,20,0.9580,48,0,0,0.302193,0.182515,19.3229
2,20,0.9780,49,0,0,0.303700,0.194845,19.3254
2,20,0.9980,50,0,0,0.290963,0.201191,19.3291
2,20,1.0180,51,0,0,0.290816,0.204727,19.3336
2,20,1.0380,52,0,0,0.293017,0.205453,19.3381
2,20,1.0580,53,0,0,0.294441,0.202200,19.3422
2,20,1.0780,54,0,0,0.293768,0.197390,19.3455
2,20,1.0980,55,0,0,0.299404,0.191953,19.3480
2,20,1.1180,56,0,0,0.312219,0.186841,19.3496
2,20,1.1380,57,0,0,0.329351,0.183159,19.3505
2,20,1.1580,58,0,0,0.349499,0.181508,19.3507
2,20,1.1780,59,0,0,0.371343,0.182642,19.3503
2,20,1.1980,60,0,0,0.391777,0.187271,19.3493
2,20,1.2180,61,0,0,0.398369,0.198034,19.3470
2,20,1.2380,62,0,0,0.414158,0.206516,19.3443
2,20,1.2580,63,0,0,0.423060,0.213495,19.3414
2,20,1.2780,64,0,0,0.423633,0.221116,19.3377
2,20,1.2980,65,0,0,0.428313,0.225002,19.3341
2,20,1.3180,66,0,0,0.431976,0.226301,19.3308
2,20,1.3380,67,0,0,0.433793,0.230954,19.3269
2,20,1.3580,68,0,0,0.456814,0.229708,19.3232
2,20,1.3780,69,0,0,0.474528,0.227278,19.3198
2,20,1.3980,70,0,0,0.474374,0.221977,19.3169
2,20,1.4180,71,0,0,0.459807,0.218533,19.3138
2,20,1.4380,72,0,0,0.455077,0.211414,19.3113
2,20,1.4580,73,0,0,0.440203,0.205067,19.3097
2,20,1.4780,74,0,0,0.430690,0.202280,19.3085
2,20,1.4980,75,0,0,0.418908,0.218563,19.3079
2,20,1.5180,76,0,0,0.409203,0.239950,19.3079
2,20,1.5380,77,0,0,0.397070,0.248847,19.3084
2,20,1.5580,78,0,0,0.416766,0.261839,19.3086
2,20,1.5780,79,0,0,0.430517,0.274130,19.3086
2,20,1.5980,80,0,0,0.445874,0.284501,19.3082
2,20,1.6180,81,0,0,0.456051,0.291710,19.3076
2,20,1.6380,82,0,0,0.436568,0.295496,19.3069
2,20,1.6580,83,0,0,0.407122,0.294020,19.3059
2,20,1.6780,84,0,0,0.388160,0.288680,19.3049
2,20,1.6980,85,0,0,0.393046,0.284890,19.3034
2,20,1.7180,86,0,0,0.404723,0.275541,19.3023
2,20,1.7380,87,0,0,0.432429,0.289056,19.3015
2,20,1.7580,88,0,0,0.424702,0.303464,19.3010
2,20,1.7780,89,0,0,0.437837,0.330184,19.3001
2,20,1.7980,90,0,0,0.463443,0.353822,19.2981
2,20,1.8180,91,0,0,0.507163,0.365837,19.2945
2,20,1.8380,92,0,0,0.555756,0.367058,19.2895
2,20,1.8580,93,0,0,0.594304,0.360882,19.2835
2,20,1.8780,94,0,0,0.617072,0.350334,19.2776
2,20,1.8980,95,0,0,0.632426,0.336284,19.2723
2,20,1.9180,96,0,0,0.650086,0.320352,19.2681
2,20,1.9380,97,0,0,0.673796,0.306198,19.2651
2,20,1.9580,98,0,0,0.706559,0.294512,19.2631
2,20,1.9780,99,0,0,0.739823,0.286156,19.2620
2,20,1.9980,100,0,0,0.762789,0.282885,19.2617
2,20,2.0180,101,0,0,0.770072,0.285034,19.2624
2,20,2.0380,102,0,0,0.736608,0.291097,19.2631
2,20,2.0580,103,0,0,0.711555,0.297868,19.2649
2,20,2.0780,104,0,0,0.689719,0.303035,19.2676
2,20,2.0980,105,0,0,0.665470,0.305386,19.2705
2,20,2.1180,106,0,0,0.635650,0.305541,19.2734
2,20,2.1380,107,0,0,0.628727,0.304210,19.2760
2,20,2.1580,108,0,0,0.633112,0.302755,19.2780
2,20,2.1780,109,0,0,0.640207,0.301537,19.2797
2,20,2.1980,110,0,0,0.644095,0.300562,19.2808
2,20,2.2180,111,0,0,0.646664,0.301426,19.2815
2,20,2.2380,112,0,0,0.652801,0.305332,19.2816
2,20,2.2580,113,0,0,0.672197,0.311829,19.2813
2,20,2.2780,114,0,0,0.701599,0.319091,19.2804
2,20,2.2980,115,0,0,0.736683,0.325787,19.2788
2,20,2.3180,116,0,0,0.775964,0.331010,19.2767
2,20,2.3380,117,0,0,0.818454,0.335169,19.2742
2,20,2.3580,118,0,0,0.862677,0.338752,19.2714
2,20,2.3780,119,0,0,0.905878,0.342418,19.2686
2,20,2.3980,120,0,0,0.944533,0.346464,19.2658
2,20,2.4180,121,0,0,0.977426,0.361542,19.2632
2,20,2.4380,122,0,0,1.005862,0.373045,19.2608
2,20,2.4580,123,0,0,1.032679,0.375893,19.2584
2,20,2.4780,124,0,0,1.055580,0.372806,19.2559
2,20,2.4980,125,0,0,1.069960,0.366783,19.2533
2,20,2.5180,126,0,0,1.077685,0.361305,19.2510
2,20,2.5380,127,0,0,1.088213,0.357524,19.2492
2,20,2.5580,128,0,0,1.110150,0.356038,19.2478
2,20,2.5780,129,0,0,1.145813,0.353620,19.2468
2,20,2.5980,130,0,0,1.191921,0.349891,19.2463
2,20,2.6180,131,0,0,1.239925,0.354971,19.2461
2,20,2.6380,132,0,0,1.280618,0.356477,19.2460
2,20,2.6580,133,0,0,1.307939,0.366075,19.2459
2,20,2.6780,134,0,0,1.320099,0.377732,19.2456
2,20,2.6980,135,0,0,1.318067,0.389143,19.2449
2,20,2.7180,136,0,0,1.307498,0.402778,19.2440
2,20,2.7380,137,0,0,1.297524,0.416356,19.2431
2,20,2.7580,138,0,0,1.271832,0.428346,19.2418
2,20,2.7780,139,0,0,1.245615,0.437166,19.2404
2,20,2.7980,140,0,0,1.230604,0.450876,19.2386
2,20,2.8180,141,0,0,1.224868,0.461990,19.2364
2,20,2.8380,142,0,0,1.229064,0.470129,19.2337
2,20,2.8580,143,0,0,1.240281,0.475756,19.2306
2,20,2.8780,144,0,0,1.248372,0.487971,19.2271
2,20,2.8980,145,0,0,1.256750,0.498508,19.2232
2,20,2.9180,146,0,0,1.292437,0.504186,19.2185
2,20,2.9380,147,0,0,1.341143,0.506245,19.2132
2,20,2.9580,148,0,0,1.406096,0.504163,19.2074
2,20,2.9780,149,0,0,1.452049,0.499431,19.2015
2,20,2.9980,150,0,0,1.489015,0.496096,19.1956
2,20,3.0180,151,0,0,1.522265,0.488701,19.1899
2,20,3.0380,152,0,0,1.550510,0.478641,19.1843
2,20,3.0580,153,0,0,1.572481,0.466342,19.1792
2,20,3.0780,154,0,0,1.591718,0.455206,19.1747
2,20,3.0980,155,0,0,1.612077,0.444990,19.1707
2,20,3.1180,156,0,0,1.638198,0.436718,19.1675
2,20,3.1380,157,0,0,1.669491,0.432525,19.1647
2,20,3.1580,158,0,0,1.700101,0.437453,19.1625
2,20,3.1780,159,0,0,1.723937,0.448816,19.1608
2,20,3.1980,160,0,0,1.737450,0.461333,19.1595
2,20,3.2180,161,0,0,1.741500,0.473554,19.1586
2,20,3.2380,162,0,0,1.736145,0.494563,19.1581
2,20,3.2580,163,0,0,1.722533,0.510456,19.1578
2,20,3.2780,164,0,0,1.699668,0.518780,19.1574
2,20,3.2980,165,0,0,1.665644,0.520759,19.1567
2,20,3.3180,166,0,0,1.620655,0.521347,19.1554
2,20,3.3380,167,0,0,1.581503,0.526793,19.1537
2,20,3.3580,168,0,0,1.551488,0.537999,19.1517
2,20,3.3780,169,0,0,1.529022,0.551487,19.1492
2,20,3.3980,170,0,0,1.510724,0.565456,19.1462
2,20,3.4180,171,0,0,1.495182,0.579249,19.1425
2,20,3.4380,172,0,0,1.477223,0.592011,19.1383
2,20,3.4580,173,0,0,1.458717,0.603338,19.1335
2,20,3.4780,174,0,0,1.442672,0.613280,19.1282
2,20,3.4980,175,0,0,1.430331,0.622075,19.1227
2,20,3.5180,176,0,0,1.421323,0.630025,19.1168
2,20,3.5380,177,0,0,1.414743,0.637313,19.1109
2,20,3.5580,178,0,0,1.410721,0.644154,19.1048
2,20,3.5780,179,0,0,1.409351,0.650736,19.0989
2,20,3.5980,180,0,0,1.409641,0.657428,19.0931
2,20,3.6180,181,0,0,1.411860,0.664546,19.0875
2,20,3.6380,182,0,0,1.416175,0.672587,19.0822
2,20,3.6580,183,0,0,1.422499,0.682636,19.0774
2,20,3.6780,184,0,0,1.430538,0.694906,19.0730
2,20,3.6980,185,0,0,1.432770,0.708568,19.0689
2,20,3.7180,186,0,0,1.437582,0.722893,19.0654
2,20,3.7380,187,0,0,1.446707,0.737485,19.0622
2,20,3.7580,188,0,0,1.458771,0.751633,19.0595
2,20,3.7780,189,0,0,1.473280,0.765293,19.0571
2,20,3.7980,190,0,0,1.489388,0.778570,19.0550
2,20,3.8180,191,0,0,1.506262,0.791347,19.0531
2,20,3.8380,192,0,0,1.523847,0.803464,19.0513
2,20,3.8580,193,0,0,1.541918,0.814724,19.0495
2,20,3.8780,194,0,0,1.559440,0.825413,19.0477
2,20,3.8980,195,0,0,1.575433,0.835825,19.0458
2,20,3.9180,196,0,0,1.589891,0.845889,19.0437
2,20,3.9380,197,0,0,1.603775,0.855638,19.0415
2,20,3.9580,198,0,0,1.618128,0.867193,19.0389
2,20,3.9780,199,0,0,1.633507,0.877640,19.0361
2,20,3.9980,200,0,0,1.649838,0.886620,19.0329
2,20,4.0180,201,0,0,1.666655,0.895856,19.0291
2,20,4.0380,202,0,0,1.684155,0.905322,19.0247
2,20,4.0580,203,0,0,1.703146,0.914480,19.0196
2,20,4.0780,204,0,0,1.724176,0.922819,19.0139
2,20,4.0980,205,0,0,1.747146,0.929722,19.0077
2,20,4.1180,206,0,0,1.771622,0.939086,19.0012
2,20,4.1380,207,0,0,1.797344,0.947819,18.9945
2,20,4.1580,208,0,0,1.824066,0.952852,18.9874
2,20,4.1780,209,0,0,1.851754,0.956555,18.9794
2,20,4.1980,210,0,0,1.880191,0.959310,18.9706
2,20,4.2180,211,0,0,1.910525,0.963070,18.9611
2,20,4.2380,212,0,0,1.942878,0.971059,18.9511
2,20,4.2580,213,0,0,1.976580,0.978477,18.9410
2,20,4.2780,214,0,0,2.010789,0.984137,18.9310
2,20,4.2980,215,0,0,2.044447,0.989247,18.9213
2,20,4.3180,216,0,0,2.077880,0.995171,18.9118
2,20,4.3380,217,0,0,2.113232,1.003350,18.9025
2,20,4.3580,218,0,0,2.152690,1.013130,18.8935
2,20,4.3780,219,0,0,2.197236,1.022580,18.8846
2,20,4.3980,220,0,0,2.247281,1.031712,18.8757
2,20,4.4180,221,0,0,2.303197,1.041971,18.8670
2,20,4.4380,222,0,0,2.364885,1.050945,18.8583
2,20,4.4580,223,0,0,2.431700,1.060370,18.8496
2,20,4.4780,224,0,0,2.502043,1.069973,18.8410
2,20,4.4980,225,0,0,2.573776,1.079474,18.8322
2,20,4.5180,226,0,0,2.644662,1.088791,18.8233
2,20,4.5380,227,0,0,2.712632,1.098041,18.8141
2,20,4.5580,228,0,0,2.776382,1.107140,18.8045
2,20,4.5780,229,0,0,2.835405,1.116097,18.7946
2,20,4.5980,230,0,0,2.890528,1.124820,18.7842
2,20,4.6180,231,0,0,2.943593,1.133518,18.7734
2,20,4.6380,232,0,0,2.996496,1.143008,18.7620
2,20,4.6580,233,0,0,3.050479,1.156858,18.7501
2,20,4.6780,234,0,0,3.105817,1.173387,18.7376
2,20,4.6980,235,0,0,3.161805,1.191042,18.7246
2,20,4.7180,236,0,0,3.217223,1.209591,18.7109
2,20,4.7380,237,0,0,3.270789,1.229036,18.6967
2,20,4.7580,238,0,0,3.321690,1.249474,18.6818
2,20,4.7780,239,0,0,3.369528,1.270948,18.6663
2,20,4.7980,240,0,0,3.414657,1.293453,18.6501
2,20,4.8180,241,0,0,3.458157,1.316770,18.6334
2,20,4.8380,242,0,0,3.501061,1.341243,18.6161
2,20,4.8580,243,0,0,3.543991,1.366305,18.5982
2,20,4.8780,244,0,0,3.588011,1.391106,18.5797
2,20,4.8980,245,0,0,3.634350,1.415541,18.5605
2,20,4.9180,246,0,0,3.684063,1.439794,18.5407
2,20,4.9380,247,0,0,3.737971,1.464150,18.5203
2,20,4.9580,248,0,0,3.796645,1.488678,18.4991
2,20,4.9780,249,0,0,3.860410,1.513622,18.4771
2,20,4.9980,250,0,0,3.929304,1.537292,18.4543
2,20,5.0180,251,0,0,4.002777,1.562084,18.4306
2,20,5.0380,252,0,0,4.080264,1.589096,18.4059
2,20,5.0580,253,0,0,4.161458,1.618187,18.3801
2,20,5.0780,254,0,0,4.245340,1.648989,18.3532
2,20,5.0980,255,0,0,4.331199,1.681193,18.3251
2,20,5.1180,256,0,0,4.417835,1.714452,18.2958
2,20,5.1380,257,0,0,4.504298,1.744542,18.2653
2,20,5.1580,258,0,0,4.590303,1.803190,18.2335
2,20,5.1780,259,0,0,4.676414,1.830432,18.2003
2,20,5.1980,260,0,0,4.763000,1.860828,18.1655
2,20,5.2180,261,0,0,4.849380,1.905925,18.1289
2,20,5.2380,262,0,0,4.937646,1.952593,18.0901
2,20,5.2580,263,0,0,5.029778,1.996112,18.0489
2,20,5.2780,264,0,0,5.125329,2.039733,18.0052
2,20,5.2980,265,0,0,5.218637,2.082803,17.9587
2,20,5.3180,266,0,0,5.303824,2.124918,17.9096
2,20,5.3380,267,0,0,5.382975,2.166938,17.8582
2,20,5.3580,268,0,0,5.456097,2.207266,17.8051
2,20,5.3780,269,0,0,5.525766,2.246571,17.7507
2,20,5.3980,270,0,0,5.596962,2.291366,17.6950
2,20,5.4180,271,0,0,5.672760,2.340728,17.6382
2,20,5.4380,272,0,0,5.753129,2.393859,17.5801
2,20,5.4580,273,0,0,5.838464,2.450127,17.5203
2,20,5.4780,274,0,0,5.931779,2.509145,17.4589
2,20,5.4980,275,0,0,6.037928,2.570570,17.3958
2,20,5.5180,276,0,0,6.156534,2.634561,17.3306
2,20,5.5380,277,0,0,6.283742,2.700803,17.2635
2,20,5.5580,278,0,0,6.414806,2.768728,17.1943
2,20,5.5780,279,0,0,6.544783,2.838627,17.1228
2,20,5.5980,280,0,0,6.672219,2.910147,17.0488
2,20,5.6180,281,0,0,6.795368,2.983149,16.9722
2,20,5.6380,282,0,0,6.912048,3.057954,16.8929
2,20,5.6580,283,0,0,7.022768,3.135672,16.8106
2,20,5.6780,284,0,0,7.129949,3.214665,16.7251
2,20,5.6980,285,0,0,7.236221,3.295539,16.6363
2,20,5.7180,286,0,0,7.342282,3.378797,16.5439
2,20,5.7380,287,0,0,7.451368,3.465544,16.4479
2,20,5.7580,288,0,0,7.563970,3.556865,16.3481
2,20,5.7780,289,0,0,7.679480,3.653111,16.2447
2,20,5.7980,290,0,0,7.797494,3.752784,16.1375
2,20,5.8180,291,0,0,7.917876,3.854492,16.0266
2,20,5.8380,292,0,0,8.040494,3.954833,15.9121
2,20,5.8580,293,0,0,8.165221,4.058850,15.7938
2,20,5.8780,294,0,0,8.291938,4.168045,15.6718
2,20,5.8980,295,0,0,8.420532,4.281064,15.5462
2,20,5.9180,296,0,0,8.550896,4.397727,15.4169
2,20,5.9380,297,0,0,8.682925,4.515734,15.2840
2,20,5.9580,298,0,0,8.816524,4.635468,15.1473
2,20,5.9780,299,0,0,8.951599,4.755950,15.0071
2,20,5.9980,300,0,0,9.088064,4.878015,14.8632
2,20,6.0180,301,0,0,9.225835,5.001420,14.7157
2,20,6.0380,302,0,0,9.364835,5.125400,14.5645
2,20,6.0580,303,0,0,9.504989,5.249826,14.4097
2,20,6.0780,304,0,0,9.646227,5.375132,14.2513
2,20,6.0980,305,0,0,9.788482,5.501385,14.0894
2,20,6.1180,306,0,0,9.931692,5.628532,13.9238
2,20,6.1380,307,0,0,10.075797,5.756505,13.7546
2,20,6.1580,308,0,0,10.220741,5.885281,13.5819
2,20,6.1780,309,0,0,10.366470,6.014890,13.4055
2,20,6.1980,310,0,0,10.512936,6.145370,13.2256
2,20,6.2180,311,0,0,10.660088,6.276727,13.0422
2,20,6.2380,312,0,0,10.807883,6.408911,12.8552
2,20,6.2580,313,0,0,10.956277,6.541862,12.6646
2,20,6.2780,314,0,0,11.105230,6.675727,12.4705
2,20,6.2980,315,0,0,11.254704,6.810312,12.2729
2,20,6.3180,316,0,0,11.404662,6.945551,12.0718
2,20,6.3380,317,0,0,11.555069,7.081285,11.8671
2,20,6.3580,318,0,0,11.705894,7.217437,11.6589
2,20,6.3780,319,0,0,11.857104,7.350604,11.4472
2,20,6.3980,320,0,0,12.008672,7.485692,11.2320
2,20,6.4180,321,0,0,12.160568,7.588085,11.0134
2,20,6.4380,322,0,0,12.312768,7.721520,10.7912
2,20,6.4580,323,0,0,12.465242,7.855983,10.5656
2,20,6.4780,324,0,0,12.617973,7.991891,10.3365
2,20,6.4980,325,0,0,12.770933,8.129035,10.1040
2,20,6.5180,326,0,0,12.924102,8.268297,9.8679
2,20,6.5380,327,0,0,13.077459,8.406611,9.6285
2,20,6.5580,328,0,0,13.230987,8.542868,9.3856
2,20,6.5780,329,0,0,13.384664,8.679365,9.1392
2,20,6.5980,330,0,0,13.538473,8.818306,8.8895
2,20,6.6180,331,0,0,13.692400,8.957595,8.6363
2,20,6.6380,332,0,0,13.846426,9.051626,8.3797
2,20,6.6580,333,0,0,14.000537,9.194224,8.1197
2,20,6.6780,334,0,0,14.154718,9.337562,7.8563
2,20,6.6980,335,0,0,14.308957,9.483887,7.5895
2,20,6.7180,336,0,0,14.463238,9.630803,7.3193
2,20,6.7380,337,0,0,14.617550,9.778371,7.0458
2,20,6.7580,338,0,0,14.771881,9.926880,6.7688
2,20,6.7780,339,0,0,14.926219,10.076699,6.4885
2,20,6.7980,340,0,0,15.080554,10.227733,6.2049
2,20,6.8180,341,0,0,15.234874,10.379447,5.9178
2,20,6.8380,342,0,0,15.389170,9.731198,5.6275
2,20,6.8580,343,0,0,15.543432,9.742843,5.3338
2,20,6.8780,344,0,0,15.697652,8.986423,5.0368
2,20,6.8980,345,0,0,15.851819,8.339640,4.7364
2,20,6.9180,346,0,0,16.005928,8.074243,4.4327
2,20,6.9380,347,0,0,16.159969,7.679426,4.1257
2,20,6.9580,348,0,0,16.313934,7.674713,3.8154
2,20,6.9780,349,0,0,16.467817,7.225470,3.5018
2,20,6.9980,350,0,0,16.899137,7.073465,3.1850
2,20,7.0180,351,0,0,16.775307,7.091849,2.8648
2,20,7.0380,352,0,0,16.928900,6.578359,2.5413
2,20,7.0580,353,0,0,17.947723,5.896070,2.2146
2,20,7.0780,354,0,0,18.020540,5.620266,1.8846
2,20,7.0980,355,0,0,18.445013,5.169317,1.5575
2,20,7.1180,356,0,0,20.009140,4.560068,1.2278
2,20,7.1380,357,0,0,20.141407,4.306191,0.8947
2,20,7.1580,358,0,0,21.260126,3.676787,0.6680
2,20,7.1780,359,0,0,12.377626,2.716948,0.6765
2,20,7.1980,360,0,0,6.457731,2.161647,0.6836
2,20,7.2180,361,0,0,6.376292,1.955568,0.6891
2,20,7.2380,362,0,0,6.300848,1.902915,0.6929
2,20,7.2580,363,0,0,6.229774,1.847436,0.6948
2,20,7.2780,364,0,0,6.162024,1.795869,0.6949
2,20,7.2980,365,0,0,6.096847,1.751605,0.6931
2,20,7.3180,366,0,0,6.033746,1.709854,0.6902
2,20,7.3380,367,0,0,5.980594,1.655393,0.7022
2,20,7.3580,368,0,0,5.922772,1.596105,0.7122
2,20,7.3780,369,0,0,5.864642,1.511019,0.7203
2,20,7.3980,370,0,0,5.809728,1.430224,0.7265
2,20,7.4180,371,0,0,5.759234,1.376291,0.7309
2,20,7.4380,372,0,0,5.714380,1.320736,0.7334
2,20,7.4580,373,0,0,5.676209,1.260420,0.7340
2,20,7.4780,374,0,0,5.645463,1.217886,0.7325
2,20,7.4980,375,0,0,5.622552,1.179134,0.7287
2,20,7.5180,376,0,0,5.607581,1.143398,0.7226
2,20,7.5380,377,2,0,5.600418,1.084614,0.7139
2,20,7.5580,378,3,0,5.600775,0.969928,0.7024
2,20,7.5780,379,4,0,5.608278,0.914501,0.6881
2,20,7.5980,380,4,0,5.622504,0.869605,0.6707
2,20,7.6180,381,4,0,5.643047,0.835257,0.6502
2,20,7.6380,382,4,0,5.669468,0.804610,0.6265
2,20,7.6580,383,4,0,5.705828,0.771915,0.5994
2,20,7.6780,384,4,0,4.435672,0.687589,0.5690
2,20,7.6980,385,5,0,4.374495,0.669063,0.5352
2,20,7.7180,386,5,0,4.295697,0.620145,0.5000
2,20,7.7380,387,5,0,4.155816,0.500124,0.5000
2,20,7.7580,388,5,0,4.050239,0.465533,0.5000
2,20,7.7780,389,5,0,3.945757,0.435484,0.5000
2,20,7.7980,390,5,0,3.841901,0.413372,0.5000
2,20,7.8180,391,5,0,3.738835,0.393119,0.5000
2,20,7.8380,392,7,0,3.638488,0.373138,0.5000
2,20,7.8580,393,7,0,3.533980,0.352972,0.5000
2,20,7.8780,394,7,0,3.428714,0.332800,0.5000
2,20,7.8980,395,7,0,3.324938,0.312743,0.5000
2,20,7.9180,396,7,0,3.221835,0.294837,0.5000
2,20,7.9380,397,7,0,3.119105,0.279870,0.5000
2,20,7.9580,398,7,0,3.016634,0.264874,0.5000
2,20,7.9780,399,7,0,2.914383,0.250010,0.5000
2,20,7.9980,400,8,0,2.812328,0.235254,0.5000
2,20,8.0180,401,10,0,2.710461,0.220558,0.5000
2,20,8.0380,402,10,0,2.608774,0.205912,0.5000
2,20,8.0580,403,11,0,2.507264,0.191301,0.5000
2,20,8.0780,404,12,0,2.405925,0.176709,0.5000
2,20,8.0980,405,12,0,2.304754,0.162127,0.5000
2,20,8.1180,406,13,0,2.203745,0.147538,0.5000
2,20,8.1380,407,13,0,2.102895,0.132928,0.5000
2,20,8.1580,408,13,0,2.002200,0.118289,0.5000
2,20,8.1780,409,15,0,1.901656,0.103582,0.5000
2,20,8.1980,410,16,0,1.801258,0.093408,0.5000
2,20,8.2180,411,16,0,1.701004,0.085060,0.5000
2,20,8.2380,412,16,0,1.600890,0.080054,0.5000
2,20,8.2580,413,16,0,1.500912,0.075046,0.5000
2,20,8.2780,414,16,0,1.401068,0.070053,0.5000
2,20,8.2980,415,16,0,1.301355,0.065068,0.5000
2,20,8.3180,416,16,0,1.201770,0.060089,0.5000
2,20,8.3380,417,16,0,1.102313,0.055116,0.5000
2,20,8.3580,418,17,0,1.002981,0.050149,0.5000
2,20,8.3780,419,17,0,0.903780,0.045189,0.5000
2,20,8.3980,420,17,0,0.804714,0.040236,0.5000
2,20,8.4180,421,17,0,0.705795,0.035290,0.5000
2,20,8.4380,422,17,0,0.607046,0.030352,0.5000
2,20,8.4580,423,17,0,0.508482,0.025424,0.5000
2,20,8.4780,424,17,0,0.410235,0.020512,0.5000
2,20,8.4980,425,17,0,0.312546,0.015627,0.5000
2,20,8.5180,426,17,0,0.215162,0.010758,0.5000
2,20,8.5380,427,17,0,0.118102,0.005905,0.5000
2,20,8.5580,428,17,0,0.021289,0.001064,0.5000
2,20,8.5780,429,17,0,0.000165,0.000008,0.5000
2,20,8.5980,430,17,0,0.000018,0.000001,0.5000
2,20,8.6180,431,19,0,0.000001,0.000000,0.5000
2,20,8.6380,432,19,0,0.000001,0.000000,0.5000
2,20,8.6580,433,19,0,0.000001,0.000000,0.5000
2,20,8.6780,434,19,0,0.000001,0.000000,0.5000
2,20,8.6980,435,19,0,0.000001,0.000000,0.5000
2,20,8.7180,436,19,0,0.000001,0.000000,0.5000
2,20,8.7380,437,19,0,0.000001,0.000000,0.5000
2,20,8.7580,438,19,0,0.000001,0.000000,0.5000
2,20,8.7780,439,19,0,0.000001,0.000000,0.5000
2,20,8.7980,440,19,0,0.000001,0.000000,0.5000
2,20,8.8180,441,19,0,0.000001,0.000000,0.5000
2,20,8.8380,442,19,0,0.000001,0.000000,0.5000
2,20,8.8580,443,19,0,0.000001,0.000000,0.5000
2,20,8.8780,444,19,0,0.000001,0.000000,0.5000
2,20,8.8980,445,19,0,0.000001,0.000000,0.5000
2,20,8.9180,446,19,0,0.000001,0.000000,0.5000
2,20,8.9380,447,19,0,0.000001,0.000000,0.5000
2,20,8.9580,448,19,0,0.000001,0.000000,0.5000
2,20,8.9780,449,20,0,0.000000,0.000000,0.5000
3,20,0.0180,1,0,0,0.000000,0.000000,19.5000
3,20,0.0380,2,0,0,0.196000,0.163272,19.4961
3,20,0.0580,3,0,0,0.391365,0.298228,19.4883
3,20,0.0780,4,0,0,0.579761,0.403268,19.4767
3,20,0.0980,5,0,0,0.739940,0.479371,19.4619
3,20,0.1180,6,0,0,0.847353,0.526237,19.4449
3,20,0.1380,7,0,0,0.888967,0.544157,19.4271
3,20,0.1580,8,0,0,0.868535,0.531729,19.4098
3,20,0.1780,9,0,0,0.795403,0.493200,19.3939
3,20,0.1980,10,0,0,0.682294,0.429562,19.3802
3,20,0.2180,11,0,0,0.541893,0.345719,19.3694
3,20,0.2380,12,0,0,0.383723,0.247226,19.3617
3,20,0.2580,13,0,0,0.216039,0.140186,19.3574
3,20,0.2780,14,0,0,0.047831,0.034139,19.3565
3,20,0.2980,15,0,0,0.118158,0.076942,19.3589
3,20,0.3180,16,0,0,0.266088,0.169962,19.3642
3,20,0.3380,17,0,0,0.391521,0.248727,19.3720
3,20,0.3580,18,0,0,0.488059,0.309089,19.3818
3,20,0.3780,19,0,0,0.551706,0.348806,19.3928
3,20,0.3980,20,0,0,0.580599,0.366923,19.4044
3,20,0.4180,21,0,0,0.575230,0.363741,19.4159
3,20,0.4380,22,0,0,0.536765,0.340211,19.4266
3,20,0.4580,23,0,0,0.469350,0.298225,19.4359
3,20,0.4780,24,0,0,0.361435,0.242006,19.4430
3,20,0.4980,25,0,0,0.245905,0.174242,19.4478
3,20,0.5180,26,0,0,0.139979,0.102151,19.4504
3,20,0.5380,27,0,0,0.068723,0.046388,19.4509
3,20,0.5580,28,0,0,0.104994,0.078799,19.4492
3,20,0.5780,29,0,0,0.208189,0.139605,19.4453
3,20,0.5980,30,0,0,0.301646,0.193278,19.4396
3,20,0.6180,31,0,0,0.370633,0.233932,19.4324
3,20,0.6380,32,0,0,0.415850,0.259924,19.4244
3,20,0.6580,33,0,0,0.460392,0.271371,19.4154
3,20,0.6780,34,0,0,0.475607,0.270746,19.4061
3,20,0.6980,35,0,0,0.445878,0.257675,19.3975
3,20,0.7180,36,0,0,0.421031,0.235027,19.3894
3,20,0.7380,37,0,0,0.371130,0.205471,19.3823
3,20,0.7580,38,0,0,0.293871,0.170372,19.3769
3,20,0.7780,39,0,0,0.214488,0.131762,19.3733
3,20,0.7980,40,0,0,0.163538,0.095842,19.3717
3,20,0.8180,41,0,0,0.151980,0.077990,19.3718
3,20,0.8380,42,0,0,0.179914,0.094170,19.3734
3,20,0.8580,43,0,0,0.219099,0.124166,19.3763
3,20,0.8780,44,0,0,0.257031,0.154046,19.3804
3,20,0.8980,45,0,0,0.287130,0.177790,19.3853
3,20,0.9180,46,0,0,0.305871,0.192944,19.3908
3,20,0.9380,47,0,0,0.310833,0.198582,19.3965
3,20,0.9580,48,0,0,0.299752,0.194956,19.4020
3,20,0.9780,49,0,0,0.273162,0.183042,19.4072
3,20,0.9980,50,0,0,0.233042,0.164396,19.4116
3,20,1.0180,51,0,0,0.199834,0.138007,19.4151
3,20,1.0380,52,0,0,0.188719,0.108742,19.4171
3,20,1.0580,53,0,0,0.167806,0.081629,19.4178
3,20,1.0780,54,0,0,0.151714,0.081485,19.4170
3,20,1.0980,55,0,0,0.151421,0.101399,19.4149
3,20,1.1180,56,0,0,0.167549,0.123222,19.4118
3,20,1.1380,57,0,0,0.205263,0.142602,19.4079
3,20,1.1580,58,0,0,0.232182,0.157579,19.4034
3,20,1.1780,59,0,0,0.246026,0.168468,19.3986
3,20,1.1980,60,0,0,0.255498,0.174921,19.3936
3,20,1.2180,61,0,0,0.289528,0.181575,19.3878
3,20,1.2380,62,0,0,0.304429,0.180666,19.3817
3,20,1.2580,63,0,0,0.298814,0.180397,19.3759
3,20,1.2780,64,0,0,0.293530,0.174324,19.3710
3,20,1.2980,65,0,0,0.272278,0.171575,19.3671
3,20,1.3180,66,0,0,0.261329,0.180563,19.3634
3,20,1.3380,67,0,0,0.251392,0.178683,19.3601
3,20,1.3580,68,0,0,0.245076,0.167920,19.3578
3,20,1.3780,69,0,0,0.266109,0.166007,19.3566
3,20,1.3980,70,0,0,0.245886,0.146698,19.3559
3,20,1.4180,71,0,0,0.239160,0.124846,19.3548
3,20,1.4380,72,0,0,0.267346,0.126403,19.3533
3,20,1.4580,73,0,0,0.266648,0.133344,19.3518
3,20,1.4780,74,0,0,0.259195,0.136201,19.3504
3,20,1.4980,75,0,0,0.229984,0.130462,19.3495
3,20,1.5180,76,0,0,0.207804,0.119822,19.3490
3,20,1.5380,77,0,0,0.182773,0.107740,19.3488
3,20,1.5580,78,0,0,0.154233,0.101326,19.3487
3,20,1.5780,79,0,0,0.208230,0.107433,19.3485
3,20,1.5980,80,0,0,0.273174,0.122195,19.3478
3,20,1.6180,81,0,0,0.328297,0.141118,19.3465
3,20,1.6380,82,0,0,0.364557,0.149664,19.3444
3,20,1.6580,83,0,0,0.382588,0.175203,19.3414
3,20,1.6780,84,0,0,0.393823,0.199447,19.3372
3,20,1.6980,85,0,0,0.418477,0.214793,19.3319
3,20,1.7180,86,0,0,0.424633,0.246787,19.3261
3,20,1.7380,87,0,0,0.416695,0.267485,19.3203
3,20,1.7580,88,0,0,0.410844,0.265092,19.3145
3,20,1.7780,89,0,0,0.406727,0.254740,19.3085
3,20,1.7980,90,0,0,0.398006,0.246772,19.3027
3,20,1.8180,91,0,0,0.377455,0.238324,19.2973
3,20,1.8380,92,0,0,0.368628,0.228296,19.2927
3,20,1.8580,93,0,0,0.354541,0.219242,19.2895
3,20,1.8780,94,0,0,0.316864,0.215072,19.2879
3,20,1.8980,95,0,0,0.330211,0.219113,19.2879
3,20,1.9180,96,0,0,0.389766,0.231274,19.2893
3,20,1.9380,97,0,0,0.455448,0.246324,19.2919
3,20,1.9580,98,0,0,0.513083,0.243873,19.2949
3,20,1.9780,99,0,0,0.555914,0.234393,19.2979
3,20,1.9980,100,0,0,0.596103,0.230182,19.3006
3,20,2.0180,101,0,0,0.642284,0.231109,19.3028
3,20,2.0380,102,0,0,0.690204,0.229355,19.3047
3,20,2.0580,103,0,0,0.727432,0.223640,19.3063
3,20,2.0780,104,0,0,0.746336,0.215846,19.3076
3,20,2.0980,105,0,0,0.762618,0.206564,19.3085
3,20,2.1180,106,0,0,0.792811,0.195885,19.3086
3,20,2.1380,107,0,0,0.818801,0.192182,19.3080
3,20,2.1580,108,0,0,0.797652,0.192059,19.3070
3,20,2.1780,109,0,0,0.759115,0.201498,19.3050
3,20,2.1980,110,0,0,0.713448,0.207080,19.3021
3,20,2.2180,111,0,0,0.682182,0.213992,19.2986
3,20,2.2380,112,0,0,0.659229,0.215034,19.2949
3,20,2.2580,113,0,0,0.648566,0.211062,19.2911
3,20,2.2780,114,0,0,0.641653,0.202594,19.2876
3,20,2.2980,115,0,0,0.628347,0.191088,19.2845
3,20,2.3180,116,0,0,0.606135,0.176976,19.2817
3,20,2.3380,117,0,0,0.574786,0.162043,19.2793
3,20,2.3580,118,0,0,0.536756,0.150098,19.2774
3,20,2.3780,119,0,0,0.496127,0.141715,19.2756
3,20,2.3980,120,0,0,0.463087,0.140237,19.2742
3,20,2.4180,121,0,0,0.435445,0.142398,19.2733
3,20,2.4380,122,0,0,0.403458,0.145864,19.2732
3,20,2.4580,123,0,0,0.375714,0.149734,19.2737
3,20,2.4780,124,0,0,0.342930,0.153536,19.2748
3,20,2.4980,125,0,0,0.308409,0.156565,19.2762
3,20,2.5180,126,0,0,0.274250,0.158206,19.2777
3,20,2.5380,127,0,0,0.288127,0.157846,19.2792
3,20,2.5580,128,0,0,0.295712,0.155631,19.2808
3,20,2.5780,129,0,0,0.300616,0.151938,19.2822
3,20,2.5980,130,0,0,0.300753,0.147009,19.2833
3,20,2.6180,131,0,0,0.295226,0.141597,19.2842
3,20,2.6380,132,0,0,0.284480,0.137056,19.2847
3,20,2.6580,133,0,0,0.293193,0.134952,19.2848
3,20,2.6780,134,0,0,0.285686,0.135778,19.2846
3,20,2.6980,135,0,0,0.269872,0.139066,19.2842
3,20,2.7180,136,0,0,0.255167,0.144034,19.2837
3,20,2.7380,137,0,0,0.242426,0.149911,19.2828
3,20,2.7580,138,0,0,0.232937,0.156092,19.2817
3,20,2.7780,139,0,0,0.230096,0.162206,19.2805
3,20,2.7980,140,0,0,0.235141,0.167979,19.2792
3,20,2.8180,141,0,0,0.247100,0.173256,19.2780
3,20,2.8380,142,0,0,0.259525,0.177979,19.2768
3,20,2.8580,143,0,0,0.268443,0.182500,19.2757
3,20,2.8780,144,0,0,0.275486,0.186834,19.2749
3,20,2.8980,145,0,0,0.282575,0.191055,19.2743
3,20,2.9180,146,0,0,0.287551,0.195098,19.2740
3,20,2.9380,147,0,0,0.290761,0.198941,19.2740
3,20,2.9580,148,0,0,0.292743,0.202421,19.2743
3,20,2.9780,149,0,0,0.293844,0.205358,19.2748
3,20,2.9980,150,0,0,0.294391,0.207535,19.2755
3,20,3.0180,151,0,0,0.297667,0.208949,19.2763
3,20,3.0380,152,0,0,0.302729,0.209621,19.2773
3,20,3.0580,153,0,0,0.309648,0.209647,19.2783
3,20,3.0780,154,0,0,0.318252,0.208990,19.2792
3,20,3.0980,155,0,0,0.326362,0.207857,19.2801
3,20,3.1180,156,0,0,0.333125,0.206430,19.2809
3,20,3.1380,157,0,0,0.339192,0.204934,19.2815
3,20,3.1580,158,0,0,0.345524,0.203574,19.2820
3,20,3.1780,159,0,0,0.350204,0.202475,19.2822
3,20,3.1980,160,0,0,0.353125,0.201719,19.2823
3,20,3.2180,161,0,0,0.354233,0.201342,19.2821
3,20,3.2380,162,0,0,0.353487,0.201282,19.2818
3,20,3.2580,163,0,0,0.351057,0.201422,19.2812
3,20,3.2780,164,0,0,0.348007,0.201639,19.2806
3,20,3.2980,165,0,0,0.342993,0.201780,19.2799
3,20,3.3180,166,0,0,0.336309,0.201780,19.2791
3,20,3.3380,167,0,0,0.327972,0.201626,19.2783
3,20,3.3580,168,0,0,0.318436,0.201369,19.2776
3,20,3.3780,169,0,0,0.308235,0.201067,19.2768
3,20,3.3980,170,0,0,0.299203,0.200725,19.2762
3,20,3.4180,171,0,0,0.308006,0.200363,19.2757
3,20,3.4380,172,0,0,0.328731,0.200019,19.2753
3,20,3.4580,173,0,0,0.349648,0.199633,19.2750
3,20,3.4780,174,0,0,0.370442,0.199136,19.2749
3,20,3.4980,175,0,0,0.390795,0.198449,19.2749
3,20,3.5180,176,0,0,0.410505,0.197538,19.2749
3,20,3.5380,177,0,0,0.429390,0.196358,19.2751
3,20,3.5580,178,0,0,0.447359,0.194875,19.2753
3,20,3.5780,179,0,0,0.464356,0.193050,19.2756
3,20,3.5980,180,0,0,0.480304,0.190856,19.2758
3,20,3.6180,181,0,0,0.495199,0.188359,19.2761
3,20,3.6380,182,0,0,0.509034,0.185592,19.2763
3,20,3.6580,183,0,0,0.521891,0.182620,19.2765
3,20,3.6780,184,0,0,0.533911,0.179533,19.2765
3,20,3.6980,185,0,0,0.545248,0.176427,19.2765
3,20,3.7180,186,0,0,0.556081,0.173447,19.2763
3,20,3.7380,187,0,0,0.566610,0.171380,19.2760
3,20,3.7580,188,0,0,0.577029,0.172566,19.2756
3,20,3.7780,189,0,0,0.587546,0.175471,19.2751
3,20,3.7980,190,0,0,0.598272,0.179117,19.2744
3,20,3.8180,191,0,0,0.609322,0.183037,19.2737
3,20,3.8380,192,0,0,0.620731,0.186938,19.2728
3,20,3.8580,193,0,0,0.632550,0.190633,19.2719
3,20,3.8780,194,0,0,0.644787,0.193992,19.2710
3,20,3.8980,195,0,0,0.657470,0.196971,19.2700
3,20,3.9180,196,0,0,0.670469,0.199543,19.2690
3,20,3.9380,197,0,0,0.683674,0.201714,19.2680
3,20,3.9580,198,0,0,0.696955,0.203476,19.2671
3,20,3.9780,199,0,0,0.710198,0.204956,19.2661
3,20,3.9980,200,0,0,0.723304,0.206179,19.2652
3,20,4.0180,201,0,0,0.736133,0.207233,19.2644
3,20,4.0380,202,0,0,0.748498,0.208153,19.2635
3,20,4.0580,203,0,0,0.760279,0.208977,19.2627
3,20,4.0780,204,0,0,0.771320,0.209761,19.2619
3,20,4.0980,205,0,0,0.781421,0.210551,19.2611
3,20,4.1180,206,0,0,0.790498,0.211387,19.2603
3,20,4.1380,207,0,0,0.798400,0.212325,19.2594
3,20,4.1580,208,0,0,0.805301,0.213437,19.2586
3,20,4.1780,209,0,0,0.811862,0.214763,19.2577
3,20,4.1980,210,0,0,0.817550,0.216455,19.2567
3,20,4.2180,211,0,0,0.822054,0.218493,19.2557
3,20,4.2380,212,0,0,0.825223,0.220845,19.2546
3,20,4.2580,213,0,0,0.827038,0.223497,19.2535
3,20,4.2780,214,0,0,0.827590,0.226417,19.2524
3,20,4.2980,215,0,0,0.826902,0.229553,19.2512
3,20,4.3180,216,0,0,0.825065,0.232857,19.2500
3,20,4.3380,217,0,0,0.822643,0.236492,19.2487
3,20,4.3580,218,0,0,0.820436,0.240213,19.2473
3,20,4.3780,219,0,0,0.817831,0.243950,19.2460
3,20,4.3980,220,0,0,0.814620,0.247707,19.2446
3,20,4.4180,221,0,0,0.810922,0.251624,19.2433
3,20,4.4380,222,0,0,0.808246,0.256127,19.2416
3,20,4.4580,223,0,0,0.810359,0.260987,19.2398
3,20,4.4780,224,0,0,0.811048,0.265817,19.2382
3,20,4.4980,225,0,0,0.789874,0.270433,19.2365
3,20,4.5180,226,0,0,0.768887,0.275517,19.2349
3,20,4.5380,227,0,0,0.757579,0.280479,19.2334
3,20,4.5580,228,0,0,0.753040,0.285283,19.2320
3,20,4.5780,229,0,0,0.752374,0.290235,19.2307
3,20,4.5980,230,0,0,0.755806,0.296349,19.2294
3,20,4.6180,231,0,0,0.760636,0.304245,19.2279
3,20,4.6380,232,0,0,0.757997,0.312182,19.2265
3,20,4.6580,233,0,0,0.748352,0.319499,19.2251
3,20,4.6780,234,0,0,0.736834,0.325892,19.2238
3,20,4.6980,235,0,0,0.727411,0.331560,19.2225
3,20,4.7180,236,0,0,0.721613,0.336892,19.2212
3,20,4.7380,237,0,0,0.719463,0.342447,19.2200
3,20,4.7580,238,0,0,0.713816,0.349030,19.2186
3,20,4.7780,239,0,0,0.709167,0.357117,19.2173
3,20,4.7980,240,0,0,0.709092,0.365337,19.2161
3,20,4.8180,241,0,0,0.719664,0.373463,19.2150
3,20,4.8380,242,0,0,0.729533,0.381256,19.2139
3,20,4.8580,243,0,0,0.738720,0.388819,19.2129
3,20,4.8780,244,0,0,0.749115,0.396286,19.2117
3,20,4.8980,245,0,0,0.758891,0.403258,19.2104
3,20,4.9180,246,0,0,0.762554,0.409337,19.2091
3,20,4.9380,247,0,0,0.762323,0.414872,19.2079
3,20,4.9580,248,0,0,0.761938,0.420460,19.2068
3,20,4.9780,249,0,0,0.763376,0.426346,19.2058
3,20,4.9980,250,0,0,0.767074,0.432528,19.2048
3,20,5.0180,251,0,0,0.772589,0.438794,19.2038
3,20,5.0380,252,0,0,0.779335,0.444958,19.2028
3,20,5.0580,253,0,0,0.786840,0.450882,19.2017
3,20,5.0780,254,0,0,0.794786,0.456461,19.2007
3,20,5.0980,255,0,0,0.803150,0.461648,19.1997
3,20,5.1180,256,0,0,0.812223,0.466500,19.1986
3,20,5.1380,257,0,0,0.822459,0.471040,19.1976
3,20,5.1580,258,0,0,0.834263,0.475276,19.1965
3,20,5.1780,259,0,0,0.847851,0.479322,19.1953
3,20,5.1980,260,0,0,0.863178,0.483776,19.1941
3,20,5.2180,261,0,0,0.880026,0.488333,19.1928
3,20,5.2380,262,0,0,0.898068,0.492719,19.1915
3,20,5.2580,263,0,0,0.916883,0.497394,19.1900
3,20,5.2780,264,0,0,0.935520,0.501384,19.1883
3,20,5.2980,265,0,0,0.956288,0.505777,19.1865
3,20,5.3180,266,0,0,0.980093,0.510898,19.1845
3,20,5.3380,267,0,0,1.004634,0.516415,19.1826
3,20,5.3580,268,0,0,1.028113,0.521969,19.1805
3,20,5.3780,269,0,0,1.050133,0.527319,19.1784
3,20,5.3980,270,0,0,1.071098,0.532608,19.1761
3,20,5.4180,271,0,0,1.091368,0.537325,19.1738
3,20,5.4380,272,0,0,1.112998,0.541978,19.1713
3,20,5.4580,273,0,0,1.136341,0.546677,19.1687
3,20,5.4780,274,0,0,1.159807,0.551304,19.1662
3,20,5.4980,275,0,0,1.182295,0.556861,19.1636
3,20,5.5180,276,0,0,1.203421,0.562647,19.1609
3,20,5.5380,277,0,0,1.224722,0.568723,19.1581
3,20,5.5580,278,0,0,1.249383,0.576001,19.1553
3,20,5.5780,279,0,0,1.276526,0.583324,19.1523
3,20,5.5980,280,0,0,1.302842,0.588954,19.1492
3,20,5.6180,281,0,0,1.328082,0.593258,19.1459
3,20,5.6380,282,0,0,1.353095,0.597129,19.1426
3,20,5.6580,283,0,0,1.377692,0.601084,19.1391
3,20,5.6780,284,0,0,1.400867,0.605741,19.1355
3,20,5.6980,285,0,0,1.422616,0.610514,19.1317
3,20,5.7180,286,0,0,1.442831,0.615795,19.1277
3,20,5.7380,287,0,0,1.462016,0.620821,19.1235
3,20,5.7580,288,0,0,1.480687,0.625430,19.1193
3,20,5.7780,289,0,0,1.499082,0.629679,19.1150
3,20,5.7980,290,0,0,1.517603,0.633721,19.1105
3,20,5.8180,291,0,0,1.537011,0.637651,19.1059
3,20,5.8380,292,0,0,1.558099,0.641465,19.1012
3,20,5.8580,293,0,0,1.581205,0.645386,19.0963
3,20,5.8780,294,0,0,1.606269,0.649511,19.0913
3,20,5.8980,295,0,0,1.632973,0.653946,19.0862
3,20,5.9180,296,0,0,1.661032,0.658811,19.0810
3,20,5.9380,297,0,0,1.690124,0.664071,19.0756
3,20,5.9580,298,0,0,1.720011,0.669917,19.0701
3,20,5.9780,299,0,0,1.750567,0.677274,19.0645
3,20,5.9980,300,0,0,1.781770,0.685776,19.0588
3,20,6.0180,301,0,0,1.813891,0.694926,19.0529
3,20,6.0380,302,0,0,1.846919,0.704396,19.0470
3,20,6.0580,303,0,0,1.882675,0.715311,19.0406
3,20,6.0780,304,0,0,1.917768,0.725688,19.0339
3,20,6.0980,305,0,0,1.946771,0.736775,19.0269
3,20,6.1180,306,0,0,1.970264,0.747187,19.0197
3,20,6.1380,307,0,0,1.987590,0.757700,19.0125
3,20,6.1580,308,0,0,2.001556,0.768095,19.0055
3,20,6.1780,309,0,0,2.009409,0.778988,18.9985
3,20,6.1980,310,0,0,2.015824,0.790513,18.9916
3,20,6.2180,311,0,0,2.025351,0.802808,18.9848
3,20,6.2380,312,0,0,2.039616,0.818116,18.9778
3,20,6.2580,313,0,0,2.057729,0.837068,18.9706
3,20,6.2780,314,0,0,2.078044,0.844861,18.9632
3,20,6.2980,315,0,0,2.099272,0.861188,18.9557
3,20,6.3180,316,0,0,2.120798,0.880264,18.9481
3,20,6.3380,317,0,0,2.142102,0.896694,18.9403
3,20,6.3580,318,0,0,2.163282,0.912169,18.9325
3,20,6.3780,319,0,0,2.186103,0.927474,18.9245
3,20,6.3980,320,0,0,2.212765,0.942768,18.9164
3,20,6.4180,321,0,0,2.243740,0.958082,18.9081
3,20,6.4380,322,0,0,2.277878,0.973389,18.8995
3,20,6.4580,323,0,0,2.313724,0.988696,18.8906
3,20,6.4780,324,0,0,2.350615,1.004009,18.8814
3,20,6.4980,325,0,0,2.388556,1.019392,18.8719
3,20,6.5180,326,0,0,2.427933,1.035055,18.8622
3,20,6.5380,327,0,0,2.469357,1.051136,18.8521
3,20,6.5580,328,0,0,2.513251,1.067527,18.8417
3,20,6.5780,329,0,0,2.559572,1.084333,18.8309
3,20,6.5980,330,0,0,2.607855,1.101726,18.8197
3,20,6.6180,331,0,0,2.657301,1.119801,18.8081
3,20,6.6380,332,0,0,2.709311,1.138828,18.7959
3,20,6.6580,333,0,0,2.761075,1.158646,18.7833
3,20,6.6780,334,0,0,2.804180,1.179394,18.7702
3,20,6.6980,335,0,0,2.839863,1.201148,18.7567
3,20,6.7180,336,0,0,2.872916,1.223774,18.7429
3,20,6.7380,337,0,0,2.907159,1.247144,18.7287
3,20,6.7580,338,0,0,2.944774,1.271067,18.7141
3,20,6.7780,339,0,0,2.986363,1.295673,18.6991
3,20,6.7980,340,0,0,3.031554,1.320815,18.6836
3,20,6.8180,341,0,0,3.079565,1.346098,18.6677
3,20,6.8380,342,0,0,3.129237,1.371592,18.6513
3,20,6.8580,343,0,0,3.179598,1.397227,18.6345
3,20,6.8780,344,0,0,3.229928,1.422934,18.6173
3,20,6.8980,345,0,0,3.279907,1.448793,18.5996
3,20,6.9180,346,0,0,3.329557,1.474882,18.5815
3,20,6.9380,347,0,0,3.379195,1.501225,18.5630
3,20,6.9580,348,0,0,3.429117,1.528155,18.5440
3,20,6.9780,349,0,0,3.479591,1.555707,18.5246
3,20,6.9980,350,0,0,3.530999,1.583922,18.5047
3,20,7.0180,351,0,0,3.583642,1.612781,18.4843
3,20,7.0380,352,0,0,3.637858,1.642224,18.4634
3,20,7.0580,353,0,0,3.693736,1.672427,18.4419
3,20,7.0780,354,0,0,3.751347,1.703187,18.4198
3,20,7.0980,355,0,0,3.810777,1.734466,18.3970
3,20,7.1180,356,0,0,3.871988,1.765930,18.3735
3,20,7.1380,357,0,0,3.934623,1.797184,18.3493
3,20,7.1580,358,0,0,3.998726,1.828060,18.3243
3,20,7.1780,359,0,0,4.064401,1.858995,18.2984
3,20,7.1980,360,0,0,4.131704,1.890838,18.2717
3,20,7.2180,361,0,0,4.200573,1.923736,18.2441
3,20,7.2380,362,0,0,4.270706,1.957872,18.2155
3,20,7.2580,363,0,0,4.341972,1.992708,18.1860
3,20,7.2780,364,0,0,4.414638,2.028161,18.1554
3,20,7.2980,365,0,0,4.489372,2.064345,18.1237
3,20,7.3180,366,0,0,4.566646,2.120093,18.0910
3,20,7.3380,367,0,0,4.647722,2.149152,18.0574
3,20,7.3580,368,0,0,4.731227,2.210464,18.0234
3,20,7.3780,369,0,0,4.813439,2.235760,17.9891
3,20,7.3980,370,0,0,4.898641,2.289881,17.9547
3,20,7.4180,371,0,0,4.983978,2.324485,17.9199
3,20,7.4380,372,0,0,5.075720,2.370992,17.8844
3,20,7.4580,373,0,0,5.175641,2.421096,17.8475
3,20,7.4780,374,0,0,5.282194,2.476656,17.8089
3,20,7.4980,375,0,0,5.388235,2.529298,17.7679
3,20,7.5180,376,0,0,5.491406,2.580755,17.7242
3,20,7.5380,377,0,0,5.597786,2.631160,17.6779
3,20,7.5580,378,0,0,5.698170,2.681215,17.6288
3,20,7.5780,379,0,0,5.792574,2.730322,17.5767
3,20,7.5980,380,0,0,5.880691,2.779637,17.5219
3,20,7.6180,381,0,0,5.967924,2.831163,17.4645
3,20,7.6380,382,0,0,6.056947,2.887066,17.4045
3,20,7.6580,383,0,0,6.147372,2.948888,17.3419
3,20,7.6780,384,0,0,6.239556,3.017141,17.2769
3,20,7.6980,385,0,0,6.335138,3.089108,17.2095
3,20,7.7180,386,0,0,6.439613,3.163095,17.1396
3,20,7.7380,387,0,0,6.553692,3.242656,17.0669
3,20,7.7580,388,0,0,6.671420,3.325854,16.9914
3,20,7.7780,389,0,0,6.789065,3.411355,16.9130
3,20,7.7980,390,0,0,6.901856,3.500013,16.8318
3,20,7.8180,391,0,0,7.010669,3.592796,16.7479
3,20,7.8380,392,0,0,7.117158,3.690030,16.6611
3,20,7.8580,393,0,0,7.224234,3.790496,16.5716
3,20,7.8780,394,0,0,7.334999,3.894642,16.4791
3,20,7.8980,395,0,0,7.450405,4.001179,16.3833
3,20,7.9180,396,0,0,7.567933,4.109132,16.2839
3,20,7.9380,397,0,0,7.682887,4.216143,16.1808
3,20,7.9580,398,0,0,7.800377,4.324636,16.0740
3,20,7.9780,399,0,0,7.920252,4.435855,15.9635
3,20,7.9980,400,0,0,8.042380,4.550110,15.8493
3,20,8.0180,401,0,0,8.166635,4.666367,15.7314
3,20,8.0380,402,0,0,8.292897,4.784427,15.6098
3,20,8.0580,403,0,0,8.421051,4.904098,15.4845
3,20,8.0780,404,0,0,8.550990,5.025253,15.3556
3,20,8.0980,405,0,0,8.682611,5.147700,15.2230
3,20,8.1180,406,0,0,8.815816,5.271313,15.0867
3,20,8.1380,407,0,0,8.950512,5.396038,14.9468
3,20,8.1580,408,0,0,9.086611,5.521801,14.8033
3,20,8.1780,409,0,0,9.224030,5.648483,14.6561
3,20,8.1980,410,0,0,9.362689,5.775985,14.5053
3,20,8.2180,411,0,0,9.502516,5.904278,14.3509
3,20,8.2380,412,0,0,9.643438,6.033373,14.1929
3,20,8.2580,413,0,0,9.785390,6.163244,14.0312
3,20,8.2780,414,0,0,9.928308,6.293848,13.8660
3,20,8.2980,415,0,0,10.072131,6.425129,13.6972
3,20,8.3180,416,0,0,10.216803,6.557039,13.5248
3,20,8.3380,417,0,0,10.362271,6.689548,13.3488
3,20,8.3580,418,0,0,10.508484,6.822564,13.1693
3,20,8.3780,419,0,0,10.655393,6.953570,12.9862
3,20,8.3980,420,0,0,10.802953,7.085304,12.7995
3,20,8.4180,421,0,0,10.951120,7.219076,12.6093
3,20,8.4380,422,0,0,11.099855,7.290370,12.4156
3,20,8.4580,423,0,0,11.249120,7.412754,12.2183
3,20,8.4780,424,0,0,11.398874,7.544761,12.0175
3,20,8.4980,425,0,0,11.549087,7.680398,11.8132
3,20,8.5180,426,0,0,11.699723,7.816407,11.6053
3,20,8.5380,427,0,0,11.850752,7.952006,11.3940
3,20,8.5580,428,0,0,12.002144,8.090658,11.1792
3,20,8.5780,429,0,0,12.153872,8.230818,10.9608
3,20,8.5980,430,0,0,12.305905,8.370372,10.7390
3,20,8.6180,431,0,0,12.458223,8.508831,10.5137
3,20,8.6380,432,0,0,12.610801,8.647472,10.2850
3,20,8.6580,433,0,0,12.763613,8.764725,10.0528
3,20,8.6780,434,0,0,12.916640,8.896916,9.8171
3,20,8.6980,435,0,0,13.069860,9.036250,9.5780
3,20,8.7180,436,0,0,13.223254,9.176514,9.3354
3,20,8.7380,437,0,0,13.376803,9.317711,9.0894
3,20,8.7580,438,0,0,13.530490,9.104252,8.8400
3,20,8.7780,439,0,0,13.684297,9.213195,8.5872
3,20,8.7980,440,0,0,13.838207,8.949888,8.3309
3,20,8.8180,441,0,0,13.992208,9.080039,8.0712
3,20,8.8380,442,0,0,14.146280,8.889470,7.8082
3,20,8.8580,443,0,0,14.300414,8.511018,7.5417
3,20,8.8780,444,0,0,14.454594,8.270643,7.2719
3,20,8.8980,445,0,0,14.608809,8.365399,6.9986
3,20,8.9180,446,0,0,14.763045,8.251559,6.7220
3,20,8.9380,447,0,0,14.917292,8.166575,6.4420
3,20,8.9580,448,0,0,15.071537,7.566909,6.1587
3,20,8.9780,449,0,0,15.225771,7.517878,5.8720
3,20,8.9980,450,0,0,15.379984,7.128186,5.5820
3,20,9.0180,451,0,0,15.534167,7.121466,5.2886
3,20,9.0380,452,0,0,15.688310,7.075576,4.9919
3,20,9.0580,453,0,0,15.394245,6.490298,4.7262
3,20,9.0780,454,0,0,15.651333,6.460245,4.4674
3,20,9.0980,455,0,0,16.034307,6.190490,4.2097
3,20,9.1180,456,0,0,16.416555,6.164030,3.9522
3,20,9.1380,457,0,0,16.584993,6.180047,3.6916
3,20,9.1580,458,0,0,16.738047,6.034343,3.4287
3,20,9.1780,459,0,0,16.919312,6.052079,3.1644
3,20,9.1980,460,0,0,17.202518,5.909895,2.9018
3,20,9.2180,461,0,0,17.407743,5.578080,2.6370
3,20,9.2380,462,0,0,18.650879,4.911537,2.3790
3,20,9.2580,463,0,0,18.859753,4.918170,2.1181
3,20,9.2780,464,0,0,18.959570,4.925956,1.8538
3,20,9.2980,465,0,0,19.380016,4.695659,1.5875
3,20,9.3180,466,0,0,21.014191,4.059538,1.3221
3,20,9.3380,467,0,0,21.510422,4.050925,1.0645
3,20,9.3580,468,0,0,21.590412,4.046714,0.9394
3,20,9.3780,469,0,0,21.671320,3.423312,0.8107
3,20,9.3980,470,0,0,14.314910,2.837783,0.6783
3,20,9.4180,471,0,0,10.234797,2.504383,0.7068
3,20,9.4380,472,0,0,10.159634,2.245691,0.7602
3,20,9.4580,473,0,0,10.087280,1.984375,0.8095
3,20,9.4780,474,0,0,10.017080,1.934637,0.8549
3,20,9.4980,475,0,0,9.948529,1.884002,0.8962
3,20,9.5180,476,1,0,9.833671,1.827000,0.9335
3,20,9.5380,477,1,0,9.716221,1.777774,0.9669
3,20,9.5580,478,1,0,9.599078,1.719666,0.9962
3,20,9.5780,479,1,0,9.482559,1.668925,1.0216
3,20,9.5980,480,1,0,9.366416,1.630575,1.0430
3,20,9.6180,481,1,0,9.249918,1.586376,1.0604
3,20,9.6380,482,1,0,9.133621,1.550630,1.0739
3,20,9.6580,483,1,0,9.017529,1.528341,1.0834
3,20,9.6780,484,1,0,8.901643,1.484972,1.0890
3,20,9.6980,485,1,0,8.785966,1.469477,1.0907
3,20,9.7180,486,2,0,8.670498,1.434727,1.0884
3,20,9.7380,487,2,0,8.555242,1.384830,1.0822
3,20,9.7580,488,2,0,8.440199,1.360983,1.0721
3,20,9.7780,489,2,0,8.325374,1.349978,1.0582
3,20,9.7980,490,3,0,8.210768,1.265733,1.0403
3,20,9.8180,491,6,0,8.096382,1.254881,1.0185
3,20,9.8380,492,6,0,7.982219,1.239204,0.9929
3,20,9.8580,493,6,0,7.868281,1.234907,0.9634
3,20,9.8780,494,6,0,7.754570,1.232213,0.9300
3,20,9.8980,495,6,0,7.641086,1.221138,0.8928
3,20,9.9180,496,6,0,7.527833,1.218182,0.8517
3,20,9.9380,497,6,0,7.414814,1.216513,0.8068
3,20,9.9580,498,7,0,7.302029,1.216019,0.7581
3,20,9.9780,499,7,0,7.189477,1.064738,0.7055
3,20,9.9980,500,7,0,7.077161,1.041893,0.6890
3,20,10.0180,501,7,0,6.965083,1.027558,0.6868
3,20,10.0380,502,8,0,6.853241,1.014374,0.6840
3,20,10.0580,503,8,0,6.741638,0.998006,0.6805
3,20,10.0780,504,9,0,6.630273,0.981674,0.6763
3,20,10.0980,505,9,0,6.519145,0.879228,0.6712
3,20,10.1180,506,9,0,6.408258,0.857487,0.6653
3,20,10.1380,507,9,0,6.297608,0.828922,0.6585
3,20,10.1580,508,10,0,6.187194,0.806381,0.6510
3,20,10.1780,509,11,0,6.077016,0.789079,0.6687
3,20,10.1980,510,13,0,5.967074,0.773528,0.6829
3,20,10.2180,511,14,0,5.857366,0.763267,0.6934
3,20,10.2380,512,14,0,5.747890,0.754068,0.7001
3,20,10.2580,513,14,0,5.638647,0.745735,0.7030
3,20,10.2780,514,14,0,5.529634,0.738243,0.7020
3,20,10.2980,515,14,0,5.420848,0.731583,0.6972
3,20,10.3180,516,14,0,5.312290,0.725745,0.6886
3,20,10.3380,517,14,0,5.203958,0.720712,0.6761
3,20,10.3580,518,14,0,5.095849,0.716462,0.6599
3,20,10.3780,519,14,0,4.987960,0.639788,0.6398
3,20,10.3980,520,14,0,4.880290,0.628028,0.6160
3,20,10.4180,521,14,0,4.772837,0.617229,0.5884
3,20,10.4380,522,14,0,4.665600,0.607324,0.5571
3,20,10.4580,523,14,0,4.558577,0.593481,0.5220
3,20,10.4780,524,14,0,4.451764,0.581715,0.5000
3,20,10.4980,525,14,0,4.345162,0.483859,0.5000
3,20,10.5180,526,14,0,4.238768,0.467357,0.5000
3,20,10.5380,527,14,0,4.132579,0.453704,0.5000
3,20,10.5580,528,15,0,4.026597,0.440194,0.5000
3,20,10.5780,529,15,0,3.920818,0.426884,0.5000
3,20,10.5980,530,16,0,3.815241,0.413804,0.5000
3,20,10.6180,531,16,0,3.709865,0.396506,0.5000
3,20,10.6380,532,16,0,3.604690,0.378538,0.5000
3,20,10.6580,533,16,0,3.499712,0.363296,0.5000
3,20,10.6780,534,16,0,3.394933,0.348080,0.5000
3,20,10.6980,535,16,0,3.290351,0.332892,0.5000
3,20,10.7180,536,16,0,3.185966,0.317732,0.5000
3,20,10.7380,537,16,0,3.081777,0.302602,0.5000
3,20,10.7580,538,16,0,2.977785,0.287503,0.5000
3,20,10.7780,539,16,0,2.873988,0.272437,0.5000
3,20,10.7980,540,16,0,2.770387,0.257406,0.5000
3,20,10.8180,541,16,0,2.666983,0.242412,0.5000
3,20,10.8380,542,16,0,2.563775,0.227456,0.5000
3,20,10.8580,543,16,0,2.460763,0.212542,0.5000
3,20,10.8780,544,16,0,2.357949,0.197664,0.5000
3,20,10.8980,545,16,0,2.255332,0.182847,0.5000
3,20,10.9180,546,17,0,2.152913,0.168101,0.5000
3,20,10.9380,547,17,0,2.050694,0.153456,0.5000
3,20,10.9580,548,17,0,1.948673,0.139096,0.5000
3,20,10.9780,549,17,0,1.846854,0.126939,0.5000
3,20,10.9980,550,17,0,1.745234,0.117054,0.5000
3,20,11.0180,551,17,0,1.643817,0.107183,0.5000
3,20,11.0380,552,17,0,1.542603,0.097350,0.5000
3,20,11.0580,553,17,0,1.441592,0.087542,0.5000
3,20,11.0780,554,17,0,1.340785,0.077753,0.5000
3,20,11.0980,555,17,0,1.240183,0.067972,0.5000
3,20,11.1180,556,17,0,1.139786,0.058174,0.5000
3,20,11.1380,557,17,0,1.039596,0.051989,0.5000
3,20,11.1580,558,17,0,0.939613,0.046985,0.5000
3,20,11.1780,559,17,0,0.839838,0.041992,0.5000
3,20,11.1980,560,17,0,0.740271,0.037014,0.5000
3,20,11.2180,561,17,0,0.640914,0.032046,0.5000
3,20,11.2380,562,17,0,0.541767,0.027088,0.5000
3,20,11.2580,563,17,0,0.442805,0.022140,0.5000
3,20,11.2780,564,17,0,0.344077,0.017204,0.5000
3,20,11.2980,565,17,0,0.245600,0.012280,0.5000
3,20,11.3180,566,17,0,0.147405,0.007370,0.5000
3,20,11.3380,567,17,0,0.049563,0.002478,0.5000
3,20,11.3580,568,18,0,0.000232,0.000012,0.5000
3,20,11.3780,569,18,0,0.000070,0.000004,0.5000
3,20,11.3980,570,18,0,0.000001,0.000000,0.5000
3,20,11.4180,571,18,0,0.000000,0.000000,0.5000
3,20,11.4380,572,18,0,0.000000,0.000000,0.5000
3,20,11.4580,573,18,0,0.000000,0.000000,0.5000
3,20,11.4780,574,18,0,0.000000,0.000000,0.5000
3,20,11.4980,575,18,0,0.000000,0.000000,0.5000
3,20,11.5180,576,18,0,0.000000,0.000000,0.5000
3,20,11.5380,577,19,0,0.000000,0.000000,0.5000
3,20,11.5580,578,19,0,0.000000,0.000000,0.5000
3,20,11.5780,579,19,0,0.000000,0.000000,0.5000
3,20,11.5980,580,19,0,0.000000,0.000000,0.5000
3,20,11.6180,581,19,0,0.000000,0.000000,0.5000
3,20,11.6380,582,19,0,0.000000,0.000000,0.5000
3,20,11.6580,583,19,0,0.000000,0.000000,0.5000
3,20,11.6780,584,19,0,0.000000,0.000000,0.5000
3,20,11.6980,585,19,0,0.000000,0.000000,0.5000
3,20,11.7180,586,19,0,0.000000,0.000000,0.5000
3,20,11.7380,587,19,0,0.000000,0.000000,0.5000
3,20,11.7580,588,20,0,0.000000,0.000000,0.5000
4,20,0.0180,1,0,0,0.000000,0.000000,19.5000
4,20,0.0380,2,0,0,0.196000,0.162951,19.4961
4,20,0.0580,3,0,0,0.391238,0.297637,19.4883
4,20,0.0780,4,0,0,0.578619,0.403601,19.4767
4,20,0.0980,5,0,0,0.737145,0.480519,19.4619
4,20,0.1180,6,0,0,0.843834,0.528059,19.4451
4,20,0.1380,7,0,0,0.885777,0.546547,19.4274
4,20,0.1580,8,0,0,0.865986,0.537222,19.4100
4,20,0.1780,9,0,0,0.795228,0.499515,19.3941
4,20,0.1980,10,0,0,0.686054,0.436491,19.3804
4,20,0.2180,11,0,0,0.549445,0.396873,19.3694
4,20,0.2380,12,0,0,0.420561,0.353726,19.3615
4,20,0.2580,13,0,0,0.497720,0.334020,19.3564
4,20,0.2780,14,0,0,0.512860,0.322016,19.3531
4,20,0.2980,15,0,0,0.449786,0.297268,19.3501
4,20,0.3180,16,0,0,0.418456,0.281403,19.3463
4,20,0.3380,17,0,0,0.544187,0.296390,19.3413
4,20,0.3580,18,0,0,0.488103,0.308054,19.3357
4,20,0.3780,19,0,0,0.468852,0.321532,19.3297
4,20,0.3980,20,0,0,0.411392,0.322136,19.3235
4,20,0.4180,21,0,0,0.406494,0.302267,19.3168
4,20,0.4380,22,0,0,0.388338,0.270182,19.3101
4,20,0.4580,23,0,0,0.367433,0.236231,19.3041
4,20,0.4780,24,0,0,0.415775,0.197634,19.2995
4,20,0.4980,25,0,0,0.408851,0.179770,19.2962
4,20,0.5180,26,0,0,0.373904,0.166888,19.2945
4,20,0.5380,27,0,0,0.377382,0.159654,19.2940
4,20,0.5580,28,0,0,0.374485,0.164086,19.2941
4,20,0.5780,29,0,0,0.348894,0.193050,19.2947
4,20,0.5980,30,0,0,0.348509,0.203558,19.2952
4,20,0.6180,31,0,0,0.426598,0.200866,19.2952
4,20,0.6380,32,0,0,0.491277,0.207515,19.2942
4,20,0.6580,33,0,0,0.515631,0.228095,19.2924
4,20,0.6780,34,0,0,0.514031,0.240850,19.2907
4,20,0.6980,35,0,0,0.509864,0.247284,19.2894
4,20,0.7180,36,0,0,0.500789,0.253039,19.2884
4,20,0.7380,37,0,0,0.484023,0.256558,19.2877
4,20,0.7580,38,0,0,0.453951,0.255976,19.2872
4,20,0.7780,39,0,0,0.415655,0.251036,19.2871
4,20,0.7980,40,0,0,0.416787,0.243504,19.2869
4,20,0.8180,41,0,0,0.410811,0.245465,19.2850
4,20,0.8380,42,0,0,0.404808,0.251648,19.2817
4,20,0.8580,43,0,0,0.435101,0.252716,19.2788
4,20,0.8780,44,0,0,0.433307,0.248400,19.2764
4,20,0.8980,45,0,0,0.432331,0.243606,19.2747
4,20,0.9180,46,0,0,0.465663,0.242666,19.2734
4,20,0.9380,47,0,0,0.475707,0.242399,19.2723
4,20,0.9580,48,0,0,0.477086,0.243467,19.2711
4,20,0.9780,49,0,0,0.443975,0.249178,19.2697
4,20,0.9980,50,0,0,0.429195,0.256117,19.2680
4,20,1.0180,51,0,0,0.420549,0.259743,19.2660
4,20,1.0380,52,0,0,0.419768,0.258577,19.2639
4,20,1.0580,53,0,0,0.418545,0.254418,19.2621
4,20,1.0780,54,0,0,0.412245,0.248437,19.2605
4,20,1.0980,55,0,0,0.398408,0.241615,19.2591
4,20,1.1180,56,0,0,0.369175,0.234123,19.2580
4,20,1.1380,57,0,0,0.345617,0.224088,19.2571
4,20,1.1580,58,0,0,0.320231,0.211911,19.2563
4,20,1.1780,59,0,0,0.306027,0.206460,19.2559
4,20,1.1980,60,0,0,0.301890,0.194375,19.2559
4,20,1.2180,61,0,0,0.300482,0.176707,19.2560
4,20,1.2380,62,0,0,0.325927,0.165274,19.2561
4,20,1.2580,63,0,0,0.350276,0.164400,19.2559
4,20,1.2780,64,0,0,0.342008,0.166848,19.2556
4,20,1.2980,65,0,0,0.333853,0.170203,19.2553
4,20,1.3180,66,0,0,0.339557,0.174361,19.2551
4,20,1.3380,67,0,0,0.351036,0.177108,19.2553
4,20,1.3580,68,0,0,0.358817,0.179926,19.2558
4,20,1.3780,69,0,0,0.372505,0.183479,19.2564
4,20,1.3980,70,0,0,0.379752,0.186361,19.2572
4,20,1.4180,71,0,0,0.378189,0.187872,19.2578
4,20,1.4380,72,0,0,0.372219,0.188800,19.2584
4,20,1.4580,73,0,0,0.364487,0.195324,19.2590
4,20,1.4780,74,0,0,0.360318,0.199053,19.2595
4,20,1.4980,75,0,0,0.404346,0.207907,19.2600
4,20,1.5180,76,0,0,0.450304,0.225219,19.2606
4,20,1.5380,77,0,0,0.490053,0.238507,19.2610
4,20,1.5580,78,0,0,0.521202,0.243903,19.2613
4,20,1.5780,79,0,0,0.546499,0.245702,19.2614
4,20,1.5980,80,0,0,0.573053,0.246033,19.2612
4,20,1.6180,81,0,0,0.606370,0.245725,19.2608
4,20,1.6380,82,0,0,0.647212,0.245890,19.2603
4,20,1.6580,83,0,0,0.693572,0.248154,19.2597
4,20,1.6780,84,0,0,0.745291,0.249521,19.2591
4,20,1.6980,85,0,0,0.802393,0.249253,19.2585
4,20,1.7180,86,0,0,0.850149,0.250189,19.2582
4,20,1.7380,87,0,0,0.874809,0.250954,19.2582
4,20,1.7580,88,0,0,0.879290,0.252069,19.2583
4,20,1.7780,89,0,0,0.870004,0.252834,19.2584
4,20,1.7980,90,0,0,0.852683,0.253602,19.2585
4,20,1.8180,91,0,0,0.833180,0.254497,19.2587
4,20,1.8380,92,0,0,0.809610,0.254647,19.2588
4,20,1.8580,93,0,0,0.790863,0.254901,19.2589
4,20,1.8780,94,0,0,0.775491,0.255583,19.2591
4,20,1.8980,95,0,0,0.760330,0.257081,19.2593
4,20,1.9180,96,0,0,0.744445,0.259951,19.2596
4,20,1.9380,97,0,0,0.728466,0.263910,19.2600
4,20,1.9580,98,0,0,0.712994,0.268341,19.2604
4,20,1.9780,99,0,0,0.698572,0.272710,19.2608
4,20,1.9980,100,0,0,0.685638,0.276438,19.2612
4,20,2.0180,101,0,0,0.674497,0.279131,19.2616
4,20,2.0380,102,0,0,0.665470,0.280480,19.2619
4,20,2.0580,103,0,0,0.658873,0.280296,19.2622
4,20,2.0780,104,0,0,0.654325,0.278475,19.2624
4,20,2.0980,105,0,0,0.651775,0.275016,19.2625
4,20,2.1180,106,0,0,0.651999,0.270087,19.2625
4,20,2.1380,107,0,0,0.655424,0.263403,19.2624
4,20,2.1580,108,0,0,0.662242,0.255329,19.2622
4,20,2.1780,109,0,0,0.672244,0.251053,19.2618
4,20,2.1980,110,0,0,0.684350,0.243714,19.2612
4,20,2.2180,111,0,0,0.695435,0.231413,19.2602
4,20,2.2380,112,0,0,0.712537,0.221836,19.2590
4,20,2.2580,113,0,0,0.742736,0.214535,19.2578
4,20,2.2780,114,0,0,0.772387,0.209502,19.2568
4,20,2.2980,115,0,0,0.801651,0.209991,19.2558
4,20,2.3180,116,0,0,0.830598,0.215082,19.2548
4,20,2.3380,117,0,0,0.859436,0.222863,19.2538
4,20,2.3580,118,0,0,0.882662,0.230768,19.2527
4,20,2.3780,119,0,0,0.905093,0.238780,19.2516
4,20,2.3980,120,0,0,0.928358,0.247224,19.2508
4,20,2.4180,121,0,0,0.947278,0.256391,19.2501
4,20,2.4380,122,0,0,0.958248,0.266361,19.2494
4,20,2.4580,123,0,0,0.956678,0.276777,19.2488
4,20,2.4780,124,0,0,0.948717,0.287120,19.2483
4,20,2.4980,125,0,0,0.941256,0.296828,19.2478
4,20,2.5180,126,0,0,0.929269,0.305950,19.2474
4,20,2.5380,127,0,0,0.922213,0.314462,19.2470
4,20,2.5580,128,0,0,0.902974,0.322242,19.2465
4,20,2.5780,129,0,0,0.882148,0.329548,19.2461
4,20,2.5980,130,0,0,0.861511,0.336698,19.2456
4,20,2.6180,131,0,0,0.843176,0.343977,19.2451
4,20,2.6380,132,0,0,0.825859,0.351661,19.2446
4,20,2.6580,133,0,0,0.809108,0.359755,19.2440
4,20,2.6780,134,0,0,0.792133,0.367978,19.2433
4,20,2.6980,135,0,0,0.774885,0.375931,19.2426
4,20,2.7180,136,0,0,0.757471,0.383359,19.2419
4,20,2.7380,137,0,0,0.740063,0.390083,19.2413
4,20,2.7580,138,0,0,0.713636,0.396076,19.2406
4,20,2.7780,139,0,0,0.689658,0.401208,19.2399
4,20,2.7980,140,0,0,0.673718,0.405563,19.2393
4,20,2.8180,141,0,0,0.664216,0.409326,19.2386
4,20,2.8380,142,0,0,0.659387,0.412653,19.2380
4,20,2.8580,143,0,0,0.659102,0.415571,19.2375
4,20,2.8780,144,0,0,0.663286,0.418153,19.2370
4,20,2.8980,145,0,0,0.672665,0.420126,19.2364
4,20,2.9180,146,0,0,0.684089,0.422298,19.2355
4,20,2.9380,147,0,0,0.692102,0.425104,19.2344
4,20,2.9580,148,0,0,0.705137,0.427916,19.2332
4,20,2.9780,149,0,0,0.729205,0.429575,19.2319
4,20,2.9980,150,0,0,0.758348,0.430243,19.2305
4,20,3.0180,151,0,0,0.789739,0.430882,19.2291
4,20,3.0380,152,0,0,0.828334,0.431517,19.2276
4,20,3.0580,153,0,0,0.867534,0.432144,19.2259
4,20,3.0780,154,0,0,0.899812,0.432857,19.2242
4,20,3.0980,155,0,0,0.924433,0.433910,19.2225
4,20,3.1180,156,0,0,0.942433,0.435586,19.2209
4,20,3.1380,157,0,0,0.954906,0.438183,19.2194
4,20,3.1580,158,0,0,0.962978,0.441832,19.2181
4,20,3.1780,159,0,0,0.967331,0.446370,19.2168
4,20,3.1980,160,0,0,0.969398,0.451388,19.2156
4,20,3.2180,161,0,0,0.969635,0.456688,19.2146
4,20,3.2380,162,0,0,0.968445,0.462117,19.2137
4,20,3.2580,163,0,0,0.966506,0.467557,19.2129
4,20,3.2780,164,0,0,0.964967,0.472891,19.2121
4,20,3.2980,165,0,0,0.964970,0.478047,19.2114
4,20,3.3180,166,0,0,0.967523,0.483029,19.2107
4,20,3.3380,167,0,0,0.973554,0.487890,19.2101
4,20,3.3580,168,0,0,0.983925,0.492768,19.2095
4,20,3.3780,169,0,0,0.998737,0.497843,19.2088
4,20,3.3980,170,0,0,1.017657,0.503240,19.2081
4,20,3.4180,171,0,0,1.040073,0.508949,19.2073
4,20,3.4380,172,0,0,1.065780,0.514860,19.2063
4,20,3.4580,173,0,0,1.094551,0.520800,19.2052
4,20,3.4780,174,0,0,1.125963,0.526508,19.2038
4,20,3.4980,175,0,0,1.159514,0.532223,19.2023
4,20,3.5180,176,0,0,1.194791,0.538025,19.2005
4,20,3.5380,177,0,0,1.231489,0.544036,19.1985
4,20,3.5580,178,0,0,1.269305,0.550280,19.1964
4,20,3.5780,179,0,0,1.308185,0.556784,19.1941
4,20,3.5980,180,0,0,1.348936,0.563537,19.1916
4,20,3.6180,181,0,0,1.391051,0.570474,19.1891
4,20,3.6380,182,0,0,1.432172,0.577400,19.1865
4,20,3.6580,183,0,0,1.471370,0.584640,19.1837
4,20,3.6780,184,0,0,1.506470,0.591399,19.1807
4,20,3.6980,185,0,0,1.537580,0.598698,19.1776
4,20,3.7180,186,0,0,1.568214,0.606339,19.1741
4,20,3.7380,187,0,0,1.597452,0.613069,19.1704
4,20,3.7580,188,0,0,1.626148,0.620658,19.1665
4,20,3.7780,189,0,0,1.654208,0.629106,19.1617
4,20,3.7980,190,0,0,1.692534,0.639087,19.1560
4,20,3.8180,191,0,0,1.710588,0.647148,19.1500
4,20,3.8380,192,0,0,1.719239,0.654426,19.1443
4,20,3.8580,193,0,0,1.726483,0.662613,19.1390
4,20,3.8780,194,0,0,1.737933,0.671401,19.1340
4,20,3.8980,195,0,0,1.751746,0.679715,19.1291
4,20,3.9180,196,0,0,1.766570,0.687208,19.1242
4,20,3.9380,197,0,0,1.782880,0.694289,19.1192
4,20,3.9580,198,0,0,1.802415,0.700987,19.1140
4,20,3.9780,199,0,0,1.828478,0.707292,19.1087
4,20,3.9980,200,0,0,1.857847,0.712978,19.1035
4,20,4.0180,201,0,0,1.877414,0.718182,19.0985
4,20,4.0380,202,0,0,1.904764,0.722915,19.0936
4,20,4.0580,203,0,0,1.930758,0.727338,19.0888
4,20,4.0780,204,0,0,1.957420,0.731355,19.0841
4,20,4.0980,205,0,0,1.985880,0.734944,19.0794
4,20,4.1180,206,0,0,2.016559,0.738081,19.0748
4,20,4.1380,207,0,0,2.049576,0.741056,19.0700
4,20,4.1580,208,0,0,2.084813,0.744081,19.0651
4,20,4.1780,209,0,0,2.122059,0.748002,19.0598
4,20,4.1980,210,0,0,2.164125,0.752036,19.0541
4,20,4.2180,211,0,0,2.209568,0.756034,19.0480
4,20,4.2380,212,0,0,2.253634,0.760832,19.0416
4,20,4.2580,213,0,0,2.292313,0.767604,19.0348
4,20,4.2780,214,0,0,2.327678,0.788338,19.0277
4,20,4.2980,215,0,0,2.364114,0.803154,19.0200
4,20,4.3180,216,0,0,2.401526,0.813015,19.0116
4,20,4.3380,217,0,0,2.433893,0.821303,19.0025
4,20,4.3580,218,0,0,2.461136,0.829259,18.9926
4,20,4.3780,219,0,0,2.487909,0.837763,18.9822
4,20,4.3980,220,0,0,2.508380,0.847246,18.9714
4,20,4.4180,221,0,0,2.523519,0.858404,18.9605
4,20,4.4380,222,0,0,2.538416,0.870700,18.9495
4,20,4.4580,223,0,0,2.551468,0.882943,18.9386
4,20,4.4780,224,0,0,2.564450,0.895160,18.9276
4,20,4.4980,225,0,0,2.579411,0.907687,18.9167
4,20,4.5180,226,0,0,2.597321,0.920894,18.9057
4,20,4.5380,227,0,0,2.618026,0.934493,18.8948
4,20,4.5580,228,0,0,2.640769,0.948141,18.8840
4,20,4.5780,229,0,0,2.664738,0.961667,18.8731
4,20,4.5980,230,0,0,2.689357,0.975721,18.8623
4,20,4.6180,231,0,0,2.714427,0.991809,18.8517
4,20,4.6380,232,0,0,2.739814,1.010646,18.8411
4,20,4.6580,233,0,0,2.764630,1.031883,18.8306
4,20,4.6780,234,0,0,2.789525,1.054350,18.8201
4,20,4.6980,235,0,0,2.814183,1.077402,18.8097
4,20,4.7180,236,0,0,2.839817,1.100858,18.7992
4,20,4.7380,237,0,0,2.867301,1.124613,18.7885
4,20,4.7580,238,0,0,2.886455,1.148662,18.7776
4,20,4.7780,239,0,0,2.909999,1.172822,18.7665
4,20,4.7980,240,0,0,2.942564,1.197157,18.7550
4,20,4.8180,241,0,0,2.982434,1.221684,18.7431
4,20,4.8380,242,0,0,3.027137,1.246465,18.7306
4,20,4.8580,243,0,0,3.075752,1.271340,18.7175
4,20,4.8780,244,0,0,3.127766,1.296337,18.7035
4,20,4.8980,245,0,0,3.186679,1.320909,18.6886
4,20,4.9180,246,0,0,3.249997,1.344904,18.6728
4,20,4.9380,247,0,0,3.315020,1.368354,18.6558
4,20,4.9580,248,0,0,3.383046,1.391007,18.6378
4,20,4.9780,249,0,0,3.454057,1.413766,18.6188
4,20,4.9980,250,0,0,3.529474,1.436820,18.5987
4,20,5.0180,251,0,0,3.613620,1.459879,18.5775
4,20,5.0380,252,0,0,3.706069,1.483066,18.5548
4,20,5.0580,253,0,0,3.809453,1.506404,18.5306
4,20,5.0780,254,0,0,3.925507,1.529674,18.5050
4,20,5.0980,255,0,0,4.047773,1.551554,18.4780
4,20,5.1180,256,0,0,4.165769,1.577853,18.4495
4,20,5.1380,257,0,0,4.252784,1.600713,18.4185
4,20,5.1580,258,0,0,4.332654,1.624216,18.3856
4,20,5.1780,259,0,0,4.435668,1.654219,18.3510
4,20,5.1980,260,0,0,4.544083,1.688376,18.3150
4,20,5.2180,261,0,0,4.633630,1.723641,18.2765
4,20,5.2380,262,0,0,4.704860,1.760709,18.2364
4,20,5.2580,263,0,0,4.804316,1.799183,18.1953
4,20,5.2780,264,0,0,4.924598,1.839434,18.1530
4,20,5.2980,265,0,0,5.051618,1.881559,18.1091
4,20,5.3180,266,0,0,5.172494,1.925131,18.0636
4,20,5.3380,267,0,0,5.284144,1.970216,18.0165
4,20,5.3580,268,0,0,5.387386,2.016846,17.9675
4,20,5.3780,269,0,0,5.486695,2.065162,17.9167
4,20,5.3980,270,0,0,5.589430,2.114947,17.8640
4,20,5.4180,271,0,0,5.696555,2.169034,17.8092
4,20,5.4380,272,0,0,5.807510,2.226540,17.7524
4,20,5.4580,273,0,0,5.920967,2.286230,17.6936
4,20,5.4780,274,0,0,6.036005,2.347757,17.6328
4,20,5.4980,275,0,0,6.139179,2.411913,17.5699
4,20,5.5180,276,0,0,6.228824,2.478599,17.5048
4,20,5.5380,277,0,0,6.317665,2.546943,17.4374
4,20,5.5580,278,0,0,6.409512,2.616186,17.3673
4,20,5.5780,279,0,0,6.503972,2.686685,17.2942
4,20,5.5980,280,0,0,6.600929,2.758302,17.2181
4,20,5.6180,281,0,0,6.702335,2.832447,17.1387
4,20,5.6380,282,0,0,6.807566,2.909607,17.0558
4,20,5.6580,283,0,0,6.914692,2.989386,16.9693
4,20,5.6780,284,0,0,7.025198,3.071312,16.8790
4,20,5.6980,285,0,0,7.138697,3.154357,16.7849
4,20,5.7180,286,0,0,7.255021,3.239011,16.6871
4,20,5.7380,287,0,0,7.374005,3.325337,16.5857
4,20,5.7580,288,0,0,7.495497,3.413283,16.4804
4,20,5.7780,289,0,0,7.619350,3.503264,16.3715
4,20,5.7980,290,0,0,7.745423,3.597314,16.2589
4,20,5.8180,291,0,0,7.873587,3.694807,16.1426
4,20,5.8380,292,0,0,8.003713,3.795418,16.0226
4,20,5.8580,293,0,0,8.135682,3.898894,15.8989
4,20,5.8780,294,0,0,8.269385,4.004910,15.7715
4,20,5.8980,295,0,0,8.404713,4.112275,15.6405
4,20,5.9180,296,0,0,8.541566,4.222993,15.5058
4,20,5.9380,297,0,0,8.679849,4.335617,15.3675
4,20,5.9580,298,0,0,8.819473,4.449251,15.2255
4,20,5.9780,299,0,0,8.960353,4.563864,15.0799
4,20,5.9980,300,0,0,9.102410,4.679388,14.9306
4,20,6.0180,301,0,0,9.245569,4.795400,14.7777
4,20,6.0380,302,0,0,9.389758,4.911646,14.6213
4,20,6.0580,303,0,0,9.534911,5.028106,14.4612
4,20,6.0780,304,0,0,9.680965,5.145260,14.2975
4,20,6.0980,305,0,0,9.827860,5.263548,14.1302
4,20,6.1180,306,0,0,9.975541,5.383092,13.9594
4,20,6.1380,307,0,0,10.123955,5.503758,13.7849
4,20,6.1580,308,0,0,10.273050,5.625633,13.6069
4,20,6.1780,309,0,0,10.422781,5.748502,13.4253
4,20,6.1980,310,0,0,10.573102,5.872304,13.2402
4,20,6.2180,311,0,0,10.723972,5.996897,13.0515
4,20,6.2380,312,0,0,10.875352,6.122108,12.8593
4,20,6.2580,313,0,0,11.027203,6.247751,12.6635
4,20,6.2780,314,0,0,11.179490,6.373733,12.4642
4,20,6.2980,315,0,0,11.332179,6.499984,12.2614
4,20,6.3180,316,0,0,11.485240,6.626490,12.0551
4,20,6.3380,317,0,0,11.638641,6.753326,11.8452
4,20,6.3580,318,0,0,11.792356,6.880538,11.6319
4,20,6.3780,319,0,0,11.946354,7.007164,11.4151
4,20,6.3980,320,0,0,12.100614,7.129569,11.1948
4,20,6.4180,321,0,0,12.255109,7.255383,10.9710
4,20,6.4380,322,0,0,12.409818,7.380890,10.7437
4,20,6.4580,323,0,0,12.564717,7.506384,10.5130
4,20,6.4780,324,0,0,12.719787,7.632003,10.2788
4,20,6.4980,325,0,0,12.875009,7.758161,10.0411
4,20,6.5180,326,0,0,13.030363,7.887078,9.8000
4,20,6.5380,327,0,0,13.185831,8.017075,9.5555
4,20,6.5580,328,0,0,13.341399,8.145142,9.3076
4,20,6.5780,329,0,0,13.497047,8.271615,9.0562
4,20,6.5980,330,0,0,13.652763,8.401738,8.8014
4,20,6.6180,331,0,0,13.808532,8.468883,8.5432
4,20,6.6380,332,0,0,13.964339,8.594063,8.2816
4,20,6.6580,333,0,0,14.120173,8.715924,8.0166
4,20,6.6780,334,0,0,14.276021,8.838974,7.7482
4,20,6.6980,335,0,0,14.431870,8.967833,7.4764
4,20,6.7180,336,0,0,14.587708,9.101135,7.2012
4,20,6.7380,337,0,0,14.743527,9.234999,6.9227
4,20,6.7580,338,0,0,14.899317,9.369524,6.6408
4,20,6.7780,339,0,0,15.055066,9.504228,6.3556
4,20,6.7980,340,0,0,15.210765,9.638622,6.0670
4,20,6.8180,341,0,0,15.366405,9.774225,5.7750
4,20,6.8380,342,0,0,15.521979,9.750752,5.4798
4,20,6.8580,343,0,0,15.677478,9.865340,5.1812
4,20,6.8780,344,0,0,15.832893,10.000528,4.8792
4,20,6.8980,345,0,0,15.988219,8.729513,4.5740
4,20,6.9180,346,0,0,16.143448,8.107395,4.2782
4,20,6.9380,347,0,0,16.298573,7.701549,4.2056
4,20,6.9580,348,0,0,16.453588,6.836622,4.1293
4,20,6.9780,349,0,0,16.608486,6.452223,4.0492
4,20,6.9980,350,0,0,16.763262,6.240258,3.9655
4,20,7.0180,351,0,0,17.057011,6.117810,3.8780
4,20,7.0380,352,0,0,17.072422,5.350225,3.7867
4,20,7.0580,353,0,0,17.226797,4.922714,3.6918
4,20,7.0780,354,0,0,18.357058,4.776248,3.5931
4,20,7.0980,355,0,0,17.924522,4.467829,3.4906
4,20,7.1180,356,0,0,18.102913,3.669336,3.3845
4,20,7.1380,357,0,0,17.560507,3.155810,3.2747
4,20,7.1580,358,0,0,17.666166,3.080833,3.1611
4,20,7.1780,359,0,0,10.779213,2.733065,3.0439
4,20,7.1980,360,0,0,7.503269,2.529968,2.9230
4,20,7.2180,361,0,0,7.647083,2.524188,2.7983
4,20,7.2380,362,0,0,7.792300,2.426554,2.6701
4,20,7.2580,363,0,0,7.964503,2.415817,2.5382
4,20,7.2780,364,0,0,8.158326,2.407997,2.4029
4,20,7.2980,365,0,0,8.305322,2.418230,2.2639
4,20,7.3180,366,0,0,8.453776,2.403491,2.1212
4,20,7.3380,367,0,0,8.606071,2.366881,1.9750
4,20,7.3580,368,0,0,8.761218,2.388843,1.8251
4,20,7.3780,369,0,0,9.258558,2.292936,1.6715
4,20,7.3980,370,0,0,9.537042,2.265110,1.5144
4,20,7.4180,371,0,0,9.724515,2.146564,1.3539
4,20,7.4380,372,0,0,10.587030,1.995607,1.3008
4,20,7.4580,373,0,0,10.719655,1.834274,1.2684
4,20,7.4780,374,0,0,11.372622,1.638746,1.2327
4,20,7.4980,375,0,0,11.492992,1.621472,1.1931
4,20,7.5180,376,0,0,11.614664,1.477939,1.1497
4,20,7.5380,377,0,0,4.894032,1.075168,1.1025
4,20,7.5580,378,0,0,4.787101,1.043413,1.0514
4,20,7.5780,379,0,0,4.680204,1.034551,0.9980
4,20,7.5980,380,0,0,4.573397,0.980352,0.9418
4,20,7.6180,381,0,0,4.466749,0.966599,0.8819
4,20,7.6380,382,0,0,4.360336,0.947198,0.8182
4,20,7.6580,383,1,0,4.254233,0.930920,0.7506
4,20,7.6780,384,1,0,4.148507,0.808077,0.7367
4,20,7.6980,385,1,0,4.043208,0.777569,0.7158
4,20,7.7180,386,1,0,3.938375,0.763224,0.6895
4,20,7.7380,387,2,0,3.834021,0.692286,0.6586
4,20,7.7580,388,5,0,3.730144,0.645161,0.6389
4,20,7.7780,389,5,0,3.626727,0.608685,0.6260
4,20,7.7980,390,5,0,3.523744,0.583398,0.6096
4,20,7.8180,391,7,0,3.421161,0.560533,0.5986
4,20,7.8380,392,8,0,3.318944,0.541867,0.5997
4,20,7.8580,393,8,0,3.217056,0.528916,0.6005
4,20,7.8780,394,8,0,3.115464,0.503726,0.6010
4,20,7.8980,395,9,0,3.014137,0.424668,0.6013
4,20,7.9180,396,9,0,2.913045,0.394867,0.6013
4,20,7.9380,397,9,0,2.812165,0.372499,0.6010
4,20,7.9580,398,10,0,2.711473,0.349932,0.6004
4,20,7.9780,399,10,0,2.610951,0.321302,0.5996
4,20,7.9980,400,10,0,2.510584,0.297241,0.5985
4,20,8.0180,401,10,0,2.410358,0.273436,0.5971
4,20,8.0380,402,10,0,2.310263,0.250020,0.5953
4,20,8.0580,403,12,0,2.210289,0.227470,0.5931
4,20,8.0780,404,13,0,2.110430,0.207023,0.5906
4,20,8.0980,405,13,0,2.010682,0.189552,0.5875
4,20,8.1180,406,13,0,1.911039,0.173855,0.5840
4,20,8.1380,407,13,0,1.811500,0.158888,0.5798
4,20,8.1580,408,13,0,1.712062,0.144222,0.5750
4,20,8.1780,409,13,0,1.612727,0.129640,0.5694
4,20,8.1980,410,14,0,1.513493,0.115016,0.5629
4,20,8.2180,411,14,0,1.414362,0.106194,0.5554
4,20,8.2380,412,14,0,1.315335,0.102718,0.5467
4,20,8.2580,413,14,0,1.216415,0.102085,0.5367
4,20,8.2780,414,14,0,1.117602,0.101580,0.5252
4,20,8.2980,415,14,0,1.018899,0.101273,0.5122
4,20,8.3180,416,15,0,1.102119,0.101122,0.5000
4,20,8.3380,417,15,0,0.821829,0.069711,0.5000
4,20,8.3580,418,15,0,0.723464,0.048978,0.5000
4,20,8.3780,419,15,0,0.625213,0.039125,0.5000
4,20,8.3980,420,15,0,0.527075,0.029304,0.5000
4,20,8.4180,421,15,0,0.429044,0.021461,0.5000
4,20,8.4380,422,15,0,0.331093,0.016580,0.5000
4,20,8.4580,423,15,0,0.233198,0.011660,0.5000
4,20,8.4780,424,15,0,0.135338,0.006767,0.5000
4,20,8.4980,425,15,0,0.037462,0.001873,0.5000
4,20,8.5180,426,15,0,0.000104,0.000005,0.5000
4,20,8.5380,427,15,0,0.000115,0.000006,0.5000
4,20,8.5580,428,15,0,0.000001,0.000000,0.5000
4,20,8.5780,429,15,0,0.000001,0.000000,0.5000
4,20,8.5980,430,16,0,0.000001,0.000000,0.5000
4,20,8.6180,431,17,0,0.000001,0.000000,0.5000
4,20,8.6380,432,17,0,0.000001,0.000000,0.5000
4,20,8.6580,433,18,0,0.000001,0.000000,0.5000
4,20,8.6780,434,18,0,0.000001,0.000000,0.5000
4,20,8.6980,435,18,0,0.000001,0.000000,0.5000
4,20,8.7180,436,18,0,0.000001,0.000000,0.5000
4,20,8.7380,437,18,0,0.000001,0.000000,0.5000
4,20,8.7580,438,18,0,0.000001,0.000000,0.5000
4,20,8.7780,439,18,0,0.000001,0.000000,0.5000
4,20,8.7980,440,18,0,0.000001,0.000000,0.5000
4,20,8.8180,441,19,0,0.000000,0.000000,0.5000
4,20,8.8380,442,19,0,0.000000,0.000000,0.5000
4,20,8.8580,443,19,0,0.000000,0.000000,0.5000
4,20,8.8780,444,19,0,0.000000,0.000000,0.5000
4,20,8.8980,445,19,0,0.000000,0.000000,0.5000
4,20,8.9180,446,20,0,0.000000,0.000000,0.5000
5,20,0.0180,1,0,0,0.000000,0.000000,19.5000
5,20,0.0380,2,0,0,0.195998,0.162887,19.4961
5,20,0.0580,3,0,0,0.390616,0.297697,19.4883
5,20,0.0780,4,0,0,0.574535,0.403159,19.4768
5,20,0.0980,5,0,0,0.727153,0.479279,19.4622
5,20,0.1180,6,0,0,0.827935,0.525771,19.4457
5,20,0.1380,7,0,0,0.866573,0.542936,19.4283
5,20,0.1580,8,0,0,0.845200,0.531321,19.4114
5,20,0.1780,9,0,0,0.773331,0.492388,19.3960
5,20,0.1980,10,0,0,0.663008,0.429288,19.3827
5,20,0.2180,11,0,0,0.524704,0.346018,19.3722
5,20,0.2380,12,0,0,0.369734,0.248718,19.3649
5,20,0.2580,13,0,0,0.207794,0.145466,19.3608
5,20,0.2780,14,0,0,0.253771,0.099746,19.3598
5,20,0.2980,15,0,0,0.375005,0.131970,19.3611
5,20,0.3180,16,0,0,0.403715,0.181550,19.3638
5,20,0.3380,17,0,0,0.370966,0.213535,19.3674
5,20,0.3580,18,0,0,0.315215,0.238176,19.3723
5,20,0.3780,19,0,0,0.333526,0.255348,19.3778
5,20,0.3980,20,0,0,0.338710,0.258598,19.3841
5,20,0.4180,21,0,0,0.332996,0.244999,19.3906
5,20,0.4380,22,0,0,0.307982,0.220842,19.3964
5,20,0.4580,23,0,0,0.268107,0.192686,19.4011
5,20,0.4780,24,0,0,0.252096,0.160111,19.4045
5,20,0.4980,25,0,0,0.254221,0.125069,19.4065
5,20,0.5180,26,0,0,0.283621,0.113211,19.4068
5,20,0.5380,27,0,0,0.338842,0.131154,19.4052
5,20,0.5580,28,0,0,0.410558,0.159975,19.4017
5,20,0.5780,29,0,0,0.486791,0.202113,19.3968
5,20,0.5980,30,0,0,0.545062,0.245270,19.3910
5,20,0.6180,31,0,0,0.574474,0.294832,19.3849
5,20,0.6380,32,0,0,0.594499,0.356267,19.3783
5,20,0.6580,33,0,0,0.616339,0.410834,19.3709
5,20,0.6780,34,0,0,0.641902,0.448303,19.3625
5,20,0.6980,35,0,0,0.687071,0.467261,19.3526
5,20,0.7180,36,0,0,0.725673,0.468084,19.3413
5,20,0.7380,37,0,0,0.748018,0.451925,19.3290
5,20,0.7580,38,0,0,0.727206,0.415724,19.3167
5,20,0.7780,39,0,0,0.668256,0.367459,19.3052
5,20,0.7980,40,0,0,0.556802,0.332444,19.2958
5,20,0.8180,41,0,0,0.428292,0.293080,19.2890
5,20,0.8380,42,0,0,0.482821,0.288235,19.2847
5,20,0.8580,43,0,0,0.464833,0.292419,19.2821
5,20,0.8780,44,0,0,0.461004,0.265035,19.2802
5,20,0.8980,45,0,0,0.420052,0.241411,19.2779
5,20,0.9180,46,0,0,0.387002,0.257232,19.2752
5,20,0.9380,47,0,0,0.398298,0.276758,19.2731
5,20,0.9580,48,0,0,0.440926,0.291329,19.2721
5,20,0.9780,49,0,0,0.463823,0.303423,19.2725
5,20,0.9980,50,0,0,0.472581,0.314061,19.2741
5,20,1.0180,51,0,0,0.464707,0.321715,19.2766
5,20,1.0380,52,0,0,0.460319,0.325731,19.2798
5,20,1.0580,53,0,0,0.451140,0.326056,19.2834
5,20,1.0780,54,0,0,0.466302,0.322095,19.2868
5,20,1.0980,55,0,0,0.496433,0.315219,19.2903
5,20,1.1180,56,0,0,0.512732,0.305700,19.2935
5,20,1.1380,57,0,0,0.526566,0.292967,19.2964
5,20,1.1580,58,0,0,0.526173,0.280881,19.2985
5,20,1.1780,59,0,0,0.515558,0.270321,19.3000
5,20,1.1980,60,0,0,0.496025,0.264222,19.3007
5,20,1.2180,61,0,0,0.473294,0.265571,19.3007
5,20,1.2380,62,0,0,0.483534,0.272767,19.2999
5,20,1.2580,63,0,0,0.514906,0.286944,19.2983
5,20,1.2780,64,0,0,0.556480,0.298028,19.2959
5,20,1.2980,65,0,0,0.596398,0.305357,19.2930
5,20,1.3180,66,0,0,0.623365,0.309149,19.2899
5,20,1.3380,67,0,0,0.631765,0.309100,19.2867
5,20,1.3580,68,0,0,0.630211,0.304560,19.2835
5,20,1.3780,69,0,0,0.599215,0.296093,19.2803
5,20,1.3990,70,0,0,0.554478,0.284159,19.2773
5,20,1.4180,71,0,0,0.503280,0.270572,19.2744
5,20,1.4380,72,0,0,0.449401,0.255738,19.2719
5,20,1.4580,73,0,0,0.406538,0.240070,19.2699
5,20,1.4780,74,0,0,0.397548,0.224120,19.2686
5,20,1.4980,75,0,0,0.391058,0.209084,19.2677
5,20,1.5180,76,0,0,0.392563,0.198254,19.2675
5,20,1.5380,77,0,0,0.390526,0.199224,19.2680
5,20,1.5580,78,0,0,0.389232,0.205206,19.2689
5,20,1.5780,79,0,0,0.386077,0.211885,19.2703
5,20,1.5980,80,0,0,0.390847,0.216895,19.2719
5,20,1.6180,81,0,0,0.388385,0.220084,19.2735
5,20,1.6380,82,0,0,0.378027,0.221496,19.2752
5,20,1.6580,83,0,0,0.373967,0.220975,19.2768
5,20,1.6780,84,0,0,0.371316,0.218234,19.2784
5,20,1.6980,85,0,0,0.374358,0.213421,19.2798
5,20,1.7180,86,0,0,0.409684,0.207104,19.2811
5,20,1.7380,87,0,0,0.464615,0.200241,19.2822
5,20,1.7580,88,0,0,0.519903,0.193955,19.2830
5,20,1.7780,89,0,0,0.574313,0.189556,19.2834
5,20,1.7980,90,0,0,0.627171,0.187148,19.2834
5,20,1.8180,91,0,0,0.677838,0.190389,19.2831
5,20,1.8380,92,0,0,0.725453,0.199428,19.2823
5,20,1.8580,93,0,0,0.768011,0.209920,19.2812
5,20,1.8780,94,0,0,0.802003,0.220763,19.2799
5,20,1.8980,95,0,0,0.830433,0.231562,19.2781
5,20,1.9180,96,0,0,0.840274,0.242671,19.2762
5,20,1.9380,97,0,0,0.830376,0.253873,19.2745
5,20,1.9580,98,0,0,0.816276,0.264866,19.2730
5,20,1.9780,99,0,0,0.806102,0.276101,19.2716
5,20,1.9980,100,0,0,0.789826,0.287316,19.2703
5,20,2.0180,101,0,0,0.769059,0.298824,19.2693
5,20,2.0380,102,0,0,0.749923,0.310384,19.2685
5,20,2.0580,103,0,0,0.735854,0.322192,19.2680
5,20,2.0780,104,0,0,0.729112,0.334330,19.2677
5,20,2.0980,105,0,0,0.729975,0.346371,19.2677
5,20,2.1180,106,0,0,0.737298,0.357591,19.2678
5,20,2.1380,107,0,0,0.749858,0.367211,19.2682
5,20,2.1580,108,0,0,0.767036,0.374550,19.2687
5,20,2.1780,109,0,0,0.786737,0.379332,19.2691
5,20,2.1980,110,0,0,0.808372,0.381387,19.2694
5,20,2.2180,111,0,0,0.836739,0.380846,19.2697
5,20,2.2380,112,0,0,0.871045,0.378117,19.2698
5,20,2.2580,113,0,0,0.906939,0.373906,19.2699
5,20,2.2780,114,0,0,0.940203,0.369030,19.2697
5,20,2.2980,115,0,0,0.972213,0.364224,19.2691
5,20,2.3180,116,0,0,0.997422,0.360083,19.2682
5,20,2.3380,117,0,0,1.017781,0.356459,19.2670
5,20,2.3580,118,0,0,1.036306,0.354477,19.2653
5,20,2.3780,119,0,0,1.050343,0.354585,19.2631
5,20,2.3980,120,0,0,1.073419,0.354278,19.2603
5,20,2.4180,121,0,0,1.081262,0.355811,19.2571
5,20,2.4380,122,0,0,1.075975,0.361513,19.2535
5,20,2.4580,123,0,0,1.072552,0.369130,19.2497
5,20,2.4780,124,0,0,1.089090,0.376505,19.2455
5,20,2.4980,125,0,0,1.105110,0.382138,19.2402
5,20,2.5180,126,0,0,1.105938,0.387754,19.2345
5,20,2.5380,127,0,0,1.111084,0.389197,19.2290
5,20,2.5580,128,0,0,1.116969,0.387022,19.2240
5,20,2.5780,129,0,0,1.145614,0.381214,19.2194
5,20,2.5980,130,0,0,1.171807,0.372875,19.2149
5,20,2.6180,131,0,0,1.193548,0.366205,19.2108
5,20,2.6380,132,0,0,1.197169,0.363315,19.2073
5,20,2.6580,133,0,0,1.190573,0.362705,19.2048
5,20,2.6780,134,0,0,1.178653,0.362794,19.2031
5,20,2.6980,135,0,0,1.161041,0.363177,19.2021
5,20,2.7180,136,0,0,1.155700,0.365339,19.2007
5,20,2.7380,137,0,0,1.170550,0.368776,19.1996
5,20,2.7580,138,0,0,1.194352,0.374538,19.1980
5,20,2.7780,139,0,0,1.224611,0.376292,19.1967
5,20,2.7980,140,0,0,1.255192,0.378352,19.1949
5,20,2.8180,141,0,0,1.281153,0.378751,19.1934
5,20,2.8380,142,0,0,1.287649,0.379568,19.1923
5,20,2.8580,143,0,0,1.292229,0.383328,19.1903
5,20,2.8780,144,0,0,1.321924,0.387411,19.1874
5,20,2.8980,145,0,0,1.346479,0.391010,19.1841
5,20,2.9180,146,0,0,1.350080,0.394877,19.1806
5,20,2.9380,147,0,0,1.339110,0.399012,19.1770
5,20,2.9580,148,0,0,1.322817,0.403396,19.1732
5,20,2.9780,149,0,0,1.305300,0.407699,19.1692
5,20,2.9980,150,0,0,1.288020,0.411321,19.1650
5,20,3.0180,151,0,0,1.271935,0.413913,19.1606
5,20,3.0380,152,0,0,1.257236,0.415817,19.1562
5,20,3.0580,153,0,0,1.243695,0.417568,19.1519
5,20,3.0780,154,0,0,1.231495,0.420374,19.1478
5,20,3.0980,155,0,0,1.220733,0.427278,19.1439
5,20,3.1180,156,0,0,1.211589,0.438248,19.1404
5,20,3.1380,157,0,0,1.203995,0.450436,19.1372
5,20,3.1580,158,0,0,1.198063,0.462541,19.1344
5,20,3.1780,159,0,0,1.194261,0.473943,19.1320
5,20,3.1980,160,0,0,1.193556,0.484471,19.1299
5,20,3.2180,161,0,0,1.197467,0.494197,19.1281
5,20,3.2380,162,0,0,1.206657,0.503176,19.1265
5,20,3.2580,163,0,0,1.221079,0.511686,19.1252
5,20,3.2780,164,0,0,1.241017,0.519669,19.1239
5,20,3.2980,165,0,0,1.266605,0.527794,19.1227
5,20,3.3180,166,0,0,1.296659,0.536341,19.1214
5,20,3.3380,167,0,0,1.329114,0.545344,19.1200
5,20,3.3580,168,0,0,1.361968,0.554840,19.1184
5,20,3.3780,169,0,0,1.393934,0.564799,19.1166
5,20,3.3980,170,0,0,1.424341,0.575146,19.1144
5,20,3.4180,171,0,0,1.453234,0.586005,19.1117
5,20,3.4380,172,0,0,1.481733,0.597263,19.1085
5,20,3.4580,173,0,0,1.505887,0.608621,19.1050
5,20,3.4780,174,0,0,1.523125,0.619831,19.1012
5,20,3.4980,175,0,0,1.535152,0.630876,19.0972
5,20,3.5180,176,0,0,1.544240,0.641534,19.0931
5,20,3.5380,177,0,0,1.552145,0.651809,19.0887
5,20,3.5580,178,0,0,1.561902,0.661475,19.0843
5,20,3.5780,179,0,0,1.572838,0.670266,19.0797
5,20,3.5980,180,0,0,1.583403,0.678104,19.0752
5,20,3.6180,181,0,0,1.592952,0.685032,19.0707
5,20,3.6380,182,0,0,1.601151,0.691516,19.0664
5,20,3.6580,183,0,0,1.607755,0.697781,19.0622
5,20,3.6780,184,0,0,1.613275,0.709705,19.0581
5,20,3.6980,185,0,0,1.618523,0.714301,19.0542
5,20,3.7180,186,0,0,1.623364,0.716303,19.0502
5,20,3.7380,187,0,0,1.628854,0.718274,19.0459
5,20,3.7580,188,0,0,1.636132,0.721763,19.0414
5,20,3.7780,189,0,0,1.646532,0.726945,19.0367
5,20,3.7980,190,0,0,1.660213,0.734268,19.0319
5,20,3.8180,191,0,0,1.675646,0.736794,19.0271
5,20,3.8380,192,0,0,1.691877,0.740508,19.0222
5,20,3.8580,193,0,0,1.709678,0.745674,19.0173
5,20,3.8780,194,0,0,1.727629,0.752907,19.0120
5,20,3.8980,195,0,0,1.750722,0.758386,19.0065
5,20,3.9180,196,0,0,1.774086,0.764554,19.0009
5,20,3.9380,197,0,0,1.797449,0.772897,18.9950
5,20,3.9580,198,0,0,1.822773,0.780563,18.9888
5,20,3.9780,199,0,0,1.849600,0.788119,18.9825
5,20,3.9980,200,0,0,1.877210,0.796089,18.9758
5,20,4.0180,201,0,0,1.906205,0.803192,18.9689
5,20,4.0380,202,0,0,1.940026,0.810354,18.9618
5,20,4.0580,203,0,0,1.978559,0.816496,18.9544
5,20,4.0780,204,0,0,2.018918,0.822920,18.9466
5,20,4.0980,205,0,0,2.061665,0.828725,18.9387
5,20,4.1180,206,0,0,2.107636,0.834893,18.9304
5,20,4.1380,207,0,0,2.157120,0.839874,18.9218
5,20,4.1580,208,0,0,2.209193,0.844849,18.9129
5,20,4.1780,209,0,0,2.262719,0.849673,18.9037
5,20,4.1980,210,0,0,2.316514,0.855341,18.8942
5,20,4.2180,211,0,0,2.369978,0.864794,18.8844
5,20,4.2380,212,0,0,2.418495,0.878023,18.8743
5,20,4.2580,213,0,0,2.458828,0.892336,18.8641
5,20,4.2780,214,0,0,2.493665,0.907394,18.8538
5,20,4.2980,215,0,0,2.526815,0.923274,18.8435
5,20,4.3180,216,0,0,2.560882,0.940054,18.8331
5,20,4.3380,217,0,0,2.596969,0.957618,18.8224
5,20,4.3590,218,0,0,2.635149,0.975819,18.8116
5,20,4.3780,219,0,0,2.674764,0.994548,18.8005
5,20,4.3980,220,0,0,2.714978,1.013686,18.7892
5,20,4.4180,221,0,0,2.755333,1.033159,18.7776
5,20,4.4380,222,0,0,2.795326,1.052868,18.7656
5,20,4.4580,223,0,0,2.834929,1.072699,18.7534
5,20,4.4780,224,0,0,2.874023,1.092646,18.7410
5,20,4.4980,225,0,0,2.912411,1.112647,18.7281
5,20,4.5180,226,0,0,2.950406,1.132573,18.7149
5,20,4.5380,227,0,0,2.988511,1.152261,18.7013
5,20,4.5580,228,0,0,3.026833,1.171668,18.6871
5,20,4.5780,229,0,0,3.065989,1.190641,18.6725
5,20,4.5980,230,0,0,3.104560,1.210214,18.6571
5,20,4.6180,231,0,0,3.145485,1.229054,18.6409
5,20,4.6380,232,0,0,3.186265,1.247016,18.6240
5,20,4.6580,233,0,0,3.226331,1.264875,18.6066
5,20,4.6780,234,0,0,3.268164,1.282578,18.5886
5,20,4.6980,235,0,0,3.312909,1.301147,18.5699
5,20,4.7180,236,0,0,3.361352,1.320032,18.5505
5,20,4.7380,237,0,0,3.413793,1.338626,18.5302
5,20,4.7580,238,0,0,3.467730,1.357033,18.5089
5,20,4.7780,239,0,0,3.523468,1.376139,18.4867
5,20,4.7980,240,0,0,3.581884,1.396592,18.4636
5,20,4.8180,241,0,0,3.643462,1.423170,18.4394
5,20,4.8380,242,0,0,3.708028,1.450533,18.4143
5,20,4.8580,243,0,0,3.775021,1.477543,18.3882
5,20,4.8780,244,0,0,3.844490,1.502666,18.3610
5,20,4.8980,245,0,0,3.916360,1.530786,18.3326
5,20,4.9180,246,0,0,3.989974,1.561010,18.3030
5,20,4.9380,247,0,0,4.064305,1.593075,18.2722
5,20,4.9580,248,0,0,4.137675,1.621969,18.2404
5,20,4.9780,249,0,0,4.208195,1.649021,18.2076
5,20,4.9980,250,0,0,4.275698,1.673584,18.1739
5,20,5.0180,251,0,0,4.343104,1.701849,18.1394
5,20,5.0380,252,0,0,4.414719,1.729778,18.1037
5,20,5.0580,253,0,0,4.493378,1.761272,18.0668
5,20,5.0780,254,0,0,4.579628,1.794880,18.0286
5,20,5.0980,255,0,0,4.672262,1.832362,17.9888
5,20,5.1180,256,0,0,4.770298,1.874008,17.9474
5,20,5.1380,257,0,0,4.871980,1.919075,17.9045
5,20,5.1580,258,0,0,4.972907,1.965285,17.8602
5,20,5.1780,259,0,0,5.076829,2.013128,17.8146
5,20,5.1980,260,0,0,5.187925,2.063447,17.7674
5,20,5.2180,261,0,0,5.304789,2.116264,17.7187
5,20,5.2380,262,0,0,5.423979,2.171554,17.6684
5,20,5.2580,263,0,0,5.541828,2.228848,17.6165
5,20,5.2780,264,0,0,5.655958,2.287469,17.5628
5,20,5.2980,265,0,0,5.765493,2.347030,17.5074
5,20,5.3180,266,0,0,5.870621,2.406955,17.4501
5,20,5.3380,267,0,0,5.971527,2.467108,17.3908
5,20,5.3580,268,0,0,6.068668,2.527312,17.3295
5,20,5.3780,269,0,0,6.163096,2.587833,17.2659
5,20,5.3980,270,0,0,6.257323,2.648173,17.1999
5,20,5.4180,271,0,0,6.348222,2.709639,17.1308
5,20,5.4380,272,0,0,6.447724,2.775519,17.0584
5,20,5.4580,273,0,0,6.552200,2.844777,16.9827
5,20,5.4780,274,0,0,6.659890,2.918218,16.9035
5,20,5.4980,275,0,0,6.769371,2.995841,16.8207
5,20,5.5180,276,0,0,6.877627,3.078965,16.7341
5,20,5.5380,277,0,0,6.988862,3.167844,16.6438
5,20,5.5580,278,0,0,7.103079,3.261392,16.5498
5,20,5.5780,279,0,0,7.220112,3.358723,16.4520
5,20,5.5980,280,0,0,7.339794,3.457996,16.3505
5,20,5.6180,281,0,0,7.461973,3.559210,16.2453
5,20,5.6380,282,0,0,7.586501,3.662499,16.1364
5,20,5.6580,283,0,0,7.713236,3.769097,16.0238
5,20,5.6780,284,0,0,7.842046,3.879546,15.9075
5,20,5.6980,285,0,0,7.972807,3.993765,15.7875
5,20,5.7180,286,0,0,8.105397,4.112070,15.6638
5,20,5.7380,287,0,0,8.239705,4.231772,15.5364
5,20,5.7580,288,0,0,8.375625,4.352866,15.4054
5,20,5.7780,289,0,0,8.513055,4.475340,15.2707
5,20,5.7980,290,0,0,8.651902,4.598097,15.1324
5,20,5.8180,291,0,0,8.792076,4.721749,14.9904
5,20,5.8380,292,0,0,8.933492,4.846395,14.8448
5,20,5.8580,293,0,0,9.076071,4.971465,14.6955
5,20,5.8780,294,0,0,9.219738,5.097957,14.5427
5,20,5.8980,295,0,0,9.364423,5.226359,14.3862
5,20,5.9180,296,0,0,9.510058,5.356047,14.2261
5,20,5.9380,297,0,0,9.656583,5.486145,14.0624
5,20,5.9580,298,0,0,9.803936,5.616188,13.8952
5,20,5.9780,299,0,0,9.952062,5.746928,13.7243
5,20,5.9980,300,0,0,10.100908,5.878691,13.5499
5,20,6.0180,301,0,0,10.250426,6.011414,13.3719
5,20,6.0380,302,0,0,10.400568,6.144907,13.1903
5,20,6.0580,303,0,0,10.551291,6.279001,13.0052
5,20,6.0780,304,0,0,10.702551,6.413593,12.8165
5,20,6.0980,305,0,0,10.854311,6.548627,12.6242
5,20,6.1180,306,0,0,11.006532,6.684121,12.4285
5,20,6.1380,307,0,0,11.159179,6.820108,12.2292
5,20,6.1580,308,0,0,11.312219,6.953594,12.0264
5,20,6.1780,309,0,0,11.465622,7.091278,11.8201
5,20,6.1980,310,0,0,11.619357,7.228945,11.6102
5,20,6.2180,311,0,0,11.773396,7.366602,11.3969
5,20,6.2380,312,0,0,11.927711,7.504013,11.1801
5,20,6.2580,313,0,0,12.082280,7.641552,10.9598
5,20,6.2780,314,0,0,12.237076,7.722404,10.7360
5,20,6.2980,315,0,0,12.392078,7.861772,10.5087
5,20,6.3180,316,0,0,12.547263,8.000796,10.2780
5,20,6.3380,317,0,0,12.702613,8.142442,10.0438
5,20,6.3580,318,0,0,12.858107,8.283865,9.8062
5,20,6.3780,319,0,0,13.013725,8.424409,9.5651
5,20,6.3980,320,0,0,13.169455,8.566104,9.3206
5,20,6.4180,321,0,0,13.325274,8.709272,9.0726
5,20,6.4380,322,0,0,13.481170,8.853415,8.8212
5,20,6.4580,323,0,0,13.637128,8.998633,8.5664
5,20,6.4780,324,0,0,13.793133,9.144916,8.3082
5,20,6.4980,325,0,0,13.949171,9.291781,8.0466
5,20,6.5180,326,0,0,14.105230,9.439036,7.7816
5,20,6.5380,327,0,0,14.261298,9.586943,7.5132
5,20,6.5580,328,0,0,14.417362,9.720525,7.2415
5,20,6.5780,329,0,0,14.573411,9.871428,6.9663
5,20,6.5980,330,0,0,14.729435,9.851446,6.6878
5,20,6.6180,331,0,0,14.885426,9.813973,6.4059
5,20,6.6380,332,0,0,15.041370,9.952825,6.1206
5,20,6.6580,333,0,0,15.197262,10.097416,5.8321
5,20,6.6780,334,0,0,15.353090,9.955938,5.5401
5,20,6.6980,335,0,0,15.508848,9.093018,5.2448
5,20,6.7180,336,0,0,15.664527,8.769266,4.9462
5,20,6.7380,337,0,0,15.820120,8.535875,4.6443
5,20,6.7580,338,0,0,15.975617,8.156155,4.3391
5,20,6.7780,339,0,0,16.131016,8.175728,4.0305
5,20,6.7980,340,0,0,16.286306,7.867196,3.7187
5,20,6.8180,341,0,0,17.320435,7.248144,3.4035
5,20,6.8380,342,0,0,16.775846,7.272207,3.0851
5,20,6.8580,343,0,0,16.751472,7.140339,2.7634
5,20,6.8780,344,0,0,16.940928,6.771490,2.4384
5,20,6.8980,345,0,0,17.883179,5.873345,2.1101
5,20,6.9180,346,0,0,18.175600,5.698174,1.7803
5,20,6.9380,347,0,0,19.265999,5.032612,1.4475
5,20,6.9580,348,0,0,20.839315,4.320570,1.1080
5,20,6.9780,349,0,0,20.957636,4.096817,0.7919
5,20,6.9980,350,0,0,21.076326,3.470190,0.7957
5,20,7.0180,351,0,0,8.076222,2.419693,0.7984
5,20,7.0380,352,0,0,5.506345,2.065383,0.8033
5,20,7.0580,353,0,0,5.420240,2.000426,0.8104
5,20,7.0780,354,0,0,5.348992,1.921630,0.8159
5,20,7.0980,355,0,0,5.277853,1.854188,0.8199
5,20,7.1180,356,0,0,5.206953,1.785615,0.8224
5,20,7.1380,357,0,0,5.135935,1.732529,0.8235
5,20,7.1580,358,0,0,5.064504,1.681080,0.8232
5,20,7.1780,359,0,0,4.992450,1.634450,0.8214
5,20,7.1980,360,0,0,4.919684,1.585043,0.8183
5,20,7.2180,361,0,0,4.846238,1.532265,0.8137
5,20,7.2380,362,0,0,4.772275,1.479965,0.8121
5,20,7.2580,363,0,0,4.698097,1.411902,0.8161
5,20,7.2780,364,0,0,4.624133,1.371882,0.8164
5,20,7.2980,365,0,0,4.550939,1.335188,0.8129
5,20,7.3180,366,0,0,4.479194,1.282276,0.8060
5,20,7.3380,367,0,0,4.409692,1.238207,0.7957
5,20,7.3580,368,0,0,4.343331,1.200094,0.7890
5,20,7.3780,369,0,0,4.497749,1.170175,0.7791
5,20,7.3980,370,2,0,4.462703,1.146882,0.7668
5,20,7.4180,371,2,0,4.427068,1.080989,0.7522
5,20,7.4380,372,2,0,4.377795,1.012492,0.7351
5,20,7.4580,373,2,0,4.327593,0.982947,0.7154
5,20,7.4780,374,3,0,4.290286,0.958293,0.7044
5,20,7.4980,375,3,0,4.261140,0.942739,0.7033
5,20,7.5180,376,3,0,4.240707,0.845607,0.7035
5,20,7.5380,377,4,0,4.229313,0.829916,0.7031
5,20,7.5580,378,4,0,3.807170,0.785054,0.7021
5,20,7.5780,379,5,0,3.858149,0.774482,0.7003
5,20,7.5980,380,5,0,3.916434,0.769265,0.6979
5,20,7.6180,381,5,0,3.439027,0.679542,0.6945
5,20,7.6380,382,5,0,3.431274,0.661991,0.6902
5,20,7.6580,383,5,0,3.434445,0.655137,0.6850
5,20,7.6780,384,6,0,3.448503,0.652333,0.6786
5,20,7.6980,385,6,0,3.480952,0.618202,0.6710
5,20,7.7180,386,6,0,3.517630,0.602804,0.6633
5,20,7.7380,387,6,0,3.451108,0.586212,0.6600
5,20,7.7580,388,7,0,2.592836,0.518115,0.6563
5,20,7.7780,389,9,0,2.490197,0.434762,0.6521
5,20,7.7980,390,9,0,2.387757,0.407105,0.6473
5,20,7.8180,391,9,0,2.285516,0.391372,0.6419
5,20,7.8380,392,9,0,2.183471,0.378565,0.6358
5,20,7.8580,393,9,0,2.081623,0.366410,0.6289
5,20,7.8780,394,9,0,1.979970,0.355360,0.6212
5,20,7.8980,395,9,0,1.878513,0.348506,0.6126
5,20,7.9180,396,9,0,1.777251,0.271641,0.6028
5,20,7.9380,397,9,0,1.676183,0.253250,0.5919
5,20,7.9580,398,10,0,1.575309,0.239472,0.5797
5,20,7.9780,399,10,0,1.474630,0.225622,0.5660
5,20,7.9980,400,10,0,1.374146,0.206895,0.5506
5,20,8.0180,401,10,0,1.349807,0.191681,0.5334
5,20,8.0380,402,10,0,1.442021,0.181236,0.5143
5,20,8.0580,403,10,0,1.516357,0.170657,0.5000
5,20,8.0780,404,11,0,0.974180,0.100970,0.5000
5,20,8.0980,405,11,0,0.874694,0.087434,0.5000
5,20,8.1180,406,11,0,0.775420,0.074386,0.5000
5,20,8.1380,407,11,0,0.676368,0.057516,0.5000
5,20,8.1580,408,11,0,0.577488,0.042711,0.5000
5,20,8.1780,409,12,0,0.478878,0.029862,0.5000
5,20,8.1980,410,12,0,0.380598,0.020064,0.5000
5,20,8.2180,411,12,0,0.282762,0.014159,0.5000
5,20,8.2380,412,13,0,0.185656,0.009292,0.5000
5,20,8.2580,413,13,0,0.090446,0.004524,0.5000
5,20,8.2780,414,13,0,0.004670,0.000236,0.5000
5,20,8.2980,415,13,0,0.000251,0.000015,0.5000
5,20,8.3180,416,13,0,0.000034,0.000003,0.5000
5,20,8.3380,417,14,0,0.000003,0.000000,0.5000
5,20,8.3580,418,14,0,0.000002,0.000000,0.5000
5,20,8.3780,419,14,0,0.000002,0.000000,0.5000
5,20,8.3980,420,14,0,0.000002,0.000000,0.5000
5,20,8.4180,421,14,0,0.000002,0.000000,0.5000
5,20,8.4380,422,14,0,0.000002,0.000000,0.5000
5,20,8.4580,423,14,0,0.000002,0.000000,0.5000
5,20,8.4780,424,15,0,0.000002,0.000000,0.5000
5,20,8.4980,425,15,0,0.000002,0.000000,0.5000
5,20,8.5180,426,15,0,0.000002,0.000000,0.5000
5,20,8.5380,427,16,0,0.000002,0.000000,0.5000
5,20,8.5580,428,18,0,0.000000,0.000000,0.5000
5,20,8.5780,429,18,0,0.000000,0.000000,0.5000
5,20,8.5980,430,19,0,0.000000,0.000000,0.5000
5,20,8.6180,431,19,0,0.000000,0.000000,0.5000
5,20,8.6380,432,19,0,0.000000,0.000000,0.5000
5,20,8.6580,433,19,0,0.000000,0.000000,0.5000
5,20,8.6780,434,20,0,0.000000,0.000000,0.5000
6,20,0.0180,1,0,0,0.000000,0.000000,19.5000
6,20,0.0380,2,0,0,0.196000,0.163262,19.4961
6,20,0.0580,3,0,0,0.391075,0.297938,19.4883
6,20,0.0780,4,0,0,0.577293,0.403163,19.4767
6,20,0.0980,5,0,0,0.733463,0.479142,19.4620
6,20,0.1180,6,0,0,0.837421,0.525867,19.4453
6,20,0.1380,7,0,0,0.877353,0.543041,19.4278
6,20,0.1580,8,0,0,0.855958,0.531095,19.4106
6,20,0.1780,9,0,0,0.784212,0.492105,19.3950
6,20,0.1980,10,0,0,0.673399,0.427989,19.3815
6,20,0.2180,11,0,0,0.534514,0.343990,19.3708
6,20,0.2380,12,0,0,0.376795,0.245861,19.3633
6,20,0.2580,13,0,0,0.210237,0.140795,19.3591
6,20,0.2780,14,0,0,0.070140,0.043884,19.3583
6,20,0.2980,15,0,0,0.128923,0.086273,19.3607
6,20,0.3180,16,0,0,0.272193,0.175938,19.3660
6,20,0.3380,17,0,0,0.395342,0.253457,19.3738
6,20,0.3580,18,0,0,0.491088,0.312783,19.3834
6,20,0.3780,19,0,0,0.555193,0.352030,19.3943
6,20,0.3980,20,0,0,0.585331,0.369432,19.4058
6,20,0.4180,21,0,0,0.581851,0.365506,19.4172
6,20,0.4380,22,0,0,0.530815,0.341938,19.4275
6,20,0.4580,23,0,0,0.460263,0.295693,19.4362
6,20,0.4780,24,0,0,0.369611,0.231355,19.4429
6,20,0.4980,25,0,0,0.258738,0.153689,19.4473
6,20,0.5180,26,0,0,0.146460,0.078588,19.4495
6,20,0.5380,27,0,0,0.070790,0.040738,19.4494
6,20,0.5580,28,0,0,0.128444,0.092972,19.4469
6,20,0.5780,29,0,0,0.226585,0.152214,19.4424
6,20,0.5980,30,0,0,0.317158,0.202377,19.4361
6,20,0.6180,31,0,0,0.384897,0.258221,19.4285
6,20,0.6380,32,0,0,0.437367,0.306676,19.4199
6,20,0.6580,33,0,0,0.467537,0.332740,19.4109
6,20,0.6780,34,0,0,0.495314,0.335974,19.4014
6,20,0.6980,35,0,0,0.510757,0.330232,19.3917
6,20,0.7180,36,0,0,0.498826,0.310158,19.3823
6,20,0.7380,37,0,0,0.449787,0.278497,19.3740
6,20,0.7580,38,0,0,0.377618,0.237408,19.3673
6,20,0.7780,39,0,0,0.302503,0.196227,19.3625
6,20,0.7980,40,0,0,0.252372,0.162467,19.3600
6,20,0.8180,41,0,0,0.266139,0.174843,19.3595
6,20,0.8380,42,0,0,0.315299,0.192621,19.3609
6,20,0.8580,43,0,0,0.341096,0.200873,19.3636
6,20,0.8780,44,0,0,0.370940,0.201666,19.3668
6,20,0.8980,45,0,0,0.378267,0.204492,19.3696
6,20,0.9180,46,0,0,0.374433,0.187858,19.3715
6,20,0.9380,47,0,0,0.381867,0.177234,19.3723
6,20,0.9580,48,0,0,0.377111,0.168985,19.3724
6,20,0.9780,49,0,0,0.356024,0.162023,19.3722
6,20,0.9980,50,0,0,0.330221,0.157903,19.3719
6,20,1.0180,51,0,0,0.298840,0.162047,19.3713
6,20,1.0380,52,0,0,0.291912,0.170311,19.3701
6,20,1.0580,53,0,0,0.305172,0.183505,19.3681
6,20,1.0780,54,0,0,0.326907,0.201728,19.3653
6,20,1.0980,55,0,0,0.350038,0.225953,19.3614
6,20,1.1180,56,0,0,0.374040,0.237663,19.3564
6,20,1.1380,57,0,0,0.398314,0.242801,19.3503
6,20,1.1580,58,0,0,0.392942,0.260582,19.3442
6,20,1.1780,59,0,0,0.385983,0.262515,19.3384
6,20,1.1980,60,0,0,0.377781,0.267065,19.3327
6,20,1.2180,61,0,0,0.362702,0.253355,19.3273
6,20,1.2380,62,0,0,0.360060,0.228553,19.3221
6,20,1.2580,63,0,0,0.354988,0.198441,19.3171
6,20,1.2780,64,0,0,0.323647,0.171690,19.3130
6,20,1.2980,65,0,0,0.311222,0.169654,19.3089
6,20,1.3180,66,0,0,0.313610,0.178492,19.3054
6,20,1.3380,67,0,0,0.270959,0.176171,19.3030
6,20,1.3580,68,0,0,0.270485,0.166162,19.3020
6,20,1.3780,69,0,0,0.288851,0.161821,19.3024
6,20,1.3980,70,0,0,0.308037,0.169087,19.3038
6,20,1.4180,71,0,0,0.324011,0.179630,19.3056
6,20,1.4380,72,0,0,0.325176,0.189583,19.3076
6,20,1.4580,73,0,0,0.315546,0.198563,19.3097
6,20,1.4780,74,0,0,0.302370,0.205301,19.3118
6,20,1.4980,75,0,0,0.301142,0.209022,19.3138
6,20,1.5180,76,0,0,0.313178,0.210946,19.3156
6,20,1.5380,77,0,0,0.326140,0.211090,19.3171
6,20,1.5580,78,0,0,0.338572,0.209908,19.3184
6,20,1.5780,79,0,0,0.350212,0.208319,19.3192
6,20,1.5980,80,0,0,0.361826,0.207260,19.3196
6,20,1.6180,81,0,0,0.371849,0.207372,19.3194
6,20,1.6380,82,0,0,0.383114,0.208902,19.3188
6,20,1.6580,83,0,0,0.393905,0.211836,19.3177
6,20,1.6780,84,0,0,0.403771,0.215690,19.3163
6,20,1.6980,85,0,0,0.411294,0.219581,19.3147
6,20,1.7180,86,0,0,0.396878,0.225611,19.3127
6,20,1.7380,87,0,0,0.439534,0.232108,19.3104
6,20,1.7580,88,0,0,0.462065,0.237285,19.3079
6,20,1.7780,89,0,0,0.456810,0.240315,19.3054
6,20,1.7980,90,0,0,0.456695,0.240547,19.3031
6,20,1.8180,91,0,0,0.452714,0.240421,19.3014
6,20,1.8380,92,0,0,0.447259,0.240153,19.3001
6,20,1.8580,93,0,0,0.443206,0.239390,19.2992
6,20,1.8780,94,0,0,0.439241,0.238805,19.2988
6,20,1.8980,95,0,0,0.438524,0.239126,19.2986
6,20,1.9180,96,0,0,0.446422,0.240742,19.2989
6,20,1.9380,97,0,0,0.455204,0.243392,19.2995
6,20,1.9580,98,0,0,0.462169,0.246653,19.3004
6,20,1.9780,99,0,0,0.465954,0.250154,19.3017
6,20,1.9980,100,0,0,0.463718,0.253569,19.3032
6,20,2.0180,101,0,0,0.458294,0.256698,19.3048
6,20,2.0380,102,0,0,0.450755,0.259402,19.3067
6,20,2.0580,103,0,0,0.441379,0.261728,19.3086
6,20,2.0780,104,0,0,0.431284,0.263752,19.3104
6,20,2.0980,105,0,0,0.422783,0.265627,19.3121
6,20,2.1180,106,0,0,0.415157,0.267345,19.3135
6,20,2.1380,107,0,0,0.407625,0.268918,19.3148
6,20,2.1580,108,0,0,0.400468,0.270340,19.3157
6,20,2.1780,109,0,0,0.394649,0.271637,19.3164
6,20,2.1980,110,0,0,0.396315,0.272804,19.3167
6,20,2.2180,111,0,0,0.416832,0.289227,19.3169
6,20,2.2380,112,0,0,0.438007,0.299848,19.3166
6,20,2.2580,113,0,0,0.461982,0.313217,19.3156
6,20,2.2780,114,0,0,0.490408,0.324022,19.3136
6,20,2.2980,115,0,0,0.522905,0.336400,19.3105
6,20,2.3180,116,0,0,0.564581,0.338309,19.3060
6,20,2.3380,117,0,0,0.601047,0.329636,19.3003
6,20,2.3580,118,0,0,0.612798,0.328390,19.2940
6,20,2.3780,119,0,0,0.605815,0.334493,19.2878
6,20,2.3980,120,0,0,0.598564,0.336980,19.2824
6,20,2.4180,121,0,0,0.602917,0.344154,19.2776
6,20,2.4380,122,0,0,0.621607,0.346714,19.2733
6,20,2.4580,123,0,0,0.640500,0.335460,19.2693
6,20,2.4780,124,0,0,0.660504,0.321210,19.2655
6,20,2.4980,125,0,0,0.668051,0.310462,19.2623
6,20,2.5180,126,0,0,0.669029,0.302256,19.2599
6,20,2.5380,127,0,0,0.675580,0.294624,19.2585
6,20,2.5580,128,0,0,0.700301,0.289205,19.2585
6,20,2.5780,129,0,0,0.746012,0.287885,19.2597
6,20,2.5980,130,0,0,0.802516,0.290701,19.2619
6,20,2.6180,131,0,0,0.856592,0.296015,19.2651
6,20,2.6380,132,0,0,0.899890,0.303256,19.2688
6,20,2.6580,133,0,0,0.929759,0.310230,19.2730
6,20,2.6780,134,0,0,0.946345,0.315651,19.2775
6,20,2.6980,135,0,0,0.946739,0.320030,19.2820
6,20,2.7180,136,0,0,0.936775,0.321489,19.2863
6,20,2.7380,137,0,0,0.931184,0.319794,19.2903
6,20,2.7580,138,0,0,0.929728,0.316562,19.2937
6,20,2.7780,139,0,0,0.924451,0.313305,19.2962
6,20,2.7980,140,0,0,0.921782,0.309306,19.2979
6,20,2.8180,141,0,0,0.928389,0.306302,19.2989
6,20,2.8380,142,0,0,0.942628,0.305725,19.2991
6,20,2.8580,143,0,0,0.959472,0.308056,19.2984
6,20,2.8780,144,0,0,0.975673,0.315485,19.2967
6,20,2.8980,145,0,0,0.983950,0.324119,19.2941
6,20,2.9180,146,0,0,0.977354,0.331968,19.2909
6,20,2.9380,147,0,0,0.970747,0.352349,19.2868
6,20,2.9580,148,0,0,0.970693,0.362446,19.2815
6,20,2.9780,149,0,0,0.955453,0.368346,19.2760
6,20,2.9980,150,0,0,0.953646,0.370126,19.2711
6,20,3.0180,151,0,0,0.977739,0.368139,19.2666
6,20,3.0380,152,0,0,1.023554,0.368256,19.2617
6,20,3.0580,153,0,0,1.059320,0.362635,19.2563
6,20,3.0780,154,0,0,1.075185,0.353640,19.2513
6,20,3.0980,155,0,0,1.078897,0.342143,19.2470
6,20,3.1180,156,0,0,1.073769,0.330953,19.2436
6,20,3.1380,157,0,0,1.062604,0.322037,19.2412
6,20,3.1580,158,0,0,1.048676,0.315467,19.2396
6,20,3.1780,159,0,0,1.034402,0.310576,19.2388
6,20,3.1980,160,0,0,1.022026,0.307269,19.2387
6,20,3.2180,161,0,0,1.012666,0.305340,19.2391
6,20,3.2380,162,0,0,1.004384,0.303968,19.2399
6,20,3.2580,163,0,0,0.997324,0.302487,19.2411
6,20,3.2780,164,0,0,0.991154,0.300276,19.2425
6,20,3.2980,165,0,0,0.985598,0.296922,19.2442
6,20,3.3180,166,0,0,0.979448,0.292154,19.2459
6,20,3.3380,167,0,0,0.972720,0.287115,19.2476
6,20,3.3580,168,0,0,0.964285,0.281191,19.2492
6,20,3.3780,169,0,0,0.950592,0.273703,19.2504
6,20,3.3980,170,0,0,0.932649,0.264681,19.2512
6,20,3.4180,171,0,0,0.913716,0.254957,19.2516
6,20,3.4380,172,0,0,0.896458,0.245049,19.2515
6,20,3.4580,173,0,0,0.882000,0.236189,19.2508
6,20,3.4780,174,0,0,0.869830,0.231688,19.2493
6,20,3.4980,175,0,0,0.861825,0.229989,19.2469
6,20,3.5180,176,0,0,0.852488,0.232040,19.2438
6,20,3.5380,177,0,0,0.840698,0.238837,19.2403
6,20,3.5580,178,0,0,0.827611,0.249067,19.2365
6,20,3.5780,179,0,0,0.813642,0.258892,19.2325
6,20,3.5980,180,0,0,0.798597,0.268083,19.2285
6,20,3.6180,181,0,0,0.782190,0.276006,19.2245
6,20,3.6380,182,0,0,0.767644,0.281787,19.2207
6,20,3.6580,183,0,0,0.756504,0.286931,19.2170
6,20,3.6780,184,0,0,0.746543,0.291549,19.2136
6,20,3.6980,185,0,0,0.734420,0.295599,19.2106
6,20,3.7180,186,0,0,0.718494,0.299248,19.2082
6,20,3.7380,187,0,0,0.698838,0.302936,19.2065
6,20,3.7580,188,0,0,0.675524,0.307372,19.2055
6,20,3.7780,189,0,0,0.658061,0.312564,19.2050
6,20,3.7980,190,0,0,0.644664,0.319696,19.2049
6,20,3.8180,191,0,0,0.633562,0.328467,19.2053
6,20,3.8380,192,0,0,0.625623,0.337892,19.2060
6,20,3.8580,193,0,0,0.619551,0.347425,19.2068
6,20,3.8780,194,0,0,0.615133,0.356549,19.2078
6,20,3.8980,195,0,0,0.612970,0.365170,19.2089
6,20,3.9180,196,0,0,0.614528,0.373388,19.2100
6,20,3.9380,197,0,0,0.616303,0.381180,19.2110
6,20,3.9580,198,0,0,0.617115,0.388668,19.2120
6,20,3.9780,199,0,0,0.616350,0.396338,19.2126
6,20,3.9980,200,0,0,0.619528,0.403956,19.2130
6,20,4.0180,201,0,0,0.629428,0.411612,19.2129
6,20,4.0380,202,0,0,0.636126,0.419093,19.2125
6,20,4.0580,203,0,0,0.642656,0.426619,19.2115
6,20,4.0780,204,0,0,0.647948,0.433902,19.2102
6,20,4.0980,205,0,0,0.654644,0.440891,19.2087
6,20,4.1180,206,0,0,0.691091,0.447485,19.2070
6,20,4.1380,207,0,0,0.712792,0.453582,19.2052
6,20,4.1580,208,0,0,0.727895,0.459132,19.2035
6,20,4.1780,209,0,0,0.740032,0.463987,19.2017
6,20,4.1980,210,0,0,0.743113,0.468182,19.2000
6,20,4.2180,211,0,0,0.742091,0.472209,19.1984
6,20,4.2380,212,0,0,0.739674,0.476480,19.1971
6,20,4.2580,213,0,0,0.754343,0.481419,19.1959
6,20,4.2780,214,0,0,0.760393,0.486858,19.1949
6,20,4.2980,215,0,0,0.765355,0.492471,19.1943
6,20,4.3180,216,0,0,0.770802,0.497932,19.1940
6,20,4.3380,217,0,0,0.795517,0.503369,19.1938
6,20,4.3580,218,0,0,0.806984,0.508312,19.1937
6,20,4.3780,219,0,0,0.803840,0.512713,19.1935
6,20,4.3980,220,0,0,0.806924,0.516099,19.1937
6,20,4.4180,221,0,0,0.802165,0.518864,19.1939
6,20,4.4380,222,0,0,0.809918,0.521999,19.1943
6,20,4.4580,223,0,0,0.819475,0.526464,19.1948
6,20,4.4780,224,0,0,0.820851,0.530801,19.1950
6,20,4.4980,225,0,0,0.821426,0.534761,19.1951
6,20,4.5180,226,0,0,0.819604,0.538294,19.1949
6,20,4.5380,227,0,0,0.816082,0.541934,19.1945
6,20,4.5580,228,0,0,0.813970,0.545569,19.1940
6,20,4.5780,229,0,0,0.815398,0.549143,19.1932
6,20,4.5980,230,0,0,0.850915,0.552678,19.1922
6,20,4.6180,231,0,0,0.885835,0.556212,19.1911
6,20,4.6380,232,0,0,0.920069,0.559776,19.1899
6,20,4.6580,233,0,0,0.953583,0.563476,19.1885
6,20,4.6780,234,0,0,0.985663,0.567286,19.1868
6,20,4.6980,235,0,0,1.016217,0.571131,19.1850
6,20,4.7180,236,0,0,1.045397,0.574888,19.1831
6,20,4.7380,237,0,0,1.073388,0.578480,19.1810
6,20,4.7580,238,0,0,1.100398,0.581830,19.1787
6,20,4.7780,239,0,0,1.126798,0.584879,19.1764
6,20,4.7980,240,0,0,1.153157,0.587589,19.1740
6,20,4.8180,241,0,0,1.180094,0.590008,19.1714
6,20,4.8380,242,0,0,1.207971,0.592162,19.1688
6,20,4.8580,243,0,0,1.236938,0.594075,19.1660
6,20,4.8780,244,0,0,1.267374,0.595768,19.1631
6,20,4.8980,245,0,0,1.299332,0.597364,19.1601
6,20,4.9180,246,0,0,1.332606,0.598940,19.1569
6,20,4.9380,247,0,0,1.367063,0.600560,19.1537
6,20,4.9580,248,0,0,1.402809,0.602262,19.1503
6,20,4.9780,249,0,0,1.439821,0.604042,19.1468
6,20,4.9980,250,0,0,1.477870,0.606044,19.1432
6,20,5.0180,251,0,0,1.516871,0.608341,19.1394
6,20,5.0380,252,0,0,1.556691,0.610900,19.1355
6,20,5.0580,253,0,0,1.597044,0.613728,19.1315
6,20,5.0780,254,0,0,1.637439,0.616890,19.1272
6,20,5.0980,255,0,0,1.677252,0.620487,19.1229
6,20,5.1180,256,0,0,1.716346,0.624473,19.1183
6,20,5.1380,257,0,0,1.754607,0.628862,19.1136
6,20,5.1580,258,0,0,1.791337,0.633569,19.1086
6,20,5.1780,259,0,0,1.828311,0.638539,19.1035
6,20,5.1980,260,0,0,1.865341,0.647185,19.0982
6,20,5.2180,261,0,0,1.901312,0.655413,19.0927
6,20,5.2380,262,0,0,1.936294,0.664214,19.0870
6,20,5.2580,263,0,0,1.970778,0.672133,19.0810
6,20,5.2780,264,0,0,2.004403,0.679351,19.0746
6,20,5.2980,265,0,0,2.036832,0.686153,19.0679
6,20,5.3180,266,0,0,2.068227,0.692640,19.0609
6,20,5.3380,267,0,0,2.098819,0.698878,19.0537
6,20,5.3580,268,0,0,2.128889,0.704931,19.0461
6,20,5.3780,269,0,0,2.158986,0.710930,19.0382
6,20,5.3980,270,0,0,2.190026,0.716915,19.0300
6,20,5.4180,271,0,0,2.222746,0.723045,19.0215
6,20,5.4380,272,0,0,2.257585,0.728762,19.0126
6,20,5.4580,273,0,0,2.294576,0.734340,19.0034
6,20,5.4780,274,0,0,2.332943,0.739810,18.9938
6,20,5.4980,275,0,0,2.371655,0.745305,18.9839
6,20,5.5180,276,0,0,2.410287,0.750965,18.9736
6,20,5.5380,277,0,0,2.448921,0.757036,18.9631
6,20,5.5580,278,0,0,2.487454,0.763693,18.9522
6,20,5.5780,279,0,0,2.525972,0.771134,18.9411
6,20,5.5980,280,0,0,2.564223,0.779430,18.9296
6,20,5.6180,281,0,0,2.601514,0.788668,18.9178
6,20,5.6380,282,0,0,2.636841,0.798772,18.9059
6,20,5.6580,283,0,0,2.670258,0.809688,18.8936
6,20,5.6780,284,0,0,2.702408,0.821652,18.8810
6,20,5.6980,285,0,0,2.733712,0.834741,18.8681
6,20,5.7180,286,0,0,2.764656,0.848951,18.8548
6,20,5.7380,287,0,0,2.796474,0.863552,18.8412
6,20,5.7580,288,0,0,2.832120,0.878674,18.8273
6,20,5.7780,289,0,0,2.870209,0.894690,18.8131
6,20,5.7980,290,0,0,2.907204,0.911794,18.7988
6,20,5.8180,291,0,0,2.941302,0.929699,18.7842
6,20,5.8380,292,0,0,2.972281,0.948072,18.7694
6,20,5.8580,293,0,0,2.999439,0.966714,18.7544
6,20,5.8780,294,0,0,3.022143,0.985548,18.7391
6,20,5.8980,295,0,0,3.040051,1.004689,18.7236
6,20,5.9180,296,0,0,3.056000,1.024234,18.7080
6,20,5.9380,297,0,0,3.073292,1.044405,18.6923
6,20,5.9580,298,0,0,3.089638,1.065492,18.6765
6,20,5.9780,299,0,0,3.108716,1.088038,18.6607
6,20,5.9980,300,0,0,3.128062,1.111714,18.6447
6,20,6.0180,301,0,0,3.148871,1.136708,18.6287
6,20,6.0380,302,0,0,3.175934,1.163483,18.6125
6,20,6.0580,303,0,0,3.208353,1.191371,18.5957
6,20,6.0780,304,0,0,3.251081,1.219968,18.5786
6,20,6.0980,305,0,0,3.302353,1.248991,18.5612
6,20,6.1180,306,0,0,3.360194,1.278329,18.5434
6,20,6.1380,307,0,0,3.423280,1.307896,18.5250
6,20,6.1580,308,0,0,3.490665,1.337857,18.5059
6,20,6.1780,309,0,0,3.561718,1.367899,18.4860
6,20,6.1980,310,0,0,3.637895,1.397658,18.4651
6,20,6.2180,311,0,0,3.719790,1.427049,18.4430
6,20,6.2380,312,0,0,3.808064,1.456395,18.4196
6,20,6.2580,313,0,0,3.901850,1.486910,18.3947
6,20,6.2780,314,0,0,3.992046,1.517273,18.3680
6,20,6.2980,315,0,0,4.066792,1.547571,18.3397
6,20,6.3180,316,0,0,4.132263,1.579529,18.3096
6,20,6.3380,317,0,0,4.211424,1.611764,18.2778
6,20,6.3580,318,0,0,4.309672,1.644126,18.2440
6,20,6.3780,319,0,0,4.423082,1.677845,18.2084
6,20,6.3980,320,0,0,4.533483,1.713851,18.1706
6,20,6.4180,321,0,0,4.660381,1.750240,18.1304
6,20,6.4380,322,0,0,4.786950,1.781697,18.0882
6,20,6.4580,323,0,0,4.889325,1.818791,18.0435
6,20,6.4780,324,0,0,4.981843,1.862805,17.9965
6,20,6.4980,325,0,0,5.078299,1.910314,17.9473
6,20,6.5180,326,0,0,5.178764,1.963437,17.8957
6,20,6.5380,327,0,0,5.281976,2.021533,17.8414
6,20,6.5580,328,0,0,5.386264,2.081936,17.7843
6,20,6.5780,329,0,0,5.491626,2.143822,17.7243
6,20,6.5980,330,0,0,5.599721,2.207826,17.6614
6,20,6.6180,331,0,0,5.711257,2.272819,17.5954
6,20,6.6380,332,0,0,5.824805,2.341765,17.5263
6,20,6.6580,333,0,0,5.938917,2.414876,17.4541
6,20,6.6780,334,0,0,6.059587,2.492798,17.3789
6,20,6.6980,335,0,0,6.176091,2.571805,17.3005
6,20,6.7180,336,0,0,6.289659,2.651976,17.2189
6,20,6.7380,337,0,0,6.407450,2.733116,17.1341
6,20,6.7580,338,0,0,6.527900,2.815687,17.0462
6,20,6.7780,339,0,0,6.653449,2.900256,16.9550
6,20,6.7980,340,0,0,6.778891,2.987929,16.8603
6,20,6.8180,341,0,0,6.904286,3.079867,16.7621
6,20,6.8380,342,0,0,7.030422,3.173302,16.6602
6,20,6.8580,343,0,0,7.159630,3.267682,16.5547
6,20,6.8780,344,0,0,7.291032,3.363276,16.4454
6,20,6.8980,345,0,0,7.424483,3.462014,16.3324
6,20,6.9180,346,0,0,7.559848,3.564405,16.2157
6,20,6.9380,347,0,0,7.697001,3.668074,16.0953
6,20,6.9580,348,0,0,7.835821,3.772065,15.9713
6,20,6.9780,349,0,0,7.976197,3.876604,15.8435
6,20,6.9980,350,0,0,8.118023,3.982304,15.7122
6,20,7.0180,351,0,0,8.261200,4.089762,15.5771
6,20,7.0380,352,0,0,8.405637,4.198298,15.4384
6,20,7.0580,353,0,0,8.551246,4.307813,15.2961
6,20,7.0780,354,0,0,8.697947,4.418021,15.1501
6,20,7.0980,355,0,0,8.845662,4.528905,15.0005
6,20,7.1180,356,0,0,8.994322,4.640428,14.8473
6,20,7.1380,357,0,0,9.143858,4.752517,14.6904
6,20,7.1580,358,0,0,9.294208,4.865271,14.5300
6,20,7.1780,359,0,0,9.445312,4.978592,14.3660
6,20,7.1980,360,0,0,9.597115,5.092180,14.1983
6,20,7.2180,361,0,0,9.749566,5.205845,14.0271
6,20,7.2380,362,0,0,9.902615,5.319490,13.8523
6,20,7.2580,363,0,0,10.056217,5.433230,13.6740
6,20,7.2780,364,0,0,10.210328,5.548456,13.4920
6,20,7.2980,365,0,0,10.364908,5.665249,13.3065
6,20,7.3180,366,0,0,10.519919,5.781739,13.1175
6,20,7.3380,367,0,0,10.675325,5.898163,12.9249
6,20,7.3580,368,0,0,10.831091,6.014683,12.7288
6,20,7.3780,369,0,0,10.987187,6.131611,12.5292
6,20,7.3980,370,0,0,11.143582,6.250989,12.3260
6,20,7.4180,371,0,0,11.300247,6.369327,12.1193
6,20,7.4380,372,0,0,11.457156,6.488370,11.9092
6,20,7.4580,373,0,0,11.614285,6.608294,11.6955
6,20,7.4780,374,0,0,11.771607,6.728956,11.4783
6,20,7.4980,375,0,0,11.929104,6.850259,11.2577
6,20,7.5180,376,0,0,12.086751,6.972109,11.0335
6,20,7.5380,377,0,0,12.244530,7.094004,10.8059
6,20,7.5580,378,0,0,12.402420,7.202797,10.5748
6,20,7.5780,379,0,0,12.560405,7.320345,10.3403
6,20,7.5980,380,0,0,12.718467,7.437238,10.1023
6,20,7.6180,381,0,0,12.876589,7.553938,9.8609
6,20,7.6380,382,0,0,13.034758,7.672790,9.6160
6,20,7.6580,383,0,0,13.192958,7.793107,9.3677
6,20,7.6780,384,0,0,13.351174,7.914616,9.1160
6,20,7.6980,385,0,0,13.509396,8.039044,8.8609
6,20,7.7180,386,0,0,13.667609,8.168851,8.6023
6,20,7.7380,387,0,0,13.825803,8.281726,8.3404
6,20,7.7580,388,0,0,13.983965,8.402941,8.0751
6,20,7.7780,389,0,0,14.142086,8.525646,7.8063
6,20,7.7980,390,0,0,14.300156,8.650682,7.5342
6,20,7.8180,391,0,0,14.458162,8.779403,7.2587
6,20,7.8380,392,0,0,14.616100,8.908298,6.9799
6,20,7.8580,393,0,0,14.773958,9.038347,6.6976
6,20,7.8780,394,0,0,14.931730,9.169828,6.4121
6,20,7.8980,395,0,0,15.089405,9.311558,6.1231
6,20,7.9180,396,0,0,15.246978,9.427271,5.8309
6,20,7.9380,397,0,0,15.404442,9.424472,5.5353
6,20,7.9580,398,0,0,15.561789,9.546289,5.3755
6,20,7.9780,399,0,0,15.719011,9.682510,5.3111
6,20,7.9980,400,0,0,15.876106,9.211494,5.2443
6,20,8.0180,401,0,0,16.033064,8.554637,5.1749
6,20,8.0380,402,0,0,16.189882,8.230522,5.1026
6,20,8.0580,403,0,0,16.346554,7.692721,5.0268
6,20,8.0780,404,0,0,16.503075,7.065189,4.9473
6,20,8.0980,405,0,0,16.659437,6.614712,4.8641
6,20,8.1180,406,0,0,16.902109,6.375600,4.7772
6,20,8.1380,407,0,0,18.122580,5.764966,4.6867
6,20,8.1580,408,0,0,17.985180,5.772106,4.5927
6,20,8.1780,409,0,0,18.525618,5.254294,4.4949
6,20,8.1980,410,0,0,20.814520,4.757509,4.3935
6,20,8.2180,411,0,0,20.932238,4.798174,4.2884
6,20,8.2380,412,0,0,21.050339,4.844089,4.1796
6,20,8.2580,413,0,0,21.168808,4.365634,4.0670
6,20,8.2780,414,0,0,7.184096,3.420438,3.9508
6,20,8.2980,415,0,0,7.358899,3.223433,3.8316
6,20,8.3180,416,1,0,7.569631,3.035502,3.7102
6,20,8.3380,417,1,0,7.752112,3.028142,3.5854
6,20,8.3580,418,1,0,7.896542,3.035673,3.4569
6,20,8.3780,419,1,0,8.041032,3.022520,3.3247
6,20,8.3980,420,1,0,8.186786,3.031592,3.1889
6,20,8.4180,421,1,0,8.333714,2.968919,3.0494
6,20,8.4380,422,1,0,8.481732,2.964915,2.9063
6,20,8.4580,423,1,0,8.630762,2.973560,2.7596
6,20,8.4780,424,1,0,8.786669,2.941300,2.6092
6,20,8.4980,425,1,0,9.021441,2.852267,2.4558
6,20,8.5180,426,1,0,9.236791,2.856655,2.2991
6,20,8.5380,427,1,0,9.457876,2.772473,2.1391
6,20,8.5580,428,1,0,9.630512,2.777307,1.9756
6,20,8.5780,429,1,0,9.778238,2.789878,1.8084
6,20,8.5980,430,1,0,10.583086,2.617824,1.6371
6,20,8.6180,431,1,0,10.859849,2.603939,1.4619
6,20,8.6380,432,1,0,11.656851,2.314509,1.2815
6,20,8.6580,433,1,0,11.785840,2.301983,1.0976
6,20,8.6780,434,3,0,11.915849,2.234300,0.9101
6,20,8.6980,435,3,0,12.478061,1.997060,0.7179
6,20,8.7180,436,3,0,12.604685,1.711188,0.6867
6,20,8.7380,437,3,0,9.917517,1.459904,0.6876
6,20,8.7580,438,3,0,3.554297,1.080541,0.6882
6,20,8.7780,439,3,0,3.470376,0.996353,0.6886
6,20,8.7980,440,3,0,3.427954,0.941938,0.6888
6,20,8.8180,441,3,0,3.404469,0.892573,0.6889
6,20,8.8380,442,3,0,3.391343,0.842764,0.6889
6,20,8.8580,443,3,0,3.388882,0.797315,0.6889
6,20,8.8790,444,3,0,3.018497,0.735879,0.6977
6,20,8.8980,445,3,0,2.947546,0.630239,0.7124
6,20,8.9180,446,3,0,2.898821,0.587541,0.7232
6,20,8.9380,447,3,0,2.862986,0.561541,0.7301
6,20,8.9580,448,3,0,2.840447,0.536130,0.7330
6,20,8.9780,449,3,0,2.831440,0.511587,0.7320
6,20,8.9980,450,3,0,2.836011,0.487827,0.7271
6,20,9.0180,451,3,0,2.854015,0.464833,0.7183
6,20,9.0380,452,3,0,2.885121,0.442569,0.7055
6,20,9.0580,453,4,0,2.928833,0.421010,0.6889
6,20,9.0780,454,4,0,2.984522,0.400115,0.6869
6,20,9.0980,455,4,0,3.051457,0.379844,0.6865
6,20,9.1180,456,4,0,2.308363,0.319134,0.6861
6,20,9.1380,457,4,0,2.273268,0.293891,0.6856
6,20,9.1580,458,4,0,2.236960,0.268650,0.6850
6,20,9.1780,459,4,0,2.196909,0.247943,0.6843
6,20,9.1980,460,4,0,2.151139,0.227277,0.6882
6,20,9.2180,461,6,0,2.107659,0.206754,0.6952
6,20,9.2380,462,6,0,2.062161,0.186610,0.7003
6,20,9.2580,463,7,0,2.022990,0.171263,0.7036
6,20,9.2780,464,7,0,1.993014,0.159610,0.7047
6,20,9.2980,465,7,0,1.978864,0.150729,0.7037
6,20,9.3180,466,12,0,1.984829,0.144472,0.7003
6,20,9.3380,467,12,0,2.005216,0.142218,0.6947
6,20,9.3580,468,13,0,2.027776,0.139983,0.6867
6,20,9.3780,469,13,0,2.058006,0.138340,0.6764
6,20,9.3980,470,13,0,2.096317,0.137254,0.6666
6,20,9.4180,471,13,0,2.147013,0.136907,0.6635
6,20,9.4380,472,13,0,2.202990,0.141710,0.6599
6,20,9.4580,473,13,0,2.264243,0.146903,0.6558
6,20,9.4780,474,13,0,2.335576,0.152741,0.6512
6,20,9.4980,475,13,0,2.415746,0.159160,0.6460
6,20,9.5180,476,13,0,2.507053,0.166281,0.6401
6,20,9.5380,477,13,0,2.607580,0.174018,0.6334
6,20,9.5580,478,14,0,0.930216,0.089785,0.6258
6,20,9.5780,479,14,0,0.991074,0.089019,0.6173
6,20,9.5980,480,14,0,1.055510,0.088698,0.6077
6,20,9.6180,481,14,0,1.123694,0.088920,0.5969
6,20,9.6380,482,15,0,1.195789,0.089819,0.5847
6,20,9.6580,483,15,0,1.271948,0.091574,0.5710
6,20,9.6780,484,16,0,1.352314,0.090914,0.5556
6,20,9.6980,485,16,0,1.437018,0.084499,0.5383
6,20,9.7180,486,17,0,1.526171,0.084031,0.5190
6,20,9.7380,487,17,0,1.619859,0.083800,0.5000
6,20,9.7580,488,17,0,0.610142,0.030515,0.5000
6,20,9.7780,489,17,0,0.478275,0.023917,0.5000
6,20,9.7980,490,17,0,0.380971,0.019049,0.5000
6,20,9.8180,491,18,0,0.283587,0.014179,0.5000
6,20,9.8380,492,18,0,0.186156,0.009308,0.5000
6,20,9.8580,493,18,0,0.088608,0.004430,0.5000
6,20,9.8780,494,18,0,0.000266,0.000013,0.5000
6,20,9.8980,495,18,0,0.000998,0.000050,0.5000
6,20,9.9180,496,18,0,0.000033,0.000002,0.5000
6,20,9.9380,497,18,0,0.000005,0.000000,0.5000
6,20,9.9580,498,18,0,0.000000,0.000000,0.5000
6,20,9.9780,499,18,0,0.000000,0.000000,0.5000
6,20,9.9980,500,18,0,0.000000,0.000000,0.5000
6,20,10.0180,501,18,0,0.000000,0.000000,0.5000
6,20,10.0380,502,18,0,0.000000,0.000000,0.5000
6,20,10.0580,503,18,0,0.000000,0.000000,0.5000
6,20,10.0780,504,18,0,0.000000,0.000000,0.5000
6,20,10.0980,505,18,0,0.000000,0.000000,0.5000
6,20,10.1180,506,18,0,0.000000,0.000000,0.5000
6,20,10.1380,507,18,0,0.000000,0.000000,0.5000
6,20,10.1580,508,18,0,0.000000,0.000000,0.5000
6,20,10.1780,509,18,0,0.000000,0.000000,0.5000
6,20,10.1980,510,19,0,0.000000,0.000000,0.5000
6,20,10.2180,511,19,0,0.000000,0.000000,0.5000
6,20,10.2380,512,19,0,0.000000,0.000000,0.5000
6,20,10.2580,513,19,0,0.000000,0.000000,0.5000
6,20,10.2780,514,19,0,0.000000,0.000000,0.5000
6,20,10.2980,515,20,0,0.000000,0.000000,0.5000
7,20,0.0180,1,0,0,0.000000,0.000000,19.5000
7,20,0.0380,2,0,0,0.195999,0.162962,19.4961
7,20,0.0580,3,0,0,0.390871,0.297796,19.4883
7,20,0.0780,4,0,0,0.575932,0.403241,19.4767
7,20,0.0980,5,0,0,0.730208,0.479309,19.4621
7,20,0.1180,6,0,0,0.832436,0.526003,19.4455
7,20,0.1380,7,0,0,0.871449,0.543845,19.4281
7,20,0.1580,8,0,0,0.850263,0.532284,19.4111
7,20,0.1780,9,0,0,0.778910,0.492610,19.3955
7,20,0.1980,10,0,0,0.673098,0.430508,19.3820
7,20,0.2180,11,0,0,0.554438,0.353782,19.3710
7,20,0.2380,12,0,0,0.412715,0.263550,19.3627
7,20,0.2580,13,0,0,0.280276,0.223704,19.3578
7,20,0.2780,14,0,0,0.366454,0.190928,19.3560
7,20,0.2980,15,0,0,0.328522,0.141901,19.3567
7,20,0.3180,16,0,0,0.301566,0.131638,19.3585
7,20,0.3380,17,0,0,0.328055,0.163971,19.3610
7,20,0.3580,18,0,0,0.366887,0.212829,19.3641
7,20,0.3780,19,0,0,0.406237,0.254175,19.3684
7,20,0.3980,20,0,0,0.422126,0.277606,19.3739
7,20,0.4180,21,0,0,0.409235,0.284688,19.3801
7,20,0.4380,22,0,0,0.421960,0.287150,19.3866
7,20,0.4580,23,0,0,0.433143,0.280844,19.3925
7,20,0.4780,24,0,0,0.441502,0.266848,19.3973
7,20,0.4980,25,0,0,0.448915,0.248647,19.4009
7,20,0.5180,26,0,0,0.436415,0.232007,19.4035
7,20,0.5380,27,0,0,0.443284,0.222533,19.4049
7,20,0.5580,28,0,0,0.447512,0.224520,19.4051
7,20,0.5780,29,0,0,0.452144,0.238830,19.4040
7,20,0.5980,30,0,0,0.448825,0.254598,19.4017
7,20,0.6180,31,0,0,0.453626,0.292803,19.3982
7,20,0.6380,32,0,0,0.471984,0.315772,19.3936
7,20,0.6580,33,0,0,0.504181,0.333442,19.3879
7,20,0.6780,34,0,0,0.558427,0.347671,19.3809
7,20,0.6980,35,0,0,0.629429,0.356318,19.3730
7,20,0.7180,36,0,0,0.682765,0.358466,19.3647
7,20,0.7380,37,0,0,0.687684,0.350091,19.3568
7,20,0.7580,38,0,0,0.641263,0.334584,19.3503
7,20,0.7780,39,0,0,0.585336,0.317987,19.3455
7,20,0.7980,40,0,0,0.568621,0.320468,19.3407
7,20,0.8180,41,0,0,0.561015,0.319290,19.3356
7,20,0.8380,42,0,0,0.579913,0.322100,19.3312
7,20,0.8580,43,0,0,0.625199,0.316478,19.3278
7,20,0.8780,44,0,0,0.651849,0.320129,19.3254
7,20,0.8980,45,0,0,0.640180,0.317794,19.3234
7,20,0.9180,46,0,0,0.614474,0.313192,19.3215
7,20,0.9380,47,0,0,0.582977,0.306400,19.3196
7,20,0.9580,48,0,0,0.548866,0.298711,19.3182
7,20,0.9780,49,0,0,0.514399,0.292692,19.3170
7,20,0.9980,50,0,0,0.501637,0.292479,19.3162
7,20,1.0180,51,0,0,0.501564,0.297442,19.3158
7,20,1.0380,52,0,0,0.509626,0.303389,19.3159
7,20,1.0580,53,0,0,0.522078,0.307878,19.3164
7,20,1.0780,54,0,0,0.535745,0.310495,19.3172
7,20,1.0980,55,0,0,0.548925,0.310231,19.3181
7,20,1.1180,56,0,0,0.548386,0.306879,19.3189
7,20,1.1380,57,0,0,0.540137,0.299045,19.3196
7,20,1.1580,58,0,0,0.522638,0.288327,19.3201
7,20,1.1780,59,0,0,0.514721,0.278025,19.3203
7,20,1.1980,60,0,0,0.506296,0.268484,19.3202
7,20,1.2180,61,0,0,0.492010,0.258801,19.3198
7,20,1.2380,62,0,0,0.467950,0.247250,19.3193
7,20,1.2580,63,0,0,0.429904,0.235020,19.3185
7,20,1.2780,64,0,0,0.399403,0.222247,19.3178
7,20,1.2980,65,0,0,0.384595,0.208955,19.3170
7,20,1.3180,66,0,0,0.363801,0.195172,19.3164
7,20,1.3380,67,0,0,0.344817,0.185226,19.3160
7,20,1.3580,68,0,0,0.335340,0.164203,19.3156
7,20,1.3780,69,0,0,0.324584,0.144822,19.3153
7,20,1.3980,70,0,0,0.301096,0.138381,19.3150
7,20,1.4180,71,0,0,0.284790,0.142128,19.3149
7,20,1.4380,72,0,0,0.266386,0.148474,19.3149
7,20,1.4580,73,0,0,0.255217,0.154770,19.3152
7,20,1.4780,74,0,0,0.253697,0.160768,19.3158
7,20,1.4980,75,0,0,0.253190,0.165704,19.3165
7,20,1.5180,76,0,0,0.255749,0.169834,19.3175
7,20,1.5380,77,0,0,0.252833,0.174515,19.3186
7,20,1.5580,78,0,0,0.248499,0.180908,19.3200
7,20,1.5780,79,0,0,0.243422,0.189108,19.3215
7,20,1.5980,80,0,0,0.275016,0.188279,19.3232
7,20,1.6180,81,0,0,0.301421,0.186507,19.3250
7,20,1.6380,82,0,0,0.316275,0.188252,19.3269
7,20,1.6580,83,0,0,0.349578,0.193126,19.3289
7,20,1.6780,84,0,0,0.382343,0.200645,19.3309
7,20,1.6980,85,0,0,0.413372,0.209206,19.3327
7,20,1.7180,86,0,0,0.440759,0.206245,19.3344
7,20,1.7380,87,0,0,0.462712,0.204991,19.3360
7,20,1.7580,88,0,0,0.484737,0.208618,19.3374
7,20,1.7780,89,0,0,0.511479,0.215304,19.3386
7,20,1.7980,90,0,0,0.542336,0.223848,19.3395
7,20,1.8180,91,0,0,0.574664,0.242841,19.3395
7,20,1.8380,92,0,0,0.608012,0.257177,19.3384
7,20,1.8580,93,0,0,0.642414,0.261419,19.3368
7,20,1.8780,94,0,0,0.679518,0.267542,19.3352
7,20,1.8980,95,0,0,0.725949,0.271110,19.3336
7,20,1.9180,96,0,0,0.784453,0.274256,19.3322
7,20,1.9380,97,0,0,0.853913,0.278136,19.3310
7,20,1.9580,98,0,0,0.912413,0.282472,19.3301
7,20,1.9780,99,0,0,0.947535,0.286753,19.3294
7,20,1.9980,100,0,0,0.958831,0.290566,19.3289
7,20,2.0180,101,0,0,0.952205,0.293141,19.3283
7,20,2.0380,102,0,0,0.926510,0.296930,19.3278
7,20,2.0580,103,0,0,0.891555,0.302878,19.3274
7,20,2.0780,104,0,0,0.857123,0.308031,19.3272
7,20,2.0980,105,0,0,0.824536,0.307611,19.3272
7,20,2.1180,106,0,0,0.782615,0.310135,19.3277
7,20,2.1380,107,0,0,0.743814,0.312648,19.3285
7,20,2.1580,108,0,0,0.710449,0.314967,19.3296
7,20,2.1780,109,0,0,0.679939,0.316563,19.3309
7,20,2.1980,110,0,0,0.650929,0.319098,19.3322
7,20,2.2180,111,0,0,0.622187,0.322897,19.3331
7,20,2.2380,112,0,0,0.689500,0.326522,19.3330
7,20,2.2580,113,0,0,0.644061,0.335390,19.3320
7,20,2.2780,114,0,0,0.604976,0.346079,19.3302
7,20,2.2980,115,0,0,0.576871,0.359024,19.3276
7,20,2.3180,116,0,0,0.569900,0.368798,19.3246
7,20,2.3380,117,0,0,0.575211,0.368377,19.3212
7,20,2.3580,118,0,0,0.569474,0.358135,19.3177
7,20,2.3780,119,0,0,0.601383,0.338220,19.3144
7,20,2.3980,120,0,0,0.625791,0.316698,19.3114
7,20,2.4180,121,0,0,0.643122,0.292334,19.3085
7,20,2.4380,122,0,0,0.653505,0.266631,19.3060
7,20,2.4580,123,0,0,0.655833,0.241454,19.3039
7,20,2.4780,124,0,0,0.662553,0.214235,19.3019
7,20,2.4980,125,0,0,0.647923,0.187314,19.3004
7,20,2.5180,126,0,0,0.622697,0.163621,19.2996
7,20,2.5380,127,0,0,0.594975,0.147594,19.2994
7,20,2.5580,128,0,0,0.550379,0.145902,19.2996
7,20,2.5780,129,0,0,0.506890,0.148726,19.3000
7,20,2.5980,130,0,0,0.470621,0.150780,19.3004
7,20,2.6180,131,0,0,0.444800,0.152134,19.3009
7,20,2.6380,132,0,0,0.426728,0.156383,19.3015
7,20,2.6580,133,0,0,0.411015,0.165467,19.3022
7,20,2.6780,134,0,0,0.395120,0.174236,19.3028
7,20,2.6980,135,0,0,0.368800,0.182759,19.3032
7,20,2.7180,136,0,0,0.328981,0.191083,19.3035
7,20,2.7380,137,0,0,0.279165,0.198908,19.3036
7,20,2.7580,138,0,0,0.292191,0.206526,19.3037
7,20,2.7780,139,0,0,0.330554,0.213711,19.3037
7,20,2.7980,140,0,0,0.370370,0.221374,19.3036
7,20,2.8180,141,0,0,0.406650,0.229033,19.3034
7,20,2.8380,142,0,0,0.430825,0.237829,19.3032
7,20,2.8580,143,0,0,0.465825,0.248185,19.3031
7,20,2.8780,144,0,0,0.495039,0.257080,19.3029
7,20,2.8980,145,0,0,0.522276,0.264535,19.3025
7,20,2.9180,146,0,0,0.548645,0.268374,19.3020
7,20,2.9380,147,0,0,0.566775,0.271451,19.3014
7,20,2.9580,148,0,0,0.575087,0.275099,19.3008
7,20,2.9780,149,0,0,0.579053,0.277920,19.3000
7,20,2.9980,150,0,0,0.581552,0.280767,19.2993
7,20,3.0180,151,0,0,0.582067,0.284451,19.2988
7,20,3.0380,152,0,0,0.581384,0.289946,19.2983
7,20,3.0580,153,0,0,0.579786,0.296273,19.2981
7,20,3.0780,154,0,0,0.581515,0.303048,19.2976
7,20,3.0980,155,0,0,0.574630,0.309801,19.2972
7,20,3.1180,156,0,0,0.563508,0.317211,19.2972
7,20,3.1380,157,0,0,0.553082,0.331022,19.2975
7,20,3.1580,158,0,0,0.535085,0.344579,19.2978
7,20,3.1780,159,0,0,0.533003,0.356196,19.2982
7,20,3.1980,160,0,0,0.567139,0.366014,19.2983
7,20,3.2180,161,0,0,0.632249,0.374459,19.2980
7,20,3.2380,162,0,0,0.667419,0.380772,19.2973
7,20,3.2580,163,0,0,0.694271,0.385532,19.2963
7,20,3.2780,164,0,0,0.692246,0.388924,19.2949
7,20,3.2980,165,0,0,0.694133,0.393316,19.2929
7,20,3.3180,166,0,0,0.682434,0.398034,19.2900
7,20,3.3380,167,0,0,0.658126,0.403200,19.2861
7,20,3.3580,168,0,0,0.635896,0.399681,19.2825
7,20,3.3780,169,0,0,0.618220,0.394184,19.2797
7,20,3.3980,170,0,0,0.620280,0.389360,19.2769
7,20,3.4180,171,0,0,0.612693,0.383070,19.2735
7,20,3.4380,172,0,0,0.587278,0.377263,19.2704
7,20,3.4580,173,0,0,0.544209,0.373207,19.2678
7,20,3.4780,174,0,0,0.588844,0.369966,19.2652
7,20,3.4980,175,0,0,0.565499,0.366994,19.2627
7,20,3.5180,176,0,0,0.554241,0.368794,19.2601
7,20,3.5380,177,0,0,0.564819,0.376650,19.2569
7,20,3.5580,178,0,0,0.543881,0.376892,19.2534
7,20,3.5780,179,0,0,0.525507,0.376173,19.2500
7,20,3.5980,180,0,0,0.522763,0.374797,19.2466
7,20,3.6180,181,0,0,0.532532,0.376605,19.2436
7,20,3.6380,182,0,0,0.555826,0.380565,19.2411
7,20,3.6580,183,0,0,0.580578,0.384260,19.2389
7,20,3.6780,184,0,0,0.594430,0.386748,19.2372
7,20,3.6980,185,0,0,0.601140,0.388190,19.2359
7,20,3.7180,186,0,0,0.604808,0.388806,19.2351
7,20,3.7380,187,0,0,0.609798,0.388769,19.2348
7,20,3.7580,188,0,0,0.631901,0.388200,19.2351
7,20,3.7780,189,0,0,0.664760,0.387459,19.2357
7,20,3.7980,190,0,0,0.694845,0.386241,19.2368
7,20,3.8180,191,0,0,0.719576,0.384598,19.2382
7,20,3.8380,192,0,0,0.763327,0.383510,19.2401
7,20,3.8580,193,0,0,0.820786,0.383273,19.2422
7,20,3.8780,194,0,0,0.878297,0.390199,19.2443
7,20,3.8980,195,0,0,0.934080,0.395210,19.2463
7,20,3.9180,196,0,0,0.988900,0.399278,19.2480
7,20,3.9380,197,0,0,1.040976,0.401896,19.2488
7,20,3.9580,198,0,0,1.099038,0.404053,19.2488
7,20,3.9780,199,0,0,1.169193,0.405923,19.2481
7,20,3.9980,200,0,0,1.245607,0.407622,19.2470
7,20,4.0180,201,0,0,1.317594,0.409366,19.2454
7,20,4.0380,202,0,0,1.376356,0.411876,19.2435
7,20,4.0580,203,0,0,1.414456,0.414829,19.2412
7,20,4.0780,204,0,0,1.430110,0.418387,19.2382
7,20,4.0980,205,0,0,1.443134,0.423146,19.2348
7,20,4.1180,206,0,0,1.444568,0.429031,19.2316
7,20,4.1380,207,0,0,1.441839,0.435850,19.2284
7,20,4.1580,208,0,0,1.422450,0.442891,19.2249
7,20,4.1780,209,0,0,1.411837,0.449031,19.2212
7,20,4.1980,210,0,0,1.400714,0.455225,19.2175
7,20,4.2180,211,0,0,1.386729,0.460546,19.2141
7,20,4.2380,212,0,0,1.369200,0.463600,19.2108
7,20,4.2580,213,0,0,1.353392,0.465665,19.2078
7,20,4.2780,214,0,0,1.343979,0.467338,19.2050
7,20,4.2980,215,0,0,1.340288,0.469248,19.2025
7,20,4.3180,216,0,0,1.335129,0.471348,19.2002
7,20,4.3380,217,0,0,1.328372,0.483884,19.1982
7,20,4.3580,218,0,0,1.321265,0.490923,19.1965
7,20,4.3780,219,0,0,1.314731,0.489500,19.1951
7,20,4.3980,220,0,0,1.304648,0.485618,19.1940
7,20,4.4180,221,0,0,1.296671,0.462605,19.1932
7,20,4.4380,222,0,0,1.293324,0.438958,19.1924
7,20,4.4580,223,0,0,1.293859,0.431577,19.1913
7,20,4.4780,224,0,0,1.299036,0.433982,19.1898
7,20,4.4980,225,0,0,1.324568,0.441408,19.1879
7,20,4.5180,226,0,0,1.356333,0.453334,19.1857
7,20,4.5380,227,0,0,1.384583,0.466282,19.1834
7,20,4.5580,228,0,0,1.425288,0.479613,19.1811
7,20,4.5780,229,0,0,1.460544,0.492995,19.1786
7,20,4.5980,230,0,0,1.489801,0.506379,19.1760
7,20,4.6180,231,0,0,1.514724,0.519782,19.1734
7,20,4.6380,232,0,0,1.536428,0.533103,19.1707
7,20,4.6580,233,0,0,1.554835,0.546333,19.1678
7,20,4.6780,234,0,0,1.571414,0.559298,19.1648
7,20,4.6980,235,0,0,1.586245,0.572224,19.1617
7,20,4.7180,236,0,0,1.601166,0.584871,19.1586
7,20,4.7380,237,0,0,1.608566,0.596997,19.1556
7,20,4.7580,238,0,0,1.613200,0.608611,19.1525
7,20,4.7780,239,0,0,1.616491,0.619692,19.1494
7,20,4.7980,240,0,0,1.618913,0.630385,19.1462
7,20,4.8180,241,0,0,1.619985,0.640690,19.1430
7,20,4.8380,242,0,0,1.619969,0.650618,19.1398
7,20,4.8580,243,0,0,1.618638,0.660258,19.1365
7,20,4.8780,244,0,0,1.614618,0.669787,19.1331
7,20,4.8980,245,0,0,1.608338,0.679137,19.1297
7,20,4.9180,246,0,0,1.600151,0.688208,19.1263
7,20,4.9380,247,0,0,1.591089,0.697213,19.1227
7,20,4.9580,248,0,0,1.580688,0.706045,19.1190
7,20,4.9780,249,0,0,1.569208,0.714811,19.1152
7,20,4.9980,250,0,0,1.555892,0.723595,19.1115
7,20,5.0180,251,0,0,1.546239,0.732375,19.1078
7,20,5.0380,252,0,0,1.548525,0.749291,19.1041
7,20,5.0580,253,0,0,1.556824,0.758992,19.1000
7,20,5.0780,254,0,0,1.562004,0.764601,19.0956
7,20,5.0980,255,0,0,1.560045,0.774065,19.0909
7,20,5.1180,256,0,0,1.553781,0.781205,19.0861
7,20,5.1380,257,0,0,1.546859,0.779306,19.0809
7,20,5.1580,258,0,0,1.539034,0.775482,19.0754
7,20,5.1780,259,0,0,1.537629,0.788617,19.0697
7,20,5.1980,260,0,0,1.541537,0.790666,19.0641
7,20,5.2180,261,0,0,1.550339,0.793689,19.0584
7,20,5.2380,262,0,0,1.562406,0.794971,19.0526
7,20,5.2580,263,0,0,1.576574,0.804254,19.0467
7,20,5.2780,264,0,0,1.598501,0.807027,19.0407
7,20,5.2980,265,0,0,1.626212,0.810578,19.0344
7,20,5.3180,266,0,0,1.647673,0.812570,19.0276
7,20,5.3380,267,0,0,1.662235,0.813910,19.0205
7,20,5.3580,268,0,0,1.679075,0.815830,19.0132
7,20,5.3780,269,0,0,1.702737,0.818872,19.0058
7,20,5.3980,270,0,0,1.735229,0.821390,18.9984
7,20,5.4180,271,0,0,1.779529,0.823400,18.9910
7,20,5.4380,272,0,0,1.829449,0.825574,18.9836
7,20,5.4580,273,0,0,1.886733,0.829763,18.9763
7,20,5.4780,274,0,0,1.951150,0.836019,18.9691
7,20,5.4980,275,0,0,2.017343,0.843731,18.9621
7,20,5.5180,276,0,0,2.082689,0.853033,18.9553
7,20,5.5380,277,0,0,2.148400,0.863085,18.9488
7,20,5.5580,278,0,0,2.216347,0.875065,18.9423
7,20,5.5780,279,0,0,2.283842,0.887337,18.9358
7,20,5.5980,280,0,0,2.347073,0.900347,18.9294
7,20,5.6180,281,0,0,2.403269,0.915812,18.9230
7,20,5.6380,282,0,0,2.451653,0.931418,18.9167
7,20,5.6580,283,0,0,2.494111,0.947316,18.9102
7,20,5.6780,284,0,0,2.531031,0.963555,18.9037
7,20,5.6980,285,0,0,2.562060,0.979871,18.8970
7,20,5.7180,286,0,0,2.588400,0.996337,18.8901
7,20,5.7380,287,0,0,2.610353,1.012745,18.8831
7,20,5.7580,288,0,0,2.629415,1.028774,18.8757
7,20,5.7780,289,0,0,2.648063,1.044525,18.8681
7,20,5.7980,290,0,0,2.668538,1.059994,18.8600
7,20,5.8180,291,0,0,2.693229,1.075143,18.8514
7,20,5.8380,292,0,0,2.726016,1.090072,18.8421
7,20,5.8580,293,0,0,2.768105,1.104835,18.8321
7,20,5.8780,294,0,0,2.818748,1.119206,18.8212
7,20,5.8980,295,0,0,2.884338,1.134022,18.8092
7,20,5.9180,296,0,0,2.966182,1.149042,18.7960
7,20,5.9380,297,0,0,3.014684,1.164172,18.7819
7,20,5.9580,298,0,0,3.065041,1.179547,18.7669
7,20,5.9780,299,0,0,3.148158,1.195349,18.7507
7,20,5.9980,300,0,0,3.232764,1.211270,18.7332
7,20,6.0180,301,0,0,3.315384,1.227321,18.7146
7,20,6.0380,302,0,0,3.394675,1.243318,18.6947
7,20,6.0580,303,0,0,3.472133,1.259452,18.6736
7,20,6.0780,304,0,0,3.549686,1.276081,18.6514
7,20,6.0980,305,0,0,3.627884,1.293432,18.6280
7,20,6.1180,306,0,0,3.706343,1.311588,18.6035
7,20,6.1380,307,0,0,3.785039,1.330926,18.5779
7,20,6.1580,308,0,0,3.863762,1.353817,18.5514
7,20,6.1780,309,0,0,3.941303,1.379897,18.5238
7,20,6.1980,310,0,0,4.018181,1.408443,18.4954
7,20,6.2180,311,0,0,4.095300,1.438158,18.4658
7,20,6.2380,312,0,0,4.173755,1.467801,18.4352
7,20,6.2580,313,0,0,4.253293,1.497749,18.4033
7,20,6.2780,314,0,0,4.334342,1.528194,18.3702
7,20,6.2980,315,0,0,4.418194,1.559650,18.3361
7,20,6.3180,316,0,0,4.502785,1.593314,18.3009
7,20,6.3380,317,0,0,4.588872,1.627863,18.2645
7,20,6.3580,318,0,0,4.673444,1.667188,18.2269
7,20,6.3780,319,0,0,4.752314,1.710540,18.1880
7,20,6.3980,320,0,0,4.822304,1.757385,18.1479
7,20,6.4180,321,0,0,4.905800,1.807152,18.1065
7,20,6.4380,322,0,0,4.988540,1.859368,18.0638
7,20,6.4580,323,0,0,5.051854,1.914001,18.0201
7,20,6.4780,324,0,0,5.118093,1.970933,17.9753
7,20,6.4980,325,0,0,5.189519,2.030102,17.9292
7,20,6.5180,326,0,0,5.264637,2.091738,17.8816
7,20,6.5380,327,0,0,5.339036,2.155197,17.8321
7,20,6.5580,328,0,0,5.427199,2.220410,17.7806
7,20,6.5780,329,0,0,5.517244,2.287326,17.7270
7,20,6.5980,330,0,0,5.617949,2.355236,17.6709
7,20,6.6180,331,0,0,5.719123,2.423822,17.6121
7,20,6.6380,332,0,0,5.812336,2.492477,17.5506
7,20,6.6580,333,0,0,5.902678,2.562865,17.4861
7,20,6.6780,334,0,0,5.996189,2.638556,17.4185
7,20,6.6980,335,0,0,6.092868,2.719172,17.3475
7,20,6.7180,336,0,0,6.190738,2.802970,17.2730
7,20,6.7380,337,0,0,6.299225,2.895041,17.1949
7,20,6.7580,338,0,0,6.411272,2.992538,17.1130
7,20,6.7780,339,0,0,6.525289,3.094995,17.0274
7,20,6.7980,340,0,0,6.642437,3.202395,16.9381
7,20,6.8180,341,0,0,6.762523,3.312021,16.8450
7,20,6.8380,342,0,0,6.885361,3.423841,16.7482
7,20,6.8580,343,0,0,7.010779,3.538667,16.6476
7,20,6.8780,344,0,0,7.138611,3.657240,16.5434
7,20,6.8980,345,0,0,7.268703,3.779290,16.4354
7,20,6.9180,346,0,0,7.400908,3.902790,16.3237
7,20,6.9380,347,0,0,7.535086,4.027581,16.2084
7,20,6.9580,348,0,0,7.671108,4.154064,16.0893
7,20,6.9780,349,0,0,7.808853,4.281674,15.9665
7,20,6.9980,350,0,0,7.948205,4.409393,15.8401
7,20,7.0180,351,0,0,8.089058,4.536588,15.7100
7,20,7.0380,352,0,0,8.231309,4.664449,15.5763
7,20,7.0580,353,0,0,8.374865,4.793564,15.4389
7,20,7.0780,354,0,0,8.519635,4.923947,15.2978
7,20,7.0980,355,0,0,8.665537,5.055481,15.1531
7,20,7.1180,356,0,0,8.812493,5.188396,15.0048
7,20,7.1380,357,0,0,8.960428,5.322755,14.8529
7,20,7.1580,358,0,0,9.109276,5.458224,14.6973
7,20,7.1780,359,0,0,9.258969,5.594444,14.5382
7,20,7.1980,360,0,0,9.409449,5.731202,14.3754
7,20,7.2180,361,0,0,9.560658,5.868381,14.2091
7,20,7.2380,362,0,0,9.712541,6.005833,14.0391
7,20,7.2580,363,0,0,9.865050,6.143679,13.8656
7,20,7.2780,364,0,0,10.018138,6.279823,13.6885
7,20,7.2980,365,0,0,10.171759,6.420425,13.5078
7,20,7.3180,366,0,0,10.325871,6.560269,13.3236
7,20,7.3380,367,0,0,10.480436,6.699525,13.1358
7,20,7.3580,368,0,0,10.635418,6.840927,12.9445
7,20,7.3780,369,0,0,10.790779,6.983527,12.7496
7,20,7.3980,370,0,0,10.946489,7.127603,12.5512
7,20,7.4180,371,0,0,11.102515,7.272359,12.3493
7,20,7.4380,372,0,0,11.258830,7.405800,12.1439
7,20,7.4580,373,0,0,11.415404,7.546954,11.9350
7,20,7.4780,374,0,0,11.572214,7.684036,11.7225
7,20,7.4980,375,0,0,11.729232,7.825872,11.5066
7,20,7.5180,376,0,0,11.886438,7.968589,11.2872
7,20,7.5380,377,0,0,12.043809,8.113473,11.0643
7,20,7.5580,378,0,0,12.201324,8.260177,10.8379
7,20,7.5780,379,0,0,12.358961,8.330823,10.6081
7,20,7.5980,380,0,0,12.516706,8.473549,10.3747
7,20,7.6180,381,0,0,12.674540,8.625510,10.1380
7,20,7.6380,382,0,0,12.832444,8.778260,9.8978
7,20,7.6580,383,0,0,12.990405,8.932189,9.6541
7,20,7.6780,384,0,0,13.148407,9.087246,9.4071
7,20,7.6980,385,0,0,13.306435,9.243056,9.1566
7,20,7.7180,386,0,0,13.464477,9.300785,8.9026
7,20,7.7380,387,0,0,13.622519,9.423023,8.6453
7,20,7.7580,388,0,0,13.780550,9.397888,8.3846
7,20,7.7780,389,0,0,13.938560,9.532373,8.1204
7,20,7.7980,390,0,0,14.096533,9.687294,7.8529
7,20,7.8180,391,0,0,14.254463,9.843062,7.5820
7,20,7.8380,392,0,0,14.412339,9.930173,7.3077
7,20,7.8580,393,0,0,14.570151,10.081441,7.0300
7,20,7.8780,394,0,0,14.727891,8.854438,6.7490
7,20,7.8980,395,0,0,14.885549,8.881713,6.4646
7,20,7.9180,396,0,0,15.043118,8.319178,6.1769
7,20,7.9380,397,0,0,15.200590,8.390827,5.8858
7,20,7.9580,398,0,0,15.357958,8.408637,5.5914
7,20,7.9780,399,0,0,15.515214,7.943394,5.2936
7,20,7.9980,400,0,0,15.672353,7.837702,4.9925
7,20,8.0180,401,0,0,15.829367,7.362796,4.6881
7,20,8.0380,402,0,0,15.986250,7.240380,4.3804
7,20,8.0580,403,0,0,16.114756,6.826138,4.0725
7,20,8.0780,404,0,0,16.092686,6.337375,3.7718
7,20,8.0980,405,0,0,16.248524,5.918109,3.4740
7,20,8.1180,406,0,0,16.570904,5.616677,3.1868
7,20,8.1380,407,0,0,17.134796,5.352521,2.9075
7,20,8.1580,408,0,0,17.452370,5.212488,2.6277
7,20,8.1780,409,0,0,17.583281,5.181453,2.3447
7,20,8.1980,410,0,0,18.240139,4.780562,2.0624
7,20,8.2180,411,0,0,19.465561,4.232477,1.7841
7,20,8.2380,412,0,0,19.784401,4.129407,1.5031
7,20,8.2580,413,0,0,20.964714,3.856124,1.3153
7,20,8.2780,414,0,0,22.918640,3.436484,1.3116
7,20,8.2980,415,0,0,22.996775,3.223212,1.3092
7,20,8.3180,416,0,0,14.232759,2.529431,1.3047
7,20,8.3380,417,0,0,14.254555,2.499033,1.2985
7,20,8.3580,418,0,0,11.189269,2.282451,1.2908
7,20,8.3780,419,0,0,11.120521,2.224645,1.2821
7,20,8.3980,420,0,0,11.055827,2.179497,1.2729
7,20,8.4180,421,0,0,10.994596,2.139573,1.2634
7,20,8.4380,422,0,0,10.936626,1.958541,1.2536
7,20,8.4580,423,0,0,10.882078,1.915085,1.2437
7,20,8.4780,424,0,0,10.831425,1.870082,1.2335
7,20,8.4980,425,0,0,10.784759,1.840965,1.2228
7,20,8.5180,426,0,0,10.741660,1.818007,1.2117
7,20,8.5380,427,1,0,10.702319,1.796720,1.2011
7,20,8.5580,428,1,0,10.666920,1.780937,1.1921
7,20,8.5780,429,1,0,10.635569,1.731670,1.1833
7,20,8.5980,430,1,0,10.608268,1.697371,1.1741
7,20,8.6180,431,1,0,10.584959,1.662796,1.1643
7,20,8.6380,432,1,0,10.565504,1.636304,1.1540
7,20,8.6580,433,1,0,10.549751,1.631336,1.1432
7,20,8.6780,434,1,0,10.537522,1.569071,1.1318
7,20,8.6980,435,2,0,10.528633,1.560013,1.1198
7,20,8.7180,436,2,0,10.522890,1.488348,1.1139
7,20,8.7380,437,2,0,10.520109,1.469954,1.1102
7,20,8.7580,438,2,0,9.724969,1.419026,1.1069
7,20,8.7780,439,2,0,9.667521,1.407024,1.1040
7,20,8.7980,440,2,0,9.185711,1.329018,1.1018
7,20,8.8180,441,2,0,9.131610,1.272407,1.1001
7,20,8.8380,442,3,0,9.079277,1.204231,1.0990
7,20,8.8580,443,5,0,9.017115,1.155308,1.0985
7,20,8.8780,444,5,0,8.905055,1.138374,1.0985
7,20,8.8980,445,5,0,8.826654,1.129848,1.0985
7,20,8.9180,446,5,0,8.749731,1.114814,1.0985
7,20,8.9380,447,5,0,8.674645,1.093923,1.0985
7,20,8.9580,448,5,0,8.601951,1.013947,1.0985
7,20,8.9780,449,5,0,8.532193,0.994447,1.0985
7,20,8.9980,450,6,0,8.465891,0.976037,1.0985
7,20,9.0180,451,6,0,8.212261,0.946146,1.0985
7,20,9.0380,452,7,0,8.000355,0.918666,1.0985
7,20,9.0580,453,7,0,7.886216,0.897494,1.0985
7,20,9.0780,454,8,0,7.773819,0.877249,1.0985
7,20,9.0980,455,8,0,7.661882,0.860823,1.0985
7,20,9.1180,456,8,0,7.549950,0.847444,1.0985
7,20,9.1380,457,8,0,7.438016,0.835132,1.0985
7,20,9.1580,458,8,0,7.326081,0.810205,1.0985
7,20,9.1780,459,9,0,7.214170,0.793221,1.0985
7,20,9.1980,460,9,0,7.102310,0.780625,1.0985
7,20,9.2180,461,9,0,6.990534,0.768770,1.0985
7,20,9.2380,462,9,0,6.878875,0.757600,1.0985
7,20,9.2580,463,10,0,6.767371,0.747193,1.0985
7,20,9.2780,464,10,0,6.656057,0.737347,1.0985
7,20,9.2980,465,11,0,6.544972,0.661560,1.0985
7,20,9.3180,466,14,0,6.434154,0.630177,1.0985
7,20,9.3380,467,14,0,6.323637,0.612553,1.0985
7,20,9.3580,468,14,0,6.213451,0.592056,1.0985
7,20,9.3780,469,14,0,6.103625,0.573207,1.0985
7,20,9.3980,470,14,0,5.994180,0.554671,1.0985
7,20,9.4180,471,14,0,5.885131,0.536259,1.0985
7,20,9.4380,472,14,0,5.776494,0.517898,1.0985
7,20,9.4580,473,14,0,5.668273,0.499543,1.0985
7,20,9.4780,474,14,0,5.560474,0.484931,1.0985
7,20,9.4980,475,15,0,5.453094,0.471462,1.0985
7,20,9.5180,476,15,0,5.346133,0.458174,1.0985
7,20,9.5380,477,15,0,5.239581,0.445078,1.0985
7,20,9.5580,478,15,0,5.133429,0.432180,1.0985
7,20,9.5780,479,15,0,5.027668,0.419490,1.0985
7,20,9.5980,480,15,0,4.922284,0.407019,1.0985
7,20,9.6180,481,15,0,4.817266,0.394782,1.0985
7,20,9.6380,482,15,0,4.712599,0.382792,1.0985
7,20,9.6580,483,15,0,4.608270,0.371040,1.0985
7,20,9.6780,484,15,0,4.504263,0.359870,1.0985
7,20,9.6980,485,15,0,4.400566,0.349108,1.0985
7,20,9.7180,486,15,0,4.297165,0.340898,1.0985
7,20,9.7380,487,15,0,4.194046,0.334789,1.0985
7,20,9.7580,488,15,0,4.091195,0.328889,1.0985
7,20,9.7780,489,15,0,3.988601,0.323268,1.0985
7,20,9.7980,490,15,0,3.886252,0.317898,1.0985
7,20,9.8180,491,15,0,3.784135,0.257193,1.0985
7,20,9.8380,492,15,0,3.682237,0.239786,1.0985
7,20,9.8580,493,16,0,3.580549,0.224917,1.0985
7,20,9.8780,494,16,0,3.479058,0.210074,1.0985
7,20,9.8980,495,16,0,3.377754,0.195262,1.0985
7,20,9.9180,496,16,0,3.276627,0.180486,1.0985
7,20,9.9380,497,16,0,3.175665,0.165750,1.0985
7,20,9.9580,498,16,0,3.074859,0.154980,1.0985
7,20,9.9780,499,16,0,2.974200,0.148720,1.0985
7,20,9.9980,500,16,0,2.873676,0.143686,1.0985
7,20,10.0180,501,16,0,2.773278,0.138664,1.0985
7,20,10.0380,502,16,0,2.672998,0.133650,1.0985
7,20,10.0580,503,16,0,2.572825,0.128641,1.0985
7,20,10.0780,504,16,0,2.472752,0.123638,1.0985
7,20,10.0980,505,16,0,2.372770,0.118638,1.0985
7,20,10.1180,506,17,0,2.272871,0.113644,1.0985
7,20,10.1380,507,17,0,2.173050,0.108653,1.0985
7,20,10.1580,508,17,0,2.073300,0.103665,1.0985
7,20,10.1780,509,17,0,1.973616,0.098681,1.0985
7,20,10.1980,510,17,0,1.873996,0.093700,1.0985
7,20,10.2180,511,17,0,1.774439,0.088722,1.0985
7,20,10.2380,512,17,0,1.674945,0.083747,1.0985
7,20,10.2580,513,17,0,1.575518,0.078776,1.0985
7,20,10.2780,514,17,0,1.476166,0.073808,1.0985
7,20,10.2980,515,17,0,1.376899,0.068845,1.0985
7,20,10.3180,516,17,0,1.277733,0.063887,1.0985
7,20,10.3380,517,17,0,1.178692,0.058935,1.0985
7,20,10.3580,518,18,0,1.079809,0.053990,1.0985
7,20,10.3780,519,19,0,0.981128,0.049056,1.0985
7,20,10.3980,520,19,0,0.882717,0.044136,1.0985
7,20,10.4180,521,19,0,0.784680,0.039234,1.0985
7,20,10.4380,522,19,0,0.687198,0.034360,1.0985
7,20,10.4580,523,19,0,0.590536,0.029527,1.0985
7,20,10.4780,524,19,0,0.495108,0.024755,1.0985
7,20,10.4980,525,19,0,0.401312,0.020066,1.0985
7,20,10.5180,526,19,0,0.309153,0.015458,1.0985
7,20,10.5380,527,19,0,0.216323,0.010816,1.0985
7,20,10.5580,528,19,0,0.122501,0.006125,1.0985
7,20,10.5780,529,19,0,0.027293,0.001365,1.0985
7,20,10.5980,530,19,0,0.000299,0.000015,1.0985
7,20,10.6180,531,19,0,0.000310,0.000015,1.0985
7,20,10.6380,532,19,0,0.000006,0.000000,1.0985
7,20,10.6580,533,19,0,0.000003,0.000000,1.0985
7,20,10.6780,534,19,0,0.000002,0.000000,1.0985
7,20,10.6980,535,19,0,0.000001,0.000000,1.0985
7,20,10.7180,536,19,0,0.000001,0.000000,1.0985
7,20,10.7380,537,19,0,0.000001,0.000000,1.0985
7,20,10.7580,538,19,0,0.000001,0.000000,1.0985
7,20,10.7780,539,19,0,0.000001,0.000000,1.0985
7,20,10.7980,540,19,0,0.000001,0.000000,1.0985
7,20,10.8180,541,19,0,0.000001,0.000000,1.0985
7,20,10.8380,542,19,0,0.000001,0.000000,1.0985
7,20,10.8580,543,19,0,0.000001,0.000000,1.0985
7,20,10.8780,544,19,0,0.000001,0.000000,1.0985
7,20,10.8980,545,19,0,0.000001,0.000000,1.0985
7,20,10.9180,546,19,0,0.000001,0.000000,1.0985
7,20,10.9380,547,19,0,0.000001,0.000000,1.0985
7,20,10.9580,548,19,0,0.000001,0.000000,1.0985
7,20,10.9780,549,20,0,0.000000,0.000000,1.0985
8,20,0.0180,1,0,0,0.000000,0.000000,19.5000
8,20,0.0380,2,0,0,0.195999,0.162951,19.4961
8,20,0.0580,3,0,0,0.390870,0.297629,19.4883
8,20,0.0780,4,0,0,0.575907,0.403582,19.4767
8,20,0.0980,5,0,0,0.730332,0.480459,19.4621
8,20,0.1180,6,0,0,0.832848,0.527830,19.4455
8,20,0.1380,7,0,0,0.877010,0.545995,19.4279
8,20,0.1580,8,0,0,0.860691,0.534723,19.4107
8,20,0.1780,9,0,0,0.788876,0.496269,19.3950
8,20,0.1980,10,0,0,0.697606,0.444766,19.3810
8,20,0.2180,11,0,0,0.619130,0.394554,19.3686
8,20,0.2380,12,0,0,0.539988,0.345938,19.3578
8,20,0.2580,13,0,0,0.464281,0.285139,19.3486
8,20,0.2780,14,0,0,0.409494,0.232658,19.3404
8,20,0.2980,15,0,0,0.323646,0.196681,19.3340
8,20,0.3180,16,0,0,0.243284,0.168029,19.3305
8,20,0.3380,17,0,0,0.303634,0.153161,19.3293
8,20,0.3580,18,0,0,0.331843,0.157903,19.3297
8,20,0.3780,19,0,0,0.335876,0.174642,19.3315
8,20,0.3980,20,0,0,0.329148,0.174464,19.3340
8,20,0.4180,21,0,0,0.354432,0.168398,19.3368
8,20,0.4380,22,0,0,0.364232,0.156673,19.3394
8,20,0.4580,23,0,0,0.331517,0.143193,19.3417
8,20,0.4780,24,0,0,0.275986,0.127880,19.3435
8,20,0.4980,25,0,0,0.245793,0.122726,19.3445
8,20,0.5180,26,0,0,0.288440,0.111126,19.3447
8,20,0.5380,27,0,0,0.258966,0.108322,19.3439
8,20,0.5580,28,0,0,0.210849,0.110220,19.3424
8,20,0.5780,29,0,0,0.219140,0.122262,19.3404
8,20,0.5980,30,0,0,0.238813,0.135764,19.3378
8,20,0.6180,31,0,0,0.266005,0.151611,19.3346
8,20,0.6380,32,0,0,0.266898,0.164656,19.3311
8,20,0.6580,33,0,0,0.271021,0.173854,19.3275
8,20,0.6780,34,0,0,0.277834,0.176874,19.3241
8,20,0.6980,35,0,0,0.285223,0.174459,19.3210
8,20,0.7180,36,0,0,0.286132,0.168879,19.3185
8,20,0.7380,37,0,0,0.284586,0.161793,19.3166
8,20,0.7580,38,0,0,0.278052,0.154467,19.3154
8,20,0.7780,39,0,0,0.267804,0.148900,19.3149
8,20,0.7980,40,0,0,0.261420,0.147220,19.3153
8,20,0.8180,41,0,0,0.252023,0.149111,19.3163
8,20,0.8380,42,0,0,0.245003,0.151527,19.3179
8,20,0.8580,43,0,0,0.242922,0.153177,19.3200
8,20,0.8780,44,0,0,0.272850,0.153775,19.3224
8,20,0.8980,45,0,0,0.302954,0.153323,19.3250
8,20,0.9180,46,0,0,0.328326,0.151604,19.3275
8,20,0.9380,47,0,0,0.348438,0.148575,19.3298
8,20,0.9580,48,0,0,0.362983,0.144311,19.3319
8,20,0.9780,49,0,0,0.371336,0.139498,19.3335
8,20,0.9980,50,0,0,0.373260,0.135640,19.3347
8,20,1.0180,51,0,0,0.368961,0.132117,19.3354
8,20,1.0380,52,0,0,0.359413,0.129862,19.3355
8,20,1.0580,53,0,0,0.331397,0.130467,19.3347
8,20,1.0780,54,0,0,0.311281,0.131561,19.3333
8,20,1.0980,55,0,0,0.293673,0.132290,19.3314
8,20,1.1180,56,0,0,0.278213,0.131788,19.3293
8,20,1.1380,57,0,0,0.259026,0.129624,19.3270
8,20,1.1580,58,0,0,0.237098,0.125371,19.3248
8,20,1.1780,59,0,0,0.213813,0.119057,19.3226
8,20,1.1980,60,0,0,0.190135,0.111164,19.3205
8,20,1.2180,61,0,0,0.167188,0.102314,19.3188
8,20,1.2380,62,0,0,0.146465,0.093039,19.3174
8,20,1.2580,63,0,0,0.129883,0.084022,19.3164
8,20,1.2780,64,0,0,0.128801,0.076447,19.3159
8,20,1.2980,65,0,0,0.126315,0.072511,19.3158
8,20,1.3180,66,0,0,0.121436,0.073518,19.3162
8,20,1.3380,67,0,0,0.129630,0.076319,19.3170
8,20,1.3580,68,0,0,0.140016,0.079038,19.3181
8,20,1.3780,69,0,0,0.151227,0.080799,19.3195
8,20,1.3980,70,0,0,0.158498,0.080997,19.3212
8,20,1.4180,71,0,0,0.162439,0.079348,19.3229
8,20,1.4380,72,0,0,0.163282,0.075972,19.3246
8,20,1.4580,73,0,0,0.161217,0.071913,19.3263
8,20,1.4780,74,0,0,0.156628,0.068379,19.3278
8,20,1.4980,75,0,0,0.150185,0.066662,19.3292
8,20,1.5180,76,0,0,0.142860,0.066914,19.3302
8,20,1.5380,77,0,0,0.135774,0.068798,19.3309
8,20,1.5580,78,0,0,0.130052,0.072373,19.3313
8,20,1.5780,79,0,0,0.126424,0.077636,19.3314
8,20,1.5980,80,0,0,0.130639,0.084210,19.3312
8,20,1.6180,81,0,0,0.143210,0.091338,19.3307
8,20,1.6380,82,0,0,0.153642,0.098183,19.3299
8,20,1.6580,83,0,0,0.161766,0.104120,19.3290
8,20,1.6780,84,0,0,0.167494,0.108793,19.3280
8,20,1.6980,85,0,0,0.171625,0.112096,19.3270
8,20,1.7180,86,0,0,0.174230,0.114122,19.3261
8,20,1.7380,87,0,0,0.175758,0.115117,19.3252
8,20,1.7580,88,0,0,0.176343,0.115399,19.3245
8,20,1.7780,89,0,0,0.177702,0.115241,19.3239
8,20,1.7980,90,0,0,0.178609,0.114970,19.3236
8,20,1.8180,91,0,0,0.181164,0.114798,19.3235
8,20,1.8380,92,0,0,0.184667,0.114808,19.3236
8,20,1.8580,93,0,0,0.187947,0.115027,19.3239
8,20,1.8780,94,0,0,0.190816,0.115393,19.3244
8,20,1.8980,95,0,0,0.193870,0.115786,19.3250
8,20,1.9180,96,0,0,0.196657,0.116055,19.3257
8,20,1.9380,97,0,0,0.198199,0.116049,19.3265
8,20,1.9580,98,0,0,0.198423,0.115675,19.3273
8,20,1.9780,99,0,0,0.197309,0.114874,19.3281
8,20,1.9980,100,0,0,0.194976,0.113670,19.3288
8,20,2.0180,101,0,0,0.191513,0.112150,19.3295
8,20,2.0380,102,0,0,0.187213,0.110453,19.3299
8,20,2.0580,103,0,0,0.182431,0.108693,19.3303
8,20,2.0780,104,0,0,0.177476,0.107051,19.3305
8,20,2.0980,105,0,0,0.172616,0.105655,19.3305
8,20,2.1180,106,0,0,0.168089,0.104574,19.3304
8,20,2.1380,107,0,0,0.163998,0.103840,19.3302
8,20,2.1580,108,0,0,0.160356,0.103426,19.3298
8,20,2.1780,109,0,0,0.157122,0.103283,19.3294
8,20,2.1980,110,0,0,0.154285,0.103308,19.3289
8,20,2.2180,111,0,0,0.151727,0.103426,19.3284
8,20,2.2380,112,0,0,0.149451,0.103475,19.3279
8,20,2.2580,113,0,0,0.147418,0.103469,19.3274
8,20,2.2780,114,0,0,0.145623,0.103458,19.3270
8,20,2.2980,115,0,0,0.144108,0.103527,19.3267
8,20,2.3180,116,0,0,0.142985,0.103782,19.3264
8,20,2.3380,117,0,0,0.150945,0.104334,19.3263
8,20,2.3580,118,0,0,0.160399,0.105270,19.3262
8,20,2.3780,119,0,0,0.169704,0.106647,19.3262
8,20,2.3980,120,0,0,0.178878,0.108469,19.3264
8,20,2.4180,121,0,0,0.187948,0.110683,19.3266
8,20,2.4380,122,0,0,0.196953,0.113195,19.3268
8,20,2.4580,123,0,0,0.205948,0.115890,19.3271
8,20,2.4780,124,0,0,0.214993,0.118658,19.3274
8,20,2.4980,125,0,0,0.224159,0.121401,19.3277
8,20,2.5180,126,0,0,0.233512,0.124042,19.3280
8,20,2.5380,127,0,0,0.243107,0.126521,19.3282
8,20,2.5580,128,0,0,0.252979,0.128802,19.3284
8,20,2.5780,129,0,0,0.263133,0.130859,19.3285
8,20,2.5980,130,0,0,0.273554,0.132683,19.3286
8,20,2.6180,131,0,0,0.284200,0.134269,19.3285
8,20,2.6380,132,0,0,0.295009,0.135613,19.3284
8,20,2.6580,133,0,0,0.305899,0.136714,19.3283
8,20,2.6780,134,0,0,0.316779,0.137573,19.3281
8,20,2.6980,135,0,0,0.327538,0.138189,19.3278
8,20,2.7180,136,0,0,0.338071,0.138567,19.3275
8,20,2.7380,137,0,0,0.348292,0.138715,19.3271
8,20,2.7580,138,0,0,0.358117,0.138644,19.3267
8,20,2.7780,139,0,0,0.367476,0.138371,19.3264
8,20,2.7980,140,0,0,0.376300,0.137917,19.3260
8,20,2.8180,141,0,0,0.384572,0.137304,19.3257
8,20,2.8380,142,0,0,0.392238,0.136558,19.3254
8,20,2.8580,143,0,0,0.399325,0.135701,19.3251
8,20,2.8780,144,0,0,0.405826,0.134756,19.3248
8,20,2.8980,145,0,0,0.411766,0.133743,19.3246
8,20,2.9180,146,0,0,0.417197,0.132678,19.3244
8,20,2.9380,147,0,0,0.422167,0.131578,19.3242
8,20,2.9580,148,0,0,0.426722,0.130467,19.3241
8,20,2.9780,149,0,0,0.430941,0.129347,19.3240
8,20,2.9980,150,0,0,0.434881,0.128233,19.3239
8,20,3.0180,151,0,0,0.438623,0.127145,19.3238
8,20,3.0380,152,0,0,0.442216,0.126108,19.3236
8,20,3.0580,153,0,0,0.445701,0.125158,19.3235
8,20,3.0780,154,0,0,0.449096,0.124341,19.3233
8,20,3.0980,155,0,0,0.452393,0.123716,19.3231
8,20,3.1180,156,0,0,0.455599,0.123370,19.3229
8,20,3.1380,157,0,0,0.458584,0.123430,19.3227
8,20,3.1580,158,0,0,0.461442,0.124099,19.3224
8,20,3.1780,159,0,0,0.464217,0.126049,19.3221
8,20,3.1980,160,0,0,0.466913,0.129226,19.3218
8,20,3.2180,161,0,0,0.469522,0.133095,19.3215
8,20,3.2380,162,0,0,0.472070,0.137448,19.3211
8,20,3.2580,163,0,0,0.474546,0.142105,19.3208
8,20,3.2780,164,0,0,0.476894,0.146980,19.3204
8,20,3.2980,165,0,0,0.479041,0.151981,19.3201
8,20,3.3180,166,0,0,0.481068,0.157030,19.3198
8,20,3.3380,167,0,0,0.483150,0.162079,19.3195
8,20,3.3580,168,0,0,0.485386,0.167087,19.3192
8,20,3.3780,169,0,0,0.487862,0.172015,19.3190
8,20,3.3980,170,0,0,0.490476,0.176825,19.3187
8,20,3.4180,171,0,0,0.493171,0.181497,19.3185
8,20,3.4380,172,0,0,0.495951,0.186018,19.3183
8,20,3.4580,173,0,0,0.498785,0.190373,19.3182
8,20,3.4780,174,0,0,0.501611,0.194539,19.3180
8,20,3.4980,175,0,0,0.504386,0.198493,19.3179
8,20,3.5180,176,0,0,0.507033,0.202227,19.3177
8,20,3.5380,177,0,0,0.509484,0.205739,19.3175
8,20,3.5580,178,0,0,0.511730,0.209041,19.3174
8,20,3.5780,179,0,0,0.513726,0.212154,19.3172
8,20,3.5980,180,0,0,0.515473,0.215103,19.3170
8,20,3.6180,181,0,0,0.516936,0.217905,19.3167
8,20,3.6380,182,0,0,0.519211,0.220959,19.3163
8,20,3.6580,183,0,0,0.512811,0.223915,19.3158
8,20,3.6780,184,0,0,0.499275,0.226699,19.3153
8,20,3.6980,185,0,0,0.484781,0.229168,19.3148
8,20,3.7180,186,0,0,0.472774,0.231357,19.3144
8,20,3.7380,187,0,0,0.464177,0.233445,19.3138
8,20,3.7580,188,0,0,0.458720,0.235608,19.3133
8,20,3.7780,189,0,0,0.456073,0.238007,19.3128
8,20,3.7980,190,0,0,0.454818,0.241761,19.3121
8,20,3.8180,191,0,0,0.458720,0.245362,19.3112
8,20,3.8380,192,0,0,0.465501,0.249475,19.3102
8,20,3.8580,193,0,0,0.468555,0.253718,19.3093
8,20,3.8780,194,0,0,0.467581,0.256944,19.3083
8,20,3.8980,195,0,0,0.468465,0.259063,19.3072
8,20,3.9180,196,0,0,0.474354,0.263774,19.3061
8,20,3.9380,197,0,0,0.482181,0.270133,19.3049
8,20,3.9580,198,0,0,0.486750,0.275587,19.3038
8,20,3.9780,199,0,0,0.485143,0.294028,19.3028
8,20,3.9980,200,0,0,0.479698,0.307312,19.3019
8,20,4.0180,201,0,0,0.471708,0.313787,19.3009
8,20,4.0380,202,0,0,0.462590,0.316674,19.2997
8,20,4.0580,203,0,0,0.459573,0.317552,19.2984
8,20,4.0780,204,0,0,0.471110,0.316763,19.2972
8,20,4.0980,205,0,0,0.476338,0.317155,19.2962
8,20,4.1180,206,0,0,0.478910,0.318058,19.2953
8,20,4.1380,207,0,0,0.486079,0.319662,19.2944
8,20,4.1580,208,0,0,0.507075,0.319793,19.2937
8,20,4.1780,209,0,0,0.525887,0.312558,19.2932
8,20,4.1980,210,0,0,0.537068,0.314526,19.2925
8,20,4.2180,211,0,0,0.539767,0.309476,19.2916
8,20,4.2380,212,0,0,0.534681,0.303180,19.2903
8,20,4.2580,213,0,0,0.522947,0.298137,19.2889
8,20,4.2780,214,0,0,0.510798,0.296791,19.2874
8,20,4.2980,215,0,0,0.535556,0.296896,19.2860
8,20,4.3180,216,0,0,0.559377,0.297424,19.2848
8,20,4.3380,217,0,0,0.577738,0.298182,19.2838
8,20,4.3580,218,0,0,0.588845,0.299017,19.2830
8,20,4.3780,219,0,0,0.595645,0.299828,19.2823
8,20,4.3980,220,0,0,0.596814,0.300525,19.2818
8,20,4.4180,221,0,0,0.596212,0.301049,19.2813
8,20,4.4380,222,0,0,0.642214,0.301350,19.2809
8,20,4.4580,223,0,0,0.688236,0.301483,19.2806
8,20,4.4780,224,0,0,0.732421,0.301555,19.2804
8,20,4.4980,225,0,0,0.774069,0.301703,19.2801
8,20,4.5180,226,0,0,0.812944,0.302024,19.2798
8,20,4.5380,227,0,0,0.849161,0.302672,19.2794
8,20,4.5580,228,0,0,0.882770,0.304016,19.2788
8,20,4.5780,229,0,0,0.913711,0.306133,19.2781
8,20,4.5980,230,0,0,0.942016,0.308680,19.2772
8,20,4.6180,231,0,0,0.967812,0.311682,19.2761
8,20,4.6380,232,0,0,0.991301,0.314860,19.2749
8,20,4.6580,233,0,0,1.012547,0.317930,19.2735
8,20,4.6780,234,0,0,1.031584,0.325909,19.2719
8,20,4.6980,235,0,0,1.048127,0.326510,19.2701
8,20,4.7180,236,0,0,1.061658,0.328492,19.2679
8,20,4.7380,237,0,0,1.073069,0.330633,19.2651
8,20,4.7580,238,0,0,1.084126,0.329712,19.2619
8,20,4.7780,239,0,0,1.093932,0.331595,19.2582
8,20,4.7980,240,0,0,1.100435,0.335035,19.2543
8,20,4.8180,241,0,0,1.101835,0.338889,19.2504
8,20,4.8380,242,0,0,1.097492,0.342707,19.2467
8,20,4.8580,243,0,0,1.091585,0.346329,19.2432
8,20,4.8780,244,0,0,1.086893,0.349695,19.2400
8,20,4.8980,245,0,0,1.085451,0.352863,19.2370
8,20,4.9180,246,0,0,1.088409,0.355855,19.2342
8,20,4.9380,247,0,0,1.096083,0.358572,19.2317
8,20,4.9580,248,0,0,1.108441,0.361225,19.2295
8,20,4.9780,249,0,0,1.125031,0.364030,19.2274
8,20,4.9980,250,0,0,1.146159,0.366759,19.2256
8,20,5.0180,251,0,0,1.170650,0.369062,19.2240
8,20,5.0380,252,0,0,1.197544,0.370666,19.2225
8,20,5.0580,253,0,0,1.225824,0.371093,19.2210
8,20,5.0780,254,0,0,1.254597,0.370699,19.2195
8,20,5.0980,255,0,0,1.282551,0.369723,19.2180
8,20,5.1180,256,0,0,1.309160,0.368352,19.2164
8,20,5.1380,257,0,0,1.334362,0.366428,19.2146
8,20,5.1580,258,0,0,1.357777,0.364204,19.2126
8,20,5.1780,259,0,0,1.378340,0.362225,19.2104
8,20,5.1980,260,0,0,1.396615,0.360990,19.2079
8,20,5.2180,261,0,0,1.413256,0.360954,19.2051
8,20,5.2380,262,0,0,1.428288,0.362582,19.2020
8,20,5.2580,263,0,0,1.441567,0.366142,19.1987
8,20,5.2780,264,0,0,1.453182,0.371512,19.1950
8,20,5.2980,265,0,0,1.463158,0.378126,19.1911
8,20,5.3180,266,0,0,1.471627,0.385364,19.1871
8,20,5.3380,267,0,0,1.478644,0.393028,19.1828
8,20,5.3580,268,0,0,1.484311,0.401211,19.1783
8,20,5.3780,269,0,0,1.488998,0.409719,19.1738
8,20,5.3980,270,0,0,1.492856,0.418131,19.1692
8,20,5.4180,271,0,0,1.495447,0.426282,19.1646
8,20,5.4380,272,0,0,1.495789,0.434223,19.1601
8,20,5.4580,273,0,0,1.493298,0.442148,19.1558
8,20,5.4780,274,0,0,1.488173,0.450261,19.1516
8,20,5.4980,275,0,0,1.480861,0.458601,19.1475
8,20,5.5180,276,0,0,1.472491,0.467177,19.1437
8,20,5.5380,277,0,0,1.464214,0.475955,19.1401
8,20,5.5580,278,0,0,1.457170,0.484855,19.1366
8,20,5.5780,279,0,0,1.452518,0.493843,19.1334
8,20,5.5980,280,0,0,1.451246,0.502887,19.1302
8,20,5.6180,281,0,0,1.454146,0.511915,19.1272
8,20,5.6380,282,0,0,1.461553,0.521229,19.1243
8,20,5.6580,283,0,0,1.473927,0.530835,19.1213
8,20,5.6780,284,0,0,1.491705,0.540766,19.1184
8,20,5.6980,285,0,0,1.514425,0.550481,19.1153
8,20,5.7180,286,0,0,1.542240,0.559677,19.1121
8,20,5.7380,287,0,0,1.574135,0.568913,19.1086
8,20,5.7580,288,0,0,1.610927,0.578252,19.1050
8,20,5.7780,289,0,0,1.651761,0.587475,19.1011
8,20,5.7980,290,0,0,1.696872,0.596521,19.0968
8,20,5.8180,291,0,0,1.746314,0.605489,19.0920
8,20,5.8380,292,0,0,1.799879,0.614648,19.0867
8,20,5.8580,293,0,0,1.856874,0.622923,19.0808
8,20,5.8780,294,0,0,1.916657,0.632395,19.0741
8,20,5.8980,295,0,0,1.975267,0.642959,19.0666
8,20,5.9180,296,0,0,2.032329,0.654021,19.0585
8,20,5.9380,297,0,0,2.091121,0.665271,19.0496
8,20,5.9580,298,0,0,2.152729,0.676770,19.0402
8,20,5.9780,299,0,0,2.217083,0.688785,19.0302
8,20,5.9980,300,0,0,2.283267,0.701586,19.0195
8,20,6.0180,301,0,0,2.350555,0.715313,19.0083
8,20,6.0380,302,0,0,2.418654,0.729924,18.9964
8,20,6.0580,303,0,0,2.487153,0.760703,18.9839
8,20,6.0780,304,0,0,2.555648,0.789493,18.9706
8,20,6.0980,305,0,0,2.623187,0.813685,18.9565
8,20,6.1180,306,0,0,2.689646,0.834867,18.9411
8,20,6.1380,307,0,0,2.757301,0.856427,18.9243
8,20,6.1580,308,0,0,2.830347,0.880643,18.9060
8,20,6.1780,309,0,0,2.908273,0.906594,18.8865
8,20,6.1980,310,0,0,2.986400,0.933074,18.8661
8,20,6.2180,311,0,0,3.060770,0.960122,18.8450
8,20,6.2380,312,0,0,3.132106,0.987873,18.8233
8,20,6.2580,313,0,0,3.204662,1.016226,18.8009
8,20,6.2780,314,0,0,3.283165,1.045422,18.7777
8,20,6.2980,315,0,0,3.369814,1.075391,18.7536
8,20,6.3180,316,0,0,3.464650,1.106913,18.7282
8,20,6.3380,317,0,0,3.569459,1.139555,18.7015
8,20,6.3580,318,0,0,3.681038,1.191540,18.6733
8,20,6.3780,319,0,0,3.795799,1.217596,18.6436
8,20,6.3980,320,0,0,3.907477,1.238352,18.6119
8,20,6.4180,321,0,0,4.019379,1.263517,18.5783
8,20,6.4380,322,0,0,4.126457,1.314090,18.5424
8,20,6.4580,323,0,0,4.232488,1.358096,18.5042
8,20,6.4780,324,0,0,4.338857,1.397739,18.4632
8,20,6.4980,325,0,0,4.435868,1.445278,18.4188
8,20,6.5180,326,0,0,4.542605,1.498818,18.3714
8,20,6.5380,327,0,0,4.644978,1.550351,18.3209
8,20,6.5580,328,0,0,4.756733,1.601485,18.2676
8,20,6.5780,329,0,0,4.874705,1.651561,18.2118
8,20,6.5980,330,0,0,4.999087,1.698641,18.1535
8,20,6.6180,331,0,0,5.127782,1.744551,18.0928
8,20,6.6380,332,0,0,5.258634,1.791372,18.0297
8,20,6.6580,333,0,0,5.391506,1.840516,17.9641
8,20,6.6780,334,0,0,5.524236,1.892998,17.8958
8,20,6.6980,335,0,0,5.662383,1.952338,17.8250
8,20,6.7180,336,0,0,5.788725,2.014976,17.7514
8,20,6.7380,337,0,0,5.907916,2.077831,17.6746
8,20,6.7580,338,0,0,6.030974,2.144787,17.5946
8,20,6.7780,339,0,0,6.154344,2.212489,17.5111
8,20,6.7980,340,0,0,6.281495,2.283712,17.4241
8,20,6.8180,341,0,0,6.415049,2.354041,17.3337
8,20,6.8380,342,0,0,6.551219,2.426111,17.2399
8,20,6.8580,343,0,0,6.685144,2.499264,17.1425
8,20,6.8780,344,0,0,6.817046,2.571474,17.0415
8,20,6.8980,345,0,0,6.950204,2.646324,16.9367
8,20,6.9180,346,0,0,7.085231,2.722561,16.8282
8,20,6.9380,347,0,0,7.222233,2.798822,16.7160
8,20,6.9580,348,0,0,7.361075,2.874786,16.6001
8,20,6.9780,349,0,0,7.501626,2.950862,16.4805
8,20,6.9980,350,0,0,7.643765,3.028232,16.3572
8,20,7.0180,351,0,0,7.787380,3.107861,16.2303
8,20,7.0380,352,0,0,7.932367,3.190218,16.0997
8,20,7.0580,353,0,0,8.078627,3.275553,15.9654
8,20,7.0780,354,0,0,8.226068,3.363203,15.8275
8,20,7.0980,355,0,0,8.374603,3.453050,15.6859
8,20,7.1180,356,0,0,8.524154,3.546444,15.5407
8,20,7.1380,357,0,0,8.674644,3.640885,15.3919
8,20,7.1580,358,0,0,8.826006,3.736654,15.2394
8,20,7.1780,359,0,0,8.978171,3.829434,15.0834
8,20,7.1980,360,0,0,9.131082,3.924243,14.9237
8,20,7.2180,361,0,0,9.284678,4.022154,14.7604
8,20,7.2380,362,0,0,9.438907,4.122759,14.5936
8,20,7.2580,363,0,0,9.593718,4.225244,14.4231
8,20,7.2780,364,0,0,9.749064,4.330778,14.2491
8,20,7.2980,365,0,0,9.904903,4.436411,14.0715
8,20,7.3180,366,0,0,10.061193,4.541525,13.8903
8,20,7.3380,367,0,0,10.217893,4.646182,13.7056
8,20,7.3580,368,0,0,10.374968,4.750593,13.5173
8,20,7.3780,369,0,0,10.532385,4.854862,13.3255
8,20,7.3980,370,0,0,10.690109,4.959607,13.1301
8,20,7.4180,371,0,0,10.848113,5.065134,12.9312
8,20,7.4380,372,0,0,11.006367,5.171523,12.7288
8,20,7.4580,373,0,0,11.164844,5.277999,12.5229
8,20,7.4780,374,0,0,11.323520,5.383295,12.3135
8,20,7.4980,375,0,0,11.482369,5.488372,12.1005
8,20,7.5180,376,0,0,11.641372,5.594257,11.8841
8,20,7.5380,377,0,0,11.800506,5.700285,11.6642
8,20,7.5580,378,0,0,11.959750,5.806778,11.4408
8,20,7.5780,379,0,0,12.119086,5.914678,11.2139
8,20,7.5980,380,0,0,12.278499,6.023826,10.9836
8,20,7.6180,381,0,0,12.437966,6.134485,10.7498
8,20,7.6380,382,0,0,12.597478,6.245951,10.5126
8,20,7.6580,383,0,0,12.757015,6.358509,10.2719
8,20,7.6780,384,0,0,12.916566,6.471384,10.0277
8,20,7.6980,385,0,0,13.076116,6.584871,9.7802
8,20,7.7180,386,0,0,13.235652,6.699241,9.5292
8,20,7.7380,387,0,0,13.395164,6.814306,9.2748
8,20,7.7580,388,0,0,13.554637,6.929973,9.0170
8,20,7.7780,389,0,0,13.714064,7.046152,8.7557
8,20,7.7980,390,0,0,13.873430,7.162834,8.4911
8,20,7.8180,391,0,0,14.032731,7.280164,8.2231
8,20,7.8380,392,0,0,14.191955,7.396876,7.9517
8,20,7.8580,393,0,0,14.351092,7.514637,7.6769
8,20,7.8780,394,0,0,14.510134,7.601971,7.3988
8,20,7.8980,395,0,0,14.669074,7.716995,7.2336
8,20,7.9180,396,0,0,14.827905,7.833136,7.1709
8,20,7.9380,397,0,0,14.986618,7.950286,7.1069
8,20,7.9580,398,0,0,15.145206,8.065734,7.0411
8,20,7.9780,399,0,0,15.303666,8.184634,6.9732
8,20,7.9980,400,0,0,15.461988,8.306491,6.9029
8,20,8.0180,401,0,0,15.620170,8.399496,6.8290
8,20,8.0380,402,0,0,15.778200,8.508181,6.7514
8,20,8.0580,403,0,0,15.936079,8.637176,6.6700
8,20,8.0780,404,0,0,16.093798,8.766482,6.5849
8,20,8.0980,405,0,0,16.251352,8.888150,6.4960
8,20,8.1180,406,0,0,16.408741,8.991717,6.4034
8,20,8.1380,407,0,0,16.565956,9.092858,6.3070
8,20,8.1580,408,0,0,16.722992,9.215517,6.2069
8,20,8.1780,409,0,0,16.879848,9.351107,6.1031
8,20,8.1980,410,0,0,17.036518,9.485024,5.9956
8,20,8.2180,411,0,0,17.193003,9.140818,5.8844
8,20,8.2380,412,0,0,17.349295,8.285521,5.7694
8,20,8.2580,413,0,0,17.505392,7.750252,5.6508
8,20,8.2780,414,0,0,17.661291,6.502760,5.5285
8,20,8.2980,415,0,0,17.816988,5.946346,5.4025
8,20,8.3180,416,0,0,17.972481,4.843539,5.2729
8,20,8.3380,417,0,0,8.293672,4.000485,5.1396
8,20,8.3580,418,0,0,8.435405,4.041486,5.0026
8,20,8.3780,419,0,0,8.578408,4.086302,4.8620
8,20,8.3980,420,0,0,8.722599,4.134415,4.7178
8,20,8.4180,421,0,0,8.867896,4.172755,4.5699
8,20,8.4380,422,0,0,9.014226,4.210073,4.4184
8,20,8.4580,423,0,0,9.161515,4.269630,4.2633
8,20,8.4780,424,0,0,9.309701,4.304510,4.1046
8,20,8.4980,425,0,0,9.458719,4.360940,3.9423
8,20,8.5180,426,0,0,9.608512,4.385614,3.7763
8,20,8.5380,427,0,0,9.759024,4.443734,3.6068
8,20,8.5580,428,0,0,9.910204,3.865052,3.4337
8,20,8.5780,429,0,0,10.062001,3.842081,3.2571
8,20,8.5980,430,0,0,10.214374,3.869046,3.0769
8,20,8.6180,431,0,0,10.367274,3.927000,2.8931
8,20,8.6380,432,0,0,10.520665,3.993495,2.7057
8,20,8.6580,433,2,0,10.940469,3.310498,2.5148
8,20,8.6780,434,2,0,10.828763,3.298837,2.3204
8,20,8.6980,435,2,0,11.033323,3.309730,2.1229
8,20,8.7180,436,2,0,11.244170,3.201209,1.9224
8,20,8.7380,437,2,0,11.772816,3.010215,1.7207
8,20,8.7580,438,2,0,13.032095,2.478566,1.5191
8,20,8.7780,439,2,0,13.189564,2.387305,1.4888
8,20,8.7980,440,2,0,13.315170,2.179617,1.4888
8,20,8.8180,441,2,0,13.441664,2.109752,1.4888
8,20,8.8380,442,2,0,13.643904,2.013352,1.4888
8,20,8.8580,443,2,0,13.767838,1.792826,1.4888
8,20,8.8780,444,2,0,8.268837,1.355279,1.4888
8,20,8.8980,445,2,0,4.406256,1.134135,1.4888
8,20,8.9180,446,2,0,4.334894,1.120718,1.4888
8,20,8.9380,447,2,0,4.264941,0.971507,1.4888
8,20,8.9580,448,2,0,4.195570,0.903909,1.4888
8,20,8.9780,449,2,0,4.126338,0.853915,1.4888
8,20,8.9980,450,2,0,4.057116,0.827457,1.4888
8,20,9.0180,451,2,0,3.988051,0.775956,1.4888
8,20,9.0380,452,2,0,3.919490,0.740022,1.4888
8,20,9.0580,453,2,0,3.851949,0.660130,1.4888
8,20,9.0780,454,2,0,3.786087,0.628911,1.4888
8,20,9.0980,455,2,0,3.722677,0.563368,1.4888
8,20,9.1180,456,2,0,3.662584,0.519735,1.4888
8,20,9.1380,457,2,0,3.606733,0.492238,1.4888
8,20,9.1580,458,3,0,3.556081,0.467158,1.4888
8,20,9.1780,459,3,0,3.511599,0.447556,1.4888
8,20,9.1980,460,3,0,3.474211,0.435721,1.4888
8,20,9.2180,461,3,0,3.444760,0.426084,1.4888
8,20,9.2380,462,3,0,3.005985,0.396546,1.4888
8,20,9.2580,463,3,0,2.744190,0.384426,1.4888
8,20,9.2780,464,5,0,2.556273,0.377063,1.4888
8,20,9.2980,465,5,0,2.452509,0.370694,1.4888
8,20,9.3180,466,5,0,2.349011,0.361361,1.4888
8,20,9.3380,467,7,0,2.245809,0.356205,1.4888
8,20,9.3580,468,7,0,2.142751,0.351416,1.4888
8,20,9.3780,469,8,0,2.039964,0.296412,1.4888
8,20,9.3980,470,8,0,1.937396,0.285274,1.4888
8,20,9.4180,471,8,0,1.835008,0.273502,1.4888
8,20,9.4380,472,8,0,1.732796,0.259908,1.4888
8,20,9.4580,473,8,0,1.665289,0.248569,1.4888
8,20,9.4780,474,8,0,1.761998,0.241676,1.4888
8,20,9.4980,475,8,0,1.427133,0.168149,1.4888
8,20,9.5180,476,10,0,1.325527,0.153078,1.4888
8,20,9.5380,477,10,0,1.224063,0.139740,1.4888
8,20,9.5580,478,11,0,1.122727,0.129032,1.4888
8,20,9.5780,479,12,0,1.021508,0.111971,1.4888
8,20,9.5980,480,14,0,0.920410,0.098802,1.4888
8,20,9.6180,481,14,0,0.819419,0.086792,1.4888
8,20,9.6380,482,14,0,0.718528,0.078633,1.4888
8,20,9.6580,483,15,0,0.617726,0.070499,1.4888
8,20,9.6780,484,15,0,0.517017,0.062435,1.4888
8,20,9.6980,485,15,0,0.416390,0.054433,1.4888
8,20,9.7180,486,15,0,0.318192,0.046500,1.4888
8,20,9.7380,487,15,0,0.356560,0.038644,1.4888
8,20,9.7580,488,15,0,0.396293,0.030871,1.4888
8,20,9.7780,489,15,0,0.437546,0.023190,1.4888
8,20,9.7980,490,15,0,0.480474,0.024046,1.4888
8,20,9.8180,491,15,0,0.525233,0.026263,1.4888
8,20,9.8380,492,15,0,0.571993,0.028600,1.4888
8,20,9.8580,493,15,0,0.620921,0.031046,1.4888
8,20,9.8780,494,16,0,0.672190,0.033609,1.4888
8,20,9.8980,495,16,0,0.725973,0.036299,1.4888
8,20,9.9180,496,16,0,0.782461,0.039123,1.4888
8,20,9.9380,497,16,0,0.841819,0.042091,1.4888
8,20,9.9580,498,16,0,0.904247,0.045212,1.4888
8,20,9.9780,499,16,0,0.969921,0.048496,1.4888
8,20,9.9980,500,16,0,1.039026,0.051951,1.4888
8,20,10.0180,501,16,0,1.111745,0.055587,1.4888
8,20,10.0380,502,16,0,1.188250,0.059412,1.4888
8,20,10.0580,503,17,0,1.268700,0.063435,1.4888
8,20,10.0780,504,17,0,1.353259,0.067663,1.4888
8,20,10.0980,505,17,0,1.442051,0.072103,1.4888
8,20,10.1180,506,17,0,1.535191,0.076760,1.4888
8,20,10.1380,507,17,0,0.939462,0.046973,1.4888
8,20,10.1580,508,17,0,0.564676,0.028234,1.4888
8,20,10.1780,509,17,0,0.489258,0.024463,1.4888
8,20,10.1980,510,19,0,0.429059,0.021453,1.4888
8,20,10.2180,511,19,0,0.386408,0.019320,1.4888
8,20,10.2380,512,19,0,0.273767,0.013688,1.4888
8,20,10.2580,513,19,0,0.122301,0.006115,1.4888
8,20,10.2780,514,19,0,0.024198,0.001210,1.4888
8,20,10.2980,515,19,0,0.000373,0.000019,1.4888
8,20,10.3180,516,19,0,0.000125,0.000006,1.4888
8,20,10.3380,517,19,0,0.000003,0.000000,1.4888
8,20,10.3580,518,19,0,0.000001,0.000000,1.4888
8,20,10.3780,519,19,0,0.000000,0.000000,1.4888
8,20,10.3980,520,19,0,0.000000,0.000000,1.4888
8,20,10.4180,521,19,0,0.000000,0.000000,1.4888
8,20,10.4380,522,19,0,0.000000,0.000000,1.4888
8,20,10.4580,523,19,0,0.000000,0.000000,1.4888
8,20,10.4780,524,19,0,0.000000,0.000000,1.4888
8,20,10.4980,525,19,0,0.000000,0.000000,1.4888
8,20,10.5180,526,19,0,0.000000,0.000000,1.4888
8,20,10.5380,527,19,0,0.000000,0.000000,1.4888
8,20,10.5580,528,19,0,0.000000,0.000000,1.4888
8,20,10.5780,529,19,0,0.000000,0.000000,1.4888
8,20,10.5980,530,19,0,0.000000,0.000000,1.4888
8,20,10.6180,531,19,0,0.000000,0.000000,1.4888
8,20,10.6380,532,19,0,0.000000,0.000000,1.4888
8,20,10.6580,533,19,0,0.000000,0.000000,1.4888
8,20,10.6780,534,19,0,0.000000,0.000000,1.4888
8,20,10.6980,535,20,0,0.000000,0.000000,1.4888
9,20,0.0180,1,0,0,0.000000,0.000000,19.5000
9,20,0.0380,2,0,0,0.195999,0.163201,19.4961
9,20,0.0580,3,0,0,0.390871,0.297860,19.4883
9,20,0.0780,4,0,0,0.575974,0.403481,19.4767
9,20,0.0980,5,0,0,0.730542,0.479287,19.4621
9,20,0.1180,6,0,0,0.833133,0.526206,19.4455
9,20,0.1380,7,0,0,0.873654,0.543636,19.4280
9,20,0.1580,8,0,0,0.853936,0.532180,19.4109
9,20,0.1780,9,0,0,0.783115,0.492947,19.3953
9,20,0.1980,10,0,0,0.672598,0.429318,19.3818
9,20,0.2180,11,0,0,0.533928,0.345892,19.3712
9,20,0.2380,12,0,0,0.377148,0.248120,19.3636
9,20,0.2580,13,0,0,0.212277,0.143921,19.3594
9,20,0.2780,14,0,0,0.065985,0.049457,19.3586
9,20,0.2980,15,0,0,0.125026,0.088065,19.3609
9,20,0.3180,16,0,0,0.266245,0.175421,19.3662
9,20,0.3380,17,0,0,0.387614,0.251773,19.3739
9,20,0.3580,18,0,0,0.481194,0.310000,19.3835
9,20,0.3780,19,0,0,0.542766,0.348035,19.3943
9,20,0.3980,20,0,0,0.570069,0.364474,19.4057
9,20,0.4180,21,0,0,0.563227,0.359447,19.4169
9,20,0.4380,22,0,0,0.524826,0.334815,19.4274
9,20,0.4580,23,0,0,0.451879,0.292972,19.4364
9,20,0.4780,24,0,0,0.365045,0.236973,19.4436
9,20,0.4980,25,0,0,0.263894,0.170915,19.4488
9,20,0.5180,26,0,0,0.149818,0.100398,19.4515
9,20,0.5380,27,0,0,0.069404,0.040776,19.4518
9,20,0.5580,28,0,0,0.115342,0.072444,19.4500
9,20,0.5780,29,0,0,0.203392,0.132642,19.4461
9,20,0.5980,30,0,0,0.295154,0.185657,19.4404
9,20,0.6180,31,0,0,0.361409,0.226757,19.4333
9,20,0.6380,32,0,0,0.410044,0.255732,19.4252
9,20,0.6580,33,0,0,0.439450,0.270566,19.4166
9,20,0.6780,34,0,0,0.442675,0.271888,19.4079
9,20,0.6980,35,0,0,0.425800,0.262941,19.3994
9,20,0.7180,36,0,0,0.413606,0.241307,19.3912
9,20,0.7380,37,0,0,0.363114,0.210126,19.3840
9,20,0.7580,38,0,0,0.289404,0.172940,19.3784
9,20,0.7780,39,0,0,0.211038,0.134629,19.3748
9,20,0.7980,40,0,0,0.175429,0.099324,19.3728
9,20,0.8180,41,0,0,0.170382,0.078870,19.3725
9,20,0.8380,42,0,0,0.197227,0.092494,19.3737
9,20,0.8580,43,0,0,0.238681,0.123961,19.3765
9,20,0.8780,44,0,0,0.279245,0.155689,19.3805
9,20,0.8980,45,0,0,0.312050,0.181679,19.3853
9,20,0.9180,46,0,0,0.333041,0.200010,19.3906
9,20,0.9380,47,0,0,0.345242,0.209233,19.3963
9,20,0.9580,48,0,0,0.341218,0.208572,19.4020
9,20,0.9780,49,0,0,0.316388,0.199680,19.4074
9,20,0.9980,50,0,0,0.282392,0.184349,19.4121
9,20,1.0180,51,0,0,0.253413,0.164672,19.4159
9,20,1.0380,52,0,0,0.233336,0.142249,19.4188
9,20,1.0580,53,0,0,0.220314,0.120345,19.4203
9,20,1.0780,54,0,0,0.212776,0.107062,19.4205
9,20,1.0980,55,0,0,0.213207,0.114249,19.4195
9,20,1.1180,56,0,0,0.218736,0.134332,19.4174
9,20,1.1380,57,0,0,0.232833,0.157705,19.4144
9,20,1.1580,58,0,0,0.240139,0.176269,19.4107
9,20,1.1780,59,0,0,0.240897,0.190967,19.4065
9,20,1.1980,60,0,0,0.245979,0.200380,19.4018
9,20,1.2180,61,0,0,0.249728,0.204078,19.3969
9,20,1.2380,62,0,0,0.253687,0.218757,19.3919
9,20,1.2580,63,0,0,0.264699,0.217609,19.3871
9,20,1.2780,64,0,0,0.247147,0.208017,19.3824
9,20,1.2980,65,0,0,0.235683,0.191999,19.3778
9,20,1.3180,66,0,0,0.216796,0.179647,19.3737
9,20,1.3380,67,0,0,0.314324,0.188696,19.3698
9,20,1.3580,68,0,0,0.328403,0.201091,19.3658
9,20,1.3780,69,0,0,0.332210,0.226399,19.3614
9,20,1.3980,70,0,0,0.303574,0.223819,19.3555
9,20,1.4180,71,0,0,0.328610,0.216106,19.3491
9,20,1.4380,72,0,0,0.328826,0.196288,19.3427
9,20,1.4580,73,0,0,0.344885,0.181526,19.3359
9,20,1.4780,74,0,0,0.323252,0.184382,19.3296
9,20,1.4980,75,0,0,0.279219,0.186933,19.3247
9,20,1.5180,76,0,0,0.261870,0.183180,19.3210
9,20,1.5380,77,0,0,0.295059,0.180796,19.3180
9,20,1.5580,78,0,0,0.291134,0.176703,19.3154
9,20,1.5780,79,0,0,0.253546,0.179701,19.3127
9,20,1.5980,80,0,0,0.225148,0.169581,19.3105
9,20,1.6180,81,0,0,0.228202,0.160482,19.3089
9,20,1.6380,82,0,0,0.244361,0.155241,19.3080
9,20,1.6580,83,0,0,0.302143,0.152553,19.3077
9,20,1.6780,84,0,0,0.355325,0.155843,19.3079
9,20,1.6980,85,0,0,0.391769,0.162600,19.3086
9,20,1.7180,86,0,0,0.408802,0.172199,19.3094
9,20,1.7380,87,0,0,0.421877,0.168466,19.3103
9,20,1.7580,88,0,0,0.419596,0.161709,19.3111
9,20,1.7780,89,0,0,0.413648,0.154909,19.3116
9,20,1.7980,90,0,0,0.413558,0.151110,19.3119
9,20,1.8180,91,0,0,0.404210,0.152675,19.3118
9,20,1.8380,92,0,0,0.378940,0.154946,19.3117
9,20,1.8580,93,0,0,0.358557,0.157644,19.3112
9,20,1.8780,94,0,0,0.350054,0.158268,19.3103
9,20,1.8980,95,0,0,0.341657,0.157154,19.3091
9,20,1.9180,96,0,0,0.350105,0.155151,19.3077
9,20,1.9380,97,0,0,0.365691,0.153548,19.3063
9,20,1.9580,98,0,0,0.382149,0.152113,19.3049
9,20,1.9780,99,0,0,0.396324,0.149649,19.3036
9,20,1.9980,100,0,0,0.406713,0.144928,19.3024
9,20,2.0180,101,0,0,0.412781,0.140306,19.3013
9,20,2.0380,102,0,0,0.414819,0.135913,19.3004
9,20,2.0580,103,0,0,0.413622,0.131765,19.2996
9,20,2.0780,104,0,0,0.410008,0.127582,19.2990
9,20,2.0980,105,0,0,0.404225,0.123092,19.2986
9,20,2.1180,106,0,0,0.396236,0.118326,19.2984
9,20,2.1380,107,0,0,0.374765,0.114311,19.2982
9,20,2.1580,108,0,0,0.362326,0.109523,19.2984
9,20,2.1780,109,0,0,0.350313,0.104409,19.2988
9,20,2.1980,110,0,0,0.337503,0.099257,19.2994
9,20,2.2180,111,0,0,0.324332,0.094302,19.3001
9,20,2.2380,112,0,0,0.311393,0.089628,19.3009
9,20,2.2580,113,0,0,0.294900,0.088557,19.3015
9,20,2.2780,114,0,0,0.276393,0.087072,19.3015
9,20,2.2980,115,0,0,0.267764,0.085064,19.3013
9,20,2.3180,116,0,0,0.266746,0.085881,19.3010
9,20,2.3380,117,0,0,0.266167,0.093078,19.3006
9,20,2.3580,118,0,0,0.258303,0.096913,19.3000
9,20,2.3780,119,0,0,0.248851,0.099281,19.2994
9,20,2.3980,120,0,0,0.245469,0.101091,19.2985
9,20,2.4180,121,0,0,0.247665,0.102623,19.2976
9,20,2.4380,122,0,0,0.251125,0.103889,19.2967
9,20,2.4580,123,0,0,0.251922,0.105449,19.2957
9,20,2.4780,124,0,0,0.247932,0.108280,19.2948
9,20,2.4980,125,0,0,0.238891,0.112418,19.2940
9,20,2.5180,126,0,0,0.218217,0.117154,19.2932
9,20,2.5380,127,0,0,0.225177,0.121555,19.2926
9,20,2.5580,128,0,0,0.230112,0.134948,19.2922
9,20,2.5780,129,0,0,0.232694,0.148470,19.2921
9,20,2.5980,130,0,0,0.236861,0.155316,19.2920
9,20,2.6180,131,0,0,0.240073,0.157602,19.2919
9,20,2.6380,132,0,0,0.237209,0.157208,19.2919
9,20,2.6580,133,0,0,0.251202,0.156146,19.2916
9,20,2.6780,134,0,0,0.267225,0.155772,19.2915
9,20,2.6980,135,0,0,0.277125,0.158948,19.2915
9,20,2.7180,136,0,0,0.285090,0.164569,19.2919
9,20,2.7380,137,0,0,0.290681,0.171122,19.2923
9,20,2.7580,138,0,0,0.291140,0.178060,19.2928
9,20,2.7780,139,0,0,0.289026,0.184725,19.2933
9,20,2.7980,140,0,0,0.285754,0.190587,19.2938
9,20,2.8180,141,0,0,0.283563,0.195426,19.2943
9,20,2.8380,142,0,0,0.284541,0.199428,19.2946
9,20,2.8580,143,0,0,0.288813,0.202994,19.2950
9,20,2.8780,144,0,0,0.294800,0.206425,19.2952
9,20,2.8980,145,0,0,0.302006,0.209854,19.2954
9,20,2.9180,146,0,0,0.310243,0.213044,19.2955
9,20,2.9380,147,0,0,0.317850,0.215613,19.2956
9,20,2.9580,148,0,0,0.324466,0.217610,19.2955
9,20,2.9780,149,0,0,0.330927,0.219155,19.2954
9,20,2.9980,150,0,0,0.335789,0.220305,19.2952
9,20,3.0180,151,0,0,0.339099,0.221515,19.2951
9,20,3.0380,152,0,0,0.340865,0.222860,19.2949
9,20,3.0580,153,0,0,0.341138,0.224378,19.2947
9,20,3.0780,154,0,0,0.340213,0.225987,19.2946
9,20,3.0980,155,0,0,0.340720,0.227556,19.2945
9,20,3.1180,156,0,0,0.340769,0.228972,19.2944
9,20,3.1380,157,0,0,0.343669,0.230157,19.2944
9,20,3.1580,158,0,0,0.346069,0.231161,19.2944
9,20,3.1780,159,0,0,0.350091,0.231993,19.2945
9,20,3.1980,160,0,0,0.354048,0.232652,19.2946
9,20,3.2180,161,0,0,0.357023,0.233146,19.2947
9,20,3.2380,162,0,0,0.360622,0.233486,19.2948
9,20,3.2580,163,0,0,0.363659,0.233686,19.2949
9,20,3.2780,164,0,0,0.365584,0.233760,19.2949
9,20,3.2980,165,0,0,0.367383,0.233778,19.2950
9,20,3.3180,166,0,0,0.370525,0.233776,19.2949
9,20,3.3380,167,0,0,0.383129,0.233802,19.2948
9,20,3.3580,168,0,0,0.404501,0.233911,19.2947
9,20,3.3780,169,0,0,0.426021,0.234147,19.2945
9,20,3.3980,170,0,0,0.447620,0.234536,19.2942
9,20,3.4180,171,0,0,0.469299,0.235077,19.2938
9,20,3.4380,172,0,0,0.491112,0.235744,19.2934
9,20,3.4580,173,0,0,0.513130,0.236492,19.2929
9,20,3.4780,174,0,0,0.535413,0.237270,19.2924
9,20,3.4980,175,0,0,0.557985,0.238040,19.2918
9,20,3.5180,176,0,0,0.580824,0.238785,19.2912
9,20,3.5380,177,0,0,0.603862,0.239483,19.2905
9,20,3.5580,178,0,0,0.627004,0.240128,19.2899
9,20,3.5780,179,0,0,0.650102,0.240726,19.2892
9,20,3.5980,180,0,0,0.673027,0.241285,19.2885
9,20,3.6180,181,0,0,0.695643,0.241825,19.2878
9,20,3.6380,182,0,0,0.717822,0.242382,19.2871
9,20,3.6580,183,0,0,0.739430,0.243013,19.2864
9,20,3.6780,184,0,0,0.760365,0.243787,19.2856
9,20,3.6980,185,0,0,0.780553,0.244778,19.2849
9,20,3.7180,186,0,0,0.799929,0.246054,19.2841
9,20,3.7380,187,0,0,0.818516,0.247653,19.2833
9,20,3.7580,188,0,0,0.836351,0.249579,19.2825
9,20,3.7780,189,0,0,0.853477,0.251841,19.2816
9,20,3.7980,190,0,0,0.869993,0.254422,19.2807
9,20,3.8180,191,0,0,0.885998,0.257298,19.2797
9,20,3.8380,192,0,0,0.901602,0.260457,19.2786
9,20,3.8580,193,0,0,0.916866,0.263885,19.2775
9,20,3.8780,194,0,0,0.931870,0.267553,19.2763
9,20,3.8980,195,0,0,0.946614,0.273578,19.2750
9,20,3.9180,196,0,0,0.961135,0.279338,19.2736
9,20,3.9380,197,0,0,0.975449,0.284970,19.2722
9,20,3.9580,198,0,0,0.989756,0.289922,19.2706
9,20,3.9780,199,0,0,1.004298,0.294255,19.2690
9,20,3.9980,200,0,0,1.018756,0.298014,19.2674
9,20,4.0180,201,0,0,1.032515,0.301093,19.2656
9,20,4.0380,202,0,0,1.045140,0.304026,19.2638
9,20,4.0580,203,0,0,1.056637,0.307006,19.2620
9,20,4.0780,204,0,0,1.067459,0.310161,19.2602
9,20,4.0980,205,0,0,1.078177,0.313651,19.2583
9,20,4.1180,206,0,0,1.089091,0.317627,19.2564
9,20,4.1380,207,0,0,1.100267,0.322133,19.2544
9,20,4.1580,208,0,0,1.111586,0.327314,19.2524
9,20,4.1780,209,0,0,1.122946,0.333073,19.2503
9,20,4.1980,210,0,0,1.137104,0.339367,19.2480
9,20,4.2180,211,0,0,1.144795,0.346116,19.2455
9,20,4.2380,212,0,0,1.143318,0.353369,19.2431
9,20,4.2580,213,0,0,1.138265,0.361183,19.2408
9,20,4.2780,214,0,0,1.134345,0.369402,19.2386
9,20,4.2980,215,0,0,1.133603,0.377532,19.2365
9,20,4.3180,216,0,0,1.136310,0.385333,19.2344
9,20,4.3380,217,0,0,1.141885,0.392633,19.2323
9,20,4.3580,218,0,0,1.149397,0.399329,19.2302
9,20,4.3780,219,0,0,1.157866,0.405593,19.2281
9,20,4.3980,220,0,0,1.166628,0.411842,19.2261
9,20,4.4180,221,0,0,1.175390,0.418631,19.2241
9,20,4.4380,222,0,0,1.184060,0.426526,19.2222
9,20,4.4580,223,0,0,1.192573,0.435880,19.2202
9,20,4.4780,224,0,0,1.200894,0.446222,19.2183
9,20,4.4980,225,0,0,1.209105,0.456839,19.2164
9,20,4.5180,226,0,0,1.217308,0.467598,19.2145
9,20,4.5380,227,0,0,1.225598,0.478453,19.2125
9,20,4.5580,228,0,0,1.234320,0.489263,19.2105
9,20,4.5780,229,0,0,1.243578,0.499952,19.2084
9,20,4.5980,230,0,0,1.253369,0.510467,19.2063
9,20,4.6180,231,0,0,1.263508,0.520763,19.2041
9,20,4.6380,232,0,0,1.273875,0.530815,19.2017
9,20,4.6580,233,0,0,1.284421,0.540626,19.1993
9,20,4.6780,234,0,0,1.295076,0.550334,19.1968
9,20,4.6980,235,0,0,1.305566,0.559735,19.1941
9,20,4.7180,236,0,0,1.316207,0.569154,19.1913
9,20,4.7380,237,0,0,1.327649,0.578614,19.1883
9,20,4.7580,238,0,0,1.339716,0.588065,19.1852
9,20,4.7780,239,0,0,1.351680,0.597344,19.1820
9,20,4.7980,240,0,0,1.362988,0.606372,19.1787
9,20,4.8180,241,0,0,1.373397,0.615156,19.1753
9,20,4.8380,242,0,0,1.383065,0.623758,19.1719
9,20,4.8580,243,0,0,1.392401,0.632249,19.1684
9,20,4.8780,244,0,0,1.401828,0.640607,19.1649
9,20,4.8980,245,0,0,1.412424,0.649274,19.1614
9,20,4.9180,246,0,0,1.425132,0.658333,19.1579
9,20,4.9380,247,0,0,1.439598,0.667567,19.1544
9,20,4.9580,248,0,0,1.454970,0.676667,19.1508
9,20,4.9780,249,0,0,1.470652,0.685597,19.1471
9,20,4.9980,250,0,0,1.486512,0.694423,19.1435
9,20,5.0180,251,0,0,1.502800,0.703163,19.1399
9,20,5.0380,252,0,0,1.519957,0.711850,19.1363
9,20,5.0580,253,0,0,1.538437,0.720575,19.1326
9,20,5.0780,254,0,0,1.558531,0.729386,19.1290
9,20,5.0980,255,0,0,1.580322,0.738323,19.1254
9,20,5.1180,256,0,0,1.603698,0.747399,19.1217
9,20,5.1380,257,0,0,1.628448,0.756636,19.1179
9,20,5.1580,258,0,0,1.654332,0.766710,19.1141
9,20,5.1780,259,0,0,1.681095,0.775310,19.1101
9,20,5.1980,260,0,0,1.708489,0.785240,19.1058
9,20,5.2180,261,0,0,1.736489,0.795849,19.1011
9,20,5.2380,262,0,0,1.765165,0.806482,19.0960
9,20,5.2580,263,0,0,1.794265,0.816662,19.0906
9,20,5.2780,264,0,0,1.823294,0.826233,19.0850
9,20,5.2980,265,0,0,1.851920,0.835273,19.0792
9,20,5.3180,266,0,0,1.880377,0.843796,19.0733
9,20,5.3380,267,0,0,1.909295,0.852108,19.0674
9,20,5.3580,268,0,0,1.939456,0.860264,19.0614
9,20,5.3780,269,0,0,1.971546,0.868661,19.0552
9,20,5.3980,270,0,0,2.005947,0.877320,19.0489
9,20,5.4180,271,0,0,2.042625,0.886418,19.0424
9,20,5.4380,272,0,0,2.081239,0.895427,19.0356
9,20,5.4580,273,0,0,2.121282,0.904149,19.0287
9,20,5.4780,274,0,0,2.162207,0.912514,19.0216
9,20,5.4980,275,0,0,2.203529,0.920824,19.0143
9,20,5.5180,276,0,0,2.244790,0.929203,19.0068
9,20,5.5380,277,0,0,2.285770,0.937520,18.9992
9,20,5.5580,278,0,0,2.326187,0.945844,18.9913
9,20,5.5780,279,0,0,2.366002,0.954161,18.9831
9,20,5.5980,280,0,0,2.405323,0.962144,18.9747
9,20,5.6180,281,0,0,2.444374,0.969161,18.9661
9,20,5.6380,282,0,0,2.483366,0.975049,18.9572
9,20,5.6580,283,0,0,2.522344,0.980373,18.9480
9,20,5.6780,284,0,0,2.560971,0.985777,18.9385
9,20,5.6980,285,0,0,2.598676,0.996357,18.9288
9,20,5.7180,286,0,0,2.635012,1.029108,18.9188
9,20,5.7380,287,0,0,2.669882,1.035821,18.9089
9,20,5.7580,288,0,0,2.704629,1.052298,18.8992
9,20,5.7780,289,0,0,2.742955,1.067946,18.8893
9,20,5.7980,290,0,0,2.783685,1.088416,18.8789
9,20,5.8180,291,0,0,2.822597,1.111157,18.8679
9,20,5.8380,292,0,0,2.857408,1.133422,18.8562
9,20,5.8580,293,0,0,2.889518,1.155425,18.8440
9,20,5.8780,294,0,0,2.921399,1.178313,18.8314
9,20,5.8980,295,0,0,2.955156,1.201677,18.8182
9,20,5.9180,296,0,0,2.992219,1.225522,18.8045
9,20,5.9380,297,0,0,3.032490,1.249463,18.7903
9,20,5.9580,298,0,0,3.076025,1.277329,18.7757
9,20,5.9780,299,0,0,3.123769,1.296602,18.7607
9,20,5.9980,300,0,0,3.177135,1.319645,18.7455
9,20,6.0180,301,0,0,3.236946,1.344234,18.7299
9,20,6.0380,302,0,0,3.302681,1.370063,18.7135
9,20,6.0580,303,0,0,3.373784,1.396172,18.6963
9,20,6.0780,304,0,0,3.449156,1.422388,18.6783
9,20,6.0980,305,0,0,3.526896,1.448259,18.6594
9,20,6.1180,306,0,0,3.606408,1.473856,18.6393
9,20,6.1380,307,0,0,3.687578,1.496507,18.6181
9,20,6.1580,308,0,0,3.770585,1.520277,18.5955
9,20,6.1780,309,0,0,3.854969,1.544320,18.5713
9,20,6.1980,310,0,0,3.939909,1.568165,18.5452
9,20,6.2180,311,0,0,4.024345,1.591677,18.5171
9,20,6.2380,312,0,0,4.108022,1.614643,18.4869
9,20,6.2580,313,0,0,4.192832,1.639808,18.4547
9,20,6.2780,314,0,0,4.282160,1.665451,18.4204
9,20,6.2980,315,0,0,4.378863,1.693157,18.3841
9,20,6.3180,316,0,0,4.483467,1.722973,18.3459
9,20,6.3380,317,0,0,4.594357,1.755108,18.3061
9,20,6.3580,318,0,0,4.709038,1.788243,18.2649
9,20,6.3780,319,0,0,4.825571,1.822175,18.2225
9,20,6.3980,320,0,0,4.943346,1.857388,18.1790
9,20,6.4180,321,0,0,5.061771,1.894659,18.1345
9,20,6.4380,322,0,0,5.179465,1.934771,18.0890
9,20,6.4580,323,0,0,5.295028,1.978451,18.0424
9,20,6.4780,324,0,0,5.407988,2.025883,17.9947
9,20,6.4980,325,0,0,5.519160,2.076690,17.9458
9,20,6.5180,326,0,0,5.628501,2.130229,17.8957
9,20,6.5380,327,0,0,5.736637,2.186055,17.8441
9,20,6.5580,328,0,0,5.844529,2.243736,17.7909
9,20,6.5780,329,0,0,5.953546,2.304081,17.7358
9,20,6.5980,330,0,0,6.064904,2.365121,17.6785
9,20,6.6180,331,0,0,6.176504,2.425886,17.6186
9,20,6.6380,332,0,0,6.287438,2.486230,17.5559
9,20,6.6580,333,0,0,6.397985,2.547046,17.4901
9,20,6.6780,334,0,0,6.506263,2.609559,17.4212
9,20,6.6980,335,0,0,6.611362,2.676520,17.3489
9,20,6.7180,336,0,0,6.711493,2.748018,17.2733
9,20,6.7380,337,0,0,6.812739,2.821294,17.1940
9,20,6.7580,338,0,0,6.915789,2.897490,17.1112
9,20,6.7780,339,0,0,7.021503,2.977769,17.0245
9,20,6.7980,340,0,0,7.130031,3.059423,16.9342
9,20,6.8180,341,0,0,7.241570,3.143375,16.8401
9,20,6.8380,342,0,0,7.355953,3.230543,16.7422
9,20,6.8580,343,0,0,7.473024,3.321682,16.6406
9,20,6.8780,344,0,0,7.591801,3.416717,16.5354
9,20,6.8980,345,0,0,7.712900,3.515639,16.4266
9,20,6.9180,346,0,0,7.836072,3.617742,16.3141
9,20,6.9380,347,0,0,7.960699,3.722301,16.1980
9,20,6.9580,348,0,0,8.087933,3.828526,16.0782
9,20,6.9780,349,0,0,8.217926,3.935343,15.9548
9,20,6.9980,350,0,0,8.349699,4.043011,15.8277
9,20,7.0180,351,0,0,8.483146,4.152506,15.6969
9,20,7.0380,352,0,0,8.618167,4.263053,15.5625
9,20,7.0580,353,0,0,8.754664,4.373932,15.4244
9,20,7.0780,354,0,0,8.892550,4.486355,15.2826
9,20,7.0980,355,0,0,9.031738,4.600634,15.1373
9,20,7.1180,356,0,0,9.172149,4.717064,14.9883
9,20,7.1380,357,0,0,9.313705,4.835648,14.8356
9,20,7.1580,358,0,0,9.456337,4.956406,14.6794
9,20,7.1780,359,0,0,9.599974,5.078849,14.5196
9,20,7.1980,360,0,0,9.744554,5.202646,14.3561
9,20,7.2180,361,0,0,9.890015,5.327558,14.1891
9,20,7.2380,362,0,0,10.036302,5.453165,14.0185
9,20,7.2580,363,0,0,10.183358,5.580090,13.8443
9,20,7.2780,364,0,0,10.331135,5.707732,13.6665
9,20,7.2980,365,0,0,10.479583,5.837556,13.4851
9,20,7.3180,366,0,0,10.628657,5.968373,13.3003
9,20,7.3380,367,0,0,10.778315,6.100277,13.1118
9,20,7.3580,368,0,0,10.928514,6.233092,12.9198
9,20,7.3780,369,0,0,11.079217,6.366188,12.7243
9,20,7.3980,370,0,0,11.230386,6.499955,12.5252
9,20,7.4180,371,0,0,11.381989,6.634389,12.3227
9,20,7.4380,372,0,0,11.533992,6.769651,12.1166
9,20,7.4580,373,0,0,11.686362,6.905743,11.9070
9,20,7.4780,374,0,0,11.839074,7.042487,11.6939
9,20,7.4980,375,0,0,11.992096,7.179874,11.4773
9,20,7.5180,376,0,0,12.145405,7.318167,11.2572
9,20,7.5380,377,0,0,12.298974,7.457017,11.0336
9,20,7.5580,378,0,0,12.452781,7.596860,10.8066
9,20,7.5780,379,0,0,12.606801,7.737780,10.5761
9,20,7.5980,380,0,0,12.761015,7.879271,10.3422
9,20,7.6180,381,0,0,12.915401,8.020657,10.1047
9,20,7.6380,382,0,0,13.069942,8.161822,9.8639
9,20,7.6580,383,0,0,13.224617,8.303170,9.6196
9,20,7.6780,384,0,0,13.379411,8.444834,9.3719
9,20,7.6980,385,0,0,13.534306,8.587228,9.1207
9,20,7.7180,386,0,0,13.689286,8.730548,8.8662
9,20,7.7380,387,0,0,13.844337,8.874753,8.6082
9,20,7.7580,388,0,0,13.999444,9.019692,8.3468
9,20,7.7780,389,0,0,14.154593,9.165050,8.0820
9,20,7.7980,390,0,0,14.309774,9.310379,7.8139
9,20,7.8180,391,0,0,14.464972,9.456195,7.5423
9,20,7.8380,392,0,0,14.620175,9.602897,7.2674
9,20,7.8580,393,0,0,14.775374,9.738825,6.9891
9,20,7.8780,394,0,0,14.930555,9.879759,6.7074
9,20,7.8980,395,0,0,15.085711,9.858674,6.4224
9,20,7.9180,396,0,0,15.240832,9.974277,6.1340
9,20,7.9380,397,0,0,15.395907,10.026169,5.8423
9,20,7.9580,398,0,0,15.550927,10.160634,5.5473
9,20,7.9780,399,0,0,15.705884,10.294023,5.2489
9,20,7.9980,400,0,0,15.860772,9.639998,4.9472
9,20,8.0180,401,0,0,16.015581,9.089136,4.6422
9,20,8.0380,402,0,0,16.170305,8.477917,4.3338
9,20,8.0580,403,0,0,16.324934,8.240372,4.0222
9,20,8.0780,404,0,0,16.479465,8.126682,3.7073
9,20,8.0980,405,0,0,16.633888,7.905423,3.3890
9,20,8.1180,406,0,0,16.788200,7.601948,3.0675
9,20,8.1380,407,0,0,16.942394,6.812454,2.7428
9,20,8.1580,408,0,0,17.096462,6.073623,2.4147
9,20,8.1780,409,0,0,17.250402,5.711456,2.0834
9,20,8.1980,410,0,0,17.404209,5.022285,1.7488
9,20,8.2180,411,0,0,17.557875,4.123487,1.5211
9,20,8.2380,412,0,0,17.711397,3.781470,1.5069
9,20,8.2580,413,0,0,17.864769,3.090630,1.5115
9,20,8.2780,414,0,0,17.447050,2.857692,1.5170
9,20,8.2980,415,0,0,9.334640,1.880998,1.5199
9,20,8.3180,416,0,0,9.473690,1.819822,1.5201
9,20,8.3380,417,0,0,3.880444,1.230988,1.5180
9,20,8.3580,418,0,0,3.817872,1.041640,1.5136
9,20,8.3780,419,0,0,3.734943,0.978648,1.5068
9,20,8.3980,420,0,0,3.543508,0.892658,1.4982
9,20,8.4180,421,0,0,3.475612,0.821343,1.4915
9,20,8.4380,422,0,0,3.403367,0.750307,1.4928
9,20,8.4580,423,0,0,3.252467,0.691266,1.4945
9,20,8.4780,424,0,0,3.150059,0.629211,1.4960
9,20,8.4980,425,0,0,3.048316,0.577319,1.4972
9,20,8.5180,426,0,0,2.946910,0.530369,1.4984
9,20,8.5380,427,0,0,2.839485,0.487401,1.4990
9,20,8.5580,428,0,0,2.719057,0.452542,1.4986
9,20,8.5780,429,1,0,2.601800,0.428491,1.4975
9,20,8.5980,430,1,0,2.445874,0.405684,1.4964
9,20,8.6180,431,1,0,2.336077,0.381551,1.4957
9,20,8.6380,432,1,0,2.230684,0.359074,1.4961
9,20,8.6580,433,1,0,2.124876,0.333286,1.4962
9,20,8.6780,434,1,0,2.018968,0.313217,1.4961
9,20,8.6980,435,1,0,1.912757,0.294030,1.4959
9,20,8.7180,436,1,0,1.806419,0.255214,1.4958
9,20,8.7380,437,2,0,1.699435,0.232869,1.4958
9,20,8.7580,438,2,0,1.561796,0.213747,1.4958
9,20,8.7780,439,2,0,1.437467,0.195952,1.4959
9,20,8.7980,440,2,0,1.328831,0.180913,1.4959
9,20,8.8180,441,2,0,1.220018,0.165851,1.4959
9,20,8.8380,442,4,0,1.110602,0.151183,1.4959
9,20,8.8580,443,4,0,1.000641,0.136503,1.4959
9,20,8.8780,444,4,0,0.890062,0.121722,1.4959
9,20,8.8980,445,7,0,0.778802,0.106947,1.4959
9,20,8.9180,446,8,0,0.666779,0.092336,1.4959
9,20,8.9380,447,8,0,0.556491,0.077755,1.4959
9,20,8.9580,448,9,0,0.464904,0.063245,1.4959
9,20,8.9780,449,12,0,0.376385,0.048874,1.4959
9,20,8.9980,450,12,0,0.293187,0.034798,1.4959
9,20,9.0180,451,12,0,0.218438,0.021303,1.4959
9,20,9.0380,452,12,0,0.154638,0.009943,1.4959
9,20,9.0580,453,12,0,0.105676,0.005467,1.4959
9,20,9.0780,454,12,0,0.058858,0.003049,1.4959
9,20,9.0980,455,12,0,0.012737,0.000665,1.4959
9,20,9.1180,456,12,0,0.018963,0.001271,1.4959
9,20,9.1380,457,12,0,0.053562,0.002961,1.4959
9,20,9.1580,458,12,0,0.090019,0.004630,1.4959
9,20,9.1780,459,12,0,0.127011,0.006357,1.4959
9,20,9.1980,460,14,0,0.164293,0.008217,1.4959
9,20,9.2180,461,17,0,0.202053,0.010109,1.4959
9,20,9.2380,462,17,0,0.240400,0.012028,1.4959
9,20,9.2580,463,17,0,0.279293,0.013985,1.4959
9,20,9.2780,464,17,0,0.318573,0.015972,1.4959
9,20,9.2980,465,17,0,0.358534,0.018023,1.4959
9,20,9.3180,466,17,0,0.400580,0.020098,1.4959
9,20,9.3380,467,17,0,0.444157,0.022278,1.4959
9,20,9.3580,468,17,0,0.489148,0.024541,1.4959
9,20,9.3780,469,17,0,0.535634,0.026897,1.4959
9,20,9.3980,470,17,0,0.583901,0.029362,1.4959
9,20,9.4180,471,17,0,0.634245,0.031932,1.4959
9,20,9.4380,472,17,0,0.686939,0.034620,1.4959
9,20,9.4580,473,17,0,0.742134,0.037438,1.4959
9,20,9.4780,474,17,0,0.800025,0.040394,1.4959
9,20,9.4980,475,17,0,0.860799,0.043501,1.4959
9,20,9.5180,476,17,0,0.924777,0.046780,1.4959
9,20,9.5380,477,17,0,0.992138,0.050224,1.4959
9,20,9.5580,478,17,0,1.062994,0.053852,1.4959
9,20,9.5780,479,17,0,1.137479,0.057673,1.4959
9,20,9.5980,480,17,0,1.215549,0.061664,1.4959
9,20,9.6180,481,17,0,1.297652,0.065860,1.4959
9,20,9.6380,482,17,0,1.387077,0.070135,1.4959
9,20,9.6580,483,17,0,1.480220,0.074479,1.4959
9,20,9.6780,484,17,0,1.577649,0.078942,1.4959
9,20,9.6980,485,17,0,0.462487,0.023805,1.4959
9,20,9.7180,486,17,0,0.396188,0.019847,1.4959
9,20,9.7380,487,17,0,0.301587,0.015091,1.4959
9,20,9.7580,488,17,0,0.203500,0.010177,1.4959
9,20,9.7780,489,17,0,0.105504,0.005277,1.4959
9,20,9.7980,490,17,0,0.007681,0.000385,1.4959
9,20,9.8180,491,17,0,0.000886,0.000045,1.4959
9,20,9.8380,492,17,0,0.000074,0.000005,1.4959
9,20,9.8580,493,17,0,0.000007,0.000001,1.4959
9,20,9.8780,494,17,0,0.000006,0.000001,1.4959
9,20,9.8980,495,17,0,0.000005,0.000001,1.4959
9,20,9.9180,496,17,0,0.000004,0.000000,1.4959
9,20,9.9380,497,17,0,0.000004,0.000000,1.4959
9,20,9.9580,498,17,0,0.000003,0.000000,1.4959
9,20,9.9780,499,17,0,0.000003,0.000000,1.4959
9,20,9.9980,500,17,0,0.000002,0.000000,1.4959
9,20,10.0180,501,17,0,0.000002,0.000000,1.4959
9,20,10.0380,502,17,0,0.000002,0.000000,1.4959
9,20,10.0580,503,17,0,0.000001,0.000000,1.4959
9,20,10.0780,504,17,0,0.000001,0.000000,1.4959
9,20,10.0980,505,17,0,0.000001,0.000000,1.4959
9,20,10.1180,506,17,0,0.000001,0.000000,1.4959
9,20,10.1380,507,17,0,0.000001,0.000000,1.4959
9,20,10.1580,508,17,0,0.000001,0.000000,1.4959
9,20,10.1780,509,17,0,0.000001,0.000000,1.4959
9,20,10.1980,510,17,0,0.000001,0.000000,1.4959
9,20,10.2180,511,17,0,0.000001,0.000000,1.4959
9,20,10.2380,512,17,0,0.000001,0.000000,1.4959
9,20,10.2580,513,17,0,0.000001,0.000000,1.4959
9,20,10.2780,514,20,0,0.000000,0.000000,1.4959
10,20,0.0180,1,0,0,0.000000,0.000000,19.5000
10,20,0.0380,2,0,0,0.196000,0.163212,19.4961
10,20,0.0580,3,0,0,0.391363,0.297915,19.4883
10,20,0.0780,4,0,0,0.579768,0.403619,19.4767
10,20,0.0980,5,0,0,0.740033,0.479461,19.4619
10,20,0.1180,6,0,0,0.847675,0.526653,19.4449
10,20,0.1380,7,0,0,0.889597,0.544553,19.4271
10,20,0.1580,8,0,0,0.867938,0.534376,19.4098
10,20,0.1780,9,0,0,0.794189,0.495324,19.3939
10,20,0.1980,10,0,0,0.681484,0.467809,19.3803
10,20,0.2180,11,0,0,0.542269,0.422986,19.3695
10,20,0.2380,12,0,0,0.485368,0.365239,19.3611
10,20,0.2580,13,0,0,0.432966,0.327062,19.3544
10,20,0.2780,14,0,0,0.482292,0.340169,19.3483
10,20,0.2980,15,0,0,0.474251,0.354816,19.3429
10,20,0.3180,16,0,0,0.445504,0.345890,19.3376
10,20,0.3380,17,0,0,0.388469,0.313892,19.3313
10,20,0.3580,18,0,0,0.428029,0.279617,19.3235
10,20,0.3780,19,0,0,0.469312,0.258821,19.3147
10,20,0.3980,20,0,0,0.464154,0.256132,19.3055
10,20,0.4180,21,0,0,0.450702,0.242220,19.2966
10,20,0.4380,22,0,0,0.387842,0.204092,19.2892
10,20,0.4580,23,0,0,0.271065,0.154077,19.2845
10,20,0.4780,24,0,0,0.212815,0.113141,19.2823
10,20,0.4980,25,0,0,0.235647,0.097675,19.2822
10,20,0.5180,26,0,0,0.289138,0.125893,19.2835
10,20,0.5380,27,0,0,0.334824,0.154164,19.2856
10,20,0.5580,28,0,0,0.351181,0.185959,19.2873
10,20,0.5780,29,0,0,0.365167,0.215917,19.2879
10,20,0.5980,30,0,0,0.380029,0.240830,19.2872
10,20,0.6180,31,0,0,0.425180,0.256059,19.2855
10,20,0.6380,32,0,0,0.487897,0.263439,19.2833
10,20,0.6580,33,0,0,0.531172,0.258266,19.2809
10,20,0.6780,34,0,0,0.549849,0.245979,19.2790
10,20,0.6980,35,0,0,0.548625,0.229492,19.2773
10,20,0.7180,36,0,0,0.527412,0.208283,19.2760
10,20,0.7380,37,0,0,0.497393,0.190980,19.2746
10,20,0.7580,38,0,0,0.468157,0.177572,19.2725
10,20,0.7780,39,0,0,0.432638,0.175365,19.2695
10,20,0.7980,40,0,0,0.380800,0.181928,19.2662
10,20,0.8180,41,0,0,0.323260,0.194866,19.2627
10,20,0.8380,42,0,0,0.289537,0.204787,19.2589
10,20,0.8580,43,0,0,0.394295,0.227427,19.2552
10,20,0.8780,44,0,0,0.429066,0.242404,19.2516
10,20,0.8980,45,0,0,0.451011,0.254470,19.2482
10,20,0.9180,46,0,0,0.468202,0.265459,19.2450
10,20,0.9380,47,0,0,0.480280,0.276518,19.2419
10,20,0.9580,48,0,0,0.488807,0.286963,19.2390
10,20,0.9780,49,0,0,0.493058,0.293834,19.2364
10,20,0.9980,50,0,0,0.487837,0.288534,19.2344
10,20,1.0180,51,0,0,0.459257,0.275616,19.2335
10,20,1.0380,52,0,0,0.430656,0.260190,19.2339
10,20,1.0580,53,0,0,0.401378,0.240791,19.2353
10,20,1.0780,54,0,0,0.360936,0.214024,19.2366
10,20,1.0980,55,0,0,0.315865,0.191796,19.2379
10,20,1.1180,56,0,0,0.290793,0.191284,19.2378
10,20,1.1380,57,0,0,0.302180,0.189762,19.2372
10,20,1.1580,58,0,0,0.271181,0.172702,19.2372
10,20,1.1780,59,0,0,0.282774,0.152131,19.2381
10,20,1.1980,60,0,0,0.287809,0.135299,19.2395
10,20,1.2180,61,0,0,0.300250,0.125884,19.2413
10,20,1.2380,62,0,0,0.347084,0.121520,19.2429
10,20,1.2580,63,0,0,0.396177,0.120909,19.2442
10,20,1.2780,64,0,0,0.444414,0.123419,19.2449
10,20,1.2980,65,0,0,0.486846,0.127916,19.2452
10,20,1.3180,66,0,0,0.518440,0.133255,19.2451
10,20,1.3380,67,0,0,0.536976,0.144025,19.2442
10,20,1.3580,68,0,0,0.542570,0.153693,19.2429
10,20,1.3780,69,0,0,0.544202,0.160147,19.2416
10,20,1.3980,70,0,0,0.543049,0.164577,19.2406
10,20,1.4180,71,0,0,0.538552,0.170375,19.2396
10,20,1.4380,72,0,0,0.533767,0.172470,19.2389
10,20,1.4580,73,0,0,0.527822,0.170839,19.2385
10,20,1.4780,74,0,0,0.525323,0.165329,19.2384
10,20,1.4980,75,0,0,0.519907,0.157795,19.2385
10,20,1.5180,76,0,0,0.507419,0.150746,19.2388
10,20,1.5380,77,0,0,0.491228,0.146165,19.2392
10,20,1.5580,78,0,0,0.464600,0.144302,19.2398
10,20,1.5780,79,0,0,0.448163,0.144185,19.2405
10,20,1.5980,80,0,0,0.433513,0.146759,19.2414
10,20,1.6180,81,0,0,0.416418,0.147474,19.2421
10,20,1.6380,82,0,0,0.395047,0.146146,19.2428
10,20,1.6580,83,0,0,0.374772,0.147827,19.2434
10,20,1.6780,84,0,0,0.359667,0.153454,19.2441
10,20,1.6980,85,0,0,0.349632,0.159094,19.2446
10,20,1.7180,86,0,0,0.343465,0.164004,19.2450
10,20,1.7380,87,0,0,0.340594,0.168187,19.2452
10,20,1.7580,88,0,0,0.340158,0.171662,19.2451
10,20,1.7780,89,0,0,0.340748,0.174420,19.2448
10,20,1.7980,90,0,0,0.345065,0.176517,19.2442
10,20,1.8180,91,0,0,0.351203,0.178108,19.2435
10,20,1.8380,92,0,0,0.358115,0.179618,19.2426
10,20,1.8580,93,0,0,0.363509,0.181496,19.2418
10,20,1.8780,94,0,0,0.354215,0.183124,19.2407
10,20,1.8980,95,0,0,0.355525,0.185224,19.2399
10,20,1.9190,96,0,0,0.358972,0.188117,19.2392
10,20,1.9380,97,0,0,0.356941,0.191935,19.2385
10,20,1.9580,98,0,0,0.348657,0.196411,19.2380
10,20,1.9780,99,0,0,0.340400,0.201588,19.2375
10,20,1.9980,100,0,0,0.329929,0.207302,19.2370
10,20,2.0180,101,0,0,0.332766,0.213241,19.2367
10,20,2.0380,102,0,0,0.356502,0.219131,19.2366
10,20,2.0580,103,0,0,0.377229,0.224846,19.2366
10,20,2.0780,104,0,0,0.394226,0.230372,19.2368
10,20,2.0980,105,0,0,0.410612,0.235484,19.2372
10,20,2.1180,106,0,0,0.426366,0.240367,19.2378
10,20,2.1380,107,0,0,0.439088,0.245059,19.2385
10,20,2.1580,108,0,0,0.448254,0.249425,19.2392
10,20,2.1780,109,0,0,0.454082,0.253331,19.2398
10,20,2.1980,110,0,0,0.457396,0.256675,19.2405
10,20,2.2180,111,0,0,0.458624,0.259360,19.2410
10,20,2.2380,112,0,0,0.458191,0.261459,19.2415
10,20,2.2580,113,0,0,0.456546,0.263055,19.2419
10,20,2.2780,114,0,0,0.454295,0.264240,19.2421
10,20,2.2980,115,0,0,0.451812,0.265196,19.2421
10,20,2.3180,116,0,0,0.449332,0.266051,19.2421
10,20,2.3380,117,0,0,0.446984,0.266892,19.2418
10,20,2.3580,118,0,0,0.444883,0.267835,19.2414
10,20,2.3780,119,0,0,0.443107,0.268936,19.2409
10,20,2.3980,120,0,0,0.441739,0.270195,19.2403
10,20,2.4180,121,0,0,0.440929,0.271589,19.2396
10,20,2.4380,122,0,0,0.446960,0.273074,19.2388
10,20,2.4580,123,0,0,0.458375,0.274571,19.2380
10,20,2.4780,124,0,0,0.470114,0.275986,19.2372
10,20,2.4980,125,0,0,0.482251,0.277267,19.2364
10,20,2.5180,126,0,0,0.493955,0.278385,19.2356
10,20,2.5380,127,0,0,0.503769,0.279341,19.2348
10,20,2.5580,128,0,0,0.513171,0.280156,19.2341
10,20,2.5780,129,0,0,0.521637,0.280902,19.2334
10,20,2.5980,130,0,0,0.530990,0.281680,19.2329
10,20,2.6180,131,0,0,0.555222,0.282609,19.2323
10,20,2.6380,132,0,0,0.585649,0.283810,19.2318
10,20,2.6580,133,0,0,0.619393,0.285386,19.2312
10,20,2.6780,134,0,0,0.654875,0.287511,19.2308
10,20,2.6980,135,0,0,0.690426,0.290257,19.2303
10,20,2.7180,136,0,0,0.724935,0.293552,19.2298
10,20,2.7380,137,0,0,0.758138,0.297142,19.2293
10,20,2.7580,138,0,0,0.789920,0.300839,19.2287
10,20,2.7780,139,0,0,0.820300,0.304527,19.2281
10,20,2.7980,140,0,0,0.849380,0.308143,19.2275
10,20,2.8180,141,0,0,0.877011,0.311620,19.2267
10,20,2.8380,142,0,0,0.902255,0.314916,19.2260
10,20,2.8580,143,0,0,0.924962,0.317938,19.2252
10,20,2.8780,144,0,0,0.944988,0.320652,19.2243
10,20,2.8980,145,0,0,0.961507,0.322989,19.2233
10,20,2.9180,146,0,0,0.974767,0.324867,19.2223
10,20,2.9380,147,0,0,0.986397,0.326345,19.2211
10,20,2.9580,148,0,0,0.997059,0.327570,19.2200
10,20,2.9780,149,0,0,1.006827,0.328719,19.2187
10,20,2.9980,150,0,0,1.015589,0.329913,19.2175
10,20,3.0180,151,0,0,1.023285,0.331312,19.2161
10,20,3.0380,152,0,0,1.029937,0.339369,19.2147
10,20,3.0580,153,0,0,1.035699,0.344801,19.2132
10,20,3.0780,154,0,0,1.041165,0.353272,19.2115
10,20,3.0980,155,0,0,1.047555,0.361726,19.2094
10,20,3.1180,156,0,0,1.054780,0.369637,19.2069
10,20,3.1380,157,0,0,1.059779,0.376307,19.2040
10,20,3.1580,158,0,0,1.061495,0.381729,19.2011
10,20,3.1780,159,0,0,1.061846,0.385925,19.1982
10,20,3.1980,160,0,0,1.064594,0.388957,19.1954
10,20,3.2180,161,0,0,1.073197,0.390754,19.1927
10,20,3.2380,162,0,0,1.089569,0.391170,19.1902
10,20,3.2580,163,0,0,1.114065,0.390480,19.1876
10,20,3.2780,164,0,0,1.140812,0.388979,19.1851
10,20,3.2980,165,0,0,1.171033,0.387346,19.1825
10,20,3.3180,166,0,0,1.207749,0.385470,19.1801
10,20,3.3380,167,0,0,1.249873,0.383156,19.1777
10,20,3.3580,168,0,0,1.290986,0.380995,19.1752
10,20,3.3780,169,0,0,1.328404,0.379350,19.1727
10,20,3.3980,170,0,0,1.365535,0.378429,19.1703
10,20,3.4180,171,0,0,1.401849,0.378583,19.1680
10,20,3.4380,172,0,0,1.435569,0.380459,19.1656
10,20,3.4580,173,0,0,1.465154,0.384613,19.1631
10,20,3.4780,174,0,0,1.489283,0.391027,19.1605
10,20,3.4980,175,0,0,1.507398,0.399017,19.1577
10,20,3.5180,176,0,0,1.518841,0.407769,19.1548
10,20,3.5380,177,0,0,1.525130,0.416762,19.1517
10,20,3.5580,178,0,0,1.528932,0.425692,19.1486
10,20,3.5780,179,0,0,1.529262,0.434389,19.1454
10,20,3.5980,180,0,0,1.526042,0.442743,19.1421
10,20,3.6180,181,0,0,1.519155,0.450664,19.1387
10,20,3.6380,182,0,0,1.508825,0.458125,19.1352
10,20,3.6580,183,0,0,1.495392,0.465216,19.1317
10,20,3.6780,184,0,0,1.479582,0.472086,19.1280
10,20,3.6980,185,0,0,1.462307,0.478913,19.1244
10,20,3.7180,186,0,0,1.444583,0.485862,19.1208
10,20,3.7380,187,0,0,1.427370,0.493049,19.1172
10,20,3.7580,188,0,0,1.411398,0.500550,19.1136
10,20,3.7780,189,0,0,1.397344,0.508431,19.1100
10,20,3.7980,190,0,0,1.385532,0.516801,19.1065
10,20,3.8180,191,0,0,1.376236,0.525847,19.1030
10,20,3.8380,192,0,0,1.369811,0.535351,19.0995
10,20,3.8580,193,0,0,1.366560,0.545159,19.0960
10,20,3.8780,194,0,0,1.366435,0.555219,19.0926
10,20,3.8980,195,0,0,1.369417,0.565619,19.0892
10,20,3.9180,196,0,0,1.375228,0.576353,19.0858
10,20,3.9380,197,0,0,1.383198,0.587280,19.0824
10,20,3.9580,198,0,0,1.392927,0.598413,19.0790
10,20,3.9780,199,0,0,1.404320,0.609839,19.0756
10,20,3.9980,200,0,0,1.417015,0.621630,19.0723
10,20,4.0180,201,0,0,1.430746,0.633808,19.0690
10,20,4.0380,202,0,0,1.445281,0.646280,19.0657
10,20,4.0580,203,0,0,1.460602,0.658919,19.0623
10,20,4.0780,204,0,0,1.476794,0.671603,19.0590
10,20,4.0980,205,0,0,1.493901,0.684151,19.0556
10,20,4.1180,206,0,0,1.511705,0.696428,19.0521
10,20,4.1380,207,0,0,1.529770,0.708314,19.0485
10,20,4.1580,208,0,0,1.547839,0.719787,19.0449
10,20,4.1780,209,0,0,1.565783,0.730885,19.0412
10,20,4.1980,210,0,0,1.583664,0.741553,19.0374
10,20,4.2180,211,0,0,1.601666,0.752216,19.0334
10,20,4.2380,212,0,0,1.619874,0.762884,19.0293
10,20,4.2580,213,0,0,1.638342,0.773363,19.0250
10,20,4.2780,214,0,0,1.657123,0.783672,19.0206
10,20,4.2980,215,0,0,1.676379,0.793845,19.0161
10,20,4.3180,216,0,0,1.696281,0.803866,19.0114
10,20,4.3380,217,0,0,1.716940,0.813896,19.0066
10,20,4.3580,218,0,0,1.738325,0.823874,19.0016
10,20,4.3780,219,0,0,1.760358,0.833888,18.9965
10,20,4.3980,220,0,0,1.782898,0.844071,18.9912
10,20,4.4180,221,0,0,1.805850,0.854390,18.9858
10,20,4.4380,222,0,0,1.829172,0.864829,18.9803
10,20,4.4580,223,0,0,1.852999,0.875349,18.9747
10,20,4.4780,224,0,0,1.877631,0.886016,18.9689
10,20,4.4980,225,0,0,1.903296,0.896842,18.9630
10,20,4.5180,226,0,0,1.930250,0.907923,18.9570
10,20,4.5380,227,0,0,1.958612,0.919296,18.9509
10,20,4.5580,228,0,0,1.988432,0.930875,18.9446
10,20,4.5780,229,0,0,2.019681,0.942605,18.9382
10,20,4.5980,230,0,0,2.061437,0.954577,18.9314
10,20,4.6180,231,0,0,2.109528,0.966537,18.9244
10,20,4.6380,232,0,0,2.155649,0.978438,18.9172
10,20,4.6580,233,0,0,2.198842,0.990341,18.9098
10,20,4.6780,234,0,0,2.240376,1.002409,18.9022
10,20,4.6980,235,0,0,2.281854,1.014831,18.8944
10,20,4.7180,236,0,0,2.325271,1.027558,18.8861
10,20,4.7380,237,0,0,2.371409,1.039750,18.8774
10,20,4.7580,238,0,0,2.419237,1.051898,18.8686
10,20,4.7780,239,0,0,2.467393,1.063802,18.8596
10,20,4.7980,240,0,0,2.512693,1.075650,18.8503
10,20,4.8180,241,0,0,2.553771,1.087590,18.8407
10,20,4.8380,242,0,0,2.592463,1.099624,18.8307
10,20,4.8580,243,0,0,2.631695,1.111886,18.8203
10,20,4.8780,244,0,0,2.673626,1.124384,18.8096
10,20,4.8980,245,0,0,2.719120,1.137078,18.7984
10,20,4.9180,246,0,0,2.767911,1.150016,18.7867
10,20,4.9380,247,0,0,2.819674,1.163309,18.7745
10,20,4.9580,248,0,0,2.869518,1.177233,18.7617
10,20,4.9780,249,0,0,2.920701,1.191772,18.7484
10,20,4.9980,250,0,0,2.976486,1.207072,18.7345
10,20,5.0180,251,0,0,3.037480,1.223352,18.7199
10,20,5.0380,252,0,0,3.103398,1.240697,18.7046
10,20,5.0580,253,0,0,3.168936,1.259109,18.6885
10,20,5.0780,254,0,0,3.237361,1.278516,18.6715
10,20,5.0980,255,0,0,3.311340,1.299072,18.6538
10,20,5.1180,256,0,0,3.390447,1.320985,18.6350
10,20,5.1380,257,0,0,3.471401,1.343568,18.6153
10,20,5.1580,258,0,0,3.554499,1.365923,18.5944
10,20,5.1780,259,0,0,3.640648,1.387084,18.5724
10,20,5.1980,260,0,0,3.730201,1.409609,18.5492
10,20,5.2180,261,0,0,3.823095,1.435009,18.5245
10,20,5.2380,262,0,0,3.917444,1.462110,18.4983
10,20,5.2580,263,0,0,4.012538,1.489775,18.4707
10,20,5.2780,264,0,0,4.108501,1.518166,18.4418
10,20,5.2980,265,0,0,4.205908,1.547879,18.4116
10,20,5.3180,266,0,0,4.305994,1.579169,18.3802
10,20,5.3380,267,0,0,4.412218,1.612312,18.3475
10,20,5.3580,268,0,0,4.524100,1.646959,18.3133
10,20,5.3780,269,0,0,4.639026,1.682909,18.2776
10,20,5.3980,270,0,0,4.756540,1.720302,18.2403
10,20,5.4180,271,0,0,4.872913,1.759681,18.2013
10,20,5.4380,272,0,0,4.986903,1.801178,18.1604
10,20,5.4580,273,0,0,5.099010,1.844582,18.1178
10,20,5.4780,274,0,0,5.210156,1.890151,18.0732
10,20,5.4980,275,0,0,5.320970,1.937602,18.0266
10,20,5.5180,276,0,0,5.431266,1.985341,17.9778
10,20,5.5380,277,0,0,5.539290,2.034869,17.9266
10,20,5.5580,278,0,0,5.643966,2.087521,17.8728
10,20,5.5780,279,0,0,5.746530,2.139283,17.8162
10,20,5.5980,280,0,0,5.839783,2.187800,17.7564
10,20,5.6180,281,0,0,5.934472,2.236732,17.6933
10,20,5.6380,282,0,0,6.033277,2.291741,17.6270
10,20,5.6580,283,0,0,6.140251,2.350486,17.5576
10,20,5.6780,284,0,0,6.246548,2.413679,17.4849
10,20,5.6980,285,0,0,6.354071,2.481672,17.4087
10,20,5.7180,286,0,0,6.464750,2.552709,17.3292
10,20,5.7380,287,0,0,6.577152,2.626183,17.2464
10,20,5.7580,288,0,0,6.692180,2.700371,17.1604
10,20,5.7780,289,0,0,6.807735,2.772633,17.0714
10,20,5.7980,290,0,0,6.922106,2.846500,16.9794
10,20,5.8180,291,0,0,7.037344,2.921555,16.8845
10,20,5.8380,292,0,0,7.156810,2.997450,16.7866
10,20,5.8580,293,0,0,7.277862,3.073527,16.6851
10,20,5.8780,294,0,0,7.401465,3.151391,16.5799
10,20,5.8980,295,0,0,7.528127,3.232976,16.4711
10,20,5.9180,296,0,0,7.656507,3.318851,16.3587
10,20,5.9380,297,0,0,7.786209,3.406741,16.2426
10,20,5.9580,298,0,0,7.917844,3.495907,16.1228
10,20,5.9780,299,0,0,8.051295,3.586439,15.9993
10,20,5.9980,300,0,0,8.186448,3.678880,15.8722
10,20,6.0180,301,0,0,8.323195,3.773766,15.7414
10,20,6.0380,302,0,0,8.461437,3.870938,15.6069
10,20,6.0580,303,0,0,8.601077,3.970216,15.4688
10,20,6.0780,304,0,0,8.742028,4.072496,15.3270
10,20,6.0980,305,0,0,8.884205,4.176738,15.1816
10,20,6.1180,306,0,0,9.027527,4.283034,15.0326
10,20,6.1380,307,0,0,9.171920,4.390663,14.8799
10,20,6.1580,308,0,0,9.317313,4.499198,14.7237
10,20,6.1780,309,0,0,9.463643,4.610844,14.5638
10,20,6.1980,310,0,0,9.610843,4.723508,14.4003
10,20,6.2180,311,0,0,9.758857,4.836647,14.2333
10,20,6.2380,312,0,0,9.907628,4.950183,14.0626
10,20,6.2580,313,0,0,10.057104,5.064028,13.8884
10,20,6.2780,314,0,0,10.207236,5.177834,13.7106
10,20,6.2980,315,0,0,10.357978,5.291551,13.5292
10,20,6.3180,316,0,0,10.509286,5.405527,13.3443
10,20,6.3380,317,0,0,10.661118,5.519845,13.1558
10,20,6.3580,318,0,0,10.813435,5.634607,12.9638
10,20,6.3780,319,0,0,10.966201,5.749921,12.7682
10,20,6.3980,320,0,0,11.119379,5.865885,12.5692
10,20,6.4180,321,0,0,11.272939,5.982611,12.3666
10,20,6.4380,322,0,0,11.426848,6.100397,12.1604
10,20,6.4580,323,0,0,11.581078,6.218839,11.9508
10,20,6.4780,324,0,0,11.735599,6.338897,11.7377
10,20,6.4980,325,0,0,11.890387,6.460290,11.5211
10,20,6.5180,326,0,0,12.045415,6.582545,11.3010
10,20,6.5380,327,0,0,12.200662,6.706102,11.0774
10,20,6.5580,328,0,0,12.356103,6.830107,10.8503
10,20,6.5780,329,0,0,12.511718,6.953651,10.6198
10,20,6.5980,330,0,0,12.667487,7.076978,10.3858
10,20,6.6180,331,0,0,12.823392,7.199076,10.1484
10,20,6.6380,332,0,0,12.979412,7.320067,9.9075
10,20,6.6580,333,0,0,13.135533,7.441006,9.6632
10,20,6.6780,334,0,0,13.291737,7.563075,9.4154
10,20,6.6980,335,0,0,13.448009,7.686274,9.1642
10,20,6.7180,336,0,0,13.604336,7.810290,8.9096
10,20,6.7380,337,0,0,13.760699,7.935244,8.6516
10,20,6.7580,338,0,0,13.917090,8.061136,8.3902
10,20,6.7780,339,0,0,14.073494,8.187797,8.1254
10,20,6.7980,340,0,0,14.229898,8.315165,7.8572
10,20,6.8180,341,0,0,14.386292,8.443205,7.5856
10,20,6.8380,342,0,0,14.542665,8.571916,7.3107
10,20,6.8580,343,0,0,14.699007,8.701281,7.0324
10,20,6.8780,344,0,0,14.855308,8.831275,6.7507
10,20,6.8980,345,0,0,15.011558,8.961795,6.4656
10,20,6.9180,346,0,0,15.167747,9.092667,6.1772
10,20,6.9380,347,0,0,15.323868,9.223846,5.8855
10,20,6.9580,348,0,0,15.479912,9.355195,5.5904
10,20,6.9780,349,0,0,15.635871,9.486876,5.2920
10,20,6.9980,350,0,0,15.791739,9.619177,4.9903
10,20,7.0180,351,0,0,15.947508,9.752255,4.9083
10,20,7.0380,352,0,0,16.103170,9.886185,4.8230
10,20,7.0580,353,0,0,16.258720,10.021081,4.7340
10,20,7.0780,354,0,0,16.414154,10.156904,4.6413
10,20,7.0980,355,0,0,16.569462,8.059443,4.5448
10,20,7.1180,356,0,0,16.724640,7.554925,4.4446
10,20,7.1380,357,0,0,16.879681,6.772362,4.3407
10,20,7.1580,358,0,0,17.034580,6.779972,4.2331
10,20,7.1780,359,0,0,17.189337,6.635296,4.1218
10,20,7.1980,360,0,0,17.343939,6.014321,4.0068
10,20,7.2180,361,0,0,17.498388,5.439740,3.8880
10,20,7.2380,362,0,0,17.652678,4.721982,3.7657
10,20,7.2580,363,0,0,17.806803,4.203495,3.6396
10,20,7.2780,364,0,0,8.821875,3.578001,3.5098
10,20,7.2980,365,0,0,9.117488,3.580563,3.3765
10,20,7.3180,366,0,0,7.905247,3.465191,3.2394
10,20,7.3380,367,0,0,8.059928,3.417553,3.0987
10,20,7.3580,368,0,0,8.215436,3.342687,2.9544
10,20,7.3780,369,0,0,8.371703,3.358322,2.8064
10,20,7.3980,370,0,0,8.528664,3.377492,2.6548
10,20,7.4180,371,0,0,8.686258,3.296848,2.4996
10,20,7.4380,372,0,0,8.844433,3.265802,2.3408
10,20,7.4580,373,0,0,9.003132,3.254509,2.1784
10,20,7.4780,374,0,0,9.162312,3.262304,2.0124
10,20,7.4980,375,0,0,9.321924,3.275275,1.8428
10,20,7.5180,376,0,0,9.481930,3.248408,1.6696
10,20,7.5380,377,0,0,9.642289,3.270502,1.4928
10,20,7.5580,378,0,0,9.802966,3.276061,1.3475
10,20,7.5780,379,0,0,9.963925,3.275493,1.3055
10,20,7.5980,380,0,0,10.125137,3.276065,1.2598
10,20,7.6180,381,1,0,10.286571,3.291027,1.2102
10,20,7.6380,382,1,0,10.448198,3.313346,1.1568
10,20,7.6580,383,1,0,5.936563,2.371078,1.0996
10,20,7.6780,384,1,0,5.848107,1.951506,1.0385
10,20,7.6980,385,1,0,5.891562,1.620937,0.9737
10,20,7.7180,386,1,0,5.811945,1.445467,0.9353
10,20,7.7380,387,1,0,5.857316,1.358378,0.8883
10,20,7.7580,388,1,0,5.908545,1.319259,0.8373
10,20,7.7780,389,1,0,4.988283,1.251270,0.7824
10,20,7.7980,390,1,0,4.579809,1.211555,0.7236
10,20,7.8180,391,1,0,4.421579,1.190913,0.6805
10,20,7.8380,392,1,0,4.250054,1.083557,0.6556
10,20,7.8580,393,1,0,4.057828,1.043851,0.6276
10,20,7.8780,394,2,0,3.953797,0.990188,0.6065
10,20,7.8980,395,2,0,3.850641,0.967692,0.6066
10,20,7.9180,396,3,0,3.763559,0.903873,0.6128
10,20,7.9380,397,3,0,3.705358,0.775818,0.6187
10,20,7.9580,398,3,0,3.652884,0.742810,0.6244
10,20,7.9780,399,3,0,3.606977,0.655900,0.6299
10,20,7.9980,400,5,0,3.568444,0.624693,0.6354
10,20,8.0180,401,5,0,3.538062,0.591736,0.6409
10,20,8.0380,402,5,0,3.139877,0.542764,0.6465
10,20,8.0580,403,5,0,3.039727,0.518967,0.6522
10,20,8.0780,404,6,0,2.939867,0.497605,0.6576
10,20,8.0980,405,7,0,2.840280,0.479384,0.6627
10,20,8.1180,406,7,0,2.740949,0.444452,0.6671
10,20,8.1380,407,7,0,2.641860,0.410564,0.6710
10,20,8.1580,408,7,0,2.542998,0.390668,0.6744
10,20,8.1780,409,7,0,2.444350,0.369385,0.6774
10,20,8.1980,410,8,0,2.345906,0.351468,0.6799
10,20,8.2180,411,9,0,2.247653,0.336627,0.6821
10,20,8.2380,412,9,0,2.149586,0.330168,0.6840
10,20,8.2580,413,9,0,2.051693,0.325493,0.6856
10,20,8.2780,414,9,0,1.953969,0.301575,0.6870
10,20,8.2980,415,9,0,1.856407,0.270628,0.6881
10,20,8.3180,416,10,0,1.759000,0.216322,0.6890
10,20,8.3380,417,10,0,1.661742,0.201283,0.6897
10,20,8.3580,418,10,0,1.564629,0.186413,0.6903
10,20,8.3780,419,10,0,1.467656,0.171695,0.6906
10,20,8.3980,420,10,0,1.370817,0.157138,0.6908
10,20,8.4180,421,12,0,1.274109,0.146803,0.6908
10,20,8.4380,422,12,0,1.177526,0.137111,0.6907
10,20,8.4580,423,12,0,1.081065,0.127550,0.6904
10,20,8.4780,424,12,0,0.984722,0.118106,0.6899
10,20,8.4980,425,12,0,0.888492,0.108777,0.6892
10,20,8.5180,426,12,0,0.792371,0.099564,0.6884
10,20,8.5380,427,12,0,0.696355,0.090470,0.6873
10,20,8.5580,428,13,0,0.600440,0.081504,0.6860
10,20,8.5780,429,13,0,0.603988,0.072705,0.6845
10,20,8.5980,430,13,0,0.623604,0.064170,0.6827
10,20,8.6180,431,13,0,0.645779,0.055949,0.6807
10,20,8.6380,432,14,0,0.670592,0.047993,0.6783
10,20,8.6580,433,15,0,0.698129,0.040969,0.6755
10,20,8.6780,434,15,0,0.728486,0.038008,0.6723
10,20,8.6980,435,15,0,0.761766,0.038097,0.6687
10,20,8.7180,436,15,0,0.798083,0.039909,0.6646
10,20,8.7380,437,15,0,0.837551,0.041878,0.6599
10,20,8.7580,438,16,0,0.880301,0.044015,0.6545
10,20,8.7780,439,16,0,0.926461,0.046323,0.6484
10,20,8.7980,440,16,0,0.976172,0.048809,0.6415
10,20,8.8180,441,16,0,1.029580,0.051479,0.6337
10,20,8.8380,442,17,0,1.086827,0.054341,0.6248
10,20,8.8580,443,17,0,1.148063,0.057403,0.6148
10,20,8.8780,444,17,0,1.213430,0.060671,0.6036
10,20,8.8980,445,17,0,1.283078,0.064154,0.5909
10,20,8.9180,446,17,0,1.357137,0.067857,0.5766
10,20,8.9380,447,17,0,1.435737,0.071787,0.5605
10,20,8.9580,448,17,0,1.518984,0.075949,0.5425
10,20,8.9780,449,17,0,1.606968,0.080348,0.5223
10,20,8.9980,450,17,0,1.699754,0.084988,0.5000
10,20,9.0180,451,17,0,0.763950,0.038198,0.5000
10,20,9.0380,452,17,0,0.561211,0.028061,0.5000
10,20,9.0580,453,18,0,0.467907,0.023395,0.5000
10,20,9.0780,454,19,0,0.375030,0.018752,0.5000
10,20,9.0980,455,19,0,0.282394,0.014120,0.5000
10,20,9.1180,456,19,0,0.189833,0.009492,0.5000
10,20,9.1380,457,19,0,0.096800,0.004840,0.5000
10,20,9.1580,458,19,0,0.004062,0.000203,0.5000
10,20,9.1780,459,19,0,0.000291,0.000015,0.5000
10,20,9.1980,460,19,0,0.000007,0.000000,0.5000
10,20,9.2180,461,19,0,0.000005,0.000000,0.5000
10,20,9.2380,462,19,0,0.000003,0.000000,0.5000
10,20,9.2580,463,19,0,0.000002,0.000000,0.5000
10,20,9.2780,464,19,0,0.000001,0.000000,0.5000
10,20,9.2980,465,19,0,0.000001,0.000000,0.5000
10,20,9.3180,466,19,0,0.000001,0.000000,0.5000
10,20,9.3380,467,19,0,0.000001,0.000000,0.5000
10,20,9.3580,468,19,0,0.000001,0.000000,0.5000
10,20,9.3780,469,19,0,0.000001,0.000000,0.5000
10,20,9.3980,470,19,0,0.000001,0.000000,0.5000
10,20,9.4180,471,19,0,0.000001,0.000000,0.5000
10,20,9.4380,472,19,0,0.000001,0.000000,0.5000
10,20,9.4580,473,19,0,0.000001,0.000000,0.5000
10,20,9.4780,474,19,0,0.000001,0.000000,0.5000
10,20,9.4980,475,19,0,0.000001,0.000000,0.5000
10,20,9.5180,476,19,0,0.000001,0.000000,0.5000
10,20,9.5380,477,19,0,0.000001,0.000000,0.5000
10,20,9.5580,478,20,0,0.000000,0.000000,0.5000
