run,num_cubos,t_s,phys_frame,asleep,active_objs,max_v,mean_v,top_y
1,100,0.0167,1,0,100,0.163306,0.157061,99.4973
1,100,0.0367,2,0,100,0.359235,0.340582,99.4901
1,100,0.0567,3,0,100,0.555124,0.516993,99.4790
1,100,0.0767,4,0,100,0.750973,0.685574,99.4640
1,100,0.0967,5,0,100,0.946784,0.845564,99.4450
1,100,0.1167,6,0,100,1.142555,0.996175,99.4222
1,100,0.1367,7,0,100,1.338288,1.136600,99.3954
1,100,0.1567,8,0,100,1.533981,1.266018,99.3647
1,100,0.1767,9,0,100,1.729635,1.383615,99.3301
1,100,0.1967,10,0,100,1.925250,1.488589,99.2916
1,100,0.2167,11,0,100,2.120825,1.580176,99.2492
1,100,0.2367,12,0,100,2.316360,1.657664,99.2029
1,100,0.2567,13,0,100,2.511853,1.720409,99.1527
1,100,0.2767,14,0,100,2.707301,1.767836,99.0985
1,100,0.2967,15,0,100,2.902650,1.799485,99.0405
1,100,0.3167,16,0,100,3.097830,1.815145,98.9785
1,100,0.3367,17,0,100,3.292569,1.815143,98.9126
1,100,0.3567,18,0,100,3.486235,1.800616,98.8429
1,100,0.3767,19,0,100,3.677479,1.773258,98.7694
1,100,0.3967,20,0,100,3.863684,1.734926,98.6920
1,100,0.4167,21,0,100,4.040214,1.687545,98.6112
1,100,0.4367,22,0,100,4.199501,1.632890,98.5271
1,100,0.4567,23,0,100,4.330132,1.572749,98.4403
1,100,0.4767,24,0,100,4.416144,1.508741,98.3517
1,100,0.4967,25,0,100,4.436799,1.443838,98.2625
1,100,0.5167,26,0,100,4.367135,1.381156,98.1746
1,100,0.5367,27,0,100,4.179523,1.324522,98.0903
1,100,0.5567,28,0,100,3.846367,1.278757,98.0126
1,100,0.5767,29,0,100,3.343983,1.250045,97.9450
1,100,0.5967,30,0,100,2.658644,1.246887,97.8914
1,100,0.6167,31,0,100,2.768512,1.283091,97.8563
1,100,0.6367,32,0,100,3.193669,1.391952,97.8440
1,100,0.6567,33,0,100,3.664060,1.650650,97.8584
1,100,0.6767,34,0,100,4.195978,1.944734,97.9030
1,100,0.6967,35,0,100,4.827394,2.216271,97.9793
1,100,0.7167,36,0,100,5.649343,2.452165,98.0883
1,100,0.7367,37,0,100,7.175171,2.642809,98.2291
1,100,0.7567,38,0,100,8.544022,2.780013,98.3989
1,100,0.7767,39,0,100,9.711823,2.857421,98.5931
1,100,0.7967,40,0,100,10.602594,2.875673,98.8059
1,100,0.8167,41,0,100,11.155169,2.841524,99.0301
1,100,0.8367,42,0,100,11.319336,2.764665,99.2580
1,100,0.8567,43,0,100,11.165448,2.678007,99.4817
1,100,0.8767,44,0,100,10.971907,2.603371,99.7000
1,100,0.8967,45,0,100,10.774759,2.535282,99.9144
1,100,0.9167,46,0,100,10.577693,2.472533,100.1248
1,100,0.9367,47,0,100,10.380703,2.413832,100.3313
1,100,0.9567,48,0,100,10.183794,2.358917,100.5338
1,100,0.9767,49,0,100,9.986967,2.306021,100.7323
1,100,0.9967,50,0,100,9.790225,2.255079,100.9269
1,100,1.0167,51,0,100,9.593571,2.205657,101.1175
1,100,1.0367,52,0,100,9.397009,2.158040,101.3042
1,100,1.0567,53,0,100,9.200541,2.110809,101.4869
1,100,1.0767,54,0,100,9.004169,2.064666,101.6656
1,100,1.0967,55,0,100,8.807901,2.019398,101.8404
1,100,1.1167,56,0,100,8.611739,1.973899,102.0113
1,100,1.1367,57,0,100,8.415688,1.928797,102.1782
1,100,1.1567,58,0,100,8.219752,1.886014,102.3411
1,100,1.1767,59,0,100,8.023938,1.845156,102.5001
1,100,1.1967,60,0,100,7.828251,1.803987,102.6551
1,100,1.2167,61,0,100,7.632699,1.764003,102.8062
1,100,1.2367,62,0,100,7.437289,1.722800,102.9534
1,100,1.2567,63,0,100,7.242029,1.684159,103.0965
1,100,1.2767,64,0,100,7.046929,1.648878,103.2358
1,100,1.2967,65,0,100,6.851997,1.613626,103.3711
1,100,1.3167,66,0,100,6.657247,1.583659,103.5024
1,100,1.3367,67,0,100,6.462690,1.560094,103.6299
1,100,1.3567,68,0,100,6.268340,1.544079,103.7533
1,100,1.3767,69,0,100,6.074214,1.523996,103.8728
1,100,1.3967,70,0,100,5.880330,1.496409,103.9884
1,100,1.4167,71,0,100,5.686709,1.471615,104.1000
1,100,1.4367,72,0,100,5.493375,1.454011,104.2077
1,100,1.4567,73,0,100,5.300353,1.442286,104.3115
1,100,1.4767,74,0,100,5.107675,1.423634,104.4113
1,100,1.4967,75,0,100,4.915362,1.417634,104.5072
1,100,1.5167,76,0,100,4.723471,1.402853,104.5991
1,100,1.5367,77,0,100,4.532049,1.376560,104.6871
1,100,1.5567,78,0,100,4.341154,1.383302,104.7711
1,100,1.5767,79,0,100,4.150851,1.348193,104.8513
1,100,1.5967,80,0,100,4.001275,1.356176,104.9275
1,100,1.6167,81,0,100,3.983971,1.313735,104.9997
1,100,1.6367,82,0,100,3.972112,1.301986,105.0680
1,100,1.6567,83,0,100,4.164084,1.277166,105.1324
1,100,1.6767,84,0,100,4.109694,1.264106,105.1929
1,100,1.6967,85,0,100,4.301912,1.240736,105.2494
1,100,1.7167,86,0,100,4.224294,1.227852,105.3020
1,100,1.7367,87,0,100,4.416593,1.200256,105.3507
1,100,1.7567,88,0,100,4.318877,1.197115,105.3954
1,100,1.7767,89,0,100,4.511203,1.186968,105.4362
1,100,1.7967,90,0,100,4.703720,1.193777,105.4731
1,100,1.8167,91,0,100,4.588774,1.195141,105.5060
1,100,1.8367,92,0,100,4.781281,1.177887,105.5351
1,100,1.8567,93,0,100,4.651581,1.176779,105.5602
1,100,1.8767,94,0,100,4.844066,1.190823,105.5813
1,100,1.8967,95,0,100,5.036708,1.190480,105.5986
1,100,1.9167,96,0,100,5.229488,1.215156,105.6119
1,100,1.9367,97,0,100,5.089158,1.239529,105.6213
1,100,1.9567,98,0,100,5.281901,1.269015,105.6268
1,100,1.9767,99,0,100,5.474762,1.289502,105.6284
1,100,1.9967,100,0,100,5.328683,1.325090,105.6260
1,100,2.0167,101,0,100,5.521502,1.371423,105.6198
1,100,2.0367,102,0,100,5.714424,1.407549,105.6096
1,100,2.0567,103,0,100,5.907435,1.450285,105.5955
1,100,2.0767,104,0,100,5.755726,1.496032,105.5775
1,100,2.0967,105,0,100,5.948711,1.548615,105.5555
1,100,2.1167,106,0,100,6.141774,1.588205,105.5297
1,100,2.1367,107,0,100,6.334904,1.636673,105.4999
1,100,2.1567,108,0,100,6.528091,1.689336,105.4662
1,100,2.1767,109,0,100,6.368693,1.738876,105.4286
1,100,2.1967,110,0,100,6.561898,1.782077,105.3871
1,100,2.2167,111,0,100,6.755149,1.829474,105.3417
1,100,2.2367,112,0,100,6.948441,1.880121,105.2924
1,100,2.2567,113,0,100,7.141767,1.933515,105.2392
1,100,2.2767,114,0,100,6.972764,1.981051,105.1820
1,100,2.2967,115,0,100,7.166162,2.019325,105.1210
1,100,2.3167,116,0,100,7.359583,2.070378,105.0560
1,100,2.3367,117,0,100,7.553023,2.125031,104.9871
1,100,2.3567,118,0,100,7.746477,2.183624,104.9144
1,100,2.3767,119,0,100,7.568098,2.225800,104.8377
1,100,2.3967,120,0,100,7.761693,2.283143,104.7571
1,100,2.4167,121,0,100,7.955290,2.346474,104.6726
1,100,2.4367,122,0,100,8.148889,2.418400,104.5843
1,100,2.4567,123,0,100,7.975253,2.479222,104.4920
1,100,2.4767,124,0,100,8.169045,2.554006,104.3958
1,100,2.4967,125,0,100,8.362825,2.640426,104.2957
1,100,2.5167,126,0,100,8.556592,2.737055,104.1917
1,100,2.5367,127,0,100,8.425607,2.836270,104.0838
1,100,2.5567,128,0,100,8.619580,2.941741,103.9721
1,100,2.5767,129,0,100,8.813529,3.045166,103.8564
1,100,2.5967,130,0,100,8.655025,3.148831,103.7368
1,100,2.6167,131,0,100,8.849076,3.261936,103.6133
1,100,2.6367,132,0,100,9.043097,3.382649,103.4860
1,100,2.6567,133,0,100,8.815049,3.504259,103.3547
1,100,2.6767,134,0,100,9.008949,3.631257,103.2196
1,100,2.6967,135,0,100,9.202823,3.759601,103.0806
1,100,2.7167,136,0,100,9.396670,3.892786,102.9376
1,100,2.7367,137,0,100,9.590488,4.028609,102.7908
1,100,2.7567,138,0,100,9.784280,4.166891,102.6401
1,100,2.7767,139,0,100,9.978042,4.306990,102.4855
1,100,2.7967,140,0,100,10.171775,4.449662,102.3271
1,100,2.8167,141,0,100,10.365479,4.592581,102.1647
1,100,2.8367,142,0,100,10.559151,4.736572,101.9984
1,100,2.8567,143,0,100,10.340523,4.876502,101.8283
1,100,2.8767,144,0,100,10.533879,5.017897,101.6543
1,100,2.8967,145,0,100,10.727217,5.158369,101.4764
1,100,2.9167,146,0,100,10.920533,5.301014,101.2946
1,100,2.9367,147,0,100,11.113830,5.444257,101.1089
1,100,2.9567,148,0,100,11.307104,5.589145,100.9193
1,100,2.9767,149,0,100,11.500357,5.735411,100.7259
1,100,2.9967,150,0,100,11.693584,5.884178,100.5286
1,100,3.0167,151,0,100,11.886786,6.034465,100.3274
1,100,3.0367,152,0,100,12.079965,6.187962,100.1223
1,100,3.0567,153,0,100,12.273118,6.342106,99.9133
1,100,3.0767,154,0,100,12.466244,6.497365,99.7005
1,100,3.0967,155,0,100,12.659344,6.654105,99.4838
1,100,3.1167,156,0,100,12.852416,6.812466,99.2632
1,100,3.1367,157,0,100,13.045459,6.971498,99.0387
1,100,3.1567,158,0,100,12.884067,7.131665,98.8104
1,100,3.1767,159,0,100,13.076826,7.292968,98.5782
1,100,3.1967,160,0,100,13.269565,7.455108,98.3421
1,100,3.2167,161,0,100,13.462284,7.617591,98.1021
1,100,3.2367,162,0,100,13.654981,7.780432,97.8583
1,100,3.2567,163,0,100,13.847653,7.943667,97.6106
1,100,3.2767,164,0,100,14.040305,8.106846,97.3591
1,100,3.2967,165,0,100,14.232933,8.269576,97.1036
1,100,3.3167,166,0,100,14.425536,8.432723,96.8443
1,100,3.3367,167,0,100,14.618114,8.596802,96.5811
1,100,3.3567,168,0,100,14.810668,8.761225,96.3141
1,100,3.3767,169,0,100,15.003195,8.925964,96.0432
1,100,3.3967,170,0,100,15.195695,9.091500,95.7684
1,100,3.4167,171,0,100,15.388169,9.257305,95.4898
1,100,3.4367,172,0,100,15.343158,9.423154,95.2073
1,100,3.4567,173,0,100,15.536158,9.589595,94.9209
1,100,3.4767,174,0,100,15.728386,9.756696,94.6307
1,100,3.4967,175,0,100,15.920590,9.923886,94.3366
1,100,3.5167,176,0,100,16.113043,10.091286,94.0387
1,100,3.5367,177,0,100,16.305307,10.259588,93.7369
1,100,3.5567,178,0,100,16.497438,10.428999,93.4312
1,100,3.5767,179,0,100,16.689547,10.599104,93.1217
1,100,3.5967,180,0,100,16.881628,10.769547,92.8083
1,100,3.6167,181,0,100,17.074091,10.939635,92.4911
1,100,3.6367,182,0,100,17.266211,11.109530,92.1700
1,100,3.6567,183,0,100,17.458214,11.279649,91.8451
1,100,3.6767,184,0,100,17.650187,11.445941,91.5163
1,100,3.6967,185,0,100,17.842133,11.614698,91.1837
1,100,3.7167,186,0,100,18.034052,11.784468,90.8471
1,100,3.7367,187,0,100,18.225943,11.954171,90.5068
1,100,3.7567,188,0,100,18.417805,12.124019,90.1626
1,100,3.7767,189,0,100,18.609638,12.294364,89.8146
1,100,3.7967,190,0,100,18.801441,12.465000,89.4627
1,100,3.8167,191,0,100,18.993217,12.636188,89.1069
1,100,3.8367,192,0,100,19.184961,12.807766,88.7473
1,100,3.8567,193,0,100,19.376677,12.979836,88.3839
1,100,3.8767,194,0,100,19.568361,13.151943,88.0166
1,100,3.8967,195,0,100,19.760015,13.324380,87.6454
1,100,3.9167,196,0,100,19.951639,13.497080,87.2705
1,100,3.9367,197,0,100,20.143234,13.669520,86.8916
1,100,3.9567,198,0,100,20.334795,13.842099,86.5090
1,100,3.9767,199,0,100,20.526325,14.014814,86.1225
1,100,3.9967,200,0,100,20.717825,14.187984,85.7321
1,100,4.0167,201,0,100,20.909292,14.361089,85.3379
1,100,4.0367,202,0,100,21.100731,14.533949,84.9399
1,100,4.0567,203,0,100,21.292133,14.706987,84.5380
1,100,4.0767,204,0,100,21.483503,14.879704,84.1323
1,100,4.0967,205,0,100,21.674843,15.052543,83.7228
1,100,4.1167,206,0,100,21.866152,15.225408,83.3094
1,100,4.1367,207,0,100,22.057426,15.400102,82.8922
1,100,4.1567,208,0,100,22.248667,15.574214,82.4711
1,100,4.1767,209,0,100,22.439875,15.747558,82.0462
1,100,4.1967,210,0,100,22.631052,15.923103,81.6175
1,100,4.2167,211,0,100,22.822195,16.095217,81.1849
1,100,4.2367,212,0,100,23.013304,16.267410,80.7486
1,100,4.2567,213,0,100,23.204380,16.441891,80.3083
1,100,4.2767,214,0,100,23.395422,16.616316,79.8643
1,100,4.2967,215,0,100,23.389441,16.791082,79.4164
1,100,4.3167,216,0,100,23.571186,16.965527,78.9647
1,100,4.3367,217,0,100,23.761957,17.140020,78.5091
1,100,4.3567,218,0,100,23.951765,17.313898,78.0498
1,100,4.3767,219,0,100,24.142616,17.486837,77.5866
1,100,4.3967,220,0,100,24.333435,17.657892,77.1195
1,100,4.4167,221,0,100,24.524220,17.832846,76.6487
1,100,4.4367,222,0,100,24.714972,18.003687,76.1740
1,100,4.4567,223,0,100,24.905691,18.173409,75.6955
1,100,4.4767,224,0,100,25.096375,18.344675,75.2132
1,100,4.4967,225,0,100,25.287025,18.515131,74.7270
1,100,4.5167,226,0,100,25.440313,18.685070,74.2371
1,100,4.5367,227,0,100,25.630959,18.856955,73.7433
1,100,4.5567,228,0,100,25.821571,19.031981,73.2457
1,100,4.5767,229,0,100,26.012154,19.207640,72.7442
1,100,4.5967,230,0,100,26.202696,19.383207,72.2390
1,100,4.6167,231,0,100,26.393204,19.559420,71.7299
1,100,4.6367,232,0,100,26.583679,19.713894,71.2170
1,100,4.6567,233,0,100,26.774117,19.748291,70.7003
1,100,4.6767,234,0,100,26.964520,19.557047,70.1798
1,100,4.6967,235,0,100,27.154888,19.535269,69.6555
1,100,4.7167,236,0,100,27.345222,19.246204,69.1274
1,100,4.7367,237,0,100,27.535521,19.289522,68.5954
1,100,4.7567,238,0,100,27.725784,19.251003,68.0597
1,100,4.7767,239,0,100,27.916008,19.377602,67.5201
1,100,4.7967,240,0,100,28.106201,19.497221,66.9767
1,100,4.8167,241,0,100,28.296358,19.325670,66.4295
1,100,4.8367,242,0,100,28.486479,19.446905,65.8785
1,100,4.8567,243,0,100,28.676565,19.390932,65.3237
1,100,4.8767,244,0,100,28.866613,19.389397,64.7650
1,100,4.8967,245,0,100,29.056625,19.400324,64.2026
1,100,4.9167,246,0,100,29.246605,19.180384,63.6363
1,100,4.9367,247,0,100,29.436548,19.265114,63.0663
1,100,4.9567,248,0,100,29.626455,19.393360,62.4924
1,100,4.9767,249,0,100,29.816328,19.476999,61.9148
1,100,4.9967,250,0,100,30.006163,19.314339,61.3333
1,100,5.0167,251,0,100,30.195959,19.370468,60.7481
1,100,5.0367,252,0,100,30.385725,19.448120,60.1590
1,100,5.0567,253,0,100,30.575451,19.213497,59.5661
1,100,5.0767,254,0,100,30.765144,19.212042,58.9695
1,100,5.0967,255,0,100,30.954800,19.315788,58.3690
1,100,5.1167,256,0,100,31.144419,19.411110,57.7647
1,100,5.1367,257,0,100,31.334002,19.528728,57.1567
1,100,5.1567,258,0,100,31.523552,19.567705,56.5448
1,100,5.1767,259,0,100,31.713062,19.307924,55.9292
1,100,5.1967,260,0,100,31.902538,19.424349,55.3098
1,100,5.2167,261,0,100,32.091976,19.541119,54.6865
1,100,5.2367,262,0,100,32.281380,19.533892,54.0595
1,100,5.2567,263,0,100,32.470749,19.456015,53.4287
1,100,5.2767,264,0,100,32.660076,19.579107,52.7941
1,100,5.2967,265,0,100,32.849373,19.680548,52.1557
1,100,5.3167,266,0,100,33.038628,19.341009,51.5135
1,100,5.3367,267,0,100,33.227852,19.388239,50.8675
1,100,5.3567,268,0,100,33.417038,19.182867,50.2177
1,100,5.3767,269,0,100,33.606186,18.694727,49.5641
1,100,5.3967,270,0,100,33.795300,17.913141,48.9068
1,100,5.4167,271,0,100,33.984375,17.572521,48.2456
1,100,5.4367,272,0,100,34.173412,17.384407,47.5807
1,100,5.4567,273,0,100,34.362415,17.336586,46.9120
1,100,5.4767,274,0,100,34.551384,17.344923,46.2395
1,100,5.4967,275,0,100,34.740314,17.209850,45.5632
1,100,5.5167,276,0,100,34.929211,17.043715,44.8831
1,100,5.5367,277,0,100,35.118065,16.835085,44.1993
1,100,5.5567,278,0,100,35.306889,16.760479,43.5116
1,100,5.5767,279,0,100,35.495674,16.501423,42.8202
1,100,5.5967,280,0,100,35.684422,16.113043,42.1250
1,100,5.6167,281,0,100,35.873131,16.028801,41.4260
1,100,5.6367,282,0,100,36.061806,15.958666,40.7233
1,100,5.6567,283,0,100,36.250446,15.516881,40.0168
1,100,5.6767,284,0,100,36.439049,15.261935,39.3064
1,100,5.6967,285,0,100,36.627613,15.279515,38.5924
1,100,5.7167,286,0,100,36.816147,15.313725,37.8745
1,100,5.7367,287,1,99,37.004635,15.271031,37.1528
1,100,5.7567,288,1,99,37.193092,14.997890,36.4274
1,100,5.7767,289,1,99,37.381516,14.667878,35.6982
1,100,5.7967,290,1,99,37.569897,14.446619,34.9653
1,100,5.8167,291,1,99,37.758244,13.995637,34.2285
1,100,5.8367,292,1,99,37.946548,13.967055,33.4880
1,100,5.8567,293,0,100,38.134823,13.863209,32.7438
1,100,5.8767,294,0,100,38.323063,13.721937,31.9957
1,100,5.8967,295,0,100,38.511261,13.462277,31.2439
1,100,5.9167,296,0,100,38.699425,13.479928,30.4883
1,100,5.9367,297,0,100,38.887550,13.486100,29.7289
1,100,5.9567,298,1,99,39.075638,13.169564,28.9658
1,100,5.9767,299,1,99,39.263691,12.958076,28.1989
1,100,5.9967,300,1,99,39.451710,12.905468,27.4283
1,100,6.0167,301,0,100,39.639687,12.429859,26.6539
1,100,6.0367,302,0,100,39.827633,12.271254,25.8757
1,100,6.0567,303,0,100,40.015537,12.176522,25.0937
1,100,6.0767,304,0,100,40.203407,12.213051,24.3080
1,100,6.0967,305,0,100,40.391239,11.713570,23.5186
1,100,6.1167,306,0,100,40.579037,11.259906,22.7253
1,100,6.1367,307,0,100,40.766796,10.964090,21.9283
1,100,6.1567,308,0,100,40.954517,10.820683,21.1276
1,100,6.1767,309,0,100,41.142200,10.739262,20.3231
1,100,6.1967,310,0,100,41.329853,10.270951,19.5148
1,100,6.2167,311,0,100,41.517467,9.773953,18.7028
1,100,6.2367,312,1,99,41.705040,9.568779,17.8870
1,100,6.2567,313,1,99,41.892578,9.500845,17.0675
1,100,6.2767,314,2,98,42.080082,9.365387,16.2442
1,100,6.2967,315,3,97,42.267548,8.870932,15.4171
1,100,6.3167,316,3,97,42.275192,8.144659,14.5863
1,100,6.3367,317,3,97,42.462608,7.713399,13.7518
1,100,6.3567,318,3,97,42.402027,7.427529,12.9135
1,100,6.3767,319,2,98,42.589424,7.101231,12.0714
1,100,6.3967,320,2,98,42.776783,6.379538,11.2256
1,100,6.4167,321,2,98,42.732128,5.883190,10.3760
1,100,6.4367,322,3,97,42.919472,5.134233,9.5227
1,100,6.4567,323,5,95,42.943760,4.702955,8.6657
1,100,6.4767,324,6,94,43.131065,4.274986,7.8049
1,100,6.4967,325,6,94,43.261436,4.170622,6.9403
1,100,6.5167,326,6,94,31.882988,4.025064,6.1990
1,100,6.5367,327,6,94,25.939848,3.823050,5.6705
1,100,6.5567,328,6,94,22.105042,3.643536,5.2672
1,100,6.5767,329,5,95,21.724743,3.411833,4.9056
1,100,6.5967,330,5,95,17.516890,3.233104,4.5552
1,100,6.6167,331,5,95,16.454884,3.014950,4.2960
1,100,6.6367,332,4,96,16.553726,2.813617,4.0631
1,100,6.6567,333,4,96,16.687271,2.714025,4.1059
1,100,6.6767,334,4,96,16.821957,2.669194,4.1762
1,100,6.6967,335,5,95,16.957758,2.627272,4.2425
1,100,6.7167,336,5,95,17.094643,2.579241,4.3049
1,100,6.7367,337,5,95,17.232590,2.508055,4.3633
1,100,6.7567,338,5,95,17.371569,2.438800,4.4178
1,100,6.7767,339,5,95,17.013254,2.400677,4.4684
1,100,6.7967,340,5,95,16.126162,2.320516,4.5151
1,100,6.8167,341,5,95,16.264791,2.249458,4.5578
1,100,6.8367,342,5,95,16.404507,2.178165,4.5966
1,100,6.8567,343,5,95,11.572458,2.116067,4.6315
1,100,6.8767,344,5,95,9.839396,2.039388,4.6625
1,100,6.8967,345,5,95,9.880365,2.011895,4.6895
1,100,6.9167,346,6,94,9.965954,1.989484,4.7126
1,100,6.9367,347,6,94,10.054584,1.961638,4.7318
1,100,6.9567,348,6,94,9.777736,1.858017,4.7471
1,100,6.9767,349,9,91,9.772107,1.761768,4.7584
1,100,6.9967,350,9,91,9.770409,1.678918,4.7658
1,100,7.0167,351,9,91,9.772641,1.624034,4.7693
1,100,7.0367,352,11,89,9.778798,1.592497,4.7689
1,100,7.0567,353,11,89,9.788871,1.572671,4.7645
1,100,7.0767,354,13,87,9.802844,1.567258,4.7563
1,100,7.0967,355,13,87,9.820700,1.547793,4.7441
1,100,7.1167,356,14,86,9.842413,1.512244,4.7280
1,100,7.1367,357,11,89,9.867958,1.481231,4.7080
1,100,7.1567,358,11,89,9.897301,1.425756,4.6840
1,100,7.1767,359,12,88,9.930407,1.398121,4.6562
1,100,7.1967,360,13,87,9.967236,1.382074,4.6244
1,100,7.2167,361,13,87,10.007744,1.340826,4.5888
1,100,7.2367,362,15,85,10.051884,1.333134,4.5492
1,100,7.2567,363,13,87,8.757975,1.263592,4.5057
1,100,7.2767,364,13,87,8.806928,1.236699,4.4583
1,100,7.2967,365,13,87,8.859915,1.196449,4.4070
1,100,7.3167,366,20,80,8.916863,1.174851,4.3518
1,100,7.3367,367,21,79,8.977693,1.133398,4.2926
1,100,7.3567,368,21,79,9.042325,1.116308,4.2296
1,100,7.3767,369,21,79,9.110674,1.083663,4.1626
1,100,7.3967,370,21,79,9.182656,1.042357,4.0918
1,100,7.4167,371,21,79,9.258183,1.026048,4.0170
1,100,7.4367,372,22,78,9.337168,1.021802,3.9384
1,100,7.4567,373,22,78,9.419519,0.970232,3.8558
1,100,7.4767,374,24,76,9.505149,0.956575,3.7694
1,100,7.4967,375,24,76,9.593966,0.913719,3.6790
1,100,7.5167,376,26,74,9.685880,0.910065,3.5847
1,100,7.5367,377,27,73,9.780802,0.900333,3.4865
1,100,7.5567,378,29,71,9.878642,0.853170,3.3845
1,100,7.5767,379,31,69,9.979313,0.850446,3.2785
1,100,7.5967,380,31,69,10.082727,0.849283,3.1686
1,100,7.6167,381,31,69,10.188800,0.825084,3.0549
1,100,7.6367,382,30,70,10.297445,0.816332,2.9372
1,100,7.6567,383,30,70,10.408582,0.762803,2.8157
1,100,7.6767,384,31,69,10.522128,0.734610,2.6902
1,100,7.6967,385,32,68,10.638004,0.723987,2.5609
1,100,7.7167,386,32,68,10.756134,0.723638,2.4276
1,100,7.7367,387,33,67,10.876439,0.698196,2.2905
1,100,7.7567,388,38,62,10.998850,0.696458,2.1495
1,100,7.7767,389,40,60,11.123292,0.635092,2.0046
1,100,7.7967,390,41,59,11.249699,0.603942,1.8558
1,100,7.8167,391,40,60,11.377999,0.575349,1.7031
1,100,7.8367,392,40,60,11.508130,0.563171,1.5465
1,100,7.8567,393,40,60,11.640029,0.508878,1.5125
1,100,7.8767,394,41,59,8.590982,0.490729,1.5134
1,100,7.8967,395,41,59,6.854682,0.448862,1.5146
1,100,7.9167,396,41,59,6.975739,0.421794,1.5160
1,100,7.9367,397,42,58,7.100070,0.407355,1.5173
1,100,7.9567,398,42,58,7.227501,0.399934,1.5188
1,100,7.9767,399,45,55,7.357870,0.396238,1.5201
1,100,7.9967,400,45,55,6.324923,0.364280,1.5214
1,100,8.0167,401,45,55,6.335110,0.349678,1.5226
1,100,8.0367,402,45,55,4.950126,0.332390,1.5244
1,100,8.0567,403,47,53,4.934327,0.295769,1.5242
1,100,8.0767,404,47,53,4.946744,0.280546,1.5234
1,100,8.0967,405,48,52,4.966859,0.269974,1.5226
1,100,8.1167,406,49,51,4.994574,0.268799,1.5221
1,100,8.1367,407,52,48,5.029759,0.269979,1.5219
1,100,8.1567,408,53,47,5.072255,0.273919,1.5216
1,100,8.1767,409,53,47,5.121874,0.260932,1.5212
1,100,8.1967,410,65,35,5.178407,0.250292,1.5208
1,100,8.2167,411,74,26,5.241627,0.196042,1.5202
1,100,8.2367,412,75,25,5.131749,0.181753,1.5195
1,100,8.2567,413,77,23,5.173845,0.174909,1.5187
1,100,8.2767,414,78,22,5.222933,0.170088,1.5177
1,100,8.2967,415,80,20,5.278813,0.164485,1.5166
1,100,8.3167,416,80,20,3.781055,0.141316,1.5154
1,100,8.3367,417,81,19,3.729864,0.135201,1.5139
1,100,8.3567,418,81,19,3.636381,0.130123,1.5122
1,100,8.3767,419,81,19,3.551317,0.126116,1.5103
1,100,8.3967,420,83,17,3.475284,0.122855,1.5080
1,100,8.4167,421,85,15,3.408879,0.120063,1.5055
1,100,8.4367,422,85,15,3.352667,0.117710,1.5025
1,100,8.4567,423,85,15,3.307162,0.115652,1.4999
1,100,8.4767,424,85,15,3.272803,0.112329,1.5017
1,100,8.4967,425,85,15,3.249937,0.109770,1.5017
1,100,8.5167,426,85,15,3.238799,0.108180,1.5008
1,100,8.5367,427,85,15,3.239504,0.106804,1.5005
1,100,8.5567,428,85,15,3.252036,0.097711,1.5006
1,100,8.5767,429,86,14,3.276254,0.097545,1.5004
1,100,8.5967,430,87,13,3.311894,0.098330,1.5001
1,100,8.6167,431,87,13,3.358584,0.099023,1.4999
1,100,8.6367,432,90,10,3.415867,0.100135,1.4999
1,100,8.6567,433,89,11,3.483211,0.088075,1.4999
1,100,8.6767,434,89,11,3.560040,0.087914,1.4999
1,100,8.6967,435,89,11,3.645749,0.088265,1.4999
1,100,8.7167,436,89,11,3.739720,0.074281,1.5000
1,100,8.7367,437,89,11,2.393816,0.056921,1.5000
1,100,8.7567,438,90,10,2.124542,0.051440,1.5000
1,100,8.7767,439,90,10,2.077220,0.048990,1.5000
1,100,8.7967,440,90,10,2.040118,0.047821,1.5000
1,100,8.8167,441,90,10,2.009700,0.046806,1.5000
1,100,8.8367,442,91,9,1.987995,0.046008,1.5000
1,100,8.8567,443,94,6,1.829151,0.043475,1.5000
1,100,8.8767,444,94,6,1.939776,0.043048,1.5000
1,100,8.8967,445,94,6,1.740390,0.036899,1.5000
1,100,8.9167,446,94,6,1.732472,0.034665,1.5000
1,100,8.9367,447,94,6,1.730940,0.026707,1.5000
1,100,8.9567,448,94,6,1.732393,0.023666,1.5000
1,100,8.9767,449,94,6,1.740798,0.022849,1.5000
1,100,8.9967,450,94,6,1.756840,0.022531,1.5000
1,100,9.0167,451,95,5,1.782966,0.022252,1.5000
1,100,9.0367,452,95,5,1.815644,0.022418,1.5000
1,100,9.0567,453,96,4,1.854627,0.022864,1.5000
1,100,9.0767,454,96,4,1.900436,0.020769,1.5000
1,100,9.0967,455,96,4,1.953561,0.020431,1.5000
1,100,9.1167,456,96,4,2.014541,0.020261,1.5000
1,100,9.1367,457,96,4,2.082780,0.020986,1.5000
1,100,9.1567,458,97,3,2.158709,0.021654,1.5000
1,100,9.1767,459,97,3,2.241801,0.022430,1.5000
1,100,9.1967,460,97,3,2.334164,0.023357,1.5000
1,100,9.2167,461,97,3,2.444235,0.024446,1.5000
1,100,9.2367,462,98,2,0.802052,0.008021,1.5000
1,100,9.2567,463,98,2,0.702494,0.007025,1.5000
1,100,9.2767,464,98,2,0.627519,0.006276,1.5000
1,100,9.2967,465,98,2,0.556856,0.005570,1.5000
1,100,9.3167,466,98,2,0.495277,0.004954,1.5000
1,100,9.3367,467,98,2,0.447238,0.004473,1.5000
1,100,9.3567,468,98,2,0.418458,0.004185,1.5000
1,100,9.3767,469,99,1,0.414607,0.004146,1.5000
1,100,9.3967,470,99,1,0.115442,0.001154,1.5000
1,100,9.4167,471,99,1,0.023844,0.000238,1.5000
1,100,9.4367,472,99,1,0.031604,0.000316,1.5000
1,100,9.4567,473,99,1,0.019006,0.000190,1.5000
1,100,9.4767,474,99,1,0.003210,0.000032,1.5000
1,100,9.4967,475,99,1,0.000732,0.000007,1.5000
1,100,9.5167,476,99,1,0.000275,0.000003,1.5000
1,100,9.5367,477,99,1,0.000021,0.000000,1.5000
1,100,9.5567,478,99,1,0.000024,0.000000,1.5000
1,100,9.5767,479,99,1,0.000430,0.000004,1.5000
1,100,9.5967,480,99,1,0.000065,0.000001,1.5000
1,100,9.6167,481,99,1,0.000012,0.000000,1.5000
1,100,9.6367,482,99,1,0.000618,0.000006,1.5000
1,100,9.6567,483,99,1,0.000171,0.000002,1.5000
1,100,9.6767,484,99,1,0.000019,0.000000,1.5000
1,100,9.6967,485,100,0,0.000000,0.000000,1.5000
2,100,0.0200,1,0,100,0.195961,0.188467,99.4961
2,100,0.0400,2,0,100,0.391882,0.370531,99.4882
2,100,0.0600,3,0,100,0.587765,0.545503,99.4765
2,100,0.0800,4,0,100,0.783608,0.712582,99.4608
2,100,0.1000,5,0,100,0.979412,0.870970,99.4412
2,100,0.1200,6,0,100,1.175177,1.019861,99.4177
2,100,0.1400,7,0,100,1.370903,1.158439,99.3903
2,100,0.1600,8,0,100,1.566589,1.285882,99.3590
2,100,0.1800,9,0,100,1.762237,1.401369,99.3237
2,100,0.2000,10,0,100,1.957845,1.504103,99.2846
2,100,0.2200,11,0,100,2.153414,1.593327,99.2415
2,100,0.2400,12,0,100,2.348942,1.668338,99.1945
2,100,0.2600,13,0,100,2.544428,1.728501,99.1436
2,100,0.2800,14,0,100,2.739864,1.773256,99.0888
2,100,0.3000,15,0,100,2.935195,1.802168,99.0301
2,100,0.3200,16,0,100,3.130335,1.815095,98.9675
2,100,0.3400,17,0,100,3.324965,1.812483,98.9010
2,100,0.3600,18,0,100,3.518369,1.795596,98.8306
2,100,0.3800,19,0,100,3.709031,1.766172,98.7564
2,100,0.4000,20,0,100,3.894050,1.726098,98.6785
2,100,0.4200,21,0,100,4.068347,1.677287,98.5971
2,100,0.4400,22,0,100,4.223738,1.621500,98.5125
2,100,0.4600,23,0,100,4.348034,1.560552,98.4253
2,100,0.4800,24,0,100,4.424396,1.496143,98.3365
2,100,0.5000,25,0,100,4.431233,1.431309,98.2475
2,100,0.5200,26,0,100,4.342925,1.369307,98.1600
2,100,0.5400,27,0,100,4.131585,1.314116,98.0767
2,100,0.5600,28,0,100,3.769978,1.270766,98.0005
2,100,0.5800,29,0,100,3.235634,1.245738,97.9351
2,100,0.6000,30,0,100,2.517728,1.248137,97.8845
2,100,0.6200,31,0,100,2.836543,1.293546,97.8531
2,100,0.6400,32,0,100,3.267365,1.424197,97.8452
2,100,0.6600,33,0,100,3.746947,1.701141,97.8647
2,100,0.6800,34,0,100,4.293106,1.992419,97.9148
2,100,0.7000,35,0,100,4.948092,2.258191,97.9968
2,100,0.7200,36,0,100,5.916264,2.486508,98.1114
2,100,0.7400,37,0,100,7.424482,2.668058,98.2573
2,100,0.7600,38,0,100,8.763440,2.794968,98.4316
2,100,0.7800,39,0,100,9.882883,2.861427,98.6293
2,100,0.8000,40,0,100,10.705153,2.869756,98.8443
2,100,0.8200,41,0,100,11.207397,2.827141,99.0694
2,100,0.8400,42,0,100,11.294800,2.744720,99.2967
2,100,0.8600,43,0,100,11.110308,2.660538,99.5188
2,100,0.8800,44,0,100,10.914447,2.587193,99.7359
2,100,0.9000,45,0,100,10.717389,2.520098,99.9491
2,100,0.9200,46,0,100,10.520412,2.458275,100.1582
2,100,0.9400,47,0,100,10.323517,2.400538,100.3634
2,100,0.9600,48,0,100,10.126705,2.345653,100.5647
2,100,0.9800,49,0,100,9.929980,2.292910,100.7620
2,100,1.0000,50,0,100,9.733347,2.242756,100.9553
2,100,1.0200,51,0,100,9.536805,2.193316,101.1447
2,100,1.0400,52,0,100,9.340360,2.145177,101.3301
2,100,1.0600,53,0,100,9.144014,2.097936,101.5116
2,100,1.0800,54,0,100,8.947773,2.051621,101.6891
2,100,1.1000,55,0,100,8.751639,2.006184,101.8627
2,100,1.1200,56,0,100,8.555619,1.961713,102.0323
2,100,1.1400,57,0,100,8.359716,1.917434,102.1979
2,100,1.1600,58,0,100,8.163938,1.873564,102.3596
2,100,1.1800,59,0,100,7.968290,1.832867,102.5174
2,100,1.2000,60,0,100,7.772777,1.793605,102.6712
2,100,1.2200,61,0,100,7.577409,1.757286,102.8210
2,100,1.2400,62,0,100,7.382194,1.719356,102.9669
2,100,1.2600,63,0,100,7.187140,1.679770,103.1089
2,100,1.2800,64,0,100,6.992257,1.640211,103.2469
2,100,1.3000,65,0,100,6.797557,1.609343,103.3809
2,100,1.3200,66,0,100,6.603052,1.578951,103.5110
2,100,1.3400,67,0,100,6.408757,1.551477,103.6372
2,100,1.3600,68,0,100,6.214689,1.529620,103.7594
2,100,1.3800,69,0,100,6.020864,1.515839,103.8777
2,100,1.4000,70,0,100,5.827302,1.496810,103.9920
2,100,1.4200,71,0,100,5.634028,1.473045,104.1024
2,100,1.4400,72,0,100,5.441067,1.450476,104.2089
2,100,1.4600,73,0,100,5.248450,1.438876,104.3114
2,100,1.4800,74,0,100,5.056211,1.417921,104.4100
2,100,1.5000,75,0,100,4.864389,1.411445,104.5046
2,100,1.5200,76,0,100,4.673032,1.385912,104.5953
2,100,1.5400,77,0,100,4.482193,1.366910,104.6820
2,100,1.5600,78,0,100,4.291938,1.364116,104.7648
2,100,1.5800,79,0,100,4.102340,1.341015,104.8437
2,100,1.6000,80,0,100,3.913489,1.336427,104.9187
2,100,1.6200,81,0,100,3.998865,1.308747,104.9897
2,100,1.6400,82,0,100,3.951796,1.303181,105.0568
2,100,1.6600,83,0,100,4.143837,1.274316,105.1199
2,100,1.6800,84,0,100,4.116158,1.268733,105.1791
2,100,1.7000,85,0,100,4.308233,1.238291,105.2344
2,100,1.7200,86,0,100,4.263515,1.231839,105.2858
2,100,1.7400,87,0,100,4.455736,1.213116,105.3332
2,100,1.7600,88,0,100,4.648160,1.207551,105.3767
2,100,1.7800,89,0,100,4.565919,1.169538,105.4163
2,100,1.8000,90,0,100,4.758475,1.179217,105.4519
2,100,1.8200,91,0,100,4.654755,1.175776,105.4836
2,100,1.8400,92,0,100,4.847330,1.164247,105.5114
2,100,1.8600,93,0,100,4.724811,1.172027,105.5353
2,100,1.8800,94,0,100,4.917367,1.188766,105.5552
2,100,1.9000,95,0,100,5.110071,1.195308,105.5712
2,100,1.9200,96,0,100,4.971472,1.215781,105.5833
2,100,1.9400,97,0,100,5.164143,1.249365,105.5915
2,100,1.9600,98,0,100,5.356941,1.270831,105.5957
2,100,1.9800,99,0,100,5.549850,1.298053,105.5961
2,100,2.0000,100,0,100,5.398090,1.331529,105.5925
2,100,2.0200,101,0,100,5.590967,1.373294,105.5850
2,100,2.0400,102,0,100,5.783940,1.406958,105.5736
2,100,2.0600,103,0,100,5.976996,1.455478,105.5582
2,100,2.0800,104,0,100,5.816504,1.501374,105.5390
2,100,2.1000,105,0,100,6.009541,1.550736,105.5158
2,100,2.1200,106,0,100,6.202650,1.591293,105.4887
2,100,2.1400,107,0,100,6.395821,1.642250,105.4577
2,100,2.1600,108,0,100,6.227920,1.692128,105.4228
2,100,2.1800,109,0,100,6.421110,1.747196,105.3840
2,100,2.2000,110,0,100,6.614352,1.787048,105.3412
2,100,2.2200,111,0,100,6.807637,1.835032,105.2946
2,100,2.2400,112,0,100,7.000959,1.886217,105.2440
2,100,2.2600,113,0,100,6.824342,1.935730,105.1896
2,100,2.2800,114,0,100,7.017737,1.977611,105.1312
2,100,2.3000,115,0,100,7.211158,2.027521,105.0689
2,100,2.3200,116,0,100,7.404602,2.082044,105.0027
2,100,2.3400,117,0,100,7.598062,2.139419,104.9326
2,100,2.3600,118,0,100,7.411359,2.192357,104.8586
2,100,2.3800,119,0,100,7.604950,2.239092,104.7807
2,100,2.4000,120,0,100,7.798549,2.294568,104.6989
2,100,2.4200,121,0,100,7.992148,2.355426,104.6132
2,100,2.4400,122,0,100,8.185749,2.420407,104.5236
2,100,2.4600,123,0,100,7.997931,2.482504,104.4301
2,100,2.4800,124,0,100,8.191708,2.543078,104.3327
2,100,2.5000,125,0,100,8.385474,2.613519,104.2313
2,100,2.5200,126,0,100,8.579226,2.691183,104.1261
2,100,2.5400,127,0,100,8.408241,2.770242,104.0170
2,100,2.5600,128,0,100,8.602170,2.855288,103.9040
2,100,2.5800,129,0,100,8.796076,2.944235,103.7871
2,100,2.6000,130,0,100,8.989958,3.043100,103.6663
2,100,2.6200,131,0,100,8.843155,3.144841,103.5416
2,100,2.6400,132,0,100,9.037141,3.258353,103.4130
2,100,2.6600,133,0,100,9.231096,3.374255,103.2805
2,100,2.6800,134,0,100,9.026234,3.490607,103.1441
2,100,2.7000,135,0,100,9.220113,3.614940,103.0039
2,100,2.7200,136,0,100,9.413964,3.737774,102.8597
2,100,2.7400,137,0,100,9.607787,3.863968,102.7117
2,100,2.7600,138,0,100,9.445602,3.993389,102.5597
2,100,2.7800,139,0,100,9.639151,4.130158,102.4039
2,100,2.8000,140,0,100,9.832682,4.270951,102.2442
2,100,2.8200,141,0,100,10.026192,4.413789,102.0806
2,100,2.8400,142,0,100,10.219684,4.556917,101.9131
2,100,2.8600,143,0,100,10.413155,4.700329,101.7417
2,100,2.8800,144,0,100,10.606602,4.845728,101.5664
2,100,2.9000,145,0,100,10.800027,4.990927,101.3873
2,100,2.9200,146,0,100,10.993426,5.135964,101.2043
2,100,2.9400,147,0,100,11.186803,5.281049,101.0174
2,100,2.9600,148,0,100,11.380154,5.427549,100.8266
2,100,2.9800,149,0,100,11.573479,5.575618,100.6319
2,100,3.0000,150,0,100,11.766776,5.724958,100.4333
2,100,3.0200,151,0,100,11.960048,5.876145,100.2309
2,100,3.0400,152,0,100,12.153291,6.028780,100.0246
2,100,3.0600,153,0,100,11.999165,6.179900,99.8144
2,100,3.0800,154,0,100,12.192020,6.333574,99.6003
2,100,3.1000,155,0,100,12.384860,6.488654,99.3824
2,100,3.1200,156,0,100,12.577682,6.645592,99.1606
2,100,3.1400,157,0,100,12.770486,6.803844,98.9349
2,100,3.1600,158,0,100,12.963271,6.963639,98.7053
2,100,3.1800,159,0,100,13.156035,7.123904,98.4719
2,100,3.2000,160,0,100,13.348780,7.284677,98.2345
2,100,3.2200,161,0,100,13.541500,7.446302,97.9934
2,100,3.2400,162,0,100,13.734200,7.608538,97.7483
2,100,3.2600,163,0,100,13.926876,7.771115,97.4994
2,100,3.2800,164,0,100,14.119529,7.933971,97.2466
2,100,3.3000,165,0,100,14.312159,8.097190,96.9899
2,100,3.3200,166,0,100,14.504762,8.261071,96.7294
2,100,3.3400,167,0,100,14.697341,8.425440,96.4650
2,100,3.3600,168,0,100,14.889894,8.589544,96.1967
2,100,3.3800,169,0,100,15.082419,8.754156,95.9246
2,100,3.4000,170,0,100,15.274920,8.919114,95.6486
2,100,3.4200,171,0,100,15.467393,9.083665,95.3687
2,100,3.4400,172,0,100,15.659837,9.248535,95.0850
2,100,3.4600,173,0,100,15.852253,9.414206,94.7974
2,100,3.4800,174,0,100,16.044641,9.580587,94.5060
2,100,3.5000,175,0,100,16.237001,9.748390,94.2106
2,100,3.5200,176,0,100,16.429331,9.917192,93.9115
2,100,3.5400,177,0,100,16.621632,10.086286,93.6084
2,100,3.5600,178,0,100,16.813904,10.255649,93.3016
2,100,3.5800,179,0,100,17.006144,10.425467,92.9908
2,100,3.6000,180,0,100,17.198357,10.595530,92.6762
2,100,3.6200,181,0,100,17.390535,10.765612,92.3577
2,100,3.6400,182,0,100,17.582684,10.935409,92.0354
2,100,3.6600,183,0,100,17.774803,11.105139,91.7093
2,100,3.6800,184,0,100,17.661341,11.270644,91.3792
2,100,3.7000,185,0,100,17.853357,11.438712,91.0454
2,100,3.7200,186,0,100,18.045343,11.607475,90.7076
2,100,3.7400,187,0,100,18.237303,11.776497,90.3660
2,100,3.7600,188,0,100,18.429230,11.945902,90.0206
2,100,3.7800,189,0,100,18.621128,12.116039,89.6713
2,100,3.8000,190,0,100,18.812994,12.287149,89.3182
2,100,3.8200,191,0,100,19.004831,12.458676,88.9612
2,100,3.8400,192,0,100,19.196636,12.630375,88.6004
2,100,3.8600,193,0,100,19.388411,12.802152,88.2357
2,100,3.8800,194,0,100,19.580153,12.974070,87.8672
2,100,3.9000,195,0,100,19.771864,13.146324,87.4948
2,100,3.9200,196,0,100,19.963543,13.318622,87.1186
2,100,3.9400,197,0,100,20.155190,13.491037,86.7386
2,100,3.9600,198,0,100,20.346804,13.663577,86.3547
2,100,3.9800,199,0,100,20.538389,13.836056,85.9669
2,100,4.0000,200,0,100,20.729939,14.008406,85.5753
2,100,4.0200,201,0,100,20.921455,14.180864,85.1799
2,100,4.0400,202,0,100,21.112940,14.353391,84.7807
2,100,4.0600,203,0,100,21.304392,14.525992,84.3775
2,100,4.0800,204,0,100,21.495813,14.699280,83.9706
2,100,4.1000,205,0,100,21.687197,14.873735,83.5598
2,100,4.1200,206,0,100,21.878548,15.046700,83.1452
2,100,4.1400,207,0,100,22.069868,15.219682,82.7268
2,100,4.1600,208,0,100,22.261152,15.393380,82.3045
2,100,4.1800,209,0,100,22.452402,15.566890,81.8783
2,100,4.2000,210,0,100,22.643623,15.740046,81.4484
2,100,4.2200,211,0,100,22.834805,15.912703,81.0146
2,100,4.2400,212,0,100,23.025955,16.085369,80.5770
2,100,4.2600,213,0,100,23.217070,16.258291,80.1355
2,100,4.2800,214,0,100,23.408152,16.431921,79.6902
2,100,4.3000,215,0,100,23.599199,16.605158,79.2411
2,100,4.3200,216,0,100,23.790213,16.779051,78.7882
2,100,4.3400,217,0,100,23.981192,16.953432,78.3314
2,100,4.3600,218,0,100,24.000645,17.127779,77.8708
2,100,4.3800,219,0,100,24.191534,17.301620,77.4064
2,100,4.4000,220,0,100,24.382387,17.475384,76.9381
2,100,4.4200,221,0,100,24.573210,17.651516,76.4660
2,100,4.4400,222,0,100,24.764000,17.824591,75.9901
2,100,4.4600,223,0,100,24.954754,17.994152,75.5104
2,100,4.4800,224,0,100,25.145473,18.163696,75.0268
2,100,4.5000,225,0,100,25.336159,18.342113,74.5395
2,100,4.5200,226,0,100,25.526812,18.512970,74.0483
2,100,4.5400,227,0,100,25.717430,18.684338,73.5533
2,100,4.5600,228,0,100,25.908010,18.854780,73.0544
2,100,4.5800,229,0,100,26.098560,19.028929,72.5518
2,100,4.6000,230,0,100,26.289072,19.201401,72.0453
2,100,4.6200,231,0,100,26.479548,19.375944,71.5350
2,100,4.6400,232,0,100,26.669992,19.476177,71.0209
2,100,4.6600,233,0,100,26.860401,19.506254,70.5030
2,100,4.6800,234,0,100,27.050776,19.390953,69.9812
2,100,4.7000,235,0,100,27.241116,19.538431,69.4557
2,100,4.7200,236,0,100,27.431419,19.378263,68.9263
2,100,4.7400,237,0,100,27.621687,19.144871,68.3931
2,100,4.7600,238,0,100,27.811922,19.146263,67.8561
2,100,4.7800,239,0,100,28.002119,19.268944,67.3153
2,100,4.8000,240,0,100,28.192284,19.415445,66.7707
2,100,4.8200,241,0,100,28.382410,19.332344,66.2222
2,100,4.8400,242,0,100,28.572502,19.261578,65.6700
2,100,4.8600,243,0,100,28.762558,19.245241,65.1139
2,100,4.8800,244,0,100,28.952583,19.323315,64.5541
2,100,4.9000,245,0,100,29.142569,19.372812,63.9904
2,100,4.9200,246,0,100,29.332518,19.382042,63.4230
2,100,4.9400,247,0,100,29.522432,19.380535,62.8517
2,100,4.9600,248,0,100,29.712313,19.182623,62.2766
2,100,4.9800,249,0,100,29.902155,19.257689,61.6977
2,100,5.0000,250,0,100,30.091963,19.343103,61.1150
2,100,5.0200,251,0,100,30.281736,19.447302,60.5285
2,100,5.0400,252,0,100,30.471472,19.568090,59.9382
2,100,5.0600,253,0,100,30.661171,19.670000,59.3441
2,100,5.0800,254,0,100,30.850838,19.567560,58.7462
2,100,5.1000,255,0,100,31.040466,19.499079,58.1445
2,100,5.1200,256,0,100,31.230059,19.574905,57.5390
2,100,5.1400,257,0,100,31.419617,19.712196,56.9298
2,100,5.1600,258,0,100,31.609138,19.821922,56.3167
2,100,5.1800,259,0,100,31.798622,19.908728,55.6998
2,100,5.2000,260,0,100,31.988071,19.964008,55.0791
2,100,5.2200,261,0,100,32.177486,20.016352,54.4546
2,100,5.2400,262,0,100,32.366863,20.022316,53.8263
2,100,5.2600,263,0,100,32.556202,19.927217,53.1943
2,100,5.2800,264,0,100,32.745510,19.610781,52.5584
2,100,5.3000,265,0,100,32.934776,19.587433,51.9188
2,100,5.3200,266,1,99,33.124012,19.396078,51.2753
2,100,5.3400,267,3,97,33.313206,19.274931,50.6281
2,100,5.3600,268,3,97,33.330925,19.334663,49.9771
2,100,5.3800,269,3,97,33.522373,19.166403,49.3223
2,100,5.4000,270,3,97,33.660328,19.059303,48.6637
2,100,5.4200,271,3,97,33.849411,18.821827,48.0013
2,100,5.4400,272,3,97,34.038456,18.508047,47.3351
2,100,5.4600,273,1,99,34.227467,18.429152,46.6651
2,100,5.4800,274,0,100,34.416439,17.865009,45.9914
2,100,5.5000,275,0,100,34.605377,17.700737,45.3139
2,100,5.5200,276,0,100,34.794281,17.484125,44.6326
2,100,5.5400,277,0,100,34.983143,17.355591,43.9475
2,100,5.5600,278,0,100,35.171974,17.217003,43.2586
2,100,5.5800,279,0,100,35.360767,17.055458,42.5659
2,100,5.6000,280,0,100,35.549522,16.899851,41.8695
2,100,5.6200,281,0,100,35.738243,16.480162,41.1693
2,100,5.6400,282,0,100,35.926926,16.179932,40.4653
2,100,5.6600,283,0,100,36.115574,15.995441,39.7575
2,100,5.6800,284,0,100,36.304184,15.687365,39.0459
2,100,5.7000,285,1,99,36.492760,15.522855,38.3306
2,100,5.7200,286,2,98,36.681297,15.330463,37.6115
2,100,5.7400,287,2,98,36.869801,15.054749,36.8886
2,100,5.7600,288,2,98,37.058266,14.997175,36.1620
2,100,5.7800,289,2,98,37.246693,14.881277,35.4315
2,100,5.8000,290,2,98,37.435089,14.764933,34.6973
2,100,5.8200,291,2,98,37.623444,14.603207,33.9593
2,100,5.8400,292,2,98,37.811764,14.359089,33.2176
2,100,5.8600,293,3,97,38.000046,14.034371,32.4721
2,100,5.8800,294,2,98,38.188293,13.649275,31.7228
2,100,5.9000,295,1,99,38.376503,13.330771,30.9697
2,100,5.9200,296,1,99,38.564678,13.179320,30.2129
2,100,5.9400,297,1,99,38.752815,13.114409,29.4523
2,100,5.9600,298,1,99,38.940918,13.127611,28.6879
2,100,5.9800,299,1,99,39.128983,13.071351,27.9198
2,100,6.0000,300,1,99,39.317009,13.054762,27.1479
2,100,6.0200,301,1,99,39.505001,12.599627,26.3723
2,100,6.0400,302,2,98,39.692955,12.301318,25.5928
2,100,6.0600,303,2,98,39.880875,12.194131,24.8096
2,100,6.0800,304,2,98,40.068756,12.177870,24.0227
2,100,6.1000,305,1,99,40.256599,11.581333,23.2320
2,100,6.1200,306,1,99,40.444408,11.109954,22.4375
2,100,6.1400,307,2,98,40.632179,10.989196,21.6393
2,100,6.1600,308,2,98,40.819916,10.869798,20.8373
2,100,6.1800,309,2,98,41.007614,10.731424,20.0315
2,100,6.2000,310,2,98,41.195274,10.658553,19.2220
2,100,6.2200,311,1,99,41.382900,10.416581,18.4088
2,100,6.2400,312,1,99,41.570488,10.365881,17.5917
2,100,6.2600,313,1,99,41.758041,10.356030,16.7710
2,100,6.2800,314,2,98,41.945557,10.209663,15.9464
2,100,6.3000,315,2,98,42.133034,9.850595,15.1181
2,100,6.3200,316,3,97,42.320480,9.297869,14.2861
2,100,6.3400,317,3,97,42.507881,8.863254,13.4503
2,100,6.3600,318,3,97,42.448177,8.311091,12.6107
2,100,6.3800,319,3,97,42.635567,7.316058,11.7675
2,100,6.4000,320,4,96,42.822914,6.299445,10.9204
2,100,6.4200,321,4,96,42.789013,5.567135,10.0696
2,100,6.4400,322,5,95,42.976341,5.228326,9.2151
2,100,6.4600,323,5,95,43.163639,4.902182,8.3568
2,100,6.4800,324,7,93,43.191479,4.650953,7.4947
2,100,6.5000,325,7,93,43.378735,4.337129,6.6289
2,100,6.5200,326,7,93,43.509525,4.010315,5.7594
2,100,6.5400,327,7,93,30.850569,3.750955,5.0307
2,100,6.5600,328,8,92,24.759827,3.531325,4.5593
2,100,6.5800,329,7,93,26.331999,3.484533,4.1716
2,100,6.6000,330,7,93,22.695974,3.451009,3.8453
2,100,6.6200,331,7,93,17.440374,3.290659,3.8135
2,100,6.6400,332,10,90,17.595255,3.191839,3.8657
2,100,6.6600,333,10,90,16.132593,3.006432,3.9140
2,100,6.6800,334,10,90,13.030295,2.785237,3.9583
2,100,6.7000,335,11,89,11.840005,2.678133,3.9987
2,100,6.7200,336,11,89,11.805761,2.550124,4.0352
2,100,6.7400,337,12,88,11.774701,2.484884,4.0678
2,100,6.7600,338,13,87,11.746845,2.425467,4.0965
2,100,6.7800,339,13,87,11.722216,2.383902,4.1212
2,100,6.8000,340,13,87,11.700831,2.312327,4.1420
2,100,6.8200,341,13,87,11.682706,2.272358,4.1588
2,100,6.8400,342,13,87,11.667855,2.232289,4.1718
2,100,6.8600,343,13,87,11.656288,2.208083,4.1808
2,100,6.8800,344,12,88,11.648013,2.121025,4.1859
2,100,6.9000,345,12,88,11.643035,2.089208,4.1871
2,100,6.9200,346,13,87,11.641355,2.016312,4.1844
2,100,6.9400,347,12,88,11.642975,1.942495,4.1777
2,100,6.9600,348,11,89,11.647889,1.859620,4.1672
2,100,6.9800,349,14,86,11.656093,1.794727,4.1527
2,100,7.0000,350,14,86,11.667577,1.703420,4.1343
2,100,7.0200,351,15,85,11.682329,1.635782,4.1120
2,100,7.0400,352,14,86,11.700336,1.603035,4.0857
2,100,7.0600,353,14,86,11.721580,1.570178,4.0556
2,100,7.0800,354,14,86,11.746042,1.522030,4.0215
2,100,7.1000,355,15,85,11.773700,1.470030,3.9836
2,100,7.1200,356,15,85,11.804529,1.419184,3.9417
2,100,7.1400,357,15,85,11.838502,1.393240,3.8959
2,100,7.1600,358,16,84,11.875591,1.355025,3.8462
2,100,7.1800,359,16,84,11.915766,1.298077,3.7926
2,100,7.2000,360,16,84,11.958990,1.246658,3.7351
2,100,7.2200,361,16,84,12.005233,1.208969,3.6736
2,100,7.2400,362,16,84,12.054456,1.190410,3.6083
2,100,7.2600,363,16,84,12.106621,1.157939,3.5390
2,100,7.2800,364,15,85,12.161687,1.137015,3.4659
2,100,7.3000,365,16,84,12.219616,1.091052,3.3888
2,100,7.3200,366,17,83,12.280362,1.065537,3.3079
2,100,7.3400,367,17,83,12.343884,1.026637,3.2230
2,100,7.3600,368,20,80,12.410137,0.984463,3.1343
2,100,7.3800,369,21,79,12.479076,0.971286,3.0416
2,100,7.4000,370,21,79,12.550653,0.947373,2.9450
2,100,7.4200,371,21,79,12.624825,0.929679,2.8446
2,100,7.4400,372,22,78,12.701539,0.911195,2.7402
2,100,7.4600,373,22,78,12.780754,0.895012,2.6320
2,100,7.4800,374,22,78,12.862418,0.859730,2.5198
2,100,7.5000,375,22,78,12.946485,0.812895,2.4037
2,100,7.5200,376,24,76,13.032904,0.787931,2.2838
2,100,7.5400,377,27,73,13.121630,0.744040,2.1599
2,100,7.5600,378,27,73,13.212611,0.725303,2.0322
2,100,7.5800,379,27,73,13.305803,0.707577,1.9006
2,100,7.6000,380,27,73,13.401156,0.700042,1.8188
2,100,7.6200,381,26,74,13.498623,0.675453,1.8178
2,100,7.6400,382,26,74,13.598157,0.648493,1.8167
2,100,7.6600,383,29,71,13.699711,0.639675,1.8155
2,100,7.6800,384,27,73,13.803239,0.629667,1.8141
2,100,7.7000,385,28,72,13.908695,0.618980,1.8127
2,100,7.7200,386,28,72,14.016034,0.612712,1.8111
2,100,7.7400,387,43,57,10.819666,0.552937,1.8093
2,100,7.7600,388,44,56,10.808323,0.541525,1.8073
2,100,7.7800,389,44,56,10.800531,0.533984,1.8051
2,100,7.8000,390,44,56,10.796295,0.531118,1.8027
2,100,7.8200,391,46,54,10.795618,0.522502,1.8000
2,100,7.8400,392,46,54,10.798495,0.498982,1.7970
2,100,7.8600,393,47,53,10.804924,0.495891,1.7935
2,100,7.8800,394,49,51,10.814898,0.488027,1.7897
2,100,7.9000,395,49,51,10.828400,0.486157,1.7854
2,100,7.9200,396,50,50,10.845419,0.475207,1.7806
2,100,7.9400,397,50,50,9.911439,0.460573,1.7752
2,100,7.9600,398,51,49,9.874729,0.459413,1.7692
2,100,7.9800,399,51,49,9.841805,0.456768,1.7625
2,100,8.0000,400,52,48,9.812704,0.445375,1.7549
2,100,8.0200,401,53,47,9.787457,0.437720,1.7465
2,100,8.0400,402,53,47,9.766092,0.422849,1.7370
2,100,8.0600,403,53,47,9.748632,0.418387,1.7264
2,100,8.0800,404,55,45,9.735097,0.410755,1.7145
2,100,8.1000,405,58,42,9.725498,0.410161,1.7011
2,100,8.1200,406,58,42,9.719848,0.397845,1.6928
2,100,8.1400,407,58,42,9.718148,0.392680,1.6888
2,100,8.1600,408,58,42,9.720401,0.388188,1.6843
2,100,8.1800,409,58,42,9.726598,0.386639,1.6789
2,100,8.2000,410,58,42,9.736732,0.368714,1.6724
2,100,8.2200,411,59,41,9.750788,0.366906,1.6645
2,100,8.2400,412,59,41,9.768745,0.365708,1.6550
2,100,8.2600,413,59,41,9.790583,0.365806,1.6440
2,100,8.2800,414,59,41,9.604371,0.365017,1.6312
2,100,8.3000,415,60,40,9.572018,0.361996,1.6235
2,100,8.3200,416,60,40,9.543597,0.359128,1.6222
2,100,8.3400,417,61,39,9.519144,0.340835,1.6211
2,100,8.3600,418,61,39,9.498685,0.319571,1.6200
2,100,8.3800,419,61,39,9.482244,0.317426,1.6186
2,100,8.4000,420,63,37,9.469839,0.304264,1.6178
2,100,8.4200,421,63,37,9.461484,0.300277,1.6175
2,100,8.4400,422,64,36,9.457187,0.286486,1.6173
2,100,8.4600,423,64,36,9.456951,0.282238,1.6171
2,100,8.4800,424,64,36,9.460775,0.279121,1.6168
2,100,8.5000,425,64,36,9.468651,0.260185,1.6167
2,100,8.5200,426,64,36,9.480566,0.253886,1.6165
2,100,8.5400,427,65,35,9.496502,0.249605,1.6153
2,100,8.5600,428,65,35,9.516438,0.246082,1.6149
2,100,8.5800,429,65,35,9.540344,0.243291,1.6146
2,100,8.6000,430,66,34,9.568191,0.236812,1.6142
2,100,8.6200,431,70,30,9.599939,0.234805,1.6130
2,100,8.6400,432,70,30,7.999916,0.217595,1.6125
2,100,8.6600,433,70,30,7.869766,0.215437,1.6119
2,100,8.6800,434,70,30,7.805945,0.209924,1.6112
2,100,8.7000,435,70,30,7.746595,0.207894,1.6094
2,100,8.7200,436,70,30,7.691815,0.206969,1.6084
2,100,8.7400,437,70,30,7.641702,0.206794,1.6075
2,100,8.7600,438,71,29,7.596344,0.207277,1.6053
2,100,8.7800,439,71,29,7.555825,0.194440,1.6038
2,100,8.8000,440,71,29,7.520218,0.177645,1.6023
2,100,8.8200,441,72,28,7.489593,0.174545,1.5992
2,100,8.8400,442,72,28,7.464006,0.173114,1.5967
2,100,8.8600,443,73,27,7.443506,0.169624,1.5960
2,100,8.8800,444,74,26,7.428132,0.167439,1.5957
2,100,8.9000,445,74,26,7.417913,0.165474,1.5959
2,100,8.9200,446,74,26,7.412868,0.163776,1.5960
2,100,8.9400,447,74,26,7.413003,0.162520,1.5963
2,100,8.9600,448,74,26,7.418316,0.142949,1.5968
2,100,8.9800,449,74,26,7.428792,0.140873,1.5973
2,100,9.0000,450,74,26,7.444406,0.139347,1.5977
2,100,9.0200,451,74,26,7.465123,0.138092,1.5982
2,100,9.0400,452,74,26,7.490898,0.137139,1.5986
2,100,9.0600,453,74,26,7.521675,0.136545,1.5989
2,100,9.0800,454,74,26,7.557391,0.136304,1.5991
2,100,9.1000,455,74,26,7.597972,0.137137,1.5993
2,100,9.1200,456,74,26,7.643338,0.138282,1.5995
2,100,9.1400,457,74,26,7.693402,0.139734,1.5997
2,100,9.1600,458,74,26,7.748069,0.125057,1.5999
2,100,9.1800,459,74,26,7.807241,0.124536,1.6000
2,100,9.2000,460,74,26,5.917795,0.105016,1.6000
2,100,9.2200,461,75,25,5.790264,0.099755,1.6001
2,100,9.2400,462,75,25,5.724409,0.098226,1.6001
2,100,9.2600,463,75,25,5.664610,0.096583,1.6000
2,100,9.2800,464,75,25,5.611056,0.095082,1.5999
2,100,9.3000,465,75,25,5.563924,0.093752,1.5997
2,100,9.3200,466,75,25,5.523374,0.092657,1.5996
2,100,9.3400,467,76,24,5.489546,0.077869,1.5994
2,100,9.3600,468,76,24,5.462564,0.075204,1.5991
2,100,9.3800,469,76,24,5.442523,0.073087,1.5989
2,100,9.4000,470,76,24,5.429495,0.071197,1.5985
2,100,9.4200,471,76,24,5.423529,0.069594,1.5982
2,100,9.4400,472,76,24,5.424643,0.066975,1.5978
2,100,9.4600,473,76,24,5.432827,0.065986,1.5974
2,100,9.4800,474,76,24,5.448046,0.065144,1.5967
2,100,9.5000,475,76,24,5.470237,0.064472,1.5960
2,100,9.5200,476,76,24,3.113624,0.041215,1.5951
2,100,9.5400,477,76,24,3.070817,0.040882,1.5939
2,100,9.5600,478,76,24,3.123448,0.041610,1.5924
2,100,9.5800,479,76,24,3.187246,0.042272,1.5925
2,100,9.6000,480,76,24,3.261548,0.042885,1.5925
2,100,9.6200,481,76,24,3.345648,0.043465,1.5922
2,100,9.6400,482,76,24,2.999348,0.040381,1.5914
2,100,9.6600,483,76,24,2.999171,0.041428,1.5905
2,100,9.6800,484,76,24,3.001704,0.042636,1.5896
2,100,9.7000,485,77,23,3.016987,0.043784,1.5885
2,100,9.7200,486,77,23,3.044821,0.044578,1.5875
2,100,9.7400,487,77,23,3.084857,0.045553,1.5864
2,100,9.7600,488,77,23,3.136623,0.046701,1.5853
2,100,9.7800,489,78,22,3.199540,0.048030,1.5841
2,100,9.8000,490,78,22,3.272960,0.049929,1.5817
2,100,9.8200,491,78,22,3.356187,0.042770,1.5801
2,100,9.8400,492,78,22,3.448502,0.042331,1.5786
2,100,9.8600,493,78,22,3.549192,0.042455,1.5770
2,100,9.8800,494,78,22,2.268680,0.028858,1.5754
2,100,9.9000,495,93,7,2.149566,0.026800,1.5737
2,100,9.9200,496,93,7,1.943044,0.024810,1.5704
2,100,9.9400,497,93,7,1.895302,0.023703,1.5671
2,100,9.9600,498,93,7,1.836365,0.022787,1.5641
2,100,9.9800,499,93,7,1.786895,0.022448,1.5611
2,100,10.0000,500,93,7,1.746814,0.023416,1.5564
2,100,10.0200,501,93,7,1.716831,0.024651,1.5502
2,100,10.0400,502,93,7,1.697606,0.026202,1.5427
2,100,10.0600,503,93,7,1.689660,0.027991,1.5339
2,100,10.0800,504,93,7,1.517465,0.028185,1.5234
2,100,10.1000,505,91,9,1.443918,0.029570,1.5112
2,100,10.1200,506,91,9,1.370979,0.030324,1.5043
2,100,10.1400,507,91,9,1.295717,0.030353,1.5043
2,100,10.1600,508,91,9,1.219045,0.030286,1.5043
2,100,10.1800,509,91,9,1.198903,0.030625,1.5043
2,100,10.2000,510,91,9,1.334358,0.031056,1.5043
2,100,10.2200,511,91,9,1.474524,0.028550,1.5043
2,100,10.2400,512,91,9,0.763480,0.013669,1.5043
2,100,10.2600,513,91,9,0.668698,0.009599,1.5043
2,100,10.2800,514,91,9,0.569601,0.007438,1.5043
2,100,10.3000,515,91,9,0.470932,0.006659,1.5043
2,100,10.3200,516,91,9,0.373546,0.005604,1.5043
2,100,10.3400,517,91,9,0.277416,0.004133,1.5043
2,100,10.3600,518,91,9,0.184592,0.002593,1.5043
2,100,10.3800,519,91,9,0.108466,0.001406,1.5043
2,100,10.4000,520,91,9,0.063728,0.000865,1.5043
2,100,10.4200,521,91,9,0.023391,0.000604,1.5043
2,100,10.4400,522,91,9,0.054634,0.000893,1.5043
2,100,10.4600,523,91,9,0.107990,0.001303,1.5043
2,100,10.4801,524,91,9,0.162720,0.001734,1.5043
2,100,10.5001,525,91,9,0.218158,0.002237,1.5043
2,100,10.5201,526,91,9,0.274637,0.002804,1.5043
2,100,10.5401,527,98,2,0.332354,0.003324,1.5043
2,100,10.5601,528,98,2,0.295516,0.002955,1.5043
2,100,10.5801,529,98,2,0.278482,0.002785,1.5043
2,100,10.6001,530,99,1,0.294329,0.002943,1.5043
2,100,10.6201,531,99,1,0.304977,0.003050,1.5043
2,100,10.6401,532,99,1,0.323048,0.003230,1.5043
2,100,10.6601,533,99,1,0.344571,0.003446,1.5043
2,100,10.6801,534,99,1,0.370855,0.003709,1.5043
2,100,10.7001,535,99,1,0.401897,0.004019,1.5043
2,100,10.7201,536,99,1,0.438282,0.004383,1.5043
2,100,10.7401,537,99,1,0.480509,0.004805,1.5043
2,100,10.7601,538,99,1,0.529291,0.005293,1.5043
2,100,10.7801,539,99,1,0.586678,0.005867,1.5043
2,100,10.8001,540,99,1,0.656787,0.006568,1.5043
2,100,10.8201,541,99,1,0.736521,0.007365,1.5043
2,100,10.8401,542,99,1,0.823453,0.008235,1.5043
2,100,10.8601,543,99,1,0.913295,0.009133,1.5043
2,100,10.8801,544,99,1,1.006691,0.010067,1.5043
2,100,10.9001,545,99,1,1.103634,0.011036,1.5043
2,100,10.9201,546,99,1,1.204535,0.012045,1.5043
2,100,10.9401,547,99,1,0.528305,0.005283,1.5043
2,100,10.9601,548,99,1,0.233664,0.002337,1.5043
2,100,10.9801,549,99,1,0.139772,0.001398,1.5043
2,100,11.0001,550,99,1,0.057458,0.000575,1.5043
2,100,11.0201,551,99,1,0.009088,0.000091,1.5043
2,100,11.0401,552,99,1,0.012502,0.000125,1.5043
2,100,11.0601,553,99,1,0.005222,0.000052,1.5043
2,100,11.0801,554,99,1,0.000475,0.000005,1.5043
2,100,11.1001,555,99,1,0.001226,0.000012,1.5043
2,100,11.1201,556,99,1,0.000450,0.000005,1.5043
2,100,11.1401,557,99,1,0.000376,0.000004,1.5043
2,100,11.1601,558,99,1,0.000148,0.000001,1.5043
2,100,11.1801,559,99,1,0.000067,0.000001,1.5043
2,100,11.2001,560,99,1,0.000002,0.000000,1.5043
2,100,11.2201,561,99,1,0.000009,0.000000,1.5043
2,100,11.2401,562,99,1,0.000028,0.000000,1.5043
2,100,11.2601,563,99,1,0.000015,0.000000,1.5043
2,100,11.2801,564,99,1,0.000020,0.000000,1.5043
2,100,11.3001,565,100,0,0.000000,0.000000,1.5043
3,100,0.0200,1,0,100,0.195961,0.188467,99.4961
3,100,0.0400,2,0,100,0.391882,0.370531,99.4882
3,100,0.0600,3,0,100,0.587765,0.545503,99.4765
3,100,0.0800,4,0,100,0.783608,0.712582,99.4608
3,100,0.1000,5,0,100,0.979412,0.870970,99.4412
3,100,0.1200,6,0,100,1.175177,1.019861,99.4177
3,100,0.1400,7,0,100,1.370903,1.158439,99.3903
3,100,0.1600,8,0,100,1.566589,1.285882,99.3590
3,100,0.1800,9,0,100,1.762237,1.401369,99.3237
3,100,0.2000,10,0,100,1.957845,1.504103,99.2846
3,100,0.2200,11,0,100,2.153414,1.593327,99.2415
3,100,0.2400,12,0,100,2.348942,1.668338,99.1945
3,100,0.2600,13,0,100,2.544428,1.728501,99.1436
3,100,0.2800,14,0,100,2.739864,1.773256,99.0888
3,100,0.3000,15,0,100,2.935195,1.802168,99.0301
3,100,0.3200,16,0,100,3.130335,1.815095,98.9675
3,100,0.3400,17,0,100,3.324965,1.812483,98.9010
3,100,0.3600,18,0,100,3.518369,1.795596,98.8306
3,100,0.3800,19,0,100,3.709031,1.766172,98.7564
3,100,0.4000,20,0,100,3.894050,1.726098,98.6785
3,100,0.4200,21,0,100,4.068347,1.677287,98.5971
3,100,0.4400,22,0,100,4.223738,1.621500,98.5125
3,100,0.4600,23,0,100,4.348034,1.560552,98.4253
3,100,0.4800,24,0,100,4.424396,1.496143,98.3365
3,100,0.5000,25,0,100,4.431233,1.431309,98.2475
3,100,0.5200,26,0,100,4.342925,1.369307,98.1600
3,100,0.5400,27,0,100,4.131585,1.314116,98.0767
3,100,0.5600,28,0,100,3.769978,1.270766,98.0005
3,100,0.5800,29,0,100,3.235634,1.245738,97.9351
3,100,0.6000,30,0,100,2.517728,1.248137,97.8845
3,100,0.6200,31,0,100,2.836543,1.293546,97.8531
3,100,0.6400,32,0,100,3.267365,1.424197,97.8452
3,100,0.6600,33,0,100,3.746947,1.701141,97.8647
3,100,0.6800,34,0,100,4.293106,1.992419,97.9148
3,100,0.7000,35,0,100,4.948092,2.258191,97.9968
3,100,0.7200,36,0,100,5.916264,2.486508,98.1114
3,100,0.7400,37,0,100,7.424482,2.668058,98.2573
3,100,0.7600,38,0,100,8.763440,2.794968,98.4316
3,100,0.7800,39,0,100,9.882883,2.861427,98.6293
3,100,0.8000,40,0,100,10.705153,2.869756,98.8443
3,100,0.8200,41,0,100,11.207397,2.827141,99.0694
3,100,0.8400,42,0,100,11.294800,2.744720,99.2967
3,100,0.8600,43,0,100,11.110308,2.660538,99.5188
3,100,0.8800,44,0,100,10.914447,2.587193,99.7359
3,100,0.9000,45,0,100,10.717389,2.520098,99.9491
3,100,0.9200,46,0,100,10.520412,2.458275,100.1582
3,100,0.9400,47,0,100,10.323517,2.400538,100.3634
3,100,0.9600,48,0,100,10.126705,2.345653,100.5647
3,100,0.9800,49,0,100,9.929980,2.292910,100.7620
3,100,1.0000,50,0,100,9.733347,2.242756,100.9553
3,100,1.0200,51,0,100,9.536805,2.193316,101.1447
3,100,1.0400,52,0,100,9.340360,2.145177,101.3301
3,100,1.0600,53,0,100,9.144014,2.097936,101.5116
3,100,1.0800,54,0,100,8.947773,2.051621,101.6891
3,100,1.1000,55,0,100,8.751639,2.006184,101.8627
3,100,1.1200,56,0,100,8.555619,1.961713,102.0323
3,100,1.1400,57,0,100,8.359716,1.917434,102.1979
3,100,1.1600,58,0,100,8.163938,1.873564,102.3596
3,100,1.1800,59,0,100,7.968290,1.832867,102.5174
3,100,1.2000,60,0,100,7.772777,1.793605,102.6712
3,100,1.2200,61,0,100,7.577409,1.757286,102.8210
3,100,1.2400,62,0,100,7.382194,1.719356,102.9669
3,100,1.2600,63,0,100,7.187140,1.679770,103.1089
3,100,1.2800,64,0,100,6.992257,1.640211,103.2469
3,100,1.3000,65,0,100,6.797557,1.609343,103.3809
3,100,1.3200,66,0,100,6.603052,1.578951,103.5110
3,100,1.3400,67,0,100,6.408757,1.551477,103.6372
3,100,1.3600,68,0,100,6.214689,1.529620,103.7594
3,100,1.3800,69,0,100,6.020864,1.515839,103.8777
3,100,1.4000,70,0,100,5.827302,1.496810,103.9920
3,100,1.4200,71,0,100,5.634028,1.473045,104.1024
3,100,1.4400,72,0,100,5.441067,1.450476,104.2089
3,100,1.4600,73,0,100,5.248450,1.438876,104.3114
3,100,1.4800,74,0,100,5.056211,1.417921,104.4100
3,100,1.5000,75,0,100,4.864389,1.411445,104.5046
3,100,1.5200,76,0,100,4.673032,1.385912,104.5953
3,100,1.5400,77,0,100,4.482193,1.366910,104.6820
3,100,1.5600,78,0,100,4.291938,1.364116,104.7648
3,100,1.5800,79,0,100,4.102340,1.341015,104.8437
3,100,1.6000,80,0,100,3.913489,1.336427,104.9187
3,100,1.6200,81,0,100,3.998865,1.308747,104.9897
3,100,1.6400,82,0,100,3.951796,1.303181,105.0568
3,100,1.6600,83,0,100,4.143837,1.274316,105.1199
3,100,1.6800,84,0,100,4.116158,1.268733,105.1791
3,100,1.7000,85,0,100,4.308233,1.238291,105.2344
3,100,1.7200,86,0,100,4.263515,1.231839,105.2858
3,100,1.7400,87,0,100,4.455736,1.213116,105.3332
3,100,1.7600,88,0,100,4.648160,1.207551,105.3767
3,100,1.7800,89,0,100,4.565919,1.169538,105.4163
3,100,1.8000,90,0,100,4.758475,1.179217,105.4519
3,100,1.8200,91,0,100,4.654755,1.175776,105.4836
3,100,1.8400,92,0,100,4.847330,1.164247,105.5114
3,100,1.8600,93,0,100,4.724811,1.172027,105.5353
3,100,1.8800,94,0,100,4.917367,1.188766,105.5552
3,100,1.9000,95,0,100,5.110071,1.195308,105.5712
3,100,1.9200,96,0,100,4.971472,1.215781,105.5833
3,100,1.9400,97,0,100,5.164143,1.249365,105.5915
3,100,1.9600,98,0,100,5.356941,1.270831,105.5957
3,100,1.9800,99,0,100,5.549850,1.298053,105.5961
3,100,2.0000,100,0,100,5.398090,1.331529,105.5925
3,100,2.0200,101,0,100,5.590967,1.373294,105.5850
3,100,2.0400,102,0,100,5.783940,1.406958,105.5736
3,100,2.0600,103,0,100,5.976996,1.455478,105.5582
3,100,2.0800,104,0,100,5.816504,1.501374,105.5390
3,100,2.1000,105,0,100,6.009541,1.550736,105.5158
3,100,2.1200,106,0,100,6.202650,1.591293,105.4887
3,100,2.1400,107,0,100,6.395821,1.642250,105.4577
3,100,2.1600,108,0,100,6.227920,1.692128,105.4228
3,100,2.1800,109,0,100,6.421110,1.747196,105.3840
3,100,2.2000,110,0,100,6.614352,1.787048,105.3412
3,100,2.2200,111,0,100,6.807637,1.835032,105.2946
3,100,2.2400,112,0,100,7.000959,1.886217,105.2440
3,100,2.2600,113,0,100,6.824342,1.935730,105.1896
3,100,2.2800,114,0,100,7.017737,1.977611,105.1312
3,100,2.3000,115,0,100,7.211158,2.027521,105.0689
3,100,2.3200,116,0,100,7.404602,2.082044,105.0027
3,100,2.3400,117,0,100,7.598062,2.139419,104.9326
3,100,2.3600,118,0,100,7.411359,2.192357,104.8586
3,100,2.3800,119,0,100,7.604950,2.239092,104.7807
3,100,2.4000,120,0,100,7.798549,2.294568,104.6989
3,100,2.4200,121,0,100,7.992148,2.355426,104.6132
3,100,2.4400,122,0,100,8.185749,2.420407,104.5236
3,100,2.4600,123,0,100,7.997931,2.482504,104.4301
3,100,2.4800,124,0,100,8.191708,2.543078,104.3327
3,100,2.5000,125,0,100,8.385474,2.613519,104.2313
3,100,2.5200,126,0,100,8.579226,2.691183,104.1261
3,100,2.5400,127,0,100,8.408241,2.770242,104.0170
3,100,2.5600,128,0,100,8.602170,2.855288,103.9040
3,100,2.5800,129,0,100,8.796076,2.944235,103.7871
3,100,2.6000,130,0,100,8.989958,3.043100,103.6663
3,100,2.6200,131,0,100,8.843155,3.144841,103.5416
3,100,2.6400,132,0,100,9.037141,3.258353,103.4130
3,100,2.6600,133,0,100,9.231096,3.374255,103.2805
3,100,2.6800,134,0,100,9.026234,3.490607,103.1441
3,100,2.7000,135,0,100,9.220113,3.614940,103.0039
3,100,2.7200,136,0,100,9.413964,3.737774,102.8597
3,100,2.7400,137,0,100,9.607787,3.863968,102.7117
3,100,2.7600,138,0,100,9.445602,3.993389,102.5597
3,100,2.7800,139,0,100,9.639151,4.130158,102.4039
3,100,2.8000,140,0,100,9.832682,4.270951,102.2442
3,100,2.8200,141,0,100,10.026192,4.413789,102.0806
3,100,2.8400,142,0,100,10.219684,4.556917,101.9131
3,100,2.8600,143,0,100,10.413155,4.700329,101.7417
3,100,2.8800,144,0,100,10.606602,4.845728,101.5664
3,100,2.9000,145,0,100,10.800027,4.990927,101.3873
3,100,2.9200,146,0,100,10.993426,5.135964,101.2043
3,100,2.9400,147,0,100,11.186803,5.281049,101.0174
3,100,2.9600,148,0,100,11.380154,5.427549,100.8266
3,100,2.9800,149,0,100,11.573479,5.575618,100.6319
3,100,3.0000,150,0,100,11.766776,5.724958,100.4333
3,100,3.0200,151,0,100,11.960048,5.876145,100.2309
3,100,3.0400,152,0,100,12.153291,6.028780,100.0246
3,100,3.0600,153,0,100,11.999165,6.179900,99.8144
3,100,3.0800,154,0,100,12.192020,6.333574,99.6003
3,100,3.1000,155,0,100,12.384860,6.488654,99.3824
3,100,3.1200,156,0,100,12.577682,6.645592,99.1606
3,100,3.1400,157,0,100,12.770486,6.803844,98.9349
3,100,3.1600,158,0,100,12.963271,6.963639,98.7053
3,100,3.1800,159,0,100,13.156035,7.123904,98.4719
3,100,3.2000,160,0,100,13.348780,7.284677,98.2345
3,100,3.2200,161,0,100,13.541500,7.446302,97.9934
3,100,3.2400,162,0,100,13.734200,7.608538,97.7483
3,100,3.2600,163,0,100,13.926876,7.771115,97.4994
3,100,3.2800,164,0,100,14.119529,7.933971,97.2466
3,100,3.3000,165,0,100,14.312159,8.097190,96.9899
3,100,3.3200,166,0,100,14.504762,8.261071,96.7294
3,100,3.3400,167,0,100,14.697341,8.425440,96.4650
3,100,3.3600,168,0,100,14.889894,8.589544,96.1967
3,100,3.3800,169,0,100,15.082419,8.754156,95.9246
3,100,3.4000,170,0,100,15.274920,8.919114,95.6486
3,100,3.4200,171,0,100,15.467393,9.083665,95.3687
3,100,3.4400,172,0,100,15.659837,9.248535,95.0850
3,100,3.4600,173,0,100,15.852253,9.414206,94.7974
3,100,3.4800,174,0,100,16.044641,9.580587,94.5060
3,100,3.5000,175,0,100,16.237001,9.748390,94.2106
3,100,3.5200,176,0,100,16.429331,9.917192,93.9115
3,100,3.5400,177,0,100,16.621632,10.086286,93.6084
3,100,3.5600,178,0,100,16.813904,10.255649,93.3016
3,100,3.5800,179,0,100,17.006144,10.425467,92.9908
3,100,3.6000,180,0,100,17.198357,10.595530,92.6762
3,100,3.6200,181,0,100,17.390535,10.765612,92.3577
3,100,3.6400,182,0,100,17.582684,10.935409,92.0354
3,100,3.6600,183,0,100,17.774803,11.105139,91.7093
3,100,3.6800,184,0,100,17.661341,11.270644,91.3792
3,100,3.7000,185,0,100,17.853357,11.438712,91.0454
3,100,3.7200,186,0,100,18.045343,11.607475,90.7076
3,100,3.7400,187,0,100,18.237303,11.776497,90.3660
3,100,3.7600,188,0,100,18.429230,11.945902,90.0206
3,100,3.7800,189,0,100,18.621128,12.116039,89.6713
3,100,3.8000,190,0,100,18.812994,12.287149,89.3182
3,100,3.8200,191,0,100,19.004831,12.458676,88.9612
3,100,3.8400,192,0,100,19.196636,12.630375,88.6004
3,100,3.8600,193,0,100,19.388411,12.802152,88.2357
3,100,3.8800,194,0,100,19.580153,12.974070,87.8672
3,100,3.9000,195,0,100,19.771864,13.146324,87.4948
3,100,3.9200,196,0,100,19.963543,13.318622,87.1186
3,100,3.9400,197,0,100,20.155190,13.491037,86.7386
3,100,3.9600,198,0,100,20.346804,13.663577,86.3547
3,100,3.9800,199,0,100,20.538389,13.836056,85.9669
3,100,4.0000,200,0,100,20.729939,14.008406,85.5753
3,100,4.0200,201,0,100,20.921455,14.180864,85.1799
3,100,4.0400,202,0,100,21.112940,14.353391,84.7807
3,100,4.0600,203,0,100,21.304392,14.525992,84.3775
3,100,4.0800,204,0,100,21.495813,14.699280,83.9706
3,100,4.1000,205,0,100,21.687197,14.873735,83.5598
3,100,4.1200,206,0,100,21.878548,15.046700,83.1452
3,100,4.1400,207,0,100,22.069868,15.219682,82.7268
3,100,4.1600,208,0,100,22.261152,15.393380,82.3045
3,100,4.1800,209,0,100,22.452402,15.566890,81.8783
3,100,4.2000,210,0,100,22.643623,15.740046,81.4484
3,100,4.2200,211,0,100,22.834805,15.912703,81.0146
3,100,4.2400,212,0,100,23.025955,16.085369,80.5770
3,100,4.2600,213,0,100,23.217070,16.258291,80.1355
3,100,4.2800,214,0,100,23.408152,16.431921,79.6902
3,100,4.3000,215,0,100,23.599199,16.605158,79.2411
3,100,4.3200,216,0,100,23.790213,16.779051,78.7882
3,100,4.3400,217,0,100,23.981192,16.953432,78.3314
3,100,4.3600,218,0,100,24.000645,17.127779,77.8708
3,100,4.3800,219,0,100,24.191534,17.301620,77.4064
3,100,4.4000,220,0,100,24.382387,17.475384,76.9381
3,100,4.4200,221,0,100,24.573210,17.651516,76.4660
3,100,4.4400,222,0,100,24.764000,17.824591,75.9901
3,100,4.4600,223,0,100,24.954754,17.994152,75.5104
3,100,4.4800,224,0,100,25.145473,18.163696,75.0268
3,100,4.5000,225,0,100,25.336159,18.342113,74.5395
3,100,4.5200,226,0,100,25.526812,18.512970,74.0483
3,100,4.5400,227,0,100,25.717430,18.684338,73.5533
3,100,4.5600,228,0,100,25.908010,18.854780,73.0544
3,100,4.5800,229,0,100,26.098560,19.028929,72.5518
3,100,4.6000,230,0,100,26.289072,19.201401,72.0453
3,100,4.6200,231,0,100,26.479548,19.375944,71.5350
3,100,4.6400,232,0,100,26.669992,19.476177,71.0209
3,100,4.6600,233,0,100,26.860401,19.506254,70.5030
3,100,4.6800,234,0,100,27.050776,19.390953,69.9812
3,100,4.7000,235,0,100,27.241116,19.538431,69.4557
3,100,4.7200,236,0,100,27.431419,19.378263,68.9263
3,100,4.7400,237,0,100,27.621687,19.144871,68.3931
3,100,4.7600,238,0,100,27.811922,19.146263,67.8561
3,100,4.7800,239,0,100,28.002119,19.268944,67.3153
3,100,4.8000,240,0,100,28.192284,19.415445,66.7707
3,100,4.8200,241,0,100,28.382410,19.332344,66.2222
3,100,4.8400,242,0,100,28.572502,19.261578,65.6700
3,100,4.8600,243,0,100,28.762558,19.245241,65.1139
3,100,4.8800,244,0,100,28.952583,19.323315,64.5541
3,100,4.9000,245,0,100,29.142569,19.372812,63.9904
3,100,4.9200,246,0,100,29.332518,19.382042,63.4230
3,100,4.9400,247,0,100,29.522432,19.380535,62.8517
3,100,4.9600,248,0,100,29.712313,19.182623,62.2766
3,100,4.9800,249,0,100,29.902155,19.257689,61.6977
3,100,5.0000,250,0,100,30.091963,19.343103,61.1150
3,100,5.0200,251,0,100,30.281736,19.447302,60.5285
3,100,5.0400,252,0,100,30.471472,19.568090,59.9382
3,100,5.0600,253,0,100,30.661171,19.670000,59.3441
3,100,5.0800,254,0,100,30.850838,19.567560,58.7462
3,100,5.1000,255,0,100,31.040466,19.499079,58.1445
3,100,5.1200,256,0,100,31.230059,19.574905,57.5390
3,100,5.1400,257,0,100,31.419617,19.712196,56.9298
3,100,5.1600,258,0,100,31.609138,19.821922,56.3167
3,100,5.1800,259,0,100,31.798622,19.908728,55.6998
3,100,5.2000,260,0,100,31.988071,19.964008,55.0791
3,100,5.2200,261,0,100,32.177486,20.016352,54.4546
3,100,5.2400,262,0,100,32.366863,20.022316,53.8263
3,100,5.2600,263,0,100,32.556202,19.927217,53.1943
3,100,5.2800,264,0,100,32.745510,19.610781,52.5584
3,100,5.3000,265,0,100,32.934776,19.587433,51.9188
3,100,5.3200,266,1,99,33.124012,19.396078,51.2753
3,100,5.3400,267,3,97,33.313206,19.274931,50.6281
3,100,5.3600,268,3,97,33.330925,19.334663,49.9771
3,100,5.3800,269,3,97,33.522373,19.166403,49.3223
3,100,5.4000,270,3,97,33.660328,19.059303,48.6637
3,100,5.4200,271,3,97,33.849411,18.821827,48.0013
3,100,5.4400,272,3,97,34.038456,18.508047,47.3351
3,100,5.4600,273,1,99,34.227467,18.429152,46.6651
3,100,5.4800,274,0,100,34.416439,17.865009,45.9914
3,100,5.5000,275,0,100,34.605377,17.700737,45.3139
3,100,5.5200,276,0,100,34.794281,17.484125,44.6326
3,100,5.5400,277,0,100,34.983143,17.355591,43.9475
3,100,5.5600,278,0,100,35.171974,17.217003,43.2586
3,100,5.5800,279,0,100,35.360767,17.055458,42.5659
3,100,5.6000,280,0,100,35.549522,16.899851,41.8695
3,100,5.6200,281,0,100,35.738243,16.480162,41.1693
3,100,5.6400,282,0,100,35.926926,16.179932,40.4653
3,100,5.6600,283,0,100,36.115574,15.995441,39.7575
3,100,5.6800,284,0,100,36.304184,15.687365,39.0459
3,100,5.7000,285,1,99,36.492760,15.522855,38.3306
3,100,5.7200,286,2,98,36.681297,15.330463,37.6115
3,100,5.7400,287,2,98,36.869801,15.054749,36.8886
3,100,5.7600,288,2,98,37.058266,14.997175,36.1620
3,100,5.7800,289,2,98,37.246693,14.881277,35.4315
3,100,5.8000,290,2,98,37.435089,14.764933,34.6973
3,100,5.8200,291,2,98,37.623444,14.603207,33.9593
3,100,5.8400,292,2,98,37.811764,14.359089,33.2176
3,100,5.8600,293,3,97,38.000046,14.034371,32.4721
3,100,5.8800,294,2,98,38.188293,13.649275,31.7228
3,100,5.9000,295,1,99,38.376503,13.330771,30.9697
3,100,5.9200,296,1,99,38.564678,13.179320,30.2129
3,100,5.9400,297,1,99,38.752815,13.114409,29.4523
3,100,5.9600,298,1,99,38.940918,13.127611,28.6879
3,100,5.9800,299,1,99,39.128983,13.071351,27.9198
3,100,6.0000,300,1,99,39.317009,13.054762,27.1479
3,100,6.0200,301,1,99,39.505001,12.599627,26.3723
3,100,6.0400,302,2,98,39.692955,12.301318,25.5928
3,100,6.0600,303,2,98,39.880875,12.194131,24.8096
3,100,6.0800,304,2,98,40.068756,12.177870,24.0227
3,100,6.1000,305,1,99,40.256599,11.581333,23.2320
3,100,6.1200,306,1,99,40.444408,11.109954,22.4375
3,100,6.1400,307,2,98,40.632179,10.989196,21.6393
3,100,6.1600,308,2,98,40.819916,10.869798,20.8373
3,100,6.1800,309,2,98,41.007614,10.731424,20.0315
3,100,6.2000,310,2,98,41.195274,10.658553,19.2220
3,100,6.2200,311,1,99,41.382900,10.416581,18.4088
3,100,6.2400,312,1,99,41.570488,10.365881,17.5917
3,100,6.2600,313,1,99,41.758041,10.356030,16.7710
3,100,6.2800,314,2,98,41.945557,10.209663,15.9464
3,100,6.3000,315,2,98,42.133034,9.850595,15.1181
3,100,6.3200,316,3,97,42.320480,9.297869,14.2861
3,100,6.3400,317,3,97,42.507881,8.863254,13.4503
3,100,6.3600,318,3,97,42.448177,8.311091,12.6107
3,100,6.3800,319,3,97,42.635567,7.316058,11.7675
3,100,6.4000,320,4,96,42.822914,6.299445,10.9204
3,100,6.4200,321,4,96,42.789013,5.567135,10.0696
3,100,6.4400,322,5,95,42.976341,5.228326,9.2151
3,100,6.4600,323,5,95,43.163639,4.902182,8.3568
3,100,6.4800,324,7,93,43.191479,4.650953,7.4947
3,100,6.5000,325,7,93,43.378735,4.337129,6.6289
3,100,6.5200,326,7,93,43.509525,4.010315,5.7594
3,100,6.5400,327,7,93,30.850569,3.750955,5.0307
3,100,6.5600,328,8,92,24.759827,3.531325,4.5593
3,100,6.5800,329,7,93,26.331999,3.484533,4.1716
3,100,6.6000,330,7,93,22.695974,3.451009,3.8453
3,100,6.6200,331,7,93,17.440374,3.290659,3.8135
3,100,6.6400,332,10,90,17.595255,3.191839,3.8657
3,100,6.6600,333,10,90,16.132593,3.006432,3.9140
3,100,6.6800,334,10,90,13.030295,2.785237,3.9583
3,100,6.7000,335,11,89,11.840005,2.678133,3.9987
3,100,6.7200,336,11,89,11.805761,2.550124,4.0352
3,100,6.7400,337,12,88,11.774701,2.484884,4.0678
3,100,6.7600,338,13,87,11.746845,2.425467,4.0965
3,100,6.7800,339,13,87,11.722216,2.383902,4.1212
3,100,6.8000,340,13,87,11.700831,2.312327,4.1420
3,100,6.8200,341,13,87,11.682706,2.272358,4.1588
3,100,6.8400,342,13,87,11.667855,2.232289,4.1718
3,100,6.8600,343,13,87,11.656288,2.208083,4.1808
3,100,6.8800,344,12,88,11.648013,2.121025,4.1859
3,100,6.9000,345,12,88,11.643035,2.089208,4.1871
3,100,6.9200,346,13,87,11.641355,2.016312,4.1844
3,100,6.9400,347,12,88,11.642975,1.942495,4.1777
3,100,6.9600,348,11,89,11.647889,1.859620,4.1672
3,100,6.9800,349,14,86,11.656093,1.794727,4.1527
3,100,7.0000,350,14,86,11.667577,1.703420,4.1343
3,100,7.0200,351,15,85,11.682329,1.635782,4.1120
3,100,7.0400,352,14,86,11.700336,1.603035,4.0857
3,100,7.0600,353,14,86,11.721580,1.570178,4.0556
3,100,7.0800,354,14,86,11.746042,1.522030,4.0215
3,100,7.1000,355,15,85,11.773700,1.470030,3.9836
3,100,7.1200,356,15,85,11.804529,1.419184,3.9417
3,100,7.1400,357,15,85,11.838502,1.393240,3.8959
3,100,7.1600,358,16,84,11.875591,1.355025,3.8462
3,100,7.1800,359,16,84,11.915766,1.298077,3.7926
3,100,7.2000,360,16,84,11.958990,1.246658,3.7351
3,100,7.2200,361,16,84,12.005233,1.208969,3.6736
3,100,7.2400,362,16,84,12.054456,1.190410,3.6083
3,100,7.2600,363,16,84,12.106621,1.157939,3.5390
3,100,7.2800,364,15,85,12.161687,1.137015,3.4659
3,100,7.3000,365,16,84,12.219616,1.091052,3.3888
3,100,7.3200,366,17,83,12.280362,1.065537,3.3079
3,100,7.3400,367,17,83,12.343884,1.026637,3.2230
3,100,7.3600,368,20,80,12.410137,0.984463,3.1343
3,100,7.3800,369,21,79,12.479076,0.971286,3.0416
3,100,7.4000,370,21,79,12.550653,0.947373,2.9450
3,100,7.4200,371,21,79,12.624825,0.929679,2.8446
3,100,7.4400,372,22,78,12.701539,0.911195,2.7402
3,100,7.4600,373,22,78,12.780754,0.895012,2.6320
3,100,7.4800,374,22,78,12.862418,0.859730,2.5198
3,100,7.5000,375,22,78,12.946485,0.812895,2.4037
3,100,7.5200,376,24,76,13.032904,0.787931,2.2838
3,100,7.5400,377,27,73,13.121630,0.744040,2.1599
3,100,7.5600,378,27,73,13.212611,0.725303,2.0322
3,100,7.5800,379,27,73,13.305803,0.707577,1.9006
3,100,7.6000,380,27,73,13.401156,0.700042,1.8188
3,100,7.6200,381,26,74,13.498623,0.675453,1.8178
3,100,7.6400,382,26,74,13.598157,0.648493,1.8167
3,100,7.6600,383,29,71,13.699711,0.639675,1.8155
3,100,7.6800,384,27,73,13.803239,0.629667,1.8141
3,100,7.7000,385,28,72,13.908695,0.618980,1.8127
3,100,7.7200,386,28,72,14.016034,0.612712,1.8111
3,100,7.7400,387,43,57,10.819666,0.552937,1.8093
3,100,7.7600,388,44,56,10.808323,0.541525,1.8073
3,100,7.7800,389,44,56,10.800531,0.533984,1.8051
3,100,7.8000,390,44,56,10.796295,0.531118,1.8027
3,100,7.8200,391,46,54,10.795618,0.522502,1.8000
3,100,7.8400,392,46,54,10.798495,0.498982,1.7970
3,100,7.8600,393,47,53,10.804924,0.495891,1.7935
3,100,7.8800,394,49,51,10.814898,0.488027,1.7897
3,100,7.9000,395,49,51,10.828400,0.486157,1.7854
3,100,7.9200,396,50,50,10.845419,0.475207,1.7806
3,100,7.9400,397,50,50,9.911439,0.460573,1.7752
3,100,7.9600,398,51,49,9.874729,0.459413,1.7692
3,100,7.9800,399,51,49,9.841805,0.456768,1.7625
3,100,8.0000,400,52,48,9.812704,0.445375,1.7549
3,100,8.0200,401,53,47,9.787457,0.437720,1.7465
3,100,8.0400,402,53,47,9.766092,0.422849,1.7370
3,100,8.0600,403,53,47,9.748632,0.418387,1.7264
3,100,8.0800,404,55,45,9.735097,0.410755,1.7145
3,100,8.1000,405,58,42,9.725498,0.410161,1.7011
3,100,8.1200,406,58,42,9.719848,0.397845,1.6928
3,100,8.1400,407,58,42,9.718148,0.392680,1.6888
3,100,8.1600,408,58,42,9.720401,0.388188,1.6843
3,100,8.1800,409,58,42,9.726598,0.386639,1.6789
3,100,8.2000,410,58,42,9.736732,0.368714,1.6724
3,100,8.2200,411,59,41,9.750788,0.366906,1.6645
3,100,8.2400,412,59,41,9.768745,0.365708,1.6550
3,100,8.2600,413,59,41,9.790583,0.365806,1.6440
3,100,8.2800,414,59,41,9.604371,0.365017,1.6312
3,100,8.3000,415,60,40,9.572018,0.361996,1.6235
3,100,8.3200,416,60,40,9.543597,0.359128,1.6222
3,100,8.3400,417,61,39,9.519144,0.340835,1.6211
3,100,8.3600,418,61,39,9.498685,0.319571,1.6200
3,100,8.3800,419,61,39,9.482244,0.317426,1.6186
3,100,8.4000,420,63,37,9.469839,0.304264,1.6178
3,100,8.4200,421,63,37,9.461484,0.300277,1.6175
3,100,8.4400,422,64,36,9.457187,0.286486,1.6173
3,100,8.4600,423,64,36,9.456951,0.282238,1.6171
3,100,8.4800,424,64,36,9.460775,0.279121,1.6168
3,100,8.5000,425,64,36,9.468651,0.260185,1.6167
3,100,8.5200,426,64,36,9.480566,0.253886,1.6165
3,100,8.5400,427,65,35,9.496502,0.249605,1.6153
3,100,8.5600,428,65,35,9.516438,0.246082,1.6149
3,100,8.5800,429,65,35,9.540344,0.243291,1.6146
3,100,8.6000,430,66,34,9.568191,0.236812,1.6142
3,100,8.6200,431,70,30,9.599939,0.234805,1.6130
3,100,8.6400,432,70,30,7.999916,0.217595,1.6125
3,100,8.6600,433,70,30,7.869766,0.215437,1.6119
3,100,8.6800,434,70,30,7.805945,0.209924,1.6112
3,100,8.7000,435,70,30,7.746595,0.207894,1.6094
3,100,8.7200,436,70,30,7.691815,0.206969,1.6084
3,100,8.7400,437,70,30,7.641702,0.206794,1.6075
3,100,8.7600,438,71,29,7.596344,0.207277,1.6053
3,100,8.7800,439,71,29,7.555825,0.194440,1.6038
3,100,8.8000,440,71,29,7.520218,0.177645,1.6023
3,100,8.8200,441,72,28,7.489593,0.174545,1.5992
3,100,8.8400,442,72,28,7.464006,0.173114,1.5967
3,100,8.8600,443,73,27,7.443506,0.169624,1.5960
3,100,8.8800,444,74,26,7.428132,0.167439,1.5957
3,100,8.9000,445,74,26,7.417913,0.165474,1.5959
3,100,8.9200,446,74,26,7.412868,0.163776,1.5960
3,100,8.9400,447,74,26,7.413003,0.162520,1.5963
3,100,8.9600,448,74,26,7.418316,0.142949,1.5968
3,100,8.9800,449,74,26,7.428792,0.140873,1.5973
3,100,9.0000,450,74,26,7.444406,0.139347,1.5977
3,100,9.0200,451,74,26,7.465123,0.138092,1.5982
3,100,9.0400,452,74,26,7.490898,0.137139,1.5986
3,100,9.0600,453,74,26,7.521675,0.136545,1.5989
3,100,9.0800,454,74,26,7.557391,0.136304,1.5991
3,100,9.1000,455,74,26,7.597972,0.137137,1.5993
3,100,9.1200,456,74,26,7.643338,0.138282,1.5995
3,100,9.1400,457,74,26,7.693402,0.139734,1.5997
3,100,9.1600,458,74,26,7.748069,0.125057,1.5999
3,100,9.1800,459,74,26,7.807241,0.124536,1.6000
3,100,9.2000,460,74,26,5.917795,0.105016,1.6000
3,100,9.2200,461,75,25,5.790264,0.099755,1.6001
3,100,9.2400,462,75,25,5.724409,0.098226,1.6001
3,100,9.2600,463,75,25,5.664610,0.096583,1.6000
3,100,9.2800,464,75,25,5.611056,0.095082,1.5999
3,100,9.3000,465,75,25,5.563924,0.093752,1.5997
3,100,9.3200,466,75,25,5.523374,0.092657,1.5996
3,100,9.3400,467,76,24,5.489546,0.077869,1.5994
3,100,9.3600,468,76,24,5.462564,0.075204,1.5991
3,100,9.3800,469,76,24,5.442523,0.073087,1.5989
3,100,9.4000,470,76,24,5.429495,0.071197,1.5985
3,100,9.4200,471,76,24,5.423529,0.069594,1.5982
3,100,9.4400,472,76,24,5.424643,0.066975,1.5978
3,100,9.4600,473,76,24,5.432827,0.065986,1.5974
3,100,9.4800,474,76,24,5.448046,0.065144,1.5967
3,100,9.5000,475,76,24,5.470237,0.064472,1.5960
3,100,9.5200,476,76,24,3.113624,0.041215,1.5951
3,100,9.5400,477,76,24,3.070817,0.040882,1.5939
3,100,9.5600,478,76,24,3.123448,0.041610,1.5924
3,100,9.5800,479,76,24,3.187246,0.042272,1.5925
3,100,9.6000,480,76,24,3.261548,0.042885,1.5925
3,100,9.6200,481,76,24,3.345648,0.043465,1.5922
3,100,9.6400,482,76,24,2.999348,0.040381,1.5914
3,100,9.6600,483,76,24,2.999171,0.041428,1.5905
3,100,9.6800,484,76,24,3.001704,0.042636,1.5896
3,100,9.7000,485,77,23,3.016987,0.043784,1.5885
3,100,9.7200,486,77,23,3.044821,0.044578,1.5875
3,100,9.7400,487,77,23,3.084857,0.045553,1.5864
3,100,9.7600,488,77,23,3.136623,0.046701,1.5853
3,100,9.7800,489,78,22,3.199540,0.048030,1.5841
3,100,9.8000,490,78,22,3.272960,0.049929,1.5817
3,100,9.8200,491,78,22,3.356187,0.042770,1.5801
3,100,9.8400,492,78,22,3.448502,0.042331,1.5786
3,100,9.8600,493,78,22,3.549192,0.042455,1.5770
3,100,9.8800,494,78,22,2.268680,0.028858,1.5754
3,100,9.9000,495,93,7,2.149566,0.026800,1.5737
3,100,9.9200,496,93,7,1.943044,0.024810,1.5704
3,100,9.9400,497,93,7,1.895302,0.023703,1.5671
3,100,9.9600,498,93,7,1.836365,0.022787,1.5641
3,100,9.9800,499,93,7,1.786895,0.022448,1.5611
3,100,10.0000,500,93,7,1.746814,0.023416,1.5564
3,100,10.0200,501,93,7,1.716831,0.024651,1.5502
3,100,10.0400,502,93,7,1.697606,0.026202,1.5427
3,100,10.0600,503,93,7,1.689660,0.027991,1.5339
3,100,10.0800,504,93,7,1.517465,0.028185,1.5234
3,100,10.1000,505,91,9,1.443918,0.029570,1.5112
3,100,10.1200,506,91,9,1.370979,0.030324,1.5043
3,100,10.1400,507,91,9,1.295717,0.030353,1.5043
3,100,10.1600,508,91,9,1.219045,0.030286,1.5043
3,100,10.1800,509,91,9,1.198903,0.030625,1.5043
3,100,10.2000,510,91,9,1.334358,0.031056,1.5043
3,100,10.2200,511,91,9,1.474524,0.028550,1.5043
3,100,10.2400,512,91,9,0.763480,0.013669,1.5043
3,100,10.2600,513,91,9,0.668698,0.009599,1.5043
3,100,10.2800,514,91,9,0.569601,0.007438,1.5043
3,100,10.3000,515,91,9,0.470932,0.006659,1.5043
3,100,10.3200,516,91,9,0.373546,0.005604,1.5043
3,100,10.3400,517,91,9,0.277416,0.004133,1.5043
3,100,10.3600,518,91,9,0.184592,0.002593,1.5043
3,100,10.3800,519,91,9,0.108466,0.001406,1.5043
3,100,10.4000,520,91,9,0.063728,0.000865,1.5043
3,100,10.4200,521,91,9,0.023391,0.000604,1.5043
3,100,10.4400,522,91,9,0.054634,0.000893,1.5043
3,100,10.4600,523,91,9,0.107990,0.001303,1.5043
3,100,10.4801,524,91,9,0.162720,0.001734,1.5043
3,100,10.5001,525,91,9,0.218158,0.002237,1.5043
3,100,10.5201,526,91,9,0.274637,0.002804,1.5043
3,100,10.5401,527,98,2,0.332354,0.003324,1.5043
3,100,10.5601,528,98,2,0.295516,0.002955,1.5043
3,100,10.5801,529,98,2,0.278482,0.002785,1.5043
3,100,10.6001,530,99,1,0.294329,0.002943,1.5043
3,100,10.6201,531,99,1,0.304977,0.003050,1.5043
3,100,10.6401,532,99,1,0.323048,0.003230,1.5043
3,100,10.6601,533,99,1,0.344571,0.003446,1.5043
3,100,10.6801,534,99,1,0.370855,0.003709,1.5043
3,100,10.7001,535,99,1,0.401897,0.004019,1.5043
3,100,10.7201,536,99,1,0.438282,0.004383,1.5043
3,100,10.7401,537,99,1,0.480509,0.004805,1.5043
3,100,10.7601,538,99,1,0.529291,0.005293,1.5043
3,100,10.7801,539,99,1,0.586678,0.005867,1.5043
3,100,10.8001,540,99,1,0.656787,0.006568,1.5043
3,100,10.8201,541,99,1,0.736521,0.007365,1.5043
3,100,10.8401,542,99,1,0.823453,0.008235,1.5043
3,100,10.8601,543,99,1,0.913295,0.009133,1.5043
3,100,10.8801,544,99,1,1.006691,0.010067,1.5043
3,100,10.9001,545,99,1,1.103634,0.011036,1.5043
3,100,10.9201,546,99,1,1.204535,0.012045,1.5043
3,100,10.9401,547,99,1,0.528305,0.005283,1.5043
3,100,10.9601,548,99,1,0.233664,0.002337,1.5043
3,100,10.9801,549,99,1,0.139772,0.001398,1.5043
3,100,11.0001,550,99,1,0.057458,0.000575,1.5043
3,100,11.0201,551,99,1,0.009088,0.000091,1.5043
3,100,11.0401,552,99,1,0.012502,0.000125,1.5043
3,100,11.0601,553,99,1,0.005222,0.000052,1.5043
3,100,11.0801,554,99,1,0.000475,0.000005,1.5043
3,100,11.1001,555,99,1,0.001226,0.000012,1.5043
3,100,11.1201,556,99,1,0.000450,0.000005,1.5043
3,100,11.1401,557,99,1,0.000376,0.000004,1.5043
3,100,11.1601,558,99,1,0.000148,0.000001,1.5043
3,100,11.1801,559,99,1,0.000067,0.000001,1.5043
3,100,11.2001,560,99,1,0.000002,0.000000,1.5043
3,100,11.2201,561,99,1,0.000009,0.000000,1.5043
3,100,11.2401,562,99,1,0.000028,0.000000,1.5043
3,100,11.2601,563,99,1,0.000015,0.000000,1.5043
3,100,11.2801,564,99,1,0.000020,0.000000,1.5043
3,100,11.3001,565,100,0,0.000000,0.000000,1.5043
4,100,0.0200,1,0,100,0.195961,0.188467,99.4961
4,100,0.0400,2,0,100,0.391882,0.370531,99.4882
4,100,0.0600,3,0,100,0.587765,0.545503,99.4765
4,100,0.0800,4,0,100,0.783608,0.712582,99.4608
4,100,0.1000,5,0,100,0.979412,0.870970,99.4412
4,100,0.1200,6,0,100,1.175177,1.019861,99.4177
4,100,0.1400,7,0,100,1.370903,1.158439,99.3903
4,100,0.1600,8,0,100,1.566589,1.285882,99.3590
4,100,0.1800,9,0,100,1.762237,1.401369,99.3237
4,100,0.2000,10,0,100,1.957845,1.504103,99.2846
4,100,0.2200,11,0,100,2.153414,1.593327,99.2415
4,100,0.2400,12,0,100,2.348942,1.668338,99.1945
4,100,0.2600,13,0,100,2.544428,1.728501,99.1436
4,100,0.2800,14,0,100,2.739864,1.773256,99.0888
4,100,0.3000,15,0,100,2.935195,1.802168,99.0301
4,100,0.3200,16,0,100,3.130335,1.815095,98.9675
4,100,0.3400,17,0,100,3.324965,1.812483,98.9010
4,100,0.3600,18,0,100,3.518369,1.795596,98.8306
4,100,0.3800,19,0,100,3.709031,1.766172,98.7564
4,100,0.4000,20,0,100,3.894050,1.726098,98.6785
4,100,0.4200,21,0,100,4.068347,1.677287,98.5971
4,100,0.4400,22,0,100,4.223738,1.621500,98.5125
4,100,0.4600,23,0,100,4.348034,1.560552,98.4253
4,100,0.4800,24,0,100,4.424396,1.496143,98.3365
4,100,0.5000,25,0,100,4.431233,1.431309,98.2475
4,100,0.5200,26,0,100,4.342925,1.369307,98.1600
4,100,0.5400,27,0,100,4.131585,1.314116,98.0767
4,100,0.5600,28,0,100,3.769978,1.270766,98.0005
4,100,0.5800,29,0,100,3.235634,1.245738,97.9351
4,100,0.6000,30,0,100,2.517728,1.248137,97.8845
4,100,0.6200,31,0,100,2.836543,1.293546,97.8531
4,100,0.6400,32,0,100,3.267365,1.424197,97.8452
4,100,0.6600,33,0,100,3.746947,1.701141,97.8647
4,100,0.6800,34,0,100,4.293106,1.992419,97.9148
4,100,0.7000,35,0,100,4.948092,2.258191,97.9968
4,100,0.7200,36,0,100,5.916264,2.486508,98.1114
4,100,0.7400,37,0,100,7.424482,2.668058,98.2573
4,100,0.7600,38,0,100,8.763440,2.794968,98.4316
4,100,0.7800,39,0,100,9.882883,2.861427,98.6293
4,100,0.8000,40,0,100,10.705153,2.869756,98.8443
4,100,0.8200,41,0,100,11.207397,2.827141,99.0694
4,100,0.8400,42,0,100,11.294800,2.744720,99.2967
4,100,0.8600,43,0,100,11.110308,2.660538,99.5188
4,100,0.8800,44,0,100,10.914447,2.587193,99.7359
4,100,0.9000,45,0,100,10.717389,2.520098,99.9491
4,100,0.9200,46,0,100,10.520412,2.458275,100.1582
4,100,0.9400,47,0,100,10.323517,2.400538,100.3634
4,100,0.9600,48,0,100,10.126705,2.345653,100.5647
4,100,0.9800,49,0,100,9.929980,2.292910,100.7620
4,100,1.0000,50,0,100,9.733347,2.242756,100.9553
4,100,1.0200,51,0,100,9.536805,2.193316,101.1447
4,100,1.0400,52,0,100,9.340360,2.145177,101.3301
4,100,1.0600,53,0,100,9.144014,2.097936,101.5116
4,100,1.0800,54,0,100,8.947773,2.051621,101.6891
4,100,1.1000,55,0,100,8.751639,2.006184,101.8627
4,100,1.1200,56,0,100,8.555619,1.961713,102.0323
4,100,1.1400,57,0,100,8.359716,1.917434,102.1979
4,100,1.1600,58,0,100,8.163938,1.873564,102.3596
4,100,1.1800,59,0,100,7.968290,1.832867,102.5174
4,100,1.2000,60,0,100,7.772777,1.793605,102.6712
4,100,1.2200,61,0,100,7.577409,1.757286,102.8210
4,100,1.2400,62,0,100,7.382194,1.719356,102.9669
4,100,1.2600,63,0,100,7.187140,1.679770,103.1089
4,100,1.2800,64,0,100,6.992257,1.640211,103.2469
4,100,1.3000,65,0,100,6.797557,1.609343,103.3809
4,100,1.3200,66,0,100,6.603052,1.578951,103.5110
4,100,1.3400,67,0,100,6.408757,1.551477,103.6372
4,100,1.3600,68,0,100,6.214689,1.529620,103.7594
4,100,1.3800,69,0,100,6.020864,1.515839,103.8777
4,100,1.4000,70,0,100,5.827302,1.496810,103.9920
4,100,1.4200,71,0,100,5.634028,1.473045,104.1024
4,100,1.4400,72,0,100,5.441067,1.450476,104.2089
4,100,1.4600,73,0,100,5.248450,1.438876,104.3114
4,100,1.4800,74,0,100,5.056211,1.417921,104.4100
4,100,1.5000,75,0,100,4.864389,1.411445,104.5046
4,100,1.5200,76,0,100,4.673032,1.385912,104.5953
4,100,1.5400,77,0,100,4.482193,1.366910,104.6820
4,100,1.5600,78,0,100,4.291938,1.364116,104.7648
4,100,1.5800,79,0,100,4.102340,1.341015,104.8437
4,100,1.6000,80,0,100,3.913489,1.336427,104.9187
4,100,1.6200,81,0,100,3.998865,1.308747,104.9897
4,100,1.6400,82,0,100,3.951796,1.303181,105.0568
4,100,1.6600,83,0,100,4.143837,1.274316,105.1199
4,100,1.6800,84,0,100,4.116158,1.268733,105.1791
4,100,1.7000,85,0,100,4.308233,1.238291,105.2344
4,100,1.7200,86,0,100,4.263515,1.231839,105.2858
4,100,1.7400,87,0,100,4.455736,1.213116,105.3332
4,100,1.7600,88,0,100,4.648160,1.207551,105.3767
4,100,1.7800,89,0,100,4.565919,1.169538,105.4163
4,100,1.8000,90,0,100,4.758475,1.179217,105.4519
4,100,1.8200,91,0,100,4.654755,1.175776,105.4836
4,100,1.8400,92,0,100,4.847330,1.164247,105.5114
4,100,1.8600,93,0,100,4.724811,1.172027,105.5353
4,100,1.8800,94,0,100,4.917367,1.188766,105.5552
4,100,1.9000,95,0,100,5.110071,1.195308,105.5712
4,100,1.9200,96,0,100,4.971472,1.215781,105.5833
4,100,1.9400,97,0,100,5.164143,1.249365,105.5915
4,100,1.9600,98,0,100,5.356941,1.270831,105.5957
4,100,1.9800,99,0,100,5.549850,1.298053,105.5961
4,100,2.0000,100,0,100,5.398090,1.331529,105.5925
4,100,2.0200,101,0,100,5.590967,1.373294,105.5850
4,100,2.0400,102,0,100,5.783940,1.406958,105.5736
4,100,2.0600,103,0,100,5.976996,1.455478,105.5582
4,100,2.0800,104,0,100,5.816504,1.501374,105.5390
4,100,2.1000,105,0,100,6.009541,1.550736,105.5158
4,100,2.1200,106,0,100,6.202650,1.591293,105.4887
4,100,2.1400,107,0,100,6.395821,1.642250,105.4577
4,100,2.1600,108,0,100,6.227920,1.692128,105.4228
4,100,2.1800,109,0,100,6.421110,1.747196,105.3840
4,100,2.2000,110,0,100,6.614352,1.787048,105.3412
4,100,2.2200,111,0,100,6.807637,1.835032,105.2946
4,100,2.2400,112,0,100,7.000959,1.886217,105.2440
4,100,2.2600,113,0,100,6.824342,1.935730,105.1896
4,100,2.2800,114,0,100,7.017737,1.977611,105.1312
4,100,2.3000,115,0,100,7.211158,2.027521,105.0689
4,100,2.3200,116,0,100,7.404602,2.082044,105.0027
4,100,2.3400,117,0,100,7.598062,2.139419,104.9326
4,100,2.3600,118,0,100,7.411359,2.192357,104.8586
4,100,2.3800,119,0,100,7.604950,2.239092,104.7807
4,100,2.4000,120,0,100,7.798549,2.294568,104.6989
4,100,2.4200,121,0,100,7.992148,2.355426,104.6132
4,100,2.4400,122,0,100,8.185749,2.420407,104.5236
4,100,2.4600,123,0,100,7.997931,2.482504,104.4301
4,100,2.4800,124,0,100,8.191708,2.543078,104.3327
4,100,2.5000,125,0,100,8.385474,2.613519,104.2313
4,100,2.5200,126,0,100,8.579226,2.691183,104.1261
4,100,2.5400,127,0,100,8.408241,2.770242,104.0170
4,100,2.5600,128,0,100,8.602170,2.855288,103.9040
4,100,2.5800,129,0,100,8.796076,2.944235,103.7871
4,100,2.6000,130,0,100,8.989958,3.043100,103.6663
4,100,2.6200,131,0,100,8.843155,3.144841,103.5416
4,100,2.6400,132,0,100,9.037141,3.258353,103.4130
4,100,2.6600,133,0,100,9.231096,3.374255,103.2805
4,100,2.6800,134,0,100,9.026234,3.490607,103.1441
4,100,2.7000,135,0,100,9.220113,3.614940,103.0039
4,100,2.7200,136,0,100,9.413964,3.737774,102.8597
4,100,2.7400,137,0,100,9.607787,3.863968,102.7117
4,100,2.7600,138,0,100,9.445602,3.993389,102.5597
4,100,2.7800,139,0,100,9.639151,4.130158,102.4039
4,100,2.8000,140,0,100,9.832682,4.270951,102.2442
4,100,2.8200,141,0,100,10.026192,4.413789,102.0806
4,100,2.8400,142,0,100,10.219684,4.556917,101.9131
4,100,2.8600,143,0,100,10.413155,4.700329,101.7417
4,100,2.8800,144,0,100,10.606602,4.845728,101.5664
4,100,2.9000,145,0,100,10.800027,4.990927,101.3873
4,100,2.9200,146,0,100,10.993426,5.135964,101.2043
4,100,2.9400,147,0,100,11.186803,5.281049,101.0174
4,100,2.9600,148,0,100,11.380154,5.427549,100.8266
4,100,2.9800,149,0,100,11.573479,5.575618,100.6319
4,100,3.0000,150,0,100,11.766776,5.724958,100.4333
4,100,3.0200,151,0,100,11.960048,5.876145,100.2309
4,100,3.0400,152,0,100,12.153291,6.028780,100.0246
4,100,3.0600,153,0,100,11.999165,6.179900,99.8144
4,100,3.0800,154,0,100,12.192020,6.333574,99.6003
4,100,3.1000,155,0,100,12.384860,6.488654,99.3824
4,100,3.1200,156,0,100,12.577682,6.645592,99.1606
4,100,3.1400,157,0,100,12.770486,6.803844,98.9349
4,100,3.1600,158,0,100,12.963271,6.963639,98.7053
4,100,3.1800,159,0,100,13.156035,7.123904,98.4719
4,100,3.2000,160,0,100,13.348780,7.284677,98.2345
4,100,3.2200,161,0,100,13.541500,7.446302,97.9934
4,100,3.2400,162,0,100,13.734200,7.608538,97.7483
4,100,3.2600,163,0,100,13.926876,7.771115,97.4994
4,100,3.2800,164,0,100,14.119529,7.933971,97.2466
4,100,3.3000,165,0,100,14.312159,8.097190,96.9899
4,100,3.3200,166,0,100,14.504762,8.261071,96.7294
4,100,3.3400,167,0,100,14.697341,8.425440,96.4650
4,100,3.3600,168,0,100,14.889894,8.589544,96.1967
4,100,3.3800,169,0,100,15.082419,8.754156,95.9246
4,100,3.4000,170,0,100,15.274920,8.919114,95.6486
4,100,3.4200,171,0,100,15.467393,9.083665,95.3687
4,100,3.4400,172,0,100,15.659837,9.248535,95.0850
4,100,3.4600,173,0,100,15.852253,9.414206,94.7974
4,100,3.4800,174,0,100,16.044641,9.580587,94.5060
4,100,3.5000,175,0,100,16.237001,9.748390,94.2106
4,100,3.5200,176,0,100,16.429331,9.917192,93.9115
4,100,3.5400,177,0,100,16.621632,10.086286,93.6084
4,100,3.5600,178,0,100,16.813904,10.255649,93.3016
4,100,3.5800,179,0,100,17.006144,10.425467,92.9908
4,100,3.6000,180,0,100,17.198357,10.595530,92.6762
4,100,3.6200,181,0,100,17.390535,10.765612,92.3577
4,100,3.6400,182,0,100,17.582684,10.935409,92.0354
4,100,3.6600,183,0,100,17.774803,11.105139,91.7093
4,100,3.6800,184,0,100,17.661341,11.270644,91.3792
4,100,3.7000,185,0,100,17.853357,11.438712,91.0454
4,100,3.7200,186,0,100,18.045343,11.607475,90.7076
4,100,3.7400,187,0,100,18.237303,11.776497,90.3660
4,100,3.7600,188,0,100,18.429230,11.945902,90.0206
4,100,3.7800,189,0,100,18.621128,12.116039,89.6713
4,100,3.8000,190,0,100,18.812994,12.287149,89.3182
4,100,3.8200,191,0,100,19.004831,12.458676,88.9612
4,100,3.8400,192,0,100,19.196636,12.630375,88.6004
4,100,3.8600,193,0,100,19.388411,12.802152,88.2357
4,100,3.8800,194,0,100,19.580153,12.974070,87.8672
4,100,3.9000,195,0,100,19.771864,13.146324,87.4948
4,100,3.9200,196,0,100,19.963543,13.318622,87.1186
4,100,3.9400,197,0,100,20.155190,13.491037,86.7386
4,100,3.9600,198,0,100,20.346804,13.663577,86.3547
4,100,3.9800,199,0,100,20.538389,13.836056,85.9669
4,100,4.0000,200,0,100,20.729939,14.008406,85.5753
4,100,4.0200,201,0,100,20.921455,14.180864,85.1799
4,100,4.0400,202,0,100,21.112940,14.353391,84.7807
4,100,4.0600,203,0,100,21.304392,14.525992,84.3775
4,100,4.0800,204,0,100,21.495813,14.699280,83.9706
4,100,4.1000,205,0,100,21.687197,14.873735,83.5598
4,100,4.1200,206,0,100,21.878548,15.046700,83.1452
4,100,4.1400,207,0,100,22.069868,15.219682,82.7268
4,100,4.1600,208,0,100,22.261152,15.393380,82.3045
4,100,4.1800,209,0,100,22.452402,15.566890,81.8783
4,100,4.2000,210,0,100,22.643623,15.740046,81.4484
4,100,4.2200,211,0,100,22.834805,15.912703,81.0146
4,100,4.2400,212,0,100,23.025955,16.085369,80.5770
4,100,4.2600,213,0,100,23.217070,16.258291,80.1355
4,100,4.2800,214,0,100,23.408152,16.431921,79.6902
4,100,4.3000,215,0,100,23.599199,16.605158,79.2411
4,100,4.3200,216,0,100,23.790213,16.779051,78.7882
4,100,4.3400,217,0,100,23.981192,16.953432,78.3314
4,100,4.3600,218,0,100,24.000645,17.127779,77.8708
4,100,4.3800,219,0,100,24.191534,17.301620,77.4064
4,100,4.4000,220,0,100,24.382387,17.475384,76.9381
4,100,4.4200,221,0,100,24.573210,17.651516,76.4660
4,100,4.4400,222,0,100,24.764000,17.824591,75.9901
4,100,4.4600,223,0,100,24.954754,17.994152,75.5104
4,100,4.4800,224,0,100,25.145473,18.163696,75.0268
4,100,4.5000,225,0,100,25.336159,18.342113,74.5395
4,100,4.5200,226,0,100,25.526812,18.512970,74.0483
4,100,4.5400,227,0,100,25.717430,18.684338,73.5533
4,100,4.5600,228,0,100,25.908010,18.854780,73.0544
4,100,4.5800,229,0,100,26.098560,19.028929,72.5518
4,100,4.6000,230,0,100,26.289072,19.201401,72.0453
4,100,4.6200,231,0,100,26.479548,19.375944,71.5350
4,100,4.6400,232,0,100,26.669992,19.476177,71.0209
4,100,4.6600,233,0,100,26.860401,19.506254,70.5030
4,100,4.6800,234,0,100,27.050776,19.390953,69.9812
4,100,4.7000,235,0,100,27.241116,19.538431,69.4557
4,100,4.7200,236,0,100,27.431419,19.378263,68.9263
4,100,4.7400,237,0,100,27.621687,19.144871,68.3931
4,100,4.7600,238,0,100,27.811922,19.146263,67.8561
4,100,4.7800,239,0,100,28.002119,19.268944,67.3153
4,100,4.8000,240,0,100,28.192284,19.415445,66.7707
4,100,4.8200,241,0,100,28.382410,19.332344,66.2222
4,100,4.8400,242,0,100,28.572502,19.261578,65.6700
4,100,4.8600,243,0,100,28.762558,19.245241,65.1139
4,100,4.8800,244,0,100,28.952583,19.323315,64.5541
4,100,4.9000,245,0,100,29.142569,19.372812,63.9904
4,100,4.9200,246,0,100,29.332518,19.382042,63.4230
4,100,4.9400,247,0,100,29.522432,19.380535,62.8517
4,100,4.9600,248,0,100,29.712313,19.182623,62.2766
4,100,4.9800,249,0,100,29.902155,19.257689,61.6977
4,100,5.0000,250,0,100,30.091963,19.343103,61.1150
4,100,5.0200,251,0,100,30.281736,19.447302,60.5285
4,100,5.0400,252,0,100,30.471472,19.568090,59.9382
4,100,5.0600,253,0,100,30.661171,19.670000,59.3441
4,100,5.0800,254,0,100,30.850838,19.567560,58.7462
4,100,5.1000,255,0,100,31.040466,19.499079,58.1445
4,100,5.1200,256,0,100,31.230059,19.574905,57.5390
4,100,5.1400,257,0,100,31.419617,19.712196,56.9298
4,100,5.1600,258,0,100,31.609138,19.821922,56.3167
4,100,5.1800,259,0,100,31.798622,19.908728,55.6998
4,100,5.2000,260,0,100,31.988071,19.964008,55.0791
4,100,5.2200,261,0,100,32.177486,20.016352,54.4546
4,100,5.2400,262,0,100,32.366863,20.022316,53.8263
4,100,5.2600,263,0,100,32.556202,19.927217,53.1943
4,100,5.2800,264,0,100,32.745510,19.610781,52.5584
4,100,5.3000,265,0,100,32.934776,19.587433,51.9188
4,100,5.3200,266,1,99,33.124012,19.396078,51.2753
4,100,5.3400,267,3,97,33.313206,19.274931,50.6281
4,100,5.3600,268,3,97,33.330925,19.334663,49.9771
4,100,5.3800,269,3,97,33.522373,19.166403,49.3223
4,100,5.4000,270,3,97,33.660328,19.059303,48.6637
4,100,5.4200,271,3,97,33.849411,18.821827,48.0013
4,100,5.4400,272,3,97,34.038456,18.508047,47.3351
4,100,5.4600,273,1,99,34.227467,18.429152,46.6651
4,100,5.4800,274,0,100,34.416439,17.865009,45.9914
4,100,5.5000,275,0,100,34.605377,17.700737,45.3139
4,100,5.5200,276,0,100,34.794281,17.484125,44.6326
4,100,5.5400,277,0,100,34.983143,17.355591,43.9475
4,100,5.5600,278,0,100,35.171974,17.217003,43.2586
4,100,5.5800,279,0,100,35.360767,17.055458,42.5659
4,100,5.6000,280,0,100,35.549522,16.899851,41.8695
4,100,5.6200,281,0,100,35.738243,16.480162,41.1693
4,100,5.6400,282,0,100,35.926926,16.179932,40.4653
4,100,5.6600,283,0,100,36.115574,15.995441,39.7575
4,100,5.6800,284,0,100,36.304184,15.687365,39.0459
4,100,5.7000,285,1,99,36.492760,15.522855,38.3306
4,100,5.7200,286,2,98,36.681297,15.330463,37.6115
4,100,5.7400,287,2,98,36.869801,15.054749,36.8886
4,100,5.7600,288,2,98,37.058266,14.997175,36.1620
4,100,5.7800,289,2,98,37.246693,14.881277,35.4315
4,100,5.8000,290,2,98,37.435089,14.764933,34.6973
4,100,5.8200,291,2,98,37.623444,14.603207,33.9593
4,100,5.8400,292,2,98,37.811764,14.359089,33.2176
4,100,5.8600,293,3,97,38.000046,14.034371,32.4721
4,100,5.8800,294,2,98,38.188293,13.649275,31.7228
4,100,5.9000,295,1,99,38.376503,13.330771,30.9697
4,100,5.9200,296,1,99,38.564678,13.179320,30.2129
4,100,5.9400,297,1,99,38.752815,13.114409,29.4523
4,100,5.9600,298,1,99,38.940918,13.127611,28.6879
4,100,5.9800,299,1,99,39.128983,13.071351,27.9198
4,100,6.0000,300,1,99,39.317009,13.054762,27.1479
4,100,6.0200,301,1,99,39.505001,12.599627,26.3723
4,100,6.0400,302,2,98,39.692955,12.301318,25.5928
4,100,6.0600,303,2,98,39.880875,12.194131,24.8096
4,100,6.0800,304,2,98,40.068756,12.177870,24.0227
4,100,6.1000,305,1,99,40.256599,11.581333,23.2320
4,100,6.1200,306,1,99,40.444408,11.109954,22.4375
4,100,6.1400,307,2,98,40.632179,10.989196,21.6393
4,100,6.1600,308,2,98,40.819916,10.869798,20.8373
4,100,6.1800,309,2,98,41.007614,10.731424,20.0315
4,100,6.2000,310,2,98,41.195274,10.658553,19.2220
4,100,6.2200,311,1,99,41.382900,10.416581,18.4088
4,100,6.2400,312,1,99,41.570488,10.365881,17.5917
4,100,6.2600,313,1,99,41.758041,10.356030,16.7710
4,100,6.2800,314,2,98,41.945557,10.209663,15.9464
4,100,6.3000,315,2,98,42.133034,9.850595,15.1181
4,100,6.3200,316,3,97,42.320480,9.297869,14.2861
4,100,6.3400,317,3,97,42.507881,8.863254,13.4503
4,100,6.3600,318,3,97,42.448177,8.311091,12.6107
4,100,6.3800,319,3,97,42.635567,7.316058,11.7675
4,100,6.4000,320,4,96,42.822914,6.299445,10.9204
4,100,6.4200,321,4,96,42.789013,5.567135,10.0696
4,100,6.4400,322,5,95,42.976341,5.228326,9.2151
4,100,6.4600,323,5,95,43.163639,4.902182,8.3568
4,100,6.4800,324,7,93,43.191479,4.650953,7.4947
4,100,6.5000,325,7,93,43.378735,4.337129,6.6289
4,100,6.5200,326,7,93,43.509525,4.010315,5.7594
4,100,6.5400,327,7,93,30.850569,3.750955,5.0307
4,100,6.5600,328,8,92,24.759827,3.531325,4.5593
4,100,6.5800,329,7,93,26.331999,3.484533,4.1716
4,100,6.6000,330,7,93,22.695974,3.451009,3.8453
4,100,6.6200,331,7,93,17.440374,3.290659,3.8135
4,100,6.6400,332,10,90,17.595255,3.191839,3.8657
4,100,6.6600,333,10,90,16.132593,3.006432,3.9140
4,100,6.6800,334,10,90,13.030295,2.785237,3.9583
4,100,6.7000,335,11,89,11.840005,2.678133,3.9987
4,100,6.7200,336,11,89,11.805761,2.550124,4.0352
4,100,6.7400,337,12,88,11.774701,2.484884,4.0678
4,100,6.7600,338,13,87,11.746845,2.425467,4.0965
4,100,6.7800,339,13,87,11.722216,2.383902,4.1212
4,100,6.8000,340,13,87,11.700831,2.312327,4.1420
4,100,6.8200,341,13,87,11.682706,2.272358,4.1588
4,100,6.8400,342,13,87,11.667855,2.232289,4.1718
4,100,6.8600,343,13,87,11.656288,2.208083,4.1808
4,100,6.8800,344,12,88,11.648013,2.121025,4.1859
4,100,6.9000,345,12,88,11.643035,2.089208,4.1871
4,100,6.9200,346,13,87,11.641355,2.016312,4.1844
4,100,6.9400,347,12,88,11.642975,1.942495,4.1777
4,100,6.9600,348,11,89,11.647889,1.859620,4.1672
4,100,6.9800,349,14,86,11.656093,1.794727,4.1527
4,100,7.0000,350,14,86,11.667577,1.703420,4.1343
4,100,7.0200,351,15,85,11.682329,1.635782,4.1120
4,100,7.0400,352,14,86,11.700336,1.603035,4.0857
4,100,7.0600,353,14,86,11.721580,1.570178,4.0556
4,100,7.0800,354,14,86,11.746042,1.522030,4.0215
4,100,7.1000,355,15,85,11.773700,1.470030,3.9836
4,100,7.1200,356,15,85,11.804529,1.419184,3.9417
4,100,7.1400,357,15,85,11.838502,1.393240,3.8959
4,100,7.1600,358,16,84,11.875591,1.355025,3.8462
4,100,7.1800,359,16,84,11.915766,1.298077,3.7926
4,100,7.2000,360,16,84,11.958990,1.246658,3.7351
4,100,7.2200,361,16,84,12.005233,1.208969,3.6736
4,100,7.2400,362,16,84,12.054456,1.190410,3.6083
4,100,7.2600,363,16,84,12.106621,1.157939,3.5390
4,100,7.2800,364,15,85,12.161687,1.137015,3.4659
4,100,7.3000,365,16,84,12.219616,1.091052,3.3888
4,100,7.3200,366,17,83,12.280362,1.065537,3.3079
4,100,7.3400,367,17,83,12.343884,1.026637,3.2230
4,100,7.3600,368,20,80,12.410137,0.984463,3.1343
4,100,7.3800,369,21,79,12.479076,0.971286,3.0416
4,100,7.4000,370,21,79,12.550653,0.947373,2.9450
4,100,7.4200,371,21,79,12.624825,0.929679,2.8446
4,100,7.4400,372,22,78,12.701539,0.911195,2.7402
4,100,7.4600,373,22,78,12.780754,0.895012,2.6320
4,100,7.4800,374,22,78,12.862418,0.859730,2.5198
4,100,7.5000,375,22,78,12.946485,0.812895,2.4037
4,100,7.5200,376,24,76,13.032904,0.787931,2.2838
4,100,7.5400,377,27,73,13.121630,0.744040,2.1599
4,100,7.5600,378,27,73,13.212611,0.725303,2.0322
4,100,7.5800,379,27,73,13.305803,0.707577,1.9006
4,100,7.6000,380,27,73,13.401156,0.700042,1.8188
4,100,7.6200,381,26,74,13.498623,0.675453,1.8178
4,100,7.6400,382,26,74,13.598157,0.648493,1.8167
4,100,7.6600,383,29,71,13.699711,0.639675,1.8155
4,100,7.6800,384,27,73,13.803239,0.629667,1.8141
4,100,7.7000,385,28,72,13.908695,0.618980,1.8127
4,100,7.7200,386,28,72,14.016034,0.612712,1.8111
4,100,7.7400,387,43,57,10.819666,0.552937,1.8093
4,100,7.7600,388,44,56,10.808323,0.541525,1.8073
4,100,7.7800,389,44,56,10.800531,0.533984,1.8051
4,100,7.8000,390,44,56,10.796295,0.531118,1.8027
4,100,7.8200,391,46,54,10.795618,0.522502,1.8000
4,100,7.8400,392,46,54,10.798495,0.498982,1.7970
4,100,7.8600,393,47,53,10.804924,0.495891,1.7935
4,100,7.8800,394,49,51,10.814898,0.488027,1.7897
4,100,7.9000,395,49,51,10.828400,0.486157,1.7854
4,100,7.9200,396,50,50,10.845419,0.475207,1.7806
4,100,7.9400,397,50,50,9.911439,0.460573,1.7752
4,100,7.9600,398,51,49,9.874729,0.459413,1.7692
4,100,7.9800,399,51,49,9.841805,0.456768,1.7625
4,100,8.0000,400,52,48,9.812704,0.445375,1.7549
4,100,8.0200,401,53,47,9.787457,0.437720,1.7465
4,100,8.0400,402,53,47,9.766092,0.422849,1.7370
4,100,8.0600,403,53,47,9.748632,0.418387,1.7264
4,100,8.0800,404,55,45,9.735097,0.410755,1.7145
4,100,8.1000,405,58,42,9.725498,0.410161,1.7011
4,100,8.1200,406,58,42,9.719848,0.397845,1.6928
4,100,8.1400,407,58,42,9.718148,0.392680,1.6888
4,100,8.1600,408,58,42,9.720401,0.388188,1.6843
4,100,8.1800,409,58,42,9.726598,0.386639,1.6789
4,100,8.2000,410,58,42,9.736732,0.368714,1.6724
4,100,8.2200,411,59,41,9.750788,0.366906,1.6645
4,100,8.2400,412,59,41,9.768745,0.365708,1.6550
4,100,8.2600,413,59,41,9.790583,0.365806,1.6440
4,100,8.2800,414,59,41,9.604371,0.365017,1.6312
4,100,8.3000,415,60,40,9.572018,0.361996,1.6235
4,100,8.3200,416,60,40,9.543597,0.359128,1.6222
4,100,8.3400,417,61,39,9.519144,0.340835,1.6211
4,100,8.3600,418,61,39,9.498685,0.319571,1.6200
4,100,8.3800,419,61,39,9.482244,0.317426,1.6186
4,100,8.4000,420,63,37,9.469839,0.304264,1.6178
4,100,8.4200,421,63,37,9.461484,0.300277,1.6175
4,100,8.4400,422,64,36,9.457187,0.286486,1.6173
4,100,8.4600,423,64,36,9.456951,0.282238,1.6171
4,100,8.4800,424,64,36,9.460775,0.279121,1.6168
4,100,8.5000,425,64,36,9.468651,0.260185,1.6167
4,100,8.5200,426,64,36,9.480566,0.253886,1.6165
4,100,8.5400,427,65,35,9.496502,0.249605,1.6153
4,100,8.5600,428,65,35,9.516438,0.246082,1.6149
4,100,8.5800,429,65,35,9.540344,0.243291,1.6146
4,100,8.6000,430,66,34,9.568191,0.236812,1.6142
4,100,8.6200,431,70,30,9.599939,0.234805,1.6130
4,100,8.6400,432,70,30,7.999916,0.217595,1.6125
4,100,8.6600,433,70,30,7.869766,0.215437,1.6119
4,100,8.6800,434,70,30,7.805945,0.209924,1.6112
4,100,8.7000,435,70,30,7.746595,0.207894,1.6094
4,100,8.7200,436,70,30,7.691815,0.206969,1.6084
4,100,8.7400,437,70,30,7.641702,0.206794,1.6075
4,100,8.7600,438,71,29,7.596344,0.207277,1.6053
4,100,8.7800,439,71,29,7.555825,0.194440,1.6038
4,100,8.8000,440,71,29,7.520218,0.177645,1.6023
4,100,8.8200,441,72,28,7.489593,0.174545,1.5992
4,100,8.8400,442,72,28,7.464006,0.173114,1.5967
4,100,8.8600,443,73,27,7.443506,0.169624,1.5960
4,100,8.8800,444,74,26,7.428132,0.167439,1.5957
4,100,8.9000,445,74,26,7.417913,0.165474,1.5959
4,100,8.9200,446,74,26,7.412868,0.163776,1.5960
4,100,8.9400,447,74,26,7.413003,0.162520,1.5963
4,100,8.9600,448,74,26,7.418316,0.142949,1.5968
4,100,8.9800,449,74,26,7.428792,0.140873,1.5973
4,100,9.0000,450,74,26,7.444406,0.139347,1.5977
4,100,9.0200,451,74,26,7.465123,0.138092,1.5982
4,100,9.0400,452,74,26,7.490898,0.137139,1.5986
4,100,9.0600,453,74,26,7.521675,0.136545,1.5989
4,100,9.0800,454,74,26,7.557391,0.136304,1.5991
4,100,9.1000,455,74,26,7.597972,0.137137,1.5993
4,100,9.1200,456,74,26,7.643338,0.138282,1.5995
4,100,9.1400,457,74,26,7.693402,0.139734,1.5997
4,100,9.1600,458,74,26,7.748069,0.125057,1.5999
4,100,9.1800,459,74,26,7.807241,0.124536,1.6000
4,100,9.2000,460,74,26,5.917795,0.105016,1.6000
4,100,9.2200,461,75,25,5.790264,0.099755,1.6001
4,100,9.2400,462,75,25,5.724409,0.098226,1.6001
4,100,9.2600,463,75,25,5.664610,0.096583,1.6000
4,100,9.2800,464,75,25,5.611056,0.095082,1.5999
4,100,9.3000,465,75,25,5.563924,0.093752,1.5997
4,100,9.3200,466,75,25,5.523374,0.092657,1.5996
4,100,9.3400,467,76,24,5.489546,0.077869,1.5994
4,100,9.3600,468,76,24,5.462564,0.075204,1.5991
4,100,9.3800,469,76,24,5.442523,0.073087,1.5989
4,100,9.4000,470,76,24,5.429495,0.071197,1.5985
4,100,9.4200,471,76,24,5.423529,0.069594,1.5982
4,100,9.4400,472,76,24,5.424643,0.066975,1.5978
4,100,9.4600,473,76,24,5.432827,0.065986,1.5974
4,100,9.4800,474,76,24,5.448046,0.065144,1.5967
4,100,9.5000,475,76,24,5.470237,0.064472,1.5960
4,100,9.5200,476,76,24,3.113624,0.041215,1.5951
4,100,9.5400,477,76,24,3.070817,0.040882,1.5939
4,100,9.5600,478,76,24,3.123448,0.041610,1.5924
4,100,9.5800,479,76,24,3.187246,0.042272,1.5925
4,100,9.6000,480,76,24,3.261548,0.042885,1.5925
4,100,9.6200,481,76,24,3.345648,0.043465,1.5922
4,100,9.6400,482,76,24,2.999348,0.040381,1.5914
4,100,9.6600,483,76,24,2.999171,0.041428,1.5905
4,100,9.6800,484,76,24,3.001704,0.042636,1.5896
4,100,9.7000,485,77,23,3.016987,0.043784,1.5885
4,100,9.7200,486,77,23,3.044821,0.044578,1.5875
4,100,9.7400,487,77,23,3.084857,0.045553,1.5864
4,100,9.7600,488,77,23,3.136623,0.046701,1.5853
4,100,9.7800,489,78,22,3.199540,0.048030,1.5841
4,100,9.8000,490,78,22,3.272960,0.049929,1.5817
4,100,9.8200,491,78,22,3.356187,0.042770,1.5801
4,100,9.8400,492,78,22,3.448502,0.042331,1.5786
4,100,9.8600,493,78,22,3.549192,0.042455,1.5770
4,100,9.8800,494,78,22,2.268680,0.028858,1.5754
4,100,9.9000,495,93,7,2.149566,0.026800,1.5737
4,100,9.9200,496,93,7,1.943044,0.024810,1.5704
4,100,9.9400,497,93,7,1.895302,0.023703,1.5671
4,100,9.9600,498,93,7,1.836365,0.022787,1.5641
4,100,9.9800,499,93,7,1.786895,0.022448,1.5611
4,100,10.0000,500,93,7,1.746814,0.023416,1.5564
4,100,10.0200,501,93,7,1.716831,0.024651,1.5502
4,100,10.0400,502,93,7,1.697606,0.026202,1.5427
4,100,10.0600,503,93,7,1.689660,0.027991,1.5339
4,100,10.0800,504,93,7,1.517465,0.028185,1.5234
4,100,10.1000,505,91,9,1.443918,0.029570,1.5112
4,100,10.1200,506,91,9,1.370979,0.030324,1.5043
4,100,10.1400,507,91,9,1.295717,0.030353,1.5043
4,100,10.1600,508,91,9,1.219045,0.030286,1.5043
4,100,10.1800,509,91,9,1.198903,0.030625,1.5043
4,100,10.2000,510,91,9,1.334358,0.031056,1.5043
4,100,10.2200,511,91,9,1.474524,0.028550,1.5043
4,100,10.2400,512,91,9,0.763480,0.013669,1.5043
4,100,10.2600,513,91,9,0.668698,0.009599,1.5043
4,100,10.2800,514,91,9,0.569601,0.007438,1.5043
4,100,10.3000,515,91,9,0.470932,0.006659,1.5043
4,100,10.3200,516,91,9,0.373546,0.005604,1.5043
4,100,10.3400,517,91,9,0.277416,0.004133,1.5043
4,100,10.3600,518,91,9,0.184592,0.002593,1.5043
4,100,10.3800,519,91,9,0.108466,0.001406,1.5043
4,100,10.4000,520,91,9,0.063728,0.000865,1.5043
4,100,10.4200,521,91,9,0.023391,0.000604,1.5043
4,100,10.4400,522,91,9,0.054634,0.000893,1.5043
4,100,10.4600,523,91,9,0.107990,0.001303,1.5043
4,100,10.4801,524,91,9,0.162720,0.001734,1.5043
4,100,10.5001,525,91,9,0.218158,0.002237,1.5043
4,100,10.5201,526,91,9,0.274637,0.002804,1.5043
4,100,10.5401,527,98,2,0.332354,0.003324,1.5043
4,100,10.5601,528,98,2,0.295516,0.002955,1.5043
4,100,10.5801,529,98,2,0.278482,0.002785,1.5043
4,100,10.6001,530,99,1,0.294329,0.002943,1.5043
4,100,10.6201,531,99,1,0.304977,0.003050,1.5043
4,100,10.6401,532,99,1,0.323048,0.003230,1.5043
4,100,10.6601,533,99,1,0.344571,0.003446,1.5043
4,100,10.6801,534,99,1,0.370855,0.003709,1.5043
4,100,10.7001,535,99,1,0.401897,0.004019,1.5043
4,100,10.7201,536,99,1,0.438282,0.004383,1.5043
4,100,10.7401,537,99,1,0.480509,0.004805,1.5043
4,100,10.7601,538,99,1,0.529291,0.005293,1.5043
4,100,10.7801,539,99,1,0.586678,0.005867,1.5043
4,100,10.8001,540,99,1,0.656787,0.006568,1.5043
4,100,10.8201,541,99,1,0.736521,0.007365,1.5043
4,100,10.8401,542,99,1,0.823453,0.008235,1.5043
4,100,10.8601,543,99,1,0.913295,0.009133,1.5043
4,100,10.8801,544,99,1,1.006691,0.010067,1.5043
4,100,10.9001,545,99,1,1.103634,0.011036,1.5043
4,100,10.9201,546,99,1,1.204535,0.012045,1.5043
4,100,10.9401,547,99,1,0.528305,0.005283,1.5043
4,100,10.9601,548,99,1,0.233664,0.002337,1.5043
4,100,10.9801,549,99,1,0.139772,0.001398,1.5043
4,100,11.0001,550,99,1,0.057458,0.000575,1.5043
4,100,11.0201,551,99,1,0.009088,0.000091,1.5043
4,100,11.0401,552,99,1,0.012502,0.000125,1.5043
4,100,11.0601,553,99,1,0.005222,0.000052,1.5043
4,100,11.0801,554,99,1,0.000475,0.000005,1.5043
4,100,11.1001,555,99,1,0.001226,0.000012,1.5043
4,100,11.1201,556,99,1,0.000450,0.000005,1.5043
4,100,11.1401,557,99,1,0.000376,0.000004,1.5043
4,100,11.1601,558,99,1,0.000148,0.000001,1.5043
4,100,11.1801,559,99,1,0.000067,0.000001,1.5043
4,100,11.2001,560,99,1,0.000002,0.000000,1.5043
4,100,11.2201,561,99,1,0.000009,0.000000,1.5043
4,100,11.2401,562,99,1,0.000028,0.000000,1.5043
4,100,11.2601,563,99,1,0.000015,0.000000,1.5043
4,100,11.2801,564,99,1,0.000020,0.000000,1.5043
4,100,11.3001,565,100,0,0.000000,0.000000,1.5043
5,100,0.0200,1,0,100,0.195961,0.188467,99.4961
5,100,0.0400,2,0,100,0.391882,0.370531,99.4882
5,100,0.0600,3,0,100,0.587765,0.545503,99.4765
5,100,0.0800,4,0,100,0.783608,0.712582,99.4608
5,100,0.1000,5,0,100,0.979412,0.870970,99.4412
5,100,0.1200,6,0,100,1.175177,1.019861,99.4177
5,100,0.1400,7,0,100,1.370903,1.158439,99.3903
5,100,0.1600,8,0,100,1.566589,1.285882,99.3590
5,100,0.1800,9,0,100,1.762237,1.401369,99.3237
5,100,0.2000,10,0,100,1.957845,1.504103,99.2846
5,100,0.2200,11,0,100,2.153414,1.593327,99.2415
5,100,0.2400,12,0,100,2.348942,1.668338,99.1945
5,100,0.2600,13,0,100,2.544428,1.728501,99.1436
5,100,0.2800,14,0,100,2.739864,1.773256,99.0888
5,100,0.3000,15,0,100,2.935195,1.802168,99.0301
5,100,0.3200,16,0,100,3.130335,1.815095,98.9675
5,100,0.3400,17,0,100,3.324965,1.812483,98.9010
5,100,0.3600,18,0,100,3.518369,1.795596,98.8306
5,100,0.3800,19,0,100,3.709031,1.766172,98.7564
5,100,0.4000,20,0,100,3.894050,1.726098,98.6785
5,100,0.4200,21,0,100,4.068347,1.677287,98.5971
5,100,0.4400,22,0,100,4.223738,1.621500,98.5125
5,100,0.4600,23,0,100,4.348034,1.560552,98.4253
5,100,0.4800,24,0,100,4.424396,1.496143,98.3365
5,100,0.5000,25,0,100,4.431233,1.431309,98.2475
5,100,0.5200,26,0,100,4.342925,1.369307,98.1600
5,100,0.5400,27,0,100,4.131585,1.314116,98.0767
5,100,0.5600,28,0,100,3.769978,1.270766,98.0005
5,100,0.5800,29,0,100,3.235634,1.245738,97.9351
5,100,0.6000,30,0,100,2.517728,1.248137,97.8845
5,100,0.6200,31,0,100,2.836543,1.293546,97.8531
5,100,0.6400,32,0,100,3.267365,1.424197,97.8452
5,100,0.6600,33,0,100,3.746947,1.701141,97.8647
5,100,0.6800,34,0,100,4.293106,1.992419,97.9148
5,100,0.7000,35,0,100,4.948092,2.258191,97.9968
5,100,0.7200,36,0,100,5.916264,2.486508,98.1114
5,100,0.7400,37,0,100,7.424482,2.668058,98.2573
5,100,0.7600,38,0,100,8.763440,2.794968,98.4316
5,100,0.7800,39,0,100,9.882883,2.861427,98.6293
5,100,0.8000,40,0,100,10.705153,2.869756,98.8443
5,100,0.8200,41,0,100,11.207397,2.827141,99.0694
5,100,0.8400,42,0,100,11.294800,2.744720,99.2967
5,100,0.8600,43,0,100,11.110308,2.660538,99.5188
5,100,0.8800,44,0,100,10.914447,2.587193,99.7359
5,100,0.9000,45,0,100,10.717389,2.520098,99.9491
5,100,0.9200,46,0,100,10.520412,2.458275,100.1582
5,100,0.9400,47,0,100,10.323517,2.400538,100.3634
5,100,0.9600,48,0,100,10.126705,2.345653,100.5647
5,100,0.9800,49,0,100,9.929980,2.292910,100.7620
5,100,1.0000,50,0,100,9.733347,2.242756,100.9553
5,100,1.0200,51,0,100,9.536805,2.193316,101.1447
5,100,1.0400,52,0,100,9.340360,2.145177,101.3301
5,100,1.0600,53,0,100,9.144014,2.097936,101.5116
5,100,1.0800,54,0,100,8.947773,2.051621,101.6891
5,100,1.1000,55,0,100,8.751639,2.006184,101.8627
5,100,1.1200,56,0,100,8.555619,1.961713,102.0323
5,100,1.1400,57,0,100,8.359716,1.917434,102.1979
5,100,1.1600,58,0,100,8.163938,1.873564,102.3596
5,100,1.1800,59,0,100,7.968290,1.832867,102.5174
5,100,1.2000,60,0,100,7.772777,1.793605,102.6712
5,100,1.2200,61,0,100,7.577409,1.757286,102.8210
5,100,1.2400,62,0,100,7.382194,1.719356,102.9669
5,100,1.2600,63,0,100,7.187140,1.679770,103.1089
5,100,1.2800,64,0,100,6.992257,1.640211,103.2469
5,100,1.3000,65,0,100,6.797557,1.609343,103.3809
5,100,1.3200,66,0,100,6.603052,1.578951,103.5110
5,100,1.3400,67,0,100,6.408757,1.551477,103.6372
5,100,1.3600,68,0,100,6.214689,1.529620,103.7594
5,100,1.3800,69,0,100,6.020864,1.515839,103.8777
5,100,1.4000,70,0,100,5.827302,1.496810,103.9920
5,100,1.4200,71,0,100,5.634028,1.473045,104.1024
5,100,1.4400,72,0,100,5.441067,1.450476,104.2089
5,100,1.4600,73,0,100,5.248450,1.438876,104.3114
5,100,1.4800,74,0,100,5.056211,1.417921,104.4100
5,100,1.5000,75,0,100,4.864389,1.411445,104.5046
5,100,1.5200,76,0,100,4.673032,1.385912,104.5953
5,100,1.5400,77,0,100,4.482193,1.366910,104.6820
5,100,1.5600,78,0,100,4.291938,1.364116,104.7648
5,100,1.5800,79,0,100,4.102340,1.341015,104.8437
5,100,1.6000,80,0,100,3.913489,1.336427,104.9187
5,100,1.6200,81,0,100,3.998865,1.308747,104.9897
5,100,1.6400,82,0,100,3.951796,1.303181,105.0568
5,100,1.6600,83,0,100,4.143837,1.274316,105.1199
5,100,1.6800,84,0,100,4.116158,1.268733,105.1791
5,100,1.7000,85,0,100,4.308233,1.238291,105.2344
5,100,1.7200,86,0,100,4.263515,1.231839,105.2858
5,100,1.7400,87,0,100,4.455736,1.213116,105.3332
5,100,1.7600,88,0,100,4.648160,1.207551,105.3767
5,100,1.7800,89,0,100,4.565919,1.169538,105.4163
5,100,1.8000,90,0,100,4.758475,1.179217,105.4519
5,100,1.8200,91,0,100,4.654755,1.175776,105.4836
5,100,1.8400,92,0,100,4.847330,1.164247,105.5114
5,100,1.8600,93,0,100,4.724811,1.172027,105.5353
5,100,1.8800,94,0,100,4.917367,1.188766,105.5552
5,100,1.9000,95,0,100,5.110071,1.195308,105.5712
5,100,1.9200,96,0,100,4.971472,1.215781,105.5833
5,100,1.9400,97,0,100,5.164143,1.249365,105.5915
5,100,1.9600,98,0,100,5.356941,1.270831,105.5957
5,100,1.9800,99,0,100,5.549850,1.298053,105.5961
5,100,2.0000,100,0,100,5.398090,1.331529,105.5925
5,100,2.0200,101,0,100,5.590967,1.373294,105.5850
5,100,2.0400,102,0,100,5.783940,1.406958,105.5736
5,100,2.0600,103,0,100,5.976996,1.455478,105.5582
5,100,2.0800,104,0,100,5.816504,1.501374,105.5390
5,100,2.1000,105,0,100,6.009541,1.550736,105.5158
5,100,2.1200,106,0,100,6.202650,1.591293,105.4887
5,100,2.1400,107,0,100,6.395821,1.642250,105.4577
5,100,2.1600,108,0,100,6.227920,1.692128,105.4228
5,100,2.1800,109,0,100,6.421110,1.747196,105.3840
5,100,2.2000,110,0,100,6.614352,1.787048,105.3412
5,100,2.2200,111,0,100,6.807637,1.835032,105.2946
5,100,2.2400,112,0,100,7.000959,1.886217,105.2440
5,100,2.2600,113,0,100,6.824342,1.935730,105.1896
5,100,2.2800,114,0,100,7.017737,1.977611,105.1312
5,100,2.3000,115,0,100,7.211158,2.027521,105.0689
5,100,2.3200,116,0,100,7.404602,2.082044,105.0027
5,100,2.3400,117,0,100,7.598062,2.139419,104.9326
5,100,2.3600,118,0,100,7.411359,2.192357,104.8586
5,100,2.3800,119,0,100,7.604950,2.239092,104.7807
5,100,2.4000,120,0,100,7.798549,2.294568,104.6989
5,100,2.4200,121,0,100,7.992148,2.355426,104.6132
5,100,2.4400,122,0,100,8.185749,2.420407,104.5236
5,100,2.4600,123,0,100,7.997931,2.482504,104.4301
5,100,2.4800,124,0,100,8.191708,2.543078,104.3327
5,100,2.5000,125,0,100,8.385474,2.613519,104.2313
5,100,2.5200,126,0,100,8.579226,2.691183,104.1261
5,100,2.5400,127,0,100,8.408241,2.770242,104.0170
5,100,2.5600,128,0,100,8.602170,2.855288,103.9040
5,100,2.5800,129,0,100,8.796076,2.944235,103.7871
5,100,2.6000,130,0,100,8.989958,3.043100,103.6663
5,100,2.6200,131,0,100,8.843155,3.144841,103.5416
5,100,2.6400,132,0,100,9.037141,3.258353,103.4130
5,100,2.6600,133,0,100,9.231096,3.374255,103.2805
5,100,2.6800,134,0,100,9.026234,3.490607,103.1441
5,100,2.7000,135,0,100,9.220113,3.614940,103.0039
5,100,2.7200,136,0,100,9.413964,3.737774,102.8597
5,100,2.7400,137,0,100,9.607787,3.863968,102.7117
5,100,2.7600,138,0,100,9.445602,3.993389,102.5597
5,100,2.7800,139,0,100,9.639151,4.130158,102.4039
5,100,2.8000,140,0,100,9.832682,4.270951,102.2442
5,100,2.8200,141,0,100,10.026192,4.413789,102.0806
5,100,2.8400,142,0,100,10.219684,4.556917,101.9131
5,100,2.8600,143,0,100,10.413155,4.700329,101.7417
5,100,2.8800,144,0,100,10.606602,4.845728,101.5664
5,100,2.9000,145,0,100,10.800027,4.990927,101.3873
5,100,2.9200,146,0,100,10.993426,5.135964,101.2043
5,100,2.9400,147,0,100,11.186803,5.281049,101.0174
5,100,2.9600,148,0,100,11.380154,5.427549,100.8266
5,100,2.9800,149,0,100,11.573479,5.575618,100.6319
5,100,3.0000,150,0,100,11.766776,5.724958,100.4333
5,100,3.0200,151,0,100,11.960048,5.876145,100.2309
5,100,3.0400,152,0,100,12.153291,6.028780,100.0246
5,100,3.0600,153,0,100,11.999165,6.179900,99.8144
5,100,3.0800,154,0,100,12.192020,6.333574,99.6003
5,100,3.1000,155,0,100,12.384860,6.488654,99.3824
5,100,3.1200,156,0,100,12.577682,6.645592,99.1606
5,100,3.1400,157,0,100,12.770486,6.803844,98.9349
5,100,3.1600,158,0,100,12.963271,6.963639,98.7053
5,100,3.1800,159,0,100,13.156035,7.123904,98.4719
5,100,3.2000,160,0,100,13.348780,7.284677,98.2345
5,100,3.2200,161,0,100,13.541500,7.446302,97.9934
5,100,3.2400,162,0,100,13.734200,7.608538,97.7483
5,100,3.2600,163,0,100,13.926876,7.771115,97.4994
5,100,3.2800,164,0,100,14.119529,7.933971,97.2466
5,100,3.3000,165,0,100,14.312159,8.097190,96.9899
5,100,3.3200,166,0,100,14.504762,8.261071,96.7294
5,100,3.3400,167,0,100,14.697341,8.425440,96.4650
5,100,3.3600,168,0,100,14.889894,8.589544,96.1967
5,100,3.3800,169,0,100,15.082419,8.754156,95.9246
5,100,3.4000,170,0,100,15.274920,8.919114,95.6486
5,100,3.4200,171,0,100,15.467393,9.083665,95.3687
5,100,3.4400,172,0,100,15.659837,9.248535,95.0850
5,100,3.4600,173,0,100,15.852253,9.414206,94.7974
5,100,3.4800,174,0,100,16.044641,9.580587,94.5060
5,100,3.5000,175,0,100,16.237001,9.748390,94.2106
5,100,3.5200,176,0,100,16.429331,9.917192,93.9115
5,100,3.5400,177,0,100,16.621632,10.086286,93.6084
5,100,3.5600,178,0,100,16.813904,10.255649,93.3016
5,100,3.5800,179,0,100,17.006144,10.425467,92.9908
5,100,3.6000,180,0,100,17.198357,10.595530,92.6762
5,100,3.6200,181,0,100,17.390535,10.765612,92.3577
5,100,3.6400,182,0,100,17.582684,10.935409,92.0354
5,100,3.6600,183,0,100,17.774803,11.105139,91.7093
5,100,3.6800,184,0,100,17.661341,11.270644,91.3792
5,100,3.7000,185,0,100,17.853357,11.438712,91.0454
5,100,3.7200,186,0,100,18.045343,11.607475,90.7076
5,100,3.7400,187,0,100,18.237303,11.776497,90.3660
5,100,3.7600,188,0,100,18.429230,11.945902,90.0206
5,100,3.7800,189,0,100,18.621128,12.116039,89.6713
5,100,3.8000,190,0,100,18.812994,12.287149,89.3182
5,100,3.8200,191,0,100,19.004831,12.458676,88.9612
5,100,3.8400,192,0,100,19.196636,12.630375,88.6004
5,100,3.8600,193,0,100,19.388411,12.802152,88.2357
5,100,3.8800,194,0,100,19.580153,12.974070,87.8672
5,100,3.9000,195,0,100,19.771864,13.146324,87.4948
5,100,3.9200,196,0,100,19.963543,13.318622,87.1186
5,100,3.9400,197,0,100,20.155190,13.491037,86.7386
5,100,3.9600,198,0,100,20.346804,13.663577,86.3547
5,100,3.9800,199,0,100,20.538389,13.836056,85.9669
5,100,4.0000,200,0,100,20.729939,14.008406,85.5753
5,100,4.0200,201,0,100,20.921455,14.180864,85.1799
5,100,4.0400,202,0,100,21.112940,14.353391,84.7807
5,100,4.0600,203,0,100,21.304392,14.525992,84.3775
5,100,4.0800,204,0,100,21.495813,14.699280,83.9706
5,100,4.1000,205,0,100,21.687197,14.873735,83.5598
5,100,4.1200,206,0,100,21.878548,15.046700,83.1452
5,100,4.1400,207,0,100,22.069868,15.219682,82.7268
5,100,4.1600,208,0,100,22.261152,15.393380,82.3045
5,100,4.1800,209,0,100,22.452402,15.566890,81.8783
5,100,4.2000,210,0,100,22.643623,15.740046,81.4484
5,100,4.2200,211,0,100,22.834805,15.912703,81.0146
5,100,4.2400,212,0,100,23.025955,16.085369,80.5770
5,100,4.2600,213,0,100,23.217070,16.258291,80.1355
5,100,4.2800,214,0,100,23.408152,16.431921,79.6902
5,100,4.3000,215,0,100,23.599199,16.605158,79.2411
5,100,4.3200,216,0,100,23.790213,16.779051,78.7882
5,100,4.3400,217,0,100,23.981192,16.953432,78.3314
5,100,4.3600,218,0,100,24.000645,17.127779,77.8708
5,100,4.3800,219,0,100,24.191534,17.301620,77.4064
5,100,4.4000,220,0,100,24.382387,17.475384,76.9381
5,100,4.4200,221,0,100,24.573210,17.651516,76.4660
5,100,4.4400,222,0,100,24.764000,17.824591,75.9901
5,100,4.4600,223,0,100,24.954754,17.994152,75.5104
5,100,4.4800,224,0,100,25.145473,18.163696,75.0268
5,100,4.5000,225,0,100,25.336159,18.342113,74.5395
5,100,4.5200,226,0,100,25.526812,18.512970,74.0483
5,100,4.5400,227,0,100,25.717430,18.684338,73.5533
5,100,4.5600,228,0,100,25.908010,18.854780,73.0544
5,100,4.5800,229,0,100,26.098560,19.028929,72.5518
5,100,4.6000,230,0,100,26.289072,19.201401,72.0453
5,100,4.6200,231,0,100,26.479548,19.375944,71.5350
5,100,4.6400,232,0,100,26.669992,19.476177,71.0209
5,100,4.6600,233,0,100,26.860401,19.506254,70.5030
5,100,4.6800,234,0,100,27.050776,19.390953,69.9812
5,100,4.7000,235,0,100,27.241116,19.538431,69.4557
5,100,4.7200,236,0,100,27.431419,19.378263,68.9263
5,100,4.7400,237,0,100,27.621687,19.144871,68.3931
5,100,4.7600,238,0,100,27.811922,19.146263,67.8561
5,100,4.7800,239,0,100,28.002119,19.268944,67.3153
5,100,4.8000,240,0,100,28.192284,19.415445,66.7707
5,100,4.8200,241,0,100,28.382410,19.332344,66.2222
5,100,4.8400,242,0,100,28.572502,19.261578,65.6700
5,100,4.8600,243,0,100,28.762558,19.245241,65.1139
5,100,4.8800,244,0,100,28.952583,19.323315,64.5541
5,100,4.9000,245,0,100,29.142569,19.372812,63.9904
5,100,4.9200,246,0,100,29.332518,19.382042,63.4230
5,100,4.9400,247,0,100,29.522432,19.380535,62.8517
5,100,4.9600,248,0,100,29.712313,19.182623,62.2766
5,100,4.9800,249,0,100,29.902155,19.257689,61.6977
5,100,5.0000,250,0,100,30.091963,19.343103,61.1150
5,100,5.0200,251,0,100,30.281736,19.447302,60.5285
5,100,5.0400,252,0,100,30.471472,19.568090,59.9382
5,100,5.0600,253,0,100,30.661171,19.670000,59.3441
5,100,5.0800,254,0,100,30.850838,19.567560,58.7462
5,100,5.1000,255,0,100,31.040466,19.499079,58.1445
5,100,5.1200,256,0,100,31.230059,19.574905,57.5390
5,100,5.1400,257,0,100,31.419617,19.712196,56.9298
5,100,5.1600,258,0,100,31.609138,19.821922,56.3167
5,100,5.1800,259,0,100,31.798622,19.908728,55.6998
5,100,5.2000,260,0,100,31.988071,19.964008,55.0791
5,100,5.2200,261,0,100,32.177486,20.016352,54.4546
5,100,5.2400,262,0,100,32.366863,20.022316,53.8263
5,100,5.2600,263,0,100,32.556202,19.927217,53.1943
5,100,5.2800,264,0,100,32.745510,19.610781,52.5584
5,100,5.3000,265,0,100,32.934776,19.587433,51.9188
5,100,5.3200,266,1,99,33.124012,19.396078,51.2753
5,100,5.3400,267,3,97,33.313206,19.274931,50.6281
5,100,5.3600,268,3,97,33.330925,19.334663,49.9771
5,100,5.3800,269,3,97,33.522373,19.166403,49.3223
5,100,5.4000,270,3,97,33.660328,19.059303,48.6637
5,100,5.4200,271,3,97,33.849411,18.821827,48.0013
5,100,5.4400,272,3,97,34.038456,18.508047,47.3351
5,100,5.4600,273,1,99,34.227467,18.429152,46.6651
5,100,5.4800,274,0,100,34.416439,17.865009,45.9914
5,100,5.5000,275,0,100,34.605377,17.700737,45.3139
5,100,5.5200,276,0,100,34.794281,17.484125,44.6326
5,100,5.5400,277,0,100,34.983143,17.355591,43.9475
5,100,5.5600,278,0,100,35.171974,17.217003,43.2586
5,100,5.5800,279,0,100,35.360767,17.055458,42.5659
5,100,5.6000,280,0,100,35.549522,16.899851,41.8695
5,100,5.6200,281,0,100,35.738243,16.480162,41.1693
5,100,5.6400,282,0,100,35.926926,16.179932,40.4653
5,100,5.6600,283,0,100,36.115574,15.995441,39.7575
5,100,5.6800,284,0,100,36.304184,15.687365,39.0459
5,100,5.7000,285,1,99,36.492760,15.522855,38.3306
5,100,5.7200,286,2,98,36.681297,15.330463,37.6115
5,100,5.7400,287,2,98,36.869801,15.054749,36.8886
5,100,5.7600,288,2,98,37.058266,14.997175,36.1620
5,100,5.7800,289,2,98,37.246693,14.881277,35.4315
5,100,5.8000,290,2,98,37.435089,14.764933,34.6973
5,100,5.8200,291,2,98,37.623444,14.603207,33.9593
5,100,5.8400,292,2,98,37.811764,14.359089,33.2176
5,100,5.8600,293,3,97,38.000046,14.034371,32.4721
5,100,5.8800,294,2,98,38.188293,13.649275,31.7228
5,100,5.9000,295,1,99,38.376503,13.330771,30.9697
5,100,5.9200,296,1,99,38.564678,13.179320,30.2129
5,100,5.9400,297,1,99,38.752815,13.114409,29.4523
5,100,5.9600,298,1,99,38.940918,13.127611,28.6879
5,100,5.9800,299,1,99,39.128983,13.071351,27.9198
5,100,6.0000,300,1,99,39.317009,13.054762,27.1479
5,100,6.0200,301,1,99,39.505001,12.599627,26.3723
5,100,6.0400,302,2,98,39.692955,12.301318,25.5928
5,100,6.0600,303,2,98,39.880875,12.194131,24.8096
5,100,6.0800,304,2,98,40.068756,12.177870,24.0227
5,100,6.1000,305,1,99,40.256599,11.581333,23.2320
5,100,6.1200,306,1,99,40.444408,11.109954,22.4375
5,100,6.1400,307,2,98,40.632179,10.989196,21.6393
5,100,6.1600,308,2,98,40.819916,10.869798,20.8373
5,100,6.1800,309,2,98,41.007614,10.731424,20.0315
5,100,6.2000,310,2,98,41.195274,10.658553,19.2220
5,100,6.2200,311,1,99,41.382900,10.416581,18.4088
5,100,6.2400,312,1,99,41.570488,10.365881,17.5917
5,100,6.2600,313,1,99,41.758041,10.356030,16.7710
5,100,6.2800,314,2,98,41.945557,10.209663,15.9464
5,100,6.3000,315,2,98,42.133034,9.850595,15.1181
5,100,6.3200,316,3,97,42.320480,9.297869,14.2861
5,100,6.3400,317,3,97,42.507881,8.863254,13.4503
5,100,6.3600,318,3,97,42.448177,8.311091,12.6107
5,100,6.3800,319,3,97,42.635567,7.316058,11.7675
5,100,6.4000,320,4,96,42.822914,6.299445,10.9204
5,100,6.4200,321,4,96,42.789013,5.567135,10.0696
5,100,6.4400,322,5,95,42.976341,5.228326,9.2151
5,100,6.4600,323,5,95,43.163639,4.902182,8.3568
5,100,6.4800,324,7,93,43.191479,4.650953,7.4947
5,100,6.5000,325,7,93,43.378735,4.337129,6.6289
5,100,6.5200,326,7,93,43.509525,4.010315,5.7594
5,100,6.5400,327,7,93,30.850569,3.750955,5.0307
5,100,6.5600,328,8,92,24.759827,3.531325,4.5593
5,100,6.5800,329,7,93,26.331999,3.484533,4.1716
5,100,6.6000,330,7,93,22.695974,3.451009,3.8453
5,100,6.6200,331,7,93,17.440374,3.290659,3.8135
5,100,6.6400,332,10,90,17.595255,3.191839,3.8657
5,100,6.6600,333,10,90,16.132593,3.006432,3.9140
5,100,6.6800,334,10,90,13.030295,2.785237,3.9583
5,100,6.7000,335,11,89,11.840005,2.678133,3.9987
5,100,6.7200,336,11,89,11.805761,2.550124,4.0352
5,100,6.7400,337,12,88,11.774701,2.484884,4.0678
5,100,6.7600,338,13,87,11.746845,2.425467,4.0965
5,100,6.7800,339,13,87,11.722216,2.383902,4.1212
5,100,6.8000,340,13,87,11.700831,2.312327,4.1420
5,100,6.8200,341,13,87,11.682706,2.272358,4.1588
5,100,6.8400,342,13,87,11.667855,2.232289,4.1718
5,100,6.8600,343,13,87,11.656288,2.208083,4.1808
5,100,6.8800,344,12,88,11.648013,2.121025,4.1859
5,100,6.9000,345,12,88,11.643035,2.089208,4.1871
5,100,6.9200,346,13,87,11.641355,2.016312,4.1844
5,100,6.9400,347,12,88,11.642975,1.942495,4.1777
5,100,6.9600,348,11,89,11.647889,1.859620,4.1672
5,100,6.9800,349,14,86,11.656093,1.794727,4.1527
5,100,7.0000,350,14,86,11.667577,1.703420,4.1343
5,100,7.0200,351,15,85,11.682329,1.635782,4.1120
5,100,7.0400,352,14,86,11.700336,1.603035,4.0857
5,100,7.0600,353,14,86,11.721580,1.570178,4.0556
5,100,7.0800,354,14,86,11.746042,1.522030,4.0215
5,100,7.1000,355,15,85,11.773700,1.470030,3.9836
5,100,7.1200,356,15,85,11.804529,1.419184,3.9417
5,100,7.1400,357,15,85,11.838502,1.393240,3.8959
5,100,7.1600,358,16,84,11.875591,1.355025,3.8462
5,100,7.1800,359,16,84,11.915766,1.298077,3.7926
5,100,7.2000,360,16,84,11.958990,1.246658,3.7351
5,100,7.2200,361,16,84,12.005233,1.208969,3.6736
5,100,7.2400,362,16,84,12.054456,1.190410,3.6083
5,100,7.2600,363,16,84,12.106621,1.157939,3.5390
5,100,7.2800,364,15,85,12.161687,1.137015,3.4659
5,100,7.3000,365,16,84,12.219616,1.091052,3.3888
5,100,7.3200,366,17,83,12.280362,1.065537,3.3079
5,100,7.3400,367,17,83,12.343884,1.026637,3.2230
5,100,7.3600,368,20,80,12.410137,0.984463,3.1343
5,100,7.3800,369,21,79,12.479076,0.971286,3.0416
5,100,7.4000,370,21,79,12.550653,0.947373,2.9450
5,100,7.4200,371,21,79,12.624825,0.929679,2.8446
5,100,7.4400,372,22,78,12.701539,0.911195,2.7402
5,100,7.4600,373,22,78,12.780754,0.895012,2.6320
5,100,7.4800,374,22,78,12.862418,0.859730,2.5198
5,100,7.5000,375,22,78,12.946485,0.812895,2.4037
5,100,7.5200,376,24,76,13.032904,0.787931,2.2838
5,100,7.5400,377,27,73,13.121630,0.744040,2.1599
5,100,7.5600,378,27,73,13.212611,0.725303,2.0322
5,100,7.5800,379,27,73,13.305803,0.707577,1.9006
5,100,7.6000,380,27,73,13.401156,0.700042,1.8188
5,100,7.6200,381,26,74,13.498623,0.675453,1.8178
5,100,7.6400,382,26,74,13.598157,0.648493,1.8167
5,100,7.6600,383,29,71,13.699711,0.639675,1.8155
5,100,7.6800,384,27,73,13.803239,0.629667,1.8141
5,100,7.7000,385,28,72,13.908695,0.618980,1.8127
5,100,7.7200,386,28,72,14.016034,0.612712,1.8111
5,100,7.7400,387,43,57,10.819666,0.552937,1.8093
5,100,7.7600,388,44,56,10.808323,0.541525,1.8073
5,100,7.7800,389,44,56,10.800531,0.533984,1.8051
5,100,7.8000,390,44,56,10.796295,0.531118,1.8027
5,100,7.8200,391,46,54,10.795618,0.522502,1.8000
5,100,7.8400,392,46,54,10.798495,0.498982,1.7970
5,100,7.8600,393,47,53,10.804924,0.495891,1.7935
5,100,7.8800,394,49,51,10.814898,0.488027,1.7897
5,100,7.9000,395,49,51,10.828400,0.486157,1.7854
5,100,7.9200,396,50,50,10.845419,0.475207,1.7806
5,100,7.9400,397,50,50,9.911439,0.460573,1.7752
5,100,7.9600,398,51,49,9.874729,0.459413,1.7692
5,100,7.9800,399,51,49,9.841805,0.456768,1.7625
5,100,8.0000,400,52,48,9.812704,0.445375,1.7549
5,100,8.0200,401,53,47,9.787457,0.437720,1.7465
5,100,8.0400,402,53,47,9.766092,0.422849,1.7370
5,100,8.0600,403,53,47,9.748632,0.418387,1.7264
5,100,8.0800,404,55,45,9.735097,0.410755,1.7145
5,100,8.1000,405,58,42,9.725498,0.410161,1.7011
5,100,8.1200,406,58,42,9.719848,0.397845,1.6928
5,100,8.1400,407,58,42,9.718148,0.392680,1.6888
5,100,8.1600,408,58,42,9.720401,0.388188,1.6843
5,100,8.1800,409,58,42,9.726598,0.386639,1.6789
5,100,8.2000,410,58,42,9.736732,0.368714,1.6724
5,100,8.2200,411,59,41,9.750788,0.366906,1.6645
5,100,8.2400,412,59,41,9.768745,0.365708,1.6550
5,100,8.2600,413,59,41,9.790583,0.365806,1.6440
5,100,8.2800,414,59,41,9.604371,0.365017,1.6312
5,100,8.3000,415,60,40,9.572018,0.361996,1.6235
5,100,8.3200,416,60,40,9.543597,0.359128,1.6222
5,100,8.3400,417,61,39,9.519144,0.340835,1.6211
5,100,8.3600,418,61,39,9.498685,0.319571,1.6200
5,100,8.3800,419,61,39,9.482244,0.317426,1.6186
5,100,8.4000,420,63,37,9.469839,0.304264,1.6178
5,100,8.4200,421,63,37,9.461484,0.300277,1.6175
5,100,8.4400,422,64,36,9.457187,0.286486,1.6173
5,100,8.4600,423,64,36,9.456951,0.282238,1.6171
5,100,8.4800,424,64,36,9.460775,0.279121,1.6168
5,100,8.5000,425,64,36,9.468651,0.260185,1.6167
5,100,8.5200,426,64,36,9.480566,0.253886,1.6165
5,100,8.5400,427,65,35,9.496502,0.249605,1.6153
5,100,8.5600,428,65,35,9.516438,0.246082,1.6149
5,100,8.5800,429,65,35,9.540344,0.243291,1.6146
5,100,8.6000,430,66,34,9.568191,0.236812,1.6142
5,100,8.6200,431,70,30,9.599939,0.234805,1.6130
5,100,8.6400,432,70,30,7.999916,0.217595,1.6125
5,100,8.6600,433,70,30,7.869766,0.215437,1.6119
5,100,8.6800,434,70,30,7.805945,0.209924,1.6112
5,100,8.7000,435,70,30,7.746595,0.207894,1.6094
5,100,8.7200,436,70,30,7.691815,0.206969,1.6084
5,100,8.7400,437,70,30,7.641702,0.206794,1.6075
5,100,8.7600,438,71,29,7.596344,0.207277,1.6053
5,100,8.7800,439,71,29,7.555825,0.194440,1.6038
5,100,8.8000,440,71,29,7.520218,0.177645,1.6023
5,100,8.8200,441,72,28,7.489593,0.174545,1.5992
5,100,8.8400,442,72,28,7.464006,0.173114,1.5967
5,100,8.8600,443,73,27,7.443506,0.169624,1.5960
5,100,8.8800,444,74,26,7.428132,0.167439,1.5957
5,100,8.9000,445,74,26,7.417913,0.165474,1.5959
5,100,8.9200,446,74,26,7.412868,0.163776,1.5960
5,100,8.9400,447,74,26,7.413003,0.162520,1.5963
5,100,8.9600,448,74,26,7.418316,0.142949,1.5968
5,100,8.9800,449,74,26,7.428792,0.140873,1.5973
5,100,9.0000,450,74,26,7.444406,0.139347,1.5977
5,100,9.0200,451,74,26,7.465123,0.138092,1.5982
5,100,9.0400,452,74,26,7.490898,0.137139,1.5986
5,100,9.0600,453,74,26,7.521675,0.136545,1.5989
5,100,9.0800,454,74,26,7.557391,0.136304,1.5991
5,100,9.1000,455,74,26,7.597972,0.137137,1.5993
5,100,9.1200,456,74,26,7.643338,0.138282,1.5995
5,100,9.1400,457,74,26,7.693402,0.139734,1.5997
5,100,9.1600,458,74,26,7.748069,0.125057,1.5999
5,100,9.1800,459,74,26,7.807241,0.124536,1.6000
5,100,9.2000,460,74,26,5.917795,0.105016,1.6000
5,100,9.2200,461,75,25,5.790264,0.099755,1.6001
5,100,9.2400,462,75,25,5.724409,0.098226,1.6001
5,100,9.2600,463,75,25,5.664610,0.096583,1.6000
5,100,9.2800,464,75,25,5.611056,0.095082,1.5999
5,100,9.3000,465,75,25,5.563924,0.093752,1.5997
5,100,9.3200,466,75,25,5.523374,0.092657,1.5996
5,100,9.3400,467,76,24,5.489546,0.077869,1.5994
5,100,9.3600,468,76,24,5.462564,0.075204,1.5991
5,100,9.3800,469,76,24,5.442523,0.073087,1.5989
5,100,9.4000,470,76,24,5.429495,0.071197,1.5985
5,100,9.4200,471,76,24,5.423529,0.069594,1.5982
5,100,9.4400,472,76,24,5.424643,0.066975,1.5978
5,100,9.4600,473,76,24,5.432827,0.065986,1.5974
5,100,9.4800,474,76,24,5.448046,0.065144,1.5967
5,100,9.5000,475,76,24,5.470237,0.064472,1.5960
5,100,9.5200,476,76,24,3.113624,0.041215,1.5951
5,100,9.5400,477,76,24,3.070817,0.040882,1.5939
5,100,9.5600,478,76,24,3.123448,0.041610,1.5924
5,100,9.5800,479,76,24,3.187246,0.042272,1.5925
5,100,9.6000,480,76,24,3.261548,0.042885,1.5925
5,100,9.6200,481,76,24,3.345648,0.043465,1.5922
5,100,9.6400,482,76,24,2.999348,0.040381,1.5914
5,100,9.6600,483,76,24,2.999171,0.041428,1.5905
5,100,9.6800,484,76,24,3.001704,0.042636,1.5896
5,100,9.7000,485,77,23,3.016987,0.043784,1.5885
5,100,9.7200,486,77,23,3.044821,0.044578,1.5875
5,100,9.7400,487,77,23,3.084857,0.045553,1.5864
5,100,9.7600,488,77,23,3.136623,0.046701,1.5853
5,100,9.7800,489,78,22,3.199540,0.048030,1.5841
5,100,9.8000,490,78,22,3.272960,0.049929,1.5817
5,100,9.8200,491,78,22,3.356187,0.042770,1.5801
5,100,9.8400,492,78,22,3.448502,0.042331,1.5786
5,100,9.8600,493,78,22,3.549192,0.042455,1.5770
5,100,9.8800,494,78,22,2.268680,0.028858,1.5754
5,100,9.9000,495,93,7,2.149566,0.026800,1.5737
5,100,9.9200,496,93,7,1.943044,0.024810,1.5704
5,100,9.9400,497,93,7,1.895302,0.023703,1.5671
5,100,9.9600,498,93,7,1.836365,0.022787,1.5641
5,100,9.9800,499,93,7,1.786895,0.022448,1.5611
5,100,10.0000,500,93,7,1.746814,0.023416,1.5564
5,100,10.0200,501,93,7,1.716831,0.024651,1.5502
5,100,10.0400,502,93,7,1.697606,0.026202,1.5427
5,100,10.0600,503,93,7,1.689660,0.027991,1.5339
5,100,10.0800,504,93,7,1.517465,0.028185,1.5234
5,100,10.1000,505,91,9,1.443918,0.029570,1.5112
5,100,10.1200,506,91,9,1.370979,0.030324,1.5043
5,100,10.1400,507,91,9,1.295717,0.030353,1.5043
5,100,10.1600,508,91,9,1.219045,0.030286,1.5043
5,100,10.1800,509,91,9,1.198903,0.030625,1.5043
5,100,10.2000,510,91,9,1.334358,0.031056,1.5043
5,100,10.2200,511,91,9,1.474524,0.028550,1.5043
5,100,10.2400,512,91,9,0.763480,0.013669,1.5043
5,100,10.2600,513,91,9,0.668698,0.009599,1.5043
5,100,10.2800,514,91,9,0.569601,0.007438,1.5043
5,100,10.3000,515,91,9,0.470932,0.006659,1.5043
5,100,10.3200,516,91,9,0.373546,0.005604,1.5043
5,100,10.3400,517,91,9,0.277416,0.004133,1.5043
5,100,10.3600,518,91,9,0.184592,0.002593,1.5043
5,100,10.3800,519,91,9,0.108466,0.001406,1.5043
5,100,10.4000,520,91,9,0.063728,0.000865,1.5043
5,100,10.4200,521,91,9,0.023391,0.000604,1.5043
5,100,10.4400,522,91,9,0.054634,0.000893,1.5043
5,100,10.4600,523,91,9,0.107990,0.001303,1.5043
5,100,10.4801,524,91,9,0.162720,0.001734,1.5043
5,100,10.5001,525,91,9,0.218158,0.002237,1.5043
5,100,10.5201,526,91,9,0.274637,0.002804,1.5043
5,100,10.5401,527,98,2,0.332354,0.003324,1.5043
5,100,10.5601,528,98,2,0.295516,0.002955,1.5043
5,100,10.5801,529,98,2,0.278482,0.002785,1.5043
5,100,10.6001,530,99,1,0.294329,0.002943,1.5043
5,100,10.6201,531,99,1,0.304977,0.003050,1.5043
5,100,10.6401,532,99,1,0.323048,0.003230,1.5043
5,100,10.6601,533,99,1,0.344571,0.003446,1.5043
5,100,10.6801,534,99,1,0.370855,0.003709,1.5043
5,100,10.7001,535,99,1,0.401897,0.004019,1.5043
5,100,10.7201,536,99,1,0.438282,0.004383,1.5043
5,100,10.7401,537,99,1,0.480509,0.004805,1.5043
5,100,10.7601,538,99,1,0.529291,0.005293,1.5043
5,100,10.7801,539,99,1,0.586678,0.005867,1.5043
5,100,10.8001,540,99,1,0.656787,0.006568,1.5043
5,100,10.8201,541,99,1,0.736521,0.007365,1.5043
5,100,10.8401,542,99,1,0.823453,0.008235,1.5043
5,100,10.8601,543,99,1,0.913295,0.009133,1.5043
5,100,10.8801,544,99,1,1.006691,0.010067,1.5043
5,100,10.9001,545,99,1,1.103634,0.011036,1.5043
5,100,10.9201,546,99,1,1.204535,0.012045,1.5043
5,100,10.9401,547,99,1,0.528305,0.005283,1.5043
5,100,10.9601,548,99,1,0.233664,0.002337,1.5043
5,100,10.9801,549,99,1,0.139772,0.001398,1.5043
5,100,11.0001,550,99,1,0.057458,0.000575,1.5043
5,100,11.0201,551,99,1,0.009088,0.000091,1.5043
5,100,11.0401,552,99,1,0.012502,0.000125,1.5043
5,100,11.0601,553,99,1,0.005222,0.000052,1.5043
5,100,11.0801,554,99,1,0.000475,0.000005,1.5043
5,100,11.1001,555,99,1,0.001226,0.000012,1.5043
5,100,11.1201,556,99,1,0.000450,0.000005,1.5043
5,100,11.1401,557,99,1,0.000376,0.000004,1.5043
5,100,11.1601,558,99,1,0.000148,0.000001,1.5043
5,100,11.1801,559,99,1,0.000067,0.000001,1.5043
5,100,11.2001,560,99,1,0.000002,0.000000,1.5043
5,100,11.2201,561,99,1,0.000009,0.000000,1.5043
5,100,11.2401,562,99,1,0.000028,0.000000,1.5043
5,100,11.2601,563,99,1,0.000015,0.000000,1.5043
5,100,11.2801,564,99,1,0.000020,0.000000,1.5043
5,100,11.3001,565,100,0,0.000000,0.000000,1.5043
6,100,0.0200,1,0,100,0.195961,0.188467,99.4961
6,100,0.0400,2,0,100,0.391882,0.370531,99.4882
6,100,0.0600,3,0,100,0.587765,0.545503,99.4765
6,100,0.0800,4,0,100,0.783608,0.712582,99.4608
6,100,0.1000,5,0,100,0.979412,0.870970,99.4412
6,100,0.1200,6,0,100,1.175177,1.019861,99.4177
6,100,0.1400,7,0,100,1.370903,1.158439,99.3903
6,100,0.1600,8,0,100,1.566589,1.285882,99.3590
6,100,0.1800,9,0,100,1.762237,1.401369,99.3237
6,100,0.2000,10,0,100,1.957845,1.504103,99.2846
6,100,0.2200,11,0,100,2.153414,1.593327,99.2415
6,100,0.2400,12,0,100,2.348942,1.668338,99.1945
6,100,0.2600,13,0,100,2.544428,1.728501,99.1436
6,100,0.2800,14,0,100,2.739864,1.773256,99.0888
6,100,0.3000,15,0,100,2.935195,1.802168,99.0301
6,100,0.3200,16,0,100,3.130335,1.815095,98.9675
6,100,0.3400,17,0,100,3.324965,1.812483,98.9010
6,100,0.3600,18,0,100,3.518369,1.795596,98.8306
6,100,0.3800,19,0,100,3.709031,1.766172,98.7564
6,100,0.4000,20,0,100,3.894050,1.726098,98.6785
6,100,0.4200,21,0,100,4.068347,1.677287,98.5971
6,100,0.4400,22,0,100,4.223738,1.621500,98.5125
6,100,0.4600,23,0,100,4.348034,1.560552,98.4253
6,100,0.4800,24,0,100,4.424396,1.496143,98.3365
6,100,0.5000,25,0,100,4.431233,1.431309,98.2475
6,100,0.5200,26,0,100,4.342925,1.369307,98.1600
6,100,0.5400,27,0,100,4.131585,1.314116,98.0767
6,100,0.5600,28,0,100,3.769978,1.270766,98.0005
6,100,0.5800,29,0,100,3.235634,1.245738,97.9351
6,100,0.6000,30,0,100,2.517728,1.248137,97.8845
6,100,0.6200,31,0,100,2.836543,1.293546,97.8531
6,100,0.6400,32,0,100,3.267365,1.424197,97.8452
6,100,0.6600,33,0,100,3.746947,1.701141,97.8647
6,100,0.6800,34,0,100,4.293106,1.992419,97.9148
6,100,0.7000,35,0,100,4.948092,2.258191,97.9968
6,100,0.7200,36,0,100,5.916264,2.486508,98.1114
6,100,0.7400,37,0,100,7.424482,2.668058,98.2573
6,100,0.7600,38,0,100,8.763440,2.794968,98.4316
6,100,0.7800,39,0,100,9.882883,2.861427,98.6293
6,100,0.8000,40,0,100,10.705153,2.869756,98.8443
6,100,0.8200,41,0,100,11.207397,2.827141,99.0694
6,100,0.8400,42,0,100,11.294800,2.744720,99.2967
6,100,0.8600,43,0,100,11.110308,2.660538,99.5188
6,100,0.8800,44,0,100,10.914447,2.587193,99.7359
6,100,0.9000,45,0,100,10.717389,2.520098,99.9491
6,100,0.9200,46,0,100,10.520412,2.458275,100.1582
6,100,0.9400,47,0,100,10.323517,2.400538,100.3634
6,100,0.9600,48,0,100,10.126705,2.345653,100.5647
6,100,0.9800,49,0,100,9.929980,2.292910,100.7620
6,100,1.0000,50,0,100,9.733347,2.242756,100.9553
6,100,1.0200,51,0,100,9.536805,2.193316,101.1447
6,100,1.0400,52,0,100,9.340360,2.145177,101.3301
6,100,1.0600,53,0,100,9.144014,2.097936,101.5116
6,100,1.0800,54,0,100,8.947773,2.051621,101.6891
6,100,1.1000,55,0,100,8.751639,2.006184,101.8627
6,100,1.1200,56,0,100,8.555619,1.961713,102.0323
6,100,1.1400,57,0,100,8.359716,1.917434,102.1979
6,100,1.1600,58,0,100,8.163938,1.873564,102.3596
6,100,1.1800,59,0,100,7.968290,1.832867,102.5174
6,100,1.2000,60,0,100,7.772777,1.793605,102.6712
6,100,1.2200,61,0,100,7.577409,1.757286,102.8210
6,100,1.2400,62,0,100,7.382194,1.719356,102.9669
6,100,1.2600,63,0,100,7.187140,1.679770,103.1089
6,100,1.2800,64,0,100,6.992257,1.640211,103.2469
6,100,1.3000,65,0,100,6.797557,1.609343,103.3809
6,100,1.3200,66,0,100,6.603052,1.578951,103.5110
6,100,1.3400,67,0,100,6.408757,1.551477,103.6372
6,100,1.3600,68,0,100,6.214689,1.529620,103.7594
6,100,1.3800,69,0,100,6.020864,1.515839,103.8777
6,100,1.4000,70,0,100,5.827302,1.496810,103.9920
6,100,1.4200,71,0,100,5.634028,1.473045,104.1024
6,100,1.4400,72,0,100,5.441067,1.450476,104.2089
6,100,1.4600,73,0,100,5.248450,1.438876,104.3114
6,100,1.4800,74,0,100,5.056211,1.417921,104.4100
6,100,1.5000,75,0,100,4.864389,1.411445,104.5046
6,100,1.5200,76,0,100,4.673032,1.385912,104.5953
6,100,1.5400,77,0,100,4.482193,1.366910,104.6820
6,100,1.5600,78,0,100,4.291938,1.364116,104.7648
6,100,1.5800,79,0,100,4.102340,1.341015,104.8437
6,100,1.6000,80,0,100,3.913489,1.336427,104.9187
6,100,1.6200,81,0,100,3.998865,1.308747,104.9897
6,100,1.6400,82,0,100,3.951796,1.303181,105.0568
6,100,1.6600,83,0,100,4.143837,1.274316,105.1199
6,100,1.6800,84,0,100,4.116158,1.268733,105.1791
6,100,1.7000,85,0,100,4.308233,1.238291,105.2344
6,100,1.7200,86,0,100,4.263515,1.231839,105.2858
6,100,1.7400,87,0,100,4.455736,1.213116,105.3332
6,100,1.7600,88,0,100,4.648160,1.207551,105.3767
6,100,1.7800,89,0,100,4.565919,1.169538,105.4163
6,100,1.8000,90,0,100,4.758475,1.179217,105.4519
6,100,1.8200,91,0,100,4.654755,1.175776,105.4836
6,100,1.8400,92,0,100,4.847330,1.164247,105.5114
6,100,1.8600,93,0,100,4.724811,1.172027,105.5353
6,100,1.8800,94,0,100,4.917367,1.188766,105.5552
6,100,1.9000,95,0,100,5.110071,1.195308,105.5712
6,100,1.9200,96,0,100,4.971472,1.215781,105.5833
6,100,1.9400,97,0,100,5.164143,1.249365,105.5915
6,100,1.9600,98,0,100,5.356941,1.270831,105.5957
6,100,1.9800,99,0,100,5.549850,1.298053,105.5961
6,100,2.0000,100,0,100,5.398090,1.331529,105.5925
6,100,2.0200,101,0,100,5.590967,1.373294,105.5850
6,100,2.0400,102,0,100,5.783940,1.406958,105.5736
6,100,2.0600,103,0,100,5.976996,1.455478,105.5582
6,100,2.0800,104,0,100,5.816504,1.501374,105.5390
6,100,2.1000,105,0,100,6.009541,1.550736,105.5158
6,100,2.1200,106,0,100,6.202650,1.591293,105.4887
6,100,2.1400,107,0,100,6.395821,1.642250,105.4577
6,100,2.1600,108,0,100,6.227920,1.692128,105.4228
6,100,2.1800,109,0,100,6.421110,1.747196,105.3840
6,100,2.2000,110,0,100,6.614352,1.787048,105.3412
6,100,2.2200,111,0,100,6.807637,1.835032,105.2946
6,100,2.2400,112,0,100,7.000959,1.886217,105.2440
6,100,2.2600,113,0,100,6.824342,1.935730,105.1896
6,100,2.2800,114,0,100,7.017737,1.977611,105.1312
6,100,2.3000,115,0,100,7.211158,2.027521,105.0689
6,100,2.3200,116,0,100,7.404602,2.082044,105.0027
6,100,2.3400,117,0,100,7.598062,2.139419,104.9326
6,100,2.3600,118,0,100,7.411359,2.192357,104.8586
6,100,2.3800,119,0,100,7.604950,2.239092,104.7807
6,100,2.4000,120,0,100,7.798549,2.294568,104.6989
6,100,2.4200,121,0,100,7.992148,2.355426,104.6132
6,100,2.4400,122,0,100,8.185749,2.420407,104.5236
6,100,2.4600,123,0,100,7.997931,2.482504,104.4301
6,100,2.4800,124,0,100,8.191708,2.543078,104.3327
6,100,2.5000,125,0,100,8.385474,2.613519,104.2313
6,100,2.5200,126,0,100,8.579226,2.691183,104.1261
6,100,2.5400,127,0,100,8.408241,2.770242,104.0170
6,100,2.5600,128,0,100,8.602170,2.855288,103.9040
6,100,2.5800,129,0,100,8.796076,2.944235,103.7871
6,100,2.6000,130,0,100,8.989958,3.043100,103.6663
6,100,2.6200,131,0,100,8.843155,3.144841,103.5416
6,100,2.6400,132,0,100,9.037141,3.258353,103.4130
6,100,2.6600,133,0,100,9.231096,3.374255,103.2805
6,100,2.6800,134,0,100,9.026234,3.490607,103.1441
6,100,2.7000,135,0,100,9.220113,3.614940,103.0039
6,100,2.7200,136,0,100,9.413964,3.737774,102.8597
6,100,2.7400,137,0,100,9.607787,3.863968,102.7117
6,100,2.7600,138,0,100,9.445602,3.993389,102.5597
6,100,2.7800,139,0,100,9.639151,4.130158,102.4039
6,100,2.8000,140,0,100,9.832682,4.270951,102.2442
6,100,2.8200,141,0,100,10.026192,4.413789,102.0806
6,100,2.8400,142,0,100,10.219684,4.556917,101.9131
6,100,2.8600,143,0,100,10.413155,4.700329,101.7417
6,100,2.8800,144,0,100,10.606602,4.845728,101.5664
6,100,2.9000,145,0,100,10.800027,4.990927,101.3873
6,100,2.9200,146,0,100,10.993426,5.135964,101.2043
6,100,2.9400,147,0,100,11.186803,5.281049,101.0174
6,100,2.9600,148,0,100,11.380154,5.427549,100.8266
6,100,2.9800,149,0,100,11.573479,5.575618,100.6319
6,100,3.0000,150,0,100,11.766776,5.724958,100.4333
6,100,3.0200,151,0,100,11.960048,5.876145,100.2309
6,100,3.0400,152,0,100,12.153291,6.028780,100.0246
6,100,3.0600,153,0,100,11.999165,6.179900,99.8144
6,100,3.0800,154,0,100,12.192020,6.333574,99.6003
6,100,3.1000,155,0,100,12.384860,6.488654,99.3824
6,100,3.1200,156,0,100,12.577682,6.645592,99.1606
6,100,3.1400,157,0,100,12.770486,6.803844,98.9349
6,100,3.1600,158,0,100,12.963271,6.963639,98.7053
6,100,3.1800,159,0,100,13.156035,7.123904,98.4719
6,100,3.2000,160,0,100,13.348780,7.284677,98.2345
6,100,3.2200,161,0,100,13.541500,7.446302,97.9934
6,100,3.2400,162,0,100,13.734200,7.608538,97.7483
6,100,3.2600,163,0,100,13.926876,7.771115,97.4994
6,100,3.2800,164,0,100,14.119529,7.933971,97.2466
6,100,3.3000,165,0,100,14.312159,8.097190,96.9899
6,100,3.3200,166,0,100,14.504762,8.261071,96.7294
6,100,3.3400,167,0,100,14.697341,8.425440,96.4650
6,100,3.3600,168,0,100,14.889894,8.589544,96.1967
6,100,3.3800,169,0,100,15.082419,8.754156,95.9246
6,100,3.4000,170,0,100,15.274920,8.919114,95.6486
6,100,3.4200,171,0,100,15.467393,9.083665,95.3687
6,100,3.4400,172,0,100,15.659837,9.248535,95.0850
6,100,3.4600,173,0,100,15.852253,9.414206,94.7974
6,100,3.4800,174,0,100,16.044641,9.580587,94.5060
6,100,3.5000,175,0,100,16.237001,9.748390,94.2106
6,100,3.5200,176,0,100,16.429331,9.917192,93.9115
6,100,3.5400,177,0,100,16.621632,10.086286,93.6084
6,100,3.5600,178,0,100,16.813904,10.255649,93.3016
6,100,3.5800,179,0,100,17.006144,10.425467,92.9908
6,100,3.6000,180,0,100,17.198357,10.595530,92.6762
6,100,3.6200,181,0,100,17.390535,10.765612,92.3577
6,100,3.6400,182,0,100,17.582684,10.935409,92.0354
6,100,3.6600,183,0,100,17.774803,11.105139,91.7093
6,100,3.6800,184,0,100,17.661341,11.270644,91.3792
6,100,3.7000,185,0,100,17.853357,11.438712,91.0454
6,100,3.7200,186,0,100,18.045343,11.607475,90.7076
6,100,3.7400,187,0,100,18.237303,11.776497,90.3660
6,100,3.7600,188,0,100,18.429230,11.945902,90.0206
6,100,3.7800,189,0,100,18.621128,12.116039,89.6713
6,100,3.8000,190,0,100,18.812994,12.287149,89.3182
6,100,3.8200,191,0,100,19.004831,12.458676,88.9612
6,100,3.8400,192,0,100,19.196636,12.630375,88.6004
6,100,3.8600,193,0,100,19.388411,12.802152,88.2357
6,100,3.8800,194,0,100,19.580153,12.974070,87.8672
6,100,3.9000,195,0,100,19.771864,13.146324,87.4948
6,100,3.9200,196,0,100,19.963543,13.318622,87.1186
6,100,3.9400,197,0,100,20.155190,13.491037,86.7386
6,100,3.9600,198,0,100,20.346804,13.663577,86.3547
6,100,3.9800,199,0,100,20.538389,13.836056,85.9669
6,100,4.0000,200,0,100,20.729939,14.008406,85.5753
6,100,4.0200,201,0,100,20.921455,14.180864,85.1799
6,100,4.0400,202,0,100,21.112940,14.353391,84.7807
6,100,4.0600,203,0,100,21.304392,14.525992,84.3775
6,100,4.0800,204,0,100,21.495813,14.699280,83.9706
6,100,4.1000,205,0,100,21.687197,14.873735,83.5598
6,100,4.1200,206,0,100,21.878548,15.046700,83.1452
6,100,4.1400,207,0,100,22.069868,15.219682,82.7268
6,100,4.1600,208,0,100,22.261152,15.393380,82.3045
6,100,4.1800,209,0,100,22.452402,15.566890,81.8783
6,100,4.2000,210,0,100,22.643623,15.740046,81.4484
6,100,4.2200,211,0,100,22.834805,15.912703,81.0146
6,100,4.2400,212,0,100,23.025955,16.085369,80.5770
6,100,4.2600,213,0,100,23.217070,16.258291,80.1355
6,100,4.2800,214,0,100,23.408152,16.431921,79.6902
6,100,4.3000,215,0,100,23.599199,16.605158,79.2411
6,100,4.3200,216,0,100,23.790213,16.779051,78.7882
6,100,4.3400,217,0,100,23.981192,16.953432,78.3314
6,100,4.3600,218,0,100,24.000645,17.127779,77.8708
6,100,4.3800,219,0,100,24.191534,17.301620,77.4064
6,100,4.4000,220,0,100,24.382387,17.475384,76.9381
6,100,4.4200,221,0,100,24.573210,17.651516,76.4660
6,100,4.4400,222,0,100,24.764000,17.824591,75.9901
6,100,4.4600,223,0,100,24.954754,17.994152,75.5104
6,100,4.4800,224,0,100,25.145473,18.163696,75.0268
6,100,4.5000,225,0,100,25.336159,18.342113,74.5395
6,100,4.5200,226,0,100,25.526812,18.512970,74.0483
6,100,4.5400,227,0,100,25.717430,18.684338,73.5533
6,100,4.5600,228,0,100,25.908010,18.854780,73.0544
6,100,4.5800,229,0,100,26.098560,19.028929,72.5518
6,100,4.6000,230,0,100,26.289072,19.201401,72.0453
6,100,4.6200,231,0,100,26.479548,19.375944,71.5350
6,100,4.6400,232,0,100,26.669992,19.476177,71.0209
6,100,4.6600,233,0,100,26.860401,19.506254,70.5030
6,100,4.6800,234,0,100,27.050776,19.390953,69.9812
6,100,4.7000,235,0,100,27.241116,19.538431,69.4557
6,100,4.7200,236,0,100,27.431419,19.378263,68.9263
6,100,4.7400,237,0,100,27.621687,19.144871,68.3931
6,100,4.7600,238,0,100,27.811922,19.146263,67.8561
6,100,4.7800,239,0,100,28.002119,19.268944,67.3153
6,100,4.8000,240,0,100,28.192284,19.415445,66.7707
6,100,4.8200,241,0,100,28.382410,19.332344,66.2222
6,100,4.8400,242,0,100,28.572502,19.261578,65.6700
6,100,4.8600,243,0,100,28.762558,19.245241,65.1139
6,100,4.8800,244,0,100,28.952583,19.323315,64.5541
6,100,4.9000,245,0,100,29.142569,19.372812,63.9904
6,100,4.9200,246,0,100,29.332518,19.382042,63.4230
6,100,4.9400,247,0,100,29.522432,19.380535,62.8517
6,100,4.9600,248,0,100,29.712313,19.182623,62.2766
6,100,4.9800,249,0,100,29.902155,19.257689,61.6977
6,100,5.0000,250,0,100,30.091963,19.343103,61.1150
6,100,5.0200,251,0,100,30.281736,19.447302,60.5285
6,100,5.0400,252,0,100,30.471472,19.568090,59.9382
6,100,5.0600,253,0,100,30.661171,19.670000,59.3441
6,100,5.0800,254,0,100,30.850838,19.567560,58.7462
6,100,5.1000,255,0,100,31.040466,19.499079,58.1445
6,100,5.1200,256,0,100,31.230059,19.574905,57.5390
6,100,5.1400,257,0,100,31.419617,19.712196,56.9298
6,100,5.1600,258,0,100,31.609138,19.821922,56.3167
6,100,5.1800,259,0,100,31.798622,19.908728,55.6998
6,100,5.2000,260,0,100,31.988071,19.964008,55.0791
6,100,5.2200,261,0,100,32.177486,20.016352,54.4546
6,100,5.2400,262,0,100,32.366863,20.022316,53.8263
6,100,5.2600,263,0,100,32.556202,19.927217,53.1943
6,100,5.2800,264,0,100,32.745510,19.610781,52.5584
6,100,5.3000,265,0,100,32.934776,19.587433,51.9188
6,100,5.3200,266,1,99,33.124012,19.396078,51.2753
6,100,5.3400,267,3,97,33.313206,19.274931,50.6281
6,100,5.3600,268,3,97,33.330925,19.334663,49.9771
6,100,5.3800,269,3,97,33.522373,19.166403,49.3223
6,100,5.4000,270,3,97,33.660328,19.059303,48.6637
6,100,5.4200,271,3,97,33.849411,18.821827,48.0013
6,100,5.4400,272,3,97,34.038456,18.508047,47.3351
6,100,5.4600,273,1,99,34.227467,18.429152,46.6651
6,100,5.4800,274,0,100,34.416439,17.865009,45.9914
6,100,5.5000,275,0,100,34.605377,17.700737,45.3139
6,100,5.5200,276,0,100,34.794281,17.484125,44.6326
6,100,5.5400,277,0,100,34.983143,17.355591,43.9475
6,100,5.5600,278,0,100,35.171974,17.217003,43.2586
6,100,5.5800,279,0,100,35.360767,17.055458,42.5659
6,100,5.6000,280,0,100,35.549522,16.899851,41.8695
6,100,5.6200,281,0,100,35.738243,16.480162,41.1693
6,100,5.6400,282,0,100,35.926926,16.179932,40.4653
6,100,5.6600,283,0,100,36.115574,15.995441,39.7575
6,100,5.6800,284,0,100,36.304184,15.687365,39.0459
6,100,5.7000,285,1,99,36.492760,15.522855,38.3306
6,100,5.7200,286,2,98,36.681297,15.330463,37.6115
6,100,5.7400,287,2,98,36.869801,15.054749,36.8886
6,100,5.7600,288,2,98,37.058266,14.997175,36.1620
6,100,5.7800,289,2,98,37.246693,14.881277,35.4315
6,100,5.8000,290,2,98,37.435089,14.764933,34.6973
6,100,5.8200,291,2,98,37.623444,14.603207,33.9593
6,100,5.8400,292,2,98,37.811764,14.359089,33.2176
6,100,5.8600,293,3,97,38.000046,14.034371,32.4721
6,100,5.8800,294,2,98,38.188293,13.649275,31.7228
6,100,5.9000,295,1,99,38.376503,13.330771,30.9697
6,100,5.9200,296,1,99,38.564678,13.179320,30.2129
6,100,5.9400,297,1,99,38.752815,13.114409,29.4523
6,100,5.9600,298,1,99,38.940918,13.127611,28.6879
6,100,5.9800,299,1,99,39.128983,13.071351,27.9198
6,100,6.0000,300,1,99,39.317009,13.054762,27.1479
6,100,6.0200,301,1,99,39.505001,12.599627,26.3723
6,100,6.0400,302,2,98,39.692955,12.301318,25.5928
6,100,6.0600,303,2,98,39.880875,12.194131,24.8096
6,100,6.0800,304,2,98,40.068756,12.177870,24.0227
6,100,6.1000,305,1,99,40.256599,11.581333,23.2320
6,100,6.1200,306,1,99,40.444408,11.109954,22.4375
6,100,6.1400,307,2,98,40.632179,10.989196,21.6393
6,100,6.1600,308,2,98,40.819916,10.869798,20.8373
6,100,6.1800,309,2,98,41.007614,10.731424,20.0315
6,100,6.2000,310,2,98,41.195274,10.658553,19.2220
6,100,6.2200,311,1,99,41.382900,10.416581,18.4088
6,100,6.2400,312,1,99,41.570488,10.365881,17.5917
6,100,6.2600,313,1,99,41.758041,10.356030,16.7710
6,100,6.2800,314,2,98,41.945557,10.209663,15.9464
6,100,6.3000,315,2,98,42.133034,9.850595,15.1181
6,100,6.3200,316,3,97,42.320480,9.297869,14.2861
6,100,6.3400,317,3,97,42.507881,8.863254,13.4503
6,100,6.3600,318,3,97,42.448177,8.311091,12.6107
6,100,6.3800,319,3,97,42.635567,7.316058,11.7675
6,100,6.4000,320,4,96,42.822914,6.299445,10.9204
6,100,6.4200,321,4,96,42.789013,5.567135,10.0696
6,100,6.4400,322,5,95,42.976341,5.228326,9.2151
6,100,6.4600,323,5,95,43.163639,4.902182,8.3568
6,100,6.4800,324,7,93,43.191479,4.650953,7.4947
6,100,6.5000,325,7,93,43.378735,4.337129,6.6289
6,100,6.5200,326,7,93,43.509525,4.010315,5.7594
6,100,6.5400,327,7,93,30.850569,3.750955,5.0307
6,100,6.5600,328,8,92,24.759827,3.531325,4.5593
6,100,6.5800,329,7,93,26.331999,3.484533,4.1716
6,100,6.6000,330,7,93,22.695974,3.451009,3.8453
6,100,6.6200,331,7,93,17.440374,3.290659,3.8135
6,100,6.6400,332,10,90,17.595255,3.191839,3.8657
6,100,6.6600,333,10,90,16.132593,3.006432,3.9140
6,100,6.6800,334,10,90,13.030295,2.785237,3.9583
6,100,6.7000,335,11,89,11.840005,2.678133,3.9987
6,100,6.7200,336,11,89,11.805761,2.550124,4.0352
6,100,6.7400,337,12,88,11.774701,2.484884,4.0678
6,100,6.7600,338,13,87,11.746845,2.425467,4.0965
6,100,6.7800,339,13,87,11.722216,2.383902,4.1212
6,100,6.8000,340,13,87,11.700831,2.312327,4.1420
6,100,6.8200,341,13,87,11.682706,2.272358,4.1588
6,100,6.8400,342,13,87,11.667855,2.232289,4.1718
6,100,6.8600,343,13,87,11.656288,2.208083,4.1808
6,100,6.8800,344,12,88,11.648013,2.121025,4.1859
6,100,6.9000,345,12,88,11.643035,2.089208,4.1871
6,100,6.9200,346,13,87,11.641355,2.016312,4.1844
6,100,6.9400,347,12,88,11.642975,1.942495,4.1777
6,100,6.9600,348,11,89,11.647889,1.859620,4.1672
6,100,6.9800,349,14,86,11.656093,1.794727,4.1527
6,100,7.0000,350,14,86,11.667577,1.703420,4.1343
6,100,7.0200,351,15,85,11.682329,1.635782,4.1120
6,100,7.0400,352,14,86,11.700336,1.603035,4.0857
6,100,7.0600,353,14,86,11.721580,1.570178,4.0556
6,100,7.0800,354,14,86,11.746042,1.522030,4.0215
6,100,7.1000,355,15,85,11.773700,1.470030,3.9836
6,100,7.1200,356,15,85,11.804529,1.419184,3.9417
6,100,7.1400,357,15,85,11.838502,1.393240,3.8959
6,100,7.1600,358,16,84,11.875591,1.355025,3.8462
6,100,7.1800,359,16,84,11.915766,1.298077,3.7926
6,100,7.2000,360,16,84,11.958990,1.246658,3.7351
6,100,7.2200,361,16,84,12.005233,1.208969,3.6736
6,100,7.2400,362,16,84,12.054456,1.190410,3.6083
6,100,7.2600,363,16,84,12.106621,1.157939,3.5390
6,100,7.2800,364,15,85,12.161687,1.137015,3.4659
6,100,7.3000,365,16,84,12.219616,1.091052,3.3888
6,100,7.3200,366,17,83,12.280362,1.065537,3.3079
6,100,7.3400,367,17,83,12.343884,1.026637,3.2230
6,100,7.3600,368,20,80,12.410137,0.984463,3.1343
6,100,7.3800,369,21,79,12.479076,0.971286,3.0416
6,100,7.4000,370,21,79,12.550653,0.947373,2.9450
6,100,7.4200,371,21,79,12.624825,0.929679,2.8446
6,100,7.4400,372,22,78,12.701539,0.911195,2.7402
6,100,7.4600,373,22,78,12.780754,0.895012,2.6320
6,100,7.4800,374,22,78,12.862418,0.859730,2.5198
6,100,7.5000,375,22,78,12.946485,0.812895,2.4037
6,100,7.5200,376,24,76,13.032904,0.787931,2.2838
6,100,7.5400,377,27,73,13.121630,0.744040,2.1599
6,100,7.5600,378,27,73,13.212611,0.725303,2.0322
6,100,7.5800,379,27,73,13.305803,0.707577,1.9006
6,100,7.6000,380,27,73,13.401156,0.700042,1.8188
6,100,7.6200,381,26,74,13.498623,0.675453,1.8178
6,100,7.6400,382,26,74,13.598157,0.648493,1.8167
6,100,7.6600,383,29,71,13.699711,0.639675,1.8155
6,100,7.6800,384,27,73,13.803239,0.629667,1.8141
6,100,7.7000,385,28,72,13.908695,0.618980,1.8127
6,100,7.7200,386,28,72,14.016034,0.612712,1.8111
6,100,7.7400,387,43,57,10.819666,0.552937,1.8093
6,100,7.7600,388,44,56,10.808323,0.541525,1.8073
6,100,7.7800,389,44,56,10.800531,0.533984,1.8051
6,100,7.8000,390,44,56,10.796295,0.531118,1.8027
6,100,7.8200,391,46,54,10.795618,0.522502,1.8000
6,100,7.8400,392,46,54,10.798495,0.498982,1.7970
6,100,7.8600,393,47,53,10.804924,0.495891,1.7935
6,100,7.8800,394,49,51,10.814898,0.488027,1.7897
6,100,7.9000,395,49,51,10.828400,0.486157,1.7854
6,100,7.9200,396,50,50,10.845419,0.475207,1.7806
6,100,7.9400,397,50,50,9.911439,0.460573,1.7752
6,100,7.9600,398,51,49,9.874729,0.459413,1.7692
6,100,7.9800,399,51,49,9.841805,0.456768,1.7625
6,100,8.0000,400,52,48,9.812704,0.445375,1.7549
6,100,8.0200,401,53,47,9.787457,0.437720,1.7465
6,100,8.0400,402,53,47,9.766092,0.422849,1.7370
6,100,8.0600,403,53,47,9.748632,0.418387,1.7264
6,100,8.0800,404,55,45,9.735097,0.410755,1.7145
6,100,8.1000,405,58,42,9.725498,0.410161,1.7011
6,100,8.1200,406,58,42,9.719848,0.397845,1.6928
6,100,8.1400,407,58,42,9.718148,0.392680,1.6888
6,100,8.1600,408,58,42,9.720401,0.388188,1.6843
6,100,8.1800,409,58,42,9.726598,0.386639,1.6789
6,100,8.2000,410,58,42,9.736732,0.368714,1.6724
6,100,8.2200,411,59,41,9.750788,0.366906,1.6645
6,100,8.2400,412,59,41,9.768745,0.365708,1.6550
6,100,8.2600,413,59,41,9.790583,0.365806,1.6440
6,100,8.2800,414,59,41,9.604371,0.365017,1.6312
6,100,8.3000,415,60,40,9.572018,0.361996,1.6235
6,100,8.3200,416,60,40,9.543597,0.359128,1.6222
6,100,8.3400,417,61,39,9.519144,0.340835,1.6211
6,100,8.3600,418,61,39,9.498685,0.319571,1.6200
6,100,8.3800,419,61,39,9.482244,0.317426,1.6186
6,100,8.4000,420,63,37,9.469839,0.304264,1.6178
6,100,8.4200,421,63,37,9.461484,0.300277,1.6175
6,100,8.4400,422,64,36,9.457187,0.286486,1.6173
6,100,8.4600,423,64,36,9.456951,0.282238,1.6171
6,100,8.4800,424,64,36,9.460775,0.279121,1.6168
6,100,8.5000,425,64,36,9.468651,0.260185,1.6167
6,100,8.5200,426,64,36,9.480566,0.253886,1.6165
6,100,8.5400,427,65,35,9.496502,0.249605,1.6153
6,100,8.5600,428,65,35,9.516438,0.246082,1.6149
6,100,8.5800,429,65,35,9.540344,0.243291,1.6146
6,100,8.6000,430,66,34,9.568191,0.236812,1.6142
6,100,8.6200,431,70,30,9.599939,0.234805,1.6130
6,100,8.6400,432,70,30,7.999916,0.217595,1.6125
6,100,8.6600,433,70,30,7.869766,0.215437,1.6119
6,100,8.6800,434,70,30,7.805945,0.209924,1.6112
6,100,8.7000,435,70,30,7.746595,0.207894,1.6094
6,100,8.7200,436,70,30,7.691815,0.206969,1.6084
6,100,8.7400,437,70,30,7.641702,0.206794,1.6075
6,100,8.7600,438,71,29,7.596344,0.207277,1.6053
6,100,8.7800,439,71,29,7.555825,0.194440,1.6038
6,100,8.8000,440,71,29,7.520218,0.177645,1.6023
6,100,8.8200,441,72,28,7.489593,0.174545,1.5992
6,100,8.8400,442,72,28,7.464006,0.173114,1.5967
6,100,8.8600,443,73,27,7.443506,0.169624,1.5960
6,100,8.8800,444,74,26,7.428132,0.167439,1.5957
6,100,8.9000,445,74,26,7.417913,0.165474,1.5959
6,100,8.9200,446,74,26,7.412868,0.163776,1.5960
6,100,8.9400,447,74,26,7.413003,0.162520,1.5963
6,100,8.9600,448,74,26,7.418316,0.142949,1.5968
6,100,8.9800,449,74,26,7.428792,0.140873,1.5973
6,100,9.0000,450,74,26,7.444406,0.139347,1.5977
6,100,9.0200,451,74,26,7.465123,0.138092,1.5982
6,100,9.0400,452,74,26,7.490898,0.137139,1.5986
6,100,9.0600,453,74,26,7.521675,0.136545,1.5989
6,100,9.0800,454,74,26,7.557391,0.136304,1.5991
6,100,9.1000,455,74,26,7.597972,0.137137,1.5993
6,100,9.1200,456,74,26,7.643338,0.138282,1.5995
6,100,9.1400,457,74,26,7.693402,0.139734,1.5997
6,100,9.1600,458,74,26,7.748069,0.125057,1.5999
6,100,9.1800,459,74,26,7.807241,0.124536,1.6000
6,100,9.2000,460,74,26,5.917795,0.105016,1.6000
6,100,9.2200,461,75,25,5.790264,0.099755,1.6001
6,100,9.2400,462,75,25,5.724409,0.098226,1.6001
6,100,9.2600,463,75,25,5.664610,0.096583,1.6000
6,100,9.2800,464,75,25,5.611056,0.095082,1.5999
6,100,9.3000,465,75,25,5.563924,0.093752,1.5997
6,100,9.3200,466,75,25,5.523374,0.092657,1.5996
6,100,9.3400,467,76,24,5.489546,0.077869,1.5994
6,100,9.3600,468,76,24,5.462564,0.075204,1.5991
6,100,9.3800,469,76,24,5.442523,0.073087,1.5989
6,100,9.4000,470,76,24,5.429495,0.071197,1.5985
6,100,9.4200,471,76,24,5.423529,0.069594,1.5982
6,100,9.4400,472,76,24,5.424643,0.066975,1.5978
6,100,9.4600,473,76,24,5.432827,0.065986,1.5974
6,100,9.4800,474,76,24,5.448046,0.065144,1.5967
6,100,9.5000,475,76,24,5.470237,0.064472,1.5960
6,100,9.5200,476,76,24,3.113624,0.041215,1.5951
6,100,9.5400,477,76,24,3.070817,0.040882,1.5939
6,100,9.5600,478,76,24,3.123448,0.041610,1.5924
6,100,9.5800,479,76,24,3.187246,0.042272,1.5925
6,100,9.6000,480,76,24,3.261548,0.042885,1.5925
6,100,9.6200,481,76,24,3.345648,0.043465,1.5922
6,100,9.6400,482,76,24,2.999348,0.040381,1.5914
6,100,9.6600,483,76,24,2.999171,0.041428,1.5905
6,100,9.6800,484,76,24,3.001704,0.042636,1.5896
6,100,9.7000,485,77,23,3.016987,0.043784,1.5885
6,100,9.7200,486,77,23,3.044821,0.044578,1.5875
6,100,9.7400,487,77,23,3.084857,0.045553,1.5864
6,100,9.7600,488,77,23,3.136623,0.046701,1.5853
6,100,9.7800,489,78,22,3.199540,0.048030,1.5841
6,100,9.8000,490,78,22,3.272960,0.049929,1.5817
6,100,9.8200,491,78,22,3.356187,0.042770,1.5801
6,100,9.8400,492,78,22,3.448502,0.042331,1.5786
6,100,9.8600,493,78,22,3.549192,0.042455,1.5770
6,100,9.8800,494,78,22,2.268680,0.028858,1.5754
6,100,9.9000,495,93,7,2.149566,0.026800,1.5737
6,100,9.9200,496,93,7,1.943044,0.024810,1.5704
6,100,9.9400,497,93,7,1.895302,0.023703,1.5671
6,100,9.9600,498,93,7,1.836365,0.022787,1.5641
6,100,9.9800,499,93,7,1.786895,0.022448,1.5611
6,100,10.0000,500,93,7,1.746814,0.023416,1.5564
6,100,10.0200,501,93,7,1.716831,0.024651,1.5502
6,100,10.0400,502,93,7,1.697606,0.026202,1.5427
6,100,10.0600,503,93,7,1.689660,0.027991,1.5339
6,100,10.0800,504,93,7,1.517465,0.028185,1.5234
6,100,10.1000,505,91,9,1.443918,0.029570,1.5112
6,100,10.1200,506,91,9,1.370979,0.030324,1.5043
6,100,10.1400,507,91,9,1.295717,0.030353,1.5043
6,100,10.1600,508,91,9,1.219045,0.030286,1.5043
6,100,10.1800,509,91,9,1.198903,0.030625,1.5043
6,100,10.2000,510,91,9,1.334358,0.031056,1.5043
6,100,10.2200,511,91,9,1.474524,0.028550,1.5043
6,100,10.2400,512,91,9,0.763480,0.013669,1.5043
6,100,10.2600,513,91,9,0.668698,0.009599,1.5043
6,100,10.2800,514,91,9,0.569601,0.007438,1.5043
6,100,10.3000,515,91,9,0.470932,0.006659,1.5043
6,100,10.3200,516,91,9,0.373546,0.005604,1.5043
6,100,10.3400,517,91,9,0.277416,0.004133,1.5043
6,100,10.3600,518,91,9,0.184592,0.002593,1.5043
6,100,10.3800,519,91,9,0.108466,0.001406,1.5043
6,100,10.4000,520,91,9,0.063728,0.000865,1.5043
6,100,10.4200,521,91,9,0.023391,0.000604,1.5043
6,100,10.4400,522,91,9,0.054634,0.000893,1.5043
6,100,10.4600,523,91,9,0.107990,0.001303,1.5043
6,100,10.4801,524,91,9,0.162720,0.001734,1.5043
6,100,10.5001,525,91,9,0.218158,0.002237,1.5043
6,100,10.5201,526,91,9,0.274637,0.002804,1.5043
6,100,10.5401,527,98,2,0.332354,0.003324,1.5043
6,100,10.5601,528,98,2,0.295516,0.002955,1.5043
6,100,10.5801,529,98,2,0.278482,0.002785,1.5043
6,100,10.6001,530,99,1,0.294329,0.002943,1.5043
6,100,10.6201,531,99,1,0.304977,0.003050,1.5043
6,100,10.6401,532,99,1,0.323048,0.003230,1.5043
6,100,10.6601,533,99,1,0.344571,0.003446,1.5043
6,100,10.6801,534,99,1,0.370855,0.003709,1.5043
6,100,10.7001,535,99,1,0.401897,0.004019,1.5043
6,100,10.7201,536,99,1,0.438282,0.004383,1.5043
6,100,10.7401,537,99,1,0.480509,0.004805,1.5043
6,100,10.7601,538,99,1,0.529291,0.005293,1.5043
6,100,10.7801,539,99,1,0.586678,0.005867,1.5043
6,100,10.8001,540,99,1,0.656787,0.006568,1.5043
6,100,10.8201,541,99,1,0.736521,0.007365,1.5043
6,100,10.8401,542,99,1,0.823453,0.008235,1.5043
6,100,10.8601,543,99,1,0.913295,0.009133,1.5043
6,100,10.8801,544,99,1,1.006691,0.010067,1.5043
6,100,10.9001,545,99,1,1.103634,0.011036,1.5043
6,100,10.9201,546,99,1,1.204535,0.012045,1.5043
6,100,10.9401,547,99,1,0.528305,0.005283,1.5043
6,100,10.9601,548,99,1,0.233664,0.002337,1.5043
6,100,10.9801,549,99,1,0.139772,0.001398,1.5043
6,100,11.0001,550,99,1,0.057458,0.000575,1.5043
6,100,11.0201,551,99,1,0.009088,0.000091,1.5043
6,100,11.0401,552,99,1,0.012502,0.000125,1.5043
6,100,11.0601,553,99,1,0.005222,0.000052,1.5043
6,100,11.0801,554,99,1,0.000475,0.000005,1.5043
6,100,11.1001,555,99,1,0.001226,0.000012,1.5043
6,100,11.1201,556,99,1,0.000450,0.000005,1.5043
6,100,11.1401,557,99,1,0.000376,0.000004,1.5043
6,100,11.1601,558,99,1,0.000148,0.000001,1.5043
6,100,11.1801,559,99,1,0.000067,0.000001,1.5043
6,100,11.2001,560,99,1,0.000002,0.000000,1.5043
6,100,11.2201,561,99,1,0.000009,0.000000,1.5043
6,100,11.2401,562,99,1,0.000028,0.000000,1.5043
6,100,11.2601,563,99,1,0.000015,0.000000,1.5043
6,100,11.2801,564,99,1,0.000020,0.000000,1.5043
6,100,11.3001,565,100,0,0.000000,0.000000,1.5043
7,100,0.0200,1,0,100,0.195961,0.188467,99.4961
7,100,0.0400,2,0,100,0.391882,0.370531,99.4882
7,100,0.0600,3,0,100,0.587765,0.545503,99.4765
7,100,0.0800,4,0,100,0.783608,0.712582,99.4608
7,100,0.1000,5,0,100,0.979412,0.870970,99.4412
7,100,0.1200,6,0,100,1.175177,1.019861,99.4177
7,100,0.1400,7,0,100,1.370903,1.158439,99.3903
7,100,0.1600,8,0,100,1.566589,1.285882,99.3590
7,100,0.1800,9,0,100,1.762237,1.401369,99.3237
7,100,0.2000,10,0,100,1.957845,1.504103,99.2846
7,100,0.2200,11,0,100,2.153414,1.593327,99.2415
7,100,0.2400,12,0,100,2.348942,1.668338,99.1945
7,100,0.2600,13,0,100,2.544428,1.728501,99.1436
7,100,0.2800,14,0,100,2.739864,1.773256,99.0888
7,100,0.3000,15,0,100,2.935195,1.802168,99.0301
7,100,0.3200,16,0,100,3.130335,1.815095,98.9675
7,100,0.3400,17,0,100,3.324965,1.812483,98.9010
7,100,0.3600,18,0,100,3.518369,1.795596,98.8306
7,100,0.3800,19,0,100,3.709031,1.766172,98.7564
7,100,0.4000,20,0,100,3.894050,1.726098,98.6785
7,100,0.4200,21,0,100,4.068347,1.677287,98.5971
7,100,0.4400,22,0,100,4.223738,1.621500,98.5125
7,100,0.4600,23,0,100,4.348034,1.560552,98.4253
7,100,0.4800,24,0,100,4.424396,1.496143,98.3365
7,100,0.5000,25,0,100,4.431233,1.431309,98.2475
7,100,0.5200,26,0,100,4.342925,1.369307,98.1600
7,100,0.5400,27,0,100,4.131585,1.314116,98.0767
7,100,0.5600,28,0,100,3.769978,1.270766,98.0005
7,100,0.5800,29,0,100,3.235634,1.245738,97.9351
7,100,0.6000,30,0,100,2.517728,1.248137,97.8845
7,100,0.6200,31,0,100,2.836543,1.293546,97.8531
7,100,0.6400,32,0,100,3.267365,1.424197,97.8452
7,100,0.6600,33,0,100,3.746947,1.701141,97.8647
7,100,0.6800,34,0,100,4.293106,1.992419,97.9148
7,100,0.7000,35,0,100,4.948092,2.258191,97.9968
7,100,0.7200,36,0,100,5.916264,2.486508,98.1114
7,100,0.7400,37,0,100,7.424482,2.668058,98.2573
7,100,0.7600,38,0,100,8.763440,2.794968,98.4316
7,100,0.7800,39,0,100,9.882883,2.861427,98.6293
7,100,0.8000,40,0,100,10.705153,2.869756,98.8443
7,100,0.8200,41,0,100,11.207397,2.827141,99.0694
7,100,0.8400,42,0,100,11.294800,2.744720,99.2967
7,100,0.8600,43,0,100,11.110308,2.660538,99.5188
7,100,0.8800,44,0,100,10.914447,2.587193,99.7359
7,100,0.9000,45,0,100,10.717389,2.520098,99.9491
7,100,0.9200,46,0,100,10.520412,2.458275,100.1582
7,100,0.9400,47,0,100,10.323517,2.400538,100.3634
7,100,0.9600,48,0,100,10.126705,2.345653,100.5647
7,100,0.9800,49,0,100,9.929980,2.292910,100.7620
7,100,1.0000,50,0,100,9.733347,2.242756,100.9553
7,100,1.0200,51,0,100,9.536805,2.193316,101.1447
7,100,1.0400,52,0,100,9.340360,2.145177,101.3301
7,100,1.0600,53,0,100,9.144014,2.097936,101.5116
7,100,1.0800,54,0,100,8.947773,2.051621,101.6891
7,100,1.1000,55,0,100,8.751639,2.006184,101.8627
7,100,1.1200,56,0,100,8.555619,1.961713,102.0323
7,100,1.1400,57,0,100,8.359716,1.917434,102.1979
7,100,1.1600,58,0,100,8.163938,1.873564,102.3596
7,100,1.1800,59,0,100,7.968290,1.832867,102.5174
7,100,1.2000,60,0,100,7.772777,1.793605,102.6712
7,100,1.2200,61,0,100,7.577409,1.757286,102.8210
7,100,1.2400,62,0,100,7.382194,1.719356,102.9669
7,100,1.2600,63,0,100,7.187140,1.679770,103.1089
7,100,1.2800,64,0,100,6.992257,1.640211,103.2469
7,100,1.3000,65,0,100,6.797557,1.609343,103.3809
7,100,1.3200,66,0,100,6.603052,1.578951,103.5110
7,100,1.3400,67,0,100,6.408757,1.551477,103.6372
7,100,1.3600,68,0,100,6.214689,1.529620,103.7594
7,100,1.3800,69,0,100,6.020864,1.515839,103.8777
7,100,1.4000,70,0,100,5.827302,1.496810,103.9920
7,100,1.4200,71,0,100,5.634028,1.473045,104.1024
7,100,1.4400,72,0,100,5.441067,1.450476,104.2089
7,100,1.4600,73,0,100,5.248450,1.438876,104.3114
7,100,1.4800,74,0,100,5.056211,1.417921,104.4100
7,100,1.5000,75,0,100,4.864389,1.411445,104.5046
7,100,1.5200,76,0,100,4.673032,1.385912,104.5953
7,100,1.5400,77,0,100,4.482193,1.366910,104.6820
7,100,1.5600,78,0,100,4.291938,1.364116,104.7648
7,100,1.5800,79,0,100,4.102340,1.341015,104.8437
7,100,1.6000,80,0,100,3.913489,1.336427,104.9187
7,100,1.6200,81,0,100,3.998865,1.308747,104.9897
7,100,1.6400,82,0,100,3.951796,1.303181,105.0568
7,100,1.6600,83,0,100,4.143837,1.274316,105.1199
7,100,1.6800,84,0,100,4.116158,1.268733,105.1791
7,100,1.7000,85,0,100,4.308233,1.238291,105.2344
7,100,1.7200,86,0,100,4.263515,1.231839,105.2858
7,100,1.7400,87,0,100,4.455736,1.213116,105.3332
7,100,1.7600,88,0,100,4.648160,1.207551,105.3767
7,100,1.7800,89,0,100,4.565919,1.169538,105.4163
7,100,1.8000,90,0,100,4.758475,1.179217,105.4519
7,100,1.8200,91,0,100,4.654755,1.175776,105.4836
7,100,1.8400,92,0,100,4.847330,1.164247,105.5114
7,100,1.8600,93,0,100,4.724811,1.172027,105.5353
7,100,1.8800,94,0,100,4.917367,1.188766,105.5552
7,100,1.9000,95,0,100,5.110071,1.195308,105.5712
7,100,1.9200,96,0,100,4.971472,1.215781,105.5833
7,100,1.9400,97,0,100,5.164143,1.249365,105.5915
7,100,1.9600,98,0,100,5.356941,1.270831,105.5957
7,100,1.9800,99,0,100,5.549850,1.298053,105.5961
7,100,2.0000,100,0,100,5.398090,1.331529,105.5925
7,100,2.0200,101,0,100,5.590967,1.373294,105.5850
7,100,2.0400,102,0,100,5.783940,1.406958,105.5736
7,100,2.0600,103,0,100,5.976996,1.455478,105.5582
7,100,2.0800,104,0,100,5.816504,1.501374,105.5390
7,100,2.1000,105,0,100,6.009541,1.550736,105.5158
7,100,2.1200,106,0,100,6.202650,1.591293,105.4887
7,100,2.1400,107,0,100,6.395821,1.642250,105.4577
7,100,2.1600,108,0,100,6.227920,1.692128,105.4228
7,100,2.1800,109,0,100,6.421110,1.747196,105.3840
7,100,2.2000,110,0,100,6.614352,1.787048,105.3412
7,100,2.2200,111,0,100,6.807637,1.835032,105.2946
7,100,2.2400,112,0,100,7.000959,1.886217,105.2440
7,100,2.2600,113,0,100,6.824342,1.935730,105.1896
7,100,2.2800,114,0,100,7.017737,1.977611,105.1312
7,100,2.3000,115,0,100,7.211158,2.027521,105.0689
7,100,2.3200,116,0,100,7.404602,2.082044,105.0027
7,100,2.3400,117,0,100,7.598062,2.139419,104.9326
7,100,2.3600,118,0,100,7.411359,2.192357,104.8586
7,100,2.3800,119,0,100,7.604950,2.239092,104.7807
7,100,2.4000,120,0,100,7.798549,2.294568,104.6989
7,100,2.4200,121,0,100,7.992148,2.355426,104.6132
7,100,2.4400,122,0,100,8.185749,2.420407,104.5236
7,100,2.4600,123,0,100,7.997931,2.482504,104.4301
7,100,2.4800,124,0,100,8.191708,2.543078,104.3327
7,100,2.5000,125,0,100,8.385474,2.613519,104.2313
7,100,2.5200,126,0,100,8.579226,2.691183,104.1261
7,100,2.5400,127,0,100,8.408241,2.770242,104.0170
7,100,2.5600,128,0,100,8.602170,2.855288,103.9040
7,100,2.5800,129,0,100,8.796076,2.944235,103.7871
7,100,2.6000,130,0,100,8.989958,3.043100,103.6663
7,100,2.6200,131,0,100,8.843155,3.144841,103.5416
7,100,2.6400,132,0,100,9.037141,3.258353,103.4130
7,100,2.6600,133,0,100,9.231096,3.374255,103.2805
7,100,2.6800,134,0,100,9.026234,3.490607,103.1441
7,100,2.7000,135,0,100,9.220113,3.614940,103.0039
7,100,2.7200,136,0,100,9.413964,3.737774,102.8597
7,100,2.7400,137,0,100,9.607787,3.863968,102.7117
7,100,2.7600,138,0,100,9.445602,3.993389,102.5597
7,100,2.7800,139,0,100,9.639151,4.130158,102.4039
7,100,2.8000,140,0,100,9.832682,4.270951,102.2442
7,100,2.8200,141,0,100,10.026192,4.413789,102.0806
7,100,2.8400,142,0,100,10.219684,4.556917,101.9131
7,100,2.8600,143,0,100,10.413155,4.700329,101.7417
7,100,2.8800,144,0,100,10.606602,4.845728,101.5664
7,100,2.9000,145,0,100,10.800027,4.990927,101.3873
7,100,2.9200,146,0,100,10.993426,5.135964,101.2043
7,100,2.9400,147,0,100,11.186803,5.281049,101.0174
7,100,2.9600,148,0,100,11.380154,5.427549,100.8266
7,100,2.9800,149,0,100,11.573479,5.575618,100.6319
7,100,3.0000,150,0,100,11.766776,5.724958,100.4333
7,100,3.0200,151,0,100,11.960048,5.876145,100.2309
7,100,3.0400,152,0,100,12.153291,6.028780,100.0246
7,100,3.0600,153,0,100,11.999165,6.179900,99.8144
7,100,3.0800,154,0,100,12.192020,6.333574,99.6003
7,100,3.1000,155,0,100,12.384860,6.488654,99.3824
7,100,3.1200,156,0,100,12.577682,6.645592,99.1606
7,100,3.1400,157,0,100,12.770486,6.803844,98.9349
7,100,3.1600,158,0,100,12.963271,6.963639,98.7053
7,100,3.1800,159,0,100,13.156035,7.123904,98.4719
7,100,3.2000,160,0,100,13.348780,7.284677,98.2345
7,100,3.2200,161,0,100,13.541500,7.446302,97.9934
7,100,3.2400,162,0,100,13.734200,7.608538,97.7483
7,100,3.2600,163,0,100,13.926876,7.771115,97.4994
7,100,3.2800,164,0,100,14.119529,7.933971,97.2466
7,100,3.3000,165,0,100,14.312159,8.097190,96.9899
7,100,3.3200,166,0,100,14.504762,8.261071,96.7294
7,100,3.3400,167,0,100,14.697341,8.425440,96.4650
7,100,3.3600,168,0,100,14.889894,8.589544,96.1967
7,100,3.3800,169,0,100,15.082419,8.754156,95.9246
7,100,3.4000,170,0,100,15.274920,8.919114,95.6486
7,100,3.4200,171,0,100,15.467393,9.083665,95.3687
7,100,3.4400,172,0,100,15.659837,9.248535,95.0850
7,100,3.4600,173,0,100,15.852253,9.414206,94.7974
7,100,3.4800,174,0,100,16.044641,9.580587,94.5060
7,100,3.5000,175,0,100,16.237001,9.748390,94.2106
7,100,3.5200,176,0,100,16.429331,9.917192,93.9115
7,100,3.5400,177,0,100,16.621632,10.086286,93.6084
7,100,3.5600,178,0,100,16.813904,10.255649,93.3016
7,100,3.5800,179,0,100,17.006144,10.425467,92.9908
7,100,3.6000,180,0,100,17.198357,10.595530,92.6762
7,100,3.6200,181,0,100,17.390535,10.765612,92.3577
7,100,3.6400,182,0,100,17.582684,10.935409,92.0354
7,100,3.6600,183,0,100,17.774803,11.105139,91.7093
7,100,3.6800,184,0,100,17.661341,11.270644,91.3792
7,100,3.7000,185,0,100,17.853357,11.438712,91.0454
7,100,3.7200,186,0,100,18.045343,11.607475,90.7076
7,100,3.7400,187,0,100,18.237303,11.776497,90.3660
7,100,3.7600,188,0,100,18.429230,11.945902,90.0206
7,100,3.7800,189,0,100,18.621128,12.116039,89.6713
7,100,3.8000,190,0,100,18.812994,12.287149,89.3182
7,100,3.8200,191,0,100,19.004831,12.458676,88.9612
7,100,3.8400,192,0,100,19.196636,12.630375,88.6004
7,100,3.8600,193,0,100,19.388411,12.802152,88.2357
7,100,3.8800,194,0,100,19.580153,12.974070,87.8672
7,100,3.9000,195,0,100,19.771864,13.146324,87.4948
7,100,3.9200,196,0,100,19.963543,13.318622,87.1186
7,100,3.9400,197,0,100,20.155190,13.491037,86.7386
7,100,3.9600,198,0,100,20.346804,13.663577,86.3547
7,100,3.9800,199,0,100,20.538389,13.836056,85.9669
7,100,4.0000,200,0,100,20.729939,14.008406,85.5753
7,100,4.0200,201,0,100,20.921455,14.180864,85.1799
7,100,4.0400,202,0,100,21.112940,14.353391,84.7807
7,100,4.0600,203,0,100,21.304392,14.525992,84.3775
7,100,4.0800,204,0,100,21.495813,14.699280,83.9706
7,100,4.1000,205,0,100,21.687197,14.873735,83.5598
7,100,4.1200,206,0,100,21.878548,15.046700,83.1452
7,100,4.1400,207,0,100,22.069868,15.219682,82.7268
7,100,4.1600,208,0,100,22.261152,15.393380,82.3045
7,100,4.1800,209,0,100,22.452402,15.566890,81.8783
7,100,4.2000,210,0,100,22.643623,15.740046,81.4484
7,100,4.2200,211,0,100,22.834805,15.912703,81.0146
7,100,4.2400,212,0,100,23.025955,16.085369,80.5770
7,100,4.2600,213,0,100,23.217070,16.258291,80.1355
7,100,4.2800,214,0,100,23.408152,16.431921,79.6902
7,100,4.3000,215,0,100,23.599199,16.605158,79.2411
7,100,4.3200,216,0,100,23.790213,16.779051,78.7882
7,100,4.3400,217,0,100,23.981192,16.953432,78.3314
7,100,4.3600,218,0,100,24.000645,17.127779,77.8708
7,100,4.3800,219,0,100,24.191534,17.301620,77.4064
7,100,4.4000,220,0,100,24.382387,17.475384,76.9381
7,100,4.4200,221,0,100,24.573210,17.651516,76.4660
7,100,4.4400,222,0,100,24.764000,17.824591,75.9901
7,100,4.4600,223,0,100,24.954754,17.994152,75.5104
7,100,4.4800,224,0,100,25.145473,18.163696,75.0268
7,100,4.5000,225,0,100,25.336159,18.342113,74.5395
7,100,4.5200,226,0,100,25.526812,18.512970,74.0483
7,100,4.5400,227,0,100,25.717430,18.684338,73.5533
7,100,4.5600,228,0,100,25.908010,18.854780,73.0544
7,100,4.5800,229,0,100,26.098560,19.028929,72.5518
7,100,4.6000,230,0,100,26.289072,19.201401,72.0453
7,100,4.6200,231,0,100,26.479548,19.375944,71.5350
7,100,4.6400,232,0,100,26.669992,19.476177,71.0209
7,100,4.6600,233,0,100,26.860401,19.506254,70.5030
7,100,4.6800,234,0,100,27.050776,19.390953,69.9812
7,100,4.7000,235,0,100,27.241116,19.538431,69.4557
7,100,4.7200,236,0,100,27.431419,19.378263,68.9263
7,100,4.7400,237,0,100,27.621687,19.144871,68.3931
7,100,4.7600,238,0,100,27.811922,19.146263,67.8561
7,100,4.7800,239,0,100,28.002119,19.268944,67.3153
7,100,4.8000,240,0,100,28.192284,19.415445,66.7707
7,100,4.8200,241,0,100,28.382410,19.332344,66.2222
7,100,4.8400,242,0,100,28.572502,19.261578,65.6700
7,100,4.8600,243,0,100,28.762558,19.245241,65.1139
7,100,4.8800,244,0,100,28.952583,19.323315,64.5541
7,100,4.9000,245,0,100,29.142569,19.372812,63.9904
7,100,4.9200,246,0,100,29.332518,19.382042,63.4230
7,100,4.9400,247,0,100,29.522432,19.380535,62.8517
7,100,4.9600,248,0,100,29.712313,19.182623,62.2766
7,100,4.9800,249,0,100,29.902155,19.257689,61.6977
7,100,5.0000,250,0,100,30.091963,19.343103,61.1150
7,100,5.0200,251,0,100,30.281736,19.447302,60.5285
7,100,5.0400,252,0,100,30.471472,19.568090,59.9382
7,100,5.0600,253,0,100,30.661171,19.670000,59.3441
7,100,5.0800,254,0,100,30.850838,19.567560,58.7462
7,100,5.1000,255,0,100,31.040466,19.499079,58.1445
7,100,5.1200,256,0,100,31.230059,19.574905,57.5390
7,100,5.1400,257,0,100,31.419617,19.712196,56.9298
7,100,5.1600,258,0,100,31.609138,19.821922,56.3167
7,100,5.1800,259,0,100,31.798622,19.908728,55.6998
7,100,5.2000,260,0,100,31.988071,19.964008,55.0791
7,100,5.2200,261,0,100,32.177486,20.016352,54.4546
7,100,5.2400,262,0,100,32.366863,20.022316,53.8263
7,100,5.2600,263,0,100,32.556202,19.927217,53.1943
7,100,5.2800,264,0,100,32.745510,19.610781,52.5584
7,100,5.3000,265,0,100,32.934776,19.587433,51.9188
7,100,5.3200,266,1,99,33.124012,19.396078,51.2753
7,100,5.3400,267,3,97,33.313206,19.274931,50.6281
7,100,5.3600,268,3,97,33.330925,19.334663,49.9771
7,100,5.3800,269,3,97,33.522373,19.166403,49.3223
7,100,5.4000,270,3,97,33.660328,19.059303,48.6637
7,100,5.4200,271,3,97,33.849411,18.821827,48.0013
7,100,5.4400,272,3,97,34.038456,18.508047,47.3351
7,100,5.4600,273,1,99,34.227467,18.429152,46.6651
7,100,5.4800,274,0,100,34.416439,17.865009,45.9914
7,100,5.5000,275,0,100,34.605377,17.700737,45.3139
7,100,5.5200,276,0,100,34.794281,17.484125,44.6326
7,100,5.5400,277,0,100,34.983143,17.355591,43.9475
7,100,5.5600,278,0,100,35.171974,17.217003,43.2586
7,100,5.5800,279,0,100,35.360767,17.055458,42.5659
7,100,5.6000,280,0,100,35.549522,16.899851,41.8695
7,100,5.6200,281,0,100,35.738243,16.480162,41.1693
7,100,5.6400,282,0,100,35.926926,16.179932,40.4653
7,100,5.6600,283,0,100,36.115574,15.995441,39.7575
7,100,5.6800,284,0,100,36.304184,15.687365,39.0459
7,100,5.7000,285,1,99,36.492760,15.522855,38.3306
7,100,5.7200,286,2,98,36.681297,15.330463,37.6115
7,100,5.7400,287,2,98,36.869801,15.054749,36.8886
7,100,5.7600,288,2,98,37.058266,14.997175,36.1620
7,100,5.7800,289,2,98,37.246693,14.881277,35.4315
7,100,5.8000,290,2,98,37.435089,14.764933,34.6973
7,100,5.8200,291,2,98,37.623444,14.603207,33.9593
7,100,5.8400,292,2,98,37.811764,14.359089,33.2176
7,100,5.8600,293,3,97,38.000046,14.034371,32.4721
7,100,5.8800,294,2,98,38.188293,13.649275,31.7228
7,100,5.9000,295,1,99,38.376503,13.330771,30.9697
7,100,5.9200,296,1,99,38.564678,13.179320,30.2129
7,100,5.9400,297,1,99,38.752815,13.114409,29.4523
7,100,5.9600,298,1,99,38.940918,13.127611,28.6879
7,100,5.9800,299,1,99,39.128983,13.071351,27.9198
7,100,6.0000,300,1,99,39.317009,13.054762,27.1479
7,100,6.0200,301,1,99,39.505001,12.599627,26.3723
7,100,6.0400,302,2,98,39.692955,12.301318,25.5928
7,100,6.0600,303,2,98,39.880875,12.194131,24.8096
7,100,6.0800,304,2,98,40.068756,12.177870,24.0227
7,100,6.1000,305,1,99,40.256599,11.581333,23.2320
7,100,6.1200,306,1,99,40.444408,11.109954,22.4375
7,100,6.1400,307,2,98,40.632179,10.989196,21.6393
7,100,6.1600,308,2,98,40.819916,10.869798,20.8373
7,100,6.1800,309,2,98,41.007614,10.731424,20.0315
7,100,6.2000,310,2,98,41.195274,10.658553,19.2220
7,100,6.2200,311,1,99,41.382900,10.416581,18.4088
7,100,6.2400,312,1,99,41.570488,10.365881,17.5917
7,100,6.2600,313,1,99,41.758041,10.356030,16.7710
7,100,6.2800,314,2,98,41.945557,10.209663,15.9464
7,100,6.3000,315,2,98,42.133034,9.850595,15.1181
7,100,6.3200,316,3,97,42.320480,9.297869,14.2861
7,100,6.3400,317,3,97,42.507881,8.863254,13.4503
7,100,6.3600,318,3,97,42.448177,8.311091,12.6107
7,100,6.3800,319,3,97,42.635567,7.316058,11.7675
7,100,6.4000,320,4,96,42.822914,6.299445,10.9204
7,100,6.4200,321,4,96,42.789013,5.567135,10.0696
7,100,6.4400,322,5,95,42.976341,5.228326,9.2151
7,100,6.4600,323,5,95,43.163639,4.902182,8.3568
7,100,6.4800,324,7,93,43.191479,4.650953,7.4947
7,100,6.5000,325,7,93,43.378735,4.337129,6.6289
7,100,6.5200,326,7,93,43.509525,4.010315,5.7594
7,100,6.5400,327,7,93,30.850569,3.750955,5.0307
7,100,6.5600,328,8,92,24.759827,3.531325,4.5593
7,100,6.5800,329,7,93,26.331999,3.484533,4.1716
7,100,6.6000,330,7,93,22.695974,3.451009,3.8453
7,100,6.6200,331,7,93,17.440374,3.290659,3.8135
7,100,6.6400,332,10,90,17.595255,3.191839,3.8657
7,100,6.6600,333,10,90,16.132593,3.006432,3.9140
7,100,6.6800,334,10,90,13.030295,2.785237,3.9583
7,100,6.7000,335,11,89,11.840005,2.678133,3.9987
7,100,6.7200,336,11,89,11.805761,2.550124,4.0352
7,100,6.7400,337,12,88,11.774701,2.484884,4.0678
7,100,6.7600,338,13,87,11.746845,2.425467,4.0965
7,100,6.7800,339,13,87,11.722216,2.383902,4.1212
7,100,6.8000,340,13,87,11.700831,2.312327,4.1420
7,100,6.8200,341,13,87,11.682706,2.272358,4.1588
7,100,6.8400,342,13,87,11.667855,2.232289,4.1718
7,100,6.8600,343,13,87,11.656288,2.208083,4.1808
7,100,6.8800,344,12,88,11.648013,2.121025,4.1859
7,100,6.9000,345,12,88,11.643035,2.089208,4.1871
7,100,6.9200,346,13,87,11.641355,2.016312,4.1844
7,100,6.9400,347,12,88,11.642975,1.942495,4.1777
7,100,6.9600,348,11,89,11.647889,1.859620,4.1672
7,100,6.9800,349,14,86,11.656093,1.794727,4.1527
7,100,7.0000,350,14,86,11.667577,1.703420,4.1343
7,100,7.0200,351,15,85,11.682329,1.635782,4.1120
7,100,7.0400,352,14,86,11.700336,1.603035,4.0857
7,100,7.0600,353,14,86,11.721580,1.570178,4.0556
7,100,7.0800,354,14,86,11.746042,1.522030,4.0215
7,100,7.1000,355,15,85,11.773700,1.470030,3.9836
7,100,7.1200,356,15,85,11.804529,1.419184,3.9417
7,100,7.1400,357,15,85,11.838502,1.393240,3.8959
7,100,7.1600,358,16,84,11.875591,1.355025,3.8462
7,100,7.1800,359,16,84,11.915766,1.298077,3.7926
7,100,7.2000,360,16,84,11.958990,1.246658,3.7351
7,100,7.2200,361,16,84,12.005233,1.208969,3.6736
7,100,7.2400,362,16,84,12.054456,1.190410,3.6083
7,100,7.2600,363,16,84,12.106621,1.157939,3.5390
7,100,7.2800,364,15,85,12.161687,1.137015,3.4659
7,100,7.3000,365,16,84,12.219616,1.091052,3.3888
7,100,7.3200,366,17,83,12.280362,1.065537,3.3079
7,100,7.3400,367,17,83,12.343884,1.026637,3.2230
7,100,7.3600,368,20,80,12.410137,0.984463,3.1343
7,100,7.3800,369,21,79,12.479076,0.971286,3.0416
7,100,7.4000,370,21,79,12.550653,0.947373,2.9450
7,100,7.4200,371,21,79,12.624825,0.929679,2.8446
7,100,7.4400,372,22,78,12.701539,0.911195,2.7402
7,100,7.4600,373,22,78,12.780754,0.895012,2.6320
7,100,7.4800,374,22,78,12.862418,0.859730,2.5198
7,100,7.5000,375,22,78,12.946485,0.812895,2.4037
7,100,7.5200,376,24,76,13.032904,0.787931,2.2838
7,100,7.5400,377,27,73,13.121630,0.744040,2.1599
7,100,7.5600,378,27,73,13.212611,0.725303,2.0322
7,100,7.5800,379,27,73,13.305803,0.707577,1.9006
7,100,7.6000,380,27,73,13.401156,0.700042,1.8188
7,100,7.6200,381,26,74,13.498623,0.675453,1.8178
7,100,7.6400,382,26,74,13.598157,0.648493,1.8167
7,100,7.6600,383,29,71,13.699711,0.639675,1.8155
7,100,7.6800,384,27,73,13.803239,0.629667,1.8141
7,100,7.7000,385,28,72,13.908695,0.618980,1.8127
7,100,7.7200,386,28,72,14.016034,0.612712,1.8111
7,100,7.7400,387,43,57,10.819666,0.552937,1.8093
7,100,7.7600,388,44,56,10.808323,0.541525,1.8073
7,100,7.7800,389,44,56,10.800531,0.533984,1.8051
7,100,7.8000,390,44,56,10.796295,0.531118,1.8027
7,100,7.8200,391,46,54,10.795618,0.522502,1.8000
7,100,7.8400,392,46,54,10.798495,0.498982,1.7970
7,100,7.8600,393,47,53,10.804924,0.495891,1.7935
7,100,7.8800,394,49,51,10.814898,0.488027,1.7897
7,100,7.9000,395,49,51,10.828400,0.486157,1.7854
7,100,7.9200,396,50,50,10.845419,0.475207,1.7806
7,100,7.9400,397,50,50,9.911439,0.460573,1.7752
7,100,7.9600,398,51,49,9.874729,0.459413,1.7692
7,100,7.9800,399,51,49,9.841805,0.456768,1.7625
7,100,8.0000,400,52,48,9.812704,0.445375,1.7549
7,100,8.0200,401,53,47,9.787457,0.437720,1.7465
7,100,8.0400,402,53,47,9.766092,0.422849,1.7370
7,100,8.0600,403,53,47,9.748632,0.418387,1.7264
7,100,8.0800,404,55,45,9.735097,0.410755,1.7145
7,100,8.1000,405,58,42,9.725498,0.410161,1.7011
7,100,8.1200,406,58,42,9.719848,0.397845,1.6928
7,100,8.1400,407,58,42,9.718148,0.392680,1.6888
7,100,8.1600,408,58,42,9.720401,0.388188,1.6843
7,100,8.1800,409,58,42,9.726598,0.386639,1.6789
7,100,8.2000,410,58,42,9.736732,0.368714,1.6724
7,100,8.2200,411,59,41,9.750788,0.366906,1.6645
7,100,8.2400,412,59,41,9.768745,0.365708,1.6550
7,100,8.2600,413,59,41,9.790583,0.365806,1.6440
7,100,8.2800,414,59,41,9.604371,0.365017,1.6312
7,100,8.3000,415,60,40,9.572018,0.361996,1.6235
7,100,8.3200,416,60,40,9.543597,0.359128,1.6222
7,100,8.3400,417,61,39,9.519144,0.340835,1.6211
7,100,8.3600,418,61,39,9.498685,0.319571,1.6200
7,100,8.3800,419,61,39,9.482244,0.317426,1.6186
7,100,8.4000,420,63,37,9.469839,0.304264,1.6178
7,100,8.4200,421,63,37,9.461484,0.300277,1.6175
7,100,8.4400,422,64,36,9.457187,0.286486,1.6173
7,100,8.4600,423,64,36,9.456951,0.282238,1.6171
7,100,8.4800,424,64,36,9.460775,0.279121,1.6168
7,100,8.5000,425,64,36,9.468651,0.260185,1.6167
7,100,8.5200,426,64,36,9.480566,0.253886,1.6165
7,100,8.5400,427,65,35,9.496502,0.249605,1.6153
7,100,8.5600,428,65,35,9.516438,0.246082,1.6149
7,100,8.5800,429,65,35,9.540344,0.243291,1.6146
7,100,8.6000,430,66,34,9.568191,0.236812,1.6142
7,100,8.6200,431,70,30,9.599939,0.234805,1.6130
7,100,8.6400,432,70,30,7.999916,0.217595,1.6125
7,100,8.6600,433,70,30,7.869766,0.215437,1.6119
7,100,8.6800,434,70,30,7.805945,0.209924,1.6112
7,100,8.7000,435,70,30,7.746595,0.207894,1.6094
7,100,8.7200,436,70,30,7.691815,0.206969,1.6084
7,100,8.7400,437,70,30,7.641702,0.206794,1.6075
7,100,8.7600,438,71,29,7.596344,0.207277,1.6053
7,100,8.7800,439,71,29,7.555825,0.194440,1.6038
7,100,8.8000,440,71,29,7.520218,0.177645,1.6023
7,100,8.8200,441,72,28,7.489593,0.174545,1.5992
7,100,8.8400,442,72,28,7.464006,0.173114,1.5967
7,100,8.8600,443,73,27,7.443506,0.169624,1.5960
7,100,8.8800,444,74,26,7.428132,0.167439,1.5957
7,100,8.9000,445,74,26,7.417913,0.165474,1.5959
7,100,8.9200,446,74,26,7.412868,0.163776,1.5960
7,100,8.9400,447,74,26,7.413003,0.162520,1.5963
7,100,8.9600,448,74,26,7.418316,0.142949,1.5968
7,100,8.9800,449,74,26,7.428792,0.140873,1.5973
7,100,9.0000,450,74,26,7.444406,0.139347,1.5977
7,100,9.0200,451,74,26,7.465123,0.138092,1.5982
7,100,9.0400,452,74,26,7.490898,0.137139,1.5986
7,100,9.0600,453,74,26,7.521675,0.136545,1.5989
7,100,9.0800,454,74,26,7.557391,0.136304,1.5991
7,100,9.1000,455,74,26,7.597972,0.137137,1.5993
7,100,9.1200,456,74,26,7.643338,0.138282,1.5995
7,100,9.1400,457,74,26,7.693402,0.139734,1.5997
7,100,9.1600,458,74,26,7.748069,0.125057,1.5999
7,100,9.1800,459,74,26,7.807241,0.124536,1.6000
7,100,9.2000,460,74,26,5.917795,0.105016,1.6000
7,100,9.2200,461,75,25,5.790264,0.099755,1.6001
7,100,9.2400,462,75,25,5.724409,0.098226,1.6001
7,100,9.2600,463,75,25,5.664610,0.096583,1.6000
7,100,9.2800,464,75,25,5.611056,0.095082,1.5999
7,100,9.3000,465,75,25,5.563924,0.093752,1.5997
7,100,9.3200,466,75,25,5.523374,0.092657,1.5996
7,100,9.3400,467,76,24,5.489546,0.077869,1.5994
7,100,9.3600,468,76,24,5.462564,0.075204,1.5991
7,100,9.3800,469,76,24,5.442523,0.073087,1.5989
7,100,9.4000,470,76,24,5.429495,0.071197,1.5985
7,100,9.4200,471,76,24,5.423529,0.069594,1.5982
7,100,9.4400,472,76,24,5.424643,0.066975,1.5978
7,100,9.4600,473,76,24,5.432827,0.065986,1.5974
7,100,9.4800,474,76,24,5.448046,0.065144,1.5967
7,100,9.5000,475,76,24,5.470237,0.064472,1.5960
7,100,9.5200,476,76,24,3.113624,0.041215,1.5951
7,100,9.5400,477,76,24,3.070817,0.040882,1.5939
7,100,9.5600,478,76,24,3.123448,0.041610,1.5924
7,100,9.5800,479,76,24,3.187246,0.042272,1.5925
7,100,9.6000,480,76,24,3.261548,0.042885,1.5925
7,100,9.6200,481,76,24,3.345648,0.043465,1.5922
7,100,9.6400,482,76,24,2.999348,0.040381,1.5914
7,100,9.6600,483,76,24,2.999171,0.041428,1.5905
7,100,9.6800,484,76,24,3.001704,0.042636,1.5896
7,100,9.7000,485,77,23,3.016987,0.043784,1.5885
7,100,9.7200,486,77,23,3.044821,0.044578,1.5875
7,100,9.7400,487,77,23,3.084857,0.045553,1.5864
7,100,9.7600,488,77,23,3.136623,0.046701,1.5853
7,100,9.7800,489,78,22,3.199540,0.048030,1.5841
7,100,9.8000,490,78,22,3.272960,0.049929,1.5817
7,100,9.8200,491,78,22,3.356187,0.042770,1.5801
7,100,9.8400,492,78,22,3.448502,0.042331,1.5786
7,100,9.8600,493,78,22,3.549192,0.042455,1.5770
7,100,9.8800,494,78,22,2.268680,0.028858,1.5754
7,100,9.9000,495,93,7,2.149566,0.026800,1.5737
7,100,9.9200,496,93,7,1.943044,0.024810,1.5704
7,100,9.9400,497,93,7,1.895302,0.023703,1.5671
7,100,9.9600,498,93,7,1.836365,0.022787,1.5641
7,100,9.9800,499,93,7,1.786895,0.022448,1.5611
7,100,10.0000,500,93,7,1.746814,0.023416,1.5564
7,100,10.0200,501,93,7,1.716831,0.024651,1.5502
7,100,10.0400,502,93,7,1.697606,0.026202,1.5427
7,100,10.0600,503,93,7,1.689660,0.027991,1.5339
7,100,10.0800,504,93,7,1.517465,0.028185,1.5234
7,100,10.1000,505,91,9,1.443918,0.029570,1.5112
7,100,10.1200,506,91,9,1.370979,0.030324,1.5043
7,100,10.1400,507,91,9,1.295717,0.030353,1.5043
7,100,10.1600,508,91,9,1.219045,0.030286,1.5043
7,100,10.1800,509,91,9,1.198903,0.030625,1.5043
7,100,10.2000,510,91,9,1.334358,0.031056,1.5043
7,100,10.2200,511,91,9,1.474524,0.028550,1.5043
7,100,10.2400,512,91,9,0.763480,0.013669,1.5043
7,100,10.2600,513,91,9,0.668698,0.009599,1.5043
7,100,10.2800,514,91,9,0.569601,0.007438,1.5043
7,100,10.3000,515,91,9,0.470932,0.006659,1.5043
7,100,10.3200,516,91,9,0.373546,0.005604,1.5043
7,100,10.3400,517,91,9,0.277416,0.004133,1.5043
7,100,10.3600,518,91,9,0.184592,0.002593,1.5043
7,100,10.3800,519,91,9,0.108466,0.001406,1.5043
7,100,10.4000,520,91,9,0.063728,0.000865,1.5043
7,100,10.4200,521,91,9,0.023391,0.000604,1.5043
7,100,10.4400,522,91,9,0.054634,0.000893,1.5043
7,100,10.4600,523,91,9,0.107990,0.001303,1.5043
7,100,10.4801,524,91,9,0.162720,0.001734,1.5043
7,100,10.5001,525,91,9,0.218158,0.002237,1.5043
7,100,10.5201,526,91,9,0.274637,0.002804,1.5043
7,100,10.5401,527,98,2,0.332354,0.003324,1.5043
7,100,10.5601,528,98,2,0.295516,0.002955,1.5043
7,100,10.5801,529,98,2,0.278482,0.002785,1.5043
7,100,10.6001,530,99,1,0.294329,0.002943,1.5043
7,100,10.6201,531,99,1,0.304977,0.003050,1.5043
7,100,10.6401,532,99,1,0.323048,0.003230,1.5043
7,100,10.6601,533,99,1,0.344571,0.003446,1.5043
7,100,10.6801,534,99,1,0.370855,0.003709,1.5043
7,100,10.7001,535,99,1,0.401897,0.004019,1.5043
7,100,10.7201,536,99,1,0.438282,0.004383,1.5043
7,100,10.7401,537,99,1,0.480509,0.004805,1.5043
7,100,10.7601,538,99,1,0.529291,0.005293,1.5043
7,100,10.7801,539,99,1,0.586678,0.005867,1.5043
7,100,10.8001,540,99,1,0.656787,0.006568,1.5043
7,100,10.8201,541,99,1,0.736521,0.007365,1.5043
7,100,10.8401,542,99,1,0.823453,0.008235,1.5043
7,100,10.8601,543,99,1,0.913295,0.009133,1.5043
7,100,10.8801,544,99,1,1.006691,0.010067,1.5043
7,100,10.9001,545,99,1,1.103634,0.011036,1.5043
7,100,10.9201,546,99,1,1.204535,0.012045,1.5043
7,100,10.9401,547,99,1,0.528305,0.005283,1.5043
7,100,10.9601,548,99,1,0.233664,0.002337,1.5043
7,100,10.9801,549,99,1,0.139772,0.001398,1.5043
7,100,11.0001,550,99,1,0.057458,0.000575,1.5043
7,100,11.0201,551,99,1,0.009088,0.000091,1.5043
7,100,11.0401,552,99,1,0.012502,0.000125,1.5043
7,100,11.0601,553,99,1,0.005222,0.000052,1.5043
7,100,11.0801,554,99,1,0.000475,0.000005,1.5043
7,100,11.1001,555,99,1,0.001226,0.000012,1.5043
7,100,11.1201,556,99,1,0.000450,0.000005,1.5043
7,100,11.1401,557,99,1,0.000376,0.000004,1.5043
7,100,11.1601,558,99,1,0.000148,0.000001,1.5043
7,100,11.1801,559,99,1,0.000067,0.000001,1.5043
7,100,11.2001,560,99,1,0.000002,0.000000,1.5043
7,100,11.2201,561,99,1,0.000009,0.000000,1.5043
7,100,11.2401,562,99,1,0.000028,0.000000,1.5043
7,100,11.2601,563,99,1,0.000015,0.000000,1.5043
7,100,11.2801,564,99,1,0.000020,0.000000,1.5043
7,100,11.3001,565,100,0,0.000000,0.000000,1.5043
8,100,0.0200,1,0,100,0.195961,0.188467,99.4961
8,100,0.0400,2,0,100,0.391882,0.370531,99.4882
8,100,0.0600,3,0,100,0.587765,0.545503,99.4765
8,100,0.0800,4,0,100,0.783608,0.712582,99.4608
8,100,0.1000,5,0,100,0.979412,0.870970,99.4412
8,100,0.1200,6,0,100,1.175177,1.019861,99.4177
8,100,0.1400,7,0,100,1.370903,1.158439,99.3903
8,100,0.1600,8,0,100,1.566589,1.285882,99.3590
8,100,0.1800,9,0,100,1.762237,1.401369,99.3237
8,100,0.2000,10,0,100,1.957845,1.504103,99.2846
8,100,0.2200,11,0,100,2.153414,1.593327,99.2415
8,100,0.2400,12,0,100,2.348942,1.668338,99.1945
8,100,0.2600,13,0,100,2.544428,1.728501,99.1436
8,100,0.2800,14,0,100,2.739864,1.773256,99.0888
8,100,0.3000,15,0,100,2.935195,1.802168,99.0301
8,100,0.3200,16,0,100,3.130335,1.815095,98.9675
8,100,0.3400,17,0,100,3.324965,1.812483,98.9010
8,100,0.3600,18,0,100,3.518369,1.795596,98.8306
8,100,0.3800,19,0,100,3.709031,1.766172,98.7564
8,100,0.4000,20,0,100,3.894050,1.726098,98.6785
8,100,0.4200,21,0,100,4.068347,1.677287,98.5971
8,100,0.4400,22,0,100,4.223738,1.621500,98.5125
8,100,0.4600,23,0,100,4.348034,1.560552,98.4253
8,100,0.4800,24,0,100,4.424396,1.496143,98.3365
8,100,0.5000,25,0,100,4.431233,1.431309,98.2475
8,100,0.5200,26,0,100,4.342925,1.369307,98.1600
8,100,0.5400,27,0,100,4.131585,1.314116,98.0767
8,100,0.5600,28,0,100,3.769978,1.270766,98.0005
8,100,0.5800,29,0,100,3.235634,1.245738,97.9351
8,100,0.6000,30,0,100,2.517728,1.248137,97.8845
8,100,0.6200,31,0,100,2.836543,1.293546,97.8531
8,100,0.6400,32,0,100,3.267365,1.424197,97.8452
8,100,0.6600,33,0,100,3.746947,1.701141,97.8647
8,100,0.6800,34,0,100,4.293106,1.992419,97.9148
8,100,0.7000,35,0,100,4.948092,2.258191,97.9968
8,100,0.7200,36,0,100,5.916264,2.486508,98.1114
8,100,0.7400,37,0,100,7.424482,2.668058,98.2573
8,100,0.7600,38,0,100,8.763440,2.794968,98.4316
8,100,0.7800,39,0,100,9.882883,2.861427,98.6293
8,100,0.8000,40,0,100,10.705153,2.869756,98.8443
8,100,0.8200,41,0,100,11.207397,2.827141,99.0694
8,100,0.8400,42,0,100,11.294800,2.744720,99.2967
8,100,0.8600,43,0,100,11.110308,2.660538,99.5188
8,100,0.8800,44,0,100,10.914447,2.587193,99.7359
8,100,0.9000,45,0,100,10.717389,2.520098,99.9491
8,100,0.9200,46,0,100,10.520412,2.458275,100.1582
8,100,0.9400,47,0,100,10.323517,2.400538,100.3634
8,100,0.9600,48,0,100,10.126705,2.345653,100.5647
8,100,0.9800,49,0,100,9.929980,2.292910,100.7620
8,100,1.0000,50,0,100,9.733347,2.242756,100.9553
8,100,1.0200,51,0,100,9.536805,2.193316,101.1447
8,100,1.0400,52,0,100,9.340360,2.145177,101.3301
8,100,1.0600,53,0,100,9.144014,2.097936,101.5116
8,100,1.0800,54,0,100,8.947773,2.051621,101.6891
8,100,1.1000,55,0,100,8.751639,2.006184,101.8627
8,100,1.1200,56,0,100,8.555619,1.961713,102.0323
8,100,1.1400,57,0,100,8.359716,1.917434,102.1979
8,100,1.1600,58,0,100,8.163938,1.873564,102.3596
8,100,1.1800,59,0,100,7.968290,1.832867,102.5174
8,100,1.2000,60,0,100,7.772777,1.793605,102.6712
8,100,1.2200,61,0,100,7.577409,1.757286,102.8210
8,100,1.2400,62,0,100,7.382194,1.719356,102.9669
8,100,1.2600,63,0,100,7.187140,1.679770,103.1089
8,100,1.2800,64,0,100,6.992257,1.640211,103.2469
8,100,1.3000,65,0,100,6.797557,1.609343,103.3809
8,100,1.3200,66,0,100,6.603052,1.578951,103.5110
8,100,1.3400,67,0,100,6.408757,1.551477,103.6372
8,100,1.3600,68,0,100,6.214689,1.529620,103.7594
8,100,1.3800,69,0,100,6.020864,1.515839,103.8777
8,100,1.4000,70,0,100,5.827302,1.496810,103.9920
8,100,1.4200,71,0,100,5.634028,1.473045,104.1024
8,100,1.4400,72,0,100,5.441067,1.450476,104.2089
8,100,1.4600,73,0,100,5.248450,1.438876,104.3114
8,100,1.4800,74,0,100,5.056211,1.417921,104.4100
8,100,1.5000,75,0,100,4.864389,1.411445,104.5046
8,100,1.5200,76,0,100,4.673032,1.385912,104.5953
8,100,1.5400,77,0,100,4.482193,1.366910,104.6820
8,100,1.5600,78,0,100,4.291938,1.364116,104.7648
8,100,1.5800,79,0,100,4.102340,1.341015,104.8437
8,100,1.6000,80,0,100,3.913489,1.336427,104.9187
8,100,1.6200,81,0,100,3.998865,1.308747,104.9897
8,100,1.6400,82,0,100,3.951796,1.303181,105.0568
8,100,1.6600,83,0,100,4.143837,1.274316,105.1199
8,100,1.6800,84,0,100,4.116158,1.268733,105.1791
8,100,1.7000,85,0,100,4.308233,1.238291,105.2344
8,100,1.7200,86,0,100,4.263515,1.231839,105.2858
8,100,1.7400,87,0,100,4.455736,1.213116,105.3332
8,100,1.7600,88,0,100,4.648160,1.207551,105.3767
8,100,1.7800,89,0,100,4.565919,1.169538,105.4163
8,100,1.8000,90,0,100,4.758475,1.179217,105.4519
8,100,1.8200,91,0,100,4.654755,1.175776,105.4836
8,100,1.8400,92,0,100,4.847330,1.164247,105.5114
8,100,1.8600,93,0,100,4.724811,1.172027,105.5353
8,100,1.8800,94,0,100,4.917367,1.188766,105.5552
8,100,1.9000,95,0,100,5.110071,1.195308,105.5712
8,100,1.9200,96,0,100,4.971472,1.215781,105.5833
8,100,1.9400,97,0,100,5.164143,1.249365,105.5915
8,100,1.9600,98,0,100,5.356941,1.270831,105.5957
8,100,1.9800,99,0,100,5.549850,1.298053,105.5961
8,100,2.0000,100,0,100,5.398090,1.331529,105.5925
8,100,2.0200,101,0,100,5.590967,1.373294,105.5850
8,100,2.0400,102,0,100,5.783940,1.406958,105.5736
8,100,2.0600,103,0,100,5.976996,1.455478,105.5582
8,100,2.0800,104,0,100,5.816504,1.501374,105.5390
8,100,2.1000,105,0,100,6.009541,1.550736,105.5158
8,100,2.1200,106,0,100,6.202650,1.591293,105.4887
8,100,2.1400,107,0,100,6.395821,1.642250,105.4577
8,100,2.1600,108,0,100,6.227920,1.692128,105.4228
8,100,2.1800,109,0,100,6.421110,1.747196,105.3840
8,100,2.2000,110,0,100,6.614352,1.787048,105.3412
8,100,2.2200,111,0,100,6.807637,1.835032,105.2946
8,100,2.2400,112,0,100,7.000959,1.886217,105.2440
8,100,2.2600,113,0,100,6.824342,1.935730,105.1896
8,100,2.2800,114,0,100,7.017737,1.977611,105.1312
8,100,2.3000,115,0,100,7.211158,2.027521,105.0689
8,100,2.3200,116,0,100,7.404602,2.082044,105.0027
8,100,2.3400,117,0,100,7.598062,2.139419,104.9326
8,100,2.3600,118,0,100,7.411359,2.192357,104.8586
8,100,2.3800,119,0,100,7.604950,2.239092,104.7807
8,100,2.4000,120,0,100,7.798549,2.294568,104.6989
8,100,2.4200,121,0,100,7.992148,2.355426,104.6132
8,100,2.4400,122,0,100,8.185749,2.420407,104.5236
8,100,2.4600,123,0,100,7.997931,2.482504,104.4301
8,100,2.4800,124,0,100,8.191708,2.543078,104.3327
8,100,2.5000,125,0,100,8.385474,2.613519,104.2313
8,100,2.5200,126,0,100,8.579226,2.691183,104.1261
8,100,2.5400,127,0,100,8.408241,2.770242,104.0170
8,100,2.5600,128,0,100,8.602170,2.855288,103.9040
8,100,2.5800,129,0,100,8.796076,2.944235,103.7871
8,100,2.6000,130,0,100,8.989958,3.043100,103.6663
8,100,2.6200,131,0,100,8.843155,3.144841,103.5416
8,100,2.6400,132,0,100,9.037141,3.258353,103.4130
8,100,2.6600,133,0,100,9.231096,3.374255,103.2805
8,100,2.6800,134,0,100,9.026234,3.490607,103.1441
8,100,2.7000,135,0,100,9.220113,3.614940,103.0039
8,100,2.7200,136,0,100,9.413964,3.737774,102.8597
8,100,2.7400,137,0,100,9.607787,3.863968,102.7117
8,100,2.7600,138,0,100,9.445602,3.993389,102.5597
8,100,2.7800,139,0,100,9.639151,4.130158,102.4039
8,100,2.8000,140,0,100,9.832682,4.270951,102.2442
8,100,2.8200,141,0,100,10.026192,4.413789,102.0806
8,100,2.8400,142,0,100,10.219684,4.556917,101.9131
8,100,2.8600,143,0,100,10.413155,4.700329,101.7417
8,100,2.8800,144,0,100,10.606602,4.845728,101.5664
8,100,2.9000,145,0,100,10.800027,4.990927,101.3873
8,100,2.9200,146,0,100,10.993426,5.135964,101.2043
8,100,2.9400,147,0,100,11.186803,5.281049,101.0174
8,100,2.9600,148,0,100,11.380154,5.427549,100.8266
8,100,2.9800,149,0,100,11.573479,5.575618,100.6319
8,100,3.0000,150,0,100,11.766776,5.724958,100.4333
8,100,3.0200,151,0,100,11.960048,5.876145,100.2309
8,100,3.0400,152,0,100,12.153291,6.028780,100.0246
8,100,3.0600,153,0,100,11.999165,6.179900,99.8144
8,100,3.0800,154,0,100,12.192020,6.333574,99.6003
8,100,3.1000,155,0,100,12.384860,6.488654,99.3824
8,100,3.1200,156,0,100,12.577682,6.645592,99.1606
8,100,3.1400,157,0,100,12.770486,6.803844,98.9349
8,100,3.1600,158,0,100,12.963271,6.963639,98.7053
8,100,3.1800,159,0,100,13.156035,7.123904,98.4719
8,100,3.2000,160,0,100,13.348780,7.284677,98.2345
8,100,3.2200,161,0,100,13.541500,7.446302,97.9934
8,100,3.2400,162,0,100,13.734200,7.608538,97.7483
8,100,3.2600,163,0,100,13.926876,7.771115,97.4994
8,100,3.2800,164,0,100,14.119529,7.933971,97.2466
8,100,3.3000,165,0,100,14.312159,8.097190,96.9899
8,100,3.3200,166,0,100,14.504762,8.261071,96.7294
8,100,3.3400,167,0,100,14.697341,8.425440,96.4650
8,100,3.3600,168,0,100,14.889894,8.589544,96.1967
8,100,3.3800,169,0,100,15.082419,8.754156,95.9246
8,100,3.4000,170,0,100,15.274920,8.919114,95.6486
8,100,3.4200,171,0,100,15.467393,9.083665,95.3687
8,100,3.4400,172,0,100,15.659837,9.248535,95.0850
8,100,3.4600,173,0,100,15.852253,9.414206,94.7974
8,100,3.4800,174,0,100,16.044641,9.580587,94.5060
8,100,3.5000,175,0,100,16.237001,9.748390,94.2106
8,100,3.5200,176,0,100,16.429331,9.917192,93.9115
8,100,3.5400,177,0,100,16.621632,10.086286,93.6084
8,100,3.5600,178,0,100,16.813904,10.255649,93.3016
8,100,3.5800,179,0,100,17.006144,10.425467,92.9908
8,100,3.6000,180,0,100,17.198357,10.595530,92.6762
8,100,3.6200,181,0,100,17.390535,10.765612,92.3577
8,100,3.6400,182,0,100,17.582684,10.935409,92.0354
8,100,3.6600,183,0,100,17.774803,11.105139,91.7093
8,100,3.6800,184,0,100,17.661341,11.270644,91.3792
8,100,3.7000,185,0,100,17.853357,11.438712,91.0454
8,100,3.7200,186,0,100,18.045343,11.607475,90.7076
8,100,3.7400,187,0,100,18.237303,11.776497,90.3660
8,100,3.7600,188,0,100,18.429230,11.945902,90.0206
8,100,3.7800,189,0,100,18.621128,12.116039,89.6713
8,100,3.8000,190,0,100,18.812994,12.287149,89.3182
8,100,3.8200,191,0,100,19.004831,12.458676,88.9612
8,100,3.8400,192,0,100,19.196636,12.630375,88.6004
8,100,3.8600,193,0,100,19.388411,12.802152,88.2357
8,100,3.8800,194,0,100,19.580153,12.974070,87.8672
8,100,3.9000,195,0,100,19.771864,13.146324,87.4948
8,100,3.9200,196,0,100,19.963543,13.318622,87.1186
8,100,3.9400,197,0,100,20.155190,13.491037,86.7386
8,100,3.9600,198,0,100,20.346804,13.663577,86.3547
8,100,3.9800,199,0,100,20.538389,13.836056,85.9669
8,100,4.0000,200,0,100,20.729939,14.008406,85.5753
8,100,4.0200,201,0,100,20.921455,14.180864,85.1799
8,100,4.0400,202,0,100,21.112940,14.353391,84.7807
8,100,4.0600,203,0,100,21.304392,14.525992,84.3775
8,100,4.0800,204,0,100,21.495813,14.699280,83.9706
8,100,4.1000,205,0,100,21.687197,14.873735,83.5598
8,100,4.1200,206,0,100,21.878548,15.046700,83.1452
8,100,4.1400,207,0,100,22.069868,15.219682,82.7268
8,100,4.1600,208,0,100,22.261152,15.393380,82.3045
8,100,4.1800,209,0,100,22.452402,15.566890,81.8783
8,100,4.2000,210,0,100,22.643623,15.740046,81.4484
8,100,4.2200,211,0,100,22.834805,15.912703,81.0146
8,100,4.2400,212,0,100,23.025955,16.085369,80.5770
8,100,4.2600,213,0,100,23.217070,16.258291,80.1355
8,100,4.2800,214,0,100,23.408152,16.431921,79.6902
8,100,4.3000,215,0,100,23.599199,16.605158,79.2411
8,100,4.3200,216,0,100,23.790213,16.779051,78.7882
8,100,4.3400,217,0,100,23.981192,16.953432,78.3314
8,100,4.3600,218,0,100,24.000645,17.127779,77.8708
8,100,4.3800,219,0,100,24.191534,17.301620,77.4064
8,100,4.4000,220,0,100,24.382387,17.475384,76.9381
8,100,4.4200,221,0,100,24.573210,17.651516,76.4660
8,100,4.4400,222,0,100,24.764000,17.824591,75.9901
8,100,4.4600,223,0,100,24.954754,17.994152,75.5104
8,100,4.4800,224,0,100,25.145473,18.163696,75.0268
8,100,4.5000,225,0,100,25.336159,18.342113,74.5395
8,100,4.5200,226,0,100,25.526812,18.512970,74.0483
8,100,4.5400,227,0,100,25.717430,18.684338,73.5533
8,100,4.5600,228,0,100,25.908010,18.854780,73.0544
8,100,4.5800,229,0,100,26.098560,19.028929,72.5518
8,100,4.6000,230,0,100,26.289072,19.201401,72.0453
8,100,4.6200,231,0,100,26.479548,19.375944,71.5350
8,100,4.6400,232,0,100,26.669992,19.476177,71.0209
8,100,4.6600,233,0,100,26.860401,19.506254,70.5030
8,100,4.6800,234,0,100,27.050776,19.390953,69.9812
8,100,4.7000,235,0,100,27.241116,19.538431,69.4557
8,100,4.7200,236,0,100,27.431419,19.378263,68.9263
8,100,4.7400,237,0,100,27.621687,19.144871,68.3931
8,100,4.7600,238,0,100,27.811922,19.146263,67.8561
8,100,4.7800,239,0,100,28.002119,19.268944,67.3153
8,100,4.8000,240,0,100,28.192284,19.415445,66.7707
8,100,4.8200,241,0,100,28.382410,19.332344,66.2222
8,100,4.8400,242,0,100,28.572502,19.261578,65.6700
8,100,4.8600,243,0,100,28.762558,19.245241,65.1139
8,100,4.8800,244,0,100,28.952583,19.323315,64.5541
8,100,4.9000,245,0,100,29.142569,19.372812,63.9904
8,100,4.9200,246,0,100,29.332518,19.382042,63.4230
8,100,4.9400,247,0,100,29.522432,19.380535,62.8517
8,100,4.9600,248,0,100,29.712313,19.182623,62.2766
8,100,4.9800,249,0,100,29.902155,19.257689,61.6977
8,100,5.0000,250,0,100,30.091963,19.343103,61.1150
8,100,5.0200,251,0,100,30.281736,19.447302,60.5285
8,100,5.0400,252,0,100,30.471472,19.568090,59.9382
8,100,5.0600,253,0,100,30.661171,19.670000,59.3441
8,100,5.0800,254,0,100,30.850838,19.567560,58.7462
8,100,5.1000,255,0,100,31.040466,19.499079,58.1445
8,100,5.1200,256,0,100,31.230059,19.574905,57.5390
8,100,5.1400,257,0,100,31.419617,19.712196,56.9298
8,100,5.1600,258,0,100,31.609138,19.821922,56.3167
8,100,5.1800,259,0,100,31.798622,19.908728,55.6998
8,100,5.2000,260,0,100,31.988071,19.964008,55.0791
8,100,5.2200,261,0,100,32.177486,20.016352,54.4546
8,100,5.2400,262,0,100,32.366863,20.022316,53.8263
8,100,5.2600,263,0,100,32.556202,19.927217,53.1943
8,100,5.2800,264,0,100,32.745510,19.610781,52.5584
8,100,5.3000,265,0,100,32.934776,19.587433,51.9188
8,100,5.3200,266,1,99,33.124012,19.396078,51.2753
8,100,5.3400,267,3,97,33.313206,19.274931,50.6281
8,100,5.3600,268,3,97,33.330925,19.334663,49.9771
8,100,5.3800,269,3,97,33.522373,19.166403,49.3223
8,100,5.4000,270,3,97,33.660328,19.059303,48.6637
8,100,5.4200,271,3,97,33.849411,18.821827,48.0013
8,100,5.4400,272,3,97,34.038456,18.508047,47.3351
8,100,5.4600,273,1,99,34.227467,18.429152,46.6651
8,100,5.4800,274,0,100,34.416439,17.865009,45.9914
8,100,5.5000,275,0,100,34.605377,17.700737,45.3139
8,100,5.5200,276,0,100,34.794281,17.484125,44.6326
8,100,5.5400,277,0,100,34.983143,17.355591,43.9475
8,100,5.5600,278,0,100,35.171974,17.217003,43.2586
8,100,5.5800,279,0,100,35.360767,17.055458,42.5659
8,100,5.6000,280,0,100,35.549522,16.899851,41.8695
8,100,5.6200,281,0,100,35.738243,16.480162,41.1693
8,100,5.6400,282,0,100,35.926926,16.179932,40.4653
8,100,5.6600,283,0,100,36.115574,15.995441,39.7575
8,100,5.6800,284,0,100,36.304184,15.687365,39.0459
8,100,5.7000,285,1,99,36.492760,15.522855,38.3306
8,100,5.7200,286,2,98,36.681297,15.330463,37.6115
8,100,5.7400,287,2,98,36.869801,15.054749,36.8886
8,100,5.7600,288,2,98,37.058266,14.997175,36.1620
8,100,5.7800,289,2,98,37.246693,14.881277,35.4315
8,100,5.8000,290,2,98,37.435089,14.764933,34.6973
8,100,5.8200,291,2,98,37.623444,14.603207,33.9593
8,100,5.8400,292,2,98,37.811764,14.359089,33.2176
8,100,5.8600,293,3,97,38.000046,14.034371,32.4721
8,100,5.8800,294,2,98,38.188293,13.649275,31.7228
8,100,5.9000,295,1,99,38.376503,13.330771,30.9697
8,100,5.9200,296,1,99,38.564678,13.179320,30.2129
8,100,5.9400,297,1,99,38.752815,13.114409,29.4523
8,100,5.9600,298,1,99,38.940918,13.127611,28.6879
8,100,5.9800,299,1,99,39.128983,13.071351,27.9198
8,100,6.0000,300,1,99,39.317009,13.054762,27.1479
8,100,6.0200,301,1,99,39.505001,12.599627,26.3723
8,100,6.0400,302,2,98,39.692955,12.301318,25.5928
8,100,6.0600,303,2,98,39.880875,12.194131,24.8096
8,100,6.0800,304,2,98,40.068756,12.177870,24.0227
8,100,6.1000,305,1,99,40.256599,11.581333,23.2320
8,100,6.1200,306,1,99,40.444408,11.109954,22.4375
8,100,6.1400,307,2,98,40.632179,10.989196,21.6393
8,100,6.1600,308,2,98,40.819916,10.869798,20.8373
8,100,6.1800,309,2,98,41.007614,10.731424,20.0315
8,100,6.2000,310,2,98,41.195274,10.658553,19.2220
8,100,6.2200,311,1,99,41.382900,10.416581,18.4088
8,100,6.2400,312,1,99,41.570488,10.365881,17.5917
8,100,6.2600,313,1,99,41.758041,10.356030,16.7710
8,100,6.2800,314,2,98,41.945557,10.209663,15.9464
8,100,6.3000,315,2,98,42.133034,9.850595,15.1181
8,100,6.3200,316,3,97,42.320480,9.297869,14.2861
8,100,6.3400,317,3,97,42.507881,8.863254,13.4503
8,100,6.3600,318,3,97,42.448177,8.311091,12.6107
8,100,6.3800,319,3,97,42.635567,7.316058,11.7675
8,100,6.4000,320,4,96,42.822914,6.299445,10.9204
8,100,6.4200,321,4,96,42.789013,5.567135,10.0696
8,100,6.4400,322,5,95,42.976341,5.228326,9.2151
8,100,6.4600,323,5,95,43.163639,4.902182,8.3568
8,100,6.4800,324,7,93,43.191479,4.650953,7.4947
8,100,6.5000,325,7,93,43.378735,4.337129,6.6289
8,100,6.5200,326,7,93,43.509525,4.010315,5.7594
8,100,6.5400,327,7,93,30.850569,3.750955,5.0307
8,100,6.5600,328,8,92,24.759827,3.531325,4.5593
8,100,6.5800,329,7,93,26.331999,3.484533,4.1716
8,100,6.6000,330,7,93,22.695974,3.451009,3.8453
8,100,6.6200,331,7,93,17.440374,3.290659,3.8135
8,100,6.6400,332,10,90,17.595255,3.191839,3.8657
8,100,6.6600,333,10,90,16.132593,3.006432,3.9140
8,100,6.6800,334,10,90,13.030295,2.785237,3.9583
8,100,6.7000,335,11,89,11.840005,2.678133,3.9987
8,100,6.7200,336,11,89,11.805761,2.550124,4.0352
8,100,6.7400,337,12,88,11.774701,2.484884,4.0678
8,100,6.7600,338,13,87,11.746845,2.425467,4.0965
8,100,6.7800,339,13,87,11.722216,2.383902,4.1212
8,100,6.8000,340,13,87,11.700831,2.312327,4.1420
8,100,6.8200,341,13,87,11.682706,2.272358,4.1588
8,100,6.8400,342,13,87,11.667855,2.232289,4.1718
8,100,6.8600,343,13,87,11.656288,2.208083,4.1808
8,100,6.8800,344,12,88,11.648013,2.121025,4.1859
8,100,6.9000,345,12,88,11.643035,2.089208,4.1871
8,100,6.9200,346,13,87,11.641355,2.016312,4.1844
8,100,6.9400,347,12,88,11.642975,1.942495,4.1777
8,100,6.9600,348,11,89,11.647889,1.859620,4.1672
8,100,6.9800,349,14,86,11.656093,1.794727,4.1527
8,100,7.0000,350,14,86,11.667577,1.703420,4.1343
8,100,7.0200,351,15,85,11.682329,1.635782,4.1120
8,100,7.0400,352,14,86,11.700336,1.603035,4.0857
8,100,7.0600,353,14,86,11.721580,1.570178,4.0556
8,100,7.0800,354,14,86,11.746042,1.522030,4.0215
8,100,7.1000,355,15,85,11.773700,1.470030,3.9836
8,100,7.1200,356,15,85,11.804529,1.419184,3.9417
8,100,7.1400,357,15,85,11.838502,1.393240,3.8959
8,100,7.1600,358,16,84,11.875591,1.355025,3.8462
8,100,7.1800,359,16,84,11.915766,1.298077,3.7926
8,100,7.2000,360,16,84,11.958990,1.246658,3.7351
8,100,7.2200,361,16,84,12.005233,1.208969,3.6736
8,100,7.2400,362,16,84,12.054456,1.190410,3.6083
8,100,7.2600,363,16,84,12.106621,1.157939,3.5390
8,100,7.2800,364,15,85,12.161687,1.137015,3.4659
8,100,7.3000,365,16,84,12.219616,1.091052,3.3888
8,100,7.3200,366,17,83,12.280362,1.065537,3.3079
8,100,7.3400,367,17,83,12.343884,1.026637,3.2230
8,100,7.3600,368,20,80,12.410137,0.984463,3.1343
8,100,7.3800,369,21,79,12.479076,0.971286,3.0416
8,100,7.4000,370,21,79,12.550653,0.947373,2.9450
8,100,7.4200,371,21,79,12.624825,0.929679,2.8446
8,100,7.4400,372,22,78,12.701539,0.911195,2.7402
8,100,7.4600,373,22,78,12.780754,0.895012,2.6320
8,100,7.4800,374,22,78,12.862418,0.859730,2.5198
8,100,7.5000,375,22,78,12.946485,0.812895,2.4037
8,100,7.5200,376,24,76,13.032904,0.787931,2.2838
8,100,7.5400,377,27,73,13.121630,0.744040,2.1599
8,100,7.5600,378,27,73,13.212611,0.725303,2.0322
8,100,7.5800,379,27,73,13.305803,0.707577,1.9006
8,100,7.6000,380,27,73,13.401156,0.700042,1.8188
8,100,7.6200,381,26,74,13.498623,0.675453,1.8178
8,100,7.6400,382,26,74,13.598157,0.648493,1.8167
8,100,7.6600,383,29,71,13.699711,0.639675,1.8155
8,100,7.6800,384,27,73,13.803239,0.629667,1.8141
8,100,7.7000,385,28,72,13.908695,0.618980,1.8127
8,100,7.7200,386,28,72,14.016034,0.612712,1.8111
8,100,7.7400,387,43,57,10.819666,0.552937,1.8093
8,100,7.7600,388,44,56,10.808323,0.541525,1.8073
8,100,7.7800,389,44,56,10.800531,0.533984,1.8051
8,100,7.8000,390,44,56,10.796295,0.531118,1.8027
8,100,7.8200,391,46,54,10.795618,0.522502,1.8000
8,100,7.8400,392,46,54,10.798495,0.498982,1.7970
8,100,7.8600,393,47,53,10.804924,0.495891,1.7935
8,100,7.8800,394,49,51,10.814898,0.488027,1.7897
8,100,7.9000,395,49,51,10.828400,0.486157,1.7854
8,100,7.9200,396,50,50,10.845419,0.475207,1.7806
8,100,7.9400,397,50,50,9.911439,0.460573,1.7752
8,100,7.9600,398,51,49,9.874729,0.459413,1.7692
8,100,7.9800,399,51,49,9.841805,0.456768,1.7625
8,100,8.0000,400,52,48,9.812704,0.445375,1.7549
8,100,8.0200,401,53,47,9.787457,0.437720,1.7465
8,100,8.0400,402,53,47,9.766092,0.422849,1.7370
8,100,8.0600,403,53,47,9.748632,0.418387,1.7264
8,100,8.0800,404,55,45,9.735097,0.410755,1.7145
8,100,8.1000,405,58,42,9.725498,0.410161,1.7011
8,100,8.1200,406,58,42,9.719848,0.397845,1.6928
8,100,8.1400,407,58,42,9.718148,0.392680,1.6888
8,100,8.1600,408,58,42,9.720401,0.388188,1.6843
8,100,8.1800,409,58,42,9.726598,0.386639,1.6789
8,100,8.2000,410,58,42,9.736732,0.368714,1.6724
8,100,8.2200,411,59,41,9.750788,0.366906,1.6645
8,100,8.2400,412,59,41,9.768745,0.365708,1.6550
8,100,8.2600,413,59,41,9.790583,0.365806,1.6440
8,100,8.2800,414,59,41,9.604371,0.365017,1.6312
8,100,8.3000,415,60,40,9.572018,0.361996,1.6235
8,100,8.3200,416,60,40,9.543597,0.359128,1.6222
8,100,8.3400,417,61,39,9.519144,0.340835,1.6211
8,100,8.3600,418,61,39,9.498685,0.319571,1.6200
8,100,8.3800,419,61,39,9.482244,0.317426,1.6186
8,100,8.4000,420,63,37,9.469839,0.304264,1.6178
8,100,8.4200,421,63,37,9.461484,0.300277,1.6175
8,100,8.4400,422,64,36,9.457187,0.286486,1.6173
8,100,8.4600,423,64,36,9.456951,0.282238,1.6171
8,100,8.4800,424,64,36,9.460775,0.279121,1.6168
8,100,8.5000,425,64,36,9.468651,0.260185,1.6167
8,100,8.5200,426,64,36,9.480566,0.253886,1.6165
8,100,8.5400,427,65,35,9.496502,0.249605,1.6153
8,100,8.5600,428,65,35,9.516438,0.246082,1.6149
8,100,8.5800,429,65,35,9.540344,0.243291,1.6146
8,100,8.6000,430,66,34,9.568191,0.236812,1.6142
8,100,8.6200,431,70,30,9.599939,0.234805,1.6130
8,100,8.6400,432,70,30,7.999916,0.217595,1.6125
8,100,8.6600,433,70,30,7.869766,0.215437,1.6119
8,100,8.6800,434,70,30,7.805945,0.209924,1.6112
8,100,8.7000,435,70,30,7.746595,0.207894,1.6094
8,100,8.7200,436,70,30,7.691815,0.206969,1.6084
8,100,8.7400,437,70,30,7.641702,0.206794,1.6075
8,100,8.7600,438,71,29,7.596344,0.207277,1.6053
8,100,8.7800,439,71,29,7.555825,0.194440,1.6038
8,100,8.8000,440,71,29,7.520218,0.177645,1.6023
8,100,8.8200,441,72,28,7.489593,0.174545,1.5992
8,100,8.8400,442,72,28,7.464006,0.173114,1.5967
8,100,8.8600,443,73,27,7.443506,0.169624,1.5960
8,100,8.8800,444,74,26,7.428132,0.167439,1.5957
8,100,8.9000,445,74,26,7.417913,0.165474,1.5959
8,100,8.9200,446,74,26,7.412868,0.163776,1.5960
8,100,8.9400,447,74,26,7.413003,0.162520,1.5963
8,100,8.9600,448,74,26,7.418316,0.142949,1.5968
8,100,8.9800,449,74,26,7.428792,0.140873,1.5973
8,100,9.0000,450,74,26,7.444406,0.139347,1.5977
8,100,9.0200,451,74,26,7.465123,0.138092,1.5982
8,100,9.0400,452,74,26,7.490898,0.137139,1.5986
8,100,9.0600,453,74,26,7.521675,0.136545,1.5989
8,100,9.0800,454,74,26,7.557391,0.136304,1.5991
8,100,9.1000,455,74,26,7.597972,0.137137,1.5993
8,100,9.1200,456,74,26,7.643338,0.138282,1.5995
8,100,9.1400,457,74,26,7.693402,0.139734,1.5997
8,100,9.1600,458,74,26,7.748069,0.125057,1.5999
8,100,9.1800,459,74,26,7.807241,0.124536,1.6000
8,100,9.2000,460,74,26,5.917795,0.105016,1.6000
8,100,9.2200,461,75,25,5.790264,0.099755,1.6001
8,100,9.2400,462,75,25,5.724409,0.098226,1.6001
8,100,9.2600,463,75,25,5.664610,0.096583,1.6000
8,100,9.2800,464,75,25,5.611056,0.095082,1.5999
8,100,9.3000,465,75,25,5.563924,0.093752,1.5997
8,100,9.3200,466,75,25,5.523374,0.092657,1.5996
8,100,9.3400,467,76,24,5.489546,0.077869,1.5994
8,100,9.3600,468,76,24,5.462564,0.075204,1.5991
8,100,9.3800,469,76,24,5.442523,0.073087,1.5989
8,100,9.4000,470,76,24,5.429495,0.071197,1.5985
8,100,9.4200,471,76,24,5.423529,0.069594,1.5982
8,100,9.4400,472,76,24,5.424643,0.066975,1.5978
8,100,9.4600,473,76,24,5.432827,0.065986,1.5974
8,100,9.4800,474,76,24,5.448046,0.065144,1.5967
8,100,9.5000,475,76,24,5.470237,0.064472,1.5960
8,100,9.5200,476,76,24,3.113624,0.041215,1.5951
8,100,9.5400,477,76,24,3.070817,0.040882,1.5939
8,100,9.5600,478,76,24,3.123448,0.041610,1.5924
8,100,9.5800,479,76,24,3.187246,0.042272,1.5925
8,100,9.6000,480,76,24,3.261548,0.042885,1.5925
8,100,9.6200,481,76,24,3.345648,0.043465,1.5922
8,100,9.6400,482,76,24,2.999348,0.040381,1.5914
8,100,9.6600,483,76,24,2.999171,0.041428,1.5905
8,100,9.6800,484,76,24,3.001704,0.042636,1.5896
8,100,9.7000,485,77,23,3.016987,0.043784,1.5885
8,100,9.7200,486,77,23,3.044821,0.044578,1.5875
8,100,9.7400,487,77,23,3.084857,0.045553,1.5864
8,100,9.7600,488,77,23,3.136623,0.046701,1.5853
8,100,9.7800,489,78,22,3.199540,0.048030,1.5841
8,100,9.8000,490,78,22,3.272960,0.049929,1.5817
8,100,9.8200,491,78,22,3.356187,0.042770,1.5801
8,100,9.8400,492,78,22,3.448502,0.042331,1.5786
8,100,9.8600,493,78,22,3.549192,0.042455,1.5770
8,100,9.8800,494,78,22,2.268680,0.028858,1.5754
8,100,9.9000,495,93,7,2.149566,0.026800,1.5737
8,100,9.9200,496,93,7,1.943044,0.024810,1.5704
8,100,9.9400,497,93,7,1.895302,0.023703,1.5671
8,100,9.9600,498,93,7,1.836365,0.022787,1.5641
8,100,9.9800,499,93,7,1.786895,0.022448,1.5611
8,100,10.0000,500,93,7,1.746814,0.023416,1.5564
8,100,10.0200,501,93,7,1.716831,0.024651,1.5502
8,100,10.0400,502,93,7,1.697606,0.026202,1.5427
8,100,10.0600,503,93,7,1.689660,0.027991,1.5339
8,100,10.0800,504,93,7,1.517465,0.028185,1.5234
8,100,10.1000,505,91,9,1.443918,0.029570,1.5112
8,100,10.1200,506,91,9,1.370979,0.030324,1.5043
8,100,10.1400,507,91,9,1.295717,0.030353,1.5043
8,100,10.1600,508,91,9,1.219045,0.030286,1.5043
8,100,10.1800,509,91,9,1.198903,0.030625,1.5043
8,100,10.2000,510,91,9,1.334358,0.031056,1.5043
8,100,10.2200,511,91,9,1.474524,0.028550,1.5043
8,100,10.2400,512,91,9,0.763480,0.013669,1.5043
8,100,10.2600,513,91,9,0.668698,0.009599,1.5043
8,100,10.2800,514,91,9,0.569601,0.007438,1.5043
8,100,10.3000,515,91,9,0.470932,0.006659,1.5043
8,100,10.3200,516,91,9,0.373546,0.005604,1.5043
8,100,10.3400,517,91,9,0.277416,0.004133,1.5043
8,100,10.3600,518,91,9,0.184592,0.002593,1.5043
8,100,10.3800,519,91,9,0.108466,0.001406,1.5043
8,100,10.4000,520,91,9,0.063728,0.000865,1.5043
8,100,10.4200,521,91,9,0.023391,0.000604,1.5043
8,100,10.4400,522,91,9,0.054634,0.000893,1.5043
8,100,10.4600,523,91,9,0.107990,0.001303,1.5043
8,100,10.4801,524,91,9,0.162720,0.001734,1.5043
8,100,10.5001,525,91,9,0.218158,0.002237,1.5043
8,100,10.5201,526,91,9,0.274637,0.002804,1.5043
8,100,10.5401,527,98,2,0.332354,0.003324,1.5043
8,100,10.5601,528,98,2,0.295516,0.002955,1.5043
8,100,10.5801,529,98,2,0.278482,0.002785,1.5043
8,100,10.6001,530,99,1,0.294329,0.002943,1.5043
8,100,10.6201,531,99,1,0.304977,0.003050,1.5043
8,100,10.6401,532,99,1,0.323048,0.003230,1.5043
8,100,10.6601,533,99,1,0.344571,0.003446,1.5043
8,100,10.6801,534,99,1,0.370855,0.003709,1.5043
8,100,10.7001,535,99,1,0.401897,0.004019,1.5043
8,100,10.7201,536,99,1,0.438282,0.004383,1.5043
8,100,10.7401,537,99,1,0.480509,0.004805,1.5043
8,100,10.7601,538,99,1,0.529291,0.005293,1.5043
8,100,10.7801,539,99,1,0.586678,0.005867,1.5043
8,100,10.8001,540,99,1,0.656787,0.006568,1.5043
8,100,10.8201,541,99,1,0.736521,0.007365,1.5043
8,100,10.8401,542,99,1,0.823453,0.008235,1.5043
8,100,10.8601,543,99,1,0.913295,0.009133,1.5043
8,100,10.8801,544,99,1,1.006691,0.010067,1.5043
8,100,10.9001,545,99,1,1.103634,0.011036,1.5043
8,100,10.9201,546,99,1,1.204535,0.012045,1.5043
8,100,10.9401,547,99,1,0.528305,0.005283,1.5043
8,100,10.9601,548,99,1,0.233664,0.002337,1.5043
8,100,10.9801,549,99,1,0.139772,0.001398,1.5043
8,100,11.0001,550,99,1,0.057458,0.000575,1.5043
8,100,11.0201,551,99,1,0.009088,0.000091,1.5043
8,100,11.0401,552,99,1,0.012502,0.000125,1.5043
8,100,11.0601,553,99,1,0.005222,0.000052,1.5043
8,100,11.0801,554,99,1,0.000475,0.000005,1.5043
8,100,11.1001,555,99,1,0.001226,0.000012,1.5043
8,100,11.1201,556,99,1,0.000450,0.000005,1.5043
8,100,11.1401,557,99,1,0.000376,0.000004,1.5043
8,100,11.1601,558,99,1,0.000148,0.000001,1.5043
8,100,11.1801,559,99,1,0.000067,0.000001,1.5043
8,100,11.2001,560,99,1,0.000002,0.000000,1.5043
8,100,11.2201,561,99,1,0.000009,0.000000,1.5043
8,100,11.2401,562,99,1,0.000028,0.000000,1.5043
8,100,11.2601,563,99,1,0.000015,0.000000,1.5043
8,100,11.2801,564,99,1,0.000020,0.000000,1.5043
8,100,11.3001,565,100,0,0.000000,0.000000,1.5043
9,100,0.0200,1,0,100,0.195961,0.188467,99.4961
9,100,0.0400,2,0,100,0.391882,0.370531,99.4882
9,100,0.0600,3,0,100,0.587765,0.545503,99.4765
9,100,0.0800,4,0,100,0.783608,0.712582,99.4608
9,100,0.1000,5,0,100,0.979412,0.870970,99.4412
9,100,0.1200,6,0,100,1.175177,1.019861,99.4177
9,100,0.1400,7,0,100,1.370903,1.158439,99.3903
9,100,0.1600,8,0,100,1.566589,1.285882,99.3590
9,100,0.1800,9,0,100,1.762237,1.401369,99.3237
9,100,0.2000,10,0,100,1.957845,1.504103,99.2846
9,100,0.2200,11,0,100,2.153414,1.593327,99.2415
9,100,0.2400,12,0,100,2.348942,1.668338,99.1945
9,100,0.2600,13,0,100,2.544428,1.728501,99.1436
9,100,0.2800,14,0,100,2.739864,1.773256,99.0888
9,100,0.3000,15,0,100,2.935195,1.802168,99.0301
9,100,0.3200,16,0,100,3.130335,1.815095,98.9675
9,100,0.3400,17,0,100,3.324965,1.812483,98.9010
9,100,0.3600,18,0,100,3.518369,1.795596,98.8306
9,100,0.3800,19,0,100,3.709031,1.766172,98.7564
9,100,0.4000,20,0,100,3.894050,1.726098,98.6785
9,100,0.4200,21,0,100,4.068347,1.677287,98.5971
9,100,0.4400,22,0,100,4.223738,1.621500,98.5125
9,100,0.4600,23,0,100,4.348034,1.560552,98.4253
9,100,0.4800,24,0,100,4.424396,1.496143,98.3365
9,100,0.5000,25,0,100,4.431233,1.431309,98.2475
9,100,0.5200,26,0,100,4.342925,1.369307,98.1600
9,100,0.5400,27,0,100,4.131585,1.314116,98.0767
9,100,0.5600,28,0,100,3.769978,1.270766,98.0005
9,100,0.5800,29,0,100,3.235634,1.245738,97.9351
9,100,0.6000,30,0,100,2.517728,1.248137,97.8845
9,100,0.6200,31,0,100,2.836543,1.293546,97.8531
9,100,0.6400,32,0,100,3.267365,1.424197,97.8452
9,100,0.6600,33,0,100,3.746947,1.701141,97.8647
9,100,0.6800,34,0,100,4.293106,1.992419,97.9148
9,100,0.7000,35,0,100,4.948092,2.258191,97.9968
9,100,0.7200,36,0,100,5.916264,2.486508,98.1114
9,100,0.7400,37,0,100,7.424482,2.668058,98.2573
9,100,0.7600,38,0,100,8.763440,2.794968,98.4316
9,100,0.7800,39,0,100,9.882883,2.861427,98.6293
9,100,0.8000,40,0,100,10.705153,2.869756,98.8443
9,100,0.8200,41,0,100,11.207397,2.827141,99.0694
9,100,0.8400,42,0,100,11.294800,2.744720,99.2967
9,100,0.8600,43,0,100,11.110308,2.660538,99.5188
9,100,0.8800,44,0,100,10.914447,2.587193,99.7359
9,100,0.9000,45,0,100,10.717389,2.520098,99.9491
9,100,0.9200,46,0,100,10.520412,2.458275,100.1582
9,100,0.9400,47,0,100,10.323517,2.400538,100.3634
9,100,0.9600,48,0,100,10.126705,2.345653,100.5647
9,100,0.9800,49,0,100,9.929980,2.292910,100.7620
9,100,1.0000,50,0,100,9.733347,2.242756,100.9553
9,100,1.0200,51,0,100,9.536805,2.193316,101.1447
9,100,1.0400,52,0,100,9.340360,2.145177,101.3301
9,100,1.0600,53,0,100,9.144014,2.097936,101.5116
9,100,1.0800,54,0,100,8.947773,2.051621,101.6891
9,100,1.1000,55,0,100,8.751639,2.006184,101.8627
9,100,1.1200,56,0,100,8.555619,1.961713,102.0323
9,100,1.1400,57,0,100,8.359716,1.917434,102.1979
9,100,1.1600,58,0,100,8.163938,1.873564,102.3596
9,100,1.1800,59,0,100,7.968290,1.832867,102.5174
9,100,1.2000,60,0,100,7.772777,1.793605,102.6712
9,100,1.2200,61,0,100,7.577409,1.757286,102.8210
9,100,1.2400,62,0,100,7.382194,1.719356,102.9669
9,100,1.2600,63,0,100,7.187140,1.679770,103.1089
9,100,1.2800,64,0,100,6.992257,1.640211,103.2469
9,100,1.3000,65,0,100,6.797557,1.609343,103.3809
9,100,1.3200,66,0,100,6.603052,1.578951,103.5110
9,100,1.3400,67,0,100,6.408757,1.551477,103.6372
9,100,1.3600,68,0,100,6.214689,1.529620,103.7594
9,100,1.3800,69,0,100,6.020864,1.515839,103.8777
9,100,1.4000,70,0,100,5.827302,1.496810,103.9920
9,100,1.4200,71,0,100,5.634028,1.473045,104.1024
9,100,1.4400,72,0,100,5.441067,1.450476,104.2089
9,100,1.4600,73,0,100,5.248450,1.438876,104.3114
9,100,1.4800,74,0,100,5.056211,1.417921,104.4100
9,100,1.5000,75,0,100,4.864389,1.411445,104.5046
9,100,1.5200,76,0,100,4.673032,1.385912,104.5953
9,100,1.5400,77,0,100,4.482193,1.366910,104.6820
9,100,1.5600,78,0,100,4.291938,1.364116,104.7648
9,100,1.5800,79,0,100,4.102340,1.341015,104.8437
9,100,1.6000,80,0,100,3.913489,1.336427,104.9187
9,100,1.6200,81,0,100,3.998865,1.308747,104.9897
9,100,1.6400,82,0,100,3.951796,1.303181,105.0568
9,100,1.6600,83,0,100,4.143837,1.274316,105.1199
9,100,1.6800,84,0,100,4.116158,1.268733,105.1791
9,100,1.7000,85,0,100,4.308233,1.238291,105.2344
9,100,1.7200,86,0,100,4.263515,1.231839,105.2858
9,100,1.7400,87,0,100,4.455736,1.213116,105.3332
9,100,1.7600,88,0,100,4.648160,1.207551,105.3767
9,100,1.7800,89,0,100,4.565919,1.169538,105.4163
9,100,1.8000,90,0,100,4.758475,1.179217,105.4519
9,100,1.8200,91,0,100,4.654755,1.175776,105.4836
9,100,1.8400,92,0,100,4.847330,1.164247,105.5114
9,100,1.8600,93,0,100,4.724811,1.172027,105.5353
9,100,1.8800,94,0,100,4.917367,1.188766,105.5552
9,100,1.9000,95,0,100,5.110071,1.195308,105.5712
9,100,1.9200,96,0,100,4.971472,1.215781,105.5833
9,100,1.9400,97,0,100,5.164143,1.249365,105.5915
9,100,1.9600,98,0,100,5.356941,1.270831,105.5957
9,100,1.9800,99,0,100,5.549850,1.298053,105.5961
9,100,2.0000,100,0,100,5.398090,1.331529,105.5925
9,100,2.0200,101,0,100,5.590967,1.373294,105.5850
9,100,2.0400,102,0,100,5.783940,1.406958,105.5736
9,100,2.0600,103,0,100,5.976996,1.455478,105.5582
9,100,2.0800,104,0,100,5.816504,1.501374,105.5390
9,100,2.1000,105,0,100,6.009541,1.550736,105.5158
9,100,2.1200,106,0,100,6.202650,1.591293,105.4887
9,100,2.1400,107,0,100,6.395821,1.642250,105.4577
9,100,2.1600,108,0,100,6.227920,1.692128,105.4228
9,100,2.1800,109,0,100,6.421110,1.747196,105.3840
9,100,2.2000,110,0,100,6.614352,1.787048,105.3412
9,100,2.2200,111,0,100,6.807637,1.835032,105.2946
9,100,2.2400,112,0,100,7.000959,1.886217,105.2440
9,100,2.2600,113,0,100,6.824342,1.935730,105.1896
9,100,2.2800,114,0,100,7.017737,1.977611,105.1312
9,100,2.3000,115,0,100,7.211158,2.027521,105.0689
9,100,2.3200,116,0,100,7.404602,2.082044,105.0027
9,100,2.3400,117,0,100,7.598062,2.139419,104.9326
9,100,2.3600,118,0,100,7.411359,2.192357,104.8586
9,100,2.3800,119,0,100,7.604950,2.239092,104.7807
9,100,2.4000,120,0,100,7.798549,2.294568,104.6989
9,100,2.4200,121,0,100,7.992148,2.355426,104.6132
9,100,2.4400,122,0,100,8.185749,2.420407,104.5236
9,100,2.4600,123,0,100,7.997931,2.482504,104.4301
9,100,2.4800,124,0,100,8.191708,2.543078,104.3327
9,100,2.5000,125,0,100,8.385474,2.613519,104.2313
9,100,2.5200,126,0,100,8.579226,2.691183,104.1261
9,100,2.5400,127,0,100,8.408241,2.770242,104.0170
9,100,2.5600,128,0,100,8.602170,2.855288,103.9040
9,100,2.5800,129,0,100,8.796076,2.944235,103.7871
9,100,2.6000,130,0,100,8.989958,3.043100,103.6663
9,100,2.6200,131,0,100,8.843155,3.144841,103.5416
9,100,2.6400,132,0,100,9.037141,3.258353,103.4130
9,100,2.6600,133,0,100,9.231096,3.374255,103.2805
9,100,2.6800,134,0,100,9.026234,3.490607,103.1441
9,100,2.7000,135,0,100,9.220113,3.614940,103.0039
9,100,2.7200,136,0,100,9.413964,3.737774,102.8597
9,100,2.7400,137,0,100,9.607787,3.863968,102.7117
9,100,2.7600,138,0,100,9.445602,3.993389,102.5597
9,100,2.7800,139,0,100,9.639151,4.130158,102.4039
9,100,2.8000,140,0,100,9.832682,4.270951,102.2442
9,100,2.8200,141,0,100,10.026192,4.413789,102.0806
9,100,2.8400,142,0,100,10.219684,4.556917,101.9131
9,100,2.8600,143,0,100,10.413155,4.700329,101.7417
9,100,2.8800,144,0,100,10.606602,4.845728,101.5664
9,100,2.9000,145,0,100,10.800027,4.990927,101.3873
9,100,2.9200,146,0,100,10.993426,5.135964,101.2043
9,100,2.9400,147,0,100,11.186803,5.281049,101.0174
9,100,2.9600,148,0,100,11.380154,5.427549,100.8266
9,100,2.9800,149,0,100,11.573479,5.575618,100.6319
9,100,3.0000,150,0,100,11.766776,5.724958,100.4333
9,100,3.0200,151,0,100,11.960048,5.876145,100.2309
9,100,3.0400,152,0,100,12.153291,6.028780,100.0246
9,100,3.0600,153,0,100,11.999165,6.179900,99.8144
9,100,3.0800,154,0,100,12.192020,6.333574,99.6003
9,100,3.1000,155,0,100,12.384860,6.488654,99.3824
9,100,3.1200,156,0,100,12.577682,6.645592,99.1606
9,100,3.1400,157,0,100,12.770486,6.803844,98.9349
9,100,3.1600,158,0,100,12.963271,6.963639,98.7053
9,100,3.1800,159,0,100,13.156035,7.123904,98.4719
9,100,3.2000,160,0,100,13.348780,7.284677,98.2345
9,100,3.2200,161,0,100,13.541500,7.446302,97.9934
9,100,3.2400,162,0,100,13.734200,7.608538,97.7483
9,100,3.2600,163,0,100,13.926876,7.771115,97.4994
9,100,3.2800,164,0,100,14.119529,7.933971,97.2466
9,100,3.3000,165,0,100,14.312159,8.097190,96.9899
9,100,3.3200,166,0,100,14.504762,8.261071,96.7294
9,100,3.3400,167,0,100,14.697341,8.425440,96.4650
9,100,3.3600,168,0,100,14.889894,8.589544,96.1967
9,100,3.3800,169,0,100,15.082419,8.754156,95.9246
9,100,3.4000,170,0,100,15.274920,8.919114,95.6486
9,100,3.4200,171,0,100,15.467393,9.083665,95.3687
9,100,3.4400,172,0,100,15.659837,9.248535,95.0850
9,100,3.4600,173,0,100,15.852253,9.414206,94.7974
9,100,3.4800,174,0,100,16.044641,9.580587,94.5060
9,100,3.5000,175,0,100,16.237001,9.748390,94.2106
9,100,3.5200,176,0,100,16.429331,9.917192,93.9115
9,100,3.5400,177,0,100,16.621632,10.086286,93.6084
9,100,3.5600,178,0,100,16.813904,10.255649,93.3016
9,100,3.5800,179,0,100,17.006144,10.425467,92.9908
9,100,3.6000,180,0,100,17.198357,10.595530,92.6762
9,100,3.6200,181,0,100,17.390535,10.765612,92.3577
9,100,3.6400,182,0,100,17.582684,10.935409,92.0354
9,100,3.6600,183,0,100,17.774803,11.105139,91.7093
9,100,3.6800,184,0,100,17.661341,11.270644,91.3792
9,100,3.7000,185,0,100,17.853357,11.438712,91.0454
9,100,3.7200,186,0,100,18.045343,11.607475,90.7076
9,100,3.7400,187,0,100,18.237303,11.776497,90.3660
9,100,3.7600,188,0,100,18.429230,11.945902,90.0206
9,100,3.7800,189,0,100,18.621128,12.116039,89.6713
9,100,3.8000,190,0,100,18.812994,12.287149,89.3182
9,100,3.8200,191,0,100,19.004831,12.458676,88.9612
9,100,3.8400,192,0,100,19.196636,12.630375,88.6004
9,100,3.8600,193,0,100,19.388411,12.802152,88.2357
9,100,3.8800,194,0,100,19.580153,12.974070,87.8672
9,100,3.9000,195,0,100,19.771864,13.146324,87.4948
9,100,3.9200,196,0,100,19.963543,13.318622,87.1186
9,100,3.9400,197,0,100,20.155190,13.491037,86.7386
9,100,3.9600,198,0,100,20.346804,13.663577,86.3547
9,100,3.9800,199,0,100,20.538389,13.836056,85.9669
9,100,4.0000,200,0,100,20.729939,14.008406,85.5753
9,100,4.0200,201,0,100,20.921455,14.180864,85.1799
9,100,4.0400,202,0,100,21.112940,14.353391,84.7807
9,100,4.0600,203,0,100,21.304392,14.525992,84.3775
9,100,4.0800,204,0,100,21.495813,14.699280,83.9706
9,100,4.1000,205,0,100,21.687197,14.873735,83.5598
9,100,4.1200,206,0,100,21.878548,15.046700,83.1452
9,100,4.1400,207,0,100,22.069868,15.219682,82.7268
9,100,4.1600,208,0,100,22.261152,15.393380,82.3045
9,100,4.1800,209,0,100,22.452402,15.566890,81.8783
9,100,4.2000,210,0,100,22.643623,15.740046,81.4484
9,100,4.2200,211,0,100,22.834805,15.912703,81.0146
9,100,4.2400,212,0,100,23.025955,16.085369,80.5770
9,100,4.2600,213,0,100,23.217070,16.258291,80.1355
9,100,4.2800,214,0,100,23.408152,16.431921,79.6902
9,100,4.3000,215,0,100,23.599199,16.605158,79.2411
9,100,4.3200,216,0,100,23.790213,16.779051,78.7882
9,100,4.3400,217,0,100,23.981192,16.953432,78.3314
9,100,4.3600,218,0,100,24.000645,17.127779,77.8708
9,100,4.3800,219,0,100,24.191534,17.301620,77.4064
9,100,4.4000,220,0,100,24.382387,17.475384,76.9381
9,100,4.4200,221,0,100,24.573210,17.651516,76.4660
9,100,4.4400,222,0,100,24.764000,17.824591,75.9901
9,100,4.4600,223,0,100,24.954754,17.994152,75.5104
9,100,4.4800,224,0,100,25.145473,18.163696,75.0268
9,100,4.5000,225,0,100,25.336159,18.342113,74.5395
9,100,4.5200,226,0,100,25.526812,18.512970,74.0483
9,100,4.5400,227,0,100,25.717430,18.684338,73.5533
9,100,4.5600,228,0,100,25.908010,18.854780,73.0544
9,100,4.5800,229,0,100,26.098560,19.028929,72.5518
9,100,4.6000,230,0,100,26.289072,19.201401,72.0453
9,100,4.6200,231,0,100,26.479548,19.375944,71.5350
9,100,4.6400,232,0,100,26.669992,19.476177,71.0209
9,100,4.6600,233,0,100,26.860401,19.506254,70.5030
9,100,4.6800,234,0,100,27.050776,19.390953,69.9812
9,100,4.7000,235,0,100,27.241116,19.538431,69.4557
9,100,4.7200,236,0,100,27.431419,19.378263,68.9263
9,100,4.7400,237,0,100,27.621687,19.144871,68.3931
9,100,4.7600,238,0,100,27.811922,19.146263,67.8561
9,100,4.7800,239,0,100,28.002119,19.268944,67.3153
9,100,4.8000,240,0,100,28.192284,19.415445,66.7707
9,100,4.8200,241,0,100,28.382410,19.332344,66.2222
9,100,4.8400,242,0,100,28.572502,19.261578,65.6700
9,100,4.8600,243,0,100,28.762558,19.245241,65.1139
9,100,4.8800,244,0,100,28.952583,19.323315,64.5541
9,100,4.9000,245,0,100,29.142569,19.372812,63.9904
9,100,4.9200,246,0,100,29.332518,19.382042,63.4230
9,100,4.9400,247,0,100,29.522432,19.380535,62.8517
9,100,4.9600,248,0,100,29.712313,19.182623,62.2766
9,100,4.9800,249,0,100,29.902155,19.257689,61.6977
9,100,5.0000,250,0,100,30.091963,19.343103,61.1150
9,100,5.0200,251,0,100,30.281736,19.447302,60.5285
9,100,5.0400,252,0,100,30.471472,19.568090,59.9382
9,100,5.0600,253,0,100,30.661171,19.670000,59.3441
9,100,5.0800,254,0,100,30.850838,19.567560,58.7462
9,100,5.1000,255,0,100,31.040466,19.499079,58.1445
9,100,5.1200,256,0,100,31.230059,19.574905,57.5390
9,100,5.1400,257,0,100,31.419617,19.712196,56.9298
9,100,5.1600,258,0,100,31.609138,19.821922,56.3167
9,100,5.1800,259,0,100,31.798622,19.908728,55.6998
9,100,5.2000,260,0,100,31.988071,19.964008,55.0791
9,100,5.2200,261,0,100,32.177486,20.016352,54.4546
9,100,5.2400,262,0,100,32.366863,20.022316,53.8263
9,100,5.2600,263,0,100,32.556202,19.927217,53.1943
9,100,5.2800,264,0,100,32.745510,19.610781,52.5584
9,100,5.3000,265,0,100,32.934776,19.587433,51.9188
9,100,5.3200,266,1,99,33.124012,19.396078,51.2753
9,100,5.3400,267,3,97,33.313206,19.274931,50.6281
9,100,5.3600,268,3,97,33.330925,19.334663,49.9771
9,100,5.3800,269,3,97,33.522373,19.166403,49.3223
9,100,5.4000,270,3,97,33.660328,19.059303,48.6637
9,100,5.4200,271,3,97,33.849411,18.821827,48.0013
9,100,5.4400,272,3,97,34.038456,18.508047,47.3351
9,100,5.4600,273,1,99,34.227467,18.429152,46.6651
9,100,5.4800,274,0,100,34.416439,17.865009,45.9914
9,100,5.5000,275,0,100,34.605377,17.700737,45.3139
9,100,5.5200,276,0,100,34.794281,17.484125,44.6326
9,100,5.5400,277,0,100,34.983143,17.355591,43.9475
9,100,5.5600,278,0,100,35.171974,17.217003,43.2586
9,100,5.5800,279,0,100,35.360767,17.055458,42.5659
9,100,5.6000,280,0,100,35.549522,16.899851,41.8695
9,100,5.6200,281,0,100,35.738243,16.480162,41.1693
9,100,5.6400,282,0,100,35.926926,16.179932,40.4653
9,100,5.6600,283,0,100,36.115574,15.995441,39.7575
9,100,5.6800,284,0,100,36.304184,15.687365,39.0459
9,100,5.7000,285,1,99,36.492760,15.522855,38.3306
9,100,5.7200,286,2,98,36.681297,15.330463,37.6115
9,100,5.7400,287,2,98,36.869801,15.054749,36.8886
9,100,5.7600,288,2,98,37.058266,14.997175,36.1620
9,100,5.7800,289,2,98,37.246693,14.881277,35.4315
9,100,5.8000,290,2,98,37.435089,14.764933,34.6973
9,100,5.8200,291,2,98,37.623444,14.603207,33.9593
9,100,5.8400,292,2,98,37.811764,14.359089,33.2176
9,100,5.8600,293,3,97,38.000046,14.034371,32.4721
9,100,5.8800,294,2,98,38.188293,13.649275,31.7228
9,100,5.9000,295,1,99,38.376503,13.330771,30.9697
9,100,5.9200,296,1,99,38.564678,13.179320,30.2129
9,100,5.9400,297,1,99,38.752815,13.114409,29.4523
9,100,5.9600,298,1,99,38.940918,13.127611,28.6879
9,100,5.9800,299,1,99,39.128983,13.071351,27.9198
9,100,6.0000,300,1,99,39.317009,13.054762,27.1479
9,100,6.0200,301,1,99,39.505001,12.599627,26.3723
9,100,6.0400,302,2,98,39.692955,12.301318,25.5928
9,100,6.0600,303,2,98,39.880875,12.194131,24.8096
9,100,6.0800,304,2,98,40.068756,12.177870,24.0227
9,100,6.1000,305,1,99,40.256599,11.581333,23.2320
9,100,6.1200,306,1,99,40.444408,11.109954,22.4375
9,100,6.1400,307,2,98,40.632179,10.989196,21.6393
9,100,6.1600,308,2,98,40.819916,10.869798,20.8373
9,100,6.1800,309,2,98,41.007614,10.731424,20.0315
9,100,6.2000,310,2,98,41.195274,10.658553,19.2220
9,100,6.2200,311,1,99,41.382900,10.416581,18.4088
9,100,6.2400,312,1,99,41.570488,10.365881,17.5917
9,100,6.2600,313,1,99,41.758041,10.356030,16.7710
9,100,6.2800,314,2,98,41.945557,10.209663,15.9464
9,100,6.3000,315,2,98,42.133034,9.850595,15.1181
9,100,6.3200,316,3,97,42.320480,9.297869,14.2861
9,100,6.3400,317,3,97,42.507881,8.863254,13.4503
9,100,6.3600,318,3,97,42.448177,8.311091,12.6107
9,100,6.3800,319,3,97,42.635567,7.316058,11.7675
9,100,6.4000,320,4,96,42.822914,6.299445,10.9204
9,100,6.4200,321,4,96,42.789013,5.567135,10.0696
9,100,6.4400,322,5,95,42.976341,5.228326,9.2151
9,100,6.4600,323,5,95,43.163639,4.902182,8.3568
9,100,6.4800,324,7,93,43.191479,4.650953,7.4947
9,100,6.5000,325,7,93,43.378735,4.337129,6.6289
9,100,6.5200,326,7,93,43.509525,4.010315,5.7594
9,100,6.5400,327,7,93,30.850569,3.750955,5.0307
9,100,6.5600,328,8,92,24.759827,3.531325,4.5593
9,100,6.5800,329,7,93,26.331999,3.484533,4.1716
9,100,6.6000,330,7,93,22.695974,3.451009,3.8453
9,100,6.6200,331,7,93,17.440374,3.290659,3.8135
9,100,6.6400,332,10,90,17.595255,3.191839,3.8657
9,100,6.6600,333,10,90,16.132593,3.006432,3.9140
9,100,6.6800,334,10,90,13.030295,2.785237,3.9583
9,100,6.7000,335,11,89,11.840005,2.678133,3.9987
9,100,6.7200,336,11,89,11.805761,2.550124,4.0352
9,100,6.7400,337,12,88,11.774701,2.484884,4.0678
9,100,6.7600,338,13,87,11.746845,2.425467,4.0965
9,100,6.7800,339,13,87,11.722216,2.383902,4.1212
9,100,6.8000,340,13,87,11.700831,2.312327,4.1420
9,100,6.8200,341,13,87,11.682706,2.272358,4.1588
9,100,6.8400,342,13,87,11.667855,2.232289,4.1718
9,100,6.8600,343,13,87,11.656288,2.208083,4.1808
9,100,6.8800,344,12,88,11.648013,2.121025,4.1859
9,100,6.9000,345,12,88,11.643035,2.089208,4.1871
9,100,6.9200,346,13,87,11.641355,2.016312,4.1844
9,100,6.9400,347,12,88,11.642975,1.942495,4.1777
9,100,6.9600,348,11,89,11.647889,1.859620,4.1672
9,100,6.9800,349,14,86,11.656093,1.794727,4.1527
9,100,7.0000,350,14,86,11.667577,1.703420,4.1343
9,100,7.0200,351,15,85,11.682329,1.635782,4.1120
9,100,7.0400,352,14,86,11.700336,1.603035,4.0857
9,100,7.0600,353,14,86,11.721580,1.570178,4.0556
9,100,7.0800,354,14,86,11.746042,1.522030,4.0215
9,100,7.1000,355,15,85,11.773700,1.470030,3.9836
9,100,7.1200,356,15,85,11.804529,1.419184,3.9417
9,100,7.1400,357,15,85,11.838502,1.393240,3.8959
9,100,7.1600,358,16,84,11.875591,1.355025,3.8462
9,100,7.1800,359,16,84,11.915766,1.298077,3.7926
9,100,7.2000,360,16,84,11.958990,1.246658,3.7351
9,100,7.2200,361,16,84,12.005233,1.208969,3.6736
9,100,7.2400,362,16,84,12.054456,1.190410,3.6083
9,100,7.2600,363,16,84,12.106621,1.157939,3.5390
9,100,7.2800,364,15,85,12.161687,1.137015,3.4659
9,100,7.3000,365,16,84,12.219616,1.091052,3.3888
9,100,7.3200,366,17,83,12.280362,1.065537,3.3079
9,100,7.3400,367,17,83,12.343884,1.026637,3.2230
9,100,7.3600,368,20,80,12.410137,0.984463,3.1343
9,100,7.3800,369,21,79,12.479076,0.971286,3.0416
9,100,7.4000,370,21,79,12.550653,0.947373,2.9450
9,100,7.4200,371,21,79,12.624825,0.929679,2.8446
9,100,7.4400,372,22,78,12.701539,0.911195,2.7402
9,100,7.4600,373,22,78,12.780754,0.895012,2.6320
9,100,7.4800,374,22,78,12.862418,0.859730,2.5198
9,100,7.5000,375,22,78,12.946485,0.812895,2.4037
9,100,7.5200,376,24,76,13.032904,0.787931,2.2838
9,100,7.5400,377,27,73,13.121630,0.744040,2.1599
9,100,7.5600,378,27,73,13.212611,0.725303,2.0322
9,100,7.5800,379,27,73,13.305803,0.707577,1.9006
9,100,7.6000,380,27,73,13.401156,0.700042,1.8188
9,100,7.6200,381,26,74,13.498623,0.675453,1.8178
9,100,7.6400,382,26,74,13.598157,0.648493,1.8167
9,100,7.6600,383,29,71,13.699711,0.639675,1.8155
9,100,7.6800,384,27,73,13.803239,0.629667,1.8141
9,100,7.7000,385,28,72,13.908695,0.618980,1.8127
9,100,7.7200,386,28,72,14.016034,0.612712,1.8111
9,100,7.7400,387,43,57,10.819666,0.552937,1.8093
9,100,7.7600,388,44,56,10.808323,0.541525,1.8073
9,100,7.7800,389,44,56,10.800531,0.533984,1.8051
9,100,7.8000,390,44,56,10.796295,0.531118,1.8027
9,100,7.8200,391,46,54,10.795618,0.522502,1.8000
9,100,7.8400,392,46,54,10.798495,0.498982,1.7970
9,100,7.8600,393,47,53,10.804924,0.495891,1.7935
9,100,7.8800,394,49,51,10.814898,0.488027,1.7897
9,100,7.9000,395,49,51,10.828400,0.486157,1.7854
9,100,7.9200,396,50,50,10.845419,0.475207,1.7806
9,100,7.9400,397,50,50,9.911439,0.460573,1.7752
9,100,7.9600,398,51,49,9.874729,0.459413,1.7692
9,100,7.9800,399,51,49,9.841805,0.456768,1.7625
9,100,8.0000,400,52,48,9.812704,0.445375,1.7549
9,100,8.0200,401,53,47,9.787457,0.437720,1.7465
9,100,8.0400,402,53,47,9.766092,0.422849,1.7370
9,100,8.0600,403,53,47,9.748632,0.418387,1.7264
9,100,8.0800,404,55,45,9.735097,0.410755,1.7145
9,100,8.1000,405,58,42,9.725498,0.410161,1.7011
9,100,8.1200,406,58,42,9.719848,0.397845,1.6928
9,100,8.1400,407,58,42,9.718148,0.392680,1.6888
9,100,8.1600,408,58,42,9.720401,0.388188,1.6843
9,100,8.1800,409,58,42,9.726598,0.386639,1.6789
9,100,8.2000,410,58,42,9.736732,0.368714,1.6724
9,100,8.2200,411,59,41,9.750788,0.366906,1.6645
9,100,8.2400,412,59,41,9.768745,0.365708,1.6550
9,100,8.2600,413,59,41,9.790583,0.365806,1.6440
9,100,8.2800,414,59,41,9.604371,0.365017,1.6312
9,100,8.3000,415,60,40,9.572018,0.361996,1.6235
9,100,8.3200,416,60,40,9.543597,0.359128,1.6222
9,100,8.3400,417,61,39,9.519144,0.340835,1.6211
9,100,8.3600,418,61,39,9.498685,0.319571,1.6200
9,100,8.3800,419,61,39,9.482244,0.317426,1.6186
9,100,8.4000,420,63,37,9.469839,0.304264,1.6178
9,100,8.4200,421,63,37,9.461484,0.300277,1.6175
9,100,8.4400,422,64,36,9.457187,0.286486,1.6173
9,100,8.4600,423,64,36,9.456951,0.282238,1.6171
9,100,8.4800,424,64,36,9.460775,0.279121,1.6168
9,100,8.5000,425,64,36,9.468651,0.260185,1.6167
9,100,8.5200,426,64,36,9.480566,0.253886,1.6165
9,100,8.5400,427,65,35,9.496502,0.249605,1.6153
9,100,8.5600,428,65,35,9.516438,0.246082,1.6149
9,100,8.5800,429,65,35,9.540344,0.243291,1.6146
9,100,8.6000,430,66,34,9.568191,0.236812,1.6142
9,100,8.6200,431,70,30,9.599939,0.234805,1.6130
9,100,8.6400,432,70,30,7.999916,0.217595,1.6125
9,100,8.6600,433,70,30,7.869766,0.215437,1.6119
9,100,8.6800,434,70,30,7.805945,0.209924,1.6112
9,100,8.7000,435,70,30,7.746595,0.207894,1.6094
9,100,8.7200,436,70,30,7.691815,0.206969,1.6084
9,100,8.7400,437,70,30,7.641702,0.206794,1.6075
9,100,8.7600,438,71,29,7.596344,0.207277,1.6053
9,100,8.7800,439,71,29,7.555825,0.194440,1.6038
9,100,8.8000,440,71,29,7.520218,0.177645,1.6023
9,100,8.8200,441,72,28,7.489593,0.174545,1.5992
9,100,8.8400,442,72,28,7.464006,0.173114,1.5967
9,100,8.8600,443,73,27,7.443506,0.169624,1.5960
9,100,8.8800,444,74,26,7.428132,0.167439,1.5957
9,100,8.9000,445,74,26,7.417913,0.165474,1.5959
9,100,8.9200,446,74,26,7.412868,0.163776,1.5960
9,100,8.9400,447,74,26,7.413003,0.162520,1.5963
9,100,8.9600,448,74,26,7.418316,0.142949,1.5968
9,100,8.9800,449,74,26,7.428792,0.140873,1.5973
9,100,9.0000,450,74,26,7.444406,0.139347,1.5977
9,100,9.0200,451,74,26,7.465123,0.138092,1.5982
9,100,9.0400,452,74,26,7.490898,0.137139,1.5986
9,100,9.0600,453,74,26,7.521675,0.136545,1.5989
9,100,9.0800,454,74,26,7.557391,0.136304,1.5991
9,100,9.1000,455,74,26,7.597972,0.137137,1.5993
9,100,9.1200,456,74,26,7.643338,0.138282,1.5995
9,100,9.1400,457,74,26,7.693402,0.139734,1.5997
9,100,9.1600,458,74,26,7.748069,0.125057,1.5999
9,100,9.1800,459,74,26,7.807241,0.124536,1.6000
9,100,9.2000,460,74,26,5.917795,0.105016,1.6000
9,100,9.2200,461,75,25,5.790264,0.099755,1.6001
9,100,9.2400,462,75,25,5.724409,0.098226,1.6001
9,100,9.2600,463,75,25,5.664610,0.096583,1.6000
9,100,9.2800,464,75,25,5.611056,0.095082,1.5999
9,100,9.3000,465,75,25,5.563924,0.093752,1.5997
9,100,9.3200,466,75,25,5.523374,0.092657,1.5996
9,100,9.3400,467,76,24,5.489546,0.077869,1.5994
9,100,9.3600,468,76,24,5.462564,0.075204,1.5991
9,100,9.3800,469,76,24,5.442523,0.073087,1.5989
9,100,9.4000,470,76,24,5.429495,0.071197,1.5985
9,100,9.4200,471,76,24,5.423529,0.069594,1.5982
9,100,9.4400,472,76,24,5.424643,0.066975,1.5978
9,100,9.4600,473,76,24,5.432827,0.065986,1.5974
9,100,9.4800,474,76,24,5.448046,0.065144,1.5967
9,100,9.5000,475,76,24,5.470237,0.064472,1.5960
9,100,9.5200,476,76,24,3.113624,0.041215,1.5951
9,100,9.5400,477,76,24,3.070817,0.040882,1.5939
9,100,9.5600,478,76,24,3.123448,0.041610,1.5924
9,100,9.5800,479,76,24,3.187246,0.042272,1.5925
9,100,9.6000,480,76,24,3.261548,0.042885,1.5925
9,100,9.6200,481,76,24,3.345648,0.043465,1.5922
9,100,9.6400,482,76,24,2.999348,0.040381,1.5914
9,100,9.6600,483,76,24,2.999171,0.041428,1.5905
9,100,9.6800,484,76,24,3.001704,0.042636,1.5896
9,100,9.7000,485,77,23,3.016987,0.043784,1.5885
9,100,9.7200,486,77,23,3.044821,0.044578,1.5875
9,100,9.7400,487,77,23,3.084857,0.045553,1.5864
9,100,9.7600,488,77,23,3.136623,0.046701,1.5853
9,100,9.7800,489,78,22,3.199540,0.048030,1.5841
9,100,9.8000,490,78,22,3.272960,0.049929,1.5817
9,100,9.8200,491,78,22,3.356187,0.042770,1.5801
9,100,9.8400,492,78,22,3.448502,0.042331,1.5786
9,100,9.8600,493,78,22,3.549192,0.042455,1.5770
9,100,9.8800,494,78,22,2.268680,0.028858,1.5754
9,100,9.9000,495,93,7,2.149566,0.026800,1.5737
9,100,9.9200,496,93,7,1.943044,0.024810,1.5704
9,100,9.9400,497,93,7,1.895302,0.023703,1.5671
9,100,9.9600,498,93,7,1.836365,0.022787,1.5641
9,100,9.9800,499,93,7,1.786895,0.022448,1.5611
9,100,10.0000,500,93,7,1.746814,0.023416,1.5564
9,100,10.0200,501,93,7,1.716831,0.024651,1.5502
9,100,10.0400,502,93,7,1.697606,0.026202,1.5427
9,100,10.0600,503,93,7,1.689660,0.027991,1.5339
9,100,10.0800,504,93,7,1.517465,0.028185,1.5234
9,100,10.1000,505,91,9,1.443918,0.029570,1.5112
9,100,10.1200,506,91,9,1.370979,0.030324,1.5043
9,100,10.1400,507,91,9,1.295717,0.030353,1.5043
9,100,10.1600,508,91,9,1.219045,0.030286,1.5043
9,100,10.1800,509,91,9,1.198903,0.030625,1.5043
9,100,10.2000,510,91,9,1.334358,0.031056,1.5043
9,100,10.2200,511,91,9,1.474524,0.028550,1.5043
9,100,10.2400,512,91,9,0.763480,0.013669,1.5043
9,100,10.2600,513,91,9,0.668698,0.009599,1.5043
9,100,10.2800,514,91,9,0.569601,0.007438,1.5043
9,100,10.3000,515,91,9,0.470932,0.006659,1.5043
9,100,10.3200,516,91,9,0.373546,0.005604,1.5043
9,100,10.3400,517,91,9,0.277416,0.004133,1.5043
9,100,10.3600,518,91,9,0.184592,0.002593,1.5043
9,100,10.3800,519,91,9,0.108466,0.001406,1.5043
9,100,10.4000,520,91,9,0.063728,0.000865,1.5043
9,100,10.4200,521,91,9,0.023391,0.000604,1.5043
9,100,10.4400,522,91,9,0.054634,0.000893,1.5043
9,100,10.4600,523,91,9,0.107990,0.001303,1.5043
9,100,10.4801,524,91,9,0.162720,0.001734,1.5043
9,100,10.5001,525,91,9,0.218158,0.002237,1.5043
9,100,10.5201,526,91,9,0.274637,0.002804,1.5043
9,100,10.5401,527,98,2,0.332354,0.003324,1.5043
9,100,10.5601,528,98,2,0.295516,0.002955,1.5043
9,100,10.5801,529,98,2,0.278482,0.002785,1.5043
9,100,10.6001,530,99,1,0.294329,0.002943,1.5043
9,100,10.6201,531,99,1,0.304977,0.003050,1.5043
9,100,10.6401,532,99,1,0.323048,0.003230,1.5043
9,100,10.6601,533,99,1,0.344571,0.003446,1.5043
9,100,10.6801,534,99,1,0.370855,0.003709,1.5043
9,100,10.7001,535,99,1,0.401897,0.004019,1.5043
9,100,10.7201,536,99,1,0.438282,0.004383,1.5043
9,100,10.7401,537,99,1,0.480509,0.004805,1.5043
9,100,10.7601,538,99,1,0.529291,0.005293,1.5043
9,100,10.7801,539,99,1,0.586678,0.005867,1.5043
9,100,10.8001,540,99,1,0.656787,0.006568,1.5043
9,100,10.8201,541,99,1,0.736521,0.007365,1.5043
9,100,10.8401,542,99,1,0.823453,0.008235,1.5043
9,100,10.8601,543,99,1,0.913295,0.009133,1.5043
9,100,10.8801,544,99,1,1.006691,0.010067,1.5043
9,100,10.9001,545,99,1,1.103634,0.011036,1.5043
9,100,10.9201,546,99,1,1.204535,0.012045,1.5043
9,100,10.9401,547,99,1,0.528305,0.005283,1.5043
9,100,10.9601,548,99,1,0.233664,0.002337,1.5043
9,100,10.9801,549,99,1,0.139772,0.001398,1.5043
9,100,11.0001,550,99,1,0.057458,0.000575,1.5043
9,100,11.0201,551,99,1,0.009088,0.000091,1.5043
9,100,11.0401,552,99,1,0.012502,0.000125,1.5043
9,100,11.0601,553,99,1,0.005222,0.000052,1.5043
9,100,11.0801,554,99,1,0.000475,0.000005,1.5043
9,100,11.1001,555,99,1,0.001226,0.000012,1.5043
9,100,11.1201,556,99,1,0.000450,0.000005,1.5043
9,100,11.1401,557,99,1,0.000376,0.000004,1.5043
9,100,11.1601,558,99,1,0.000148,0.000001,1.5043
9,100,11.1801,559,99,1,0.000067,0.000001,1.5043
9,100,11.2001,560,99,1,0.000002,0.000000,1.5043
9,100,11.2201,561,99,1,0.000009,0.000000,1.5043
9,100,11.2401,562,99,1,0.000028,0.000000,1.5043
9,100,11.2601,563,99,1,0.000015,0.000000,1.5043
9,100,11.2801,564,99,1,0.000020,0.000000,1.5043
9,100,11.3001,565,100,0,0.000000,0.000000,1.5043
10,100,0.0200,1,0,100,0.195961,0.188467,99.4961
10,100,0.0400,2,0,100,0.391882,0.370531,99.4882
10,100,0.0600,3,0,100,0.587765,0.545503,99.4765
10,100,0.0800,4,0,100,0.783608,0.712582,99.4608
10,100,0.1000,5,0,100,0.979412,0.870970,99.4412
10,100,0.1200,6,0,100,1.175177,1.019861,99.4177
10,100,0.1400,7,0,100,1.370903,1.158439,99.3903
10,100,0.1600,8,0,100,1.566589,1.285882,99.3590
10,100,0.1800,9,0,100,1.762237,1.401369,99.3237
10,100,0.2000,10,0,100,1.957845,1.504103,99.2846
10,100,0.2200,11,0,100,2.153414,1.593327,99.2415
10,100,0.2400,12,0,100,2.348942,1.668338,99.1945
10,100,0.2600,13,0,100,2.544428,1.728501,99.1436
10,100,0.2800,14,0,100,2.739864,1.773256,99.0888
10,100,0.3000,15,0,100,2.935195,1.802168,99.0301
10,100,0.3200,16,0,100,3.130335,1.815095,98.9675
10,100,0.3400,17,0,100,3.324965,1.812483,98.9010
10,100,0.3600,18,0,100,3.518369,1.795596,98.8306
10,100,0.3800,19,0,100,3.709031,1.766172,98.7564
10,100,0.4000,20,0,100,3.894050,1.726098,98.6785
10,100,0.4200,21,0,100,4.068347,1.677287,98.5971
10,100,0.4400,22,0,100,4.223738,1.621500,98.5125
10,100,0.4600,23,0,100,4.348034,1.560552,98.4253
10,100,0.4800,24,0,100,4.424396,1.496143,98.3365
10,100,0.5000,25,0,100,4.431233,1.431309,98.2475
10,100,0.5200,26,0,100,4.342925,1.369307,98.1600
10,100,0.5400,27,0,100,4.131585,1.314116,98.0767
10,100,0.5600,28,0,100,3.769978,1.270766,98.0005
10,100,0.5800,29,0,100,3.235634,1.245738,97.9351
10,100,0.6000,30,0,100,2.517728,1.248137,97.8845
10,100,0.6200,31,0,100,2.836543,1.293546,97.8531
10,100,0.6400,32,0,100,3.267365,1.424197,97.8452
10,100,0.6600,33,0,100,3.746947,1.701141,97.8647
10,100,0.6800,34,0,100,4.293106,1.992419,97.9148
10,100,0.7000,35,0,100,4.948092,2.258191,97.9968
10,100,0.7200,36,0,100,5.916264,2.486508,98.1114
10,100,0.7400,37,0,100,7.424482,2.668058,98.2573
10,100,0.7600,38,0,100,8.763440,2.794968,98.4316
10,100,0.7800,39,0,100,9.882883,2.861427,98.6293
10,100,0.8000,40,0,100,10.705153,2.869756,98.8443
10,100,0.8200,41,0,100,11.207397,2.827141,99.0694
10,100,0.8400,42,0,100,11.294800,2.744720,99.2967
10,100,0.8600,43,0,100,11.110308,2.660538,99.5188
10,100,0.8800,44,0,100,10.914447,2.587193,99.7359
10,100,0.9000,45,0,100,10.717389,2.520098,99.9491
10,100,0.9200,46,0,100,10.520412,2.458275,100.1582
10,100,0.9400,47,0,100,10.323517,2.400538,100.3634
10,100,0.9600,48,0,100,10.126705,2.345653,100.5647
10,100,0.9800,49,0,100,9.929980,2.292910,100.7620
10,100,1.0000,50,0,100,9.733347,2.242756,100.9553
10,100,1.0200,51,0,100,9.536805,2.193316,101.1447
10,100,1.0400,52,0,100,9.340360,2.145177,101.3301
10,100,1.0600,53,0,100,9.144014,2.097936,101.5116
10,100,1.0800,54,0,100,8.947773,2.051621,101.6891
10,100,1.1000,55,0,100,8.751639,2.006184,101.8627
10,100,1.1200,56,0,100,8.555619,1.961713,102.0323
10,100,1.1400,57,0,100,8.359716,1.917434,102.1979
10,100,1.1600,58,0,100,8.163938,1.873564,102.3596
10,100,1.1800,59,0,100,7.968290,1.832867,102.5174
10,100,1.2000,60,0,100,7.772777,1.793605,102.6712
10,100,1.2200,61,0,100,7.577409,1.757286,102.8210
10,100,1.2400,62,0,100,7.382194,1.719356,102.9669
10,100,1.2600,63,0,100,7.187140,1.679770,103.1089
10,100,1.2800,64,0,100,6.992257,1.640211,103.2469
10,100,1.3000,65,0,100,6.797557,1.609343,103.3809
10,100,1.3200,66,0,100,6.603052,1.578951,103.5110
10,100,1.3400,67,0,100,6.408757,1.551477,103.6372
10,100,1.3600,68,0,100,6.214689,1.529620,103.7594
10,100,1.3800,69,0,100,6.020864,1.515839,103.8777
10,100,1.4000,70,0,100,5.827302,1.496810,103.9920
10,100,1.4200,71,0,100,5.634028,1.473045,104.1024
10,100,1.4400,72,0,100,5.441067,1.450476,104.2089
10,100,1.4600,73,0,100,5.248450,1.438876,104.3114
10,100,1.4800,74,0,100,5.056211,1.417921,104.4100
10,100,1.5000,75,0,100,4.864389,1.411445,104.5046
10,100,1.5200,76,0,100,4.673032,1.385912,104.5953
10,100,1.5400,77,0,100,4.482193,1.366910,104.6820
10,100,1.5600,78,0,100,4.291938,1.364116,104.7648
10,100,1.5800,79,0,100,4.102340,1.341015,104.8437
10,100,1.6000,80,0,100,3.913489,1.336427,104.9187
10,100,1.6200,81,0,100,3.998865,1.308747,104.9897
10,100,1.6400,82,0,100,3.951796,1.303181,105.0568
10,100,1.6600,83,0,100,4.143837,1.274316,105.1199
10,100,1.6800,84,0,100,4.116158,1.268733,105.1791
10,100,1.7000,85,0,100,4.308233,1.238291,105.2344
10,100,1.7200,86,0,100,4.263515,1.231839,105.2858
10,100,1.7400,87,0,100,4.455736,1.213116,105.3332
10,100,1.7600,88,0,100,4.648160,1.207551,105.3767
10,100,1.7800,89,0,100,4.565919,1.169538,105.4163
10,100,1.8000,90,0,100,4.758475,1.179217,105.4519
10,100,1.8200,91,0,100,4.654755,1.175776,105.4836
10,100,1.8400,92,0,100,4.847330,1.164247,105.5114
10,100,1.8600,93,0,100,4.724811,1.172027,105.5353
10,100,1.8800,94,0,100,4.917367,1.188766,105.5552
10,100,1.9000,95,0,100,5.110071,1.195308,105.5712
10,100,1.9200,96,0,100,4.971472,1.215781,105.5833
10,100,1.9400,97,0,100,5.164143,1.249365,105.5915
10,100,1.9600,98,0,100,5.356941,1.270831,105.5957
10,100,1.9800,99,0,100,5.549850,1.298053,105.5961
10,100,2.0000,100,0,100,5.398090,1.331529,105.5925
10,100,2.0200,101,0,100,5.590967,1.373294,105.5850
10,100,2.0400,102,0,100,5.783940,1.406958,105.5736
10,100,2.0600,103,0,100,5.976996,1.455478,105.5582
10,100,2.0800,104,0,100,5.816504,1.501374,105.5390
10,100,2.1000,105,0,100,6.009541,1.550736,105.5158
10,100,2.1200,106,0,100,6.202650,1.591293,105.4887
10,100,2.1400,107,0,100,6.395821,1.642250,105.4577
10,100,2.1600,108,0,100,6.227920,1.692128,105.4228
10,100,2.1800,109,0,100,6.421110,1.747196,105.3840
10,100,2.2000,110,0,100,6.614352,1.787048,105.3412
10,100,2.2200,111,0,100,6.807637,1.835032,105.2946
10,100,2.2400,112,0,100,7.000959,1.886217,105.2440
10,100,2.2600,113,0,100,6.824342,1.935730,105.1896
10,100,2.2800,114,0,100,7.017737,1.977611,105.1312
10,100,2.3000,115,0,100,7.211158,2.027521,105.0689
10,100,2.3200,116,0,100,7.404602,2.082044,105.0027
10,100,2.3400,117,0,100,7.598062,2.139419,104.9326
10,100,2.3600,118,0,100,7.411359,2.192357,104.8586
10,100,2.3800,119,0,100,7.604950,2.239092,104.7807
10,100,2.4000,120,0,100,7.798549,2.294568,104.6989
10,100,2.4200,121,0,100,7.992148,2.355426,104.6132
10,100,2.4400,122,0,100,8.185749,2.420407,104.5236
10,100,2.4600,123,0,100,7.997931,2.482504,104.4301
10,100,2.4800,124,0,100,8.191708,2.543078,104.3327
10,100,2.5000,125,0,100,8.385474,2.613519,104.2313
10,100,2.5200,126,0,100,8.579226,2.691183,104.1261
10,100,2.5400,127,0,100,8.408241,2.770242,104.0170
10,100,2.5600,128,0,100,8.602170,2.855288,103.9040
10,100,2.5800,129,0,100,8.796076,2.944235,103.7871
10,100,2.6000,130,0,100,8.989958,3.043100,103.6663
10,100,2.6200,131,0,100,8.843155,3.144841,103.5416
10,100,2.6400,132,0,100,9.037141,3.258353,103.4130
10,100,2.6600,133,0,100,9.231096,3.374255,103.2805
10,100,2.6800,134,0,100,9.026234,3.490607,103.1441
10,100,2.7000,135,0,100,9.220113,3.614940,103.0039
10,100,2.7200,136,0,100,9.413964,3.737774,102.8597
10,100,2.7400,137,0,100,9.607787,3.863968,102.7117
10,100,2.7600,138,0,100,9.445602,3.993389,102.5597
10,100,2.7800,139,0,100,9.639151,4.130158,102.4039
10,100,2.8000,140,0,100,9.832682,4.270951,102.2442
10,100,2.8200,141,0,100,10.026192,4.413789,102.0806
10,100,2.8400,142,0,100,10.219684,4.556917,101.9131
10,100,2.8600,143,0,100,10.413155,4.700329,101.7417
10,100,2.8800,144,0,100,10.606602,4.845728,101.5664
10,100,2.9000,145,0,100,10.800027,4.990927,101.3873
10,100,2.9200,146,0,100,10.993426,5.135964,101.2043
10,100,2.9400,147,0,100,11.186803,5.281049,101.0174
10,100,2.9600,148,0,100,11.380154,5.427549,100.8266
10,100,2.9800,149,0,100,11.573479,5.575618,100.6319
10,100,3.0000,150,0,100,11.766776,5.724958,100.4333
10,100,3.0200,151,0,100,11.960048,5.876145,100.2309
10,100,3.0400,152,0,100,12.153291,6.028780,100.0246
10,100,3.0600,153,0,100,11.999165,6.179900,99.8144
10,100,3.0800,154,0,100,12.192020,6.333574,99.6003
10,100,3.1000,155,0,100,12.384860,6.488654,99.3824
10,100,3.1200,156,0,100,12.577682,6.645592,99.1606
10,100,3.1400,157,0,100,12.770486,6.803844,98.9349
10,100,3.1600,158,0,100,12.963271,6.963639,98.7053
10,100,3.1800,159,0,100,13.156035,7.123904,98.4719
10,100,3.2000,160,0,100,13.348780,7.284677,98.2345
10,100,3.2200,161,0,100,13.541500,7.446302,97.9934
10,100,3.2400,162,0,100,13.734200,7.608538,97.7483
10,100,3.2600,163,0,100,13.926876,7.771115,97.4994
10,100,3.2800,164,0,100,14.119529,7.933971,97.2466
10,100,3.3000,165,0,100,14.312159,8.097190,96.9899
10,100,3.3200,166,0,100,14.504762,8.261071,96.7294
10,100,3.3400,167,0,100,14.697341,8.425440,96.4650
10,100,3.3600,168,0,100,14.889894,8.589544,96.1967
10,100,3.3800,169,0,100,15.082419,8.754156,95.9246
10,100,3.4000,170,0,100,15.274920,8.919114,95.6486
10,100,3.4200,171,0,100,15.467393,9.083665,95.3687
10,100,3.4400,172,0,100,15.659837,9.248535,95.0850
10,100,3.4600,173,0,100,15.852253,9.414206,94.7974
10,100,3.4800,174,0,100,16.044641,9.580587,94.5060
10,100,3.5000,175,0,100,16.237001,9.748390,94.2106
10,100,3.5200,176,0,100,16.429331,9.917192,93.9115
10,100,3.5400,177,0,100,16.621632,10.086286,93.6084
10,100,3.5600,178,0,100,16.813904,10.255649,93.3016
10,100,3.5800,179,0,100,17.006144,10.425467,92.9908
10,100,3.6000,180,0,100,17.198357,10.595530,92.6762
10,100,3.6200,181,0,100,17.390535,10.765612,92.3577
10,100,3.6400,182,0,100,17.582684,10.935409,92.0354
10,100,3.6600,183,0,100,17.774803,11.105139,91.7093
10,100,3.6800,184,0,100,17.661341,11.270644,91.3792
10,100,3.7000,185,0,100,17.853357,11.438712,91.0454
10,100,3.7200,186,0,100,18.045343,11.607475,90.7076
10,100,3.7400,187,0,100,18.237303,11.776497,90.3660
10,100,3.7600,188,0,100,18.429230,11.945902,90.0206
10,100,3.7800,189,0,100,18.621128,12.116039,89.6713
10,100,3.8000,190,0,100,18.812994,12.287149,89.3182
10,100,3.8200,191,0,100,19.004831,12.458676,88.9612
10,100,3.8400,192,0,100,19.196636,12.630375,88.6004
10,100,3.8600,193,0,100,19.388411,12.802152,88.2357
10,100,3.8800,194,0,100,19.580153,12.974070,87.8672
10,100,3.9000,195,0,100,19.771864,13.146324,87.4948
10,100,3.9200,196,0,100,19.963543,13.318622,87.1186
10,100,3.9400,197,0,100,20.155190,13.491037,86.7386
10,100,3.9600,198,0,100,20.346804,13.663577,86.3547
10,100,3.9800,199,0,100,20.538389,13.836056,85.9669
10,100,4.0000,200,0,100,20.729939,14.008406,85.5753
10,100,4.0200,201,0,100,20.921455,14.180864,85.1799
10,100,4.0400,202,0,100,21.112940,14.353391,84.7807
10,100,4.0600,203,0,100,21.304392,14.525992,84.3775
10,100,4.0800,204,0,100,21.495813,14.699280,83.9706
10,100,4.1000,205,0,100,21.687197,14.873735,83.5598
10,100,4.1200,206,0,100,21.878548,15.046700,83.1452
10,100,4.1400,207,0,100,22.069868,15.219682,82.7268
10,100,4.1600,208,0,100,22.261152,15.393380,82.3045
10,100,4.1800,209,0,100,22.452402,15.566890,81.8783
10,100,4.2000,210,0,100,22.643623,15.740046,81.4484
10,100,4.2200,211,0,100,22.834805,15.912703,81.0146
10,100,4.2400,212,0,100,23.025955,16.085369,80.5770
10,100,4.2600,213,0,100,23.217070,16.258291,80.1355
10,100,4.2800,214,0,100,23.408152,16.431921,79.6902
10,100,4.3000,215,0,100,23.599199,16.605158,79.2411
10,100,4.3200,216,0,100,23.790213,16.779051,78.7882
10,100,4.3400,217,0,100,23.981192,16.953432,78.3314
10,100,4.3600,218,0,100,24.000645,17.127779,77.8708
10,100,4.3800,219,0,100,24.191534,17.301620,77.4064
10,100,4.4000,220,0,100,24.382387,17.475384,76.9381
10,100,4.4200,221,0,100,24.573210,17.651516,76.4660
10,100,4.4400,222,0,100,24.764000,17.824591,75.9901
10,100,4.4600,223,0,100,24.954754,17.994152,75.5104
10,100,4.4800,224,0,100,25.145473,18.163696,75.0268
10,100,4.5000,225,0,100,25.336159,18.342113,74.5395
10,100,4.5200,226,0,100,25.526812,18.512970,74.0483
10,100,4.5400,227,0,100,25.717430,18.684338,73.5533
10,100,4.5600,228,0,100,25.908010,18.854780,73.0544
10,100,4.5800,229,0,100,26.098560,19.028929,72.5518
10,100,4.6000,230,0,100,26.289072,19.201401,72.0453
10,100,4.6200,231,0,100,26.479548,19.375944,71.5350
10,100,4.6400,232,0,100,26.669992,19.476177,71.0209
10,100,4.6600,233,0,100,26.860401,19.506254,70.5030
10,100,4.6800,234,0,100,27.050776,19.390953,69.9812
10,100,4.7000,235,0,100,27.241116,19.538431,69.4557
10,100,4.7200,236,0,100,27.431419,19.378263,68.9263
10,100,4.7400,237,0,100,27.621687,19.144871,68.3931
10,100,4.7600,238,0,100,27.811922,19.146263,67.8561
10,100,4.7800,239,0,100,28.002119,19.268944,67.3153
10,100,4.8000,240,0,100,28.192284,19.415445,66.7707
10,100,4.8200,241,0,100,28.382410,19.332344,66.2222
10,100,4.8400,242,0,100,28.572502,19.261578,65.6700
10,100,4.8600,243,0,100,28.762558,19.245241,65.1139
10,100,4.8800,244,0,100,28.952583,19.323315,64.5541
10,100,4.9000,245,0,100,29.142569,19.372812,63.9904
10,100,4.9200,246,0,100,29.332518,19.382042,63.4230
10,100,4.9400,247,0,100,29.522432,19.380535,62.8517
10,100,4.9600,248,0,100,29.712313,19.182623,62.2766
10,100,4.9800,249,0,100,29.902155,19.257689,61.6977
10,100,5.0000,250,0,100,30.091963,19.343103,61.1150
10,100,5.0200,251,0,100,30.281736,19.447302,60.5285
10,100,5.0400,252,0,100,30.471472,19.568090,59.9382
10,100,5.0600,253,0,100,30.661171,19.670000,59.3441
10,100,5.0800,254,0,100,30.850838,19.567560,58.7462
10,100,5.1000,255,0,100,31.040466,19.499079,58.1445
10,100,5.1200,256,0,100,31.230059,19.574905,57.5390
10,100,5.1400,257,0,100,31.419617,19.712196,56.9298
10,100,5.1600,258,0,100,31.609138,19.821922,56.3167
10,100,5.1800,259,0,100,31.798622,19.908728,55.6998
10,100,5.2000,260,0,100,31.988071,19.964008,55.0791
10,100,5.2200,261,0,100,32.177486,20.016352,54.4546
10,100,5.2400,262,0,100,32.366863,20.022316,53.8263
10,100,5.2600,263,0,100,32.556202,19.927217,53.1943
10,100,5.2800,264,0,100,32.745510,19.610781,52.5584
10,100,5.3000,265,0,100,32.934776,19.587433,51.9188
10,100,5.3200,266,1,99,33.124012,19.396078,51.2753
10,100,5.3400,267,3,97,33.313206,19.274931,50.6281
10,100,5.3600,268,3,97,33.330925,19.334663,49.9771
10,100,5.3800,269,3,97,33.522373,19.166403,49.3223
10,100,5.4000,270,3,97,33.660328,19.059303,48.6637
10,100,5.4200,271,3,97,33.849411,18.821827,48.0013
10,100,5.4400,272,3,97,34.038456,18.508047,47.3351
10,100,5.4600,273,1,99,34.227467,18.429152,46.6651
10,100,5.4800,274,0,100,34.416439,17.865009,45.9914
10,100,5.5000,275,0,100,34.605377,17.700737,45.3139
10,100,5.5200,276,0,100,34.794281,17.484125,44.6326
10,100,5.5400,277,0,100,34.983143,17.355591,43.9475
10,100,5.5600,278,0,100,35.171974,17.217003,43.2586
10,100,5.5800,279,0,100,35.360767,17.055458,42.5659
10,100,5.6000,280,0,100,35.549522,16.899851,41.8695
10,100,5.6200,281,0,100,35.738243,16.480162,41.1693
10,100,5.6400,282,0,100,35.926926,16.179932,40.4653
10,100,5.6600,283,0,100,36.115574,15.995441,39.7575
10,100,5.6800,284,0,100,36.304184,15.687365,39.0459
10,100,5.7000,285,1,99,36.492760,15.522855,38.3306
10,100,5.7200,286,2,98,36.681297,15.330463,37.6115
10,100,5.7400,287,2,98,36.869801,15.054749,36.8886
10,100,5.7600,288,2,98,37.058266,14.997175,36.1620
10,100,5.7800,289,2,98,37.246693,14.881277,35.4315
10,100,5.8000,290,2,98,37.435089,14.764933,34.6973
10,100,5.8200,291,2,98,37.623444,14.603207,33.9593
10,100,5.8400,292,2,98,37.811764,14.359089,33.2176
10,100,5.8600,293,3,97,38.000046,14.034371,32.4721
10,100,5.8800,294,2,98,38.188293,13.649275,31.7228
10,100,5.9000,295,1,99,38.376503,13.330771,30.9697
10,100,5.9200,296,1,99,38.564678,13.179320,30.2129
10,100,5.9400,297,1,99,38.752815,13.114409,29.4523
10,100,5.9600,298,1,99,38.940918,13.127611,28.6879
10,100,5.9800,299,1,99,39.128983,13.071351,27.9198
10,100,6.0000,300,1,99,39.317009,13.054762,27.1479
10,100,6.0200,301,1,99,39.505001,12.599627,26.3723
10,100,6.0400,302,2,98,39.692955,12.301318,25.5928
10,100,6.0600,303,2,98,39.880875,12.194131,24.8096
10,100,6.0800,304,2,98,40.068756,12.177870,24.0227
10,100,6.1000,305,1,99,40.256599,11.581333,23.2320
10,100,6.1200,306,1,99,40.444408,11.109954,22.4375
10,100,6.1400,307,2,98,40.632179,10.989196,21.6393
10,100,6.1600,308,2,98,40.819916,10.869798,20.8373
10,100,6.1800,309,2,98,41.007614,10.731424,20.0315
10,100,6.2000,310,2,98,41.195274,10.658553,19.2220
10,100,6.2200,311,1,99,41.382900,10.416581,18.4088
10,100,6.2400,312,1,99,41.570488,10.365881,17.5917
10,100,6.2600,313,1,99,41.758041,10.356030,16.7710
10,100,6.2800,314,2,98,41.945557,10.209663,15.9464
10,100,6.3000,315,2,98,42.133034,9.850595,15.1181
10,100,6.3200,316,3,97,42.320480,9.297869,14.2861
10,100,6.3400,317,3,97,42.507881,8.863254,13.4503
10,100,6.3600,318,3,97,42.448177,8.311091,12.6107
10,100,6.3800,319,3,97,42.635567,7.316058,11.7675
10,100,6.4000,320,4,96,42.822914,6.299445,10.9204
10,100,6.4200,321,4,96,42.789013,5.567135,10.0696
10,100,6.4400,322,5,95,42.976341,5.228326,9.2151
10,100,6.4600,323,5,95,43.163639,4.902182,8.3568
10,100,6.4800,324,7,93,43.191479,4.650953,7.4947
10,100,6.5000,325,7,93,43.378735,4.337129,6.6289
10,100,6.5200,326,7,93,43.509525,4.010315,5.7594
10,100,6.5400,327,7,93,30.850569,3.750955,5.0307
10,100,6.5600,328,8,92,24.759827,3.531325,4.5593
10,100,6.5800,329,7,93,26.331999,3.484533,4.1716
10,100,6.6000,330,7,93,22.695974,3.451009,3.8453
10,100,6.6200,331,7,93,17.440374,3.290659,3.8135
10,100,6.6400,332,10,90,17.595255,3.191839,3.8657
10,100,6.6600,333,10,90,16.132593,3.006432,3.9140
10,100,6.6800,334,10,90,13.030295,2.785237,3.9583
10,100,6.7000,335,11,89,11.840005,2.678133,3.9987
10,100,6.7200,336,11,89,11.805761,2.550124,4.0352
10,100,6.7400,337,12,88,11.774701,2.484884,4.0678
10,100,6.7600,338,13,87,11.746845,2.425467,4.0965
10,100,6.7800,339,13,87,11.722216,2.383902,4.1212
10,100,6.8000,340,13,87,11.700831,2.312327,4.1420
10,100,6.8200,341,13,87,11.682706,2.272358,4.1588
10,100,6.8400,342,13,87,11.667855,2.232289,4.1718
10,100,6.8600,343,13,87,11.656288,2.208083,4.1808
10,100,6.8800,344,12,88,11.648013,2.121025,4.1859
10,100,6.9000,345,12,88,11.643035,2.089208,4.1871
10,100,6.9200,346,13,87,11.641355,2.016312,4.1844
10,100,6.9400,347,12,88,11.642975,1.942495,4.1777
10,100,6.9600,348,11,89,11.647889,1.859620,4.1672
10,100,6.9800,349,14,86,11.656093,1.794727,4.1527
10,100,7.0000,350,14,86,11.667577,1.703420,4.1343
10,100,7.0200,351,15,85,11.682329,1.635782,4.1120
10,100,7.0400,352,14,86,11.700336,1.603035,4.0857
10,100,7.0600,353,14,86,11.721580,1.570178,4.0556
10,100,7.0800,354,14,86,11.746042,1.522030,4.0215
10,100,7.1000,355,15,85,11.773700,1.470030,3.9836
10,100,7.1200,356,15,85,11.804529,1.419184,3.9417
10,100,7.1400,357,15,85,11.838502,1.393240,3.8959
10,100,7.1600,358,16,84,11.875591,1.355025,3.8462
10,100,7.1800,359,16,84,11.915766,1.298077,3.7926
10,100,7.2000,360,16,84,11.958990,1.246658,3.7351
10,100,7.2200,361,16,84,12.005233,1.208969,3.6736
10,100,7.2400,362,16,84,12.054456,1.190410,3.6083
10,100,7.2600,363,16,84,12.106621,1.157939,3.5390
10,100,7.2800,364,15,85,12.161687,1.137015,3.4659
10,100,7.3000,365,16,84,12.219616,1.091052,3.3888
10,100,7.3200,366,17,83,12.280362,1.065537,3.3079
10,100,7.3400,367,17,83,12.343884,1.026637,3.2230
10,100,7.3600,368,20,80,12.410137,0.984463,3.1343
10,100,7.3800,369,21,79,12.479076,0.971286,3.0416
10,100,7.4000,370,21,79,12.550653,0.947373,2.9450
10,100,7.4200,371,21,79,12.624825,0.929679,2.8446
10,100,7.4400,372,22,78,12.701539,0.911195,2.7402
10,100,7.4600,373,22,78,12.780754,0.895012,2.6320
10,100,7.4800,374,22,78,12.862418,0.859730,2.5198
10,100,7.5000,375,22,78,12.946485,0.812895,2.4037
10,100,7.5200,376,24,76,13.032904,0.787931,2.2838
10,100,7.5400,377,27,73,13.121630,0.744040,2.1599
10,100,7.5600,378,27,73,13.212611,0.725303,2.0322
10,100,7.5800,379,27,73,13.305803,0.707577,1.9006
10,100,7.6000,380,27,73,13.401156,0.700042,1.8188
10,100,7.6200,381,26,74,13.498623,0.675453,1.8178
10,100,7.6400,382,26,74,13.598157,0.648493,1.8167
10,100,7.6600,383,29,71,13.699711,0.639675,1.8155
10,100,7.6800,384,27,73,13.803239,0.629667,1.8141
10,100,7.7000,385,28,72,13.908695,0.618980,1.8127
10,100,7.7200,386,28,72,14.016034,0.612712,1.8111
10,100,7.7400,387,43,57,10.819666,0.552937,1.8093
10,100,7.7600,388,44,56,10.808323,0.541525,1.8073
10,100,7.7800,389,44,56,10.800531,0.533984,1.8051
10,100,7.8000,390,44,56,10.796295,0.531118,1.8027
10,100,7.8200,391,46,54,10.795618,0.522502,1.8000
10,100,7.8400,392,46,54,10.798495,0.498982,1.7970
10,100,7.8600,393,47,53,10.804924,0.495891,1.7935
10,100,7.8800,394,49,51,10.814898,0.488027,1.7897
10,100,7.9000,395,49,51,10.828400,0.486157,1.7854
10,100,7.9200,396,50,50,10.845419,0.475207,1.7806
10,100,7.9400,397,50,50,9.911439,0.460573,1.7752
10,100,7.9600,398,51,49,9.874729,0.459413,1.7692
10,100,7.9800,399,51,49,9.841805,0.456768,1.7625
10,100,8.0000,400,52,48,9.812704,0.445375,1.7549
10,100,8.0200,401,53,47,9.787457,0.437720,1.7465
10,100,8.0400,402,53,47,9.766092,0.422849,1.7370
10,100,8.0600,403,53,47,9.748632,0.418387,1.7264
10,100,8.0800,404,55,45,9.735097,0.410755,1.7145
10,100,8.1000,405,58,42,9.725498,0.410161,1.7011
10,100,8.1200,406,58,42,9.719848,0.397845,1.6928
10,100,8.1400,407,58,42,9.718148,0.392680,1.6888
10,100,8.1600,408,58,42,9.720401,0.388188,1.6843
10,100,8.1800,409,58,42,9.726598,0.386639,1.6789
10,100,8.2000,410,58,42,9.736732,0.368714,1.6724
10,100,8.2200,411,59,41,9.750788,0.366906,1.6645
10,100,8.2400,412,59,41,9.768745,0.365708,1.6550
10,100,8.2600,413,59,41,9.790583,0.365806,1.6440
10,100,8.2800,414,59,41,9.604371,0.365017,1.6312
10,100,8.3000,415,60,40,9.572018,0.361996,1.6235
10,100,8.3200,416,60,40,9.543597,0.359128,1.6222
10,100,8.3400,417,61,39,9.519144,0.340835,1.6211
10,100,8.3600,418,61,39,9.498685,0.319571,1.6200
10,100,8.3800,419,61,39,9.482244,0.317426,1.6186
10,100,8.4000,420,63,37,9.469839,0.304264,1.6178
10,100,8.4200,421,63,37,9.461484,0.300277,1.6175
10,100,8.4400,422,64,36,9.457187,0.286486,1.6173
10,100,8.4600,423,64,36,9.456951,0.282238,1.6171
10,100,8.4800,424,64,36,9.460775,0.279121,1.6168
10,100,8.5000,425,64,36,9.468651,0.260185,1.6167
10,100,8.5200,426,64,36,9.480566,0.253886,1.6165
10,100,8.5400,427,65,35,9.496502,0.249605,1.6153
10,100,8.5600,428,65,35,9.516438,0.246082,1.6149
10,100,8.5800,429,65,35,9.540344,0.243291,1.6146
10,100,8.6000,430,66,34,9.568191,0.236812,1.6142
10,100,8.6200,431,70,30,9.599939,0.234805,1.6130
10,100,8.6400,432,70,30,7.999916,0.217595,1.6125
10,100,8.6600,433,70,30,7.869766,0.215437,1.6119
10,100,8.6800,434,70,30,7.805945,0.209924,1.6112
10,100,8.7000,435,70,30,7.746595,0.207894,1.6094
10,100,8.7200,436,70,30,7.691815,0.206969,1.6084
10,100,8.7400,437,70,30,7.641702,0.206794,1.6075
10,100,8.7600,438,71,29,7.596344,0.207277,1.6053
10,100,8.7800,439,71,29,7.555825,0.194440,1.6038
10,100,8.8000,440,71,29,7.520218,0.177645,1.6023
10,100,8.8200,441,72,28,7.489593,0.174545,1.5992
10,100,8.8400,442,72,28,7.464006,0.173114,1.5967
10,100,8.8600,443,73,27,7.443506,0.169624,1.5960
10,100,8.8800,444,74,26,7.428132,0.167439,1.5957
10,100,8.9000,445,74,26,7.417913,0.165474,1.5959
10,100,8.9200,446,74,26,7.412868,0.163776,1.5960
10,100,8.9400,447,74,26,7.413003,0.162520,1.5963
10,100,8.9600,448,74,26,7.418316,0.142949,1.5968
10,100,8.9800,449,74,26,7.428792,0.140873,1.5973
10,100,9.0000,450,74,26,7.444406,0.139347,1.5977
10,100,9.0200,451,74,26,7.465123,0.138092,1.5982
10,100,9.0400,452,74,26,7.490898,0.137139,1.5986
10,100,9.0600,453,74,26,7.521675,0.136545,1.5989
10,100,9.0800,454,74,26,7.557391,0.136304,1.5991
10,100,9.1000,455,74,26,7.597972,0.137137,1.5993
10,100,9.1200,456,74,26,7.643338,0.138282,1.5995
10,100,9.1400,457,74,26,7.693402,0.139734,1.5997
10,100,9.1600,458,74,26,7.748069,0.125057,1.5999
10,100,9.1800,459,74,26,7.807241,0.124536,1.6000
10,100,9.2000,460,74,26,5.917795,0.105016,1.6000
10,100,9.2200,461,75,25,5.790264,0.099755,1.6001
10,100,9.2400,462,75,25,5.724409,0.098226,1.6001
10,100,9.2600,463,75,25,5.664610,0.096583,1.6000
10,100,9.2800,464,75,25,5.611056,0.095082,1.5999
10,100,9.3000,465,75,25,5.563924,0.093752,1.5997
10,100,9.3200,466,75,25,5.523374,0.092657,1.5996
10,100,9.3400,467,76,24,5.489546,0.077869,1.5994
10,100,9.3600,468,76,24,5.462564,0.075204,1.5991
10,100,9.3800,469,76,24,5.442523,0.073087,1.5989
10,100,9.4000,470,76,24,5.429495,0.071197,1.5985
10,100,9.4200,471,76,24,5.423529,0.069594,1.5982
10,100,9.4400,472,76,24,5.424643,0.066975,1.5978
10,100,9.4600,473,76,24,5.432827,0.065986,1.5974
10,100,9.4800,474,76,24,5.448046,0.065144,1.5967
10,100,9.5000,475,76,24,5.470237,0.064472,1.5960
10,100,9.5200,476,76,24,3.113624,0.041215,1.5951
10,100,9.5400,477,76,24,3.070817,0.040882,1.5939
10,100,9.5600,478,76,24,3.123448,0.041610,1.5924
10,100,9.5800,479,76,24,3.187246,0.042272,1.5925
10,100,9.6000,480,76,24,3.261548,0.042885,1.5925
10,100,9.6200,481,76,24,3.345648,0.043465,1.5922
10,100,9.6400,482,76,24,2.999348,0.040381,1.5914
10,100,9.6600,483,76,24,2.999171,0.041428,1.5905
10,100,9.6800,484,76,24,3.001704,0.042636,1.5896
10,100,9.7000,485,77,23,3.016987,0.043784,1.5885
10,100,9.7200,486,77,23,3.044821,0.044578,1.5875
10,100,9.7400,487,77,23,3.084857,0.045553,1.5864
10,100,9.7600,488,77,23,3.136623,0.046701,1.5853
10,100,9.7800,489,78,22,3.199540,0.048030,1.5841
10,100,9.8000,490,78,22,3.272960,0.049929,1.5817
10,100,9.8200,491,78,22,3.356187,0.042770,1.5801
10,100,9.8400,492,78,22,3.448502,0.042331,1.5786
10,100,9.8600,493,78,22,3.549192,0.042455,1.5770
10,100,9.8800,494,78,22,2.268680,0.028858,1.5754
10,100,9.9000,495,93,7,2.149566,0.026800,1.5737
10,100,9.9200,496,93,7,1.943044,0.024810,1.5704
10,100,9.9400,497,93,7,1.895302,0.023703,1.5671
10,100,9.9600,498,93,7,1.836365,0.022787,1.5641
10,100,9.9800,499,93,7,1.786895,0.022448,1.5611
10,100,10.0000,500,93,7,1.746814,0.023416,1.5564
10,100,10.0200,501,93,7,1.716831,0.024651,1.5502
10,100,10.0400,502,93,7,1.697606,0.026202,1.5427
10,100,10.0600,503,93,7,1.689660,0.027991,1.5339
10,100,10.0800,504,93,7,1.517465,0.028185,1.5234
10,100,10.1000,505,91,9,1.443918,0.029570,1.5112
10,100,10.1200,506,91,9,1.370979,0.030324,1.5043
10,100,10.1400,507,91,9,1.295717,0.030353,1.5043
10,100,10.1600,508,91,9,1.219045,0.030286,1.5043
10,100,10.1800,509,91,9,1.198903,0.030625,1.5043
10,100,10.2000,510,91,9,1.334358,0.031056,1.5043
10,100,10.2200,511,91,9,1.474524,0.028550,1.5043
10,100,10.2400,512,91,9,0.763480,0.013669,1.5043
10,100,10.2600,513,91,9,0.668698,0.009599,1.5043
10,100,10.2800,514,91,9,0.569601,0.007438,1.5043
10,100,10.3000,515,91,9,0.470932,0.006659,1.5043
10,100,10.3200,516,91,9,0.373546,0.005604,1.5043
10,100,10.3400,517,91,9,0.277416,0.004133,1.5043
10,100,10.3600,518,91,9,0.184592,0.002593,1.5043
10,100,10.3800,519,91,9,0.108466,0.001406,1.5043
10,100,10.4000,520,91,9,0.063728,0.000865,1.5043
10,100,10.4200,521,91,9,0.023391,0.000604,1.5043
10,100,10.4400,522,91,9,0.054634,0.000893,1.5043
10,100,10.4600,523,91,9,0.107990,0.001303,1.5043
10,100,10.4801,524,91,9,0.162720,0.001734,1.5043
10,100,10.5001,525,91,9,0.218158,0.002237,1.5043
10,100,10.5201,526,91,9,0.274637,0.002804,1.5043
10,100,10.5401,527,98,2,0.332354,0.003324,1.5043
10,100,10.5601,528,98,2,0.295516,0.002955,1.5043
10,100,10.5801,529,98,2,0.278482,0.002785,1.5043
10,100,10.6001,530,99,1,0.294329,0.002943,1.5043
10,100,10.6201,531,99,1,0.304977,0.003050,1.5043
10,100,10.6401,532,99,1,0.323048,0.003230,1.5043
10,100,10.6601,533,99,1,0.344571,0.003446,1.5043
10,100,10.6801,534,99,1,0.370855,0.003709,1.5043
10,100,10.7001,535,99,1,0.401897,0.004019,1.5043
10,100,10.7201,536,99,1,0.438282,0.004383,1.5043
10,100,10.7401,537,99,1,0.480509,0.004805,1.5043
10,100,10.7601,538,99,1,0.529291,0.005293,1.5043
10,100,10.7801,539,99,1,0.586678,0.005867,1.5043
10,100,10.8001,540,99,1,0.656787,0.006568,1.5043
10,100,10.8201,541,99,1,0.736521,0.007365,1.5043
10,100,10.8401,542,99,1,0.823453,0.008235,1.5043
10,100,10.8601,543,99,1,0.913295,0.009133,1.5043
10,100,10.8801,544,99,1,1.006691,0.010067,1.5043
10,100,10.9001,545,99,1,1.103634,0.011036,1.5043
10,100,10.9201,546,99,1,1.204535,0.012045,1.5043
10,100,10.9401,547,99,1,0.528305,0.005283,1.5043
10,100,10.9601,548,99,1,0.233664,0.002337,1.5043
10,100,10.9801,549,99,1,0.139772,0.001398,1.5043
10,100,11.0001,550,99,1,0.057458,0.000575,1.5043
10,100,11.0201,551,99,1,0.009088,0.000091,1.5043
10,100,11.0401,552,99,1,0.012502,0.000125,1.5043
10,100,11.0601,553,99,1,0.005222,0.000052,1.5043
10,100,11.0801,554,99,1,0.000475,0.000005,1.5043
10,100,11.1001,555,99,1,0.001226,0.000012,1.5043
10,100,11.1201,556,99,1,0.000450,0.000005,1.5043
10,100,11.1401,557,99,1,0.000376,0.000004,1.5043
10,100,11.1601,558,99,1,0.000148,0.000001,1.5043
10,100,11.1801,559,99,1,0.000067,0.000001,1.5043
10,100,11.2001,560,99,1,0.000002,0.000000,1.5043
10,100,11.2201,561,99,1,0.000009,0.000000,1.5043
10,100,11.2401,562,99,1,0.000028,0.000000,1.5043
10,100,11.2601,563,99,1,0.000015,0.000000,1.5043
10,100,11.2801,564,99,1,0.000020,0.000000,1.5043
10,100,11.3001,565,100,0,0.000000,0.000000,1.5043
11,100,0.0200,1,0,100,0.195961,0.188467,99.4961
11,100,0.0400,2,0,100,0.391882,0.370531,99.4882
11,100,0.0600,3,0,100,0.587765,0.545503,99.4765
11,100,0.0800,4,0,100,0.783608,0.712582,99.4608
11,100,0.1000,5,0,100,0.979412,0.870970,99.4412
11,100,0.1200,6,0,100,1.175177,1.019861,99.4177
11,100,0.1400,7,0,100,1.370903,1.158439,99.3903
11,100,0.1600,8,0,100,1.566589,1.285882,99.3590
11,100,0.1800,9,0,100,1.762237,1.401369,99.3237
11,100,0.2000,10,0,100,1.957845,1.504103,99.2846
11,100,0.2200,11,0,100,2.153414,1.593327,99.2415
11,100,0.2400,12,0,100,2.348942,1.668338,99.1945
11,100,0.2600,13,0,100,2.544428,1.728501,99.1436
11,100,0.2800,14,0,100,2.739864,1.773256,99.0888
11,100,0.3000,15,0,100,2.935195,1.802168,99.0301
11,100,0.3200,16,0,100,3.130335,1.815095,98.9675
11,100,0.3400,17,0,100,3.324965,1.812483,98.9010
11,100,0.3600,18,0,100,3.518369,1.795596,98.8306
11,100,0.3800,19,0,100,3.709031,1.766172,98.7564
11,100,0.4000,20,0,100,3.894050,1.726098,98.6785
11,100,0.4200,21,0,100,4.068347,1.677287,98.5971
11,100,0.4400,22,0,100,4.223738,1.621500,98.5125
11,100,0.4600,23,0,100,4.348034,1.560552,98.4253
11,100,0.4800,24,0,100,4.424396,1.496143,98.3365
11,100,0.5000,25,0,100,4.431233,1.431309,98.2475
11,100,0.5200,26,0,100,4.342925,1.369307,98.1600
11,100,0.5400,27,0,100,4.131585,1.314116,98.0767
11,100,0.5600,28,0,100,3.769978,1.270766,98.0005
11,100,0.5800,29,0,100,3.235634,1.245738,97.9351
11,100,0.6000,30,0,100,2.517728,1.248137,97.8845
11,100,0.6200,31,0,100,2.836543,1.293546,97.8531
11,100,0.6400,32,0,100,3.267365,1.424197,97.8452
11,100,0.6600,33,0,100,3.746947,1.701141,97.8647
11,100,0.6800,34,0,100,4.293106,1.992419,97.9148
11,100,0.7000,35,0,100,4.948092,2.258191,97.9968
11,100,0.7200,36,0,100,5.916264,2.486508,98.1114
11,100,0.7400,37,0,100,7.424482,2.668058,98.2573
11,100,0.7600,38,0,100,8.763440,2.794968,98.4316
11,100,0.7800,39,0,100,9.882883,2.861427,98.6293
11,100,0.8000,40,0,100,10.705153,2.869756,98.8443
11,100,0.8200,41,0,100,11.207397,2.827141,99.0694
11,100,0.8400,42,0,100,11.294800,2.744720,99.2967
11,100,0.8600,43,0,100,11.110308,2.660538,99.5188
11,100,0.8800,44,0,100,10.914447,2.587193,99.7359
11,100,0.9000,45,0,100,10.717389,2.520098,99.9491
11,100,0.9200,46,0,100,10.520412,2.458275,100.1582
11,100,0.9400,47,0,100,10.323517,2.400538,100.3634
11,100,0.9600,48,0,100,10.126705,2.345653,100.5647
11,100,0.9800,49,0,100,9.929980,2.292910,100.7620
11,100,1.0000,50,0,100,9.733347,2.242756,100.9553
11,100,1.0200,51,0,100,9.536805,2.193316,101.1447
11,100,1.0400,52,0,100,9.340360,2.145177,101.3301
11,100,1.0600,53,0,100,9.144014,2.097936,101.5116
11,100,1.0800,54,0,100,8.947773,2.051621,101.6891
11,100,1.1000,55,0,100,8.751639,2.006184,101.8627
11,100,1.1200,56,0,100,8.555619,1.961713,102.0323
11,100,1.1400,57,0,100,8.359716,1.917434,102.1979
11,100,1.1600,58,0,100,8.163938,1.873564,102.3596
11,100,1.1800,59,0,100,7.968290,1.832867,102.5174
11,100,1.2000,60,0,100,7.772777,1.793605,102.6712
11,100,1.2200,61,0,100,7.577409,1.757286,102.8210
11,100,1.2400,62,0,100,7.382194,1.719356,102.9669
11,100,1.2600,63,0,100,7.187140,1.679770,103.1089
11,100,1.2800,64,0,100,6.992257,1.640211,103.2469
11,100,1.3000,65,0,100,6.797557,1.609343,103.3809
11,100,1.3200,66,0,100,6.603052,1.578951,103.5110
11,100,1.3400,67,0,100,6.408757,1.551477,103.6372
11,100,1.3600,68,0,100,6.214689,1.529620,103.7594
11,100,1.3800,69,0,100,6.020864,1.515839,103.8777
11,100,1.4000,70,0,100,5.827302,1.496810,103.9920
11,100,1.4200,71,0,100,5.634028,1.473045,104.1024
11,100,1.4400,72,0,100,5.441067,1.450476,104.2089
11,100,1.4600,73,0,100,5.248450,1.438876,104.3114
11,100,1.4800,74,0,100,5.056211,1.417921,104.4100
11,100,1.5000,75,0,100,4.864389,1.411445,104.5046
11,100,1.5200,76,0,100,4.673032,1.385912,104.5953
11,100,1.5400,77,0,100,4.482193,1.366910,104.6820
11,100,1.5600,78,0,100,4.291938,1.364116,104.7648
11,100,1.5800,79,0,100,4.102340,1.341015,104.8437
11,100,1.6000,80,0,100,3.913489,1.336427,104.9187
11,100,1.6200,81,0,100,3.998865,1.308747,104.9897
11,100,1.6400,82,0,100,3.951796,1.303181,105.0568
11,100,1.6600,83,0,100,4.143837,1.274316,105.1199
11,100,1.6800,84,0,100,4.116158,1.268733,105.1791
11,100,1.7000,85,0,100,4.308233,1.238291,105.2344
11,100,1.7200,86,0,100,4.263515,1.231839,105.2858
11,100,1.7400,87,0,100,4.455736,1.213116,105.3332
11,100,1.7600,88,0,100,4.648160,1.207551,105.3767
11,100,1.7800,89,0,100,4.565919,1.169538,105.4163
11,100,1.8000,90,0,100,4.758475,1.179217,105.4519
11,100,1.8200,91,0,100,4.654755,1.175776,105.4836
11,100,1.8400,92,0,100,4.847330,1.164247,105.5114
11,100,1.8600,93,0,100,4.724811,1.172027,105.5353
11,100,1.8800,94,0,100,4.917367,1.188766,105.5552
11,100,1.9000,95,0,100,5.110071,1.195308,105.5712
11,100,1.9200,96,0,100,4.971472,1.215781,105.5833
11,100,1.9400,97,0,100,5.164143,1.249365,105.5915
11,100,1.9600,98,0,100,5.356941,1.270831,105.5957
11,100,1.9800,99,0,100,5.549850,1.298053,105.5961
11,100,2.0000,100,0,100,5.398090,1.331529,105.5925
11,100,2.0200,101,0,100,5.590967,1.373294,105.5850
11,100,2.0400,102,0,100,5.783940,1.406958,105.5736
11,100,2.0600,103,0,100,5.976996,1.455478,105.5582
11,100,2.0800,104,0,100,5.816504,1.501374,105.5390
11,100,2.1000,105,0,100,6.009541,1.550736,105.5158
11,100,2.1200,106,0,100,6.202650,1.591293,105.4887
11,100,2.1400,107,0,100,6.395821,1.642250,105.4577
11,100,2.1600,108,0,100,6.227920,1.692128,105.4228
11,100,2.1800,109,0,100,6.421110,1.747196,105.3840
11,100,2.2000,110,0,100,6.614352,1.787048,105.3412
11,100,2.2200,111,0,100,6.807637,1.835032,105.2946
11,100,2.2400,112,0,100,7.000959,1.886217,105.2440
11,100,2.2600,113,0,100,6.824342,1.935730,105.1896
11,100,2.2800,114,0,100,7.017737,1.977611,105.1312
11,100,2.3000,115,0,100,7.211158,2.027521,105.0689
11,100,2.3200,116,0,100,7.404602,2.082044,105.0027
11,100,2.3400,117,0,100,7.598062,2.139419,104.9326
11,100,2.3600,118,0,100,7.411359,2.192357,104.8586
11,100,2.3800,119,0,100,7.604950,2.239092,104.7807
11,100,2.4000,120,0,100,7.798549,2.294568,104.6989
11,100,2.4200,121,0,100,7.992148,2.355426,104.6132
11,100,2.4400,122,0,100,8.185749,2.420407,104.5236
11,100,2.4600,123,0,100,7.997931,2.482504,104.4301
11,100,2.4800,124,0,100,8.191708,2.543078,104.3327
11,100,2.5000,125,0,100,8.385474,2.613519,104.2313
11,100,2.5200,126,0,100,8.579226,2.691183,104.1261
11,100,2.5400,127,0,100,8.408241,2.770242,104.0170
11,100,2.5600,128,0,100,8.602170,2.855288,103.9040
11,100,2.5800,129,0,100,8.796076,2.944235,103.7871
11,100,2.6000,130,0,100,8.989958,3.043100,103.6663
11,100,2.6200,131,0,100,8.843155,3.144841,103.5416
11,100,2.6400,132,0,100,9.037141,3.258353,103.4130
11,100,2.6600,133,0,100,9.231096,3.374255,103.2805
11,100,2.6800,134,0,100,9.026234,3.490607,103.1441
11,100,2.7000,135,0,100,9.220113,3.614940,103.0039
11,100,2.7200,136,0,100,9.413964,3.737774,102.8597
11,100,2.7400,137,0,100,9.607787,3.863968,102.7117
11,100,2.7600,138,0,100,9.445602,3.993389,102.5597
11,100,2.7800,139,0,100,9.639151,4.130158,102.4039
11,100,2.8000,140,0,100,9.832682,4.270951,102.2442
11,100,2.8200,141,0,100,10.026192,4.413789,102.0806
11,100,2.8400,142,0,100,10.219684,4.556917,101.9131
11,100,2.8600,143,0,100,10.413155,4.700329,101.7417
11,100,2.8800,144,0,100,10.606602,4.845728,101.5664
11,100,2.9000,145,0,100,10.800027,4.990927,101.3873
11,100,2.9200,146,0,100,10.993426,5.135964,101.2043
11,100,2.9400,147,0,100,11.186803,5.281049,101.0174
11,100,2.9600,148,0,100,11.380154,5.427549,100.8266
11,100,2.9800,149,0,100,11.573479,5.575618,100.6319
11,100,3.0000,150,0,100,11.766776,5.724958,100.4333
11,100,3.0200,151,0,100,11.960048,5.876145,100.2309
11,100,3.0400,152,0,100,12.153291,6.028780,100.0246
11,100,3.0600,153,0,100,11.999165,6.179900,99.8144
11,100,3.0800,154,0,100,12.192020,6.333574,99.6003
11,100,3.1000,155,0,100,12.384860,6.488654,99.3824
11,100,3.1200,156,0,100,12.577682,6.645592,99.1606
11,100,3.1400,157,0,100,12.770486,6.803844,98.9349
11,100,3.1600,158,0,100,12.963271,6.963639,98.7053
11,100,3.1800,159,0,100,13.156035,7.123904,98.4719
11,100,3.2000,160,0,100,13.348780,7.284677,98.2345
11,100,3.2200,161,0,100,13.541500,7.446302,97.9934
11,100,3.2400,162,0,100,13.734200,7.608538,97.7483
11,100,3.2600,163,0,100,13.926876,7.771115,97.4994
11,100,3.2800,164,0,100,14.119529,7.933971,97.2466
11,100,3.3000,165,0,100,14.312159,8.097190,96.9899
11,100,3.3200,166,0,100,14.504762,8.261071,96.7294
11,100,3.3400,167,0,100,14.697341,8.425440,96.4650
11,100,3.3600,168,0,100,14.889894,8.589544,96.1967
11,100,3.3800,169,0,100,15.082419,8.754156,95.9246
11,100,3.4000,170,0,100,15.274920,8.919114,95.6486
11,100,3.4200,171,0,100,15.467393,9.083665,95.3687
11,100,3.4400,172,0,100,15.659837,9.248535,95.0850
11,100,3.4600,173,0,100,15.852253,9.414206,94.7974
11,100,3.4800,174,0,100,16.044641,9.580587,94.5060
11,100,3.5000,175,0,100,16.237001,9.748390,94.2106
11,100,3.5200,176,0,100,16.429331,9.917192,93.9115
11,100,3.5400,177,0,100,16.621632,10.086286,93.6084
11,100,3.5600,178,0,100,16.813904,10.255649,93.3016
11,100,3.5800,179,0,100,17.006144,10.425467,92.9908
11,100,3.6000,180,0,100,17.198357,10.595530,92.6762
11,100,3.6200,181,0,100,17.390535,10.765612,92.3577
11,100,3.6400,182,0,100,17.582684,10.935409,92.0354
11,100,3.6600,183,0,100,17.774803,11.105139,91.7093
11,100,3.6800,184,0,100,17.661341,11.270644,91.3792
11,100,3.7000,185,0,100,17.853357,11.438712,91.0454
11,100,3.7200,186,0,100,18.045343,11.607475,90.7076
11,100,3.7400,187,0,100,18.237303,11.776497,90.3660
11,100,3.7600,188,0,100,18.429230,11.945902,90.0206
11,100,3.7800,189,0,100,18.621128,12.116039,89.6713
11,100,3.8000,190,0,100,18.812994,12.287149,89.3182
11,100,3.8200,191,0,100,19.004831,12.458676,88.9612
11,100,3.8400,192,0,100,19.196636,12.630375,88.6004
11,100,3.8600,193,0,100,19.388411,12.802152,88.2357
11,100,3.8800,194,0,100,19.580153,12.974070,87.8672
11,100,3.9000,195,0,100,19.771864,13.146324,87.4948
11,100,3.9200,196,0,100,19.963543,13.318622,87.1186
11,100,3.9400,197,0,100,20.155190,13.491037,86.7386
11,100,3.9600,198,0,100,20.346804,13.663577,86.3547
11,100,3.9800,199,0,100,20.538389,13.836056,85.9669
11,100,4.0000,200,0,100,20.729939,14.008406,85.5753
11,100,4.0200,201,0,100,20.921455,14.180864,85.1799
11,100,4.0400,202,0,100,21.112940,14.353391,84.7807
11,100,4.0600,203,0,100,21.304392,14.525992,84.3775
11,100,4.0800,204,0,100,21.495813,14.699280,83.9706
11,100,4.1000,205,0,100,21.687197,14.873735,83.5598
11,100,4.1200,206,0,100,21.878548,15.046700,83.1452
11,100,4.1400,207,0,100,22.069868,15.219682,82.7268
11,100,4.1600,208,0,100,22.261152,15.393380,82.3045
11,100,4.1800,209,0,100,22.452402,15.566890,81.8783
11,100,4.2000,210,0,100,22.643623,15.740046,81.4484
11,100,4.2200,211,0,100,22.834805,15.912703,81.0146
11,100,4.2400,212,0,100,23.025955,16.085369,80.5770
11,100,4.2600,213,0,100,23.217070,16.258291,80.1355
11,100,4.2800,214,0,100,23.408152,16.431921,79.6902
11,100,4.3000,215,0,100,23.599199,16.605158,79.2411
11,100,4.3200,216,0,100,23.790213,16.779051,78.7882
11,100,4.3400,217,0,100,23.981192,16.953432,78.3314
11,100,4.3600,218,0,100,24.000645,17.127779,77.8708
11,100,4.3800,219,0,100,24.191534,17.301620,77.4064
11,100,4.4000,220,0,100,24.382387,17.475384,76.9381
11,100,4.4200,221,0,100,24.573210,17.651516,76.4660
11,100,4.4400,222,0,100,24.764000,17.824591,75.9901
11,100,4.4600,223,0,100,24.954754,17.994152,75.5104
11,100,4.4800,224,0,100,25.145473,18.163696,75.0268
11,100,4.5000,225,0,100,25.336159,18.342113,74.5395
11,100,4.5200,226,0,100,25.526812,18.512970,74.0483
11,100,4.5400,227,0,100,25.717430,18.684338,73.5533
11,100,4.5600,228,0,100,25.908010,18.854780,73.0544
11,100,4.5800,229,0,100,26.098560,19.028929,72.5518
11,100,4.6000,230,0,100,26.289072,19.201401,72.0453
11,100,4.6200,231,0,100,26.479548,19.375944,71.5350
11,100,4.6400,232,0,100,26.669992,19.476177,71.0209
11,100,4.6600,233,0,100,26.860401,19.506254,70.5030
11,100,4.6800,234,0,100,27.050776,19.390953,69.9812
11,100,4.7000,235,0,100,27.241116,19.538431,69.4557
11,100,4.7200,236,0,100,27.431419,19.378263,68.9263
11,100,4.7400,237,0,100,27.621687,19.144871,68.3931
11,100,4.7600,238,0,100,27.811922,19.146263,67.8561
11,100,4.7800,239,0,100,28.002119,19.268944,67.3153
11,100,4.8000,240,0,100,28.192284,19.415445,66.7707
11,100,4.8200,241,0,100,28.382410,19.332344,66.2222
11,100,4.8400,242,0,100,28.572502,19.261578,65.6700
11,100,4.8600,243,0,100,28.762558,19.245241,65.1139
11,100,4.8800,244,0,100,28.952583,19.323315,64.5541
11,100,4.9000,245,0,100,29.142569,19.372812,63.9904
11,100,4.9200,246,0,100,29.332518,19.382042,63.4230
11,100,4.9400,247,0,100,29.522432,19.380535,62.8517
11,100,4.9600,248,0,100,29.712313,19.182623,62.2766
11,100,4.9800,249,0,100,29.902155,19.257689,61.6977
11,100,5.0000,250,0,100,30.091963,19.343103,61.1150
11,100,5.0200,251,0,100,30.281736,19.447302,60.5285
11,100,5.0400,252,0,100,30.471472,19.568090,59.9382
11,100,5.0600,253,0,100,30.661171,19.670000,59.3441
11,100,5.0800,254,0,100,30.850838,19.567560,58.7462
11,100,5.1000,255,0,100,31.040466,19.499079,58.1445
11,100,5.1200,256,0,100,31.230059,19.574905,57.5390
11,100,5.1400,257,0,100,31.419617,19.712196,56.9298
11,100,5.1600,258,0,100,31.609138,19.821922,56.3167
11,100,5.1800,259,0,100,31.798622,19.908728,55.6998
11,100,5.2000,260,0,100,31.988071,19.964008,55.0791
11,100,5.2200,261,0,100,32.177486,20.016352,54.4546
11,100,5.2400,262,0,100,32.366863,20.022316,53.8263
11,100,5.2600,263,0,100,32.556202,19.927217,53.1943
11,100,5.2800,264,0,100,32.745510,19.610781,52.5584
11,100,5.3000,265,0,100,32.934776,19.587433,51.9188
11,100,5.3200,266,1,99,33.124012,19.396078,51.2753
11,100,5.3400,267,3,97,33.313206,19.274931,50.6281
11,100,5.3600,268,3,97,33.330925,19.334663,49.9771
11,100,5.3800,269,3,97,33.522373,19.166403,49.3223
11,100,5.4000,270,3,97,33.660328,19.059303,48.6637
11,100,5.4200,271,3,97,33.849411,18.821827,48.0013
11,100,5.4400,272,3,97,34.038456,18.508047,47.3351
11,100,5.4600,273,1,99,34.227467,18.429152,46.6651
11,100,5.4800,274,0,100,34.416439,17.865009,45.9914
11,100,5.5000,275,0,100,34.605377,17.700737,45.3139
11,100,5.5200,276,0,100,34.794281,17.484125,44.6326
11,100,5.5400,277,0,100,34.983143,17.355591,43.9475
11,100,5.5600,278,0,100,35.171974,17.217003,43.2586
11,100,5.5800,279,0,100,35.360767,17.055458,42.5659
11,100,5.6000,280,0,100,35.549522,16.899851,41.8695
11,100,5.6200,281,0,100,35.738243,16.480162,41.1693
11,100,5.6400,282,0,100,35.926926,16.179932,40.4653
11,100,5.6600,283,0,100,36.115574,15.995441,39.7575
11,100,5.6800,284,0,100,36.304184,15.687365,39.0459
11,100,5.7000,285,1,99,36.492760,15.522855,38.3306
11,100,5.7200,286,2,98,36.681297,15.330463,37.6115
11,100,5.7400,287,2,98,36.869801,15.054749,36.8886
11,100,5.7600,288,2,98,37.058266,14.997175,36.1620
11,100,5.7800,289,2,98,37.246693,14.881277,35.4315
11,100,5.8000,290,2,98,37.435089,14.764933,34.6973
11,100,5.8200,291,2,98,37.623444,14.603207,33.9593
11,100,5.8400,292,2,98,37.811764,14.359089,33.2176
11,100,5.8600,293,3,97,38.000046,14.034371,32.4721
11,100,5.8800,294,2,98,38.188293,13.649275,31.7228
11,100,5.9000,295,1,99,38.376503,13.330771,30.9697
11,100,5.9200,296,1,99,38.564678,13.179320,30.2129
11,100,5.9400,297,1,99,38.752815,13.114409,29.4523
11,100,5.9600,298,1,99,38.940918,13.127611,28.6879
11,100,5.9800,299,1,99,39.128983,13.071351,27.9198
11,100,6.0000,300,1,99,39.317009,13.054762,27.1479
11,100,6.0200,301,1,99,39.505001,12.599627,26.3723
11,100,6.0400,302,2,98,39.692955,12.301318,25.5928
11,100,6.0600,303,2,98,39.880875,12.194131,24.8096
11,100,6.0800,304,2,98,40.068756,12.177870,24.0227
11,100,6.1000,305,1,99,40.256599,11.581333,23.2320
11,100,6.1200,306,1,99,40.444408,11.109954,22.4375
11,100,6.1400,307,2,98,40.632179,10.989196,21.6393
11,100,6.1600,308,2,98,40.819916,10.869798,20.8373
11,100,6.1800,309,2,98,41.007614,10.731424,20.0315
11,100,6.2000,310,2,98,41.195274,10.658553,19.2220
11,100,6.2200,311,1,99,41.382900,10.416581,18.4088
11,100,6.2400,312,1,99,41.570488,10.365881,17.5917
11,100,6.2600,313,1,99,41.758041,10.356030,16.7710
11,100,6.2800,314,2,98,41.945557,10.209663,15.9464
11,100,6.3000,315,2,98,42.133034,9.850595,15.1181
11,100,6.3200,316,3,97,42.320480,9.297869,14.2861
11,100,6.3400,317,3,97,42.507881,8.863254,13.4503
11,100,6.3600,318,3,97,42.448177,8.311091,12.6107
11,100,6.3800,319,3,97,42.635567,7.316058,11.7675
11,100,6.4000,320,4,96,42.822914,6.299445,10.9204
11,100,6.4200,321,4,96,42.789013,5.567135,10.0696
11,100,6.4400,322,5,95,42.976341,5.228326,9.2151
11,100,6.4600,323,5,95,43.163639,4.902182,8.3568
11,100,6.4800,324,7,93,43.191479,4.650953,7.4947
11,100,6.5000,325,7,93,43.378735,4.337129,6.6289
11,100,6.5200,326,7,93,43.509525,4.010315,5.7594
11,100,6.5400,327,7,93,30.850569,3.750955,5.0307
11,100,6.5600,328,8,92,24.759827,3.531325,4.5593
11,100,6.5800,329,7,93,26.331999,3.484533,4.1716
11,100,6.6000,330,7,93,22.695974,3.451009,3.8453
11,100,6.6200,331,7,93,17.440374,3.290659,3.8135
11,100,6.6400,332,10,90,17.595255,3.191839,3.8657
11,100,6.6600,333,10,90,16.132593,3.006432,3.9140
11,100,6.6800,334,10,90,13.030295,2.785237,3.9583
11,100,6.7000,335,11,89,11.840005,2.678133,3.9987
11,100,6.7200,336,11,89,11.805761,2.550124,4.0352
11,100,6.7400,337,12,88,11.774701,2.484884,4.0678
11,100,6.7600,338,13,87,11.746845,2.425467,4.0965
11,100,6.7800,339,13,87,11.722216,2.383902,4.1212
11,100,6.8000,340,13,87,11.700831,2.312327,4.1420
11,100,6.8200,341,13,87,11.682706,2.272358,4.1588
11,100,6.8400,342,13,87,11.667855,2.232289,4.1718
11,100,6.8600,343,13,87,11.656288,2.208083,4.1808
11,100,6.8800,344,12,88,11.648013,2.121025,4.1859
11,100,6.9000,345,12,88,11.643035,2.089208,4.1871
11,100,6.9200,346,13,87,11.641355,2.016312,4.1844
11,100,6.9400,347,12,88,11.642975,1.942495,4.1777
11,100,6.9600,348,11,89,11.647889,1.859620,4.1672
11,100,6.9800,349,14,86,11.656093,1.794727,4.1527
11,100,7.0000,350,14,86,11.667577,1.703420,4.1343
11,100,7.0200,351,15,85,11.682329,1.635782,4.1120
11,100,7.0400,352,14,86,11.700336,1.603035,4.0857
11,100,7.0600,353,14,86,11.721580,1.570178,4.0556
11,100,7.0800,354,14,86,11.746042,1.522030,4.0215
11,100,7.1000,355,15,85,11.773700,1.470030,3.9836
11,100,7.1200,356,15,85,11.804529,1.419184,3.9417
11,100,7.1400,357,15,85,11.838502,1.393240,3.8959
11,100,7.1600,358,16,84,11.875591,1.355025,3.8462
11,100,7.1800,359,16,84,11.915766,1.298077,3.7926
11,100,7.2000,360,16,84,11.958990,1.246658,3.7351
11,100,7.2200,361,16,84,12.005233,1.208969,3.6736
11,100,7.2400,362,16,84,12.054456,1.190410,3.6083
11,100,7.2600,363,16,84,12.106621,1.157939,3.5390
11,100,7.2800,364,15,85,12.161687,1.137015,3.4659
11,100,7.3000,365,16,84,12.219616,1.091052,3.3888
11,100,7.3200,366,17,83,12.280362,1.065537,3.3079
11,100,7.3400,367,17,83,12.343884,1.026637,3.2230
11,100,7.3600,368,20,80,12.410137,0.984463,3.1343
11,100,7.3800,369,21,79,12.479076,0.971286,3.0416
11,100,7.4000,370,21,79,12.550653,0.947373,2.9450
11,100,7.4200,371,21,79,12.624825,0.929679,2.8446
11,100,7.4400,372,22,78,12.701539,0.911195,2.7402
11,100,7.4600,373,22,78,12.780754,0.895012,2.6320
11,100,7.4800,374,22,78,12.862418,0.859730,2.5198
11,100,7.5000,375,22,78,12.946485,0.812895,2.4037
11,100,7.5200,376,24,76,13.032904,0.787931,2.2838
11,100,7.5400,377,27,73,13.121630,0.744040,2.1599
11,100,7.5600,378,27,73,13.212611,0.725303,2.0322
11,100,7.5800,379,27,73,13.305803,0.707577,1.9006
11,100,7.6000,380,27,73,13.401156,0.700042,1.8188
11,100,7.6200,381,26,74,13.498623,0.675453,1.8178
11,100,7.6400,382,26,74,13.598157,0.648493,1.8167
11,100,7.6600,383,29,71,13.699711,0.639675,1.8155
11,100,7.6800,384,27,73,13.803239,0.629667,1.8141
11,100,7.7000,385,28,72,13.908695,0.618980,1.8127
11,100,7.7200,386,28,72,14.016034,0.612712,1.8111
11,100,7.7400,387,43,57,10.819666,0.552937,1.8093
11,100,7.7600,388,44,56,10.808323,0.541525,1.8073
11,100,7.7800,389,44,56,10.800531,0.533984,1.8051
11,100,7.8000,390,44,56,10.796295,0.531118,1.8027
11,100,7.8200,391,46,54,10.795618,0.522502,1.8000
11,100,7.8400,392,46,54,10.798495,0.498982,1.7970
11,100,7.8600,393,47,53,10.804924,0.495891,1.7935
11,100,7.8800,394,49,51,10.814898,0.488027,1.7897
11,100,7.9000,395,49,51,10.828400,0.486157,1.7854
11,100,7.9200,396,50,50,10.845419,0.475207,1.7806
11,100,7.9400,397,50,50,9.911439,0.460573,1.7752
11,100,7.9600,398,51,49,9.874729,0.459413,1.7692
11,100,7.9800,399,51,49,9.841805,0.456768,1.7625
11,100,8.0000,400,52,48,9.812704,0.445375,1.7549
11,100,8.0200,401,53,47,9.787457,0.437720,1.7465
11,100,8.0400,402,53,47,9.766092,0.422849,1.7370
11,100,8.0600,403,53,47,9.748632,0.418387,1.7264
11,100,8.0800,404,55,45,9.735097,0.410755,1.7145
11,100,8.1000,405,58,42,9.725498,0.410161,1.7011
11,100,8.1200,406,58,42,9.719848,0.397845,1.6928
11,100,8.1400,407,58,42,9.718148,0.392680,1.6888
11,100,8.1600,408,58,42,9.720401,0.388188,1.6843
11,100,8.1800,409,58,42,9.726598,0.386639,1.6789
11,100,8.2000,410,58,42,9.736732,0.368714,1.6724
11,100,8.2200,411,59,41,9.750788,0.366906,1.6645
11,100,8.2400,412,59,41,9.768745,0.365708,1.6550
11,100,8.2600,413,59,41,9.790583,0.365806,1.6440
11,100,8.2800,414,59,41,9.604371,0.365017,1.6312
11,100,8.3000,415,60,40,9.572018,0.361996,1.6235
11,100,8.3200,416,60,40,9.543597,0.359128,1.6222
11,100,8.3400,417,61,39,9.519144,0.340835,1.6211
11,100,8.3600,418,61,39,9.498685,0.319571,1.6200
11,100,8.3800,419,61,39,9.482244,0.317426,1.6186
11,100,8.4000,420,63,37,9.469839,0.304264,1.6178
11,100,8.4200,421,63,37,9.461484,0.300277,1.6175
11,100,8.4400,422,64,36,9.457187,0.286486,1.6173
11,100,8.4600,423,64,36,9.456951,0.282238,1.6171
11,100,8.4800,424,64,36,9.460775,0.279121,1.6168
11,100,8.5000,425,64,36,9.468651,0.260185,1.6167
11,100,8.5200,426,64,36,9.480566,0.253886,1.6165
11,100,8.5400,427,65,35,9.496502,0.249605,1.6153
11,100,8.5600,428,65,35,9.516438,0.246082,1.6149
11,100,8.5800,429,65,35,9.540344,0.243291,1.6146
11,100,8.6000,430,66,34,9.568191,0.236812,1.6142
11,100,8.6200,431,70,30,9.599939,0.234805,1.6130
11,100,8.6400,432,70,30,7.999916,0.217595,1.6125
11,100,8.6600,433,70,30,7.869766,0.215437,1.6119
11,100,8.6800,434,70,30,7.805945,0.209924,1.6112
11,100,8.7000,435,70,30,7.746595,0.207894,1.6094
11,100,8.7200,436,70,30,7.691815,0.206969,1.6084
11,100,8.7400,437,70,30,7.641702,0.206794,1.6075
11,100,8.7600,438,71,29,7.596344,0.207277,1.6053
11,100,8.7800,439,71,29,7.555825,0.194440,1.6038
11,100,8.8000,440,71,29,7.520218,0.177645,1.6023
11,100,8.8200,441,72,28,7.489593,0.174545,1.5992
11,100,8.8400,442,72,28,7.464006,0.173114,1.5967
11,100,8.8600,443,73,27,7.443506,0.169624,1.5960
11,100,8.8800,444,74,26,7.428132,0.167439,1.5957
11,100,8.9000,445,74,26,7.417913,0.165474,1.5959
11,100,8.9200,446,74,26,7.412868,0.163776,1.5960
11,100,8.9400,447,74,26,7.413003,0.162520,1.5963
11,100,8.9600,448,74,26,7.418316,0.142949,1.5968
11,100,8.9800,449,74,26,7.428792,0.140873,1.5973
11,100,9.0000,450,74,26,7.444406,0.139347,1.5977
11,100,9.0200,451,74,26,7.465123,0.138092,1.5982
11,100,9.0400,452,74,26,7.490898,0.137139,1.5986
11,100,9.0600,453,74,26,7.521675,0.136545,1.5989
11,100,9.0800,454,74,26,7.557391,0.136304,1.5991
11,100,9.1000,455,74,26,7.597972,0.137137,1.5993
11,100,9.1200,456,74,26,7.643338,0.138282,1.5995
11,100,9.1400,457,74,26,7.693402,0.139734,1.5997
11,100,9.1600,458,74,26,7.748069,0.125057,1.5999
11,100,9.1800,459,74,26,7.807241,0.124536,1.6000
11,100,9.2000,460,74,26,5.917795,0.105016,1.6000
11,100,9.2200,461,75,25,5.790264,0.099755,1.6001
11,100,9.2400,462,75,25,5.724409,0.098226,1.6001
11,100,9.2600,463,75,25,5.664610,0.096583,1.6000
11,100,9.2800,464,75,25,5.611056,0.095082,1.5999
11,100,9.3000,465,75,25,5.563924,0.093752,1.5997
11,100,9.3200,466,75,25,5.523374,0.092657,1.5996
11,100,9.3400,467,76,24,5.489546,0.077869,1.5994
11,100,9.3600,468,76,24,5.462564,0.075204,1.5991
11,100,9.3800,469,76,24,5.442523,0.073087,1.5989
11,100,9.4000,470,76,24,5.429495,0.071197,1.5985
11,100,9.4200,471,76,24,5.423529,0.069594,1.5982
11,100,9.4400,472,76,24,5.424643,0.066975,1.5978
11,100,9.4600,473,76,24,5.432827,0.065986,1.5974
11,100,9.4800,474,76,24,5.448046,0.065144,1.5967
11,100,9.5000,475,76,24,5.470237,0.064472,1.5960
11,100,9.5200,476,76,24,3.113624,0.041215,1.5951
11,100,9.5400,477,76,24,3.070817,0.040882,1.5939
11,100,9.5600,478,76,24,3.123448,0.041610,1.5924
11,100,9.5800,479,76,24,3.187246,0.042272,1.5925
11,100,9.6000,480,76,24,3.261548,0.042885,1.5925
11,100,9.6200,481,76,24,3.345648,0.043465,1.5922
11,100,9.6400,482,76,24,2.999348,0.040381,1.5914
11,100,9.6600,483,76,24,2.999171,0.041428,1.5905
11,100,9.6800,484,76,24,3.001704,0.042636,1.5896
11,100,9.7000,485,77,23,3.016987,0.043784,1.5885
11,100,9.7200,486,77,23,3.044821,0.044578,1.5875
11,100,9.7400,487,77,23,3.084857,0.045553,1.5864
11,100,9.7600,488,77,23,3.136623,0.046701,1.5853
11,100,9.7800,489,78,22,3.199540,0.048030,1.5841
11,100,9.8000,490,78,22,3.272960,0.049929,1.5817
11,100,9.8200,491,78,22,3.356187,0.042770,1.5801
11,100,9.8400,492,78,22,3.448502,0.042331,1.5786
11,100,9.8600,493,78,22,3.549192,0.042455,1.5770
11,100,9.8800,494,78,22,2.268680,0.028858,1.5754
11,100,9.9000,495,93,7,2.149566,0.026800,1.5737
11,100,9.9200,496,93,7,1.943044,0.024810,1.5704
11,100,9.9400,497,93,7,1.895302,0.023703,1.5671
11,100,9.9600,498,93,7,1.836365,0.022787,1.5641
11,100,9.9800,499,93,7,1.786895,0.022448,1.5611
11,100,10.0000,500,93,7,1.746814,0.023416,1.5564
11,100,10.0200,501,93,7,1.716831,0.024651,1.5502
11,100,10.0400,502,93,7,1.697606,0.026202,1.5427
11,100,10.0600,503,93,7,1.689660,0.027991,1.5339
11,100,10.0800,504,93,7,1.517465,0.028185,1.5234
11,100,10.1000,505,91,9,1.443918,0.029570,1.5112
11,100,10.1200,506,91,9,1.370979,0.030324,1.5043
11,100,10.1400,507,91,9,1.295717,0.030353,1.5043
11,100,10.1600,508,91,9,1.219045,0.030286,1.5043
11,100,10.1800,509,91,9,1.198903,0.030625,1.5043
11,100,10.2000,510,91,9,1.334358,0.031056,1.5043
11,100,10.2200,511,91,9,1.474524,0.028550,1.5043
11,100,10.2400,512,91,9,0.763480,0.013669,1.5043
11,100,10.2600,513,91,9,0.668698,0.009599,1.5043
11,100,10.2800,514,91,9,0.569601,0.007438,1.5043
11,100,10.3000,515,91,9,0.470932,0.006659,1.5043
11,100,10.3200,516,91,9,0.373546,0.005604,1.5043
11,100,10.3400,517,91,9,0.277416,0.004133,1.5043
11,100,10.3600,518,91,9,0.184592,0.002593,1.5043
11,100,10.3800,519,91,9,0.108466,0.001406,1.5043
11,100,10.4000,520,91,9,0.063728,0.000865,1.5043
11,100,10.4200,521,91,9,0.023391,0.000604,1.5043
11,100,10.4400,522,91,9,0.054634,0.000893,1.5043
11,100,10.4600,523,91,9,0.107990,0.001303,1.5043
11,100,10.4801,524,91,9,0.162720,0.001734,1.5043
11,100,10.5001,525,91,9,0.218158,0.002237,1.5043
11,100,10.5201,526,91,9,0.274637,0.002804,1.5043
11,100,10.5401,527,98,2,0.332354,0.003324,1.5043
11,100,10.5601,528,98,2,0.295516,0.002955,1.5043
11,100,10.5801,529,98,2,0.278482,0.002785,1.5043
11,100,10.6001,530,99,1,0.294329,0.002943,1.5043
11,100,10.6201,531,99,1,0.304977,0.003050,1.5043
11,100,10.6401,532,99,1,0.323048,0.003230,1.5043
11,100,10.6601,533,99,1,0.344571,0.003446,1.5043
11,100,10.6801,534,99,1,0.370855,0.003709,1.5043
11,100,10.7001,535,99,1,0.401897,0.004019,1.5043
11,100,10.7201,536,99,1,0.438282,0.004383,1.5043
11,100,10.7401,537,99,1,0.480509,0.004805,1.5043
11,100,10.7601,538,99,1,0.529291,0.005293,1.5043
11,100,10.7801,539,99,1,0.586678,0.005867,1.5043
11,100,10.8001,540,99,1,0.656787,0.006568,1.5043
11,100,10.8201,541,99,1,0.736521,0.007365,1.5043
11,100,10.8401,542,99,1,0.823453,0.008235,1.5043
11,100,10.8601,543,99,1,0.913295,0.009133,1.5043
11,100,10.8801,544,99,1,1.006691,0.010067,1.5043
11,100,10.9001,545,99,1,1.103634,0.011036,1.5043
11,100,10.9201,546,99,1,1.204535,0.012045,1.5043
11,100,10.9401,547,99,1,0.528305,0.005283,1.5043
11,100,10.9601,548,99,1,0.233664,0.002337,1.5043
11,100,10.9801,549,99,1,0.139772,0.001398,1.5043
11,100,11.0001,550,99,1,0.057458,0.000575,1.5043
11,100,11.0201,551,99,1,0.009088,0.000091,1.5043
11,100,11.0401,552,99,1,0.012502,0.000125,1.5043
11,100,11.0601,553,99,1,0.005222,0.000052,1.5043
11,100,11.0801,554,99,1,0.000475,0.000005,1.5043
11,100,11.1001,555,99,1,0.001226,0.000012,1.5043
11,100,11.1201,556,99,1,0.000450,0.000005,1.5043
11,100,11.1401,557,99,1,0.000376,0.000004,1.5043
11,100,11.1601,558,99,1,0.000148,0.000001,1.5043
11,100,11.1801,559,99,1,0.000067,0.000001,1.5043
11,100,11.2001,560,99,1,0.000002,0.000000,1.5043
11,100,11.2201,561,99,1,0.000009,0.000000,1.5043
11,100,11.2401,562,99,1,0.000028,0.000000,1.5043
11,100,11.2601,563,99,1,0.000015,0.000000,1.5043
11,100,11.2801,564,99,1,0.000020,0.000000,1.5043
11,100,11.3001,565,100,0,0.000000,0.000000,1.5043
12,100,0.0200,1,0,100,0.195961,0.188467,99.4961
12,100,0.0400,2,0,100,0.391882,0.370531,99.4882
12,100,0.0600,3,0,100,0.587765,0.545503,99.4765
12,100,0.0800,4,0,100,0.783608,0.712582,99.4608
12,100,0.1000,5,0,100,0.979412,0.870970,99.4412
12,100,0.1200,6,0,100,1.175177,1.019861,99.4177
12,100,0.1400,7,0,100,1.370903,1.158439,99.3903
12,100,0.1600,8,0,100,1.566589,1.285882,99.3590
12,100,0.1800,9,0,100,1.762237,1.401369,99.3237
12,100,0.2000,10,0,100,1.957845,1.504103,99.2846
12,100,0.2200,11,0,100,2.153414,1.593327,99.2415
12,100,0.2400,12,0,100,2.348942,1.668338,99.1945
12,100,0.2600,13,0,100,2.544428,1.728501,99.1436
12,100,0.2800,14,0,100,2.739864,1.773256,99.0888
12,100,0.3000,15,0,100,2.935195,1.802168,99.0301
12,100,0.3200,16,0,100,3.130335,1.815095,98.9675
12,100,0.3400,17,0,100,3.324965,1.812483,98.9010
12,100,0.3600,18,0,100,3.518369,1.795596,98.8306
12,100,0.3800,19,0,100,3.709031,1.766172,98.7564
12,100,0.4000,20,0,100,3.894050,1.726098,98.6785
12,100,0.4200,21,0,100,4.068347,1.677287,98.5971
12,100,0.4400,22,0,100,4.223738,1.621500,98.5125
12,100,0.4600,23,0,100,4.348034,1.560552,98.4253
12,100,0.4800,24,0,100,4.424396,1.496143,98.3365
12,100,0.5000,25,0,100,4.431233,1.431309,98.2475
12,100,0.5200,26,0,100,4.342925,1.369307,98.1600
12,100,0.5400,27,0,100,4.131585,1.314116,98.0767
12,100,0.5600,28,0,100,3.769978,1.270766,98.0005
12,100,0.5800,29,0,100,3.235634,1.245738,97.9351
12,100,0.6000,30,0,100,2.517728,1.248137,97.8845
12,100,0.6200,31,0,100,2.836543,1.293546,97.8531
12,100,0.6400,32,0,100,3.267365,1.424197,97.8452
12,100,0.6600,33,0,100,3.746947,1.701141,97.8647
12,100,0.6800,34,0,100,4.293106,1.992419,97.9148
12,100,0.7000,35,0,100,4.948092,2.258191,97.9968
12,100,0.7200,36,0,100,5.916264,2.486508,98.1114
12,100,0.7400,37,0,100,7.424482,2.668058,98.2573
12,100,0.7600,38,0,100,8.763440,2.794968,98.4316
12,100,0.7800,39,0,100,9.882883,2.861427,98.6293
12,100,0.8000,40,0,100,10.705153,2.869756,98.8443
12,100,0.8200,41,0,100,11.207397,2.827141,99.0694
12,100,0.8400,42,0,100,11.294800,2.744720,99.2967
12,100,0.8600,43,0,100,11.110308,2.660538,99.5188
12,100,0.8800,44,0,100,10.914447,2.587193,99.7359
12,100,0.9000,45,0,100,10.717389,2.520098,99.9491
12,100,0.9200,46,0,100,10.520412,2.458275,100.1582
12,100,0.9400,47,0,100,10.323517,2.400538,100.3634
12,100,0.9600,48,0,100,10.126705,2.345653,100.5647
12,100,0.9800,49,0,100,9.929980,2.292910,100.7620
12,100,1.0000,50,0,100,9.733347,2.242756,100.9553
12,100,1.0200,51,0,100,9.536805,2.193316,101.1447
12,100,1.0400,52,0,100,9.340360,2.145177,101.3301
12,100,1.0600,53,0,100,9.144014,2.097936,101.5116
12,100,1.0800,54,0,100,8.947773,2.051621,101.6891
12,100,1.1000,55,0,100,8.751639,2.006184,101.8627
12,100,1.1200,56,0,100,8.555619,1.961713,102.0323
12,100,1.1400,57,0,100,8.359716,1.917434,102.1979
12,100,1.1600,58,0,100,8.163938,1.873564,102.3596
12,100,1.1800,59,0,100,7.968290,1.832867,102.5174
12,100,1.2000,60,0,100,7.772777,1.793605,102.6712
12,100,1.2200,61,0,100,7.577409,1.757286,102.8210
12,100,1.2400,62,0,100,7.382194,1.719356,102.9669
12,100,1.2600,63,0,100,7.187140,1.679770,103.1089
12,100,1.2800,64,0,100,6.992257,1.640211,103.2469
12,100,1.3000,65,0,100,6.797557,1.609343,103.3809
12,100,1.3200,66,0,100,6.603052,1.578951,103.5110
12,100,1.3400,67,0,100,6.408757,1.551477,103.6372
12,100,1.3600,68,0,100,6.214689,1.529620,103.7594
12,100,1.3800,69,0,100,6.020864,1.515839,103.8777
12,100,1.4000,70,0,100,5.827302,1.496810,103.9920
12,100,1.4200,71,0,100,5.634028,1.473045,104.1024
12,100,1.4400,72,0,100,5.441067,1.450476,104.2089
12,100,1.4600,73,0,100,5.248450,1.438876,104.3114
12,100,1.4800,74,0,100,5.056211,1.417921,104.4100
12,100,1.5000,75,0,100,4.864389,1.411445,104.5046
12,100,1.5200,76,0,100,4.673032,1.385912,104.5953
12,100,1.5400,77,0,100,4.482193,1.366910,104.6820
12,100,1.5600,78,0,100,4.291938,1.364116,104.7648
12,100,1.5800,79,0,100,4.102340,1.341015,104.8437
12,100,1.6000,80,0,100,3.913489,1.336427,104.9187
12,100,1.6200,81,0,100,3.998865,1.308747,104.9897
12,100,1.6400,82,0,100,3.951796,1.303181,105.0568
12,100,1.6600,83,0,100,4.143837,1.274316,105.1199
12,100,1.6800,84,0,100,4.116158,1.268733,105.1791
12,100,1.7000,85,0,100,4.308233,1.238291,105.2344
12,100,1.7200,86,0,100,4.263515,1.231839,105.2858
12,100,1.7400,87,0,100,4.455736,1.213116,105.3332
12,100,1.7600,88,0,100,4.648160,1.207551,105.3767
12,100,1.7800,89,0,100,4.565919,1.169538,105.4163
12,100,1.8000,90,0,100,4.758475,1.179217,105.4519
12,100,1.8200,91,0,100,4.654755,1.175776,105.4836
12,100,1.8400,92,0,100,4.847330,1.164247,105.5114
12,100,1.8600,93,0,100,4.724811,1.172027,105.5353
12,100,1.8800,94,0,100,4.917367,1.188766,105.5552
12,100,1.9000,95,0,100,5.110071,1.195308,105.5712
12,100,1.9200,96,0,100,4.971472,1.215781,105.5833
12,100,1.9400,97,0,100,5.164143,1.249365,105.5915
12,100,1.9600,98,0,100,5.356941,1.270831,105.5957
12,100,1.9800,99,0,100,5.549850,1.298053,105.5961
12,100,2.0000,100,0,100,5.398090,1.331529,105.5925
12,100,2.0200,101,0,100,5.590967,1.373294,105.5850
12,100,2.0400,102,0,100,5.783940,1.406958,105.5736
12,100,2.0600,103,0,100,5.976996,1.455478,105.5582
12,100,2.0800,104,0,100,5.816504,1.501374,105.5390
12,100,2.1000,105,0,100,6.009541,1.550736,105.5158
12,100,2.1200,106,0,100,6.202650,1.591293,105.4887
12,100,2.1400,107,0,100,6.395821,1.642250,105.4577
12,100,2.1600,108,0,100,6.227920,1.692128,105.4228
12,100,2.1800,109,0,100,6.421110,1.747196,105.3840
12,100,2.2000,110,0,100,6.614352,1.787048,105.3412
12,100,2.2200,111,0,100,6.807637,1.835032,105.2946
12,100,2.2400,112,0,100,7.000959,1.886217,105.2440
12,100,2.2600,113,0,100,6.824342,1.935730,105.1896
12,100,2.2800,114,0,100,7.017737,1.977611,105.1312
12,100,2.3000,115,0,100,7.211158,2.027521,105.0689
12,100,2.3200,116,0,100,7.404602,2.082044,105.0027
12,100,2.3400,117,0,100,7.598062,2.139419,104.9326
12,100,2.3600,118,0,100,7.411359,2.192357,104.8586
12,100,2.3800,119,0,100,7.604950,2.239092,104.7807
12,100,2.4000,120,0,100,7.798549,2.294568,104.6989
12,100,2.4200,121,0,100,7.992148,2.355426,104.6132
12,100,2.4400,122,0,100,8.185749,2.420407,104.5236
12,100,2.4600,123,0,100,7.997931,2.482504,104.4301
12,100,2.4800,124,0,100,8.191708,2.543078,104.3327
12,100,2.5000,125,0,100,8.385474,2.613519,104.2313
12,100,2.5200,126,0,100,8.579226,2.691183,104.1261
12,100,2.5400,127,0,100,8.408241,2.770242,104.0170
12,100,2.5600,128,0,100,8.602170,2.855288,103.9040
12,100,2.5800,129,0,100,8.796076,2.944235,103.7871
12,100,2.6000,130,0,100,8.989958,3.043100,103.6663
12,100,2.6200,131,0,100,8.843155,3.144841,103.5416
12,100,2.6400,132,0,100,9.037141,3.258353,103.4130
12,100,2.6600,133,0,100,9.231096,3.374255,103.2805
12,100,2.6800,134,0,100,9.026234,3.490607,103.1441
12,100,2.7000,135,0,100,9.220113,3.614940,103.0039
12,100,2.7200,136,0,100,9.413964,3.737774,102.8597
12,100,2.7400,137,0,100,9.607787,3.863968,102.7117
12,100,2.7600,138,0,100,9.445602,3.993389,102.5597
12,100,2.7800,139,0,100,9.639151,4.130158,102.4039
12,100,2.8000,140,0,100,9.832682,4.270951,102.2442
12,100,2.8200,141,0,100,10.026192,4.413789,102.0806
12,100,2.8400,142,0,100,10.219684,4.556917,101.9131
12,100,2.8600,143,0,100,10.413155,4.700329,101.7417
12,100,2.8800,144,0,100,10.606602,4.845728,101.5664
12,100,2.9000,145,0,100,10.800027,4.990927,101.3873
12,100,2.9200,146,0,100,10.993426,5.135964,101.2043
12,100,2.9400,147,0,100,11.186803,5.281049,101.0174
12,100,2.9600,148,0,100,11.380154,5.427549,100.8266
12,100,2.9800,149,0,100,11.573479,5.575618,100.6319
12,100,3.0000,150,0,100,11.766776,5.724958,100.4333
12,100,3.0200,151,0,100,11.960048,5.876145,100.2309
12,100,3.0400,152,0,100,12.153291,6.028780,100.0246
12,100,3.0600,153,0,100,11.999165,6.179900,99.8144
12,100,3.0800,154,0,100,12.192020,6.333574,99.6003
12,100,3.1000,155,0,100,12.384860,6.488654,99.3824
12,100,3.1200,156,0,100,12.577682,6.645592,99.1606
12,100,3.1400,157,0,100,12.770486,6.803844,98.9349
12,100,3.1600,158,0,100,12.963271,6.963639,98.7053
12,100,3.1800,159,0,100,13.156035,7.123904,98.4719
12,100,3.2000,160,0,100,13.348780,7.284677,98.2345
12,100,3.2200,161,0,100,13.541500,7.446302,97.9934
12,100,3.2400,162,0,100,13.734200,7.608538,97.7483
12,100,3.2600,163,0,100,13.926876,7.771115,97.4994
12,100,3.2800,164,0,100,14.119529,7.933971,97.2466
12,100,3.3000,165,0,100,14.312159,8.097190,96.9899
12,100,3.3200,166,0,100,14.504762,8.261071,96.7294
12,100,3.3400,167,0,100,14.697341,8.425440,96.4650
12,100,3.3600,168,0,100,14.889894,8.589544,96.1967
12,100,3.3800,169,0,100,15.082419,8.754156,95.9246
12,100,3.4000,170,0,100,15.274920,8.919114,95.6486
12,100,3.4200,171,0,100,15.467393,9.083665,95.3687
12,100,3.4400,172,0,100,15.659837,9.248535,95.0850
12,100,3.4600,173,0,100,15.852253,9.414206,94.7974
12,100,3.4800,174,0,100,16.044641,9.580587,94.5060
12,100,3.5000,175,0,100,16.237001,9.748390,94.2106
12,100,3.5200,176,0,100,16.429331,9.917192,93.9115
12,100,3.5400,177,0,100,16.621632,10.086286,93.6084
12,100,3.5600,178,0,100,16.813904,10.255649,93.3016
12,100,3.5800,179,0,100,17.006144,10.425467,92.9908
12,100,3.6000,180,0,100,17.198357,10.595530,92.6762
12,100,3.6200,181,0,100,17.390535,10.765612,92.3577
12,100,3.6400,182,0,100,17.582684,10.935409,92.0354
12,100,3.6600,183,0,100,17.774803,11.105139,91.7093
12,100,3.6800,184,0,100,17.661341,11.270644,91.3792
12,100,3.7000,185,0,100,17.853357,11.438712,91.0454
12,100,3.7200,186,0,100,18.045343,11.607475,90.7076
12,100,3.7400,187,0,100,18.237303,11.776497,90.3660
12,100,3.7600,188,0,100,18.429230,11.945902,90.0206
12,100,3.7800,189,0,100,18.621128,12.116039,89.6713
12,100,3.8000,190,0,100,18.812994,12.287149,89.3182
12,100,3.8200,191,0,100,19.004831,12.458676,88.9612
12,100,3.8400,192,0,100,19.196636,12.630375,88.6004
12,100,3.8600,193,0,100,19.388411,12.802152,88.2357
12,100,3.8800,194,0,100,19.580153,12.974070,87.8672
12,100,3.9000,195,0,100,19.771864,13.146324,87.4948
12,100,3.9200,196,0,100,19.963543,13.318622,87.1186
12,100,3.9400,197,0,100,20.155190,13.491037,86.7386
12,100,3.9600,198,0,100,20.346804,13.663577,86.3547
12,100,3.9800,199,0,100,20.538389,13.836056,85.9669
12,100,4.0000,200,0,100,20.729939,14.008406,85.5753
12,100,4.0200,201,0,100,20.921455,14.180864,85.1799
12,100,4.0400,202,0,100,21.112940,14.353391,84.7807
12,100,4.0600,203,0,100,21.304392,14.525992,84.3775
12,100,4.0800,204,0,100,21.495813,14.699280,83.9706
12,100,4.1000,205,0,100,21.687197,14.873735,83.5598
12,100,4.1200,206,0,100,21.878548,15.046700,83.1452
12,100,4.1400,207,0,100,22.069868,15.219682,82.7268
12,100,4.1600,208,0,100,22.261152,15.393380,82.3045
12,100,4.1800,209,0,100,22.452402,15.566890,81.8783
12,100,4.2000,210,0,100,22.643623,15.740046,81.4484
12,100,4.2200,211,0,100,22.834805,15.912703,81.0146
12,100,4.2400,212,0,100,23.025955,16.085369,80.5770
12,100,4.2600,213,0,100,23.217070,16.258291,80.1355
12,100,4.2800,214,0,100,23.408152,16.431921,79.6902
12,100,4.3000,215,0,100,23.599199,16.605158,79.2411
12,100,4.3200,216,0,100,23.790213,16.779051,78.7882
12,100,4.3400,217,0,100,23.981192,16.953432,78.3314
12,100,4.3600,218,0,100,24.000645,17.127779,77.8708
12,100,4.3800,219,0,100,24.191534,17.301620,77.4064
12,100,4.4000,220,0,100,24.382387,17.475384,76.9381
12,100,4.4200,221,0,100,24.573210,17.651516,76.4660
12,100,4.4400,222,0,100,24.764000,17.824591,75.9901
12,100,4.4600,223,0,100,24.954754,17.994152,75.5104
12,100,4.4800,224,0,100,25.145473,18.163696,75.0268
12,100,4.5000,225,0,100,25.336159,18.342113,74.5395
12,100,4.5200,226,0,100,25.526812,18.512970,74.0483
12,100,4.5400,227,0,100,25.717430,18.684338,73.5533
12,100,4.5600,228,0,100,25.908010,18.854780,73.0544
12,100,4.5800,229,0,100,26.098560,19.028929,72.5518
12,100,4.6000,230,0,100,26.289072,19.201401,72.0453
12,100,4.6200,231,0,100,26.479548,19.375944,71.5350
12,100,4.6400,232,0,100,26.669992,19.476177,71.0209
12,100,4.6600,233,0,100,26.860401,19.506254,70.5030
12,100,4.6800,234,0,100,27.050776,19.390953,69.9812
12,100,4.7000,235,0,100,27.241116,19.538431,69.4557
12,100,4.7200,236,0,100,27.431419,19.378263,68.9263
12,100,4.7400,237,0,100,27.621687,19.144871,68.3931
12,100,4.7600,238,0,100,27.811922,19.146263,67.8561
12,100,4.7800,239,0,100,28.002119,19.268944,67.3153
12,100,4.8000,240,0,100,28.192284,19.415445,66.7707
12,100,4.8200,241,0,100,28.382410,19.332344,66.2222
12,100,4.8400,242,0,100,28.572502,19.261578,65.6700
12,100,4.8600,243,0,100,28.762558,19.245241,65.1139
12,100,4.8800,244,0,100,28.952583,19.323315,64.5541
12,100,4.9000,245,0,100,29.142569,19.372812,63.9904
12,100,4.9200,246,0,100,29.332518,19.382042,63.4230
12,100,4.9400,247,0,100,29.522432,19.380535,62.8517
12,100,4.9600,248,0,100,29.712313,19.182623,62.2766
12,100,4.9800,249,0,100,29.902155,19.257689,61.6977
12,100,5.0000,250,0,100,30.091963,19.343103,61.1150
12,100,5.0200,251,0,100,30.281736,19.447302,60.5285
12,100,5.0400,252,0,100,30.471472,19.568090,59.9382
12,100,5.0600,253,0,100,30.661171,19.670000,59.3441
12,100,5.0800,254,0,100,30.850838,19.567560,58.7462
12,100,5.1000,255,0,100,31.040466,19.499079,58.1445
12,100,5.1200,256,0,100,31.230059,19.574905,57.5390
12,100,5.1400,257,0,100,31.419617,19.712196,56.9298
12,100,5.1600,258,0,100,31.609138,19.821922,56.3167
12,100,5.1800,259,0,100,31.798622,19.908728,55.6998
12,100,5.2000,260,0,100,31.988071,19.964008,55.0791
12,100,5.2200,261,0,100,32.177486,20.016352,54.4546
12,100,5.2400,262,0,100,32.366863,20.022316,53.8263
12,100,5.2600,263,0,100,32.556202,19.927217,53.1943
12,100,5.2800,264,0,100,32.745510,19.610781,52.5584
12,100,5.3000,265,0,100,32.934776,19.587433,51.9188
12,100,5.3200,266,1,99,33.124012,19.396078,51.2753
12,100,5.3400,267,3,97,33.313206,19.274931,50.6281
12,100,5.3600,268,3,97,33.330925,19.334663,49.9771
12,100,5.3800,269,3,97,33.522373,19.166403,49.3223
12,100,5.4000,270,3,97,33.660328,19.059303,48.6637
12,100,5.4200,271,3,97,33.849411,18.821827,48.0013
12,100,5.4400,272,3,97,34.038456,18.508047,47.3351
12,100,5.4600,273,1,99,34.227467,18.429152,46.6651
12,100,5.4800,274,0,100,34.416439,17.865009,45.9914
12,100,5.5000,275,0,100,34.605377,17.700737,45.3139
12,100,5.5200,276,0,100,34.794281,17.484125,44.6326
12,100,5.5400,277,0,100,34.983143,17.355591,43.9475
12,100,5.5600,278,0,100,35.171974,17.217003,43.2586
12,100,5.5800,279,0,100,35.360767,17.055458,42.5659
12,100,5.6000,280,0,100,35.549522,16.899851,41.8695
12,100,5.6200,281,0,100,35.738243,16.480162,41.1693
12,100,5.6400,282,0,100,35.926926,16.179932,40.4653
12,100,5.6600,283,0,100,36.115574,15.995441,39.7575
12,100,5.6800,284,0,100,36.304184,15.687365,39.0459
12,100,5.7000,285,1,99,36.492760,15.522855,38.3306
12,100,5.7200,286,2,98,36.681297,15.330463,37.6115
12,100,5.7400,287,2,98,36.869801,15.054749,36.8886
12,100,5.7600,288,2,98,37.058266,14.997175,36.1620
12,100,5.7800,289,2,98,37.246693,14.881277,35.4315
12,100,5.8000,290,2,98,37.435089,14.764933,34.6973
12,100,5.8200,291,2,98,37.623444,14.603207,33.9593
12,100,5.8400,292,2,98,37.811764,14.359089,33.2176
12,100,5.8600,293,3,97,38.000046,14.034371,32.4721
12,100,5.8800,294,2,98,38.188293,13.649275,31.7228
12,100,5.9000,295,1,99,38.376503,13.330771,30.9697
12,100,5.9200,296,1,99,38.564678,13.179320,30.2129
12,100,5.9400,297,1,99,38.752815,13.114409,29.4523
12,100,5.9600,298,1,99,38.940918,13.127611,28.6879
12,100,5.9800,299,1,99,39.128983,13.071351,27.9198
12,100,6.0000,300,1,99,39.317009,13.054762,27.1479
12,100,6.0200,301,1,99,39.505001,12.599627,26.3723
12,100,6.0400,302,2,98,39.692955,12.301318,25.5928
12,100,6.0600,303,2,98,39.880875,12.194131,24.8096
12,100,6.0800,304,2,98,40.068756,12.177870,24.0227
12,100,6.1000,305,1,99,40.256599,11.581333,23.2320
12,100,6.1200,306,1,99,40.444408,11.109954,22.4375
12,100,6.1400,307,2,98,40.632179,10.989196,21.6393
12,100,6.1600,308,2,98,40.819916,10.869798,20.8373
12,100,6.1800,309,2,98,41.007614,10.731424,20.0315
12,100,6.2000,310,2,98,41.195274,10.658553,19.2220
12,100,6.2200,311,1,99,41.382900,10.416581,18.4088
12,100,6.2400,312,1,99,41.570488,10.365881,17.5917
12,100,6.2600,313,1,99,41.758041,10.356030,16.7710
12,100,6.2800,314,2,98,41.945557,10.209663,15.9464
12,100,6.3000,315,2,98,42.133034,9.850595,15.1181
12,100,6.3200,316,3,97,42.320480,9.297869,14.2861
12,100,6.3400,317,3,97,42.507881,8.863254,13.4503
12,100,6.3600,318,3,97,42.448177,8.311091,12.6107
12,100,6.3800,319,3,97,42.635567,7.316058,11.7675
12,100,6.4000,320,4,96,42.822914,6.299445,10.9204
12,100,6.4200,321,4,96,42.789013,5.567135,10.0696
12,100,6.4400,322,5,95,42.976341,5.228326,9.2151
12,100,6.4600,323,5,95,43.163639,4.902182,8.3568
12,100,6.4800,324,7,93,43.191479,4.650953,7.4947
12,100,6.5000,325,7,93,43.378735,4.337129,6.6289
12,100,6.5200,326,7,93,43.509525,4.010315,5.7594
12,100,6.5400,327,7,93,30.850569,3.750955,5.0307
12,100,6.5600,328,8,92,24.759827,3.531325,4.5593
12,100,6.5800,329,7,93,26.331999,3.484533,4.1716
12,100,6.6000,330,7,93,22.695974,3.451009,3.8453
12,100,6.6200,331,7,93,17.440374,3.290659,3.8135
12,100,6.6400,332,10,90,17.595255,3.191839,3.8657
12,100,6.6600,333,10,90,16.132593,3.006432,3.9140
12,100,6.6800,334,10,90,13.030295,2.785237,3.9583
12,100,6.7000,335,11,89,11.840005,2.678133,3.9987
12,100,6.7200,336,11,89,11.805761,2.550124,4.0352
12,100,6.7400,337,12,88,11.774701,2.484884,4.0678
12,100,6.7600,338,13,87,11.746845,2.425467,4.0965
12,100,6.7800,339,13,87,11.722216,2.383902,4.1212
12,100,6.8000,340,13,87,11.700831,2.312327,4.1420
12,100,6.8200,341,13,87,11.682706,2.272358,4.1588
12,100,6.8400,342,13,87,11.667855,2.232289,4.1718
12,100,6.8600,343,13,87,11.656288,2.208083,4.1808
12,100,6.8800,344,12,88,11.648013,2.121025,4.1859
12,100,6.9000,345,12,88,11.643035,2.089208,4.1871
12,100,6.9200,346,13,87,11.641355,2.016312,4.1844
12,100,6.9400,347,12,88,11.642975,1.942495,4.1777
12,100,6.9600,348,11,89,11.647889,1.859620,4.1672
12,100,6.9800,349,14,86,11.656093,1.794727,4.1527
12,100,7.0000,350,14,86,11.667577,1.703420,4.1343
12,100,7.0200,351,15,85,11.682329,1.635782,4.1120
12,100,7.0400,352,14,86,11.700336,1.603035,4.0857
12,100,7.0600,353,14,86,11.721580,1.570178,4.0556
12,100,7.0800,354,14,86,11.746042,1.522030,4.0215
12,100,7.1000,355,15,85,11.773700,1.470030,3.9836
12,100,7.1200,356,15,85,11.804529,1.419184,3.9417
12,100,7.1400,357,15,85,11.838502,1.393240,3.8959
12,100,7.1600,358,16,84,11.875591,1.355025,3.8462
12,100,7.1800,359,16,84,11.915766,1.298077,3.7926
12,100,7.2000,360,16,84,11.958990,1.246658,3.7351
12,100,7.2200,361,16,84,12.005233,1.208969,3.6736
12,100,7.2400,362,16,84,12.054456,1.190410,3.6083
12,100,7.2600,363,16,84,12.106621,1.157939,3.5390
12,100,7.2800,364,15,85,12.161687,1.137015,3.4659
12,100,7.3000,365,16,84,12.219616,1.091052,3.3888
12,100,7.3200,366,17,83,12.280362,1.065537,3.3079
12,100,7.3400,367,17,83,12.343884,1.026637,3.2230
12,100,7.3600,368,20,80,12.410137,0.984463,3.1343
12,100,7.3800,369,21,79,12.479076,0.971286,3.0416
12,100,7.4000,370,21,79,12.550653,0.947373,2.9450
12,100,7.4200,371,21,79,12.624825,0.929679,2.8446
12,100,7.4400,372,22,78,12.701539,0.911195,2.7402
12,100,7.4600,373,22,78,12.780754,0.895012,2.6320
12,100,7.4800,374,22,78,12.862418,0.859730,2.5198
12,100,7.5000,375,22,78,12.946485,0.812895,2.4037
12,100,7.5200,376,24,76,13.032904,0.787931,2.2838
12,100,7.5400,377,27,73,13.121630,0.744040,2.1599
12,100,7.5600,378,27,73,13.212611,0.725303,2.0322
12,100,7.5800,379,27,73,13.305803,0.707577,1.9006
12,100,7.6000,380,27,73,13.401156,0.700042,1.8188
12,100,7.6200,381,26,74,13.498623,0.675453,1.8178
12,100,7.6400,382,26,74,13.598157,0.648493,1.8167
12,100,7.6600,383,29,71,13.699711,0.639675,1.8155
12,100,7.6800,384,27,73,13.803239,0.629667,1.8141
12,100,7.7000,385,28,72,13.908695,0.618980,1.8127
12,100,7.7200,386,28,72,14.016034,0.612712,1.8111
12,100,7.7400,387,43,57,10.819666,0.552937,1.8093
12,100,7.7600,388,44,56,10.808323,0.541525,1.8073
12,100,7.7800,389,44,56,10.800531,0.533984,1.8051
12,100,7.8000,390,44,56,10.796295,0.531118,1.8027
12,100,7.8200,391,46,54,10.795618,0.522502,1.8000
12,100,7.8400,392,46,54,10.798495,0.498982,1.7970
12,100,7.8600,393,47,53,10.804924,0.495891,1.7935
12,100,7.8800,394,49,51,10.814898,0.488027,1.7897
12,100,7.9000,395,49,51,10.828400,0.486157,1.7854
12,100,7.9200,396,50,50,10.845419,0.475207,1.7806
12,100,7.9400,397,50,50,9.911439,0.460573,1.7752
12,100,7.9600,398,51,49,9.874729,0.459413,1.7692
12,100,7.9800,399,51,49,9.841805,0.456768,1.7625
12,100,8.0000,400,52,48,9.812704,0.445375,1.7549
12,100,8.0200,401,53,47,9.787457,0.437720,1.7465
12,100,8.0400,402,53,47,9.766092,0.422849,1.7370
12,100,8.0600,403,53,47,9.748632,0.418387,1.7264
12,100,8.0800,404,55,45,9.735097,0.410755,1.7145
12,100,8.1000,405,58,42,9.725498,0.410161,1.7011
12,100,8.1200,406,58,42,9.719848,0.397845,1.6928
12,100,8.1400,407,58,42,9.718148,0.392680,1.6888
12,100,8.1600,408,58,42,9.720401,0.388188,1.6843
12,100,8.1800,409,58,42,9.726598,0.386639,1.6789
12,100,8.2000,410,58,42,9.736732,0.368714,1.6724
12,100,8.2200,411,59,41,9.750788,0.366906,1.6645
12,100,8.2400,412,59,41,9.768745,0.365708,1.6550
12,100,8.2600,413,59,41,9.790583,0.365806,1.6440
12,100,8.2800,414,59,41,9.604371,0.365017,1.6312
12,100,8.3000,415,60,40,9.572018,0.361996,1.6235
12,100,8.3200,416,60,40,9.543597,0.359128,1.6222
12,100,8.3400,417,61,39,9.519144,0.340835,1.6211
12,100,8.3600,418,61,39,9.498685,0.319571,1.6200
12,100,8.3800,419,61,39,9.482244,0.317426,1.6186
12,100,8.4000,420,63,37,9.469839,0.304264,1.6178
12,100,8.4200,421,63,37,9.461484,0.300277,1.6175
12,100,8.4400,422,64,36,9.457187,0.286486,1.6173
12,100,8.4600,423,64,36,9.456951,0.282238,1.6171
12,100,8.4800,424,64,36,9.460775,0.279121,1.6168
12,100,8.5000,425,64,36,9.468651,0.260185,1.6167
12,100,8.5200,426,64,36,9.480566,0.253886,1.6165
12,100,8.5400,427,65,35,9.496502,0.249605,1.6153
12,100,8.5600,428,65,35,9.516438,0.246082,1.6149
12,100,8.5800,429,65,35,9.540344,0.243291,1.6146
12,100,8.6000,430,66,34,9.568191,0.236812,1.6142
12,100,8.6200,431,70,30,9.599939,0.234805,1.6130
12,100,8.6400,432,70,30,7.999916,0.217595,1.6125
12,100,8.6600,433,70,30,7.869766,0.215437,1.6119
12,100,8.6800,434,70,30,7.805945,0.209924,1.6112
12,100,8.7000,435,70,30,7.746595,0.207894,1.6094
12,100,8.7200,436,70,30,7.691815,0.206969,1.6084
12,100,8.7400,437,70,30,7.641702,0.206794,1.6075
12,100,8.7600,438,71,29,7.596344,0.207277,1.6053
12,100,8.7800,439,71,29,7.555825,0.194440,1.6038
12,100,8.8000,440,71,29,7.520218,0.177645,1.6023
12,100,8.8200,441,72,28,7.489593,0.174545,1.5992
12,100,8.8400,442,72,28,7.464006,0.173114,1.5967
12,100,8.8600,443,73,27,7.443506,0.169624,1.5960
12,100,8.8800,444,74,26,7.428132,0.167439,1.5957
12,100,8.9000,445,74,26,7.417913,0.165474,1.5959
12,100,8.9200,446,74,26,7.412868,0.163776,1.5960
12,100,8.9400,447,74,26,7.413003,0.162520,1.5963
12,100,8.9600,448,74,26,7.418316,0.142949,1.5968
12,100,8.9800,449,74,26,7.428792,0.140873,1.5973
12,100,9.0000,450,74,26,7.444406,0.139347,1.5977
12,100,9.0200,451,74,26,7.465123,0.138092,1.5982
12,100,9.0400,452,74,26,7.490898,0.137139,1.5986
12,100,9.0600,453,74,26,7.521675,0.136545,1.5989
12,100,9.0800,454,74,26,7.557391,0.136304,1.5991
12,100,9.1000,455,74,26,7.597972,0.137137,1.5993
12,100,9.1200,456,74,26,7.643338,0.138282,1.5995
12,100,9.1400,457,74,26,7.693402,0.139734,1.5997
12,100,9.1600,458,74,26,7.748069,0.125057,1.5999
12,100,9.1800,459,74,26,7.807241,0.124536,1.6000
12,100,9.2000,460,74,26,5.917795,0.105016,1.6000
12,100,9.2200,461,75,25,5.790264,0.099755,1.6001
12,100,9.2400,462,75,25,5.724409,0.098226,1.6001
12,100,9.2600,463,75,25,5.664610,0.096583,1.6000
12,100,9.2800,464,75,25,5.611056,0.095082,1.5999
12,100,9.3000,465,75,25,5.563924,0.093752,1.5997
12,100,9.3200,466,75,25,5.523374,0.092657,1.5996
12,100,9.3400,467,76,24,5.489546,0.077869,1.5994
12,100,9.3600,468,76,24,5.462564,0.075204,1.5991
12,100,9.3800,469,76,24,5.442523,0.073087,1.5989
12,100,9.4000,470,76,24,5.429495,0.071197,1.5985
12,100,9.4200,471,76,24,5.423529,0.069594,1.5982
12,100,9.4400,472,76,24,5.424643,0.066975,1.5978
12,100,9.4600,473,76,24,5.432827,0.065986,1.5974
12,100,9.4800,474,76,24,5.448046,0.065144,1.5967
12,100,9.5000,475,76,24,5.470237,0.064472,1.5960
12,100,9.5200,476,76,24,3.113624,0.041215,1.5951
12,100,9.5400,477,76,24,3.070817,0.040882,1.5939
12,100,9.5600,478,76,24,3.123448,0.041610,1.5924
12,100,9.5800,479,76,24,3.187246,0.042272,1.5925
12,100,9.6000,480,76,24,3.261548,0.042885,1.5925
12,100,9.6200,481,76,24,3.345648,0.043465,1.5922
12,100,9.6400,482,76,24,2.999348,0.040381,1.5914
12,100,9.6600,483,76,24,2.999171,0.041428,1.5905
12,100,9.6800,484,76,24,3.001704,0.042636,1.5896
12,100,9.7000,485,77,23,3.016987,0.043784,1.5885
12,100,9.7200,486,77,23,3.044821,0.044578,1.5875
12,100,9.7400,487,77,23,3.084857,0.045553,1.5864
12,100,9.7600,488,77,23,3.136623,0.046701,1.5853
12,100,9.7800,489,78,22,3.199540,0.048030,1.5841
12,100,9.8000,490,78,22,3.272960,0.049929,1.5817
12,100,9.8200,491,78,22,3.356187,0.042770,1.5801
12,100,9.8400,492,78,22,3.448502,0.042331,1.5786
12,100,9.8600,493,78,22,3.549192,0.042455,1.5770
12,100,9.8800,494,78,22,2.268680,0.028858,1.5754
12,100,9.9000,495,93,7,2.149566,0.026800,1.5737
12,100,9.9200,496,93,7,1.943044,0.024810,1.5704
12,100,9.9400,497,93,7,1.895302,0.023703,1.5671
12,100,9.9600,498,93,7,1.836365,0.022787,1.5641
12,100,9.9800,499,93,7,1.786895,0.022448,1.5611
12,100,10.0000,500,93,7,1.746814,0.023416,1.5564
12,100,10.0200,501,93,7,1.716831,0.024651,1.5502
12,100,10.0400,502,93,7,1.697606,0.026202,1.5427
12,100,10.0600,503,93,7,1.689660,0.027991,1.5339
12,100,10.0800,504,93,7,1.517465,0.028185,1.5234
12,100,10.1000,505,91,9,1.443918,0.029570,1.5112
12,100,10.1200,506,91,9,1.370979,0.030324,1.5043
12,100,10.1400,507,91,9,1.295717,0.030353,1.5043
12,100,10.1600,508,91,9,1.219045,0.030286,1.5043
12,100,10.1800,509,91,9,1.198903,0.030625,1.5043
12,100,10.2000,510,91,9,1.334358,0.031056,1.5043
12,100,10.2200,511,91,9,1.474524,0.028550,1.5043
12,100,10.2400,512,91,9,0.763480,0.013669,1.5043
12,100,10.2600,513,91,9,0.668698,0.009599,1.5043
12,100,10.2800,514,91,9,0.569601,0.007438,1.5043
12,100,10.3000,515,91,9,0.470932,0.006659,1.5043
12,100,10.3200,516,91,9,0.373546,0.005604,1.5043
12,100,10.3400,517,91,9,0.277416,0.004133,1.5043
12,100,10.3600,518,91,9,0.184592,0.002593,1.5043
12,100,10.3800,519,91,9,0.108466,0.001406,1.5043
12,100,10.4000,520,91,9,0.063728,0.000865,1.5043
12,100,10.4200,521,91,9,0.023391,0.000604,1.5043
12,100,10.4400,522,91,9,0.054634,0.000893,1.5043
12,100,10.4600,523,91,9,0.107990,0.001303,1.5043
12,100,10.4801,524,91,9,0.162720,0.001734,1.5043
12,100,10.5001,525,91,9,0.218158,0.002237,1.5043
12,100,10.5201,526,91,9,0.274637,0.002804,1.5043
12,100,10.5401,527,98,2,0.332354,0.003324,1.5043
12,100,10.5601,528,98,2,0.295516,0.002955,1.5043
12,100,10.5801,529,98,2,0.278482,0.002785,1.5043
12,100,10.6001,530,99,1,0.294329,0.002943,1.5043
12,100,10.6201,531,99,1,0.304977,0.003050,1.5043
12,100,10.6401,532,99,1,0.323048,0.003230,1.5043
12,100,10.6601,533,99,1,0.344571,0.003446,1.5043
12,100,10.6801,534,99,1,0.370855,0.003709,1.5043
12,100,10.7001,535,99,1,0.401897,0.004019,1.5043
12,100,10.7201,536,99,1,0.438282,0.004383,1.5043
12,100,10.7401,537,99,1,0.480509,0.004805,1.5043
12,100,10.7601,538,99,1,0.529291,0.005293,1.5043
12,100,10.7801,539,99,1,0.586678,0.005867,1.5043
12,100,10.8001,540,99,1,0.656787,0.006568,1.5043
12,100,10.8201,541,99,1,0.736521,0.007365,1.5043
12,100,10.8401,542,99,1,0.823453,0.008235,1.5043
12,100,10.8601,543,99,1,0.913295,0.009133,1.5043
12,100,10.8801,544,99,1,1.006691,0.010067,1.5043
12,100,10.9001,545,99,1,1.103634,0.011036,1.5043
12,100,10.9201,546,99,1,1.204535,0.012045,1.5043
12,100,10.9401,547,99,1,0.528305,0.005283,1.5043
12,100,10.9601,548,99,1,0.233664,0.002337,1.5043
12,100,10.9801,549,99,1,0.139772,0.001398,1.5043
12,100,11.0001,550,99,1,0.057458,0.000575,1.5043
12,100,11.0201,551,99,1,0.009088,0.000091,1.5043
12,100,11.0401,552,99,1,0.012502,0.000125,1.5043
12,100,11.0601,553,99,1,0.005222,0.000052,1.5043
12,100,11.0801,554,99,1,0.000475,0.000005,1.5043
12,100,11.1001,555,99,1,0.001226,0.000012,1.5043
12,100,11.1201,556,99,1,0.000450,0.000005,1.5043
12,100,11.1401,557,99,1,0.000376,0.000004,1.5043
12,100,11.1601,558,99,1,0.000148,0.000001,1.5043
12,100,11.1801,559,99,1,0.000067,0.000001,1.5043
12,100,11.2001,560,99,1,0.000002,0.000000,1.5043
12,100,11.2201,561,99,1,0.000009,0.000000,1.5043
12,100,11.2401,562,99,1,0.000028,0.000000,1.5043
12,100,11.2601,563,99,1,0.000015,0.000000,1.5043
12,100,11.2801,564,99,1,0.000020,0.000000,1.5043
12,100,11.3001,565,100,0,0.000000,0.000000,1.5043
13,100,0.0200,1,0,100,0.195961,0.188467,99.4961
13,100,0.0400,2,0,100,0.391882,0.370531,99.4882
13,100,0.0600,3,0,100,0.587765,0.545503,99.4765
13,100,0.0800,4,0,100,0.783608,0.712582,99.4608
13,100,0.1000,5,0,100,0.979412,0.870970,99.4412
13,100,0.1200,6,0,100,1.175177,1.019861,99.4177
13,100,0.1400,7,0,100,1.370903,1.158439,99.3903
13,100,0.1600,8,0,100,1.566589,1.285882,99.3590
13,100,0.1800,9,0,100,1.762237,1.401369,99.3237
13,100,0.2000,10,0,100,1.957845,1.504103,99.2846
13,100,0.2200,11,0,100,2.153414,1.593327,99.2415
13,100,0.2400,12,0,100,2.348942,1.668338,99.1945
13,100,0.2600,13,0,100,2.544428,1.728501,99.1436
13,100,0.2800,14,0,100,2.739864,1.773256,99.0888
13,100,0.3000,15,0,100,2.935195,1.802168,99.0301
13,100,0.3200,16,0,100,3.130335,1.815095,98.9675
13,100,0.3400,17,0,100,3.324965,1.812483,98.9010
13,100,0.3600,18,0,100,3.518369,1.795596,98.8306
13,100,0.3800,19,0,100,3.709031,1.766172,98.7564
13,100,0.4000,20,0,100,3.894050,1.726098,98.6785
13,100,0.4200,21,0,100,4.068347,1.677287,98.5971
13,100,0.4400,22,0,100,4.223738,1.621500,98.5125
13,100,0.4600,23,0,100,4.348034,1.560552,98.4253
13,100,0.4800,24,0,100,4.424396,1.496143,98.3365
13,100,0.5000,25,0,100,4.431233,1.431309,98.2475
13,100,0.5200,26,0,100,4.342925,1.369307,98.1600
13,100,0.5400,27,0,100,4.131585,1.314116,98.0767
13,100,0.5600,28,0,100,3.769978,1.270766,98.0005
13,100,0.5800,29,0,100,3.235634,1.245738,97.9351
13,100,0.6000,30,0,100,2.517728,1.248137,97.8845
13,100,0.6200,31,0,100,2.836543,1.293546,97.8531
13,100,0.6400,32,0,100,3.267365,1.424197,97.8452
13,100,0.6600,33,0,100,3.746947,1.701141,97.8647
13,100,0.6800,34,0,100,4.293106,1.992419,97.9148
13,100,0.7000,35,0,100,4.948092,2.258191,97.9968
13,100,0.7200,36,0,100,5.916264,2.486508,98.1114
13,100,0.7400,37,0,100,7.424482,2.668058,98.2573
13,100,0.7600,38,0,100,8.763440,2.794968,98.4316
13,100,0.7800,39,0,100,9.882883,2.861427,98.6293
13,100,0.8000,40,0,100,10.705153,2.869756,98.8443
13,100,0.8200,41,0,100,11.207397,2.827141,99.0694
13,100,0.8400,42,0,100,11.294800,2.744720,99.2967
13,100,0.8600,43,0,100,11.110308,2.660538,99.5188
13,100,0.8800,44,0,100,10.914447,2.587193,99.7359
13,100,0.9000,45,0,100,10.717389,2.520098,99.9491
13,100,0.9200,46,0,100,10.520412,2.458275,100.1582
13,100,0.9400,47,0,100,10.323517,2.400538,100.3634
13,100,0.9600,48,0,100,10.126705,2.345653,100.5647
13,100,0.9800,49,0,100,9.929980,2.292910,100.7620
13,100,1.0000,50,0,100,9.733347,2.242756,100.9553
13,100,1.0200,51,0,100,9.536805,2.193316,101.1447
13,100,1.0400,52,0,100,9.340360,2.145177,101.3301
13,100,1.0600,53,0,100,9.144014,2.097936,101.5116
13,100,1.0800,54,0,100,8.947773,2.051621,101.6891
13,100,1.1000,55,0,100,8.751639,2.006184,101.8627
13,100,1.1200,56,0,100,8.555619,1.961713,102.0323
13,100,1.1400,57,0,100,8.359716,1.917434,102.1979
13,100,1.1600,58,0,100,8.163938,1.873564,102.3596
13,100,1.1800,59,0,100,7.968290,1.832867,102.5174
13,100,1.2000,60,0,100,7.772777,1.793605,102.6712
13,100,1.2200,61,0,100,7.577409,1.757286,102.8210
13,100,1.2400,62,0,100,7.382194,1.719356,102.9669
13,100,1.2600,63,0,100,7.187140,1.679770,103.1089
13,100,1.2800,64,0,100,6.992257,1.640211,103.2469
13,100,1.3000,65,0,100,6.797557,1.609343,103.3809
13,100,1.3200,66,0,100,6.603052,1.578951,103.5110
13,100,1.3400,67,0,100,6.408757,1.551477,103.6372
13,100,1.3600,68,0,100,6.214689,1.529620,103.7594
13,100,1.3800,69,0,100,6.020864,1.515839,103.8777
13,100,1.4000,70,0,100,5.827302,1.496810,103.9920
13,100,1.4200,71,0,100,5.634028,1.473045,104.1024
13,100,1.4400,72,0,100,5.441067,1.450476,104.2089
13,100,1.4600,73,0,100,5.248450,1.438876,104.3114
13,100,1.4800,74,0,100,5.056211,1.417921,104.4100
13,100,1.5000,75,0,100,4.864389,1.411445,104.5046
13,100,1.5200,76,0,100,4.673032,1.385912,104.5953
13,100,1.5400,77,0,100,4.482193,1.366910,104.6820
13,100,1.5600,78,0,100,4.291938,1.364116,104.7648
13,100,1.5800,79,0,100,4.102340,1.341015,104.8437
13,100,1.6000,80,0,100,3.913489,1.336427,104.9187
13,100,1.6200,81,0,100,3.998865,1.308747,104.9897
13,100,1.6400,82,0,100,3.951796,1.303181,105.0568
13,100,1.6600,83,0,100,4.143837,1.274316,105.1199
13,100,1.6800,84,0,100,4.116158,1.268733,105.1791
13,100,1.7000,85,0,100,4.308233,1.238291,105.2344
13,100,1.7200,86,0,100,4.263515,1.231839,105.2858
13,100,1.7400,87,0,100,4.455736,1.213116,105.3332
13,100,1.7600,88,0,100,4.648160,1.207551,105.3767
13,100,1.7800,89,0,100,4.565919,1.169538,105.4163
13,100,1.8000,90,0,100,4.758475,1.179217,105.4519
13,100,1.8200,91,0,100,4.654755,1.175776,105.4836
13,100,1.8400,92,0,100,4.847330,1.164247,105.5114
13,100,1.8600,93,0,100,4.724811,1.172027,105.5353
13,100,1.8800,94,0,100,4.917367,1.188766,105.5552
13,100,1.9000,95,0,100,5.110071,1.195308,105.5712
13,100,1.9200,96,0,100,4.971472,1.215781,105.5833
13,100,1.9400,97,0,100,5.164143,1.249365,105.5915
13,100,1.9600,98,0,100,5.356941,1.270831,105.5957
13,100,1.9800,99,0,100,5.549850,1.298053,105.5961
13,100,2.0000,100,0,100,5.398090,1.331529,105.5925
13,100,2.0200,101,0,100,5.590967,1.373294,105.5850
13,100,2.0400,102,0,100,5.783940,1.406958,105.5736
13,100,2.0600,103,0,100,5.976996,1.455478,105.5582
13,100,2.0800,104,0,100,5.816504,1.501374,105.5390
13,100,2.1000,105,0,100,6.009541,1.550736,105.5158
13,100,2.1200,106,0,100,6.202650,1.591293,105.4887
13,100,2.1400,107,0,100,6.395821,1.642250,105.4577
13,100,2.1600,108,0,100,6.227920,1.692128,105.4228
13,100,2.1800,109,0,100,6.421110,1.747196,105.3840
13,100,2.2000,110,0,100,6.614352,1.787048,105.3412
13,100,2.2200,111,0,100,6.807637,1.835032,105.2946
13,100,2.2400,112,0,100,7.000959,1.886217,105.2440
13,100,2.2600,113,0,100,6.824342,1.935730,105.1896
13,100,2.2800,114,0,100,7.017737,1.977611,105.1312
13,100,2.3000,115,0,100,7.211158,2.027521,105.0689
13,100,2.3200,116,0,100,7.404602,2.082044,105.0027
13,100,2.3400,117,0,100,7.598062,2.139419,104.9326
13,100,2.3600,118,0,100,7.411359,2.192357,104.8586
13,100,2.3800,119,0,100,7.604950,2.239092,104.7807
13,100,2.4000,120,0,100,7.798549,2.294568,104.6989
13,100,2.4200,121,0,100,7.992148,2.355426,104.6132
13,100,2.4400,122,0,100,8.185749,2.420407,104.5236
13,100,2.4600,123,0,100,7.997931,2.482504,104.4301
13,100,2.4800,124,0,100,8.191708,2.543078,104.3327
13,100,2.5000,125,0,100,8.385474,2.613519,104.2313
13,100,2.5200,126,0,100,8.579226,2.691183,104.1261
13,100,2.5400,127,0,100,8.408241,2.770242,104.0170
13,100,2.5600,128,0,100,8.602170,2.855288,103.9040
13,100,2.5800,129,0,100,8.796076,2.944235,103.7871
13,100,2.6000,130,0,100,8.989958,3.043100,103.6663
13,100,2.6200,131,0,100,8.843155,3.144841,103.5416
13,100,2.6400,132,0,100,9.037141,3.258353,103.4130
13,100,2.6600,133,0,100,9.231096,3.374255,103.2805
13,100,2.6800,134,0,100,9.026234,3.490607,103.1441
13,100,2.7000,135,0,100,9.220113,3.614940,103.0039
13,100,2.7200,136,0,100,9.413964,3.737774,102.8597
13,100,2.7400,137,0,100,9.607787,3.863968,102.7117
13,100,2.7600,138,0,100,9.445602,3.993389,102.5597
13,100,2.7800,139,0,100,9.639151,4.130158,102.4039
13,100,2.8000,140,0,100,9.832682,4.270951,102.2442
13,100,2.8200,141,0,100,10.026192,4.413789,102.0806
13,100,2.8400,142,0,100,10.219684,4.556917,101.9131
13,100,2.8600,143,0,100,10.413155,4.700329,101.7417
13,100,2.8800,144,0,100,10.606602,4.845728,101.5664
13,100,2.9000,145,0,100,10.800027,4.990927,101.3873
13,100,2.9200,146,0,100,10.993426,5.135964,101.2043
13,100,2.9400,147,0,100,11.186803,5.281049,101.0174
13,100,2.9600,148,0,100,11.380154,5.427549,100.8266
13,100,2.9800,149,0,100,11.573479,5.575618,100.6319
13,100,3.0000,150,0,100,11.766776,5.724958,100.4333
13,100,3.0200,151,0,100,11.960048,5.876145,100.2309
13,100,3.0400,152,0,100,12.153291,6.028780,100.0246
13,100,3.0600,153,0,100,11.999165,6.179900,99.8144
13,100,3.0800,154,0,100,12.192020,6.333574,99.6003
13,100,3.1000,155,0,100,12.384860,6.488654,99.3824
13,100,3.1200,156,0,100,12.577682,6.645592,99.1606
13,100,3.1400,157,0,100,12.770486,6.803844,98.9349
13,100,3.1600,158,0,100,12.963271,6.963639,98.7053
13,100,3.1800,159,0,100,13.156035,7.123904,98.4719
13,100,3.2000,160,0,100,13.348780,7.284677,98.2345
13,100,3.2200,161,0,100,13.541500,7.446302,97.9934
13,100,3.2400,162,0,100,13.734200,7.608538,97.7483
13,100,3.2600,163,0,100,13.926876,7.771115,97.4994
13,100,3.2800,164,0,100,14.119529,7.933971,97.2466
13,100,3.3000,165,0,100,14.312159,8.097190,96.9899
13,100,3.3200,166,0,100,14.504762,8.261071,96.7294
13,100,3.3400,167,0,100,14.697341,8.425440,96.4650
13,100,3.3600,168,0,100,14.889894,8.589544,96.1967
13,100,3.3800,169,0,100,15.082419,8.754156,95.9246
13,100,3.4000,170,0,100,15.274920,8.919114,95.6486
13,100,3.4200,171,0,100,15.467393,9.083665,95.3687
13,100,3.4400,172,0,100,15.659837,9.248535,95.0850
13,100,3.4600,173,0,100,15.852253,9.414206,94.7974
13,100,3.4800,174,0,100,16.044641,9.580587,94.5060
13,100,3.5000,175,0,100,16.237001,9.748390,94.2106
13,100,3.5200,176,0,100,16.429331,9.917192,93.9115
13,100,3.5400,177,0,100,16.621632,10.086286,93.6084
13,100,3.5600,178,0,100,16.813904,10.255649,93.3016
13,100,3.5800,179,0,100,17.006144,10.425467,92.9908
13,100,3.6000,180,0,100,17.198357,10.595530,92.6762
13,100,3.6200,181,0,100,17.390535,10.765612,92.3577
13,100,3.6400,182,0,100,17.582684,10.935409,92.0354
13,100,3.6600,183,0,100,17.774803,11.105139,91.7093
13,100,3.6800,184,0,100,17.661341,11.270644,91.3792
13,100,3.7000,185,0,100,17.853357,11.438712,91.0454
13,100,3.7200,186,0,100,18.045343,11.607475,90.7076
13,100,3.7400,187,0,100,18.237303,11.776497,90.3660
13,100,3.7600,188,0,100,18.429230,11.945902,90.0206
13,100,3.7800,189,0,100,18.621128,12.116039,89.6713
13,100,3.8000,190,0,100,18.812994,12.287149,89.3182
13,100,3.8200,191,0,100,19.004831,12.458676,88.9612
13,100,3.8400,192,0,100,19.196636,12.630375,88.6004
13,100,3.8600,193,0,100,19.388411,12.802152,88.2357
13,100,3.8800,194,0,100,19.580153,12.974070,87.8672
13,100,3.9000,195,0,100,19.771864,13.146324,87.4948
13,100,3.9200,196,0,100,19.963543,13.318622,87.1186
13,100,3.9400,197,0,100,20.155190,13.491037,86.7386
13,100,3.9600,198,0,100,20.346804,13.663577,86.3547
13,100,3.9800,199,0,100,20.538389,13.836056,85.9669
13,100,4.0000,200,0,100,20.729939,14.008406,85.5753
13,100,4.0200,201,0,100,20.921455,14.180864,85.1799
13,100,4.0400,202,0,100,21.112940,14.353391,84.7807
13,100,4.0600,203,0,100,21.304392,14.525992,84.3775
13,100,4.0800,204,0,100,21.495813,14.699280,83.9706
13,100,4.1000,205,0,100,21.687197,14.873735,83.5598
13,100,4.1200,206,0,100,21.878548,15.046700,83.1452
13,100,4.1400,207,0,100,22.069868,15.219682,82.7268
13,100,4.1600,208,0,100,22.261152,15.393380,82.3045
13,100,4.1800,209,0,100,22.452402,15.566890,81.8783
13,100,4.2000,210,0,100,22.643623,15.740046,81.4484
13,100,4.2200,211,0,100,22.834805,15.912703,81.0146
13,100,4.2400,212,0,100,23.025955,16.085369,80.5770
13,100,4.2600,213,0,100,23.217070,16.258291,80.1355
13,100,4.2800,214,0,100,23.408152,16.431921,79.6902
13,100,4.3000,215,0,100,23.599199,16.605158,79.2411
13,100,4.3200,216,0,100,23.790213,16.779051,78.7882
13,100,4.3400,217,0,100,23.981192,16.953432,78.3314
13,100,4.3600,218,0,100,24.000645,17.127779,77.8708
13,100,4.3800,219,0,100,24.191534,17.301620,77.4064
13,100,4.4000,220,0,100,24.382387,17.475384,76.9381
13,100,4.4200,221,0,100,24.573210,17.651516,76.4660
13,100,4.4400,222,0,100,24.764000,17.824591,75.9901
13,100,4.4600,223,0,100,24.954754,17.994152,75.5104
13,100,4.4800,224,0,100,25.145473,18.163696,75.0268
13,100,4.5000,225,0,100,25.336159,18.342113,74.5395
13,100,4.5200,226,0,100,25.526812,18.512970,74.0483
13,100,4.5400,227,0,100,25.717430,18.684338,73.5533
13,100,4.5600,228,0,100,25.908010,18.854780,73.0544
13,100,4.5800,229,0,100,26.098560,19.028929,72.5518
13,100,4.6000,230,0,100,26.289072,19.201401,72.0453
13,100,4.6200,231,0,100,26.479548,19.375944,71.5350
13,100,4.6400,232,0,100,26.669992,19.476177,71.0209
13,100,4.6600,233,0,100,26.860401,19.506254,70.5030
13,100,4.6800,234,0,100,27.050776,19.390953,69.9812
13,100,4.7000,235,0,100,27.241116,19.538431,69.4557
13,100,4.7200,236,0,100,27.431419,19.378263,68.9263
13,100,4.7400,237,0,100,27.621687,19.144871,68.3931
13,100,4.7600,238,0,100,27.811922,19.146263,67.8561
13,100,4.7800,239,0,100,28.002119,19.268944,67.3153
13,100,4.8000,240,0,100,28.192284,19.415445,66.7707
13,100,4.8200,241,0,100,28.382410,19.332344,66.2222
13,100,4.8400,242,0,100,28.572502,19.261578,65.6700
13,100,4.8600,243,0,100,28.762558,19.245241,65.1139
13,100,4.8800,244,0,100,28.952583,19.323315,64.5541
13,100,4.9000,245,0,100,29.142569,19.372812,63.9904
13,100,4.9200,246,0,100,29.332518,19.382042,63.4230
13,100,4.9400,247,0,100,29.522432,19.380535,62.8517
13,100,4.9600,248,0,100,29.712313,19.182623,62.2766
13,100,4.9800,249,0,100,29.902155,19.257689,61.6977
13,100,5.0000,250,0,100,30.091963,19.343103,61.1150
13,100,5.0200,251,0,100,30.281736,19.447302,60.5285
13,100,5.0400,252,0,100,30.471472,19.568090,59.9382
13,100,5.0600,253,0,100,30.661171,19.670000,59.3441
13,100,5.0800,254,0,100,30.850838,19.567560,58.7462
13,100,5.1000,255,0,100,31.040466,19.499079,58.1445
13,100,5.1200,256,0,100,31.230059,19.574905,57.5390
13,100,5.1400,257,0,100,31.419617,19.712196,56.9298
13,100,5.1600,258,0,100,31.609138,19.821922,56.3167
13,100,5.1800,259,0,100,31.798622,19.908728,55.6998
13,100,5.2000,260,0,100,31.988071,19.964008,55.0791
13,100,5.2200,261,0,100,32.177486,20.016352,54.4546
13,100,5.2400,262,0,100,32.366863,20.022316,53.8263
13,100,5.2600,263,0,100,32.556202,19.927217,53.1943
13,100,5.2800,264,0,100,32.745510,19.610781,52.5584
13,100,5.3000,265,0,100,32.934776,19.587433,51.9188
13,100,5.3200,266,1,99,33.124012,19.396078,51.2753
13,100,5.3400,267,3,97,33.313206,19.274931,50.6281
13,100,5.3600,268,3,97,33.330925,19.334663,49.9771
13,100,5.3800,269,3,97,33.522373,19.166403,49.3223
13,100,5.4000,270,3,97,33.660328,19.059303,48.6637
13,100,5.4200,271,3,97,33.849411,18.821827,48.0013
13,100,5.4400,272,3,97,34.038456,18.508047,47.3351
13,100,5.4600,273,1,99,34.227467,18.429152,46.6651
13,100,5.4800,274,0,100,34.416439,17.865009,45.9914
13,100,5.5000,275,0,100,34.605377,17.700737,45.3139
13,100,5.5200,276,0,100,34.794281,17.484125,44.6326
13,100,5.5400,277,0,100,34.983143,17.355591,43.9475
13,100,5.5600,278,0,100,35.171974,17.217003,43.2586
13,100,5.5800,279,0,100,35.360767,17.055458,42.5659
13,100,5.6000,280,0,100,35.549522,16.899851,41.8695
13,100,5.6200,281,0,100,35.738243,16.480162,41.1693
13,100,5.6400,282,0,100,35.926926,16.179932,40.4653
13,100,5.6600,283,0,100,36.115574,15.995441,39.7575
13,100,5.6800,284,0,100,36.304184,15.687365,39.0459
13,100,5.7000,285,1,99,36.492760,15.522855,38.3306
13,100,5.7200,286,2,98,36.681297,15.330463,37.6115
13,100,5.7400,287,2,98,36.869801,15.054749,36.8886
13,100,5.7600,288,2,98,37.058266,14.997175,36.1620
13,100,5.7800,289,2,98,37.246693,14.881277,35.4315
13,100,5.8000,290,2,98,37.435089,14.764933,34.6973
13,100,5.8200,291,2,98,37.623444,14.603207,33.9593
13,100,5.8400,292,2,98,37.811764,14.359089,33.2176
13,100,5.8600,293,3,97,38.000046,14.034371,32.4721
13,100,5.8800,294,2,98,38.188293,13.649275,31.7228
13,100,5.9000,295,1,99,38.376503,13.330771,30.9697
13,100,5.9200,296,1,99,38.564678,13.179320,30.2129
13,100,5.9400,297,1,99,38.752815,13.114409,29.4523
13,100,5.9600,298,1,99,38.940918,13.127611,28.6879
13,100,5.9800,299,1,99,39.128983,13.071351,27.9198
13,100,6.0000,300,1,99,39.317009,13.054762,27.1479
13,100,6.0200,301,1,99,39.505001,12.599627,26.3723
13,100,6.0400,302,2,98,39.692955,12.301318,25.5928
13,100,6.0600,303,2,98,39.880875,12.194131,24.8096
13,100,6.0800,304,2,98,40.068756,12.177870,24.0227
13,100,6.1000,305,1,99,40.256599,11.581333,23.2320
13,100,6.1200,306,1,99,40.444408,11.109954,22.4375
13,100,6.1400,307,2,98,40.632179,10.989196,21.6393
13,100,6.1600,308,2,98,40.819916,10.869798,20.8373
13,100,6.1800,309,2,98,41.007614,10.731424,20.0315
13,100,6.2000,310,2,98,41.195274,10.658553,19.2220
13,100,6.2200,311,1,99,41.382900,10.416581,18.4088
13,100,6.2400,312,1,99,41.570488,10.365881,17.5917
13,100,6.2600,313,1,99,41.758041,10.356030,16.7710
13,100,6.2800,314,2,98,41.945557,10.209663,15.9464
13,100,6.3000,315,2,98,42.133034,9.850595,15.1181
13,100,6.3200,316,3,97,42.320480,9.297869,14.2861
13,100,6.3400,317,3,97,42.507881,8.863254,13.4503
13,100,6.3600,318,3,97,42.448177,8.311091,12.6107
13,100,6.3800,319,3,97,42.635567,7.316058,11.7675
13,100,6.4000,320,4,96,42.822914,6.299445,10.9204
13,100,6.4200,321,4,96,42.789013,5.567135,10.0696
13,100,6.4400,322,5,95,42.976341,5.228326,9.2151
13,100,6.4600,323,5,95,43.163639,4.902182,8.3568
13,100,6.4800,324,7,93,43.191479,4.650953,7.4947
13,100,6.5000,325,7,93,43.378735,4.337129,6.6289
13,100,6.5200,326,7,93,43.509525,4.010315,5.7594
13,100,6.5400,327,7,93,30.850569,3.750955,5.0307
13,100,6.5600,328,8,92,24.759827,3.531325,4.5593
13,100,6.5800,329,7,93,26.331999,3.484533,4.1716
13,100,6.6000,330,7,93,22.695974,3.451009,3.8453
13,100,6.6200,331,7,93,17.440374,3.290659,3.8135
13,100,6.6400,332,10,90,17.595255,3.191839,3.8657
13,100,6.6600,333,10,90,16.132593,3.006432,3.9140
13,100,6.6800,334,10,90,13.030295,2.785237,3.9583
13,100,6.7000,335,11,89,11.840005,2.678133,3.9987
13,100,6.7200,336,11,89,11.805761,2.550124,4.0352
13,100,6.7400,337,12,88,11.774701,2.484884,4.0678
13,100,6.7600,338,13,87,11.746845,2.425467,4.0965
13,100,6.7800,339,13,87,11.722216,2.383902,4.1212
13,100,6.8000,340,13,87,11.700831,2.312327,4.1420
13,100,6.8200,341,13,87,11.682706,2.272358,4.1588
13,100,6.8400,342,13,87,11.667855,2.232289,4.1718
13,100,6.8600,343,13,87,11.656288,2.208083,4.1808
13,100,6.8800,344,12,88,11.648013,2.121025,4.1859
13,100,6.9000,345,12,88,11.643035,2.089208,4.1871
13,100,6.9200,346,13,87,11.641355,2.016312,4.1844
13,100,6.9400,347,12,88,11.642975,1.942495,4.1777
13,100,6.9600,348,11,89,11.647889,1.859620,4.1672
13,100,6.9800,349,14,86,11.656093,1.794727,4.1527
13,100,7.0000,350,14,86,11.667577,1.703420,4.1343
13,100,7.0200,351,15,85,11.682329,1.635782,4.1120
13,100,7.0400,352,14,86,11.700336,1.603035,4.0857
13,100,7.0600,353,14,86,11.721580,1.570178,4.0556
13,100,7.0800,354,14,86,11.746042,1.522030,4.0215
13,100,7.1000,355,15,85,11.773700,1.470030,3.9836
13,100,7.1200,356,15,85,11.804529,1.419184,3.9417
13,100,7.1400,357,15,85,11.838502,1.393240,3.8959
13,100,7.1600,358,16,84,11.875591,1.355025,3.8462
13,100,7.1800,359,16,84,11.915766,1.298077,3.7926
13,100,7.2000,360,16,84,11.958990,1.246658,3.7351
13,100,7.2200,361,16,84,12.005233,1.208969,3.6736
13,100,7.2400,362,16,84,12.054456,1.190410,3.6083
13,100,7.2600,363,16,84,12.106621,1.157939,3.5390
13,100,7.2800,364,15,85,12.161687,1.137015,3.4659
13,100,7.3000,365,16,84,12.219616,1.091052,3.3888
13,100,7.3200,366,17,83,12.280362,1.065537,3.3079
13,100,7.3400,367,17,83,12.343884,1.026637,3.2230
13,100,7.3600,368,20,80,12.410137,0.984463,3.1343
13,100,7.3800,369,21,79,12.479076,0.971286,3.0416
13,100,7.4000,370,21,79,12.550653,0.947373,2.9450
13,100,7.4200,371,21,79,12.624825,0.929679,2.8446
13,100,7.4400,372,22,78,12.701539,0.911195,2.7402
13,100,7.4600,373,22,78,12.780754,0.895012,2.6320
13,100,7.4800,374,22,78,12.862418,0.859730,2.5198
13,100,7.5000,375,22,78,12.946485,0.812895,2.4037
13,100,7.5200,376,24,76,13.032904,0.787931,2.2838
13,100,7.5400,377,27,73,13.121630,0.744040,2.1599
13,100,7.5600,378,27,73,13.212611,0.725303,2.0322
13,100,7.5800,379,27,73,13.305803,0.707577,1.9006
13,100,7.6000,380,27,73,13.401156,0.700042,1.8188
13,100,7.6200,381,26,74,13.498623,0.675453,1.8178
13,100,7.6400,382,26,74,13.598157,0.648493,1.8167
13,100,7.6600,383,29,71,13.699711,0.639675,1.8155
13,100,7.6800,384,27,73,13.803239,0.629667,1.8141
13,100,7.7000,385,28,72,13.908695,0.618980,1.8127
13,100,7.7200,386,28,72,14.016034,0.612712,1.8111
13,100,7.7400,387,43,57,10.819666,0.552937,1.8093
13,100,7.7600,388,44,56,10.808323,0.541525,1.8073
13,100,7.7800,389,44,56,10.800531,0.533984,1.8051
13,100,7.8000,390,44,56,10.796295,0.531118,1.8027
13,100,7.8200,391,46,54,10.795618,0.522502,1.8000
13,100,7.8400,392,46,54,10.798495,0.498982,1.7970
13,100,7.8600,393,47,53,10.804924,0.495891,1.7935
13,100,7.8800,394,49,51,10.814898,0.488027,1.7897
13,100,7.9000,395,49,51,10.828400,0.486157,1.7854
13,100,7.9200,396,50,50,10.845419,0.475207,1.7806
13,100,7.9400,397,50,50,9.911439,0.460573,1.7752
13,100,7.9600,398,51,49,9.874729,0.459413,1.7692
13,100,7.9800,399,51,49,9.841805,0.456768,1.7625
13,100,8.0000,400,52,48,9.812704,0.445375,1.7549
13,100,8.0200,401,53,47,9.787457,0.437720,1.7465
13,100,8.0400,402,53,47,9.766092,0.422849,1.7370
13,100,8.0600,403,53,47,9.748632,0.418387,1.7264
13,100,8.0800,404,55,45,9.735097,0.410755,1.7145
13,100,8.1000,405,58,42,9.725498,0.410161,1.7011
13,100,8.1200,406,58,42,9.719848,0.397845,1.6928
13,100,8.1400,407,58,42,9.718148,0.392680,1.6888
13,100,8.1600,408,58,42,9.720401,0.388188,1.6843
13,100,8.1800,409,58,42,9.726598,0.386639,1.6789
13,100,8.2000,410,58,42,9.736732,0.368714,1.6724
13,100,8.2200,411,59,41,9.750788,0.366906,1.6645
13,100,8.2400,412,59,41,9.768745,0.365708,1.6550
13,100,8.2600,413,59,41,9.790583,0.365806,1.6440
13,100,8.2800,414,59,41,9.604371,0.365017,1.6312
13,100,8.3000,415,60,40,9.572018,0.361996,1.6235
13,100,8.3200,416,60,40,9.543597,0.359128,1.6222
13,100,8.3400,417,61,39,9.519144,0.340835,1.6211
13,100,8.3600,418,61,39,9.498685,0.319571,1.6200
13,100,8.3800,419,61,39,9.482244,0.317426,1.6186
13,100,8.4000,420,63,37,9.469839,0.304264,1.6178
13,100,8.4200,421,63,37,9.461484,0.300277,1.6175
13,100,8.4400,422,64,36,9.457187,0.286486,1.6173
13,100,8.4600,423,64,36,9.456951,0.282238,1.6171
13,100,8.4800,424,64,36,9.460775,0.279121,1.6168
13,100,8.5000,425,64,36,9.468651,0.260185,1.6167
13,100,8.5200,426,64,36,9.480566,0.253886,1.6165
13,100,8.5400,427,65,35,9.496502,0.249605,1.6153
13,100,8.5600,428,65,35,9.516438,0.246082,1.6149
13,100,8.5800,429,65,35,9.540344,0.243291,1.6146
13,100,8.6000,430,66,34,9.568191,0.236812,1.6142
13,100,8.6200,431,70,30,9.599939,0.234805,1.6130
13,100,8.6400,432,70,30,7.999916,0.217595,1.6125
13,100,8.6600,433,70,30,7.869766,0.215437,1.6119
13,100,8.6800,434,70,30,7.805945,0.209924,1.6112
13,100,8.7000,435,70,30,7.746595,0.207894,1.6094
13,100,8.7200,436,70,30,7.691815,0.206969,1.6084
13,100,8.7400,437,70,30,7.641702,0.206794,1.6075
13,100,8.7600,438,71,29,7.596344,0.207277,1.6053
13,100,8.7800,439,71,29,7.555825,0.194440,1.6038
13,100,8.8000,440,71,29,7.520218,0.177645,1.6023
13,100,8.8200,441,72,28,7.489593,0.174545,1.5992
13,100,8.8400,442,72,28,7.464006,0.173114,1.5967
13,100,8.8600,443,73,27,7.443506,0.169624,1.5960
13,100,8.8800,444,74,26,7.428132,0.167439,1.5957
13,100,8.9000,445,74,26,7.417913,0.165474,1.5959
13,100,8.9200,446,74,26,7.412868,0.163776,1.5960
13,100,8.9400,447,74,26,7.413003,0.162520,1.5963
13,100,8.9600,448,74,26,7.418316,0.142949,1.5968
13,100,8.9800,449,74,26,7.428792,0.140873,1.5973
13,100,9.0000,450,74,26,7.444406,0.139347,1.5977
13,100,9.0200,451,74,26,7.465123,0.138092,1.5982
13,100,9.0400,452,74,26,7.490898,0.137139,1.5986
13,100,9.0600,453,74,26,7.521675,0.136545,1.5989
13,100,9.0800,454,74,26,7.557391,0.136304,1.5991
13,100,9.1000,455,74,26,7.597972,0.137137,1.5993
13,100,9.1200,456,74,26,7.643338,0.138282,1.5995
13,100,9.1400,457,74,26,7.693402,0.139734,1.5997
13,100,9.1600,458,74,26,7.748069,0.125057,1.5999
13,100,9.1800,459,74,26,7.807241,0.124536,1.6000
13,100,9.2000,460,74,26,5.917795,0.105016,1.6000
13,100,9.2200,461,75,25,5.790264,0.099755,1.6001
13,100,9.2400,462,75,25,5.724409,0.098226,1.6001
13,100,9.2600,463,75,25,5.664610,0.096583,1.6000
13,100,9.2800,464,75,25,5.611056,0.095082,1.5999
13,100,9.3000,465,75,25,5.563924,0.093752,1.5997
13,100,9.3200,466,75,25,5.523374,0.092657,1.5996
13,100,9.3400,467,76,24,5.489546,0.077869,1.5994
13,100,9.3600,468,76,24,5.462564,0.075204,1.5991
13,100,9.3800,469,76,24,5.442523,0.073087,1.5989
13,100,9.4000,470,76,24,5.429495,0.071197,1.5985
13,100,9.4200,471,76,24,5.423529,0.069594,1.5982
13,100,9.4400,472,76,24,5.424643,0.066975,1.5978
13,100,9.4600,473,76,24,5.432827,0.065986,1.5974
13,100,9.4800,474,76,24,5.448046,0.065144,1.5967
13,100,9.5000,475,76,24,5.470237,0.064472,1.5960
13,100,9.5200,476,76,24,3.113624,0.041215,1.5951
13,100,9.5400,477,76,24,3.070817,0.040882,1.5939
13,100,9.5600,478,76,24,3.123448,0.041610,1.5924
13,100,9.5800,479,76,24,3.187246,0.042272,1.5925
13,100,9.6000,480,76,24,3.261548,0.042885,1.5925
13,100,9.6200,481,76,24,3.345648,0.043465,1.5922
13,100,9.6400,482,76,24,2.999348,0.040381,1.5914
13,100,9.6600,483,76,24,2.999171,0.041428,1.5905
13,100,9.6800,484,76,24,3.001704,0.042636,1.5896
13,100,9.7000,485,77,23,3.016987,0.043784,1.5885
13,100,9.7200,486,77,23,3.044821,0.044578,1.5875
13,100,9.7400,487,77,23,3.084857,0.045553,1.5864
13,100,9.7600,488,77,23,3.136623,0.046701,1.5853
13,100,9.7800,489,78,22,3.199540,0.048030,1.5841
13,100,9.8000,490,78,22,3.272960,0.049929,1.5817
13,100,9.8200,491,78,22,3.356187,0.042770,1.5801
13,100,9.8400,492,78,22,3.448502,0.042331,1.5786
13,100,9.8600,493,78,22,3.549192,0.042455,1.5770
13,100,9.8800,494,78,22,2.268680,0.028858,1.5754
13,100,9.9000,495,93,7,2.149566,0.026800,1.5737
13,100,9.9200,496,93,7,1.943044,0.024810,1.5704
13,100,9.9400,497,93,7,1.895302,0.023703,1.5671
13,100,9.9600,498,93,7,1.836365,0.022787,1.5641
13,100,9.9800,499,93,7,1.786895,0.022448,1.5611
13,100,10.0000,500,93,7,1.746814,0.023416,1.5564
13,100,10.0200,501,93,7,1.716831,0.024651,1.5502
13,100,10.0400,502,93,7,1.697606,0.026202,1.5427
13,100,10.0600,503,93,7,1.689660,0.027991,1.5339
13,100,10.0800,504,93,7,1.517465,0.028185,1.5234
13,100,10.1000,505,91,9,1.443918,0.029570,1.5112
13,100,10.1200,506,91,9,1.370979,0.030324,1.5043
13,100,10.1400,507,91,9,1.295717,0.030353,1.5043
13,100,10.1600,508,91,9,1.219045,0.030286,1.5043
13,100,10.1800,509,91,9,1.198903,0.030625,1.5043
13,100,10.2000,510,91,9,1.334358,0.031056,1.5043
13,100,10.2200,511,91,9,1.474524,0.028550,1.5043
13,100,10.2400,512,91,9,0.763480,0.013669,1.5043
13,100,10.2600,513,91,9,0.668698,0.009599,1.5043
13,100,10.2800,514,91,9,0.569601,0.007438,1.5043
13,100,10.3000,515,91,9,0.470932,0.006659,1.5043
13,100,10.3200,516,91,9,0.373546,0.005604,1.5043
13,100,10.3400,517,91,9,0.277416,0.004133,1.5043
13,100,10.3600,518,91,9,0.184592,0.002593,1.5043
13,100,10.3800,519,91,9,0.108466,0.001406,1.5043
13,100,10.4000,520,91,9,0.063728,0.000865,1.5043
13,100,10.4200,521,91,9,0.023391,0.000604,1.5043
13,100,10.4400,522,91,9,0.054634,0.000893,1.5043
13,100,10.4600,523,91,9,0.107990,0.001303,1.5043
13,100,10.4801,524,91,9,0.162720,0.001734,1.5043
13,100,10.5001,525,91,9,0.218158,0.002237,1.5043
13,100,10.5201,526,91,9,0.274637,0.002804,1.5043
13,100,10.5401,527,98,2,0.332354,0.003324,1.5043
13,100,10.5601,528,98,2,0.295516,0.002955,1.5043
13,100,10.5801,529,98,2,0.278482,0.002785,1.5043
13,100,10.6001,530,99,1,0.294329,0.002943,1.5043
13,100,10.6201,531,99,1,0.304977,0.003050,1.5043
13,100,10.6401,532,99,1,0.323048,0.003230,1.5043
13,100,10.6601,533,99,1,0.344571,0.003446,1.5043
13,100,10.6801,534,99,1,0.370855,0.003709,1.5043
13,100,10.7001,535,99,1,0.401897,0.004019,1.5043
13,100,10.7201,536,99,1,0.438282,0.004383,1.5043
13,100,10.7401,537,99,1,0.480509,0.004805,1.5043
13,100,10.7601,538,99,1,0.529291,0.005293,1.5043
13,100,10.7801,539,99,1,0.586678,0.005867,1.5043
13,100,10.8001,540,99,1,0.656787,0.006568,1.5043
13,100,10.8201,541,99,1,0.736521,0.007365,1.5043
13,100,10.8401,542,99,1,0.823453,0.008235,1.5043
13,100,10.8601,543,99,1,0.913295,0.009133,1.5043
13,100,10.8801,544,99,1,1.006691,0.010067,1.5043
13,100,10.9001,545,99,1,1.103634,0.011036,1.5043
13,100,10.9201,546,99,1,1.204535,0.012045,1.5043
13,100,10.9401,547,99,1,0.528305,0.005283,1.5043
13,100,10.9601,548,99,1,0.233664,0.002337,1.5043
13,100,10.9801,549,99,1,0.139772,0.001398,1.5043
13,100,11.0001,550,99,1,0.057458,0.000575,1.5043
13,100,11.0201,551,99,1,0.009088,0.000091,1.5043
13,100,11.0401,552,99,1,0.012502,0.000125,1.5043
13,100,11.0601,553,99,1,0.005222,0.000052,1.5043
13,100,11.0801,554,99,1,0.000475,0.000005,1.5043
13,100,11.1001,555,99,1,0.001226,0.000012,1.5043
13,100,11.1201,556,99,1,0.000450,0.000005,1.5043
13,100,11.1401,557,99,1,0.000376,0.000004,1.5043
13,100,11.1601,558,99,1,0.000148,0.000001,1.5043
13,100,11.1801,559,99,1,0.000067,0.000001,1.5043
13,100,11.2001,560,99,1,0.000002,0.000000,1.5043
13,100,11.2201,561,99,1,0.000009,0.000000,1.5043
13,100,11.2401,562,99,1,0.000028,0.000000,1.5043
13,100,11.2601,563,99,1,0.000015,0.000000,1.5043
13,100,11.2801,564,99,1,0.000020,0.000000,1.5043
13,100,11.3001,565,100,0,0.000000,0.000000,1.5043
14,100,0.0200,1,0,100,0.195961,0.188467,99.4961
14,100,0.0400,2,0,100,0.391882,0.370531,99.4882
14,100,0.0600,3,0,100,0.587765,0.545503,99.4765
14,100,0.0800,4,0,100,0.783608,0.712582,99.4608
14,100,0.1000,5,0,100,0.979412,0.870970,99.4412
14,100,0.1200,6,0,100,1.175177,1.019861,99.4177
14,100,0.1400,7,0,100,1.370903,1.158439,99.3903
14,100,0.1600,8,0,100,1.566589,1.285882,99.3590
14,100,0.1800,9,0,100,1.762237,1.401369,99.3237
14,100,0.2000,10,0,100,1.957845,1.504103,99.2846
14,100,0.2200,11,0,100,2.153414,1.593327,99.2415
14,100,0.2400,12,0,100,2.348942,1.668338,99.1945
14,100,0.2600,13,0,100,2.544428,1.728501,99.1436
14,100,0.2800,14,0,100,2.739864,1.773256,99.0888
14,100,0.3000,15,0,100,2.935195,1.802168,99.0301
14,100,0.3200,16,0,100,3.130335,1.815095,98.9675
14,100,0.3400,17,0,100,3.324965,1.812483,98.9010
14,100,0.3600,18,0,100,3.518369,1.795596,98.8306
14,100,0.3800,19,0,100,3.709031,1.766172,98.7564
14,100,0.4000,20,0,100,3.894050,1.726098,98.6785
14,100,0.4200,21,0,100,4.068347,1.677287,98.5971
14,100,0.4400,22,0,100,4.223738,1.621500,98.5125
14,100,0.4600,23,0,100,4.348034,1.560552,98.4253
14,100,0.4800,24,0,100,4.424396,1.496143,98.3365
14,100,0.5000,25,0,100,4.431233,1.431309,98.2475
14,100,0.5200,26,0,100,4.342925,1.369307,98.1600
14,100,0.5400,27,0,100,4.131585,1.314116,98.0767
14,100,0.5600,28,0,100,3.769978,1.270766,98.0005
14,100,0.5800,29,0,100,3.235634,1.245738,97.9351
14,100,0.6000,30,0,100,2.517728,1.248137,97.8845
14,100,0.6200,31,0,100,2.836543,1.293546,97.8531
14,100,0.6400,32,0,100,3.267365,1.424197,97.8452
14,100,0.6600,33,0,100,3.746947,1.701141,97.8647
14,100,0.6800,34,0,100,4.293106,1.992419,97.9148
14,100,0.7000,35,0,100,4.948092,2.258191,97.9968
14,100,0.7200,36,0,100,5.916264,2.486508,98.1114
14,100,0.7400,37,0,100,7.424482,2.668058,98.2573
14,100,0.7600,38,0,100,8.763440,2.794968,98.4316
14,100,0.7800,39,0,100,9.882883,2.861427,98.6293
14,100,0.8000,40,0,100,10.705153,2.869756,98.8443
14,100,0.8200,41,0,100,11.207397,2.827141,99.0694
14,100,0.8400,42,0,100,11.294800,2.744720,99.2967
14,100,0.8600,43,0,100,11.110308,2.660538,99.5188
14,100,0.8800,44,0,100,10.914447,2.587193,99.7359
14,100,0.9000,45,0,100,10.717389,2.520098,99.9491
14,100,0.9200,46,0,100,10.520412,2.458275,100.1582
14,100,0.9400,47,0,100,10.323517,2.400538,100.3634
14,100,0.9600,48,0,100,10.126705,2.345653,100.5647
14,100,0.9800,49,0,100,9.929980,2.292910,100.7620
14,100,1.0000,50,0,100,9.733347,2.242756,100.9553
14,100,1.0200,51,0,100,9.536805,2.193316,101.1447
14,100,1.0400,52,0,100,9.340360,2.145177,101.3301
14,100,1.0600,53,0,100,9.144014,2.097936,101.5116
14,100,1.0800,54,0,100,8.947773,2.051621,101.6891
14,100,1.1000,55,0,100,8.751639,2.006184,101.8627
14,100,1.1200,56,0,100,8.555619,1.961713,102.0323
14,100,1.1400,57,0,100,8.359716,1.917434,102.1979
14,100,1.1600,58,0,100,8.163938,1.873564,102.3596
14,100,1.1800,59,0,100,7.968290,1.832867,102.5174
14,100,1.2000,60,0,100,7.772777,1.793605,102.6712
14,100,1.2200,61,0,100,7.577409,1.757286,102.8210
14,100,1.2400,62,0,100,7.382194,1.719356,102.9669
14,100,1.2600,63,0,100,7.187140,1.679770,103.1089
14,100,1.2800,64,0,100,6.992257,1.640211,103.2469
14,100,1.3000,65,0,100,6.797557,1.609343,103.3809
14,100,1.3200,66,0,100,6.603052,1.578951,103.5110
14,100,1.3400,67,0,100,6.408757,1.551477,103.6372
14,100,1.3600,68,0,100,6.214689,1.529620,103.7594
14,100,1.3800,69,0,100,6.020864,1.515839,103.8777
14,100,1.4000,70,0,100,5.827302,1.496810,103.9920
14,100,1.4200,71,0,100,5.634028,1.473045,104.1024
14,100,1.4400,72,0,100,5.441067,1.450476,104.2089
14,100,1.4600,73,0,100,5.248450,1.438876,104.3114
14,100,1.4800,74,0,100,5.056211,1.417921,104.4100
14,100,1.5000,75,0,100,4.864389,1.411445,104.5046
14,100,1.5200,76,0,100,4.673032,1.385912,104.5953
14,100,1.5400,77,0,100,4.482193,1.366910,104.6820
14,100,1.5600,78,0,100,4.291938,1.364116,104.7648
14,100,1.5800,79,0,100,4.102340,1.341015,104.8437
14,100,1.6000,80,0,100,3.913489,1.336427,104.9187
14,100,1.6200,81,0,100,3.998865,1.308747,104.9897
14,100,1.6400,82,0,100,3.951796,1.303181,105.0568
14,100,1.6600,83,0,100,4.143837,1.274316,105.1199
14,100,1.6800,84,0,100,4.116158,1.268733,105.1791
14,100,1.7000,85,0,100,4.308233,1.238291,105.2344
14,100,1.7200,86,0,100,4.263515,1.231839,105.2858
14,100,1.7400,87,0,100,4.455736,1.213116,105.3332
14,100,1.7600,88,0,100,4.648160,1.207551,105.3767
14,100,1.7800,89,0,100,4.565919,1.169538,105.4163
14,100,1.8000,90,0,100,4.758475,1.179217,105.4519
14,100,1.8200,91,0,100,4.654755,1.175776,105.4836
14,100,1.8400,92,0,100,4.847330,1.164247,105.5114
14,100,1.8600,93,0,100,4.724811,1.172027,105.5353
14,100,1.8800,94,0,100,4.917367,1.188766,105.5552
14,100,1.9000,95,0,100,5.110071,1.195308,105.5712
14,100,1.9200,96,0,100,4.971472,1.215781,105.5833
14,100,1.9400,97,0,100,5.164143,1.249365,105.5915
14,100,1.9600,98,0,100,5.356941,1.270831,105.5957
14,100,1.9800,99,0,100,5.549850,1.298053,105.5961
14,100,2.0000,100,0,100,5.398090,1.331529,105.5925
14,100,2.0200,101,0,100,5.590967,1.373294,105.5850
14,100,2.0400,102,0,100,5.783940,1.406958,105.5736
14,100,2.0600,103,0,100,5.976996,1.455478,105.5582
14,100,2.0800,104,0,100,5.816504,1.501374,105.5390
14,100,2.1000,105,0,100,6.009541,1.550736,105.5158
14,100,2.1200,106,0,100,6.202650,1.591293,105.4887
14,100,2.1400,107,0,100,6.395821,1.642250,105.4577
14,100,2.1600,108,0,100,6.227920,1.692128,105.4228
14,100,2.1800,109,0,100,6.421110,1.747196,105.3840
14,100,2.2000,110,0,100,6.614352,1.787048,105.3412
14,100,2.2200,111,0,100,6.807637,1.835032,105.2946
14,100,2.2400,112,0,100,7.000959,1.886217,105.2440
14,100,2.2600,113,0,100,6.824342,1.935730,105.1896
14,100,2.2800,114,0,100,7.017737,1.977611,105.1312
14,100,2.3000,115,0,100,7.211158,2.027521,105.0689
14,100,2.3200,116,0,100,7.404602,2.082044,105.0027
14,100,2.3400,117,0,100,7.598062,2.139419,104.9326
14,100,2.3600,118,0,100,7.411359,2.192357,104.8586
14,100,2.3800,119,0,100,7.604950,2.239092,104.7807
14,100,2.4000,120,0,100,7.798549,2.294568,104.6989
14,100,2.4200,121,0,100,7.992148,2.355426,104.6132
14,100,2.4400,122,0,100,8.185749,2.420407,104.5236
14,100,2.4600,123,0,100,7.997931,2.482504,104.4301
14,100,2.4800,124,0,100,8.191708,2.543078,104.3327
14,100,2.5000,125,0,100,8.385474,2.613519,104.2313
14,100,2.5200,126,0,100,8.579226,2.691183,104.1261
14,100,2.5400,127,0,100,8.408241,2.770242,104.0170
14,100,2.5600,128,0,100,8.602170,2.855288,103.9040
14,100,2.5800,129,0,100,8.796076,2.944235,103.7871
14,100,2.6000,130,0,100,8.989958,3.043100,103.6663
14,100,2.6200,131,0,100,8.843155,3.144841,103.5416
14,100,2.6400,132,0,100,9.037141,3.258353,103.4130
14,100,2.6600,133,0,100,9.231096,3.374255,103.2805
14,100,2.6800,134,0,100,9.026234,3.490607,103.1441
14,100,2.7000,135,0,100,9.220113,3.614940,103.0039
14,100,2.7200,136,0,100,9.413964,3.737774,102.8597
14,100,2.7400,137,0,100,9.607787,3.863968,102.7117
14,100,2.7600,138,0,100,9.445602,3.993389,102.5597
14,100,2.7800,139,0,100,9.639151,4.130158,102.4039
14,100,2.8000,140,0,100,9.832682,4.270951,102.2442
14,100,2.8200,141,0,100,10.026192,4.413789,102.0806
14,100,2.8400,142,0,100,10.219684,4.556917,101.9131
14,100,2.8600,143,0,100,10.413155,4.700329,101.7417
14,100,2.8800,144,0,100,10.606602,4.845728,101.5664
14,100,2.9000,145,0,100,10.800027,4.990927,101.3873
14,100,2.9200,146,0,100,10.993426,5.135964,101.2043
14,100,2.9400,147,0,100,11.186803,5.281049,101.0174
14,100,2.9600,148,0,100,11.380154,5.427549,100.8266
14,100,2.9800,149,0,100,11.573479,5.575618,100.6319
14,100,3.0000,150,0,100,11.766776,5.724958,100.4333
14,100,3.0200,151,0,100,11.960048,5.876145,100.2309
14,100,3.0400,152,0,100,12.153291,6.028780,100.0246
14,100,3.0600,153,0,100,11.999165,6.179900,99.8144
14,100,3.0800,154,0,100,12.192020,6.333574,99.6003
14,100,3.1000,155,0,100,12.384860,6.488654,99.3824
14,100,3.1200,156,0,100,12.577682,6.645592,99.1606
14,100,3.1400,157,0,100,12.770486,6.803844,98.9349
14,100,3.1600,158,0,100,12.963271,6.963639,98.7053
14,100,3.1800,159,0,100,13.156035,7.123904,98.4719
14,100,3.2000,160,0,100,13.348780,7.284677,98.2345
14,100,3.2200,161,0,100,13.541500,7.446302,97.9934
14,100,3.2400,162,0,100,13.734200,7.608538,97.7483
14,100,3.2600,163,0,100,13.926876,7.771115,97.4994
14,100,3.2800,164,0,100,14.119529,7.933971,97.2466
14,100,3.3000,165,0,100,14.312159,8.097190,96.9899
14,100,3.3200,166,0,100,14.504762,8.261071,96.7294
14,100,3.3400,167,0,100,14.697341,8.425440,96.4650
14,100,3.3600,168,0,100,14.889894,8.589544,96.1967
14,100,3.3800,169,0,100,15.082419,8.754156,95.9246
14,100,3.4000,170,0,100,15.274920,8.919114,95.6486
14,100,3.4200,171,0,100,15.467393,9.083665,95.3687
14,100,3.4400,172,0,100,15.659837,9.248535,95.0850
14,100,3.4600,173,0,100,15.852253,9.414206,94.7974
14,100,3.4800,174,0,100,16.044641,9.580587,94.5060
14,100,3.5000,175,0,100,16.237001,9.748390,94.2106
14,100,3.5200,176,0,100,16.429331,9.917192,93.9115
14,100,3.5400,177,0,100,16.621632,10.086286,93.6084
14,100,3.5600,178,0,100,16.813904,10.255649,93.3016
14,100,3.5800,179,0,100,17.006144,10.425467,92.9908
14,100,3.6000,180,0,100,17.198357,10.595530,92.6762
14,100,3.6200,181,0,100,17.390535,10.765612,92.3577
14,100,3.6400,182,0,100,17.582684,10.935409,92.0354
14,100,3.6600,183,0,100,17.774803,11.105139,91.7093
14,100,3.6800,184,0,100,17.661341,11.270644,91.3792
14,100,3.7000,185,0,100,17.853357,11.438712,91.0454
14,100,3.7200,186,0,100,18.045343,11.607475,90.7076
14,100,3.7400,187,0,100,18.237303,11.776497,90.3660
14,100,3.7600,188,0,100,18.429230,11.945902,90.0206
14,100,3.7800,189,0,100,18.621128,12.116039,89.6713
14,100,3.8000,190,0,100,18.812994,12.287149,89.3182
14,100,3.8200,191,0,100,19.004831,12.458676,88.9612
14,100,3.8400,192,0,100,19.196636,12.630375,88.6004
14,100,3.8600,193,0,100,19.388411,12.802152,88.2357
14,100,3.8800,194,0,100,19.580153,12.974070,87.8672
14,100,3.9000,195,0,100,19.771864,13.146324,87.4948
14,100,3.9200,196,0,100,19.963543,13.318622,87.1186
14,100,3.9400,197,0,100,20.155190,13.491037,86.7386
14,100,3.9600,198,0,100,20.346804,13.663577,86.3547
14,100,3.9800,199,0,100,20.538389,13.836056,85.9669
14,100,4.0000,200,0,100,20.729939,14.008406,85.5753
14,100,4.0200,201,0,100,20.921455,14.180864,85.1799
14,100,4.0400,202,0,100,21.112940,14.353391,84.7807
14,100,4.0600,203,0,100,21.304392,14.525992,84.3775
14,100,4.0800,204,0,100,21.495813,14.699280,83.9706
14,100,4.1000,205,0,100,21.687197,14.873735,83.5598
14,100,4.1200,206,0,100,21.878548,15.046700,83.1452
14,100,4.1400,207,0,100,22.069868,15.219682,82.7268
14,100,4.1600,208,0,100,22.261152,15.393380,82.3045
14,100,4.1800,209,0,100,22.452402,15.566890,81.8783
14,100,4.2000,210,0,100,22.643623,15.740046,81.4484
14,100,4.2200,211,0,100,22.834805,15.912703,81.0146
14,100,4.2400,212,0,100,23.025955,16.085369,80.5770
14,100,4.2600,213,0,100,23.217070,16.258291,80.1355
14,100,4.2800,214,0,100,23.408152,16.431921,79.6902
14,100,4.3000,215,0,100,23.599199,16.605158,79.2411
14,100,4.3200,216,0,100,23.790213,16.779051,78.7882
14,100,4.3400,217,0,100,23.981192,16.953432,78.3314
14,100,4.3600,218,0,100,24.000645,17.127779,77.8708
14,100,4.3800,219,0,100,24.191534,17.301620,77.4064
14,100,4.4000,220,0,100,24.382387,17.475384,76.9381
14,100,4.4200,221,0,100,24.573210,17.651516,76.4660
14,100,4.4400,222,0,100,24.764000,17.824591,75.9901
14,100,4.4600,223,0,100,24.954754,17.994152,75.5104
14,100,4.4800,224,0,100,25.145473,18.163696,75.0268
14,100,4.5000,225,0,100,25.336159,18.342113,74.5395
14,100,4.5200,226,0,100,25.526812,18.512970,74.0483
14,100,4.5400,227,0,100,25.717430,18.684338,73.5533
14,100,4.5600,228,0,100,25.908010,18.854780,73.0544
14,100,4.5800,229,0,100,26.098560,19.028929,72.5518
14,100,4.6000,230,0,100,26.289072,19.201401,72.0453
14,100,4.6200,231,0,100,26.479548,19.375944,71.5350
14,100,4.6400,232,0,100,26.669992,19.476177,71.0209
14,100,4.6600,233,0,100,26.860401,19.506254,70.5030
14,100,4.6800,234,0,100,27.050776,19.390953,69.9812
14,100,4.7000,235,0,100,27.241116,19.538431,69.4557
14,100,4.7200,236,0,100,27.431419,19.378263,68.9263
14,100,4.7400,237,0,100,27.621687,19.144871,68.3931
14,100,4.7600,238,0,100,27.811922,19.146263,67.8561
14,100,4.7800,239,0,100,28.002119,19.268944,67.3153
14,100,4.8000,240,0,100,28.192284,19.415445,66.7707
14,100,4.8200,241,0,100,28.382410,19.332344,66.2222
14,100,4.8400,242,0,100,28.572502,19.261578,65.6700
14,100,4.8600,243,0,100,28.762558,19.245241,65.1139
14,100,4.8800,244,0,100,28.952583,19.323315,64.5541
14,100,4.9000,245,0,100,29.142569,19.372812,63.9904
14,100,4.9200,246,0,100,29.332518,19.382042,63.4230
14,100,4.9400,247,0,100,29.522432,19.380535,62.8517
14,100,4.9600,248,0,100,29.712313,19.182623,62.2766
14,100,4.9800,249,0,100,29.902155,19.257689,61.6977
14,100,5.0000,250,0,100,30.091963,19.343103,61.1150
14,100,5.0200,251,0,100,30.281736,19.447302,60.5285
14,100,5.0400,252,0,100,30.471472,19.568090,59.9382
14,100,5.0600,253,0,100,30.661171,19.670000,59.3441
14,100,5.0800,254,0,100,30.850838,19.567560,58.7462
14,100,5.1000,255,0,100,31.040466,19.499079,58.1445
14,100,5.1200,256,0,100,31.230059,19.574905,57.5390
14,100,5.1400,257,0,100,31.419617,19.712196,56.9298
14,100,5.1600,258,0,100,31.609138,19.821922,56.3167
14,100,5.1800,259,0,100,31.798622,19.908728,55.6998
14,100,5.2000,260,0,100,31.988071,19.964008,55.0791
14,100,5.2200,261,0,100,32.177486,20.016352,54.4546
14,100,5.2400,262,0,100,32.366863,20.022316,53.8263
14,100,5.2600,263,0,100,32.556202,19.927217,53.1943
14,100,5.2800,264,0,100,32.745510,19.610781,52.5584
14,100,5.3000,265,0,100,32.934776,19.587433,51.9188
14,100,5.3200,266,1,99,33.124012,19.396078,51.2753
14,100,5.3400,267,3,97,33.313206,19.274931,50.6281
14,100,5.3600,268,3,97,33.330925,19.334663,49.9771
14,100,5.3800,269,3,97,33.522373,19.166403,49.3223
14,100,5.4000,270,3,97,33.660328,19.059303,48.6637
14,100,5.4200,271,3,97,33.849411,18.821827,48.0013
14,100,5.4400,272,3,97,34.038456,18.508047,47.3351
14,100,5.4600,273,1,99,34.227467,18.429152,46.6651
14,100,5.4800,274,0,100,34.416439,17.865009,45.9914
14,100,5.5000,275,0,100,34.605377,17.700737,45.3139
14,100,5.5200,276,0,100,34.794281,17.484125,44.6326
14,100,5.5400,277,0,100,34.983143,17.355591,43.9475
14,100,5.5600,278,0,100,35.171974,17.217003,43.2586
14,100,5.5800,279,0,100,35.360767,17.055458,42.5659
14,100,5.6000,280,0,100,35.549522,16.899851,41.8695
14,100,5.6200,281,0,100,35.738243,16.480162,41.1693
14,100,5.6400,282,0,100,35.926926,16.179932,40.4653
14,100,5.6600,283,0,100,36.115574,15.995441,39.7575
14,100,5.6800,284,0,100,36.304184,15.687365,39.0459
14,100,5.7000,285,1,99,36.492760,15.522855,38.3306
14,100,5.7200,286,2,98,36.681297,15.330463,37.6115
14,100,5.7400,287,2,98,36.869801,15.054749,36.8886
14,100,5.7600,288,2,98,37.058266,14.997175,36.1620
14,100,5.7800,289,2,98,37.246693,14.881277,35.4315
14,100,5.8000,290,2,98,37.435089,14.764933,34.6973
14,100,5.8200,291,2,98,37.623444,14.603207,33.9593
14,100,5.8400,292,2,98,37.811764,14.359089,33.2176
14,100,5.8600,293,3,97,38.000046,14.034371,32.4721
14,100,5.8800,294,2,98,38.188293,13.649275,31.7228
14,100,5.9000,295,1,99,38.376503,13.330771,30.9697
14,100,5.9200,296,1,99,38.564678,13.179320,30.2129
14,100,5.9400,297,1,99,38.752815,13.114409,29.4523
14,100,5.9600,298,1,99,38.940918,13.127611,28.6879
14,100,5.9800,299,1,99,39.128983,13.071351,27.9198
14,100,6.0000,300,1,99,39.317009,13.054762,27.1479
14,100,6.0200,301,1,99,39.505001,12.599627,26.3723
14,100,6.0400,302,2,98,39.692955,12.301318,25.5928
14,100,6.0600,303,2,98,39.880875,12.194131,24.8096
14,100,6.0800,304,2,98,40.068756,12.177870,24.0227
14,100,6.1000,305,1,99,40.256599,11.581333,23.2320
14,100,6.1200,306,1,99,40.444408,11.109954,22.4375
14,100,6.1400,307,2,98,40.632179,10.989196,21.6393
14,100,6.1600,308,2,98,40.819916,10.869798,20.8373
14,100,6.1800,309,2,98,41.007614,10.731424,20.0315
14,100,6.2000,310,2,98,41.195274,10.658553,19.2220
14,100,6.2200,311,1,99,41.382900,10.416581,18.4088
14,100,6.2400,312,1,99,41.570488,10.365881,17.5917
14,100,6.2600,313,1,99,41.758041,10.356030,16.7710
14,100,6.2800,314,2,98,41.945557,10.209663,15.9464
14,100,6.3000,315,2,98,42.133034,9.850595,15.1181
14,100,6.3200,316,3,97,42.320480,9.297869,14.2861
14,100,6.3400,317,3,97,42.507881,8.863254,13.4503
14,100,6.3600,318,3,97,42.448177,8.311091,12.6107
14,100,6.3800,319,3,97,42.635567,7.316058,11.7675
14,100,6.4000,320,4,96,42.822914,6.299445,10.9204
14,100,6.4200,321,4,96,42.789013,5.567135,10.0696
14,100,6.4400,322,5,95,42.976341,5.228326,9.2151
14,100,6.4600,323,5,95,43.163639,4.902182,8.3568
14,100,6.4800,324,7,93,43.191479,4.650953,7.4947
14,100,6.5000,325,7,93,43.378735,4.337129,6.6289
14,100,6.5200,326,7,93,43.509525,4.010315,5.7594
14,100,6.5400,327,7,93,30.850569,3.750955,5.0307
14,100,6.5600,328,8,92,24.759827,3.531325,4.5593
14,100,6.5800,329,7,93,26.331999,3.484533,4.1716
14,100,6.6000,330,7,93,22.695974,3.451009,3.8453
14,100,6.6200,331,7,93,17.440374,3.290659,3.8135
14,100,6.6400,332,10,90,17.595255,3.191839,3.8657
14,100,6.6600,333,10,90,16.132593,3.006432,3.9140
14,100,6.6800,334,10,90,13.030295,2.785237,3.9583
14,100,6.7000,335,11,89,11.840005,2.678133,3.9987
14,100,6.7200,336,11,89,11.805761,2.550124,4.0352
14,100,6.7400,337,12,88,11.774701,2.484884,4.0678
14,100,6.7600,338,13,87,11.746845,2.425467,4.0965
14,100,6.7800,339,13,87,11.722216,2.383902,4.1212
14,100,6.8000,340,13,87,11.700831,2.312327,4.1420
14,100,6.8200,341,13,87,11.682706,2.272358,4.1588
14,100,6.8400,342,13,87,11.667855,2.232289,4.1718
14,100,6.8600,343,13,87,11.656288,2.208083,4.1808
14,100,6.8800,344,12,88,11.648013,2.121025,4.1859
14,100,6.9000,345,12,88,11.643035,2.089208,4.1871
14,100,6.9200,346,13,87,11.641355,2.016312,4.1844
14,100,6.9400,347,12,88,11.642975,1.942495,4.1777
14,100,6.9600,348,11,89,11.647889,1.859620,4.1672
14,100,6.9800,349,14,86,11.656093,1.794727,4.1527
14,100,7.0000,350,14,86,11.667577,1.703420,4.1343
14,100,7.0200,351,15,85,11.682329,1.635782,4.1120
14,100,7.0400,352,14,86,11.700336,1.603035,4.0857
14,100,7.0600,353,14,86,11.721580,1.570178,4.0556
14,100,7.0800,354,14,86,11.746042,1.522030,4.0215
14,100,7.1000,355,15,85,11.773700,1.470030,3.9836
14,100,7.1200,356,15,85,11.804529,1.419184,3.9417
14,100,7.1400,357,15,85,11.838502,1.393240,3.8959
14,100,7.1600,358,16,84,11.875591,1.355025,3.8462
14,100,7.1800,359,16,84,11.915766,1.298077,3.7926
14,100,7.2000,360,16,84,11.958990,1.246658,3.7351
14,100,7.2200,361,16,84,12.005233,1.208969,3.6736
14,100,7.2400,362,16,84,12.054456,1.190410,3.6083
14,100,7.2600,363,16,84,12.106621,1.157939,3.5390
14,100,7.2800,364,15,85,12.161687,1.137015,3.4659
14,100,7.3000,365,16,84,12.219616,1.091052,3.3888
14,100,7.3200,366,17,83,12.280362,1.065537,3.3079
14,100,7.3400,367,17,83,12.343884,1.026637,3.2230
14,100,7.3600,368,20,80,12.410137,0.984463,3.1343
14,100,7.3800,369,21,79,12.479076,0.971286,3.0416
14,100,7.4000,370,21,79,12.550653,0.947373,2.9450
14,100,7.4200,371,21,79,12.624825,0.929679,2.8446
14,100,7.4400,372,22,78,12.701539,0.911195,2.7402
14,100,7.4600,373,22,78,12.780754,0.895012,2.6320
14,100,7.4800,374,22,78,12.862418,0.859730,2.5198
14,100,7.5000,375,22,78,12.946485,0.812895,2.4037
14,100,7.5200,376,24,76,13.032904,0.787931,2.2838
14,100,7.5400,377,27,73,13.121630,0.744040,2.1599
14,100,7.5600,378,27,73,13.212611,0.725303,2.0322
14,100,7.5800,379,27,73,13.305803,0.707577,1.9006
14,100,7.6000,380,27,73,13.401156,0.700042,1.8188
14,100,7.6200,381,26,74,13.498623,0.675453,1.8178
14,100,7.6400,382,26,74,13.598157,0.648493,1.8167
14,100,7.6600,383,29,71,13.699711,0.639675,1.8155
14,100,7.6800,384,27,73,13.803239,0.629667,1.8141
14,100,7.7000,385,28,72,13.908695,0.618980,1.8127
14,100,7.7200,386,28,72,14.016034,0.612712,1.8111
14,100,7.7400,387,43,57,10.819666,0.552937,1.8093
14,100,7.7600,388,44,56,10.808323,0.541525,1.8073
14,100,7.7800,389,44,56,10.800531,0.533984,1.8051
14,100,7.8000,390,44,56,10.796295,0.531118,1.8027
14,100,7.8200,391,46,54,10.795618,0.522502,1.8000
14,100,7.8400,392,46,54,10.798495,0.498982,1.7970
14,100,7.8600,393,47,53,10.804924,0.495891,1.7935
14,100,7.8800,394,49,51,10.814898,0.488027,1.7897
14,100,7.9000,395,49,51,10.828400,0.486157,1.7854
14,100,7.9200,396,50,50,10.845419,0.475207,1.7806
14,100,7.9400,397,50,50,9.911439,0.460573,1.7752
14,100,7.9600,398,51,49,9.874729,0.459413,1.7692
14,100,7.9800,399,51,49,9.841805,0.456768,1.7625
14,100,8.0000,400,52,48,9.812704,0.445375,1.7549
14,100,8.0200,401,53,47,9.787457,0.437720,1.7465
14,100,8.0400,402,53,47,9.766092,0.422849,1.7370
14,100,8.0600,403,53,47,9.748632,0.418387,1.7264
14,100,8.0800,404,55,45,9.735097,0.410755,1.7145
14,100,8.1000,405,58,42,9.725498,0.410161,1.7011
14,100,8.1200,406,58,42,9.719848,0.397845,1.6928
14,100,8.1400,407,58,42,9.718148,0.392680,1.6888
14,100,8.1600,408,58,42,9.720401,0.388188,1.6843
14,100,8.1800,409,58,42,9.726598,0.386639,1.6789
14,100,8.2000,410,58,42,9.736732,0.368714,1.6724
14,100,8.2200,411,59,41,9.750788,0.366906,1.6645
14,100,8.2400,412,59,41,9.768745,0.365708,1.6550
14,100,8.2600,413,59,41,9.790583,0.365806,1.6440
14,100,8.2800,414,59,41,9.604371,0.365017,1.6312
14,100,8.3000,415,60,40,9.572018,0.361996,1.6235
14,100,8.3200,416,60,40,9.543597,0.359128,1.6222
14,100,8.3400,417,61,39,9.519144,0.340835,1.6211
14,100,8.3600,418,61,39,9.498685,0.319571,1.6200
14,100,8.3800,419,61,39,9.482244,0.317426,1.6186
14,100,8.4000,420,63,37,9.469839,0.304264,1.6178
14,100,8.4200,421,63,37,9.461484,0.300277,1.6175
14,100,8.4400,422,64,36,9.457187,0.286486,1.6173
14,100,8.4600,423,64,36,9.456951,0.282238,1.6171
14,100,8.4800,424,64,36,9.460775,0.279121,1.6168
14,100,8.5000,425,64,36,9.468651,0.260185,1.6167
14,100,8.5200,426,64,36,9.480566,0.253886,1.6165
14,100,8.5400,427,65,35,9.496502,0.249605,1.6153
14,100,8.5600,428,65,35,9.516438,0.246082,1.6149
14,100,8.5800,429,65,35,9.540344,0.243291,1.6146
14,100,8.6000,430,66,34,9.568191,0.236812,1.6142
14,100,8.6200,431,70,30,9.599939,0.234805,1.6130
14,100,8.6400,432,70,30,7.999916,0.217595,1.6125
14,100,8.6600,433,70,30,7.869766,0.215437,1.6119
14,100,8.6800,434,70,30,7.805945,0.209924,1.6112
14,100,8.7000,435,70,30,7.746595,0.207894,1.6094
14,100,8.7200,436,70,30,7.691815,0.206969,1.6084
14,100,8.7400,437,70,30,7.641702,0.206794,1.6075
14,100,8.7600,438,71,29,7.596344,0.207277,1.6053
14,100,8.7800,439,71,29,7.555825,0.194440,1.6038
14,100,8.8000,440,71,29,7.520218,0.177645,1.6023
14,100,8.8200,441,72,28,7.489593,0.174545,1.5992
14,100,8.8400,442,72,28,7.464006,0.173114,1.5967
14,100,8.8600,443,73,27,7.443506,0.169624,1.5960
14,100,8.8800,444,74,26,7.428132,0.167439,1.5957
14,100,8.9000,445,74,26,7.417913,0.165474,1.5959
14,100,8.9200,446,74,26,7.412868,0.163776,1.5960
14,100,8.9400,447,74,26,7.413003,0.162520,1.5963
14,100,8.9600,448,74,26,7.418316,0.142949,1.5968
14,100,8.9800,449,74,26,7.428792,0.140873,1.5973
14,100,9.0000,450,74,26,7.444406,0.139347,1.5977
14,100,9.0200,451,74,26,7.465123,0.138092,1.5982
14,100,9.0400,452,74,26,7.490898,0.137139,1.5986
14,100,9.0600,453,74,26,7.521675,0.136545,1.5989
14,100,9.0800,454,74,26,7.557391,0.136304,1.5991
14,100,9.1000,455,74,26,7.597972,0.137137,1.5993
14,100,9.1200,456,74,26,7.643338,0.138282,1.5995
14,100,9.1400,457,74,26,7.693402,0.139734,1.5997
14,100,9.1600,458,74,26,7.748069,0.125057,1.5999
14,100,9.1800,459,74,26,7.807241,0.124536,1.6000
14,100,9.2000,460,74,26,5.917795,0.105016,1.6000
14,100,9.2200,461,75,25,5.790264,0.099755,1.6001
14,100,9.2400,462,75,25,5.724409,0.098226,1.6001
14,100,9.2600,463,75,25,5.664610,0.096583,1.6000
14,100,9.2800,464,75,25,5.611056,0.095082,1.5999
14,100,9.3000,465,75,25,5.563924,0.093752,1.5997
14,100,9.3200,466,75,25,5.523374,0.092657,1.5996
14,100,9.3400,467,76,24,5.489546,0.077869,1.5994
14,100,9.3600,468,76,24,5.462564,0.075204,1.5991
14,100,9.3800,469,76,24,5.442523,0.073087,1.5989
14,100,9.4000,470,76,24,5.429495,0.071197,1.5985
14,100,9.4200,471,76,24,5.423529,0.069594,1.5982
14,100,9.4400,472,76,24,5.424643,0.066975,1.5978
14,100,9.4600,473,76,24,5.432827,0.065986,1.5974
14,100,9.4800,474,76,24,5.448046,0.065144,1.5967
14,100,9.5000,475,76,24,5.470237,0.064472,1.5960
14,100,9.5200,476,76,24,3.113624,0.041215,1.5951
14,100,9.5400,477,76,24,3.070817,0.040882,1.5939
14,100,9.5600,478,76,24,3.123448,0.041610,1.5924
14,100,9.5800,479,76,24,3.187246,0.042272,1.5925
14,100,9.6000,480,76,24,3.261548,0.042885,1.5925
14,100,9.6200,481,76,24,3.345648,0.043465,1.5922
14,100,9.6400,482,76,24,2.999348,0.040381,1.5914
14,100,9.6600,483,76,24,2.999171,0.041428,1.5905
14,100,9.6800,484,76,24,3.001704,0.042636,1.5896
14,100,9.7000,485,77,23,3.016987,0.043784,1.5885
14,100,9.7200,486,77,23,3.044821,0.044578,1.5875
14,100,9.7400,487,77,23,3.084857,0.045553,1.5864
14,100,9.7600,488,77,23,3.136623,0.046701,1.5853
14,100,9.7800,489,78,22,3.199540,0.048030,1.5841
14,100,9.8000,490,78,22,3.272960,0.049929,1.5817
14,100,9.8200,491,78,22,3.356187,0.042770,1.5801
14,100,9.8400,492,78,22,3.448502,0.042331,1.5786
14,100,9.8600,493,78,22,3.549192,0.042455,1.5770
14,100,9.8800,494,78,22,2.268680,0.028858,1.5754
14,100,9.9000,495,93,7,2.149566,0.026800,1.5737
14,100,9.9200,496,93,7,1.943044,0.024810,1.5704
14,100,9.9400,497,93,7,1.895302,0.023703,1.5671
14,100,9.9600,498,93,7,1.836365,0.022787,1.5641
14,100,9.9800,499,93,7,1.786895,0.022448,1.5611
14,100,10.0000,500,93,7,1.746814,0.023416,1.5564
14,100,10.0200,501,93,7,1.716831,0.024651,1.5502
14,100,10.0400,502,93,7,1.697606,0.026202,1.5427
14,100,10.0600,503,93,7,1.689660,0.027991,1.5339
14,100,10.0800,504,93,7,1.517465,0.028185,1.5234
14,100,10.1000,505,91,9,1.443918,0.029570,1.5112
14,100,10.1200,506,91,9,1.370979,0.030324,1.5043
14,100,10.1400,507,91,9,1.295717,0.030353,1.5043
14,100,10.1600,508,91,9,1.219045,0.030286,1.5043
14,100,10.1800,509,91,9,1.198903,0.030625,1.5043
14,100,10.2000,510,91,9,1.334358,0.031056,1.5043
14,100,10.2200,511,91,9,1.474524,0.028550,1.5043
14,100,10.2400,512,91,9,0.763480,0.013669,1.5043
14,100,10.2600,513,91,9,0.668698,0.009599,1.5043
14,100,10.2800,514,91,9,0.569601,0.007438,1.5043
14,100,10.3000,515,91,9,0.470932,0.006659,1.5043
14,100,10.3200,516,91,9,0.373546,0.005604,1.5043
14,100,10.3400,517,91,9,0.277416,0.004133,1.5043
14,100,10.3600,518,91,9,0.184592,0.002593,1.5043
14,100,10.3800,519,91,9,0.108466,0.001406,1.5043
14,100,10.4000,520,91,9,0.063728,0.000865,1.5043
14,100,10.4200,521,91,9,0.023391,0.000604,1.5043
14,100,10.4400,522,91,9,0.054634,0.000893,1.5043
14,100,10.4600,523,91,9,0.107990,0.001303,1.5043
14,100,10.4801,524,91,9,0.162720,0.001734,1.5043
14,100,10.5001,525,91,9,0.218158,0.002237,1.5043
14,100,10.5201,526,91,9,0.274637,0.002804,1.5043
14,100,10.5401,527,98,2,0.332354,0.003324,1.5043
14,100,10.5601,528,98,2,0.295516,0.002955,1.5043
14,100,10.5801,529,98,2,0.278482,0.002785,1.5043
14,100,10.6001,530,99,1,0.294329,0.002943,1.5043
14,100,10.6201,531,99,1,0.304977,0.003050,1.5043
14,100,10.6401,532,99,1,0.323048,0.003230,1.5043
14,100,10.6601,533,99,1,0.344571,0.003446,1.5043
14,100,10.6801,534,99,1,0.370855,0.003709,1.5043
14,100,10.7001,535,99,1,0.401897,0.004019,1.5043
14,100,10.7201,536,99,1,0.438282,0.004383,1.5043
14,100,10.7401,537,99,1,0.480509,0.004805,1.5043
14,100,10.7601,538,99,1,0.529291,0.005293,1.5043
14,100,10.7801,539,99,1,0.586678,0.005867,1.5043
14,100,10.8001,540,99,1,0.656787,0.006568,1.5043
14,100,10.8201,541,99,1,0.736521,0.007365,1.5043
14,100,10.8401,542,99,1,0.823453,0.008235,1.5043
14,100,10.8601,543,99,1,0.913295,0.009133,1.5043
14,100,10.8801,544,99,1,1.006691,0.010067,1.5043
14,100,10.9001,545,99,1,1.103634,0.011036,1.5043
14,100,10.9201,546,99,1,1.204535,0.012045,1.5043
14,100,10.9401,547,99,1,0.528305,0.005283,1.5043
14,100,10.9601,548,99,1,0.233664,0.002337,1.5043
14,100,10.9801,549,99,1,0.139772,0.001398,1.5043
14,100,11.0001,550,99,1,0.057458,0.000575,1.5043
14,100,11.0201,551,99,1,0.009088,0.000091,1.5043
14,100,11.0401,552,99,1,0.012502,0.000125,1.5043
14,100,11.0601,553,99,1,0.005222,0.000052,1.5043
14,100,11.0801,554,99,1,0.000475,0.000005,1.5043
14,100,11.1001,555,99,1,0.001226,0.000012,1.5043
14,100,11.1201,556,99,1,0.000450,0.000005,1.5043
14,100,11.1401,557,99,1,0.000376,0.000004,1.5043
14,100,11.1601,558,99,1,0.000148,0.000001,1.5043
14,100,11.1801,559,99,1,0.000067,0.000001,1.5043
14,100,11.2001,560,99,1,0.000002,0.000000,1.5043
14,100,11.2201,561,99,1,0.000009,0.000000,1.5043
14,100,11.2401,562,99,1,0.000028,0.000000,1.5043
14,100,11.2601,563,99,1,0.000015,0.000000,1.5043
14,100,11.2801,564,99,1,0.000020,0.000000,1.5043
14,100,11.3001,565,100,0,0.000000,0.000000,1.5043
15,100,0.0200,1,0,100,0.195961,0.188467,99.4961
15,100,0.0400,2,0,100,0.391882,0.370531,99.4882
15,100,0.0600,3,0,100,0.587765,0.545503,99.4765
15,100,0.0800,4,0,100,0.783608,0.712582,99.4608
15,100,0.1000,5,0,100,0.979412,0.870970,99.4412
15,100,0.1200,6,0,100,1.175177,1.019861,99.4177
15,100,0.1400,7,0,100,1.370903,1.158439,99.3903
15,100,0.1600,8,0,100,1.566589,1.285882,99.3590
15,100,0.1800,9,0,100,1.762237,1.401369,99.3237
15,100,0.2000,10,0,100,1.957845,1.504103,99.2846
15,100,0.2200,11,0,100,2.153414,1.593327,99.2415
15,100,0.2400,12,0,100,2.348942,1.668338,99.1945
15,100,0.2600,13,0,100,2.544428,1.728501,99.1436
15,100,0.2800,14,0,100,2.739864,1.773256,99.0888
15,100,0.3000,15,0,100,2.935195,1.802168,99.0301
15,100,0.3200,16,0,100,3.130335,1.815095,98.9675
15,100,0.3400,17,0,100,3.324965,1.812483,98.9010
15,100,0.3600,18,0,100,3.518369,1.795596,98.8306
15,100,0.3800,19,0,100,3.709031,1.766172,98.7564
15,100,0.4000,20,0,100,3.894050,1.726098,98.6785
15,100,0.4200,21,0,100,4.068347,1.677287,98.5971
15,100,0.4400,22,0,100,4.223738,1.621500,98.5125
15,100,0.4600,23,0,100,4.348034,1.560552,98.4253
15,100,0.4800,24,0,100,4.424396,1.496143,98.3365
15,100,0.5000,25,0,100,4.431233,1.431309,98.2475
15,100,0.5200,26,0,100,4.342925,1.369307,98.1600
15,100,0.5400,27,0,100,4.131585,1.314116,98.0767
15,100,0.5600,28,0,100,3.769978,1.270766,98.0005
15,100,0.5800,29,0,100,3.235634,1.245738,97.9351
15,100,0.6000,30,0,100,2.517728,1.248137,97.8845
15,100,0.6200,31,0,100,2.836543,1.293546,97.8531
15,100,0.6400,32,0,100,3.267365,1.424197,97.8452
15,100,0.6600,33,0,100,3.746947,1.701141,97.8647
15,100,0.6800,34,0,100,4.293106,1.992419,97.9148
15,100,0.7000,35,0,100,4.948092,2.258191,97.9968
15,100,0.7200,36,0,100,5.916264,2.486508,98.1114
15,100,0.7400,37,0,100,7.424482,2.668058,98.2573
15,100,0.7600,38,0,100,8.763440,2.794968,98.4316
15,100,0.7800,39,0,100,9.882883,2.861427,98.6293
15,100,0.8000,40,0,100,10.705153,2.869756,98.8443
15,100,0.8200,41,0,100,11.207397,2.827141,99.0694
15,100,0.8400,42,0,100,11.294800,2.744720,99.2967
15,100,0.8600,43,0,100,11.110308,2.660538,99.5188
15,100,0.8800,44,0,100,10.914447,2.587193,99.7359
15,100,0.9000,45,0,100,10.717389,2.520098,99.9491
15,100,0.9200,46,0,100,10.520412,2.458275,100.1582
15,100,0.9400,47,0,100,10.323517,2.400538,100.3634
15,100,0.9600,48,0,100,10.126705,2.345653,100.5647
15,100,0.9800,49,0,100,9.929980,2.292910,100.7620
15,100,1.0000,50,0,100,9.733347,2.242756,100.9553
15,100,1.0200,51,0,100,9.536805,2.193316,101.1447
15,100,1.0400,52,0,100,9.340360,2.145177,101.3301
15,100,1.0600,53,0,100,9.144014,2.097936,101.5116
15,100,1.0800,54,0,100,8.947773,2.051621,101.6891
15,100,1.1000,55,0,100,8.751639,2.006184,101.8627
15,100,1.1200,56,0,100,8.555619,1.961713,102.0323
15,100,1.1400,57,0,100,8.359716,1.917434,102.1979
15,100,1.1600,58,0,100,8.163938,1.873564,102.3596
15,100,1.1800,59,0,100,7.968290,1.832867,102.5174
15,100,1.2000,60,0,100,7.772777,1.793605,102.6712
15,100,1.2200,61,0,100,7.577409,1.757286,102.8210
15,100,1.2400,62,0,100,7.382194,1.719356,102.9669
15,100,1.2600,63,0,100,7.187140,1.679770,103.1089
15,100,1.2800,64,0,100,6.992257,1.640211,103.2469
15,100,1.3000,65,0,100,6.797557,1.609343,103.3809
15,100,1.3200,66,0,100,6.603052,1.578951,103.5110
15,100,1.3400,67,0,100,6.408757,1.551477,103.6372
15,100,1.3600,68,0,100,6.214689,1.529620,103.7594
15,100,1.3800,69,0,100,6.020864,1.515839,103.8777
15,100,1.4000,70,0,100,5.827302,1.496810,103.9920
15,100,1.4200,71,0,100,5.634028,1.473045,104.1024
15,100,1.4400,72,0,100,5.441067,1.450476,104.2089
15,100,1.4600,73,0,100,5.248450,1.438876,104.3114
15,100,1.4800,74,0,100,5.056211,1.417921,104.4100
15,100,1.5000,75,0,100,4.864389,1.411445,104.5046
15,100,1.5200,76,0,100,4.673032,1.385912,104.5953
15,100,1.5400,77,0,100,4.482193,1.366910,104.6820
15,100,1.5600,78,0,100,4.291938,1.364116,104.7648
15,100,1.5800,79,0,100,4.102340,1.341015,104.8437
15,100,1.6000,80,0,100,3.913489,1.336427,104.9187
15,100,1.6200,81,0,100,3.998865,1.308747,104.9897
15,100,1.6400,82,0,100,3.951796,1.303181,105.0568
15,100,1.6600,83,0,100,4.143837,1.274316,105.1199
15,100,1.6800,84,0,100,4.116158,1.268733,105.1791
15,100,1.7000,85,0,100,4.308233,1.238291,105.2344
15,100,1.7200,86,0,100,4.263515,1.231839,105.2858
15,100,1.7400,87,0,100,4.455736,1.213116,105.3332
15,100,1.7600,88,0,100,4.648160,1.207551,105.3767
15,100,1.7800,89,0,100,4.565919,1.169538,105.4163
15,100,1.8000,90,0,100,4.758475,1.179217,105.4519
15,100,1.8200,91,0,100,4.654755,1.175776,105.4836
15,100,1.8400,92,0,100,4.847330,1.164247,105.5114
15,100,1.8600,93,0,100,4.724811,1.172027,105.5353
15,100,1.8800,94,0,100,4.917367,1.188766,105.5552
15,100,1.9000,95,0,100,5.110071,1.195308,105.5712
15,100,1.9200,96,0,100,4.971472,1.215781,105.5833
15,100,1.9400,97,0,100,5.164143,1.249365,105.5915
15,100,1.9600,98,0,100,5.356941,1.270831,105.5957
15,100,1.9800,99,0,100,5.549850,1.298053,105.5961
15,100,2.0000,100,0,100,5.398090,1.331529,105.5925
15,100,2.0200,101,0,100,5.590967,1.373294,105.5850
15,100,2.0400,102,0,100,5.783940,1.406958,105.5736
15,100,2.0600,103,0,100,5.976996,1.455478,105.5582
15,100,2.0800,104,0,100,5.816504,1.501374,105.5390
15,100,2.1000,105,0,100,6.009541,1.550736,105.5158
15,100,2.1200,106,0,100,6.202650,1.591293,105.4887
15,100,2.1400,107,0,100,6.395821,1.642250,105.4577
15,100,2.1600,108,0,100,6.227920,1.692128,105.4228
15,100,2.1800,109,0,100,6.421110,1.747196,105.3840
15,100,2.2000,110,0,100,6.614352,1.787048,105.3412
15,100,2.2200,111,0,100,6.807637,1.835032,105.2946
15,100,2.2400,112,0,100,7.000959,1.886217,105.2440
15,100,2.2600,113,0,100,6.824342,1.935730,105.1896
15,100,2.2800,114,0,100,7.017737,1.977611,105.1312
15,100,2.3000,115,0,100,7.211158,2.027521,105.0689
15,100,2.3200,116,0,100,7.404602,2.082044,105.0027
15,100,2.3400,117,0,100,7.598062,2.139419,104.9326
15,100,2.3600,118,0,100,7.411359,2.192357,104.8586
15,100,2.3800,119,0,100,7.604950,2.239092,104.7807
15,100,2.4000,120,0,100,7.798549,2.294568,104.6989
15,100,2.4200,121,0,100,7.992148,2.355426,104.6132
15,100,2.4400,122,0,100,8.185749,2.420407,104.5236
15,100,2.4600,123,0,100,7.997931,2.482504,104.4301
15,100,2.4800,124,0,100,8.191708,2.543078,104.3327
15,100,2.5000,125,0,100,8.385474,2.613519,104.2313
15,100,2.5200,126,0,100,8.579226,2.691183,104.1261
15,100,2.5400,127,0,100,8.408241,2.770242,104.0170
15,100,2.5600,128,0,100,8.602170,2.855288,103.9040
15,100,2.5800,129,0,100,8.796076,2.944235,103.7871
15,100,2.6000,130,0,100,8.989958,3.043100,103.6663
15,100,2.6200,131,0,100,8.843155,3.144841,103.5416
15,100,2.6400,132,0,100,9.037141,3.258353,103.4130
15,100,2.6600,133,0,100,9.231096,3.374255,103.2805
15,100,2.6800,134,0,100,9.026234,3.490607,103.1441
15,100,2.7000,135,0,100,9.220113,3.614940,103.0039
15,100,2.7200,136,0,100,9.413964,3.737774,102.8597
15,100,2.7400,137,0,100,9.607787,3.863968,102.7117
15,100,2.7600,138,0,100,9.445602,3.993389,102.5597
15,100,2.7800,139,0,100,9.639151,4.130158,102.4039
15,100,2.8000,140,0,100,9.832682,4.270951,102.2442
15,100,2.8200,141,0,100,10.026192,4.413789,102.0806
15,100,2.8400,142,0,100,10.219684,4.556917,101.9131
15,100,2.8600,143,0,100,10.413155,4.700329,101.7417
15,100,2.8800,144,0,100,10.606602,4.845728,101.5664
15,100,2.9000,145,0,100,10.800027,4.990927,101.3873
15,100,2.9200,146,0,100,10.993426,5.135964,101.2043
15,100,2.9400,147,0,100,11.186803,5.281049,101.0174
15,100,2.9600,148,0,100,11.380154,5.427549,100.8266
15,100,2.9800,149,0,100,11.573479,5.575618,100.6319
15,100,3.0000,150,0,100,11.766776,5.724958,100.4333
15,100,3.0200,151,0,100,11.960048,5.876145,100.2309
15,100,3.0400,152,0,100,12.153291,6.028780,100.0246
15,100,3.0600,153,0,100,11.999165,6.179900,99.8144
15,100,3.0800,154,0,100,12.192020,6.333574,99.6003
15,100,3.1000,155,0,100,12.384860,6.488654,99.3824
15,100,3.1200,156,0,100,12.577682,6.645592,99.1606
15,100,3.1400,157,0,100,12.770486,6.803844,98.9349
15,100,3.1600,158,0,100,12.963271,6.963639,98.7053
15,100,3.1800,159,0,100,13.156035,7.123904,98.4719
15,100,3.2000,160,0,100,13.348780,7.284677,98.2345
15,100,3.2200,161,0,100,13.541500,7.446302,97.9934
15,100,3.2400,162,0,100,13.734200,7.608538,97.7483
15,100,3.2600,163,0,100,13.926876,7.771115,97.4994
15,100,3.2800,164,0,100,14.119529,7.933971,97.2466
15,100,3.3000,165,0,100,14.312159,8.097190,96.9899
15,100,3.3200,166,0,100,14.504762,8.261071,96.7294
15,100,3.3400,167,0,100,14.697341,8.425440,96.4650
15,100,3.3600,168,0,100,14.889894,8.589544,96.1967
15,100,3.3800,169,0,100,15.082419,8.754156,95.9246
15,100,3.4000,170,0,100,15.274920,8.919114,95.6486
15,100,3.4200,171,0,100,15.467393,9.083665,95.3687
15,100,3.4400,172,0,100,15.659837,9.248535,95.0850
15,100,3.4600,173,0,100,15.852253,9.414206,94.7974
15,100,3.4800,174,0,100,16.044641,9.580587,94.5060
15,100,3.5000,175,0,100,16.237001,9.748390,94.2106
15,100,3.5200,176,0,100,16.429331,9.917192,93.9115
15,100,3.5400,177,0,100,16.621632,10.086286,93.6084
15,100,3.5600,178,0,100,16.813904,10.255649,93.3016
15,100,3.5800,179,0,100,17.006144,10.425467,92.9908
15,100,3.6000,180,0,100,17.198357,10.595530,92.6762
15,100,3.6200,181,0,100,17.390535,10.765612,92.3577
15,100,3.6400,182,0,100,17.582684,10.935409,92.0354
15,100,3.6600,183,0,100,17.774803,11.105139,91.7093
15,100,3.6800,184,0,100,17.661341,11.270644,91.3792
15,100,3.7000,185,0,100,17.853357,11.438712,91.0454
15,100,3.7200,186,0,100,18.045343,11.607475,90.7076
15,100,3.7400,187,0,100,18.237303,11.776497,90.3660
15,100,3.7600,188,0,100,18.429230,11.945902,90.0206
15,100,3.7800,189,0,100,18.621128,12.116039,89.6713
15,100,3.8000,190,0,100,18.812994,12.287149,89.3182
15,100,3.8200,191,0,100,19.004831,12.458676,88.9612
15,100,3.8400,192,0,100,19.196636,12.630375,88.6004
15,100,3.8600,193,0,100,19.388411,12.802152,88.2357
15,100,3.8800,194,0,100,19.580153,12.974070,87.8672
15,100,3.9000,195,0,100,19.771864,13.146324,87.4948
15,100,3.9200,196,0,100,19.963543,13.318622,87.1186
15,100,3.9400,197,0,100,20.155190,13.491037,86.7386
15,100,3.9600,198,0,100,20.346804,13.663577,86.3547
15,100,3.9800,199,0,100,20.538389,13.836056,85.9669
15,100,4.0000,200,0,100,20.729939,14.008406,85.5753
15,100,4.0200,201,0,100,20.921455,14.180864,85.1799
15,100,4.0400,202,0,100,21.112940,14.353391,84.7807
15,100,4.0600,203,0,100,21.304392,14.525992,84.3775
15,100,4.0800,204,0,100,21.495813,14.699280,83.9706
15,100,4.1000,205,0,100,21.687197,14.873735,83.5598
15,100,4.1200,206,0,100,21.878548,15.046700,83.1452
15,100,4.1400,207,0,100,22.069868,15.219682,82.7268
15,100,4.1600,208,0,100,22.261152,15.393380,82.3045
15,100,4.1800,209,0,100,22.452402,15.566890,81.8783
15,100,4.2000,210,0,100,22.643623,15.740046,81.4484
15,100,4.2200,211,0,100,22.834805,15.912703,81.0146
15,100,4.2400,212,0,100,23.025955,16.085369,80.5770
15,100,4.2600,213,0,100,23.217070,16.258291,80.1355
15,100,4.2800,214,0,100,23.408152,16.431921,79.6902
15,100,4.3000,215,0,100,23.599199,16.605158,79.2411
15,100,4.3200,216,0,100,23.790213,16.779051,78.7882
15,100,4.3400,217,0,100,23.981192,16.953432,78.3314
15,100,4.3600,218,0,100,24.000645,17.127779,77.8708
15,100,4.3800,219,0,100,24.191534,17.301620,77.4064
15,100,4.4000,220,0,100,24.382387,17.475384,76.9381
15,100,4.4200,221,0,100,24.573210,17.651516,76.4660
15,100,4.4400,222,0,100,24.764000,17.824591,75.9901
15,100,4.4600,223,0,100,24.954754,17.994152,75.5104
15,100,4.4800,224,0,100,25.145473,18.163696,75.0268
15,100,4.5000,225,0,100,25.336159,18.342113,74.5395
15,100,4.5200,226,0,100,25.526812,18.512970,74.0483
15,100,4.5400,227,0,100,25.717430,18.684338,73.5533
15,100,4.5600,228,0,100,25.908010,18.854780,73.0544
15,100,4.5800,229,0,100,26.098560,19.028929,72.5518
15,100,4.6000,230,0,100,26.289072,19.201401,72.0453
15,100,4.6200,231,0,100,26.479548,19.375944,71.5350
15,100,4.6400,232,0,100,26.669992,19.476177,71.0209
15,100,4.6600,233,0,100,26.860401,19.506254,70.5030
15,100,4.6800,234,0,100,27.050776,19.390953,69.9812
15,100,4.7000,235,0,100,27.241116,19.538431,69.4557
15,100,4.7200,236,0,100,27.431419,19.378263,68.9263
15,100,4.7400,237,0,100,27.621687,19.144871,68.3931
15,100,4.7600,238,0,100,27.811922,19.146263,67.8561
15,100,4.7800,239,0,100,28.002119,19.268944,67.3153
15,100,4.8000,240,0,100,28.192284,19.415445,66.7707
15,100,4.8200,241,0,100,28.382410,19.332344,66.2222
15,100,4.8400,242,0,100,28.572502,19.261578,65.6700
15,100,4.8600,243,0,100,28.762558,19.245241,65.1139
15,100,4.8800,244,0,100,28.952583,19.323315,64.5541
15,100,4.9000,245,0,100,29.142569,19.372812,63.9904
15,100,4.9200,246,0,100,29.332518,19.382042,63.4230
15,100,4.9400,247,0,100,29.522432,19.380535,62.8517
15,100,4.9600,248,0,100,29.712313,19.182623,62.2766
15,100,4.9800,249,0,100,29.902155,19.257689,61.6977
15,100,5.0000,250,0,100,30.091963,19.343103,61.1150
15,100,5.0200,251,0,100,30.281736,19.447302,60.5285
15,100,5.0400,252,0,100,30.471472,19.568090,59.9382
15,100,5.0600,253,0,100,30.661171,19.670000,59.3441
15,100,5.0800,254,0,100,30.850838,19.567560,58.7462
15,100,5.1000,255,0,100,31.040466,19.499079,58.1445
15,100,5.1200,256,0,100,31.230059,19.574905,57.5390
15,100,5.1400,257,0,100,31.419617,19.712196,56.9298
15,100,5.1600,258,0,100,31.609138,19.821922,56.3167
15,100,5.1800,259,0,100,31.798622,19.908728,55.6998
15,100,5.2000,260,0,100,31.988071,19.964008,55.0791
15,100,5.2200,261,0,100,32.177486,20.016352,54.4546
15,100,5.2400,262,0,100,32.366863,20.022316,53.8263
15,100,5.2600,263,0,100,32.556202,19.927217,53.1943
15,100,5.2800,264,0,100,32.745510,19.610781,52.5584
15,100,5.3000,265,0,100,32.934776,19.587433,51.9188
15,100,5.3200,266,1,99,33.124012,19.396078,51.2753
15,100,5.3400,267,3,97,33.313206,19.274931,50.6281
15,100,5.3600,268,3,97,33.330925,19.334663,49.9771
15,100,5.3800,269,3,97,33.522373,19.166403,49.3223
15,100,5.4000,270,3,97,33.660328,19.059303,48.6637
15,100,5.4200,271,3,97,33.849411,18.821827,48.0013
15,100,5.4400,272,3,97,34.038456,18.508047,47.3351
15,100,5.4600,273,1,99,34.227467,18.429152,46.6651
15,100,5.4800,274,0,100,34.416439,17.865009,45.9914
15,100,5.5000,275,0,100,34.605377,17.700737,45.3139
15,100,5.5200,276,0,100,34.794281,17.484125,44.6326
15,100,5.5400,277,0,100,34.983143,17.355591,43.9475
15,100,5.5600,278,0,100,35.171974,17.217003,43.2586
15,100,5.5800,279,0,100,35.360767,17.055458,42.5659
15,100,5.6000,280,0,100,35.549522,16.899851,41.8695
15,100,5.6200,281,0,100,35.738243,16.480162,41.1693
15,100,5.6400,282,0,100,35.926926,16.179932,40.4653
15,100,5.6600,283,0,100,36.115574,15.995441,39.7575
15,100,5.6800,284,0,100,36.304184,15.687365,39.0459
15,100,5.7000,285,1,99,36.492760,15.522855,38.3306
15,100,5.7200,286,2,98,36.681297,15.330463,37.6115
15,100,5.7400,287,2,98,36.869801,15.054749,36.8886
15,100,5.7600,288,2,98,37.058266,14.997175,36.1620
15,100,5.7800,289,2,98,37.246693,14.881277,35.4315
15,100,5.8000,290,2,98,37.435089,14.764933,34.6973
15,100,5.8200,291,2,98,37.623444,14.603207,33.9593
15,100,5.8400,292,2,98,37.811764,14.359089,33.2176
15,100,5.8600,293,3,97,38.000046,14.034371,32.4721
15,100,5.8800,294,2,98,38.188293,13.649275,31.7228
15,100,5.9000,295,1,99,38.376503,13.330771,30.9697
15,100,5.9200,296,1,99,38.564678,13.179320,30.2129
15,100,5.9400,297,1,99,38.752815,13.114409,29.4523
15,100,5.9600,298,1,99,38.940918,13.127611,28.6879
15,100,5.9800,299,1,99,39.128983,13.071351,27.9198
15,100,6.0000,300,1,99,39.317009,13.054762,27.1479
15,100,6.0200,301,1,99,39.505001,12.599627,26.3723
15,100,6.0400,302,2,98,39.692955,12.301318,25.5928
15,100,6.0600,303,2,98,39.880875,12.194131,24.8096
15,100,6.0800,304,2,98,40.068756,12.177870,24.0227
15,100,6.1000,305,1,99,40.256599,11.581333,23.2320
15,100,6.1200,306,1,99,40.444408,11.109954,22.4375
15,100,6.1400,307,2,98,40.632179,10.989196,21.6393
15,100,6.1600,308,2,98,40.819916,10.869798,20.8373
15,100,6.1800,309,2,98,41.007614,10.731424,20.0315
15,100,6.2000,310,2,98,41.195274,10.658553,19.2220
15,100,6.2200,311,1,99,41.382900,10.416581,18.4088
15,100,6.2400,312,1,99,41.570488,10.365881,17.5917
15,100,6.2600,313,1,99,41.758041,10.356030,16.7710
15,100,6.2800,314,2,98,41.945557,10.209663,15.9464
15,100,6.3000,315,2,98,42.133034,9.850595,15.1181
15,100,6.3200,316,3,97,42.320480,9.297869,14.2861
15,100,6.3400,317,3,97,42.507881,8.863254,13.4503
15,100,6.3600,318,3,97,42.448177,8.311091,12.6107
15,100,6.3800,319,3,97,42.635567,7.316058,11.7675
15,100,6.4000,320,4,96,42.822914,6.299445,10.9204
15,100,6.4200,321,4,96,42.789013,5.567135,10.0696
15,100,6.4400,322,5,95,42.976341,5.228326,9.2151
15,100,6.4600,323,5,95,43.163639,4.902182,8.3568
15,100,6.4800,324,7,93,43.191479,4.650953,7.4947
15,100,6.5000,325,7,93,43.378735,4.337129,6.6289
15,100,6.5200,326,7,93,43.509525,4.010315,5.7594
15,100,6.5400,327,7,93,30.850569,3.750955,5.0307
15,100,6.5600,328,8,92,24.759827,3.531325,4.5593
15,100,6.5800,329,7,93,26.331999,3.484533,4.1716
15,100,6.6000,330,7,93,22.695974,3.451009,3.8453
15,100,6.6200,331,7,93,17.440374,3.290659,3.8135
15,100,6.6400,332,10,90,17.595255,3.191839,3.8657
15,100,6.6600,333,10,90,16.132593,3.006432,3.9140
15,100,6.6800,334,10,90,13.030295,2.785237,3.9583
15,100,6.7000,335,11,89,11.840005,2.678133,3.9987
15,100,6.7200,336,11,89,11.805761,2.550124,4.0352
15,100,6.7400,337,12,88,11.774701,2.484884,4.0678
15,100,6.7600,338,13,87,11.746845,2.425467,4.0965
15,100,6.7800,339,13,87,11.722216,2.383902,4.1212
15,100,6.8000,340,13,87,11.700831,2.312327,4.1420
15,100,6.8200,341,13,87,11.682706,2.272358,4.1588
15,100,6.8400,342,13,87,11.667855,2.232289,4.1718
15,100,6.8600,343,13,87,11.656288,2.208083,4.1808
15,100,6.8800,344,12,88,11.648013,2.121025,4.1859
15,100,6.9000,345,12,88,11.643035,2.089208,4.1871
15,100,6.9200,346,13,87,11.641355,2.016312,4.1844
15,100,6.9400,347,12,88,11.642975,1.942495,4.1777
15,100,6.9600,348,11,89,11.647889,1.859620,4.1672
15,100,6.9800,349,14,86,11.656093,1.794727,4.1527
15,100,7.0000,350,14,86,11.667577,1.703420,4.1343
15,100,7.0200,351,15,85,11.682329,1.635782,4.1120
15,100,7.0400,352,14,86,11.700336,1.603035,4.0857
15,100,7.0600,353,14,86,11.721580,1.570178,4.0556
15,100,7.0800,354,14,86,11.746042,1.522030,4.0215
15,100,7.1000,355,15,85,11.773700,1.470030,3.9836
15,100,7.1200,356,15,85,11.804529,1.419184,3.9417
15,100,7.1400,357,15,85,11.838502,1.393240,3.8959
15,100,7.1600,358,16,84,11.875591,1.355025,3.8462
15,100,7.1800,359,16,84,11.915766,1.298077,3.7926
15,100,7.2000,360,16,84,11.958990,1.246658,3.7351
15,100,7.2200,361,16,84,12.005233,1.208969,3.6736
15,100,7.2400,362,16,84,12.054456,1.190410,3.6083
15,100,7.2600,363,16,84,12.106621,1.157939,3.5390
15,100,7.2800,364,15,85,12.161687,1.137015,3.4659
15,100,7.3000,365,16,84,12.219616,1.091052,3.3888
15,100,7.3200,366,17,83,12.280362,1.065537,3.3079
15,100,7.3400,367,17,83,12.343884,1.026637,3.2230
15,100,7.3600,368,20,80,12.410137,0.984463,3.1343
15,100,7.3800,369,21,79,12.479076,0.971286,3.0416
15,100,7.4000,370,21,79,12.550653,0.947373,2.9450
15,100,7.4200,371,21,79,12.624825,0.929679,2.8446
15,100,7.4400,372,22,78,12.701539,0.911195,2.7402
15,100,7.4600,373,22,78,12.780754,0.895012,2.6320
15,100,7.4800,374,22,78,12.862418,0.859730,2.5198
15,100,7.5000,375,22,78,12.946485,0.812895,2.4037
15,100,7.5200,376,24,76,13.032904,0.787931,2.2838
15,100,7.5400,377,27,73,13.121630,0.744040,2.1599
15,100,7.5600,378,27,73,13.212611,0.725303,2.0322
15,100,7.5800,379,27,73,13.305803,0.707577,1.9006
15,100,7.6000,380,27,73,13.401156,0.700042,1.8188
15,100,7.6200,381,26,74,13.498623,0.675453,1.8178
15,100,7.6400,382,26,74,13.598157,0.648493,1.8167
15,100,7.6600,383,29,71,13.699711,0.639675,1.8155
15,100,7.6800,384,27,73,13.803239,0.629667,1.8141
15,100,7.7000,385,28,72,13.908695,0.618980,1.8127
15,100,7.7200,386,28,72,14.016034,0.612712,1.8111
15,100,7.7400,387,43,57,10.819666,0.552937,1.8093
15,100,7.7600,388,44,56,10.808323,0.541525,1.8073
15,100,7.7800,389,44,56,10.800531,0.533984,1.8051
15,100,7.8000,390,44,56,10.796295,0.531118,1.8027
15,100,7.8200,391,46,54,10.795618,0.522502,1.8000
15,100,7.8400,392,46,54,10.798495,0.498982,1.7970
15,100,7.8600,393,47,53,10.804924,0.495891,1.7935
15,100,7.8800,394,49,51,10.814898,0.488027,1.7897
15,100,7.9000,395,49,51,10.828400,0.486157,1.7854
15,100,7.9200,396,50,50,10.845419,0.475207,1.7806
15,100,7.9400,397,50,50,9.911439,0.460573,1.7752
15,100,7.9600,398,51,49,9.874729,0.459413,1.7692
15,100,7.9800,399,51,49,9.841805,0.456768,1.7625
15,100,8.0000,400,52,48,9.812704,0.445375,1.7549
15,100,8.0200,401,53,47,9.787457,0.437720,1.7465
15,100,8.0400,402,53,47,9.766092,0.422849,1.7370
15,100,8.0600,403,53,47,9.748632,0.418387,1.7264
15,100,8.0800,404,55,45,9.735097,0.410755,1.7145
15,100,8.1000,405,58,42,9.725498,0.410161,1.7011
15,100,8.1200,406,58,42,9.719848,0.397845,1.6928
15,100,8.1400,407,58,42,9.718148,0.392680,1.6888
15,100,8.1600,408,58,42,9.720401,0.388188,1.6843
15,100,8.1800,409,58,42,9.726598,0.386639,1.6789
15,100,8.2000,410,58,42,9.736732,0.368714,1.6724
15,100,8.2200,411,59,41,9.750788,0.366906,1.6645
15,100,8.2400,412,59,41,9.768745,0.365708,1.6550
15,100,8.2600,413,59,41,9.790583,0.365806,1.6440
15,100,8.2800,414,59,41,9.604371,0.365017,1.6312
15,100,8.3000,415,60,40,9.572018,0.361996,1.6235
15,100,8.3200,416,60,40,9.543597,0.359128,1.6222
15,100,8.3400,417,61,39,9.519144,0.340835,1.6211
15,100,8.3600,418,61,39,9.498685,0.319571,1.6200
15,100,8.3800,419,61,39,9.482244,0.317426,1.6186
15,100,8.4000,420,63,37,9.469839,0.304264,1.6178
15,100,8.4200,421,63,37,9.461484,0.300277,1.6175
15,100,8.4400,422,64,36,9.457187,0.286486,1.6173
15,100,8.4600,423,64,36,9.456951,0.282238,1.6171
15,100,8.4800,424,64,36,9.460775,0.279121,1.6168
15,100,8.5000,425,64,36,9.468651,0.260185,1.6167
15,100,8.5200,426,64,36,9.480566,0.253886,1.6165
15,100,8.5400,427,65,35,9.496502,0.249605,1.6153
15,100,8.5600,428,65,35,9.516438,0.246082,1.6149
15,100,8.5800,429,65,35,9.540344,0.243291,1.6146
15,100,8.6000,430,66,34,9.568191,0.236812,1.6142
15,100,8.6200,431,70,30,9.599939,0.234805,1.6130
15,100,8.6400,432,70,30,7.999916,0.217595,1.6125
15,100,8.6600,433,70,30,7.869766,0.215437,1.6119
15,100,8.6800,434,70,30,7.805945,0.209924,1.6112
15,100,8.7000,435,70,30,7.746595,0.207894,1.6094
15,100,8.7200,436,70,30,7.691815,0.206969,1.6084
15,100,8.7400,437,70,30,7.641702,0.206794,1.6075
15,100,8.7600,438,71,29,7.596344,0.207277,1.6053
15,100,8.7800,439,71,29,7.555825,0.194440,1.6038
15,100,8.8000,440,71,29,7.520218,0.177645,1.6023
15,100,8.8200,441,72,28,7.489593,0.174545,1.5992
15,100,8.8400,442,72,28,7.464006,0.173114,1.5967
15,100,8.8600,443,73,27,7.443506,0.169624,1.5960
15,100,8.8800,444,74,26,7.428132,0.167439,1.5957
15,100,8.9000,445,74,26,7.417913,0.165474,1.5959
15,100,8.9200,446,74,26,7.412868,0.163776,1.5960
15,100,8.9400,447,74,26,7.413003,0.162520,1.5963
15,100,8.9600,448,74,26,7.418316,0.142949,1.5968
15,100,8.9800,449,74,26,7.428792,0.140873,1.5973
15,100,9.0000,450,74,26,7.444406,0.139347,1.5977
15,100,9.0200,451,74,26,7.465123,0.138092,1.5982
15,100,9.0400,452,74,26,7.490898,0.137139,1.5986
15,100,9.0600,453,74,26,7.521675,0.136545,1.5989
15,100,9.0800,454,74,26,7.557391,0.136304,1.5991
15,100,9.1000,455,74,26,7.597972,0.137137,1.5993
15,100,9.1200,456,74,26,7.643338,0.138282,1.5995
15,100,9.1400,457,74,26,7.693402,0.139734,1.5997
15,100,9.1600,458,74,26,7.748069,0.125057,1.5999
15,100,9.1800,459,74,26,7.807241,0.124536,1.6000
15,100,9.2000,460,74,26,5.917795,0.105016,1.6000
15,100,9.2200,461,75,25,5.790264,0.099755,1.6001
15,100,9.2400,462,75,25,5.724409,0.098226,1.6001
15,100,9.2600,463,75,25,5.664610,0.096583,1.6000
15,100,9.2800,464,75,25,5.611056,0.095082,1.5999
15,100,9.3000,465,75,25,5.563924,0.093752,1.5997
15,100,9.3200,466,75,25,5.523374,0.092657,1.5996
15,100,9.3400,467,76,24,5.489546,0.077869,1.5994
15,100,9.3600,468,76,24,5.462564,0.075204,1.5991
15,100,9.3800,469,76,24,5.442523,0.073087,1.5989
15,100,9.4000,470,76,24,5.429495,0.071197,1.5985
15,100,9.4200,471,76,24,5.423529,0.069594,1.5982
15,100,9.4400,472,76,24,5.424643,0.066975,1.5978
15,100,9.4600,473,76,24,5.432827,0.065986,1.5974
15,100,9.4800,474,76,24,5.448046,0.065144,1.5967
15,100,9.5000,475,76,24,5.470237,0.064472,1.5960
15,100,9.5200,476,76,24,3.113624,0.041215,1.5951
15,100,9.5400,477,76,24,3.070817,0.040882,1.5939
15,100,9.5600,478,76,24,3.123448,0.041610,1.5924
15,100,9.5800,479,76,24,3.187246,0.042272,1.5925
15,100,9.6000,480,76,24,3.261548,0.042885,1.5925
15,100,9.6200,481,76,24,3.345648,0.043465,1.5922
15,100,9.6400,482,76,24,2.999348,0.040381,1.5914
15,100,9.6600,483,76,24,2.999171,0.041428,1.5905
15,100,9.6800,484,76,24,3.001704,0.042636,1.5896
15,100,9.7000,485,77,23,3.016987,0.043784,1.5885
15,100,9.7200,486,77,23,3.044821,0.044578,1.5875
15,100,9.7400,487,77,23,3.084857,0.045553,1.5864
15,100,9.7600,488,77,23,3.136623,0.046701,1.5853
15,100,9.7800,489,78,22,3.199540,0.048030,1.5841
15,100,9.8000,490,78,22,3.272960,0.049929,1.5817
15,100,9.8200,491,78,22,3.356187,0.042770,1.5801
15,100,9.8400,492,78,22,3.448502,0.042331,1.5786
15,100,9.8600,493,78,22,3.549192,0.042455,1.5770
15,100,9.8800,494,78,22,2.268680,0.028858,1.5754
15,100,9.9000,495,93,7,2.149566,0.026800,1.5737
15,100,9.9200,496,93,7,1.943044,0.024810,1.5704
15,100,9.9400,497,93,7,1.895302,0.023703,1.5671
15,100,9.9600,498,93,7,1.836365,0.022787,1.5641
15,100,9.9800,499,93,7,1.786895,0.022448,1.5611
15,100,10.0000,500,93,7,1.746814,0.023416,1.5564
15,100,10.0200,501,93,7,1.716831,0.024651,1.5502
15,100,10.0400,502,93,7,1.697606,0.026202,1.5427
15,100,10.0600,503,93,7,1.689660,0.027991,1.5339
15,100,10.0800,504,93,7,1.517465,0.028185,1.5234
15,100,10.1000,505,91,9,1.443918,0.029570,1.5112
15,100,10.1200,506,91,9,1.370979,0.030324,1.5043
15,100,10.1400,507,91,9,1.295717,0.030353,1.5043
15,100,10.1600,508,91,9,1.219045,0.030286,1.5043
15,100,10.1800,509,91,9,1.198903,0.030625,1.5043
15,100,10.2000,510,91,9,1.334358,0.031056,1.5043
15,100,10.2200,511,91,9,1.474524,0.028550,1.5043
15,100,10.2400,512,91,9,0.763480,0.013669,1.5043
15,100,10.2600,513,91,9,0.668698,0.009599,1.5043
15,100,10.2800,514,91,9,0.569601,0.007438,1.5043
15,100,10.3000,515,91,9,0.470932,0.006659,1.5043
15,100,10.3200,516,91,9,0.373546,0.005604,1.5043
15,100,10.3400,517,91,9,0.277416,0.004133,1.5043
15,100,10.3600,518,91,9,0.184592,0.002593,1.5043
15,100,10.3800,519,91,9,0.108466,0.001406,1.5043
15,100,10.4000,520,91,9,0.063728,0.000865,1.5043
15,100,10.4200,521,91,9,0.023391,0.000604,1.5043
15,100,10.4400,522,91,9,0.054634,0.000893,1.5043
15,100,10.4600,523,91,9,0.107990,0.001303,1.5043
15,100,10.4801,524,91,9,0.162720,0.001734,1.5043
15,100,10.5001,525,91,9,0.218158,0.002237,1.5043
15,100,10.5201,526,91,9,0.274637,0.002804,1.5043
15,100,10.5401,527,98,2,0.332354,0.003324,1.5043
15,100,10.5601,528,98,2,0.295516,0.002955,1.5043
15,100,10.5801,529,98,2,0.278482,0.002785,1.5043
15,100,10.6001,530,99,1,0.294329,0.002943,1.5043
15,100,10.6201,531,99,1,0.304977,0.003050,1.5043
15,100,10.6401,532,99,1,0.323048,0.003230,1.5043
15,100,10.6601,533,99,1,0.344571,0.003446,1.5043
15,100,10.6801,534,99,1,0.370855,0.003709,1.5043
15,100,10.7001,535,99,1,0.401897,0.004019,1.5043
15,100,10.7201,536,99,1,0.438282,0.004383,1.5043
15,100,10.7401,537,99,1,0.480509,0.004805,1.5043
15,100,10.7601,538,99,1,0.529291,0.005293,1.5043
15,100,10.7801,539,99,1,0.586678,0.005867,1.5043
15,100,10.8001,540,99,1,0.656787,0.006568,1.5043
15,100,10.8201,541,99,1,0.736521,0.007365,1.5043
15,100,10.8401,542,99,1,0.823453,0.008235,1.5043
15,100,10.8601,543,99,1,0.913295,0.009133,1.5043
15,100,10.8801,544,99,1,1.006691,0.010067,1.5043
15,100,10.9001,545,99,1,1.103634,0.011036,1.5043
15,100,10.9201,546,99,1,1.204535,0.012045,1.5043
15,100,10.9401,547,99,1,0.528305,0.005283,1.5043
15,100,10.9601,548,99,1,0.233664,0.002337,1.5043
15,100,10.9801,549,99,1,0.139772,0.001398,1.5043
15,100,11.0001,550,99,1,0.057458,0.000575,1.5043
15,100,11.0201,551,99,1,0.009088,0.000091,1.5043
15,100,11.0401,552,99,1,0.012502,0.000125,1.5043
15,100,11.0601,553,99,1,0.005222,0.000052,1.5043
15,100,11.0801,554,99,1,0.000475,0.000005,1.5043
15,100,11.1001,555,99,1,0.001226,0.000012,1.5043
15,100,11.1201,556,99,1,0.000450,0.000005,1.5043
15,100,11.1401,557,99,1,0.000376,0.000004,1.5043
15,100,11.1601,558,99,1,0.000148,0.000001,1.5043
15,100,11.1801,559,99,1,0.000067,0.000001,1.5043
15,100,11.2001,560,99,1,0.000002,0.000000,1.5043
15,100,11.2201,561,99,1,0.000009,0.000000,1.5043
15,100,11.2401,562,99,1,0.000028,0.000000,1.5043
15,100,11.2601,563,99,1,0.000015,0.000000,1.5043
15,100,11.2801,564,99,1,0.000020,0.000000,1.5043
15,100,11.3001,565,100,0,0.000000,0.000000,1.5043
