run,num_cubos,t_s,phys_frame,asleep,active_objs,max_v,mean_v,top_y
1,10,0.0200,1,0,10,0.000000,0.000000,9.5000
1,10,0.0400,2,0,10,0.195214,0.141333,9.4961
1,10,0.0600,3,0,10,0.364131,0.242472,9.4887
1,10,0.0800,4,0,10,0.473533,0.303656,9.4790
1,10,0.1000,5,0,10,0.515055,0.325836,9.4685
1,10,0.1200,6,0,10,0.496011,0.312456,9.4584
1,10,0.1400,7,0,10,0.430737,0.269967,9.4497
1,10,0.1600,8,0,10,0.336253,0.207278,9.4431
1,10,0.1800,9,0,10,0.233356,0.134918,9.4390
1,10,0.2000,10,0,10,0.154497,0.066513,9.4373
1,10,0.2200,11,0,10,0.148626,0.050164,9.4380
1,10,0.2400,12,0,10,0.198373,0.096668,9.4405
1,10,0.2600,13,0,10,0.248800,0.135939,9.4444
1,10,0.2800,14,0,10,0.279497,0.158777,9.4491
1,10,0.3000,15,0,10,0.286175,0.164431,9.4540
1,10,0.3200,16,0,10,0.271104,0.154907,9.4585
1,10,0.3400,17,0,10,0.240239,0.134025,9.4622
1,10,0.3600,18,0,10,0.202240,0.107165,9.4649
1,10,0.3800,19,0,10,0.167932,0.081624,9.4665
1,10,0.4000,20,0,10,0.148636,0.068130,9.4670
1,10,0.4200,21,0,10,0.148842,0.072494,9.4664
1,10,0.4400,22,0,10,0.161415,0.086798,9.4651
1,10,0.4600,23,0,10,0.175878,0.100401,9.4631
1,10,0.4800,24,0,10,0.185781,0.109523,9.4609
1,10,0.5000,25,0,10,0.189564,0.113267,9.4587
1,10,0.5200,26,0,10,0.188344,0.112670,9.4567
1,10,0.5400,27,0,10,0.184837,0.109679,9.4551
1,10,0.5600,28,0,10,0.182228,0.106505,9.4540
1,10,0.5800,29,0,10,0.182987,0.104937,9.4534
1,10,0.6000,30,0,10,0.187975,0.105707,9.4533
1,10,0.6200,31,0,10,0.196391,0.108349,9.4537
1,10,0.6400,32,0,10,0.206617,0.111732,9.4544
1,10,0.6600,33,0,10,0.217125,0.114764,9.4553
1,10,0.6800,34,0,10,0.227035,0.116823,9.4563
1,10,0.7000,35,0,10,0.236117,0.117767,9.4573
1,10,0.7200,36,0,10,0.244616,0.117728,9.4581
1,10,0.7400,37,0,10,0.252969,0.117219,9.4588
1,10,0.7600,38,0,10,0.261496,0.116747,9.4592
1,10,0.7800,39,0,10,0.270304,0.116673,9.4593
1,10,0.8000,40,0,10,0.279254,0.117075,9.4593
1,10,0.8200,41,0,10,0.288055,0.117909,9.4590
1,10,0.8400,42,0,10,0.296386,0.119046,9.4586
1,10,0.8600,43,0,10,0.303989,0.120216,9.4581
1,10,0.8800,44,0,10,0.310722,0.121283,9.4575
1,10,0.9000,45,0,10,0.316560,0.122236,9.4570
1,10,0.9200,46,0,10,0.321562,0.123165,9.4566
1,10,0.9400,47,0,10,0.325809,0.124195,9.4562
1,10,0.9600,48,0,10,0.329381,0.125414,9.4559
1,10,0.9800,49,0,10,0.332319,0.126839,9.4558
1,10,1.0000,50,0,10,0.332501,0.128454,9.4556
1,10,1.0200,51,0,10,0.309237,0.130693,9.4554
1,10,1.0400,52,0,10,0.296999,0.132501,9.4553
1,10,1.0600,53,0,10,0.298184,0.139799,9.4549
1,10,1.0800,54,0,10,0.316398,0.142017,9.4541
1,10,1.1000,55,0,10,0.338327,0.143061,9.4532
1,10,1.1200,56,0,10,0.356223,0.144455,9.4524
1,10,1.1400,57,0,10,0.368393,0.145519,9.4515
1,10,1.1600,58,0,10,0.375631,0.146190,9.4507
1,10,1.1800,59,0,10,0.378907,0.147384,9.4499
1,10,1.2000,60,0,10,0.379785,0.149487,9.4492
1,10,1.2200,61,0,10,0.379625,0.151956,9.4486
1,10,1.2400,62,0,10,0.379626,0.154260,9.4481
1,10,1.2600,63,0,10,0.378758,0.158463,9.4479
1,10,1.2800,64,0,10,0.375272,0.162204,9.4477
1,10,1.3000,65,0,10,0.372240,0.164978,9.4475
1,10,1.3200,66,0,10,0.370411,0.165225,9.4474
1,10,1.3400,67,0,10,0.370739,0.164132,9.4472
1,10,1.3600,68,0,10,0.372981,0.162890,9.4469
1,10,1.3800,69,0,10,0.376900,0.161919,9.4466
1,10,1.4000,70,0,10,0.382142,0.161956,9.4462
1,10,1.4200,71,0,10,0.388219,0.163200,9.4458
1,10,1.4400,72,0,10,0.368257,0.172443,9.4459
1,10,1.4600,73,0,10,0.340979,0.171071,9.4469
1,10,1.4800,74,0,10,0.318385,0.174118,9.4477
1,10,1.5000,75,0,10,0.309364,0.179215,9.4482
1,10,1.5200,76,0,10,0.305319,0.179499,9.4485
1,10,1.5400,77,0,10,0.302679,0.179765,9.4488
1,10,1.5600,78,0,10,0.302020,0.180097,9.4489
1,10,1.5800,79,0,10,0.300493,0.183818,9.4488
1,10,1.6000,80,0,10,0.297765,0.188435,9.4486
1,10,1.6200,81,0,10,0.295272,0.191889,9.4482
1,10,1.6400,82,0,10,0.294239,0.193520,9.4476
1,10,1.6600,83,0,10,0.294643,0.193114,9.4470
1,10,1.6800,84,0,10,0.295873,0.189695,9.4463
1,10,1.7000,85,0,10,0.297626,0.184242,9.4457
1,10,1.7200,86,0,10,0.300068,0.175752,9.4451
1,10,1.7400,87,0,10,0.303523,0.166305,9.4446
1,10,1.7600,88,0,10,0.308092,0.160299,9.4442
1,10,1.7800,89,0,10,0.312697,0.152826,9.4438
1,10,1.8000,90,0,10,0.315720,0.146342,9.4433
1,10,1.8200,91,0,10,0.316775,0.140183,9.4428
1,10,1.8400,92,0,10,0.317246,0.134713,9.4424
1,10,1.8600,93,0,10,0.319184,0.130479,9.4420
1,10,1.8800,94,0,10,0.324266,0.127716,9.4417
1,10,1.9000,95,0,10,0.332131,0.126715,9.4415
1,10,1.9200,96,0,10,0.339935,0.126227,9.4413
1,10,1.9400,97,0,10,0.346073,0.126580,9.4412
1,10,1.9600,98,0,10,0.350001,0.127383,9.4412
1,10,1.9800,99,0,10,0.351534,0.128218,9.4413
1,10,2.0000,100,0,10,0.350560,0.128500,9.4414
1,10,2.0200,101,0,10,0.347847,0.128132,9.4415
1,10,2.0400,102,0,10,0.342680,0.127092,9.4417
1,10,2.0600,103,0,10,0.335520,0.124800,9.4418
1,10,2.0800,104,0,10,0.327021,0.122358,9.4419
1,10,2.1000,105,0,10,0.317749,0.118861,9.4420
1,10,2.1200,106,0,10,0.307825,0.114740,9.4421
1,10,2.1400,107,0,10,0.297478,0.110175,9.4421
1,10,2.1600,108,0,10,0.300975,0.107330,9.4419
1,10,2.1800,109,0,10,0.304085,0.103989,9.4415
1,10,2.2000,110,0,10,0.297699,0.102077,9.4412
1,10,2.2200,111,0,10,0.286415,0.101216,9.4410
1,10,2.2400,112,0,10,0.273268,0.102085,9.4407
1,10,2.2600,113,0,10,0.261072,0.103354,9.4404
1,10,2.2800,114,0,10,0.250472,0.105163,9.4401
1,10,2.3000,115,0,10,0.240641,0.106970,9.4398
1,10,2.3200,116,0,10,0.230157,0.108942,9.4396
1,10,2.3400,117,0,10,0.219485,0.110352,9.4393
1,10,2.3600,118,0,10,0.210761,0.111014,9.4392
1,10,2.3800,119,0,10,0.202261,0.110936,9.4390
1,10,2.4000,120,0,10,0.193469,0.109948,9.4388
1,10,2.4200,121,0,10,0.185405,0.108213,9.4387
1,10,2.4400,122,0,10,0.178667,0.105777,9.4386
1,10,2.4600,123,0,10,0.172875,0.102746,9.4385
1,10,2.4800,124,0,10,0.167538,0.099033,9.4385
1,10,2.5000,125,0,10,0.162462,0.094830,9.4385
1,10,2.5200,126,0,10,0.157708,0.090278,9.4385
1,10,2.5400,127,0,10,0.153484,0.085446,9.4385
1,10,2.5600,128,0,10,0.149529,0.080542,9.4386
1,10,2.5800,129,0,10,0.146385,0.075755,9.4386
1,10,2.6000,130,0,10,0.143750,0.071246,9.4386
1,10,2.6200,131,0,10,0.142573,0.066493,9.4386
1,10,2.6400,132,0,10,0.142230,0.062847,9.4386
1,10,2.6600,133,0,10,0.143379,0.060412,9.4385
1,10,2.6800,134,0,10,0.143562,0.058963,9.4384
1,10,2.7000,135,0,10,0.142826,0.058063,9.4384
1,10,2.7200,136,0,10,0.144258,0.057778,9.4383
1,10,2.7400,137,0,10,0.145237,0.057458,9.4382
1,10,2.7600,138,0,10,0.142962,0.056820,9.4381
1,10,2.7800,139,0,10,0.139509,0.056119,9.4379
1,10,2.8000,140,0,10,0.134707,0.054843,9.4378
1,10,2.8200,141,0,10,0.129352,0.053149,9.4377
1,10,2.8400,142,0,10,0.123750,0.051248,9.4375
1,10,2.8600,143,0,10,0.117924,0.049085,9.4374
1,10,2.8800,144,0,10,0.112320,0.045533,9.4374
1,10,2.9000,145,0,10,0.107349,0.041678,9.4374
1,10,2.9200,146,0,10,0.101806,0.037616,9.4374
1,10,2.9400,147,0,10,0.095509,0.033848,9.4374
1,10,2.9600,148,0,10,0.089117,0.029953,9.4375
1,10,2.9800,149,0,10,0.081751,0.027032,9.4376
1,10,3.0000,150,0,10,0.074242,0.025582,9.4377
1,10,3.0200,151,0,10,0.066217,0.025479,9.4379
1,10,3.0400,152,0,10,0.057915,0.026186,9.4380
1,10,3.0600,153,0,10,0.049663,0.027230,9.4381
1,10,3.0800,154,0,10,0.041465,0.028388,9.4383
1,10,3.1000,155,0,10,0.044611,0.029609,9.4384
1,10,3.1200,156,0,10,0.052469,0.031006,9.4385
1,10,3.1400,157,0,10,0.052081,0.032680,9.4385
1,10,3.1600,158,0,10,0.056837,0.034898,9.4386
1,10,3.1800,159,0,10,0.062842,0.037092,9.4386
1,10,3.2000,160,0,10,0.063860,0.039238,9.4386
1,10,3.2200,161,0,10,0.058122,0.041084,9.4386
1,10,3.2400,162,0,10,0.062034,0.043330,9.4386
1,10,3.2600,163,0,10,0.062800,0.044951,9.4386
1,10,3.2800,164,0,10,0.066728,0.046467,9.4386
1,10,3.3000,165,0,10,0.075281,0.047601,9.4386
1,10,3.3200,166,0,10,0.083160,0.048624,9.4386
1,10,3.3400,167,0,10,0.087889,0.049266,9.4385
1,10,3.3600,168,0,10,0.094350,0.049804,9.4385
1,10,3.3800,169,0,10,0.100326,0.050168,9.4385
1,10,3.4000,170,0,10,0.105411,0.050485,9.4386
1,10,3.4200,171,0,10,0.112893,0.051167,9.4386
1,10,3.4400,172,0,10,0.121086,0.052246,9.4387
1,10,3.4600,173,0,10,0.128687,0.053436,9.4388
1,10,3.4800,174,0,10,0.135876,0.055229,9.4389
1,10,3.5000,175,0,10,0.142356,0.056871,9.4391
1,10,3.5200,176,0,10,0.148831,0.059479,9.4392
1,10,3.5400,177,0,10,0.154918,0.061992,9.4393
1,10,3.5600,178,0,10,0.159798,0.064526,9.4395
1,10,3.5800,179,0,10,0.164405,0.067440,9.4396
1,10,3.6000,180,0,10,0.168990,0.070280,9.4397
1,10,3.6200,181,0,10,0.173222,0.073226,9.4398
1,10,3.6400,182,0,10,0.176252,0.076015,9.4399
1,10,3.6600,183,0,10,0.180785,0.078825,9.4400
1,10,3.6800,184,0,10,0.183973,0.081267,9.4401
1,10,3.7000,185,0,10,0.187913,0.083501,9.4401
1,10,3.7200,186,0,10,0.192428,0.085605,9.4402
1,10,3.7400,187,0,10,0.197198,0.087375,9.4403
1,10,3.7600,188,0,10,0.201086,0.088798,9.4404
1,10,3.7800,189,0,10,0.204655,0.090499,9.4404
1,10,3.8000,190,0,10,0.208292,0.091522,9.4405
1,10,3.8200,191,0,10,0.210969,0.092641,9.4406
1,10,3.8400,192,0,10,0.214083,0.094283,9.4408
1,10,3.8600,193,0,10,0.218179,0.095229,9.4409
1,10,3.8800,194,0,10,0.222324,0.096688,9.4411
1,10,3.9000,195,0,10,0.226858,0.098128,9.4412
1,10,3.9200,196,0,10,0.231848,0.099867,9.4414
1,10,3.9400,197,0,10,0.237294,0.101334,9.4416
1,10,3.9600,198,0,10,0.242911,0.103251,9.4418
1,10,3.9800,199,0,10,0.248428,0.104622,9.4420
1,10,4.0000,200,0,10,0.254123,0.106187,9.4421
1,10,4.0200,201,0,10,0.259581,0.107829,9.4422
1,10,4.0400,202,0,10,0.264563,0.109408,9.4423
1,10,4.0600,203,0,10,0.269152,0.110902,9.4424
1,10,4.0800,204,0,10,0.273535,0.112354,9.4425
1,10,4.1000,205,0,10,0.277741,0.113783,9.4425
1,10,4.1200,206,0,10,0.281678,0.115118,9.4425
1,10,4.1400,207,0,10,0.285305,0.116332,9.4426
1,10,4.1600,208,0,10,0.288703,0.117569,9.4426
1,10,4.1800,209,0,10,0.291939,0.118742,9.4426
1,10,4.2000,210,0,10,0.295057,0.119675,9.4426
1,10,4.2200,211,0,10,0.298041,0.120689,9.4427
1,10,4.2400,212,0,10,0.300825,0.121724,9.4427
1,10,4.2600,213,0,10,0.303358,0.122760,9.4427
1,10,4.2800,214,0,10,0.305703,0.123807,9.4428
1,10,4.3000,215,0,10,0.307997,0.124896,9.4428
1,10,4.3200,216,0,10,0.310310,0.126107,9.4429
1,10,4.3400,217,0,10,0.312590,0.127421,9.4430
1,10,4.3600,218,0,10,0.314750,0.128783,9.4431
1,10,4.3800,219,0,10,0.316690,0.130146,9.4432
1,10,4.4000,220,0,10,0.318406,0.131470,9.4434
1,10,4.4200,221,0,10,0.319987,0.132399,9.4435
1,10,4.4400,222,0,10,0.321495,0.133339,9.4436
1,10,4.4600,223,0,10,0.322943,0.134360,9.4437
1,10,4.4800,224,0,10,0.324421,0.135068,9.4438
1,10,4.5000,225,0,10,0.325822,0.135603,9.4440
1,10,4.5200,226,0,10,0.327114,0.135941,9.4441
1,10,4.5400,227,0,10,0.328118,0.136119,9.4442
1,10,4.5600,228,0,10,0.328779,0.136085,9.4443
1,10,4.5800,229,0,10,0.329149,0.136079,9.4444
1,10,4.6000,230,0,10,0.329401,0.136029,9.4445
1,10,4.6200,231,0,10,0.329490,0.135924,9.4446
1,10,4.6400,232,0,10,0.329159,0.135758,9.4447
1,10,4.6600,233,0,10,0.329358,0.135563,9.4449
1,10,4.6800,234,0,10,0.329610,0.135327,9.4450
1,10,4.7000,235,0,10,0.324861,0.135314,9.4451
1,10,4.7200,236,0,10,0.317045,0.135233,9.4454
1,10,4.7400,237,0,10,0.310779,0.135315,9.4456
1,10,4.7600,238,0,10,0.306833,0.135584,9.4459
1,10,4.7800,239,0,10,0.304450,0.135970,9.4462
1,10,4.8000,240,0,10,0.302837,0.136373,9.4464
1,10,4.8200,241,0,10,0.301439,0.136640,9.4467
1,10,4.8400,242,0,10,0.299902,0.136645,9.4470
1,10,4.8600,243,0,10,0.298024,0.136635,9.4472
1,10,4.8800,244,0,10,0.295706,0.136107,9.4474
1,10,4.9000,245,0,10,0.292972,0.135067,9.4476
1,10,4.9200,246,0,10,0.289869,0.133632,9.4478
1,10,4.9400,247,0,10,0.285408,0.132508,9.4479
1,10,4.9600,248,0,10,0.279900,0.131403,9.4481
1,10,4.9800,249,0,10,0.272834,0.130490,9.4482
1,10,5.0000,250,0,10,0.263945,0.129539,9.4483
1,10,5.0200,251,0,10,0.254706,0.127923,9.4484
1,10,5.0400,252,0,10,0.246628,0.125669,9.4484
1,10,5.0600,253,0,10,0.240292,0.122948,9.4485
1,10,5.0800,254,0,10,0.235481,0.119931,9.4486
1,10,5.1000,255,0,10,0.231724,0.116741,9.4487
1,10,5.1200,256,0,10,0.228654,0.113439,9.4488
1,10,5.1400,257,0,10,0.226059,0.110050,9.4488
1,10,5.1600,258,0,10,0.223793,0.106462,9.4489
1,10,5.1800,259,0,10,0.221725,0.102876,9.4490
1,10,5.2000,260,0,10,0.219709,0.099293,9.4490
1,10,5.2200,261,0,10,0.219960,0.095609,9.4491
1,10,5.2400,262,0,10,0.222894,0.091218,9.4492
1,10,5.2600,263,0,10,0.228532,0.086391,9.4494
1,10,5.2800,264,0,10,0.233400,0.081447,9.4495
1,10,5.3000,265,0,10,0.235420,0.076897,9.4496
1,10,5.3200,266,0,10,0.234131,0.073459,9.4496
1,10,5.3400,267,0,10,0.229991,0.071113,9.4496
1,10,5.3600,268,0,10,0.227290,0.069589,9.4497
1,10,5.3800,269,0,10,0.223428,0.068580,9.4497
1,10,5.4000,270,0,10,0.217561,0.068126,9.4496
1,10,5.4200,271,0,10,0.208180,0.067085,9.4495
1,10,5.4400,272,0,10,0.198308,0.065190,9.4493
1,10,5.4600,273,0,10,0.187223,0.062502,9.4492
1,10,5.4800,274,0,10,0.175600,0.059382,9.4491
1,10,5.5000,275,0,10,0.163576,0.056880,9.4490
1,10,5.5200,276,0,10,0.150967,0.056024,9.4488
1,10,5.5400,277,0,10,0.137832,0.054984,9.4487
1,10,5.5600,278,0,10,0.124361,0.053823,9.4486
1,10,5.5800,279,0,10,0.110904,0.052028,9.4484
1,10,5.6000,280,0,10,0.097617,0.049601,9.4483
1,10,5.6200,281,0,10,0.084679,0.046750,9.4482
1,10,5.6400,282,0,10,0.072294,0.043697,9.4482
1,10,5.6600,283,0,10,0.059982,0.040643,9.4481
1,10,5.6800,284,0,10,0.050426,0.037702,9.4481
1,10,5.7000,285,0,10,0.048798,0.034821,9.4481
1,10,5.7200,286,0,10,0.047633,0.032036,9.4482
1,10,5.7400,287,0,10,0.045435,0.029213,9.4482
1,10,5.7600,288,0,10,0.042477,0.026335,9.4483
1,10,5.7800,289,0,10,0.038895,0.023766,9.4484
1,10,5.8000,290,0,10,0.034742,0.021744,9.4486
1,10,5.8200,291,0,10,0.031252,0.019960,9.4487
1,10,5.8400,292,0,10,0.027549,0.018454,9.4488
1,10,5.8600,293,0,10,0.027808,0.017280,9.4490
1,10,5.8800,294,0,10,0.031960,0.016716,9.4491
1,10,5.9000,295,0,10,0.035452,0.016953,9.4492
1,10,5.9200,296,0,10,0.038430,0.017969,9.4493
1,10,5.9400,297,0,10,0.041144,0.019675,9.4493
1,10,5.9600,298,0,10,0.043807,0.021967,9.4494
1,10,5.9800,299,0,10,0.046575,0.024699,9.4494
1,10,6.0000,300,0,10,0.049600,0.027713,9.4494
1,10,6.0200,301,0,10,0.052990,0.030884,9.4494
1,10,6.0400,302,0,10,0.056848,0.034157,9.4494
1,10,6.0600,303,0,10,0.061228,0.037395,9.4494
1,10,6.0800,304,0,10,0.066160,0.040589,9.4493
1,10,6.1000,305,0,10,0.071704,0.043629,9.4493
1,10,6.1200,306,0,10,0.077900,0.046612,9.4492
1,10,6.1400,307,0,10,0.084699,0.049532,9.4492
1,10,6.1600,308,0,10,0.091991,0.052364,9.4492
1,10,6.1800,309,0,10,0.099771,0.055081,9.4491
1,10,6.2000,310,0,10,0.107935,0.057664,9.4491
1,10,6.2200,311,0,10,0.116323,0.060124,9.4490
1,10,6.2400,312,0,10,0.124638,0.062454,9.4490
1,10,6.2600,313,0,10,0.133108,0.064660,9.4490
1,10,6.2800,314,0,10,0.141542,0.066752,9.4490
1,10,6.3000,315,0,10,0.149891,0.068734,9.4489
1,10,6.3200,316,0,10,0.158103,0.070629,9.4489
1,10,6.3400,317,0,10,0.166129,0.072455,9.4489
1,10,6.3600,318,0,10,0.173923,0.074226,9.4489
1,10,6.3800,319,0,10,0.181444,0.075966,9.4489
1,10,6.4000,320,0,10,0.188655,0.077695,9.4489
1,10,6.4200,321,0,10,0.195527,0.079434,9.4489
1,10,6.4400,322,0,10,0.202033,0.081204,9.4489
1,10,6.4600,323,0,10,0.208150,0.083018,9.4489
1,10,6.4800,324,0,10,0.213856,0.084887,9.4490
1,10,6.5000,325,0,10,0.219145,0.086817,9.4490
1,10,6.5200,326,0,10,0.224007,0.088802,9.4490
1,10,6.5400,327,0,10,0.228445,0.090835,9.4490
1,10,6.5600,328,0,10,0.232469,0.092903,9.4490
1,10,6.5800,329,0,10,0.236087,0.094987,9.4491
1,10,6.6000,330,0,10,0.239333,0.097070,9.4491
1,10,6.6200,331,0,10,0.242229,0.099131,9.4491
1,10,6.6400,332,0,10,0.244812,0.101150,9.4491
1,10,6.6600,333,0,10,0.247119,0.103109,9.4491
1,10,6.6800,334,0,10,0.249189,0.104993,9.4491
1,10,6.7000,335,0,10,0.251074,0.106786,9.4491
1,10,6.7200,336,0,10,0.252818,0.108480,9.4491
1,10,6.7400,337,0,10,0.254471,0.110064,9.4491
1,10,6.7600,338,0,10,0.256070,0.111535,9.4490
1,10,6.7800,339,0,10,0.257648,0.112892,9.4490
1,10,6.8000,340,0,10,0.259240,0.114130,9.4490
1,10,6.8200,341,0,10,0.260854,0.115249,9.4489
1,10,6.8400,342,0,10,0.262498,0.116243,9.4488
1,10,6.8600,343,0,10,0.264171,0.117119,9.4488
1,10,6.8800,344,0,10,0.265862,0.117872,9.4487
1,10,6.9000,345,0,10,0.267556,0.118510,9.4486
1,10,6.9200,346,0,10,0.269242,0.119032,9.4485
1,10,6.9400,347,0,10,0.270893,0.119445,9.4484
1,10,6.9600,348,0,10,0.272482,0.119753,9.4484
1,10,6.9800,349,0,10,0.273982,0.119959,9.4483
1,10,7.0000,350,0,10,0.275367,0.120068,9.4482
1,10,7.0200,351,0,10,0.276611,0.120085,9.4481
1,10,7.0400,352,0,10,0.277692,0.120016,9.4480
1,10,7.0600,353,0,10,0.278584,0.119868,9.4479
1,10,7.0800,354,0,10,0.279268,0.119643,9.4478
1,10,7.1000,355,0,10,0.279729,0.119357,9.4477
1,10,7.1200,356,0,10,0.279953,0.118990,9.4476
1,10,7.1400,357,0,10,0.279920,0.118528,9.4475
1,10,7.1600,358,0,10,0.276454,0.118351,9.4473
1,10,7.1800,359,0,10,0.275610,0.117829,9.4472
1,10,7.2000,360,0,10,0.275017,0.117113,9.4472
1,10,7.2200,361,0,10,0.274943,0.116451,9.4471
1,10,7.2400,362,0,10,0.274231,0.115746,9.4470
1,10,7.2600,363,0,10,0.273115,0.115003,9.4468
1,10,7.2800,364,0,10,0.271639,0.114287,9.4467
1,10,7.3000,365,0,10,0.269767,0.113607,9.4466
1,10,7.3200,366,0,10,0.267421,0.112938,9.4464
1,10,7.3400,367,0,10,0.264645,0.112142,9.4463
1,10,7.3600,368,0,10,0.261459,0.111142,9.4462
1,10,7.3800,369,0,10,0.258057,0.109887,9.4461
1,10,7.4000,370,0,10,0.256761,0.108605,9.4458
1,10,7.4200,371,0,10,0.258821,0.106574,9.4455
1,10,7.4400,372,0,10,0.263354,0.103364,9.4451
1,10,7.4600,373,0,10,0.266694,0.101206,9.4447
1,10,7.4800,374,0,10,0.267765,0.099041,9.4444
1,10,7.5000,375,0,10,0.266829,0.097674,9.4440
1,10,7.5200,376,0,10,0.264239,0.096594,9.4437
1,10,7.5400,377,0,10,0.260471,0.095668,9.4434
1,10,7.5600,378,0,10,0.256034,0.094798,9.4432
1,10,7.5800,379,0,10,0.251240,0.093955,9.4430
1,10,7.6000,380,0,10,0.246179,0.093047,9.4429
1,10,7.6200,381,0,10,0.240854,0.092048,9.4428
1,10,7.6400,382,0,10,0.235246,0.090985,9.4428
1,10,7.6600,383,0,10,0.229383,0.089930,9.4428
1,10,7.6800,384,0,10,0.223343,0.088845,9.4428
1,10,7.7000,385,0,10,0.217219,0.087833,9.4429
1,10,7.7200,386,0,10,0.211052,0.086871,9.4429
1,10,7.7400,387,0,10,0.204870,0.085937,9.4430
1,10,7.7600,388,0,10,0.198722,0.085002,9.4431
1,10,7.7800,389,0,10,0.192655,0.084023,9.4431
1,10,7.8000,390,0,10,0.186743,0.083022,9.4431
1,10,7.8200,391,0,10,0.181066,0.081980,9.4431
1,10,7.8400,392,0,10,0.175678,0.080869,9.4431
1,10,7.8600,393,0,10,0.170654,0.079665,9.4431
1,10,7.8800,394,0,10,0.166045,0.078372,9.4430
1,10,7.9000,395,0,10,0.161520,0.076909,9.4429
1,10,7.9200,396,0,10,0.157030,0.075399,9.4427
1,10,7.9400,397,0,10,0.152228,0.073930,9.4426
1,10,7.9600,398,0,10,0.141458,0.072265,9.4424
1,10,7.9800,399,0,10,0.138881,0.070142,9.4422
1,10,8.0000,400,0,10,0.137257,0.068345,9.4421
1,10,8.0200,401,0,10,0.136179,0.066111,9.4419
1,10,8.0400,402,0,10,0.134604,0.064196,9.4418
1,10,8.0600,403,0,10,0.132072,0.061699,9.4416
1,10,8.0800,404,0,10,0.129973,0.059714,9.4415
1,10,8.1000,405,0,10,0.127256,0.056759,9.4414
1,10,8.1200,406,0,10,0.124641,0.055084,9.4414
1,10,8.1400,407,0,10,0.121725,0.051683,9.4413
1,10,8.1600,408,0,10,0.128697,0.050101,9.4411
1,10,8.1800,409,0,10,0.133344,0.048638,9.4409
1,10,8.2000,410,0,10,0.133028,0.046867,9.4408
1,10,8.2200,411,0,10,0.128066,0.044693,9.4407
1,10,8.2400,412,0,10,0.121355,0.042938,9.4407
1,10,8.2600,413,0,10,0.114705,0.040083,9.4406
1,10,8.2800,414,0,10,0.108049,0.038071,9.4406
1,10,8.3000,415,0,10,0.102711,0.035600,9.4406
1,10,8.3200,416,0,10,0.095892,0.034667,9.4405
1,10,8.3400,417,0,10,0.089889,0.034065,9.4405
1,10,8.3600,418,0,10,0.083596,0.032972,9.4405
1,10,8.3800,419,0,10,0.077117,0.031546,9.4405
1,10,8.4000,420,0,10,0.071474,0.029124,9.4405
1,10,8.4200,421,0,10,0.067021,0.027591,9.4405
1,10,8.4400,422,0,10,0.064121,0.025450,9.4405
1,10,8.4600,423,0,10,0.060688,0.023602,9.4405
1,10,8.4800,424,0,10,0.057050,0.022812,9.4405
1,10,8.5000,425,0,10,0.054693,0.021556,9.4404
1,10,8.5200,426,0,10,0.051543,0.020861,9.4404
1,10,8.5400,427,0,10,0.047974,0.020392,9.4404
1,10,8.5600,428,0,10,0.043046,0.020064,9.4403
1,10,8.5800,429,0,10,0.040199,0.019959,9.4403
1,10,8.6000,430,0,10,0.037709,0.019970,9.4403
1,10,8.6200,431,0,10,0.037483,0.020196,9.4402
1,10,8.6400,432,0,10,0.038260,0.020537,9.4402
1,10,8.6600,433,0,10,0.039226,0.021251,9.4402
1,10,8.6800,434,0,10,0.042710,0.022166,9.4401
1,10,8.7000,435,0,10,0.046777,0.023069,9.4401
1,10,8.7200,436,0,10,0.048137,0.024673,9.4401
1,10,8.7400,437,0,10,0.051034,0.024815,9.4401
1,10,8.7600,438,0,10,0.054891,0.026211,9.4401
1,10,8.7800,439,0,10,0.058439,0.027142,9.4401
1,10,8.8000,440,0,10,0.061957,0.028694,9.4401
1,10,8.8200,441,0,10,0.066266,0.030076,9.4401
1,10,8.8400,442,0,10,0.066638,0.031696,9.4401
1,10,8.8600,443,0,10,0.070448,0.033173,9.4401
1,10,8.8800,444,0,10,0.073952,0.034763,9.4401
1,10,8.9000,445,0,10,0.076656,0.036289,9.4401
1,10,8.9200,446,0,10,0.082088,0.037967,9.4402
1,10,8.9400,447,0,10,0.085614,0.039704,9.4402
1,10,8.9600,448,0,10,0.090564,0.041469,9.4402
1,10,8.9800,449,0,10,0.094365,0.043287,9.4402
1,10,9.0000,450,0,10,0.096445,0.045086,9.4402
1,10,9.0200,451,0,10,0.100434,0.046874,9.4403
1,10,9.0400,452,0,10,0.101750,0.048682,9.4403
1,10,9.0600,453,0,10,0.105164,0.050403,9.4403
1,10,9.0800,454,0,10,0.109411,0.052027,9.4404
1,10,9.1000,455,0,10,0.113555,0.053699,9.4404
1,10,9.1200,456,0,10,0.119097,0.055242,9.4405
1,10,9.1400,457,0,10,0.120950,0.056961,9.4406
1,10,9.1600,458,0,10,0.125647,0.058367,9.4406
1,10,9.1800,459,0,10,0.128613,0.059914,9.4407
1,10,9.2000,460,0,10,0.133986,0.061174,9.4408
1,10,9.2200,461,0,10,0.137369,0.062597,9.4409
1,10,9.2400,462,0,10,0.142723,0.063711,9.4410
1,10,9.2600,463,0,10,0.146613,0.064994,9.4411
1,10,9.2800,464,0,10,0.150465,0.066241,9.4412
1,10,9.3000,465,0,10,0.155316,0.067389,9.4413
1,10,9.3200,466,0,10,0.160142,0.068511,9.4414
1,10,9.3400,467,0,10,0.164842,0.069630,9.4415
1,10,9.3600,468,0,10,0.169272,0.070752,9.4416
1,10,9.3800,469,0,10,0.173423,0.071883,9.4417
1,10,9.4000,470,0,10,0.177335,0.073017,9.4418
1,10,9.4200,471,0,10,0.181050,0.074167,9.4419
1,10,9.4400,472,0,10,0.184589,0.075331,9.4420
1,10,9.4600,473,0,10,0.187956,0.076518,9.4421
1,10,9.4800,474,0,10,0.191157,0.077723,9.4422
1,10,9.5000,475,0,10,0.194205,0.078938,9.4422
1,10,9.5200,476,0,10,0.197091,0.080161,9.4423
1,10,9.5400,477,0,10,0.199811,0.081392,9.4424
1,10,9.5600,478,0,10,0.202379,0.082624,9.4425
1,10,9.5800,479,0,10,0.204805,0.083848,9.4426
1,10,9.6000,480,0,10,0.207096,0.085104,9.4426
1,10,9.6200,481,0,10,0.209233,0.086372,9.4427
1,10,9.6400,482,0,10,0.211245,0.087614,9.4428
1,10,9.6600,483,0,10,0.213070,0.089118,9.4429
1,10,9.6800,484,0,10,0.214724,0.090469,9.4430
1,10,9.7000,485,0,10,0.216648,0.091386,9.4431
1,10,9.7200,486,0,10,0.217748,0.092352,9.4432
1,10,9.7400,487,0,10,0.218033,0.093397,9.4433
1,10,9.7600,488,0,10,0.218423,0.094439,9.4434
1,10,9.7800,489,0,10,0.219200,0.095351,9.4435
1,10,9.8000,490,0,10,0.220227,0.096214,9.4437
1,10,9.8200,491,0,10,0.221287,0.097259,9.4438
1,10,9.8400,492,0,10,0.222356,0.097927,9.4439
1,10,9.8600,493,0,10,0.223367,0.098568,9.4440
1,10,9.8800,494,0,10,0.224077,0.099152,9.4442
1,10,9.9000,495,0,10,0.224573,0.099655,9.4444
1,10,9.9200,496,0,10,0.225029,0.100045,9.4445
1,10,9.9400,497,0,10,0.225548,0.100309,9.4447
1,10,9.9600,498,0,10,0.226152,0.100453,9.4449
1,10,9.9800,499,0,10,0.226797,0.100497,9.4451
1,10,10.0000,500,0,10,0.227433,0.100446,9.4453
1,10,10.0200,501,0,10,0.228018,0.100298,9.4454
1,10,10.0400,502,0,10,0.228530,0.100061,9.4456
1,10,10.0600,503,0,10,0.228953,0.099741,9.4457
1,10,10.0800,504,0,10,0.229275,0.099343,9.4459
1,10,10.1000,505,0,10,0.229489,0.098876,9.4460
1,10,10.1200,506,0,10,0.229610,0.098348,9.4461
1,10,10.1400,507,0,10,0.229557,0.097767,9.4462
1,10,10.1600,508,0,10,0.229308,0.097139,9.4463
1,10,10.1800,509,0,10,0.228872,0.096469,9.4464
1,10,10.2000,510,0,10,0.228225,0.095764,9.4465
1,10,10.2200,511,0,10,0.243458,0.095299,9.4465
1,10,10.2400,512,0,10,0.244561,0.094529,9.4467
1,10,10.2600,513,0,10,0.240438,0.093655,9.4469
1,10,10.2800,514,0,10,0.235295,0.092742,9.4470
1,10,10.3001,515,0,10,0.230708,0.091760,9.4471
1,10,10.3201,516,0,10,0.226604,0.090638,9.4472
1,10,10.3401,517,0,10,0.222677,0.089396,9.4473
1,10,10.3601,518,0,10,0.218868,0.088166,9.4474
1,10,10.3801,519,0,10,0.215192,0.087110,9.4474
1,10,10.4001,520,0,10,0.211618,0.086262,9.4475
1,10,10.4201,521,0,10,0.208107,0.085477,9.4476
1,10,10.4401,522,0,10,0.204644,0.084644,9.4476
1,10,10.4601,523,0,10,0.201242,0.083770,9.4477
1,10,10.4801,524,0,10,0.197874,0.082911,9.4477
1,10,10.5001,525,0,10,0.194476,0.082100,9.4478
1,10,10.5201,526,0,10,0.190941,0.081320,9.4478
1,10,10.5401,527,0,10,0.187108,0.080601,9.4478
1,10,10.5601,528,0,10,0.182895,0.079839,9.4479
1,10,10.5801,529,0,10,0.178254,0.079012,9.4479
1,10,10.6001,530,0,10,0.173330,0.078082,9.4479
1,10,10.6201,531,0,10,0.168317,0.077043,9.4480
1,10,10.6401,532,0,10,0.163390,0.075899,9.4480
1,10,10.6601,533,0,10,0.158662,0.074657,9.4481
1,10,10.6801,534,0,10,0.154221,0.073326,9.4482
1,10,10.7001,535,0,10,0.149586,0.080196,9.4482
1,10,10.7201,536,0,10,0.146147,0.079570,9.4480
1,10,10.7401,537,0,10,0.138886,0.078490,9.4479
1,10,10.7601,538,0,10,0.134205,0.079418,9.4479
1,10,10.7801,539,0,10,0.134423,0.080272,9.4479
1,10,10.8001,540,0,10,0.135236,0.080240,9.4480
1,10,10.8201,541,0,10,0.134693,0.079312,9.4481
1,10,10.8401,542,0,10,0.133431,0.077797,9.4482
1,10,10.8601,543,0,10,0.131320,0.075712,9.4484
1,10,10.8801,544,0,10,0.128256,0.073061,9.4486
1,10,10.9001,545,0,10,0.124286,0.069866,9.4489
1,10,10.9201,546,0,10,0.119560,0.066149,9.4492
1,10,10.9401,547,0,10,0.114321,0.061978,9.4494
1,10,10.9601,548,0,10,0.108870,0.057454,9.4497
1,10,10.9801,549,0,10,0.103572,0.052710,9.4499
1,10,11.0001,550,0,10,0.098737,0.047907,9.4501
1,10,11.0201,551,0,10,0.094583,0.043231,9.4503
1,10,11.0401,552,0,10,0.091213,0.038840,9.4504
1,10,11.0601,553,0,10,0.088891,0.035966,9.4504
1,10,11.0801,554,0,10,0.087436,0.035191,9.4504
1,10,11.1001,555,0,10,0.086623,0.035722,9.4504
1,10,11.1201,556,0,10,0.086107,0.036663,9.4503
1,10,11.1401,557,0,10,0.085508,0.037561,9.4501
1,10,11.1601,558,0,10,0.084571,0.038250,9.4500
1,10,11.1801,559,0,10,0.082798,0.038471,9.4498
1,10,11.2001,560,0,10,0.079984,0.038016,9.4496
1,10,11.2201,561,0,10,0.076023,0.036938,9.4494
1,10,11.2401,562,0,10,0.070698,0.035245,9.4492
1,10,11.2601,563,0,10,0.064250,0.032868,9.4490
1,10,11.2801,564,0,10,0.056937,0.030119,9.4488
1,10,11.3001,565,0,10,0.048958,0.026771,9.4487
1,10,11.3201,566,0,10,0.040614,0.023199,9.4486
1,10,11.3401,567,0,10,0.032116,0.019185,9.4485
1,10,11.3601,568,0,10,0.024003,0.015102,9.4485
1,10,11.3801,569,0,10,0.016666,0.011037,9.4484
1,10,11.4001,570,0,10,0.011533,0.007596,9.4484
1,10,11.4201,571,0,10,0.011656,0.006452,9.4485
1,10,11.4401,572,0,10,0.017083,0.008322,9.4485
1,10,11.4601,573,0,10,0.023940,0.011696,9.4486
1,10,11.4801,574,0,10,0.030839,0.015270,9.4486
1,10,11.5001,575,0,10,0.037365,0.018681,9.4487
1,10,11.5201,576,0,10,0.043411,0.021787,9.4488
1,10,11.5401,577,0,10,0.048847,0.024531,9.4489
1,10,11.5601,578,0,10,0.053664,0.026893,9.4490
1,10,11.5801,579,0,10,0.057935,0.028886,9.4491
1,10,11.6001,580,0,10,0.061691,0.030877,9.4492
1,10,11.6201,581,0,10,0.064970,0.032421,9.4492
1,10,11.6401,582,0,10,0.067829,0.033660,9.4493
1,10,11.6601,583,0,10,0.070423,0.034638,9.4494
1,10,11.6801,584,0,10,0.072947,0.035447,9.4494
1,10,11.7001,585,0,10,0.075510,0.036197,9.4495
1,10,11.7201,586,0,10,0.078152,0.036998,9.4495
1,10,11.7401,587,0,10,0.080889,0.038024,9.4495
1,10,11.7601,588,0,10,0.083791,0.039442,9.4496
1,10,11.7801,589,0,10,0.086917,0.041211,9.4496
1,10,11.8001,590,0,10,0.090099,0.042928,9.4496
1,10,11.8201,591,0,10,0.093416,0.045322,9.4495
1,10,11.8401,592,0,10,0.096847,0.047148,9.4495
1,10,11.8601,593,0,10,0.100803,0.049167,9.4494
1,10,11.8801,594,0,10,0.104905,0.051599,9.4494
1,10,11.9001,595,0,10,0.108985,0.053470,9.4493
1,10,11.9201,596,0,10,0.113204,0.055140,9.4492
1,10,11.9401,597,0,10,0.117410,0.056781,9.4491
1,10,11.9601,598,0,10,0.121540,0.058290,9.4490
1,10,11.9801,599,0,10,0.125568,0.059655,9.4489
1,10,12.0001,600,0,10,0.129537,0.060888,9.4488
1,10,12.0201,601,0,10,0.133499,0.061987,9.4487
1,10,12.0401,602,0,10,0.137489,0.062965,9.4486
1,10,12.0601,603,0,10,0.141509,0.063836,9.4485
1,10,12.0801,604,0,10,0.145544,0.064636,9.4485
1,10,12.1001,605,0,10,0.149555,0.065398,9.4484
1,10,12.1201,606,0,10,0.153500,0.066149,9.4483
1,10,12.1401,607,0,10,0.157330,0.066927,9.4483
1,10,12.1601,608,0,10,0.161023,0.067755,9.4482
1,10,12.1801,609,0,10,0.164561,0.068695,9.4482
1,10,12.2001,610,0,10,0.167940,0.069634,9.4482
1,10,12.2201,611,0,10,0.171183,0.070664,9.4481
1,10,12.2401,612,0,10,0.174206,0.071703,9.4481
1,10,12.2601,613,0,10,0.176988,0.072769,9.4481
1,10,12.2801,614,0,10,0.179459,0.073841,9.4481
1,10,12.3001,615,0,10,0.181641,0.074848,9.4481
1,10,12.3201,616,0,10,0.183468,0.075881,9.4481
1,10,12.3401,617,0,10,0.184990,0.076791,9.4480
1,10,12.3601,618,0,10,0.186169,0.077741,9.4480
1,10,12.3801,619,0,10,0.187093,0.078426,9.4480
1,10,12.4001,620,0,10,0.187749,0.079249,9.4480
1,10,12.4201,621,0,10,0.188222,0.079928,9.4479
1,10,12.4401,622,0,10,0.188622,0.080605,9.4479
1,10,12.4601,623,0,10,0.188973,0.081241,9.4478
1,10,12.4801,624,0,10,0.189264,0.081861,9.4478
1,10,12.5001,625,0,10,0.189480,0.082460,9.4477
1,10,12.5201,626,0,10,0.189627,0.083037,9.4476
1,10,12.5401,627,0,10,0.189713,0.083587,9.4475
1,10,12.5601,628,0,10,0.189741,0.084099,9.4475
1,10,12.5801,629,0,10,0.189722,0.084562,9.4474
1,10,12.6001,630,0,10,0.189658,0.084966,9.4473
1,10,12.6201,631,0,10,0.189556,0.085300,9.4472
1,10,12.6401,632,0,10,0.189424,0.085531,9.4470
1,10,12.6601,633,0,10,0.189268,0.085659,9.4469
1,10,12.6801,634,0,10,0.189097,0.085684,9.4468
1,10,12.7001,635,0,10,0.188927,0.085604,9.4467
1,10,12.7201,636,0,10,0.188771,0.085420,9.4466
1,10,12.7401,637,0,10,0.188631,0.085132,9.4464
1,10,12.7601,638,0,10,0.188503,0.084748,9.4463
1,10,12.7801,639,0,10,0.188375,0.084329,9.4462
1,10,12.8001,640,0,10,0.188223,0.083790,9.4461
1,10,12.8201,641,0,10,0.188068,0.083212,9.4459
1,10,12.8401,642,0,10,0.187819,0.082514,9.4458
1,10,12.8601,643,0,10,0.187426,0.081781,9.4457
1,10,12.8801,644,0,10,0.186894,0.080977,9.4456
1,10,12.9001,645,0,10,0.186233,0.080127,9.4455
1,10,12.9201,646,0,10,0.185437,0.079240,9.4454
1,10,12.9401,647,0,10,0.184498,0.078315,9.4452
1,10,12.9601,648,0,10,0.183398,0.077382,9.4451
1,10,12.9801,649,0,10,0.182126,0.076447,9.4450
1,10,13.0001,650,0,10,0.180670,0.075507,9.4449
1,10,13.0201,651,0,10,0.179007,0.074562,9.4448
1,10,13.0401,652,0,10,0.177119,0.073610,9.4447
1,10,13.0601,653,0,10,0.174824,0.072639,9.4446
1,10,13.0801,654,0,10,0.172263,0.071655,9.4445
1,10,13.1001,655,0,10,0.169581,0.070674,9.4444
1,10,13.1201,656,0,10,0.166748,0.069679,9.4443
1,10,13.1401,657,0,10,0.163741,0.068666,9.4442
1,10,13.1601,658,0,10,0.160546,0.067590,9.4441
1,10,13.1801,659,0,10,0.157187,0.066386,9.4440
1,10,13.2001,660,0,10,0.153703,0.065213,9.4439
1,10,13.2201,661,0,10,0.150098,0.064058,9.4438
1,10,13.2401,662,0,10,0.146384,0.062941,9.4438
1,10,13.2601,663,0,10,0.142610,0.061796,9.4437
1,10,13.2801,664,0,10,0.138854,0.060627,9.4436
1,10,13.3001,665,0,10,0.135170,0.059455,9.4436
1,10,13.3201,666,0,10,0.131559,0.058249,9.4435
1,10,13.3401,667,0,10,0.128011,0.057023,9.4434
1,10,13.3601,668,0,10,0.124404,0.055749,9.4434
1,10,13.3801,669,0,10,0.120670,0.054452,9.4433
1,10,13.4001,670,0,10,0.116868,0.053184,9.4433
1,10,13.4201,671,0,10,0.113343,0.051900,9.4432
1,10,13.4401,672,0,10,0.110124,0.050569,9.4432
1,10,13.4601,673,0,10,0.106940,0.049220,9.4431
1,10,13.4801,674,0,10,0.103802,0.047830,9.4430
1,10,13.5001,675,0,10,0.100691,0.046397,9.4430
1,10,13.5201,676,0,10,0.097570,0.044917,9.4429
1,10,13.5401,677,0,10,0.094407,0.043391,9.4428
1,10,13.5601,678,0,10,0.091207,0.041824,9.4427
1,10,13.5801,679,0,10,0.087975,0.040221,9.4427
1,10,13.6001,680,0,10,0.084727,0.038595,9.4426
1,10,13.6201,681,0,10,0.081479,0.036957,9.4425
1,10,13.6401,682,0,10,0.078247,0.035321,9.4424
1,10,13.6601,683,0,10,0.075045,0.033701,9.4424
1,10,13.6801,684,0,10,0.071873,0.032620,9.4423
1,10,13.7001,685,0,10,0.069098,0.035897,9.4422
1,10,13.7201,686,0,10,0.065947,0.034429,9.4420
1,10,13.7401,687,0,10,0.066589,0.033578,9.4418
1,10,13.7601,688,0,10,0.067775,0.033142,9.4414
1,10,13.7801,689,0,10,0.069274,0.032662,9.4410
1,10,13.8001,690,0,10,0.069401,0.032094,9.4407
1,10,13.8201,691,0,10,0.068905,0.030957,9.4403
1,10,13.8401,692,0,10,0.067262,0.029618,9.4401
1,10,13.8601,693,0,10,0.064420,0.027941,9.4399
1,10,13.8801,694,0,10,0.060358,0.026092,9.4397
1,10,13.9001,695,0,10,0.055159,0.024219,9.4396
1,10,13.9201,696,0,10,0.048411,0.022210,9.4396
1,10,13.9401,697,0,10,0.042666,0.019922,9.4396
1,10,13.9601,698,0,10,0.036655,0.017581,9.4396
1,10,13.9801,699,0,10,0.028611,0.015154,9.4397
1,10,14.0001,700,0,10,0.021138,0.012896,9.4398
1,10,14.0201,701,0,10,0.015804,0.010357,9.4399
1,10,14.0401,702,0,10,0.011736,0.008299,9.4399
1,10,14.0601,703,0,10,0.010639,0.007910,9.4400
1,10,14.0801,704,0,10,0.012023,0.007678,9.4401
1,10,14.1001,705,0,10,0.015903,0.008573,9.4401
1,10,14.1201,706,0,10,0.019474,0.010128,9.4401
1,10,14.1401,707,0,10,0.023378,0.011699,9.4401
1,10,14.1601,708,0,10,0.026784,0.013162,9.4402
1,10,14.1801,709,0,10,0.029190,0.014443,9.4402
1,10,14.2001,710,0,10,0.032151,0.015533,9.4402
1,10,14.2201,711,0,10,0.034188,0.016469,9.4402
1,10,14.2401,712,0,10,0.035799,0.017157,9.4403
1,10,14.2601,713,0,10,0.036919,0.017679,9.4403
1,10,14.2801,714,0,10,0.038946,0.017966,9.4404
1,10,14.3001,715,0,10,0.040955,0.018531,9.4404
1,10,14.3201,716,0,10,0.043938,0.019076,9.4405
1,10,14.3401,717,0,10,0.046641,0.020112,9.4405
1,10,14.3601,718,0,10,0.048538,0.021120,9.4406
1,10,14.3801,719,0,10,0.049108,0.022309,9.4407
1,10,14.4001,720,0,10,0.049180,0.023857,9.4408
1,10,14.4201,721,0,10,0.049652,0.025415,9.4408
1,10,14.4401,722,0,10,0.050981,0.027106,9.4408
1,10,14.4601,723,0,10,0.052807,0.028806,9.4409
1,10,14.4801,724,0,10,0.054819,0.030342,9.4409
1,10,14.5001,725,0,10,0.057098,0.032050,9.4410
1,10,14.5201,726,0,10,0.059713,0.033604,9.4410
1,10,14.5401,727,0,10,0.062581,0.035048,9.4410
1,10,14.5601,728,0,10,0.065622,0.036372,9.4410
1,10,14.5801,729,0,10,0.068818,0.037572,9.4410
1,10,14.6001,730,0,10,0.072185,0.038654,9.4410
1,10,14.6201,731,0,10,0.075749,0.039630,9.4411
1,10,14.6401,732,0,10,0.079146,0.040524,9.4411
1,10,14.6601,733,0,10,0.082994,0.041291,9.4411
1,10,14.6802,734,0,10,0.086919,0.042070,9.4411
1,10,14.7002,735,0,10,0.091077,0.042776,9.4411
1,10,14.7202,736,0,10,0.095388,0.043732,9.4412
1,10,14.7402,737,0,10,0.099105,0.044108,9.4412
1,10,14.7602,738,0,10,0.103055,0.044783,9.4413
1,10,14.7802,739,0,10,0.106653,0.045806,9.4413
1,10,14.8002,740,0,10,0.110319,0.046294,9.4414
1,10,14.8202,741,0,10,0.113775,0.047256,9.4415
1,10,14.8402,742,0,10,0.116905,0.048134,9.4415
1,10,14.8602,743,0,10,0.119470,0.049172,9.4416
1,10,14.8802,744,0,10,0.122617,0.050210,9.4417
1,10,14.9002,745,0,10,0.125379,0.051013,9.4418
1,10,14.9202,746,0,10,0.126810,0.052048,9.4419
1,10,14.9402,747,0,10,0.128692,0.053064,9.4420
1,10,14.9602,748,0,10,0.130512,0.054050,9.4421
1,10,14.9802,749,0,10,0.132093,0.055026,9.4422
1,10,15.0002,750,0,10,0.133471,0.055994,9.4423
1,10,15.0202,751,0,10,0.134659,0.057101,9.4425
1,10,15.0402,752,0,10,0.135673,0.057646,9.4426
1,10,15.0602,753,0,10,0.136497,0.058761,9.4427
1,10,15.0802,754,0,10,0.137352,0.059336,9.4428
1,10,15.1002,755,0,10,0.138195,0.060301,9.4430
1,10,15.1202,756,0,10,0.139061,0.060980,9.4431
1,10,15.1402,757,0,10,0.139848,0.061735,9.4432
1,10,15.1602,758,0,10,0.140596,0.062142,9.4433
1,10,15.1802,759,0,10,0.141208,0.062718,9.4434
1,10,15.2002,760,0,10,0.141725,0.063241,9.4435
1,10,15.2202,761,0,10,0.142310,0.063771,9.4436
1,10,15.2402,762,0,10,0.143005,0.064296,9.4437
1,10,15.2602,763,0,10,0.143748,0.064768,9.4438
1,10,15.2802,764,0,10,0.144454,0.065172,9.4438
1,10,15.3002,765,0,10,0.145073,0.065500,9.4439
1,10,15.3202,766,0,10,0.145586,0.065752,9.4440
1,10,15.3402,767,0,10,0.145995,0.065929,9.4440
1,10,15.3602,768,0,10,0.146334,0.066040,9.4441
1,10,15.3802,769,0,10,0.146572,0.066050,9.4442
1,10,15.4002,770,0,10,0.146503,0.066048,9.4442
1,10,15.4202,771,0,10,0.146508,0.065947,9.4443
1,10,15.4402,772,0,10,0.146659,0.065815,9.4444
1,10,15.4602,773,0,10,0.146834,0.065625,9.4444
1,10,15.4802,774,0,10,0.146995,0.065395,9.4445
1,10,15.5002,775,0,10,0.147093,0.065121,9.4446
1,10,15.5202,776,0,10,0.147118,0.064807,9.4447
1,10,15.5402,777,0,10,0.147070,0.064454,9.4447
1,10,15.5602,778,0,10,0.146944,0.064064,9.4448
1,10,15.5802,779,0,10,0.146731,0.063640,9.4449
1,10,15.6002,780,0,10,0.146417,0.063186,9.4450
1,10,15.6202,781,0,10,0.145981,0.062705,9.4451
1,10,15.6402,782,0,10,0.145410,0.062202,9.4452
1,10,15.6602,783,0,10,0.144692,0.061679,9.4452
1,10,15.6802,784,0,10,0.143819,0.061114,9.4453
1,10,15.7002,785,0,10,0.142772,0.060513,9.4454
1,10,15.7202,786,0,10,0.141600,0.059912,9.4455
1,10,15.7402,787,0,10,0.140422,0.059307,9.4455
1,10,15.7602,788,0,10,0.139042,0.058709,9.4456
1,10,15.7802,789,0,10,0.137422,0.058107,9.4457
1,10,15.8002,790,0,10,0.135618,0.057502,9.4457
1,10,15.8202,791,0,10,0.133657,0.056889,9.4458
1,10,15.8402,792,0,10,0.131554,0.056268,9.4458
1,10,15.8602,793,0,10,0.129323,0.055636,9.4459
1,10,15.8802,794,0,10,0.126974,0.054987,9.4459
1,10,15.9002,795,0,10,0.124530,0.054322,9.4460
1,10,15.9202,796,0,10,0.122009,0.053635,9.4460
1,10,15.9402,797,0,10,0.119432,0.052923,9.4460
1,10,15.9602,798,0,10,0.116818,0.052182,9.4461
1,10,15.9802,799,0,10,0.114183,0.051409,9.4461
1,10,16.0002,800,0,10,0.111542,0.050599,9.4461
1,10,16.0202,801,0,10,0.108904,0.049749,9.4462
1,10,16.0402,802,0,10,0.106275,0.048856,9.4462
1,10,16.0602,803,0,10,0.103661,0.047919,9.4462
1,10,16.0802,804,0,10,0.101071,0.046935,9.4463
1,10,16.1002,805,0,10,0.098506,0.045907,9.4463
1,10,16.1202,806,0,10,0.095969,0.044834,9.4463
1,10,16.1402,807,0,10,0.093461,0.043718,9.4464
1,10,16.1602,808,0,10,0.090975,0.042578,9.4464
1,10,16.1802,809,0,10,0.088539,0.041371,9.4464
1,10,16.2002,810,0,10,0.086320,0.040138,9.4464
1,10,16.2202,811,0,10,0.084134,0.038870,9.4465
1,10,16.2402,812,0,10,0.081895,0.037564,9.4465
1,10,16.2602,813,0,10,0.079308,0.036246,9.4465
1,10,16.2802,814,0,10,0.076788,0.034932,9.4465
1,10,16.3002,815,0,10,0.074611,0.033610,9.4465
1,10,16.3202,816,0,10,0.072132,0.032282,9.4466
1,10,16.3402,817,0,10,0.069400,0.030956,9.4466
1,10,16.3602,818,0,10,0.066464,0.029634,9.4466
1,10,16.3802,819,0,10,0.063484,0.028323,9.4466
1,10,16.4002,820,0,10,0.060605,0.027023,9.4466
1,10,16.4202,821,0,10,0.057745,0.025739,9.4466
1,10,16.4402,822,0,10,0.054868,0.024470,9.4466
1,10,16.4602,823,0,10,0.051954,0.023215,9.4466
1,10,16.4802,824,0,10,0.049004,0.021976,9.4466
1,10,16.5002,825,0,10,0.046020,0.020751,9.4466
1,10,16.5202,826,0,10,0.043010,0.019541,9.4466
1,10,16.5402,827,0,10,0.039985,0.018348,9.4466
1,10,16.5602,828,0,10,0.036963,0.017174,9.4466
1,10,16.5802,829,0,10,0.033969,0.016025,9.4466
1,10,16.6002,830,0,10,0.031028,0.014905,9.4466
1,10,16.6202,831,0,10,0.028184,0.013825,9.4466
1,10,16.6402,832,0,10,0.025486,0.012798,9.4466
1,10,16.6602,833,0,10,0.023004,0.011841,9.4466
1,10,16.6802,834,0,10,0.020824,0.010978,9.4466
1,10,16.7002,835,0,10,0.019051,0.010242,9.4466
1,10,16.7202,836,0,10,0.017803,0.009670,9.4466
1,10,16.7402,837,0,10,0.017181,0.009300,9.4466
1,10,16.7602,838,0,10,0.017231,0.009161,9.4466
1,10,16.7802,839,0,10,0.017922,0.009265,9.4466
1,10,16.8002,840,0,10,0.019164,0.009599,9.4466
1,10,16.8202,841,0,10,0.020834,0.010135,9.4466
1,10,16.8402,842,0,10,0.022816,0.010839,9.4466
1,10,16.8602,843,0,10,0.025018,0.011677,9.4466
1,10,16.8802,844,0,10,0.027369,0.012617,9.4465
1,10,16.9002,845,0,10,0.029820,0.013638,9.4465
1,10,16.9202,846,0,10,0.032333,0.014719,9.4465
1,10,16.9402,847,0,10,0.034886,0.015846,9.4465
1,10,16.9602,848,0,10,0.037463,0.017007,9.4465
1,10,16.9802,849,0,10,0.040051,0.018194,9.4465
1,10,17.0002,850,0,10,0.042643,0.019399,9.4464
1,10,17.0202,851,0,10,0.045237,0.020614,9.4464
1,10,17.0402,852,0,10,0.047827,0.021836,9.4464
1,10,17.0602,853,0,10,0.050414,0.023059,9.4464
1,10,17.0802,854,0,10,0.052997,0.024278,9.4464
1,10,17.1002,855,0,10,0.055576,0.025492,9.4463
1,10,17.1202,856,0,10,0.058151,0.026695,9.4463
1,10,17.1402,857,0,10,0.060721,0.027886,9.4463
1,10,17.1602,858,0,10,0.063286,0.029061,9.4463
1,10,17.1802,859,0,10,0.065846,0.030220,9.4462
1,10,17.2002,860,0,10,0.068399,0.031360,9.4462
1,10,17.2202,861,0,10,0.070944,0.032480,9.4462
1,10,17.2402,862,0,10,0.073477,0.033578,9.4462
1,10,17.2602,863,0,10,0.075998,0.034654,9.4461
1,10,17.2802,864,0,10,0.078872,0.035707,9.4461
1,10,17.3002,865,0,10,0.080702,0.036804,9.4461
1,10,17.3202,866,0,10,0.084009,0.037885,9.4460
1,10,17.3402,867,0,10,0.086531,0.038816,9.4460
1,10,17.3602,868,0,10,0.088551,0.039853,9.4460
1,10,17.3802,869,0,10,0.090724,0.040914,9.4459
1,10,17.4002,870,0,10,0.092541,0.041657,9.4459
1,10,17.4202,871,0,10,0.094519,0.042551,9.4459
1,10,17.4402,872,0,10,0.097250,0.043466,9.4458
1,10,17.4602,873,0,10,0.099155,0.044182,9.4458
1,10,17.4802,874,0,10,0.100751,0.045026,9.4457
1,10,17.5002,875,0,10,0.102763,0.045867,9.4457
1,10,17.5202,876,0,10,0.104677,0.046574,9.4456
1,10,17.5402,877,0,10,0.106556,0.047101,9.4456
1,10,17.5602,878,0,10,0.108420,0.047920,9.4455
1,10,17.5802,879,0,10,0.110183,0.048578,9.4455
1,10,17.6002,880,0,10,0.112042,0.049021,9.4454
1,10,17.6202,881,0,10,0.113908,0.049776,9.4454
1,10,17.6402,882,0,10,0.115749,0.050236,9.4453
1,10,17.6602,883,0,10,0.117381,0.050846,9.4453
1,10,17.6802,884,0,10,0.118811,0.051497,9.4452
1,10,17.7002,885,0,10,0.120193,0.052113,9.4452
1,10,17.7202,886,0,10,0.121428,0.052435,9.4451
1,10,17.7402,887,0,10,0.122585,0.053086,9.4451
1,10,17.7602,888,0,10,0.123634,0.053414,9.4450
1,10,17.7802,889,0,10,0.124380,0.053927,9.4450
1,10,17.8002,890,0,10,0.124919,0.054168,9.4449
1,10,17.8202,891,0,10,0.125575,0.054678,9.4449
1,10,17.8402,892,0,10,0.126372,0.054885,9.4448
1,10,17.8602,893,0,10,0.127190,0.055351,9.4448
1,10,17.8802,894,0,10,0.127866,0.055480,9.4447
1,10,17.9002,895,0,10,0.128379,0.055602,9.4446
1,10,17.9202,896,0,10,0.128720,0.056094,9.4446
1,10,17.9402,897,0,10,0.128895,0.056098,9.4445
1,10,17.9602,898,0,10,0.129075,0.056136,9.4444
1,10,17.9802,899,0,10,0.129272,0.056255,9.4444
1,10,18.0002,900,0,10,0.129398,0.056293,9.4443
1,10,18.0202,901,0,10,0.129434,0.056327,9.4442
1,10,18.0402,902,0,10,0.129418,0.056345,9.4442
1,10,18.0602,903,0,10,0.129379,0.056340,9.4441
1,10,18.0802,904,0,10,0.129317,0.056307,9.4440
1,10,18.1002,905,0,10,0.129207,0.056243,9.4440
1,10,18.1202,906,0,10,0.129009,0.056146,9.4439
1,10,18.1402,907,0,10,0.128685,0.056016,9.4438
1,10,18.1602,908,0,10,0.128217,0.055852,9.4437
1,10,18.1802,909,0,10,0.127605,0.055654,9.4437
1,10,18.2002,910,0,10,0.126872,0.055422,9.4436
1,10,18.2202,911,0,10,0.126040,0.055148,9.4435
1,10,18.2402,912,0,10,0.125131,0.054837,9.4435
1,10,18.2602,913,0,10,0.124176,0.054507,9.4434
1,10,18.2802,914,0,10,0.123174,0.054149,9.4433
1,10,18.3002,915,0,10,0.122119,0.053763,9.4433
1,10,18.3202,916,0,10,0.121000,0.053350,9.4432
1,10,18.3402,917,0,10,0.119822,0.052909,9.4431
1,10,18.3602,918,0,10,0.118588,0.052440,9.4431
1,10,18.3802,919,0,10,0.117309,0.051942,9.4430
1,10,18.4002,920,0,10,0.115992,0.051416,9.4429
1,10,18.4202,921,0,10,0.114637,0.050858,9.4428
1,10,18.4402,922,0,10,0.113241,0.050273,9.4428
1,10,18.4602,923,0,10,0.111803,0.049658,9.4427
1,10,18.4802,924,0,10,0.110316,0.049012,9.4426
1,10,18.5002,925,0,10,0.108782,0.048340,9.4426
1,10,18.5202,926,0,10,0.107200,0.047639,9.4425
1,10,18.5402,927,0,10,0.105568,0.046915,9.4424
1,10,18.5602,928,0,10,0.103838,0.046154,9.4424
1,10,18.5802,929,0,10,0.102018,0.045392,9.4423
1,10,18.6002,930,0,10,0.100269,0.044587,9.4422
1,10,18.6202,931,0,10,0.098585,0.043761,9.4422
1,10,18.6402,932,0,10,0.096873,0.042911,9.4421
1,10,18.6602,933,0,10,0.095046,0.042041,9.4421
1,10,18.6802,934,0,10,0.093082,0.041154,9.4420
1,10,18.7002,935,0,10,0.090995,0.040246,9.4420
1,10,18.7202,936,0,10,0.088822,0.039260,9.4419
1,10,18.7402,937,0,10,0.086616,0.038274,9.4419
1,10,18.7602,938,0,10,0.084394,0.037306,9.4418
1,10,18.7802,939,0,10,0.082162,0.036345,9.4418
1,10,18.8002,940,0,10,0.079920,0.035387,9.4417
1,10,18.8202,941,0,10,0.077686,0.034428,9.4417
1,10,18.8402,942,0,10,0.075477,0.033474,9.4417
1,10,18.8602,943,0,10,0.073291,0.032524,9.4416
1,10,18.8802,944,0,10,0.071108,0.031584,9.4416
1,10,18.9002,945,0,10,0.068852,0.030634,9.4416
1,10,18.9202,946,0,10,0.066261,0.029710,9.4416
1,10,18.9402,947,0,10,0.064406,0.028763,9.4415
1,10,18.9602,948,0,10,0.062325,0.027835,9.4415
1,10,18.9802,949,0,10,0.060111,0.026902,9.4415
1,10,19.0002,950,0,10,0.057577,0.025922,9.4415
1,10,19.0202,951,0,10,0.054614,0.025071,9.4415
1,10,19.0403,952,0,10,0.052230,0.024194,9.4414
1,10,19.0603,953,0,10,0.050267,0.023202,9.4414
1,10,19.0803,954,0,10,0.047902,0.022403,9.4414
1,10,19.1003,955,0,10,0.045640,0.021496,9.4414
1,10,19.1203,956,0,10,0.043353,0.021060,9.4414
1,10,19.1403,957,0,10,0.041291,0.019858,9.4413
1,10,19.1603,958,0,10,0.039358,0.019022,9.4413
1,10,19.1803,959,0,10,0.037670,0.018201,9.4413
1,10,19.2003,960,0,10,0.036192,0.017385,9.4413
1,10,19.2203,961,0,10,0.034822,0.016624,9.4413
1,10,19.2403,962,0,10,0.033487,0.015924,9.4413
1,10,19.2603,963,0,10,0.032163,0.015294,9.4413
1,10,19.2803,964,0,10,0.030859,0.014743,9.4413
1,10,19.3003,965,0,10,0.029609,0.014280,9.4413
1,10,19.3203,966,0,10,0.028462,0.013912,9.4413
1,10,19.3403,967,0,10,0.027478,0.013644,9.4413
1,10,19.3603,968,0,10,0.026718,0.013482,9.4413
1,10,19.3803,969,0,10,0.026243,0.013427,9.4413
1,10,19.4003,970,0,10,0.026102,0.013820,9.4413
1,10,19.4203,971,0,10,0.026410,0.013834,9.4414
1,10,19.4403,972,0,10,0.027065,0.014046,9.4414
1,10,19.4603,973,0,10,0.027823,0.014647,9.4414
1,10,19.4803,974,0,10,0.028722,0.014913,9.4414
1,10,19.5003,975,0,10,0.029975,0.015562,9.4414
1,10,19.5203,976,0,10,0.031506,0.015983,9.4415
1,10,19.5403,977,0,10,0.033378,0.016787,9.4415
1,10,19.5603,978,0,10,0.035374,0.017378,9.4415
1,10,19.5803,979,0,10,0.037504,0.018164,9.4415
1,10,19.6003,980,0,10,0.039688,0.018970,9.4415
1,10,19.6203,981,0,10,0.041889,0.019801,9.4415
1,10,19.6403,982,0,10,0.044072,0.020657,9.4416
1,10,19.6603,983,0,10,0.046212,0.021534,9.4416
1,10,19.6803,984,0,10,0.048316,0.022432,9.4416
1,10,19.7003,985,0,10,0.050413,0.023344,9.4416
1,10,19.7203,986,0,10,0.052531,0.024239,9.4417
1,10,19.7403,987,0,10,0.054681,0.025134,9.4417
1,10,19.7603,988,0,10,0.056860,0.026030,9.4417
1,10,19.7803,989,0,10,0.059057,0.026938,9.4418
1,10,19.8003,990,0,10,0.061253,0.027854,9.4418
1,10,19.8203,991,0,10,0.063418,0.028773,9.4419
1,10,19.8403,992,0,10,0.065529,0.029688,9.4419
1,10,19.8603,993,0,10,0.067570,0.030596,9.4420
1,10,19.8803,994,0,10,0.069538,0.031491,9.4420
1,10,19.9003,995,0,10,0.071697,0.032381,9.4421
1,10,19.9203,996,0,10,0.073726,0.033246,9.4422
1,10,19.9403,997,0,10,0.075125,0.034075,9.4423
1,10,19.9603,998,0,10,0.077066,0.034815,9.4423
1,10,19.9803,999,0,10,0.078992,0.035792,9.4424
1,10,20.0003,1000,0,10,0.080663,0.036015,9.4425
1,10,20.0203,1001,0,10,0.082358,0.037064,9.4426
1,10,20.0403,1002,0,10,0.084212,0.037442,9.4426
1,10,20.0603,1003,0,10,0.086747,0.038545,9.4427
1,10,20.0803,1004,0,10,0.089118,0.038827,9.4428
1,10,20.1003,1005,0,10,0.091335,0.039838,9.4429
1,10,20.1203,1006,0,10,0.093416,0.040107,9.4429
1,10,20.1403,1007,0,10,0.095303,0.041093,9.4430
1,10,20.1603,1008,0,10,0.096998,0.041398,9.4431
1,10,20.1803,1009,0,10,0.098437,0.042338,9.4431
1,10,20.2003,1010,0,10,0.099672,0.042670,9.4432
1,10,20.2203,1011,0,10,0.100500,0.043428,9.4432
1,10,20.2403,1012,0,10,0.100724,0.043886,9.4433
1,10,20.2603,1013,0,10,0.101555,0.044462,9.4434
1,10,20.2803,1014,0,10,0.102468,0.044970,9.4434
1,10,20.3003,1015,0,10,0.103366,0.045455,9.4435
1,10,20.3203,1016,0,10,0.104364,0.045919,9.4436
1,10,20.3403,1017,0,10,0.105397,0.046371,9.4436
1,10,20.3603,1018,0,10,0.106360,0.046821,9.4437
1,10,20.3803,1019,0,10,0.107189,0.047263,9.4438
1,10,20.4003,1020,0,10,0.107860,0.047682,9.4438
1,10,20.4203,1021,0,10,0.108381,0.048067,9.4439
1,10,20.4403,1022,0,10,0.108772,0.048410,9.4440
1,10,20.4603,1023,0,10,0.109071,0.048715,9.4440
1,10,20.4803,1024,0,10,0.109316,0.048979,9.4441
1,10,20.5003,1025,0,10,0.109535,0.049191,9.4442
1,10,20.5203,1026,0,10,0.109751,0.049362,9.4442
1,10,20.5403,1027,0,10,0.109972,0.049498,9.4443
1,10,20.5603,1028,0,10,0.110188,0.049597,9.4444
1,10,20.5803,1029,0,10,0.110388,0.049660,9.4444
1,10,20.6003,1030,0,10,0.110567,0.049688,9.4445
1,10,20.6203,1031,0,10,0.110720,0.049681,9.4446
1,10,20.6403,1032,0,10,0.110840,0.049639,9.4446
1,10,20.6603,1033,0,10,0.110918,0.049564,9.4447
1,10,20.6803,1034,0,10,0.110944,0.049457,9.4448
1,10,20.7003,1035,0,10,0.110917,0.049319,9.4448
1,10,20.7203,1036,0,10,0.110833,0.049153,9.4449
1,10,20.7403,1037,0,10,0.110687,0.048961,9.4450
1,10,20.7603,1038,0,10,0.110474,0.048746,9.4450
1,10,20.7803,1039,0,10,0.110197,0.048508,9.4451
1,10,20.8003,1040,0,10,0.109848,0.048251,9.4451
1,10,20.8203,1041,0,10,0.109426,0.047945,9.4452
1,10,20.8403,1042,0,10,0.108917,0.047606,9.4452
1,10,20.8603,1043,0,10,0.108333,0.047260,9.4453
1,10,20.8803,1044,0,10,0.107720,0.046921,9.4453
1,10,20.9003,1045,0,10,0.107195,0.046553,9.4454
1,10,20.9203,1046,0,10,0.106584,0.046189,9.4454
1,10,20.9403,1047,0,10,0.105698,0.045808,9.4455
1,10,20.9603,1048,0,10,0.104668,0.045412,9.4455
1,10,20.9803,1049,0,10,0.103513,0.045007,9.4455
1,10,21.0003,1050,0,10,0.102272,0.044596,9.4456
1,10,21.0203,1051,0,10,0.100953,0.044175,9.4456
1,10,21.0403,1052,0,10,0.099565,0.043746,9.4456
1,10,21.0603,1053,0,10,0.098109,0.043304,9.4457
1,10,21.0803,1054,0,10,0.096595,0.042851,9.4457
1,10,21.1003,1055,0,10,0.095032,0.042383,9.4457
1,10,21.1203,1056,0,10,0.093430,0.041899,9.4457
1,10,21.1403,1057,0,10,0.091797,0.041397,9.4458
1,10,21.1603,1058,0,10,0.090145,0.040874,9.4458
1,10,21.1803,1059,0,10,0.088480,0.040330,9.4458
1,10,21.2003,1060,0,10,0.086802,0.039774,9.4459
1,10,21.2203,1061,0,10,0.085184,0.039184,9.4459
1,10,21.2403,1062,0,10,0.083643,0.038561,9.4459
1,10,21.2603,1063,0,10,0.081918,0.037916,9.4459
1,10,21.2803,1064,0,10,0.080264,0.037254,9.4460
1,10,21.3003,1065,0,10,0.078713,0.036565,9.4460
1,10,21.3203,1066,0,10,0.077079,0.035857,9.4460
1,10,21.3403,1067,0,10,0.075396,0.035124,9.4460
1,10,21.3603,1068,0,10,0.073681,0.034376,9.4460
1,10,21.3803,1069,0,10,0.071931,0.033611,9.4461
1,10,21.4003,1070,0,10,0.070258,0.032835,9.4461
1,10,21.4203,1071,0,10,0.068652,0.032047,9.4461
1,10,21.4403,1072,0,10,0.067090,0.031254,9.4461
1,10,21.4603,1073,0,10,0.065556,0.030454,9.4461
1,10,21.4803,1074,0,10,0.064032,0.029652,9.4461
1,10,21.5003,1075,0,10,0.062509,0.028847,9.4461
1,10,21.5203,1076,0,10,0.060980,0.028043,9.4462
1,10,21.5403,1077,0,10,0.059435,0.027243,9.4462
1,10,21.5603,1078,0,10,0.057874,0.026447,9.4462
1,10,21.5803,1079,0,10,0.056295,0.025659,9.4462
1,10,21.6003,1080,0,10,0.054700,0.024880,9.4462
1,10,21.6203,1081,0,10,0.053090,0.024113,9.4462
1,10,21.6403,1082,0,10,0.051470,0.023360,9.4462
1,10,21.6603,1083,0,10,0.049848,0.022625,9.4462
1,10,21.6803,1084,0,10,0.048233,0.021909,9.4462
1,10,21.7003,1085,0,10,0.046633,0.021215,9.4462
1,10,21.7203,1086,0,10,0.045057,0.020544,9.4462
1,10,21.7403,1087,0,10,0.043515,0.019901,9.4461
1,10,21.7603,1088,0,10,0.042019,0.019286,9.4461
1,10,21.7803,1089,0,10,0.040582,0.018704,9.4461
1,10,21.8003,1090,0,10,0.039213,0.018156,9.4461
1,10,21.8203,1091,0,10,0.037925,0.017646,9.4461
1,10,21.8403,1092,0,10,0.036732,0.017179,9.4461
1,10,21.8603,1093,0,10,0.035647,0.016756,9.4461
1,10,21.8803,1094,0,10,0.034681,0.016383,9.4461
1,10,21.9003,1095,0,10,0.033851,0.016061,9.4461
1,10,21.9203,1096,0,10,0.033167,0.015795,9.4460
1,10,21.9403,1097,0,10,0.032638,0.015588,9.4460
1,10,21.9603,1098,0,10,0.032273,0.015443,9.4460
1,10,21.9803,1099,0,10,0.032075,0.015361,9.4460
1,10,22.0003,1100,0,10,0.032042,0.015343,9.4460
1,10,22.0203,1101,0,10,0.032173,0.015389,9.4460
1,10,22.0403,1102,0,10,0.032462,0.015499,9.4460
1,10,22.0603,1103,0,10,0.032899,0.015670,9.4459
1,10,22.0803,1104,0,10,0.033475,0.015901,9.4459
1,10,22.1003,1105,0,10,0.034176,0.016187,9.4459
1,10,22.1203,1106,0,10,0.034992,0.016526,9.4459
1,10,22.1403,1107,0,10,0.035908,0.016913,9.4459
1,10,22.1603,1108,0,10,0.036914,0.017343,9.4458
1,10,22.1803,1109,0,10,0.038000,0.017814,9.4458
1,10,22.2003,1110,0,10,0.039153,0.018318,9.4458
1,10,22.2203,1111,0,10,0.040371,0.018853,9.4458
1,10,22.2403,1112,0,10,0.041639,0.019414,9.4458
1,10,22.2603,1113,0,10,0.042957,0.019998,9.4457
1,10,22.2803,1114,0,10,0.044313,0.020599,9.4457
1,10,22.3003,1115,0,10,0.045704,0.021215,9.4457
1,10,22.3203,1116,0,10,0.047127,0.021842,9.4457
1,10,22.3403,1117,0,10,0.048574,0.022478,9.4456
1,10,22.3603,1118,0,10,0.050042,0.023119,9.4456
1,10,22.3803,1119,0,10,0.051531,0.023763,9.4456
1,10,22.4003,1120,0,10,0.053035,0.024409,9.4455
1,10,22.4203,1121,0,10,0.054549,0.025054,9.4455
1,10,22.4403,1122,0,10,0.056070,0.025697,9.4455
1,10,22.4603,1123,0,10,0.057592,0.026337,9.4454
1,10,22.4803,1124,0,10,0.059115,0.026972,9.4454
1,10,22.5003,1125,0,10,0.060631,0.027601,9.4454
1,10,22.5203,1126,0,10,0.062140,0.028224,9.4453
1,10,22.5403,1127,0,10,0.063636,0.028838,9.4453
1,10,22.5603,1128,0,10,0.065118,0.029445,9.4453
1,10,22.5803,1129,0,10,0.066577,0.030043,9.4452
1,10,22.6003,1130,0,10,0.068020,0.030631,9.4452
1,10,22.6203,1131,0,10,0.069434,0.031210,9.4452
1,10,22.6403,1132,0,10,0.070824,0.031779,9.4451
1,10,22.6603,1133,0,10,0.071889,0.032337,9.4451
1,10,22.6803,1134,0,10,0.074240,0.032890,9.4451
1,10,22.7003,1135,0,10,0.074510,0.033533,9.4450
1,10,22.7203,1136,0,10,0.076775,0.034074,9.4450
1,10,22.7403,1137,0,10,0.076797,0.034541,9.4449
1,10,22.7603,1138,0,10,0.078621,0.035088,9.4449
1,10,22.7803,1139,0,10,0.079478,0.035541,9.4449
1,10,22.8003,1140,0,10,0.080007,0.036005,9.4448
1,10,22.8203,1141,0,10,0.081132,0.036539,9.4448
1,10,22.8403,1142,0,10,0.080916,0.036844,9.4448
1,10,22.8603,1143,0,10,0.083879,0.037240,9.4447
1,10,22.8803,1144,0,10,0.084960,0.037650,9.4447
1,10,22.9003,1145,0,10,0.084161,0.037935,9.4446
1,10,22.9203,1146,0,10,0.085558,0.038314,9.4446
1,10,22.9403,1147,0,10,0.086717,0.038545,9.4445
1,10,22.9603,1148,0,10,0.087274,0.038903,9.4445
1,10,22.9803,1149,0,10,0.088145,0.039178,9.4445
1,10,23.0003,1150,0,10,0.088501,0.039257,9.4444
1,10,23.0203,1151,0,10,0.089022,0.039577,9.4444
1,10,23.0403,1152,0,10,0.089801,0.039548,9.4443
1,10,23.0603,1153,0,10,0.090886,0.039565,9.4443
1,10,23.0803,1154,0,10,0.091543,0.039974,9.4442
1,10,23.1003,1155,0,10,0.091966,0.039892,9.4442
1,10,23.1203,1156,0,10,0.092591,0.039855,9.4441
1,10,23.1403,1157,0,10,0.093211,0.040288,9.4441
1,10,23.1603,1158,0,10,0.093757,0.040186,9.4440
1,10,23.1803,1159,0,10,0.094100,0.040065,9.4440
1,10,23.2003,1160,0,10,0.094248,0.040521,9.4439
1,10,23.2203,1161,0,10,0.094380,0.040371,9.4439
1,10,23.2403,1162,0,10,0.094438,0.040313,9.4439
1,10,23.2603,1163,0,10,0.094403,0.040229,9.4438
1,10,23.2803,1164,0,10,0.094089,0.040231,9.4438
1,10,23.3003,1165,0,10,0.093610,0.040156,9.4437
1,10,23.3203,1166,0,10,0.093145,0.040109,9.4437
1,10,23.3403,1167,0,10,0.092865,0.040083,9.4437
1,10,23.3603,1168,0,10,0.092593,0.039993,9.4436
1,10,23.3803,1169,0,10,0.092153,0.039945,9.4436
1,10,23.4003,1170,0,10,0.091581,0.039930,9.4435
1,10,23.4204,1171,0,10,0.090924,0.039821,9.4435
1,10,23.4404,1172,0,10,0.090236,0.039733,9.4435
1,10,23.4604,1173,0,10,0.089589,0.039678,9.4434
1,10,23.4804,1174,0,10,0.088970,0.039512,9.4434
1,10,23.5004,1175,0,10,0.088267,0.039402,9.4433
1,10,23.5204,1176,0,10,0.087394,0.039247,9.4433
1,10,23.5404,1177,0,10,0.086352,0.039073,9.4433
1,10,23.5604,1178,0,10,0.085263,0.038870,9.4432
1,10,23.5804,1179,0,10,0.084257,0.038638,9.4432
1,10,23.6004,1180,0,10,0.083391,0.038374,9.4431
1,10,23.6204,1181,0,10,0.082628,0.038078,9.4431
1,10,23.6404,1182,0,10,0.081896,0.037750,9.4430
1,10,23.6604,1183,0,10,0.081133,0.037390,9.4430
1,10,23.6804,1184,0,10,0.080315,0.037001,9.4430
1,10,23.7004,1185,0,10,0.079453,0.036586,9.4429
1,10,23.7204,1186,0,10,0.078575,0.036149,9.4429
1,10,23.7404,1187,0,10,0.077713,0.035690,9.4428
1,10,23.7604,1188,0,10,0.076873,0.035210,9.4428
1,10,23.7804,1189,0,10,0.076048,0.034712,9.4428
1,10,23.8004,1190,0,10,0.075220,0.034198,9.4427
1,10,23.8204,1191,0,10,0.074375,0.033670,9.4427
1,10,23.8404,1192,0,10,0.073509,0.033135,9.4427
1,10,23.8604,1193,0,10,0.072617,0.032595,9.4426
1,10,23.8804,1194,0,10,0.071713,0.032057,9.4426
1,10,23.9004,1195,0,10,0.070786,0.031516,9.4426
1,10,23.9204,1196,0,10,0.069752,0.030960,9.4426
1,10,23.9404,1197,0,10,0.068591,0.030441,9.4425
1,10,23.9604,1198,0,10,0.067427,0.029911,9.4425
1,10,23.9804,1199,0,10,0.066199,0.029354,9.4425
1,10,24.0004,1200,0,10,0.065064,0.028851,9.4425
1,10,24.0204,1201,0,10,0.063718,0.028335,9.4425
1,10,24.0404,1202,0,10,0.062346,0.027823,9.4425
1,10,24.0604,1203,0,10,0.060982,0.027315,9.4424
1,10,24.0804,1204,0,10,0.059605,0.026821,9.4424
1,10,24.1004,1205,0,10,0.058189,0.026327,9.4424
1,10,24.1204,1206,0,10,0.056734,0.025838,9.4424
1,10,24.1404,1207,0,10,0.055256,0.025350,9.4424
1,10,24.1604,1208,0,10,0.053776,0.024865,9.4424
1,10,24.1804,1209,0,10,0.052310,0.024382,9.4424
1,10,24.2004,1210,0,10,0.050869,0.023900,9.4424
1,10,24.2204,1211,0,10,0.049459,0.023422,9.4423
1,10,24.2404,1212,0,10,0.048089,0.022946,9.4423
1,10,24.2604,1213,0,10,0.046766,0.022474,9.4423
1,10,24.2804,1214,0,10,0.045503,0.022007,9.4423
1,10,24.3004,1215,0,10,0.044306,0.021546,9.4423
1,10,24.3204,1216,0,10,0.043184,0.021093,9.4423
1,10,24.3404,1217,0,10,0.042139,0.020650,9.4423
1,10,24.3604,1218,0,10,0.041172,0.020220,9.4423
1,10,24.3804,1219,0,10,0.040286,0.020085,9.4423
1,10,24.4004,1220,0,10,0.039526,0.019435,9.4423
1,10,24.4204,1221,0,10,0.038811,0.018975,9.4423
1,10,24.4404,1222,0,10,0.038214,0.018562,9.4423
1,10,24.4604,1223,0,10,0.037777,0.018184,9.4423
1,10,24.4804,1224,0,10,0.037464,0.017997,9.4423
1,10,24.5004,1225,0,10,0.037150,0.017626,9.4423
1,10,24.5204,1226,0,10,0.036788,0.017424,9.4423
1,10,24.5404,1227,0,10,0.036388,0.017344,9.4424
1,10,24.5604,1228,0,10,0.036014,0.017109,9.4424
1,10,24.5804,1229,0,10,0.035736,0.017124,9.4424
1,10,24.6004,1230,0,10,0.035473,0.017034,9.4424
1,10,24.6204,1231,0,10,0.035293,0.017056,9.4424
1,10,24.6404,1232,0,10,0.035202,0.017093,9.4425
1,10,24.6604,1233,0,10,0.035243,0.017166,9.4425
1,10,24.6804,1234,0,10,0.035436,0.017268,9.4425
1,10,24.7004,1235,0,10,0.035777,0.017400,9.4426
1,10,24.7204,1236,0,10,0.036252,0.017558,9.4426
1,10,24.7404,1237,0,10,0.036845,0.017745,9.4426
1,10,24.7604,1238,0,10,0.037539,0.017957,9.4426
1,10,24.7804,1239,0,10,0.038313,0.018196,9.4427
1,10,24.8004,1240,0,10,0.039152,0.018457,9.4427
1,10,24.8204,1241,0,10,0.040036,0.018740,9.4427
1,10,24.8404,1242,0,10,0.040951,0.019043,9.4427
1,10,24.8604,1243,0,10,0.041888,0.019364,9.4428
1,10,24.8804,1244,0,10,0.042836,0.019703,9.4428
1,10,24.9004,1245,0,10,0.043790,0.020059,9.4428
1,10,24.9204,1246,0,10,0.044746,0.020430,9.4428
1,10,24.9404,1247,0,10,0.045699,0.020817,9.4429
1,10,24.9604,1248,0,10,0.046647,0.021218,9.4429
1,10,24.9804,1249,0,10,0.047585,0.021632,9.4430
1,10,25.0004,1250,0,10,0.048513,0.022055,9.4430
1,10,25.0204,1251,0,10,0.049429,0.022487,9.4430
1,10,25.0404,1252,0,10,0.050334,0.022926,9.4431
1,10,25.0604,1253,0,10,0.051226,0.023368,9.4431
1,10,25.0804,1254,0,10,0.052107,0.023813,9.4431
1,10,25.1004,1255,0,10,0.052976,0.024257,9.4432
1,10,25.1204,1256,0,10,0.053840,0.024698,9.4432
1,10,25.1404,1257,0,10,0.054699,0.025143,9.4433
1,10,25.1604,1258,0,10,0.055553,0.025852,9.4433
1,10,25.1804,1259,0,10,0.056402,0.025849,9.4434
1,10,25.2004,1260,0,10,0.057239,0.026466,9.4434
1,10,25.2204,1261,0,10,0.057963,0.026674,9.4435
1,10,25.2404,1262,0,10,0.058597,0.027126,9.4435
1,10,25.2604,1263,0,10,0.059414,0.027981,9.4436
1,10,25.2804,1264,0,10,0.060662,0.027806,9.4436
1,10,25.3004,1265,0,10,0.062195,0.028385,9.4436
1,10,25.3204,1266,0,10,0.063587,0.028540,9.4437
1,10,25.3404,1267,0,10,0.064669,0.029071,9.4437
1,10,25.3604,1268,0,10,0.065509,0.029210,9.4438
1,10,25.3804,1269,0,10,0.066448,0.029714,9.4438
1,10,25.4004,1270,0,10,0.066964,0.029804,9.4439
1,10,25.4204,1271,0,10,0.067351,0.030300,9.4439
1,10,25.4404,1272,0,10,0.067732,0.030354,9.4439
1,10,25.4604,1273,0,10,0.067837,0.030839,9.4440
1,10,25.4804,1274,0,10,0.067604,0.030881,9.4440
1,10,25.5004,1275,0,10,0.068657,0.031314,9.4441
1,10,25.5204,1276,0,10,0.068994,0.031340,9.4441
1,10,25.5404,1277,0,10,0.070104,0.031731,9.4442
1,10,25.5604,1278,0,10,0.070974,0.031811,9.4442
1,10,25.5804,1279,0,10,0.071463,0.032110,9.4443
1,10,25.6004,1280,0,10,0.072225,0.032258,9.4443
1,10,25.6204,1281,0,10,0.072115,0.032309,9.4444
1,10,25.6404,1282,0,10,0.072878,0.032380,9.4444
1,10,25.6604,1283,0,10,0.073285,0.032503,9.4444
1,10,25.6804,1284,0,10,0.073495,0.032625,9.4445
1,10,25.7004,1285,0,10,0.074199,0.032742,9.4445
1,10,25.7204,1286,0,10,0.075041,0.032844,9.4446
1,10,25.7404,1287,0,10,0.074881,0.032927,9.4446
1,10,25.7604,1288,0,10,0.074681,0.033005,9.4446
1,10,25.7804,1289,0,10,0.074449,0.033077,9.4447
1,10,25.8004,1290,0,10,0.074196,0.033081,9.4447
1,10,25.8204,1291,0,10,0.073965,0.033072,9.4447
1,10,25.8404,1292,0,10,0.073380,0.033022,9.4448
1,10,25.8604,1293,0,10,0.073418,0.033044,9.4448
1,10,25.8804,1294,0,10,0.072763,0.033057,9.4449
1,10,25.9004,1295,0,10,0.073092,0.033062,9.4449
1,10,25.9204,1296,0,10,0.073440,0.033062,9.4449
1,10,25.9404,1297,0,10,0.073999,0.033067,9.4449
1,10,25.9604,1298,0,10,0.074127,0.033056,9.4450
1,10,25.9804,1299,0,10,0.073932,0.033033,9.4450
1,10,26.0004,1300,0,10,0.073248,0.032993,9.4450
1,10,26.0204,1301,0,10,0.072257,0.032926,9.4451
1,10,26.0404,1302,0,10,0.071888,0.032832,9.4451
1,10,26.0604,1303,0,10,0.071528,0.032722,9.4451
1,10,26.0804,1304,0,10,0.070804,0.032594,9.4451
1,10,26.1004,1305,0,10,0.070012,0.032453,9.4452
1,10,26.1204,1306,0,10,0.069326,0.032302,9.4452
1,10,26.1404,1307,0,10,0.068760,0.032140,9.4452
1,10,26.1604,1308,0,10,0.068265,0.031964,9.4453
1,10,26.1804,1309,0,10,0.067818,0.031773,9.4453
1,10,26.2004,1310,0,10,0.067406,0.031567,9.4453
1,10,26.2204,1311,0,10,0.067015,0.031345,9.4453
1,10,26.2404,1312,0,10,0.066625,0.031107,9.4454
1,10,26.2604,1313,0,10,0.066223,0.030854,9.4454
1,10,26.2804,1314,0,10,0.065798,0.030585,9.4454
1,10,26.3004,1315,0,10,0.065344,0.030297,9.4454
1,10,26.3204,1316,0,10,0.064857,0.029996,9.4454
1,10,26.3404,1317,0,10,0.064340,0.029685,9.4454
1,10,26.3604,1318,0,10,0.063798,0.029366,9.4455
1,10,26.3804,1319,0,10,0.063232,0.029042,9.4455
1,10,26.4004,1320,0,10,0.062648,0.028713,9.4455
1,10,26.4204,1321,0,10,0.062047,0.028382,9.4455
1,10,26.4404,1322,0,10,0.061429,0.028049,9.4455
1,10,26.4604,1323,0,10,0.060793,0.027714,9.4455
1,10,26.4804,1324,0,10,0.060139,0.027380,9.4455
1,10,26.5004,1325,0,10,0.059463,0.027046,9.4455
1,10,26.5204,1326,0,10,0.058763,0.026713,9.4455
1,10,26.5404,1327,0,10,0.058038,0.026381,9.4455
1,10,26.5604,1328,0,10,0.057286,0.026049,9.4455
1,10,26.5804,1329,0,10,0.056508,0.025720,9.4455
1,10,26.6004,1330,0,10,0.055705,0.025390,9.4455
1,10,26.6204,1331,0,10,0.054879,0.025062,9.4455
1,10,26.6404,1332,0,10,0.054033,0.024734,9.4455
1,10,26.6604,1333,0,10,0.053174,0.024409,9.4455
1,10,26.6804,1334,0,10,0.052304,0.024083,9.4455
1,10,26.7004,1335,0,10,0.051432,0.023758,9.4455
1,10,26.7204,1336,0,10,0.050560,0.023434,9.4455
1,10,26.7404,1337,0,10,0.049692,0.023111,9.4455
1,10,26.7604,1338,0,10,0.048834,0.022788,9.4455
1,10,26.7804,1339,0,10,0.047987,0.022467,9.4455
1,10,26.8004,1340,0,10,0.047158,0.022146,9.4455
1,10,26.8204,1341,0,10,0.046348,0.021827,9.4455
1,10,26.8404,1342,0,10,0.045559,0.021508,9.4455
1,10,26.8604,1343,0,10,0.044792,0.021192,9.4455
1,10,26.8804,1344,0,10,0.044049,0.020879,9.4455
1,10,26.9004,1345,0,10,0.043333,0.020568,9.4455
1,10,26.9204,1346,0,10,0.042643,0.020263,9.4455
1,10,26.9404,1347,0,10,0.041983,0.019962,9.4455
1,10,26.9604,1348,0,10,0.041350,0.019666,9.4454
1,10,26.9804,1349,0,10,0.040747,0.019379,9.4454
1,10,27.0004,1350,0,10,0.040174,0.019099,9.4454
1,10,27.0204,1351,0,10,0.039632,0.018829,9.4454
1,10,27.0404,1352,0,10,0.039121,0.018571,9.4454
1,10,27.0604,1353,0,10,0.038642,0.018324,9.4454
1,10,27.0804,1354,0,10,0.038194,0.018090,9.4454
1,10,27.1004,1355,0,10,0.037777,0.017871,9.4454
1,10,27.1204,1356,0,10,0.037393,0.017667,9.4453
1,10,27.1404,1357,0,10,0.037041,0.017480,9.4453
1,10,27.1604,1358,0,10,0.036721,0.017311,9.4453
1,10,27.1804,1359,0,10,0.036435,0.017160,9.4453
1,10,27.2004,1360,0,10,0.036183,0.017027,9.4453
1,10,27.2204,1361,0,10,0.035966,0.016915,9.4452
1,10,27.2404,1362,0,10,0.035785,0.016821,9.4452
1,10,27.2604,1363,0,10,0.035642,0.016748,9.4452
1,10,27.2804,1364,0,10,0.035536,0.016694,9.4452
1,10,27.3004,1365,0,10,0.035469,0.016661,9.4452
1,10,27.3204,1366,0,10,0.035441,0.016648,9.4451
1,10,27.3404,1367,0,10,0.035453,0.016654,9.4451
1,10,27.3604,1368,0,10,0.035506,0.016679,9.4451
1,10,27.3804,1369,0,10,0.035599,0.016722,9.4451
1,10,27.4004,1370,0,10,0.035732,0.016784,9.4450
1,10,27.4204,1371,0,10,0.035905,0.016864,9.4450
1,10,27.4404,1372,0,10,0.036118,0.016961,9.4450
1,10,27.4604,1373,0,10,0.036367,0.017071,9.4450
1,10,27.4804,1374,0,10,0.036655,0.017191,9.4449
1,10,27.5004,1375,0,10,0.036975,0.017323,9.4449
1,10,27.5204,1376,0,10,0.037328,0.017466,9.4449
1,10,27.5404,1377,0,10,0.037710,0.017623,9.4449
1,10,27.5604,1378,0,10,0.038118,0.017791,9.4449
1,10,27.5804,1379,0,10,0.038552,0.017967,9.4448
1,10,27.6004,1380,0,10,0.039007,0.018153,9.4448
1,10,27.6204,1381,0,10,0.039483,0.018347,9.4448
1,10,27.6404,1382,0,10,0.039976,0.018547,9.4448
1,10,27.6604,1383,0,10,0.040483,0.018755,9.4447
1,10,27.6804,1384,0,10,0.041000,0.018968,9.4447
1,10,27.7004,1385,0,10,0.041528,0.019188,9.4447
1,10,27.7204,1386,0,10,0.042060,0.019411,9.4447
1,10,27.7404,1387,0,10,0.042600,0.019638,9.4446
1,10,27.7604,1388,0,10,0.043142,0.019870,9.4446
1,10,27.7805,1389,0,10,0.043684,0.020104,9.4446
1,10,27.8005,1390,0,10,0.044229,0.020340,9.4446
1,10,27.8205,1391,0,10,0.044773,0.020578,9.4445
1,10,27.8405,1392,0,10,0.045314,0.020816,9.4445
1,10,27.8605,1393,0,10,0.045852,0.021055,9.4445
1,10,27.8805,1394,0,10,0.046389,0.021293,9.4444
1,10,27.9005,1395,0,10,0.046917,0.021531,9.4444
1,10,27.9205,1396,0,10,0.047441,0.021766,9.4444
1,10,27.9405,1397,0,10,0.047961,0.021999,9.4444
1,10,27.9605,1398,0,10,0.048474,0.022229,9.4443
1,10,27.9805,1399,0,10,0.048981,0.022457,9.4443
1,10,28.0005,1400,0,10,0.049479,0.022681,9.4443
1,10,28.0205,1401,0,10,0.049970,0.022901,9.4443
1,10,28.0405,1402,0,10,0.050451,0.023116,9.4442
1,10,28.0605,1403,0,10,0.050923,0.023326,9.4442
1,10,28.0805,1404,0,10,0.051387,0.023531,9.4442
1,10,28.1005,1405,0,10,0.051840,0.023731,9.4441
1,10,28.1205,1406,0,10,0.052282,0.023924,9.4441
1,10,28.1405,1407,0,10,0.052712,0.024112,9.4441
1,10,28.1605,1408,0,10,0.053130,0.024294,9.4441
1,10,28.1805,1409,0,10,0.053537,0.024470,9.4440
1,10,28.2005,1410,0,10,0.053928,0.024512,9.4440
1,10,28.2205,1411,0,10,0.054306,0.024798,9.4440
1,10,28.2405,1412,0,10,0.054659,0.024715,9.4440
1,10,28.2605,1413,0,10,0.055196,0.024953,9.4439
1,10,28.2805,1414,0,10,0.055782,0.024934,9.4439
1,10,28.3005,1415,0,10,0.056393,0.025206,9.4439
1,10,28.3205,1416,0,10,0.056877,0.025153,9.4439
1,10,28.3405,1417,0,10,0.057248,0.025468,9.4438
1,10,28.3605,1418,0,10,0.057495,0.025397,9.4438
1,10,28.3805,1419,0,10,0.057713,0.025723,9.4438
1,10,28.4005,1420,0,10,0.057853,0.025649,9.4438
1,10,28.4205,1421,0,10,0.057968,0.025972,9.4438
1,10,28.4405,1422,0,10,0.057996,0.025891,9.4437
1,10,28.4605,1423,0,10,0.057995,0.025916,9.4437
1,10,28.4805,1424,0,10,0.057929,0.026302,9.4437
1,10,28.5005,1425,0,10,0.057842,0.026143,9.4437
1,10,28.5205,1426,0,10,0.057954,0.026101,9.4437
1,10,28.5405,1427,0,10,0.058088,0.026480,9.4437
1,10,28.5605,1428,0,10,0.058155,0.026326,9.4436
1,10,28.5805,1429,0,10,0.058289,0.026272,9.4436
1,10,28.6005,1430,0,10,0.058300,0.026326,9.4436
1,10,28.6205,1431,0,10,0.058141,0.026339,9.4436
1,10,28.6405,1432,0,10,0.057993,0.026285,9.4435
1,10,28.6605,1433,0,10,0.057868,0.026301,9.4435
1,10,28.6805,1434,0,10,0.057822,0.026310,9.4435
1,10,28.7005,1435,0,10,0.057916,0.026258,9.4435
1,10,28.7205,1436,0,10,0.057995,0.026299,9.4435
1,10,28.7405,1437,0,10,0.057948,0.026275,9.4435
1,10,28.7605,1438,0,10,0.057761,0.026279,9.4434
1,10,28.7805,1439,0,10,0.057462,0.026263,9.4434
1,10,28.8005,1440,0,10,0.057115,0.026237,9.4434
1,10,28.8205,1441,0,10,0.056759,0.026201,9.4434
1,10,28.8405,1442,0,10,0.056402,0.026152,9.4434
1,10,28.8605,1443,0,10,0.056043,0.026090,9.4434
1,10,28.8805,1444,0,10,0.055685,0.026014,9.4434
1,10,28.9005,1445,0,10,0.055326,0.025926,9.4434
1,10,28.9205,1446,0,10,0.054974,0.025826,9.4434
1,10,28.9405,1447,0,10,0.054634,0.025713,9.4434
1,10,28.9605,1448,0,10,0.054313,0.025589,9.4433
1,10,28.9805,1449,0,10,0.054011,0.025452,9.4433
1,10,29.0005,1450,0,10,0.053730,0.025305,9.4433
1,10,29.0205,1451,0,10,0.053461,0.025147,9.4433
1,10,29.0405,1452,0,10,0.053201,0.024977,9.4433
1,10,29.0605,1453,0,10,0.052940,0.024799,9.4433
1,10,29.0805,1454,0,10,0.052672,0.024613,9.4433
1,10,29.1005,1455,0,10,0.052393,0.024418,9.4433
1,10,29.1205,1456,0,10,0.052096,0.024215,9.4433
1,10,29.1405,1457,0,10,0.051779,0.024008,9.4433
1,10,29.1605,1458,0,10,0.051438,0.023795,9.4433
1,10,29.1805,1459,0,10,0.051076,0.023580,9.4433
1,10,29.2005,1460,0,10,0.050690,0.023358,9.4433
1,10,29.2205,1461,0,10,0.050280,0.023138,9.4433
1,10,29.2405,1462,0,10,0.049848,0.022913,9.4433
1,10,29.2605,1463,0,10,0.049393,0.022691,9.4433
1,10,29.2805,1464,0,10,0.048914,0.022464,9.4433
1,10,29.3005,1465,0,10,0.048416,0.022240,9.4433
1,10,29.3205,1466,0,10,0.047897,0.022013,9.4433
1,10,29.3405,1467,0,10,0.047359,0.021787,9.4433
1,10,29.3605,1468,0,10,0.046804,0.021559,9.4433
1,10,29.3805,1469,0,10,0.046234,0.021333,9.4433
1,10,29.4005,1470,0,10,0.045650,0.021104,9.4433
1,10,29.4205,1471,0,10,0.045054,0.020875,9.4433
1,10,29.4405,1472,0,10,0.044449,0.020646,9.4433
1,10,29.4605,1473,0,10,0.043839,0.020416,9.4433
1,10,29.4805,1474,0,10,0.043227,0.020183,9.4433
1,10,29.5005,1475,0,10,0.042614,0.019951,9.4433
1,10,29.5205,1476,0,10,0.042003,0.019717,9.4433
1,10,29.5405,1477,0,10,0.041395,0.019482,9.4433
1,10,29.5605,1478,0,10,0.040795,0.019246,9.4433
1,10,29.5805,1479,0,10,0.040205,0.019009,9.4433
1,10,29.6005,1480,0,10,0.039624,0.018773,9.4433
1,10,29.6205,1481,0,10,0.039054,0.018536,9.4434
1,10,29.6405,1482,0,10,0.038496,0.018299,9.4434
1,10,29.6605,1483,0,10,0.037951,0.018068,9.4434
1,10,29.6805,1484,0,10,0.037421,0.017839,9.4434
1,10,29.7005,1485,0,10,0.036902,0.017612,9.4434
1,10,29.7205,1486,0,10,0.036398,0.017387,9.4434
1,10,29.7405,1487,0,10,0.035907,0.017167,9.4434
1,10,29.7605,1488,0,10,0.035429,0.016950,9.4434
1,10,29.7805,1489,0,10,0.034964,0.016740,9.4435
1,10,29.8005,1490,0,10,0.034512,0.016535,9.4435
1,10,29.8205,1491,0,10,0.034072,0.016336,9.4435
1,10,29.8405,1492,0,10,0.033647,0.016147,9.4435
1,10,29.8605,1493,0,10,0.033233,0.015965,9.4435
1,10,29.8805,1494,0,10,0.032836,0.015792,9.4435
1,10,29.9005,1495,0,10,0.032453,0.015630,9.4435
1,10,29.9205,1496,0,10,0.032088,0.015478,9.4436
1,10,29.9405,1497,0,10,0.031741,0.015337,9.4436
1,10,29.9605,1498,0,10,0.031414,0.015208,9.4436
1,10,29.9805,1499,0,10,0.031108,0.015091,9.4436
1,10,30.0005,1500,0,10,0.030825,0.014986,9.4436
1,10,30.0205,1501,0,10,0.030569,0.014894,9.4436
1,10,30.0405,1502,0,10,0.030338,0.014814,9.4437
1,10,30.0605,1503,0,10,0.030138,0.014746,9.4437
1,10,30.0805,1504,0,10,0.029968,0.014691,9.4437
1,10,30.1005,1505,0,10,0.029830,0.014649,9.4437
1,10,30.1205,1506,0,10,0.029724,0.014878,9.4437
1,10,30.1405,1507,0,10,0.029637,0.014856,9.4438
1,10,30.1605,1508,0,10,0.029606,0.014676,9.4438
1,10,30.1805,1509,0,10,0.029637,0.014722,9.4438
1,10,30.2005,1510,0,10,0.029693,0.014776,9.4438
1,10,30.2205,1511,0,10,0.029742,0.015053,9.4438
1,10,30.2405,1512,0,10,0.029763,0.014770,9.4439
1,10,30.2605,1513,0,10,0.029750,0.015099,9.4439
1,10,30.2805,1514,0,10,0.029732,0.014873,9.4439
1,10,30.3005,1515,0,10,0.029790,0.015222,9.4439
1,10,30.3205,1516,0,10,0.029952,0.015035,9.4440
1,10,30.3405,1517,0,10,0.030226,0.015399,9.4440
1,10,30.3605,1518,0,10,0.030584,0.015239,9.4440
1,10,30.3805,1519,0,10,0.030997,0.015616,9.4440
1,10,30.4005,1520,0,10,0.031435,0.015475,9.4441
1,10,30.4205,1521,0,10,0.031873,0.015863,9.4441
1,10,30.4405,1522,0,10,0.032310,0.015740,9.4441
1,10,30.4605,1523,0,10,0.032728,0.015886,9.4441
1,10,30.4805,1524,0,10,0.033153,0.015957,9.4442
1,10,30.5005,1525,0,10,0.033556,0.016060,9.4442
1,10,30.5205,1526,0,10,0.034050,0.016177,9.4442
1,10,30.5405,1527,0,10,0.034711,0.016181,9.4442
1,10,30.5605,1528,0,10,0.035493,0.016519,9.4443
1,10,30.5805,1529,0,10,0.036361,0.016498,9.4443
1,10,30.6005,1530,0,10,0.037125,0.016844,9.4443
1,10,30.6205,1531,0,10,0.037723,0.016857,9.4443
1,10,30.6405,1532,0,10,0.038082,0.017231,9.4443
1,10,30.6605,1533,0,10,0.038287,0.017263,9.4443
1,10,30.6805,1534,0,10,0.038350,0.017650,9.4444
1,10,30.7005,1535,0,10,0.038382,0.017707,9.4444
1,10,30.7205,1536,0,10,0.038376,0.018102,9.4444
1,10,30.7405,1537,0,10,0.038420,0.018180,9.4444
1,10,30.7605,1538,0,10,0.038474,0.018574,9.4444
1,10,30.7805,1539,0,10,0.038603,0.018694,9.4444
1,10,30.8005,1540,0,10,0.038758,0.018873,9.4444
1,10,30.8205,1541,0,10,0.038947,0.019053,9.4445
1,10,30.8405,1542,0,10,0.039228,0.019237,9.4445
1,10,30.8605,1543,0,10,0.039638,0.019428,9.4445
1,10,30.8805,1544,0,10,0.040160,0.019623,9.4445
1,10,30.9005,1545,0,10,0.040737,0.019818,9.4446
1,10,30.9205,1546,0,10,0.041305,0.020008,9.4446
1,10,30.9405,1547,0,10,0.041819,0.020189,9.4446
1,10,30.9605,1548,0,10,0.042256,0.020362,9.4446
1,10,30.9805,1549,0,10,0.042618,0.020523,9.4447
1,10,31.0005,1550,0,10,0.042921,0.020675,9.4447
1,10,31.0205,1551,0,10,0.043187,0.020818,9.4447
1,10,31.0405,1552,0,10,0.043439,0.020953,9.4447
1,10,31.0605,1553,0,10,0.043694,0.021080,9.4447
1,10,31.0805,1554,0,10,0.043966,0.021201,9.4447
1,10,31.1005,1555,0,10,0.044261,0.021316,9.4447
1,10,31.1205,1556,0,10,0.044581,0.021425,9.4447
1,10,31.1405,1557,0,10,0.044919,0.021528,9.4448
1,10,31.1605,1558,0,10,0.045273,0.021626,9.4448
1,10,31.1805,1559,0,10,0.045629,0.021717,9.4448
1,10,31.2005,1560,0,10,0.045980,0.021802,9.4448
1,10,31.2205,1561,0,10,0.046319,0.021881,9.4448
1,10,31.2405,1562,0,10,0.046636,0.021954,9.4448
1,10,31.2605,1563,0,10,0.046927,0.022021,9.4448
1,10,31.2805,1564,0,10,0.047187,0.022083,9.4448
1,10,31.3005,1565,0,10,0.047416,0.022138,9.4448
1,10,31.3205,1566,0,10,0.047613,0.022188,9.4449
1,10,31.3405,1567,0,10,0.047779,0.022234,9.4449
1,10,31.3605,1568,0,10,0.047918,0.022274,9.4449
1,10,31.3805,1569,0,10,0.048030,0.022310,9.4449
1,10,31.4005,1570,0,10,0.048118,0.022341,9.4449
1,10,31.4205,1571,0,10,0.048180,0.022368,9.4449
1,10,31.4405,1572,0,10,0.048221,0.022390,9.4449
1,10,31.4605,1573,0,10,0.048240,0.022407,9.4449
1,10,31.4805,1574,0,10,0.048238,0.022418,9.4449
1,10,31.5005,1575,0,10,0.048216,0.022424,9.4449
1,10,31.5205,1576,0,10,0.048172,0.022423,9.4449
1,10,31.5405,1577,0,10,0.048108,0.022415,9.4449
1,10,31.5605,1578,0,10,0.048023,0.022399,9.4449
1,10,31.5805,1579,0,10,0.047920,0.022376,9.4449
1,10,31.6005,1580,0,10,0.047799,0.022345,9.4449
1,10,31.6205,1581,0,10,0.047663,0.022305,9.4449
1,10,31.6405,1582,0,10,0.047510,0.022256,9.4449
1,10,31.6605,1583,0,10,0.047342,0.022199,9.4449
1,10,31.6805,1584,0,10,0.047163,0.022132,9.4449
1,10,31.7005,1585,0,10,0.046971,0.022056,9.4449
1,10,31.7205,1586,0,10,0.046767,0.021971,9.4449
1,10,31.7405,1587,0,10,0.046552,0.021876,9.4449
1,10,31.7605,1588,0,10,0.046326,0.021773,9.4449
1,10,31.7805,1589,0,10,0.046087,0.021660,9.4449
1,10,31.8005,1590,0,10,0.045836,0.021539,9.4449
1,10,31.8205,1591,0,10,0.045573,0.021408,9.4449
1,10,31.8405,1592,0,10,0.045296,0.021270,9.4449
1,10,31.8605,1593,0,10,0.045005,0.021122,9.4449
1,10,31.8805,1594,0,10,0.044700,0.020968,9.4449
1,10,31.9005,1595,0,10,0.044379,0.020805,9.4449
1,10,31.9205,1596,0,10,0.044041,0.020636,9.4449
1,10,31.9405,1597,0,10,0.043687,0.020459,9.4448
1,10,31.9605,1598,0,10,0.043315,0.020276,9.4448
1,10,31.9805,1599,0,10,0.042927,0.020085,9.4448
1,10,32.0005,1600,0,10,0.042521,0.019889,9.4448
1,10,32.0205,1601,0,10,0.042095,0.019687,9.4448
1,10,32.0405,1602,0,10,0.041653,0.019479,9.4448
1,10,32.0605,1603,0,10,0.041191,0.019266,9.4448
1,10,32.0805,1604,0,10,0.040712,0.019048,9.4448
1,10,32.1005,1605,0,10,0.040216,0.018824,9.4448
1,10,32.1205,1606,0,10,0.039703,0.018596,9.4448
1,10,32.1405,1607,0,10,0.039173,0.018363,9.4447
1,10,32.1606,1608,0,10,0.038627,0.018126,9.4447
1,10,32.1806,1609,0,10,0.038065,0.017885,9.4447
1,10,32.2006,1610,0,10,0.037489,0.017639,9.4447
1,10,32.2206,1611,0,10,0.036900,0.017390,9.4447
1,10,32.2406,1612,0,10,0.036297,0.017136,9.4447
1,10,32.2606,1613,0,10,0.035683,0.016879,9.4447
1,10,32.2806,1614,0,10,0.035057,0.016619,9.4447
1,10,32.3006,1615,0,10,0.034424,0.016355,9.4446
1,10,32.3206,1616,0,10,0.033780,0.016089,9.4446
1,10,32.3406,1617,0,10,0.033130,0.015820,9.4446
1,10,32.3606,1618,0,10,0.032474,0.015548,9.4446
1,10,32.3806,1619,0,10,0.031813,0.015274,9.4446
1,10,32.4006,1620,0,10,0.031149,0.014999,9.4446
1,10,32.4206,1621,0,10,0.030483,0.014722,9.4446
1,10,32.4406,1622,0,10,0.029816,0.014445,9.4445
1,10,32.4606,1623,0,10,0.029149,0.014167,9.4445
1,10,32.4806,1624,0,10,0.028484,0.013889,9.4445
1,10,32.5006,1625,0,10,0.027820,0.013612,9.4445
1,10,32.5206,1626,0,10,0.027161,0.013337,9.4445
1,10,32.5406,1627,0,10,0.026509,0.013063,9.4445
1,10,32.5606,1628,0,10,0.025863,0.012793,9.4445
1,10,32.5806,1629,0,10,0.025226,0.012526,9.4444
1,10,32.6006,1630,0,10,0.024600,0.012265,9.4444
1,10,32.6206,1631,0,10,0.023987,0.012008,9.4444
1,10,32.6406,1632,0,10,0.023388,0.011759,9.4444
1,10,32.6606,1633,0,10,0.022807,0.011517,9.4444
1,10,32.6806,1634,0,10,0.022244,0.011285,9.4444
1,10,32.7006,1635,0,10,0.021700,0.011062,9.4444
1,10,32.7206,1636,0,10,0.021179,0.010850,9.4444
1,10,32.7406,1637,0,10,0.020685,0.010651,9.4443
1,10,32.7606,1638,0,10,0.020217,0.010466,9.4443
1,10,32.7806,1639,0,10,0.019782,0.010296,9.4443
1,10,32.8006,1640,0,10,0.019379,0.010141,9.4443
1,10,32.8206,1641,0,10,0.019015,0.010002,9.4443
1,10,32.8406,1642,0,10,0.018690,0.009882,9.4443
1,10,32.8606,1643,0,10,0.018411,0.009781,9.4443
1,10,32.8806,1644,0,10,0.018177,0.009699,9.4443
1,10,32.9006,1645,0,10,0.017995,0.009637,9.4442
1,10,32.9206,1646,0,10,0.017862,0.009596,9.4442
1,10,32.9406,1647,0,10,0.017781,0.009576,9.4442
1,10,32.9606,1648,0,10,0.017756,0.009577,9.4442
1,10,32.9806,1649,0,10,0.017784,0.009600,9.4442
1,10,33.0006,1650,0,10,0.017866,0.009642,9.4442
1,10,33.0206,1651,0,10,0.018000,0.009705,9.4442
1,10,33.0406,1652,0,10,0.018186,0.009788,9.4442
1,10,33.0606,1653,0,10,0.018421,0.009889,9.4441
1,10,33.0806,1654,0,10,0.018702,0.010008,9.4441
1,10,33.1006,1655,0,10,0.019027,0.010144,9.4441
1,10,33.1206,1656,0,10,0.019389,0.010296,9.4441
1,10,33.1406,1657,0,10,0.019789,0.010462,9.4441
1,10,33.1606,1658,0,10,0.020220,0.010641,9.4441
1,10,33.1806,1659,0,10,0.020681,0.010834,9.4441
1,10,33.2006,1660,0,10,0.021168,0.011036,9.4441
1,10,33.2206,1661,0,10,0.021679,0.011249,9.4441
1,10,33.2406,1662,0,10,0.022210,0.011471,9.4441
1,10,33.2606,1663,0,10,0.022757,0.011700,9.4440
1,10,33.2806,1664,0,10,0.023320,0.011936,9.4440
1,10,33.3006,1665,0,10,0.023893,0.012178,9.4440
1,10,33.3206,1666,0,10,0.024481,0.012425,9.4440
1,10,33.3406,1667,0,10,0.025074,0.012676,9.4440
1,10,33.3606,1668,0,10,0.025673,0.012930,9.4440
1,10,33.3806,1669,0,10,0.026278,0.013186,9.4440
1,10,33.4006,1670,0,10,0.026887,0.013444,9.4440
1,10,33.4206,1671,0,10,0.027498,0.013704,9.4440
1,10,33.4406,1672,0,10,0.028111,0.013964,9.4440
1,10,33.4606,1673,0,10,0.028723,0.014222,9.4440
1,10,33.4806,1674,0,10,0.029336,0.014481,9.4440
1,10,33.5006,1675,0,10,0.029943,0.014737,9.4440
1,10,33.5206,1676,0,10,0.030549,0.014993,9.4440
1,10,33.5406,1677,0,10,0.031150,0.015246,9.4440
1,10,33.5606,1678,0,10,0.031746,0.015497,9.4439
1,10,33.5806,1679,0,10,0.032334,0.015744,9.4439
1,10,33.6006,1680,0,10,0.032915,0.015988,9.4439
1,10,33.6206,1681,0,10,0.033488,0.016227,9.4439
1,10,33.6406,1682,0,10,0.034051,0.016462,9.4439
1,10,33.6606,1683,0,10,0.034601,0.016692,9.4439
1,10,33.6806,1684,0,10,0.035140,0.016918,9.4439
1,10,33.7006,1685,0,10,0.035667,0.017137,9.4439
1,10,33.7206,1686,0,10,0.036179,0.017351,9.4439
1,10,33.7406,1687,0,10,0.036678,0.017558,9.4439
1,10,33.7606,1688,0,10,0.037162,0.017760,9.4439
1,10,33.7806,1689,0,10,0.037629,0.017955,9.4439
1,10,33.8006,1690,0,10,0.038081,0.018069,9.4439
1,10,33.8206,1691,0,10,0.038541,0.018324,9.4439
1,10,33.8406,1692,0,10,0.038930,0.018323,9.4439
1,10,33.8606,1693,0,10,0.039383,0.018563,9.4439
1,10,33.8806,1694,0,10,0.039871,0.018563,9.4439
1,10,33.9006,1695,0,10,0.040462,0.018842,9.4439
1,10,33.9206,1696,0,10,0.041030,0.018833,9.4439
1,10,33.9406,1697,0,10,0.041586,0.019120,9.4439
1,10,33.9606,1698,0,10,0.042010,0.019105,9.4439
1,10,33.9806,1699,0,10,0.042353,0.019385,9.4439
1,10,34.0006,1700,0,10,0.042544,0.019359,9.4439
1,10,34.0206,1701,0,10,0.042673,0.019625,9.4439
1,10,34.0406,1702,0,10,0.042693,0.019586,9.4439
1,10,34.0606,1703,0,10,0.042701,0.019837,9.4439
1,10,34.0806,1704,0,10,0.042650,0.019786,9.4439
1,10,34.1006,1705,0,10,0.042625,0.020022,9.4440
1,10,34.1206,1706,0,10,0.042565,0.019955,9.4440
1,10,34.1406,1707,0,10,0.042546,0.020176,9.4440
1,10,34.1606,1708,0,10,0.042502,0.020089,9.4440
1,10,34.1806,1709,0,10,0.042498,0.020293,9.4440
1,10,34.2006,1710,0,10,0.042463,0.020182,9.4440
1,10,34.2206,1711,0,10,0.042460,0.020367,9.4440
1,10,34.2406,1712,0,10,0.042418,0.020228,9.4440
1,10,34.2606,1713,0,10,0.042398,0.020389,9.4440
1,10,34.2806,1714,0,10,0.042332,0.020222,9.4440
1,10,34.3006,1715,0,10,0.042284,0.020355,9.4440
1,10,34.3206,1716,0,10,0.042188,0.020160,9.4440
1,10,34.3406,1717,0,10,0.042109,0.020266,9.4440
1,10,34.3606,1718,0,10,0.041980,0.020046,9.4440
1,10,34.3806,1719,0,10,0.041872,0.020122,9.4440
1,10,34.4006,1720,0,10,0.041719,0.019880,9.4440
1,10,34.4206,1721,0,10,0.041585,0.019933,9.4440
1,10,34.4406,1722,0,10,0.041405,0.019672,9.4440
1,10,34.4606,1723,0,10,0.041245,0.019703,9.4440
1,10,34.4806,1724,0,10,0.041036,0.019424,9.4440
1,10,34.5006,1725,0,10,0.040841,0.019438,9.4440
1,10,34.5206,1726,0,10,0.040593,0.019143,9.4440
1,10,34.5406,1727,0,10,0.040352,0.019140,9.4440
1,10,34.5606,1728,0,10,0.040053,0.018830,9.4440
1,10,34.5806,1729,0,10,0.039759,0.018814,9.4440
1,10,34.6006,1730,0,10,0.039401,0.018491,9.4440
1,10,34.6206,1731,0,10,0.039044,0.018462,9.4440
1,10,34.6406,1732,0,10,0.038624,0.018127,9.4440
1,10,34.6606,1733,0,10,0.038203,0.018086,9.4441
1,10,34.6806,1734,0,10,0.037720,0.017738,9.4441
1,10,34.7006,1735,0,10,0.037239,0.017687,9.4441
1,10,34.7206,1736,0,10,0.036698,0.017328,9.4441
1,10,34.7406,1737,0,10,0.036162,0.017265,9.4441
1,10,34.7606,1738,0,10,0.035568,0.016894,9.4441
1,10,34.7806,1739,0,10,0.034982,0.016819,9.4441
1,10,34.8006,1740,0,10,0.034343,0.016437,9.4441
1,10,34.8206,1741,0,10,0.033715,0.016351,9.4441
1,10,34.8406,1742,0,10,0.033036,0.015955,9.4441
1,10,34.8606,1743,0,10,0.032371,0.015857,9.4441
1,10,34.8806,1744,0,10,0.031659,0.015447,9.4441
1,10,34.9006,1745,0,10,0.030964,0.015338,9.4441
1,10,34.9206,1746,0,10,0.030226,0.014914,9.4441
1,10,34.9406,1747,0,10,0.029507,0.014791,9.4441
1,10,34.9606,1748,0,10,0.028747,0.014353,9.4441
1,10,34.9806,1749,0,10,0.028009,0.014219,9.4441
1,10,35.0006,1750,0,10,0.027233,0.013767,9.4442
1,10,35.0206,1751,0,10,0.026481,0.013620,9.4442
1,10,35.0406,1752,0,10,0.025691,0.013157,9.4442
1,10,35.0606,1753,0,10,0.024926,0.012997,9.4442
1,10,35.0806,1754,0,10,0.024125,0.012525,9.4442
1,10,35.1006,1755,0,10,0.023350,0.012354,9.4442
1,10,35.1206,1756,0,10,0.022539,0.011875,9.4442
1,10,35.1406,1757,0,10,0.021753,0.011694,9.4442
1,10,35.1606,1758,0,10,0.020933,0.011210,9.4442
1,10,35.1806,1759,0,10,0.020139,0.011023,9.4442
1,10,35.2006,1760,0,10,0.019309,0.010535,9.4442
1,10,35.2206,1761,0,10,0.018505,0.010345,9.4442
1,10,35.2406,1762,0,10,0.017666,0.009857,9.4442
1,10,35.2606,1763,0,10,0.016853,0.009667,9.4442
1,10,35.2806,1764,0,10,0.016008,0.009183,9.4442
1,10,35.3006,1765,0,10,0.015189,0.008996,9.4442
1,10,35.3206,1766,0,10,0.014342,0.008517,9.4442
1,10,35.3406,1767,0,10,0.013523,0.008339,9.4442
1,10,35.3606,1768,0,10,0.012682,0.007870,9.4442
1,10,35.3806,1769,0,10,0.011874,0.007708,9.4442
1,10,35.4006,1770,0,10,0.011052,0.007253,9.4442
1,10,35.4206,1771,0,10,0.010270,0.007113,9.4443
1,10,35.4406,1772,0,10,0.009490,0.006681,9.4443
1,10,35.4606,1773,0,10,0.009659,0.006576,9.4443
1,10,35.4806,1774,0,10,0.009095,0.006177,9.4443
1,10,35.5006,1775,0,10,0.009667,0.006122,9.4443
1,10,35.5206,1776,0,10,0.009093,0.005776,9.4443
1,10,35.5406,1777,0,10,0.009671,0.005793,9.4443
1,10,35.5606,1778,0,10,0.009090,0.005524,9.4443
1,10,35.5806,1779,0,10,0.009673,0.005638,9.4443
1,10,35.6006,1780,0,10,0.009087,0.005466,9.4443
1,10,35.6206,1781,10,0,0.000000,0.000000,9.4443
2,10,0.0200,1,0,10,0.000000,0.000000,9.5000
2,10,0.0400,2,0,10,0.194011,0.141316,9.4961
2,10,0.0600,3,0,10,0.358227,0.242466,9.4888
2,10,0.0800,4,0,10,0.463580,0.303648,9.4793
2,10,0.1000,5,0,10,0.503371,0.325790,9.4691
2,10,0.1200,6,0,10,0.484609,0.312348,9.4592
2,10,0.1400,7,0,10,0.420937,0.269794,9.4507
2,10,0.1600,8,0,10,0.328863,0.207095,9.4443
2,10,0.1800,9,0,10,0.228965,0.134876,9.4403
2,10,0.2000,10,0,10,0.153798,0.067270,9.4387
2,10,0.2200,11,0,10,0.149519,0.051387,9.4393
2,10,0.2400,12,0,10,0.198383,0.097927,9.4418
2,10,0.2600,13,0,10,0.247775,0.136946,9.4457
2,10,0.2800,14,0,10,0.277893,0.159435,9.4502
2,10,0.3000,15,0,10,0.284706,0.164692,9.4550
2,10,0.3200,16,0,10,0.270320,0.154922,9.4594
2,10,0.3400,17,0,10,0.240594,0.133728,9.4630
2,10,0.3600,18,0,10,0.204071,0.106749,9.4657
2,10,0.3800,19,0,10,0.171076,0.081193,9.4672
2,10,0.4000,20,0,10,0.152138,0.067865,9.4677
2,10,0.4200,21,0,10,0.151343,0.073185,9.4671
2,10,0.4400,22,0,10,0.162222,0.087573,9.4657
2,10,0.4600,23,0,10,0.174994,0.101251,9.4639
2,10,0.4800,24,0,10,0.183652,0.110351,9.4617
2,10,0.5000,25,0,10,0.186428,0.114094,9.4595
2,10,0.5200,26,0,10,0.184614,0.113543,9.4576
2,10,0.5400,27,0,10,0.180870,0.110652,9.4560
2,10,0.5600,28,0,10,0.178421,0.107595,9.4549
2,10,0.5800,29,0,10,0.179545,0.106112,9.4544
2,10,0.6000,30,0,10,0.185225,0.106917,9.4543
2,10,0.6200,31,0,10,0.194398,0.109593,9.4547
2,10,0.6400,32,0,10,0.205241,0.113028,9.4554
2,10,0.6600,33,0,10,0.216212,0.116102,9.4563
2,10,0.6800,34,0,10,0.226458,0.118135,9.4572
2,10,0.7000,35,0,10,0.235804,0.118977,9.4582
2,10,0.7200,36,0,10,0.244527,0.118877,9.4590
2,10,0.7400,37,0,10,0.253062,0.118320,9.4596
2,10,0.7600,38,0,10,0.261758,0.117807,9.4600
2,10,0.7800,39,0,10,0.270730,0.117718,9.4602
2,10,0.8000,40,0,10,0.279860,0.118196,9.4601
2,10,0.8200,41,0,10,0.288871,0.119146,9.4598
2,10,0.8400,42,0,10,0.297452,0.120324,9.4594
2,10,0.8600,43,0,10,0.305352,0.121498,9.4589
2,10,0.8800,44,0,10,0.312426,0.122534,9.4584
2,10,0.9000,45,0,10,0.318637,0.123424,9.4579
2,10,0.9200,46,0,10,0.324020,0.124253,9.4574
2,10,0.9400,47,0,10,0.328636,0.125154,9.4571
2,10,0.9600,48,0,10,0.332541,0.126250,9.4568
2,10,0.9800,49,0,10,0.335772,0.127615,9.4566
2,10,1.0000,50,0,10,0.339256,0.129253,9.4565
2,10,1.0200,51,0,10,0.333053,0.131410,9.4563
2,10,1.0400,52,0,10,0.331843,0.134394,9.4560
2,10,1.0600,53,0,10,0.336854,0.135632,9.4557
2,10,1.0800,54,0,10,0.341037,0.137071,9.4556
2,10,1.1000,55,0,10,0.342904,0.138837,9.4555
2,10,1.1200,56,0,10,0.342925,0.140583,9.4554
2,10,1.1400,57,0,10,0.340788,0.142708,9.4552
2,10,1.1600,58,0,10,0.337324,0.144261,9.4550
2,10,1.1800,59,0,10,0.334500,0.145578,9.4546
2,10,1.2000,60,0,10,0.333505,0.146136,9.4541
2,10,1.2200,61,0,10,0.333964,0.146813,9.4536
2,10,1.2400,62,0,10,0.335559,0.147296,9.4530
2,10,1.2600,63,0,10,0.337876,0.147564,9.4525
2,10,1.2800,64,0,10,0.340360,0.147779,9.4520
2,10,1.3000,65,0,10,0.342670,0.148097,9.4516
2,10,1.3200,66,0,10,0.344644,0.148565,9.4513
2,10,1.3400,67,0,10,0.346219,0.149113,9.4510
2,10,1.3600,68,0,10,0.347352,0.149629,9.4509
2,10,1.3800,69,0,10,0.347992,0.150022,9.4508
2,10,1.4000,70,0,10,0.348082,0.150236,9.4507
2,10,1.4200,71,0,10,0.347362,0.153404,9.4507
2,10,1.4400,72,0,10,0.346564,0.152391,9.4506
2,10,1.4600,73,0,10,0.344540,0.152327,9.4504
2,10,1.4800,74,0,10,0.338807,0.153761,9.4501
2,10,1.5000,75,0,10,0.332251,0.153242,9.4495
2,10,1.5200,76,0,10,0.327419,0.151394,9.4488
2,10,1.5400,77,0,10,0.325305,0.149177,9.4480
2,10,1.5600,78,0,10,0.325862,0.147089,9.4472
2,10,1.5800,79,0,10,0.328379,0.145380,9.4466
2,10,1.6000,80,0,10,0.329264,0.144020,9.4460
2,10,1.6200,81,0,10,0.332350,0.142790,9.4456
2,10,1.6400,82,0,10,0.334633,0.141542,9.4454
2,10,1.6600,83,0,10,0.335547,0.140280,9.4452
2,10,1.6800,84,0,10,0.335047,0.138986,9.4451
2,10,1.7000,85,0,10,0.333265,0.137634,9.4451
2,10,1.7200,86,0,10,0.330369,0.136204,9.4452
2,10,1.7400,87,0,10,0.326542,0.134692,9.4452
2,10,1.7600,88,0,10,0.321996,0.133116,9.4453
2,10,1.7800,89,0,10,0.316947,0.131543,9.4453
2,10,1.8000,90,0,10,0.311584,0.130043,9.4452
2,10,1.8200,91,0,10,0.306061,0.128677,9.4451
2,10,1.8400,92,0,10,0.300322,0.127609,9.4450
2,10,1.8600,93,0,10,0.294490,0.126688,9.4447
2,10,1.8800,94,0,10,0.288580,0.125828,9.4445
2,10,1.9000,95,0,10,0.282655,0.124855,9.4441
2,10,1.9200,96,0,10,0.276700,0.127310,9.4437
2,10,1.9400,97,0,10,0.270146,0.127479,9.4432
2,10,1.9600,98,0,10,0.264087,0.127404,9.4425
2,10,1.9800,99,0,10,0.258317,0.127390,9.4416
2,10,2.0000,100,0,10,0.252445,0.127013,9.4406
2,10,2.0200,101,0,10,0.246628,0.126079,9.4397
2,10,2.0400,102,0,10,0.241368,0.124619,9.4389
2,10,2.0600,103,0,10,0.237092,0.122834,9.4383
2,10,2.0800,104,0,10,0.234039,0.120883,9.4377
2,10,2.1000,105,0,10,0.232273,0.118888,9.4374
2,10,2.1200,106,0,10,0.231699,0.116891,9.4371
2,10,2.1400,107,0,10,0.232116,0.114869,9.4370
2,10,2.1600,108,0,10,0.233323,0.112652,9.4370
2,10,2.1800,109,0,10,0.235004,0.110867,9.4371
2,10,2.2000,110,0,10,0.236866,0.108669,9.4372
2,10,2.2200,111,0,10,0.238728,0.106009,9.4374
2,10,2.2400,112,0,10,0.240632,0.104282,9.4376
2,10,2.2600,113,0,10,0.242256,0.101172,9.4378
2,10,2.2800,114,0,10,0.243517,0.098916,9.4379
2,10,2.3000,115,0,10,0.244276,0.096187,9.4380
2,10,2.3200,116,0,10,0.244448,0.093884,9.4380
2,10,2.3400,117,0,10,0.244283,0.092098,9.4379
2,10,2.3600,118,0,10,0.243728,0.090381,9.4379
2,10,2.3800,119,0,10,0.236151,0.088985,9.4377
2,10,2.4000,120,0,10,0.253258,0.087922,9.4375
2,10,2.4200,121,0,10,0.255829,0.086878,9.4372
2,10,2.4400,122,0,10,0.251610,0.086008,9.4369
2,10,2.4600,123,0,10,0.245347,0.085027,9.4367
2,10,2.4800,124,0,10,0.238941,0.084042,9.4365
2,10,2.5000,125,0,10,0.232717,0.084802,9.4364
2,10,2.5200,126,0,10,0.225599,0.083709,9.4363
2,10,2.5400,127,0,10,0.218698,0.083151,9.4362
2,10,2.5600,128,0,10,0.212336,0.083259,9.4361
2,10,2.5800,129,0,10,0.207091,0.083396,9.4361
2,10,2.6000,130,0,10,0.202373,0.083229,9.4361
2,10,2.6200,131,0,10,0.197754,0.083095,9.4361
2,10,2.6400,132,0,10,0.193174,0.083163,9.4361
2,10,2.6600,133,0,10,0.188776,0.083343,9.4362
2,10,2.6800,134,0,10,0.184732,0.083444,9.4363
2,10,2.7000,135,0,10,0.181176,0.083945,9.4363
2,10,2.7200,136,0,10,0.178123,0.084222,9.4364
2,10,2.7400,137,0,10,0.175408,0.084291,9.4364
2,10,2.7600,138,0,10,0.172641,0.084112,9.4365
2,10,2.7800,139,0,10,0.169547,0.083802,9.4365
2,10,2.8000,140,0,10,0.166198,0.083306,9.4364
2,10,2.8200,141,0,10,0.162945,0.082880,9.4364
2,10,2.8400,142,0,10,0.160083,0.082347,9.4363
2,10,2.8600,143,0,10,0.157846,0.081907,9.4363
2,10,2.8800,144,0,10,0.156460,0.081369,9.4362
2,10,2.9000,145,0,10,0.156051,0.080892,9.4361
2,10,2.9200,146,0,10,0.156585,0.080308,9.4360
2,10,2.9400,147,0,10,0.157832,0.079745,9.4359
2,10,2.9600,148,0,10,0.159594,0.079068,9.4359
2,10,2.9800,149,0,10,0.161687,0.078627,9.4359
2,10,3.0000,150,0,10,0.163955,0.077824,9.4359
2,10,3.0200,151,0,10,0.165904,0.078031,9.4359
2,10,3.0400,152,0,10,0.167838,0.076998,9.4359
2,10,3.0600,153,0,10,0.169296,0.076436,9.4359
2,10,3.0800,154,0,10,0.169760,0.077261,9.4360
2,10,3.1000,155,0,10,0.170708,0.076200,9.4361
2,10,3.1200,156,0,10,0.171760,0.076316,9.4362
2,10,3.1400,157,0,10,0.172693,0.077360,9.4363
2,10,3.1600,158,0,10,0.174209,0.076771,9.4364
2,10,3.1800,159,0,10,0.174962,0.077648,9.4365
2,10,3.2000,160,0,10,0.175428,0.077477,9.4366
2,10,3.2200,161,0,10,0.175720,0.078817,9.4368
2,10,3.2400,162,0,10,0.176467,0.078552,9.4369
2,10,3.2600,163,0,10,0.177126,0.079480,9.4370
2,10,3.2800,164,0,10,0.177450,0.079587,9.4371
2,10,3.3000,165,0,10,0.177914,0.080864,9.4373
2,10,3.3200,166,0,10,0.178938,0.080719,9.4374
2,10,3.3400,167,0,10,0.180118,0.081813,9.4375
2,10,3.3600,168,0,10,0.181036,0.081915,9.4377
2,10,3.3800,169,0,10,0.182229,0.083173,9.4378
2,10,3.4000,170,0,10,0.184023,0.083122,9.4379
2,10,3.4200,171,0,10,0.185893,0.084391,9.4380
2,10,3.4400,172,0,10,0.187751,0.084493,9.4382
2,10,3.4600,173,0,10,0.189878,0.085817,9.4383
2,10,3.4800,174,0,10,0.192589,0.085728,9.4384
2,10,3.5000,175,0,10,0.195199,0.087051,9.4385
2,10,3.5200,176,0,10,0.198052,0.087180,9.4386
2,10,3.5400,177,0,10,0.200774,0.088227,9.4388
2,10,3.5600,178,0,10,0.204953,0.088347,9.4389
2,10,3.5800,179,0,10,0.206846,0.089630,9.4390
2,10,3.6000,180,0,10,0.210039,0.090040,9.4391
2,10,3.6200,181,0,10,0.212800,0.090568,9.4393
2,10,3.6400,182,0,10,0.215491,0.091486,9.4394
2,10,3.6600,183,0,10,0.216951,0.092108,9.4396
2,10,3.6800,184,0,10,0.219832,0.093092,9.4398
2,10,3.7000,185,0,10,0.221452,0.093987,9.4400
2,10,3.7200,186,0,10,0.222714,0.095029,9.4402
2,10,3.7400,187,0,10,0.224073,0.095964,9.4403
2,10,3.7600,188,0,10,0.225397,0.096949,9.4405
2,10,3.7800,189,0,10,0.226636,0.098109,9.4407
2,10,3.8000,190,0,10,0.227663,0.099009,9.4409
2,10,3.8200,191,0,10,0.228781,0.100313,9.4411
2,10,3.8400,192,0,10,0.229759,0.101022,9.4413
2,10,3.8600,193,0,10,0.230898,0.102361,9.4415
2,10,3.8800,194,0,10,0.231959,0.102875,9.4417
2,10,3.9000,195,0,10,0.233238,0.104168,9.4418
2,10,3.9200,196,0,10,0.234508,0.104516,9.4420
2,10,3.9400,197,0,10,0.236002,0.105684,9.4422
2,10,3.9600,198,0,10,0.237539,0.105899,9.4423
2,10,3.9800,199,0,10,0.239253,0.106883,9.4425
2,10,4.0000,200,0,10,0.241032,0.106952,9.4426
2,10,4.0200,201,0,10,0.242977,0.107744,9.4428
2,10,4.0400,202,0,10,0.244807,0.107899,9.4429
2,10,4.0600,203,0,10,0.246975,0.108284,9.4431
2,10,4.0800,204,0,10,0.249261,0.108383,9.4432
2,10,4.1000,205,0,10,0.251551,0.108676,9.4434
2,10,4.1200,206,0,10,0.253851,0.108818,9.4435
2,10,4.1400,207,0,10,0.256052,0.108951,9.4437
2,10,4.1600,208,0,10,0.257961,0.109053,9.4438
2,10,4.1800,209,0,10,0.259559,0.109229,9.4440
2,10,4.2000,210,0,10,0.261116,0.109226,9.4441
2,10,4.2200,211,0,10,0.262676,0.109256,9.4442
2,10,4.2400,212,0,10,0.264117,0.109267,9.4444
2,10,4.2600,213,0,10,0.265400,0.109287,9.4445
2,10,4.2800,214,0,10,0.266505,0.109310,9.4446
2,10,4.3000,215,0,10,0.267405,0.109355,9.4447
2,10,4.3200,216,0,10,0.268100,0.109447,9.4448
2,10,4.3400,217,0,10,0.268565,0.109485,9.4449
2,10,4.3600,218,0,10,0.268797,0.109558,9.4451
2,10,4.3800,219,0,10,0.268803,0.109678,9.4452
2,10,4.4000,220,0,10,0.268592,0.109853,9.4453
2,10,4.4200,221,0,10,0.268057,0.110404,9.4454
2,10,4.4400,222,0,10,0.276695,0.110713,9.4455
2,10,4.4600,223,0,10,0.275230,0.111040,9.4457
2,10,4.4800,224,0,10,0.271348,0.111231,9.4459
2,10,4.5000,225,0,10,0.266897,0.111235,9.4461
2,10,4.5200,226,0,10,0.270836,0.110983,9.4462
2,10,4.5400,227,0,10,0.271549,0.110483,9.4464
2,10,4.5600,228,0,10,0.268453,0.109844,9.4465
2,10,4.5800,229,0,10,0.263786,0.109180,9.4467
2,10,4.6000,230,0,10,0.258929,0.108477,9.4469
2,10,4.6200,231,0,10,0.254474,0.107731,9.4471
2,10,4.6400,232,0,10,0.250612,0.106909,9.4472
2,10,4.6600,233,0,10,0.247364,0.106028,9.4473
2,10,4.6800,234,0,10,0.244669,0.105154,9.4474
2,10,4.7000,235,0,10,0.242306,0.104277,9.4475
2,10,4.7200,236,0,10,0.239962,0.103396,9.4476
2,10,4.7400,237,0,10,0.237451,0.102529,9.4476
2,10,4.7600,238,0,10,0.234727,0.101684,9.4477
2,10,4.7800,239,0,10,0.231836,0.100843,9.4478
2,10,4.8000,240,0,10,0.228815,0.099973,9.4479
2,10,4.8200,241,0,10,0.225694,0.099045,9.4480
2,10,4.8400,242,0,10,0.222485,0.098043,9.4481
2,10,4.8600,243,0,10,0.219205,0.096963,9.4482
2,10,4.8800,244,0,10,0.215874,0.095806,9.4483
2,10,4.9000,245,0,10,0.212511,0.094578,9.4484
2,10,4.9200,246,0,10,0.209130,0.093284,9.4485
2,10,4.9400,247,0,10,0.205735,0.091929,9.4486
2,10,4.9600,248,0,10,0.202323,0.090515,9.4487
2,10,4.9800,249,0,10,0.198896,0.089044,9.4488
2,10,5.0000,250,0,10,0.195424,0.087519,9.4489
2,10,5.0200,251,0,10,0.191931,0.085945,9.4490
2,10,5.0400,252,0,10,0.188436,0.084333,9.4490
2,10,5.0600,253,0,10,0.184932,0.082691,9.4491
2,10,5.0800,254,0,10,0.181414,0.081029,9.4492
2,10,5.1000,255,0,10,0.177883,0.079349,9.4492
2,10,5.1200,256,0,10,0.174217,0.077628,9.4493
2,10,5.1400,257,0,10,0.170427,0.075909,9.4493
2,10,5.1600,258,0,10,0.166616,0.074231,9.4494
2,10,5.1800,259,0,10,0.162881,0.072585,9.4494
2,10,5.2000,260,0,10,0.159234,0.070954,9.4494
2,10,5.2200,261,0,10,0.155643,0.069328,9.4495
2,10,5.2400,262,0,10,0.152062,0.067704,9.4495
2,10,5.2600,263,0,10,0.148459,0.066083,9.4495
2,10,5.2800,264,0,10,0.144028,0.064514,9.4496
2,10,5.3000,265,0,10,0.140118,0.062904,9.4496
2,10,5.3200,266,0,10,0.136612,0.061297,9.4497
2,10,5.3400,267,0,10,0.133144,0.059708,9.4497
2,10,5.3600,268,0,10,0.129730,0.058132,9.4497
2,10,5.3800,269,0,10,0.132264,0.056604,9.4497
2,10,5.4000,270,0,10,0.130067,0.055051,9.4498
2,10,5.4200,271,0,10,0.125678,0.053551,9.4498
2,10,5.4400,272,0,10,0.121087,0.052165,9.4499
2,10,5.4600,273,0,10,0.117028,0.050937,9.4499
2,10,5.4800,274,0,10,0.113523,0.049741,9.4499
2,10,5.5000,275,0,10,0.110302,0.048374,9.4500
2,10,5.5200,276,0,10,0.107430,0.047057,9.4500
2,10,5.5400,277,0,10,0.104919,0.045823,9.4500
2,10,5.5600,278,0,10,0.102710,0.044828,9.4500
2,10,5.5800,279,0,10,0.100809,0.044098,9.4500
2,10,5.6000,280,0,10,0.099190,0.043267,9.4501
2,10,5.6200,281,0,10,0.097967,0.042770,9.4501
2,10,5.6400,282,0,10,0.097090,0.042234,9.4501
2,10,5.6600,283,0,10,0.096599,0.042093,9.4500
2,10,5.6800,284,0,10,0.096346,0.042000,9.4500
2,10,5.7000,285,0,10,0.096422,0.042050,9.4500
2,10,5.7200,286,0,10,0.096754,0.042197,9.4500
2,10,5.7400,287,0,10,0.097267,0.042434,9.4500
2,10,5.7600,288,0,10,0.097976,0.042771,9.4500
2,10,5.7800,289,0,10,0.098962,0.043216,9.4500
2,10,5.8000,290,0,10,0.100312,0.043779,9.4500
2,10,5.8200,291,0,10,0.102076,0.044464,9.4500
2,10,5.8400,292,0,10,0.104235,0.045268,9.4500
2,10,5.8600,293,0,10,0.106728,0.046187,9.4500
2,10,5.8800,294,0,10,0.109461,0.047212,9.4500
2,10,5.9000,295,0,10,0.112348,0.048330,9.4500
2,10,5.9200,296,0,10,0.115321,0.049525,9.4499
2,10,5.9400,297,0,10,0.118326,0.050819,9.4499
2,10,5.9600,298,0,10,0.121374,0.052188,9.4499
2,10,5.9800,299,0,10,0.124385,0.053606,9.4499
2,10,6.0000,300,0,10,0.127369,0.055082,9.4499
2,10,6.0200,301,0,10,0.130406,0.056606,9.4498
2,10,6.0400,302,0,10,0.133562,0.058185,9.4498
2,10,6.0600,303,0,10,0.136828,0.059788,9.4498
2,10,6.0800,304,0,10,0.140165,0.061409,9.4497
2,10,6.1000,305,0,10,0.143527,0.063035,9.4497
2,10,6.1200,306,0,10,0.146890,0.064641,9.4497
2,10,6.1400,307,0,10,0.150270,0.066256,9.4496
2,10,6.1600,308,0,10,0.153689,0.067858,9.4496
2,10,6.1800,309,0,10,0.157154,0.069441,9.4495
2,10,6.2000,310,0,10,0.160657,0.071003,9.4495
2,10,6.2200,311,0,10,0.164186,0.072537,9.4494
2,10,6.2400,312,0,10,0.167728,0.074039,9.4494
2,10,6.2600,313,0,10,0.171273,0.075507,9.4493
2,10,6.2800,314,0,10,0.174814,0.076940,9.4493
2,10,6.3000,315,0,10,0.178346,0.078335,9.4492
2,10,6.3200,316,0,10,0.181855,0.079692,9.4491
2,10,6.3400,317,0,10,0.185330,0.081014,9.4491
2,10,6.3600,318,0,10,0.188759,0.082298,9.4490
2,10,6.3800,319,0,10,0.192130,0.083548,9.4489
2,10,6.4000,320,0,10,0.195432,0.084762,9.4489
2,10,6.4200,321,0,10,0.198655,0.085943,9.4488
2,10,6.4400,322,0,10,0.201786,0.087092,9.4487
2,10,6.4600,323,0,10,0.204815,0.088208,9.4486
2,10,6.4800,324,0,10,0.207732,0.089293,9.4485
2,10,6.5000,325,0,10,0.210530,0.090347,9.4484
2,10,6.5200,326,0,10,0.213196,0.091369,9.4483
2,10,6.5400,327,0,10,0.215726,0.092361,9.4482
2,10,6.5600,328,0,10,0.218114,0.093320,9.4481
2,10,6.5800,329,0,10,0.220357,0.094247,9.4480
2,10,6.6000,330,0,10,0.222447,0.095138,9.4479
2,10,6.6200,331,0,10,0.224390,0.095991,9.4478
2,10,6.6400,332,0,10,0.226181,0.096807,9.4477
2,10,6.6600,333,0,10,0.227829,0.097581,9.4476
2,10,6.6800,334,0,10,0.229335,0.098313,9.4475
2,10,6.7000,335,0,10,0.230695,0.099001,9.4474
2,10,6.7200,336,0,10,0.231914,0.099641,9.4472
2,10,6.7400,337,0,10,0.232991,0.100233,9.4471
2,10,6.7600,338,0,10,0.233933,0.100774,9.4470
2,10,6.7800,339,0,10,0.234742,0.101261,9.4468
2,10,6.8000,340,0,10,0.235423,0.101694,9.4467
2,10,6.8200,341,0,10,0.235982,0.102070,9.4465
2,10,6.8400,342,0,10,0.236425,0.102389,9.4464
2,10,6.8600,343,0,10,0.236753,0.102648,9.4463
2,10,6.8800,344,0,10,0.236971,0.102829,9.4461
2,10,6.9000,345,0,10,0.237079,0.102923,9.4459
2,10,6.9200,346,0,10,0.231677,0.102946,9.4458
2,10,6.9400,347,0,10,0.225327,0.103253,9.4456
2,10,6.9600,348,0,10,0.223093,0.103520,9.4455
2,10,6.9800,349,0,10,0.223397,0.103647,9.4455
2,10,7.0000,350,0,10,0.224419,0.103733,9.4455
2,10,7.0200,351,0,10,0.225492,0.103666,9.4454
2,10,7.0400,352,0,10,0.226390,0.103568,9.4453
2,10,7.0600,353,0,10,0.226871,0.103594,9.4452
2,10,7.0800,354,0,10,0.226777,0.103647,9.4451
2,10,7.1000,355,0,10,0.225968,0.103521,9.4450
2,10,7.1200,356,0,10,0.224516,0.103113,9.4449
2,10,7.1400,357,0,10,0.222554,0.102328,9.4447
2,10,7.1600,358,0,10,0.223371,0.103257,9.4444
2,10,7.1800,359,0,10,0.225494,0.100942,9.4439
2,10,7.2000,360,0,10,0.228433,0.098532,9.4434
2,10,7.2200,361,0,10,0.233881,0.095724,9.4429
2,10,7.2400,362,0,10,0.237699,0.093399,9.4423
2,10,7.2600,363,0,10,0.238984,0.092737,9.4417
2,10,7.2800,364,0,10,0.238641,0.093476,9.4412
2,10,7.3000,365,0,10,0.237331,0.093937,9.4408
2,10,7.3200,366,0,10,0.235617,0.094196,9.4404
2,10,7.3400,367,0,10,0.233886,0.093842,9.4402
2,10,7.3600,368,0,10,0.232002,0.092796,9.4401
2,10,7.3800,369,0,10,0.229718,0.091231,9.4401
2,10,7.4000,370,0,10,0.226872,0.089484,9.4401
2,10,7.4200,371,0,10,0.223279,0.086790,9.4402
2,10,7.4400,372,0,10,0.218746,0.084422,9.4404
2,10,7.4600,373,0,10,0.213395,0.082068,9.4405
2,10,7.4800,374,0,10,0.207514,0.080222,9.4407
2,10,7.5000,375,0,10,0.201049,0.078902,9.4408
2,10,7.5200,376,0,10,0.193839,0.078143,9.4409
2,10,7.5400,377,0,10,0.186013,0.077589,9.4409
2,10,7.5600,378,0,10,0.178038,0.077047,9.4409
2,10,7.5800,379,0,10,0.170329,0.077610,9.4408
2,10,7.6000,380,0,10,0.163521,0.077201,9.4407
2,10,7.6200,381,0,10,0.157779,0.077356,9.4405
2,10,7.6400,382,0,10,0.152388,0.076846,9.4402
2,10,7.6600,383,0,10,0.147183,0.077015,9.4400
2,10,7.6800,384,0,10,0.142055,0.076124,9.4396
2,10,7.7000,385,0,10,0.136782,0.075077,9.4393
2,10,7.7200,386,0,10,0.132380,0.074202,9.4390
2,10,7.7400,387,0,10,0.128889,0.072371,9.4387
2,10,7.7600,388,0,10,0.125654,0.070596,9.4384
2,10,7.7800,389,0,10,0.123038,0.068199,9.4381
2,10,7.8000,390,0,10,0.120768,0.066604,9.4379
2,10,7.8200,391,0,10,0.119391,0.063814,9.4377
2,10,7.8400,392,0,10,0.118224,0.061451,9.4376
2,10,7.8600,393,0,10,0.117338,0.058161,9.4375
2,10,7.8800,394,0,10,0.116501,0.055868,9.4374
2,10,7.9000,395,0,10,0.115845,0.053110,9.4374
2,10,7.9200,396,0,10,0.115232,0.050883,9.4373
2,10,7.9400,397,0,10,0.114924,0.048415,9.4373
2,10,7.9600,398,0,10,0.114924,0.046491,9.4373
2,10,7.9800,399,0,10,0.114582,0.044405,9.4374
2,10,8.0000,400,0,10,0.113733,0.043083,9.4374
2,10,8.0200,401,0,10,0.112881,0.041760,9.4374
2,10,8.0400,402,0,10,0.113712,0.040265,9.4374
2,10,8.0600,403,0,10,0.112205,0.038938,9.4374
2,10,8.0800,404,0,10,0.109150,0.038430,9.4374
2,10,8.1000,405,0,10,0.106097,0.036750,9.4374
2,10,8.1200,406,0,10,0.102462,0.035674,9.4374
2,10,8.1400,407,0,10,0.098003,0.035127,9.4373
2,10,8.1600,408,0,10,0.093872,0.033391,9.4373
2,10,8.1800,409,0,10,0.089478,0.033221,9.4373
2,10,8.2000,410,0,10,0.084960,0.032462,9.4373
2,10,8.2200,411,0,10,0.080798,0.031325,9.4373
2,10,8.2400,412,0,10,0.076391,0.030924,9.4373
2,10,8.2600,413,0,10,0.072158,0.030898,9.4373
2,10,8.2800,414,0,10,0.067960,0.031029,9.4373
2,10,8.3000,415,0,10,0.063113,0.031011,9.4373
2,10,8.3200,416,0,10,0.060202,0.030997,9.4373
2,10,8.3400,417,0,10,0.057008,0.031850,9.4373
2,10,8.3600,418,0,10,0.054737,0.032306,9.4374
2,10,8.3800,419,0,10,0.054621,0.033465,9.4374
2,10,8.4000,420,0,10,0.054942,0.033365,9.4374
2,10,8.4200,421,0,10,0.056355,0.034967,9.4374
2,10,8.4400,422,0,10,0.058118,0.035270,9.4374
2,10,8.4600,423,0,10,0.060325,0.036007,9.4374
2,10,8.4800,424,0,10,0.062959,0.037106,9.4375
2,10,8.5000,425,0,10,0.065727,0.037286,9.4375
2,10,8.5200,426,0,10,0.068925,0.038854,9.4375
2,10,8.5400,427,0,10,0.072494,0.038666,9.4375
2,10,8.5600,428,0,10,0.076773,0.040236,9.4375
2,10,8.5800,429,0,10,0.079835,0.040120,9.4375
2,10,8.6000,430,0,10,0.084473,0.041605,9.4376
2,10,8.6200,431,0,10,0.088502,0.041980,9.4376
2,10,8.6400,432,0,10,0.092777,0.043555,9.4377
2,10,8.6600,433,0,10,0.095691,0.044288,9.4378
2,10,8.6800,434,0,10,0.100483,0.046277,9.4378
2,10,8.7000,435,0,10,0.102467,0.047032,9.4379
2,10,8.7200,436,0,10,0.104395,0.048743,9.4381
2,10,8.7400,437,0,10,0.108110,0.049512,9.4382
2,10,8.7600,438,0,10,0.110276,0.051404,9.4383
2,10,8.7800,439,0,10,0.114140,0.052544,9.4384
2,10,8.8000,440,0,10,0.116184,0.054420,9.4386
2,10,8.8200,441,0,10,0.120146,0.055701,9.4387
2,10,8.8400,442,0,10,0.122107,0.057144,9.4388
2,10,8.8600,443,0,10,0.125699,0.058503,9.4390
2,10,8.8800,444,0,10,0.127696,0.059880,9.4391
2,10,8.9000,445,0,10,0.131673,0.061153,9.4392
2,10,8.9200,446,0,10,0.133959,0.062427,9.4394
2,10,8.9400,447,0,10,0.137859,0.063619,9.4395
2,10,8.9600,448,0,10,0.140309,0.064695,9.4396
2,10,8.9800,449,0,10,0.144693,0.065863,9.4397
2,10,9.0000,450,0,10,0.148463,0.067012,9.4398
2,10,9.0200,451,0,10,0.152022,0.068095,9.4400
2,10,9.0400,452,0,10,0.154866,0.069003,9.4401
2,10,9.0600,453,0,10,0.158788,0.069960,9.4402
2,10,9.0800,454,0,10,0.162257,0.070884,9.4403
2,10,9.1000,455,0,10,0.165784,0.071817,9.4404
2,10,9.1200,456,0,10,0.169156,0.072719,9.4406
2,10,9.1400,457,0,10,0.172493,0.073606,9.4407
2,10,9.1600,458,0,10,0.175728,0.074473,9.4408
2,10,9.1800,459,0,10,0.178849,0.075339,9.4409
2,10,9.2000,460,0,10,0.181838,0.076196,9.4411
2,10,9.2200,461,0,10,0.184675,0.077059,9.4412
2,10,9.2400,462,0,10,0.187348,0.077917,9.4414
2,10,9.2600,463,0,10,0.189845,0.078777,9.4415
2,10,9.2800,464,0,10,0.192153,0.079636,9.4416
2,10,9.3000,465,0,10,0.194260,0.080493,9.4418
2,10,9.3200,466,0,10,0.196164,0.081346,9.4419
2,10,9.3400,467,0,10,0.197874,0.082193,9.4420
2,10,9.3600,468,0,10,0.199380,0.083037,9.4422
2,10,9.3800,469,0,10,0.200796,0.083776,9.4423
2,10,9.4000,470,0,10,0.201822,0.084692,9.4424
2,10,9.4200,471,0,10,0.202499,0.085519,9.4426
2,10,9.4400,472,0,10,0.203203,0.086239,9.4427
2,10,9.4600,473,0,10,0.204059,0.086901,9.4428
2,10,9.4800,474,0,10,0.204971,0.087500,9.4429
2,10,9.5000,475,0,10,0.205874,0.088310,9.4431
2,10,9.5200,476,0,10,0.206566,0.089006,9.4432
2,10,9.5400,477,0,10,0.207120,0.089581,9.4433
2,10,9.5600,478,0,10,0.207530,0.090109,9.4435
2,10,9.5800,479,0,10,0.207751,0.090615,9.4437
2,10,9.6000,480,0,10,0.207756,0.091053,9.4438
2,10,9.6200,481,0,10,0.207572,0.091144,9.4440
2,10,9.6400,482,0,10,0.207259,0.091251,9.4442
2,10,9.6600,483,0,10,0.206856,0.091344,9.4444
2,10,9.6800,484,0,10,0.206424,0.091376,9.4446
2,10,9.7000,485,0,10,0.206067,0.091326,9.4448
2,10,9.7200,486,0,10,0.205886,0.091198,9.4449
2,10,9.7400,487,0,10,0.205905,0.090990,9.4451
2,10,9.7600,488,0,10,0.196928,0.090720,9.4453
2,10,9.7800,489,0,10,0.183764,0.090617,9.4453
2,10,9.8000,490,0,10,0.188343,0.090625,9.4454
2,10,9.8200,491,0,10,0.181575,0.090905,9.4455
2,10,9.8400,492,0,10,0.170425,0.091669,9.4456
2,10,9.8600,493,0,10,0.162022,0.092016,9.4457
2,10,9.8800,494,0,10,0.166434,0.092238,9.4458
2,10,9.9000,495,0,10,0.170408,0.092944,9.4459
2,10,9.9200,496,0,10,0.172600,0.093681,9.4460
2,10,9.9400,497,0,10,0.174393,0.093966,9.4461
2,10,9.9600,498,0,10,0.175150,0.093609,9.4462
2,10,9.9800,499,0,10,0.174767,0.092308,9.4463
2,10,10.0000,500,0,10,0.173523,0.090180,9.4464
2,10,10.0200,501,0,10,0.171651,0.087461,9.4465
2,10,10.0400,502,0,10,0.169260,0.084400,9.4467
2,10,10.0600,503,0,10,0.166612,0.081384,9.4468
2,10,10.0800,504,0,10,0.164186,0.078270,9.4470
2,10,10.1000,505,0,10,0.162435,0.075322,9.4471
2,10,10.1200,506,0,10,0.161703,0.072614,9.4472
2,10,10.1400,507,0,10,0.162038,0.070210,9.4474
2,10,10.1600,508,0,10,0.163140,0.067986,9.4475
2,10,10.1800,509,0,10,0.164516,0.065887,9.4476
2,10,10.2000,510,0,10,0.165636,0.063877,9.4477
2,10,10.2200,511,0,10,0.166080,0.061958,9.4477
2,10,10.2400,512,0,10,0.165596,0.060124,9.4477
2,10,10.2600,513,0,10,0.164061,0.058355,9.4478
2,10,10.2800,514,0,10,0.161436,0.056635,9.4478
2,10,10.3001,515,0,10,0.157766,0.055011,9.4478
2,10,10.3201,516,0,10,0.153122,0.053358,9.4478
2,10,10.3401,517,0,10,0.147624,0.051887,9.4478
2,10,10.3601,518,0,10,0.141344,0.050425,9.4478
2,10,10.3801,519,0,10,0.134628,0.048995,9.4479
2,10,10.4001,520,0,10,0.127670,0.047604,9.4479
2,10,10.4201,521,0,10,0.120593,0.046273,9.4479
2,10,10.4401,522,0,10,0.113497,0.045037,9.4479
2,10,10.4601,523,0,10,0.106469,0.043903,9.4480
2,10,10.4801,524,0,10,0.099541,0.042813,9.4480
2,10,10.5001,525,0,10,0.092719,0.041721,9.4481
2,10,10.5201,526,0,10,0.086018,0.040588,9.4481
2,10,10.5401,527,0,10,0.079441,0.039380,9.4482
2,10,10.5601,528,0,10,0.072425,0.038062,9.4482
2,10,10.5801,529,0,10,0.066208,0.036618,9.4483
2,10,10.6001,530,0,10,0.060379,0.035010,9.4483
2,10,10.6201,531,0,10,0.054844,0.033250,9.4484
2,10,10.6401,532,0,10,0.049539,0.031355,9.4484
2,10,10.6601,533,0,10,0.044465,0.029344,9.4485
2,10,10.6801,534,0,10,0.039649,0.027226,9.4485
2,10,10.7001,535,0,10,0.035116,0.025010,9.4486
2,10,10.7201,536,0,10,0.030999,0.022705,9.4486
2,10,10.7401,537,0,10,0.027444,0.020323,9.4486
2,10,10.7601,538,0,10,0.023899,0.017881,9.4486
2,10,10.7801,539,0,10,0.020302,0.015401,9.4486
2,10,10.8001,540,0,10,0.016670,0.012910,9.4486
2,10,10.8201,541,0,10,0.013225,0.010450,9.4486
2,10,10.8401,542,0,10,0.011449,0.008087,9.4486
2,10,10.8601,543,0,10,0.011379,0.005965,9.4486
2,10,10.8801,544,0,10,0.011324,0.004487,9.4486
2,10,10.9001,545,0,10,0.011286,0.004602,9.4486
2,10,10.9201,546,0,10,0.011264,0.006421,9.4486
2,10,10.9401,547,0,10,0.011254,0.008607,9.4486
2,10,10.9601,548,0,10,0.013625,0.010853,9.4486
2,10,10.9801,549,0,10,0.016499,0.013132,9.4486
2,10,11.0001,550,0,10,0.019816,0.015303,9.4485
2,10,11.0201,551,0,10,0.023691,0.017438,9.4485
2,10,11.0401,552,0,10,0.028279,0.019488,9.4485
2,10,11.0601,553,10,0,0.000000,0.000000,9.4485
3,10,0.0200,1,0,10,0.000000,0.000000,9.5000
3,10,0.0400,2,0,10,0.195214,0.141333,9.4961
3,10,0.0600,3,0,10,0.364130,0.242469,9.4887
3,10,0.0800,4,0,10,0.473525,0.303645,9.4790
3,10,0.1000,5,0,10,0.515036,0.325811,9.4685
3,10,0.1200,6,0,10,0.495958,0.312410,9.4584
3,10,0.1400,7,0,10,0.430646,0.269884,9.4497
3,10,0.1600,8,0,10,0.336007,0.207141,9.4431
3,10,0.1800,9,0,10,0.232814,0.134669,9.4390
3,10,0.2000,10,0,10,0.153767,0.065990,9.4373
3,10,0.2200,11,0,10,0.147193,0.049512,9.4380
3,10,0.2400,12,0,10,0.197046,0.096317,9.4406
3,10,0.2600,13,0,10,0.247641,0.135701,9.4445
3,10,0.2800,14,0,10,0.278442,0.158600,9.4491
3,10,0.3000,15,0,10,0.285182,0.164302,9.4540
3,10,0.3200,16,0,10,0.270189,0.154817,9.4585
3,10,0.3400,17,0,10,0.239419,0.133987,9.4622
3,10,0.3600,18,0,10,0.201604,0.107207,9.4650
3,10,0.3800,19,0,10,0.167667,0.081775,9.4666
3,10,0.4000,20,0,10,0.148934,0.068351,9.4670
3,10,0.4200,21,0,10,0.149701,0.072678,9.4664
3,10,0.4400,22,0,10,0.162671,0.087014,9.4651
3,10,0.4600,23,0,10,0.177350,0.100526,9.4631
3,10,0.4800,24,0,10,0.187523,0.109513,9.4609
3,10,0.5000,25,0,10,0.191438,0.113165,9.4587
3,10,0.5200,26,0,10,0.190273,0.112491,9.4567
3,10,0.5400,27,0,10,0.186834,0.109442,9.4551
3,10,0.5600,28,0,10,0.184383,0.106240,9.4540
3,10,0.5800,29,0,10,0.185367,0.104679,9.4534
3,10,0.6000,30,0,10,0.190556,0.105489,9.4534
3,10,0.6200,31,0,10,0.199076,0.108189,9.4537
3,10,0.6400,32,0,10,0.209276,0.111631,9.4544
3,10,0.6600,33,0,10,0.219658,0.114718,9.4553
3,10,0.6800,34,0,10,0.229367,0.116821,9.4563
3,10,0.7000,35,0,10,0.238210,0.117815,9.4573
3,10,0.7200,36,0,10,0.246441,0.117826,9.4581
3,10,0.7400,37,0,10,0.254519,0.117370,9.4588
3,10,0.7600,38,0,10,0.262782,0.116954,9.4592
3,10,0.7800,39,0,10,0.271344,0.116943,9.4593
3,10,0.8000,40,0,10,0.280068,0.117413,9.4592
3,10,0.8200,41,0,10,0.288671,0.118310,9.4590
3,10,0.8400,42,0,10,0.296833,0.119506,9.4586
3,10,0.8600,43,0,10,0.304290,0.120733,9.4581
3,10,0.8800,44,0,10,0.310906,0.121852,9.4575
3,10,0.9000,45,0,10,0.316650,0.122849,9.4570
3,10,0.9200,46,0,10,0.321576,0.123813,9.4566
3,10,0.9400,47,0,10,0.325773,0.124869,9.4562
3,10,0.9600,48,0,10,0.329313,0.126102,9.4559
3,10,0.9800,49,0,10,0.332240,0.127535,9.4558
3,10,1.0000,50,0,10,0.332421,0.129150,9.4556
3,10,1.0200,51,0,10,0.336662,0.131267,9.4553
3,10,1.0400,52,0,10,0.341109,0.132814,9.4551
3,10,1.0600,53,0,10,0.343684,0.134090,9.4551
3,10,1.0800,54,0,10,0.340535,0.136266,9.4550
3,10,1.1000,55,0,10,0.335139,0.139451,9.4547
3,10,1.1200,56,0,10,0.334483,0.140559,9.4543
3,10,1.1400,57,0,10,0.336622,0.141855,9.4539
3,10,1.1600,58,0,10,0.338557,0.143084,9.4536
3,10,1.1800,59,0,10,0.339299,0.144424,9.4532
3,10,1.2000,60,0,10,0.338973,0.146047,9.4529
3,10,1.2200,61,0,10,0.337981,0.147650,9.4527
3,10,1.2400,62,0,10,0.336676,0.148940,9.4524
3,10,1.2600,63,0,10,0.334992,0.150391,9.4523
3,10,1.2800,64,0,10,0.332631,0.149733,9.4521
3,10,1.3000,65,0,10,0.329453,0.148757,9.4519
3,10,1.3200,66,0,10,0.326572,0.147722,9.4516
3,10,1.3400,67,0,10,0.325666,0.146979,9.4511
3,10,1.3600,68,0,10,0.327106,0.146414,9.4506
3,10,1.3800,69,0,10,0.330225,0.146267,9.4501
3,10,1.4000,70,0,10,0.334216,0.146468,9.4496
3,10,1.4200,71,0,10,0.338271,0.146831,9.4492
3,10,1.4400,72,0,10,0.341777,0.147212,9.4488
3,10,1.4600,73,0,10,0.344336,0.147573,9.4486
3,10,1.4800,74,0,10,0.345732,0.147339,9.4483
3,10,1.5000,75,0,10,0.345958,0.147218,9.4481
3,10,1.5200,76,0,10,0.345003,0.146850,9.4480
3,10,1.5400,77,0,10,0.342980,0.146272,9.4479
3,10,1.5600,78,0,10,0.340213,0.145480,9.4477
3,10,1.5800,79,0,10,0.333723,0.144482,9.4476
3,10,1.6000,80,0,10,0.311549,0.143437,9.4474
3,10,1.6200,81,0,10,0.306744,0.142278,9.4472
3,10,1.6400,82,0,10,0.307815,0.140869,9.4470
3,10,1.6600,83,0,10,0.309259,0.140321,9.4468
3,10,1.6800,84,0,10,0.309483,0.139612,9.4465
3,10,1.7000,85,0,10,0.308343,0.138908,9.4462
3,10,1.7200,86,0,10,0.306706,0.138264,9.4458
3,10,1.7400,87,0,10,0.305010,0.137553,9.4455
3,10,1.7600,88,0,10,0.303264,0.136649,9.4451
3,10,1.7800,89,0,10,0.301263,0.135490,9.4448
3,10,1.8000,90,0,10,0.298788,0.134062,9.4444
3,10,1.8200,91,0,10,0.295749,0.132385,9.4441
3,10,1.8400,92,0,10,0.292160,0.131137,9.4438
3,10,1.8600,93,0,10,0.287816,0.130554,9.4434
3,10,1.8800,94,0,10,0.282704,0.128643,9.4428
3,10,1.9000,95,0,10,0.277690,0.126378,9.4422
3,10,1.9200,96,0,10,0.273999,0.123823,9.4415
3,10,1.9400,97,0,10,0.272276,0.121123,9.4409
3,10,1.9600,98,0,10,0.272188,0.120119,9.4405
3,10,1.9800,99,0,10,0.274233,0.127960,9.4401
3,10,2.0000,100,0,10,0.276766,0.124457,9.4396
3,10,2.0200,101,0,10,0.279223,0.121759,9.4392
3,10,2.0400,102,0,10,0.283606,0.122338,9.4390
3,10,2.0600,103,0,10,0.287981,0.122949,9.4389
3,10,2.0800,104,0,10,0.289621,0.122509,9.4389
3,10,2.1000,105,0,10,0.287795,0.120991,9.4389
3,10,2.1200,106,0,10,0.282874,0.118840,9.4390
3,10,2.1400,107,0,10,0.275956,0.116206,9.4391
3,10,2.1600,108,0,10,0.267800,0.113282,9.4393
3,10,2.1800,109,0,10,0.258941,0.110240,9.4395
3,10,2.2000,110,0,10,0.249695,0.107231,9.4397
3,10,2.2200,111,0,10,0.240319,0.104559,9.4399
3,10,2.2400,112,0,10,0.231174,0.102398,9.4400
3,10,2.2600,113,0,10,0.222457,0.100850,9.4400
3,10,2.2800,114,0,10,0.232693,0.100283,9.4400
3,10,2.3000,115,0,10,0.232015,0.100236,9.4399
3,10,2.3200,116,0,10,0.221449,0.100423,9.4397
3,10,2.3400,117,0,10,0.208652,0.100220,9.4395
3,10,2.3600,118,0,10,0.198899,0.099743,9.4392
3,10,2.3800,119,0,10,0.189241,0.099232,9.4388
3,10,2.4000,120,0,10,0.181831,0.098919,9.4384
3,10,2.4200,121,0,10,0.175727,0.098433,9.4379
3,10,2.4400,122,0,10,0.170985,0.097769,9.4375
3,10,2.4600,123,0,10,0.167101,0.096850,9.4370
3,10,2.4800,124,0,10,0.163986,0.095262,9.4366
3,10,2.5000,125,0,10,0.162059,0.092508,9.4361
3,10,2.5200,126,0,10,0.160781,0.089146,9.4357
3,10,2.5400,127,0,10,0.160166,0.085310,9.4354
3,10,2.5600,128,0,10,0.151599,0.082803,9.4350
3,10,2.5800,129,0,10,0.141202,0.080634,9.4347
3,10,2.6000,130,0,10,0.130715,0.079798,9.4345
3,10,2.6200,131,0,10,0.126854,0.078361,9.4343
3,10,2.6400,132,0,10,0.121697,0.075997,9.4342
3,10,2.6600,133,0,10,0.114260,0.073277,9.4341
3,10,2.6800,134,0,10,0.114350,0.070470,9.4341
3,10,2.7000,135,0,10,0.115007,0.068173,9.4341
3,10,2.7200,136,0,10,0.114807,0.065910,9.4342
3,10,2.7400,137,0,10,0.112209,0.063369,9.4342
3,10,2.7600,138,0,10,0.110764,0.060578,9.4342
3,10,2.7800,139,0,10,0.111092,0.057784,9.4342
3,10,2.8000,140,0,10,0.108325,0.054816,9.4342
3,10,2.8200,141,0,10,0.104834,0.052341,9.4341
3,10,2.8400,142,0,10,0.099897,0.049967,9.4341
3,10,2.8600,143,0,10,0.096676,0.048087,9.4340
3,10,2.8800,144,0,10,0.094826,0.046491,9.4339
3,10,2.9000,145,0,10,0.093394,0.045013,9.4337
3,10,2.9200,146,0,10,0.091748,0.043772,9.4336
3,10,2.9400,147,0,10,0.090556,0.041570,9.4336
3,10,2.9600,148,0,10,0.088442,0.038967,9.4335
3,10,2.9800,149,0,10,0.086546,0.036316,9.4335
3,10,3.0000,150,0,10,0.083563,0.034192,9.4335
3,10,3.0200,151,0,10,0.080421,0.031128,9.4335
3,10,3.0400,152,0,10,0.074976,0.028161,9.4335
3,10,3.0600,153,0,10,0.068710,0.026263,9.4336
3,10,3.0800,154,0,10,0.062457,0.023429,9.4336
3,10,3.1000,155,0,10,0.056264,0.021339,9.4336
3,10,3.1200,156,0,10,0.048242,0.020126,9.4336
3,10,3.1400,157,0,10,0.039921,0.019220,9.4337
3,10,3.1600,158,0,10,0.031681,0.018791,9.4337
3,10,3.1800,159,0,10,0.024961,0.018709,9.4336
3,10,3.2000,160,0,10,0.024923,0.018805,9.4336
3,10,3.2200,161,0,10,0.026220,0.019113,9.4336
3,10,3.2400,162,0,10,0.028255,0.019748,9.4335
3,10,3.2600,163,0,10,0.030528,0.020823,9.4334
3,10,3.2800,164,0,10,0.032493,0.022086,9.4334
3,10,3.3000,165,0,10,0.031302,0.023163,9.4333
3,10,3.3200,166,0,10,0.032048,0.024604,9.4332
3,10,3.3400,167,0,10,0.034079,0.025885,9.4332
3,10,3.3600,168,0,10,0.040850,0.027132,9.4331
3,10,3.3800,169,0,10,0.046801,0.027550,9.4331
3,10,3.4000,170,0,10,0.052845,0.028752,9.4331
3,10,3.4200,171,0,10,0.058694,0.029013,9.4332
3,10,3.4400,172,0,10,0.064515,0.030370,9.4332
3,10,3.4600,173,0,10,0.069274,0.030860,9.4333
3,10,3.4800,174,0,10,0.074176,0.032325,9.4334
3,10,3.5000,175,0,10,0.078609,0.034353,9.4335
3,10,3.5200,176,0,10,0.082731,0.036151,9.4337
3,10,3.5400,177,0,10,0.086560,0.037917,9.4338
3,10,3.5600,178,0,10,0.090872,0.040016,9.4339
3,10,3.5800,179,0,10,0.093633,0.042264,9.4341
3,10,3.6000,180,0,10,0.098032,0.044213,9.4343
3,10,3.6200,181,0,10,0.102584,0.046453,9.4344
3,10,3.6400,182,0,10,0.105018,0.048702,9.4346
3,10,3.6600,183,0,10,0.109177,0.050821,9.4348
3,10,3.6800,184,0,10,0.111670,0.052969,9.4349
3,10,3.7000,185,0,10,0.116317,0.055058,9.4351
3,10,3.7200,186,0,10,0.118964,0.057112,9.4352
3,10,3.7400,187,0,10,0.124529,0.059096,9.4354
3,10,3.7600,188,0,10,0.129323,0.061003,9.4355
3,10,3.7800,189,0,10,0.133859,0.062841,9.4356
3,10,3.8000,190,0,10,0.138194,0.064647,9.4358
3,10,3.8200,191,0,10,0.142867,0.066432,9.4359
3,10,3.8400,192,0,10,0.147441,0.068186,9.4360
3,10,3.8600,193,0,10,0.152173,0.069902,9.4362
3,10,3.8800,194,0,10,0.156964,0.071579,9.4363
3,10,3.9000,195,0,10,0.161768,0.073225,9.4365
3,10,3.9200,196,0,10,0.166585,0.074850,9.4366
3,10,3.9400,197,0,10,0.171374,0.076463,9.4368
3,10,3.9600,198,0,10,0.176124,0.078120,9.4369
3,10,3.9800,199,0,10,0.180578,0.079611,9.4371
3,10,4.0000,200,0,10,0.184500,0.081063,9.4373
3,10,4.0200,201,0,10,0.188898,0.082612,9.4375
3,10,4.0400,202,0,10,0.193560,0.083956,9.4377
3,10,4.0600,203,0,10,0.198384,0.085327,9.4379
3,10,4.0800,204,0,10,0.203207,0.087104,9.4380
3,10,4.1000,205,0,10,0.207844,0.088427,9.4382
3,10,4.1200,206,0,10,0.212252,0.090412,9.4384
3,10,4.1400,207,0,10,0.216328,0.091993,9.4386
3,10,4.1600,208,0,10,0.220190,0.093977,9.4388
3,10,4.1800,209,0,10,0.223761,0.095687,9.4390
3,10,4.2000,210,0,10,0.227049,0.097888,9.4392
3,10,4.2200,211,0,10,0.229945,0.099795,9.4394
3,10,4.2400,212,0,10,0.232499,0.101549,9.4396
3,10,4.2600,213,0,10,0.234704,0.103265,9.4397
3,10,4.2800,214,0,10,0.236536,0.104971,9.4399
3,10,4.3000,215,0,10,0.238083,0.106664,9.4401
3,10,4.3200,216,0,10,0.239534,0.108343,9.4403
3,10,4.3400,217,0,10,0.241075,0.110003,9.4405
3,10,4.3600,218,0,10,0.242843,0.111672,9.4407
3,10,4.3800,219,0,10,0.244901,0.113263,9.4409
3,10,4.4000,220,0,10,0.247263,0.114860,9.4411
3,10,4.4200,221,0,10,0.249858,0.116417,9.4413
3,10,4.4400,222,0,10,0.252653,0.117835,9.4415
3,10,4.4600,223,0,10,0.255542,0.119174,9.4417
3,10,4.4800,224,0,10,0.258491,0.120405,9.4418
3,10,4.5000,225,0,10,0.261476,0.121541,9.4420
3,10,4.5200,226,0,10,0.264501,0.122595,9.4422
3,10,4.5400,227,0,10,0.267576,0.123585,9.4424
3,10,4.5600,228,0,10,0.270704,0.124524,9.4426
3,10,4.5800,229,0,10,0.273876,0.125422,9.4427
3,10,4.6000,230,0,10,0.277049,0.126280,9.4429
3,10,4.6200,231,0,10,0.280209,0.127086,9.4431
3,10,4.6400,232,0,10,0.283341,0.127829,9.4433
3,10,4.6600,233,0,10,0.286411,0.128609,9.4435
3,10,4.6800,234,0,10,0.289408,0.128911,9.4436
3,10,4.7000,235,0,10,0.292306,0.129052,9.4438
3,10,4.7200,236,0,10,0.295042,0.129179,9.4440
3,10,4.7400,237,0,10,0.297662,0.129279,9.4442
3,10,4.7600,238,0,10,0.300356,0.129553,9.4443
3,10,4.7800,239,0,10,0.302542,0.129881,9.4444
3,10,4.8000,240,0,10,0.304872,0.130180,9.4446
3,10,4.8200,241,0,10,0.306615,0.130304,9.4448
3,10,4.8400,242,0,10,0.307851,0.130252,9.4449
3,10,4.8600,243,0,10,0.327635,0.130191,9.4451
3,10,4.8800,244,0,10,0.335276,0.130174,9.4453
3,10,4.9000,245,0,10,0.332200,0.130180,9.4454
3,10,4.9200,246,0,10,0.327400,0.130114,9.4456
3,10,4.9400,247,0,10,0.322868,0.129886,9.4459
3,10,4.9600,248,0,10,0.318774,0.129462,9.4461
3,10,4.9800,249,0,10,0.315112,0.128837,9.4464
3,10,5.0000,250,0,10,0.311869,0.128103,9.4466
3,10,5.0200,251,0,10,0.308983,0.127315,9.4469
3,10,5.0400,252,0,10,0.306353,0.126538,9.4472
3,10,5.0600,253,0,10,0.303878,0.125805,9.4474
3,10,5.0800,254,0,10,0.301494,0.125169,9.4476
3,10,5.1000,255,0,10,0.299162,0.124689,9.4479
3,10,5.1200,256,0,10,0.296831,0.124372,9.4481
3,10,5.1400,257,0,10,0.294426,0.124152,9.4482
3,10,5.1600,258,0,10,0.291839,0.123939,9.4484
3,10,5.1800,259,0,10,0.288958,0.123661,9.4485
3,10,5.2000,260,0,10,0.285701,0.123271,9.4485
3,10,5.2200,261,0,10,0.282029,0.122737,9.4486
3,10,5.2400,262,0,10,0.277974,0.122044,9.4486
3,10,5.2600,263,0,10,0.273605,0.121186,9.4486
3,10,5.2800,264,0,10,0.268964,0.120170,9.4486
3,10,5.3000,265,0,10,0.264154,0.119075,9.4486
3,10,5.3200,266,0,10,0.259239,0.117871,9.4486
3,10,5.3400,267,0,10,0.254374,0.116525,9.4486
3,10,5.3600,268,0,10,0.249734,0.115023,9.4486
3,10,5.3800,269,0,10,0.245406,0.113364,9.4486
3,10,5.4000,270,0,10,0.241399,0.111558,9.4487
3,10,5.4200,271,0,10,0.237658,0.109617,9.4487
3,10,5.4400,272,0,10,0.234102,0.107551,9.4487
3,10,5.4600,273,0,10,0.230644,0.105374,9.4487
3,10,5.4800,274,0,10,0.227219,0.103099,9.4488
3,10,5.5000,275,0,10,0.223770,0.100738,9.4488
3,10,5.5200,276,0,10,0.220258,0.098303,9.4489
3,10,5.5400,277,0,10,0.203658,0.095980,9.4489
3,10,5.5600,278,0,10,0.193291,0.093485,9.4488
3,10,5.5800,279,0,10,0.201122,0.090855,9.4490
3,10,5.6000,280,0,10,0.202530,0.088527,9.4491
3,10,5.6200,281,0,10,0.204351,0.086294,9.4492
3,10,5.6400,282,0,10,0.203207,0.083923,9.4493
3,10,5.6600,283,0,10,0.199821,0.081253,9.4494
3,10,5.6800,284,0,10,0.195057,0.078262,9.4495
3,10,5.7000,285,0,10,0.189480,0.075064,9.4495
3,10,5.7200,286,0,10,0.183354,0.071853,9.4496
3,10,5.7400,287,0,10,0.176865,0.068888,9.4496
3,10,5.7600,288,0,10,0.170181,0.066300,9.4497
3,10,5.7800,289,0,10,0.163440,0.064001,9.4497
3,10,5.8000,290,0,10,0.156714,0.061721,9.4497
3,10,5.8200,291,0,10,0.150019,0.059338,9.4496
3,10,5.8400,292,0,10,0.143329,0.056856,9.4496
3,10,5.8600,293,0,10,0.136564,0.054347,9.4495
3,10,5.8800,294,0,10,0.129616,0.051886,9.4494
3,10,5.9000,295,0,10,0.122403,0.049520,9.4493
3,10,5.9200,296,0,10,0.114861,0.047231,9.4492
3,10,5.9400,297,0,10,0.107009,0.044988,9.4491
3,10,5.9600,298,0,10,0.098939,0.042715,9.4490
3,10,5.9800,299,0,10,0.090724,0.040407,9.4490
3,10,6.0000,300,0,10,0.082428,0.038066,9.4490
3,10,6.0200,301,0,10,0.074158,0.035686,9.4490
3,10,6.0400,302,0,10,0.065882,0.033277,9.4490
3,10,6.0600,303,0,10,0.058059,0.030844,9.4490
3,10,6.0800,304,0,10,0.050593,0.028393,9.4490
3,10,6.1000,305,0,10,0.043493,0.026769,9.4491
3,10,6.1200,306,0,10,0.036812,0.024953,9.4491
3,10,6.1400,307,0,10,0.030684,0.022882,9.4492
3,10,6.1600,308,0,10,0.025205,0.020724,9.4492
3,10,6.1800,309,0,10,0.022695,0.018667,9.4492
3,10,6.2000,310,0,10,0.021425,0.016931,9.4492
3,10,6.2200,311,0,10,0.019591,0.015718,9.4492
3,10,6.2400,312,0,10,0.044916,0.022596,9.4492
3,10,6.2600,313,0,10,0.034398,0.019935,9.4492
3,10,6.2800,314,0,10,0.031742,0.018139,9.4492
3,10,6.3000,315,0,10,0.037636,0.016050,9.4493
3,10,6.3200,316,0,10,0.040864,0.014172,9.4494
3,10,6.3400,317,0,10,0.041867,0.012970,9.4495
3,10,6.3600,318,0,10,0.041483,0.013713,9.4496
3,10,6.3800,319,0,10,0.040966,0.015292,9.4496
3,10,6.4000,320,0,10,0.041049,0.017530,9.4497
3,10,6.4200,321,0,10,0.042523,0.019884,9.4497
3,10,6.4400,322,0,10,0.044455,0.022157,9.4497
3,10,6.4600,323,0,10,0.047047,0.024345,9.4497
3,10,6.4800,324,0,10,0.050250,0.026511,9.4496
3,10,6.5000,325,0,10,0.053935,0.028719,9.4496
3,10,6.5200,326,0,10,0.057960,0.030991,9.4495
3,10,6.5400,327,0,10,0.062215,0.033298,9.4495
3,10,6.5600,328,0,10,0.066621,0.035590,9.4494
3,10,6.5800,329,0,10,0.071131,0.037818,9.4494
3,10,6.6000,330,0,10,0.075729,0.039929,9.4493
3,10,6.6200,331,0,10,0.080406,0.041882,9.4493
3,10,6.6400,332,0,10,0.085164,0.043814,9.4493
3,10,6.6600,333,0,10,0.090033,0.045621,9.4493
3,10,6.6800,334,0,10,0.095193,0.047370,9.4493
3,10,6.7000,335,0,10,0.100481,0.049058,9.4494
3,10,6.7200,336,0,10,0.105767,0.050668,9.4494
3,10,6.7400,337,0,10,0.110979,0.052211,9.4494
3,10,6.7600,338,0,10,0.116141,0.053686,9.4495
3,10,6.7800,339,0,10,0.121250,0.055102,9.4495
3,10,6.8000,340,0,10,0.126268,0.056469,9.4495
3,10,6.8200,341,0,10,0.131165,0.057807,9.4496
3,10,6.8400,342,0,10,0.135915,0.059125,9.4496
3,10,6.8600,343,0,10,0.140509,0.060437,9.4496
3,10,6.8800,344,0,10,0.144947,0.061750,9.4497
3,10,6.9000,345,0,10,0.149218,0.063128,9.4497
3,10,6.9200,346,0,10,0.153322,0.064491,9.4497
3,10,6.9400,347,0,10,0.157251,0.065771,9.4497
3,10,6.9600,348,0,10,0.160993,0.067206,9.4497
3,10,6.9800,349,0,10,0.164467,0.068600,9.4497
3,10,7.0000,350,0,10,0.167642,0.069911,9.4497
3,10,7.0200,351,0,10,0.170557,0.071314,9.4497
3,10,7.0400,352,0,10,0.173189,0.072718,9.4497
3,10,7.0600,353,0,10,0.175552,0.074081,9.4497
3,10,7.0800,354,0,10,0.177659,0.075434,9.4497
3,10,7.1000,355,0,10,0.179576,0.076762,9.4497
3,10,7.1200,356,0,10,0.181351,0.078059,9.4497
3,10,7.1400,357,0,10,0.183004,0.079313,9.4497
3,10,7.1600,358,0,10,0.184548,0.080521,9.4497
3,10,7.1800,359,0,10,0.185992,0.081673,9.4497
3,10,7.2000,360,0,10,0.187359,0.082770,9.4497
3,10,7.2200,361,0,10,0.188674,0.083803,9.4497
3,10,7.2400,362,0,10,0.189961,0.084769,9.4497
3,10,7.2600,363,0,10,0.191235,0.085666,9.4497
3,10,7.2800,364,0,10,0.192509,0.086489,9.4497
3,10,7.3000,365,0,10,0.193790,0.087234,9.4497
3,10,7.3200,366,0,10,0.195077,0.087902,9.4496
3,10,7.3400,367,0,10,0.196363,0.088491,9.4496
3,10,7.3600,368,0,10,0.197644,0.089000,9.4496
3,10,7.3800,369,0,10,0.198908,0.089433,9.4496
3,10,7.4000,370,0,10,0.200140,0.089789,9.4495
3,10,7.4200,371,0,10,0.201331,0.090073,9.4495
3,10,7.4400,372,0,10,0.202467,0.090287,9.4495
3,10,7.4600,373,0,10,0.203528,0.090435,9.4494
3,10,7.4800,374,0,10,0.204505,0.090522,9.4494
3,10,7.5000,375,0,10,0.205380,0.090550,9.4494
3,10,7.5200,376,0,10,0.206133,0.090526,9.4494
3,10,7.5400,377,0,10,0.206758,0.090453,9.4493
3,10,7.5600,378,0,10,0.207234,0.090336,9.4493
3,10,7.5800,379,0,10,0.207555,0.090178,9.4493
3,10,7.6000,380,0,10,0.207708,0.089982,9.4492
3,10,7.6200,381,0,10,0.207685,0.089751,9.4492
3,10,7.6400,382,0,10,0.207479,0.089488,9.4491
3,10,7.6600,383,0,10,0.207088,0.089193,9.4491
3,10,7.6800,384,0,10,0.206510,0.088868,9.4490
3,10,7.7000,385,0,10,0.205744,0.088515,9.4490
3,10,7.7200,386,0,10,0.204794,0.088130,9.4489
3,10,7.7400,387,0,10,0.203663,0.087714,9.4489
3,10,7.7600,388,0,10,0.202361,0.087265,9.4488
3,10,7.7800,389,0,10,0.200892,0.086785,9.4488
3,10,7.8000,390,0,10,0.199269,0.086265,9.4487
3,10,7.8200,391,0,10,0.197497,0.085711,9.4487
3,10,7.8400,392,0,10,0.195594,0.085114,9.4486
3,10,7.8600,393,0,10,0.193570,0.084477,9.4485
3,10,7.8800,394,0,10,0.191432,0.083793,9.4485
3,10,7.9000,395,0,10,0.189197,0.083063,9.4484
3,10,7.9200,396,0,10,0.186875,0.082284,9.4483
3,10,7.9400,397,0,10,0.184474,0.081451,9.4483
3,10,7.9600,398,0,10,0.181995,0.080571,9.4482
3,10,7.9800,399,0,10,0.179455,0.079636,9.4481
3,10,8.0000,400,0,10,0.176848,0.078648,9.4481
3,10,8.0200,401,0,10,0.174165,0.077608,9.4480
3,10,8.0400,402,0,10,0.171411,0.076515,9.4479
3,10,8.0600,403,0,10,0.168592,0.075363,9.4478
3,10,8.0800,404,0,10,0.165713,0.074109,9.4478
3,10,8.1000,405,0,10,0.162778,0.072796,9.4477
3,10,8.1200,406,0,10,0.156712,0.071471,9.4476
3,10,8.1400,407,0,10,0.157561,0.070136,9.4475
3,10,8.1600,408,0,10,0.169512,0.068879,9.4473
3,10,8.1800,409,0,10,0.177303,0.067233,9.4471
3,10,8.2000,410,0,10,0.178105,0.065369,9.4469
3,10,8.2200,411,0,10,0.173433,0.063322,9.4467
3,10,8.2400,412,0,10,0.166712,0.061016,9.4466
3,10,8.2600,413,0,10,0.159876,0.058510,9.4465
3,10,8.2800,414,0,10,0.153693,0.056359,9.4463
3,10,8.3000,415,0,10,0.147541,0.054423,9.4462
3,10,8.3200,416,0,10,0.137920,0.054563,9.4461
3,10,8.3400,417,0,10,0.126453,0.055013,9.4461
3,10,8.3600,418,0,10,0.117525,0.054505,9.4461
3,10,8.3800,419,0,10,0.113014,0.053161,9.4461
3,10,8.4000,420,0,10,0.109819,0.051130,9.4461
3,10,8.4200,421,0,10,0.107035,0.049124,9.4461
3,10,8.4400,422,0,10,0.103825,0.048382,9.4462
3,10,8.4600,423,0,10,0.099953,0.048183,9.4463
3,10,8.4800,424,0,10,0.095166,0.047831,9.4463
3,10,8.5000,425,0,10,0.088551,0.047147,9.4463
3,10,8.5200,426,0,10,0.081264,0.046080,9.4464
3,10,8.5400,427,0,10,0.074867,0.044518,9.4463
3,10,8.5600,428,0,10,0.067358,0.042654,9.4462
3,10,8.5800,429,0,10,0.062018,0.040511,9.4461
3,10,8.6000,430,0,10,0.056929,0.038227,9.4460
3,10,8.6200,431,0,10,0.052744,0.035780,9.4458
3,10,8.6400,432,0,10,0.049416,0.033274,9.4456
3,10,8.6600,433,0,10,0.046458,0.030704,9.4454
3,10,8.6800,434,0,10,0.043471,0.028216,9.4453
3,10,8.7000,435,0,10,0.041138,0.025647,9.4452
3,10,8.7200,436,0,10,0.039030,0.023232,9.4451
3,10,8.7400,437,0,10,0.037494,0.020783,9.4450
3,10,8.7600,438,0,10,0.036085,0.018793,9.4450
3,10,8.7800,439,0,10,0.034881,0.016706,9.4450
3,10,8.8000,440,0,10,0.032982,0.015499,9.4450
3,10,8.8200,441,0,10,0.030703,0.014488,9.4451
3,10,8.8400,442,0,10,0.028128,0.013858,9.4452
3,10,8.8600,443,0,10,0.025131,0.013348,9.4453
3,10,8.8800,444,0,10,0.021711,0.012740,9.4454
3,10,8.9000,445,0,10,0.017942,0.012136,9.4455
3,10,8.9200,446,0,10,0.015938,0.011499,9.4456
3,10,8.9400,447,0,10,0.016008,0.010889,9.4457
3,10,8.9600,448,0,10,0.015859,0.010662,9.4457
3,10,8.9800,449,0,10,0.015762,0.011205,9.4458
3,10,9.0000,450,0,10,0.018634,0.012347,9.4458
3,10,9.0200,451,0,10,0.018301,0.013583,9.4458
3,10,9.0400,452,0,10,0.019515,0.014901,9.4458
3,10,9.0600,453,0,10,0.024895,0.016118,9.4458
3,10,9.0800,454,0,10,0.030521,0.017491,9.4458
3,10,9.1000,455,0,10,0.036344,0.018883,9.4458
3,10,9.1200,456,10,0,0.000000,0.000000,9.4458
1,15,0.0200,1,0,15,0.000000,0.000000,14.5000
1,15,0.0400,2,0,15,0.196200,0.159634,14.4961
1,15,0.0600,3,0,15,0.391435,0.292470,14.4882
1,15,0.0800,4,0,15,0.575321,0.398545,14.4767
1,15,0.1000,5,0,15,0.728440,0.477702,14.4620
1,15,0.1200,6,0,15,0.835172,0.529846,14.4451
1,15,0.1400,7,0,15,0.888906,0.555084,14.4272
1,15,0.1600,8,0,15,0.890908,0.554016,14.4092
1,15,0.1800,9,0,15,0.847500,0.528019,14.3921
1,15,0.2000,10,0,15,0.766964,0.479670,14.3767
1,15,0.2200,11,0,15,0.658274,0.412319,14.3636
1,15,0.2400,12,0,15,0.530717,0.345488,14.3532
1,15,0.2600,13,0,15,0.395896,0.261530,14.3457
1,15,0.2800,14,0,15,0.274008,0.179193,14.3412
1,15,0.3000,15,0,15,0.194403,0.108167,14.3395
1,15,0.3200,16,0,15,0.190342,0.083728,14.3403
1,15,0.3400,17,0,15,0.251982,0.135625,14.3434
1,15,0.3600,18,0,15,0.336950,0.198616,14.3486
1,15,0.3800,19,0,15,0.419990,0.254298,14.3556
1,15,0.4000,20,0,15,0.489335,0.297269,14.3641
1,15,0.4200,21,0,15,0.538791,0.325829,14.3736
1,15,0.4400,22,0,15,0.565264,0.339603,14.3835
1,15,0.4600,23,0,15,0.568097,0.339062,14.3934
1,15,0.4800,24,0,15,0.548765,0.325274,14.4028
1,15,0.5000,25,0,15,0.510274,0.299736,14.4113
1,15,0.5200,26,0,15,0.456946,0.264654,14.4186
1,15,0.5400,27,0,15,0.393965,0.222745,14.4244
1,15,0.5600,28,0,15,0.327960,0.177464,14.4286
1,15,0.5800,29,0,15,0.267691,0.133648,14.4310
1,15,0.6000,30,0,15,0.224611,0.099591,14.4318
1,15,0.6200,31,0,15,0.209910,0.093586,14.4309
1,15,0.6400,32,0,15,0.223971,0.114306,14.4285
1,15,0.6600,33,0,15,0.248766,0.142022,14.4246
1,15,0.6800,34,0,15,0.281851,0.167668,14.4198
1,15,0.7000,35,0,15,0.312139,0.187798,14.4142
1,15,0.7200,36,0,15,0.332559,0.200650,14.4082
1,15,0.7400,37,0,15,0.340997,0.205401,14.4019
1,15,0.7600,38,0,15,0.337619,0.201707,14.3958
1,15,0.7800,39,0,15,0.330653,0.190183,14.3899
1,15,0.8000,40,0,15,0.314028,0.172314,14.3845
1,15,0.8200,41,0,15,0.287859,0.149780,14.3799
1,15,0.8400,42,0,15,0.258781,0.124122,14.3763
1,15,0.8600,43,0,15,0.231731,0.097601,14.3737
1,15,0.8800,44,0,15,0.213064,0.073444,14.3721
1,15,0.9000,45,0,15,0.203128,0.060236,14.3715
1,15,0.9200,46,0,15,0.203492,0.064568,14.3719
1,15,0.9400,47,0,15,0.212864,0.079953,14.3733
1,15,0.9600,48,0,15,0.225796,0.097618,14.3754
1,15,0.9800,49,0,15,0.237685,0.113287,14.3783
1,15,1.0000,50,0,15,0.245473,0.125356,14.3815
1,15,1.0200,51,0,15,0.247457,0.133141,14.3851
1,15,1.0400,52,0,15,0.243133,0.136388,14.3888
1,15,1.0600,53,0,15,0.232418,0.135326,14.3924
1,15,1.0800,54,0,15,0.215989,0.130493,14.3958
1,15,1.1000,55,0,15,0.194573,0.122560,14.3989
1,15,1.1200,56,0,15,0.177471,0.113191,14.4015
1,15,1.1400,57,0,15,0.164857,0.103448,14.4036
1,15,1.1600,58,0,15,0.157681,0.095543,14.4050
1,15,1.1800,59,0,15,0.155232,0.090980,14.4059
1,15,1.2000,60,0,15,0.159941,0.090965,14.4061
1,15,1.2200,61,0,15,0.167602,0.095191,14.4057
1,15,1.2400,62,0,15,0.176791,0.102201,14.4048
1,15,1.2600,63,0,15,0.185353,0.110328,14.4035
1,15,1.2800,64,0,15,0.192167,0.118398,14.4018
1,15,1.3000,65,0,15,0.196722,0.125228,14.3998
1,15,1.3200,66,0,15,0.198650,0.130435,14.3976
1,15,1.3400,67,0,15,0.197663,0.133494,14.3954
1,15,1.3600,68,0,15,0.194452,0.134698,14.3933
1,15,1.3800,69,0,15,0.188433,0.134212,14.3913
1,15,1.4000,70,0,15,0.180790,0.132634,14.3895
1,15,1.4200,71,0,15,0.175481,0.130350,14.3880
1,15,1.4400,72,0,15,0.170272,0.128115,14.3869
1,15,1.4600,73,0,15,0.165086,0.126327,14.3862
1,15,1.4800,74,0,15,0.160815,0.125319,14.3858
1,15,1.5000,75,0,15,0.166015,0.125252,14.3858
1,15,1.5200,76,0,15,0.174488,0.126004,14.3862
1,15,1.5400,77,0,15,0.183775,0.127268,14.3868
1,15,1.5600,78,0,15,0.193044,0.128659,14.3878
1,15,1.5800,79,0,15,0.201626,0.129815,14.3889
1,15,1.6000,80,0,15,0.209062,0.130454,14.3902
1,15,1.6200,81,0,15,0.215133,0.130408,14.3916
1,15,1.6400,82,0,15,0.219851,0.129629,14.3930
1,15,1.6600,83,0,15,0.223460,0.128178,14.3943
1,15,1.6800,84,0,15,0.226351,0.126202,14.3956
1,15,1.7000,85,0,15,0.229019,0.123915,14.3966
1,15,1.7200,86,0,15,0.231967,0.121571,14.3975
1,15,1.7400,87,0,15,0.235618,0.119434,14.3982
1,15,1.7600,88,0,15,0.240283,0.117747,14.3986
1,15,1.7800,89,0,15,0.246125,0.116702,14.3987
1,15,1.8000,90,0,15,0.253182,0.116346,14.3986
1,15,1.8200,91,0,15,0.261376,0.116598,14.3983
1,15,1.8400,92,0,15,0.270536,0.117365,14.3978
1,15,1.8600,93,0,15,0.280446,0.118433,14.3971
1,15,1.8800,94,0,15,0.291679,0.119394,14.3963
1,15,1.9000,95,0,15,0.304595,0.120285,14.3951
1,15,1.9200,96,0,15,0.318011,0.121272,14.3939
1,15,1.9400,97,0,15,0.332880,0.122175,14.3928
1,15,1.9600,98,0,15,0.348659,0.122885,14.3916
1,15,1.9800,99,0,15,0.364025,0.123383,14.3906
1,15,2.0000,100,0,15,0.378123,0.123644,14.3897
1,15,2.0200,101,0,15,0.390695,0.123898,14.3888
1,15,2.0400,102,0,15,0.402089,0.124947,14.3880
1,15,2.0600,103,0,15,0.411571,0.126342,14.3872
1,15,2.0800,104,0,15,0.419832,0.128060,14.3865
1,15,2.1000,105,0,15,0.428036,0.129963,14.3861
1,15,2.1200,106,0,15,0.436341,0.132129,14.3858
1,15,2.1400,107,0,15,0.444225,0.135060,14.3857
1,15,2.1600,108,0,15,0.451191,0.138583,14.3857
1,15,2.1800,109,0,15,0.456894,0.145007,14.3858
1,15,2.2000,110,0,15,0.468224,0.154301,14.3858
1,15,2.2200,111,0,15,0.476158,0.157949,14.3856
1,15,2.2400,112,0,15,0.476412,0.161100,14.3854
1,15,2.2600,113,0,15,0.473516,0.164206,14.3851
1,15,2.2800,114,0,15,0.468157,0.167388,14.3849
1,15,2.3000,115,0,15,0.462471,0.171387,14.3848
1,15,2.3200,116,0,15,0.457500,0.176133,14.3847
1,15,2.3400,117,0,15,0.453792,0.180757,14.3845
1,15,2.3600,118,0,15,0.451847,0.184861,14.3843
1,15,2.3800,119,0,15,0.451518,0.188236,14.3840
1,15,2.4000,120,0,15,0.452487,0.191012,14.3837
1,15,2.4200,121,0,15,0.454523,0.193361,14.3832
1,15,2.4400,122,0,15,0.457361,0.195193,14.3828
1,15,2.4600,123,0,15,0.460664,0.196506,14.3823
1,15,2.4800,124,0,15,0.464120,0.197404,14.3819
1,15,2.5000,125,0,15,0.466899,0.198118,14.3814
1,15,2.5200,126,0,15,0.468780,0.198483,14.3808
1,15,2.5400,127,0,15,0.469580,0.198605,14.3802
1,15,2.5600,128,0,15,0.469763,0.198652,14.3796
1,15,2.5800,129,0,15,0.469966,0.206835,14.3790
1,15,2.6000,130,0,15,0.469750,0.217710,14.3784
1,15,2.6200,131,0,15,0.468126,0.220347,14.3776
1,15,2.6400,132,0,15,0.466102,0.224490,14.3766
1,15,2.6600,133,0,15,0.464074,0.229775,14.3754
1,15,2.6800,134,0,15,0.462360,0.233569,14.3741
1,15,2.7000,135,0,15,0.457061,0.235954,14.3729
1,15,2.7200,136,0,15,0.459346,0.237470,14.3717
1,15,2.7400,137,0,15,0.465736,0.238264,14.3705
1,15,2.7600,138,0,15,0.475442,0.238643,14.3694
1,15,2.7800,139,0,15,0.488420,0.238552,14.3684
1,15,2.8000,140,0,15,0.504604,0.238884,14.3675
1,15,2.8200,141,0,15,0.522613,0.239313,14.3667
1,15,2.8400,142,0,15,0.532817,0.240146,14.3659
1,15,2.8600,143,0,15,0.540275,0.241437,14.3651
1,15,2.8800,144,0,15,0.553817,0.243479,14.3646
1,15,2.9000,145,0,15,0.569609,0.246521,14.3642
1,15,2.9200,146,0,15,0.586771,0.251350,14.3641
1,15,2.9400,147,0,15,0.604246,0.256782,14.3640
1,15,2.9600,148,0,15,0.620764,0.261563,14.3641
1,15,2.9800,149,0,15,0.635614,0.266446,14.3641
1,15,3.0000,150,0,15,0.648522,0.270249,14.3640
1,15,3.0200,151,0,15,0.659880,0.277932,14.3639
1,15,3.0400,152,0,15,0.669806,0.282320,14.3637
1,15,3.0600,153,0,15,0.678514,0.285340,14.3633
1,15,3.0800,154,0,15,0.687326,0.287700,14.3628
1,15,3.1000,155,0,15,0.696590,0.289617,14.3620
1,15,3.1200,156,0,15,0.704895,0.291995,14.3609
1,15,3.1400,157,0,15,0.711382,0.295376,14.3597
1,15,3.1600,158,0,15,0.716996,0.299804,14.3584
1,15,3.1800,159,0,15,0.723447,0.304695,14.3570
1,15,3.2000,160,0,15,0.730724,0.308120,14.3554
1,15,3.2200,161,0,15,0.739445,0.311444,14.3541
1,15,3.2400,162,0,15,0.749622,0.314975,14.3529
1,15,3.2600,163,0,15,0.761188,0.319255,14.3515
1,15,3.2800,164,0,15,0.776833,0.323664,14.3501
1,15,3.3000,165,0,15,0.790151,0.328406,14.3487
1,15,3.3200,166,0,15,0.803126,0.333700,14.3475
1,15,3.3400,167,0,15,0.816573,0.340941,14.3464
1,15,3.3600,168,0,15,0.830770,0.348252,14.3454
1,15,3.3800,169,0,15,0.845678,0.353029,14.3445
1,15,3.4000,170,0,15,0.860038,0.358030,14.3436
1,15,3.4200,171,0,15,0.872340,0.364203,14.3427
1,15,3.4400,172,0,15,0.881985,0.371049,14.3418
1,15,3.4600,173,0,15,0.889380,0.378194,14.3409
1,15,3.4800,174,0,15,0.895444,0.384935,14.3399
1,15,3.5000,175,0,15,0.902350,0.391693,14.3389
1,15,3.5200,176,0,15,0.914761,0.398175,14.3380
1,15,3.5400,177,0,15,0.924399,0.404914,14.3371
1,15,3.5600,178,0,15,0.933630,0.411204,14.3361
1,15,3.5800,179,0,15,0.942781,0.417544,14.3349
1,15,3.6000,180,0,15,0.954257,0.424261,14.3336
1,15,3.6200,181,0,15,0.966611,0.430686,14.3322
1,15,3.6400,182,0,15,0.981227,0.437552,14.3308
1,15,3.6600,183,0,15,0.996026,0.443467,14.3293
1,15,3.6800,184,0,15,1.010081,0.449349,14.3279
1,15,3.7000,185,0,15,1.023251,0.455958,14.3264
1,15,3.7200,186,0,15,1.035113,0.471770,14.3246
1,15,3.7400,187,0,15,1.045936,0.479433,14.3225
1,15,3.7600,188,0,15,1.056373,0.488298,14.3202
1,15,3.7800,189,0,15,1.068035,0.498617,14.3177
1,15,3.8000,190,0,15,1.082468,0.506268,14.3152
1,15,3.8200,191,0,15,1.098129,0.512259,14.3126
1,15,3.8400,192,0,15,1.115343,0.518465,14.3105
1,15,3.8600,193,0,15,1.137155,0.524392,14.3085
1,15,3.8800,194,0,15,1.162826,0.529442,14.3064
1,15,3.9000,195,0,15,1.191203,0.535704,14.3041
1,15,3.9200,196,0,15,1.218962,0.542400,14.3016
1,15,3.9400,197,0,15,1.245056,0.549337,14.2990
1,15,3.9600,198,0,15,1.269623,0.556455,14.2963
1,15,3.9800,199,0,15,1.292521,0.562884,14.2935
1,15,4.0000,200,0,15,1.313552,0.569984,14.2907
1,15,4.0200,201,0,15,1.332845,0.576706,14.2878
1,15,4.0400,202,0,15,1.350814,0.583673,14.2849
1,15,4.0600,203,0,15,1.369427,0.592207,14.2818
1,15,4.0800,204,0,15,1.388214,0.598118,14.2788
1,15,4.1000,205,0,15,1.415480,0.605246,14.2758
1,15,4.1200,206,0,15,1.437206,0.612986,14.2727
1,15,4.1400,207,0,15,1.459316,0.619395,14.2694
1,15,4.1600,208,0,15,1.484246,0.626861,14.2659
1,15,4.1800,209,0,15,1.511941,0.634235,14.2621
1,15,4.2000,210,0,15,1.541368,0.641457,14.2581
1,15,4.2200,211,0,15,1.572055,0.648658,14.2539
1,15,4.2400,212,0,15,1.603801,0.655714,14.2495
1,15,4.2600,213,0,15,1.647362,0.663079,14.2448
1,15,4.2800,214,0,15,1.680747,0.670859,14.2401
1,15,4.3000,215,0,15,1.712440,0.678570,14.2352
1,15,4.3200,216,0,15,1.744013,0.686362,14.2300
1,15,4.3400,217,0,15,1.775886,0.694655,14.2245
1,15,4.3600,218,0,15,1.808145,0.712507,14.2188
1,15,4.3800,219,0,15,1.840647,0.721194,14.2129
1,15,4.4000,220,0,15,1.872976,0.724440,14.2067
1,15,4.4200,221,0,15,1.904352,0.731323,14.2001
1,15,4.4400,222,0,15,1.933968,0.732506,14.1932
1,15,4.4600,223,0,15,1.965114,0.745462,14.1859
1,15,4.4800,224,0,15,1.996654,0.758934,14.1781
1,15,4.5000,225,0,15,2.028501,0.785889,14.1701
1,15,4.5200,226,0,15,2.059310,0.804964,14.1619
1,15,4.5400,227,0,15,2.089507,0.816415,14.1535
1,15,4.5600,228,0,15,2.124725,0.835122,14.1450
1,15,4.5800,229,0,15,2.162330,0.846395,14.1362
1,15,4.6000,230,0,15,2.200111,0.862387,14.1274
1,15,4.6200,231,0,15,2.238581,0.877786,14.1183
1,15,4.6400,232,0,15,2.278935,0.896496,14.1090
1,15,4.6600,233,0,15,2.320173,0.913316,14.0994
1,15,4.6800,234,0,15,2.345703,0.929555,14.0896
1,15,4.7000,235,0,15,2.383404,0.946721,14.0795
1,15,4.7200,236,0,15,2.425265,0.964933,14.0691
1,15,4.7400,237,0,15,2.469013,0.986977,14.0587
1,15,4.7600,238,0,15,2.510662,1.010365,14.0482
1,15,4.7800,239,0,15,2.551456,1.035705,14.0371
1,15,4.8000,240,0,15,2.594517,1.056324,14.0256
1,15,4.8200,241,0,15,2.642155,1.080047,14.0136
1,15,4.8400,242,0,15,2.694854,1.104076,14.0013
1,15,4.8600,243,0,15,2.755419,1.128325,13.9883
1,15,4.8800,244,0,15,2.822495,1.153177,13.9745
1,15,4.9000,245,0,15,2.891299,1.180912,13.9596
1,15,4.9200,246,0,15,2.955957,1.206403,13.9436
1,15,4.9400,247,0,15,3.021473,1.229356,13.9264
1,15,4.9600,248,0,15,3.094343,1.252130,13.9082
1,15,4.9800,249,0,15,3.174479,1.280876,13.8889
1,15,5.0000,250,0,15,3.259615,1.303860,13.8685
1,15,5.0200,251,0,15,3.349252,1.331648,13.8469
1,15,5.0400,252,0,15,3.436549,1.356300,13.8242
1,15,5.0600,253,0,15,3.530090,1.383936,13.8000
1,15,5.0800,254,0,15,3.626734,1.407932,13.7743
1,15,5.1000,255,0,15,3.725014,1.434820,13.7471
1,15,5.1200,256,0,15,3.826229,1.466618,13.7182
1,15,5.1400,257,0,15,3.930020,1.501922,13.6877
1,15,5.1600,258,0,15,4.034959,1.532153,13.6553
1,15,5.1800,259,0,15,4.139073,1.562604,13.6211
1,15,5.2000,260,0,15,4.246467,1.602270,13.5853
1,15,5.2200,261,0,15,4.347486,1.645416,13.5482
1,15,5.2400,262,0,15,4.446852,1.690434,13.5098
1,15,5.2600,263,0,15,4.545837,1.736106,13.4699
1,15,5.2800,264,0,15,4.645669,1.782219,13.4283
1,15,5.3000,265,0,15,4.746105,1.831994,13.3850
1,15,5.3200,266,0,15,4.851148,1.888137,13.3401
1,15,5.3400,267,0,15,4.954318,1.938508,13.2936
1,15,5.3600,268,0,15,5.060845,1.991617,13.2456
1,15,5.3800,269,0,15,5.169020,2.051132,13.1960
1,15,5.4000,270,0,15,5.285955,2.106944,13.1446
1,15,5.4200,271,0,15,5.407446,2.164718,13.0912
1,15,5.4400,272,0,15,5.529851,2.227686,13.0354
1,15,5.4600,273,0,15,5.654094,2.289924,12.9773
1,15,5.4800,274,0,15,5.776280,2.355092,12.9167
1,15,5.5000,275,0,15,5.896918,2.426915,12.8534
1,15,5.5200,276,0,15,6.017732,2.495273,12.7872
1,15,5.5400,277,0,15,6.145375,2.561117,12.7178
1,15,5.5600,278,0,15,6.278099,2.626165,12.6451
1,15,5.5800,279,0,15,6.415113,2.695445,12.5691
1,15,5.6000,280,0,15,6.555147,2.766038,12.4897
1,15,5.6200,281,0,15,6.698143,2.839307,12.4066
1,15,5.6400,282,0,15,6.837379,2.918859,12.3200
1,15,5.6600,283,0,15,6.972545,3.003041,12.2297
1,15,5.6800,284,0,15,7.105278,3.089469,12.1356
1,15,5.7000,285,0,15,7.237404,3.179172,12.0377
1,15,5.7200,286,0,15,7.370764,3.273315,11.9358
1,15,5.7400,287,0,15,7.507684,3.369030,11.8300
1,15,5.7600,288,0,15,7.647187,3.468404,11.7203
1,15,5.7800,289,0,15,7.789134,3.569824,11.6066
1,15,5.8000,290,0,15,7.933393,3.673495,11.4891
1,15,5.8200,291,0,15,8.079843,3.778411,11.3676
1,15,5.8400,292,0,15,8.228363,3.886547,11.2422
1,15,5.8600,293,0,15,8.378845,3.996806,11.1128
1,15,5.8800,294,0,15,8.531186,4.110834,10.9796
1,15,5.9000,295,0,15,8.685287,4.229184,10.8424
1,15,5.9200,296,0,15,8.841055,4.350887,10.7013
1,15,5.9400,297,0,15,8.998405,4.476219,10.5563
1,15,5.9600,298,0,15,9.157256,4.601277,10.4073
1,15,5.9800,299,0,15,9.317531,4.728244,10.2544
1,15,6.0000,300,0,15,9.479156,4.856646,10.0976
1,15,6.0200,301,0,15,9.642063,4.986753,9.9369
1,15,6.0400,302,0,15,9.806191,5.118402,9.7722
1,15,6.0600,303,0,15,9.971478,5.251766,9.6036
1,15,6.0800,304,0,15,10.137870,5.386302,9.4311
1,15,6.1000,305,0,15,10.305310,5.520319,9.2547
1,15,6.1200,306,0,15,10.473740,5.654246,9.0744
1,15,6.1400,307,0,15,10.643130,5.791214,8.8901
1,15,6.1600,308,0,15,10.813430,5.927193,8.7019
1,15,6.1800,309,0,15,10.984580,6.063542,8.5098
1,15,6.2000,310,0,15,11.156570,6.200696,8.3137
1,15,6.2200,311,0,15,11.329340,6.339310,8.1138
1,15,6.2400,312,0,15,11.502860,6.479655,7.9099
1,15,6.2600,313,0,15,11.677100,6.620264,7.7021
1,15,6.2800,314,0,15,11.852030,6.761783,7.4903
1,15,6.3000,315,0,15,12.027610,6.904090,7.2747
1,15,6.3200,316,0,15,12.203820,7.047049,7.0551
1,15,6.3400,317,0,15,12.380630,7.190394,6.8316
1,15,6.3600,318,0,15,12.558020,7.334755,6.6041
1,15,6.3800,319,0,15,12.735960,7.479982,6.3728
1,15,6.4000,320,0,15,12.914430,7.626269,6.1375
1,15,6.4200,321,0,15,13.093410,7.773363,5.8983
1,15,6.4400,322,0,15,13.272870,7.922372,5.6551
1,15,6.4600,323,0,15,13.452800,8.070230,5.4081
1,15,6.4800,324,0,15,13.633180,8.218177,5.1571
1,15,6.5000,325,0,15,13.813990,8.367064,4.9022
1,15,6.5200,326,0,15,13.995220,8.516600,4.6434
1,15,6.5400,327,0,15,14.176840,8.667256,4.3806
1,15,6.5600,328,0,15,14.358850,8.819098,4.1139
1,15,6.5800,329,0,15,14.541230,8.969358,3.8433
1,15,6.6000,330,0,15,14.723960,9.028110,3.5688
1,15,6.6200,331,0,15,14.907030,9.122562,3.2904
1,15,6.6400,332,0,15,15.090440,8.051157,3.0241
1,15,6.6600,333,0,15,15.274160,7.623711,2.9866
1,15,6.6800,334,0,15,15.458190,6.757370,2.9481
1,15,6.7000,335,0,15,15.642520,6.420320,2.9069
1,15,6.7200,336,0,15,15.827130,5.892690,2.8623
1,15,6.7400,337,0,15,16.012010,5.615801,2.8139
1,15,6.7600,338,0,15,16.197170,4.763105,2.7616
1,15,6.7800,339,0,15,16.382580,3.844688,2.7054
1,15,6.8000,340,0,15,16.568230,3.816746,2.6453
1,15,6.8200,341,0,15,9.276023,2.414330,2.5813
1,15,6.8400,342,0,15,5.001653,2.060804,2.5133
1,15,6.8600,343,0,15,5.145851,1.980830,2.4414
1,15,6.8800,344,0,15,5.302962,1.963356,2.3655
1,15,6.9000,345,0,15,5.477404,1.914875,2.2858
1,15,6.9200,346,0,15,5.637129,1.760057,2.2020
1,15,6.9400,347,0,15,5.789483,1.747167,2.1144
1,15,6.9600,348,0,15,5.939410,1.683428,2.0228
1,15,6.9800,349,0,15,6.091968,1.690374,1.9273
1,15,7.0000,350,0,15,6.246962,1.696999,1.8278
1,15,7.0200,351,0,15,6.404216,1.689038,1.7245
1,15,7.0400,352,0,15,6.563568,1.726956,1.6172
1,15,7.0600,353,0,15,6.724869,1.773905,1.5060
1,15,7.0800,354,0,15,6.887981,1.751361,1.3908
1,15,7.1000,355,0,15,7.052779,1.782145,1.3395
1,15,7.1200,356,0,15,7.219147,1.779480,1.3320
1,15,7.1400,357,0,15,7.386980,1.754112,1.3210
1,15,7.1600,358,0,15,7.556179,1.704904,1.3104
1,15,7.1800,359,0,15,7.409355,1.434812,1.2979
1,15,7.2000,360,0,15,7.571871,1.354616,1.2822
1,15,7.2200,361,0,15,7.735950,1.286756,1.2687
1,15,7.2400,362,0,15,3.212538,0.895915,1.2683
1,15,7.2600,363,0,15,3.285003,0.833247,1.2722
1,15,7.2800,364,0,15,3.367356,0.786661,1.2765
1,15,7.3000,365,0,15,3.458889,0.766839,1.2792
1,15,7.3200,366,0,15,3.558894,0.768240,1.2800
1,15,7.3400,367,0,15,3.666678,0.780364,1.2798
1,15,7.3600,368,0,15,3.781576,0.804611,1.2788
1,15,7.3800,369,0,15,3.902960,0.835823,1.2771
1,15,7.4000,370,0,15,4.030244,0.871609,1.2743
1,15,7.4200,371,0,15,1.765237,0.664476,1.2707
1,15,7.4400,372,0,15,1.370243,0.585872,1.2661
1,15,7.4600,373,0,15,1.327249,0.545734,1.2633
1,15,7.4800,374,1,14,1.373014,0.518370,1.2596
1,15,7.5000,375,1,14,1.466379,0.446375,1.2550
1,15,7.5200,376,1,14,1.402084,0.421791,1.2500
1,15,7.5400,377,1,14,1.361014,0.325405,1.2457
1,15,7.5600,378,1,14,1.458186,0.293830,1.2417
1,15,7.5800,379,1,14,1.238643,0.267560,1.2394
1,15,7.6000,380,1,14,1.167745,0.214664,1.2369
1,15,7.6200,381,1,14,1.164833,0.193446,1.2344
1,15,7.6400,382,1,14,1.166522,0.194137,1.2323
1,15,7.6600,383,1,14,1.173327,0.201611,1.2303
1,15,7.6800,384,1,14,1.184952,0.183568,1.2287
1,15,7.7000,385,3,12,1.201266,0.177043,1.2275
1,15,7.7200,386,3,12,1.222725,0.170327,1.2271
1,15,7.7400,387,2,13,1.248992,0.169451,1.2267
1,15,7.7600,388,2,13,1.280537,0.180581,1.2266
1,15,7.7800,389,2,13,1.317027,0.191754,1.2266
1,15,7.8000,390,2,13,1.359035,0.190623,1.2262
1,15,7.8200,391,2,13,1.406073,0.192806,1.2261
1,15,7.8400,392,3,12,1.459017,0.207792,1.2261
1,15,7.8600,393,3,12,1.516953,0.224396,1.2261
1,15,7.8800,394,4,11,1.581395,0.241096,1.2261
1,15,7.9000,395,4,11,1.650536,0.259202,1.2261
1,15,7.9200,396,4,11,1.725962,0.279212,1.2261
1,15,7.9400,397,4,11,1.807363,0.298617,1.2261
1,15,7.9600,398,4,11,1.894740,0.318368,1.2261
1,15,7.9800,399,5,10,1.988101,0.332138,1.2261
1,15,8.0000,400,5,10,1.605615,0.260640,1.2261
1,15,8.0200,401,6,9,1.356959,0.207973,1.2261
1,15,8.0400,402,10,5,1.452459,0.205741,1.2261
1,15,8.0600,403,10,5,1.469347,0.204393,1.2261
1,15,8.0800,404,10,5,1.024527,0.139036,1.2261
1,15,8.1000,405,10,5,1.110756,0.133057,1.2261
1,15,8.1200,406,10,5,1.201710,0.115876,1.2261
1,15,8.1400,407,10,5,1.294911,0.105039,1.2261
1,15,8.1600,408,10,5,1.394699,0.107470,1.2261
1,15,8.1800,409,10,5,0.503939,0.048408,1.2261
1,15,8.2000,410,10,5,0.267036,0.032698,1.2261
1,15,8.2200,411,11,4,0.206940,0.028724,1.2261
1,15,8.2400,412,11,4,0.222160,0.020156,1.2261
1,15,8.2600,413,11,4,0.313785,0.029828,1.2261
1,15,8.2800,414,11,4,0.406412,0.042912,1.2261
1,15,8.3000,415,11,4,0.500326,0.040528,1.2261
1,15,8.3200,416,11,4,0.595815,0.040809,1.2261
1,15,8.3400,417,11,4,0.693218,0.047018,1.2261
1,15,8.3600,418,11,4,0.793082,0.053440,1.2261
1,15,8.3800,419,11,4,0.581291,0.038914,1.2261
1,15,8.4000,420,11,4,0.135396,0.009059,1.2261
1,15,8.4200,421,11,4,0.024779,0.001690,1.2261
1,15,8.4400,422,11,4,0.059441,0.003978,1.2261
1,15,8.4600,423,12,3,0.023179,0.001549,1.2261
1,15,8.4800,424,12,3,0.004854,0.000327,1.2261
1,15,8.5000,425,12,3,0.004551,0.000304,1.2261
1,15,8.5200,426,12,3,0.003013,0.000202,1.2261
1,15,8.5400,427,14,1,0.000753,0.000050,1.2261
1,15,8.5600,428,14,1,0.000205,0.000014,1.2261
1,15,8.5800,429,14,1,0.000167,0.000011,1.2261
1,15,8.6000,430,14,1,0.000076,0.000005,1.2261
1,15,8.6200,431,14,1,0.000020,0.000001,1.2261
1,15,8.6400,432,14,1,0.000015,0.000001,1.2261
1,15,8.6600,433,14,1,0.000012,0.000001,1.2261
1,15,8.6800,434,14,1,0.000007,0.000000,1.2261
1,15,8.7000,435,14,1,0.000001,0.000000,1.2261
1,15,8.7200,436,14,1,0.000003,0.000000,1.2261
1,15,8.7400,437,14,1,0.000004,0.000000,1.2261
1,15,8.7600,438,14,1,0.000003,0.000000,1.2261
1,15,8.7800,439,14,1,0.000003,0.000000,1.2261
1,15,8.8000,440,14,1,0.000003,0.000000,1.2261
1,15,8.8200,441,14,1,0.000002,0.000000,1.2261
1,15,8.8400,442,15,0,0.000000,0.000000,1.2261
2,15,0.0200,1,0,15,0.000000,0.000000,14.5000
2,15,0.0400,2,0,15,0.196200,0.159611,14.4961
2,15,0.0600,3,0,15,0.390859,0.292441,14.4883
2,15,0.0800,4,0,15,0.572578,0.398524,14.4767
2,15,0.1000,5,0,15,0.722772,0.477681,14.4622
2,15,0.1200,6,0,15,0.827021,0.529820,14.4455
2,15,0.1400,7,0,15,0.879376,0.555057,14.4277
2,15,0.1600,8,0,15,0.881251,0.553997,14.4099
2,15,0.1800,9,0,15,0.838462,0.528040,14.3930
2,15,0.2000,10,0,15,0.759099,0.479739,14.3778
2,15,0.2200,11,0,15,0.651821,0.412467,14.3648
2,15,0.2400,12,0,15,0.525882,0.345464,14.3545
2,15,0.2600,13,0,15,0.393254,0.261439,14.3471
2,15,0.2800,14,0,15,0.273760,0.180311,14.3426
2,15,0.3000,15,0,15,0.195859,0.110185,14.3409
2,15,0.3200,16,0,15,0.192688,0.085560,14.3416
2,15,0.3400,17,0,15,0.254139,0.135973,14.3447
2,15,0.3600,18,0,15,0.338255,0.198843,14.3499
2,15,0.3800,19,0,15,0.420202,0.254479,14.3569
2,15,0.4000,20,0,15,0.488474,0.297393,14.3653
2,15,0.4200,21,0,15,0.537118,0.325827,14.3746
2,15,0.4400,22,0,15,0.563084,0.339459,14.3844
2,15,0.4600,23,0,15,0.565628,0.338760,14.3942
2,15,0.4800,24,0,15,0.546180,0.324766,14.4035
2,15,0.5000,25,0,15,0.507672,0.299079,14.4120
2,15,0.5200,26,0,15,0.454300,0.263880,14.4192
2,15,0.5400,27,0,15,0.391202,0.221863,14.4250
2,15,0.5600,28,0,15,0.324875,0.176508,14.4291
2,15,0.5800,29,0,15,0.263957,0.132609,14.4316
2,15,0.6000,30,0,15,0.219947,0.098411,14.4323
2,15,0.6200,31,0,15,0.204353,0.092604,14.4315
2,15,0.6400,32,0,15,0.215579,0.113850,14.4291
2,15,0.6600,33,0,15,0.242765,0.141874,14.4253
2,15,0.6800,34,0,15,0.276607,0.167677,14.4205
2,15,0.7000,35,0,15,0.306931,0.187914,14.4150
2,15,0.7200,36,0,15,0.327250,0.200699,14.4090
2,15,0.7400,37,0,15,0.335769,0.205476,14.4028
2,15,0.7600,38,0,15,0.332547,0.201917,14.3967
2,15,0.7800,39,0,15,0.324516,0.190396,14.3909
2,15,0.8000,40,0,15,0.305561,0.172424,14.3856
2,15,0.8200,41,0,15,0.277342,0.149622,14.3811
2,15,0.8400,42,0,15,0.246582,0.123734,14.3775
2,15,0.8600,43,0,15,0.218006,0.096947,14.3750
2,15,0.8800,44,0,15,0.196586,0.072667,14.3736
2,15,0.9000,45,0,15,0.187633,0.059839,14.3730
2,15,0.9200,46,0,15,0.188428,0.066077,14.3734
2,15,0.9400,47,0,15,0.200009,0.081778,14.3747
2,15,0.9600,48,0,15,0.216693,0.099489,14.3768
2,15,0.9800,49,0,15,0.231950,0.115008,14.3796
2,15,1.0000,50,0,15,0.242142,0.127023,14.3829
2,15,1.0200,51,0,15,0.245694,0.134737,14.3865
2,15,1.0400,52,0,15,0.242180,0.138016,14.3902
2,15,1.0600,53,0,15,0.231927,0.136921,14.3938
2,15,1.0800,54,0,15,0.215785,0.132097,14.3972
2,15,1.1000,55,0,15,0.194652,0.124449,14.4003
2,15,1.1200,56,0,15,0.173488,0.115101,14.4028
2,15,1.1400,57,0,15,0.159645,0.105729,14.4049
2,15,1.1600,58,0,15,0.152158,0.098043,14.4063
2,15,1.1800,59,0,15,0.148839,0.093503,14.4071
2,15,1.2000,60,0,15,0.153747,0.093242,14.4073
2,15,1.2200,61,0,15,0.162693,0.097191,14.4069
2,15,1.2400,62,0,15,0.172941,0.103998,14.4060
2,15,1.2600,63,0,15,0.182852,0.112112,14.4046
2,15,1.2800,64,0,15,0.191199,0.119598,14.4029
2,15,1.3000,65,0,15,0.197135,0.126082,14.4008
2,15,1.3200,66,0,15,0.200260,0.130669,14.3987
2,15,1.3400,67,0,15,0.200541,0.133294,14.3964
2,15,1.3600,68,0,15,0.197978,0.134066,14.3943
2,15,1.3800,69,0,15,0.193284,0.133229,14.3923
2,15,1.4000,70,0,15,0.186104,0.131298,14.3905
2,15,1.4200,71,0,15,0.178045,0.128802,14.3890
2,15,1.4400,72,0,15,0.170267,0.126364,14.3879
2,15,1.4600,73,0,15,0.163561,0.124519,14.3871
2,15,1.4800,74,0,15,0.158698,0.123625,14.3868
2,15,1.5000,75,0,15,0.154838,0.123772,14.3868
2,15,1.5200,76,0,15,0.163910,0.124793,14.3872
2,15,1.5400,77,0,15,0.175364,0.126342,14.3879
2,15,1.5600,78,0,15,0.186853,0.128006,14.3888
2,15,1.5800,79,0,15,0.197575,0.129401,14.3900
2,15,1.6000,80,0,15,0.207112,0.130232,14.3913
2,15,1.6200,81,0,15,0.215030,0.130322,14.3927
2,15,1.6400,82,0,15,0.221419,0.129623,14.3941
2,15,1.6600,83,0,15,0.226510,0.128204,14.3955
2,15,1.6800,84,0,15,0.230669,0.126230,14.3967
2,15,1.7000,85,0,15,0.234395,0.123933,14.3978
2,15,1.7200,86,0,15,0.238168,0.121577,14.3987
2,15,1.7400,87,0,15,0.242446,0.119429,14.3994
2,15,1.7600,88,0,15,0.247540,0.117731,14.3997
2,15,1.7800,89,0,15,0.253599,0.116668,14.3999
2,15,1.8000,90,0,15,0.260614,0.116343,14.3998
2,15,1.8200,91,0,15,0.268475,0.116623,14.3994
2,15,1.8400,92,0,15,0.277019,0.117432,14.3989
2,15,1.8600,93,0,15,0.286066,0.118535,14.3982
2,15,1.8800,94,0,15,0.295455,0.119645,14.3973
2,15,1.9000,95,0,15,0.305471,0.120416,14.3963
2,15,1.9200,96,0,15,0.316595,0.120913,14.3950
2,15,1.9400,97,0,15,0.326204,0.121693,14.3938
2,15,1.9600,98,0,15,0.335500,0.122625,14.3926
2,15,1.9800,99,0,15,0.345604,0.123688,14.3915
2,15,2.0000,100,0,15,0.356648,0.125063,14.3905
2,15,2.0200,101,0,15,0.368352,0.126980,14.3895
2,15,2.0400,102,0,15,0.378842,0.129063,14.3885
2,15,2.0600,103,0,15,0.388753,0.130957,14.3877
2,15,2.0800,104,0,15,0.399158,0.132472,14.3871
2,15,2.1000,105,0,15,0.409817,0.133833,14.3867
2,15,2.1200,106,0,15,0.419935,0.135491,14.3865
2,15,2.1400,107,0,15,0.428790,0.140181,14.3864
2,15,2.1600,108,0,15,0.435833,0.150307,14.3863
2,15,2.1800,109,0,15,0.442034,0.153286,14.3860
2,15,2.2000,110,0,15,0.446706,0.155885,14.3856
2,15,2.2200,111,0,15,0.448529,0.159569,14.3852
2,15,2.2400,112,0,15,0.448044,0.163563,14.3850
2,15,2.2600,113,0,15,0.454521,0.168743,14.3849
2,15,2.2800,114,0,15,0.452405,0.174455,14.3849
2,15,2.3000,115,0,15,0.449857,0.179572,14.3849
2,15,2.3200,116,0,15,0.447739,0.184112,14.3849
2,15,2.3400,117,0,15,0.446711,0.188147,14.3848
2,15,2.3600,118,0,15,0.446809,0.191561,14.3846
2,15,2.3800,119,0,15,0.447671,0.194365,14.3844
2,15,2.4000,120,0,15,0.449124,0.196550,14.3842
2,15,2.4200,121,0,15,0.450984,0.198172,14.3839
2,15,2.4400,122,0,15,0.453090,0.199312,14.3836
2,15,2.4600,123,0,15,0.455327,0.200041,14.3833
2,15,2.4800,124,0,15,0.457630,0.200437,14.3830
2,15,2.5000,125,0,15,0.459977,0.200593,14.3826
2,15,2.5200,126,0,15,0.462361,0.200571,14.3822
2,15,2.5400,127,0,15,0.464770,0.204802,14.3817
2,15,2.5600,128,0,15,0.466358,0.204758,14.3812
2,15,2.5800,129,0,15,0.467237,0.206128,14.3805
2,15,2.6000,130,0,15,0.467642,0.208361,14.3796
2,15,2.6200,131,0,15,0.467482,0.209826,14.3786
2,15,2.6400,132,0,15,0.467218,0.210907,14.3775
2,15,2.6600,133,0,15,0.467763,0.211095,14.3765
2,15,2.6800,134,0,15,0.469962,0.210759,14.3755
2,15,2.7000,135,0,15,0.474286,0.210658,14.3745
2,15,2.7200,136,0,15,0.480838,0.211393,14.3736
2,15,2.7400,137,0,15,0.489476,0.212944,14.3728
2,15,2.7600,138,0,15,0.499923,0.215299,14.3720
2,15,2.7800,139,0,15,0.525846,0.217389,14.3714
2,15,2.8000,140,0,15,0.539257,0.222923,14.3707
2,15,2.8200,141,0,15,0.553240,0.226455,14.3703
2,15,2.8400,142,0,15,0.564596,0.229923,14.3702
2,15,2.8600,143,0,15,0.574566,0.233928,14.3703
2,15,2.8800,144,0,15,0.583805,0.238222,14.3704
2,15,2.9000,145,0,15,0.593395,0.242326,14.3706
2,15,2.9200,146,0,15,0.603890,0.247907,14.3707
2,15,2.9400,147,0,15,0.615504,0.252988,14.3709
2,15,2.9600,148,0,15,0.628293,0.258794,14.3710
2,15,2.9800,149,0,15,0.641520,0.263988,14.3710
2,15,3.0000,150,0,15,0.653814,0.268888,14.3710
2,15,3.0200,151,0,15,0.664446,0.273567,14.3708
2,15,3.0400,152,0,15,0.673829,0.278127,14.3705
2,15,3.0600,153,0,15,0.682561,0.282611,14.3700
2,15,3.0800,154,0,15,0.690946,0.287079,14.3693
2,15,3.1000,155,0,15,0.699124,0.291573,14.3684
2,15,3.1200,156,0,15,0.707182,0.296113,14.3674
2,15,3.1400,157,0,15,0.715205,0.300697,14.3662
2,15,3.1600,158,0,15,0.723196,0.305338,14.3648
2,15,3.1800,159,0,15,0.731098,0.310018,14.3633
2,15,3.2000,160,0,15,0.721543,0.318064,14.3617
2,15,3.2200,161,0,15,0.725953,0.320908,14.3599
2,15,3.2400,162,0,15,0.735941,0.330104,14.3582
2,15,3.2600,163,0,15,0.748535,0.331558,14.3567
2,15,3.2800,164,0,15,0.755348,0.333524,14.3552
2,15,3.3000,165,0,15,0.760599,0.337029,14.3539
2,15,3.3200,166,0,15,0.767671,0.340560,14.3526
2,15,3.3400,167,0,15,0.777683,0.343350,14.3513
2,15,3.3600,168,0,15,0.790073,0.345572,14.3499
2,15,3.3800,169,0,15,0.803474,0.347777,14.3484
2,15,3.4000,170,0,15,0.816633,0.350248,14.3469
2,15,3.4200,171,0,15,0.828827,0.353057,14.3455
2,15,3.4400,172,0,15,0.839876,0.356175,14.3441
2,15,3.4600,173,0,15,0.849954,0.359543,14.3428
2,15,3.4800,174,0,15,0.859450,0.363122,14.3417
2,15,3.5000,175,0,15,0.868822,0.366975,14.3407
2,15,3.5200,176,0,15,0.878256,0.371202,14.3399
2,15,3.5400,177,0,15,0.887700,0.375669,14.3391
2,15,3.5600,178,0,15,0.900533,0.380324,14.3385
2,15,3.5800,179,0,15,0.910456,0.385135,14.3379
2,15,3.6000,180,0,15,0.920103,0.398993,14.3372
2,15,3.6200,181,0,15,0.924585,0.406147,14.3363
2,15,3.6400,182,0,15,0.926407,0.416241,14.3353
2,15,3.6600,183,0,15,0.931577,0.427395,14.3341
2,15,3.6800,184,0,15,0.941428,0.437004,14.3326
2,15,3.7000,185,0,15,0.955248,0.446287,14.3309
2,15,3.7200,186,0,15,0.971104,0.454028,14.3291
2,15,3.7400,187,0,15,0.986980,0.461140,14.3271
2,15,3.7600,188,0,15,1.001498,0.469717,14.3250
2,15,3.7800,189,0,15,1.014189,0.478568,14.3227
2,15,3.8000,190,0,15,1.025226,0.484811,14.3204
2,15,3.8200,191,0,15,1.034993,0.490210,14.3180
2,15,3.8400,192,0,15,1.044309,0.495988,14.3155
2,15,3.8600,193,0,15,1.054040,0.501282,14.3130
2,15,3.8800,194,0,15,1.065377,0.506642,14.3105
2,15,3.9000,195,0,15,1.078746,0.512800,14.3080
2,15,3.9200,196,0,15,1.089638,0.519511,14.3054
2,15,3.9400,197,0,15,1.105848,0.526567,14.3029
2,15,3.9600,198,0,15,1.123776,0.533853,14.3006
2,15,3.9800,199,0,15,1.144404,0.540993,14.2984
2,15,4.0000,200,0,15,1.163622,0.547902,14.2962
2,15,4.0200,201,0,15,1.181145,0.554664,14.2941
2,15,4.0400,202,0,15,1.197815,0.560969,14.2919
2,15,4.0600,203,0,15,1.214694,0.566451,14.2897
2,15,4.0800,204,0,15,1.232602,0.572646,14.2876
2,15,4.1000,205,0,15,1.252066,0.579121,14.2854
2,15,4.1200,206,0,15,1.273338,0.585608,14.2832
2,15,4.1400,207,0,15,1.296258,0.592039,14.2810
2,15,4.1600,208,0,15,1.320670,0.597954,14.2786
2,15,4.1800,209,0,15,1.346574,0.604314,14.2761
2,15,4.2000,210,0,15,1.373897,0.610391,14.2735
2,15,4.2200,211,0,15,1.405800,0.616260,14.2708
2,15,4.2400,212,0,15,1.435797,0.622343,14.2678
2,15,4.2600,213,0,15,1.460680,0.628939,14.2645
2,15,4.2800,214,0,15,1.483643,0.636142,14.2609
2,15,4.3000,215,0,15,1.509761,0.643320,14.2571
2,15,4.3200,216,0,15,1.540309,0.650760,14.2530
2,15,4.3400,217,0,15,1.575352,0.658554,14.2485
2,15,4.3600,218,0,15,1.614048,0.667313,14.2438
2,15,4.3800,219,0,15,1.655188,0.677694,14.2388
2,15,4.4000,220,0,15,1.697538,0.686029,14.2335
2,15,4.4200,221,0,15,1.739919,0.694649,14.2280
2,15,4.4400,222,0,15,1.794028,0.703462,14.2221
2,15,4.4600,223,0,15,1.835590,0.711982,14.2159
2,15,4.4800,224,0,15,1.872831,0.720547,14.2093
2,15,4.5000,225,0,15,1.908181,0.730109,14.2026
2,15,4.5200,226,0,15,1.942590,0.740553,14.1956
2,15,4.5400,227,0,15,1.976336,0.751120,14.1885
2,15,4.5600,228,0,15,2.009712,0.758821,14.1811
2,15,4.5800,229,0,15,2.030954,0.771556,14.1738
2,15,4.6000,230,0,15,2.064343,0.792107,14.1662
2,15,4.6200,231,0,15,2.106193,0.804517,14.1585
2,15,4.6400,232,0,15,2.151182,0.821505,14.1504
2,15,4.6600,233,0,15,2.193175,0.833350,14.1420
2,15,4.6800,234,0,15,2.230888,0.848981,14.1332
2,15,4.7000,235,0,15,2.265556,0.876104,14.1241
2,15,4.7200,236,0,15,2.298851,0.882185,14.1148
2,15,4.7400,237,0,15,2.328995,0.896723,14.1052
2,15,4.7600,238,0,15,2.357008,0.914267,14.0953
2,15,4.7800,239,0,15,2.387418,0.930626,14.0853
2,15,4.8000,240,0,15,2.421929,0.947058,14.0752
2,15,4.8200,241,0,15,2.468876,0.968386,14.0645
2,15,4.8400,242,0,15,2.508822,0.995966,14.0535
2,15,4.8600,243,0,15,2.555114,1.025302,14.0423
2,15,4.8800,244,0,15,2.606810,1.054139,14.0307
2,15,4.9000,245,0,15,2.657432,1.078095,14.0186
2,15,4.9200,246,0,15,2.705769,1.099749,14.0057
2,15,4.9400,247,0,15,2.753862,1.130774,13.9920
2,15,4.9600,248,0,15,2.804927,1.160345,13.9775
2,15,4.9800,249,0,15,2.858358,1.190340,13.9621
2,15,5.0000,250,0,15,2.917198,1.218194,13.9457
2,15,5.0200,251,0,15,2.983012,1.244328,13.9283
2,15,5.0400,252,0,15,3.056302,1.268160,13.9099
2,15,5.0600,253,0,15,3.114999,1.293218,13.8905
2,15,5.0800,254,0,15,3.187532,1.318465,13.8702
2,15,5.1000,255,0,15,3.272007,1.349285,13.8485
2,15,5.1200,256,0,15,3.359375,1.379070,13.8252
2,15,5.1400,257,0,15,3.451657,1.409967,13.8002
2,15,5.1600,258,0,15,3.569019,1.444671,13.7735
2,15,5.1800,259,0,15,3.681577,1.480198,13.7455
2,15,5.2000,260,0,15,3.797343,1.520533,13.7158
2,15,5.2200,261,0,15,3.918027,1.557104,13.6845
2,15,5.2400,262,0,15,4.038913,1.593904,13.6514
2,15,5.2600,263,0,15,4.158087,1.626833,13.6165
2,15,5.2800,264,0,15,4.279249,1.662877,13.5797
2,15,5.3000,265,0,15,4.400764,1.701007,13.5412
2,15,5.3200,266,0,15,4.523179,1.737733,13.5007
2,15,5.3400,267,0,15,4.643710,1.780046,13.4583
2,15,5.3600,268,0,15,4.762719,1.828255,13.4140
2,15,5.3800,269,0,15,4.882981,1.877778,13.3679
2,15,5.4000,270,0,15,5.006232,1.932242,13.3199
2,15,5.4200,271,0,15,5.133041,1.990764,13.2700
2,15,5.4400,272,0,15,5.263370,2.046103,13.2179
2,15,5.4600,273,0,15,5.397152,2.107480,13.1636
2,15,5.4800,274,0,15,5.533931,2.169425,13.1069
2,15,5.5000,275,0,15,5.673316,2.234366,13.0475
2,15,5.5200,276,0,15,5.813119,2.301110,12.9854
2,15,5.5400,277,0,15,5.951972,2.365849,12.9204
2,15,5.5600,278,0,15,6.089283,2.430910,12.8523
2,15,5.5800,279,0,15,6.223042,2.498197,12.7808
2,15,5.6000,280,0,15,6.354063,2.568421,12.7057
2,15,5.6200,281,0,15,6.481975,2.642685,12.6272
2,15,5.6400,282,0,15,6.613675,2.721152,12.5452
2,15,5.6600,283,0,15,6.745871,2.803517,12.4596
2,15,5.6800,284,0,15,6.877467,2.890860,12.3704
2,15,5.7000,285,0,15,7.010267,2.980963,12.2772
2,15,5.7200,286,0,15,7.142892,3.072751,12.1802
2,15,5.7400,287,0,15,7.277570,3.167389,12.0793
2,15,5.7600,288,0,15,7.414994,3.265323,11.9744
2,15,5.7800,289,0,15,7.555014,3.365170,11.8656
2,15,5.8000,290,0,15,7.697488,3.468335,11.7529
2,15,5.8200,291,0,15,7.842283,3.574486,11.6362
2,15,5.8400,292,0,15,7.989272,3.683318,11.5157
2,15,5.8600,293,0,15,8.138337,3.794533,11.3912
2,15,5.8800,294,0,15,8.289365,3.907655,11.2627
2,15,5.9000,295,0,15,8.442251,4.024541,11.1304
2,15,5.9200,296,0,15,8.596896,4.146123,10.9941
2,15,5.9400,297,0,15,8.753207,4.270718,10.8540
2,15,5.9600,298,0,15,8.911097,4.398462,10.7098
2,15,5.9800,299,0,15,9.070480,4.526798,10.5618
2,15,6.0000,300,0,15,9.231284,4.655805,10.4098
2,15,6.0200,301,0,15,9.393432,4.785929,10.2540
2,15,6.0400,302,0,15,9.556857,4.917431,10.0941
2,15,6.0600,303,0,15,9.721496,5.050818,9.9304
2,15,6.0800,304,0,15,9.887285,5.185921,9.7628
2,15,6.1000,305,0,15,10.054170,5.321694,9.5912
2,15,6.1200,306,0,15,10.222100,5.458048,9.4157
2,15,6.1400,307,0,15,10.391010,5.595453,9.2362
2,15,6.1600,308,0,15,10.560870,5.734314,9.0529
2,15,6.1800,309,0,15,10.731630,5.874063,8.8656
2,15,6.2000,310,0,15,10.903250,6.014841,8.6744
2,15,6.2200,311,0,15,11.075680,6.156552,8.4793
2,15,6.2400,312,0,15,11.248890,6.299007,8.2802
2,15,6.2600,313,0,15,11.422840,6.441926,8.0773
2,15,6.2800,314,0,15,11.597510,6.585982,7.8704
2,15,6.3000,315,0,15,11.772850,6.731069,7.6595
2,15,6.3200,316,0,15,11.948840,6.877002,7.4448
2,15,6.3400,317,0,15,12.125450,7.023589,7.2261
2,15,6.3600,318,0,15,12.302660,7.171438,7.0035
2,15,6.3800,319,0,15,12.480430,7.320192,6.7770
2,15,6.4000,320,0,15,12.658750,7.469670,6.5466
2,15,6.4200,321,0,15,12.837590,7.619901,6.3122
2,15,6.4400,322,0,15,13.016930,7.771895,6.0739
2,15,6.4600,323,0,15,13.196750,7.924041,5.8317
2,15,6.4800,324,0,15,13.377030,8.076693,5.5856
2,15,6.5000,325,0,15,13.557750,8.230329,5.3355
2,15,6.5200,326,0,15,13.738900,8.384892,5.0815
2,15,6.5400,327,0,15,13.920450,8.540303,4.8236
2,15,6.5600,328,0,15,14.102400,8.696384,4.5618
2,15,6.5800,329,0,15,14.284730,8.848039,4.2960
2,15,6.6000,330,0,15,14.467410,8.853380,4.0263
2,15,6.6200,331,0,15,14.650450,8.978655,3.7527
2,15,6.6400,332,0,15,14.833820,8.945862,3.4752
2,15,6.6600,333,0,15,15.017520,8.584457,3.1938
2,15,6.6800,334,0,15,15.201530,7.984726,2.9084
2,15,6.7000,335,0,15,15.385840,7.494860,2.6191
2,15,6.7200,336,0,15,15.570450,7.225991,2.5172
2,15,6.7400,337,0,15,15.755330,7.088023,2.4520
2,15,6.7600,338,0,15,15.940480,6.194877,2.3829
2,15,6.7800,339,0,15,16.125890,5.853053,2.3098
2,15,6.8000,340,0,15,16.311560,5.226384,2.2328
2,15,6.8200,341,0,15,16.497470,4.377777,2.1519
2,15,6.8400,342,0,15,16.683620,3.446836,2.0670
2,15,6.8600,343,0,15,6.108441,2.458321,1.9783
2,15,6.8800,344,0,15,6.252458,2.392882,1.8856
2,15,6.9000,345,0,15,6.399249,2.400526,1.7889
2,15,6.9200,346,0,15,6.548628,2.393830,1.6884
2,15,6.9400,347,0,15,6.700422,2.188155,1.5853
2,15,6.9600,348,0,15,6.854472,2.094201,1.5916
2,15,6.9800,349,0,15,7.010627,1.999208,1.5952
2,15,7.0000,350,0,15,7.168751,1.976869,1.5934
2,15,7.0200,351,0,15,7.328716,1.958481,1.5892
2,15,7.0400,352,0,15,7.490405,1.941626,1.5838
2,15,7.0600,353,0,15,7.653707,1.902830,1.5775
2,15,7.0800,354,0,15,7.818521,1.725424,1.5728
2,15,7.1000,355,0,15,8.092900,1.628120,1.5694
2,15,7.1200,356,0,15,6.624828,1.385178,1.5661
2,15,7.1400,357,0,15,4.510449,1.220434,1.5623
2,15,7.1600,358,0,15,2.732866,1.078760,1.5578
2,15,7.1800,359,0,15,2.583091,1.051973,1.5526
2,15,7.2000,360,0,15,2.439909,1.034548,1.5467
2,15,7.2200,361,0,15,2.144060,0.990572,1.5400
2,15,7.2400,362,0,15,2.227350,0.970495,1.5324
2,15,7.2600,363,0,15,2.317742,0.966945,1.5238
2,15,7.2800,364,0,15,2.178526,0.955180,1.5142
2,15,7.3000,365,0,15,1.818835,0.873456,1.5035
2,15,7.3200,366,0,15,1.851670,0.809429,1.5001
2,15,7.3400,367,0,15,2.040683,0.780689,1.5035
2,15,7.3600,368,0,15,2.235848,0.764279,1.5109
2,15,7.3800,369,0,15,2.419461,0.770908,1.5171
2,15,7.4000,370,0,15,2.606815,0.793430,1.5217
2,15,7.4200,371,0,15,2.800209,0.791925,1.5250
2,15,7.4400,372,0,15,1.865554,0.639658,1.5278
2,15,7.4600,373,0,15,2.025309,0.590396,1.5302
2,15,7.4800,374,1,14,1.714015,0.566241,1.5322
2,15,7.5000,375,1,14,1.344802,0.548052,1.5339
2,15,7.5200,376,1,14,1.162597,0.550727,1.5353
2,15,7.5400,377,1,14,1.098082,0.484860,1.5363
2,15,7.5600,378,1,14,0.880922,0.363069,1.5371
2,15,7.5800,379,2,13,0.912648,0.317628,1.5377
2,15,7.6000,380,2,13,0.948023,0.297975,1.5379
2,15,7.6200,381,2,13,0.987260,0.292294,1.5379
2,15,7.6400,382,2,13,1.069036,0.317553,1.5376
2,15,7.6600,383,2,13,1.164983,0.342294,1.5370
2,15,7.6800,384,2,13,1.128876,0.342095,1.5361
2,15,7.7000,385,2,13,1.184749,0.298924,1.5349
2,15,7.7200,386,2,13,1.244790,0.281606,1.5334
2,15,7.7400,387,2,13,1.309978,0.273011,1.5315
2,15,7.7600,388,2,13,1.379285,0.270622,1.5293
2,15,7.7800,389,2,13,1.454541,0.282970,1.5267
2,15,7.8000,390,2,13,1.533537,0.294635,1.5236
2,15,7.8200,391,3,12,1.619707,0.295462,1.5200
2,15,7.8400,392,3,12,1.708550,0.298616,1.5159
2,15,7.8600,393,3,12,1.803868,0.312828,1.5112
2,15,7.8800,394,3,12,0.989767,0.266449,1.5058
2,15,7.9000,395,3,12,1.007133,0.241721,1.5012
2,15,7.9200,396,3,12,0.961472,0.217240,1.5005
2,15,7.9400,397,3,12,1.013534,0.205198,1.5035
2,15,7.9600,398,3,12,1.073787,0.194845,1.5083
2,15,7.9800,399,3,12,1.137730,0.183975,1.5125
2,15,8.0000,400,3,12,1.203228,0.174494,1.5153
2,15,8.0200,401,3,12,1.278491,0.168018,1.5172
2,15,8.0400,402,3,12,1.355947,0.172304,1.5183
2,15,8.0600,403,3,12,1.435168,0.177815,1.5190
2,15,8.0800,404,3,12,1.524014,0.183913,1.5192
2,15,8.1000,405,3,12,1.616030,0.200180,1.5189
2,15,8.1200,406,3,12,1.462498,0.207896,1.5181
2,15,8.1400,407,3,12,1.138392,0.203560,1.5168
2,15,8.1600,408,9,6,1.131085,0.183517,1.5149
2,15,8.1800,409,9,6,1.143315,0.186410,1.5124
2,15,8.2000,410,9,6,1.174133,0.203093,1.5093
2,15,8.2200,411,9,6,1.212824,0.217321,1.5056
2,15,8.2400,412,9,6,1.264932,0.233240,1.5013
2,15,8.2600,413,9,6,1.324207,0.225244,1.4999
2,15,8.2800,414,9,6,1.393933,0.221363,1.4998
2,15,8.3000,415,9,6,1.470789,0.224443,1.5013
2,15,8.3200,416,9,6,1.555675,0.227314,1.5031
2,15,8.3400,417,9,6,1.643268,0.230410,1.5041
2,15,8.3600,418,9,6,1.747315,0.235484,1.5043
2,15,8.3800,419,9,6,1.665335,0.221597,1.5038
2,15,8.4000,420,9,6,1.103857,0.132131,1.5029
2,15,8.4200,421,9,6,0.823371,0.115870,1.5014
2,15,8.4400,422,9,6,0.601645,0.101334,1.5002
2,15,8.4600,423,9,6,0.493332,0.081055,1.4998
2,15,8.4800,424,9,6,0.402207,0.060716,1.4997
2,15,8.5000,425,9,6,0.343991,0.043362,1.4997
2,15,8.5200,426,9,6,0.261027,0.026309,1.4999
2,15,8.5400,427,9,6,0.207415,0.031952,1.4998
2,15,8.5600,428,9,6,0.274077,0.046540,1.4997
2,15,8.5800,429,9,6,0.375856,0.060949,1.4997
2,15,8.6000,430,9,6,0.493166,0.074262,1.4997
2,15,8.6200,431,10,5,0.492226,0.076517,1.4997
2,15,8.6400,432,10,5,0.593717,0.081490,1.4997
2,15,8.6600,433,10,5,0.525880,0.066089,1.4997
2,15,8.6800,434,10,5,0.160056,0.026488,1.4997
2,15,8.7000,435,10,5,0.170046,0.019617,1.4997
2,15,8.7200,436,10,5,0.181906,0.019627,1.4997
2,15,8.7400,437,10,5,0.194552,0.016473,1.4997
2,15,8.7600,438,10,5,0.208008,0.015200,1.4997
2,15,8.7800,439,10,5,0.222322,0.015909,1.4997
2,15,8.8000,440,10,5,0.237554,0.016836,1.4997
2,15,8.8200,441,10,5,0.253762,0.017779,1.4997
2,15,8.8400,442,10,5,0.271017,0.018809,1.4997
2,15,8.8600,443,10,5,0.289419,0.019919,1.4997
2,15,8.8800,444,12,3,0.308920,0.020603,1.4997
2,15,8.9000,445,12,3,0.329740,0.021989,1.4997
2,15,8.9200,446,12,3,0.351926,0.023468,1.4997
2,15,8.9400,447,12,3,0.375553,0.025043,1.4997
2,15,8.9600,448,12,3,0.400749,0.026722,1.4997
2,15,8.9800,449,12,3,0.427468,0.028504,1.4997
2,15,9.0000,450,12,3,0.456007,0.030406,1.4997
2,15,9.0200,451,12,3,0.486401,0.032433,1.4997
2,15,9.0400,452,13,2,0.518793,0.034588,1.4997
2,15,9.0600,453,13,2,0.553156,0.036879,1.4997
2,15,9.0800,454,13,2,0.589847,0.039325,1.4997
2,15,9.1000,455,13,2,0.628923,0.041929,1.4997
2,15,9.1200,456,14,1,0.670400,0.044693,1.4997
2,15,9.1400,457,14,1,0.714628,0.047642,1.4997
2,15,9.1600,458,14,1,0.761640,0.050776,1.4997
2,15,9.1800,459,14,1,0.811575,0.054105,1.4997
2,15,9.2000,460,14,1,0.864812,0.057654,1.4997
2,15,9.2200,461,14,1,0.921148,0.061410,1.4997
2,15,9.2400,462,14,1,0.981194,0.065413,1.4997
2,15,9.2600,463,14,1,1.044699,0.069647,1.4997
2,15,9.2800,464,14,1,1.112390,0.074159,1.4997
2,15,9.3000,465,14,1,1.183688,0.078913,1.4997
2,15,9.3200,466,14,1,1.259883,0.083992,1.4997
2,15,9.3400,467,14,1,1.339533,0.089302,1.4997
2,15,9.3600,468,14,1,1.425156,0.095010,1.4997
2,15,9.3800,469,14,1,1.513556,0.100904,1.4997
2,15,9.4000,470,9,6,0.730333,0.072079,1.4997
2,15,9.4200,471,9,6,0.464342,0.051989,1.4997
2,15,9.4400,472,9,6,0.302490,0.039194,1.4997
2,15,9.4600,473,9,6,0.179775,0.026591,1.4997
2,15,9.4800,474,9,6,0.085634,0.014611,1.4997
2,15,9.5000,475,9,6,0.075857,0.011975,1.4997
2,15,9.5200,476,9,6,0.113068,0.013104,1.4997
2,15,9.5400,477,9,6,0.103508,0.012925,1.4997
2,15,9.5600,478,9,6,0.126643,0.016368,1.4997
2,15,9.5800,479,9,6,0.147281,0.019878,1.4997
2,15,9.6000,480,9,6,0.164364,0.022612,1.4997
2,15,9.6200,481,9,6,0.170973,0.024134,1.4997
2,15,9.6400,482,9,6,0.167860,0.024434,1.4997
2,15,9.6600,483,9,6,0.159979,0.023659,1.4997
2,15,9.6800,484,9,6,0.144089,0.022098,1.4997
2,15,9.7000,485,9,6,0.125263,0.018735,1.4997
2,15,9.7200,486,9,6,0.099876,0.016257,1.4997
2,15,9.7400,487,9,6,0.086353,0.013851,1.4997
2,15,9.7600,488,9,6,0.092102,0.011603,1.4997
2,15,9.7800,489,9,6,0.052100,0.006566,1.4997
2,15,9.8000,490,9,6,0.059616,0.005471,1.4997
2,15,9.8200,491,9,6,0.062388,0.006304,1.4997
2,15,9.8400,492,9,6,0.063471,0.006464,1.4997
2,15,9.8600,493,9,6,0.065245,0.006278,1.4997
2,15,9.8800,494,9,6,0.054532,0.005268,1.4997
2,15,9.9000,495,9,6,0.043038,0.004866,1.4997
2,15,9.9200,496,9,6,0.045583,0.004759,1.4997
2,15,9.9400,497,9,6,0.050192,0.004180,1.4997
2,15,9.9600,498,9,6,0.061902,0.005928,1.4997
2,15,9.9800,499,9,6,0.057628,0.005530,1.4997
2,15,10.0000,500,9,6,0.058243,0.005687,1.4997
2,15,10.0200,501,9,6,0.057577,0.005151,1.4997
2,15,10.0400,502,9,6,0.053058,0.004249,1.4997
2,15,10.0600,503,9,6,0.056293,0.004797,1.4997
2,15,10.0800,504,9,6,0.050640,0.003845,1.4997
2,15,10.1000,505,9,6,0.050092,0.004816,1.4997
2,15,10.1200,506,9,6,0.060952,0.005794,1.4997
2,15,10.1400,507,9,6,0.052092,0.006643,1.4997
2,15,10.1600,508,9,6,0.038138,0.006413,1.4997
2,15,10.1800,509,15,0,0.000000,0.000000,1.4997
3,15,0.0200,1,0,15,0.000000,0.000000,14.5000
3,15,0.0400,2,0,15,0.196200,0.159618,14.4961
3,15,0.0600,3,0,15,0.391835,0.292454,14.4882
3,15,0.0800,4,0,15,0.577807,0.398542,14.4766
3,15,0.1000,5,0,15,0.733995,0.477697,14.4618
3,15,0.1200,6,0,15,0.843362,0.529815,14.4448
3,15,0.1400,7,0,15,0.898518,0.555015,14.4267
3,15,0.1600,8,0,15,0.900849,0.553905,14.4085
3,15,0.1800,9,0,15,0.856670,0.527903,14.3912
3,15,0.2000,10,0,15,0.774855,0.479449,14.3756
3,15,0.2200,11,0,15,0.664501,0.412056,14.3624
3,15,0.2400,12,0,15,0.535639,0.345447,14.3519
3,15,0.2600,13,0,15,0.399856,0.263305,14.3444
3,15,0.2800,14,0,15,0.276981,0.176655,14.3398
3,15,0.3000,15,0,15,0.195309,0.100092,14.3382
3,15,0.3200,16,0,15,0.200860,0.089329,14.3394
3,15,0.3400,17,0,15,0.277467,0.148583,14.3431
3,15,0.3600,18,0,15,0.371213,0.212834,14.3492
3,15,0.3800,19,0,15,0.456926,0.269116,14.3571
3,15,0.4000,20,0,15,0.524232,0.311915,14.3664
3,15,0.4200,21,0,15,0.568260,0.339095,14.3766
3,15,0.4400,22,0,15,0.587069,0.350565,14.3872
3,15,0.4600,23,0,15,0.580944,0.346788,14.3975
3,15,0.4800,24,0,15,0.551956,0.328688,14.4073
3,15,0.5000,25,0,15,0.503194,0.298285,14.4159
3,15,0.5200,26,0,15,0.439432,0.258194,14.4232
3,15,0.5400,27,0,15,0.366878,0.211690,14.4288
3,15,0.5600,28,0,15,0.293068,0.163038,14.4326
3,15,0.5800,29,0,15,0.229256,0.118564,14.4347
3,15,0.6000,30,0,15,0.191839,0.090528,14.4349
3,15,0.6200,31,0,15,0.193875,0.099351,14.4334
3,15,0.6400,32,0,15,0.226473,0.126397,14.4304
3,15,0.6600,33,0,15,0.269619,0.155517,14.4261
3,15,0.6800,34,0,15,0.310046,0.181077,14.4209
3,15,0.7000,35,0,15,0.341424,0.199739,14.4149
3,15,0.7200,36,0,15,0.361094,0.210348,14.4085
3,15,0.7400,37,0,15,0.368560,0.212015,14.4021
3,15,0.7600,38,0,15,0.364705,0.205510,14.3959
3,15,0.7800,39,0,15,0.351443,0.191431,14.3902
3,15,0.8000,40,0,15,0.331454,0.171558,14.3852
3,15,0.8200,41,0,15,0.308381,0.147693,14.3811
3,15,0.8400,42,0,15,0.297638,0.122115,14.3778
3,15,0.8600,43,0,15,0.277430,0.098824,14.3757
3,15,0.8800,44,0,15,0.272897,0.082646,14.3746
3,15,0.9000,45,0,15,0.274930,0.082231,14.3745
3,15,0.9200,46,0,15,0.281741,0.095513,14.3755
3,15,0.9400,47,0,15,0.294015,0.112286,14.3772
3,15,0.9600,48,0,15,0.307830,0.127885,14.3798
3,15,0.9800,49,0,15,0.317169,0.140671,14.3831
3,15,1.0000,50,0,15,0.319557,0.149683,14.3867
3,15,1.0200,51,0,15,0.314554,0.154505,14.3905
3,15,1.0400,52,0,15,0.302869,0.155179,14.3943
3,15,1.0600,53,0,15,0.285684,0.152276,14.3979
3,15,1.0800,54,0,15,0.264614,0.146389,14.4010
3,15,1.1000,55,0,15,0.240474,0.138958,14.4037
3,15,1.1200,56,0,15,0.220939,0.131032,14.4057
3,15,1.1400,57,0,15,0.209024,0.124009,14.4070
3,15,1.1600,58,0,15,0.203238,0.119737,14.4078
3,15,1.1800,59,0,15,0.202985,0.119391,14.4079
3,15,1.2000,60,0,15,0.209763,0.123237,14.4074
3,15,1.2200,61,0,15,0.218191,0.129863,14.4064
3,15,1.2400,62,0,15,0.226366,0.137534,14.4049
3,15,1.2600,63,0,15,0.233550,0.145103,14.4030
3,15,1.2800,64,0,15,0.238788,0.151459,14.4008
3,15,1.3000,65,0,15,0.241681,0.156388,14.3984
3,15,1.3200,66,0,15,0.243301,0.159574,14.3960
3,15,1.3400,67,0,15,0.245287,0.161218,14.3936
3,15,1.3600,68,0,15,0.251771,0.161548,14.3914
3,15,1.3800,69,0,15,0.257956,0.161030,14.3895
3,15,1.4000,70,0,15,0.264531,0.160152,14.3879
3,15,1.4200,71,0,15,0.272090,0.159403,14.3866
3,15,1.4400,72,0,15,0.280672,0.159179,14.3858
3,15,1.4600,73,0,15,0.290525,0.159716,14.3853
3,15,1.4800,74,0,15,0.301262,0.161062,14.3853
3,15,1.5000,75,0,15,0.312266,0.163255,14.3856
3,15,1.5200,76,0,15,0.322716,0.165640,14.3860
3,15,1.5400,77,0,15,0.335881,0.167812,14.3866
3,15,1.5600,78,0,15,0.351039,0.169616,14.3875
3,15,1.5800,79,0,15,0.365803,0.171000,14.3885
3,15,1.6000,80,0,15,0.378419,0.171932,14.3897
3,15,1.6200,81,0,15,0.388284,0.172420,14.3909
3,15,1.6400,82,0,15,0.395663,0.172510,14.3921
3,15,1.6600,83,0,15,0.401291,0.172301,14.3931
3,15,1.6800,84,0,15,0.405718,0.172464,14.3939
3,15,1.7000,85,0,15,0.409265,0.172170,14.3944
3,15,1.7200,86,0,15,0.414176,0.171740,14.3946
3,15,1.7400,87,0,15,0.420691,0.171649,14.3945
3,15,1.7600,88,0,15,0.428837,0.172129,14.3943
3,15,1.7800,89,0,15,0.438398,0.173140,14.3938
3,15,1.8000,90,0,15,0.448916,0.175317,14.3932
3,15,1.8200,91,0,15,0.459624,0.177218,14.3923
3,15,1.8400,92,0,15,0.471742,0.179435,14.3911
3,15,1.8600,93,0,15,0.484889,0.181904,14.3897
3,15,1.8800,94,0,15,0.498882,0.184267,14.3883
3,15,1.9000,95,0,15,0.513748,0.186277,14.3869
3,15,1.9200,96,0,15,0.529331,0.188052,14.3854
3,15,1.9400,97,0,15,0.545282,0.193205,14.3840
3,15,1.9600,98,0,15,0.551098,0.197669,14.3826
3,15,1.9800,99,0,15,0.558182,0.204140,14.3812
3,15,2.0000,100,0,15,0.571338,0.207035,14.3799
3,15,2.0200,101,0,15,0.584045,0.209977,14.3785
3,15,2.0400,102,0,15,0.591509,0.214306,14.3771
3,15,2.0600,103,0,15,0.591976,0.219334,14.3758
3,15,2.0800,104,0,15,0.594098,0.224507,14.3745
3,15,2.1000,105,0,15,0.600340,0.229880,14.3733
3,15,2.1200,106,0,15,0.610132,0.235072,14.3723
3,15,2.1400,107,0,15,0.622068,0.239988,14.3716
3,15,2.1600,108,0,15,0.634605,0.244829,14.3711
3,15,2.1800,109,0,15,0.646714,0.249580,14.3708
3,15,2.2000,110,0,15,0.658222,0.254267,14.3706
3,15,2.2200,111,0,15,0.669643,0.258746,14.3707
3,15,2.2400,112,0,15,0.678771,0.263246,14.3710
3,15,2.2600,113,0,15,0.685907,0.267723,14.3712
3,15,2.2800,114,0,15,0.691875,0.272031,14.3715
3,15,2.3000,115,0,15,0.697379,0.276044,14.3717
3,15,2.3200,116,0,15,0.692443,0.279714,14.3720
3,15,2.3400,117,0,15,0.695834,0.283001,14.3721
3,15,2.3600,118,0,15,0.702450,0.285952,14.3721
3,15,2.3800,119,0,15,0.709769,0.288837,14.3721
3,15,2.4000,120,0,15,0.716804,0.292591,14.3719
3,15,2.4200,121,0,15,0.722269,0.295212,14.3715
3,15,2.4400,122,0,15,0.726075,0.299093,14.3709
3,15,2.4600,123,0,15,0.729384,0.303169,14.3699
3,15,2.4800,124,0,15,0.732565,0.306802,14.3687
3,15,2.5000,125,0,15,0.735515,0.309893,14.3673
3,15,2.5200,126,0,15,0.738454,0.312488,14.3656
3,15,2.5400,127,0,15,0.741941,0.314880,14.3639
3,15,2.5600,128,0,15,0.746557,0.318530,14.3621
3,15,2.5800,129,0,15,0.753277,0.320931,14.3603
3,15,2.6000,130,0,15,0.761711,0.323316,14.3587
3,15,2.6200,131,0,15,0.771763,0.326389,14.3572
3,15,2.6400,132,0,15,0.783711,0.331583,14.3560
3,15,2.6600,133,0,15,0.793766,0.338825,14.3551
3,15,2.6800,134,0,15,0.799208,0.345929,14.3544
3,15,2.7000,135,0,15,0.806948,0.353344,14.3536
3,15,2.7200,136,0,15,0.813078,0.360882,14.3529
3,15,2.7400,137,0,15,0.819262,0.369931,14.3522
3,15,2.7600,138,0,15,0.827378,0.374792,14.3516
3,15,2.7800,139,0,15,0.837382,0.380318,14.3509
3,15,2.8000,140,0,15,0.845157,0.386583,14.3504
3,15,2.8200,141,0,15,0.849422,0.392878,14.3497
3,15,2.8400,142,0,15,0.855241,0.399324,14.3490
3,15,2.8600,143,0,15,0.861490,0.405721,14.3482
3,15,2.8800,144,0,15,0.867662,0.412593,14.3473
3,15,2.9000,145,0,15,0.875014,0.419247,14.3463
3,15,2.9200,146,0,15,0.885727,0.425552,14.3452
3,15,2.9400,147,0,15,0.899481,0.431613,14.3439
3,15,2.9600,148,0,15,0.914352,0.438166,14.3425
3,15,2.9800,149,0,15,0.928021,0.443908,14.3410
3,15,3.0000,150,0,15,0.939528,0.450367,14.3391
3,15,3.0200,151,0,15,0.942224,0.457016,14.3371
3,15,3.0400,152,0,15,0.958532,0.464333,14.3351
3,15,3.0600,153,0,15,0.972578,0.472391,14.3332
3,15,3.0800,154,0,15,0.977032,0.480414,14.3313
3,15,3.1000,155,0,15,0.977783,0.488356,14.3292
3,15,3.1200,156,0,15,0.980144,0.496119,14.3270
3,15,3.1400,157,0,15,0.986864,0.503478,14.3247
3,15,3.1600,158,0,15,0.998581,0.510434,14.3224
3,15,3.1800,159,0,15,1.015461,0.517114,14.3200
3,15,3.2000,160,0,15,1.034523,0.529324,14.3175
3,15,3.2200,161,0,15,1.055158,0.538100,14.3148
3,15,3.2400,162,0,15,1.078849,0.546166,14.3119
3,15,3.2600,163,0,15,1.103960,0.554309,14.3087
3,15,3.2800,164,0,15,1.129688,0.564745,14.3056
3,15,3.3000,165,0,15,1.153992,0.574287,14.3026
3,15,3.3200,166,0,15,1.175199,0.584441,14.2997
3,15,3.3400,167,0,15,1.185883,0.592013,14.2970
3,15,3.3600,168,0,15,1.190499,0.599159,14.2944
3,15,3.3800,169,0,15,1.192702,0.605310,14.2919
3,15,3.4000,170,0,15,1.196241,0.610535,14.2895
3,15,3.4200,171,0,15,1.203815,0.617920,14.2871
3,15,3.4400,172,0,15,1.216475,0.624413,14.2846
3,15,3.4600,173,0,15,1.233643,0.629790,14.2821
3,15,3.4800,174,0,15,1.254051,0.633599,14.2795
3,15,3.5000,175,0,15,1.278216,0.639431,14.2768
3,15,3.5200,176,0,15,1.305013,0.643456,14.2739
3,15,3.5400,177,0,15,1.333394,0.648323,14.2708
3,15,3.5600,178,0,15,1.361569,0.655747,14.2676
3,15,3.5800,179,0,15,1.386981,0.661275,14.2643
3,15,3.6000,180,0,15,1.412678,0.667947,14.2609
3,15,3.6200,181,0,15,1.441702,0.674253,14.2575
3,15,3.6400,182,0,15,1.472363,0.680880,14.2539
3,15,3.6600,183,0,15,1.501214,0.687772,14.2502
3,15,3.6800,184,0,15,1.527482,0.694685,14.2462
3,15,3.7000,185,0,15,1.554953,0.702586,14.2418
3,15,3.7200,186,0,15,1.588333,0.704742,14.2371
3,15,3.7400,187,0,15,1.627324,0.709489,14.2319
3,15,3.7600,188,0,15,1.674808,0.715919,14.2260
3,15,3.7800,189,0,15,1.726920,0.719209,14.2196
3,15,3.8000,190,0,15,1.776032,0.723390,14.2129
3,15,3.8200,191,0,15,1.820095,0.728613,14.2058
3,15,3.8400,192,0,15,1.857381,0.733552,14.1985
3,15,3.8600,193,0,15,1.894076,0.739258,14.1912
3,15,3.8800,194,0,15,1.929289,0.745152,14.1837
3,15,3.9000,195,0,15,1.963495,0.751812,14.1762
3,15,3.9200,196,0,15,1.996933,0.759481,14.1685
3,15,3.9400,197,0,15,2.029894,0.768066,14.1608
3,15,3.9600,198,0,15,2.062762,0.779270,14.1530
3,15,3.9800,199,0,15,2.099141,0.789328,14.1449
3,15,4.0000,200,0,15,2.139072,0.799342,14.1365
3,15,4.0200,201,0,15,2.179950,0.810574,14.1280
3,15,4.0400,202,0,15,2.218050,0.823166,14.1194
3,15,4.0600,203,0,15,2.252733,0.861511,14.1108
3,15,4.0800,204,0,15,2.285813,0.871858,14.1021
3,15,4.1000,205,0,15,2.331577,0.882404,14.0933
3,15,4.1200,206,0,15,2.369460,0.897758,14.0848
3,15,4.1400,207,0,15,2.402891,0.911529,14.0765
3,15,4.1600,208,0,15,2.431153,0.925692,14.0683
3,15,4.1800,209,0,15,2.455031,0.939135,14.0601
3,15,4.2000,210,0,15,2.475303,0.952247,14.0515
3,15,4.2200,211,0,15,2.497216,0.967054,14.0426
3,15,4.2400,212,0,15,2.521018,0.980629,14.0332
3,15,4.2600,213,0,15,2.547892,1.001294,14.0233
3,15,4.2800,214,0,15,2.579446,1.015028,14.0128
3,15,4.3000,215,0,15,2.616794,1.028733,14.0018
3,15,4.3200,216,0,15,2.659717,1.049050,13.9902
3,15,4.3400,217,0,15,2.703648,1.059000,13.9779
3,15,4.3600,218,0,15,2.750700,1.079354,13.9646
3,15,4.3800,219,0,15,2.801641,1.109552,13.9502
3,15,4.4000,220,0,15,2.851532,1.137685,13.9348
3,15,4.4200,221,0,15,2.900106,1.161652,13.9186
3,15,4.4400,222,0,15,2.948313,1.193185,13.9017
3,15,4.4600,223,0,15,2.998210,1.225324,13.8842
3,15,4.4800,224,0,15,3.052077,1.255017,13.8660
3,15,4.5000,225,0,15,3.111651,1.285959,13.8473
3,15,4.5200,226,0,15,3.168556,1.308905,13.8279
3,15,4.5400,227,0,15,3.236598,1.335199,13.8080
3,15,4.5600,228,0,15,3.311005,1.360196,13.7874
3,15,4.5800,229,0,15,3.387098,1.398604,13.7662
3,15,4.6000,230,0,15,3.465637,1.434581,13.7438
3,15,4.6200,231,0,15,3.545922,1.473528,13.7201
3,15,4.6400,232,0,15,3.631080,1.514404,13.6956
3,15,4.6600,233,0,15,3.722384,1.549316,13.6702
3,15,4.6800,234,0,15,3.814810,1.583984,13.6440
3,15,4.7000,235,0,15,3.904719,1.612929,13.6168
3,15,4.7200,236,0,15,3.996890,1.640865,13.5880
3,15,4.7400,237,0,15,4.097250,1.675007,13.5577
3,15,4.7600,238,0,15,4.204329,1.701768,13.5258
3,15,4.7800,239,0,15,4.313478,1.742589,13.4926
3,15,4.8000,240,0,15,4.412580,1.779719,13.4576
3,15,4.8200,241,0,15,4.505987,1.818630,13.4203
3,15,4.8400,242,0,15,4.602688,1.860137,13.3809
3,15,4.8600,243,0,15,4.706948,1.912860,13.3390
3,15,4.8800,244,0,15,4.817434,1.960117,13.2948
3,15,4.9000,245,0,15,4.937486,2.021897,13.2480
3,15,4.9200,246,0,15,5.068255,2.071477,13.1989
3,15,4.9400,247,0,15,5.206376,2.122117,13.1473
3,15,4.9600,248,0,15,5.343866,2.179680,13.0933
3,15,4.9800,249,0,15,5.474047,2.232726,13.0364
3,15,5.0000,250,0,15,5.602036,2.287910,12.9767
3,15,5.0200,251,0,15,5.733482,2.347006,12.9141
3,15,5.0400,252,0,15,5.869132,2.408143,12.8486
3,15,5.0600,253,0,15,6.009100,2.470080,12.7799
3,15,5.0800,254,0,15,6.147578,2.538108,12.7081
3,15,5.1000,255,0,15,6.286617,2.613822,12.6334
3,15,5.1200,256,0,15,6.427802,2.684973,12.5556
3,15,5.1400,257,0,15,6.569947,2.759598,12.4747
3,15,5.1600,258,0,15,6.710150,2.847812,12.3906
3,15,5.1800,259,0,15,6.847386,2.938992,12.3033
3,15,5.2000,260,0,15,6.984684,3.037589,12.2128
3,15,5.2200,261,0,15,7.123020,3.132301,12.1188
3,15,5.2400,262,0,15,7.257902,3.228055,12.0211
3,15,5.2600,263,0,15,7.391115,3.321972,11.9198
3,15,5.2800,264,0,15,7.526249,3.418099,11.8148
3,15,5.3000,265,0,15,7.664464,3.514321,11.7058
3,15,5.3200,266,0,15,7.805165,3.613515,11.5929
3,15,5.3400,267,0,15,7.948218,3.715854,11.4761
3,15,5.3600,268,0,15,8.093499,3.824101,11.3553
3,15,5.3800,269,0,15,8.240891,3.936219,11.2307
3,15,5.4000,270,0,15,8.390281,4.051875,11.1021
3,15,5.4200,271,0,15,8.541565,4.172874,10.9696
3,15,5.4400,272,0,15,8.694645,4.293920,10.8331
3,15,5.4600,273,0,15,8.849426,4.416484,10.6927
3,15,5.4800,274,0,15,9.005822,4.541157,10.5484
3,15,5.5000,275,0,15,9.163751,4.667870,10.4002
3,15,5.5200,276,0,15,9.323132,4.796539,10.2481
3,15,5.5400,277,0,15,9.483894,4.926861,10.0920
3,15,5.5600,278,0,15,9.645967,5.058433,9.9320
3,15,5.5800,279,0,15,9.809288,5.190930,9.7681
3,15,5.6000,280,0,15,9.973794,5.324181,9.6003
3,15,5.6200,281,0,15,10.139430,5.454153,9.4285
3,15,5.6400,282,0,15,10.306130,5.585518,9.2529
3,15,5.6600,283,0,15,10.473860,5.721169,9.0732
3,15,5.6800,284,0,15,10.642560,5.859481,8.8897
3,15,5.7000,285,0,15,10.812190,5.999244,8.7023
3,15,5.7200,286,0,15,10.982710,6.139806,8.5109
3,15,5.7400,287,0,15,11.154070,6.280695,8.3156
3,15,5.7600,288,0,15,11.326240,6.421486,8.1164
3,15,5.7800,289,0,15,11.499170,6.562789,7.9132
3,15,5.8000,290,0,15,11.672840,6.694780,7.7061
3,15,5.8200,291,0,15,11.847220,6.834416,7.4951
3,15,5.8400,292,0,15,12.022270,6.972896,7.2802
3,15,5.8600,293,0,15,12.197960,7.114255,7.0614
3,15,5.8800,294,0,15,12.374270,7.258058,6.8386
3,15,5.9000,295,0,15,12.551170,7.404497,6.6119
3,15,5.9200,296,0,15,12.728630,7.547404,6.3813
3,15,5.9400,297,0,15,12.906640,7.689116,6.1467
3,15,5.9600,298,0,15,13.085160,7.833434,5.9083
3,15,5.9800,299,0,15,13.264190,7.980415,5.6659
3,15,6.0000,300,0,15,13.443700,8.129215,5.4196
3,15,6.0200,301,0,15,13.623660,8.280259,5.1693
3,15,6.0400,302,0,15,13.804070,8.431517,4.9152
3,15,6.0600,303,0,15,13.984900,8.583730,4.6571
3,15,6.0800,304,0,15,14.166150,8.736738,4.3951
3,15,6.1000,305,0,15,14.347780,8.756860,4.1291
3,15,6.1200,306,0,15,14.529800,8.831578,3.8593
3,15,6.1400,307,0,15,14.712180,8.968622,3.5855
3,15,6.1600,308,0,15,14.894910,8.482250,3.3078
3,15,6.1800,309,0,15,15.077980,7.333830,3.0261
3,15,6.2000,310,0,15,15.261370,7.407757,2.9122
3,15,6.2200,311,0,15,15.445080,6.841531,2.8706
3,15,6.2400,312,0,15,15.629100,6.539682,2.8251
3,15,6.2600,313,0,15,15.813400,6.146072,2.7757
3,15,6.2800,314,0,15,15.997990,5.853675,2.7224
3,15,6.3000,315,0,15,16.182860,5.232279,2.6651
3,15,6.3200,316,0,15,16.367980,4.149043,2.6039
3,15,6.3400,317,0,15,16.553370,3.459170,2.5388
3,15,6.3600,318,0,15,7.871031,2.772199,2.4698
3,15,6.3800,319,0,15,7.038443,2.648980,2.3968
3,15,6.4000,320,0,15,5.229012,2.438274,2.3200
3,15,6.4200,321,0,15,5.374893,2.399495,2.2392
3,15,6.4400,322,0,15,5.523890,2.369357,2.1544
3,15,6.4600,323,0,15,5.675758,2.344667,2.0658
3,15,6.4800,324,0,15,5.830274,2.328832,1.9732
3,15,6.5000,325,0,15,5.987232,2.317883,1.8767
3,15,6.5200,326,0,15,6.146445,2.289600,1.8255
3,15,6.5400,327,0,15,6.307743,2.294260,1.8194
3,15,6.5600,328,0,15,6.470969,2.315624,1.8125
3,15,6.5800,329,0,15,6.635981,2.335283,1.8083
3,15,6.6000,330,0,15,6.802649,2.373454,1.8052
3,15,6.6200,331,0,15,6.970855,2.422245,1.8007
3,15,6.6400,332,0,15,7.140490,2.473057,1.7943
3,15,6.6600,333,0,15,7.311454,2.523454,1.7860
3,15,6.6800,334,0,15,7.483656,2.493190,1.7749
3,15,6.7000,335,0,15,7.657013,2.224180,1.7615
3,15,6.7200,336,0,15,7.831448,1.994232,1.7471
3,15,6.7400,337,0,15,4.559198,1.711651,1.7320
3,15,6.7600,338,0,15,3.501188,1.557354,1.7149
3,15,6.7800,339,0,15,3.540619,1.489601,1.6952
3,15,6.8000,340,0,15,3.590353,1.375383,1.6727
3,15,6.8200,341,0,15,3.649969,1.296138,1.6471
3,15,6.8400,342,0,15,3.718992,1.256314,1.6183
3,15,6.8600,343,0,15,3.796910,1.262113,1.5859
3,15,6.8800,344,0,15,3.883186,1.279197,1.5497
3,15,6.9000,345,0,15,3.977276,1.273131,1.5119
3,15,6.9200,346,0,15,4.078641,1.113361,1.4760
3,15,6.9400,347,0,15,4.186751,1.118987,1.4433
3,15,6.9600,348,0,15,3.906913,0.998356,1.4096
3,15,6.9800,349,0,15,4.021489,1.019130,1.3726
3,15,7.0000,350,0,15,4.142194,0.966129,1.3326
3,15,7.0200,351,0,15,4.268508,0.927649,1.2893
3,15,7.0400,352,0,15,4.399948,0.923652,1.2430
3,15,7.0600,353,0,15,4.536067,0.940097,1.1936
3,15,7.0800,354,0,15,4.676458,0.956253,1.1408
3,15,7.1000,355,0,15,2.999520,0.788947,1.0841
3,15,7.1200,356,0,15,3.185430,0.785375,1.0236
3,15,7.1400,357,0,15,3.372506,0.787448,0.9591
3,15,7.1600,358,0,15,2.232634,0.720573,0.9167
3,15,7.1800,359,0,15,2.288376,0.743024,0.8723
3,15,7.2000,360,0,15,1.599150,0.616143,0.8650
3,15,7.2200,361,0,15,1.637089,0.622879,0.8638
3,15,7.2400,362,0,15,1.590932,0.569686,0.8638
3,15,7.2600,363,0,15,1.630095,0.534489,0.8639
3,15,7.2800,364,0,15,1.691956,0.540530,0.8638
3,15,7.3000,365,0,15,1.764773,0.542714,0.8634
3,15,7.3200,366,0,15,1.844306,0.556089,0.8627
3,15,7.3400,367,0,15,1.932068,0.571345,0.8617
3,15,7.3600,368,0,15,2.026832,0.583771,0.8603
3,15,7.3800,369,0,15,2.085754,0.600745,0.8586
3,15,7.4000,370,0,15,1.688012,0.516099,0.8564
3,15,7.4200,371,0,15,1.761637,0.528841,0.8539
3,15,7.4400,372,0,15,1.842587,0.549764,0.8509
3,15,7.4600,373,1,14,1.635811,0.554203,0.8474
3,15,7.4800,374,1,14,1.513491,0.522582,0.8433
3,15,7.5000,375,2,13,1.611892,0.481397,0.8387
3,15,7.5200,376,1,14,1.333906,0.399304,0.8334
3,15,7.5400,377,1,14,1.405744,0.368753,0.8273
3,15,7.5600,378,2,13,1.483701,0.364954,0.8205
3,15,7.5800,379,3,12,1.565249,0.365871,0.8127
3,15,7.6000,380,3,12,1.654227,0.368318,0.8040
3,15,7.6200,381,5,10,1.745575,0.353593,0.7941
3,15,7.6400,382,5,10,1.694098,0.354620,0.7829
3,15,7.6600,383,5,10,1.409855,0.281237,0.7703
3,15,7.6800,384,5,10,1.482809,0.250104,0.7603
3,15,7.7000,385,5,10,1.559915,0.253081,0.7607
3,15,7.7200,386,5,10,1.642607,0.256871,0.7603
3,15,7.7400,387,5,10,1.730888,0.238554,0.7592
3,15,7.7600,388,6,9,1.824518,0.214533,0.7572
3,15,7.7800,389,6,9,1.923608,0.222617,0.7545
3,15,7.8000,390,6,9,2.028198,0.250937,0.7509
3,15,7.8200,391,6,9,2.122938,0.278757,0.7465
3,15,7.8400,392,6,9,2.202975,0.305808,0.7411
3,15,7.8600,393,6,9,2.184194,0.325762,0.7347
3,15,7.8800,394,6,9,1.938899,0.292686,0.7273
3,15,7.9000,395,6,9,1.324492,0.193419,0.7186
3,15,7.9200,396,6,9,0.904961,0.156041,0.7087
3,15,7.9400,397,7,8,0.994726,0.130737,0.6975
3,15,7.9600,398,7,8,1.087281,0.121323,0.6847
3,15,7.9800,399,7,8,1.183937,0.113368,0.6702
3,15,8.0000,400,7,8,1.249503,0.103295,0.6546
3,15,8.0200,401,7,8,0.972571,0.071878,0.6463
3,15,8.0400,402,7,8,0.974591,0.071510,0.6403
3,15,8.0600,403,8,7,1.011254,0.086885,0.6338
3,15,8.0800,404,8,7,1.073699,0.104117,0.6252
3,15,8.1000,405,9,6,1.142307,0.121927,0.6145
3,15,8.1200,406,9,6,1.222481,0.140660,0.6017
3,15,8.1400,407,9,6,1.308688,0.138644,0.5867
3,15,8.1600,408,11,4,1.402625,0.134473,0.5694
3,15,8.1800,409,11,4,1.504272,0.113202,0.5496
3,15,8.2000,410,11,4,1.609617,0.110053,0.5273
3,15,8.2200,411,11,4,1.606820,0.111581,0.5054
3,15,8.2400,412,11,4,0.414677,0.029925,0.5036
3,15,8.2600,413,11,4,0.227764,0.015716,0.5073
3,15,8.2800,414,12,3,0.139728,0.009662,0.5095
3,15,8.3000,415,12,3,0.040862,0.003001,0.5098
3,15,8.3200,416,12,3,0.081185,0.005522,0.5086
3,15,8.3400,417,12,3,0.182193,0.012181,0.5060
3,15,8.3600,418,12,3,0.284425,0.018995,0.5021
3,15,8.3800,419,13,2,0.144569,0.009655,0.5004
3,15,8.4000,420,13,2,0.024522,0.001641,0.5001
3,15,8.4200,421,14,1,0.014258,0.000951,0.5001
3,15,8.4400,422,14,1,0.011149,0.000743,0.5001
3,15,8.4600,423,14,1,0.003850,0.000257,0.5001
3,15,8.4800,424,14,1,0.000862,0.000057,0.5001
3,15,8.5000,425,14,1,0.001126,0.000075,0.5001
3,15,8.5200,426,14,1,0.000725,0.000048,0.5001
3,15,8.5400,427,14,1,0.000198,0.000013,0.5001
3,15,8.5600,428,14,1,0.000073,0.000005,0.5001
3,15,8.5800,429,14,1,0.000084,0.000006,0.5001
3,15,8.6000,430,14,1,0.000023,0.000002,0.5001
3,15,8.6200,431,14,1,0.000019,0.000001,0.5001
3,15,8.6400,432,15,0,0.000000,0.000000,0.5001
1,20,0.0200,1,0,20,0.000000,0.000000,19.5000
1,20,0.0400,2,0,20,0.196200,0.168766,19.4961
1,20,0.0600,3,0,20,0.392398,0.317433,19.4882
1,20,0.0800,4,0,20,0.587980,0.446044,19.4765
1,20,0.1000,5,0,20,0.778393,0.554475,19.4609
1,20,0.1200,6,0,20,0.953203,0.642615,19.4418
1,20,0.1400,7,0,20,1.099707,0.710389,19.4197
1,20,0.1600,8,0,20,1.207551,0.757750,19.3954
1,20,0.1800,9,0,20,1.271058,0.784664,19.3698
1,20,0.2000,10,0,20,1.289533,0.791343,19.3438
1,20,0.2200,11,0,20,1.265824,0.778009,19.3184
1,20,0.2400,12,0,20,1.205242,0.764095,19.2942
1,20,0.2600,13,0,20,1.113893,0.726503,19.2719
1,20,0.2800,14,0,20,1.000279,0.673205,19.2519
1,20,0.3000,15,0,20,0.877569,0.602565,19.2345
1,20,0.3200,16,0,20,0.754671,0.522189,19.2197
1,20,0.3400,17,0,20,0.634792,0.433817,19.2074
1,20,0.3600,18,0,20,0.512697,0.340974,19.1977
1,20,0.3800,19,0,20,0.389082,0.244147,19.1909
1,20,0.4000,20,0,20,0.302949,0.160631,19.1870
1,20,0.4200,21,0,20,0.271297,0.114719,19.1861
1,20,0.4400,22,0,20,0.295186,0.152124,19.1882
1,20,0.4600,23,0,20,0.391383,0.222908,19.1932
1,20,0.4800,24,0,20,0.519502,0.296641,19.2011
1,20,0.5000,25,0,20,0.641554,0.365290,19.2116
1,20,0.5200,26,0,20,0.746106,0.425411,19.2241
1,20,0.5400,27,0,20,0.827628,0.475056,19.2383
1,20,0.5600,28,0,20,0.883922,0.512353,19.2537
1,20,0.5800,29,0,20,0.914802,0.536818,19.2698
1,20,0.6000,30,0,20,0.913947,0.547927,19.2860
1,20,0.6200,31,0,20,0.897478,0.545777,19.3021
1,20,0.6400,32,0,20,0.872016,0.530764,19.3179
1,20,0.6600,33,0,20,0.826211,0.504043,19.3331
1,20,0.6800,34,0,20,0.763930,0.466954,19.3471
1,20,0.7000,35,0,20,0.687023,0.421151,19.3598
1,20,0.7200,36,0,20,0.597007,0.368796,19.3709
1,20,0.7400,37,0,20,0.496097,0.312500,19.3800
1,20,0.7600,38,0,20,0.387102,0.254802,19.3870
1,20,0.7800,39,0,20,0.273872,0.199041,19.3919
1,20,0.8000,40,0,20,0.253480,0.150236,19.3945
1,20,0.8200,41,0,20,0.257510,0.122526,19.3949
1,20,0.8400,42,0,20,0.273080,0.146950,19.3929
1,20,0.8600,43,0,20,0.295274,0.193625,19.3888
1,20,0.8800,44,0,20,0.325283,0.242231,19.3826
1,20,0.9000,45,0,20,0.415878,0.287543,19.3746
1,20,0.9200,46,0,20,0.489790,0.327172,19.3652
1,20,0.9400,47,0,20,0.543656,0.359456,19.3548
1,20,0.9600,48,0,20,0.578785,0.383516,19.3435
1,20,0.9800,49,0,20,0.598859,0.398835,19.3319
1,20,1.0000,50,0,20,0.605277,0.405191,19.3200
1,20,1.0200,51,0,20,0.599913,0.402899,19.3082
1,20,1.0400,52,0,20,0.587451,0.391922,19.2966
1,20,1.0600,53,0,20,0.562572,0.372824,19.2855
1,20,1.0800,54,0,20,0.527115,0.347202,19.2753
1,20,1.1000,55,0,20,0.484763,0.315338,19.2660
1,20,1.1200,56,0,20,0.437756,0.278427,19.2579
1,20,1.1400,57,0,20,0.387235,0.238241,19.2511
1,20,1.1600,58,0,20,0.339848,0.199634,19.2458
1,20,1.1800,59,0,20,0.303097,0.161591,19.2419
1,20,1.2000,60,0,20,0.279273,0.132847,19.2396
1,20,1.2200,61,0,20,0.272250,0.119342,19.2388
1,20,1.2400,62,0,20,0.281533,0.128676,19.2395
1,20,1.2600,63,0,20,0.305447,0.153617,19.2417
1,20,1.2800,64,0,20,0.340214,0.183266,19.2453
1,20,1.3000,65,0,20,0.380176,0.212225,19.2502
1,20,1.3200,66,0,20,0.420229,0.238301,19.2562
1,20,1.3400,67,0,20,0.456269,0.260737,19.2631
1,20,1.3600,68,0,20,0.485279,0.278277,19.2708
1,20,1.3800,69,0,20,0.505239,0.286495,19.2791
1,20,1.4000,70,0,20,0.514622,0.288899,19.2876
1,20,1.4200,71,0,20,0.502984,0.286233,19.2961
1,20,1.4400,72,0,20,0.489324,0.279544,19.3042
1,20,1.4600,73,0,20,0.466503,0.270332,19.3119
1,20,1.4800,74,0,20,0.437310,0.255943,19.3190
1,20,1.5000,75,0,20,0.404622,0.237032,19.3253
1,20,1.5200,76,0,20,0.370516,0.214167,19.3307
1,20,1.5400,77,0,20,0.337787,0.188617,19.3353
1,20,1.5600,78,0,20,0.307486,0.162017,19.3388
1,20,1.5800,79,0,20,0.281374,0.135767,19.3413
1,20,1.6000,80,0,20,0.261998,0.112845,19.3427
1,20,1.6200,81,0,20,0.251661,0.097876,19.3430
1,20,1.6400,82,0,20,0.251791,0.096593,19.3422
1,20,1.6600,83,0,20,0.262091,0.107962,19.3403
1,20,1.6800,84,0,20,0.280414,0.125189,19.3375
1,20,1.7000,85,0,20,0.303312,0.145111,19.3337
1,20,1.7200,86,0,20,0.327105,0.164286,19.3292
1,20,1.7400,87,0,20,0.349271,0.181068,19.3239
1,20,1.7600,88,0,20,0.368147,0.194626,19.3182
1,20,1.7800,89,0,20,0.384311,0.204331,19.3120
1,20,1.8000,90,0,20,0.395062,0.211318,19.3054
1,20,1.8200,91,0,20,0.398392,0.214811,19.2988
1,20,1.8400,92,0,20,0.394551,0.214319,19.2922
1,20,1.8600,93,0,20,0.384683,0.209228,19.2860
1,20,1.8800,94,0,20,0.371301,0.199922,19.2801
1,20,1.9000,95,0,20,0.356030,0.187008,19.2747
1,20,1.9200,96,0,20,0.339868,0.176402,19.2700
1,20,1.9400,97,0,20,0.323721,0.172217,19.2660
1,20,1.9600,98,0,20,0.310212,0.164358,19.2628
1,20,1.9800,99,0,20,0.300889,0.153808,19.2603
1,20,2.0000,100,0,20,0.295890,0.143135,19.2586
1,20,2.0200,101,0,20,0.296055,0.135580,19.2576
1,20,2.0400,102,0,20,0.301583,0.135626,19.2574
1,20,2.0600,103,0,20,0.311399,0.142401,19.2578
1,20,2.0800,104,0,20,0.324616,0.152877,19.2589
1,20,2.1000,105,0,20,0.339209,0.164477,19.2607
1,20,2.1200,106,0,20,0.352899,0.175865,19.2629
1,20,2.1400,107,0,20,0.351988,0.187947,19.2652
1,20,2.1600,108,0,20,0.360180,0.195695,19.2680
1,20,2.1800,109,0,20,0.366505,0.198962,19.2712
1,20,2.2000,110,0,20,0.366105,0.199249,19.2746
1,20,2.2200,111,0,20,0.358671,0.196547,19.2783
1,20,2.2400,112,0,20,0.348549,0.190822,19.2821
1,20,2.2600,113,0,20,0.335413,0.182640,19.2859
1,20,2.2800,114,0,20,0.319737,0.172302,19.2895
1,20,2.3000,115,0,20,0.303566,0.161013,19.2929
1,20,2.3200,116,0,20,0.290143,0.148582,19.2959
1,20,2.3400,117,0,20,0.282016,0.135972,19.2985
1,20,2.3600,118,0,20,0.280309,0.124869,19.3007
1,20,2.3800,119,0,20,0.283936,0.114633,19.3023
1,20,2.4000,120,0,20,0.292132,0.104970,19.3034
1,20,2.4200,121,0,20,0.302584,0.098139,19.3039
1,20,2.4400,122,0,20,0.315492,0.098104,19.3039
1,20,2.4600,123,0,20,0.329432,0.100762,19.3033
1,20,2.4800,124,0,20,0.343609,0.105947,19.3023
1,20,2.5000,125,0,20,0.356840,0.113866,19.3008
1,20,2.5200,126,0,20,0.369272,0.122393,19.2990
1,20,2.5400,127,0,20,0.381260,0.135114,19.2967
1,20,2.5600,128,0,20,0.392663,0.143278,19.2942
1,20,2.5800,129,0,20,0.402877,0.148249,19.2914
1,20,2.6000,130,0,20,0.411482,0.151122,19.2884
1,20,2.6200,131,0,20,0.417878,0.152619,19.2854
1,20,2.6400,132,0,20,0.421477,0.153325,19.2823
1,20,2.6600,133,0,20,0.422636,0.153043,19.2794
1,20,2.6800,134,0,20,0.421525,0.151637,19.2767
1,20,2.7000,135,0,20,0.420011,0.149022,19.2741
1,20,2.7200,136,0,20,0.417708,0.144822,19.2718
1,20,2.7400,137,0,20,0.414041,0.138702,19.2696
1,20,2.7600,138,0,20,0.405851,0.132878,19.2675
1,20,2.7800,139,0,20,0.390823,0.126466,19.2657
1,20,2.8000,140,0,20,0.376957,0.120377,19.2644
1,20,2.8200,141,0,20,0.367994,0.114904,19.2635
1,20,2.8400,142,0,20,0.363295,0.110755,19.2628
1,20,2.8600,143,0,20,0.361465,0.108340,19.2626
1,20,2.8800,144,0,20,0.361753,0.108281,19.2626
1,20,2.9000,145,0,20,0.363811,0.109971,19.2630
1,20,2.9200,146,0,20,0.367407,0.112930,19.2637
1,20,2.9400,147,0,20,0.372340,0.116493,19.2646
1,20,2.9600,148,0,20,0.378215,0.121226,19.2658
1,20,2.9800,149,0,20,0.384531,0.126660,19.2672
1,20,3.0000,150,0,20,0.390823,0.132256,19.2687
1,20,3.0200,151,0,20,0.396612,0.138217,19.2704
1,20,3.0400,152,0,20,0.401494,0.143321,19.2721
1,20,3.0600,153,0,20,0.405225,0.148106,19.2739
1,20,3.0800,154,0,20,0.407960,0.152294,19.2756
1,20,3.1000,155,0,20,0.409632,0.155514,19.2773
1,20,3.1200,156,0,20,0.410192,0.157885,19.2788
1,20,3.1400,157,0,20,0.409574,0.159599,19.2802
1,20,3.1600,158,0,20,0.407696,0.160804,19.2815
1,20,3.1800,159,0,20,0.404354,0.161358,19.2825
1,20,3.2000,160,0,20,0.399772,0.161790,19.2833
1,20,3.2200,161,0,20,0.394447,0.162916,19.2838
1,20,3.2400,162,0,20,0.388628,0.163194,19.2840
1,20,3.2600,163,0,20,0.382441,0.163264,19.2840
1,20,3.2800,164,0,20,0.376202,0.164966,19.2836
1,20,3.3000,165,0,20,0.370168,0.164744,19.2830
1,20,3.3200,166,0,20,0.364625,0.167111,19.2821
1,20,3.3400,167,0,20,0.359967,0.169910,19.2810
1,20,3.3600,168,0,20,0.356438,0.172474,19.2796
1,20,3.3800,169,0,20,0.354520,0.177675,19.2781
1,20,3.4000,170,0,20,0.359689,0.181095,19.2763
1,20,3.4200,171,0,20,0.369162,0.185041,19.2744
1,20,3.4400,172,0,20,0.380730,0.190394,19.2724
1,20,3.4600,173,0,20,0.389951,0.196970,19.2703
1,20,3.4800,174,0,20,0.397222,0.200112,19.2681
1,20,3.5000,175,0,20,0.401826,0.205305,19.2660
1,20,3.5200,176,0,20,0.404297,0.209429,19.2640
1,20,3.5400,177,0,20,0.409738,0.213932,19.2621
1,20,3.5600,178,0,20,0.415629,0.217771,19.2603
1,20,3.5800,179,0,20,0.434784,0.221332,19.2588
1,20,3.6000,180,0,20,0.456201,0.225613,19.2576
1,20,3.6200,181,0,20,0.475653,0.229082,19.2564
1,20,3.6400,182,0,20,0.494257,0.232938,19.2553
1,20,3.6600,183,0,20,0.512060,0.236594,19.2542
1,20,3.6800,184,0,20,0.529410,0.240622,19.2533
1,20,3.7000,185,0,20,0.545643,0.244697,19.2524
1,20,3.7200,186,0,20,0.560011,0.249035,19.2517
1,20,3.7400,187,0,20,0.572938,0.253278,19.2511
1,20,3.7600,188,0,20,0.588181,0.257164,19.2507
1,20,3.7800,189,0,20,0.600910,0.260947,19.2504
1,20,3.8000,190,0,20,0.613531,0.264798,19.2503
1,20,3.8200,191,0,20,0.626074,0.268485,19.2502
1,20,3.8400,192,0,20,0.638019,0.272315,19.2503
1,20,3.8600,193,0,20,0.648954,0.276190,19.2504
1,20,3.8800,194,0,20,0.658749,0.280166,19.2505
1,20,3.9000,195,0,20,0.667475,0.284196,19.2507
1,20,3.9200,196,0,20,0.675264,0.288290,19.2509
1,20,3.9400,197,0,20,0.682271,0.292353,19.2511
1,20,3.9600,198,0,20,0.688666,0.296389,19.2513
1,20,3.9800,199,0,20,0.694736,0.300344,19.2514
1,20,4.0000,200,0,20,0.700585,0.304246,19.2514
1,20,4.0200,201,0,20,0.706326,0.308088,19.2513
1,20,4.0400,202,0,20,0.712114,0.311902,19.2511
1,20,4.0600,203,0,20,0.718073,0.315703,19.2508
1,20,4.0800,204,0,20,0.724306,0.319509,19.2504
1,20,4.1000,205,0,20,0.730898,0.323350,19.2499
1,20,4.1200,206,0,20,0.737910,0.327658,19.2492
1,20,4.1400,207,0,20,0.745351,0.331619,19.2483
1,20,4.1600,208,0,20,0.753221,0.335455,19.2472
1,20,4.1800,209,0,20,0.761480,0.341644,19.2459
1,20,4.2000,210,0,20,0.770082,0.347577,19.2444
1,20,4.2200,211,0,20,0.779351,0.352306,19.2426
1,20,4.2400,212,0,20,0.789628,0.358213,19.2407
1,20,4.2600,213,0,20,0.810716,0.363908,19.2389
1,20,4.2800,214,0,20,0.830437,0.369039,19.2370
1,20,4.3000,215,0,20,0.845790,0.375102,19.2348
1,20,4.3200,216,0,20,0.862623,0.380837,19.2325
1,20,4.3400,217,0,20,0.880349,0.389499,19.2301
1,20,4.3600,218,0,20,0.898944,0.393566,19.2276
1,20,4.3800,219,0,20,0.918632,0.400062,19.2251
1,20,4.4000,220,0,20,0.939532,0.406032,19.2226
1,20,4.4200,221,0,20,0.961694,0.410842,19.2201
1,20,4.4400,222,0,20,0.985114,0.415739,19.2178
1,20,4.4600,223,0,20,1.009774,0.420344,19.2156
1,20,4.4800,224,0,20,1.035577,0.424778,19.2136
1,20,4.5000,225,0,20,1.062321,0.428955,19.2116
1,20,4.5200,226,0,20,1.089855,0.433226,19.2098
1,20,4.5400,227,0,20,1.118098,0.437701,19.2080
1,20,4.5600,228,0,20,1.147018,0.442326,19.2062
1,20,4.5800,229,0,20,1.176537,0.447242,19.2045
1,20,4.6000,230,0,20,1.206458,0.453445,19.2028
1,20,4.6200,231,0,20,1.236610,0.459357,19.2012
1,20,4.6400,232,0,20,1.266432,0.465669,19.1995
1,20,4.6600,233,0,20,1.295504,0.471897,19.1977
1,20,4.6800,234,0,20,1.320761,0.478897,19.1958
1,20,4.7000,235,0,20,1.347633,0.485445,19.1938
1,20,4.7200,236,0,20,1.371696,0.491336,19.1918
1,20,4.7400,237,0,20,1.394337,0.496338,19.1896
1,20,4.7600,238,0,20,1.415804,0.501265,19.1873
1,20,4.7800,239,0,20,1.436238,0.506840,19.1849
1,20,4.8000,240,0,20,1.455733,0.514118,19.1823
1,20,4.8200,241,0,20,1.474512,0.521472,19.1795
1,20,4.8400,242,0,20,1.492829,0.529999,19.1766
1,20,4.8600,243,0,20,1.510863,0.537126,19.1734
1,20,4.8800,244,0,20,1.529014,0.545571,19.1701
1,20,4.9000,245,0,20,1.547680,0.553067,19.1665
1,20,4.9200,246,0,20,1.565190,0.561690,19.1627
1,20,4.9400,247,0,20,1.586029,0.569402,19.1587
1,20,4.9600,248,0,20,1.608716,0.576606,19.1544
1,20,4.9800,249,0,20,1.632742,0.598338,19.1498
1,20,5.0000,250,0,20,1.657971,0.606964,19.1450
1,20,5.0200,251,0,20,1.684315,0.616819,19.1398
1,20,5.0400,252,0,20,1.711712,0.624801,19.1342
1,20,5.0600,253,0,20,1.740198,0.629877,19.1282
1,20,5.0800,254,0,20,1.769865,0.636425,19.1218
1,20,5.1000,255,0,20,1.800627,0.644783,19.1149
1,20,5.1200,256,0,20,1.834271,0.653706,19.1076
1,20,5.1400,257,0,20,1.869833,0.661922,19.1000
1,20,5.1600,258,0,20,1.902522,0.672393,19.0921
1,20,5.1800,259,0,20,1.934070,0.682777,19.0839
1,20,5.2000,260,0,20,1.965270,0.691874,19.0756
1,20,5.2200,261,0,20,1.996633,0.702256,19.0671
1,20,5.2400,262,0,20,2.028595,0.713728,19.0586
1,20,5.2600,263,0,20,2.061436,0.724043,19.0499
1,20,5.2800,264,0,20,2.095266,0.735419,19.0412
1,20,5.3000,265,0,20,2.126310,0.744885,19.0324
1,20,5.3200,266,0,20,2.160661,0.753200,19.0236
1,20,5.3400,267,0,20,2.197002,0.762797,19.0149
1,20,5.3600,268,0,20,2.234527,0.774804,19.0063
1,20,5.3800,269,0,20,2.272547,0.789287,18.9978
1,20,5.4000,270,0,20,2.310609,0.804100,18.9893
1,20,5.4200,271,0,20,2.348719,0.816950,18.9807
1,20,5.4400,272,0,20,2.387184,0.827417,18.9719
1,20,5.4600,273,0,20,2.426601,0.843403,18.9630
1,20,5.4800,274,0,20,2.467686,0.855636,18.9539
1,20,5.5000,275,0,20,2.510757,0.873040,18.9446
1,20,5.5200,276,0,20,2.555770,0.891335,18.9351
1,20,5.5400,277,0,20,2.601971,0.906973,18.9252
1,20,5.5600,278,0,20,2.649053,0.920599,18.9149
1,20,5.5800,279,0,20,2.696632,0.942583,18.9042
1,20,5.6000,280,0,20,2.746090,0.951967,18.8932
1,20,5.6200,281,0,20,2.794618,0.960434,18.8817
1,20,5.6400,282,0,20,2.842823,0.971301,18.8700
1,20,5.6600,283,0,20,2.889139,0.981739,18.8581
1,20,5.6800,284,0,20,2.930417,0.995671,18.8460
1,20,5.7000,285,0,20,2.967496,1.013761,18.8332
1,20,5.7200,286,0,20,3.005332,1.032526,18.8199
1,20,5.7400,287,0,20,3.039404,1.050226,18.8057
1,20,5.7600,288,0,20,3.074800,1.070265,18.7906
1,20,5.7800,289,0,20,3.114880,1.085871,18.7746
1,20,5.8000,290,0,20,3.159827,1.100127,18.7580
1,20,5.8200,291,0,20,3.208886,1.115369,18.7408
1,20,5.8400,292,0,20,3.260268,1.131972,18.7230
1,20,5.8600,293,0,20,3.317201,1.155825,18.7046
1,20,5.8800,294,0,20,3.378094,1.168220,18.6855
1,20,5.9000,295,0,20,3.442395,1.184483,18.6657
1,20,5.9200,296,0,20,3.510858,1.201491,18.6451
1,20,5.9400,297,0,20,3.588691,1.228441,18.6236
1,20,5.9600,298,0,20,3.677294,1.249819,18.6009
1,20,5.9800,299,0,20,3.769122,1.271268,18.5768
1,20,6.0000,300,0,20,3.862671,1.294758,18.5512
1,20,6.0200,301,0,20,3.957963,1.326075,18.5241
1,20,6.0400,302,0,20,4.051377,1.358141,18.4952
1,20,6.0600,303,0,20,4.152140,1.400491,18.4648
1,20,6.0800,304,0,20,4.259871,1.437423,18.4328
1,20,6.1000,305,0,20,4.376537,1.477068,18.3991
1,20,6.1200,306,0,20,4.502085,1.515511,18.3637
1,20,6.1400,307,0,20,4.636683,1.552410,18.3263
1,20,6.1600,308,0,20,4.775978,1.590684,18.2865
1,20,6.1800,309,0,20,4.909551,1.631780,18.2445
1,20,6.2000,310,0,20,5.038085,1.679658,18.2001
1,20,6.2200,311,0,20,5.162469,1.725553,18.1533
1,20,6.2400,312,0,20,5.293318,1.772020,18.1036
1,20,6.2600,313,0,20,5.413584,1.816811,18.0514
1,20,6.2800,314,0,20,5.531310,1.863706,17.9968
1,20,6.3000,315,0,20,5.642782,1.915123,17.9399
1,20,6.3200,316,0,20,5.756225,1.965040,17.8804
1,20,6.3400,317,0,20,5.874386,2.017134,17.8180
1,20,6.3600,318,0,20,5.996512,2.073856,17.7524
1,20,6.3800,319,0,20,6.119022,2.129670,17.6835
1,20,6.4000,320,0,20,6.244280,2.189259,17.6113
1,20,6.4200,321,0,20,6.373797,2.250799,17.5354
1,20,6.4400,322,0,20,6.501363,2.314918,17.4559
1,20,6.4600,323,0,20,6.627295,2.378767,17.3728
1,20,6.4800,324,0,20,6.753062,2.445684,17.2859
1,20,6.5000,325,0,20,6.879861,2.511761,17.1952
1,20,6.5200,326,0,20,7.010643,2.579690,17.1006
1,20,6.5400,327,0,20,7.144486,2.648410,17.0021
1,20,6.5600,328,0,20,7.281157,2.721367,16.8996
1,20,6.5800,329,0,20,7.420497,2.797499,16.7933
1,20,6.6000,330,0,20,7.562361,2.876226,16.6830
1,20,6.6200,331,0,20,7.706609,2.957824,16.5687
1,20,6.6400,332,0,20,7.853110,3.040404,16.4506
1,20,6.6600,333,0,20,8.001739,3.123845,16.3285
1,20,6.6800,334,0,20,8.152381,3.209081,16.2025
1,20,6.7000,335,0,20,8.304925,3.296006,16.0726
1,20,6.7200,336,0,20,8.459270,3.384742,15.9388
1,20,6.7400,337,0,20,8.615317,3.475513,15.8010
1,20,6.7600,338,0,20,8.772978,3.566954,15.6593
1,20,6.7800,339,0,20,8.932164,3.659941,15.5137
1,20,6.8000,340,0,20,9.092798,3.754548,15.3642
1,20,6.8200,341,0,20,9.254804,3.849614,15.2107
1,20,6.8400,342,0,20,9.418109,3.944503,15.0533
1,20,6.8600,343,0,20,9.582649,4.041383,14.8920
1,20,6.8800,344,0,20,9.748362,4.136365,14.7268
1,20,6.9000,345,0,20,9.915186,4.231241,14.5576
1,20,6.9200,346,0,20,10.083070,4.330078,14.3845
1,20,6.9400,347,0,20,10.251960,4.428362,14.2075
1,20,6.9600,348,0,20,10.421800,4.526399,14.0266
1,20,6.9800,349,0,20,10.592560,4.626263,13.8418
1,20,7.0000,350,0,20,10.764180,4.727046,13.6530
1,20,7.0200,351,0,20,10.936630,4.828359,13.4603
1,20,7.0400,352,0,20,11.109870,4.929953,13.2637
1,20,7.0600,353,0,20,11.283860,5.031727,13.0631
1,20,7.0800,354,0,20,11.458570,5.133739,12.8586
1,20,7.1000,355,0,20,11.633960,5.237417,12.6502
1,20,7.1200,356,0,20,11.810010,5.338860,12.4379
1,20,7.1400,357,0,20,11.986680,5.441413,12.2217
1,20,7.1600,358,0,20,12.163950,5.545393,12.0015
1,20,7.1800,359,0,20,12.341800,5.649864,11.7774
1,20,7.2000,360,0,20,12.520190,5.754622,11.5494
1,20,7.2200,361,0,20,12.699110,5.860053,11.3175
1,20,7.2400,362,0,20,12.878530,5.965854,11.0816
1,20,7.2600,363,0,20,13.058430,6.071930,10.8418
1,20,7.2800,364,0,20,13.238800,6.178209,10.5981
1,20,7.3000,365,0,20,13.419610,6.285051,10.3505
1,20,7.3200,366,0,20,13.600850,6.393015,10.0989
1,20,7.3400,367,0,20,13.782500,6.501237,9.8434
1,20,7.3600,368,0,20,13.964540,6.610397,9.5840
1,20,7.3800,369,0,20,14.146960,6.719246,9.3207
1,20,7.4000,370,0,20,14.329750,6.828897,9.0534
1,20,7.4200,371,0,20,14.512880,6.937847,8.7822
1,20,7.4400,372,0,20,14.696350,7.047661,8.5071
1,20,7.4600,373,0,20,14.880150,7.158910,8.3789
1,20,7.4800,374,0,20,15.064260,7.270098,8.3753
1,20,7.5000,375,0,20,15.248670,7.381285,8.3716
1,20,7.5200,376,0,20,15.433370,7.492799,8.3677
1,20,7.5400,377,0,20,15.618350,7.604196,8.3638
1,20,7.5600,378,0,20,15.803610,7.716168,8.3596
1,20,7.5800,379,0,20,15.989120,7.826031,8.3558
1,20,7.6000,380,0,20,16.174890,7.888284,8.3513
1,20,7.6200,381,0,20,16.360900,7.969523,8.3419
1,20,7.6400,382,0,20,16.547140,8.071851,8.3286
1,20,7.6600,383,0,20,16.733620,8.185400,8.3120
1,20,7.6800,384,0,20,16.920310,8.285148,8.3017
1,20,7.7000,385,0,20,17.107210,8.385378,8.2967
1,20,7.7200,386,0,20,17.294320,8.489852,8.2946
1,20,7.7400,387,0,20,17.481630,8.601334,8.2934
1,20,7.7600,388,0,20,17.669140,8.710310,8.2921
1,20,7.7800,389,0,20,17.856830,7.475789,8.2898
1,20,7.8000,390,0,20,18.044700,7.557490,8.2859
1,20,7.8200,391,0,20,18.232740,6.615908,8.2802
1,20,7.8400,392,0,20,18.420960,6.167227,8.2723
1,20,7.8600,393,0,20,18.609340,6.079910,8.2619
1,20,7.8800,394,0,20,18.797880,5.410462,8.2491
1,20,7.9000,395,0,20,18.986580,4.208284,8.2338
1,20,7.9200,396,0,20,19.175430,3.648569,8.2162
1,20,7.9400,397,0,20,10.204050,2.805254,8.1966
1,20,7.9600,398,0,20,9.983606,2.752761,8.1755
1,20,7.9800,399,0,20,7.427583,2.426206,8.1534
1,20,8.0000,400,0,20,7.617775,2.335817,8.1306
1,20,8.0200,401,0,20,7.808266,2.270612,8.1066
1,20,8.0400,402,0,20,7.999032,2.225563,8.0830
1,20,8.0600,403,0,20,8.190055,2.192329,8.0595
1,20,8.0800,404,0,20,8.381318,2.182531,8.0358
1,20,8.1000,405,0,20,8.572803,2.163249,8.0116
1,20,8.1200,406,0,20,8.764499,2.149249,7.9869
1,20,8.1400,407,0,20,8.956388,2.150217,7.9618
1,20,8.1600,408,0,20,9.148460,2.164927,7.9365
1,20,8.1800,409,0,20,9.340704,2.181563,7.9107
1,20,8.2000,410,0,20,9.533110,2.198068,7.8840
1,20,8.2200,411,0,20,5.289429,2.041808,7.8559
1,20,8.2400,412,0,20,4.835169,2.043679,7.8260
1,20,8.2600,413,0,20,4.937610,2.062756,7.7942
1,20,8.2800,414,0,20,4.998324,2.064270,7.7607
1,20,8.3000,415,0,20,5.065915,2.068198,7.7256
1,20,8.3200,416,0,20,4.787319,2.060538,7.6885
1,20,8.3400,417,0,20,4.616323,2.104827,7.6495
1,20,8.3600,418,0,20,4.676643,2.161168,7.6085
1,20,8.3800,419,0,20,4.744316,2.222740,7.5653
1,20,8.4000,420,0,20,4.819031,2.256954,7.5200
1,20,8.4200,421,0,20,4.900467,2.191548,7.4725
1,20,8.4400,422,0,20,4.988295,2.151175,7.4229
1,20,8.4600,423,0,20,5.082183,2.181052,7.3709
1,20,8.4800,424,0,20,5.181802,2.218211,7.3166
1,20,8.5000,425,0,20,5.301536,2.277296,7.2598
1,20,8.5200,426,0,20,5.460632,2.334771,7.2004
1,20,8.5400,427,0,20,5.623633,2.399194,7.1382
1,20,8.5600,428,0,20,5.788959,2.477332,7.0730
1,20,8.5800,429,0,20,5.953524,2.505823,7.0046
1,20,8.6000,430,0,20,6.115212,2.560550,6.9329
1,20,8.6200,431,0,20,6.271468,2.620794,6.8578
1,20,8.6400,432,0,20,6.419860,2.684016,6.7791
1,20,8.6600,433,0,20,6.564641,2.502291,6.6970
1,20,8.6800,434,0,20,6.709483,2.485297,6.6111
1,20,8.7000,435,0,20,6.855643,2.451431,6.5216
1,20,8.7200,436,0,20,7.003242,2.385172,6.4283
1,20,8.7400,437,0,20,7.151357,2.386314,6.3312
1,20,8.7600,438,0,20,7.300261,2.258784,6.2302
1,20,8.7800,439,0,20,7.450423,2.308444,6.1254
1,20,8.8000,440,0,20,7.599540,2.318038,6.0167
1,20,8.8200,441,0,20,7.743782,2.341049,5.9040
1,20,8.8400,442,0,20,7.887837,2.365103,5.7875
1,20,8.8600,443,0,20,8.033894,2.374161,5.6670
1,20,8.8800,444,0,20,8.182047,2.388538,5.5426
1,20,8.9000,445,0,20,8.332187,2.442351,5.4142
1,20,8.9200,446,0,20,8.484207,2.476181,5.2820
1,20,8.9400,447,0,20,8.638008,2.530743,5.1458
1,20,8.9600,448,0,20,8.793498,2.527288,5.0057
1,20,8.9800,449,0,20,8.950586,2.454030,4.8617
1,20,9.0000,450,1,19,9.109192,2.500970,4.7137
1,20,9.0200,451,1,19,9.269238,2.554924,4.5618
1,20,9.0400,452,1,19,9.430648,2.619375,4.4060
1,20,9.0600,453,1,19,9.593356,2.673324,4.2463
1,20,9.0800,454,1,19,9.757296,2.730111,4.0826
1,20,9.1000,455,1,19,9.922407,2.796868,3.9151
1,20,9.1200,456,1,19,10.088630,2.868346,3.7436
1,20,9.1400,457,1,19,10.255920,2.940625,3.5681
1,20,9.1600,458,4,16,10.424210,2.988219,3.3888
1,20,9.1800,459,4,16,10.593460,3.044905,3.2055
1,20,9.2000,460,5,15,10.763630,3.106043,3.0183
1,20,9.2200,461,4,16,10.934670,3.177394,2.8272
1,20,9.2400,462,4,16,11.106540,3.250502,2.6322
1,20,9.2600,463,4,16,11.279210,3.329132,2.4332
1,20,9.2800,464,4,16,11.452630,3.415069,2.2303
1,20,9.3000,465,4,16,11.626780,3.501925,2.0235
1,20,9.3200,466,4,16,11.801620,3.587997,1.8128
1,20,9.3400,467,4,16,11.977120,3.630023,1.5981
1,20,9.3600,468,4,16,12.153250,2.688238,1.3795
1,20,9.3800,469,6,14,12.329990,2.250769,1.1570
1,20,9.4000,470,6,14,12.507320,2.027098,0.9306
1,20,9.4200,471,7,13,12.685190,1.896121,0.7400
1,20,9.4400,472,7,13,12.732500,1.239671,0.7306
1,20,9.4600,473,7,13,2.641199,0.667452,0.7199
1,20,9.4800,474,7,13,2.367066,0.592956,0.7078
1,20,9.5000,475,7,13,1.896092,0.506293,0.6943
1,20,9.5200,476,7,13,1.775553,0.456254,0.7006
1,20,9.5400,477,7,13,1.718495,0.430488,0.7183
1,20,9.5600,478,7,13,1.671423,0.398116,0.7328
1,20,9.5800,479,7,13,1.611748,0.355240,0.7452
1,20,9.6000,480,7,13,1.377129,0.327774,0.7590
1,20,9.6200,481,7,13,1.231628,0.314458,0.7687
1,20,9.6400,482,8,12,1.194790,0.306023,0.7742
1,20,9.6600,483,8,12,1.191828,0.301148,0.7756
1,20,9.6800,484,8,12,1.267061,0.286094,0.7730
1,20,9.7000,485,8,12,1.355206,0.245885,0.7670
1,20,9.7200,486,8,12,1.449008,0.232721,0.7605
1,20,9.7400,487,9,11,1.549214,0.215796,0.7599
1,20,9.7600,488,9,11,1.153966,0.180527,0.7610
1,20,9.7800,489,10,10,0.783189,0.147550,0.7612
1,20,9.8000,490,11,9,0.849887,0.133902,0.7604
1,20,9.8200,491,11,9,0.857023,0.130377,0.7588
1,20,9.8400,492,11,9,0.695230,0.110735,0.7567
1,20,9.8600,493,11,9,0.718671,0.102682,0.7538
1,20,9.8800,494,11,9,0.721931,0.118337,0.7500
1,20,9.9000,495,11,9,0.799532,0.142417,0.7452
1,20,9.9200,496,12,8,0.900129,0.164096,0.7395
1,20,9.9400,497,12,8,0.997787,0.193525,0.7328
1,20,9.9600,498,12,8,0.865284,0.193497,0.7251
1,20,9.9800,499,12,8,0.829971,0.170348,0.7164
1,20,10.0000,500,14,6,0.933563,0.171779,0.7063
1,20,10.0200,501,14,6,1.024536,0.182231,0.6950
1,20,10.0400,502,14,6,1.113993,0.191437,0.6823
1,20,10.0600,503,14,6,1.075226,0.195878,0.6719
1,20,10.0800,504,14,6,1.040242,0.192427,0.6675
1,20,10.1000,505,14,6,1.095519,0.207857,0.6641
1,20,10.1200,506,14,6,1.088996,0.196373,0.6589
1,20,10.1400,507,14,6,1.035893,0.143583,0.6517
1,20,10.1600,508,14,6,1.096494,0.120258,0.6426
1,20,10.1800,509,14,6,1.176410,0.123508,0.6316
1,20,10.2000,510,14,6,1.278844,0.136696,0.6186
1,20,10.2200,511,14,6,1.332357,0.133815,0.6034
1,20,10.2400,512,14,6,1.425650,0.100579,0.5861
1,20,10.2600,513,15,5,1.522905,0.087952,0.5665
1,20,10.2800,514,15,5,1.572956,0.083651,0.5467
1,20,10.3001,515,15,5,1.657719,0.085546,0.5253
1,20,10.3201,516,15,5,1.638304,0.090711,0.5085
1,20,10.3401,517,15,5,0.464321,0.036084,0.5066
1,20,10.3601,518,15,5,0.364385,0.032039,0.5123
1,20,10.3801,519,15,5,0.260381,0.017271,0.5163
1,20,10.4001,520,15,5,0.157871,0.008402,0.5184
1,20,10.4201,521,15,5,0.057524,0.003950,0.5192
1,20,10.4401,522,15,5,0.042498,0.002560,0.5186
1,20,10.4601,523,15,5,0.142504,0.007208,0.5167
1,20,10.4801,524,15,5,0.242934,0.012211,0.5134
1,20,10.5001,525,15,5,0.344112,0.017252,0.5086
1,20,10.5201,526,15,5,0.446489,0.022340,0.5024
1,20,10.5401,527,17,3,0.172472,0.008627,0.5006
1,20,10.5601,528,18,2,0.020566,0.001030,0.5002
1,20,10.5801,529,18,2,0.030830,0.001543,0.5001
1,20,10.6001,530,19,1,0.017879,0.000894,0.5000
1,20,10.6201,531,19,1,0.004197,0.000210,0.5000
1,20,10.6401,532,19,1,0.001334,0.000067,0.5000
1,20,10.6601,533,19,1,0.001021,0.000051,0.5000
1,20,10.6801,534,19,1,0.000424,0.000021,0.5000
1,20,10.7001,535,19,1,0.000092,0.000005,0.5000
1,20,10.7201,536,19,1,0.000083,0.000004,0.5000
1,20,10.7401,537,19,1,0.000074,0.000004,0.5000
1,20,10.7601,538,19,1,0.000048,0.000002,0.5000
1,20,10.7801,539,19,1,0.000036,0.000002,0.5000
1,20,10.8001,540,19,1,0.000032,0.000002,0.5000
1,20,10.8201,541,19,1,0.000031,0.000002,0.5000
1,20,10.8401,542,19,1,0.000034,0.000002,0.5000
1,20,10.8601,543,19,1,0.000034,0.000002,0.5000
1,20,10.8801,544,19,1,0.000034,0.000002,0.5000
1,20,10.9001,545,19,1,0.000034,0.000002,0.5000
1,20,10.9201,546,19,1,0.000034,0.000002,0.5000
1,20,10.9401,547,19,1,0.000034,0.000002,0.5000
1,20,10.9601,548,19,1,0.000034,0.000002,0.5000
1,20,10.9801,549,20,0,0.000000,0.000000,0.5000
2,20,0.0200,1,0,20,0.000000,0.000000,19.5000
2,20,0.0400,2,0,20,0.196200,0.168766,19.4961
2,20,0.0600,3,0,20,0.392397,0.317435,19.4882
2,20,0.0800,4,0,20,0.587965,0.446052,19.4765
2,20,0.1000,5,0,20,0.778408,0.554493,19.4609
2,20,0.1200,6,0,20,0.953257,0.642648,19.4418
2,20,0.1400,7,0,20,1.099785,0.710444,19.4197
2,20,0.1600,8,0,20,1.207680,0.757834,19.3954
2,20,0.1800,9,0,20,1.271258,0.784802,19.3698
2,20,0.2000,10,0,20,1.289887,0.791557,19.3438
2,20,0.2200,11,0,20,1.266292,0.778297,19.3184
2,20,0.2400,12,0,20,1.205800,0.764316,19.2941
2,20,0.2600,13,0,20,1.114426,0.726694,19.2718
2,20,0.2800,14,0,20,1.000955,0.673312,19.2518
2,20,0.3000,15,0,20,0.878085,0.602482,19.2344
2,20,0.3200,16,0,20,0.754908,0.522105,19.2196
2,20,0.3400,17,0,20,0.634979,0.431018,19.2073
2,20,0.3600,18,0,20,0.517478,0.337247,19.1976
2,20,0.3800,19,0,20,0.403535,0.245102,19.1904
2,20,0.4000,20,0,20,0.315541,0.163802,19.1862
2,20,0.4200,21,0,20,0.282980,0.119551,19.1850
2,20,0.4400,22,0,20,0.303221,0.151793,19.1871
2,20,0.4600,23,0,20,0.400049,0.221177,19.1921
2,20,0.4800,24,0,20,0.526221,0.295245,19.2000
2,20,0.5000,25,0,20,0.645236,0.364554,19.2103
2,20,0.5200,26,0,20,0.747221,0.425309,19.2228
2,20,0.5400,27,0,20,0.827346,0.475617,19.2368
2,20,0.5600,28,0,20,0.883399,0.513771,19.2521
2,20,0.5800,29,0,20,0.914925,0.538906,19.2680
2,20,0.6000,30,0,20,0.901377,0.550574,19.2840
2,20,0.6200,31,0,20,0.888627,0.548730,19.3000
2,20,0.6400,32,0,20,0.862005,0.533848,19.3156
2,20,0.6600,33,0,20,0.817112,0.506799,19.3305
2,20,0.6800,34,0,20,0.752280,0.468923,19.3444
2,20,0.7000,35,0,20,0.671567,0.422214,19.3570
2,20,0.7200,36,0,20,0.578777,0.368749,19.3679
2,20,0.7400,37,0,20,0.478973,0.311591,19.3770
2,20,0.7600,38,0,20,0.373739,0.253332,19.3842
2,20,0.7800,39,0,20,0.265722,0.198571,19.3893
2,20,0.8000,40,0,20,0.247863,0.151643,19.3922
2,20,0.8200,41,0,20,0.255625,0.125165,19.3928
2,20,0.8400,42,0,20,0.271806,0.148216,19.3912
2,20,0.8600,43,0,20,0.295173,0.195797,19.3874
2,20,0.8800,44,0,20,0.323401,0.245323,19.3815
2,20,0.9000,45,0,20,0.413111,0.291122,19.3737
2,20,0.9200,46,0,20,0.480547,0.330888,19.3646
2,20,0.9400,47,0,20,0.530583,0.363297,19.3545
2,20,0.9600,48,0,20,0.565311,0.387475,19.3436
2,20,0.9800,49,0,20,0.586076,0.402798,19.3322
2,20,1.0000,50,0,20,0.593457,0.408980,19.3205
2,20,1.0200,51,0,20,0.588171,0.406010,19.3089
2,20,1.0400,52,0,20,0.571148,0.394207,19.2976
2,20,1.0600,53,0,20,0.544654,0.374132,19.2868
2,20,1.0800,54,0,20,0.515884,0.347917,19.2766
2,20,1.1000,55,0,20,0.472806,0.315371,19.2673
2,20,1.1200,56,0,20,0.420906,0.277780,19.2592
2,20,1.1400,57,0,20,0.367084,0.237194,19.2524
2,20,1.1600,58,0,20,0.317523,0.196086,19.2471
2,20,1.1800,59,0,20,0.278645,0.157721,19.2433
2,20,1.2000,60,0,20,0.258632,0.126571,19.2411
2,20,1.2200,61,0,20,0.261638,0.111152,19.2404
2,20,1.2400,62,0,20,0.285046,0.117320,19.2413
2,20,1.2600,63,0,20,0.321533,0.141269,19.2435
2,20,1.2800,64,0,20,0.363327,0.173835,19.2470
2,20,1.3000,65,0,20,0.403858,0.207305,19.2516
2,20,1.3200,66,0,20,0.436740,0.237757,19.2571
2,20,1.3400,67,0,20,0.465974,0.263512,19.2633
2,20,1.3600,68,0,20,0.490869,0.283059,19.2702
2,20,1.3800,69,0,20,0.508861,0.296269,19.2775
2,20,1.4000,70,0,20,0.517895,0.302831,19.2852
2,20,1.4200,71,0,20,0.516892,0.302892,19.2929
2,20,1.4400,72,0,20,0.505867,0.296646,19.3004
2,20,1.4600,73,0,20,0.485120,0.284394,19.3077
2,20,1.4800,74,0,20,0.455748,0.266665,19.3144
2,20,1.5000,75,0,20,0.419251,0.244234,19.3204
2,20,1.5200,76,0,20,0.377531,0.217247,19.3256
2,20,1.5400,77,0,20,0.332991,0.186871,19.3299
2,20,1.5600,78,0,20,0.287948,0.155343,19.3332
2,20,1.5800,79,0,20,0.247049,0.127290,19.3353
2,20,1.6000,80,0,20,0.217136,0.107078,19.3363
2,20,1.6200,81,0,20,0.204704,0.097879,19.3362
2,20,1.6400,82,0,20,0.212604,0.102698,19.3351
2,20,1.6600,83,0,20,0.234112,0.118551,19.3331
2,20,1.6800,84,0,20,0.260597,0.140190,19.3302
2,20,1.7000,85,0,20,0.288891,0.165860,19.3266
2,20,1.7200,86,0,20,0.313690,0.188949,19.3223
2,20,1.7400,87,0,20,0.337118,0.209851,19.3175
2,20,1.7600,88,0,20,0.358771,0.226074,19.3123
2,20,1.7800,89,0,20,0.377024,0.237048,19.3068
2,20,1.8000,90,0,20,0.389623,0.242623,19.3011
2,20,1.8200,91,0,20,0.395309,0.243025,19.2954
2,20,1.8400,92,0,20,0.394056,0.238645,19.2897
2,20,1.8600,93,0,20,0.386647,0.229946,19.2844
2,20,1.8800,94,0,20,0.373836,0.218680,19.2794
2,20,1.9000,95,0,20,0.357543,0.209133,19.2750
2,20,1.9200,96,0,20,0.340102,0.195245,19.2712
2,20,1.9400,97,0,20,0.323845,0.177825,19.2680
2,20,1.9600,98,0,20,0.312547,0.158023,19.2655
2,20,1.9800,99,0,20,0.307378,0.137825,19.2637
2,20,2.0000,100,0,20,0.307060,0.119137,19.2624
2,20,2.0200,101,0,20,0.309808,0.104615,19.2618
2,20,2.0400,102,0,20,0.314448,0.097624,19.2619
2,20,2.0600,103,0,20,0.320511,0.098690,19.2626
2,20,2.0800,104,0,20,0.327817,0.104955,19.2640
2,20,2.1000,105,0,20,0.336130,0.115464,19.2659
2,20,2.1200,106,0,20,0.344836,0.129352,19.2684
2,20,2.1400,107,0,20,0.351497,0.143082,19.2713
2,20,2.1600,108,0,20,0.356604,0.154861,19.2744
2,20,2.1800,109,0,20,0.361704,0.164168,19.2777
2,20,2.2000,110,0,20,0.365679,0.171858,19.2813
2,20,2.2200,111,0,20,0.367315,0.176830,19.2849
2,20,2.2400,112,0,20,0.366018,0.179862,19.2886
2,20,2.2600,113,0,20,0.361860,0.180460,19.2922
2,20,2.2800,114,0,20,0.356919,0.179216,19.2956
2,20,2.3000,115,0,20,0.354211,0.176268,19.2989
2,20,2.3200,116,0,20,0.349351,0.172295,19.3020
2,20,2.3400,117,0,20,0.345506,0.167869,19.3045
2,20,2.3600,118,0,20,0.341213,0.163329,19.3066
2,20,2.3800,119,0,20,0.335696,0.159312,19.3082
2,20,2.4000,120,0,20,0.329615,0.156164,19.3093
2,20,2.4200,121,0,20,0.320591,0.154352,19.3100
2,20,2.4400,122,0,20,0.313144,0.153924,19.3103
2,20,2.4600,123,0,20,0.310199,0.154972,19.3100
2,20,2.4800,124,0,20,0.315684,0.157063,19.3092
2,20,2.5000,125,0,20,0.324327,0.160119,19.3081
2,20,2.5200,126,0,20,0.335390,0.163825,19.3066
2,20,2.5400,127,0,20,0.346920,0.167650,19.3049
2,20,2.5600,128,0,20,0.359104,0.171375,19.3028
2,20,2.5800,129,0,20,0.372583,0.174182,19.3006
2,20,2.6000,130,0,20,0.388243,0.179619,19.2981
2,20,2.6200,131,0,20,0.406581,0.182635,19.2955
2,20,2.6400,132,0,20,0.426496,0.185005,19.2926
2,20,2.6600,133,0,20,0.447413,0.187203,19.2895
2,20,2.6800,134,0,20,0.469365,0.188128,19.2863
2,20,2.7000,135,0,20,0.491662,0.187259,19.2832
2,20,2.7200,136,0,20,0.513203,0.184422,19.2803
2,20,2.7400,137,0,20,0.532271,0.179919,19.2776
2,20,2.7600,138,0,20,0.547192,0.174420,19.2751
2,20,2.7800,139,0,20,0.556834,0.169216,19.2729
2,20,2.8000,140,0,20,0.560796,0.166927,19.2710
2,20,2.8200,141,0,20,0.559625,0.166824,19.2693
2,20,2.8400,142,0,20,0.554315,0.167144,19.2679
2,20,2.8600,143,0,20,0.546191,0.168303,19.2668
2,20,2.8800,144,0,20,0.538498,0.169925,19.2660
2,20,2.9000,145,0,20,0.568923,0.172197,19.2655
2,20,2.9200,146,0,20,0.604780,0.174723,19.2655
2,20,2.9400,147,0,20,0.620885,0.177412,19.2658
2,20,2.9600,148,0,20,0.622863,0.180335,19.2665
2,20,2.9800,149,0,20,0.617876,0.183375,19.2674
2,20,3.0000,150,0,20,0.610069,0.186323,19.2685
2,20,3.0200,151,0,20,0.601780,0.188962,19.2697
2,20,3.0400,152,0,20,0.593962,0.191099,19.2710
2,20,3.0600,153,0,20,0.586006,0.192538,19.2724
2,20,3.0800,154,0,20,0.576925,0.193407,19.2739
2,20,3.1000,155,0,20,0.565861,0.193831,19.2754
2,20,3.1200,156,0,20,0.555129,0.193765,19.2768
2,20,3.1400,157,0,20,0.547219,0.193502,19.2781
2,20,3.1600,158,0,20,0.542738,0.193220,19.2793
2,20,3.1800,159,0,20,0.541001,0.192965,19.2803
2,20,3.2000,160,0,20,0.550999,0.193334,19.2810
2,20,3.2200,161,0,20,0.556295,0.194364,19.2817
2,20,3.2400,162,0,20,0.558358,0.195949,19.2822
2,20,3.2600,163,0,20,0.559592,0.198189,19.2825
2,20,3.2800,164,0,20,0.561459,0.201324,19.2825
2,20,3.3000,165,0,20,0.564511,0.204452,19.2823
2,20,3.3200,166,0,20,0.568855,0.207890,19.2819
2,20,3.3400,167,0,20,0.574368,0.211748,19.2812
2,20,3.3600,168,0,20,0.580885,0.216005,19.2802
2,20,3.3800,169,0,20,0.588212,0.220509,19.2791
2,20,3.4000,170,0,20,0.596139,0.225151,19.2778
2,20,3.4200,171,0,20,0.604439,0.229760,19.2762
2,20,3.4400,172,0,20,0.612931,0.234358,19.2746
2,20,3.4600,173,0,20,0.621499,0.238617,19.2729
2,20,3.4800,174,0,20,0.630097,0.242534,19.2710
2,20,3.5000,175,0,20,0.639000,0.246608,19.2691
2,20,3.5200,176,0,20,0.648779,0.250238,19.2671
2,20,3.5400,177,0,20,0.658041,0.253857,19.2652
2,20,3.5600,178,0,20,0.667140,0.257268,19.2633
2,20,3.5800,179,0,20,0.676334,0.259934,19.2614
2,20,3.6000,180,0,20,0.685626,0.262853,19.2595
2,20,3.6200,181,0,20,0.695022,0.265997,19.2578
2,20,3.6400,182,0,20,0.704585,0.269349,19.2561
2,20,3.6600,183,0,20,0.714424,0.273235,19.2545
2,20,3.6800,184,0,20,0.708046,0.277662,19.2529
2,20,3.7000,185,0,20,0.716125,0.282384,19.2515
2,20,3.7200,186,0,20,0.729626,0.287098,19.2502
2,20,3.7400,187,0,20,0.745229,0.291905,19.2490
2,20,3.7600,188,0,20,0.761414,0.296836,19.2480
2,20,3.7800,189,0,20,0.777665,0.301656,19.2470
2,20,3.8000,190,0,20,0.793970,0.306946,19.2462
2,20,3.8200,191,0,20,0.810450,0.312321,19.2454
2,20,3.8400,192,0,20,0.827175,0.317565,19.2448
2,20,3.8600,193,0,20,0.844170,0.322949,19.2442
2,20,3.8800,194,0,20,0.851727,0.328749,19.2435
2,20,3.9000,195,0,20,0.856902,0.334264,19.2427
2,20,3.9200,196,0,20,0.865955,0.340123,19.2421
2,20,3.9400,197,0,20,0.880102,0.345838,19.2417
2,20,3.9600,198,0,20,0.898350,0.351244,19.2412
2,20,3.9800,199,0,20,0.919183,0.356720,19.2408
2,20,4.0000,200,0,20,0.943916,0.362014,19.2403
2,20,4.0200,201,0,20,0.970545,0.367721,19.2395
2,20,4.0400,202,0,20,0.998585,0.373412,19.2385
2,20,4.0600,203,0,20,1.026803,0.379027,19.2374
2,20,4.0800,204,0,20,1.053199,0.384402,19.2362
2,20,4.1000,205,0,20,1.076735,0.389384,19.2348
2,20,4.1200,206,0,20,1.099903,0.398476,19.2333
2,20,4.1400,207,0,20,1.118448,0.406597,19.2317
2,20,4.1600,208,0,20,1.134855,0.413199,19.2299
2,20,4.1800,209,0,20,1.150995,0.418340,19.2279
2,20,4.2000,210,0,20,1.167204,0.424016,19.2257
2,20,4.2200,211,0,20,1.183339,0.430922,19.2234
2,20,4.2400,212,0,20,1.199545,0.438133,19.2209
2,20,4.2600,213,0,20,1.215726,0.444620,19.2183
2,20,4.2800,214,0,20,1.231837,0.450489,19.2156
2,20,4.3000,215,0,20,1.248119,0.456474,19.2126
2,20,4.3200,216,0,20,1.263987,0.460488,19.2096
2,20,4.3400,217,0,20,1.279158,0.465327,19.2063
2,20,4.3600,218,0,20,1.291766,0.470040,19.2029
2,20,4.3800,219,0,20,1.305133,0.474162,19.1993
2,20,4.4000,220,0,20,1.318904,0.478777,19.1955
2,20,4.4200,221,0,20,1.332916,0.483626,19.1916
2,20,4.4400,222,0,20,1.347792,0.488898,19.1876
2,20,4.4600,223,0,20,1.374020,0.494170,19.1835
2,20,4.4800,224,0,20,1.404378,0.500284,19.1795
2,20,4.5000,225,0,20,1.434282,0.506512,19.1753
2,20,4.5200,226,0,20,1.462755,0.513995,19.1710
2,20,4.5400,227,0,20,1.490544,0.521885,19.1667
2,20,4.5600,228,0,20,1.518960,0.529591,19.1623
2,20,4.5800,229,0,20,1.546447,0.538363,19.1579
2,20,4.6000,230,0,20,1.573844,0.550232,19.1534
2,20,4.6200,231,0,20,1.616829,0.557336,19.1490
2,20,4.6400,232,0,20,1.650277,0.564698,19.1446
2,20,4.6600,233,0,20,1.681162,0.575375,19.1402
2,20,4.6800,234,0,20,1.713785,0.588577,19.1359
2,20,4.7000,235,0,20,1.737196,0.598816,19.1315
2,20,4.7200,236,0,20,1.761687,0.609264,19.1270
2,20,4.7400,237,0,20,1.792629,0.617091,19.1227
2,20,4.7600,238,0,20,1.832036,0.624939,19.1186
2,20,4.7800,239,0,20,1.875925,0.631651,19.1145
2,20,4.8000,240,0,20,1.922254,0.639500,19.1103
2,20,4.8200,241,0,20,1.966781,0.648914,19.1058
2,20,4.8400,242,0,20,2.011027,0.662630,19.1010
2,20,4.8600,243,0,20,2.064684,0.677029,19.0960
2,20,4.8800,244,0,20,2.116929,0.693029,19.0908
2,20,4.9000,245,0,20,2.163057,0.710355,19.0851
2,20,4.9200,246,0,20,2.202305,0.724725,19.0792
2,20,4.9400,247,0,20,2.235145,0.738565,19.0729
2,20,4.9600,248,0,20,2.262864,0.748884,19.0664
2,20,4.9800,249,0,20,2.287109,0.757467,19.0595
2,20,5.0000,250,0,20,2.309513,0.766850,19.0523
2,20,5.0200,251,0,20,2.331260,0.780399,19.0446
2,20,5.0400,252,0,20,2.352954,0.791989,19.0364
2,20,5.0600,253,0,20,2.374521,0.802673,19.0277
2,20,5.0800,254,0,20,2.393002,0.823676,19.0185
2,20,5.1000,255,0,20,2.409293,0.827969,19.0086
2,20,5.1200,256,0,20,2.424465,0.836991,18.9983
2,20,5.1400,257,0,20,2.438372,0.848812,18.9874
2,20,5.1600,258,0,20,2.453803,0.862919,18.9760
2,20,5.1800,259,0,20,2.473066,0.876130,18.9641
2,20,5.2000,260,0,20,2.497159,0.901801,18.9515
2,20,5.2200,261,0,20,2.529637,0.917536,18.9385
2,20,5.2400,262,0,20,2.563049,0.934202,18.9250
2,20,5.2600,263,0,20,2.599945,0.953500,18.9110
2,20,5.2800,264,0,20,2.641127,0.973186,18.8967
2,20,5.3000,265,0,20,2.686421,0.991225,18.8821
2,20,5.3200,266,0,20,2.735395,1.008526,18.8671
2,20,5.3400,267,0,20,2.786936,1.029812,18.8520
2,20,5.3600,268,0,20,2.837096,1.048658,18.8366
2,20,5.3800,269,0,20,2.891375,1.066881,18.8210
2,20,5.4000,270,0,20,2.946264,1.084888,18.8052
2,20,5.4200,271,0,20,3.000179,1.100139,18.7891
2,20,5.4400,272,0,20,3.052776,1.119917,18.7725
2,20,5.4600,273,0,20,3.103890,1.137138,18.7554
2,20,5.4800,274,0,20,3.154698,1.152291,18.7378
2,20,5.5000,275,0,20,3.206036,1.171506,18.7196
2,20,5.5200,276,0,20,3.257907,1.190530,18.7009
2,20,5.5400,277,0,20,3.311303,1.210458,18.6817
2,20,5.5600,278,0,20,3.366799,1.241887,18.6620
2,20,5.5800,279,0,20,3.424917,1.249369,18.6419
2,20,5.6000,280,0,20,3.485500,1.270210,18.6212
2,20,5.6200,281,0,20,3.547868,1.292561,18.6000
2,20,5.6400,282,0,20,3.611982,1.311630,18.5781
2,20,5.6600,283,0,20,3.678604,1.333726,18.5554
2,20,5.6800,284,0,20,3.748478,1.351344,18.5318
2,20,5.7000,285,0,20,3.821691,1.371891,18.5074
2,20,5.7200,286,0,20,3.898345,1.391128,18.4819
2,20,5.7400,287,0,20,3.978960,1.409465,18.4557
2,20,5.7600,288,0,20,4.062021,1.428372,18.4286
2,20,5.7800,289,0,20,4.147024,1.447770,18.4007
2,20,5.8000,290,0,20,4.233822,1.466647,18.3719
2,20,5.8200,291,0,20,4.320988,1.487369,18.3423
2,20,5.8400,292,0,20,4.401544,1.506710,18.3118
2,20,5.8600,293,0,20,4.483993,1.530414,18.2804
2,20,5.8800,294,0,20,4.571035,1.557796,18.2481
2,20,5.9000,295,0,20,4.663017,1.584156,18.2150
2,20,5.9200,296,0,20,4.758615,1.621492,18.1808
2,20,5.9400,297,0,20,4.855317,1.661111,18.1455
2,20,5.9600,298,0,20,4.951096,1.706696,18.1089
2,20,5.9800,299,0,20,5.028211,1.753752,18.0711
2,20,6.0000,300,0,20,5.112462,1.800164,18.0321
2,20,6.0200,301,0,20,5.198439,1.846653,17.9917
2,20,6.0400,302,0,20,5.296253,1.892696,17.9497
2,20,6.0600,303,0,20,5.396488,1.936573,17.9062
2,20,6.0800,304,0,20,5.492914,1.983701,17.8613
2,20,6.1000,305,0,20,5.581002,2.030392,17.8152
2,20,6.1200,306,0,20,5.660759,2.079332,17.7679
2,20,6.1400,307,0,20,5.731449,2.130029,17.7191
2,20,6.1600,308,0,20,5.796502,2.181546,17.6686
2,20,6.1800,309,0,20,5.849104,2.231947,17.6164
2,20,6.2000,310,0,20,5.896192,2.284641,17.5622
2,20,6.2200,311,0,20,5.946827,2.337279,17.5059
2,20,6.2400,312,0,20,6.006645,2.388114,17.4470
2,20,6.2600,313,0,20,6.082923,2.438731,17.3851
2,20,6.2800,314,0,20,6.173429,2.487437,17.3198
2,20,6.3000,315,0,20,6.270823,2.537307,17.2507
2,20,6.3200,316,0,20,6.388321,2.592960,17.1781
2,20,6.3400,317,0,20,6.514325,2.655898,17.1020
2,20,6.3600,318,0,20,6.643342,2.722377,17.0223
2,20,6.3800,319,0,20,6.769615,2.792632,16.9390
2,20,6.4000,320,0,20,6.893307,2.869143,16.8519
2,20,6.4200,321,0,20,7.019022,2.948580,16.7607
2,20,6.4400,322,0,20,7.147911,3.031511,16.6657
2,20,6.4600,323,0,20,7.279807,3.116613,16.5668
2,20,6.4800,324,0,20,7.414549,3.206253,16.4639
2,20,6.5000,325,0,20,7.551984,3.297322,16.3571
2,20,6.5200,326,0,20,7.691969,3.392380,16.2464
2,20,6.5400,327,0,20,7.834367,3.488575,16.1317
2,20,6.5600,328,0,20,7.979048,3.586203,16.0131
2,20,6.5800,329,0,20,8.125890,3.684432,15.8906
2,20,6.6000,330,0,20,8.274779,3.783605,15.7642
2,20,6.6200,331,0,20,8.425606,3.885739,15.6339
2,20,6.6400,332,0,20,8.578268,3.987769,15.4996
2,20,6.6600,333,0,20,8.732671,4.084626,15.3614
2,20,6.6800,334,0,20,8.888721,4.185899,15.2193
2,20,6.7000,335,0,20,9.046336,4.291575,15.0733
2,20,6.7200,336,0,20,9.205433,4.399825,14.9233
2,20,6.7400,337,0,20,9.365938,4.509987,14.7694
2,20,6.7600,338,0,20,9.527780,4.621060,14.6116
2,20,6.7800,339,0,20,9.690891,4.734819,14.4499
2,20,6.8000,340,0,20,9.855208,4.849836,14.2842
2,20,6.8200,341,0,20,10.020670,4.960888,14.1146
2,20,6.8400,342,0,20,10.187230,5.073932,13.9411
2,20,6.8600,343,0,20,10.354830,5.186706,13.7637
2,20,6.8800,344,0,20,10.523410,5.298665,13.5823
2,20,6.9000,345,0,20,10.692930,5.411493,13.3970
2,20,6.9200,346,0,20,10.863360,5.526751,13.2078
2,20,6.9400,347,0,20,11.034640,5.643756,13.0147
2,20,6.9600,348,0,20,11.206740,5.763228,12.8177
2,20,6.9800,349,0,20,11.379610,5.881690,12.6167
2,20,7.0000,350,0,20,11.553240,6.001157,12.4118
2,20,7.0200,351,0,20,11.727570,6.121017,12.2029
2,20,7.0400,352,0,20,11.902590,6.242065,11.9902
2,20,7.0600,353,0,20,12.078250,6.363513,11.7735
2,20,7.0800,354,0,20,12.254540,6.486654,11.5529
2,20,7.1000,355,0,20,12.431430,6.611087,11.3284
2,20,7.1200,356,0,20,12.608890,6.738226,11.1000
2,20,7.1400,357,0,20,12.786890,6.864192,10.8676
2,20,7.1600,358,0,20,12.965420,6.992486,10.6313
2,20,7.1800,359,0,20,13.144460,7.121378,10.3911
2,20,7.2000,360,0,20,13.323980,7.251291,10.1469
2,20,7.2200,361,0,20,13.503960,7.381596,9.8989
2,20,7.2400,362,0,20,13.684390,7.512032,9.6469
2,20,7.2600,363,0,20,13.865240,7.643948,9.3910
2,20,7.2800,364,0,20,14.046510,7.773989,9.1311
2,20,7.3000,365,0,20,14.228180,7.905646,8.8674
2,20,7.3200,366,0,20,14.410220,8.037241,8.5997
2,20,7.3400,367,0,20,14.592630,8.168718,8.3281
2,20,7.3600,368,0,20,14.775400,8.300237,8.0526
2,20,7.3800,369,0,20,14.958500,8.433439,7.7731
2,20,7.4000,370,0,20,15.141940,8.564352,7.4897
2,20,7.4200,371,0,20,15.325690,8.696609,7.2024
2,20,7.4400,372,0,20,15.509740,8.829296,6.9112
2,20,7.4600,373,0,20,15.694090,8.962577,6.6160
2,20,7.4800,374,0,20,15.878730,9.110369,6.3170
2,20,7.5000,375,0,20,16.063640,9.240709,6.1656
2,20,7.5200,376,0,20,16.248810,9.372806,6.1438
2,20,7.5400,377,0,20,16.434240,9.506914,6.1209
2,20,7.5600,378,0,20,16.619910,9.643947,6.0967
2,20,7.5800,379,0,20,16.805830,9.779448,6.0717
2,20,7.6000,380,0,20,16.991980,9.913550,6.0459
2,20,7.6200,381,0,20,17.178340,8.961627,6.0186
2,20,7.6400,382,0,20,17.364930,8.556425,5.9896
2,20,7.6600,383,0,20,17.551730,8.188400,5.9583
2,20,7.6800,384,0,20,17.738720,7.231572,5.9244
2,20,7.7000,385,0,20,17.925920,6.970613,5.8878
2,20,7.7200,386,0,20,18.113310,6.396561,5.8490
2,20,7.7400,387,0,20,19.618200,6.105375,5.8104
2,20,7.7600,388,0,20,19.859090,5.538792,5.7718
2,20,7.7800,389,0,20,21.373920,4.618130,5.7318
2,20,7.8000,390,0,20,21.528400,4.400197,5.6886
2,20,7.8200,391,0,20,21.683560,4.351933,5.6419
2,20,7.8400,392,0,20,16.372280,3.703870,5.5917
2,20,7.8600,393,0,20,10.434410,3.406864,5.5381
2,20,7.8800,394,0,20,10.331460,3.310960,5.4808
2,20,7.9000,395,0,20,10.231240,3.252068,5.4202
2,20,7.9200,396,0,20,10.133820,3.102754,5.3561
2,20,7.9400,397,0,20,10.039290,2.993656,5.2886
2,20,7.9600,398,0,20,9.947739,2.955070,5.2173
2,20,7.9800,399,0,20,9.859239,2.953097,5.1421
2,20,8.0000,400,0,20,9.773875,2.963864,5.0629
2,20,8.0200,401,0,20,9.691733,2.909545,4.9799
2,20,8.0400,402,0,20,9.612895,2.907469,4.8929
2,20,8.0600,403,0,20,9.537441,2.911581,4.8020
2,20,8.0800,404,0,20,9.465453,2.803951,4.7071
2,20,8.1000,405,0,20,9.397011,2.780488,4.6084
2,20,8.1200,406,0,20,9.332192,2.791477,4.5057
2,20,8.1400,407,0,20,9.271073,2.819944,4.3991
2,20,8.1600,408,0,20,9.213728,2.780859,4.2885
2,20,8.1800,409,0,20,9.160226,2.808799,4.1741
2,20,8.2000,410,0,20,9.110637,2.849304,4.0557
2,20,8.2200,411,0,20,9.065022,2.857331,3.9334
2,20,8.2400,412,0,20,9.023446,2.893150,3.8071
2,20,8.2600,413,0,20,8.985961,2.946477,3.6770
2,20,8.2800,414,0,20,8.952620,3.008659,3.5429
2,20,8.3000,415,0,20,8.923470,3.079619,3.4049
2,20,8.3200,416,0,20,8.898550,3.089483,3.2630
2,20,8.3400,417,0,20,8.877897,3.132178,3.1171
2,20,8.3600,418,0,20,8.861543,3.187236,2.9674
2,20,8.3800,419,0,20,8.971921,3.275778,2.8137
2,20,8.4000,420,0,20,9.140538,3.366779,2.6560
2,20,8.4200,421,1,19,9.310236,3.402778,2.4945
2,20,8.4400,422,0,20,9.480957,3.420097,2.3290
2,20,8.4600,423,0,20,9.652646,3.281864,2.2115
2,20,8.4800,424,0,20,9.825253,3.273168,2.2008
2,20,8.5000,425,0,20,9.998732,3.244289,2.1862
2,20,8.5200,426,0,20,10.173030,3.286017,2.1676
2,20,8.5400,427,0,20,10.348120,3.167473,2.1451
2,20,8.5600,428,0,20,10.523950,3.090698,2.1187
2,20,8.5800,429,0,20,10.700500,2.870755,2.0884
2,20,8.6000,430,0,20,10.877710,2.382010,2.0541
2,20,8.6200,431,0,20,11.055560,2.065600,2.0159
2,20,8.6400,432,0,20,9.085641,1.693234,1.9738
2,20,8.6600,433,0,20,9.133102,1.539550,1.9278
2,20,8.6800,434,0,20,9.184511,1.368164,1.8778
2,20,8.7000,435,0,20,9.239801,1.355319,1.8239
2,20,8.7200,436,0,20,9.298903,1.276873,1.7661
2,20,8.7400,437,0,20,9.361744,1.245849,1.7044
2,20,8.7600,438,0,20,9.428249,1.174114,1.6388
2,20,8.7800,439,0,20,9.498343,0.927873,1.5692
2,20,8.8000,440,0,20,9.571945,0.856898,1.4957
2,20,8.8200,441,0,20,9.648976,0.787641,1.4182
2,20,8.8400,442,2,18,9.729355,0.777764,1.3369
2,20,8.8600,443,2,18,9.812998,0.774428,1.2516
2,20,8.8800,444,2,18,9.899823,0.771405,1.1624
2,20,8.9000,445,2,18,9.989748,0.780385,1.0693
2,20,8.9200,446,2,18,10.082690,0.802234,0.9723
2,20,8.9400,447,2,18,10.178560,0.789857,0.8713
2,20,8.9600,448,2,18,10.277290,0.804694,0.7828
2,20,8.9800,449,2,18,9.366005,0.783843,0.7824
2,20,9.0000,450,4,16,9.399537,0.819684,0.7812
2,20,9.0200,451,4,16,9.437030,0.817444,0.7817
2,20,9.0400,452,4,16,7.334127,0.691949,0.7815
2,20,9.0600,453,4,16,7.224440,0.705584,0.8349
2,20,9.0800,454,4,16,7.118471,0.717984,0.9104
2,20,9.1000,455,4,16,7.016389,0.741540,0.9820
2,20,9.1200,456,4,16,6.918366,0.698775,1.0497
2,20,9.1400,457,4,16,6.824577,0.633492,1.1134
2,20,9.1600,458,4,16,6.735199,0.631187,1.1732
2,20,9.1800,459,4,16,6.650410,0.646644,1.2291
2,20,9.2000,460,5,15,6.570387,0.627555,1.2811
2,20,9.2200,461,5,15,6.495306,0.618176,1.3291
2,20,9.2400,462,5,15,6.425341,0.604134,1.3732
2,20,9.2600,463,5,15,6.360661,0.612972,1.4134
2,20,9.2800,464,5,15,6.301428,0.617513,1.4497
2,20,9.3000,465,5,15,6.247797,0.547705,1.4820
2,20,9.3200,466,5,15,6.199914,0.514359,1.5104
2,20,9.3400,467,8,12,6.157912,0.502187,1.5349
2,20,9.3600,468,5,15,6.121913,0.470097,1.5555
2,20,9.3800,469,5,15,6.092023,0.422504,1.5721
2,20,9.4000,470,5,15,6.068333,0.397520,1.5848
2,20,9.4200,471,8,12,6.050915,0.379551,1.5936
2,20,9.4400,472,8,12,6.039824,0.369547,1.5985
2,20,9.4600,473,9,11,6.035094,0.363687,1.5995
2,20,9.4800,474,9,11,6.036740,0.351139,1.5965
2,20,9.5000,475,9,11,6.044757,0.333836,1.5896
2,20,9.5200,476,9,11,6.059121,0.318240,1.5788
2,20,9.5400,477,10,10,6.079785,0.311849,1.5640
2,20,9.5600,478,10,10,6.106686,0.316435,1.5454
2,20,9.5800,479,11,9,6.139741,0.317908,1.5228
2,20,9.6000,480,11,9,6.178854,0.324147,1.4962
2,20,9.6200,481,11,9,6.223908,0.332214,1.4658
2,20,9.6400,482,11,9,6.274776,0.340880,1.4314
2,20,9.6600,483,11,9,6.331318,0.349898,1.3931
2,20,9.6800,484,11,9,6.393383,0.359513,1.3509
2,20,9.7000,485,12,8,6.460813,0.368480,1.3048
2,20,9.7200,486,12,8,6.533440,0.377543,1.2547
2,20,9.7400,487,13,7,6.611094,0.380271,1.2007
2,20,9.7600,488,13,7,6.693600,0.356485,1.1428
2,20,9.7800,489,14,6,6.780781,0.356281,1.0810
2,20,9.8000,490,14,6,6.872458,0.360065,1.0152
2,20,9.8200,491,14,6,6.968455,0.372714,0.9455
2,20,9.8400,492,14,6,7.068595,0.376568,0.8719
2,20,9.8600,493,14,6,7.172705,0.379246,0.7944
2,20,9.8800,494,14,6,7.280614,0.384653,0.7416
2,20,9.9000,495,14,6,7.392157,0.390618,0.7416
2,20,9.9200,496,14,6,5.490772,0.297597,0.7416
2,20,9.9400,497,14,6,5.456697,0.296488,0.7416
2,20,9.9600,498,14,6,5.429502,0.294913,0.7416
2,20,9.9800,499,14,6,5.409292,0.296423,0.7416
2,20,10.0000,500,14,6,5.396144,0.297970,0.7442
2,20,10.0200,501,14,6,5.390111,0.301175,0.7455
2,20,10.0400,502,14,6,5.391216,0.302797,0.7430
2,20,10.0600,503,14,6,5.399454,0.305953,0.7416
2,20,10.0800,504,14,6,5.414794,0.301615,0.7416
2,20,10.1000,505,14,6,5.437175,0.280059,0.7416
2,20,10.1200,506,14,6,5.595363,0.281613,0.7416
2,20,10.1400,507,14,6,5.613114,0.283263,0.7416
2,20,10.1600,508,14,6,5.637640,0.283649,0.7416
2,20,10.1800,509,14,6,5.668856,0.284742,0.7416
2,20,10.2000,510,14,6,5.706649,0.286571,0.7416
2,20,10.2200,511,15,5,5.750892,0.288866,0.7416
2,20,10.2400,512,15,5,4.166754,0.209670,0.7416
2,20,10.2600,513,15,5,4.173254,0.209996,0.7416
2,20,10.2800,514,15,5,4.095886,0.206127,0.7416
2,20,10.3001,515,15,5,4.026599,0.202661,0.7416
2,20,10.3201,516,15,5,3.965818,0.199623,0.7523
2,20,10.3401,517,15,5,3.913938,0.197028,0.7712
2,20,10.3601,518,15,5,3.871317,0.194898,0.7861
2,20,10.3801,519,15,5,3.838264,0.193245,0.7971
2,20,10.4001,520,15,5,3.815028,0.192084,0.8042
2,20,10.4201,521,15,5,3.801788,0.191421,0.8074
2,20,10.4401,522,15,5,3.798649,0.191264,0.8067
2,20,10.4601,523,19,1,3.805636,0.190282,0.8020
2,20,10.4801,524,19,1,3.822693,0.191135,0.7934
2,20,10.5001,525,19,1,3.849687,0.192484,0.7809
2,20,10.5201,526,19,1,3.886411,0.194321,0.7645
2,20,10.5401,527,19,1,1.069596,0.053480,0.7521
2,20,10.5601,528,19,1,1.026034,0.051302,0.7416
2,20,10.5801,529,19,1,1.087997,0.054400,0.7416
2,20,10.6001,530,19,1,1.249284,0.062464,0.7416
2,20,10.6201,531,19,1,1.433608,0.071680,0.7416
2,20,10.6401,532,19,1,1.620723,0.081036,0.7416
2,20,10.6601,533,19,1,1.809763,0.090488,0.7416
2,20,10.6801,534,19,1,1.068809,0.053440,0.7416
2,20,10.7001,535,19,1,1.051715,0.052586,0.7416
2,20,10.7201,536,19,1,1.124269,0.056213,0.7416
2,20,10.7401,537,19,1,1.226083,0.061304,0.7416
2,20,10.7601,538,19,1,1.316363,0.065818,0.7416
2,20,10.7801,539,19,1,1.412675,0.070634,0.7416
2,20,10.8001,540,19,1,0.450755,0.022538,0.7416
2,20,10.8201,541,19,1,0.192408,0.009620,0.7416
2,20,10.8401,542,19,1,0.094601,0.004730,0.7416
2,20,10.8601,543,19,1,0.015004,0.000750,0.7416
2,20,10.8801,544,19,1,0.114098,0.005705,0.7416
2,20,10.9001,545,19,1,0.216883,0.010844,0.7416
2,20,10.9201,546,19,1,0.110258,0.005513,0.7416
2,20,10.9401,547,19,1,0.019856,0.000993,0.7416
2,20,10.9601,548,19,1,0.012687,0.000634,0.7416
2,20,10.9801,549,19,1,0.010515,0.000526,0.7416
2,20,11.0001,550,19,1,0.003404,0.000170,0.7416
2,20,11.0201,551,19,1,0.000706,0.000035,0.7416
2,20,11.0401,552,19,1,0.000717,0.000036,0.7416
2,20,11.0601,553,19,1,0.000392,0.000020,0.7416
2,20,11.0801,554,19,1,0.000113,0.000006,0.7416
2,20,11.1001,555,19,1,0.000053,0.000003,0.7416
2,20,11.1201,556,19,1,0.000044,0.000002,0.7416
2,20,11.1401,557,19,1,0.000021,0.000001,0.7416
2,20,11.1601,558,19,1,0.000007,0.000000,0.7416
2,20,11.1801,559,19,1,0.000016,0.000001,0.7416
2,20,11.2001,560,19,1,0.000034,0.000002,0.7416
2,20,11.2201,561,19,1,0.000009,0.000000,0.7416
2,20,11.2401,562,19,1,0.000002,0.000000,0.7416
2,20,11.2601,563,19,1,0.000013,0.000001,0.7416
2,20,11.2801,564,19,1,0.000017,0.000001,0.7416
2,20,11.3001,565,19,1,0.000007,0.000000,0.7416
2,20,11.3201,566,19,1,0.000018,0.000001,0.7416
2,20,11.3401,567,19,1,0.000015,0.000001,0.7416
2,20,11.3601,568,20,0,0.000000,0.000000,0.7416
3,20,0.0200,1,0,20,0.000000,0.000000,19.5000
3,20,0.0400,2,0,20,0.196200,0.168763,19.4961
3,20,0.0600,3,0,20,0.392398,0.317439,19.4882
3,20,0.0800,4,0,20,0.587983,0.446056,19.4765
3,20,0.1000,5,0,20,0.778405,0.554485,19.4609
3,20,0.1200,6,0,20,0.953230,0.642619,19.4418
3,20,0.1400,7,0,20,1.099756,0.710381,19.4197
3,20,0.1600,8,0,20,1.207581,0.757730,19.3954
3,20,0.1800,9,0,20,1.271116,0.784687,19.3698
3,20,0.2000,10,0,20,1.289565,0.791290,19.3438
3,20,0.2200,11,0,20,1.265847,0.777992,19.3184
3,20,0.2400,12,0,20,1.205228,0.761079,19.2942
3,20,0.2600,13,0,20,1.113998,0.723500,19.2718
3,20,0.2800,14,0,20,1.001122,0.667853,19.2519
3,20,0.3000,15,0,20,0.876757,0.598445,19.2345
3,20,0.3200,16,0,20,0.749271,0.519378,19.2197
3,20,0.3400,17,0,20,0.619364,0.428755,19.2078
3,20,0.3600,18,0,20,0.490404,0.335865,19.1986
3,20,0.3800,19,0,20,0.368330,0.246316,19.1923
3,20,0.4000,20,0,20,0.271153,0.172545,19.1891
3,20,0.4200,21,0,20,0.258359,0.145724,19.1891
3,20,0.4400,22,0,20,0.310751,0.196154,19.1922
3,20,0.4600,23,0,20,0.430144,0.265982,19.1983
3,20,0.4800,24,0,20,0.556586,0.336485,19.2071
3,20,0.5000,25,0,20,0.673162,0.402940,19.2183
3,20,0.5200,26,0,20,0.772071,0.456718,19.2315
3,20,0.5400,27,0,20,0.849424,0.501945,19.2463
3,20,0.5600,28,0,20,0.902983,0.534615,19.2621
3,20,0.5800,29,0,20,0.931033,0.553789,19.2785
3,20,0.6000,30,0,20,0.923846,0.558524,19.2947
3,20,0.6200,31,0,20,0.900421,0.549304,19.3107
3,20,0.6400,32,0,20,0.866762,0.528643,19.3261
3,20,0.6600,33,0,20,0.818512,0.497560,19.3408
3,20,0.6800,34,0,20,0.761039,0.456719,19.3545
3,20,0.7000,35,0,20,0.689177,0.408506,19.3670
3,20,0.7200,36,0,20,0.600748,0.355985,19.3779
3,20,0.7400,37,0,20,0.496316,0.301804,19.3870
3,20,0.7600,38,0,20,0.383577,0.249463,19.3940
3,20,0.7800,39,0,20,0.279621,0.200764,19.3987
3,20,0.8000,40,0,20,0.298998,0.161941,19.4013
3,20,0.8200,41,0,20,0.318922,0.151120,19.4014
3,20,0.8400,42,0,20,0.335439,0.184589,19.3993
3,20,0.8600,43,0,20,0.355450,0.231042,19.3951
3,20,0.8800,44,0,20,0.377845,0.276385,19.3888
3,20,0.9000,45,0,20,0.441493,0.317405,19.3807
3,20,0.9200,46,0,20,0.532960,0.352750,19.3710
3,20,0.9400,47,0,20,0.598236,0.381338,19.3598
3,20,0.9600,48,0,20,0.672653,0.402242,19.3474
3,20,0.9800,49,0,20,0.710609,0.414619,19.3343
3,20,1.0000,50,0,20,0.702456,0.418225,19.3213
3,20,1.0200,51,0,20,0.671304,0.413412,19.3088
3,20,1.0400,52,0,20,0.629101,0.400567,19.2970
3,20,1.0600,53,0,20,0.581972,0.379708,19.2860
3,20,1.0800,54,0,20,0.531406,0.367462,19.2759
3,20,1.1000,55,0,20,0.474869,0.336365,19.2669
3,20,1.1200,56,0,20,0.418199,0.299848,19.2593
3,20,1.1400,57,0,20,0.368706,0.262824,19.2529
3,20,1.1600,58,0,20,0.335103,0.238296,19.2478
3,20,1.1800,59,0,20,0.323798,0.208294,19.2436
3,20,1.2000,60,0,20,0.321964,0.180784,19.2403
3,20,1.2200,61,0,20,0.330325,0.163140,19.2383
3,20,1.2400,62,0,20,0.352586,0.159240,19.2375
3,20,1.2600,63,0,20,0.386794,0.165379,19.2379
3,20,1.2800,64,0,20,0.428631,0.183096,19.2395
3,20,1.3000,65,0,20,0.473626,0.205330,19.2423
3,20,1.3200,66,0,20,0.518131,0.227283,19.2463
3,20,1.3400,67,0,20,0.559582,0.241373,19.2513
3,20,1.3600,68,0,20,0.592438,0.253434,19.2572
3,20,1.3800,69,0,20,0.614258,0.266314,19.2640
3,20,1.4000,70,0,20,0.620811,0.280522,19.2712
3,20,1.4200,71,0,20,0.615154,0.292275,19.2785
3,20,1.4400,72,0,20,0.606820,0.297689,19.2859
3,20,1.4600,73,0,20,0.591538,0.297896,19.2930
3,20,1.4800,74,0,20,0.570400,0.292013,19.2995
3,20,1.5000,75,0,20,0.543802,0.281570,19.3055
3,20,1.5200,76,0,20,0.514037,0.265936,19.3109
3,20,1.5400,77,0,20,0.481916,0.246214,19.3156
3,20,1.5600,78,0,20,0.449580,0.223681,19.3196
3,20,1.5800,79,0,20,0.418451,0.201034,19.3229
3,20,1.6000,80,0,20,0.390032,0.176394,19.3255
3,20,1.6200,81,0,20,0.357275,0.155029,19.3271
3,20,1.6400,82,0,20,0.330329,0.138071,19.3273
3,20,1.6600,83,0,20,0.316092,0.128477,19.3262
3,20,1.6800,84,0,20,0.309350,0.127984,19.3241
3,20,1.7000,85,0,20,0.307402,0.135352,19.3212
3,20,1.7200,86,0,20,0.308911,0.147547,19.3177
3,20,1.7400,87,0,20,0.312408,0.162063,19.3136
3,20,1.7600,88,0,20,0.325692,0.175936,19.3088
3,20,1.7800,89,0,20,0.334538,0.188907,19.3033
3,20,1.8000,90,0,20,0.334262,0.199213,19.2976
3,20,1.8200,91,0,20,0.334135,0.206100,19.2919
3,20,1.8400,92,0,20,0.335118,0.209875,19.2862
3,20,1.8600,93,0,20,0.335984,0.210499,19.2806
3,20,1.8800,94,0,20,0.333341,0.207995,19.2751
3,20,1.9000,95,0,20,0.326823,0.202997,19.2699
3,20,1.9200,96,0,20,0.317472,0.195723,19.2650
3,20,1.9400,97,0,20,0.305045,0.186914,19.2606
3,20,1.9600,98,0,20,0.291094,0.176666,19.2567
3,20,1.9800,99,0,20,0.274965,0.166367,19.2535
3,20,2.0000,100,0,20,0.259452,0.156272,19.2509
3,20,2.0200,101,0,20,0.246583,0.148189,19.2490
3,20,2.0400,102,0,20,0.237660,0.142345,19.2479
3,20,2.0600,103,0,20,0.233555,0.140061,19.2474
3,20,2.0800,104,0,20,0.234417,0.143042,19.2476
3,20,2.1000,105,0,20,0.239845,0.148541,19.2485
3,20,2.1200,106,0,20,0.248015,0.157537,19.2498
3,20,2.1400,107,0,20,0.258401,0.164701,19.2516
3,20,2.1600,108,0,20,0.271556,0.170059,19.2539
3,20,2.1800,109,0,20,0.282792,0.174624,19.2565
3,20,2.2000,110,0,20,0.290908,0.177656,19.2595
3,20,2.2200,111,0,20,0.295640,0.181054,19.2627
3,20,2.2400,112,0,20,0.297326,0.184229,19.2662
3,20,2.2600,113,0,20,0.297133,0.186493,19.2698
3,20,2.2800,114,0,20,0.297830,0.188463,19.2734
3,20,2.3000,115,0,20,0.303016,0.190735,19.2772
3,20,2.3200,116,0,20,0.307311,0.191002,19.2809
3,20,2.3400,117,0,20,0.309308,0.190011,19.2844
3,20,2.3600,118,0,20,0.314549,0.188081,19.2876
3,20,2.3800,119,0,20,0.322322,0.185495,19.2906
3,20,2.4000,120,0,20,0.331116,0.181955,19.2933
3,20,2.4200,121,0,20,0.340673,0.179265,19.2957
3,20,2.4400,122,0,20,0.351271,0.176191,19.2977
3,20,2.4600,123,0,20,0.363209,0.173644,19.2993
3,20,2.4800,124,0,20,0.379645,0.172163,19.3003
3,20,2.5000,125,0,20,0.393894,0.171676,19.3009
3,20,2.5200,126,0,20,0.406310,0.172736,19.3009
3,20,2.5400,127,0,20,0.416217,0.175227,19.3003
3,20,2.5600,128,0,20,0.422672,0.179321,19.2992
3,20,2.5800,129,0,20,0.425591,0.184417,19.2978
3,20,2.6000,130,0,20,0.425529,0.190049,19.2961
3,20,2.6200,131,0,20,0.423891,0.195641,19.2941
3,20,2.6400,132,0,20,0.421487,0.200879,19.2921
3,20,2.6600,133,0,20,0.418355,0.205481,19.2899
3,20,2.6800,134,0,20,0.414198,0.209404,19.2875
3,20,2.7000,135,0,20,0.408643,0.212543,19.2851
3,20,2.7200,136,0,20,0.402405,0.214803,19.2827
3,20,2.7400,137,0,20,0.391045,0.216217,19.2803
3,20,2.7600,138,0,20,0.398867,0.217011,19.2779
3,20,2.7800,139,0,20,0.389390,0.217448,19.2755
3,20,2.8000,140,0,20,0.373925,0.217321,19.2733
3,20,2.8200,141,0,20,0.356997,0.216506,19.2712
3,20,2.8400,142,0,20,0.339606,0.215492,19.2694
3,20,2.8600,143,0,20,0.322596,0.214380,19.2678
3,20,2.8800,144,0,20,0.315870,0.213894,19.2666
3,20,2.9000,145,0,20,0.321467,0.213405,19.2655
3,20,2.9200,146,0,20,0.343868,0.220117,19.2645
3,20,2.9400,147,0,20,0.346958,0.226272,19.2640
3,20,2.9600,148,0,20,0.353444,0.229023,19.2638
3,20,2.9800,149,0,20,0.355310,0.235686,19.2638
3,20,3.0000,150,0,20,0.361876,0.240987,19.2640
3,20,3.0200,151,0,20,0.370503,0.245048,19.2644
3,20,3.0400,152,0,20,0.381614,0.251463,19.2649
3,20,3.0600,153,0,20,0.390108,0.251531,19.2656
3,20,3.0800,154,0,20,0.398200,0.250966,19.2663
3,20,3.1000,155,0,20,0.404210,0.253605,19.2672
3,20,3.1200,156,0,20,0.405786,0.254759,19.2682
3,20,3.1400,157,0,20,0.407958,0.256545,19.2692
3,20,3.1600,158,0,20,0.411332,0.255261,19.2701
3,20,3.1800,159,0,20,0.413930,0.253129,19.2711
3,20,3.2000,160,0,20,0.414946,0.252006,19.2719
3,20,3.2200,161,0,20,0.414319,0.253832,19.2728
3,20,3.2400,162,0,20,0.412704,0.256015,19.2735
3,20,3.2600,163,0,20,0.412634,0.258634,19.2742
3,20,3.2800,164,0,20,0.415464,0.262233,19.2747
3,20,3.3000,165,0,20,0.417693,0.265588,19.2750
3,20,3.3200,166,0,20,0.423271,0.269476,19.2750
3,20,3.3400,167,0,20,0.421316,0.271718,19.2746
3,20,3.3600,168,0,20,0.410936,0.274405,19.2738
3,20,3.3800,169,0,20,0.401355,0.277724,19.2727
3,20,3.4000,170,0,20,0.409215,0.279946,19.2714
3,20,3.4200,171,0,20,0.401530,0.282172,19.2698
3,20,3.4400,172,0,20,0.396974,0.285501,19.2679
3,20,3.4600,173,0,20,0.425793,0.288731,19.2659
3,20,3.4800,174,0,20,0.460943,0.294424,19.2638
3,20,3.5000,175,0,20,0.492872,0.298089,19.2615
3,20,3.5200,176,0,20,0.520438,0.302518,19.2589
3,20,3.5400,177,0,20,0.544150,0.306168,19.2560
3,20,3.5600,178,0,20,0.563359,0.310363,19.2530
3,20,3.5800,179,0,20,0.578291,0.314916,19.2497
3,20,3.6000,180,0,20,0.584890,0.323978,19.2466
3,20,3.6200,181,0,20,0.593146,0.330218,19.2435
3,20,3.6400,182,0,20,0.600754,0.335388,19.2404
3,20,3.6600,183,0,20,0.605928,0.338580,19.2376
3,20,3.6800,184,0,20,0.613817,0.339574,19.2351
3,20,3.7000,185,0,20,0.622529,0.339699,19.2328
3,20,3.7200,186,0,20,0.632162,0.338554,19.2309
3,20,3.7400,187,0,20,0.634660,0.337101,19.2292
3,20,3.7600,188,0,20,0.633858,0.335080,19.2279
3,20,3.7800,189,0,20,0.637690,0.334533,19.2268
3,20,3.8000,190,0,20,0.646306,0.336013,19.2258
3,20,3.8200,191,0,20,0.658218,0.335871,19.2249
3,20,3.8400,192,0,20,0.672108,0.336791,19.2242
3,20,3.8600,193,0,20,0.687194,0.337415,19.2236
3,20,3.8800,194,0,20,0.701921,0.338048,19.2232
3,20,3.9000,195,0,20,0.716487,0.338436,19.2231
3,20,3.9200,196,0,20,0.728494,0.339063,19.2234
3,20,3.9400,197,0,20,0.740039,0.339053,19.2239
3,20,3.9600,198,0,20,0.753295,0.340835,19.2247
3,20,3.9800,199,0,20,0.770184,0.340361,19.2255
3,20,4.0000,200,0,20,0.791436,0.342209,19.2264
3,20,4.0200,201,0,20,0.816539,0.343292,19.2273
3,20,4.0400,202,0,20,0.842049,0.345575,19.2283
3,20,4.0600,203,0,20,0.865973,0.347241,19.2291
3,20,4.0800,204,0,20,0.888312,0.350324,19.2297
3,20,4.1000,205,0,20,0.914131,0.353305,19.2301
3,20,4.1200,206,0,20,0.933967,0.357319,19.2303
3,20,4.1400,207,0,20,0.962475,0.359876,19.2301
3,20,4.1600,208,0,20,0.980522,0.363929,19.2296
3,20,4.1800,209,0,20,0.993741,0.367283,19.2288
3,20,4.2000,210,0,20,1.005509,0.370865,19.2278
3,20,4.2200,211,0,20,1.016710,0.372548,19.2265
3,20,4.2400,212,0,20,1.027248,0.377692,19.2250
3,20,4.2600,213,0,20,1.036320,0.379769,19.2232
3,20,4.2800,214,0,20,1.044085,0.383613,19.2213
3,20,4.3000,215,0,20,1.051052,0.387148,19.2191
3,20,4.3200,216,0,20,1.058049,0.390047,19.2168
3,20,4.3400,217,0,20,1.066045,0.395252,19.2143
3,20,4.3600,218,0,20,1.078136,0.398726,19.2118
3,20,4.3800,219,0,20,1.089721,0.404594,19.2093
3,20,4.4000,220,0,20,1.105154,0.411626,19.2068
3,20,4.4200,221,0,20,1.123332,0.416234,19.2040
3,20,4.4400,222,0,20,1.143661,0.421484,19.2011
3,20,4.4600,223,0,20,1.166909,0.427857,19.1980
3,20,4.4800,224,0,20,1.193367,0.432794,19.1945
3,20,4.5000,225,0,20,1.228918,0.437375,19.1910
3,20,4.5200,226,0,20,1.270244,0.444794,19.1872
3,20,4.5400,227,0,20,1.312034,0.452368,19.1833
3,20,4.5600,228,0,20,1.354561,0.459383,19.1790
3,20,4.5800,229,0,20,1.397461,0.467333,19.1746
3,20,4.6000,230,0,20,1.436876,0.475734,19.1702
3,20,4.6200,231,0,20,1.469302,0.481710,19.1656
3,20,4.6400,232,0,20,1.493580,0.492491,19.1610
3,20,4.6600,233,0,20,1.511428,0.504857,19.1564
3,20,4.6800,234,0,20,1.527762,0.515588,19.1517
3,20,4.7000,235,0,20,1.541653,0.524074,19.1470
3,20,4.7200,236,0,20,1.555139,0.533606,19.1426
3,20,4.7400,237,0,20,1.566523,0.544084,19.1383
3,20,4.7600,238,0,20,1.581385,0.554477,19.1338
3,20,4.7800,239,0,20,1.605039,0.568018,19.1294
3,20,4.8000,240,0,20,1.635487,0.578431,19.1251
3,20,4.8200,241,0,20,1.670282,0.588840,19.1209
3,20,4.8400,242,0,20,1.709186,0.599504,19.1166
3,20,4.8600,243,0,20,1.750579,0.617361,19.1128
3,20,4.8800,244,0,20,1.772779,0.631425,19.1093
3,20,4.9000,245,0,20,1.794864,0.643980,19.1059
3,20,4.9200,246,0,20,1.817226,0.655703,19.1024
3,20,4.9400,247,0,20,1.839702,0.670591,19.0987
3,20,4.9600,248,0,20,1.863241,0.679174,19.0949
3,20,4.9800,249,0,20,1.888027,0.684669,19.0909
3,20,5.0000,250,0,20,1.913508,0.687579,19.0866
3,20,5.0200,251,0,20,1.938385,0.691821,19.0819
3,20,5.0400,252,0,20,1.965813,0.696697,19.0769
3,20,5.0600,253,0,20,1.994077,0.703519,19.0715
3,20,5.0800,254,0,20,2.022155,0.716088,19.0659
3,20,5.1000,255,0,20,2.049427,0.733206,19.0601
3,20,5.1200,256,0,20,2.075502,0.741130,19.0541
3,20,5.1400,257,0,20,2.100172,0.763144,19.0479
3,20,5.1600,258,0,20,2.124365,0.783837,19.0413
3,20,5.1800,259,0,20,2.148826,0.806611,19.0343
3,20,5.2000,260,0,20,2.174589,0.830449,19.0269
3,20,5.2200,261,0,20,2.203037,0.854181,19.0189
3,20,5.2400,262,0,20,2.235465,0.874033,19.0105
3,20,5.2600,263,0,20,2.272124,0.891485,19.0020
3,20,5.2800,264,0,20,2.309468,0.910417,18.9935
3,20,5.3000,265,0,20,2.346065,0.928621,18.9848
3,20,5.3200,266,0,20,2.382996,0.947486,18.9757
3,20,5.3400,267,0,20,2.423707,0.964755,18.9662
3,20,5.3600,268,0,20,2.465889,0.982753,18.9563
3,20,5.3800,269,0,20,2.511539,1.005228,18.9460
3,20,5.4000,270,0,20,2.560427,1.019922,18.9355
3,20,5.4200,271,0,20,2.612020,1.031922,18.9247
3,20,5.4400,272,0,20,2.666110,1.040420,18.9138
3,20,5.4600,273,0,20,2.721426,1.048439,18.9029
3,20,5.4800,274,0,20,2.781086,1.056352,18.8918
3,20,5.5000,275,0,20,2.842868,1.061837,18.8804
3,20,5.5200,276,0,20,2.889256,1.069749,18.8685
3,20,5.5400,277,0,20,2.931312,1.082304,18.8562
3,20,5.5600,278,0,20,2.969611,1.100690,18.8438
3,20,5.5800,279,0,20,3.005640,1.106727,18.8316
3,20,5.6000,280,0,20,3.044455,1.117493,18.8192
3,20,5.6200,281,0,20,3.088531,1.129621,18.8065
3,20,5.6400,282,0,20,3.134432,1.142078,18.7932
3,20,5.6600,283,0,20,3.183370,1.157608,18.7790
3,20,5.6800,284,0,20,3.230350,1.167428,18.7641
3,20,5.7000,285,0,20,3.276181,1.180650,18.7483
3,20,5.7200,286,0,20,3.331838,1.200502,18.7317
3,20,5.7400,287,0,20,3.396508,1.226112,18.7144
3,20,5.7600,288,0,20,3.451941,1.251173,18.6962
3,20,5.7800,289,0,20,3.519662,1.278579,18.6774
3,20,5.8000,290,0,20,3.587458,1.302391,18.6577
3,20,5.8200,291,0,20,3.655812,1.330553,18.6368
3,20,5.8400,292,0,20,3.728507,1.360293,18.6145
3,20,5.8600,293,0,20,3.809912,1.384912,18.5909
3,20,5.8800,294,0,20,3.896146,1.411759,18.5659
3,20,5.9000,295,0,20,3.984254,1.444546,18.5396
3,20,5.9200,296,0,20,4.058629,1.477261,18.5121
3,20,5.9400,297,0,20,4.139784,1.507740,18.4832
3,20,5.9600,298,0,20,4.230038,1.545393,18.4525
3,20,5.9800,299,0,20,4.312396,1.577132,18.4199
3,20,6.0000,300,0,20,4.398395,1.616170,18.3856
3,20,6.0200,301,0,20,4.495214,1.654386,18.3495
3,20,6.0400,302,0,20,4.597023,1.692588,18.3115
3,20,6.0600,303,0,20,4.707935,1.744742,18.2714
3,20,6.0800,304,0,20,4.824423,1.794860,18.2291
3,20,6.1000,305,0,20,4.947357,1.843168,18.1843
3,20,6.1200,306,0,20,5.073194,1.896213,18.1369
3,20,6.1400,307,0,20,5.196199,1.947077,18.0869
3,20,6.1600,308,0,20,5.314622,2.004182,18.0343
3,20,6.1800,309,0,20,5.428385,2.063150,17.9791
3,20,6.2000,310,0,20,5.538849,2.130487,17.9211
3,20,6.2200,311,0,20,5.648967,2.198378,17.8601
3,20,6.2400,312,0,20,5.756330,2.271136,17.7960
3,20,6.2600,313,0,20,5.866914,2.345146,17.7288
3,20,6.2800,314,0,20,5.979452,2.423029,17.6583
3,20,6.3000,315,0,20,6.096272,2.501563,17.5845
3,20,6.3200,316,0,20,6.218354,2.582248,17.5072
3,20,6.3400,317,0,20,6.346083,2.663555,17.4264
3,20,6.3600,318,0,20,6.476740,2.744180,17.3419
3,20,6.3800,319,0,20,6.609684,2.824901,17.2538
3,20,6.4000,320,0,20,6.744277,2.906254,17.1619
3,20,6.4200,321,0,20,6.880625,2.987531,17.0662
3,20,6.4400,322,0,20,7.018488,3.069985,16.9666
3,20,6.4600,323,0,20,7.159065,3.155444,16.8631
3,20,6.4800,324,0,20,7.302207,3.244780,16.7556
3,20,6.5000,325,0,20,7.447767,3.334652,16.6442
3,20,6.5200,326,0,20,7.595606,3.423860,16.5289
3,20,6.5400,327,0,20,7.745594,3.514165,16.4097
3,20,6.5600,328,0,20,7.897607,3.606349,16.2865
3,20,6.5800,329,0,20,8.051531,3.701019,16.1594
3,20,6.6000,330,0,20,8.207259,3.798337,16.0284
3,20,6.6200,331,0,20,8.364691,3.898129,15.8935
3,20,6.6400,332,0,20,8.523730,4.001642,15.7546
3,20,6.6600,333,0,20,8.684290,4.107728,15.6118
3,20,6.6800,334,0,20,8.846288,4.216903,15.4651
3,20,6.7000,335,0,20,9.009645,4.325446,15.3145
3,20,6.7200,336,0,20,9.174290,4.436067,15.1599
3,20,6.7400,337,0,20,9.340153,4.545877,15.0015
3,20,6.7600,338,0,20,9.507173,4.657794,14.8391
3,20,6.7800,339,0,20,9.675287,4.770108,14.6727
3,20,6.8000,340,0,20,9.844441,4.878961,14.5025
3,20,6.8200,341,0,20,10.014580,4.988622,14.3283
3,20,6.8400,342,0,20,10.185660,5.097182,14.1502
3,20,6.8600,343,0,20,10.357630,5.206746,13.9682
3,20,6.8800,344,0,20,10.530450,5.317171,13.7822
3,20,6.9000,345,0,20,10.704070,5.428612,13.5924
3,20,6.9200,346,0,20,10.878460,5.540797,13.3986
3,20,6.9400,347,0,20,11.053580,5.654058,13.2008
3,20,6.9600,348,0,20,11.229400,5.770591,12.9992
3,20,6.9800,349,0,20,11.405880,5.886674,12.7936
3,20,7.0000,350,0,20,11.583000,6.002617,12.5841
3,20,7.0200,351,0,20,11.760730,6.090634,12.3707
3,20,7.0400,352,0,20,11.939030,6.201911,12.1534
3,20,7.0600,353,0,20,12.117880,6.319187,11.9321
3,20,7.0800,354,0,20,12.297270,6.437977,11.7069
3,20,7.1000,355,0,20,12.477160,6.562518,11.4778
3,20,7.1200,356,0,20,12.657530,6.686271,11.2448
3,20,7.1400,357,0,20,12.838370,6.810714,11.0078
3,20,7.1600,358,0,20,13.019660,6.934430,10.7669
3,20,7.1800,359,0,20,13.201370,7.058382,10.5221
3,20,7.2000,360,0,20,13.383490,7.182370,10.2734
3,20,7.2200,361,0,20,13.566000,7.309354,10.0207
3,20,7.2400,362,0,20,13.748890,7.435894,9.7642
3,20,7.2600,363,0,20,13.932140,7.560802,9.5037
3,20,7.2800,364,0,20,14.115740,7.685100,9.2392
3,20,7.3000,365,0,20,14.299680,7.809824,8.9709
3,20,7.3200,366,0,20,14.483930,7.937669,8.6986
3,20,7.3400,367,0,20,14.668500,8.064550,8.4224
3,20,7.3600,368,0,20,14.853360,8.180494,8.1423
3,20,7.3800,369,0,20,15.038520,8.303756,7.8582
3,20,7.4000,370,0,20,15.223940,8.430006,7.5703
3,20,7.4200,371,0,20,15.409640,8.561459,7.2784
3,20,7.4400,372,0,20,15.595590,8.694041,7.0510
3,20,7.4600,373,0,20,15.781790,8.821642,7.0259
3,20,7.4800,374,0,20,15.968230,8.949480,6.9997
3,20,7.5000,375,0,20,16.154900,9.081183,6.9720
3,20,7.5200,376,0,20,16.341800,9.211227,6.9428
3,20,7.5400,377,0,20,16.528910,9.340605,6.9115
3,20,7.5600,378,0,20,16.716230,9.479032,6.8785
3,20,7.5800,379,0,20,16.903750,8.938670,6.8435
3,20,7.6000,380,0,20,17.091460,8.345905,6.8056
3,20,7.6200,381,0,20,17.279360,7.878886,6.7657
3,20,7.6400,382,0,20,17.467450,6.936793,6.7248
3,20,7.6600,383,0,20,17.655710,6.441500,6.6811
3,20,7.6800,384,0,20,18.279130,6.310672,6.6347
3,20,7.7000,385,0,20,19.673780,6.196854,6.5870
3,20,7.7200,386,0,20,19.538450,6.131433,6.5372
3,20,7.7400,387,0,20,19.699970,5.536753,6.4849
3,20,7.7600,388,0,20,21.398120,4.865945,6.4295
3,20,7.7800,389,0,20,21.601560,4.859901,6.3709
3,20,7.8000,390,0,20,21.743700,4.780328,6.3097
3,20,7.8200,391,0,20,21.886680,4.331229,6.2460
3,20,7.8400,392,0,20,22.030470,3.896588,6.1792
3,20,7.8600,393,0,20,11.516600,3.167332,6.1092
3,20,7.8800,394,0,20,6.246073,2.941372,6.0356
3,20,7.9000,395,0,20,6.348565,2.918650,5.9581
3,20,7.9200,396,0,20,6.480364,2.931155,5.8766
3,20,7.9400,397,0,20,6.638402,2.904678,5.7913
3,20,7.9600,398,0,20,6.798429,2.786500,5.7019
3,20,7.9800,399,0,20,6.960307,2.815928,5.6087
3,20,8.0000,400,0,20,7.123910,2.850932,5.5115
3,20,8.0200,401,0,20,7.289124,2.847448,5.4105
3,20,8.0400,402,0,20,7.269121,2.750934,5.3054
3,20,8.0600,403,0,20,7.412079,2.767434,5.1965
3,20,8.0800,404,0,20,7.557426,2.706406,5.0836
3,20,8.1000,405,0,20,7.705029,2.703005,4.9669
3,20,8.1200,406,0,20,7.854758,2.694318,4.8462
3,20,8.1400,407,0,20,8.006495,2.708788,4.7215
3,20,8.1600,408,0,20,8.160129,2.718059,4.5930
3,20,8.1800,409,0,20,8.315553,2.720931,4.4605
3,20,8.2000,410,0,20,8.472670,2.749705,4.3241
3,20,8.2200,411,0,20,8.631387,2.791420,4.1838
3,20,8.2400,412,0,20,8.791616,2.849495,4.0395
3,20,8.2600,413,0,20,8.953279,2.907401,3.8913
3,20,8.2800,414,0,20,9.116297,2.966881,3.7392
3,20,8.3000,415,0,20,9.280600,2.975431,3.5832
3,20,8.3200,416,0,20,9.446119,3.024954,3.4233
3,20,8.3400,417,0,20,9.612794,3.020207,3.2594
3,20,8.3600,418,0,20,9.780564,3.065433,3.0916
3,20,8.3800,419,0,20,9.949374,3.116751,2.9199
3,20,8.4000,420,0,20,10.119170,3.075415,2.7443
3,20,8.4200,421,0,20,10.289910,3.029594,2.5647
3,20,8.4400,422,0,20,10.461540,2.974751,2.3812
3,20,8.4600,423,1,19,10.634020,2.850546,2.2727
3,20,8.4800,424,1,19,10.807310,2.792485,2.2701
3,20,8.5000,425,1,19,11.476090,2.690100,2.2635
3,20,8.5200,426,1,19,12.240600,2.547284,2.2530
3,20,8.5400,427,2,18,12.544790,2.508214,2.2386
3,20,8.5600,428,2,18,13.627440,2.305043,2.2202
3,20,8.5800,429,2,18,13.881070,2.314662,2.1979
3,20,8.6000,430,2,18,14.032680,2.079450,2.1717
3,20,8.6200,431,2,18,14.140680,1.805206,2.1416
3,20,8.6400,432,4,16,12.211100,1.568731,2.1076
3,20,8.6600,433,4,16,4.412560,1.093472,2.0696
3,20,8.6800,434,4,16,4.500471,1.074833,2.0277
3,20,8.7000,435,5,15,4.595082,1.014330,1.9819
3,20,8.7200,436,5,15,4.695988,0.964293,1.9321
3,20,8.7400,437,4,16,4.802793,0.926166,1.8784
3,20,8.7600,438,4,16,4.915112,0.885123,1.8209
3,20,8.7800,439,4,16,5.032576,0.853917,1.7593
3,20,8.8000,440,4,16,5.154833,0.808554,1.6939
3,20,8.8200,441,4,16,3.026365,0.659602,1.6730
3,20,8.8400,442,4,16,2.121621,0.538571,1.6755
3,20,8.8600,443,4,16,2.016658,0.498818,1.6945
3,20,8.8800,444,4,16,1.900343,0.478192,1.7155
3,20,8.9000,445,4,16,1.802982,0.445470,1.7297
3,20,8.9200,446,4,16,1.797148,0.417488,1.7401
3,20,8.9400,447,4,16,1.805618,0.393426,1.7493
3,20,8.9600,448,4,16,1.823769,0.403894,1.7623
3,20,8.9800,449,4,16,1.851393,0.407084,1.7758
3,20,9.0000,450,4,16,1.889140,0.344275,1.7873
3,20,9.0200,451,4,16,1.935234,0.323331,1.7961
3,20,9.0400,452,4,16,1.989689,0.320879,1.8030
3,20,9.0600,453,4,16,2.051827,0.338068,1.8080
3,20,9.0800,454,4,16,2.121558,0.361831,1.8111
3,20,9.1000,455,4,16,2.135534,0.369719,1.8123
3,20,9.1200,456,4,16,2.157493,0.376321,1.8119
3,20,9.1400,457,4,16,2.216975,0.393942,1.8104
3,20,9.1600,458,4,16,2.295764,0.414658,1.8072
3,20,9.1800,459,4,16,2.387003,0.431476,1.8016
3,20,9.2000,460,4,16,2.412054,0.451499,1.7938
3,20,9.2200,461,5,15,2.577760,0.382141,1.7882
3,20,9.2400,462,5,15,2.754064,0.391286,1.7842
3,20,9.2600,463,5,15,2.932896,0.375492,1.7782
3,20,9.2800,464,10,10,3.113820,0.372350,1.7699
3,20,9.3000,465,11,9,1.772075,0.294016,1.7609
3,20,9.3200,466,12,8,1.852201,0.305282,1.7528
3,20,9.3400,467,12,8,1.941730,0.313446,1.7448
3,20,9.3600,468,13,7,1.553346,0.287831,1.7358
3,20,9.3800,469,13,7,1.544883,0.231670,1.7257
3,20,9.4000,470,13,7,1.579250,0.219434,1.7148
3,20,9.4200,471,13,7,1.639248,0.221784,1.7030
3,20,9.4400,472,13,7,1.142850,0.184584,1.6902
3,20,9.4600,473,13,7,1.230438,0.162251,1.6763
3,20,9.4800,474,13,7,1.320638,0.142993,1.6614
3,20,9.5000,475,13,7,1.414542,0.138260,1.6453
3,20,9.5200,476,13,7,1.512092,0.150581,1.6280
3,20,9.5400,477,13,7,1.612491,0.163759,1.6093
3,20,9.5600,478,13,7,1.717591,0.164526,1.5891
3,20,9.5800,479,13,7,1.825397,0.166938,1.5673
3,20,9.6000,480,13,7,1.937770,0.161577,1.5437
3,20,9.6200,481,13,7,2.054132,0.169647,1.5181
3,20,9.6400,482,13,7,2.174959,0.183002,1.4904
3,20,9.6600,483,13,7,2.299770,0.195925,1.4621
3,20,9.6800,484,13,7,2.430609,0.210140,1.4621
3,20,9.7000,485,14,6,2.565452,0.225053,1.4621
3,20,9.7200,486,14,6,2.705605,0.234152,1.4621
3,20,9.7400,487,14,6,2.851067,0.217558,1.4621
3,20,9.7600,488,14,6,3.002287,0.222882,1.4621
3,20,9.7800,489,14,6,3.158031,0.236114,1.4621
3,20,9.8000,490,14,6,3.227245,0.237566,1.4621
3,20,9.8200,491,14,6,3.254869,0.228626,1.4621
3,20,9.8400,492,14,6,3.368556,0.227704,1.4621
3,20,9.8600,493,14,6,3.512130,0.238379,1.4621
3,20,9.8800,494,14,6,3.660592,0.250922,1.4621
3,20,9.9000,495,14,6,3.813372,0.263311,1.4621
3,20,9.9200,496,14,6,3.969970,0.276081,1.4621
3,20,9.9400,497,15,5,4.129952,0.249985,1.4621
3,20,9.9600,498,17,3,4.292941,0.249278,1.4621
3,20,9.9800,499,17,3,4.458605,0.241239,1.4621
3,20,10.0000,500,17,3,2.437282,0.134957,1.4621
3,20,10.0200,501,17,3,2.485409,0.132811,1.4621
3,20,10.0400,502,18,2,2.574404,0.136413,1.4621
3,20,10.0600,503,18,2,2.464428,0.134622,1.4621
3,20,10.0800,504,18,2,1.576749,0.095743,1.4621
3,20,10.1000,505,18,2,1.398349,0.084715,1.4621
3,20,10.1200,506,18,2,1.170387,0.076126,1.4621
3,20,10.1400,507,18,2,1.028979,0.065870,1.4621
3,20,10.1600,508,18,2,0.910689,0.048912,1.4621
3,20,10.1800,509,18,2,0.799223,0.043212,1.4621
3,20,10.2000,510,18,2,0.691673,0.037035,1.4621
3,20,10.2200,511,18,2,0.618091,0.031979,1.4621
3,20,10.2400,512,18,2,0.355071,0.018998,1.4621
3,20,10.2600,513,18,2,0.212728,0.011220,1.4621
3,20,10.2800,514,18,2,0.127484,0.007339,1.4621
3,20,10.3001,515,18,2,0.154896,0.008470,1.4621
3,20,10.3201,516,18,2,0.242311,0.012282,1.4621
3,20,10.3401,517,18,2,0.265982,0.013419,1.4621
3,20,10.3601,518,18,2,0.235269,0.011863,1.4621
3,20,10.3801,519,18,2,0.284037,0.014238,1.4621
3,20,10.4001,520,18,2,0.365136,0.018261,1.4621
3,20,10.4201,521,18,2,0.444796,0.022248,1.4621
3,20,10.4401,522,18,2,0.525873,0.026297,1.4621
3,20,10.4601,523,18,2,0.609006,0.030453,1.4621
3,20,10.4801,524,18,2,0.696474,0.034826,1.4621
3,20,10.5001,525,18,2,0.786042,0.039304,1.4621
3,20,10.5201,526,18,2,0.877421,0.043872,1.4621
3,20,10.5401,527,18,2,0.972701,0.048636,1.4621
3,20,10.5601,528,18,2,1.069945,0.053498,1.4621
3,20,10.5801,529,18,2,0.798487,0.040102,1.4621
3,20,10.6001,530,18,2,0.374029,0.019531,1.4621
3,20,10.6201,531,18,2,0.219329,0.012237,1.4621
3,20,10.6401,532,18,2,0.085706,0.004914,1.4621
3,20,10.6601,533,18,2,0.021090,0.001864,1.4621
3,20,10.6801,534,18,2,0.117414,0.007303,1.4621
3,20,10.7001,535,18,2,0.214697,0.011459,1.4621
3,20,10.7201,536,18,2,0.278566,0.014323,1.4621
3,20,10.7401,537,18,2,0.078957,0.004053,1.4621
3,20,10.7601,538,18,2,0.010807,0.000595,1.4621
3,20,10.7801,539,18,2,0.016466,0.000864,1.4621
3,20,10.8001,540,18,2,0.006650,0.000350,1.4621
3,20,10.8201,541,18,2,0.000547,0.000031,1.4621
3,20,10.8401,542,18,2,0.000683,0.000036,1.4621
3,20,10.8601,543,18,2,0.000378,0.000021,1.4621
3,20,10.8801,544,18,2,0.000090,0.000005,1.4621
3,20,10.9001,545,18,2,0.000061,0.000004,1.4621
3,20,10.9201,546,18,2,0.000027,0.000003,1.4621
3,20,10.9401,547,18,2,0.000018,0.000001,1.4621
3,20,10.9601,548,18,2,0.000027,0.000002,1.4621
3,20,10.9801,549,20,0,0.000000,0.000000,1.4621
1,25,0.0200,1,0,25,0.000000,0.000000,24.5000
1,25,0.0400,2,0,25,0.196200,0.174251,24.4961
1,25,0.0600,3,0,25,0.392400,0.332421,24.4882
1,25,0.0800,4,0,25,0.588572,0.474551,24.4765
1,25,0.1000,5,0,25,0.784157,0.600536,24.4608
1,25,0.1200,6,0,25,0.976575,0.710287,24.4412
1,25,0.1400,7,0,25,1.160055,0.803742,24.4180
1,25,0.1600,8,0,25,1.326409,0.880859,24.3914
1,25,0.1800,9,0,25,1.466890,0.941588,24.3620
1,25,0.2000,10,0,25,1.574310,0.985985,24.3304
1,25,0.2200,11,0,25,1.644184,1.013954,24.2973
1,25,0.2400,12,0,25,1.675021,1.040360,24.2637
1,25,0.2600,13,0,25,1.667900,1.045547,24.2302
1,25,0.2800,14,0,25,1.626134,1.031224,24.1976
1,25,0.3000,15,0,25,1.554927,1.002257,24.1664
1,25,0.3200,16,0,25,1.461639,0.959935,24.1372
1,25,0.3400,17,0,25,1.355654,0.906103,24.1101
1,25,0.3600,18,0,25,1.245566,0.839335,24.0853
1,25,0.3800,19,0,25,1.132901,0.761932,24.0628
1,25,0.4000,20,0,25,1.015862,0.673285,24.0428
1,25,0.4200,21,0,25,0.892692,0.577489,24.0253
1,25,0.4400,22,0,25,0.760517,0.477391,24.0105
1,25,0.4600,23,0,25,0.616384,0.380417,23.9989
1,25,0.4800,24,0,25,0.472280,0.286955,23.9907
1,25,0.5000,25,0,25,0.357236,0.214306,23.9862
1,25,0.5200,26,0,25,0.333772,0.170648,23.9853
1,25,0.5400,27,0,25,0.380511,0.202438,23.9877
1,25,0.5600,28,0,25,0.488543,0.276305,23.9931
1,25,0.5800,29,0,25,0.614356,0.357616,24.0016
1,25,0.6000,30,0,25,0.740548,0.435402,24.0129
1,25,0.6200,31,0,25,0.855809,0.504378,24.0268
1,25,0.6400,32,0,25,0.944689,0.566081,24.0425
1,25,0.6600,33,0,25,1.023084,0.616928,24.0602
1,25,0.6800,34,0,25,1.077741,0.656842,24.0794
1,25,0.7000,35,0,25,1.120431,0.686655,24.0998
1,25,0.7200,36,0,25,1.148507,0.707601,24.1210
1,25,0.7400,37,0,25,1.164512,0.722484,24.1429
1,25,0.7600,38,0,25,1.171893,0.731339,24.1651
1,25,0.7800,39,0,25,1.166054,0.727690,24.1875
1,25,0.8000,40,0,25,1.144921,0.715317,24.2096
1,25,0.8200,41,0,25,1.106151,0.693647,24.2312
1,25,0.8400,42,0,25,1.051043,0.663465,24.2517
1,25,0.8600,43,0,25,0.970037,0.626183,24.2708
1,25,0.8800,44,0,25,0.890696,0.581955,24.2884
1,25,0.9000,45,0,25,0.808972,0.531530,24.3042
1,25,0.9200,46,0,25,0.725308,0.478553,24.3183
1,25,0.9400,47,0,25,0.634683,0.421755,24.3303
1,25,0.9600,48,0,25,0.543564,0.364477,24.3402
1,25,0.9800,49,0,25,0.449894,0.307540,24.3477
1,25,1.0000,50,0,25,0.365636,0.255810,24.3526
1,25,1.0200,51,0,25,0.343693,0.218716,24.3547
1,25,1.0400,52,0,25,0.318146,0.213072,24.3540
1,25,1.0600,53,0,25,0.383988,0.234142,24.3505
1,25,1.0800,54,0,25,0.486288,0.265402,24.3440
1,25,1.1000,55,0,25,0.600436,0.305315,24.3349
1,25,1.1200,56,0,25,0.714327,0.348784,24.3234
1,25,1.1400,57,0,25,0.818308,0.391428,24.3098
1,25,1.1600,58,0,25,0.895371,0.434175,24.2945
1,25,1.1800,59,0,25,0.921309,0.473751,24.2782
1,25,1.2000,60,0,25,0.910376,0.509063,24.2618
1,25,1.2200,61,0,25,0.891756,0.538624,24.2455
1,25,1.2400,62,0,25,0.878086,0.561640,24.2292
1,25,1.2600,63,0,25,0.871593,0.576723,24.2128
1,25,1.2800,64,0,25,0.863732,0.582561,24.1962
1,25,1.3000,65,0,25,0.850596,0.579966,24.1798
1,25,1.3200,66,0,25,0.832768,0.568732,24.1635
1,25,1.3400,67,0,25,0.815307,0.550591,24.1476
1,25,1.3600,68,0,25,0.773726,0.526192,24.1323
1,25,1.3800,69,0,25,0.707414,0.496708,24.1183
1,25,1.4000,70,0,25,0.638030,0.463189,24.1058
1,25,1.4200,71,0,25,0.570430,0.427769,24.0947
1,25,1.4400,72,0,25,0.508108,0.389751,24.0852
1,25,1.4600,73,0,25,0.579108,0.356776,24.0771
1,25,1.4800,74,0,25,0.621383,0.317587,24.0707
1,25,1.5000,75,0,25,0.648785,0.280624,24.0660
1,25,1.5200,76,0,25,0.660627,0.250000,24.0631
1,25,1.5400,77,0,25,0.657769,0.234605,24.0620
1,25,1.5600,78,0,25,0.643620,0.244812,24.0628
1,25,1.5800,79,0,25,0.698336,0.274681,24.0654
1,25,1.6000,80,0,25,0.703768,0.312208,24.0696
1,25,1.6200,81,0,25,0.702797,0.352529,24.0755
1,25,1.6400,82,0,25,0.703479,0.391678,24.0827
1,25,1.6600,83,0,25,0.700596,0.428046,24.0910
1,25,1.6800,84,0,25,0.679229,0.460338,24.1003
1,25,1.7000,85,0,25,0.669018,0.484705,24.1104
1,25,1.7200,86,0,25,0.665524,0.502578,24.1211
1,25,1.7400,87,0,25,0.682147,0.515093,24.1322
1,25,1.7600,88,0,25,0.666926,0.522221,24.1434
1,25,1.7800,89,0,25,0.661399,0.523935,24.1544
1,25,1.8000,90,0,25,0.651103,0.520295,24.1652
1,25,1.8200,91,0,25,0.640652,0.512588,24.1756
1,25,1.8400,92,0,25,0.626993,0.501323,24.1857
1,25,1.8600,93,0,25,0.610399,0.484792,24.1955
1,25,1.8800,94,0,25,0.591460,0.466121,24.2047
1,25,1.9000,95,0,25,0.581850,0.444665,24.2133
1,25,1.9200,96,0,25,0.569957,0.422919,24.2210
1,25,1.9400,97,0,25,0.539239,0.402696,24.2278
1,25,1.9600,98,0,25,0.516433,0.381193,24.2334
1,25,1.9800,99,0,25,0.503272,0.360143,24.2378
1,25,2.0000,100,0,25,0.481827,0.341125,24.2409
1,25,2.0200,101,0,25,0.476186,0.326060,24.2425
1,25,2.0400,102,0,25,0.471472,0.318001,24.2428
1,25,2.0600,103,0,25,0.504282,0.314735,24.2418
1,25,2.0800,104,0,25,0.541791,0.317383,24.2396
1,25,2.1000,105,0,25,0.605264,0.325305,24.2363
1,25,2.1200,106,0,25,0.680587,0.335809,24.2319
1,25,2.1400,107,0,25,0.762692,0.351687,24.2261
1,25,2.1600,108,0,25,0.845952,0.370194,24.2191
1,25,2.1800,109,0,25,0.930676,0.391000,24.2112
1,25,2.2000,110,0,25,1.013101,0.413504,24.2025
1,25,2.2200,111,0,25,1.089479,0.434360,24.1930
1,25,2.2400,112,0,25,1.156855,0.452787,24.1830
1,25,2.2600,113,0,25,1.213135,0.469469,24.1726
1,25,2.2800,114,0,25,1.258079,0.483585,24.1617
1,25,2.3000,115,0,25,1.291590,0.494611,24.1506
1,25,2.3200,116,0,25,1.314743,0.502953,24.1392
1,25,2.3400,117,0,25,1.329997,0.508209,24.1276
1,25,2.3600,118,0,25,1.339722,0.509750,24.1161
1,25,2.3800,119,0,25,1.344735,0.506887,24.1046
1,25,2.4000,120,0,25,1.345663,0.502724,24.0933
1,25,2.4200,121,0,25,1.342802,0.495665,24.0823
1,25,2.4400,122,0,25,1.336901,0.487989,24.0718
1,25,2.4600,123,0,25,1.328361,0.481375,24.0618
1,25,2.4800,124,0,25,1.321730,0.475289,24.0525
1,25,2.5000,125,0,25,1.315900,0.471638,24.0438
1,25,2.5200,126,0,25,1.308700,0.471069,24.0358
1,25,2.5400,127,0,25,1.312123,0.474149,24.0287
1,25,2.5600,128,0,25,1.323233,0.480904,24.0228
1,25,2.5800,129,0,25,1.344991,0.490477,24.0179
1,25,2.6000,130,0,25,1.377111,0.503093,24.0138
1,25,2.6200,131,0,25,1.415144,0.517633,24.0104
1,25,2.6400,132,0,25,1.454505,0.534919,24.0077
1,25,2.6600,133,0,25,1.491401,0.554801,24.0055
1,25,2.6800,134,0,25,1.552893,0.576021,24.0037
1,25,2.7000,135,0,25,1.587226,0.599500,24.0025
1,25,2.7200,136,0,25,1.608683,0.623280,24.0016
1,25,2.7400,137,0,25,1.626930,0.647391,24.0011
1,25,2.7600,138,0,25,1.645858,0.671577,24.0008
1,25,2.7800,139,0,25,1.648278,0.694685,24.0007
1,25,2.8000,140,0,25,1.673740,0.717311,24.0009
1,25,2.8200,141,0,25,1.706970,0.736004,24.0012
1,25,2.8400,142,0,25,1.741755,0.748837,24.0017
1,25,2.8600,143,0,25,1.775625,0.758997,24.0021
1,25,2.8800,144,0,25,1.820902,0.765808,24.0023
1,25,2.9000,145,0,25,1.854217,0.771927,24.0016
1,25,2.9200,146,0,25,1.877105,0.780283,23.9996
1,25,2.9400,147,0,25,1.895341,0.788117,23.9963
1,25,2.9600,148,0,25,1.913784,0.793079,23.9916
1,25,2.9800,149,0,25,1.934818,0.799044,23.9856
1,25,3.0000,150,0,25,1.958456,0.800811,23.9781
1,25,3.0200,151,0,25,1.985542,0.807437,23.9692
1,25,3.0400,152,0,25,2.016138,0.813647,23.9591
1,25,3.0600,153,0,25,2.049216,0.826942,23.9478
1,25,3.0800,154,0,25,2.084432,0.835565,23.9355
1,25,3.1000,155,0,25,2.119912,0.851228,23.9222
1,25,3.1200,156,0,25,2.151289,0.865444,23.9081
1,25,3.1400,157,0,25,2.180460,0.884183,23.8931
1,25,3.1600,158,0,25,2.209042,0.903603,23.8772
1,25,3.1800,159,0,25,2.238393,0.925883,23.8603
1,25,3.2000,160,0,25,2.267191,0.954949,23.8425
1,25,3.2200,161,0,25,2.300794,0.983289,23.8237
1,25,3.2400,162,0,25,2.337914,1.013445,23.8038
1,25,3.2600,163,0,25,2.377740,1.043634,23.7829
1,25,3.2800,164,0,25,2.419740,1.110761,23.7608
1,25,3.3000,165,0,25,2.463347,1.127019,23.7376
1,25,3.3200,166,0,25,2.584333,1.155111,23.7133
1,25,3.3400,167,0,25,2.698521,1.215369,23.6879
1,25,3.3600,168,0,25,2.888282,1.247834,23.6616
1,25,3.3800,169,0,25,2.995664,1.293930,23.6344
1,25,3.4000,170,0,25,3.167324,1.335423,23.6062
1,25,3.4200,171,0,25,3.230536,1.369443,23.5771
1,25,3.4400,172,0,25,3.356000,1.414512,23.5467
1,25,3.4600,173,0,25,3.432170,1.462446,23.5149
1,25,3.4800,174,0,25,3.583624,1.520241,23.4814
1,25,3.5000,175,0,25,3.651045,1.587409,23.4458
1,25,3.5200,176,0,25,3.860531,1.656348,23.4079
1,25,3.5400,177,0,25,3.931537,1.726179,23.3679
1,25,3.5600,178,0,25,4.048263,1.801692,23.3254
1,25,3.5800,179,0,25,4.083145,1.882418,23.2804
1,25,3.6000,180,0,25,4.241056,1.966087,23.2324
1,25,3.6200,181,0,25,4.242018,2.055785,23.1812
1,25,3.6400,182,0,25,4.310216,2.146699,23.1265
1,25,3.6600,183,0,25,4.297284,2.242571,23.0681
1,25,3.6800,184,0,25,4.372935,2.349344,23.0060
1,25,3.7000,185,0,25,4.363125,2.444824,22.9402
1,25,3.7200,186,0,25,4.495613,2.539284,22.8706
1,25,3.7400,187,0,25,4.650057,2.636716,22.7972
1,25,3.7600,188,0,25,4.806501,2.731373,22.7198
1,25,3.7800,189,0,25,4.965770,2.827081,22.6385
1,25,3.8000,190,0,25,5.127599,2.920559,22.5533
1,25,3.8200,191,0,25,5.291754,3.015700,22.4642
1,25,3.8400,192,0,25,5.458025,3.104526,22.3711
1,25,3.8600,193,0,25,5.626225,3.197204,22.2741
1,25,3.8800,194,0,25,5.796186,3.286057,22.1732
1,25,3.9000,195,0,25,5.967756,3.380807,22.0684
1,25,3.9200,196,0,25,6.140802,3.473512,21.9596
1,25,3.9400,197,0,25,6.315202,3.570192,21.8470
1,25,3.9600,198,0,25,6.490846,3.667278,21.7304
1,25,3.9800,199,0,25,6.667637,3.766654,21.6098
1,25,4.0000,200,0,25,6.845486,3.869503,21.4854
1,25,4.0200,201,0,25,7.024312,3.975012,21.3570
1,25,4.0400,202,0,25,7.204042,4.083086,21.2247
1,25,4.0600,203,0,25,7.384611,4.196002,21.0885
1,25,4.0800,204,0,25,7.565958,4.311911,20.9483
1,25,4.1000,205,0,25,7.748029,4.431448,20.8042
1,25,4.1200,206,0,25,7.930774,4.555629,20.6562
1,25,4.1400,207,0,25,8.114148,4.682308,20.5043
1,25,4.1600,208,0,25,8.298108,4.815519,20.3485
1,25,4.1800,209,0,25,8.482616,4.940238,20.1887
1,25,4.2000,210,0,25,8.667639,5.064119,20.0250
1,25,4.2200,211,0,25,8.853143,5.196876,19.8574
1,25,4.2400,212,0,25,9.039099,5.327580,19.6859
1,25,4.2600,213,0,25,9.225478,5.461561,19.5104
1,25,4.2800,214,0,25,9.412257,5.603631,19.3310
1,25,4.3000,215,0,25,9.599413,5.743512,19.1477
1,25,4.3200,216,0,25,9.786922,5.890323,18.9604
1,25,4.3400,217,0,25,9.974766,6.035279,18.7693
1,25,4.3600,218,0,25,10.162930,6.180144,18.5742
1,25,4.3800,219,0,25,10.351380,6.318793,18.3752
1,25,4.4000,220,0,25,10.540120,6.454455,18.1723
1,25,4.4200,221,0,25,10.729130,6.589617,17.9654
1,25,4.4400,222,0,25,10.918400,6.725262,17.7546
1,25,4.4600,223,0,25,11.107900,6.862269,17.5399
1,25,4.4800,224,0,25,11.297630,7.002236,17.3213
1,25,4.5000,225,0,25,11.487580,7.143463,17.0987
1,25,4.5200,226,0,25,11.677730,7.286188,16.8722
1,25,4.5400,227,0,25,11.868090,7.430818,16.6418
1,25,4.5600,228,0,25,12.058630,7.577140,16.4075
1,25,4.5800,229,0,25,12.249340,7.725666,16.1693
1,25,4.6000,230,0,25,12.440230,7.876160,15.9271
1,25,4.6200,231,0,25,12.631280,8.028683,15.6810
1,25,4.6400,232,0,25,12.822490,8.182755,15.4310
1,25,4.6600,233,0,25,13.013850,8.337708,15.1770
1,25,4.6800,234,0,25,13.205350,8.493990,14.9192
1,25,4.7000,235,0,25,13.396980,8.650717,14.6574
1,25,4.7200,236,0,25,13.588750,8.808023,14.3916
1,25,4.7400,237,0,25,13.780630,8.967403,14.1220
1,25,4.7600,238,0,25,13.972640,9.128124,13.8484
1,25,4.7800,239,0,25,14.164770,9.288097,13.5710
1,25,4.8000,240,0,25,14.357000,9.449713,13.2895
1,25,4.8200,241,0,25,14.549340,9.612370,13.0042
1,25,4.8400,242,0,25,14.741780,9.775393,12.7149
1,25,4.8600,243,0,25,14.934320,9.938496,12.4218
1,25,4.8800,244,0,25,15.126960,10.101690,12.1246
1,25,4.9000,245,0,25,15.319680,10.264980,11.8236
1,25,4.9200,246,0,25,15.512490,10.428510,11.5186
1,25,4.9400,247,0,25,15.705390,10.590000,11.2098
1,25,4.9600,248,0,25,15.898360,10.754230,10.8970
1,25,4.9800,249,0,25,16.091420,10.919410,10.5802
1,25,5.0000,250,0,25,16.284550,11.084110,10.2596
1,25,5.0200,251,0,25,16.477750,11.248740,9.9350
1,25,5.0400,252,0,25,16.671020,11.415790,9.6065
1,25,5.0600,253,0,25,16.864360,11.459770,9.2741
1,25,5.0800,254,0,25,17.057760,11.458710,8.9377
1,25,5.1000,255,0,25,17.251230,11.337170,8.5974
1,25,5.1200,256,0,25,17.444760,11.264410,8.2532
1,25,5.1400,257,0,25,17.638350,11.306990,7.9051
1,25,5.1600,258,0,25,17.862490,11.237290,7.5531
1,25,5.1800,259,0,25,18.025690,11.301270,7.1971
1,25,5.2000,260,0,25,18.219440,10.202370,6.8372
1,25,5.2200,261,0,25,18.413250,10.027550,6.4734
1,25,5.2400,262,0,25,18.607100,9.259834,6.1057
1,25,5.2600,263,0,25,18.801010,9.320955,5.7340
1,25,5.2800,264,0,25,18.747360,8.575893,5.3665
1,25,5.3000,265,0,25,18.873600,8.297995,4.9979
1,25,5.3200,266,0,25,19.074990,7.930390,4.6261
1,25,5.3400,267,0,25,19.266450,7.882809,4.2517
1,25,5.3600,268,0,25,19.021220,6.245967,3.8798
1,25,5.3800,269,0,25,18.523830,5.214088,3.5376
1,25,5.4000,270,0,25,19.150430,5.312509,3.3829
1,25,5.4200,271,0,25,19.932560,5.090971,3.3674
1,25,5.4400,272,0,25,20.389210,5.057254,3.3481
1,25,5.4600,273,0,25,20.543930,5.042214,3.3248
1,25,5.4800,274,0,25,20.699370,5.028513,3.2976
1,25,5.5000,275,0,25,20.855490,4.452518,3.2665
1,25,5.5200,276,0,25,21.012280,3.940497,3.2314
1,25,5.5400,277,0,25,21.169730,3.524689,3.1925
1,25,5.5600,278,0,25,20.995080,3.450663,3.1496
1,25,5.5800,279,0,25,9.917612,2.967129,3.1027
1,25,5.6000,280,0,25,8.876562,2.848935,3.0520
1,25,5.6200,281,0,25,8.986773,2.756628,2.9973
1,25,5.6400,282,0,25,9.006976,2.764429,2.9387
1,25,5.6600,283,0,25,8.149775,2.641596,2.8762
1,25,5.6800,284,0,25,8.107675,2.660488,2.8098
1,25,5.7000,285,0,25,8.037001,2.695894,2.7394
1,25,5.7200,286,0,25,7.970531,2.670693,2.6651
1,25,5.7400,287,0,25,7.908372,2.595530,2.5869
1,25,5.7600,288,0,25,7.850625,2.542545,2.5047
1,25,5.7800,289,0,25,7.797389,2.516512,2.4187
1,25,5.8000,290,0,25,7.748755,2.545504,2.3287
1,25,5.8200,291,0,25,7.704813,2.453134,2.2348
1,25,5.8400,292,0,25,7.665642,2.307569,2.1370
1,25,5.8600,293,0,25,7.631315,2.276244,2.0352
1,25,5.8800,294,0,25,7.601899,2.251564,1.9295
1,25,5.9000,295,0,25,7.577451,2.159517,1.8199
1,25,5.9200,296,0,25,7.558018,2.169399,1.7064
1,25,5.9400,297,0,25,7.543640,2.170340,1.6473
1,25,5.9600,298,0,25,7.534345,2.170982,1.6658
1,25,5.9800,299,0,25,7.530153,2.176735,1.6803
1,25,6.0000,300,0,25,7.531071,2.179780,1.6909
1,25,6.0200,301,0,25,7.537098,2.155293,1.6975
1,25,6.0400,302,0,25,7.548222,2.168993,1.7003
1,25,6.0600,303,0,25,7.564421,2.205143,1.6991
1,25,6.0800,304,1,24,7.703038,2.259290,1.6940
1,25,6.1000,305,1,24,7.611900,2.064647,1.6849
1,25,6.1200,306,1,24,7.643087,1.969415,1.6720
1,25,6.1400,307,1,24,7.679163,1.780662,1.6551
1,25,6.1600,308,1,24,7.720057,1.784998,1.6343
1,25,6.1800,309,1,24,7.765694,1.758455,1.6096
1,25,6.2000,310,1,24,7.815992,1.675120,1.5809
1,25,6.2200,311,1,24,7.870860,1.653418,1.5483
1,25,6.2400,312,1,24,7.930204,1.632064,1.5118
1,25,6.2600,313,1,24,7.993924,1.615189,1.4714
1,25,6.2800,314,1,24,8.061916,1.589717,1.4270
1,25,6.3000,315,1,24,8.134074,1.572123,1.3788
1,25,6.3200,316,1,24,7.277346,1.514822,1.3266
1,25,6.3400,317,1,24,6.949960,1.398312,1.2704
1,25,6.3600,318,1,24,7.031469,1.402890,1.2104
1,25,6.3800,319,1,24,7.117455,1.193603,1.1464
1,25,6.4000,320,2,23,7.207757,1.164296,1.0785
1,25,6.4200,321,2,23,7.302215,1.147643,1.0067
1,25,6.4400,322,3,22,7.400669,1.156000,0.9958
1,25,6.4600,323,3,22,7.502964,1.157238,1.0300
1,25,6.4800,324,3,22,7.608943,1.067351,1.0603
1,25,6.5000,325,3,22,6.226138,1.011238,1.0867
1,25,6.5200,326,4,21,6.323991,1.018806,1.1091
1,25,6.5400,327,5,20,6.172838,0.975342,1.1276
1,25,6.5600,328,6,19,4.301792,0.897509,1.1422
1,25,6.5800,329,6,19,4.205477,0.833782,1.1529
1,25,6.6000,330,6,19,4.093447,0.812372,1.1596
1,25,6.6200,331,6,19,3.964368,0.752287,1.1625
1,25,6.6400,332,6,19,3.910827,0.759071,1.1614
1,25,6.6600,333,6,19,3.918492,0.694682,1.1564
1,25,6.6800,334,6,19,3.935935,0.654856,1.1474
1,25,6.7000,335,6,19,3.963027,0.638260,1.1345
1,25,6.7200,336,6,19,3.999571,0.618608,1.1177
1,25,6.7400,337,6,19,4.045311,0.571545,1.0970
1,25,6.7600,338,7,18,4.099939,0.544401,1.0724
1,25,6.7800,339,7,18,4.163106,0.536679,1.0438
1,25,6.8000,340,7,18,4.234429,0.534547,1.0168
1,25,6.8200,341,7,18,4.313505,0.533949,1.0286
1,25,6.8400,342,7,18,4.399913,0.538653,1.0365
1,25,6.8600,343,7,18,4.493233,0.549686,1.0405
1,25,6.8800,344,7,18,4.593042,0.557012,1.0405
1,25,6.9000,345,9,16,4.698928,0.568704,1.0366
1,25,6.9200,346,10,15,3.058342,0.505285,1.0288
1,25,6.9400,347,11,14,3.089528,0.517998,1.0171
1,25,6.9600,348,11,14,3.132715,0.532312,1.0014
1,25,6.9800,349,14,11,3.187413,0.531382,0.9818
1,25,7.0000,350,14,11,3.253044,0.512829,0.9583
1,25,7.0200,351,14,11,3.328961,0.520988,0.9309
1,25,7.0400,352,15,10,3.414477,0.499985,0.8996
1,25,7.0600,353,15,10,3.508890,0.494367,0.8643
1,25,7.0800,354,15,10,3.611504,0.504623,0.8545
1,25,7.1000,355,15,10,3.721639,0.516280,0.8469
1,25,7.1200,356,16,9,3.838648,0.529024,0.8362
1,25,7.1400,357,16,9,3.961923,0.544146,0.8222
1,25,7.1600,358,16,9,3.088356,0.510631,0.8048
1,25,7.1800,359,16,9,3.104855,0.497741,0.7838
1,25,7.2000,360,16,9,3.133576,0.515447,0.7591
1,25,7.2200,361,16,9,3.174186,0.531847,0.7431
1,25,7.2400,362,16,9,3.226237,0.512515,0.7510
1,25,7.2600,363,16,9,3.289186,0.517183,0.7576
1,25,7.2800,364,16,9,2.291171,0.450648,0.7632
1,25,7.3000,365,16,9,2.281043,0.418016,0.7679
1,25,7.3200,366,16,9,2.293478,0.388239,0.7716
1,25,7.3400,367,15,10,2.322481,0.363816,0.7744
1,25,7.3600,368,15,10,2.367442,0.351927,0.7764
1,25,7.3800,369,15,10,2.427475,0.309565,0.7776
1,25,7.4000,370,15,10,2.476972,0.307337,0.7780
1,25,7.4200,371,15,10,1.694842,0.256447,0.7775
1,25,7.4400,372,15,10,1.693243,0.207883,0.7763
1,25,7.4600,373,15,10,1.703853,0.182375,0.7743
1,25,7.4800,374,15,10,1.728194,0.176266,0.7714
1,25,7.5000,375,15,10,1.540419,0.169447,0.7677
1,25,7.5200,376,15,10,1.466141,0.182801,0.7630
1,25,7.5400,377,15,10,1.432761,0.196338,0.7574
1,25,7.5600,378,15,10,1.407233,0.194174,0.7507
1,25,7.5800,379,15,10,1.395000,0.190921,0.7429
1,25,7.6000,380,15,10,1.390403,0.177301,0.7338
1,25,7.6200,381,15,10,1.398144,0.171067,0.7235
1,25,7.6400,382,15,10,1.414885,0.170624,0.7134
1,25,7.6600,383,16,9,1.441356,0.175122,0.7076
1,25,7.6800,384,17,8,1.478440,0.158625,0.6999
1,25,7.7000,385,17,8,1.523814,0.153550,0.6901
1,25,7.7200,386,17,8,1.579707,0.164582,0.6783
1,25,7.7400,387,17,8,1.637866,0.176452,0.6670
1,25,7.7600,388,17,8,1.742051,0.187507,0.6554
1,25,7.7800,389,17,8,1.837961,0.177967,0.6422
1,25,7.8000,390,18,7,1.748820,0.166746,0.6265
1,25,7.8200,391,18,7,1.817401,0.161459,0.6111
1,25,7.8400,392,18,7,1.891293,0.165308,0.6080
1,25,7.8600,393,18,7,1.972156,0.135340,0.6030
1,25,7.8800,394,18,7,2.059700,0.130925,0.5962
1,25,7.9000,395,20,5,2.153759,0.133989,0.5875
1,25,7.9200,396,20,5,1.086040,0.090179,0.5769
1,25,7.9400,397,20,5,0.931457,0.075942,0.5643
1,25,7.9600,398,20,5,1.043232,0.071984,0.5496
1,25,7.9800,399,20,5,1.130659,0.070575,0.5354
1,25,8.0000,400,20,5,1.185109,0.073140,0.5413
1,25,8.0200,401,22,3,1.040937,0.066029,0.5459
1,25,8.0400,402,22,3,0.293423,0.034250,0.5493
1,25,8.0600,403,22,3,0.386446,0.029056,0.5516
1,25,8.0800,404,22,3,0.486431,0.025376,0.5526
1,25,8.1000,405,22,3,0.587658,0.025571,0.5525
1,25,8.1200,406,22,3,0.295136,0.021604,0.5513
1,25,8.1400,407,22,3,0.243304,0.019753,0.5489
1,25,8.1600,408,22,3,0.284251,0.016454,0.5453
1,25,8.1800,409,22,3,0.377993,0.016850,0.5405
1,25,8.2000,410,22,3,0.472910,0.019941,0.5343
1,25,8.2200,411,22,3,0.569308,0.023173,0.5268
1,25,8.2400,412,22,3,0.667427,0.026890,0.5179
1,25,8.2600,413,22,3,0.766784,0.030763,0.5074
1,25,8.2800,414,22,3,0.449189,0.018015,0.5017
1,25,8.3000,415,22,3,0.083269,0.003355,0.5012
1,25,8.3200,416,22,3,0.046071,0.001854,0.5007
1,25,8.3400,417,22,3,0.053971,0.002164,0.5001
1,25,8.3600,418,22,3,0.018896,0.000759,0.5000
1,25,8.3800,419,22,3,0.002882,0.000118,0.5000
1,25,8.4000,420,22,3,0.003058,0.000124,0.5000
1,25,8.4200,421,23,2,0.001759,0.000070,0.5000
1,25,8.4400,422,23,2,0.000408,0.000017,0.5000
1,25,8.4600,423,24,1,0.000204,0.000008,0.5000
1,25,8.4800,424,24,1,0.000143,0.000006,0.5000
1,25,8.5000,425,24,1,0.000049,0.000002,0.5000
1,25,8.5200,426,24,1,0.000013,0.000001,0.5000
1,25,8.5400,427,24,1,0.000017,0.000001,0.5000
1,25,8.5600,428,24,1,0.000019,0.000001,0.5000
1,25,8.5800,429,24,1,0.000018,0.000001,0.5000
1,25,8.6000,430,24,1,0.000022,0.000001,0.5000
1,25,8.6200,431,24,1,0.000010,0.000000,0.5000
1,25,8.6400,432,24,1,0.000021,0.000001,0.5000
1,25,8.6600,433,24,1,0.000014,0.000001,0.5000
1,25,8.6800,434,25,0,0.000000,0.000000,0.5000
2,25,0.0200,1,0,25,0.000000,0.000000,24.5000
2,25,0.0400,2,0,25,0.196200,0.174246,24.4961
2,25,0.0600,3,0,25,0.392400,0.332425,24.4882
2,25,0.0800,4,0,25,0.588580,0.474556,24.4765
2,25,0.1000,5,0,25,0.784298,0.600552,24.4608
2,25,0.1200,6,0,25,0.977258,0.710274,24.4412
2,25,0.1400,7,0,25,1.161790,0.803714,24.4179
2,25,0.1600,8,0,25,1.329574,0.880831,24.3913
2,25,0.1800,9,0,25,1.471639,0.941560,24.3618
2,25,0.2000,10,0,25,1.580460,0.985940,24.3300
2,25,0.2200,11,0,25,1.651287,1.013899,24.2969
2,25,0.2400,12,0,25,1.682601,1.037318,24.2631
2,25,0.2600,13,0,25,1.675480,1.040717,24.2294
2,25,0.2800,14,0,25,1.633275,1.027701,24.1967
2,25,0.3000,15,0,25,1.561239,0.999679,24.1654
2,25,0.3200,16,0,25,1.466864,0.959488,24.1360
2,25,0.3400,17,0,25,1.358978,0.904109,24.1089
2,25,0.3600,18,0,25,1.244191,0.834703,24.0841
2,25,0.3800,19,0,25,1.126050,0.753027,24.0618
2,25,0.4000,20,0,25,1.003615,0.662138,24.0420
2,25,0.4200,21,0,25,0.875590,0.568501,24.0248
2,25,0.4400,22,0,25,0.736060,0.466305,24.0106
2,25,0.4600,23,0,25,0.590792,0.363815,23.9995
2,25,0.4800,24,0,25,0.449509,0.262549,23.9919
2,25,0.5000,25,0,25,0.332991,0.176483,23.9878
2,25,0.5200,26,0,25,0.295573,0.139128,23.9874
2,25,0.5400,27,0,25,0.366257,0.192199,23.9906
2,25,0.5600,28,0,25,0.494342,0.277289,23.9974
2,25,0.5800,29,0,25,0.636606,0.367042,24.0074
2,25,0.6000,30,0,25,0.774951,0.456003,24.0204
2,25,0.6200,31,0,25,0.901585,0.532536,24.0360
2,25,0.6400,32,0,25,1.012337,0.603939,24.0539
2,25,0.6600,33,0,25,1.101329,0.666520,24.0737
2,25,0.6800,34,0,25,1.142768,0.715035,24.0943
2,25,0.7000,35,0,25,1.181044,0.751438,24.1158
2,25,0.7200,36,0,25,1.209651,0.774524,24.1379
2,25,0.7400,37,0,25,1.223125,0.786201,24.1604
2,25,0.7600,38,0,25,1.222464,0.786380,24.1832
2,25,0.7800,39,0,25,1.202537,0.774802,24.2058
2,25,0.8000,40,0,25,1.168429,0.751910,24.2278
2,25,0.8200,41,0,25,1.119250,0.717224,24.2490
2,25,0.8400,42,0,25,1.054757,0.671182,24.2690
2,25,0.8600,43,0,25,0.976143,0.615585,24.2875
2,25,0.8800,44,0,25,0.884470,0.560778,24.3041
2,25,0.9000,45,0,25,0.780465,0.495924,24.3186
2,25,0.9200,46,0,25,0.668310,0.427147,24.3307
2,25,0.9400,47,0,25,0.555270,0.356313,24.3404
2,25,0.9600,48,0,25,0.442687,0.284032,24.3474
2,25,0.9800,49,0,25,0.347747,0.214742,24.3518
2,25,1.0000,50,0,25,0.278085,0.155999,24.3539
2,25,1.0200,51,0,25,0.259731,0.129190,24.3535
2,25,1.0400,52,0,25,0.273439,0.156874,24.3507
2,25,1.0600,53,0,25,0.313674,0.212077,24.3456
2,25,1.0800,54,0,25,0.396943,0.274365,24.3383
2,25,1.1000,55,0,25,0.490151,0.336018,24.3288
2,25,1.1200,56,0,25,0.584028,0.394135,24.3172
2,25,1.1400,57,0,25,0.672338,0.446967,24.3038
2,25,1.1600,58,0,25,0.754088,0.493293,24.2888
2,25,1.1800,59,0,25,0.831259,0.532891,24.2724
2,25,1.2000,60,0,25,0.885671,0.564782,24.2549
2,25,1.2200,61,0,25,0.919864,0.588311,24.2366
2,25,1.2400,62,0,25,0.939674,0.603302,24.2178
2,25,1.2600,63,0,25,0.952291,0.609889,24.1989
2,25,1.2800,64,0,25,0.947513,0.608459,24.1801
2,25,1.3000,65,0,25,0.927481,0.599272,24.1618
2,25,1.3200,66,0,25,0.891943,0.582951,24.1443
2,25,1.3400,67,0,25,0.844420,0.561084,24.1278
2,25,1.3600,68,0,25,0.786643,0.531964,24.1125
2,25,1.3800,69,0,25,0.721142,0.495962,24.0986
2,25,1.4000,70,0,25,0.649917,0.453596,24.0861
2,25,1.4200,71,0,25,0.575319,0.405412,24.0753
2,25,1.4400,72,0,25,0.500559,0.359916,24.0662
2,25,1.4600,73,0,25,0.429019,0.317619,24.0588
2,25,1.4800,74,0,25,0.364228,0.277167,24.0532
2,25,1.5000,75,0,25,0.354597,0.242705,24.0494
2,25,1.5200,76,0,25,0.356328,0.219232,24.0475
2,25,1.5400,77,0,25,0.380971,0.223826,24.0476
2,25,1.5600,78,0,25,0.407807,0.252631,24.0497
2,25,1.5800,79,0,25,0.436581,0.289084,24.0537
2,25,1.6000,80,0,25,0.464770,0.327674,24.0594
2,25,1.6200,81,0,25,0.517385,0.363203,24.0668
2,25,1.6400,82,0,25,0.563612,0.395029,24.0756
2,25,1.6600,83,0,25,0.626854,0.422274,24.0857
2,25,1.6800,84,0,25,0.684500,0.448385,24.0971
2,25,1.7000,85,0,25,0.734668,0.467082,24.1095
2,25,1.7200,86,0,25,0.775900,0.484012,24.1228
2,25,1.7400,87,0,25,0.802153,0.502444,24.1366
2,25,1.7600,88,0,25,0.811072,0.514601,24.1505
2,25,1.7800,89,0,25,0.807424,0.518166,24.1642
2,25,1.8000,90,0,25,0.797971,0.516740,24.1776
2,25,1.8200,91,0,25,0.788056,0.509795,24.1905
2,25,1.8400,92,0,25,0.775698,0.497637,24.2028
2,25,1.8600,93,0,25,0.759035,0.482635,24.2145
2,25,1.8800,94,0,25,0.738891,0.462708,24.2252
2,25,1.9000,95,0,25,0.713933,0.440326,24.2351
2,25,1.9200,96,0,25,0.681526,0.411596,24.2439
2,25,1.9400,97,0,25,0.650190,0.383158,24.2516
2,25,1.9600,98,0,25,0.626240,0.357031,24.2580
2,25,1.9800,99,0,25,0.609110,0.333042,24.2633
2,25,2.0000,100,0,25,0.597788,0.311790,24.2672
2,25,2.0200,101,0,25,0.592585,0.295188,24.2697
2,25,2.0400,102,0,25,0.597283,0.285584,24.2707
2,25,2.0600,103,0,25,0.610630,0.287787,24.2701
2,25,2.0800,104,0,25,0.633868,0.298415,24.2678
2,25,2.1000,105,0,25,0.668280,0.313159,24.2638
2,25,2.1200,106,0,25,0.713233,0.330553,24.2581
2,25,2.1400,107,0,25,0.767620,0.350293,24.2506
2,25,2.1600,108,0,25,0.831968,0.369104,24.2416
2,25,2.1800,109,0,25,0.901945,0.388626,24.2311
2,25,2.2000,110,0,25,0.966851,0.407875,24.2194
2,25,2.2200,111,0,25,1.023155,0.425335,24.2069
2,25,2.2400,112,0,25,1.071193,0.440982,24.1938
2,25,2.2600,113,0,25,1.108062,0.454586,24.1805
2,25,2.2800,114,0,25,1.139906,0.469487,24.1673
2,25,2.3000,115,0,25,1.166787,0.476296,24.1540
2,25,2.3200,116,0,25,1.186420,0.482132,24.1408
2,25,2.3400,117,0,25,1.197981,0.484075,24.1277
2,25,2.3600,118,0,25,1.207440,0.482059,24.1147
2,25,2.3800,119,0,25,1.201883,0.475029,24.1021
2,25,2.4000,120,0,25,1.184169,0.465288,24.0901
2,25,2.4200,121,0,25,1.159165,0.454435,24.0788
2,25,2.4400,122,0,25,1.134718,0.443239,24.0683
2,25,2.4600,123,0,25,1.113229,0.429695,24.0586
2,25,2.4800,124,0,25,1.097638,0.418427,24.0498
2,25,2.5000,125,0,25,1.068617,0.408525,24.0423
2,25,2.5200,126,0,25,1.037113,0.401457,24.0361
2,25,2.5400,127,0,25,1.009541,0.397464,24.0309
2,25,2.5600,128,0,25,0.987603,0.399172,24.0266
2,25,2.5800,129,0,25,0.971251,0.406195,24.0233
2,25,2.6000,130,0,25,0.960299,0.419526,24.0208
2,25,2.6200,131,0,25,0.955208,0.442088,24.0191
2,25,2.6400,132,0,25,0.950727,0.467050,24.0184
2,25,2.6600,133,0,25,0.959617,0.500708,24.0187
2,25,2.6800,134,0,25,0.973977,0.528320,24.0196
2,25,2.7000,135,0,25,0.992752,0.552799,24.0212
2,25,2.7200,136,0,25,1.015041,0.569395,24.0232
2,25,2.7400,137,0,25,1.040857,0.584083,24.0259
2,25,2.7600,138,0,25,1.071738,0.595253,24.0290
2,25,2.7800,139,0,25,1.107658,0.610857,24.0325
2,25,2.8000,140,0,25,1.149867,0.628780,24.0360
2,25,2.8200,141,0,25,1.197581,0.639630,24.0394
2,25,2.8400,142,0,25,1.247625,0.650556,24.0429
2,25,2.8600,143,0,25,1.307613,0.667320,24.0460
2,25,2.8800,144,0,25,1.352019,0.672020,24.0489
2,25,2.9000,145,0,25,1.398729,0.680432,24.0512
2,25,2.9200,146,0,25,1.445582,0.687148,24.0529
2,25,2.9400,147,0,25,1.492473,0.691332,24.0540
2,25,2.9600,148,0,25,1.533960,0.697848,24.0542
2,25,2.9800,149,0,25,1.571537,0.707788,24.0534
2,25,3.0000,150,0,25,1.607746,0.717593,24.0514
2,25,3.0200,151,0,25,1.640961,0.729177,24.0479
2,25,3.0400,152,0,25,1.675957,0.744351,24.0432
2,25,3.0600,153,0,25,1.707845,0.761650,24.0369
2,25,3.0800,154,0,25,1.737504,0.779876,24.0292
2,25,3.1000,155,0,25,1.765875,0.799862,24.0202
2,25,3.1200,156,0,25,1.788269,0.821844,24.0102
2,25,3.1400,157,0,25,1.820991,0.845120,23.9990
2,25,3.1600,158,0,25,1.854292,0.869848,23.9865
2,25,3.1800,159,0,25,1.893548,0.895194,23.9728
2,25,3.2000,160,0,25,1.970605,0.922909,23.9576
2,25,3.2200,161,0,25,2.028315,0.953012,23.9409
2,25,3.2400,162,0,25,2.083765,0.986003,23.9226
2,25,3.2600,163,0,25,2.196221,1.021130,23.9028
2,25,3.2800,164,0,25,2.244071,1.056865,23.8814
2,25,3.3000,165,0,25,2.327752,1.097154,23.8583
2,25,3.3200,166,0,25,2.477081,1.139979,23.8332
2,25,3.3400,167,0,25,2.536894,1.185919,23.8062
2,25,3.3600,168,0,25,2.673589,1.232948,23.7771
2,25,3.3800,169,0,25,2.733669,1.284272,23.7459
2,25,3.4000,170,0,25,2.853848,1.341814,23.7124
2,25,3.4200,171,0,25,2.942299,1.400605,23.6764
2,25,3.4400,172,0,25,3.066363,1.462758,23.6381
2,25,3.4600,173,0,25,3.196763,1.530332,23.5976
2,25,3.4800,174,0,25,3.325115,1.596426,23.5548
2,25,3.5000,175,0,25,3.450317,1.661263,23.5099
2,25,3.5200,176,0,25,3.574810,1.727204,23.4625
2,25,3.5400,177,0,25,3.698190,1.798660,23.4128
2,25,3.5600,178,0,25,3.822021,1.878754,23.3605
2,25,3.5800,179,0,25,3.947992,1.955424,23.3055
2,25,3.6000,180,0,25,4.076612,2.035020,23.2475
2,25,3.6200,181,0,25,4.207455,2.110498,23.1864
2,25,3.6400,182,0,25,4.344579,2.180918,23.1220
2,25,3.6600,183,0,25,4.489428,2.266779,23.0540
2,25,3.6800,184,0,25,4.638648,2.348253,22.9821
2,25,3.7000,185,0,25,4.792361,2.432560,22.9063
2,25,3.7200,186,0,25,4.949080,2.518353,22.8265
2,25,3.7400,187,0,25,5.108526,2.610219,22.7428
2,25,3.7600,188,0,25,5.270453,2.707068,22.6552
2,25,3.7800,189,0,25,5.434639,2.803056,22.5636
2,25,3.8000,190,0,25,5.600886,2.898329,22.4682
2,25,3.8200,191,0,25,5.769015,2.992565,22.3688
2,25,3.8400,192,0,25,5.938866,3.087787,22.2654
2,25,3.8600,193,0,25,6.110295,3.181854,22.1582
2,25,3.8800,194,0,25,6.283175,3.265237,22.0470
2,25,3.9000,195,0,25,6.457386,3.358957,21.9320
2,25,3.9200,196,0,25,6.632827,3.464579,21.8129
2,25,3.9400,197,0,25,6.809400,3.570492,21.6900
2,25,3.9600,198,0,25,6.987020,3.672113,21.5631
2,25,3.9800,199,0,25,7.165610,3.777032,21.4324
2,25,4.0000,200,0,25,7.345099,3.883995,21.2976
2,25,4.0200,201,0,25,7.525422,3.992143,21.1590
2,25,4.0400,202,0,25,7.706520,4.101973,21.0165
2,25,4.0600,203,0,25,7.888341,4.215505,20.8700
2,25,4.0800,204,0,25,8.070835,4.332143,20.7196
2,25,4.1000,205,0,25,8.253959,4.451161,20.5652
2,25,4.1200,206,0,25,8.437670,4.573819,20.4070
2,25,4.1400,207,0,25,8.621931,4.699833,20.2448
2,25,4.1600,208,0,25,8.806709,4.830447,20.0787
2,25,4.1800,209,0,25,8.991971,4.963134,19.9087
2,25,4.2000,210,0,25,9.177687,5.097310,19.7347
2,25,4.2200,211,0,25,9.363831,5.230026,19.5569
2,25,4.2400,212,0,25,9.550377,5.361920,19.3751
2,25,4.2600,213,0,25,9.737304,5.491180,19.1893
2,25,4.2800,214,0,25,9.924587,5.620747,18.9997
2,25,4.3000,215,0,25,10.112210,5.748684,18.8061
2,25,4.3200,216,0,25,10.300150,5.878610,18.6086
2,25,4.3400,217,0,25,10.488400,6.009866,18.4072
2,25,4.3600,218,0,25,10.676930,6.142574,18.2019
2,25,4.3800,219,0,25,10.865730,6.277258,17.9926
2,25,4.4000,220,0,25,11.054790,6.413507,17.7794
2,25,4.4200,221,0,25,11.244090,6.551570,17.5623
2,25,4.4400,222,0,25,11.433630,6.691423,17.3413
2,25,4.4600,223,0,25,11.623390,6.833569,17.1163
2,25,4.4800,224,0,25,11.813360,6.977579,16.8874
2,25,4.5000,225,0,25,12.003530,7.124471,16.6546
2,25,4.5200,226,0,25,12.193890,7.272723,16.4179
2,25,4.5400,227,0,25,12.384430,7.423080,16.1772
2,25,4.5600,228,0,25,12.575150,7.574334,15.9326
2,25,4.5800,229,0,25,12.766030,7.727484,15.6841
2,25,4.6000,230,0,25,12.957070,7.882377,15.4317
2,25,4.6200,231,0,25,13.148260,8.038558,15.1753
2,25,4.6400,232,0,25,13.339600,8.195258,14.9151
2,25,4.6600,233,0,25,13.531080,8.352240,14.6509
2,25,4.6800,234,0,25,13.722690,8.509725,14.3827
2,25,4.7000,235,0,25,13.914430,8.667505,14.1107
2,25,4.7200,236,0,25,14.106300,8.826295,13.8347
2,25,4.7400,237,0,25,14.298280,8.985662,13.5548
2,25,4.7600,238,0,25,14.490370,9.145740,13.2710
2,25,4.7800,239,0,25,14.682570,9.306257,12.9833
2,25,4.8000,240,0,25,14.874880,9.467241,12.6916
2,25,4.8200,241,0,25,15.067280,9.628688,12.3960
2,25,4.8400,242,0,25,15.259790,9.789781,12.0965
2,25,4.8600,243,0,25,15.452380,9.952204,11.7930
2,25,4.8800,244,0,25,15.645070,10.115120,11.4857
2,25,4.9000,245,0,25,15.837840,10.278480,11.1744
2,25,4.9200,246,0,25,16.030690,10.442380,10.8592
2,25,4.9400,247,0,25,16.223630,10.606430,10.5400
2,25,4.9600,248,0,25,16.416640,10.771320,10.2170
2,25,4.9800,249,0,25,16.609730,10.935320,9.8900
2,25,5.0000,250,0,25,16.802890,11.082960,9.5591
2,25,5.0200,251,0,25,16.996120,11.225220,9.2242
2,25,5.0400,252,0,25,17.189410,11.378490,8.8855
2,25,5.0600,253,0,25,17.382770,11.337490,8.5428
2,25,5.0800,254,0,25,17.576190,11.375280,8.1962
2,25,5.1000,255,0,25,17.769680,11.572680,7.8457
2,25,5.1200,256,0,25,17.963220,11.702690,7.4912
2,25,5.1400,257,0,25,18.156820,11.550460,7.1328
2,25,5.1600,258,0,25,18.350480,11.515130,6.7705
2,25,5.1800,259,0,25,18.544190,11.214250,6.4043
2,25,5.2000,260,0,25,18.737950,10.659540,6.0341
2,25,5.2200,261,0,25,18.191930,10.104310,5.7160
2,25,5.2400,262,0,25,18.537760,9.474826,5.4217
2,25,5.2600,263,0,25,19.005880,8.548357,5.1255
2,25,5.2800,264,0,25,19.168410,8.230592,4.8232
2,25,5.3000,265,0,25,19.323240,7.884928,4.5175
2,25,5.3200,266,0,25,19.478810,7.273304,4.2079
2,25,5.3400,267,0,25,19.635110,7.086759,3.8943
2,25,5.3600,268,0,25,19.792130,6.849992,3.5769
2,25,5.3800,269,0,25,19.949830,6.494348,3.2555
2,25,5.4000,270,0,25,20.108210,6.102629,2.9301
2,25,5.4200,271,0,25,20.267260,5.814939,2.6009
2,25,5.4400,272,0,25,20.426950,5.739103,2.2677
2,25,5.4600,273,0,25,20.587270,5.640811,2.0122
2,25,5.4800,274,0,25,20.748210,5.486670,2.0695
2,25,5.5000,275,0,25,20.909750,5.043406,2.1229
2,25,5.5200,276,0,25,21.071870,4.581881,2.1723
2,25,5.5400,277,0,25,21.234580,3.570656,2.2178
2,25,5.5600,278,0,25,4.598046,2.019280,2.2594
2,25,5.5800,279,0,25,4.512733,1.885576,2.2970
2,25,5.6000,280,0,25,4.434465,1.778488,2.3307
2,25,5.6200,281,0,25,4.363622,1.732509,2.3605
2,25,5.6400,282,0,25,4.316501,1.671402,2.3864
2,25,5.6600,283,0,25,4.376387,1.647413,2.4084
2,25,5.6800,284,0,25,4.444135,1.614052,2.4264
2,25,5.7000,285,0,25,4.519392,1.562863,2.4405
2,25,5.7200,286,0,25,4.601789,1.545641,2.4507
2,25,5.7400,287,0,25,4.690948,1.546078,2.4570
2,25,5.7600,288,0,25,4.786494,1.551055,2.4593
2,25,5.7800,289,0,25,4.888052,1.566305,2.4577
2,25,5.8000,290,0,25,4.995253,1.593453,2.4522
2,25,5.8200,291,0,25,5.107744,1.571365,2.4428
2,25,5.8400,292,0,25,5.225183,1.565487,2.4294
2,25,5.8600,293,0,25,5.347243,1.596906,2.4121
2,25,5.8800,294,0,25,5.473616,1.607476,2.3909
2,25,5.9000,295,0,25,4.289400,1.504692,2.3658
2,25,5.9200,296,0,25,4.350919,1.511545,2.3368
2,25,5.9400,297,0,25,4.420297,1.463003,2.3038
2,25,5.9600,298,0,25,4.548062,1.469286,2.2669
2,25,5.9800,299,1,24,4.701944,1.475711,2.2261
2,25,6.0000,300,1,24,4.858876,1.351360,2.1813
2,25,6.0200,301,1,24,5.018572,1.350556,2.1326
2,25,6.0400,302,1,24,5.180776,1.357766,2.0800
2,25,6.0600,303,1,24,5.345260,1.367046,2.0235
2,25,6.0800,304,1,24,5.511820,1.357569,1.9631
2,25,6.1000,305,1,24,5.213336,1.093446,1.8987
2,25,6.1200,306,1,24,5.336693,0.971371,1.8304
2,25,6.1400,307,1,24,5.464313,0.897933,1.7582
2,25,6.1600,308,1,24,5.595902,0.858729,1.6820
2,25,6.1800,309,1,24,5.731188,0.836664,1.6020
2,25,6.2000,310,1,24,5.869915,0.812247,1.5692
2,25,6.2200,311,1,24,6.011845,0.812146,1.5513
2,25,6.2400,312,1,24,6.156756,0.811458,1.5314
2,25,6.2600,313,1,24,3.583779,0.691887,1.5191
2,25,6.2800,314,1,24,3.573306,0.661793,1.5191
2,25,6.3000,315,1,24,3.573590,0.660965,1.5191
2,25,6.3200,316,3,22,3.584630,0.670283,1.5191
2,25,6.3400,317,3,22,3.606325,0.672742,1.5191
2,25,6.3600,318,3,22,3.638486,0.567868,1.5191
2,25,6.3800,319,3,22,3.680838,0.590018,1.5191
2,25,6.4000,320,3,22,3.733034,0.599990,1.5191
2,25,6.4200,321,3,22,3.794669,0.578704,1.5191
2,25,6.4400,322,3,22,3.127171,0.506677,1.5191
2,25,6.4600,323,3,22,3.266113,0.511077,1.5191
2,25,6.4800,324,3,22,3.410686,0.525477,1.5191
2,25,6.5000,325,3,22,3.560204,0.551421,1.5191
2,25,6.5200,326,3,22,3.714070,0.562396,1.5191
2,25,6.5400,327,4,21,2.155145,0.452517,1.5191
2,25,6.5600,328,4,21,2.131297,0.439972,1.5191
2,25,6.5800,329,4,21,2.255031,0.451003,1.5191
2,25,6.6000,330,4,21,2.137511,0.434565,1.5191
2,25,6.6200,331,4,21,2.167418,0.397822,1.5192
2,25,6.6400,332,4,21,2.220727,0.365782,1.5193
2,25,6.6600,333,4,21,2.164247,0.372122,1.5193
2,25,6.6800,334,4,21,2.169603,0.388211,1.5192
2,25,6.7000,335,4,21,2.189291,0.385190,1.5192
2,25,6.7200,336,4,21,2.218521,0.393713,1.5192
2,25,6.7400,337,4,21,2.258095,0.390381,1.5192
2,25,6.7600,338,4,21,2.307401,0.390743,1.5192
2,25,6.7800,339,4,21,2.366049,0.391903,1.5192
2,25,6.8000,340,4,21,2.435555,0.325362,1.5192
2,25,6.8200,341,4,21,2.514427,0.299369,1.5191
2,25,6.8400,342,4,21,2.606836,0.304702,1.5192
2,25,6.8600,343,4,21,2.709765,0.307910,1.5192
2,25,6.8800,344,4,21,2.230938,0.269242,1.5192
2,25,6.9000,345,4,21,2.210199,0.236506,1.5192
2,25,6.9200,346,5,20,1.374565,0.193850,1.5192
2,25,6.9400,347,5,20,1.294693,0.186806,1.5192
2,25,6.9600,348,6,19,1.116849,0.151428,1.5192
2,25,6.9800,349,6,19,1.066598,0.116237,1.5192
2,25,7.0000,350,6,19,1.030288,0.080708,1.5192
2,25,7.0200,351,6,19,1.000971,0.063488,1.5192
2,25,7.0400,352,15,10,0.982761,0.062164,1.5192
2,25,7.0600,353,16,9,0.973738,0.063937,1.5192
2,25,7.0800,354,16,9,0.975656,0.066425,1.5192
2,25,7.1000,355,16,9,0.987355,0.053410,1.5192
2,25,7.1200,356,17,8,1.009463,0.044880,1.5192
2,25,7.1400,357,17,8,1.040961,0.048699,1.5192
2,25,7.1600,358,17,8,1.081806,0.053321,1.5192
2,25,7.1800,359,17,8,1.131132,0.058423,1.5192
2,25,7.2000,360,17,8,1.188593,0.064162,1.5192
2,25,7.2200,361,17,8,1.253668,0.070360,1.5192
2,25,7.2400,362,18,7,1.325691,0.076822,1.5192
2,25,7.2600,363,18,7,1.404758,0.083598,1.5192
2,25,7.2800,364,18,7,1.489666,0.090823,1.5192
2,25,7.3000,365,18,7,1.581545,0.098299,1.5192
2,25,7.3200,366,21,4,1.677966,0.105963,1.5192
2,25,7.3400,367,21,4,1.630672,0.089679,1.5192
2,25,7.3600,368,21,4,1.067116,0.049206,1.5192
2,25,7.3800,369,21,4,1.024647,0.042698,1.5192
2,25,7.4000,370,23,2,1.051820,0.045500,1.5192
2,25,7.4200,371,23,2,1.088044,0.045311,1.5192
2,25,7.4400,372,23,2,1.145839,0.046221,1.5192
2,25,7.4600,373,23,2,1.211050,0.048603,1.5192
2,25,7.4800,374,23,2,0.661464,0.026628,1.5192
2,25,7.5000,375,23,2,0.459097,0.018434,1.5192
2,25,7.5200,376,23,2,0.434146,0.017372,1.5192
2,25,7.5400,377,23,2,0.433927,0.017373,1.5192
2,25,7.5600,378,23,2,0.469666,0.018797,1.5192
2,25,7.5800,379,23,2,0.536466,0.021462,1.5192
2,25,7.6000,380,23,2,0.618432,0.024738,1.5192
2,25,7.6200,381,24,1,0.678081,0.027123,1.5192
2,25,7.6400,382,24,1,0.395630,0.015825,1.5192
2,25,7.6600,383,24,1,0.424910,0.016996,1.5192
2,25,7.6800,384,24,1,0.503110,0.020124,1.5192
2,25,7.7000,385,24,1,0.314958,0.012598,1.5192
2,25,7.7200,386,24,1,0.133432,0.005337,1.5192
2,25,7.7400,387,24,1,0.075322,0.003013,1.5192
2,25,7.7600,388,24,1,0.052941,0.002118,1.5192
2,25,7.7800,389,24,1,0.021658,0.000866,1.5192
2,25,7.8000,390,24,1,0.005764,0.000231,1.5192
2,25,7.8200,391,24,1,0.004009,0.000160,1.5192
2,25,7.8400,392,24,1,0.002649,0.000106,1.5192
2,25,7.8600,393,24,1,0.000923,0.000037,1.5192
2,25,7.8800,394,24,1,0.000235,0.000009,1.5192
2,25,7.9000,395,24,1,0.000350,0.000014,1.5192
2,25,7.9200,396,24,1,0.000183,0.000007,1.5192
2,25,7.9400,397,24,1,0.000026,0.000001,1.5192
2,25,7.9600,398,24,1,0.000030,0.000001,1.5192
2,25,7.9800,399,24,1,0.000022,0.000001,1.5192
2,25,8.0000,400,24,1,0.000010,0.000000,1.5192
2,25,8.0200,401,24,1,0.000005,0.000000,1.5192
2,25,8.0400,402,24,1,0.000005,0.000000,1.5192
2,25,8.0600,403,24,1,0.000005,0.000000,1.5192
2,25,8.0800,404,24,1,0.000005,0.000000,1.5192
2,25,8.1000,405,25,0,0.000000,0.000000,1.5192
3,25,0.0200,1,0,25,0.000000,0.000000,24.5000
3,25,0.0400,2,0,25,0.196200,0.174260,24.4961
3,25,0.0600,3,0,25,0.392400,0.332441,24.4882
3,25,0.0800,4,0,25,0.588580,0.474562,24.4765
3,25,0.1000,5,0,25,0.784301,0.600531,24.4608
3,25,0.1200,6,0,25,0.977272,0.710264,24.4412
3,25,0.1400,7,0,25,1.161798,0.803704,24.4179
3,25,0.1600,8,0,25,1.329578,0.880803,24.3913
3,25,0.1800,9,0,25,1.471647,0.941507,24.3618
3,25,0.2000,10,0,25,1.580444,0.985869,24.3300
3,25,0.2200,11,0,25,1.651256,1.013794,24.2969
3,25,0.2400,12,0,25,1.682618,1.037966,24.2631
3,25,0.2600,13,0,25,1.675486,1.040715,24.2294
3,25,0.2800,14,0,25,1.633310,1.027272,24.1967
3,25,0.3000,15,0,25,1.561370,0.999729,24.1654
3,25,0.3200,16,0,25,1.467235,0.958401,24.1360
3,25,0.3400,17,0,25,1.360289,0.904514,24.1088
3,25,0.3600,18,0,25,1.248696,0.836863,24.0840
3,25,0.3800,19,0,25,1.134322,0.757908,24.0615
3,25,0.4000,20,0,25,1.015455,0.674189,24.0414
3,25,0.4200,21,0,25,0.885508,0.580582,24.0241
3,25,0.4400,22,0,25,0.742677,0.481547,24.0097
3,25,0.4600,23,0,25,0.598603,0.381334,23.9985
3,25,0.4800,24,0,25,0.461177,0.284857,23.9906
3,25,0.5000,25,0,25,0.348374,0.203014,23.9862
3,25,0.5200,26,0,25,0.312073,0.163078,23.9854
3,25,0.5400,27,0,25,0.380408,0.207172,23.9882
3,25,0.5600,28,0,25,0.506467,0.285005,23.9945
3,25,0.5800,29,0,25,0.646748,0.369509,24.0041
3,25,0.6000,30,0,25,0.782254,0.453017,24.0166
3,25,0.6200,31,0,25,0.904838,0.531482,24.0318
3,25,0.6400,32,0,25,1.010635,0.602340,24.0494
3,25,0.6600,33,0,25,1.080873,0.664468,24.0683
3,25,0.6800,34,0,25,1.149833,0.715175,24.0890
3,25,0.7000,35,0,25,1.206728,0.754579,24.1109
3,25,0.7200,36,0,25,1.245825,0.781462,24.1339
3,25,0.7400,37,0,25,1.256835,0.795521,24.1574
3,25,0.7600,38,0,25,1.244466,0.795263,24.1809
3,25,0.7800,39,0,25,1.218241,0.782462,24.2040
3,25,0.8000,40,0,25,1.180339,0.758100,24.2265
3,25,0.8200,41,0,25,1.129960,0.722540,24.2482
3,25,0.8400,42,0,25,1.065558,0.677635,24.2687
3,25,0.8600,43,0,25,0.969993,0.625715,24.2875
3,25,0.8800,44,0,25,0.874135,0.565072,24.3045
3,25,0.9000,45,0,25,0.779261,0.498301,24.3198
3,25,0.9200,46,0,25,0.674780,0.426756,24.3331
3,25,0.9400,47,0,25,0.559783,0.352117,24.3442
3,25,0.9600,48,0,25,0.438093,0.275042,24.3528
3,25,0.9800,49,0,25,0.320161,0.198127,24.3588
3,25,1.0000,50,0,25,0.202495,0.131427,24.3623
3,25,1.0200,51,0,25,0.167436,0.098441,24.3631
3,25,1.0400,52,0,25,0.205680,0.129924,24.3613
3,25,1.0600,53,0,25,0.258806,0.190152,24.3568
3,25,1.0800,54,0,25,0.369360,0.256214,24.3497
3,25,1.1000,55,0,25,0.489181,0.321155,24.3402
3,25,1.1200,56,0,25,0.605176,0.381309,24.3283
3,25,1.1400,57,0,25,0.714222,0.435235,24.3143
3,25,1.1600,58,0,25,0.809265,0.482069,24.2984
3,25,1.1800,59,0,25,0.886533,0.521438,24.2811
3,25,1.2000,60,0,25,0.949035,0.553320,24.2627
3,25,1.2200,61,0,25,0.999738,0.576808,24.2436
3,25,1.2400,62,0,25,1.034187,0.591852,24.2241
3,25,1.2600,63,0,25,1.044578,0.598058,24.2046
3,25,1.2800,64,0,25,1.023632,0.595445,24.1858
3,25,1.3000,65,0,25,0.983850,0.584063,24.1677
3,25,1.3200,66,0,25,0.932096,0.564289,24.1507
3,25,1.3400,67,0,25,0.870750,0.536550,24.1347
3,25,1.3600,68,0,25,0.801572,0.501675,24.1200
3,25,1.3800,69,0,25,0.725595,0.466463,24.1067
3,25,1.4000,70,0,25,0.645260,0.427543,24.0949
3,25,1.4200,71,0,25,0.562638,0.383289,24.0847
3,25,1.4400,72,0,25,0.478807,0.344149,24.0762
3,25,1.4600,73,0,25,0.398623,0.296338,24.0693
3,25,1.4800,74,0,25,0.323548,0.245295,24.0642
3,25,1.5000,75,0,25,0.274832,0.195393,24.0607
3,25,1.5200,76,0,25,0.263178,0.154657,24.0588
3,25,1.5400,77,0,25,0.261869,0.134985,24.0586
3,25,1.5600,78,0,25,0.283257,0.147467,24.0599
3,25,1.5800,79,0,25,0.315342,0.186180,24.0627
3,25,1.6000,80,0,25,0.331775,0.231297,24.0670
3,25,1.6200,81,0,25,0.373845,0.275762,24.0726
3,25,1.6400,82,0,25,0.417380,0.320664,24.0797
3,25,1.6600,83,0,25,0.460564,0.358903,24.0876
3,25,1.6800,84,0,25,0.507017,0.391060,24.0966
3,25,1.7000,85,0,25,0.553427,0.416768,24.1066
3,25,1.7200,86,0,25,0.585099,0.435829,24.1173
3,25,1.7400,87,0,25,0.612693,0.448974,24.1286
3,25,1.7600,88,0,25,0.638143,0.456610,24.1403
3,25,1.7800,89,0,25,0.658177,0.458487,24.1524
3,25,1.8000,90,0,25,0.671706,0.455198,24.1646
3,25,1.8200,91,0,25,0.675442,0.446762,24.1767
3,25,1.8400,92,0,25,0.662667,0.433840,24.1883
3,25,1.8600,93,0,25,0.642204,0.417235,24.1992
3,25,1.8800,94,0,25,0.617552,0.394915,24.2093
3,25,1.9000,95,0,25,0.590197,0.371677,24.2184
3,25,1.9200,96,0,25,0.563204,0.346585,24.2266
3,25,1.9400,97,0,25,0.538741,0.319609,24.2338
3,25,1.9600,98,0,25,0.515383,0.289720,24.2401
3,25,1.9800,99,0,25,0.488792,0.261101,24.2455
3,25,2.0000,100,0,25,0.457806,0.231483,24.2498
3,25,2.0200,101,0,25,0.426955,0.202000,24.2529
3,25,2.0400,102,0,25,0.397737,0.176293,24.2547
3,25,2.0600,103,0,25,0.376595,0.158461,24.2552
3,25,2.0800,104,0,25,0.366575,0.152186,24.2543
3,25,2.1000,105,0,25,0.369455,0.156414,24.2520
3,25,2.1200,106,0,25,0.384228,0.169020,24.2484
3,25,2.1400,107,0,25,0.408384,0.187279,24.2436
3,25,2.1600,108,0,25,0.438400,0.208105,24.2376
3,25,2.1800,109,0,25,0.471184,0.229706,24.2307
3,25,2.2000,110,0,25,0.505606,0.252021,24.2230
3,25,2.2200,111,0,25,0.543812,0.272715,24.2146
3,25,2.2400,112,0,25,0.581732,0.291659,24.2056
3,25,2.2600,113,0,25,0.614149,0.307886,24.1961
3,25,2.2800,114,0,25,0.640736,0.320766,24.1863
3,25,2.3000,115,0,25,0.661753,0.330090,24.1764
3,25,2.3200,116,0,25,0.679974,0.335391,24.1665
3,25,2.3400,117,0,25,0.693974,0.337065,24.1566
3,25,2.3600,118,0,25,0.703133,0.334990,24.1470
3,25,2.3800,119,0,25,0.706949,0.329365,24.1376
3,25,2.4000,120,0,25,0.704662,0.320325,24.1286
3,25,2.4200,121,0,25,0.693611,0.308269,24.1201
3,25,2.4400,122,0,25,0.672113,0.293671,24.1124
3,25,2.4600,123,0,25,0.645787,0.276805,24.1056
3,25,2.4800,124,0,25,0.612860,0.258186,24.0996
3,25,2.5000,125,0,25,0.604900,0.238788,24.0949
3,25,2.5200,126,0,25,0.611258,0.218931,24.0910
3,25,2.5400,127,0,25,0.600871,0.199746,24.0880
3,25,2.5600,128,0,25,0.577393,0.182653,24.0860
3,25,2.5800,129,0,25,0.547867,0.169747,24.0849
3,25,2.6000,130,0,25,0.517710,0.170960,24.0848
3,25,2.6200,131,0,25,0.491041,0.177871,24.0855
3,25,2.6400,132,0,25,0.471010,0.188526,24.0872
3,25,2.6600,133,0,25,0.458130,0.206455,24.0897
3,25,2.6800,134,0,25,0.453122,0.226410,24.0929
3,25,2.7000,135,0,25,0.456088,0.248026,24.0969
3,25,2.7200,136,0,25,0.463589,0.269460,24.1016
3,25,2.7400,137,0,25,0.473529,0.289451,24.1067
3,25,2.7600,138,0,25,0.487038,0.305990,24.1122
3,25,2.7800,139,0,25,0.501285,0.317865,24.1181
3,25,2.8000,140,0,25,0.515044,0.326786,24.1243
3,25,2.8200,141,0,25,0.526802,0.332741,24.1307
3,25,2.8400,142,0,25,0.535130,0.338160,24.1372
3,25,2.8600,143,0,25,0.539410,0.341595,24.1438
3,25,2.8800,144,0,25,0.540395,0.342186,24.1503
3,25,2.9000,145,0,25,0.538979,0.341513,24.1567
3,25,2.9200,146,0,25,0.534597,0.340065,24.1629
3,25,2.9400,147,0,25,0.530924,0.337769,24.1690
3,25,2.9600,148,0,25,0.527832,0.333834,24.1748
3,25,2.9800,149,0,25,0.522916,0.331466,24.1803
3,25,3.0000,150,0,25,0.517249,0.326385,24.1853
3,25,3.0200,151,0,25,0.506944,0.322454,24.1898
3,25,3.0400,152,0,25,0.494402,0.317719,24.1937
3,25,3.0600,153,0,25,0.491430,0.312405,24.1970
3,25,3.0800,154,0,25,0.490782,0.306598,24.1994
3,25,3.1000,155,0,25,0.492845,0.302558,24.2011
3,25,3.1200,156,0,25,0.495702,0.299169,24.2021
3,25,3.1400,157,0,25,0.514813,0.297518,24.2022
3,25,3.1600,158,0,25,0.530590,0.297569,24.2013
3,25,3.1800,159,0,25,0.542719,0.298794,24.1999
3,25,3.2000,160,0,25,0.557990,0.302258,24.1979
3,25,3.2200,161,0,25,0.573866,0.307510,24.1953
3,25,3.2400,162,0,25,0.602164,0.314174,24.1922
3,25,3.2600,163,0,25,0.649710,0.321727,24.1885
3,25,3.2800,164,0,25,0.699482,0.330337,24.1843
3,25,3.3000,165,0,25,0.748797,0.339645,24.1797
3,25,3.3200,166,0,25,0.801514,0.348291,24.1746
3,25,3.3400,167,0,25,0.854383,0.358540,24.1690
3,25,3.3600,168,0,25,0.908494,0.366557,24.1630
3,25,3.3800,169,0,25,0.962910,0.379946,24.1566
3,25,3.4000,170,0,25,1.014271,0.390641,24.1501
3,25,3.4200,171,0,25,1.066037,0.399969,24.1435
3,25,3.4400,172,0,25,1.118664,0.408131,24.1366
3,25,3.4600,173,0,25,1.172460,0.416897,24.1293
3,25,3.4800,174,0,25,1.225867,0.425284,24.1216
3,25,3.5000,175,0,25,1.277128,0.431434,24.1137
3,25,3.5200,176,0,25,1.324643,0.438387,24.1057
3,25,3.5400,177,0,25,1.366958,0.445017,24.0979
3,25,3.5600,178,0,25,1.384854,0.452061,24.0905
3,25,3.5800,179,0,25,1.411122,0.458974,24.0836
3,25,3.6000,180,0,25,1.435356,0.466530,24.0769
3,25,3.6200,181,0,25,1.456102,0.473644,24.0707
3,25,3.6400,182,0,25,1.481418,0.480976,24.0648
3,25,3.6600,183,0,25,1.499655,0.488817,24.0593
3,25,3.6800,184,0,25,1.520497,0.499378,24.0540
3,25,3.7000,185,0,25,1.533726,0.513664,24.0490
3,25,3.7200,186,0,25,1.543501,0.527916,24.0441
3,25,3.7400,187,0,25,1.551792,0.543553,24.0395
3,25,3.7600,188,0,25,1.554629,0.562473,24.0349
3,25,3.7800,189,0,25,1.562867,0.582242,24.0306
3,25,3.8000,190,0,25,1.568607,0.603165,24.0265
3,25,3.8200,191,0,25,1.579499,0.623831,24.0224
3,25,3.8400,192,0,25,1.602724,0.643887,24.0180
3,25,3.8600,193,0,25,1.631805,0.665666,24.0131
3,25,3.8800,194,0,25,1.663746,0.686232,24.0077
3,25,3.9000,195,0,25,1.702611,0.697374,24.0015
3,25,3.9200,196,0,25,1.738303,0.710903,23.9949
3,25,3.9400,197,0,25,1.792936,0.726041,23.9877
3,25,3.9600,198,0,25,1.837453,0.750387,23.9802
3,25,3.9800,199,0,25,1.877243,0.777692,23.9725
3,25,4.0000,200,0,25,1.916803,0.798937,23.9643
3,25,4.0200,201,0,25,1.953531,0.817379,23.9556
3,25,4.0400,202,0,25,1.997166,0.833576,23.9463
3,25,4.0600,203,0,25,2.049293,0.851539,23.9365
3,25,4.0800,204,0,25,2.090956,0.865589,23.9260
3,25,4.1000,205,0,25,2.130121,0.877101,23.9150
3,25,4.1200,206,0,25,2.174780,0.888164,23.9034
3,25,4.1400,207,0,25,2.230721,0.899360,23.8912
3,25,4.1600,208,0,25,2.292205,0.911125,23.8784
3,25,4.1800,209,0,25,2.347030,0.925972,23.8650
3,25,4.2000,210,0,25,2.419599,0.942484,23.8511
3,25,4.2200,211,0,25,2.497690,0.965900,23.8365
3,25,4.2400,212,0,25,2.576872,0.983447,23.8210
3,25,4.2600,213,0,25,2.654783,1.004514,23.8045
3,25,4.2800,214,0,25,2.731658,1.027440,23.7868
3,25,4.3000,215,0,25,2.798526,1.051958,23.7676
3,25,4.3200,216,0,25,2.851987,1.076879,23.7471
3,25,4.3400,217,0,25,2.905381,1.101502,23.7250
3,25,4.3600,218,0,25,2.941290,1.127094,23.7016
3,25,4.3800,219,0,25,2.971478,1.154038,23.6768
3,25,4.4000,220,0,25,2.997327,1.181861,23.6508
3,25,4.4200,221,0,25,3.030472,1.211750,23.6235
3,25,4.4400,222,0,25,3.066195,1.244316,23.5953
3,25,4.4600,223,0,25,3.106902,1.280438,23.5663
3,25,4.4800,224,0,25,3.152569,1.318599,23.5367
3,25,4.5000,225,0,25,3.202736,1.363143,23.5063
3,25,4.5200,226,0,25,3.256871,1.414281,23.4754
3,25,4.5400,227,0,25,3.314159,1.468010,23.4438
3,25,4.5600,228,0,25,3.465016,1.525153,23.4114
3,25,4.5800,229,0,25,3.591935,1.576717,23.3780
3,25,4.6000,230,0,25,3.859685,1.646951,23.3436
3,25,4.6200,231,0,25,3.998430,1.714321,23.3078
3,25,4.6400,232,0,25,4.246270,1.789866,23.2704
3,25,4.6600,233,0,25,4.461005,1.879761,23.2313
3,25,4.6800,234,0,25,4.497940,1.965609,23.1899
3,25,4.7000,235,0,25,4.568491,2.055136,23.1458
3,25,4.7200,236,0,25,4.526595,2.152714,23.0984
3,25,4.7400,237,0,25,4.528926,2.254223,23.0475
3,25,4.7600,238,0,25,4.458349,2.350389,22.9925
3,25,4.7800,239,0,25,4.473524,2.447915,22.9337
3,25,4.8000,240,0,25,4.424039,2.544757,22.8709
3,25,4.8200,241,0,25,4.556768,2.638970,22.8042
3,25,4.8400,242,0,25,4.702277,2.744699,22.7336
3,25,4.8600,243,0,25,4.851357,2.847832,22.6590
3,25,4.8800,244,0,25,5.003690,2.950393,22.5805
3,25,4.9000,245,0,25,5.158988,3.054446,22.4981
3,25,4.9200,246,0,25,5.316990,3.157075,22.4118
3,25,4.9400,247,0,25,5.477462,3.259492,22.3215
3,25,4.9600,248,0,25,5.640195,3.361680,22.2274
3,25,4.9800,249,0,25,5.804997,3.462897,22.1293
3,25,5.0000,250,0,25,5.971698,3.566940,22.0272
3,25,5.0200,251,0,25,6.140142,3.675562,21.9213
3,25,5.0400,252,0,25,6.310190,3.789742,21.8114
3,25,5.0600,253,0,25,6.481717,3.906285,21.6976
3,25,5.0800,254,0,25,6.654606,4.026540,21.5799
3,25,5.1000,255,0,25,6.828756,4.149414,21.4583
3,25,5.1200,256,0,25,7.004072,4.277288,21.3327
3,25,5.1400,257,0,25,7.180469,4.412245,21.2032
3,25,5.1600,258,0,25,7.357868,4.550602,21.0698
3,25,5.1800,259,0,25,7.536200,4.688478,20.9325
3,25,5.2000,260,0,25,7.715398,4.827739,20.7912
3,25,5.2200,261,0,25,7.895406,4.968357,20.6460
3,25,5.2400,262,0,25,8.076167,5.106566,20.4969
3,25,5.2600,263,0,25,8.257633,5.246889,20.3439
3,25,5.2800,264,0,25,8.439759,5.386792,20.1869
3,25,5.3000,265,0,25,8.622503,5.529818,20.0260
3,25,5.3200,266,0,25,8.805826,5.671497,19.8612
3,25,5.3400,267,0,25,8.989693,5.821050,19.6925
3,25,5.3600,268,0,25,9.174069,5.965969,19.5198
3,25,5.3800,269,0,25,9.358928,6.114833,19.3433
3,25,5.4000,270,0,25,9.544239,6.260423,19.1628
3,25,5.4200,271,0,25,9.729978,6.411357,18.9783
3,25,5.4400,272,0,25,9.916119,6.561159,18.7900
3,25,5.4600,273,0,25,10.102640,6.716200,18.5977
3,25,5.4800,274,0,25,10.289520,6.872344,18.4015
3,25,5.5000,275,0,25,10.476740,7.027497,18.2014
3,25,5.5200,276,0,25,10.664290,7.182247,17.9973
3,25,5.5400,277,0,25,10.852140,7.337341,17.7894
3,25,5.5600,278,0,25,11.040280,7.492392,17.5775
3,25,5.5800,279,0,25,11.228700,7.647549,17.3617
3,25,5.6000,280,0,25,11.417380,7.803070,17.1419
3,25,5.6200,281,0,25,11.606310,7.959440,16.9183
3,25,5.6400,282,0,25,11.795480,8.116883,16.6907
3,25,5.6600,283,0,25,11.984870,8.274844,16.4592
3,25,5.6800,284,0,25,12.174480,8.433694,16.2237
3,25,5.7000,285,0,25,12.364290,8.593847,15.9844
3,25,5.7200,286,0,25,12.554300,8.756892,15.7411
3,25,5.7400,287,0,25,12.744500,8.925108,15.4939
3,25,5.7600,288,0,25,12.934880,9.096733,15.2427
3,25,5.7800,289,0,25,13.125430,9.267014,14.9877
3,25,5.8000,290,0,25,13.316140,9.435278,14.7287
3,25,5.8200,291,0,25,13.507010,9.603427,14.4658
3,25,5.8400,292,0,25,13.698030,9.771411,14.1989
3,25,5.8600,293,0,25,13.889200,9.939341,13.9282
3,25,5.8800,294,0,25,14.080500,10.107810,13.6535
3,25,5.9000,295,0,25,14.271940,10.276900,13.3749
3,25,5.9200,296,0,25,14.463500,10.446530,13.0924
3,25,5.9400,297,0,25,14.655190,10.617010,12.8059
3,25,5.9600,298,0,25,14.846990,10.788360,12.5156
3,25,5.9800,299,0,25,15.038910,10.960390,12.2213
3,25,6.0000,300,0,25,15.230940,11.132940,11.9230
3,25,6.0200,301,0,25,15.423070,11.305870,11.6209
3,25,6.0400,302,0,25,15.615300,11.479050,11.3148
3,25,6.0600,303,0,25,15.807640,10.875400,11.0048
3,25,6.0800,304,0,25,16.000060,10.884190,10.6909
3,25,6.1000,305,0,25,16.192580,10.561220,10.3731
3,25,6.1200,306,0,25,16.385180,10.391370,10.0513
3,25,6.1400,307,0,25,16.577870,9.856416,9.7256
3,25,6.1600,308,0,25,16.770630,9.738358,9.3960
3,25,6.1800,309,0,25,16.963480,8.923792,9.0625
3,25,6.2000,310,0,25,17.156400,8.158298,8.7250
3,25,6.2200,311,0,25,17.349400,7.670173,8.3836
3,25,6.2400,312,0,25,17.542470,7.487606,8.0383
3,25,6.2600,313,0,25,17.735600,7.292268,7.6891
3,25,6.2800,314,0,25,17.928800,7.252140,7.3359
3,25,6.3000,315,0,25,18.122070,7.225008,6.9788
3,25,6.3200,316,0,25,18.315400,7.195911,6.6178
3,25,6.3400,317,0,25,18.508790,7.229695,6.2529
3,25,6.3600,318,0,25,18.702240,7.278296,5.8840
3,25,6.3800,319,0,25,18.895740,6.734563,5.5112
3,25,6.4000,320,0,25,19.089300,5.931433,5.1345
3,25,6.4200,321,0,25,19.282920,5.703241,4.7539
3,25,6.4400,322,0,25,19.476580,5.656572,4.3694
3,25,6.4600,323,0,25,19.969060,5.693571,3.9809
3,25,6.4800,324,0,25,20.519040,4.859183,3.7811
3,25,6.5000,325,0,25,20.488810,4.619815,3.7576
3,25,6.5200,326,0,25,19.904990,4.602562,3.7304
3,25,6.5400,327,0,25,20.218560,4.078808,3.7015
3,25,6.5600,328,0,25,22.196840,3.714111,3.6699
3,25,6.5800,329,0,25,23.228110,3.719362,3.6349
3,25,6.6000,330,0,25,23.364650,3.540597,3.5961
3,25,6.6200,331,0,25,23.502030,3.400713,3.5547
3,25,6.6400,332,0,25,23.640240,3.239851,3.5141
3,25,6.6600,333,0,25,23.779270,2.641534,3.4735
3,25,6.6800,334,0,25,7.342625,1.875631,3.4313
3,25,6.7000,335,0,25,7.228899,1.826962,3.3855
3,25,6.7200,336,0,25,6.940320,1.788502,3.3356
3,25,6.7400,337,0,25,6.849528,1.776721,3.2818
3,25,6.7600,338,0,25,6.740953,1.617621,3.2237
3,25,6.7800,339,0,25,6.249066,1.582557,3.1618
3,25,6.8000,340,0,25,6.117413,1.561827,3.0960
3,25,6.8200,341,0,25,6.015977,1.506041,3.0262
3,25,6.8400,342,0,25,5.919308,1.498503,2.9525
3,25,6.8600,343,0,25,5.827642,1.479501,2.8749
3,25,6.8800,344,0,25,5.741220,1.478823,2.7933
3,25,6.9000,345,0,25,5.660283,1.494322,2.7079
3,25,6.9200,346,0,25,5.585068,1.437138,2.6185
3,25,6.9400,347,0,25,5.515809,1.423029,2.5252
3,25,6.9600,348,0,25,5.389659,1.436299,2.4967
3,25,6.9800,349,0,25,5.370917,1.443519,2.4905
3,25,7.0000,350,0,25,5.556089,1.445392,2.4840
3,25,7.0200,351,0,25,5.741992,1.454948,2.4770
3,25,7.0400,352,0,25,5.928560,1.483686,2.4693
3,25,7.0600,353,0,25,6.115731,1.521310,2.4611
3,25,7.0800,354,0,25,6.303451,1.566625,2.4523
3,25,7.1000,355,0,25,5.263060,1.499724,2.4429
3,25,7.1200,356,0,25,5.341478,1.510924,2.4327
3,25,7.1400,357,0,25,5.425862,1.547112,2.4217
3,25,7.1600,358,0,25,5.091357,1.366623,2.4100
3,25,7.1800,359,0,25,5.103832,1.375258,2.3971
3,25,7.2000,360,0,25,4.480505,1.275977,2.3832
3,25,7.2200,361,0,25,4.152091,1.251331,2.3682
3,25,7.2400,362,0,25,4.229259,1.269483,2.3519
3,25,7.2600,363,0,25,4.203386,1.312910,2.3341
3,25,7.2800,364,1,24,4.186558,1.357582,2.3150
3,25,7.3000,365,1,24,4.178884,1.319976,2.2941
3,25,7.3200,366,0,25,4.180414,1.317848,2.2715
3,25,7.3400,367,0,25,3.575169,1.209370,2.2469
3,25,7.3600,368,0,25,3.567491,1.238031,2.2203
3,25,7.3800,369,0,25,3.628783,1.270597,2.1914
3,25,7.4000,370,0,25,3.753828,1.110001,2.1600
3,25,7.4200,371,0,25,3.893788,1.033325,2.1260
3,25,7.4400,372,1,24,4.038433,1.031901,2.0891
3,25,7.4600,373,2,23,4.187276,0.990376,2.0491
3,25,7.4800,374,2,23,4.339886,0.974983,2.0057
3,25,7.5000,375,2,23,4.495880,0.966967,1.9587
3,25,7.5200,376,2,23,3.187457,0.908603,1.9079
3,25,7.5400,377,2,23,3.343733,0.921069,1.8533
3,25,7.5600,378,2,23,3.505305,0.935546,1.7948
3,25,7.5800,379,2,23,3.670500,0.942542,1.7325
3,25,7.6000,380,2,23,3.838615,0.942168,1.6662
3,25,7.6200,381,2,23,4.009283,0.942285,1.5961
3,25,7.6400,382,1,24,3.357080,0.934126,1.5873
3,25,7.6600,383,1,24,3.482109,0.911892,1.5775
3,25,7.6800,384,1,24,3.604679,0.803554,1.5662
3,25,7.7000,385,2,23,3.754325,0.791821,1.5532
3,25,7.7200,386,6,19,3.901470,0.777540,1.5390
3,25,7.7400,387,4,21,4.052554,0.775380,1.5394
3,25,7.7600,388,5,20,4.228725,0.771623,1.5489
3,25,7.7800,389,5,20,2.772768,0.706690,1.5562
3,25,7.8000,390,5,20,2.451436,0.685701,1.5612
3,25,7.8200,391,5,20,2.243924,0.616742,1.5636
3,25,7.8400,392,5,20,2.278088,0.581725,1.5637
3,25,7.8600,393,5,20,2.322021,0.572738,1.5624
3,25,7.8800,394,5,20,2.375419,0.572783,1.5623
3,25,7.9000,395,5,20,2.437600,0.567207,1.5635
3,25,7.9200,396,6,19,2.110515,0.554446,1.5646
3,25,7.9400,397,7,18,2.260161,0.548045,1.5648
3,25,7.9600,398,7,18,2.418201,0.571749,1.5638
3,25,7.9800,399,7,18,2.582337,0.606659,1.5614
3,25,8.0000,400,7,18,2.759175,0.640603,1.5576
3,25,8.0200,401,7,18,2.938472,0.599734,1.5526
3,25,8.0400,402,7,18,3.119804,0.589255,1.5465
3,25,8.0600,403,7,18,3.302836,0.608073,1.5391
3,25,8.0800,404,9,16,3.487300,0.598290,1.5303
3,25,8.1000,405,7,18,3.672981,0.541619,1.5199
3,25,8.1200,406,7,18,3.859703,0.532172,1.5080
3,25,8.1400,407,6,19,4.047321,0.527220,1.5019
3,25,8.1600,408,9,16,3.596483,0.429297,1.5013
3,25,8.1800,409,9,16,3.771280,0.426526,1.5032
3,25,8.2000,410,9,16,3.948088,0.396243,1.5055
3,25,8.2200,411,9,16,4.126650,0.367801,1.5073
3,25,8.2400,412,10,15,1.709759,0.229376,1.5085
3,25,8.2600,413,6,19,1.762307,0.215977,1.5093
3,25,8.2800,414,6,19,1.827877,0.209559,1.5096
3,25,8.3000,415,6,19,1.902996,0.210452,1.5094
3,25,8.3200,416,7,18,1.985930,0.214694,1.5089
3,25,8.3400,417,7,18,2.076226,0.218015,1.5080
3,25,8.3600,418,7,18,2.112554,0.233012,1.5067
3,25,8.3800,419,7,18,1.469092,0.194602,1.5049
3,25,8.4000,420,7,18,1.550383,0.195160,1.5026
3,25,8.4200,421,7,18,1.640067,0.206449,1.5006
3,25,8.4400,422,8,17,1.485307,0.204888,1.5002
3,25,8.4600,423,8,17,0.993006,0.166219,1.5003
3,25,8.4800,424,8,17,0.997195,0.162870,1.5003
3,25,8.5000,425,8,17,1.065431,0.138435,1.5002
3,25,8.5200,426,8,17,1.138921,0.129132,1.5001
3,25,8.5400,427,11,14,1.215945,0.135943,1.4999
3,25,8.5600,428,11,14,1.298721,0.136917,1.4998
3,25,8.5800,429,11,14,1.384172,0.140271,1.4997
3,25,8.6000,430,11,14,1.476364,0.145767,1.4997
3,25,8.6200,431,11,14,1.061811,0.134042,1.4998
3,25,8.6400,432,12,13,1.133384,0.123228,1.4998
3,25,8.6600,433,18,7,1.218314,0.116143,1.4998
3,25,8.6800,434,19,6,1.241210,0.120558,1.4998
3,25,8.7000,435,19,6,0.809573,0.106687,1.4998
3,25,8.7200,436,19,6,0.864309,0.108520,1.4998
3,25,8.7400,437,19,6,0.922382,0.098494,1.4998
3,25,8.7600,438,19,6,0.983972,0.099358,1.4998
3,25,8.7800,439,19,6,1.049120,0.108870,1.4998
3,25,8.8000,440,20,5,1.118358,0.116347,1.4998
3,25,8.8200,441,14,11,1.191236,0.107843,1.4998
3,25,8.8400,442,14,11,1.269041,0.113211,1.4998
3,25,8.8600,443,20,5,1.350209,0.120220,1.4998
3,25,8.8800,444,14,11,1.437476,0.125993,1.4999
3,25,8.9000,445,14,11,1.527324,0.129683,1.4998
3,25,8.9200,446,14,11,1.625270,0.138558,1.4998
3,25,8.9400,447,14,11,1.579526,0.112846,1.4998
3,25,8.9600,448,14,11,1.542053,0.091419,1.4998
3,25,8.9800,449,14,11,0.449960,0.043396,1.4998
3,25,9.0000,450,14,11,0.350034,0.026905,1.4998
3,25,9.0200,451,14,11,0.250835,0.017231,1.4998
3,25,9.0400,452,14,11,0.152646,0.009122,1.4998
3,25,9.0600,453,14,11,0.078463,0.006916,1.4998
3,25,9.0800,454,15,10,0.180607,0.010311,1.4998
3,25,9.1000,455,15,10,0.283723,0.018490,1.4998
3,25,9.1200,456,15,10,0.237957,0.016030,1.4998
3,25,9.1400,457,15,10,0.336646,0.015530,1.4998
3,25,9.1600,458,15,10,0.436359,0.019872,1.4998
3,25,9.1800,459,15,10,0.537392,0.023691,1.4998
3,25,9.2000,460,16,9,0.453725,0.019922,1.4998
3,25,9.2200,461,16,9,0.101658,0.005434,1.4998
3,25,9.2400,462,16,9,0.022272,0.002146,1.4998
3,25,9.2600,463,16,9,0.112720,0.006051,1.4998
3,25,9.2800,464,16,9,0.058200,0.003883,1.4998
3,25,9.3000,465,23,2,0.017481,0.000704,1.4998
3,25,9.3200,466,23,2,0.008071,0.000328,1.4998
3,25,9.3400,467,23,2,0.004551,0.000184,1.4998
3,25,9.3600,468,23,2,0.004630,0.000186,1.4998
3,25,9.3800,469,23,2,0.002130,0.000086,1.4998
3,25,9.4000,470,23,2,0.000301,0.000012,1.4998
3,25,9.4200,471,23,2,0.000624,0.000025,1.4998
3,25,9.4400,472,23,2,0.000384,0.000016,1.4998
3,25,9.4600,473,23,2,0.000090,0.000004,1.4998
3,25,9.4800,474,23,2,0.000052,0.000002,1.4998
3,25,9.5000,475,23,2,0.000050,0.000002,1.4998
3,25,9.5200,476,23,2,0.000026,0.000001,1.4998
3,25,9.5400,477,24,1,0.000006,0.000000,1.4998
3,25,9.5600,478,25,0,0.000000,0.000000,1.4998
1,30,0.0200,1,0,30,0.000000,0.000000,29.5000
1,30,0.0400,2,0,30,0.196200,0.177911,29.4961
1,30,0.0600,3,0,30,0.392400,0.342422,29.4882
1,30,0.0800,4,0,30,0.588600,0.493563,29.4765
1,30,0.1000,5,0,30,0.784779,0.631252,29.4608
1,30,0.1200,6,0,30,0.980661,0.755415,29.4411
1,30,0.1400,7,0,30,1.175010,0.866002,29.4176
1,30,0.1600,8,0,30,1.364757,0.962975,29.3903
1,30,0.1800,9,0,30,1.544701,1.046284,29.3594
1,30,0.2000,10,0,30,1.708132,1.115970,29.3252
1,30,0.2200,11,0,30,1.848196,1.171955,29.2881
1,30,0.2400,12,0,30,1.958978,1.226899,29.2488
1,30,0.2600,13,0,30,2.036287,1.264416,29.2080
1,30,0.2800,14,0,30,2.078233,1.288452,29.1663
1,30,0.3000,15,0,30,2.085029,1.299320,29.1245
1,30,0.3200,16,0,30,2.059305,1.297032,29.0832
1,30,0.3400,17,0,30,2.006379,1.282354,29.0430
1,30,0.3600,18,0,30,1.933956,1.254338,29.0043
1,30,0.3800,19,0,30,1.849394,1.213468,28.9673
1,30,0.4000,20,0,30,1.757702,1.160477,28.9322
1,30,0.4200,21,0,30,1.662118,1.095872,28.8990
1,30,0.4400,22,0,30,1.560427,1.020689,28.8679
1,30,0.4600,23,0,30,1.450127,0.935781,28.8391
1,30,0.4800,24,0,30,1.329413,0.842609,28.8127
1,30,0.5000,25,0,30,1.195496,0.742115,28.7891
1,30,0.5200,26,0,30,1.043632,0.636105,28.7686
1,30,0.5400,27,0,30,0.879090,0.526343,28.7517
1,30,0.5600,28,0,30,0.712752,0.414931,28.7386
1,30,0.5800,29,0,30,0.564652,0.305335,28.7293
1,30,0.6000,30,0,30,0.457161,0.203774,28.7239
1,30,0.6200,31,0,30,0.421856,0.129803,28.7224
1,30,0.6400,32,0,30,0.469096,0.152505,28.7247
1,30,0.6600,33,0,30,0.569229,0.240137,28.7307
1,30,0.6800,34,0,30,0.691210,0.338721,28.7403
1,30,0.7000,35,0,30,0.800878,0.437854,28.7526
1,30,0.7200,36,0,30,0.917813,0.533866,28.7680
1,30,0.7400,37,0,30,1.041800,0.624393,28.7862
1,30,0.7600,38,0,30,1.157988,0.708118,28.8071
1,30,0.7800,39,0,30,1.260320,0.783692,28.8303
1,30,0.8000,40,0,30,1.357684,0.850399,28.8557
1,30,0.8200,41,0,30,1.441418,0.906845,28.8830
1,30,0.8400,42,0,30,1.506878,0.952970,28.9119
1,30,0.8600,43,0,30,1.544536,0.988053,28.9419
1,30,0.8800,44,0,30,1.571960,1.011810,28.9726
1,30,0.9000,45,0,30,1.592776,1.024310,29.0038
1,30,0.9200,46,0,30,1.590935,1.025635,29.0351
1,30,0.9400,47,0,30,1.567605,1.016529,29.0661
1,30,0.9600,48,0,30,1.536420,0.996991,29.0966
1,30,0.9800,49,0,30,1.492515,0.967249,29.1263
1,30,1.0000,50,0,30,1.437357,0.927739,29.1551
1,30,1.0200,51,0,30,1.372730,0.879049,29.1825
1,30,1.0400,52,0,30,1.299990,0.821735,29.2086
1,30,1.0600,53,0,30,1.213427,0.756464,29.2329
1,30,1.0800,54,0,30,1.113133,0.684995,29.2551
1,30,1.1000,55,0,30,0.999213,0.607749,29.2751
1,30,1.1200,56,0,30,0.872780,0.526197,29.2924
1,30,1.1400,57,0,30,0.736069,0.442608,29.3070
1,30,1.1600,58,0,30,0.592444,0.359054,29.3186
1,30,1.1800,59,0,30,0.448905,0.278118,29.3272
1,30,1.2000,60,0,30,0.318219,0.203623,29.3326
1,30,1.2200,61,0,30,0.265847,0.145164,29.3349
1,30,1.2400,62,0,30,0.252607,0.136954,29.3341
1,30,1.2600,63,0,30,0.286474,0.191226,29.3302
1,30,1.2800,64,0,30,0.358853,0.263749,29.3233
1,30,1.3000,65,0,30,0.500059,0.338945,29.3135
1,30,1.3200,66,0,30,0.637717,0.412115,29.3009
1,30,1.3400,67,0,30,0.769240,0.481418,29.2857
1,30,1.3600,68,0,30,0.890511,0.545684,29.2680
1,30,1.3800,69,0,30,0.996146,0.604405,29.2482
1,30,1.4000,70,0,30,1.085505,0.656947,29.2266
1,30,1.4200,71,0,30,1.164845,0.702388,29.2034
1,30,1.4400,72,0,30,1.230196,0.741121,29.1790
1,30,1.4600,73,0,30,1.280666,0.772346,29.1535
1,30,1.4800,74,0,30,1.315493,0.795826,29.1274
1,30,1.5000,75,0,30,1.332347,0.811508,29.1010
1,30,1.5200,76,0,30,1.333685,0.819777,29.0746
1,30,1.5400,77,0,30,1.320076,0.818686,29.0485
1,30,1.5600,78,0,30,1.293797,0.810805,29.0230
1,30,1.5800,79,0,30,1.256489,0.794467,28.9982
1,30,1.6000,80,0,30,1.208629,0.782712,28.9744
1,30,1.6200,81,0,30,1.151625,0.756402,28.9517
1,30,1.6400,82,0,30,1.091371,0.733700,28.9302
1,30,1.6600,83,0,30,1.023341,0.699589,28.9101
1,30,1.6800,84,0,30,0.943436,0.660913,28.8917
1,30,1.7000,85,0,30,0.854145,0.619541,28.8750
1,30,1.7200,86,0,30,0.759758,0.575483,28.8603
1,30,1.7400,87,0,30,0.745398,0.538596,28.8477
1,30,1.7600,88,0,30,0.805738,0.498444,28.8371
1,30,1.7800,89,0,30,0.844145,0.456051,28.8286
1,30,1.8000,90,0,30,0.883219,0.424850,28.8222
1,30,1.8200,91,0,30,0.904896,0.395675,28.8178
1,30,1.8400,92,0,30,0.984425,0.373046,28.8154
1,30,1.8600,93,0,30,1.028480,0.379192,28.8149
1,30,1.8800,94,0,30,1.030450,0.413117,28.8163
1,30,1.9000,95,0,30,1.110207,0.451353,28.8194
1,30,1.9200,96,0,30,1.216540,0.492648,28.8242
1,30,1.9400,97,0,30,1.265453,0.531378,28.8308
1,30,1.9600,98,0,30,1.264735,0.572752,28.8390
1,30,1.9800,99,0,30,1.267929,0.620240,28.8487
1,30,2.0000,100,0,30,1.227946,0.664781,28.8597
1,30,2.0200,101,0,30,1.166919,0.703397,28.8719
1,30,2.0400,102,0,30,1.108232,0.735362,28.8852
1,30,2.0600,103,0,30,1.115500,0.760088,28.8993
1,30,2.0800,104,0,30,1.020657,0.779408,28.9145
1,30,2.1000,105,0,30,1.067104,0.797760,28.9306
1,30,2.1200,106,0,30,1.106654,0.808277,28.9475
1,30,2.1400,107,0,30,1.156223,0.810735,28.9648
1,30,2.1600,108,0,30,1.159342,0.810609,28.9825
1,30,2.1800,109,0,30,1.211782,0.810499,29.0005
1,30,2.2000,110,0,30,1.213133,0.788853,29.0185
1,30,2.2200,111,0,30,1.261837,0.774816,29.0363
1,30,2.2400,112,0,30,1.292398,0.765960,29.0535
1,30,2.2600,113,0,30,1.285878,0.755708,29.0698
1,30,2.2800,114,0,30,1.297037,0.742374,29.0850
1,30,2.3000,115,0,30,1.300399,0.715526,29.0989
1,30,2.3200,116,0,30,1.295755,0.695368,29.1115
1,30,2.3400,117,0,30,1.302973,0.658914,29.1228
1,30,2.3600,118,0,30,1.280817,0.628032,29.1328
1,30,2.3800,119,0,30,1.202057,0.596751,29.1416
1,30,2.4000,120,0,30,1.195010,0.569371,29.1492
1,30,2.4200,121,0,30,1.197801,0.535851,29.1561
1,30,2.4400,122,0,30,1.209513,0.505809,29.1620
1,30,2.4600,123,0,30,1.176165,0.481413,29.1666
1,30,2.4800,124,0,30,1.168283,0.454710,29.1699
1,30,2.5000,125,0,30,1.184222,0.428608,29.1714
1,30,2.5200,126,0,30,1.188599,0.426246,29.1710
1,30,2.5400,127,0,30,1.205076,0.438495,29.1685
1,30,2.5600,128,0,30,1.209437,0.462866,29.1641
1,30,2.5800,129,0,30,1.212999,0.490480,29.1576
1,30,2.6000,130,0,30,1.225873,0.520346,29.1491
1,30,2.6200,131,0,30,1.255886,0.552752,29.1387
1,30,2.6400,132,0,30,1.288974,0.585991,29.1266
1,30,2.6600,133,0,30,1.324595,0.619885,29.1128
1,30,2.6800,134,0,30,1.343868,0.654092,29.0975
1,30,2.7000,135,0,30,1.356583,0.687948,29.0808
1,30,2.7200,136,0,30,1.361313,0.721619,29.0627
1,30,2.7400,137,0,30,1.371940,0.753598,29.0433
1,30,2.7600,138,0,30,1.386861,0.783613,29.0228
1,30,2.7800,139,0,30,1.405413,0.801586,29.0012
1,30,2.8000,140,0,30,1.445109,0.817709,28.9788
1,30,2.8200,141,0,30,1.472888,0.828582,28.9558
1,30,2.8400,142,0,30,1.588116,0.840841,28.9323
1,30,2.8600,143,0,30,1.593453,0.853682,28.9086
1,30,2.8800,144,0,30,1.591966,0.874047,28.8846
1,30,2.9000,145,0,30,1.637684,0.897320,28.8603
1,30,2.9200,146,0,30,1.672925,0.922849,28.8356
1,30,2.9400,147,0,30,1.703915,0.952897,28.8106
1,30,2.9600,148,0,30,1.894955,1.028790,28.7856
1,30,2.9800,149,0,30,2.043072,1.027115,28.7605
1,30,3.0000,150,0,30,2.057363,1.050043,28.7355
1,30,3.0200,151,0,30,2.163145,1.081163,28.7108
1,30,3.0400,152,0,30,2.201420,1.134118,28.6869
1,30,3.0600,153,0,30,2.373435,1.208328,28.6637
1,30,3.0800,154,0,30,2.579368,1.202844,28.6408
1,30,3.1000,155,0,30,2.778405,1.234059,28.6176
1,30,3.1200,156,0,30,2.934491,1.276033,28.5943
1,30,3.1400,157,0,30,3.185146,1.321638,28.5709
1,30,3.1600,158,0,30,3.320926,1.375907,28.5472
1,30,3.1800,159,0,30,3.615184,1.438223,28.5231
1,30,3.2000,160,0,30,3.819323,1.508635,28.4988
1,30,3.2200,161,0,30,4.127366,1.595443,28.4742
1,30,3.2400,162,0,30,4.305480,1.685500,28.4491
1,30,3.2600,163,0,30,4.566578,1.785465,28.4230
1,30,3.2800,164,0,30,4.693638,1.896807,28.3956
1,30,3.3000,165,0,30,4.835929,2.021742,28.3661
1,30,3.3200,166,0,30,4.852412,2.149791,28.3342
1,30,3.3400,167,0,30,4.928445,2.264433,28.2991
1,30,3.3600,168,0,30,4.903129,2.370781,28.2605
1,30,3.3800,169,0,30,4.963087,2.465894,28.2182
1,30,3.4000,170,0,30,5.046220,2.551965,28.1724
1,30,3.4200,171,0,30,5.119196,2.633174,28.1227
1,30,3.4400,172,0,30,5.198556,2.715633,28.0693
1,30,3.4600,173,0,30,5.284013,2.808195,28.0118
1,30,3.4800,174,0,30,5.375275,2.909178,27.9505
1,30,3.5000,175,0,30,5.472053,3.016220,27.8852
1,30,3.5200,176,0,30,5.574059,3.129750,27.8160
1,30,3.5400,177,0,30,5.681012,3.248686,27.7428
1,30,3.5600,178,0,30,5.792637,3.372738,27.6658
1,30,3.5800,179,0,30,5.908670,3.501088,27.5848
1,30,3.6000,180,0,30,6.028857,3.632341,27.4999
1,30,3.6200,181,0,30,6.152953,3.766875,27.4111
1,30,3.6400,182,0,30,6.280727,3.903072,27.3183
1,30,3.6600,183,0,30,6.411960,4.041278,27.2217
1,30,3.6800,184,0,30,6.546442,4.183030,27.1211
1,30,3.7000,185,0,30,6.683979,4.328281,27.0165
1,30,3.7200,186,0,30,6.824385,4.474529,26.9081
1,30,3.7400,187,0,30,6.967488,4.622159,26.7957
1,30,3.7600,188,0,30,7.113123,4.768295,26.6794
1,30,3.7800,189,0,30,7.261139,4.914925,26.5592
1,30,3.8000,190,0,30,7.411394,5.064195,26.4351
1,30,3.8200,191,0,30,7.563753,5.215197,26.3070
1,30,3.8400,192,0,30,7.718093,5.365371,26.1750
1,30,3.8600,193,0,30,7.874296,5.515427,26.0391
1,30,3.8800,194,0,30,8.032254,5.668350,25.8993
1,30,3.9000,195,0,30,8.191866,5.824478,25.7555
1,30,3.9200,196,0,30,8.353036,5.981664,25.6078
1,30,3.9400,197,0,30,8.515676,6.140182,25.4562
1,30,3.9600,198,0,30,8.679705,6.299699,25.3007
1,30,3.9800,199,0,30,8.845043,6.459781,25.1412
1,30,4.0000,200,0,30,9.011620,6.620293,24.9778
1,30,4.0200,201,0,30,9.179367,6.781588,24.8105
1,30,4.0400,202,0,30,9.348223,6.943729,24.6393
1,30,4.0600,203,0,30,9.518126,7.106541,24.4641
1,30,4.0800,204,0,30,9.689025,7.270841,24.2851
1,30,4.1000,205,0,30,9.860865,7.436194,24.1021
1,30,4.1200,206,0,30,10.033600,7.602072,23.9151
1,30,4.1400,207,0,30,10.207180,7.769759,23.7243
1,30,4.1600,208,0,30,10.381570,7.938134,23.5295
1,30,4.1800,209,0,30,10.556720,8.107598,23.3308
1,30,4.2000,210,0,30,10.732600,8.277310,23.1282
1,30,4.2200,211,0,30,10.909180,8.447966,22.9217
1,30,4.2400,212,0,30,11.086410,8.618760,22.7112
1,30,4.2600,213,0,30,11.264280,8.790601,22.4968
1,30,4.2800,214,0,30,11.442740,8.962679,22.2785
1,30,4.3000,215,0,30,11.621770,9.135907,22.0562
1,30,4.3200,216,0,30,11.801350,9.309461,21.8301
1,30,4.3400,217,0,30,11.981460,9.484132,21.6000
1,30,4.3600,218,0,30,12.162060,9.659048,21.3660
1,30,4.3800,219,0,30,12.343130,9.834921,21.1280
1,30,4.4000,220,0,30,12.524660,10.011870,20.8862
1,30,4.4200,221,0,30,12.706630,10.190020,20.6404
1,30,4.4400,222,0,30,12.889020,10.369130,20.3907
1,30,4.4600,223,0,30,13.071800,10.549150,20.1370
1,30,4.4800,224,0,30,13.254970,10.729890,19.8795
1,30,4.5000,225,0,30,13.438510,10.909770,19.6180
1,30,4.5200,226,0,30,13.622400,11.091000,19.3526
1,30,4.5400,227,0,30,13.806630,11.273750,19.0833
1,30,4.5600,228,0,30,13.991180,10.926920,18.8100
1,30,4.5800,229,0,30,14.176050,10.899110,18.5328
1,30,4.6000,230,1,29,14.361220,10.739380,18.2517
1,30,4.6200,231,0,30,14.546670,10.560290,17.9667
1,30,4.6400,232,0,30,14.732410,10.563480,17.6777
1,30,4.6600,233,0,30,14.918410,10.616590,17.3849
1,30,4.6800,234,0,30,15.104670,10.709260,17.0881
1,30,4.7000,235,0,30,15.291180,10.793400,16.7874
1,30,4.7200,236,0,30,15.477930,10.684880,16.4827
1,30,4.7400,237,0,30,15.664910,10.183360,16.1741
1,30,4.7600,238,0,30,15.852120,10.267000,15.8616
1,30,4.7800,239,0,30,16.039540,10.368110,15.5452
1,30,4.8000,240,0,30,16.227160,10.231540,15.2249
1,30,4.8200,241,0,30,16.414990,10.338480,14.9006
1,30,4.8400,242,0,30,16.603010,10.118930,14.5724
1,30,4.8600,243,0,30,16.791220,10.220430,14.2403
1,30,4.8800,244,0,30,16.979600,9.906270,13.9043
1,30,4.9000,245,0,30,17.168170,9.869047,13.5643
1,30,4.9200,246,0,30,17.356900,9.654278,13.2204
1,30,4.9400,247,0,30,17.545790,9.699063,12.8726
1,30,4.9600,248,0,30,17.734850,9.290917,12.5209
1,30,4.9800,249,0,30,17.846270,8.974939,12.1652
1,30,5.0000,250,0,30,18.041780,9.004237,11.8056
1,30,5.0200,251,0,30,18.237310,8.923928,11.4421
1,30,5.0400,252,0,30,18.432850,8.376653,11.0747
1,30,5.0600,253,0,30,18.628400,8.416788,10.7034
1,30,5.0800,254,0,30,18.823970,8.115402,10.3281
1,30,5.1000,255,0,30,19.019550,8.053815,9.9489
1,30,5.1200,256,0,30,19.215140,7.918113,9.5657
1,30,5.1400,257,0,30,19.410750,7.651700,9.1787
1,30,5.1600,258,0,30,19.606360,7.401445,8.7877
1,30,5.1800,259,0,30,19.801990,7.260276,8.3928
1,30,5.2000,260,0,30,19.997630,6.940089,7.9940
1,30,5.2200,261,0,30,20.193280,6.928248,7.5913
1,30,5.2400,262,2,28,20.388940,6.957812,7.1846
1,30,5.2600,263,2,28,20.584610,6.983500,6.7740
1,30,5.2800,264,2,28,20.780290,6.636205,6.3595
1,30,5.3000,265,0,30,20.975980,5.558007,5.9410
1,30,5.3200,266,0,30,21.171680,5.322324,5.5187
1,30,5.3400,267,0,30,21.367390,4.970300,5.0924
1,30,5.3600,268,0,30,21.563110,4.525826,4.6622
1,30,5.3800,269,0,30,21.758840,4.451187,4.2280
1,30,5.4000,270,0,30,18.571460,4.406363,4.0297
1,30,5.4200,271,0,30,18.830100,4.164981,3.7942
1,30,5.4400,272,0,30,19.316240,3.968475,3.5384
1,30,5.4600,273,0,30,19.448300,3.961359,3.2759
1,30,5.4800,274,0,30,19.591070,3.943401,3.0092
1,30,5.5000,275,0,30,19.725160,3.932508,2.7385
1,30,5.5200,276,0,30,19.860280,3.571125,2.4639
1,30,5.5400,277,1,29,19.996410,3.495125,2.1854
1,30,5.5600,278,1,29,20.648170,2.973050,1.9269
1,30,5.5800,279,1,29,21.504190,2.897504,1.7490
1,30,5.6000,280,1,29,21.605340,2.860196,1.7601
1,30,5.6200,281,1,29,21.707790,2.840608,1.7667
1,30,5.6400,282,1,29,21.811530,2.824306,1.7687
1,30,5.6600,283,1,29,21.916530,2.840220,1.7668
1,30,5.6800,284,1,29,11.843730,2.350834,1.7617
1,30,5.7000,285,1,29,11.784430,2.349441,1.7578
1,30,5.7200,286,2,28,11.507310,2.348403,1.7500
1,30,5.7400,287,2,28,11.490340,2.333562,1.7383
1,30,5.7600,288,2,28,11.476570,2.271050,1.7227
1,30,5.7800,289,2,28,11.461570,2.168892,1.7032
1,30,5.8000,290,2,28,11.445110,2.140549,1.6797
1,30,5.8200,291,2,28,11.421980,2.138496,1.6539
1,30,5.8400,292,2,28,11.408020,2.139942,1.6377
1,30,5.8600,293,4,26,11.397210,2.088832,1.6744
1,30,5.8800,294,4,26,11.405610,2.005806,1.7491
1,30,5.9000,295,4,26,11.417380,1.947544,1.8199
1,30,5.9200,296,4,26,11.432510,1.853864,1.8867
1,30,5.9400,297,4,26,11.450980,1.832836,1.9496
1,30,5.9600,298,4,26,11.472770,1.738049,2.0086
1,30,5.9800,299,4,26,11.497870,1.746724,2.0636
1,30,6.0000,300,2,28,11.526250,1.740987,2.1148
1,30,6.0200,301,4,26,11.557900,1.724128,2.1620
1,30,6.0400,302,4,26,10.249780,1.627206,2.2053
1,30,6.0600,303,5,25,10.210160,1.605235,2.2446
1,30,6.0800,304,6,24,10.174160,1.619218,2.2801
1,30,6.1000,305,8,22,10.141830,1.626383,2.3116
1,30,6.1200,306,6,24,10.113200,1.486361,2.3392
1,30,6.1400,307,7,23,10.088320,1.504804,2.3628
1,30,6.1600,308,7,23,10.067190,1.514346,2.3826
1,30,6.1800,309,8,22,10.049850,1.535490,2.3984
1,30,6.2000,310,8,22,10.036310,1.522530,2.4103
1,30,6.2200,311,8,22,10.026600,1.410875,2.4183
1,30,6.2400,312,8,22,10.020720,1.409727,2.4223
1,30,6.2600,313,8,22,10.018680,1.388025,2.4224
1,30,6.2800,314,8,22,10.020480,1.365554,2.4186
1,30,6.3000,315,8,22,10.026120,1.378061,2.4109
1,30,6.3200,316,8,22,10.035600,1.383313,2.3993
1,30,6.3400,317,8,22,10.048900,1.383198,2.3837
1,30,6.3600,318,8,22,10.066000,1.380677,2.3642
1,30,6.3800,319,8,22,10.086890,1.335737,2.3408
1,30,6.4000,320,8,22,10.111550,1.263644,2.3134
1,30,6.4200,321,8,22,10.139940,1.262882,2.2821
1,30,6.4400,322,8,22,10.172040,1.221113,2.2469
1,30,6.4600,323,9,21,10.207820,1.209318,2.2078
1,30,6.4800,324,9,21,10.247220,1.199706,2.1648
1,30,6.5000,325,9,21,10.290210,1.182445,2.1178
1,30,6.5200,326,9,21,10.336750,1.183100,2.0669
1,30,6.5400,327,11,19,10.386790,1.196468,2.0121
1,30,6.5600,328,11,19,10.440270,1.211138,1.9534
1,30,6.5800,329,12,18,10.497160,1.232758,1.8907
1,30,6.6000,330,12,18,10.557380,1.224463,1.8241
1,30,6.6200,331,13,17,10.620880,1.145623,1.7536
1,30,6.6400,332,14,16,10.687610,1.131844,1.6792
1,30,6.6600,333,14,16,10.757500,1.142073,1.6008
1,30,6.6800,334,14,16,10.830500,1.112452,1.5185
1,30,6.7000,335,14,16,8.293489,1.050008,1.5294
1,30,6.7200,336,14,16,8.302441,1.032015,1.5199
1,30,6.7400,337,14,16,8.316012,1.022248,1.5064
1,30,6.7600,338,14,16,8.334183,0.883243,1.4891
1,30,6.7800,339,14,16,8.356920,0.837308,1.4678
1,30,6.8000,340,14,16,8.384190,0.829382,1.4425
1,30,6.8200,341,14,16,8.321619,0.811199,1.4338
1,30,6.8400,342,14,16,8.349344,0.804425,1.4216
1,30,6.8600,343,14,16,8.381572,0.808008,1.4055
1,30,6.8800,344,14,16,8.418251,0.812103,1.3854
1,30,6.9000,345,14,16,8.318552,0.765131,1.3615
1,30,6.9200,346,14,16,7.722746,0.648842,1.3336
1,30,6.9400,347,14,16,7.760563,0.628021,1.3018
1,30,6.9600,348,14,16,7.803132,0.624494,1.2661
1,30,6.9800,349,14,16,7.850374,0.629251,1.2264
1,30,7.0000,350,15,15,7.902207,0.583128,1.1828
1,30,7.0200,351,15,15,7.958540,0.570802,1.1353
1,30,7.0400,352,15,15,8.019279,0.579697,1.0839
1,30,7.0600,353,15,15,8.084325,0.594431,1.0286
1,30,7.0800,354,16,14,8.153573,0.612726,0.9693
1,30,7.1000,355,16,14,8.226919,0.600106,0.9431
1,30,7.1200,356,16,14,8.304255,0.570240,0.9536
1,30,7.1400,357,14,16,8.385467,0.563357,0.9601
1,30,7.1600,358,14,16,4.628109,0.418370,0.9628
1,30,7.1800,359,14,16,4.626648,0.416214,0.9615
1,30,7.2000,360,15,15,4.633502,0.416307,0.9563
1,30,7.2200,361,16,14,4.648635,0.405635,0.9472
1,30,7.2400,362,16,14,4.671965,0.404441,0.9342
1,30,7.2600,363,16,14,4.703371,0.411262,0.9291
1,30,7.2800,364,16,14,4.742692,0.419170,0.9452
1,30,7.3000,365,16,14,4.789733,0.411542,0.9574
1,30,7.3200,366,17,13,4.844270,0.403982,0.9656
1,30,7.3400,367,17,13,4.906052,0.414158,0.9700
1,30,7.3600,368,17,13,4.974810,0.425920,0.9704
1,30,7.3800,369,17,13,3.997948,0.395076,0.9669
1,30,7.4000,370,18,12,3.976218,0.383240,0.9595
1,30,7.4200,371,19,11,3.947142,0.377391,0.9481
1,30,7.4400,372,20,10,3.962632,0.369613,0.9328
1,30,7.4600,373,20,10,4.005077,0.312967,0.9136
1,30,7.4800,374,20,10,4.056577,0.309469,0.8905
1,30,7.5000,375,21,9,4.116793,0.309703,0.8635
1,30,7.5200,376,23,7,4.185348,0.304009,0.8325
1,30,7.5400,377,23,7,4.261840,0.294717,0.7976
1,30,7.5600,378,23,7,4.345850,0.293317,0.7657
1,30,7.5800,379,23,7,4.436951,0.289533,0.7777
1,30,7.6000,380,23,7,3.814600,0.263974,0.7841
1,30,7.6200,381,23,7,3.803149,0.266474,0.7866
1,30,7.6400,382,23,7,3.801802,0.265403,0.7852
1,30,7.6600,383,23,7,3.810571,0.264364,0.7798
1,30,7.6800,384,24,6,3.829385,0.271220,0.7705
1,30,7.7000,385,24,6,3.877692,0.274803,0.7573
1,30,7.7200,386,24,6,3.939081,0.279525,0.7402
1,30,7.7400,387,24,6,4.009140,0.286303,0.7191
1,30,7.7600,388,24,6,4.087425,0.261068,0.7663
1,30,7.7800,389,24,6,2.896094,0.195026,0.7987
1,30,7.8000,390,24,6,2.793918,0.176182,0.8264
1,30,7.8200,391,25,5,2.702144,0.167429,0.8501
1,30,7.8400,392,26,4,2.621865,0.159967,0.8699
1,30,7.8600,393,26,4,2.554165,0.158406,0.8858
1,30,7.8800,394,26,4,2.500067,0.156492,0.8978
1,30,7.9000,395,27,3,2.460466,0.148464,0.9058
1,30,7.9200,396,27,3,2.436071,0.143931,0.9100
1,30,7.9400,397,27,3,2.427340,0.142234,0.9102
1,30,7.9600,398,27,3,2.434442,0.140936,0.9065
1,30,7.9800,399,27,3,2.457239,0.140518,0.8988
1,30,8.0000,400,27,3,2.495301,0.141046,0.8872
1,30,8.0200,401,27,3,2.547944,0.142372,0.8717
1,30,8.0400,402,27,3,2.614288,0.144457,0.8523
1,30,8.0600,403,27,3,2.693320,0.147277,0.8290
1,30,8.0800,404,27,3,2.783960,0.150769,0.8017
1,30,8.1000,405,27,3,2.885114,0.154955,0.7705
1,30,8.1200,406,28,2,2.995717,0.159756,0.7416
1,30,8.1400,407,28,2,3.114763,0.165133,0.7310
1,30,8.1600,408,28,2,3.241321,0.171048,0.7182
1,30,8.1800,409,28,2,3.374547,0.177464,0.7029
1,30,8.2000,410,28,2,3.513681,0.184348,0.6850
1,30,8.2200,411,28,2,2.091942,0.082229,0.6644
1,30,8.2400,412,28,2,2.174625,0.086163,0.6409
1,30,8.2600,413,28,2,2.264381,0.086336,0.6381
1,30,8.2800,414,28,2,2.362178,0.084776,0.6381
1,30,8.3000,415,28,2,2.466238,0.084273,0.6381
1,30,8.3200,416,28,2,2.380188,0.081618,0.6381
1,30,8.3400,417,28,2,1.014342,0.039208,0.6381
1,30,8.3600,418,28,2,0.713116,0.031778,0.6381
1,30,8.3800,419,28,2,0.604632,0.030966,0.6381
1,30,8.4000,420,28,2,0.486061,0.029972,0.6381
1,30,8.4200,421,28,2,0.503144,0.029103,0.6381
1,30,8.4400,422,28,2,0.594714,0.029048,0.6381
1,30,8.4600,423,28,2,0.687741,0.030365,0.6381
1,30,8.4800,424,28,2,0.783694,0.033948,0.6381
1,30,8.5000,425,28,2,0.882194,0.039493,0.6381
1,30,8.5200,426,28,2,0.893969,0.043085,0.6381
1,30,8.5400,427,28,2,0.505451,0.023730,0.6381
1,30,8.5600,428,28,2,0.473998,0.018454,0.6381
1,30,8.5800,429,28,2,0.528925,0.018654,0.6381
1,30,8.6000,430,28,2,0.622991,0.025148,0.6381
1,30,8.6200,431,28,2,0.389854,0.015831,0.6381
1,30,8.6400,432,28,2,0.089164,0.003556,0.6381
1,30,8.6600,433,28,2,0.027192,0.001138,0.6381
1,30,8.6800,434,28,2,0.041658,0.001577,0.6381
1,30,8.7000,435,28,2,0.016001,0.000607,0.6381
1,30,8.7200,436,28,2,0.002373,0.000091,0.6381
1,30,8.7400,437,28,2,0.003284,0.000126,0.6381
1,30,8.7600,438,28,2,0.002392,0.000093,0.6381
1,30,8.7800,439,28,2,0.000666,0.000027,0.6381
1,30,8.8000,440,28,2,0.000204,0.000009,0.6381
1,30,8.8200,441,28,2,0.000212,0.000009,0.6381
1,30,8.8400,442,28,2,0.000125,0.000006,0.6381
1,30,8.8600,443,29,1,0.000038,0.000001,0.6381
1,30,8.8800,444,29,1,0.000054,0.000002,0.6381
1,30,8.9000,445,29,1,0.000010,0.000000,0.6381
1,30,8.9200,446,29,1,0.000017,0.000001,0.6381
1,30,8.9400,447,29,1,0.000034,0.000001,0.6381
1,30,8.9600,448,29,1,0.000029,0.000001,0.6381
1,30,8.9800,449,29,1,0.000027,0.000001,0.6381
1,30,9.0000,450,30,0,0.000000,0.000000,0.6381
2,30,0.0200,1,0,30,0.000000,0.000000,29.5000
2,30,0.0400,2,0,30,0.196200,0.177911,29.4961
2,30,0.0600,3,0,30,0.392400,0.342423,29.4882
2,30,0.0800,4,0,30,0.588600,0.493567,29.4765
2,30,0.1000,5,0,30,0.784781,0.631258,29.4608
2,30,0.1200,6,0,30,0.980667,0.755425,29.4411
2,30,0.1400,7,0,30,1.175023,0.866016,29.4176
2,30,0.1600,8,0,30,1.364785,0.962993,29.3903
2,30,0.1800,9,0,30,1.544736,1.046315,29.3594
2,30,0.2000,10,0,30,1.708202,1.116020,29.3252
2,30,0.2200,11,0,30,1.848345,1.172013,29.2881
2,30,0.2400,12,0,30,1.959215,1.226831,29.2488
2,30,0.2600,13,0,30,2.036685,1.264503,29.2080
2,30,0.2800,14,0,30,2.078853,1.288375,29.1663
2,30,0.3000,15,0,30,2.085814,1.299873,29.1245
2,30,0.3200,16,0,30,2.060296,1.296800,29.0832
2,30,0.3400,17,0,30,2.007177,1.280003,29.0430
2,30,0.3600,18,0,30,1.933552,1.250169,29.0043
2,30,0.3800,19,0,30,1.846751,1.208278,28.9674
2,30,0.4000,20,0,30,1.753333,1.154298,28.9324
2,30,0.4200,21,0,30,1.655193,1.089342,28.8995
2,30,0.4400,22,0,30,1.550768,1.013475,28.8686
2,30,0.4600,23,0,30,1.437647,0.929383,28.8401
2,30,0.4800,24,0,30,1.312798,0.836842,28.8141
2,30,0.5000,25,0,30,1.170622,0.737868,28.7910
2,30,0.5200,26,0,30,1.016367,0.634091,28.7712
2,30,0.5400,27,0,30,0.853520,0.528332,28.7549
2,30,0.5600,28,0,30,0.688431,0.423990,28.7423
2,30,0.5800,29,0,30,0.538570,0.332294,28.7337
2,30,0.6000,30,0,30,0.433789,0.246210,28.7291
2,30,0.6200,31,0,30,0.411143,0.194061,28.7283
2,30,0.6400,32,0,30,0.470491,0.210214,28.7311
2,30,0.6600,33,0,30,0.575130,0.273933,28.7372
2,30,0.6800,34,0,30,0.693119,0.370907,28.7465
2,30,0.7000,35,0,30,0.802687,0.474436,28.7585
2,30,0.7200,36,0,30,0.878750,0.570831,28.7723
2,30,0.7400,37,0,30,0.971577,0.663845,28.7885
2,30,0.7600,38,0,30,1.064165,0.748382,28.8069
2,30,0.7800,39,0,30,1.163011,0.819109,28.8276
2,30,0.8000,40,0,30,1.265645,0.874659,28.8506
2,30,0.8200,41,0,30,1.356790,0.924115,28.8757
2,30,0.8400,42,0,30,1.438470,0.969651,28.9026
2,30,0.8600,43,0,30,1.504703,1.005866,28.9310
2,30,0.8800,44,0,30,1.551082,1.028879,28.9606
2,30,0.9000,45,0,30,1.574819,1.040382,28.9908
2,30,0.9200,46,0,30,1.578871,1.036415,29.0211
2,30,0.9400,47,0,30,1.564423,1.019946,29.0512
2,30,0.9600,48,0,30,1.541740,0.994271,29.0809
2,30,0.9800,49,0,30,1.506878,0.962623,29.1098
2,30,1.0000,50,0,30,1.457908,0.920679,29.1378
2,30,1.0200,51,0,30,1.395012,0.869681,29.1645
2,30,1.0400,52,0,30,1.315816,0.814685,29.1895
2,30,1.0600,53,0,30,1.217305,0.750657,29.2125
2,30,1.0800,54,0,30,1.108473,0.679619,29.2333
2,30,1.1000,55,0,30,0.994139,0.607435,29.2516
2,30,1.1200,56,0,30,0.879874,0.536172,29.2675
2,30,1.1400,57,0,30,0.767530,0.469253,29.2810
2,30,1.1600,58,0,30,0.656264,0.405327,29.2921
2,30,1.1800,59,0,30,0.571556,0.348221,29.3007
2,30,1.2000,60,0,30,0.519799,0.296710,29.3068
2,30,1.2200,61,0,30,0.479522,0.258832,29.3103
2,30,1.2400,62,0,30,0.461242,0.246501,29.3110
2,30,1.2600,63,0,30,0.480731,0.276259,29.3089
2,30,1.2800,64,0,30,0.507426,0.329370,29.3040
2,30,1.3000,65,0,30,0.547203,0.389752,29.2962
2,30,1.3200,66,0,30,0.671071,0.451396,29.2858
2,30,1.3400,67,0,30,0.812378,0.511356,29.2729
2,30,1.3600,68,0,30,0.967232,0.566743,29.2576
2,30,1.3800,69,0,30,0.998933,0.616489,29.2399
2,30,1.4000,70,0,30,1.038204,0.661438,29.2206
2,30,1.4200,71,0,30,1.079275,0.700669,29.1997
2,30,1.4400,72,0,30,1.165557,0.734450,29.1771
2,30,1.4600,73,0,30,1.245016,0.765486,29.1530
2,30,1.4800,74,0,30,1.293281,0.787898,29.1279
2,30,1.5000,75,0,30,1.315562,0.803572,29.1024
2,30,1.5200,76,0,30,1.346293,0.812867,29.0767
2,30,1.5400,77,0,30,1.347591,0.817313,29.0512
2,30,1.5600,78,0,30,1.336965,0.816846,29.0260
2,30,1.5800,79,0,30,1.298414,0.812558,29.0011
2,30,1.6000,80,0,30,1.246478,0.802344,28.9767
2,30,1.6200,81,0,30,1.193122,0.785742,28.9532
2,30,1.6400,82,0,30,1.139427,0.763022,28.9308
2,30,1.6600,83,0,30,1.079107,0.731643,28.9096
2,30,1.6800,84,0,30,1.016183,0.694068,28.8897
2,30,1.7000,85,0,30,0.949959,0.652559,28.8712
2,30,1.7200,86,0,30,0.880343,0.608105,28.8544
2,30,1.7400,87,0,30,0.814683,0.561701,28.8392
2,30,1.7600,88,0,30,0.741403,0.514377,28.8259
2,30,1.7800,89,0,30,0.668001,0.471155,28.8147
2,30,1.8000,90,0,30,0.600634,0.428022,28.8055
2,30,1.8200,91,0,30,0.617809,0.391967,28.7983
2,30,1.8400,92,0,30,0.705331,0.363335,28.7935
2,30,1.8600,93,0,30,0.742464,0.342326,28.7909
2,30,1.8800,94,0,30,0.795741,0.341487,28.7905
2,30,1.9000,95,0,30,0.841167,0.367865,28.7923
2,30,1.9200,96,0,30,0.929287,0.414928,28.7967
2,30,1.9400,97,0,30,0.903108,0.458946,28.8035
2,30,1.9600,98,0,30,0.905726,0.500393,28.8123
2,30,1.9800,99,0,30,0.937807,0.537007,28.8227
2,30,2.0000,100,0,30,0.980172,0.568377,28.8344
2,30,2.0200,101,0,30,1.033388,0.597311,28.8471
2,30,2.0400,102,0,30,1.080033,0.626006,28.8607
2,30,2.0600,103,0,30,1.118090,0.665628,28.8751
2,30,2.0800,104,0,30,1.146029,0.697111,28.8901
2,30,2.1000,105,0,30,1.163621,0.720533,28.9054
2,30,2.1200,106,0,30,1.171453,0.740644,28.9208
2,30,2.1400,107,0,30,1.172109,0.763925,28.9361
2,30,2.1600,108,0,30,1.208524,0.786646,28.9512
2,30,2.1800,109,0,30,1.207462,0.801041,28.9658
2,30,2.2000,110,0,30,1.194515,0.808268,28.9799
2,30,2.2200,111,0,30,1.173286,0.809962,28.9934
2,30,2.2400,112,0,30,1.155486,0.806056,29.0065
2,30,2.2600,113,0,30,1.152702,0.794827,29.0189
2,30,2.2800,114,0,30,1.146293,0.780015,29.0308
2,30,2.3000,115,0,30,1.126805,0.762019,29.0422
2,30,2.3200,116,0,30,1.098946,0.741720,29.0532
2,30,2.3400,117,0,30,1.058945,0.721760,29.0634
2,30,2.3600,118,0,30,1.017693,0.700273,29.0728
2,30,2.3800,119,0,30,1.009314,0.681028,29.0811
2,30,2.4000,120,0,30,0.997025,0.663638,29.0883
2,30,2.4200,121,0,30,0.978912,0.649130,29.0940
2,30,2.4400,122,0,30,1.034667,0.638410,29.0982
2,30,2.4600,123,0,30,1.009060,0.630522,29.1007
2,30,2.4800,124,0,30,0.984060,0.628398,29.1017
2,30,2.5000,125,0,30,1.000742,0.633755,29.1010
2,30,2.5200,126,0,30,1.023483,0.640525,29.0989
2,30,2.5400,127,0,30,1.031645,0.649491,29.0953
2,30,2.5600,128,0,30,1.079749,0.662038,29.0903
2,30,2.5800,129,0,30,1.066058,0.677949,29.0838
2,30,2.6000,130,0,30,1.095614,0.696385,29.0759
2,30,2.6200,131,0,30,1.167729,0.719264,29.0664
2,30,2.6400,132,0,30,1.197001,0.742677,29.0554
2,30,2.6600,133,0,30,1.243608,0.769600,29.0429
2,30,2.6800,134,0,30,1.290737,0.797056,29.0295
2,30,2.7000,135,0,30,1.352497,0.823201,29.0150
2,30,2.7200,136,0,30,1.411804,0.849362,28.9994
2,30,2.7400,137,0,30,1.446937,0.874106,28.9826
2,30,2.7600,138,0,30,1.458444,0.899982,28.9648
2,30,2.7800,139,0,30,1.514383,0.925359,28.9462
2,30,2.8000,140,0,30,1.588660,0.951988,28.9268
2,30,2.8200,141,0,30,1.663311,0.975626,28.9067
2,30,2.8400,142,0,30,1.738706,1.001577,28.8860
2,30,2.8600,143,0,30,1.820458,1.025658,28.8643
2,30,2.8800,144,0,30,1.893857,1.045217,28.8424
2,30,2.9000,145,0,30,1.961110,1.062376,28.8202
2,30,2.9200,146,0,30,2.007045,1.079364,28.7982
2,30,2.9400,147,0,30,2.043803,1.097991,28.7765
2,30,2.9600,148,0,30,2.076881,1.122266,28.7553
2,30,2.9800,149,0,30,2.095201,1.149935,28.7349
2,30,3.0000,150,0,30,2.126537,1.178175,28.7148
2,30,3.0200,151,0,30,2.165200,1.206938,28.6949
2,30,3.0400,152,0,30,2.248687,1.242662,28.6750
2,30,3.0600,153,0,30,2.382830,1.270050,28.6551
2,30,3.0800,154,0,30,2.498474,1.315976,28.6352
2,30,3.1000,155,0,30,2.701795,1.336188,28.6152
2,30,3.1200,156,0,30,2.916082,1.367657,28.5952
2,30,3.1400,157,0,30,3.041807,1.411707,28.5750
2,30,3.1600,158,0,30,3.199148,1.437244,28.5547
2,30,3.1800,159,0,30,3.279181,1.478293,28.5341
2,30,3.2000,160,0,30,3.561700,1.529448,28.5134
2,30,3.2200,161,0,30,3.730920,1.673368,28.4926
2,30,3.2400,162,0,30,4.078594,1.654750,28.4715
2,30,3.2600,163,0,30,4.397627,1.676728,28.4501
2,30,3.2800,164,0,30,4.654023,1.733242,28.4280
2,30,3.3000,165,0,30,4.939157,1.803446,28.4051
2,30,3.3200,166,0,30,5.315181,1.883358,28.3809
2,30,3.3400,167,0,30,5.689672,1.964718,28.3553
2,30,3.3600,168,0,30,6.005868,2.060980,28.3274
2,30,3.3800,169,0,30,6.285385,2.162100,28.2973
2,30,3.4000,170,0,30,6.375073,2.271511,28.2648
2,30,3.4200,171,0,30,6.368631,2.367717,28.2297
2,30,3.4400,172,0,30,6.383033,2.468142,28.1914
2,30,3.4600,173,0,30,6.366263,2.564151,28.1494
2,30,3.4800,174,0,30,6.388095,2.649104,28.1035
2,30,3.5000,175,0,30,6.421448,2.737084,28.0538
2,30,3.5200,176,0,30,6.472433,2.822598,28.0002
2,30,3.5400,177,0,30,6.523859,2.912050,27.9427
2,30,3.5600,178,0,30,6.580735,3.007428,27.8813
2,30,3.5800,179,0,30,6.642920,3.111037,27.8160
2,30,3.6000,180,0,30,6.710268,3.223277,27.7467
2,30,3.6200,181,0,30,6.782625,3.346390,27.6735
2,30,3.6400,182,0,30,6.859831,3.477363,27.5964
2,30,3.6600,183,0,30,6.941726,3.612902,27.5154
2,30,3.6800,184,0,30,7.028145,3.746569,27.4304
2,30,3.7000,185,0,30,7.118924,3.877804,27.3415
2,30,3.7200,186,0,30,7.213898,4.007307,27.2487
2,30,3.7400,187,0,30,7.312903,4.127171,27.1520
2,30,3.7600,188,0,30,7.415779,4.253218,27.0513
2,30,3.7800,189,0,30,7.522366,4.383583,26.9467
2,30,3.8000,190,0,30,7.632508,4.518434,26.8382
2,30,3.8200,191,0,30,7.746055,4.655236,26.7258
2,30,3.8400,192,0,30,7.862859,4.793854,26.6095
2,30,3.8600,193,0,30,7.982776,4.932388,26.4892
2,30,3.8800,194,0,30,8.105668,5.072034,26.3650
2,30,3.9000,195,0,30,8.231403,5.212673,26.2369
2,30,3.9200,196,0,30,8.359853,5.354988,26.1048
2,30,3.9400,197,0,30,8.490892,5.503316,25.9688
2,30,3.9600,198,0,30,8.624405,5.650091,25.8289
2,30,3.9800,199,0,30,8.760278,5.798979,25.6851
2,30,4.0000,200,0,30,8.898401,5.948647,25.5374
2,30,4.0200,201,0,30,9.038673,6.100441,25.3857
2,30,4.0400,202,0,30,9.180996,6.255743,25.2301
2,30,4.0600,203,0,30,9.325274,6.410000,25.0706
2,30,4.0800,204,0,30,9.471419,6.566841,24.9072
2,30,4.1000,205,0,30,9.619346,6.722207,24.7398
2,30,4.1200,206,0,30,9.768972,6.879840,24.5685
2,30,4.1400,207,0,30,9.920223,7.036522,24.3933
2,30,4.1600,208,0,30,10.073020,7.195367,24.2142
2,30,4.1800,209,0,30,10.227310,7.353610,24.0311
2,30,4.2000,210,0,30,10.383010,7.513494,23.8441
2,30,4.2200,211,0,30,10.540060,7.672999,23.6532
2,30,4.2400,212,0,30,10.698400,7.834233,23.4584
2,30,4.2600,213,0,30,10.857980,7.994919,23.2596
2,30,4.2800,214,0,30,11.018740,8.157228,23.0569
2,30,4.3000,215,0,30,11.180630,8.319085,22.8503
2,30,4.3200,216,0,30,11.343610,8.481937,22.6398
2,30,4.3400,217,0,30,11.507620,8.645923,22.4253
2,30,4.3600,218,0,30,11.672630,8.810942,22.2070
2,30,4.3800,219,0,30,11.838590,8.976539,21.9847
2,30,4.4000,220,0,30,12.005460,9.142883,21.7584
2,30,4.4200,221,0,30,12.173200,9.310776,21.5283
2,30,4.4400,222,0,30,12.341790,9.481153,21.2942
2,30,4.4600,223,0,30,12.511180,9.653072,21.0562
2,30,4.4800,224,0,30,12.681340,9.823776,20.8143
2,30,4.5000,225,0,30,12.852250,9.992684,20.5685
2,30,4.5200,226,0,30,13.023860,10.162800,20.3187
2,30,4.5400,227,0,30,13.196170,10.334120,20.0650
2,30,4.5600,228,0,30,13.369130,10.506340,19.8074
2,30,4.5800,229,0,30,13.542720,10.679550,19.5459
2,30,4.6000,230,0,30,13.716930,10.853510,19.2804
2,30,4.6200,231,0,30,13.891720,10.791160,19.0110
2,30,4.6400,232,0,30,14.067080,10.138580,18.7377
2,30,4.6600,233,0,30,14.212830,9.913156,18.4605
2,30,4.6800,234,0,30,14.404250,10.042560,18.1793
2,30,4.7000,235,0,30,14.595800,9.981161,17.8942
2,30,4.7200,236,0,30,14.787470,9.992383,17.6052
2,30,4.7400,237,0,30,14.979250,9.794115,17.3123
2,30,4.7600,238,0,30,15.171150,9.932546,17.0154
2,30,4.7800,239,0,30,15.363160,10.067620,16.7146
2,30,4.8000,240,0,30,15.555270,10.176530,16.4099
2,30,4.8200,241,0,30,15.747490,10.307840,16.1013
2,30,4.8400,242,0,30,15.939800,10.442230,15.7887
2,30,4.8600,243,0,30,16.132200,10.246820,15.4723
2,30,4.8800,244,0,30,16.324690,10.380680,15.1519
2,30,4.9000,245,0,30,16.517270,10.476660,14.8275
2,30,4.9200,246,0,30,16.709940,10.014660,14.4993
2,30,4.9400,247,0,30,16.902690,9.884089,14.1671
2,30,4.9600,248,0,30,17.095510,9.928732,13.8310
2,30,4.9800,249,0,30,17.288410,9.515319,13.4910
2,30,5.0000,250,0,30,17.481380,9.331832,13.1471
2,30,5.0200,251,0,30,17.674430,9.140281,12.7992
2,30,5.0400,252,0,30,17.867540,8.812564,12.4474
2,30,5.0600,253,0,30,18.060720,8.719378,12.0917
2,30,5.0800,254,0,30,18.253970,8.703868,11.7320
2,30,5.1000,255,0,30,18.447280,8.691312,11.3685
2,30,5.1200,256,0,30,18.640640,8.723261,11.0010
2,30,5.1400,257,0,30,18.834070,8.757221,10.6296
2,30,5.1600,258,0,30,19.027550,8.185614,10.2542
2,30,5.1800,259,0,30,19.221090,7.967039,9.8750
2,30,5.2000,260,0,30,19.414680,7.386316,9.4918
2,30,5.2200,261,0,30,19.608330,7.009583,9.1047
2,30,5.2400,262,0,30,19.802020,6.727556,8.7137
2,30,5.2600,263,0,30,19.995760,6.607211,8.3187
2,30,5.2800,264,0,30,20.189550,6.645997,7.9198
2,30,5.3000,265,0,30,20.383390,6.654352,7.5170
2,30,5.3200,266,0,30,20.577270,6.699009,7.1103
2,30,5.3400,267,0,30,20.771190,6.755826,6.6996
2,30,5.3600,268,0,30,20.965160,6.792356,6.2851
2,30,5.3800,269,0,30,21.159170,6.836030,5.8666
2,30,5.4000,270,0,30,21.353220,6.879407,5.4441
2,30,5.4200,271,0,30,21.547300,6.902651,5.0178
2,30,5.4400,272,0,30,21.741430,6.952445,4.5875
2,30,5.4600,273,0,30,21.405650,6.968538,4.1670
2,30,5.4800,274,0,30,21.411370,7.024457,3.7492
2,30,5.5000,275,0,30,21.387750,7.090311,3.3386
2,30,5.5200,276,0,30,21.610130,6.622695,2.9225
2,30,5.5400,277,0,30,21.763730,5.951095,2.7820
2,30,5.5600,278,0,30,21.923550,4.902489,2.7790
2,30,5.5800,279,0,30,23.008540,4.818359,2.7720
2,30,5.6000,280,0,30,24.181770,4.062310,2.7610
2,30,5.6200,281,0,30,26.378700,3.463843,2.7462
2,30,5.6400,282,0,30,27.004610,3.250440,2.7274
2,30,5.6600,283,0,30,9.779940,2.170416,2.7048
2,30,5.6800,284,0,30,7.746912,2.008174,2.6782
2,30,5.7000,285,0,30,7.525793,1.894282,2.6476
2,30,5.7200,286,0,30,7.537395,1.815578,2.6132
2,30,5.7400,287,0,30,7.554076,1.782830,2.5748
2,30,5.7600,288,1,29,7.575803,1.730381,2.5325
2,30,5.7800,289,1,29,7.602534,1.720864,2.4862
2,30,5.8000,290,1,29,7.634215,1.640916,2.4361
2,30,5.8200,291,1,29,7.012570,1.586961,2.3820
2,30,5.8400,292,1,29,6.938388,1.562511,2.3240
2,30,5.8600,293,1,29,6.869010,1.549629,2.2621
2,30,5.8800,294,1,29,6.804584,1.547916,2.1962
2,30,5.9000,295,1,29,6.745251,1.506986,2.1265
2,30,5.9200,296,1,29,6.691147,1.490034,2.0528
2,30,5.9400,297,3,27,6.642399,1.477405,1.9751
2,30,5.9600,298,3,27,6.599128,1.475034,1.8936
2,30,5.9800,299,3,27,6.561440,1.466393,1.8081
2,30,6.0000,300,3,27,6.529432,1.411121,1.7187
2,30,6.0200,301,3,27,6.503189,1.382645,1.6987
2,30,6.0400,302,3,27,6.482780,1.375586,1.6726
2,30,6.0600,303,3,27,6.468261,1.316373,1.6401
2,30,6.0800,304,3,27,6.459671,1.311933,1.6037
2,30,6.1000,305,4,26,6.457034,1.298490,1.5634
2,30,6.1200,306,5,25,6.460357,1.267649,1.5291
2,30,6.1400,307,3,27,6.469631,1.164533,1.5359
2,30,6.1600,308,3,27,6.484830,1.091756,1.5549
2,30,6.1800,309,3,27,6.505914,1.086717,1.5689
2,30,6.2000,310,3,27,6.532825,1.077896,1.5795
2,30,6.2200,311,3,27,6.565491,1.040774,1.5878
2,30,6.2400,312,5,25,6.603827,0.917361,1.5951
2,30,6.2600,313,6,24,6.647735,0.899008,1.6012
2,30,6.2800,314,6,24,6.697105,0.885758,1.6061
2,30,6.3000,315,6,24,6.751817,0.882271,1.6097
2,30,6.3200,316,6,24,6.811744,0.882408,1.6124
2,30,6.3400,317,6,24,6.876748,0.880333,1.6140
2,30,6.3600,318,6,24,6.946686,0.841933,1.6147
2,30,6.3800,319,6,24,6.958288,0.715125,1.6145
2,30,6.4000,320,6,24,7.004160,0.708871,1.6134
2,30,6.4200,321,7,23,7.055191,0.670244,1.6114
2,30,6.4400,322,7,23,7.111271,0.654445,1.6086
2,30,6.4600,323,7,23,5.406477,0.576304,1.6045
2,30,6.4800,324,7,23,5.351107,0.570067,1.5973
2,30,6.5000,325,8,22,5.361719,0.572729,1.5871
2,30,6.5200,326,11,19,5.138790,0.573607,1.5762
2,30,6.5400,327,10,20,5.046317,0.551789,1.5638
2,30,6.5600,328,10,20,4.959885,0.537414,1.5599
2,30,6.5800,329,12,18,4.879815,0.498168,1.5585
2,30,6.6000,330,12,18,4.806424,0.496812,1.5591
2,30,6.6200,331,12,18,4.740024,0.499915,1.5604
2,30,6.6400,332,12,18,4.680911,0.503636,1.5608
2,30,6.6600,333,12,18,4.629364,0.509923,1.5603
2,30,6.6800,334,12,18,4.585639,0.516996,1.5595
2,30,6.7000,335,14,16,4.549962,0.516013,1.5584
2,30,6.7200,336,12,18,4.522522,0.521907,1.5568
2,30,6.7400,337,12,18,4.503471,0.530026,1.5545
2,30,6.7600,338,12,18,4.492915,0.512480,1.5521
2,30,6.7800,339,12,18,4.490914,0.450438,1.5492
2,30,6.8000,340,12,18,4.497479,0.456869,1.5459
2,30,6.8200,341,12,18,4.512573,0.469126,1.5420
2,30,6.8400,342,14,16,4.536111,0.484633,1.5382
2,30,6.8600,343,14,16,4.567963,0.477211,1.5348
2,30,6.8800,344,14,16,4.607955,0.454151,1.5335
2,30,6.9000,345,14,16,4.655878,0.402889,1.5322
2,30,6.9200,346,14,16,4.711491,0.398821,1.5303
2,30,6.9400,347,14,16,4.774524,0.364748,1.5273
2,30,6.9600,348,14,16,4.844687,0.357381,1.5250
2,30,6.9800,349,14,16,4.921677,0.359318,1.5230
2,30,7.0000,350,16,14,5.005177,0.361377,1.5209
2,30,7.0200,351,16,14,5.094869,0.369816,1.5188
2,30,7.0400,352,16,14,5.190430,0.382992,1.5162
2,30,7.0600,353,16,14,4.625532,0.370385,1.5131
2,30,7.0800,354,16,14,4.651572,0.312037,1.5101
2,30,7.1000,355,16,14,4.685690,0.311588,1.5069
2,30,7.1200,356,16,14,4.727710,0.315787,1.5025
2,30,7.1400,357,16,14,4.777424,0.304467,1.4997
2,30,7.1600,358,16,14,3.477023,0.252974,1.4997
2,30,7.1800,359,16,14,3.387468,0.242914,1.4997
2,30,7.2000,360,16,14,3.387002,0.247967,1.4997
2,30,7.2200,361,16,14,3.420685,0.240552,1.4997
2,30,7.2400,362,16,14,3.349129,0.224237,1.4997
2,30,7.2600,363,16,14,3.283646,0.222661,1.4997
2,30,7.2800,364,16,14,3.228775,0.225907,1.4997
2,30,7.3000,365,16,14,3.185064,0.228226,1.4997
2,30,7.3200,366,16,14,3.152977,0.233104,1.4997
2,30,7.3400,367,16,14,3.132872,0.241758,1.4997
2,30,7.3600,368,17,13,3.124979,0.251719,1.4997
2,30,7.3800,369,17,13,3.129392,0.252852,1.4997
2,30,7.4000,370,17,13,3.146058,0.250500,1.4997
2,30,7.4200,371,17,13,3.174785,0.260780,1.4997
2,30,7.4400,372,17,13,3.215249,0.273900,1.4997
2,30,7.4600,373,18,12,3.267014,0.288822,1.4997
2,30,7.4800,374,18,12,3.329553,0.304163,1.4997
2,30,7.5000,375,18,12,3.402272,0.302943,1.4997
2,30,7.5200,376,18,12,2.605551,0.273116,1.4997
2,30,7.5400,377,18,12,2.786777,0.281546,1.4997
2,30,7.5600,378,18,12,2.969905,0.292318,1.4997
2,30,7.5800,379,20,10,3.154606,0.304551,1.4997
2,30,7.6000,380,18,12,3.340619,0.309380,1.4997
2,30,7.6200,381,18,12,3.527735,0.311134,1.4997
2,30,7.6400,382,19,11,3.715789,0.290193,1.4997
2,30,7.6600,383,20,10,3.904644,0.282818,1.4997
2,30,7.6800,384,20,10,2.137622,0.145315,1.4997
2,30,7.7000,385,20,10,2.179272,0.149376,1.4997
2,30,7.7200,386,20,10,2.237412,0.128228,1.4997
2,30,7.7400,387,20,10,2.310799,0.110653,1.4997
2,30,7.7600,388,20,10,2.398032,0.104839,1.4997
2,30,7.7800,389,20,10,2.497661,0.108770,1.4997
2,30,7.8000,390,20,10,2.338419,0.104344,1.4997
2,30,7.8200,391,20,10,2.374069,0.108445,1.4997
2,30,7.8400,392,20,10,2.428339,0.101066,1.4997
2,30,7.8600,393,20,10,2.502863,0.097675,1.4997
2,30,7.8800,394,20,10,2.583873,0.103123,1.4997
2,30,7.9000,395,20,10,2.675189,0.109788,1.4997
2,30,7.9200,396,20,10,2.674838,0.112215,1.4997
2,30,7.9400,397,20,10,1.227361,0.056608,1.4997
2,30,7.9600,398,20,10,0.925827,0.035591,1.4997
2,30,7.9800,399,22,8,0.813595,0.029805,1.4997
2,30,8.0000,400,22,8,0.708595,0.026134,1.4997
2,30,8.0200,401,24,6,0.595906,0.021201,1.4997
2,30,8.0400,402,24,6,0.494717,0.017428,1.4997
2,30,8.0600,403,24,6,0.405898,0.014451,1.4997
2,30,8.0800,404,24,6,0.337039,0.012086,1.4997
2,30,8.1000,405,24,6,0.292331,0.010547,1.4997
2,30,8.1200,406,24,6,0.154764,0.005936,1.4997
2,30,8.1400,407,24,6,0.056678,0.002664,1.4997
2,30,8.1600,408,25,5,0.036354,0.001986,1.4997
2,30,8.1800,409,25,5,0.122145,0.004841,1.4997
2,30,8.2000,410,26,4,0.206196,0.007638,1.4997
2,30,8.2200,411,26,4,0.292050,0.010500,1.4997
2,30,8.2400,412,27,3,0.379222,0.013404,1.4997
2,30,8.2600,413,27,3,0.467587,0.016349,1.4997
2,30,8.2800,414,27,3,0.557814,0.019356,1.4997
2,30,8.3000,415,27,3,0.649483,0.022411,1.4997
2,30,8.3200,416,29,1,0.743615,0.024787,1.4997
2,30,8.3400,417,29,1,0.840215,0.028007,1.4997
2,30,8.3600,418,29,1,0.938249,0.031275,1.4997
2,30,8.3800,419,29,1,0.835973,0.027866,1.4997
2,30,8.4000,420,29,1,0.296194,0.009873,1.4997
2,30,8.4200,421,29,1,0.198105,0.006603,1.4997
2,30,8.4400,422,29,1,0.093014,0.003100,1.4997
2,30,8.4600,423,29,1,0.012255,0.000408,1.4997
2,30,8.4800,424,29,1,0.114283,0.003809,1.4997
2,30,8.5000,425,29,1,0.216603,0.007220,1.4997
2,30,8.5200,426,29,1,0.319350,0.010645,1.4997
2,30,8.5400,427,29,1,0.120617,0.004021,1.4997
2,30,8.5600,428,29,1,0.016180,0.000539,1.4997
2,30,8.5800,429,29,1,0.021222,0.000707,1.4997
2,30,8.6000,430,29,1,0.012380,0.000413,1.4997
2,30,8.6200,431,29,1,0.002621,0.000087,1.4997
2,30,8.6400,432,29,1,0.001230,0.000041,1.4997
2,30,8.6600,433,29,1,0.000990,0.000033,1.4997
2,30,8.6800,434,29,1,0.000327,0.000011,1.4997
2,30,8.7000,435,29,1,0.000020,0.000001,1.4997
2,30,8.7200,436,29,1,0.000092,0.000003,1.4997
2,30,8.7400,437,29,1,0.000038,0.000001,1.4997
2,30,8.7600,438,29,1,0.000011,0.000000,1.4997
2,30,8.7800,439,29,1,0.000022,0.000001,1.4997
2,30,8.8000,440,30,0,0.000000,0.000000,1.4997
3,30,0.0200,1,0,30,0.000000,0.000000,29.5000
3,30,0.0400,2,0,30,0.196200,0.177911,29.4961
3,30,0.0600,3,0,30,0.392400,0.342424,29.4882
3,30,0.0800,4,0,30,0.588600,0.493570,29.4765
3,30,0.1000,5,0,30,0.784779,0.631266,29.4608
3,30,0.1200,6,0,30,0.980661,0.755438,29.4411
3,30,0.1400,7,0,30,1.175010,0.866035,29.4176
3,30,0.1600,8,0,30,1.364757,0.963021,29.3903
3,30,0.1800,9,0,30,1.544704,1.046357,29.3594
3,30,0.2000,10,0,30,1.708143,1.116073,29.3252
3,30,0.2200,11,0,30,1.848203,1.172087,29.2881
3,30,0.2400,12,0,30,1.958972,1.226832,29.2488
3,30,0.2600,13,0,30,2.036305,1.264403,29.2080
3,30,0.2800,14,0,30,2.078287,1.288318,29.1663
3,30,0.3000,15,0,30,2.085101,1.299109,29.1245
3,30,0.3200,16,0,30,2.059411,1.296934,29.0832
3,30,0.3400,17,0,30,2.006504,1.282216,29.0430
3,30,0.3600,18,0,30,1.934064,1.254371,29.0042
3,30,0.3800,19,0,30,1.849466,1.213408,28.9673
3,30,0.4000,20,0,30,1.757638,1.160494,28.9322
3,30,0.4200,21,0,30,1.661711,1.095746,28.8990
3,30,0.4400,22,0,30,1.560283,1.020746,28.8679
3,30,0.4600,23,0,30,1.450441,0.935507,28.8391
3,30,0.4800,24,0,30,1.330109,0.841868,28.8127
3,30,0.5000,25,0,30,1.195844,0.740908,28.7891
3,30,0.5200,26,0,30,1.043234,0.634242,28.7686
3,30,0.5400,27,0,30,0.877885,0.523747,28.7517
3,30,0.5600,28,0,30,0.710657,0.411403,28.7386
3,30,0.5800,29,0,30,0.561413,0.300863,28.7293
3,30,0.6000,30,0,30,0.452740,0.198046,28.7239
3,30,0.6200,31,0,30,0.416449,0.125404,28.7225
3,30,0.6400,32,0,30,0.463410,0.147776,28.7248
3,30,0.6600,33,0,30,0.563845,0.235647,28.7309
3,30,0.6800,34,0,30,0.686514,0.335482,28.7405
3,30,0.7000,35,0,30,0.797211,0.435797,28.7529
3,30,0.7200,36,0,30,0.911749,0.532057,28.7685
3,30,0.7400,37,0,30,1.013006,0.623045,28.7868
3,30,0.7600,38,0,30,1.116599,0.707052,28.8077
3,30,0.7800,39,0,30,1.224765,0.782834,28.8309
3,30,0.8000,40,0,30,1.326211,0.849466,28.8564
3,30,0.8200,41,0,30,1.413412,0.906234,28.8837
3,30,0.8400,42,0,30,1.479975,0.952186,28.9125
3,30,0.8600,43,0,30,1.527282,0.987199,28.9423
3,30,0.8800,44,0,30,1.568693,1.010852,28.9731
3,30,0.9000,45,0,30,1.601034,1.022888,29.0046
3,30,0.9200,46,0,30,1.614897,1.024231,29.0365
3,30,0.9400,47,0,30,1.602726,1.014034,29.0682
3,30,0.9600,48,0,30,1.564007,0.992896,29.0993
3,30,0.9800,49,0,30,1.521819,0.961745,29.1296
3,30,1.0000,50,0,30,1.466449,0.921045,29.1588
3,30,1.0200,51,0,30,1.398128,0.871432,29.1867
3,30,1.0400,52,0,30,1.314559,0.813731,29.2130
3,30,1.0600,53,0,30,1.222793,0.749384,29.2374
3,30,1.0800,54,0,30,1.113843,0.679357,29.2597
3,30,1.1000,55,0,30,0.990775,0.605181,29.2796
3,30,1.1200,56,0,30,0.856047,0.527367,29.2967
3,30,1.1400,57,0,30,0.715368,0.447579,29.3110
3,30,1.1600,58,0,30,0.570984,0.367021,29.3223
3,30,1.1800,59,0,30,0.421837,0.287971,29.3306
3,30,1.2000,60,0,30,0.297981,0.213752,29.3357
3,30,1.2200,61,0,30,0.251071,0.151709,29.3377
3,30,1.2400,62,0,30,0.256733,0.140065,29.3364
3,30,1.2600,63,0,30,0.273318,0.196211,29.3321
3,30,1.2800,64,0,30,0.389308,0.266962,29.3247
3,30,1.3000,65,0,30,0.530588,0.340673,29.3145
3,30,1.3200,66,0,30,0.660773,0.413067,29.3016
3,30,1.3400,67,0,30,0.781852,0.481848,29.2862
3,30,1.3600,68,0,30,0.896802,0.545944,29.2686
3,30,1.3800,69,0,30,1.001015,0.604604,29.2488
3,30,1.4000,70,0,30,1.091682,0.657206,29.2273
3,30,1.4200,71,0,30,1.169629,0.703127,29.2042
3,30,1.4400,72,0,30,1.231727,0.741905,29.1798
3,30,1.4600,73,0,30,1.277704,0.773777,29.1546
3,30,1.4800,74,0,30,1.306027,0.797832,29.1288
3,30,1.5000,75,0,30,1.315532,0.814101,29.1028
3,30,1.5200,76,0,30,1.308984,0.832606,29.0769
3,30,1.5400,77,0,30,1.291208,0.838397,29.0514
3,30,1.5600,78,0,30,1.265611,0.833320,29.0265
3,30,1.5800,79,0,30,1.237324,0.815125,29.0021
3,30,1.6000,80,0,30,1.199270,0.790561,28.9784
3,30,1.6200,81,0,30,1.148067,0.759607,28.9556
3,30,1.6400,82,0,30,1.085123,0.726264,28.9341
3,30,1.6600,83,0,30,1.012675,0.689645,28.9140
3,30,1.6800,84,0,30,0.932168,0.649572,28.8955
3,30,1.7000,85,0,30,0.845903,0.605089,28.8786
3,30,1.7200,86,0,30,0.754905,0.557532,28.8636
3,30,1.7400,87,0,30,0.659644,0.508930,28.8505
3,30,1.7600,88,0,30,0.641444,0.458712,28.8394
3,30,1.7800,89,0,30,0.657162,0.410634,28.8306
3,30,1.8000,90,0,30,0.673791,0.367226,28.8241
3,30,1.8200,91,0,30,0.691440,0.332221,28.8199
3,30,1.8400,92,0,30,0.715467,0.312978,28.8182
3,30,1.8600,93,0,30,0.731726,0.325869,28.8188
3,30,1.8800,94,0,30,0.742499,0.359484,28.8217
3,30,1.9000,95,0,30,0.788163,0.407765,28.8268
3,30,1.9200,96,0,30,0.789668,0.458607,28.8338
3,30,1.9400,97,0,30,0.827627,0.517137,28.8426
3,30,1.9600,98,0,30,0.831894,0.565598,28.8531
3,30,1.9800,99,0,30,0.897267,0.605593,28.8650
3,30,2.0000,100,0,30,0.921193,0.650100,28.8781
3,30,2.0200,101,0,30,0.938527,0.686149,28.8925
3,30,2.0400,102,0,30,1.012334,0.718332,28.9080
3,30,2.0600,103,0,30,1.041746,0.745131,28.9243
3,30,2.0800,104,0,30,1.101321,0.763213,28.9412
3,30,2.1000,105,0,30,1.215209,0.774672,28.9586
3,30,2.1200,106,0,30,1.228351,0.782151,28.9760
3,30,2.1400,107,0,30,1.250233,0.787480,28.9933
3,30,2.1600,108,0,30,1.258515,0.785757,29.0103
3,30,2.1800,109,0,30,1.267729,0.779058,29.0269
3,30,2.2000,110,0,30,1.282544,0.769451,29.0431
3,30,2.2200,111,0,30,1.268422,0.744792,29.0588
3,30,2.2400,112,0,30,1.242576,0.724482,29.0740
3,30,2.2600,113,0,30,1.222408,0.711117,29.0886
3,30,2.2800,114,0,30,1.209574,0.691803,29.1021
3,30,2.3000,115,0,30,1.199644,0.664290,29.1147
3,30,2.3200,116,0,30,1.204743,0.643259,29.1261
3,30,2.3400,117,0,30,1.195559,0.615523,29.1364
3,30,2.3600,118,0,30,1.185313,0.591242,29.1455
3,30,2.3800,119,0,30,1.176501,0.567089,29.1533
3,30,2.4000,120,0,30,1.232892,0.540358,29.1595
3,30,2.4200,121,0,30,1.279943,0.520125,29.1641
3,30,2.4400,122,0,30,1.294957,0.504118,29.1670
3,30,2.4600,123,0,30,1.279058,0.497977,29.1680
3,30,2.4800,124,0,30,1.233974,0.492211,29.1672
3,30,2.5000,125,0,30,1.210066,0.489390,29.1644
3,30,2.5200,126,0,30,1.201684,0.495922,29.1595
3,30,2.5400,127,0,30,1.220444,0.510215,29.1525
3,30,2.5600,128,0,30,1.207982,0.528781,29.1433
3,30,2.5800,129,0,30,1.213629,0.551971,29.1320
3,30,2.6000,130,0,30,1.259616,0.577422,29.1190
3,30,2.6200,131,0,30,1.271408,0.594835,29.1044
3,30,2.6400,132,0,30,1.310903,0.613683,29.0884
3,30,2.6600,133,0,30,1.377240,0.631295,29.0711
3,30,2.6800,134,0,30,1.465207,0.654243,29.0528
3,30,2.7000,135,0,30,1.574366,0.679347,29.0334
3,30,2.7200,136,0,30,1.614417,0.704576,29.0124
3,30,2.7400,137,0,30,1.732355,0.726718,28.9904
3,30,2.7600,138,0,30,1.807269,0.752777,28.9679
3,30,2.7800,139,0,30,1.923714,0.779615,28.9449
3,30,2.8000,140,0,30,2.007642,0.801535,28.9218
3,30,2.8200,141,0,30,2.070602,0.834795,28.8985
3,30,2.8400,142,0,30,2.107090,0.864314,28.8749
3,30,2.8600,143,0,30,2.284513,0.885374,28.8509
3,30,2.8800,144,0,30,2.401398,0.909771,28.8265
3,30,2.9000,145,0,30,2.506701,0.941091,28.8018
3,30,2.9200,146,0,30,2.530770,0.966156,28.7769
3,30,2.9400,147,0,30,2.642988,0.994785,28.7519
3,30,2.9600,148,0,30,2.690059,1.024174,28.7269
3,30,2.9800,149,0,30,2.826923,1.059675,28.7013
3,30,3.0000,150,0,30,2.907460,1.096213,28.6747
3,30,3.0200,151,0,30,3.054695,1.138286,28.6467
3,30,3.0400,152,0,30,3.119498,1.187572,28.6172
3,30,3.0600,153,0,30,3.276326,1.244963,28.5861
3,30,3.0800,154,0,30,3.339854,1.306600,28.5531
3,30,3.1000,155,0,30,3.561969,1.363279,28.5186
3,30,3.1200,156,0,30,3.650956,1.447316,28.4823
3,30,3.1400,157,0,30,3.817629,1.526520,28.4445
3,30,3.1600,158,0,30,3.891981,1.609643,28.4052
3,30,3.1800,159,0,30,4.071331,1.700303,28.3640
3,30,3.2000,160,0,30,4.127667,1.782828,28.3205
3,30,3.2200,161,0,30,4.307450,1.869915,28.2744
3,30,3.2400,162,0,30,4.395446,1.968387,28.2255
3,30,3.2600,163,0,30,4.550883,2.060009,28.1738
3,30,3.2800,164,0,30,4.604216,2.152985,28.1189
3,30,3.3000,165,0,30,4.724512,2.248458,28.0606
3,30,3.3200,166,0,30,4.754996,2.346139,27.9985
3,30,3.3400,167,0,30,4.811425,2.434883,27.9324
3,30,3.3600,168,0,30,4.868378,2.513318,27.8624
3,30,3.3800,169,0,30,4.919868,2.583672,27.7885
3,30,3.4000,170,0,30,4.982720,2.648646,27.7107
3,30,3.4200,171,0,30,5.052413,2.713237,27.6289
3,30,3.4400,172,0,30,5.128670,2.779439,27.5432
3,30,3.4600,173,0,30,5.211201,2.848344,27.4536
3,30,3.4800,174,0,30,5.299714,2.923032,27.3601
3,30,3.5000,175,0,30,5.393914,3.005316,27.2626
3,30,3.5200,176,0,30,5.493509,3.095905,27.1613
3,30,3.5400,177,0,30,5.671260,3.193970,27.0559
3,30,3.5600,178,0,30,5.853869,3.298403,26.9467
3,30,3.5800,179,0,30,6.037332,3.407974,26.8336
3,30,3.6000,180,0,30,6.221571,3.521806,26.7165
3,30,3.6200,181,0,30,6.406520,3.638666,26.5955
3,30,3.6400,182,0,30,6.592121,3.755306,26.4706
3,30,3.6600,183,0,30,6.778318,3.873866,26.3417
3,30,3.6800,184,0,30,6.965065,3.993705,26.2089
3,30,3.7000,185,0,30,7.152317,4.115350,26.0722
3,30,3.7200,186,0,30,7.340037,4.240428,25.9316
3,30,3.7400,187,0,30,7.528190,4.365566,25.7871
3,30,3.7600,188,0,30,7.716743,4.492258,25.6386
3,30,3.7800,189,0,30,7.905668,4.620865,25.4862
3,30,3.8000,190,0,30,8.094940,4.749098,25.3299
3,30,3.8200,191,0,30,8.284534,4.880962,25.1696
3,30,3.8400,192,0,30,8.474429,5.015836,25.0055
3,30,3.8600,193,0,30,8.664605,5.151778,24.8374
3,30,3.8800,194,0,30,8.855044,5.287854,24.6654
3,30,3.9000,195,0,30,9.045730,5.425174,24.4894
3,30,3.9200,196,0,30,9.236646,5.562648,24.3096
3,30,3.9400,197,0,30,9.427779,5.698958,24.1258
3,30,3.9600,198,0,30,9.619116,5.836006,23.9381
3,30,3.9800,199,0,30,9.810646,5.973405,23.7464
3,30,4.0000,200,0,30,10.002360,6.109222,23.5509
3,30,4.0200,201,0,30,10.194240,6.245957,23.3514
3,30,4.0400,202,0,30,10.386280,6.385038,23.1480
3,30,4.0600,203,0,30,10.578470,6.525839,22.9407
3,30,4.0800,204,0,30,10.770810,6.668533,22.7294
3,30,4.1000,205,0,30,10.963290,6.812132,22.5142
3,30,4.1200,206,0,30,11.155900,6.956285,22.2951
3,30,4.1400,207,0,30,11.348630,7.101782,22.0721
3,30,4.1600,208,0,30,11.541470,7.248879,21.8452
3,30,4.1800,209,0,30,11.734430,7.395258,21.6143
3,30,4.2000,210,0,30,11.927500,7.542924,21.3795
3,30,4.2200,211,0,30,12.120660,7.691164,21.1408
3,30,4.2400,212,0,30,12.313920,7.840428,20.8981
3,30,4.2600,213,0,30,12.507270,7.990423,20.6516
3,30,4.2800,214,0,30,12.700710,8.140986,20.4011
3,30,4.3000,215,0,30,12.894230,8.292204,20.1466
3,30,4.3200,216,0,30,13.087830,8.444909,19.8883
3,30,4.3400,217,0,30,13.281510,8.595872,19.6260
3,30,4.3600,218,0,30,13.475260,8.749732,19.3598
3,30,4.3800,219,0,30,13.669090,8.904710,19.0897
3,30,4.4000,220,0,30,13.862970,9.060380,18.8157
3,30,4.4200,221,0,30,14.056930,9.216538,18.5377
3,30,4.4400,222,0,30,14.250940,9.373477,18.2558
3,30,4.4600,223,0,30,14.445010,9.512537,17.9700
3,30,4.4800,224,0,30,14.639140,9.651692,17.6803
3,30,4.5000,225,0,30,14.833330,9.791059,17.3866
3,30,4.5200,226,0,30,15.027560,9.941972,17.0891
3,30,4.5400,227,0,30,15.221850,10.105790,16.7876
3,30,4.5600,228,0,30,15.416190,10.194500,16.4821
3,30,4.5800,229,0,30,15.610570,10.296170,16.1728
3,30,4.6000,230,0,30,15.805000,10.422590,15.8595
3,30,4.6200,231,0,30,15.999470,10.614910,15.5423
3,30,4.6400,232,0,30,16.193980,10.807140,15.2212
3,30,4.6600,233,0,30,16.388530,10.973050,14.8961
3,30,4.6800,234,0,30,16.583120,11.131350,14.5671
3,30,4.7000,235,0,30,16.777750,11.285040,14.2342
3,30,4.7200,236,0,30,16.972410,11.451510,13.8974
3,30,4.7400,237,0,30,17.167110,11.613650,13.5567
3,30,4.7600,238,0,30,17.361840,11.779530,13.2120
3,30,4.7800,239,0,30,17.556610,11.947020,12.8634
3,30,4.8000,240,0,30,17.751400,12.116700,12.5109
3,30,4.8200,241,0,30,17.946230,12.293810,12.1544
3,30,4.8400,242,0,30,18.141090,12.390010,11.7941
3,30,4.8600,243,0,30,18.335970,12.546610,11.4298
3,30,4.8800,244,0,30,18.530890,12.713370,11.0616
3,30,4.9000,245,0,30,18.725830,12.735380,10.6894
3,30,4.9200,246,0,30,18.920790,12.899890,10.3134
3,30,4.9400,247,0,30,19.115790,13.070510,9.9334
3,30,4.9600,248,0,30,19.310800,13.239010,9.5495
3,30,4.9800,249,0,30,19.505840,13.190270,9.1616
3,30,5.0000,250,0,30,19.700900,12.253290,8.7699
3,30,5.0200,251,0,30,19.895990,11.922000,8.3742
3,30,5.0400,252,0,30,20.091090,12.068800,7.9746
3,30,5.0600,253,0,30,20.286220,10.774900,7.5711
3,30,5.0800,254,0,30,20.481370,10.202440,7.1636
3,30,5.1000,255,0,30,20.676540,9.259207,6.7522
3,30,5.1200,256,0,30,20.871730,7.970624,6.3369
3,30,5.1400,257,0,30,21.066930,7.543818,5.9177
3,30,5.1600,258,0,30,21.262160,7.475122,5.4946
3,30,5.1800,259,0,30,21.457400,7.342424,5.0675
3,30,5.2000,260,0,30,21.652660,6.255750,4.6365
3,30,5.2200,261,0,30,21.847940,5.834875,4.2016
3,30,5.2400,262,0,30,22.043230,5.730286,3.7627
3,30,5.2600,263,0,30,22.238540,5.565264,3.3200
3,30,5.2800,264,0,30,22.433860,5.333866,2.8733
3,30,5.3000,265,0,30,21.780100,5.147502,2.4443
3,30,5.3200,266,0,30,21.819850,4.849935,2.1719
3,30,5.3400,267,0,30,22.013110,4.284401,2.1434
3,30,5.3600,268,0,30,22.206420,3.955619,2.1099
3,30,5.3800,269,0,30,22.280230,3.338673,2.0726
3,30,5.4000,270,0,30,5.220937,2.001870,2.0474
3,30,5.4200,271,0,30,5.313041,1.823297,2.0327
3,30,5.4400,272,0,30,5.410695,1.750485,2.0249
3,30,5.4600,273,0,30,5.513602,1.719286,2.0182
3,30,5.4800,274,0,30,5.621476,1.673650,2.0106
3,30,5.5000,275,0,30,5.734036,1.627883,2.0017
3,30,5.5200,276,0,30,5.851011,1.513764,1.9913
3,30,5.5400,277,0,30,4.628049,1.413799,1.9784
3,30,5.5600,278,0,30,4.614136,1.374945,1.9617
3,30,5.5800,279,0,30,4.608541,1.324246,1.9410
3,30,5.6000,280,0,30,4.611294,1.308153,1.9174
3,30,5.6200,281,0,30,4.622381,1.290021,1.8926
3,30,5.6400,282,0,30,4.641742,1.276588,1.8674
3,30,5.6600,283,0,30,4.669274,1.258439,1.8394
3,30,5.6800,284,0,30,4.704834,1.258278,1.8081
3,30,5.7000,285,0,30,4.748241,1.249231,1.7733
3,30,5.7200,286,0,30,4.799282,1.212299,1.7631
3,30,5.7400,287,0,30,4.910520,1.148551,1.7672
3,30,5.7600,288,0,30,4.200937,1.092502,1.7731
3,30,5.7800,289,0,30,4.228226,1.002666,1.7759
3,30,5.8000,290,1,29,4.264377,1.000998,1.7740
3,30,5.8200,291,1,29,4.309166,0.977198,1.7687
3,30,5.8400,292,2,28,4.362327,0.974912,1.7643
3,30,5.8600,293,2,28,4.423559,0.976716,1.7643
3,30,5.8800,294,2,28,4.492532,0.985154,1.7610
3,30,5.9000,295,2,28,4.568895,0.992183,1.7576
3,30,5.9200,296,2,28,4.672541,0.947929,1.7551
3,30,5.9400,297,3,27,3.962615,0.827500,1.7533
3,30,5.9600,298,3,27,3.964903,0.824781,1.7513
3,30,5.9800,299,5,25,3.995775,0.795622,1.7498
3,30,6.0000,300,5,25,4.035958,0.796157,1.7475
3,30,6.0200,301,5,25,4.085179,0.805179,1.7439
3,30,6.0400,302,5,25,4.143116,0.820433,1.7392
3,30,6.0600,303,5,25,4.209408,0.820492,1.7347
3,30,6.0800,304,6,24,3.771834,0.782716,1.7310
3,30,6.1000,305,6,24,3.777492,0.799506,1.7277
3,30,6.1200,306,6,24,3.793303,0.757562,1.7241
3,30,6.1400,307,6,24,3.819141,0.699295,1.7201
3,30,6.1600,308,7,23,3.854805,0.715450,1.7157
3,30,6.1800,309,7,23,3.900024,0.733808,1.7108
3,30,6.2000,310,7,23,3.954472,0.756750,1.7052
3,30,6.2200,311,7,23,4.017772,0.724923,1.6987
3,30,6.2400,312,7,23,4.089515,0.700981,1.6911
3,30,6.2600,313,7,23,2.861420,0.655982,1.6822
3,30,6.2800,314,7,23,3.040873,0.656101,1.6726
3,30,6.3000,315,7,23,3.222448,0.668680,1.6637
3,30,6.3200,316,7,23,3.405646,0.687658,1.6579
3,30,6.3400,317,7,23,3.590218,0.662071,1.6535
3,30,6.3600,318,7,23,3.775962,0.662847,1.6494
3,30,6.3800,319,7,23,3.962715,0.671591,1.6469
3,30,6.4000,320,7,23,4.150339,0.675661,1.6437
3,30,6.4200,321,7,23,4.338722,0.694297,1.6401
3,30,6.4400,322,7,23,4.527769,0.699090,1.6348
3,30,6.4600,323,7,23,2.719842,0.506923,1.6287
3,30,6.4800,324,7,23,2.813057,0.463471,1.6219
3,30,6.5000,325,7,23,2.663104,0.427527,1.6148
3,30,6.5200,326,7,23,2.712871,0.421985,1.6072
3,30,6.5400,327,7,23,2.775645,0.393695,1.6002
3,30,6.5600,328,8,22,2.850566,0.367471,1.5975
3,30,6.5800,329,8,22,2.936705,0.361412,1.5962
3,30,6.6000,330,8,22,3.010904,0.365483,1.5938
3,30,6.6200,331,8,22,2.531662,0.331498,1.5887
3,30,6.6400,332,8,22,2.699720,0.308247,1.5812
3,30,6.6600,333,11,19,2.871351,0.314790,1.5723
3,30,6.6800,334,10,20,3.045950,0.317163,1.5627
3,30,6.7000,335,10,20,3.223035,0.325848,1.5532
3,30,6.7200,336,10,20,3.402217,0.330353,1.5434
3,30,6.7400,337,10,20,3.583183,0.317026,1.5335
3,30,6.7600,338,10,20,3.765676,0.319683,1.5229
3,30,6.7800,339,11,19,3.949482,0.327551,1.5113
3,30,6.8000,340,12,18,2.225372,0.270727,1.4983
3,30,6.8200,341,12,18,2.265771,0.259477,1.4834
3,30,6.8400,342,12,18,2.322099,0.256223,1.4664
3,30,6.8600,343,12,18,2.392264,0.247035,1.4466
3,30,6.8800,344,12,18,2.446086,0.231132,1.4238
3,30,6.9000,345,12,18,2.521281,0.209981,1.3974
3,30,6.9200,346,12,18,2.589675,0.193894,1.3697
3,30,6.9400,347,12,18,1.882603,0.150645,1.3380
3,30,6.9600,348,12,18,2.050734,0.141698,1.3023
3,30,6.9800,349,14,16,2.223469,0.139612,1.2729
3,30,7.0000,350,14,16,2.399814,0.147913,1.2729
3,30,7.0200,351,15,15,2.579029,0.164682,1.2729
3,30,7.0400,352,15,15,2.760554,0.182474,1.2729
3,30,7.0600,353,15,15,2.943963,0.200684,1.2729
3,30,7.0800,354,20,10,3.128924,0.207568,1.2729
3,30,7.1000,355,16,14,3.315178,0.208768,1.2731
3,30,7.1200,356,16,14,3.502518,0.213127,1.2731
3,30,7.1400,357,17,13,3.690778,0.224840,1.2730
3,30,7.1600,358,18,12,3.879826,0.237653,1.2730
3,30,7.1800,359,19,11,4.069551,0.251712,1.2730
3,30,7.2000,360,19,11,2.116655,0.194786,1.2730
3,30,7.2200,361,19,11,1.788681,0.164758,1.2730
3,30,7.2400,362,19,11,1.191041,0.110649,1.2730
3,30,7.2600,363,19,11,1.092375,0.102331,1.2730
3,30,7.2800,364,19,11,1.130270,0.102733,1.2730
3,30,7.3000,365,19,11,1.165404,0.109439,1.2730
3,30,7.3200,366,20,10,1.238255,0.117344,1.2730
3,30,7.3400,367,20,10,1.310300,0.101204,1.2730
3,30,7.3600,368,20,10,0.998805,0.082529,1.2730
3,30,7.3800,369,20,10,1.024428,0.062781,1.2733
3,30,7.4000,370,20,10,1.093960,0.057537,1.2739
3,30,7.4200,371,20,10,0.631272,0.034691,1.2742
3,30,7.4400,372,20,10,0.385391,0.025340,1.2746
3,30,7.4600,373,20,10,0.360008,0.027395,1.2746
3,30,7.4800,374,20,10,0.486310,0.035391,1.2745
3,30,7.5000,375,21,9,0.506027,0.040999,1.2743
3,30,7.5200,376,21,9,0.582423,0.049513,1.2742
3,30,7.5400,377,21,9,0.622409,0.044466,1.2742
3,30,7.5600,378,21,9,0.728584,0.030368,1.2742
3,30,7.5800,379,21,9,0.841251,0.030428,1.2743
3,30,7.6000,380,21,9,0.903189,0.032831,1.2743
3,30,7.6200,381,21,9,0.737195,0.026181,1.2743
3,30,7.6400,382,21,9,0.162346,0.006449,1.2743
3,30,7.6600,383,21,9,0.079834,0.003591,1.2743
3,30,7.6800,384,21,9,0.151007,0.005965,1.2743
3,30,7.7000,385,21,9,0.200525,0.007572,1.2743
3,30,7.7200,386,21,9,0.070627,0.003209,1.2743
3,30,7.7400,387,21,9,0.012719,0.001268,1.2743
3,30,7.7600,388,21,9,0.012690,0.001229,1.2743
3,30,7.7800,389,22,8,0.012677,0.001043,1.2743
3,30,7.8000,390,28,2,0.001273,0.000043,1.2743
3,30,7.8200,391,28,2,0.000437,0.000015,1.2743
3,30,7.8400,392,28,2,0.000360,0.000012,1.2743
3,30,7.8600,393,28,2,0.000163,0.000006,1.2743
3,30,7.8800,394,28,2,0.000027,0.000002,1.2743
3,30,7.9000,395,28,2,0.000032,0.000002,1.2743
3,30,7.9200,396,28,2,0.000020,0.000001,1.2743
3,30,7.9400,397,28,2,0.000020,0.000001,1.2743
3,30,7.9600,398,28,2,0.000017,0.000001,1.2743
3,30,7.9800,399,29,1,0.000009,0.000000,1.2743
3,30,8.0000,400,29,1,0.000006,0.000000,1.2743
3,30,8.0200,401,29,1,0.000008,0.000000,1.2743
3,30,8.0400,402,30,0,0.000000,0.000000,1.2743
1,35,0.0200,1,0,35,0.000000,0.000000,34.5000
1,35,0.0400,2,0,35,0.196200,0.180524,34.4961
1,35,0.0600,3,0,35,0.392421,0.349563,34.4882
1,35,0.0800,4,0,35,0.588613,0.507145,34.4765
1,35,0.1000,5,0,35,0.784801,0.653197,34.4608
1,35,0.1200,6,0,35,0.980969,0.787657,34.4411
1,35,0.1400,7,0,35,1.177082,0.910479,34.4176
1,35,0.1600,8,0,35,1.372360,1.021629,34.3902
1,35,0.1800,9,0,35,1.565271,1.121075,34.3588
1,35,0.2000,10,0,35,1.752708,1.208845,34.3238
1,35,0.2200,11,0,35,1.930073,1.284865,34.2851
1,35,0.2400,12,0,35,2.091885,1.359752,34.2432
1,35,0.2600,13,0,35,2.232441,1.419875,34.1985
1,35,0.2800,14,0,35,2.346579,1.468864,34.1515
1,35,0.3000,15,0,35,2.430545,1.504336,34.1028
1,35,0.3200,16,0,35,2.482315,1.528018,34.0530
1,35,0.3400,17,0,35,2.501514,1.540488,34.0029
1,35,0.3600,18,0,35,2.490321,1.542150,33.9530
1,35,0.3800,19,0,35,2.452387,1.533175,33.9039
1,35,0.4000,20,0,35,2.393555,1.513477,33.8560
1,35,0.4200,21,0,35,2.320861,1.483958,33.8096
1,35,0.4400,22,0,35,2.239520,1.443309,33.7649
1,35,0.4600,23,0,35,2.153008,1.392475,33.7219
1,35,0.4800,24,0,35,2.061722,1.331806,33.6808
1,35,0.5000,25,0,35,1.962426,1.264346,33.6416
1,35,0.5200,26,0,35,1.849937,1.189623,33.6048
1,35,0.5400,27,0,35,1.716543,1.106950,33.5706
1,35,0.5600,28,0,35,1.562895,1.015048,33.5396
1,35,0.5800,29,0,35,1.399047,0.956617,33.5121
1,35,0.6000,30,0,35,1.228935,0.844999,33.4881
1,35,0.6200,31,0,35,1.055731,0.737983,33.4679
1,35,0.6400,32,0,35,0.931481,0.694374,33.4515
1,35,0.6600,33,0,35,0.802468,0.557794,33.4391
1,35,0.6800,34,0,35,1.277078,0.501320,33.4304
1,35,0.7000,35,0,35,1.317381,0.392249,33.4253
1,35,0.7200,36,0,35,1.827359,0.397793,33.4236
1,35,0.7400,37,0,35,1.110526,0.392824,33.4254
1,35,0.7600,38,0,35,1.537442,0.457997,33.4304
1,35,0.7800,39,0,35,1.759334,0.540374,33.4379
1,35,0.8000,40,0,35,1.395257,0.620342,33.4483
1,35,0.8200,41,0,35,2.143661,0.711035,33.4614
1,35,0.8400,42,0,35,1.526262,0.744881,33.4771
1,35,0.8600,43,0,35,2.140667,0.886441,33.4952
1,35,0.8800,44,0,35,1.671170,0.932518,33.5156
1,35,0.9000,45,0,35,1.876315,1.001646,33.5378
1,35,0.9200,46,0,35,2.185213,1.042032,33.5618
1,35,0.9400,47,0,35,1.938500,1.121139,33.5874
1,35,0.9600,48,0,35,1.830772,1.158434,33.6144
1,35,0.9800,49,0,35,2.271672,1.218122,33.6426
1,35,1.0000,50,0,35,2.135879,1.243118,33.6717
1,35,1.0200,51,0,35,1.950920,1.314888,33.7016
1,35,1.0400,52,0,35,2.739262,1.319787,33.7319
1,35,1.0600,53,0,35,2.329320,1.313100,33.7624
1,35,1.0800,54,0,35,2.585231,1.331350,33.7931
1,35,1.1000,55,0,35,2.550460,1.333303,33.8237
1,35,1.1200,56,0,35,3.188989,1.355386,33.8539
1,35,1.1400,57,0,35,2.963540,1.316637,33.8837
1,35,1.1600,58,0,35,3.172751,1.307210,33.9132
1,35,1.1800,59,0,35,3.387324,1.298025,33.9421
1,35,1.2000,60,0,35,3.572662,1.284821,33.9702
1,35,1.2200,61,0,35,3.676507,1.277782,33.9970
1,35,1.2400,62,0,35,3.818110,1.267040,34.0222
1,35,1.2600,63,0,35,3.920017,1.252949,34.0456
1,35,1.2800,64,0,35,3.951695,1.232035,34.0668
1,35,1.3000,65,0,35,4.042825,1.206730,34.0857
1,35,1.3200,66,0,35,4.067230,1.179071,34.1021
1,35,1.3400,67,0,35,4.081260,1.156111,34.1162
1,35,1.3600,68,0,35,4.112267,1.149521,34.1279
1,35,1.3800,69,0,35,4.152065,1.173240,34.1371
1,35,1.4000,70,0,35,4.189134,1.212496,34.1433
1,35,1.4200,71,0,35,4.234978,1.273667,34.1462
1,35,1.4400,72,0,35,4.289314,1.373509,34.1454
1,35,1.4600,73,0,35,4.351825,1.510032,34.1407
1,35,1.4800,74,0,35,4.422164,1.656510,34.1320
1,35,1.5000,75,0,35,4.499964,1.806817,34.1194
1,35,1.5200,76,0,35,4.584846,1.959312,34.1029
1,35,1.5400,77,0,35,4.676423,2.114241,34.0825
1,35,1.5600,78,0,35,4.774311,2.270585,34.0581
1,35,1.5800,79,0,35,4.878129,2.425265,34.0298
1,35,1.6000,80,0,35,4.987508,2.582098,33.9976
1,35,1.6200,81,0,35,5.102089,2.740879,33.9614
1,35,1.6400,82,0,35,5.189226,2.900109,33.9214
1,35,1.6600,83,0,35,5.305366,3.060536,33.8774
1,35,1.6800,84,0,35,5.421117,3.220627,33.8295
1,35,1.7000,85,0,35,5.540061,3.380933,33.7776
1,35,1.7200,86,0,35,5.665668,3.542497,33.7219
1,35,1.7400,87,0,35,5.797767,3.705265,33.6622
1,35,1.7600,88,0,35,5.963536,3.867665,33.5986
1,35,1.7800,89,0,35,6.120401,4.030874,33.5310
1,35,1.8000,90,0,35,6.296424,4.196011,33.4596
1,35,1.8200,91,0,35,6.489048,4.362185,33.3842
1,35,1.8400,92,0,35,6.681881,4.529299,33.3049
1,35,1.8600,93,0,35,6.874904,4.697278,33.2217
1,35,1.8800,94,0,35,7.068101,4.865960,33.1345
1,35,1.9000,95,0,35,7.261460,5.034942,33.0434
1,35,1.9200,96,0,35,7.454968,5.204208,32.9484
1,35,1.9400,97,0,35,7.648612,5.374469,32.8495
1,35,1.9600,98,0,35,7.842384,5.545643,32.7466
1,35,1.9800,99,0,35,8.036273,5.717465,32.6399
1,35,2.0000,100,0,35,8.230272,5.889812,32.5292
1,35,2.0200,101,0,35,8.424374,6.062610,32.4145
1,35,2.0400,102,0,35,8.618570,6.236874,32.2960
1,35,2.0600,103,0,35,8.812856,6.412269,32.1735
1,35,2.0800,104,0,35,9.007224,6.588013,32.0471
1,35,2.1000,105,0,35,9.201670,6.764080,31.9168
1,35,2.1200,106,0,35,9.396189,6.940419,31.7826
1,35,2.1400,107,0,35,9.590775,7.116990,31.6444
1,35,2.1600,108,0,35,9.785428,7.293770,31.5023
1,35,2.1800,109,0,35,9.980140,7.470748,31.3563
1,35,2.2000,110,0,35,10.174910,7.647919,31.2064
1,35,2.2200,111,0,35,10.369730,7.824202,31.0525
1,35,2.2400,112,0,35,10.564610,8.001804,30.8947
1,35,2.2600,113,0,35,10.759530,8.179703,30.7330
1,35,2.2800,114,0,35,10.954500,8.357622,30.5674
1,35,2.3000,115,0,35,11.149510,8.536170,30.3978
1,35,2.3200,116,0,35,11.344560,8.714482,30.2243
1,35,2.3400,117,0,35,11.539650,8.893058,30.0469
1,35,2.3600,118,0,35,11.734780,8.990294,29.8656
1,35,2.3800,119,0,35,11.929950,9.039336,29.6803
1,35,2.4000,120,0,35,12.125140,9.230063,29.4912
1,35,2.4200,121,0,35,11.607520,8.713779,29.2980
1,35,2.4400,122,0,35,11.799930,8.742768,29.1010
1,35,2.4600,123,0,35,11.992460,8.467298,28.9001
1,35,2.4800,124,0,35,12.185110,8.514438,28.6952
1,35,2.5000,125,0,35,12.377870,8.471799,28.4864
1,35,2.5200,126,0,35,12.570730,8.312215,28.2737
1,35,2.5400,127,0,35,12.763700,8.392254,28.0570
1,35,2.5600,128,0,35,12.956760,8.512942,27.8365
1,35,2.5800,129,0,35,13.149920,8.636703,27.6120
1,35,2.6000,130,0,35,13.343170,8.762841,27.3835
1,35,2.6200,131,0,35,13.536720,8.880873,27.1512
1,35,2.6400,132,0,35,13.731340,8.997836,26.9149
1,35,2.6600,133,0,35,13.926010,8.906998,26.6747
1,35,2.6800,134,0,35,14.120720,9.061496,26.4306
1,35,2.7000,135,0,35,14.315470,9.182844,26.1826
1,35,2.7200,136,0,35,14.510260,9.261264,25.9306
1,35,2.7400,137,0,35,14.556720,8.995136,25.6747
1,35,2.7600,138,0,35,14.528760,8.727729,25.4149
1,35,2.7800,139,0,35,14.653910,8.639729,25.1512
1,35,2.8000,140,0,35,14.651280,8.558997,24.8835
1,35,2.8200,141,0,35,14.847280,8.663468,24.6120
1,35,2.8400,142,0,35,14.907810,8.735444,24.3364
1,35,2.8600,143,0,35,14.889820,8.780972,24.0570
1,35,2.8800,144,0,35,15.000530,8.913114,23.7737
1,35,2.9000,145,0,35,15.196730,9.053954,23.4864
1,35,2.9200,146,0,35,15.342300,9.173023,23.1952
1,35,2.9400,147,0,35,15.538490,9.303193,22.9001
1,35,2.9600,148,0,35,15.410040,9.184848,22.6010
1,35,2.9800,149,1,34,15.606210,9.324503,22.2980
1,35,3.0000,150,1,34,15.802390,9.348947,21.9911
1,35,3.0200,151,1,34,15.998570,9.294917,21.6803
1,35,3.0400,152,1,34,16.194750,9.105270,21.3656
1,35,3.0600,153,1,34,16.317640,8.847777,21.0469
1,35,3.0800,154,1,34,16.415470,8.926984,20.7243
1,35,3.1000,155,1,34,16.611660,8.563620,20.3978
1,35,3.1200,156,1,34,16.807850,8.654993,20.0673
1,35,3.1400,157,1,34,17.004040,8.553880,19.7330
1,35,3.1600,158,1,34,17.000600,8.105178,19.3947
1,35,3.1800,159,1,34,17.196790,8.157354,19.0525
1,35,3.2000,160,1,34,17.392990,8.208151,18.7063
1,35,3.2200,161,1,34,17.589190,8.307184,18.3563
1,35,3.2400,162,1,34,17.785380,7.682687,18.0023
1,35,3.2600,163,1,34,17.915920,7.141313,17.6444
1,35,3.2800,164,1,34,17.338850,6.532090,17.2950
1,35,3.3000,165,1,34,15.568840,6.004684,16.9819
1,35,3.3200,166,1,34,13.419930,5.631603,16.7130
1,35,3.3400,167,1,34,11.410420,5.435453,16.4908
1,35,3.3600,168,1,34,11.639760,5.396789,16.3033
1,35,3.3800,169,1,34,13.003110,5.366083,16.1488
1,35,3.4000,170,1,34,15.572470,5.586327,16.0211
1,35,3.4200,171,1,34,15.818830,5.729849,15.9144
1,35,3.4400,172,1,34,16.349520,5.821808,15.8262
1,35,3.4600,173,1,34,16.534750,5.865934,15.7380
1,35,3.4800,174,1,34,16.649350,5.931716,15.6444
1,35,3.5000,175,1,34,16.820930,5.970949,15.5469
1,35,3.5200,176,1,34,16.951030,6.040787,15.4455
1,35,3.5400,177,1,34,17.063280,6.036975,15.3402
1,35,3.5600,178,1,34,17.177030,6.117458,15.2310
1,35,3.5800,179,1,34,17.292270,6.146505,15.1178
1,35,3.6000,180,1,34,17.408950,6.138456,15.0007
1,35,3.6200,181,1,34,17.527060,6.195901,14.8797
1,35,3.6400,182,1,34,17.646550,6.271849,14.7547
1,35,3.6600,183,1,34,17.767410,6.271551,14.6258
1,35,3.6800,184,1,34,17.889600,6.248164,14.4931
1,35,3.7000,185,1,34,18.013100,6.307320,14.3563
1,35,3.7200,186,2,33,18.137880,6.390092,14.2157
1,35,3.7400,187,2,33,18.263920,6.422872,14.0711
1,35,3.7600,188,2,33,18.391190,6.383961,13.9226
1,35,3.7800,189,2,33,18.519660,6.445568,13.7702
1,35,3.8000,190,2,33,18.649310,6.516365,13.6139
1,35,3.8200,191,2,33,18.780110,6.519075,13.4536
1,35,3.8400,192,2,33,18.912050,6.519791,13.2894
1,35,3.8600,193,2,33,19.045090,6.192312,13.1213
1,35,3.8800,194,2,33,19.179220,6.217913,12.9493
1,35,3.9000,195,2,33,19.314410,6.151537,12.7733
1,35,3.9200,196,2,33,19.450640,6.209172,12.5935
1,35,3.9400,197,2,33,17.815880,5.824975,12.4097
1,35,3.9600,198,2,33,17.967010,5.686835,12.2219
1,35,3.9800,199,2,33,15.462660,5.695018,12.0303
1,35,4.0000,200,2,33,15.585050,5.619066,11.8347
1,35,4.0200,201,1,34,14.933020,5.193708,11.6352
1,35,4.0400,202,1,34,15.104240,5.246215,11.4318
1,35,4.0600,203,1,34,15.276050,5.103547,11.2244
1,35,4.0800,204,1,34,15.448440,5.117942,11.0131
1,35,4.1000,205,1,34,15.621400,5.103169,10.7979
1,35,4.1200,206,1,34,15.794890,4.852821,10.5788
1,35,4.1400,207,1,34,15.253020,4.516789,10.3558
1,35,4.1600,208,1,34,15.449130,4.497327,10.1288
1,35,4.1800,209,1,34,15.645240,4.502712,9.8979
1,35,4.2000,210,2,33,15.841350,4.528393,9.6631
1,35,4.2200,211,1,34,13.901160,4.290319,9.4243
1,35,4.2400,212,1,34,14.096340,4.326085,9.1817
1,35,4.2600,213,1,34,14.291560,4.340703,8.9351
1,35,4.2800,214,1,34,14.486800,4.375489,8.6846
1,35,4.3000,215,1,34,14.682070,4.410966,8.4301
1,35,4.3200,216,1,34,14.877360,4.444367,8.1718
1,35,4.3400,217,1,34,15.072680,4.465226,7.9095
1,35,4.3600,218,1,34,15.268020,4.458391,7.6433
1,35,4.3800,219,1,34,15.463380,4.326872,7.3731
1,35,4.4000,220,1,34,15.264340,4.219903,7.0991
1,35,4.4200,221,1,34,14.305130,3.992452,6.8211
1,35,4.4400,222,1,34,14.499540,3.805461,6.5392
1,35,4.4600,223,1,34,14.694000,3.787068,6.2534
1,35,4.4800,224,1,34,14.888510,3.702795,5.9636
1,35,4.5000,225,2,33,15.083060,3.667317,5.6699
1,35,4.5200,226,2,33,15.277660,3.585840,5.3723
1,35,4.5400,227,2,33,15.472290,3.546207,5.0708
1,35,4.5600,228,2,33,15.666970,3.434758,4.7654
1,35,4.5800,229,2,33,15.582800,3.104167,4.4560
1,35,4.6000,230,2,33,15.777580,2.989962,4.1427
1,35,4.6200,231,2,33,11.237690,2.989942,3.9280
1,35,4.6400,232,2,33,11.294690,3.011128,3.7474
1,35,4.6600,233,2,33,11.482730,2.980516,3.5537
1,35,4.6800,234,2,33,8.003973,2.162301,3.4179
1,35,4.7000,235,2,33,8.055567,1.843699,3.4005
1,35,4.7200,236,2,33,8.111579,1.894660,3.4497
1,35,4.7400,237,2,33,8.171920,1.956202,3.5217
1,35,4.7600,238,2,33,8.236493,1.884538,3.5863
1,35,4.7800,239,2,33,8.305200,1.829305,3.6445
1,35,4.8000,240,2,33,8.377939,1.765252,3.6988
1,35,4.8200,241,2,33,8.454607,1.742590,3.7492
1,35,4.8400,242,2,33,8.535096,1.741288,3.7956
1,35,4.8600,243,2,33,8.619302,1.721272,3.8381
1,35,4.8800,244,2,33,8.707114,1.706028,3.8767
1,35,4.9000,245,4,31,8.798426,1.709083,3.9114
1,35,4.9200,246,4,31,8.352456,1.564578,3.9421
1,35,4.9400,247,5,30,7.207945,1.519983,3.9689
1,35,4.9600,248,5,30,7.237762,1.473911,3.9918
1,35,4.9800,249,5,30,6.222906,1.351936,4.0108
1,35,5.0000,250,5,30,6.346227,1.332891,4.0258
1,35,5.0200,251,5,30,6.473146,1.341251,4.0369
1,35,5.0400,252,5,30,6.603456,1.308850,4.0441
1,35,5.0600,253,6,29,6.736960,1.286511,4.0474
1,35,5.0800,254,6,29,6.873473,1.297702,4.0467
1,35,5.1000,255,6,29,7.012817,1.309127,4.0421
1,35,5.1200,256,6,29,7.154829,1.316034,4.0336
1,35,5.1400,257,6,29,7.299351,1.329426,4.0212
1,35,5.1600,258,6,29,7.446239,1.320065,4.0049
1,35,5.1800,259,8,27,7.595355,1.286962,3.9846
1,35,5.2000,260,7,28,7.746569,1.259431,3.9604
1,35,5.2200,261,7,28,7.899763,1.243245,3.9323
1,35,5.2400,262,8,27,8.054822,1.254896,3.9002
1,35,5.2600,263,8,27,4.467467,1.044053,3.8642
1,35,5.2800,264,9,26,4.533762,1.061454,3.8243
1,35,5.3000,265,8,27,4.312426,1.061756,3.7805
1,35,5.3200,266,8,27,4.341569,1.065726,3.7328
1,35,5.3400,267,8,27,4.400904,1.069522,3.6811
1,35,5.3600,268,8,27,4.468074,1.040697,3.6255
1,35,5.3800,269,9,26,4.542730,0.994336,3.5660
1,35,5.4000,270,9,26,4.624511,1.000511,3.5026
1,35,5.4200,271,9,26,4.713046,0.944014,3.4732
1,35,5.4400,272,9,26,4.807960,0.879204,3.4564
1,35,5.4600,273,12,23,4.908885,0.833369,3.4459
1,35,5.4800,274,12,23,4.655957,0.746131,3.4352
1,35,5.5000,275,13,22,4.733413,0.708929,3.4212
1,35,5.5200,276,13,22,4.817619,0.688131,3.4031
1,35,5.5400,277,13,22,4.908228,0.687205,3.3812
1,35,5.5600,278,14,21,5.004891,0.673599,3.3553
1,35,5.5800,279,14,21,4.448266,0.654223,3.3254
1,35,5.6000,280,14,21,4.469659,0.648820,3.2917
1,35,5.6200,281,14,21,4.500297,0.658317,3.2540
1,35,5.6400,282,14,21,4.539216,0.667328,3.2125
1,35,5.6600,283,14,21,4.586205,0.674611,3.1669
1,35,5.6800,284,14,21,4.641020,0.689972,3.1175
1,35,5.7000,285,14,21,3.110760,0.667162,3.0641
1,35,5.7200,286,15,20,3.039200,0.678187,3.0069
1,35,5.7400,287,16,19,3.207207,0.657788,2.9457
1,35,5.7600,288,15,20,3.394935,0.668134,2.8805
1,35,5.7800,289,15,20,3.583571,0.674215,2.8115
1,35,5.8000,290,14,21,3.772979,0.646812,2.7385
1,35,5.8200,291,14,21,3.963047,0.649848,2.6616
1,35,5.8400,292,15,20,4.153686,0.645421,2.5807
1,35,5.8600,293,15,20,4.344820,0.650066,2.4960
1,35,5.8800,294,16,19,4.536386,0.635706,2.4864
1,35,5.9000,295,16,19,4.728332,0.540010,2.4843
1,35,5.9200,296,16,19,4.920614,0.523848,2.4819
1,35,5.9400,297,16,19,5.113194,0.524886,2.4794
1,35,5.9600,298,16,19,5.306038,0.529500,2.4763
1,35,5.9800,299,16,19,5.499121,0.520095,2.4728
1,35,6.0000,300,17,18,5.692416,0.530920,2.4690
1,35,6.0200,301,17,18,5.885904,0.519475,2.4650
1,35,6.0400,302,17,18,6.079565,0.514476,2.4608
1,35,6.0600,303,17,18,6.273385,0.524283,2.4557
1,35,6.0800,304,16,19,3.295360,0.410172,2.4501
1,35,6.1000,305,16,19,2.798112,0.392435,2.4438
1,35,6.1200,306,16,19,2.839292,0.393624,2.4367
1,35,6.1400,307,16,19,2.893218,0.402026,2.4287
1,35,6.1600,308,16,19,2.959195,0.415290,2.4198
1,35,6.1800,309,17,18,2.603809,0.358644,2.4100
1,35,6.2000,310,17,18,2.759919,0.367168,2.3993
1,35,6.2200,311,17,18,2.920868,0.356097,2.3875
1,35,6.2400,312,17,18,3.085900,0.349789,2.3746
1,35,6.2600,313,17,18,3.254393,0.354580,2.3602
1,35,6.2800,314,17,18,3.425837,0.370301,2.3444
1,35,6.3000,315,18,17,3.599810,0.389311,2.3270
1,35,6.3200,316,18,17,3.775963,0.409300,2.3079
1,35,6.3400,317,19,16,3.954004,0.423006,2.2868
1,35,6.3600,318,19,16,4.133689,0.415944,2.2635
1,35,6.3800,319,19,16,2.316302,0.313864,2.2380
1,35,6.4000,320,19,16,2.434371,0.311536,2.2098
1,35,6.4200,321,19,16,2.554610,0.293847,2.1789
1,35,6.4400,322,19,16,2.683929,0.281196,2.1450
1,35,6.4600,323,19,16,2.815551,0.279709,2.1080
1,35,6.4800,324,19,16,2.956152,0.290116,2.0674
1,35,6.5000,325,20,15,3.099253,0.306438,2.0233
1,35,6.5200,326,19,16,3.250776,0.320736,1.9755
1,35,6.5400,327,19,16,3.199168,0.317367,1.9297
1,35,6.5600,328,20,15,3.204483,0.309970,1.8861
1,35,6.5800,329,20,15,3.294603,0.279951,1.8411
1,35,6.6000,330,20,15,3.421960,0.253422,1.7928
1,35,6.6200,331,20,15,2.484429,0.234154,1.7715
1,35,6.6400,332,20,15,2.411106,0.239008,1.7594
1,35,6.6600,333,20,15,2.507622,0.246491,1.7427
1,35,6.6800,334,20,15,2.585692,0.252142,1.7214
1,35,6.7000,335,20,15,2.648544,0.245044,1.6970
1,35,6.7200,336,20,15,2.690796,0.250032,1.6721
1,35,6.7400,337,20,15,2.741428,0.229800,1.6476
1,35,6.7600,338,21,14,2.813731,0.209221,1.6205
1,35,6.7800,339,22,13,2.376229,0.205028,1.6072
1,35,6.8000,340,22,13,2.200417,0.198358,1.6005
1,35,6.8200,341,22,13,2.167701,0.203228,1.5937
1,35,6.8400,342,22,13,2.146272,0.215055,1.5850
1,35,6.8600,343,22,13,2.136745,0.225888,1.5765
1,35,6.8800,344,22,13,1.857202,0.222787,1.5819
1,35,6.9000,345,22,13,1.713443,0.219098,1.5913
1,35,6.9200,346,22,13,1.627359,0.210856,1.5989
1,35,6.9400,347,23,12,1.560643,0.213025,1.6042
1,35,6.9600,348,23,12,1.536772,0.221419,1.6076
1,35,6.9800,349,22,13,1.483087,0.209433,1.6090
1,35,7.0000,350,22,13,1.577456,0.183574,1.6085
1,35,7.0200,351,22,13,1.626302,0.174801,1.6065
1,35,7.0400,352,22,13,1.485987,0.140134,1.6035
1,35,7.0600,353,22,13,1.509345,0.130875,1.5996
1,35,7.0800,354,22,13,1.593372,0.131213,1.5951
1,35,7.1000,355,22,13,1.701354,0.133747,1.5908
1,35,7.1200,356,23,12,1.519113,0.119913,1.5862
1,35,7.1400,357,24,11,1.501591,0.086524,1.5814
1,35,7.1600,358,24,11,1.505233,0.077225,1.5745
1,35,7.1800,359,24,11,1.522826,0.072208,1.5662
1,35,7.2000,360,24,11,1.550856,0.066992,1.5557
1,35,7.2200,361,24,11,1.591269,0.063578,1.5432
1,35,7.2400,362,24,11,1.645989,0.065985,1.5286
1,35,7.2600,363,24,11,1.715748,0.067120,1.5113
1,35,7.2800,364,24,11,1.794864,0.064946,1.4995
1,35,7.3000,365,24,11,1.898032,0.066777,1.4995
1,35,7.3200,366,24,11,2.020399,0.071879,1.4995
1,35,7.3400,367,25,10,2.155559,0.076229,1.4995
1,35,7.3600,368,25,10,2.299532,0.081874,1.4995
1,35,7.3800,369,25,10,2.450765,0.087097,1.4995
1,35,7.4000,370,25,10,2.607995,0.093583,1.4995
1,35,7.4200,371,25,10,2.770201,0.099428,1.4995
1,35,7.4400,372,25,10,2.936559,0.106980,1.4995
1,35,7.4600,373,25,10,3.106402,0.113225,1.4995
1,35,7.4800,374,26,9,3.279189,0.120017,1.4995
1,35,7.5000,375,26,9,3.454477,0.125987,1.4995
1,35,7.5200,376,26,9,3.631905,0.126525,1.4995
1,35,7.5400,377,26,9,3.811174,0.126696,1.4995
1,35,7.5600,378,27,8,3.992035,0.127240,1.4995
1,35,7.5800,379,27,8,4.174282,0.131731,1.4995
1,35,7.6000,380,28,7,4.357741,0.137822,1.4995
1,35,7.6200,381,28,7,4.542265,0.143859,1.4995
1,35,7.6400,382,28,7,1.698347,0.062913,1.4995
1,35,7.6600,383,28,7,1.458216,0.056158,1.4995
1,35,7.6800,384,28,7,1.368418,0.054146,1.4995
1,35,7.7000,385,28,7,1.396338,0.055820,1.4995
1,35,7.7200,386,28,7,1.408086,0.057330,1.4995
1,35,7.7400,387,28,7,0.891460,0.043703,1.4995
1,35,7.7600,388,28,7,0.729075,0.040222,1.4995
1,35,7.7800,389,28,7,0.666130,0.037906,1.4995
1,35,7.8000,390,28,7,0.711195,0.036505,1.4995
1,35,7.8200,391,28,7,0.759021,0.035673,1.4995
1,35,7.8400,392,28,7,0.809754,0.035650,1.4995
1,35,7.8600,393,28,7,0.863769,0.034891,1.4995
1,35,7.8800,394,28,7,0.920878,0.034673,1.4995
1,35,7.9000,395,28,7,0.981686,0.035905,1.4995
1,35,7.9200,396,28,7,1.045938,0.038839,1.4995
1,35,7.9400,397,28,7,1.114385,0.043811,1.4995
1,35,7.9600,398,33,2,1.186411,0.047634,1.4995
1,35,7.9800,399,33,2,1.263359,0.050408,1.4995
1,35,8.0000,400,33,2,1.343717,0.055037,1.4995
1,35,8.0200,401,33,2,1.430108,0.060246,1.4995
1,35,8.0400,402,33,2,1.519180,0.065562,1.4995
1,35,8.0600,403,33,2,1.616173,0.071166,1.4995
1,35,8.0800,404,33,2,1.330068,0.056962,1.4995
1,35,8.1000,405,33,2,0.559563,0.024809,1.4995
1,35,8.1200,406,33,2,0.463387,0.019120,1.4995
1,35,8.1400,407,33,2,0.362861,0.013237,1.4995
1,35,8.1600,408,33,2,0.263470,0.007649,1.4995
1,35,8.1800,409,33,2,0.165190,0.007657,1.4995
1,35,8.2000,410,33,2,0.204426,0.007769,1.4995
1,35,8.2200,411,33,2,0.306633,0.009616,1.4995
1,35,8.2400,412,33,2,0.231378,0.010252,1.4995
1,35,8.2600,413,33,2,0.225295,0.008044,1.4995
1,35,8.2800,414,33,2,0.323849,0.009828,1.4995
1,35,8.3000,415,33,2,0.423392,0.012669,1.4995
1,35,8.3200,416,33,2,0.524214,0.015214,1.4995
1,35,8.3400,417,33,2,0.474617,0.013628,1.4995
1,35,8.3600,418,33,2,0.094013,0.002729,1.4995
1,35,8.3800,419,33,2,0.031347,0.000926,1.4995
1,35,8.4000,420,33,2,0.072720,0.002098,1.4995
1,35,8.4200,421,33,2,0.028150,0.000812,1.4995
1,35,8.4400,422,33,2,0.004441,0.000130,1.4995
1,35,8.4600,423,33,2,0.005020,0.000148,1.4995
1,35,8.4800,424,33,2,0.003432,0.000101,1.4995
1,35,8.5000,425,34,1,0.001940,0.000055,1.4995
1,35,8.5200,426,34,1,0.000772,0.000022,1.4995
1,35,8.5400,427,34,1,0.000342,0.000010,1.4995
1,35,8.5600,428,34,1,0.000469,0.000013,1.4995
1,35,8.5800,429,34,1,0.000323,0.000009,1.4995
1,35,8.6000,430,34,1,0.000079,0.000002,1.4995
1,35,8.6200,431,34,1,0.000066,0.000002,1.4995
1,35,8.6400,432,34,1,0.000081,0.000002,1.4995
1,35,8.6600,433,34,1,0.000033,0.000001,1.4995
1,35,8.6800,434,34,1,0.000005,0.000000,1.4995
1,35,8.7000,435,34,1,0.000004,0.000000,1.4995
1,35,8.7200,436,34,1,0.000006,0.000000,1.4995
1,35,8.7400,437,34,1,0.000001,0.000000,1.4995
1,35,8.7600,438,35,0,0.000000,0.000000,1.4995
2,35,0.0200,1,0,35,0.000000,0.000000,34.5000
2,35,0.0400,2,0,35,0.196200,0.180519,34.4961
2,35,0.0600,3,0,35,0.392415,0.349561,34.4882
2,35,0.0800,4,0,35,0.588609,0.507140,34.4765
2,35,0.1000,5,0,35,0.784801,0.653180,34.4608
2,35,0.1200,6,0,35,0.980969,0.787624,34.4411
2,35,0.1400,7,0,35,1.177075,0.910431,34.4176
2,35,0.1600,8,0,35,1.372178,1.021572,34.3902
2,35,0.1800,9,0,35,1.564751,1.121014,34.3589
2,35,0.2000,10,0,35,1.751543,1.208779,34.3238
2,35,0.2200,11,0,35,1.928084,1.284805,34.2852
2,35,0.2400,12,0,35,2.088874,1.357619,34.2434
2,35,0.2600,13,0,35,2.228280,1.415869,34.1987
2,35,0.2800,14,0,35,2.341326,1.462129,34.1518
2,35,0.3000,15,0,35,2.424443,1.497402,34.1032
2,35,0.3200,16,0,35,2.475534,1.522120,34.0536
2,35,0.3400,17,0,35,2.494512,1.535893,34.0036
2,35,0.3600,18,0,35,2.483003,1.538519,33.9538
2,35,0.3800,19,0,35,2.444820,1.530265,33.9048
2,35,0.4000,20,0,35,2.385352,1.514403,33.8570
2,35,0.4200,21,0,35,2.311832,1.484401,33.8108
2,35,0.4400,22,0,35,2.231340,1.443842,33.7662
2,35,0.4600,23,0,35,2.148836,1.392043,33.7233
2,35,0.4800,24,0,35,2.061724,1.328725,33.6821
2,35,0.5000,25,0,35,1.965313,1.261603,33.6429
2,35,0.5200,26,0,35,1.851022,1.191967,33.6060
2,35,0.5400,27,0,35,1.717479,1.164236,33.5718
2,35,0.5600,28,0,35,1.567363,1.084699,33.5407
2,35,0.5800,29,0,35,1.400724,0.987248,33.5130
2,35,0.6000,30,0,35,1.223514,0.893958,33.4890
2,35,0.6200,31,0,35,1.102396,0.849910,33.4689
2,35,0.6400,32,0,35,1.061678,0.730505,33.4524
2,35,0.6600,33,0,35,1.334997,0.660003,33.4394
2,35,0.6800,34,0,35,0.908086,0.515391,33.4299
2,35,0.7000,35,0,35,0.980961,0.432182,33.4241
2,35,0.7200,36,0,35,0.763171,0.346431,33.4218
2,35,0.7400,37,0,35,0.988991,0.347064,33.4228
2,35,0.7600,38,0,35,0.983731,0.381104,33.4268
2,35,0.7800,39,0,35,1.423697,0.502007,33.4329
2,35,0.8000,40,0,35,1.180238,0.573647,33.4415
2,35,0.8200,41,0,35,1.390138,0.701811,33.4523
2,35,0.8400,42,0,35,1.257236,0.780424,33.4657
2,35,0.8600,43,0,35,1.304209,0.898263,33.4821
2,35,0.8800,44,0,35,1.214513,0.955723,33.5012
2,35,0.9000,45,0,35,1.910897,1.061388,33.5229
2,35,0.9200,46,0,35,1.585370,1.100923,33.5470
2,35,0.9400,47,0,35,1.473179,1.188309,33.5736
2,35,0.9600,48,0,35,1.740194,1.199074,33.6027
2,35,0.9800,49,0,35,1.684263,1.273130,33.6345
2,35,1.0000,50,0,35,1.796361,1.282326,33.6689
2,35,1.0200,51,0,35,1.893889,1.308921,33.7057
2,35,1.0400,52,0,35,1.964116,1.373691,33.7441
2,35,1.0600,53,0,35,2.005644,1.365050,33.7836
2,35,1.0800,54,0,35,2.021775,1.364022,33.8234
2,35,1.1000,55,0,35,2.018461,1.369385,33.8630
2,35,1.1200,56,0,35,1.990852,1.370597,33.9018
2,35,1.1400,57,0,35,1.936855,1.344419,33.9391
2,35,1.1600,58,0,35,1.857024,1.319888,33.9744
2,35,1.1800,59,0,35,1.756888,1.295237,34.0073
2,35,1.2000,60,0,35,1.642606,1.262705,34.0375
2,35,1.2200,61,0,35,1.754634,1.216430,34.0650
2,35,1.2400,62,0,35,1.828189,1.166891,34.0896
2,35,1.2600,63,0,35,1.766687,1.114835,34.1115
2,35,1.2800,64,0,35,1.822258,1.057561,34.1308
2,35,1.3000,65,0,35,1.850918,0.995813,34.1475
2,35,1.3200,66,0,35,1.969222,0.930230,34.1617
2,35,1.3400,67,0,35,2.067622,0.868714,34.1731
2,35,1.3600,68,0,35,2.115278,0.811910,34.1818
2,35,1.3800,69,0,35,2.204830,0.767644,34.1876
2,35,1.4000,70,0,35,2.301982,0.732179,34.1905
2,35,1.4200,71,0,35,2.411829,0.715220,34.1905
2,35,1.4400,72,0,35,2.532993,0.718262,34.1875
2,35,1.4600,73,0,35,2.645967,0.758823,34.1820
2,35,1.4800,74,0,35,2.763952,0.812578,34.1746
2,35,1.5000,75,0,35,2.942817,0.882385,34.1651
2,35,1.5200,76,0,35,3.086131,0.963031,34.1535
2,35,1.5400,77,0,35,3.291873,1.050012,34.1397
2,35,1.5600,78,0,35,3.421255,1.146838,34.1236
2,35,1.5800,79,0,35,3.629629,1.248701,34.1050
2,35,1.6000,80,0,35,3.699298,1.358371,34.0840
2,35,1.6200,81,0,35,3.952306,1.465139,34.0604
2,35,1.6400,82,0,35,4.095730,1.576391,34.0342
2,35,1.6600,83,0,35,4.314856,1.696137,34.0055
2,35,1.6800,84,0,35,4.474858,1.824221,33.9741
2,35,1.7000,85,0,35,4.629221,1.944143,33.9399
2,35,1.7200,86,0,35,4.796421,2.077035,33.9027
2,35,1.7400,87,0,35,4.965459,2.207496,33.8625
2,35,1.7600,88,0,35,5.158524,2.347083,33.8192
2,35,1.7800,89,0,35,5.346782,2.485129,33.7729
2,35,1.8000,90,0,35,5.456806,2.635382,33.7235
2,35,1.8200,91,0,35,5.553637,2.791177,33.6710
2,35,1.8400,92,0,35,5.655620,2.952786,33.6154
2,35,1.8600,93,0,35,5.762479,3.118213,33.5563
2,35,1.8800,94,0,35,5.873950,3.286548,33.4939
2,35,1.9000,95,0,35,5.989775,3.449468,33.4282
2,35,1.9200,96,0,35,6.109706,3.608247,33.3587
2,35,1.9400,97,0,35,6.233506,3.768964,33.2854
2,35,1.9600,98,0,35,6.360950,3.931029,33.2082
2,35,1.9800,99,0,35,6.491822,4.094461,33.1271
2,35,2.0000,100,0,35,6.625919,4.254353,33.0420
2,35,2.0200,101,0,35,6.763051,4.415171,32.9530
2,35,2.0400,102,0,35,6.903035,4.584213,32.8601
2,35,2.0600,103,0,35,7.045702,4.757977,32.7632
2,35,2.0800,104,0,35,7.190892,4.931588,32.6625
2,35,2.1000,105,0,35,7.338455,5.101037,32.5578
2,35,2.1200,106,0,35,7.488252,5.270000,32.4492
2,35,2.1400,107,0,35,7.640150,5.437952,32.3367
2,35,2.1600,108,0,35,7.794027,5.604611,32.2202
2,35,2.1800,109,0,35,7.949768,5.771557,32.0998
2,35,2.2000,110,0,35,8.107265,5.937762,31.9755
2,35,2.2200,111,0,35,8.266419,6.104298,31.8473
2,35,2.2400,112,0,35,8.427135,6.271379,31.7151
2,35,2.2600,113,0,35,8.589327,6.439669,31.5791
2,35,2.2800,114,0,35,8.752910,6.607709,31.4391
2,35,2.3000,115,0,35,8.917809,6.776263,31.2951
2,35,2.3200,116,0,35,9.083953,6.945458,31.1473
2,35,2.3400,117,0,35,9.251273,7.115589,30.9955
2,35,2.3600,118,0,35,9.419709,7.285322,30.8398
2,35,2.3800,119,0,35,9.589201,7.455444,30.6802
2,35,2.4000,120,0,35,9.759694,7.625637,30.5166
2,35,2.4200,121,0,35,9.931135,7.795921,30.3492
2,35,2.4400,122,0,35,10.103480,7.966312,30.1778
2,35,2.4600,123,0,35,10.276680,8.136959,30.0025
2,35,2.4800,124,0,35,10.450690,8.308348,29.8232
2,35,2.5000,125,0,35,10.625470,8.479381,29.6401
2,35,2.5200,126,0,35,10.800990,8.650685,29.4530
2,35,2.5400,127,0,35,10.977210,8.822100,29.2620
2,35,2.5600,128,0,35,11.154100,8.991067,29.0670
2,35,2.5800,129,0,35,11.331620,9.159864,28.8682
2,35,2.6000,130,0,35,11.509750,9.289755,28.6654
2,35,2.6200,131,0,35,11.688460,9.438000,28.4587
2,35,2.6400,132,0,35,11.867720,9.606474,28.2480
2,35,2.6600,133,0,35,12.047510,9.542262,28.0335
2,35,2.6800,134,0,35,12.227810,9.482455,27.8150
2,35,2.7000,135,0,35,12.211320,9.284530,27.5926
2,35,2.7200,136,0,35,12.405630,9.321899,27.3663
2,35,2.7400,137,0,35,12.600360,9.206390,27.1360
2,35,2.7600,138,0,35,12.795140,9.296800,26.9018
2,35,2.7800,139,0,35,12.989950,9.305114,26.6637
2,35,2.8000,140,0,35,13.184810,9.447983,26.4217
2,35,2.8200,141,0,35,13.379710,9.421143,26.1758
2,35,2.8400,142,0,35,13.574650,9.230773,25.9259
2,35,2.8600,143,0,35,13.606650,9.121106,25.6721
2,35,2.8800,144,0,35,13.802760,9.160075,25.4144
2,35,2.9000,145,0,35,13.998860,9.156527,25.1527
2,35,2.9200,146,0,35,14.036360,9.277079,24.8871
2,35,2.9400,147,0,35,14.232470,9.334964,24.6177
2,35,2.9600,148,0,35,14.428600,9.388675,24.3442
2,35,2.9800,149,0,35,14.614170,9.397889,24.0669
2,35,3.0000,150,0,35,14.809960,9.374663,23.7856
2,35,3.0200,151,0,35,15.005770,9.340597,23.5004
2,35,3.0400,152,0,35,15.201590,9.262205,23.2113
2,35,3.0600,153,0,35,15.168800,9.079432,22.9183
2,35,3.0800,154,0,35,15.364340,8.743602,22.6213
2,35,3.1000,155,0,35,15.559910,8.520371,22.3204
2,35,3.1200,156,0,35,15.522890,8.223957,22.0156
2,35,3.1400,157,0,35,15.718520,8.169059,21.7069
2,35,3.1600,158,0,35,15.874080,8.041623,21.3942
2,35,3.1800,159,0,35,16.053090,8.034808,21.0777
2,35,3.2000,160,0,35,16.089470,8.118736,20.7572
2,35,3.2200,161,0,35,16.285660,8.239072,20.4327
2,35,3.2400,162,0,35,16.481850,8.339115,20.1044
2,35,3.2600,163,0,35,16.624770,8.447815,19.7721
2,35,3.2800,164,0,35,16.809390,8.566333,19.4359
2,35,3.3000,165,0,35,16.776060,8.646031,19.0996
2,35,3.3200,166,0,35,16.500020,8.738093,18.7693
2,35,3.3400,167,0,35,16.659090,8.831655,18.4489
2,35,3.3600,168,0,35,16.851090,8.900823,18.1351
2,35,3.3800,169,0,35,17.043190,9.003373,17.8223
2,35,3.4000,170,0,35,17.235380,9.107968,17.5076
2,35,3.4200,171,0,35,17.427660,9.220963,17.1887
2,35,3.4400,172,0,35,17.523770,9.203212,16.8657
2,35,3.4600,173,0,35,17.720650,9.311531,16.5387
2,35,3.4800,174,0,35,17.916420,9.440384,16.2079
2,35,3.5000,175,0,35,18.112160,9.566239,15.8731
2,35,3.5200,176,0,35,18.307910,9.697209,15.5345
2,35,3.5400,177,0,35,18.503670,9.817865,15.1919
2,35,3.5600,178,0,35,18.699430,9.938344,14.8454
2,35,3.5800,179,0,35,18.895210,10.061880,14.4950
2,35,3.6000,180,0,35,19.091000,10.117310,14.1406
2,35,3.6200,181,0,35,18.890710,10.060900,13.7823
2,35,3.6400,182,0,35,18.776990,10.057390,13.4201
2,35,3.6600,183,0,35,18.903630,9.812414,13.0540
2,35,3.6800,184,0,35,19.018470,9.659420,12.6839
2,35,3.7000,185,0,35,19.222220,9.532039,12.3099
2,35,3.7200,186,0,35,19.426530,9.467196,11.9320
2,35,3.7400,187,0,35,19.477300,9.494381,11.5502
2,35,3.7600,188,0,35,19.571050,8.266134,11.1645
2,35,3.7800,189,0,35,19.713500,7.569910,10.7748
2,35,3.8000,190,0,35,19.803710,7.674665,10.3812
2,35,3.8200,191,1,34,19.908650,6.852214,9.9837
2,35,3.8400,192,1,34,18.916770,6.533004,9.6204
2,35,3.8600,193,1,34,19.042700,6.011192,9.4564
2,35,3.8800,194,1,34,19.169800,5.208962,9.3302
2,35,3.9000,195,1,34,14.522230,5.036173,9.2644
2,35,3.9200,196,1,34,14.681990,4.844201,9.2422
2,35,3.9400,197,1,34,14.842630,4.489538,9.2316
2,35,3.9600,198,1,34,10.993420,4.215015,9.2118
2,35,3.9800,199,1,34,10.832800,4.229967,9.1877
2,35,4.0000,200,1,34,10.936250,4.250861,9.1597
2,35,4.0200,201,1,34,11.042220,4.146976,9.1277
2,35,4.0400,202,1,34,11.150640,4.167448,9.0919
2,35,4.0600,203,1,34,11.261430,4.188863,9.0521
2,35,4.0800,204,1,34,11.374530,4.206404,9.0084
2,35,4.1000,205,1,34,11.489860,4.222599,8.9608
2,35,4.1200,206,1,34,11.607360,4.179734,8.9092
2,35,4.1400,207,1,34,11.726970,4.141381,8.8538
2,35,4.1600,208,1,34,11.848620,4.070444,8.7944
2,35,4.1800,209,1,34,11.972250,4.025668,8.7310
2,35,4.2000,210,1,34,12.097800,3.952482,8.6638
2,35,4.2200,211,1,34,12.225210,3.965448,8.5926
2,35,4.2400,212,1,34,12.354420,3.994874,8.5175
2,35,4.2600,213,1,34,12.485380,3.913189,8.4385
2,35,4.2800,214,1,34,12.618030,3.938628,8.3556
2,35,4.3000,215,1,34,12.752310,3.825279,8.2687
2,35,4.3200,216,1,34,12.888190,3.853325,8.1779
2,35,4.3400,217,1,34,10.086310,3.529706,8.0832
2,35,4.3600,218,0,35,10.239580,3.497529,7.9845
2,35,4.3800,219,0,35,10.394300,3.465821,7.8820
2,35,4.4000,220,0,35,10.550390,3.445984,7.7755
2,35,4.4200,221,1,34,10.707810,3.475846,7.6651
2,35,4.4400,222,1,34,10.866490,3.458369,7.5507
2,35,4.4600,223,1,34,11.026370,3.476466,7.4325
2,35,4.4800,224,1,34,11.187420,3.365753,7.3103
2,35,4.5000,225,1,34,11.349570,3.305985,7.1842
2,35,4.5200,226,1,34,10.803860,3.167014,7.0542
2,35,4.5400,227,1,34,10.972150,3.041175,6.9202
2,35,4.5600,228,1,34,11.141350,3.045096,6.7823
2,35,4.5800,229,1,34,9.921187,2.933250,6.6405
2,35,4.6000,230,1,34,10.081570,2.842682,6.4948
2,35,4.6200,231,1,34,10.243190,2.732512,6.3451
2,35,4.6400,232,1,34,10.406010,2.710197,6.1916
2,35,4.6600,233,1,34,10.569960,2.713524,6.0341
2,35,4.6800,234,1,34,10.734990,2.689909,5.8726
2,35,4.7000,235,1,34,10.305860,2.653234,5.7073
2,35,4.7200,236,1,34,10.475210,2.651703,5.5380
2,35,4.7400,237,1,34,10.645470,2.612004,5.3648
2,35,4.7600,238,1,34,10.816620,2.572211,5.1877
2,35,4.7800,239,1,34,10.417550,2.512647,5.0067
2,35,4.8000,240,1,34,10.488470,2.431329,4.8217
2,35,4.8200,241,1,34,10.562550,2.318670,4.6328
2,35,4.8400,242,1,34,10.639740,2.307542,4.4400
2,35,4.8600,243,1,34,10.788210,2.312894,4.2432
2,35,4.8800,244,1,34,10.967410,2.292634,4.0426
2,35,4.9000,245,1,34,11.147180,2.303648,3.8380
2,35,4.9200,246,1,34,11.327490,2.242774,3.6295
2,35,4.9400,247,1,34,11.508330,2.262903,3.4170
2,35,4.9600,248,1,34,11.689660,2.261971,3.2007
2,35,4.9800,249,1,34,11.871460,2.266181,2.9804
2,35,5.0000,250,1,34,12.053720,2.217772,2.7562
2,35,5.0200,251,2,33,12.236400,2.230625,2.5281
2,35,5.0400,252,2,33,12.419500,2.063951,2.2960
2,35,5.0600,253,3,32,12.602990,1.985839,2.0600
2,35,5.0800,254,3,32,12.786860,1.933714,1.8771
2,35,5.1000,255,2,33,12.971090,1.912439,1.7961
2,35,5.1200,256,2,33,13.155670,1.837083,1.7400
2,35,5.1400,257,2,33,13.340580,1.739842,1.6762
2,35,5.1600,258,2,33,13.525810,1.724756,1.6084
2,35,5.1800,259,2,33,10.346620,1.625430,1.5367
2,35,5.2000,260,2,33,8.461646,1.517048,1.5285
2,35,5.2200,261,2,33,8.551119,1.521466,1.5319
2,35,5.2400,262,2,33,8.644119,1.414945,1.5343
2,35,5.2600,263,2,33,8.740535,1.364732,1.5360
2,35,5.2800,264,2,33,8.840254,1.352867,1.5365
2,35,5.3000,265,2,33,8.943166,1.337454,1.5359
2,35,5.3200,266,2,33,9.049162,1.346394,1.5339
2,35,5.3400,267,2,33,9.158135,1.342650,1.5305
2,35,5.3600,268,2,33,9.269980,1.302270,1.5274
2,35,5.3800,269,2,33,8.504851,1.270420,1.5260
2,35,5.4000,270,2,33,8.594383,1.271926,1.5248
2,35,5.4200,271,2,33,8.032665,1.126096,1.5236
2,35,5.4400,272,3,32,5.911310,1.048358,1.5219
2,35,5.4600,273,4,31,5.790468,1.020217,1.5199
2,35,5.4800,274,4,31,5.673839,0.975758,1.5174
2,35,5.5000,275,4,31,5.561687,0.936958,1.5156
2,35,5.5200,276,4,31,5.454288,0.930833,1.5146
2,35,5.5400,277,4,31,5.351930,0.921357,1.5137
2,35,5.5600,278,4,31,5.254905,0.921232,1.5128
2,35,5.5800,279,5,30,5.163516,0.915523,1.5115
2,35,5.6000,280,5,30,5.078066,0.841013,1.5098
2,35,5.6200,281,5,30,4.998860,0.835988,1.5076
2,35,5.6400,282,5,30,4.926198,0.792280,1.5047
2,35,5.6600,283,6,29,4.860376,0.778134,1.5013
2,35,5.6800,284,6,29,4.801673,0.679170,1.5005
2,35,5.7000,285,6,29,4.750354,0.661423,1.5026
2,35,5.7200,286,6,29,4.706661,0.652406,1.5060
2,35,5.7400,287,6,29,4.670807,0.644018,1.5085
2,35,5.7600,288,8,27,4.642973,0.615533,1.5099
2,35,5.7800,289,8,27,4.623306,0.599625,1.5104
2,35,5.8000,290,8,27,4.611909,0.538238,1.5103
2,35,5.8200,291,9,26,4.608843,0.517509,1.5093
2,35,5.8400,292,9,26,4.614126,0.484483,1.5074
2,35,5.8600,293,10,25,4.627728,0.479777,1.5044
2,35,5.8800,294,10,25,4.649577,0.444906,1.5014
2,35,5.9000,295,11,24,4.679557,0.436983,1.5001
2,35,5.9200,296,11,24,4.717514,0.436344,1.4996
2,35,5.9400,297,11,24,4.763255,0.438192,1.5000
2,35,5.9600,298,11,24,4.816561,0.443072,1.5010
2,35,5.9800,299,11,24,4.877182,0.452185,1.5022
2,35,6.0000,300,11,24,4.944849,0.461355,1.5033
2,35,6.0200,301,11,24,5.019278,0.462400,1.5052
2,35,6.0400,302,11,24,5.100173,0.456135,1.5053
2,35,6.0600,303,11,24,5.187231,0.422517,1.5044
2,35,6.0800,304,11,24,5.280147,0.429540,1.5024
2,35,6.1000,305,11,24,5.378617,0.413621,1.5005
2,35,6.1200,306,11,24,5.482344,0.396515,1.4999
2,35,6.1400,307,11,24,5.591033,0.392075,1.4998
2,35,6.1600,308,11,24,5.704401,0.400517,1.4999
2,35,6.1800,309,11,24,5.300569,0.401832,1.4999
2,35,6.2000,310,12,23,5.346211,0.398727,1.5000
2,35,6.2200,311,12,23,5.398602,0.401075,1.4999
2,35,6.2400,312,12,23,5.457548,0.409512,1.4999
2,35,6.2600,313,13,22,5.522837,0.417315,1.4998
2,35,6.2800,314,13,22,5.594250,0.414377,1.4998
2,35,6.3000,315,13,22,5.671553,0.398963,1.4998
2,35,6.3200,316,14,21,5.754510,0.407355,1.4998
2,35,6.3400,317,14,21,2.637297,0.300730,1.4998
2,35,6.3600,318,14,21,2.590063,0.303228,1.4998
2,35,6.3800,319,14,21,2.557051,0.305260,1.4998
2,35,6.4000,320,14,21,2.538814,0.292702,1.4998
2,35,6.4200,321,14,21,2.535672,0.280547,1.4998
2,35,6.4400,322,14,21,2.322108,0.263036,1.4999
2,35,6.4600,323,14,21,2.271744,0.245228,1.4999
2,35,6.4800,324,15,20,2.227309,0.223841,1.4998
2,35,6.5000,325,16,19,2.190190,0.223281,1.4998
2,35,6.5200,326,18,17,2.164337,0.212593,1.4998
2,35,6.5400,327,18,17,2.148737,0.211447,1.4998
2,35,6.5600,328,27,8,2.142978,0.198092,1.4998
2,35,6.5800,329,27,8,2.147023,0.193389,1.4998
2,35,6.6000,330,27,8,2.160857,0.194996,1.4998
2,35,6.6200,331,27,8,2.184428,0.201829,1.4998
2,35,6.6400,332,27,8,2.217650,0.195443,1.4998
2,35,6.6600,333,27,8,2.260408,0.196579,1.4998
2,35,6.6800,334,27,8,2.312556,0.199230,1.4998
2,35,6.7000,335,27,8,2.373923,0.184200,1.4998
2,35,6.7200,336,27,8,2.444302,0.184028,1.4998
2,35,6.7400,337,28,7,2.523388,0.181354,1.4998
2,35,6.7600,338,28,7,2.049084,0.136241,1.4998
2,35,6.7800,339,28,7,1.535138,0.115083,1.4998
2,35,6.8000,340,28,7,1.478842,0.109101,1.4998
2,35,6.8200,341,28,7,1.413198,0.103459,1.4998
2,35,6.8400,342,28,7,1.387645,0.101787,1.4998
2,35,6.8600,343,28,7,1.431473,0.106339,1.4998
2,35,6.8800,344,28,7,1.481338,0.113935,1.4998
2,35,6.9000,345,28,7,1.535849,0.122134,1.4998
2,35,6.9200,346,28,7,1.596830,0.130962,1.4998
2,35,6.9400,347,28,7,1.662261,0.137569,1.4998
2,35,6.9600,348,28,7,1.734817,0.129833,1.4998
2,35,6.9800,349,28,7,1.811369,0.122796,1.4998
2,35,7.0000,350,28,7,1.896065,0.127691,1.4998
2,35,7.0200,351,30,5,1.983775,0.119333,1.4998
2,35,7.0400,352,30,5,2.078807,0.114828,1.4998
2,35,7.0600,353,30,5,2.112193,0.113834,1.4998
2,35,7.0800,354,30,5,1.398569,0.092728,1.4998
2,35,7.1000,355,30,5,1.414659,0.091466,1.4998
2,35,7.1200,356,30,5,1.501080,0.092494,1.4998
2,35,7.1400,357,30,5,1.590174,0.094015,1.4998
2,35,7.1600,358,30,5,1.687761,0.097022,1.4998
2,35,7.1800,359,30,5,1.532077,0.083820,1.4998
2,35,7.2000,360,30,5,1.599273,0.067936,1.4998
2,35,7.2200,361,30,5,1.592893,0.067080,1.4998
2,35,7.2400,362,31,4,0.826950,0.044962,1.4998
2,35,7.2600,363,31,4,0.711708,0.041559,1.4998
2,35,7.2800,364,31,4,0.697711,0.036666,1.4998
2,35,7.3000,365,31,4,0.683632,0.029950,1.4998
2,35,7.3200,366,31,4,0.693689,0.027550,1.4998
2,35,7.3400,367,31,4,0.721989,0.031063,1.4998
2,35,7.3600,368,31,4,0.768236,0.037279,1.4998
2,35,7.3800,369,32,3,0.694550,0.039107,1.4998
2,35,7.4000,370,32,3,0.454542,0.033603,1.4998
2,35,7.4200,371,32,3,0.511808,0.035924,1.4998
2,35,7.4400,372,32,3,0.571569,0.040957,1.4998
2,35,7.4600,373,32,3,0.633262,0.044776,1.4998
2,35,7.4800,374,32,3,0.697192,0.036829,1.4998
2,35,7.5000,375,32,3,0.763966,0.037800,1.4998
2,35,7.5200,376,32,3,0.833467,0.043754,1.4998
2,35,7.5400,377,32,3,0.906041,0.048351,1.4998
2,35,7.5600,378,32,3,0.982001,0.047806,1.4998
2,35,7.5800,379,32,3,1.061106,0.040416,1.4998
2,35,7.6000,380,32,3,1.144419,0.034758,1.4998
2,35,7.6200,381,32,3,1.230730,0.037747,1.4998
2,35,7.6400,382,32,3,1.322548,0.041895,1.4998
2,35,7.6600,383,32,3,1.416370,0.042042,1.4998
2,35,7.6800,384,32,3,1.336221,0.038442,1.4998
2,35,7.7000,385,32,3,0.392706,0.011478,1.4998
2,35,7.7200,386,32,3,0.289755,0.008420,1.4998
2,35,7.7400,387,32,3,0.186187,0.005355,1.4998
2,35,7.7600,388,32,3,0.083703,0.002408,1.4998
2,35,7.7800,389,32,3,0.017077,0.000506,1.4998
2,35,7.8000,390,32,3,0.117765,0.003372,1.4998
2,35,7.8200,391,32,3,0.219046,0.006259,1.4998
2,35,7.8400,392,32,3,0.320864,0.009170,1.4998
2,35,7.8600,393,32,3,0.307202,0.008779,1.4998
2,35,7.8800,394,33,2,0.140322,0.004010,1.4998
2,35,7.9000,395,33,2,0.017565,0.000502,1.4998
2,35,7.9200,396,33,2,0.070136,0.002005,1.4998
2,35,7.9400,397,33,2,0.045516,0.001301,1.4998
2,35,7.9600,398,34,1,0.010716,0.000306,1.4998
2,35,7.9800,399,34,1,0.004610,0.000132,1.4998
2,35,8.0000,400,34,1,0.004036,0.000115,1.4998
2,35,8.0200,401,34,1,0.001434,0.000041,1.4998
2,35,8.0400,402,34,1,0.000127,0.000004,1.4998
2,35,8.0600,403,34,1,0.000243,0.000007,1.4998
2,35,8.0800,404,34,1,0.000109,0.000003,1.4998
2,35,8.1000,405,34,1,0.000040,0.000001,1.4998
2,35,8.1200,406,34,1,0.000044,0.000001,1.4998
2,35,8.1400,407,34,1,0.000031,0.000001,1.4998
2,35,8.1600,408,34,1,0.000025,0.000001,1.4998
2,35,8.1800,409,34,1,0.000033,0.000001,1.4998
2,35,8.2000,410,34,1,0.000033,0.000001,1.4998
2,35,8.2200,411,34,1,0.000033,0.000001,1.4998
2,35,8.2400,412,34,1,0.000034,0.000001,1.4998
2,35,8.2600,413,34,1,0.000037,0.000001,1.4998
2,35,8.2800,414,34,1,0.000028,0.000001,1.4998
2,35,8.3000,415,34,1,0.000036,0.000001,1.4998
2,35,8.3200,416,35,0,0.000000,0.000000,1.4998
3,35,0.0200,1,0,35,0.000000,0.000000,34.5000
3,35,0.0400,2,0,35,0.196200,0.180524,34.4961
3,35,0.0600,3,0,35,0.392421,0.349563,34.4882
3,35,0.0800,4,0,35,0.588610,0.507144,34.4765
3,35,0.1000,5,0,35,0.784801,0.653195,34.4608
3,35,0.1200,6,0,35,0.980969,0.787654,34.4411
3,35,0.1400,7,0,35,1.177073,0.910475,34.4176
3,35,0.1600,8,0,35,1.372174,1.021627,34.3902
3,35,0.1800,9,0,35,1.564751,1.121064,34.3589
3,35,0.2000,10,0,35,1.751531,1.208824,34.3238
3,35,0.2200,11,0,35,1.928058,1.284833,34.2852
3,35,0.2400,12,0,35,2.088778,1.359862,34.2434
3,35,0.2600,13,0,35,2.228175,1.419970,34.1987
3,35,0.2800,14,0,35,2.341171,1.468515,34.1518
3,35,0.3000,15,0,35,2.424224,1.505792,34.1032
3,35,0.3200,16,0,35,2.475260,1.532275,34.0536
3,35,0.3400,17,0,35,2.494193,1.546846,34.0036
3,35,0.3600,18,0,35,2.483306,1.549431,33.9538
3,35,0.3800,19,0,35,2.446760,1.540837,33.9048
3,35,0.4000,20,0,35,2.389632,1.517485,33.8570
3,35,0.4200,21,0,35,2.318451,1.485462,33.8106
3,35,0.4400,22,0,35,2.239626,1.443363,33.7658
3,35,0.4600,23,0,35,2.158111,1.402732,33.7227
3,35,0.4800,24,0,35,2.071447,1.349872,33.6813
3,35,0.5000,25,0,35,1.974935,1.285495,33.6419
3,35,0.5200,26,0,35,1.859658,1.211261,33.6048
3,35,0.5400,27,0,35,1.721018,1.176881,33.5706
3,35,0.5600,28,0,35,1.562092,1.087089,33.5395
3,35,0.5800,29,0,35,1.396134,0.967164,33.5120
3,35,0.6000,30,0,35,1.224547,0.928734,33.4880
3,35,0.6200,31,0,35,1.060436,0.819663,33.4679
3,35,0.6400,32,0,35,1.187831,0.762275,33.4516
3,35,0.6600,33,0,35,1.112129,0.649213,33.4393
3,35,0.6800,34,0,35,1.187819,0.620739,33.4307
3,35,0.7000,35,0,35,1.151021,0.481197,33.4255
3,35,0.7200,36,0,35,1.296113,0.438351,33.4234
3,35,0.7400,37,0,35,1.272138,0.394645,33.4244
3,35,0.7600,38,0,35,1.580065,0.412214,33.4271
3,35,0.7800,39,0,35,1.738479,0.495344,33.4324
3,35,0.8000,40,0,35,1.764865,0.571528,33.4401
3,35,0.8200,41,0,35,1.675929,0.654344,33.4502
3,35,0.8400,42,0,35,1.671008,0.751802,33.4624
3,35,0.8600,43,0,35,2.337963,0.824886,33.4765
3,35,0.8800,44,0,35,1.998262,0.903927,33.4927
3,35,0.9000,45,0,35,1.996336,1.019706,33.5112
3,35,0.9200,46,0,35,2.008007,1.071208,33.5316
3,35,0.9400,47,0,35,1.783451,1.134647,33.5539
3,35,0.9600,48,0,35,2.021825,1.186037,33.5778
3,35,0.9800,49,0,35,1.664969,1.218156,33.6032
3,35,1.0000,50,0,35,2.156803,1.254000,33.6302
3,35,1.0200,51,0,35,2.318508,1.306447,33.6584
3,35,1.0400,52,0,35,2.032097,1.271110,33.6877
3,35,1.0600,53,0,35,2.135572,1.303945,33.7180
3,35,1.0800,54,0,35,2.309373,1.309841,33.7494
3,35,1.1000,55,0,35,2.278319,1.316131,33.7813
3,35,1.1200,56,0,35,2.434538,1.317976,33.8135
3,35,1.1400,57,0,35,2.425942,1.303958,33.8457
3,35,1.1600,58,0,35,2.289646,1.295988,33.8773
3,35,1.1800,59,0,35,2.561664,1.303098,33.9080
3,35,1.2000,60,0,35,2.489756,1.305909,33.9379
3,35,1.2200,61,0,35,2.961766,1.297065,33.9666
3,35,1.2400,62,0,35,2.874377,1.274749,33.9939
3,35,1.2600,63,0,35,3.181287,1.265428,34.0194
3,35,1.2800,64,0,35,3.306505,1.250182,34.0431
3,35,1.3000,65,0,35,3.753691,1.228032,34.0647
3,35,1.3200,66,0,35,3.969947,1.201230,34.0841
3,35,1.3400,67,0,35,4.050778,1.179592,34.1012
3,35,1.3600,68,0,35,4.053940,1.168661,34.1155
3,35,1.3800,69,0,35,4.076962,1.177307,34.1270
3,35,1.4000,70,0,35,4.106100,1.207111,34.1355
3,35,1.4200,71,0,35,4.138691,1.255387,34.1407
3,35,1.4400,72,0,35,4.179132,1.332138,34.1423
3,35,1.4600,73,0,35,4.228298,1.450067,34.1400
3,35,1.4800,74,0,35,4.285890,1.593765,34.1340
3,35,1.5000,75,0,35,4.351573,1.748048,34.1239
3,35,1.5200,76,0,35,4.424988,1.908171,34.1100
3,35,1.5400,77,0,35,4.505756,2.072341,34.0921
3,35,1.5600,78,0,35,4.593490,2.239514,34.0703
3,35,1.5800,79,0,35,4.687797,2.408031,34.0446
3,35,1.6000,80,0,35,4.788291,2.578028,34.0149
3,35,1.6200,81,0,35,4.894588,2.749963,33.9813
3,35,1.6400,82,0,35,5.006322,2.924628,33.9438
3,35,1.6600,83,0,35,5.123135,3.100129,33.9024
3,35,1.6800,84,0,35,5.244688,3.277193,33.8571
3,35,1.7000,85,0,35,5.370659,3.455591,33.8078
3,35,1.7200,86,0,35,5.500745,3.635005,33.7546
3,35,1.7400,87,0,35,5.634661,3.815300,33.6975
3,35,1.7600,88,0,35,5.772140,3.996389,33.6364
3,35,1.7800,89,0,35,5.912933,4.178185,33.5715
3,35,1.8000,90,1,34,6.056810,4.360606,33.5026
3,35,1.8200,91,0,35,6.203556,4.543595,33.4297
3,35,1.8400,92,0,35,6.352973,4.727091,33.3530
3,35,1.8600,93,0,35,6.504875,4.911048,33.2723
3,35,1.8800,94,0,35,6.660360,5.095408,33.1878
3,35,1.9000,95,0,35,6.848847,5.280164,33.0992
3,35,1.9200,96,0,35,7.037755,5.465269,33.0068
3,35,1.9400,97,0,35,7.227053,5.650692,32.9105
3,35,1.9600,98,0,35,7.416709,5.836409,32.8102
3,35,1.9800,99,0,35,7.606697,6.022393,32.7060
3,35,2.0000,100,0,35,7.796992,6.208625,32.5978
3,35,2.0200,101,0,35,7.987574,6.276837,32.4858
3,35,2.0400,102,0,35,8.178421,6.287998,32.3698
3,35,2.0600,103,0,35,8.369516,6.441918,32.2499
3,35,2.0800,104,0,35,8.560842,6.612411,32.1261
3,35,2.1000,105,0,35,8.752384,6.696119,31.9983
3,35,2.1200,106,0,35,8.944128,6.631190,31.8666
3,35,2.1400,107,0,35,9.136061,6.783267,31.7310
3,35,2.1600,108,0,35,9.328172,6.953463,31.5915
3,35,2.1800,109,0,35,9.520449,7.123644,31.4481
3,35,2.2000,110,0,35,9.712883,7.282020,31.3007
3,35,2.2200,111,0,35,9.905465,7.436414,31.1494
3,35,2.2400,112,1,34,10.098190,7.596129,30.9942
3,35,2.2600,113,1,34,10.291040,7.678215,30.8350
3,35,2.2800,114,1,34,10.484020,7.827560,30.6720
3,35,2.3000,115,1,34,10.677110,7.970068,30.5050
3,35,2.3200,116,1,34,10.870320,8.124400,30.3341
3,35,2.3400,117,1,34,11.063630,8.287020,30.1592
3,35,2.3600,118,1,34,11.257040,8.353497,29.9805
3,35,2.3800,119,1,34,11.450550,8.516829,29.7978
3,35,2.4000,120,1,34,11.644140,8.682018,29.6112
3,35,2.4200,121,1,34,11.837820,8.646632,29.4206
3,35,2.4400,122,1,34,12.031590,8.810832,29.2262
3,35,2.4600,123,1,34,12.225430,8.938710,29.0278
3,35,2.4800,124,1,34,12.419340,8.903315,28.8255
3,35,2.5000,125,2,33,12.613330,8.970369,28.6192
3,35,2.5200,126,2,33,12.807380,8.827406,28.4091
3,35,2.5400,127,2,33,13.001500,8.953292,28.1950
3,35,2.5600,128,2,33,12.956430,8.721152,27.9770
3,35,2.5800,129,2,33,13.149390,8.846649,27.7551
3,35,2.6000,130,2,33,13.342440,8.966533,27.5292
3,35,2.6200,131,2,33,13.535580,9.065260,27.2994
3,35,2.6400,132,3,32,13.728820,9.193792,27.0657
3,35,2.6600,133,3,32,13.916760,9.073634,26.8281
3,35,2.6800,134,3,32,14.023030,8.763543,26.5866
3,35,2.7000,135,3,32,14.217960,8.864430,26.3411
3,35,2.7200,136,3,32,14.409400,8.688644,26.0917
3,35,2.7400,137,3,32,14.260620,8.770697,25.8384
3,35,2.7600,138,3,32,14.456680,8.848693,25.5811
3,35,2.7800,139,3,32,14.652740,8.954692,25.3200
3,35,2.8000,140,3,32,14.848800,8.975778,25.0549
3,35,2.8200,141,3,32,14.585260,8.953987,24.7859
3,35,2.8400,142,3,32,14.781450,9.008536,24.5129
3,35,2.8600,143,3,32,14.977640,9.115377,24.2361
3,35,2.8800,144,3,32,15.173830,9.225416,23.9553
3,35,2.9000,145,3,32,15.081920,9.343339,23.6706
3,35,2.9200,146,3,32,15.278110,9.455100,23.3819
3,35,2.9400,147,2,33,15.474290,8.716252,23.0894
3,35,2.9600,148,2,33,15.670480,8.315418,22.7929
3,35,2.9800,149,2,33,15.662290,7.976708,22.4925
3,35,3.0000,150,2,33,15.858480,7.806503,22.1881
3,35,3.0200,151,2,33,16.050370,7.654616,21.8799
3,35,3.0400,152,2,33,16.083160,7.647342,21.5677
3,35,3.0600,153,2,33,16.279270,7.694264,21.2516
3,35,3.0800,154,2,33,16.270650,7.782951,20.9316
3,35,3.1000,155,2,33,16.355890,7.873000,20.6076
3,35,3.1200,156,2,33,16.491610,7.937337,20.2798
3,35,3.1400,157,2,33,16.687810,8.044964,19.9480
3,35,3.1600,158,2,33,16.852790,8.138998,19.6122
3,35,3.1800,159,2,33,16.991010,8.232876,19.2726
3,35,3.2000,160,2,33,16.995480,8.331282,18.9315
3,35,3.2200,161,2,33,15.850610,8.227044,18.6123
3,35,3.2400,162,2,33,14.562190,8.343766,18.3216
3,35,3.2600,163,2,33,14.771980,7.818209,18.0482
3,35,3.2800,164,2,33,14.648570,7.354395,17.7838
3,35,3.3000,165,2,33,14.362330,7.022640,17.5207
3,35,3.3200,166,2,33,15.578580,6.998368,17.2551
3,35,3.3400,167,1,34,13.650210,6.254082,16.9860
3,35,3.3600,168,1,34,13.753490,5.859571,16.7143
3,35,3.3800,169,1,34,13.660650,5.596638,16.4441
3,35,3.4000,170,1,34,14.215430,5.809053,16.1797
3,35,3.4200,171,1,34,14.337110,5.811568,15.9279
3,35,3.4400,172,1,34,14.744990,6.003093,15.6859
3,35,3.4600,173,1,34,15.490510,6.132516,15.4508
3,35,3.4800,174,1,34,15.524170,6.209364,15.2135
3,35,3.5000,175,1,34,15.560240,6.262533,14.9713
3,35,3.5200,176,1,34,15.598690,6.280219,14.7252
3,35,3.5400,177,1,34,15.639500,6.220018,14.4752
3,35,3.5600,178,1,34,15.682660,6.193130,14.2212
3,35,3.5800,179,1,34,15.728160,6.231303,13.9633
3,35,3.6000,180,1,34,15.775960,6.277156,13.7015
3,35,3.6200,181,1,34,15.826050,6.262959,13.4358
3,35,3.6400,182,1,34,15.878400,6.299489,13.1661
3,35,3.6600,183,1,34,16.020280,6.282437,12.8925
3,35,3.6800,184,1,34,16.216210,6.328276,12.6150
3,35,3.7000,185,1,34,16.412150,6.379756,12.3336
3,35,3.7200,186,3,32,16.608090,6.446214,12.0483
3,35,3.7400,187,3,32,16.804040,6.496137,11.7590
3,35,3.7600,188,3,32,16.999990,6.554147,11.4658
3,35,3.7800,189,3,32,16.306410,6.576493,11.1686
3,35,3.8000,190,3,32,16.388660,6.635159,10.8676
3,35,3.8200,191,3,32,16.583480,6.701803,10.5626
3,35,3.8400,192,4,31,16.778330,6.779662,10.2537
3,35,3.8600,193,4,31,16.973220,6.871350,9.9409
3,35,3.8800,194,4,31,17.168130,6.925637,9.6242
3,35,3.9000,195,4,31,17.166670,6.995205,9.3035
3,35,3.9200,196,4,31,16.902480,7.089613,8.9789
3,35,3.9400,197,3,32,17.097820,6.873613,8.6504
3,35,3.9600,198,3,32,17.004500,6.400163,8.3179
3,35,3.9800,199,2,33,17.091570,5.948473,7.9816
3,35,4.0000,200,4,31,17.180440,5.437429,7.6413
3,35,4.0200,201,4,31,17.271080,5.249937,7.3644
3,35,4.0400,202,4,31,17.363470,4.921138,7.2946
3,35,4.0600,203,2,33,17.457570,4.106363,7.2149
3,35,4.0800,204,2,33,17.553360,3.861095,7.1454
3,35,4.1000,205,2,33,17.650810,3.727527,7.0949
3,35,4.1200,206,2,33,17.749900,3.458133,7.0628
3,35,4.1400,207,2,33,17.850590,3.192311,7.0376
3,35,4.1600,208,2,33,17.952860,3.011589,7.0122
3,35,4.1800,209,2,33,18.056680,2.866047,6.9818
3,35,4.2000,210,2,33,18.162030,2.872171,6.9473
3,35,4.2200,211,2,33,18.268880,2.774048,6.9089
3,35,4.2400,212,2,33,18.377200,2.759060,6.8673
3,35,4.2600,213,2,33,18.486970,2.748607,6.8218
3,35,4.2800,214,2,33,18.598170,2.735435,6.7724
3,35,4.3000,215,2,33,18.710750,2.749727,6.7190
3,35,4.3200,216,4,31,18.824720,2.707687,6.6618
3,35,4.3400,217,4,31,13.965330,2.386899,6.6006
3,35,4.3600,218,4,31,14.033010,2.424113,6.5355
3,35,4.3800,219,5,30,9.955898,2.347675,6.4664
3,35,4.4000,220,5,30,10.018120,2.399542,6.3934
3,35,4.4200,221,6,29,9.894790,2.391147,6.3166
3,35,4.4400,222,8,27,9.773846,2.413859,6.2357
3,35,4.4600,223,7,28,9.655375,2.344873,6.1510
3,35,4.4800,224,8,27,9.539468,2.329897,6.0623
3,35,4.5000,225,8,27,9.426220,2.314673,5.9698
3,35,4.5200,226,8,27,9.315727,2.299512,5.8732
3,35,4.5400,227,8,27,9.302958,2.241891,5.7728
3,35,4.5600,228,8,27,9.410316,2.265995,5.6685
3,35,4.5800,229,8,27,9.520507,2.293559,5.5602
3,35,4.6000,230,8,27,9.633434,2.328084,5.4480
3,35,4.6200,231,8,27,9.749002,2.350634,5.3318
3,35,4.6400,232,8,27,9.867118,2.356231,5.2118
3,35,4.6600,233,9,26,9.987691,2.343560,5.0878
3,35,4.6800,234,8,27,10.110630,2.328943,4.9599
3,35,4.7000,235,8,27,10.235860,2.321046,4.8281
3,35,4.7200,236,8,27,10.363290,2.325351,4.6923
3,35,4.7400,237,8,27,10.492840,2.337097,4.5526
3,35,4.7600,238,8,27,10.624440,2.349211,4.4090
3,35,4.7800,239,7,28,10.758000,2.360915,4.2615
3,35,4.8000,240,8,27,10.893460,2.366461,4.1101
3,35,4.8200,241,8,27,11.030740,2.386098,3.9547
3,35,4.8400,242,8,27,11.169790,2.402395,3.7954
3,35,4.8600,243,8,27,11.310530,2.273262,3.6322
3,35,4.8800,244,10,25,11.452900,2.144855,3.4651
3,35,4.9000,245,10,25,11.596840,2.170627,3.2940
3,35,4.9200,246,10,25,11.742300,2.195940,3.1190
3,35,4.9400,247,11,24,11.889210,2.029349,2.9401
3,35,4.9600,248,11,24,12.037530,2.047487,2.7572
3,35,4.9800,249,11,24,12.187200,2.038284,2.7619
3,35,5.0000,250,11,24,12.338180,2.068050,2.7713
3,35,5.0200,251,11,24,12.490420,2.101227,2.7768
3,35,5.0400,252,11,24,12.643860,1.790715,2.7783
3,35,5.0600,253,11,24,12.798480,1.671991,2.7760
3,35,5.0800,254,11,24,12.954220,1.625815,2.7697
3,35,5.1000,255,11,24,13.047680,1.600261,2.7595
3,35,5.1200,256,11,24,13.198850,1.552127,2.7453
3,35,5.1400,257,11,24,13.351180,1.526266,2.7273
3,35,5.1600,258,11,24,13.504650,1.513685,2.7053
3,35,5.1800,259,12,23,7.850849,1.195260,2.6794
3,35,5.2000,260,12,23,7.885595,1.184130,2.6496
3,35,5.2200,261,12,23,7.925048,1.183106,2.6158
3,35,5.2400,262,12,23,7.969137,1.195718,2.5781
3,35,5.2600,263,12,23,8.017786,1.098068,2.5365
3,35,5.2800,264,12,23,8.070912,1.056733,2.4910
3,35,5.3000,265,12,23,8.128428,1.056174,2.4416
3,35,5.3200,266,12,23,8.190242,1.057749,2.3882
3,35,5.3400,267,12,23,8.256256,1.040316,2.3309
3,35,5.3600,268,12,23,8.326371,1.024124,2.2697
3,35,5.3800,269,12,23,8.400484,1.034202,2.2045
3,35,5.4000,270,12,23,8.478491,1.054443,2.1354
3,35,5.4200,271,12,23,8.560285,0.998489,2.0624
3,35,5.4400,272,12,23,8.645757,1.000444,1.9855
3,35,5.4600,273,12,23,8.734801,1.008317,1.9047
3,35,5.4800,274,12,23,8.827309,1.004900,1.8199
3,35,5.5000,275,12,23,8.923171,1.013179,1.7312
3,35,5.5200,276,12,23,9.022283,0.928383,1.6386
3,35,5.5400,277,12,23,9.124537,0.926904,1.5421
3,35,5.5600,278,12,23,9.229830,0.938233,1.4443
3,35,5.5800,279,13,22,9.338058,0.914843,1.4283
3,35,5.6000,280,13,22,9.449121,0.918396,1.4104
3,35,5.6200,281,13,22,9.562920,0.929863,1.3901
3,35,5.6400,282,13,22,9.679358,0.941893,1.3775
3,35,5.6600,283,13,22,9.798341,0.962291,1.3775
3,35,5.6800,284,13,22,9.919778,0.973397,1.3775
3,35,5.7000,285,14,21,5.662188,0.833573,1.3775
3,35,5.7200,286,14,21,5.700028,0.762007,1.3775
3,35,5.7400,287,14,21,5.744325,0.695234,1.3775
3,35,5.7600,288,15,20,5.794929,0.667079,1.3775
3,35,5.7800,289,16,19,5.851676,0.656128,1.3775
3,35,5.8000,290,15,20,5.113109,0.563384,1.3775
3,35,5.8200,291,15,20,5.093031,0.550458,1.3775
3,35,5.8400,292,16,19,5.080456,0.543626,1.3775
3,35,5.8600,293,16,19,5.075439,0.535289,1.3775
3,35,5.8800,294,16,19,5.078005,0.526619,1.3775
3,35,5.9000,295,16,19,5.088140,0.527455,1.3775
3,35,5.9200,296,16,19,5.105800,0.532972,1.3775
3,35,5.9400,297,16,19,5.130907,0.537497,1.3775
3,35,5.9600,298,22,13,5.163352,0.428155,1.3775
3,35,5.9800,299,22,13,5.202998,0.412264,1.3775
3,35,6.0000,300,22,13,5.249683,0.415338,1.3775
3,35,6.0200,301,23,12,5.303219,0.385103,1.3775
3,35,6.0400,302,23,12,5.363403,0.385917,1.3775
3,35,6.0600,303,23,12,5.430013,0.393908,1.3775
3,35,6.0800,304,23,12,5.502815,0.390085,1.3775
3,35,6.1000,305,24,11,5.581567,0.394970,1.3775
3,35,6.1200,306,24,11,5.666022,0.403437,1.3775
3,35,6.1400,307,25,10,3.299466,0.332953,1.3775
3,35,6.1600,308,25,10,3.354420,0.327763,1.3775
3,35,6.1800,309,25,10,3.419764,0.309153,1.3775
3,35,6.2000,310,25,10,3.494913,0.308147,1.3775
3,35,6.2200,311,26,9,3.579252,0.296652,1.3775
3,35,6.2400,312,27,8,3.672146,0.291285,1.3775
3,35,6.2600,313,27,8,3.772964,0.297739,1.3775
3,35,6.2800,314,27,8,3.881088,0.305400,1.3775
3,35,6.3000,315,27,8,3.995926,0.313798,1.3775
3,35,6.3200,316,27,8,2.596679,0.279571,1.3775
3,35,6.3400,317,27,8,2.359890,0.272527,1.3775
3,35,6.3600,318,27,8,2.359994,0.225267,1.3775
3,35,6.3800,319,27,8,2.376353,0.225463,1.3775
3,35,6.4000,320,27,8,2.408636,0.228374,1.3775
3,35,6.4200,321,27,8,2.456214,0.206479,1.3775
3,35,6.4400,322,27,8,2.518221,0.189863,1.3775
3,35,6.4600,323,27,8,2.593621,0.187280,1.3775
3,35,6.4800,324,27,8,2.681287,0.188539,1.3775
3,35,6.5000,325,27,8,2.780056,0.181401,1.3775
3,35,6.5200,326,27,8,2.888792,0.180205,1.3775
3,35,6.5400,327,27,8,1.605211,0.110724,1.3775
3,35,6.5600,328,27,8,1.549788,0.102540,1.3775
3,35,6.5800,329,27,8,1.502316,0.087724,1.3775
3,35,6.6000,330,27,8,1.479544,0.080963,1.3775
3,35,6.6200,331,27,8,1.499223,0.088061,1.3775
3,35,6.6400,332,27,8,1.507285,0.095965,1.3775
3,35,6.6600,333,28,7,1.524478,0.092344,1.3775
3,35,6.6800,334,28,7,1.550479,0.082639,1.3775
3,35,6.7000,335,28,7,1.541464,0.075587,1.3775
3,35,6.7200,336,28,7,0.839053,0.048253,1.3775
3,35,6.7400,337,28,7,0.741229,0.042930,1.3775
3,35,6.7600,338,28,7,0.740600,0.039751,1.3775
3,35,6.7800,339,29,6,0.747494,0.036391,1.3775
3,35,6.8000,340,29,6,0.761379,0.033959,1.3775
3,35,6.8200,341,29,6,0.782536,0.030974,1.3775
3,35,6.8400,342,29,6,0.810584,0.028971,1.3775
3,35,6.8600,343,29,6,0.844672,0.027238,1.3775
3,35,6.8800,344,29,6,0.885303,0.026820,1.3775
3,35,6.9000,345,29,6,0.931838,0.030016,1.3775
3,35,6.9200,346,30,5,0.983435,0.034184,1.3775
3,35,6.9400,347,30,5,1.041074,0.038656,1.3775
3,35,6.9600,348,30,5,1.103309,0.043310,1.3775
3,35,6.9800,349,30,5,1.171415,0.048175,1.3775
3,35,7.0000,350,30,5,1.243518,0.053200,1.3775
3,35,7.0200,351,31,4,1.321926,0.053717,1.3775
3,35,7.0400,352,31,4,1.403378,0.053157,1.3775
3,35,7.0600,353,31,4,1.466687,0.056022,1.3775
3,35,7.0800,354,31,4,1.085114,0.047106,1.3775
3,35,7.1000,355,32,3,1.050039,0.048230,1.3775
3,35,7.1200,356,33,2,1.065380,0.050448,1.3775
3,35,7.1400,357,33,2,1.091948,0.053157,1.3775
3,35,7.1600,358,33,2,1.135422,0.056528,1.3775
3,35,7.1800,359,33,2,1.184192,0.060128,1.3775
3,35,7.2000,360,33,2,1.246346,0.064198,1.3775
3,35,7.2200,361,33,2,1.314152,0.068529,1.3775
3,35,7.2400,362,33,2,1.391983,0.073276,1.3775
3,35,7.2600,363,33,2,1.476014,0.078274,1.3775
3,35,7.2800,364,33,2,1.566735,0.083638,1.3775
3,35,7.3000,365,33,2,1.665989,0.083013,1.3775
3,35,7.3200,366,33,2,1.767577,0.061303,1.3775
3,35,7.3400,367,33,2,1.822249,0.060016,1.3775
3,35,7.3600,368,33,2,1.527840,0.048700,1.3775
3,35,7.3800,369,33,2,0.642117,0.020488,1.3775
3,35,7.4000,370,33,2,0.548231,0.016423,1.3775
3,35,7.4200,371,33,2,0.444554,0.016354,1.3775
3,35,7.4400,372,33,2,0.345101,0.016428,1.3775
3,35,7.4600,373,33,2,0.332261,0.016574,1.3775
3,35,7.4800,374,33,2,0.254482,0.011595,1.3775
3,35,7.5000,375,33,2,0.104522,0.004567,1.3775
3,35,7.5200,376,33,2,0.040539,0.001662,1.3775
3,35,7.5400,377,33,2,0.136513,0.005440,1.3775
3,35,7.5600,378,33,2,0.232814,0.007398,1.3775
3,35,7.5800,379,33,2,0.329846,0.009586,1.3775
3,35,7.6000,380,33,2,0.427867,0.012317,1.3775
3,35,7.6200,381,33,2,0.527167,0.015159,1.3775
3,35,7.6400,382,33,2,0.628052,0.017986,1.3775
3,35,7.6600,383,33,2,0.474342,0.013557,1.3775
3,35,7.6800,384,33,2,0.113053,0.003237,1.3775
3,35,7.7000,385,33,2,0.008173,0.000238,1.3775
3,35,7.7200,386,33,2,0.098008,0.002802,1.3775
3,35,7.7400,387,34,1,0.073621,0.002103,1.3775
3,35,7.7600,388,34,1,0.019425,0.000555,1.3775
3,35,7.7800,389,34,1,0.004836,0.000138,1.3775
3,35,7.8000,390,34,1,0.005870,0.000168,1.3775
3,35,7.8200,391,34,1,0.002723,0.000078,1.3775
3,35,7.8400,392,34,1,0.000404,0.000012,1.3775
3,35,7.8600,393,34,1,0.000443,0.000013,1.3775
3,35,7.8800,394,34,1,0.000371,0.000011,1.3775
3,35,7.9000,395,34,1,0.000121,0.000003,1.3775
3,35,7.9200,396,34,1,0.000015,0.000000,1.3775
3,35,7.9400,397,34,1,0.000024,0.000001,1.3775
3,35,7.9600,398,34,1,0.000014,0.000000,1.3775
3,35,7.9800,399,34,1,0.000006,0.000000,1.3775
3,35,8.0000,400,34,1,0.000005,0.000000,1.3775
3,35,8.0200,401,34,1,0.000006,0.000000,1.3775
3,35,8.0400,402,34,1,0.000006,0.000000,1.3775
3,35,8.0600,403,34,1,0.000023,0.000001,1.3775
3,35,8.0800,404,34,1,0.000014,0.000000,1.3775
3,35,8.1000,405,34,1,0.000014,0.000000,1.3775
3,35,8.1200,406,35,0,0.000000,0.000000,1.3775
