run,num_cubos,t_s,phys_frame,asleep,active_objs,max_v,mean_v,top_y
1,100,0.0200,1,0,100,0.000000,0.000000,99.5000
1,100,0.0400,2,0,100,0.196200,0.190713,99.4961
1,100,0.0600,3,0,100,0.392422,0.377407,99.4882
1,100,0.0800,4,0,100,0.588613,0.560090,99.4765
1,100,0.1000,5,0,100,0.784802,0.738738,99.4608
1,100,0.1200,6,0,100,0.981000,0.913328,99.4411
1,100,0.1400,7,0,100,1.177199,1.083845,99.4176
1,100,0.1600,8,0,100,1.373399,1.250278,99.3901
1,100,0.1800,9,0,100,1.569599,1.412613,99.3587
1,100,0.2000,10,0,100,1.765799,1.570858,99.3234
1,100,0.2200,11,0,100,1.961999,1.724995,99.2842
1,100,0.2400,12,0,100,2.158199,1.878776,99.2410
1,100,0.2600,13,0,100,2.354399,2.027354,99.1939
1,100,0.2800,14,0,100,2.550599,2.171885,99.1429
1,100,0.3000,15,0,100,2.746799,2.312455,99.0880
1,100,0.3200,16,0,100,2.942999,2.449073,99.0291
1,100,0.3400,17,0,100,3.139199,2.581766,98.9663
1,100,0.3600,18,0,100,3.335398,2.710536,98.8996
1,100,0.3800,19,0,100,3.531598,2.837823,98.8290
1,100,0.4000,20,0,100,3.727798,2.959106,98.7544
1,100,0.4200,21,0,100,3.923998,3.076615,98.6760
1,100,0.4400,22,0,100,4.120210,3.191623,98.5935
1,100,0.4600,23,0,100,4.316402,3.309202,98.5072
1,100,0.4800,24,0,100,4.512537,3.421613,98.4170
1,100,0.5000,25,0,100,4.708704,3.526588,98.3228
1,100,0.5200,26,0,100,4.904799,3.628562,98.2247
1,100,0.5400,27,0,100,5.100781,3.736344,98.1227
1,100,0.5600,28,0,100,5.296668,3.830301,98.0168
1,100,0.5800,29,0,100,5.492198,3.928332,97.9069
1,100,0.6000,30,0,100,5.687233,4.034472,97.7932
1,100,0.6200,31,0,100,5.881355,4.121315,97.6755
1,100,0.6400,32,0,100,6.074252,4.208391,97.5540
1,100,0.6600,33,0,100,6.265080,4.299785,97.4287
1,100,0.6800,34,0,100,6.453222,4.384292,97.2996
1,100,0.7000,35,0,100,6.637611,4.443957,97.1669
1,100,0.7200,36,0,100,6.816975,4.510562,97.0305
1,100,0.7400,37,0,100,6.990122,4.630235,96.8907
1,100,0.7600,38,0,100,7.155652,4.706597,96.7476
1,100,0.7800,39,0,100,7.312208,4.790597,96.6013
1,100,0.8000,40,0,100,7.458347,4.890949,96.4521
1,100,0.8200,41,0,100,7.592583,4.977852,96.3002
1,100,0.8400,42,0,100,7.714173,5.047050,96.1458
1,100,0.8600,43,0,100,7.822042,5.177198,95.9893
1,100,0.8800,44,0,100,7.915961,5.263399,95.8310
1,100,0.9000,45,0,100,7.995760,5.405608,95.6710
1,100,0.9200,46,0,100,8.730520,5.583679,95.5097
1,100,0.9400,47,0,100,10.561760,5.765220,95.3474
1,100,0.9600,48,0,100,10.338570,5.968401,95.1842
1,100,0.9800,49,0,100,11.268570,6.140331,95.0204
1,100,1.0000,50,0,100,11.745540,6.308298,94.8563
1,100,1.0200,51,0,100,11.858780,6.474803,94.6918
1,100,1.0400,52,0,100,11.974170,6.647563,94.5272
1,100,1.0600,53,0,100,12.091640,6.819789,94.3625
1,100,1.0800,54,0,100,12.211140,6.990898,94.1972
1,100,1.1000,55,0,100,12.332600,7.165620,94.0328
1,100,1.1200,56,0,100,12.455960,7.340753,93.8687
1,100,1.1400,57,0,100,12.581180,7.519538,93.7044
1,100,1.1600,58,0,100,12.708190,7.694414,93.5415
1,100,1.1800,59,0,100,12.836940,7.871656,93.3798
1,100,1.2000,60,0,100,12.967380,8.049376,93.2195
1,100,1.2200,61,0,100,13.099460,8.220934,93.0606
1,100,1.2400,62,0,100,13.233140,8.397413,92.9035
1,100,1.2600,63,0,100,13.368350,8.576644,92.7482
1,100,1.2800,64,0,100,13.505070,8.759256,92.5951
1,100,1.3000,65,0,100,13.643230,8.943645,92.4443
1,100,1.3200,66,0,100,13.782800,9.111520,92.2959
1,100,1.3400,67,0,100,13.923740,9.297652,92.1499
1,100,1.3600,68,0,100,14.066010,9.484232,92.0063
1,100,1.3800,69,1,99,14.209550,9.670782,91.8649
1,100,1.4000,70,1,99,14.354350,9.857915,91.7258
1,100,1.4200,71,0,100,14.526320,10.028790,91.5878
1,100,1.4400,72,0,100,14.719030,10.212370,91.4522
1,100,1.4600,73,0,100,14.911840,10.395290,91.3179
1,100,1.4800,74,0,100,15.104730,10.579770,91.1847
1,100,1.5000,75,0,100,15.297710,10.763720,91.0521
1,100,1.5200,76,0,100,15.490760,10.950550,90.9195
1,100,1.5400,77,0,100,15.683900,11.137890,90.7870
1,100,1.5600,78,0,100,15.877110,11.324290,90.6541
1,100,1.5800,79,0,100,16.070390,11.496460,90.5206
1,100,1.6000,80,0,100,16.263750,11.546940,90.3860
1,100,1.6200,81,0,100,16.436120,11.727970,90.2498
1,100,1.6400,82,0,100,16.631440,11.909990,90.1108
1,100,1.6600,83,0,100,16.826780,12.090680,89.9689
1,100,1.6800,84,0,100,17.022150,12.272720,89.8235
1,100,1.7000,85,0,100,17.217530,12.455870,89.6743
1,100,1.7200,86,0,100,17.412930,12.639420,89.5212
1,100,1.7400,87,0,100,17.608350,12.730740,89.3642
1,100,1.7600,88,0,100,17.803780,12.632590,89.2032
1,100,1.7800,89,0,100,17.999230,12.810800,89.0383
1,100,1.8000,90,0,100,18.194700,12.884390,88.8695
1,100,1.8200,91,0,100,18.390180,12.922170,88.6967
1,100,1.8400,92,0,100,18.585680,13.096170,88.5201
1,100,1.8600,93,0,100,18.781190,13.271940,88.3395
1,100,1.8800,94,0,100,18.976720,13.448490,88.1550
1,100,1.9000,95,0,100,19.172260,13.613120,87.9665
1,100,1.9200,96,0,100,19.367810,13.562190,87.7742
1,100,1.9400,97,0,100,19.563380,13.561880,87.5779
1,100,1.9600,98,0,100,19.758960,13.719570,87.3777
1,100,1.9800,99,0,100,19.954550,13.659120,87.1735
1,100,2.0000,100,0,100,20.150150,13.704920,86.9655
1,100,2.0200,101,0,100,20.214490,13.710450,86.7535
1,100,2.0400,102,0,100,20.409990,13.799980,86.5376
1,100,2.0600,103,0,100,20.605490,13.943540,86.3178
1,100,2.0800,104,0,100,20.801010,14.101360,86.0940
1,100,2.1000,105,0,100,20.793220,14.190630,85.8663
1,100,2.1200,106,0,100,20.989310,14.341730,85.6347
1,100,2.1400,107,0,100,21.185400,14.138250,85.3992
1,100,2.1600,108,0,100,21.381490,14.283840,85.1598
1,100,2.1800,109,0,100,21.569460,14.038230,84.9164
1,100,2.2000,110,0,100,21.765350,14.032750,84.6691
1,100,2.2200,111,0,100,21.961250,14.038830,84.4179
1,100,2.2400,112,0,100,22.093690,14.132470,84.1627
1,100,2.2600,113,0,100,22.249890,14.082300,83.9037
1,100,2.2800,114,0,100,22.445590,13.962540,83.6407
1,100,2.3000,115,0,100,22.380650,13.936270,83.3738
1,100,2.3200,116,0,100,22.576820,14.110500,83.1029
1,100,2.3400,117,0,100,22.772980,14.271890,82.8281
1,100,2.3600,118,0,100,22.968090,14.348060,82.5495
1,100,2.3800,119,0,100,23.044900,14.468220,82.2668
1,100,2.4000,120,0,100,23.162130,14.613950,81.9803
1,100,2.4200,121,0,100,23.284040,14.762590,81.6898
1,100,2.4400,122,0,100,23.480140,14.909900,81.3955
1,100,2.4600,123,0,100,23.676240,15.013690,81.0972
1,100,2.4800,124,0,100,23.872330,15.141400,80.7949
1,100,2.5000,125,0,100,24.068430,15.140970,80.4888
1,100,2.5200,126,0,100,24.126290,15.250260,80.1787
1,100,2.5400,127,0,100,24.316720,15.347070,79.8647
1,100,2.5600,128,0,100,24.512830,15.487130,79.5467
1,100,2.5800,129,0,100,24.708950,15.540170,79.2249
1,100,2.6000,130,0,100,24.905070,15.652890,78.8991
1,100,2.6200,131,0,100,25.101190,15.752010,78.5694
1,100,2.6400,132,0,100,25.240500,15.892480,78.2358
1,100,2.6600,133,0,100,25.436060,16.015030,77.8982
1,100,2.6800,134,0,100,25.631620,16.115670,77.5568
1,100,2.7000,135,0,100,25.827200,16.191760,77.2114
1,100,2.7200,136,0,100,25.942340,15.891160,76.8620
1,100,2.7400,137,0,100,25.936690,15.677480,76.5088
1,100,2.7600,138,1,99,25.942800,15.547910,76.1516
1,100,2.7800,139,1,99,26.138980,15.635670,75.7905
1,100,2.8000,140,1,99,26.335150,15.229850,75.4255
1,100,2.8200,141,0,100,26.531330,15.098660,75.0566
1,100,2.8400,142,0,100,26.689000,15.298400,74.6837
1,100,2.8600,143,0,100,26.727590,15.145920,74.3069
1,100,2.8800,144,0,100,26.898960,15.263190,73.9262
1,100,2.9000,145,0,100,27.095130,15.361080,73.5416
1,100,2.9200,146,0,100,26.973960,15.449680,73.1530
1,100,2.9400,147,0,100,27.170080,15.544590,72.7605
1,100,2.9600,148,0,100,27.366210,15.640040,72.3641
1,100,2.9800,149,0,100,27.562340,15.722030,71.9638
1,100,3.0000,150,0,100,27.758460,15.808810,71.5595
1,100,3.0200,151,0,100,27.954600,15.758110,71.1513
1,100,3.0400,152,0,100,27.990150,15.746690,70.7392
1,100,3.0600,153,0,100,27.786410,15.814960,70.3232
1,100,3.0800,154,0,100,27.982600,15.666520,69.9032
1,100,3.1000,155,0,100,28.178790,15.775910,69.4794
1,100,3.1200,156,0,100,28.374980,15.590490,69.0516
1,100,3.1400,157,0,100,28.571170,15.155460,68.6198
1,100,3.1600,158,0,100,28.767360,14.819770,68.1842
1,100,3.1800,159,1,99,28.963560,14.802730,67.7446
1,100,3.2000,160,1,99,29.159750,14.825430,67.3011
1,100,3.2200,161,0,100,29.355940,15.009290,66.8537
1,100,3.2400,162,0,100,29.399060,15.104560,66.4024
1,100,3.2600,163,0,100,29.488540,15.209370,65.9471
1,100,3.2800,164,0,100,29.517390,15.279310,65.4879
1,100,3.3000,165,0,100,29.713580,15.330130,65.0248
1,100,3.3200,166,0,100,29.909770,15.396880,64.5577
1,100,3.3400,167,0,100,30.105960,15.436620,64.0868
1,100,3.3600,168,0,100,30.302150,15.505770,63.6119
1,100,3.3800,169,0,100,30.498350,15.242900,63.1331
1,100,3.4000,170,1,99,30.596090,15.296480,62.6503
1,100,3.4200,171,1,99,30.520230,15.242220,62.1637
1,100,3.4400,172,1,99,30.716430,15.210470,61.6731
1,100,3.4600,173,1,99,30.912620,14.808820,61.1786
1,100,3.4800,174,2,98,31.106880,14.683110,60.6801
1,100,3.5000,175,2,98,31.064460,14.527540,60.1778
1,100,3.5200,176,2,98,31.178930,14.522370,59.6715
1,100,3.5400,177,2,98,31.375110,14.392510,59.1613
1,100,3.5600,178,3,97,31.175420,14.241160,58.6472
1,100,3.5800,179,3,97,31.371590,14.127400,58.1291
1,100,3.6000,180,3,97,31.567770,14.180550,57.6071
1,100,3.6200,181,3,97,31.763950,14.148980,57.0812
1,100,3.6400,182,3,97,31.960130,14.159220,56.5514
1,100,3.6600,183,3,97,32.156310,14.220970,56.0177
1,100,3.6800,184,3,97,32.340220,14.265610,55.4800
1,100,3.7000,185,3,97,32.226990,14.334510,54.9384
1,100,3.7200,186,3,97,32.423180,14.416130,54.3929
1,100,3.7400,187,3,97,32.619380,14.460410,53.8434
1,100,3.7600,188,3,97,32.815570,14.498580,53.2901
1,100,3.7800,189,3,97,33.011770,14.563640,52.7328
1,100,3.8000,190,3,97,33.207960,14.214650,52.1716
1,100,3.8200,191,4,96,33.313180,13.936050,51.6064
1,100,3.8400,192,3,97,33.260330,13.870550,51.0374
1,100,3.8600,193,3,97,33.111020,13.816880,50.4644
1,100,3.8800,194,4,96,33.307220,13.620510,49.8874
1,100,3.9000,195,5,95,33.458690,13.560730,49.3066
1,100,3.9200,196,5,95,33.238670,13.309870,48.7218
1,100,3.9400,197,5,95,33.434860,13.341650,48.1332
1,100,3.9600,198,5,95,33.576700,13.285110,47.5406
1,100,3.9800,199,5,95,33.517330,13.007340,46.9440
1,100,4.0000,200,5,95,33.713520,12.794040,46.3436
1,100,4.0200,201,5,95,33.825960,12.604990,45.7392
1,100,4.0400,202,5,95,33.699910,12.565370,45.1309
1,100,4.0600,203,5,95,33.896110,12.551680,44.5187
1,100,4.0800,204,5,95,34.002860,12.547790,43.9025
1,100,4.1000,205,5,95,33.850290,12.449030,43.2824
1,100,4.1200,206,5,95,34.046490,12.423470,42.6584
1,100,4.1400,207,5,95,34.227850,12.380750,42.0305
1,100,4.1600,208,6,94,34.105830,12.397780,41.3987
1,100,4.1800,209,5,95,34.302030,12.290450,40.7629
1,100,4.2000,210,5,95,34.397880,12.026940,40.1232
1,100,4.2200,211,5,95,34.443260,11.864980,39.4796
1,100,4.2400,212,5,95,34.639470,11.803370,38.8320
1,100,4.2600,213,5,95,34.835670,11.775060,38.1805
1,100,4.2800,214,4,96,34.861850,11.666000,37.5252
1,100,4.3000,215,4,96,34.838950,11.615710,36.8658
1,100,4.3200,216,3,97,35.035150,11.571960,36.2026
1,100,4.3400,217,4,96,35.231350,11.559790,35.5354
1,100,4.3600,218,5,95,35.427550,11.545350,34.8643
1,100,4.3800,219,5,95,35.623750,11.522760,34.1893
1,100,4.4000,220,6,94,35.616880,11.437320,33.5104
1,100,4.4200,221,4,96,35.813080,11.267430,32.8275
1,100,4.4400,222,4,96,35.858250,11.244660,32.1407
1,100,4.4600,223,4,96,36.054450,11.263180,31.4500
1,100,4.4800,224,4,96,36.250650,11.235420,30.7554
1,100,4.5000,225,4,96,36.261830,11.002160,30.0568
1,100,4.5200,226,4,96,36.458030,10.902960,29.3544
1,100,4.5400,227,4,96,36.654230,10.826430,28.6480
1,100,4.5600,228,4,96,36.850430,10.019290,27.9376
1,100,4.5800,229,4,96,37.046630,9.835039,27.2234
1,100,4.6000,230,4,96,37.242830,9.689939,26.5052
1,100,4.6200,231,4,96,37.439030,9.531979,25.7831
1,100,4.6400,232,4,96,37.530770,9.481403,25.0571
1,100,4.6600,233,4,96,37.492240,9.339222,24.3271
1,100,4.6800,234,4,96,37.688430,9.265172,23.5933
1,100,4.7000,235,4,96,37.884620,9.086604,22.8555
1,100,4.7200,236,4,96,38.025920,8.565193,22.1137
1,100,4.7400,237,6,94,38.040750,8.505877,21.3681
1,100,4.7600,238,4,96,38.215680,8.415512,20.6185
1,100,4.7800,239,4,96,38.336500,8.306565,19.8650
1,100,4.8000,240,4,96,38.527270,8.043048,19.1076
1,100,4.8200,241,3,97,38.576450,7.549158,18.3463
1,100,4.8400,242,3,97,38.700300,7.332973,17.5810
1,100,4.8600,243,3,97,38.739680,7.222713,16.8118
1,100,4.8800,244,3,97,38.935880,7.163057,16.0387
1,100,4.9000,245,3,97,39.132080,7.162323,15.2617
1,100,4.9200,246,3,97,39.240630,6.956783,14.4807
1,100,4.9400,247,3,97,39.295000,6.899175,13.6958
1,100,4.9600,248,3,97,39.491200,6.882669,12.9070
1,100,4.9800,249,3,97,39.673310,6.518846,12.1143
1,100,5.0000,250,3,97,39.835380,6.291867,11.3176
1,100,5.0200,251,3,97,40.030990,6.196576,10.5170
1,100,5.0400,252,3,97,40.226880,5.806072,9.7125
1,100,5.0600,253,4,96,33.843370,5.757124,9.1873
1,100,5.0800,254,4,96,34.050320,5.479326,8.5926
1,100,5.1000,255,4,96,34.246350,5.302494,7.9923
1,100,5.1200,256,4,96,34.442390,4.976288,7.3881
1,100,5.1400,257,5,95,34.638430,4.796965,6.7799
1,100,5.1600,258,5,95,33.745380,4.479022,6.1679
1,100,5.1800,259,4,96,31.172030,4.113331,5.5519
1,100,5.2000,260,4,96,31.365900,3.760356,4.9320
1,100,5.2200,261,4,96,26.711590,3.657695,4.5613
1,100,5.2400,262,4,96,26.866660,3.546896,4.1850
1,100,5.2600,263,4,96,26.786470,3.499333,3.7671
1,100,5.2800,264,4,96,26.381160,3.387570,3.3474
1,100,5.3000,265,4,96,26.537560,3.209010,2.9236
1,100,5.3200,266,5,95,26.694480,3.022559,2.8994
1,100,5.3400,267,5,95,26.851930,2.932170,2.9070
1,100,5.3600,268,5,95,27.009880,2.750829,2.9107
1,100,5.3800,269,6,94,15.337030,2.558438,2.9104
1,100,5.4000,270,8,92,15.338450,2.473709,2.9062
1,100,5.4200,271,8,92,15.342380,2.425130,2.8981
1,100,5.4400,272,8,92,15.348810,2.341404,2.8861
1,100,5.4600,273,8,92,15.357760,2.321056,2.8702
1,100,5.4800,274,7,93,15.369200,2.286061,2.8503
1,100,5.5000,275,8,92,15.383130,2.237930,2.8265
1,100,5.5200,276,8,92,15.399550,2.170852,2.7987
1,100,5.5400,277,9,91,15.418450,2.067821,2.7671
1,100,5.5600,278,9,91,15.439820,2.014643,2.7661
1,100,5.5800,279,10,90,15.463660,1.997404,2.8850
1,100,5.6000,280,11,89,15.489940,1.976284,3.0001
1,100,5.6200,281,11,89,15.518650,1.953250,3.1112
1,100,5.6400,282,12,88,15.549790,1.915403,3.2183
1,100,5.6600,283,12,88,15.583340,1.897650,3.3216
1,100,5.6800,284,12,88,15.619280,1.849987,3.4209
1,100,5.7000,285,12,88,15.657590,1.773407,3.5163
1,100,5.7200,286,15,85,15.698270,1.764761,3.6078
1,100,5.7400,287,15,85,15.741280,1.735223,3.6954
1,100,5.7600,288,15,85,15.786620,1.710073,3.7790
1,100,5.7800,289,16,84,15.834260,1.669074,3.8587
1,100,5.8000,290,15,85,15.884180,1.655138,3.9345
1,100,5.8200,291,15,85,15.936360,1.618719,4.0063
1,100,5.8400,292,16,84,15.990770,1.610033,4.0743
1,100,5.8600,293,16,84,12.940800,1.553845,4.1383
1,100,5.8800,294,16,84,12.978040,1.529932,4.1984
1,100,5.9000,295,16,84,13.018130,1.474487,4.2545
1,100,5.9200,296,17,83,13.061040,1.423547,4.3068
1,100,5.9400,297,17,83,13.106750,1.407465,4.3551
1,100,5.9600,298,18,82,13.155230,1.397300,4.3995
1,100,5.9800,299,19,81,13.206440,1.363223,4.4399
1,100,6.0000,300,18,82,13.260360,1.359395,4.4765
1,100,6.0200,301,19,81,13.316950,1.333340,4.5091
1,100,6.0400,302,19,81,13.376190,1.300289,4.5378
1,100,6.0600,303,19,81,13.438020,1.288980,4.5626
1,100,6.0800,304,19,81,13.502420,1.279134,4.5834
1,100,6.1000,305,19,81,12.368940,1.219525,4.6003
1,100,6.1200,306,19,81,12.394060,1.206953,4.6133
1,100,6.1400,307,19,81,12.422230,1.109924,4.6224
1,100,6.1600,308,20,80,11.605400,1.060692,4.6276
1,100,6.1800,309,21,79,11.566340,1.047022,4.6288
1,100,6.2000,310,21,79,11.530480,1.033808,4.6261
1,100,6.2200,311,21,79,10.057040,1.009278,4.6195
1,100,6.2400,312,22,78,9.880352,1.011509,4.6089
1,100,6.2600,313,23,77,9.843792,1.021512,4.5945
1,100,6.2800,314,22,78,9.831767,1.015197,4.5761
1,100,6.3000,315,22,78,9.852056,1.011721,4.5538
1,100,6.3200,316,22,78,9.876201,0.941101,4.5275
1,100,6.3400,317,22,78,9.904174,0.896558,4.4974
1,100,6.3600,318,22,78,9.935945,0.889071,4.4633
1,100,6.3800,319,23,77,9.971474,0.872911,4.4253
1,100,6.4000,320,24,76,10.010720,0.845777,4.3833
1,100,6.4200,321,24,76,10.053650,0.790566,4.3375
1,100,6.4400,322,24,76,10.100210,0.756396,4.2877
1,100,6.4600,323,25,75,10.150340,0.717334,4.2340
1,100,6.4800,324,27,73,10.204000,0.713036,4.1763
1,100,6.5000,325,29,71,10.261140,0.711883,4.1148
1,100,6.5200,326,29,71,10.321680,0.714254,4.0493
1,100,6.5400,327,29,71,10.385580,0.706531,3.9799
1,100,6.5600,328,29,71,10.452780,0.655446,3.9066
1,100,6.5800,329,29,71,10.523200,0.631444,3.8293
1,100,6.6000,330,29,71,10.596790,0.619466,3.7481
1,100,6.6200,331,30,70,10.673480,0.616050,3.6630
1,100,6.6400,332,30,70,10.753200,0.620318,3.5740
1,100,6.6600,333,31,69,10.835890,0.627863,3.4811
1,100,6.6800,334,31,69,10.921470,0.612514,3.3842
1,100,6.7000,335,32,68,11.009890,0.607447,3.2834
1,100,6.7200,336,32,68,11.101070,0.608143,3.1787
1,100,6.7400,337,32,68,11.194950,0.610215,3.0700
1,100,6.7600,338,32,68,11.291460,0.613411,2.9575
1,100,6.7800,339,34,66,11.390530,0.604039,2.8410
1,100,6.8000,340,33,67,11.492090,0.584353,2.7206
1,100,6.8200,341,33,67,11.596090,0.582644,2.5962
1,100,6.8400,342,33,67,11.702450,0.544505,2.4679
1,100,6.8600,343,36,64,11.811110,0.540918,2.3358
1,100,6.8800,344,36,64,11.922010,0.536792,2.1996
1,100,6.9000,345,36,64,12.035090,0.501175,2.0596
1,100,6.9200,346,38,62,12.150280,0.419542,1.9157
1,100,6.9400,347,38,62,12.267540,0.420337,1.7678
1,100,6.9600,348,36,64,12.386780,0.427657,1.6160
1,100,6.9800,349,37,63,12.507970,0.435635,1.5214
1,100,7.0000,350,37,63,12.631050,0.415425,1.5202
1,100,7.0200,351,38,62,12.755950,0.409878,1.5187
1,100,7.0400,352,39,61,12.882630,0.407200,1.5169
1,100,7.0600,353,38,62,13.011040,0.395306,1.5150
1,100,7.0800,354,38,62,13.141120,0.391410,1.5128
1,100,7.1000,355,39,61,11.992490,0.372041,1.5103
1,100,7.1200,356,41,59,6.358580,0.315078,1.5075
1,100,7.1400,357,41,59,6.231125,0.302181,1.5042
1,100,7.1600,358,41,59,6.164426,0.290076,1.5009
1,100,7.1800,359,42,58,6.169917,0.288377,1.5013
1,100,7.2000,360,42,58,6.181634,0.283336,1.5017
1,100,7.2200,361,43,57,6.199541,0.280604,1.5021
1,100,7.2400,362,43,57,6.223585,0.276235,1.5022
1,100,7.2600,363,43,57,6.253695,0.262304,1.5020
1,100,7.2800,364,42,58,6.289783,0.263205,1.5011
1,100,7.3000,365,45,55,6.331748,0.266960,1.5004
1,100,7.3200,366,45,55,6.379474,0.270182,1.5000
1,100,7.3400,367,45,55,6.432832,0.271700,1.5001
1,100,7.3600,368,46,54,6.491684,0.251851,1.5003
1,100,7.3800,369,48,52,6.555882,0.243651,1.5005
1,100,7.4000,370,48,52,6.625269,0.238122,1.5005
1,100,7.4200,371,50,50,6.699686,0.227328,1.5004
1,100,7.4400,372,49,51,6.778965,0.228193,1.5002
1,100,7.4600,373,49,51,6.205723,0.222513,1.4999
1,100,7.4800,374,50,50,6.217359,0.208572,1.5000
1,100,7.5000,375,50,50,6.235149,0.207011,1.5001
1,100,7.5200,376,51,49,6.259043,0.206414,1.5001
1,100,7.5400,377,51,49,6.288970,0.206620,1.5001
1,100,7.5600,378,51,49,6.324844,0.205434,1.5001
1,100,7.5800,379,51,49,5.971916,0.206649,1.5002
1,100,7.6000,380,51,49,5.277006,0.198342,1.5002
1,100,7.6200,381,52,48,5.391946,0.202213,1.5002
1,100,7.6400,382,52,48,5.511476,0.203666,1.5001
1,100,7.6600,383,52,48,5.635303,0.206035,1.5001
1,100,7.6800,384,52,48,5.763150,0.211334,1.5001
1,100,7.7000,385,51,49,5.015493,0.205674,1.5002
1,100,7.7200,386,51,49,5.077720,0.187951,1.5002
1,100,7.7400,387,52,48,5.146677,0.185229,1.5002
1,100,7.7600,388,52,48,5.222100,0.173071,1.5002
1,100,7.7800,389,53,47,5.303711,0.166831,1.5002
1,100,7.8000,390,55,45,5.391231,0.158124,1.5000
1,100,7.8200,391,58,42,5.484375,0.155100,1.5000
1,100,7.8400,392,58,42,5.582864,0.155217,1.5000
1,100,7.8600,393,59,41,5.686418,0.155622,1.5000
1,100,7.8800,394,59,41,5.794767,0.153000,1.5000
1,100,7.9000,395,88,12,5.907646,0.137685,1.5000
1,100,7.9200,396,88,12,6.024801,0.130990,1.5000
1,100,7.9400,397,88,12,6.145988,0.112590,1.5000
1,100,7.9600,398,88,12,3.927963,0.085226,1.5000
1,100,7.9800,399,89,11,3.844218,0.081777,1.5000
1,100,8.0000,400,89,11,3.768835,0.078367,1.5000
1,100,8.0200,401,89,11,3.702325,0.065984,1.5000
1,100,8.0400,402,89,11,3.645174,0.063436,1.5000
1,100,8.0600,403,90,10,3.597828,0.063494,1.5000
1,100,8.0800,404,90,10,3.560678,0.065052,1.5000
1,100,8.1000,405,90,10,3.534045,0.068969,1.5000
1,100,8.1200,406,90,10,3.518169,0.072965,1.5000
1,100,8.1400,407,90,10,3.513195,0.067647,1.5000
1,100,8.1600,408,91,9,3.519169,0.055177,1.5000
1,100,8.1800,409,91,9,3.536037,0.048812,1.5000
1,100,8.2000,410,91,9,3.563643,0.045807,1.5000
1,100,8.2200,411,91,9,3.601740,0.045285,1.5000
1,100,8.2400,412,91,9,3.650000,0.043686,1.5000
1,100,8.2600,413,91,9,3.708027,0.042545,1.5000
1,100,8.2800,414,91,9,3.775369,0.042888,1.5000
1,100,8.3000,415,91,9,3.851538,0.042266,1.5000
1,100,8.3200,416,91,9,3.807739,0.041075,1.5000
1,100,8.3400,417,91,9,3.837399,0.041330,1.5000
1,100,8.3600,418,93,7,3.876775,0.041868,1.5000
1,100,8.3800,419,93,7,3.925572,0.042777,1.5000
1,100,8.4000,420,93,7,3.799871,0.042180,1.5000
1,100,8.4200,421,93,7,3.854912,0.043482,1.5000
1,100,8.4400,422,94,6,3.919014,0.044958,1.5000
1,100,8.4600,423,94,6,3.991738,0.046548,1.5000
1,100,8.4800,424,94,6,2.217477,0.029720,1.5000
1,100,8.5000,425,95,5,2.141698,0.029857,1.5000
1,100,8.5200,426,95,5,2.077562,0.026379,1.5000
1,100,8.5400,427,95,5,2.008066,0.024823,1.5000
1,100,8.5600,428,95,5,1.955859,0.024166,1.5000
1,100,8.5800,429,96,4,1.931076,0.024078,1.5000
1,100,8.6000,430,97,3,1.807961,0.023230,1.5000
1,100,8.6200,431,97,3,1.684098,0.022549,1.5000
1,100,8.6400,432,97,3,1.629853,0.022738,1.5000
1,100,8.6600,433,97,3,1.570559,0.022932,1.5000
1,100,8.6800,434,97,3,1.521332,0.023314,1.5000
1,100,8.7000,435,97,3,1.478350,0.023822,1.5000
1,100,8.7200,436,97,3,1.448261,0.023883,1.5000
1,100,8.7400,437,97,3,1.425928,0.024025,1.5000
1,100,8.7600,438,98,2,1.414584,0.024666,1.5000
1,100,8.7800,439,98,2,1.413043,0.025456,1.5000
1,100,8.8000,440,98,2,1.421019,0.026374,1.5000
1,100,8.8200,441,98,2,1.440292,0.027439,1.5000
1,100,8.8400,442,98,2,1.467768,0.028650,1.5000
1,100,8.8600,443,98,2,1.492776,0.029656,1.5000
1,100,8.8800,444,98,2,1.468919,0.022229,1.5000
1,100,8.9000,445,98,2,1.492499,0.019124,1.5000
1,100,8.9200,446,98,2,1.527702,0.018536,1.5000
1,100,8.9400,447,98,2,1.568233,0.017914,1.5000
1,100,8.9600,448,98,2,1.612821,0.017342,1.5000
1,100,8.9800,449,98,2,1.664461,0.016857,1.5000
1,100,9.0000,450,98,2,1.722476,0.018013,1.5000
1,100,9.0200,451,98,2,1.786986,0.019661,1.5000
1,100,9.0400,452,98,2,1.858048,0.021379,1.5000
1,100,9.0600,453,98,2,1.935649,0.023171,1.5000
1,100,9.0800,454,98,2,2.019755,0.023672,1.5000
1,100,9.1000,455,98,2,2.110333,0.022014,1.5000
1,100,9.1200,456,98,2,2.068069,0.020900,1.5000
1,100,9.1400,457,98,2,0.669249,0.006879,1.5000
1,100,9.1600,458,98,2,0.579782,0.005897,1.5000
1,100,9.1800,459,98,2,0.474659,0.004795,1.5000
1,100,9.2000,460,98,2,0.375007,0.003762,1.5000
1,100,9.2200,461,98,2,0.277871,0.002795,1.5000
1,100,9.2400,462,98,2,0.181347,0.001824,1.5000
1,100,9.2600,463,98,2,0.085306,0.000856,1.5000
1,100,9.2800,464,98,2,0.010568,0.000107,1.5000
1,100,9.3000,465,98,2,0.106358,0.001066,1.5000
1,100,9.3200,466,98,2,0.202409,0.002025,1.5000
1,100,9.3400,467,98,2,0.299091,0.002991,1.5000
1,100,9.3600,468,99,1,0.396642,0.003966,1.5000
1,100,9.3800,469,99,1,0.495404,0.004954,1.5000
1,100,9.4000,470,99,1,0.595668,0.005957,1.5000
1,100,9.4200,471,99,1,0.619700,0.006197,1.5000
1,100,9.4400,472,99,1,0.171057,0.001711,1.5000
1,100,9.4600,473,99,1,0.007910,0.000079,1.5000
1,100,9.4800,474,99,1,0.057758,0.000578,1.5000
1,100,9.5000,475,99,1,0.026217,0.000262,1.5000
1,100,9.5200,476,99,1,0.005290,0.000053,1.5000
1,100,9.5400,477,99,1,0.002151,0.000022,1.5000
1,100,9.5600,478,99,1,0.002184,0.000022,1.5000
1,100,9.5800,479,99,1,0.000891,0.000009,1.5000
1,100,9.6000,480,99,1,0.000122,0.000001,1.5000
1,100,9.6200,481,99,1,0.000155,0.000002,1.5000
1,100,9.6400,482,99,1,0.000123,0.000001,1.5000
1,100,9.6600,483,99,1,0.000050,0.000000,1.5000
1,100,9.6800,484,99,1,0.000027,0.000000,1.5000
1,100,9.7000,485,99,1,0.000028,0.000000,1.5000
1,100,9.7200,486,99,1,0.000031,0.000000,1.5000
1,100,9.7400,487,99,1,0.000016,0.000000,1.5000
1,100,9.7600,488,99,1,0.000023,0.000000,1.5000
1,100,9.7800,489,100,0,0.000000,0.000000,1.5000
2,100,0.0200,1,0,100,0.000000,0.000000,99.5000
2,100,0.0400,2,0,100,0.196200,0.190713,99.4961
2,100,0.0600,3,0,100,0.392422,0.377407,99.4882
2,100,0.0800,4,0,100,0.588612,0.560091,99.4765
2,100,0.1000,5,0,100,0.784802,0.738739,99.4608
2,100,0.1200,6,0,100,0.981000,0.913330,99.4411
2,100,0.1400,7,0,100,1.177199,1.083848,99.4176
2,100,0.1600,8,0,100,1.373399,1.250281,99.3901
2,100,0.1800,9,0,100,1.569599,1.412621,99.3587
2,100,0.2000,10,0,100,1.765799,1.570875,99.3234
2,100,0.2200,11,0,100,1.961999,1.725020,99.2842
2,100,0.2400,12,0,100,2.158199,1.878802,99.2410
2,100,0.2600,13,0,100,2.354399,2.027400,99.1939
2,100,0.2800,14,0,100,2.550599,2.171932,99.1429
2,100,0.3000,15,0,100,2.746799,2.312510,99.0880
2,100,0.3200,16,0,100,2.942999,2.449153,99.0291
2,100,0.3400,17,0,100,3.139199,2.581862,98.9663
2,100,0.3600,18,0,100,3.335398,2.710646,98.8996
2,100,0.3800,19,0,100,3.531598,2.835519,98.8290
2,100,0.4000,20,0,100,3.727798,2.956468,98.7544
2,100,0.4200,21,0,100,3.923998,3.073515,98.6760
2,100,0.4400,22,0,100,4.120213,3.186699,98.5935
2,100,0.4600,23,0,100,4.316420,3.295988,98.5072
2,100,0.4800,24,0,100,4.512539,3.401319,98.4170
2,100,0.5000,25,0,100,4.708706,3.502771,98.3228
2,100,0.5200,26,0,100,4.904819,3.600354,98.2247
2,100,0.5400,27,0,100,5.100825,3.693969,98.1227
2,100,0.5600,28,0,100,5.296730,3.783729,98.0168
2,100,0.5800,29,0,100,5.492384,3.869438,97.9069
2,100,0.6000,30,0,100,5.687420,3.951189,97.7931
2,100,0.6200,31,0,100,5.881558,4.029049,97.6755
2,100,0.6400,32,0,100,6.074378,4.102800,97.5540
2,100,0.6600,33,0,100,6.265444,4.172745,97.4287
2,100,0.6800,34,0,100,6.453730,4.270971,97.2996
2,100,0.7000,35,0,100,6.638255,4.313397,97.1668
2,100,0.7200,36,0,100,6.817808,4.414778,97.0305
2,100,0.7400,37,0,100,6.991205,4.475894,96.8906
2,100,0.7600,38,0,100,7.157110,4.561072,96.7474
2,100,0.7800,39,0,100,7.313912,4.578404,96.6011
2,100,0.8000,40,0,100,7.460124,4.655140,96.4519
2,100,0.8200,41,0,100,7.594661,4.738112,96.2999
2,100,0.8400,42,0,100,7.716265,4.777182,96.1456
2,100,0.8600,43,0,100,7.824323,4.843853,95.9890
2,100,0.8800,44,0,100,7.918015,4.907773,95.8306
2,100,0.9000,45,0,100,7.997418,4.970510,95.6706
2,100,0.9200,46,0,100,8.062967,4.989304,95.5093
2,100,0.9400,47,0,100,8.115290,5.059971,95.3469
2,100,0.9600,48,0,100,8.155453,5.109939,95.1838
2,100,0.9800,49,0,100,8.185054,5.182107,95.0200
2,100,1.0000,50,0,100,8.205670,5.211936,94.8559
2,100,1.0200,51,0,100,8.219075,5.279064,94.6915
2,100,1.0400,52,0,100,8.226763,5.425941,94.5269
2,100,1.0600,53,0,100,8.228780,5.497285,94.3624
2,100,1.0800,54,0,100,8.224275,5.643495,94.1979
2,100,1.1000,55,0,100,8.820097,5.857801,94.0336
2,100,1.1200,56,0,100,11.124310,6.016820,93.8698
2,100,1.1400,57,0,100,12.210610,6.348732,93.7067
2,100,1.1600,58,0,100,12.799550,6.638787,93.5446
2,100,1.1800,59,0,100,13.092050,6.892323,93.3841
2,100,1.2000,60,0,100,13.181880,7.104283,93.2254
2,100,1.2200,61,0,100,13.274000,7.258836,93.0691
2,100,1.2400,62,0,100,13.368370,7.410138,92.9152
2,100,1.2600,63,0,100,13.710140,7.568214,92.7642
2,100,1.2800,64,0,100,14.206940,7.725255,92.6160
2,100,1.3000,65,0,100,14.327030,7.887068,92.4707
2,100,1.3200,66,0,100,14.504950,8.049579,92.3287
2,100,1.3400,67,0,100,14.685510,8.213112,92.1897
2,100,1.3600,68,0,100,14.866460,8.377312,92.0538
2,100,1.3800,69,0,100,15.047800,8.541559,91.9208
2,100,1.4000,70,0,100,15.229510,8.707554,91.7903
2,100,1.4200,71,0,100,15.411570,8.875625,91.6621
2,100,1.4400,72,0,100,15.593980,9.044622,91.5359
2,100,1.4600,73,0,100,15.776720,9.214478,91.4108
2,100,1.4800,74,0,100,15.959770,9.385138,91.2873
2,100,1.5000,75,0,100,16.143140,9.556709,91.1649
2,100,1.5200,76,0,100,16.326800,9.729267,91.0438
2,100,1.5400,77,0,100,16.510750,9.797419,90.9233
2,100,1.5600,78,0,100,16.694980,9.947666,90.8030
2,100,1.5800,79,0,100,16.879480,10.119630,90.6824
2,100,1.6000,80,0,100,17.064240,10.290560,90.5610
2,100,1.6200,81,0,100,17.249260,10.464510,90.4380
2,100,1.6400,82,0,100,17.434510,10.565830,90.3128
2,100,1.6600,83,1,99,16.933770,10.739320,90.1845
2,100,1.6800,84,1,99,17.125490,10.899510,90.0527
2,100,1.7000,85,1,99,17.317310,11.074870,89.9173
2,100,1.7200,86,1,99,17.509220,11.250670,89.7781
2,100,1.7400,87,1,99,17.701230,11.427350,89.6350
2,100,1.7600,88,1,99,17.893330,11.604390,89.4879
2,100,1.7800,89,1,99,18.085520,11.781910,89.3369
2,100,1.8000,90,1,99,18.277790,11.960100,89.1819
2,100,1.8200,91,1,99,18.470150,12.138480,89.0231
2,100,1.8400,92,1,99,18.662580,12.161060,88.8603
2,100,1.8600,93,1,99,18.855090,12.259820,88.6936
2,100,1.8800,94,1,99,19.047680,12.341590,88.5230
2,100,1.9000,95,1,99,19.240350,12.513310,88.3484
2,100,1.9200,96,1,99,19.433080,12.666410,88.1699
2,100,1.9400,97,1,99,19.625880,12.837380,87.9875
2,100,1.9600,98,0,100,19.818740,12.909040,87.8012
2,100,1.9800,99,0,100,20.011680,13.077710,87.6109
2,100,2.0000,100,0,100,20.204670,13.245560,87.4168
2,100,2.0200,101,0,100,20.397730,13.416690,87.2187
2,100,2.0400,102,0,100,20.590840,13.586840,87.0166
2,100,2.0600,103,0,100,20.784020,13.759690,86.8107
2,100,2.0800,104,0,100,20.977250,13.801930,86.6008
2,100,2.1000,105,0,100,21.170530,13.973470,86.3870
2,100,2.1200,106,0,100,21.363870,14.145440,86.1693
2,100,2.1400,107,0,100,21.557260,14.314770,85.9477
2,100,2.1600,108,0,100,21.750700,14.487560,85.7221
2,100,2.1800,109,0,100,21.944180,14.662140,85.4926
2,100,2.2000,110,0,100,22.137720,14.837020,85.2592
2,100,2.2200,111,0,100,22.331300,14.965360,85.0218
2,100,2.2400,112,0,100,22.524930,15.132900,84.7806
2,100,2.2600,113,0,100,22.718600,15.305590,84.5354
2,100,2.2800,114,0,100,22.912320,15.466480,84.2863
2,100,2.3000,115,0,100,23.106080,15.631880,84.0332
2,100,2.3200,116,0,100,23.299870,15.803940,83.7763
2,100,2.3400,117,0,100,23.493710,15.897340,83.5154
2,100,2.3600,118,0,100,23.687590,15.962820,83.2506
2,100,2.3800,119,0,100,23.881500,16.133930,82.9819
2,100,2.4000,120,0,100,24.075450,16.293740,82.7092
2,100,2.4200,121,0,100,24.269440,16.344480,82.4326
2,100,2.4400,122,1,99,24.463460,16.399420,82.1521
2,100,2.4600,123,1,99,24.657520,16.567640,81.8677
2,100,2.4800,124,1,99,24.851610,16.685090,81.5794
2,100,2.5000,125,1,99,25.045740,16.836080,81.2871
2,100,2.5200,126,1,99,25.239890,16.999400,80.9909
2,100,2.5400,127,1,99,25.434080,17.149630,80.6908
2,100,2.5600,128,1,99,25.628300,17.314190,80.3867
2,100,2.5800,129,1,99,25.822540,17.475040,80.0787
2,100,2.6000,130,1,99,25.820960,17.405860,79.7669
2,100,2.6200,131,1,99,26.016590,17.333180,79.4510
2,100,2.6400,132,1,99,26.212220,17.278230,79.1313
2,100,2.6600,133,1,99,26.407870,17.442580,78.8076
2,100,2.6800,134,1,99,26.603520,17.192450,78.4800
2,100,2.7000,135,1,99,26.799180,17.351330,78.1485
2,100,2.7200,136,1,99,26.994850,17.195210,77.8131
2,100,2.7400,137,1,99,27.190530,17.340890,77.4737
2,100,2.7600,138,1,99,27.386220,17.484830,77.1304
2,100,2.7800,139,1,99,27.581910,17.615620,76.7832
2,100,2.8000,140,1,99,27.777610,17.581970,76.4321
2,100,2.8200,141,1,99,27.973310,17.722360,76.0770
2,100,2.8400,142,1,99,27.851370,17.245660,75.7180
2,100,2.8600,143,1,99,28.047250,17.369190,75.3551
2,100,2.8800,144,0,100,28.243140,16.931900,74.9883
2,100,2.9000,145,0,100,28.217670,16.784160,74.6175
2,100,2.9200,146,0,100,28.413730,16.242860,74.2429
2,100,2.9400,147,0,100,28.609790,15.808740,73.8643
2,100,2.9600,148,0,100,28.446110,15.791630,73.4817
2,100,2.9800,149,0,100,28.560880,15.736350,73.0953
2,100,3.0000,150,0,100,28.491270,15.809520,72.7049
2,100,3.0200,151,0,100,28.687410,15.921990,72.3106
2,100,3.0400,152,0,100,28.883560,15.452510,71.9124
2,100,3.0600,153,0,100,28.732310,15.374570,71.5102
2,100,3.0800,154,0,100,28.928480,15.453690,71.1042
2,100,3.1000,155,0,100,29.124650,15.292280,70.6942
2,100,3.1200,156,0,100,29.239910,15.111100,70.2802
2,100,3.1400,157,0,100,29.436110,15.152970,69.8624
2,100,3.1600,158,0,100,29.632300,15.243970,69.4406
2,100,3.1800,159,0,100,29.406930,15.339670,69.0149
2,100,3.2000,160,0,100,29.603100,15.216700,68.5853
2,100,3.2200,161,0,100,29.617430,15.080030,68.1518
2,100,3.2400,162,0,100,29.469110,15.048700,67.7143
2,100,3.2600,163,0,100,29.665300,15.064390,67.2729
2,100,3.2800,164,0,100,29.861480,15.026320,66.8276
2,100,3.3000,165,0,100,29.977580,14.877500,66.3784
2,100,3.3200,166,0,100,29.963590,14.859870,65.9252
2,100,3.3400,167,0,100,30.159790,14.902150,65.4682
2,100,3.3600,168,0,100,30.355980,14.946090,65.0072
2,100,3.3800,169,0,100,30.386690,15.019270,64.5422
2,100,3.4000,170,0,100,30.520770,14.961960,64.0734
2,100,3.4200,171,0,100,30.716970,14.610080,63.6006
2,100,3.4400,172,0,100,30.913170,14.527330,63.1239
2,100,3.4600,173,1,99,30.779240,14.402920,62.6433
2,100,3.4800,174,0,100,30.975440,14.361280,62.1587
2,100,3.5000,175,0,100,31.171640,14.059620,61.6702
2,100,3.5200,176,1,99,30.981680,13.895130,61.1778
2,100,3.5400,177,1,99,31.177880,13.855520,60.6815
2,100,3.5600,178,1,99,31.374080,13.680850,60.1813
2,100,3.5800,179,1,99,31.182530,13.588500,59.6771
2,100,3.6000,180,1,99,31.378720,13.527130,59.1690
2,100,3.6200,181,0,100,31.574920,13.325090,58.6570
2,100,3.6400,182,0,100,31.748380,13.147460,58.1410
2,100,3.6600,183,0,100,31.726350,13.038930,57.6212
2,100,3.6800,184,0,100,31.821240,13.032340,57.0974
2,100,3.7000,185,0,100,31.633350,13.090420,56.5697
2,100,3.7200,186,0,100,31.829530,13.154880,56.0380
2,100,3.7400,187,0,100,31.836520,13.217460,55.5025
2,100,3.7600,188,0,100,31.692120,13.277060,54.9630
2,100,3.7800,189,0,100,31.888310,13.239610,54.4196
2,100,3.8000,190,0,100,32.084500,13.268350,53.8722
2,100,3.8200,191,0,100,32.280690,13.236500,53.3210
2,100,3.8400,192,0,100,32.417410,13.231300,52.7658
2,100,3.8600,193,0,100,32.272110,13.122570,52.2067
2,100,3.8800,194,0,100,32.468300,13.089170,51.6437
2,100,3.9000,195,0,100,32.664500,12.988780,51.0767
2,100,3.9200,196,0,100,32.860690,12.976630,50.5058
2,100,3.9400,197,0,100,33.056880,12.972130,49.9310
2,100,3.9600,198,0,100,33.253070,12.969340,49.3523
2,100,3.9800,199,0,100,33.449270,13.027390,48.7697
2,100,4.0000,200,0,100,33.645460,13.066530,48.1831
2,100,4.0200,201,0,100,33.841650,13.114810,47.5926
2,100,4.0400,202,1,99,34.037850,13.171530,46.9982
2,100,4.0600,203,1,99,34.234040,13.131580,46.3998
2,100,4.0800,204,1,99,34.430230,12.887260,45.7975
2,100,4.1000,205,1,99,34.592770,12.757230,45.1913
2,100,4.1200,206,1,99,34.788960,12.655070,44.5812
2,100,4.1400,207,1,99,34.985160,12.087020,43.9672
2,100,4.1600,208,3,97,34.807220,11.869300,43.3492
2,100,4.1800,209,4,96,35.003410,11.784300,42.7273
2,100,4.2000,210,5,95,35.199610,11.647400,42.1015
2,100,4.2200,211,5,95,35.243250,11.373620,41.4718
2,100,4.2400,212,5,95,35.075050,11.224560,40.8381
2,100,4.2600,213,5,95,35.271250,11.212700,40.2005
2,100,4.2800,214,5,95,35.467450,11.027800,39.5590
2,100,4.3000,215,7,93,35.645610,10.833210,38.9136
2,100,4.3200,216,7,93,35.477150,10.635570,38.2642
2,100,4.3400,217,8,92,35.673340,10.526100,37.6109
2,100,4.3600,218,8,92,35.626110,10.469530,36.9537
2,100,4.3800,219,9,91,35.733740,10.295760,36.2926
2,100,4.4000,220,9,91,35.929940,10.273990,35.6276
2,100,4.4200,221,9,91,35.838490,10.284960,34.9586
2,100,4.4400,222,9,91,36.034690,10.300920,34.2857
2,100,4.4600,223,9,91,36.153980,10.056640,33.6088
2,100,4.4800,224,10,90,36.350180,9.856782,32.9281
2,100,4.5000,225,10,90,36.130130,9.852237,32.2434
2,100,4.5200,226,10,90,36.326330,9.793846,31.5548
2,100,4.5400,227,10,90,36.522530,9.759961,30.8623
2,100,4.5600,228,10,90,36.718730,9.690707,30.1659
2,100,4.5800,229,10,90,36.914920,9.533587,29.4655
2,100,4.6000,230,10,90,37.111120,9.260599,28.7612
2,100,4.6200,231,11,89,37.219400,9.103488,28.0530
2,100,4.6400,232,11,89,37.113160,9.074478,27.3408
2,100,4.6600,233,11,89,37.309360,8.657867,26.6248
2,100,4.6800,234,9,91,37.487840,8.531903,25.9048
2,100,4.7000,235,9,91,37.443690,8.471018,25.1809
2,100,4.7200,236,10,90,37.639880,8.409961,24.4530
2,100,4.7400,237,10,90,37.778960,8.142741,23.7213
2,100,4.7600,238,10,90,37.975150,7.913262,22.9856
2,100,4.7800,239,10,90,37.962180,7.833044,22.2460
2,100,4.8000,240,11,89,38.158370,7.805734,21.5024
2,100,4.8200,241,13,87,38.119740,7.822320,20.7550
2,100,4.8400,242,13,87,38.315930,7.784132,20.0036
2,100,4.8600,243,13,87,38.512130,7.314499,19.2483
2,100,4.8800,244,13,87,38.708270,6.840082,18.4890
2,100,4.9000,245,13,87,38.686310,6.586985,17.7259
2,100,4.9200,246,13,87,38.882510,6.312466,16.9588
2,100,4.9400,247,12,88,39.024900,6.064105,16.1878
2,100,4.9600,248,13,87,39.020050,5.907725,15.4129
2,100,4.9800,249,14,86,39.032750,5.671635,14.6340
2,100,5.0000,250,14,86,39.228950,5.583913,13.8513
2,100,5.0200,251,14,86,39.389210,5.529873,13.0646
2,100,5.0400,252,14,86,39.536790,5.527629,12.2739
2,100,5.0600,253,14,86,39.731560,5.383621,11.4794
2,100,5.0800,254,14,86,39.925120,5.258688,10.6809
2,100,5.1000,255,15,85,31.223510,5.054964,10.3049
2,100,5.1200,256,16,84,28.276430,4.602306,9.8958
2,100,5.1400,257,16,84,24.139170,4.286490,9.4509
2,100,5.1600,258,15,85,22.438380,3.787126,9.0173
2,100,5.1800,259,14,86,21.601670,3.423025,8.6081
2,100,5.2000,260,15,85,19.481340,3.202249,8.2617
2,100,5.2200,261,15,85,17.877560,3.111031,7.9867
2,100,5.2400,262,16,84,18.526610,3.061786,7.7602
2,100,5.2600,263,15,85,18.355230,3.076121,7.5309
2,100,5.2800,264,15,85,18.467760,2.996344,7.2941
2,100,5.3000,265,15,85,18.581680,2.937122,7.0534
2,100,5.3200,266,15,85,17.461480,2.927999,6.8087
2,100,5.3400,267,15,85,17.599470,2.896435,6.5602
2,100,5.3600,268,15,85,17.738570,2.878997,6.3077
2,100,5.3800,269,15,85,17.878740,2.837867,6.0513
2,100,5.4000,270,15,85,18.019950,2.686732,5.7909
2,100,5.4200,271,16,84,18.162190,2.622615,5.5267
2,100,5.4400,272,16,84,18.305420,2.593491,5.2585
2,100,5.4600,273,16,84,18.449630,2.586919,4.9864
2,100,5.4800,274,17,83,18.594780,2.552432,4.7103
2,100,5.5000,275,18,82,18.740870,2.490322,4.4304
2,100,5.5200,276,21,79,18.887870,2.425430,4.1465
2,100,5.5400,277,21,79,19.035750,2.380156,3.9983
2,100,5.5600,278,21,79,19.184500,2.330678,3.9061
2,100,5.5800,279,20,80,19.334100,2.311985,3.8100
2,100,5.6000,280,20,80,19.484520,2.293294,3.7100
2,100,5.6200,281,20,80,19.635760,2.290366,3.6061
2,100,5.6400,282,21,79,19.787780,2.236618,3.4982
2,100,5.6600,283,23,77,19.940570,2.183590,3.3864
2,100,5.6800,284,24,76,20.094120,2.134715,3.2707
2,100,5.7000,285,24,76,20.248400,2.122945,3.1511
2,100,5.7200,286,23,77,17.639580,2.000878,3.0275
2,100,5.7400,287,23,77,17.801810,1.969783,2.9001
2,100,5.7600,288,24,76,17.964720,1.905273,2.8449
2,100,5.7800,289,24,76,12.267730,1.795282,2.8461
2,100,5.8000,290,24,76,12.376200,1.744552,2.8433
2,100,5.8200,291,24,76,10.335230,1.656948,2.8366
2,100,5.8400,292,23,77,10.059690,1.532107,2.8260
2,100,5.8600,293,25,75,8.807838,1.469180,2.8114
2,100,5.8800,294,24,76,8.928363,1.453571,2.7930
2,100,5.9000,295,24,76,9.051536,1.443512,2.7706
2,100,5.9200,296,24,76,9.177250,1.421885,2.7443
2,100,5.9400,297,26,74,9.305404,1.397456,2.7140
2,100,5.9600,298,26,74,9.435896,1.399928,2.6799
2,100,5.9800,299,26,74,8.142193,1.334208,2.6418
2,100,6.0000,300,24,76,8.246204,1.277934,2.5998
2,100,6.0200,301,24,76,8.353529,1.269171,2.5538
2,100,6.0400,302,25,75,8.464042,1.258456,2.5040
2,100,6.0600,303,25,75,8.204771,1.210443,2.4502
2,100,6.0800,304,31,69,8.310042,1.155821,2.3925
2,100,6.1000,305,31,69,8.248025,1.132795,2.3308
2,100,6.1200,306,31,69,8.372822,1.135303,2.2653
2,100,6.1400,307,31,69,7.289705,1.087880,2.1958
2,100,6.1600,308,33,67,7.346982,1.083269,2.1224
2,100,6.1800,309,33,67,7.409013,1.094227,2.0451
2,100,6.2000,310,31,69,7.475681,1.052996,1.9638
2,100,6.2200,311,31,69,7.546862,1.041310,1.8786
2,100,6.2400,312,30,70,7.560016,1.012837,1.8352
2,100,6.2600,313,30,70,7.677270,0.969716,1.7989
2,100,6.2800,314,30,70,7.797699,0.928231,1.7587
2,100,6.3000,315,33,67,7.921157,0.896030,1.7146
2,100,6.3200,316,36,64,8.047505,0.882668,1.6739
2,100,6.3400,317,35,65,8.176609,0.876568,1.6876
2,100,6.3600,318,35,65,8.308341,0.859518,1.6973
2,100,6.3800,319,35,65,8.442576,0.840413,1.7031
2,100,6.4000,320,36,64,8.579200,0.818578,1.7050
2,100,6.4200,321,38,62,8.718097,0.816840,1.7030
2,100,6.4400,322,38,62,8.859162,0.810841,1.6970
2,100,6.4600,323,38,62,7.827885,0.760050,1.6871
2,100,6.4800,324,39,61,7.924395,0.746097,1.6733
2,100,6.5000,325,38,62,8.024543,0.731062,1.6556
2,100,6.5200,326,38,62,8.128192,0.695614,1.6340
2,100,6.5400,327,38,62,8.235212,0.685376,1.6181
2,100,6.5600,328,38,62,8.345474,0.682687,1.6124
2,100,6.5800,329,38,62,8.458849,0.656927,1.6069
2,100,6.6000,330,38,62,5.208800,0.619379,1.6018
2,100,6.6200,331,38,62,5.182118,0.623419,1.5968
2,100,6.6400,332,38,62,5.162759,0.612122,1.5913
2,100,6.6600,333,39,61,5.150806,0.572814,1.5851
2,100,6.6800,334,41,59,5.146311,0.562800,1.5781
2,100,6.7000,335,41,59,5.149293,0.561109,1.5703
2,100,6.7200,336,41,59,5.159739,0.552585,1.5620
2,100,6.7400,337,41,59,5.177604,0.559842,1.5530
2,100,6.7600,338,43,57,5.202812,0.538031,1.5488
2,100,6.7800,339,43,57,5.235256,0.510182,1.5484
2,100,6.8000,340,45,55,5.274804,0.500929,1.5510
2,100,6.8200,341,45,55,5.321296,0.480322,1.5549
2,100,6.8400,342,47,53,5.374552,0.475275,1.5584
2,100,6.8600,343,46,54,5.434374,0.471418,1.5611
2,100,6.8800,344,45,55,5.500547,0.465650,1.5625
2,100,6.9000,345,45,55,5.572846,0.451986,1.5624
2,100,6.9200,346,47,53,5.376020,0.427046,1.5616
2,100,6.9400,347,47,53,5.476770,0.428214,1.5609
2,100,6.9600,348,46,54,5.582599,0.408402,1.5597
2,100,6.9800,349,47,53,4.815639,0.391787,1.5587
2,100,7.0000,350,48,52,4.404564,0.358749,1.5574
2,100,7.0200,351,49,51,4.388662,0.320972,1.5557
2,100,7.0400,352,49,51,4.381495,0.311830,1.5537
2,100,7.0600,353,49,51,4.383109,0.298406,1.5513
2,100,7.0800,354,49,51,4.393492,0.291261,1.5485
2,100,7.1000,355,49,51,4.412583,0.275176,1.5453
2,100,7.1200,356,52,48,4.440270,0.271568,1.5416
2,100,7.1400,357,53,47,4.476393,0.268346,1.5374
2,100,7.1600,358,55,45,4.520750,0.273260,1.5327
2,100,7.1800,359,56,44,4.573101,0.270953,1.5274
2,100,7.2000,360,56,44,4.633175,0.248905,1.5215
2,100,7.2200,361,57,43,4.700676,0.252639,1.5174
2,100,7.2400,362,57,43,4.775290,0.253452,1.5151
2,100,7.2600,363,57,43,3.369083,0.223926,1.5134
2,100,7.2800,364,59,41,3.447898,0.222788,1.5133
2,100,7.3000,365,59,41,3.535855,0.209796,1.5130
2,100,7.3200,366,61,39,3.632289,0.205788,1.5115
2,100,7.3400,367,68,32,3.736546,0.204745,1.5087
2,100,7.3600,368,68,32,3.295961,0.191007,1.5049
2,100,7.3800,369,68,32,3.291134,0.177525,1.5002
2,100,7.4000,370,69,31,3.285317,0.163634,1.4996
2,100,7.4200,371,69,31,3.316961,0.159085,1.4995
2,100,7.4400,372,69,31,3.359782,0.145216,1.4994
2,100,7.4600,373,69,31,3.413361,0.142559,1.4993
2,100,7.4800,374,69,31,3.477199,0.144950,1.4993
2,100,7.5000,375,70,30,3.550745,0.145058,1.4994
2,100,7.5200,376,70,30,3.633408,0.144262,1.4995
2,100,7.5400,377,70,30,2.163305,0.127680,1.4996
2,100,7.5600,378,72,28,2.261337,0.129851,1.4995
2,100,7.5800,379,73,27,2.375636,0.133867,1.4995
2,100,7.6000,380,73,27,2.495250,0.135104,1.4994
2,100,7.6200,381,74,26,2.593886,0.136785,1.4993
2,100,7.6400,382,75,25,2.442679,0.119340,1.4993
2,100,7.6600,383,75,25,2.564447,0.107266,1.4993
2,100,7.6800,384,75,25,2.695012,0.108921,1.4994
2,100,7.7000,385,75,25,2.833157,0.111616,1.4993
2,100,7.7200,386,77,23,2.977827,0.110504,1.4984
2,100,7.7400,387,77,23,3.128117,0.111218,1.4983
2,100,7.7600,388,77,23,2.706245,0.104645,1.4996
2,100,7.7800,389,77,23,2.665519,0.091898,1.5025
2,100,7.8000,390,80,20,1.497440,0.072946,1.5050
2,100,7.8200,391,81,19,1.551968,0.067647,1.5062
2,100,7.8400,392,83,17,1.659865,0.066476,1.5071
2,100,7.8600,393,83,17,1.775955,0.067737,1.5076
2,100,7.8800,394,83,17,1.726059,0.064208,1.5079
2,100,7.9000,395,83,17,1.221436,0.044380,1.5078
2,100,7.9200,396,83,17,1.222733,0.041504,1.5076
2,100,7.9400,397,83,17,1.233500,0.041069,1.5072
2,100,7.9600,398,83,17,1.034697,0.037770,1.5066
2,100,7.9800,399,83,17,1.105868,0.038387,1.5061
2,100,8.0000,400,83,17,1.181174,0.040450,1.5056
2,100,8.0200,401,85,15,1.261542,0.038638,1.5046
2,100,8.0400,402,85,15,1.345787,0.036129,1.5040
2,100,8.0600,403,85,15,1.435634,0.034657,1.5036
2,100,8.0800,404,85,15,1.528831,0.034487,1.5034
2,100,8.1000,405,85,15,1.628618,0.036147,1.5032
2,100,8.1200,406,85,15,1.730869,0.038763,1.5030
2,100,8.1400,407,85,15,1.841291,0.042157,1.5028
2,100,8.1600,408,85,15,1.952093,0.045667,1.5025
2,100,8.1800,409,86,14,1.863376,0.045483,1.5022
2,100,8.2000,410,86,14,1.812206,0.039880,1.5017
2,100,8.2200,411,86,14,1.598061,0.035446,1.5013
2,100,8.2400,412,90,10,0.772106,0.025941,1.5010
2,100,8.2600,413,90,10,0.757531,0.024606,1.5004
2,100,8.2800,414,90,10,0.778181,0.024585,1.4999
2,100,8.3000,415,90,10,0.808421,0.023452,1.4995
2,100,8.3200,416,90,10,0.841279,0.021650,1.4992
2,100,8.3400,417,90,10,0.876986,0.021107,1.4991
2,100,8.3600,418,90,10,0.916616,0.021899,1.4991
2,100,8.3800,419,90,10,0.960200,0.022939,1.4990
2,100,8.4000,420,90,10,1.007467,0.025171,1.4990
2,100,8.4200,421,90,10,1.058753,0.028123,1.4989
2,100,8.4400,422,90,10,1.131476,0.031124,1.4988
2,100,8.4600,423,90,10,1.227754,0.034600,1.4988
2,100,8.4800,424,90,10,1.281924,0.034102,1.4988
2,100,8.5000,425,90,10,1.306358,0.025163,1.4989
2,100,8.5200,426,90,10,1.380173,0.024127,1.4989
2,100,8.5400,427,90,10,1.457747,0.025697,1.4989
2,100,8.5600,428,90,10,1.541948,0.022062,1.4990
2,100,8.5800,429,90,10,1.629094,0.021052,1.4990
2,100,8.6000,430,90,10,1.722363,0.021919,1.4990
2,100,8.6200,431,90,10,1.612578,0.019846,1.4990
2,100,8.6400,432,90,10,0.545286,0.008612,1.4990
2,100,8.6600,433,90,10,0.455527,0.007730,1.4990
2,100,8.6800,434,90,10,0.351113,0.006778,1.4990
2,100,8.7000,435,90,10,0.291832,0.005906,1.4990
2,100,8.7200,436,90,10,0.310611,0.005078,1.4990
2,100,8.7400,437,95,5,0.330679,0.004121,1.4990
2,100,8.7600,438,95,5,0.352102,0.004237,1.4990
2,100,8.7800,439,95,5,0.374964,0.005446,1.4990
2,100,8.8000,440,95,5,0.399391,0.006677,1.4990
2,100,8.8200,441,95,5,0.425351,0.007931,1.4990
2,100,8.8400,442,95,5,0.453112,0.009216,1.4990
2,100,8.8600,443,95,5,0.543239,0.010532,1.4990
2,100,8.8800,444,96,4,0.514332,0.009095,1.4990
2,100,8.9000,445,97,3,0.547886,0.007097,1.4990
2,100,8.9200,446,97,3,0.583750,0.006449,1.4990
2,100,8.9400,447,97,3,0.621985,0.007243,1.4990
2,100,8.9600,448,97,3,0.662589,0.008689,1.4990
2,100,8.9800,449,97,3,0.705923,0.008098,1.4990
2,100,9.0000,450,97,3,0.752017,0.007945,1.4990
2,100,9.0200,451,97,3,0.800994,0.008463,1.4990
2,100,9.0400,452,97,3,0.853237,0.008963,1.4990
2,100,9.0600,453,97,3,0.908567,0.009479,1.4990
2,100,9.0800,454,97,3,0.967541,0.010070,1.4990
2,100,9.1000,455,97,3,1.029968,0.010715,1.4990
2,100,9.1200,456,97,3,1.096504,0.011397,1.4990
2,100,9.1400,457,97,3,1.166656,0.012119,1.4990
2,100,9.1600,458,97,3,1.241604,0.012893,1.4990
2,100,9.1800,459,97,3,1.320055,0.013704,1.4990
2,100,9.2000,460,97,3,1.404320,0.014575,1.4990
2,100,9.2200,461,97,3,1.491508,0.015478,1.4990
2,100,9.2400,462,97,3,1.586169,0.016458,1.4990
2,100,9.2600,463,97,3,1.619706,0.016829,1.4990
2,100,9.2800,464,98,2,0.458049,0.005249,1.4990
2,100,9.3000,465,98,2,0.276580,0.003476,1.4990
2,100,9.3200,466,98,2,0.183529,0.002589,1.4990
2,100,9.3400,467,98,2,0.080056,0.001594,1.4990
2,100,9.3600,468,98,2,0.085090,0.001109,1.4990
2,100,9.3800,469,98,2,0.127274,0.002177,1.4990
2,100,9.4000,470,98,2,0.228577,0.003248,1.4990
2,100,9.4200,471,98,2,0.331258,0.004336,1.4990
2,100,9.4400,472,98,2,0.165772,0.002747,1.4990
2,100,9.4600,473,98,2,0.115967,0.001443,1.4990
2,100,9.4800,474,98,2,0.123475,0.001432,1.4990
2,100,9.5000,475,98,2,0.131493,0.001467,1.4990
2,100,9.5200,476,98,2,0.140057,0.001447,1.4990
2,100,9.5400,477,98,2,0.149200,0.001500,1.4990
2,100,9.5600,478,98,2,0.158960,0.001604,1.4990
2,100,9.5800,479,98,2,0.169375,0.001700,1.4990
2,100,9.6000,480,98,2,0.180492,0.001806,1.4990
2,100,9.6200,481,98,2,0.192377,0.001925,1.4990
2,100,9.6400,482,98,2,0.204996,0.002051,1.4990
2,100,9.6600,483,98,2,0.218496,0.002185,1.4990
2,100,9.6800,484,98,2,0.232907,0.002329,1.4990
2,100,9.7000,485,98,2,0.248273,0.002483,1.4990
2,100,9.7200,486,98,2,0.264664,0.002647,1.4990
2,100,9.7400,487,99,1,0.282146,0.002821,1.4990
2,100,9.7600,488,99,1,0.300818,0.003008,1.4990
2,100,9.7800,489,99,1,0.320633,0.003206,1.4990
2,100,9.8000,490,99,1,0.341822,0.003418,1.4990
2,100,9.8200,491,99,1,0.364422,0.003644,1.4990
2,100,9.8400,492,99,1,0.388512,0.003885,1.4990
2,100,9.8600,493,99,1,0.414225,0.004142,1.4990
2,100,9.8800,494,99,1,0.441520,0.004415,1.4990
2,100,9.9000,495,99,1,0.470676,0.004707,1.4990
2,100,9.9200,496,99,1,0.501760,0.005018,1.4990
2,100,9.9400,497,99,1,0.534894,0.005349,1.4990
2,100,9.9600,498,99,1,0.570068,0.005701,1.4990
2,100,9.9800,499,99,1,0.607630,0.006076,1.4990
2,100,10.0000,500,99,1,0.647638,0.006476,1.4990
2,100,10.0200,501,99,1,0.690132,0.006901,1.4990
2,100,10.0400,502,99,1,0.735441,0.007354,1.4990
2,100,10.0600,503,99,1,0.783590,0.007836,1.4990
2,100,10.0800,504,99,1,0.834769,0.008348,1.4990
2,100,10.1000,505,99,1,0.889227,0.008892,1.4990
2,100,10.1200,506,99,1,0.947079,0.009471,1.4990
2,100,10.1400,507,99,1,1.008450,0.010085,1.4990
2,100,10.1600,508,99,1,1.073740,0.010737,1.4990
2,100,10.1800,509,99,1,1.142684,0.011427,1.4990
2,100,10.2000,510,99,1,1.216269,0.012163,1.4990
2,100,10.2200,511,99,1,1.293396,0.012934,1.4990
2,100,10.2400,512,99,1,1.376121,0.013761,1.4990
2,100,10.2600,513,99,1,1.461944,0.014619,1.4990
2,100,10.2800,514,99,1,1.554786,0.015548,1.4990
2,100,10.3001,515,99,1,1.649430,0.016494,1.4990
2,100,10.3201,516,99,1,0.815011,0.008150,1.4990
2,100,10.3401,517,99,1,0.420548,0.004205,1.4990
2,100,10.3601,518,99,1,0.328537,0.003285,1.4990
2,100,10.3801,519,99,1,0.225522,0.002255,1.4990
2,100,10.4001,520,99,1,0.125463,0.001255,1.4990
2,100,10.4201,521,99,1,0.025598,0.000256,1.4990
2,100,10.4401,522,99,1,0.074107,0.000741,1.4990
2,100,10.4601,523,99,1,0.174015,0.001740,1.4990
2,100,10.4801,524,99,1,0.274412,0.002744,1.4990
2,100,10.5001,525,99,1,0.375642,0.003756,1.4990
2,100,10.5201,526,99,1,0.433357,0.004334,1.4990
2,100,10.5401,527,99,1,0.132492,0.001325,1.4990
2,100,10.5601,528,99,1,0.015277,0.000153,1.4990
2,100,10.5801,529,99,1,0.023229,0.000232,1.4990
2,100,10.6001,530,99,1,0.011514,0.000115,1.4990
2,100,10.6201,531,99,1,0.006331,0.000063,1.4990
2,100,10.6401,532,99,1,0.001734,0.000017,1.4990
2,100,10.6601,533,99,1,0.001999,0.000020,1.4990
2,100,10.6801,534,99,1,0.001484,0.000015,1.4990
2,100,10.7001,535,99,1,0.000464,0.000005,1.4990
2,100,10.7201,536,99,1,0.000146,0.000001,1.4990
2,100,10.7401,537,99,1,0.000229,0.000002,1.4990
2,100,10.7601,538,99,1,0.000132,0.000001,1.4990
2,100,10.7801,539,99,1,0.000014,0.000000,1.4990
2,100,10.8001,540,99,1,0.000031,0.000000,1.4990
2,100,10.8201,541,99,1,0.000016,0.000000,1.4990
2,100,10.8401,542,99,1,0.000008,0.000000,1.4990
2,100,10.8601,543,99,1,0.000003,0.000000,1.4990
2,100,10.8801,544,99,1,0.000007,0.000000,1.4990
2,100,10.9001,545,99,1,0.000007,0.000000,1.4990
2,100,10.9201,546,100,0,0.000000,0.000000,1.4990
3,100,0.0200,1,0,100,0.000000,0.000000,99.5000
3,100,0.0400,2,0,100,0.196200,0.190715,99.4961
3,100,0.0600,3,0,100,0.392416,0.377411,99.4882
3,100,0.0800,4,0,100,0.588610,0.560092,99.4765
3,100,0.1000,5,0,100,0.784804,0.738735,99.4608
3,100,0.1200,6,0,100,0.981000,0.913320,99.4411
3,100,0.1400,7,0,100,1.177199,1.083829,99.4176
3,100,0.1600,8,0,100,1.373399,1.250251,99.3901
3,100,0.1800,9,0,100,1.569599,1.412576,99.3587
3,100,0.2000,10,0,100,1.765799,1.570807,99.3234
3,100,0.2200,11,0,100,1.961999,1.724928,99.2842
3,100,0.2400,12,0,100,2.158199,1.878071,99.2410
3,100,0.2600,13,0,100,2.354399,2.025841,99.1939
3,100,0.2800,14,0,100,2.550599,2.169514,99.1429
3,100,0.3000,15,0,100,2.746799,2.309368,99.0880
3,100,0.3200,16,0,100,2.942999,2.445233,99.0291
3,100,0.3400,17,0,100,3.139199,2.576965,98.9663
3,100,0.3600,18,0,100,3.335398,2.704540,98.8996
3,100,0.3800,19,0,100,3.531598,2.829056,98.8290
3,100,0.4000,20,0,100,3.727798,2.949086,98.7544
3,100,0.4200,21,0,100,3.923998,3.064537,98.6760
3,100,0.4400,22,0,100,4.120249,3.176985,98.5935
3,100,0.4600,23,0,100,4.316403,3.286488,98.5072
3,100,0.4800,24,0,100,4.512532,3.392880,98.4170
3,100,0.5000,25,0,100,4.708696,3.495375,98.3228
3,100,0.5200,26,0,100,4.904764,3.594317,98.2247
3,100,0.5400,27,0,100,5.100833,3.693894,98.1227
3,100,0.5600,28,0,100,5.296675,3.789743,98.0168
3,100,0.5800,29,0,100,5.492195,3.880482,97.9069
3,100,0.6000,30,0,100,5.687140,3.980560,97.7932
3,100,0.6200,31,0,100,5.881298,4.054754,97.6755
3,100,0.6400,32,0,100,6.074013,4.146208,97.5541
3,100,0.6600,33,0,100,6.264709,4.210992,97.4287
3,100,0.6800,34,0,100,6.452595,4.286723,97.2997
3,100,0.7000,35,0,100,6.636658,4.382027,97.1669
3,100,0.7200,36,0,100,6.815769,4.467515,97.0306
3,100,0.7400,37,0,100,6.988588,4.525861,96.8908
3,100,0.7600,38,0,100,7.153658,4.636921,96.7477
3,100,0.7800,39,0,100,7.309593,4.685097,96.6015
3,100,0.8000,40,0,100,7.454784,4.784583,96.4523
3,100,0.8200,41,0,100,7.588021,4.849383,96.3005
3,100,0.8400,42,0,100,7.708070,4.965086,96.1463
3,100,0.8600,43,0,100,7.814102,5.013731,95.9900
3,100,0.8800,44,0,100,7.905648,5.146224,95.8318
3,100,0.9000,45,0,100,7.982245,5.217715,95.6721
3,100,0.9200,46,0,100,8.044144,5.342382,95.5112
3,100,0.9400,47,0,100,8.092021,5.479638,95.3493
3,100,0.9600,48,0,100,8.126667,5.599220,95.1867
3,100,0.9800,49,0,100,9.190090,5.845635,95.0236
3,100,1.0000,50,0,100,9.616711,6.038794,94.8604
3,100,1.0200,51,0,100,10.867920,6.230539,94.6970
3,100,1.0400,52,0,100,11.018550,6.406606,94.5337
3,100,1.0600,53,0,100,11.170590,6.618623,94.3706
3,100,1.0800,54,0,100,11.535760,6.784528,94.2077
3,100,1.1000,55,0,100,11.647560,6.956305,94.0452
3,100,1.1200,56,0,100,11.773230,7.124069,93.8832
3,100,1.1400,57,0,100,11.898700,7.300090,93.7221
3,100,1.1600,58,0,100,12.045530,7.477001,93.5620
3,100,1.1800,59,0,100,12.404890,7.652319,93.4034
3,100,1.2000,60,0,100,12.568010,7.826003,93.2467
3,100,1.2200,61,0,100,12.718150,8.004704,93.0922
3,100,1.2400,62,0,100,12.869520,8.182141,92.9402
3,100,1.2600,63,0,100,13.066430,8.360449,92.7908
3,100,1.2800,64,0,100,13.264920,8.538058,92.6441
3,100,1.3000,65,0,100,13.461030,8.719005,92.4998
3,100,1.3200,66,0,100,13.657150,8.897935,92.3577
3,100,1.3400,67,0,100,13.853260,9.081656,92.2176
3,100,1.3600,68,0,100,14.049380,9.262527,92.0792
3,100,1.3800,69,0,100,14.245510,9.445401,91.9421
3,100,1.4000,70,0,100,14.441630,9.622166,91.8060
3,100,1.4200,71,0,100,14.637750,9.800604,91.6708
3,100,1.4400,72,0,100,14.833880,9.982375,91.5363
3,100,1.4600,73,0,100,15.030010,10.165600,91.4026
3,100,1.4800,74,0,100,15.226140,10.287670,91.2695
3,100,1.5000,75,0,100,15.422270,10.469240,91.1361
3,100,1.5200,76,0,100,15.618410,10.651740,91.0028
3,100,1.5400,77,0,100,15.814550,10.834590,90.8692
3,100,1.5600,78,0,100,16.010680,11.017840,90.7350
3,100,1.5800,79,0,100,16.206820,11.183340,90.5999
3,100,1.6000,80,0,100,16.402960,11.365890,90.4634
3,100,1.6200,81,0,100,16.599100,11.548740,90.3251
3,100,1.6400,82,0,100,16.795240,11.731890,90.1846
3,100,1.6600,83,0,100,16.991390,11.915360,90.0413
3,100,1.6800,84,0,100,17.187530,12.099120,89.8947
3,100,1.7000,85,0,100,17.383680,12.283190,89.7446
3,100,1.7200,86,0,100,17.579830,12.467540,89.5908
3,100,1.7400,87,1,99,17.775980,12.435710,89.4334
3,100,1.7600,88,1,99,17.972130,12.595260,89.2720
3,100,1.7800,89,1,99,18.168280,12.774570,89.1067
3,100,1.8000,90,1,99,18.364430,12.909450,88.9374
3,100,1.8200,91,1,99,18.560580,13.088400,88.7643
3,100,1.8400,92,1,99,18.756730,13.189640,88.5872
3,100,1.8600,93,1,99,18.952890,13.309120,88.4062
3,100,1.8800,94,1,99,19.149050,13.485010,88.2212
3,100,1.9000,95,1,99,19.345200,13.646080,88.0324
3,100,1.9200,96,1,99,19.541360,13.822030,87.8396
3,100,1.9400,97,1,99,19.737520,13.998880,87.6429
3,100,1.9600,98,1,99,19.933680,14.133160,87.4422
3,100,1.9800,99,1,99,20.129840,14.241560,87.2377
3,100,2.0000,100,1,99,20.326000,14.173540,87.0292
3,100,2.0200,101,1,99,20.522160,14.346050,86.8168
3,100,2.0400,102,1,99,20.718320,14.515210,86.6005
3,100,2.0600,103,1,99,20.914480,14.669970,86.3802
3,100,2.0800,104,1,99,21.110650,14.766380,86.1560
3,100,2.1000,105,1,99,21.306810,14.935390,85.9279
3,100,2.1200,106,1,99,21.502980,14.940430,85.6959
3,100,2.1400,107,1,99,21.699140,14.933090,85.4600
3,100,2.1600,108,1,99,21.895310,15.088830,85.2201
3,100,2.1800,109,1,99,22.091470,15.250720,84.9763
3,100,2.2000,110,1,99,22.287640,15.401060,84.7286
3,100,2.2200,111,1,99,22.483810,15.564350,84.4769
3,100,2.2400,112,1,99,22.679980,15.691720,84.2213
3,100,2.2600,113,1,99,22.876150,15.856040,83.9619
3,100,2.2800,114,1,99,23.072320,15.830310,83.6984
3,100,2.3000,115,1,99,23.268490,15.990610,83.4311
3,100,2.3200,116,1,99,23.464660,16.088250,83.1598
3,100,2.3400,117,1,99,23.660830,16.205340,82.8846
3,100,2.3600,118,1,99,23.857000,16.051300,82.6055
3,100,2.3800,119,0,100,23.785520,15.259500,82.3225
3,100,2.4000,120,0,100,23.979150,15.098690,82.0355
3,100,2.4200,121,0,100,24.172830,14.844320,81.7446
3,100,2.4400,122,0,100,24.366550,14.801500,81.4498
3,100,2.4600,123,0,100,24.560300,14.829050,81.1511
3,100,2.4800,124,0,100,24.754100,14.918610,80.8484
3,100,2.5000,125,0,100,24.947930,14.978530,80.5419
3,100,2.5200,126,0,100,25.141800,15.005270,80.2314
3,100,2.5400,127,0,100,25.335700,15.094950,79.9169
3,100,2.5600,128,0,100,25.529650,15.218170,79.5986
3,100,2.5800,129,0,100,25.723620,15.308540,79.2763
3,100,2.6000,130,0,100,25.917630,15.370740,78.9501
3,100,2.6200,131,0,100,26.111670,15.117670,78.6200
3,100,2.6400,132,0,100,26.305740,15.014110,78.2859
3,100,2.6600,133,0,100,26.499850,15.015020,77.9479
3,100,2.6800,134,0,100,26.693980,15.133560,77.6060
3,100,2.7000,135,0,100,26.888140,15.249370,77.2602
3,100,2.7200,136,0,100,27.082340,15.375390,76.9105
3,100,2.7400,137,0,100,27.276560,15.443410,76.5568
3,100,2.7600,138,0,100,27.470810,15.546340,76.1992
3,100,2.7800,139,0,100,27.665090,15.559580,75.8377
3,100,2.8000,140,0,100,27.859400,15.640250,75.4722
3,100,2.8200,141,0,100,28.053730,15.753990,75.1029
3,100,2.8400,142,0,100,28.248090,15.863170,74.7296
3,100,2.8600,143,0,100,28.442470,15.866090,74.3524
3,100,2.8800,144,0,100,28.636880,15.581250,73.9712
3,100,2.9000,145,0,100,28.831310,15.675180,73.5862
3,100,2.9200,146,0,100,29.025760,15.363400,73.1972
3,100,2.9400,147,0,100,28.665390,15.141270,72.8043
3,100,2.9600,148,0,100,28.861530,15.258230,72.4074
3,100,2.9800,149,0,100,29.057680,15.379230,72.0067
3,100,3.0000,150,0,100,29.253830,15.474410,71.6020
3,100,3.0200,151,0,100,29.449980,15.324970,71.1934
3,100,3.0400,152,0,100,29.646120,15.382210,70.7809
3,100,3.0600,153,0,100,29.842270,15.209260,70.3644
3,100,3.0800,154,0,100,29.691600,14.947810,69.9440
3,100,3.1000,155,0,100,29.825850,15.032740,69.5197
3,100,3.1200,156,0,100,29.665650,14.938660,69.0915
3,100,3.1400,157,1,99,29.861580,14.649610,68.6594
3,100,3.1600,158,1,99,29.637940,14.697990,68.2233
3,100,3.1800,159,1,99,29.833920,14.786950,67.7833
3,100,3.2000,160,1,99,29.759080,14.850050,67.3394
3,100,3.2200,161,1,99,29.955140,14.764470,66.8915
3,100,3.2400,162,1,99,30.151210,14.667560,66.4398
3,100,3.2600,163,1,99,30.290250,14.714400,65.9841
3,100,3.2800,164,1,99,30.486420,14.765870,65.5244
3,100,3.3000,165,1,99,30.640800,14.809270,65.0609
3,100,3.3200,166,1,99,30.836960,14.882220,64.5934
3,100,3.3400,167,1,99,31.033120,14.561350,64.1220
3,100,3.3600,168,1,99,31.229280,14.533910,63.6467
3,100,3.3800,169,1,99,31.334980,14.375470,63.1675
3,100,3.4000,170,1,99,31.531050,14.240230,62.6843
3,100,3.4200,171,2,98,31.727130,14.095810,62.1972
3,100,3.4400,172,3,97,31.280230,14.020780,61.7062
3,100,3.4600,173,3,97,31.476240,14.004300,61.2113
3,100,3.4800,174,3,97,31.672260,14.024510,60.7124
3,100,3.5000,175,3,97,31.280790,14.039050,60.2097
3,100,3.5200,176,3,97,31.476930,14.052710,59.7030
3,100,3.5400,177,3,97,31.673070,14.039460,59.1923
3,100,3.5600,178,3,97,31.869220,13.972770,58.6778
3,100,3.5800,179,3,97,32.065360,13.974290,58.1593
3,100,3.6000,180,3,97,32.261510,13.831210,57.6369
3,100,3.6200,181,3,97,32.457650,13.899240,57.1106
3,100,3.6400,182,3,97,32.653800,13.899750,56.5803
3,100,3.6600,183,4,96,32.849950,13.839620,56.0462
3,100,3.6800,184,5,95,33.046100,13.730910,55.5081
3,100,3.7000,185,5,95,32.923940,13.706390,54.9660
3,100,3.7200,186,6,94,33.120100,13.524850,54.4201
3,100,3.7400,187,6,94,33.096710,13.364410,53.8702
3,100,3.7600,188,6,94,33.206310,13.059800,53.3164
3,100,3.7800,189,6,94,33.286320,13.044340,52.7587
3,100,3.8000,190,6,94,33.482520,13.069810,52.1971
3,100,3.8200,191,6,94,33.282820,13.100010,51.6315
3,100,3.8400,192,6,94,33.479010,13.131000,51.0620
3,100,3.8600,193,8,92,33.675190,12.689800,50.4886
3,100,3.8800,194,8,92,33.871380,12.697420,49.9113
3,100,3.9000,195,9,91,33.887430,12.637850,49.3300
3,100,3.9200,196,9,91,33.515880,12.581820,48.7448
3,100,3.9400,197,8,92,33.712050,12.596470,48.1557
3,100,3.9600,198,8,92,33.908220,12.530930,47.5627
3,100,3.9800,199,8,92,34.104390,12.428690,46.9657
3,100,4.0000,200,8,92,34.156670,12.378300,46.3648
3,100,4.0200,201,8,92,34.352840,12.169460,45.7600
3,100,4.0400,202,8,92,34.246160,12.118770,45.1513
3,100,4.0600,203,8,92,34.442340,12.160940,44.5386
3,100,4.0800,204,9,91,34.536410,12.131800,43.9221
3,100,4.1000,205,10,90,34.550600,12.041060,43.3016
3,100,4.1200,206,10,90,34.662560,11.750450,42.6771
3,100,4.1400,207,11,89,34.557840,11.638820,42.0488
3,100,4.1600,208,12,88,34.754040,11.398570,41.4165
3,100,4.1800,209,12,88,34.950230,11.433470,40.7803
3,100,4.2000,210,12,88,35.035380,11.387480,40.1402
3,100,4.2200,211,12,88,34.917500,11.389760,39.4962
3,100,4.2400,212,11,89,35.113690,11.299280,38.8482
3,100,4.2600,213,11,89,35.309890,11.079900,38.1963
3,100,4.2800,214,11,89,35.506080,11.084160,37.5405
3,100,4.3000,215,12,88,35.592800,11.101230,36.8807
3,100,4.3200,216,12,88,35.530170,10.843000,36.2171
3,100,4.3400,217,12,88,35.726370,10.681220,35.5495
3,100,4.3600,218,12,88,35.922570,10.543050,34.8780
3,100,4.3800,219,12,88,36.077590,10.321130,34.2025
3,100,4.4000,220,12,88,35.996910,10.317030,33.5232
3,100,4.4200,221,12,88,36.193120,10.160150,32.8399
3,100,4.4400,222,12,88,36.344810,10.124730,32.1527
3,100,4.4600,223,12,88,36.242020,10.118130,31.4615
3,100,4.4800,224,13,87,36.438210,10.128320,30.7665
3,100,4.5000,225,13,87,36.581870,9.762817,30.0675
3,100,4.5200,226,13,87,36.560500,9.536701,29.3646
3,100,4.5400,227,13,87,36.756700,9.371080,28.6578
3,100,4.5600,228,13,87,36.847070,9.297879,27.9470
3,100,4.5800,229,13,87,36.909000,9.300886,27.2323
3,100,4.6000,230,13,87,37.063840,9.267707,26.5137
3,100,4.6200,231,13,87,37.074990,9.244530,25.7912
3,100,4.6400,232,13,87,37.271190,9.127566,25.0648
3,100,4.6600,233,14,86,37.338960,9.044058,24.3344
3,100,4.6800,234,13,87,37.535160,8.816221,23.6001
3,100,4.7000,235,12,88,37.499790,8.433586,22.8619
3,100,4.7200,236,12,88,37.695990,8.182519,22.1197
3,100,4.7400,237,12,88,37.892190,8.067605,21.3737
3,100,4.7600,238,12,88,38.088380,8.053844,20.6237
3,100,4.7800,239,12,88,38.206650,7.772204,19.8697
3,100,4.8000,240,12,88,38.299210,7.634202,19.1119
3,100,4.8200,241,12,88,38.354740,7.529407,18.3501
3,100,4.8400,242,12,88,38.439700,7.459504,17.5844
3,100,4.8600,243,12,88,38.635900,7.288585,16.8148
3,100,4.8800,244,13,87,38.832100,7.156210,16.0413
3,100,4.9000,245,13,87,39.010400,6.767334,15.2638
3,100,4.9200,246,14,86,39.119720,6.226999,14.4824
3,100,4.9400,247,15,85,39.315920,5.854111,13.6971
3,100,4.9600,248,15,85,39.492200,5.843484,12.9079
3,100,4.9800,249,15,85,39.660300,5.674502,12.1147
3,100,5.0000,250,14,86,39.856490,5.422440,11.3177
3,100,5.0200,251,13,87,40.052680,5.268191,10.5167
3,100,5.0400,252,13,87,29.400890,5.202616,10.1677
3,100,5.0600,253,13,87,29.388720,5.136407,9.8221
3,100,5.0800,254,12,88,27.896610,5.010334,9.4147
3,100,5.1000,255,12,88,27.684190,4.801507,9.0033
3,100,5.1200,256,12,88,27.850810,4.609123,8.5880
3,100,5.1400,257,12,88,28.005790,4.465223,8.1688
3,100,5.1600,258,15,85,27.914230,4.296432,7.7456
3,100,5.1800,259,15,85,28.024270,4.204018,7.3185
3,100,5.2000,260,14,86,28.209160,4.034734,6.8875
3,100,5.2200,261,14,86,28.394200,3.992654,6.4526
3,100,5.2400,262,14,86,28.674120,3.857790,6.0137
3,100,5.2600,263,15,85,27.725930,3.727870,5.5709
3,100,5.2800,264,15,85,24.970390,3.681383,5.1242
3,100,5.3000,265,16,84,24.908210,3.162305,4.6736
3,100,5.3200,266,16,84,25.085830,2.909286,4.2191
3,100,5.3400,267,14,86,25.263720,2.755803,3.7606
3,100,5.3600,268,14,86,24.547630,2.688158,3.4163
3,100,5.3800,269,13,87,25.232570,2.644212,3.3135
3,100,5.4000,270,13,87,25.376670,2.630112,3.3806
3,100,5.4200,271,13,87,25.521460,2.579384,3.4439
3,100,5.4400,272,13,87,25.666930,2.426121,3.5032
3,100,5.4600,273,14,86,25.813080,2.333915,3.5585
3,100,5.4800,274,13,87,25.959880,2.259942,3.6100
3,100,5.5000,275,13,87,18.583400,2.149384,3.6575
3,100,5.5200,276,14,86,17.925120,2.120982,3.7011
3,100,5.5400,277,16,84,13.162240,2.020540,3.7408
3,100,5.5600,278,16,84,13.239150,1.861991,3.7765
3,100,5.5800,279,16,84,13.318500,1.788272,3.8083
3,100,5.6000,280,16,84,13.400260,1.766049,3.8362
3,100,5.6200,281,17,83,13.484370,1.756466,3.8602
3,100,5.6400,282,17,83,11.170030,1.725975,3.8803
3,100,5.6600,283,17,83,11.239370,1.678989,3.8964
3,100,5.6800,284,18,82,11.311680,1.650869,3.9086
3,100,5.7000,285,18,82,11.386920,1.646152,3.9169
3,100,5.7200,286,18,82,8.677893,1.539142,3.9213
3,100,5.7400,287,18,82,8.680198,1.493889,3.9217
3,100,5.7600,288,18,82,8.723183,1.444670,3.9182
3,100,5.7800,289,18,82,8.804990,1.400241,3.9108
3,100,5.8000,290,18,82,8.890375,1.387875,3.8995
3,100,5.8200,291,19,81,8.979237,1.358889,3.8842
3,100,5.8400,292,19,81,8.757895,1.329113,3.8650
3,100,5.8600,293,19,81,8.432215,1.306454,3.8419
3,100,5.8800,294,20,80,7.669256,1.248250,3.8149
3,100,5.9000,295,20,80,7.706256,1.232083,3.7839
3,100,5.9200,296,23,77,7.748049,1.233458,3.7490
3,100,5.9400,297,24,76,7.794558,1.237090,3.7102
3,100,5.9600,298,23,77,7.845699,1.229036,3.6675
3,100,5.9800,299,23,77,7.901382,1.224917,3.6208
3,100,6.0000,300,24,76,7.961512,1.229399,3.5703
3,100,6.0200,301,23,77,8.025989,1.195583,3.5158
3,100,6.0400,302,23,77,8.094708,1.184333,3.4573
3,100,6.0600,303,25,75,8.167564,1.170395,3.3950
3,100,6.0800,304,25,75,8.244447,1.081674,3.3287
3,100,6.1000,305,25,75,8.325244,1.059688,3.2585
3,100,6.1200,306,25,75,8.409842,1.011317,3.1844
3,100,6.1400,307,25,75,8.498130,0.979259,3.1063
3,100,6.1600,308,25,75,8.589992,0.944863,3.0244
3,100,6.1800,309,23,77,8.685314,0.912139,2.9385
3,100,6.2000,310,23,77,8.783986,0.894959,2.8487
3,100,6.2200,311,24,76,8.885895,0.900374,2.8474
3,100,6.2400,312,26,74,8.990931,0.888974,2.8507
3,100,6.2600,313,27,73,9.098984,0.884425,2.8501
3,100,6.2800,314,27,73,9.209950,0.886545,2.8455
3,100,6.3000,315,27,73,9.323726,0.872874,2.8371
3,100,6.3200,316,26,74,9.440207,0.867707,2.8247
3,100,6.3400,317,26,74,9.559298,0.861882,2.8083
3,100,6.3600,318,26,74,9.680899,0.818655,2.7881
3,100,6.3800,319,27,73,9.804918,0.804192,2.7639
3,100,6.4000,320,27,73,9.931265,0.812497,2.7358
3,100,6.4200,321,28,72,10.059850,0.821087,2.7038
3,100,6.4400,322,28,72,10.190590,0.803842,2.6679
3,100,6.4600,323,28,72,10.323410,0.792714,2.6280
3,100,6.4800,324,36,64,10.458220,0.782785,2.5842
3,100,6.5000,325,35,65,10.594950,0.723434,2.5365
3,100,6.5200,326,35,65,10.733520,0.718130,2.4849
3,100,6.5400,327,35,65,10.873870,0.712480,2.4293
3,100,6.5600,328,36,64,7.461024,0.636811,2.3698
3,100,6.5800,329,38,62,7.525470,0.635459,2.3064
3,100,6.6000,330,36,64,7.594438,0.617941,2.2391
3,100,6.6200,331,36,64,6.661402,0.577301,2.1678
3,100,6.6400,332,36,64,6.768373,0.556697,2.0926
3,100,6.6600,333,36,64,6.879277,0.548020,2.0135
3,100,6.6800,334,38,62,6.993927,0.506366,1.9305
3,100,6.7000,335,38,62,7.112143,0.502293,1.8435
3,100,6.7200,336,37,63,6.137298,0.456350,1.8255
3,100,6.7400,337,38,62,6.164956,0.441207,1.8062
3,100,6.7600,338,38,62,6.198704,0.425020,1.7830
3,100,6.7800,339,38,62,6.238443,0.419730,1.7558
3,100,6.8000,340,38,62,6.284059,0.419392,1.7247
3,100,6.8200,341,38,62,6.335425,0.419639,1.6897
3,100,6.8400,342,38,62,6.392404,0.413231,1.6508
3,100,6.8600,343,39,61,6.454844,0.409494,1.6080
3,100,6.8800,344,42,58,6.522592,0.400833,1.5612
3,100,6.9000,345,42,58,6.595481,0.397621,1.5275
3,100,6.9200,346,44,56,6.673345,0.395454,1.5265
3,100,6.9400,347,44,56,6.756011,0.384321,1.5290
3,100,6.9600,348,44,56,6.843305,0.383051,1.5325
3,100,6.9800,349,44,56,6.935052,0.353674,1.5350
3,100,7.0000,350,48,52,7.031078,0.341065,1.5353
3,100,7.0200,351,48,52,7.131211,0.334099,1.5336
3,100,7.0400,352,51,49,7.235279,0.337815,1.5296
3,100,7.0600,353,51,49,7.343115,0.331266,1.5233
3,100,7.0800,354,60,40,7.454556,0.312096,1.5155
3,100,7.1000,355,67,33,7.569443,0.313468,1.5073
3,100,7.1200,356,67,33,5.740979,0.289404,1.5030
3,100,7.1400,357,68,32,5.733517,0.287153,1.5008
3,100,7.1600,358,68,32,5.732764,0.265340,1.5012
3,100,7.1800,359,69,31,5.738723,0.243073,1.5016
3,100,7.2000,360,69,31,5.751373,0.241925,1.5021
3,100,7.2200,361,70,30,5.770669,0.244288,1.5023
3,100,7.2400,362,70,30,5.796547,0.248130,1.5022
3,100,7.2600,363,70,30,5.828917,0.246593,1.5016
3,100,7.2800,364,70,30,5.867671,0.225835,1.5006
3,100,7.3000,365,71,29,4.121312,0.206939,1.5002
3,100,7.3200,366,80,20,4.094920,0.193697,1.5004
3,100,7.3400,367,82,18,3.999234,0.191418,1.5005
3,100,7.3600,368,82,18,3.911056,0.191167,1.5004
3,100,7.3800,369,82,18,3.830906,0.193106,1.5002
3,100,7.4000,370,82,18,3.759296,0.189839,1.5001
3,100,7.4200,371,82,18,3.696723,0.179648,1.5001
3,100,7.4400,372,82,18,3.643652,0.175483,1.5001
3,100,7.4600,373,83,17,3.600505,0.171420,1.5001
3,100,7.4800,374,83,17,3.567640,0.168016,1.5001
3,100,7.5000,375,83,17,3.545345,0.168530,1.5001
3,100,7.5200,376,84,16,3.533818,0.170132,1.5001
3,100,7.5400,377,87,13,3.533165,0.165999,1.5001
3,100,7.5600,378,87,13,3.543393,0.140447,1.5001
3,100,7.5800,379,87,13,3.564407,0.142204,1.5001
3,100,7.6000,380,87,13,3.596019,0.143743,1.5001
3,100,7.6200,381,87,13,3.637952,0.143503,1.5001
3,100,7.6400,382,87,13,3.689855,0.133365,1.5001
3,100,7.6600,383,87,13,3.751313,0.126223,1.5001
3,100,7.6800,384,88,12,3.821866,0.117273,1.5001
3,100,7.7000,385,88,12,3.895315,0.114623,1.5001
3,100,7.7200,386,88,12,4.011347,0.117495,1.5001
3,100,7.7400,387,88,12,4.092188,0.116523,1.5001
3,100,7.7600,388,88,12,4.180682,0.112692,1.5001
3,100,7.7800,389,89,11,3.881533,0.112681,1.5001
3,100,7.8000,390,89,11,2.882828,0.105949,1.5001
3,100,7.8200,391,89,11,2.777105,0.104162,1.5001
3,100,7.8400,392,89,11,2.681588,0.098769,1.5001
3,100,7.8600,393,89,11,2.597405,0.097690,1.5001
3,100,7.8800,394,89,11,2.525687,0.090318,1.5001
3,100,7.9000,395,89,11,2.467522,0.085502,1.5001
3,100,7.9200,396,89,11,2.423887,0.086847,1.5001
3,100,7.9400,397,89,11,2.395574,0.082968,1.5001
3,100,7.9600,398,89,11,2.383131,0.082489,1.5001
3,100,7.9800,399,89,11,2.386805,0.084890,1.5001
3,100,8.0000,400,89,11,2.406523,0.084183,1.5001
3,100,8.0200,401,89,11,2.441897,0.080890,1.5001
3,100,8.0400,402,89,11,2.492259,0.071557,1.5001
3,100,8.0600,403,89,11,2.556724,0.069291,1.5001
3,100,8.0800,404,89,11,2.634256,0.053364,1.5001
3,100,8.1000,405,90,10,2.723741,0.046598,1.5001
3,100,8.1200,406,90,10,2.824042,0.045157,1.5001
3,100,8.1400,407,90,10,2.299139,0.038289,1.5001
3,100,8.1600,408,90,10,2.303787,0.036365,1.5001
3,100,8.1800,409,91,9,2.321629,0.037377,1.5001
3,100,8.2000,410,92,8,2.355733,0.040586,1.5001
3,100,8.2200,411,92,8,2.400223,0.044164,1.5001
3,100,8.2400,412,92,8,2.445446,0.047948,1.5001
3,100,8.2600,413,92,8,2.506980,0.052062,1.5001
3,100,8.2800,414,92,8,2.577343,0.056408,1.5001
3,100,8.3000,415,92,8,2.469870,0.057388,1.5001
3,100,8.3200,416,92,8,1.553186,0.045034,1.5001
3,100,8.3400,417,92,8,1.377775,0.040821,1.5001
3,100,8.3600,418,92,8,1.302674,0.038696,1.5001
3,100,8.3800,419,93,7,1.261884,0.040050,1.5001
3,100,8.4000,420,95,5,1.227901,0.034494,1.5001
3,100,8.4200,421,95,5,1.206614,0.029085,1.5001
3,100,8.4400,422,95,5,1.198279,0.028397,1.5001
3,100,8.4600,423,95,5,1.200901,0.028342,1.5001
3,100,8.4800,424,95,5,1.262100,0.029432,1.5001
3,100,8.5000,425,95,5,1.355399,0.031738,1.5001
3,100,8.5200,426,95,5,1.450421,0.034550,1.5001
3,100,8.5400,427,95,5,0.979539,0.026652,1.5001
3,100,8.5600,428,96,4,0.619417,0.020100,1.5001
3,100,8.5800,429,96,4,0.523691,0.017839,1.5001
3,100,8.6000,430,96,4,0.430677,0.013962,1.5001
3,100,8.6200,431,96,4,0.460291,0.010971,1.5001
3,100,8.6400,432,96,4,0.492023,0.009139,1.5001
3,100,8.6600,433,96,4,0.526034,0.008039,1.5001
3,100,8.6800,434,96,4,0.562139,0.008546,1.5001
3,100,8.7000,435,96,4,0.600458,0.010249,1.5001
3,100,8.7200,436,96,4,0.641166,0.012502,1.5001
3,100,8.7400,437,96,4,0.684314,0.014843,1.5001
3,100,8.7600,438,96,4,0.730312,0.013583,1.5001
3,100,8.7800,439,96,4,0.779116,0.010865,1.5001
3,100,8.8000,440,96,4,0.830959,0.011215,1.5001
3,100,8.8200,441,96,4,0.885994,0.012301,1.5001
3,100,8.8400,442,96,4,0.944497,0.013222,1.5001
3,100,8.8600,443,96,4,1.006392,0.014367,1.5001
3,100,8.8800,444,96,4,1.072281,0.015652,1.5001
3,100,8.9000,445,96,4,1.141754,0.016980,1.5001
3,100,8.9200,446,96,4,1.215885,0.018382,1.5001
3,100,8.9400,447,97,3,1.293528,0.019849,1.5001
3,100,8.9600,448,97,3,1.376805,0.021396,1.5001
3,100,8.9800,449,97,3,1.463091,0.023004,1.5001
3,100,9.0000,450,98,2,1.556557,0.024710,1.5001
3,100,9.0200,451,98,2,1.651489,0.026468,1.5001
3,100,9.0400,452,98,2,1.078854,0.017123,1.5001
3,100,9.0600,453,98,2,1.167017,0.014317,1.5001
3,100,9.0800,454,98,2,1.257662,0.014282,1.5001
3,100,9.1000,455,98,2,1.354408,0.014212,1.5001
3,100,9.1200,456,98,2,1.274109,0.013139,1.5001
3,100,9.1400,457,98,2,0.367505,0.005085,1.5001
3,100,9.1600,458,98,2,0.259548,0.005031,1.5001
3,100,9.1800,459,98,2,0.236485,0.003952,1.5001
3,100,9.2000,460,98,2,0.062903,0.001191,1.5001
3,100,9.2200,461,98,2,0.046350,0.000591,1.5001
3,100,9.2400,462,98,2,0.148440,0.001668,1.5001
3,100,9.2600,463,98,2,0.250457,0.002590,1.5001
3,100,9.2800,464,98,2,0.352746,0.003535,1.5001
3,100,9.3000,465,98,2,0.113478,0.001145,1.5001
3,100,9.3200,466,98,2,0.014110,0.000147,1.5001
3,100,9.3400,467,98,2,0.023769,0.000240,1.5001
3,100,9.3600,468,98,2,0.013889,0.000140,1.5001
3,100,9.3800,469,98,2,0.003497,0.000035,1.5001
3,100,9.4000,470,98,2,0.001376,0.000014,1.5001
3,100,9.4200,471,98,2,0.001415,0.000014,1.5001
3,100,9.4400,472,98,2,0.000628,0.000006,1.5001
3,100,9.4600,473,98,2,0.000110,0.000001,1.5001
3,100,9.4800,474,98,2,0.000128,0.000002,1.5001
3,100,9.5000,475,98,2,0.000105,0.000001,1.5001
3,100,9.5200,476,99,1,0.000044,0.000000,1.5001
3,100,9.5400,477,99,1,0.000012,0.000000,1.5001
3,100,9.5600,478,100,0,0.000000,0.000000,1.5001
4,100,0.0200,1,0,100,0.000000,0.000000,99.5000
4,100,0.0400,2,0,100,0.196200,0.190713,99.4961
4,100,0.0600,3,0,100,0.392422,0.377407,99.4882
4,100,0.0800,4,0,100,0.588613,0.560090,99.4765
4,100,0.1000,5,0,100,0.784802,0.738739,99.4608
4,100,0.1200,6,0,100,0.981000,0.913330,99.4411
4,100,0.1400,7,0,100,1.177199,1.083848,99.4176
4,100,0.1600,8,0,100,1.373399,1.250281,99.3901
4,100,0.1800,9,0,100,1.569599,1.412621,99.3587
4,100,0.2000,10,0,100,1.765799,1.570875,99.3234
4,100,0.2200,11,0,100,1.961999,1.725020,99.2842
4,100,0.2400,12,0,100,2.158199,1.878803,99.2410
4,100,0.2600,13,0,100,2.354399,2.027402,99.1939
4,100,0.2800,14,0,100,2.550599,2.171931,99.1429
4,100,0.3000,15,0,100,2.746799,2.312509,99.0880
4,100,0.3200,16,0,100,2.942999,2.449159,99.0291
4,100,0.3400,17,0,100,3.139199,2.581867,98.9663
4,100,0.3600,18,0,100,3.335398,2.710644,98.8996
4,100,0.3800,19,0,100,3.531598,2.835513,98.8290
4,100,0.4000,20,0,100,3.727798,2.956459,98.7544
4,100,0.4200,21,0,100,3.923998,3.073506,98.6760
4,100,0.4400,22,0,100,4.120206,3.186695,98.5935
4,100,0.4600,23,0,100,4.316388,3.295941,98.5072
4,100,0.4800,24,0,100,4.512567,3.401279,98.4170
4,100,0.5000,25,0,100,4.708742,3.502779,98.3228
4,100,0.5200,26,0,100,4.904858,3.600274,98.2247
4,100,0.5400,27,0,100,5.100867,3.693856,98.1227
4,100,0.5600,28,0,100,5.296804,3.783635,98.0167
4,100,0.5800,29,0,100,5.492480,3.869397,97.9069
4,100,0.6000,30,0,100,5.687630,3.951242,97.7931
4,100,0.6200,31,0,100,5.881960,4.029150,97.6755
4,100,0.6400,32,0,100,6.074925,4.103219,97.5540
4,100,0.6600,33,0,100,6.266160,4.173514,97.4287
4,100,0.6800,34,0,100,6.454653,4.271839,97.2996
4,100,0.7000,35,0,100,6.639538,4.313931,97.1668
4,100,0.7200,36,0,100,6.819709,4.406211,97.0303
4,100,0.7400,37,0,100,6.993649,4.459853,96.8904
4,100,0.7600,38,0,100,7.160103,4.502657,96.7472
4,100,0.7800,39,0,100,7.317327,4.599338,96.6008
4,100,0.8000,40,0,100,7.464131,4.625386,96.4515
4,100,0.8200,41,0,100,7.599213,4.709360,96.2995
4,100,0.8400,42,0,100,7.721334,4.801469,96.1450
4,100,0.8600,43,0,100,7.829633,4.803571,95.9883
4,100,0.8800,44,0,100,7.923611,4.836861,95.8298
4,100,0.9000,45,0,100,8.003141,4.883379,95.6697
4,100,0.9200,46,0,100,8.068333,4.926296,95.5083
4,100,0.9400,47,0,100,8.119862,4.968870,95.3458
4,100,0.9600,48,0,100,8.158483,4.975082,95.1826
4,100,0.9800,49,0,100,8.185828,5.047532,95.0188
4,100,1.0000,50,0,100,8.203187,5.060319,94.8547
4,100,1.0200,51,0,100,8.212341,5.108019,94.6905
4,100,1.0400,52,0,100,8.214958,5.145389,94.5262
4,100,1.0600,53,0,100,8.211964,5.204439,94.3619
4,100,1.0800,54,0,100,8.203491,5.207520,94.1978
4,100,1.1000,55,0,100,8.187430,5.360436,94.0341
4,100,1.1200,56,0,100,8.160649,5.377786,93.8708
4,100,1.1400,57,0,100,8.119537,5.586816,93.7084
4,100,1.1600,58,0,100,8.706653,5.757292,93.5472
4,100,1.1800,59,0,100,9.843385,5.974611,93.3874
4,100,1.2000,60,0,100,11.536850,6.231677,93.2296
4,100,1.2200,61,0,100,11.623070,6.507444,93.0741
4,100,1.2400,62,0,100,11.704770,6.739498,92.9213
4,100,1.2600,63,0,100,12.335120,6.926367,92.7711
4,100,1.2800,64,0,100,13.403110,7.137933,92.6237
4,100,1.3000,65,0,100,13.521240,7.348172,92.4790
4,100,1.3200,66,0,100,13.641180,7.562603,92.3370
4,100,1.3400,67,0,100,13.762870,7.776841,92.1974
4,100,1.3600,68,0,100,13.886260,7.951470,92.0598
4,100,1.3800,69,0,100,14.011320,8.111804,91.9241
4,100,1.4000,70,0,100,14.137990,8.270893,91.7900
4,100,1.4200,71,0,100,14.266230,8.433779,91.6574
4,100,1.4400,72,0,100,14.396010,8.592251,91.5261
4,100,1.4600,73,0,100,14.527280,8.752689,91.3960
4,100,1.4800,74,0,100,14.660000,8.913970,91.2669
4,100,1.5000,75,0,100,14.794130,9.074917,91.1381
4,100,1.5200,76,0,100,14.929630,9.236498,91.0102
4,100,1.5400,77,0,100,15.066470,9.398915,90.8831
4,100,1.5600,78,0,100,15.204610,9.562346,90.7568
4,100,1.5800,79,0,100,15.376210,9.726891,90.6311
4,100,1.6000,80,0,100,15.561380,9.892591,90.5056
4,100,1.6200,81,0,100,15.746810,10.049250,90.3802
4,100,1.6400,82,0,100,15.932500,10.219380,90.2542
4,100,1.6600,83,1,99,16.118440,10.390340,90.1268
4,100,1.6800,84,1,99,16.304620,10.562190,89.9971
4,100,1.7000,85,1,99,16.491040,10.736550,89.8642
4,100,1.7200,86,1,99,16.677680,10.905900,89.7277
4,100,1.7400,87,1,99,16.864530,11.080390,89.5872
4,100,1.7600,88,1,99,17.051600,11.255590,89.4428
4,100,1.7800,89,1,99,17.238860,11.431470,89.2944
4,100,1.8000,90,1,99,17.426330,11.607980,89.1421
4,100,1.8200,91,1,99,17.613990,11.785170,88.9859
4,100,1.8400,92,1,99,17.801820,11.962950,88.8258
4,100,1.8600,93,1,99,17.989840,12.141310,88.6617
4,100,1.8800,94,1,99,18.178030,12.218650,88.4937
4,100,1.9000,95,0,100,18.313690,12.361230,88.3218
4,100,1.9200,96,0,100,18.502820,12.536830,88.1460
4,100,1.9400,97,0,100,18.692110,12.712040,87.9662
4,100,1.9600,98,0,100,18.881530,12.888060,87.7825
4,100,1.9800,99,0,100,19.071090,13.065770,87.5949
4,100,2.0000,100,0,100,19.260790,13.245260,87.4034
4,100,2.0200,101,0,100,19.450610,13.424830,87.2080
4,100,2.0400,102,0,100,19.640560,13.602840,87.0086
4,100,2.0600,103,0,100,19.830630,13.681500,86.8053
4,100,2.0800,104,0,100,20.020820,13.853010,86.5981
4,100,2.1000,105,0,100,20.211130,14.028210,86.3869
4,100,2.1200,106,0,100,20.401540,14.204160,86.1718
4,100,2.1400,107,0,100,20.592070,14.381850,85.9528
4,100,2.1600,108,0,100,20.782700,14.552900,85.7299
4,100,2.1800,109,0,100,20.973430,14.706420,85.5031
4,100,2.2000,110,0,100,21.164260,14.701060,85.2723
4,100,2.2200,111,0,100,21.355190,14.862420,85.0376
4,100,2.2400,112,0,100,21.546220,14.943230,84.7990
4,100,2.2600,113,0,100,21.737330,15.114120,84.5565
4,100,2.2800,114,0,100,21.928540,15.287250,84.3100
4,100,2.3000,115,0,100,22.119830,15.464670,84.0596
4,100,2.3200,116,0,100,22.311210,15.640540,83.8053
4,100,2.3400,117,0,100,22.502670,15.742120,83.5470
4,100,2.3600,118,0,100,22.694220,15.693450,83.2849
4,100,2.3800,119,0,100,22.885840,15.858990,83.0188
4,100,2.4000,120,0,100,22.899420,15.884740,82.7488
4,100,2.4200,121,0,100,23.090440,15.895820,82.4749
4,100,2.4400,122,0,100,22.699950,15.396260,82.1970
4,100,2.4600,123,0,100,22.889310,15.308240,81.9152
4,100,2.4800,124,0,100,23.078780,15.382760,81.6295
4,100,2.5000,125,0,100,23.268370,15.342250,81.3399
4,100,2.5200,126,0,100,23.458060,15.420420,81.0463
4,100,2.5400,127,0,100,23.647860,15.537170,80.7489
4,100,2.5600,128,0,100,23.837760,15.542370,80.4475
4,100,2.5800,129,0,100,24.027770,15.695050,80.1421
4,100,2.6000,130,0,100,24.217870,15.532680,79.8329
4,100,2.6200,131,0,100,24.408070,15.496320,79.5197
4,100,2.6400,132,0,100,24.598360,15.600160,79.2026
4,100,2.6600,133,0,100,24.788750,15.539810,78.8816
4,100,2.6800,134,1,99,24.979230,15.670290,78.5566
4,100,2.7000,135,1,99,25.169790,15.789900,78.2278
4,100,2.7200,136,1,99,25.360440,15.912590,77.8950
4,100,2.7400,137,1,99,25.551170,16.052760,77.5583
4,100,2.7600,138,1,99,25.741990,15.917950,77.2176
4,100,2.7800,139,1,99,25.932880,15.928610,76.8730
4,100,2.8000,140,1,99,26.123860,16.034810,76.5246
4,100,2.8200,141,1,99,26.314910,16.081400,76.1721
4,100,2.8400,142,1,99,26.506040,16.207770,75.8158
4,100,2.8600,143,1,99,26.697240,16.341210,75.4555
4,100,2.8800,144,2,98,26.888510,16.454220,75.0914
4,100,2.9000,145,2,98,27.079850,16.583170,74.7232
4,100,2.9200,146,2,98,27.271270,16.715580,74.3512
4,100,2.9400,147,1,99,27.462750,16.726200,73.9753
4,100,2.9600,148,1,99,27.654290,16.861470,73.5954
4,100,2.9800,149,1,99,27.845900,16.997030,73.2116
4,100,3.0000,150,1,99,28.037570,17.120660,72.8238
4,100,3.0200,151,1,99,28.229310,17.249950,72.4322
4,100,3.0400,152,1,99,28.421110,17.163460,72.0366
4,100,3.0600,153,1,99,28.612960,17.189800,71.6371
4,100,3.0800,154,1,99,28.804880,17.329130,71.2337
4,100,3.1000,155,1,99,28.996850,17.446060,70.8263
4,100,3.1200,156,1,99,29.188880,17.582800,70.4151
4,100,3.1400,157,2,98,29.380970,17.687510,69.9999
4,100,3.1600,158,3,97,29.573100,17.612950,69.5808
4,100,3.1800,159,3,97,29.765300,17.685800,69.1577
4,100,3.2000,160,3,97,29.957540,17.527210,68.7307
4,100,3.2200,161,3,97,30.149830,17.654070,68.2998
4,100,3.2400,162,3,97,30.342170,17.723730,67.8650
4,100,3.2600,163,3,97,30.534570,17.704870,67.4263
4,100,3.2800,164,3,97,30.727010,17.817190,66.9836
4,100,3.3000,165,3,97,30.919500,17.931970,66.5370
4,100,3.3200,166,3,97,31.112030,17.914110,66.0865
4,100,3.3400,167,3,97,31.304610,17.739940,65.6321
4,100,3.3600,168,3,97,31.497240,17.654400,65.1737
4,100,3.3800,169,3,97,31.689910,17.508760,64.7114
4,100,3.4000,170,3,97,31.882620,16.956760,64.2452
4,100,3.4200,171,4,96,32.075370,16.800910,63.7751
4,100,3.4400,172,4,96,32.268170,16.881730,63.3010
4,100,3.4600,173,4,96,32.461010,16.527900,62.8231
4,100,3.4800,174,4,96,32.653880,16.477050,62.3412
4,100,3.5000,175,4,96,32.846800,16.267980,61.8553
4,100,3.5200,176,4,96,32.399730,16.112410,61.3656
4,100,3.5400,177,4,96,32.595730,16.041190,60.8719
4,100,3.5600,178,4,96,32.791740,16.126340,60.3743
4,100,3.5800,179,4,96,32.987740,15.664670,59.8728
4,100,3.6000,180,4,96,33.183750,15.498050,59.3673
4,100,3.6200,181,4,96,33.379760,15.325050,58.8579
4,100,3.6400,182,4,96,33.575770,14.795150,58.3447
4,100,3.6600,183,4,96,33.771790,13.923270,57.8274
4,100,3.6800,184,3,97,33.327080,13.484570,57.3063
4,100,3.7000,185,3,97,33.522430,13.308590,56.7812
4,100,3.7200,186,3,97,33.717780,13.294860,56.2522
4,100,3.7400,187,4,96,33.913150,13.317620,55.7193
4,100,3.7600,188,4,96,34.108520,12.983210,55.1825
4,100,3.7800,189,4,96,34.303910,12.931060,54.6417
4,100,3.8000,190,4,96,33.524370,12.916050,54.0970
4,100,3.8200,191,4,96,33.720390,12.667620,53.5484
4,100,3.8400,192,5,95,33.916410,12.712510,52.9959
4,100,3.8600,193,5,95,34.112430,12.771270,52.4394
4,100,3.8800,194,5,95,34.308460,12.839470,51.8790
4,100,3.9000,195,4,96,34.504490,12.886870,51.3147
4,100,3.9200,196,4,96,34.423240,12.556780,50.7465
4,100,3.9400,197,5,95,34.619380,12.586650,50.1743
4,100,3.9600,198,5,95,34.722160,12.034860,49.5982
4,100,3.9800,199,5,95,34.621620,11.656580,49.0182
4,100,4.0000,200,5,95,34.817720,11.649500,48.4343
4,100,4.0200,201,5,95,35.013820,11.729040,47.8465
4,100,4.0400,202,5,95,35.209930,11.775640,47.2547
4,100,4.0600,203,5,95,35.406040,11.765530,46.6590
4,100,4.0800,204,6,94,35.602140,11.606490,46.0594
4,100,4.1000,205,6,94,34.644810,11.305170,45.4558
4,100,4.1200,206,6,94,34.840840,11.280550,44.8483
4,100,4.1400,207,6,94,35.036880,11.324690,44.2369
4,100,4.1600,208,6,94,35.232920,11.364830,43.6216
4,100,4.1800,209,6,94,35.361230,11.352120,43.0024
4,100,4.2000,210,6,94,35.557370,11.305970,42.3792
4,100,4.2200,211,6,94,35.753500,11.333600,41.7521
4,100,4.2400,212,5,95,35.476360,11.305110,41.1211
4,100,4.2600,213,7,93,35.672550,11.200080,40.4862
4,100,4.2800,214,7,93,35.849840,10.697960,39.8473
4,100,4.3000,215,7,93,35.788620,10.590840,39.2045
4,100,4.3200,216,6,94,35.984790,10.569470,38.5578
4,100,4.3400,217,7,93,36.165040,10.447870,37.9072
4,100,4.3600,218,6,94,35.885270,10.117400,37.2526
4,100,4.3800,219,5,95,36.081470,10.046260,36.5941
4,100,4.4000,220,7,93,36.277670,9.977954,35.9317
4,100,4.4200,221,7,93,36.461700,9.865444,35.2654
4,100,4.4400,222,7,93,36.047940,9.878439,34.5951
4,100,4.4600,223,7,93,36.244130,9.866201,33.9209
4,100,4.4800,224,9,91,36.440320,9.850099,33.2428
4,100,4.5000,225,10,90,36.636510,9.704893,32.5608
4,100,4.5200,226,10,90,36.832710,9.557284,31.8748
4,100,4.5400,227,10,90,37.028900,9.422844,31.1850
4,100,4.5600,228,10,90,37.220570,9.380984,30.4912
4,100,4.5800,229,11,89,37.023310,8.751542,29.7934
4,100,4.6000,230,11,89,37.219480,8.747932,29.0918
4,100,4.6200,231,11,89,37.287150,8.522394,28.3862
4,100,4.6400,232,12,88,37.189200,8.446452,27.6767
4,100,4.6600,233,12,88,37.385380,8.383429,26.9633
4,100,4.6800,234,12,88,37.549290,8.078129,26.2460
4,100,4.7000,235,12,88,37.588910,7.927726,25.5247
4,100,4.7200,236,12,88,37.772450,7.933127,24.7995
4,100,4.7400,237,12,88,37.731400,7.833071,24.0704
4,100,4.7600,238,16,84,37.927590,7.743048,23.3373
4,100,4.7800,239,17,83,38.045850,7.477769,22.6004
4,100,4.8000,240,17,83,38.024860,7.198936,21.8595
4,100,4.8200,241,18,82,37.934860,7.075812,21.1147
4,100,4.8400,242,19,81,38.131050,6.833507,20.3659
4,100,4.8600,243,21,79,38.327250,6.476592,19.6133
4,100,4.8800,244,20,80,38.513620,6.394603,18.8567
4,100,4.9000,245,21,79,38.511470,6.027861,18.0962
4,100,4.9200,246,21,79,38.707670,5.869474,17.3317
4,100,4.9400,247,21,79,38.638600,5.692304,16.5634
4,100,4.9600,248,20,80,38.834800,5.326560,15.7911
4,100,4.9800,249,20,80,38.997160,5.058042,15.0149
4,100,5.0000,250,20,80,39.086450,4.896234,14.2348
4,100,5.0200,251,20,80,39.282650,4.783691,13.4507
4,100,5.0400,252,20,80,39.467830,4.796008,12.6627
4,100,5.0600,253,19,81,39.601680,4.780241,11.8708
4,100,5.0800,254,19,81,39.797870,4.767739,11.0750
4,100,5.1000,255,19,81,39.989650,4.748285,10.2753
4,100,5.1200,256,19,81,34.989300,4.663537,9.8189
4,100,5.1400,257,22,78,35.150030,4.654503,9.2943
4,100,5.1600,258,21,79,35.292270,4.646347,8.7613
4,100,5.1800,259,22,78,35.487590,4.576451,8.2243
4,100,5.2000,260,21,79,35.682910,4.557811,7.6834
4,100,5.2200,261,20,80,35.878250,4.170902,7.1386
4,100,5.2400,262,20,80,35.773110,3.930228,6.5899
4,100,5.2600,263,20,80,33.589760,3.760669,6.0372
4,100,5.2800,264,22,78,33.723750,3.527653,5.4806
4,100,5.3000,265,20,80,33.918480,3.472901,4.9201
4,100,5.3200,266,20,80,29.103820,2.989967,4.3557
4,100,5.3400,267,20,80,29.294110,2.786447,3.7873
4,100,5.3600,268,22,78,27.107290,2.690836,3.5552
4,100,5.3800,269,24,76,27.285080,2.683248,3.4483
4,100,5.4000,270,24,76,27.463120,2.668635,3.3375
4,100,5.4200,271,25,75,18.471840,2.388691,3.2227
4,100,5.4400,272,25,75,17.359690,2.317985,3.1040
4,100,5.4600,273,25,75,17.416520,2.311164,2.9813
4,100,5.4800,274,25,75,17.475370,2.228392,2.8548
4,100,5.5000,275,25,75,17.536220,2.123750,2.7243
4,100,5.5200,276,25,75,13.896450,2.003949,2.5899
4,100,5.5400,277,24,76,13.986650,1.977247,2.4516
4,100,5.5600,278,24,76,14.017490,1.861359,2.4409
4,100,5.5800,279,24,76,14.118050,1.852443,2.4543
4,100,5.6000,280,25,75,14.220620,1.735839,2.4637
4,100,5.6200,281,25,75,14.325130,1.668545,2.4693
4,100,5.6400,282,25,75,14.431550,1.625404,2.4709
4,100,5.6600,283,23,77,14.539850,1.542521,2.4686
4,100,5.6800,284,25,75,14.649970,1.505541,2.4624
4,100,5.7000,285,25,75,14.761880,1.454690,2.4842
4,100,5.7200,286,27,73,14.875530,1.442158,2.5054
4,100,5.7400,287,28,72,14.990890,1.386838,2.5281
4,100,5.7600,288,29,71,15.107910,1.370881,2.5506
4,100,5.7800,289,29,71,15.226570,1.326303,2.5691
4,100,5.8000,290,29,71,9.707047,1.169555,2.5837
4,100,5.8200,291,29,71,9.706503,1.130156,2.5944
4,100,5.8400,292,30,70,9.709923,1.088035,2.6011
4,100,5.8600,293,31,69,9.717304,1.073313,2.6039
4,100,5.8800,294,31,69,9.728638,1.071400,2.6028
4,100,5.9000,295,31,69,9.743910,1.055774,2.5978
4,100,5.9200,296,34,66,9.763101,1.061858,2.5889
4,100,5.9400,297,34,66,9.786189,1.046347,2.5760
4,100,5.9600,298,36,64,9.813146,1.027964,2.5592
4,100,5.9800,299,37,63,9.843941,1.024805,2.5385
4,100,6.0000,300,37,63,9.878537,1.029427,2.5138
4,100,6.0200,301,38,62,9.916895,1.029452,2.4853
4,100,6.0400,302,38,62,9.958971,1.026480,2.4528
4,100,6.0600,303,37,63,10.004720,0.984451,2.4164
4,100,6.0800,304,37,63,10.054090,0.972486,2.3760
4,100,6.1000,305,37,63,10.107020,0.956135,2.3318
4,100,6.1200,306,37,63,10.163470,0.937413,2.2836
4,100,6.1400,307,37,63,10.223380,0.922165,2.2315
4,100,6.1600,308,37,63,10.286670,0.909857,2.1754
4,100,6.1800,309,37,63,10.353300,0.909471,2.1155
4,100,6.2000,310,37,63,10.423200,0.905118,2.0516
4,100,6.2200,311,39,61,10.496300,0.873343,1.9838
4,100,6.2400,312,39,61,10.572530,0.844070,1.9120
4,100,6.2600,313,39,61,10.651840,0.810362,1.8581
4,100,6.2800,314,41,59,10.734140,0.762265,1.8592
4,100,6.3000,315,41,59,10.819380,0.768742,1.8601
4,100,6.3200,316,42,58,10.907480,0.776970,1.8605
4,100,6.3400,317,41,59,10.998370,0.761498,1.8610
4,100,6.3600,318,41,59,11.092000,0.762774,1.8615
4,100,6.3800,319,41,59,9.387939,0.730573,1.8620
4,100,6.4000,320,41,59,8.099409,0.714817,1.8624
4,100,6.4200,321,41,59,8.127315,0.715751,1.8627
4,100,6.4400,322,42,58,7.759027,0.652162,1.8630
4,100,6.4600,323,44,56,7.685174,0.600479,1.8633
4,100,6.4800,324,44,56,7.615660,0.534458,1.8635
4,100,6.5000,325,44,56,7.550605,0.509717,1.8638
4,100,6.5200,326,44,56,7.490127,0.479430,1.8638
4,100,6.5400,327,44,56,7.434336,0.459997,1.8640
4,100,6.5600,328,45,55,7.383338,0.461768,1.8642
4,100,6.5800,329,45,55,7.337235,0.445540,1.8643
4,100,6.6000,330,45,55,7.296117,0.416990,1.8644
4,100,6.6200,331,45,55,7.260071,0.399049,1.8645
4,100,6.6400,332,45,55,7.229172,0.376950,1.8645
4,100,6.6600,333,45,55,7.203486,0.336594,1.8645
4,100,6.6800,334,45,55,7.183069,0.332075,1.8645
4,100,6.7000,335,45,55,7.167966,0.330479,1.8645
4,100,6.7200,336,47,53,7.158211,0.317867,1.8645
4,100,6.7400,337,47,53,7.153826,0.315384,1.8644
4,100,6.7600,338,48,52,7.154820,0.311733,1.8644
4,100,6.7800,339,48,52,7.161191,0.310305,1.8643
4,100,6.8000,340,49,51,7.172926,0.303542,1.8642
4,100,6.8200,341,51,49,7.189997,0.301386,1.8641
4,100,6.8400,342,52,48,7.212367,0.307822,1.8639
4,100,6.8600,343,52,48,7.239986,0.293071,1.8637
4,100,6.8800,344,52,48,7.272796,0.292796,1.8635
4,100,6.9000,345,53,47,7.310726,0.287944,1.8648
4,100,6.9200,346,52,48,7.353696,0.286044,1.8904
4,100,6.9400,347,52,48,7.401619,0.276327,1.9121
4,100,6.9600,348,52,48,7.454401,0.267819,1.9299
4,100,6.9800,349,52,48,7.511936,0.262824,1.9438
4,100,7.0000,350,53,47,7.574119,0.259085,1.9537
4,100,7.0200,351,53,47,7.640835,0.261869,1.9597
4,100,7.0400,352,53,47,7.711967,0.263492,1.9618
4,100,7.0600,353,54,46,7.787393,0.265485,1.9599
4,100,7.0800,354,54,46,7.866990,0.263229,1.9542
4,100,7.1000,355,54,46,7.950633,0.266329,1.9445
4,100,7.1200,356,57,43,8.079859,0.265526,1.9309
4,100,7.1400,357,56,44,8.131846,0.267357,1.9133
4,100,7.1600,358,59,41,8.188207,0.270424,1.8919
4,100,7.1800,359,59,41,8.248849,0.271101,1.8665
4,100,7.2000,360,59,41,8.313681,0.249015,1.8510
4,100,7.2200,361,61,39,6.234281,0.212233,1.8490
4,100,7.2400,362,62,38,6.241672,0.213462,1.8469
4,100,7.2600,363,64,36,6.255210,0.218087,1.8444
4,100,7.2800,364,64,36,6.274858,0.221820,1.8416
4,100,7.3000,365,64,36,6.300557,0.216914,1.8385
4,100,7.3200,366,64,36,6.332233,0.219196,1.8349
4,100,7.3400,367,68,32,6.369798,0.222737,1.8309
4,100,7.3600,368,68,32,6.413147,0.226417,1.8264
4,100,7.3800,369,68,32,6.462166,0.230673,1.8213
4,100,7.4000,370,68,32,5.707804,0.225545,1.8155
4,100,7.4200,371,68,32,5.660686,0.223034,1.8090
4,100,7.4400,372,68,32,5.620026,0.221679,1.8017
4,100,7.4600,373,68,32,5.585965,0.216843,1.7935
4,100,7.4800,374,68,32,5.623471,0.214313,1.7842
4,100,7.5000,375,68,32,5.771898,0.214870,1.7738
4,100,7.5200,376,68,32,5.923105,0.218322,1.7621
4,100,7.5400,377,68,32,6.076885,0.223796,1.7490
4,100,7.5600,378,68,32,5.518097,0.183837,1.7343
4,100,7.5800,379,70,30,5.525363,0.184849,1.7234
4,100,7.6000,380,71,29,5.539574,0.188342,1.7111
4,100,7.6200,381,71,29,5.560674,0.192504,1.6960
4,100,7.6400,382,71,29,5.588587,0.188091,1.6778
4,100,7.6600,383,72,28,5.623212,0.173694,1.6566
4,100,7.6800,384,71,29,5.664424,0.173917,1.6335
4,100,7.7000,385,71,29,5.712082,0.162389,1.6132
4,100,7.7200,386,71,29,5.766025,0.158985,1.6022
4,100,7.7400,387,71,29,5.826079,0.158006,1.5943
4,100,7.7600,388,71,29,5.892058,0.158479,1.5861
4,100,7.7800,389,70,30,5.059712,0.145526,1.5835
4,100,7.8000,390,70,30,4.911579,0.144377,1.5787
4,100,7.8200,391,87,13,4.821758,0.143128,1.5782
4,100,7.8400,392,88,12,4.728517,0.146067,1.5737
4,100,7.8600,393,86,14,4.641700,0.146197,1.5802
4,100,7.8800,394,86,14,4.561676,0.140221,1.5876
4,100,7.9000,395,86,14,4.563164,0.139650,1.5932
4,100,7.9200,396,86,14,4.423444,0.123262,1.5971
4,100,7.9400,397,86,14,4.365928,0.118478,1.5997
4,100,7.9600,398,86,14,4.316570,0.118308,1.6008
4,100,7.9800,399,86,14,4.275655,0.119092,1.6003
4,100,8.0000,400,86,14,4.243426,0.121021,1.5983
4,100,8.0200,401,87,13,4.220081,0.123772,1.5949
4,100,8.0400,402,86,14,4.205770,0.121045,1.5900
4,100,8.0600,403,86,14,4.200583,0.109790,1.5836
4,100,8.0800,404,86,14,4.204556,0.110222,1.5757
4,100,8.1000,405,87,13,4.217661,0.106308,1.5663
4,100,8.1200,406,87,13,4.239815,0.084973,1.5614
4,100,8.1400,407,87,13,4.270877,0.080806,1.5617
4,100,8.1600,408,87,13,4.310654,0.079975,1.5639
4,100,8.1800,409,87,13,4.358907,0.076753,1.5655
4,100,8.2000,410,87,13,4.415359,0.075428,1.5666
4,100,8.2200,411,87,13,4.479699,0.074331,1.5672
4,100,8.2400,412,88,12,4.551594,0.075348,1.5673
4,100,8.2600,413,87,13,4.630690,0.074902,1.5672
4,100,8.2800,414,87,13,4.716627,0.070787,1.5667
4,100,8.3000,415,87,13,4.809037,0.070525,1.5659
4,100,8.3200,416,88,12,4.316060,0.065192,1.5649
4,100,8.3400,417,88,12,3.466948,0.056440,1.5636
4,100,8.3600,418,88,12,3.412103,0.056794,1.5620
4,100,8.3800,419,88,12,3.337569,0.056851,1.5617
4,100,8.4000,420,88,12,3.273115,0.056961,1.5616
4,100,8.4200,421,89,11,3.219346,0.057501,1.5617
4,100,8.4400,422,89,11,3.176803,0.059167,1.5617
4,100,8.4600,423,89,11,3.145943,0.060711,1.5617
4,100,8.4800,424,89,11,3.127111,0.062331,1.5617
4,100,8.5000,425,89,11,3.120526,0.057145,1.5617
4,100,8.5200,426,89,11,3.126265,0.048427,1.5617
4,100,8.5400,427,89,11,3.144259,0.047036,1.5617
4,100,8.5600,428,90,10,3.174302,0.047054,1.5617
4,100,8.5800,429,90,10,3.216054,0.047530,1.5617
4,100,8.6000,430,90,10,3.269068,0.042444,1.5617
4,100,8.6200,431,90,10,3.332806,0.038199,1.5617
4,100,8.6400,432,90,10,2.461503,0.028237,1.5617
4,100,8.6600,433,91,9,2.359601,0.028274,1.5617
4,100,8.6800,434,97,3,2.270116,0.027108,1.5617
4,100,8.7000,435,97,3,2.194566,0.026087,1.5617
4,100,8.7200,436,97,3,2.134434,0.025698,1.5617
4,100,8.7400,437,97,3,2.091048,0.026053,1.5617
4,100,8.7600,438,97,3,2.065465,0.026703,1.5617
4,100,8.7800,439,97,3,2.058348,0.023577,1.5617
4,100,8.8000,440,97,3,2.124059,0.022767,1.5617
4,100,8.8200,441,97,3,2.129536,0.021795,1.5617
4,100,8.8400,442,97,3,2.143425,0.021989,1.5617
4,100,8.8600,443,97,3,2.165149,0.023239,1.5617
4,100,8.8800,444,97,3,2.194787,0.022595,1.5617
4,100,8.9000,445,97,3,2.232352,0.022424,1.5617
4,100,8.9200,446,97,3,2.277852,0.022876,1.5617
4,100,8.9400,447,98,2,2.331282,0.023385,1.5617
4,100,8.9600,448,98,2,2.392641,0.023949,1.5617
4,100,8.9800,449,98,2,2.461911,0.024624,1.5617
4,100,9.0000,450,98,2,2.539059,0.025397,1.5617
4,100,9.0200,451,98,2,2.624501,0.026248,1.5617
4,100,9.0400,452,98,2,2.717202,0.027173,1.5617
4,100,9.0600,453,98,2,2.784147,0.027842,1.5617
4,100,9.0800,454,98,2,1.896531,0.018966,1.5617
4,100,9.1000,455,98,2,1.837486,0.018375,1.5617
4,100,9.1200,456,98,2,1.871588,0.018716,1.5617
4,100,9.1400,457,98,2,1.912616,0.019126,1.5617
4,100,9.1600,458,99,1,1.965665,0.019657,1.5617
4,100,9.1800,459,99,1,1.883886,0.018839,1.5617
4,100,9.2000,460,99,1,1.076338,0.010763,1.5617
4,100,9.2200,461,99,1,0.968417,0.009684,1.5617
4,100,9.2400,462,99,1,0.891595,0.008916,1.5617
4,100,9.2600,463,99,1,0.820309,0.008203,1.5617
4,100,9.2800,464,99,1,0.761561,0.007616,1.5617
4,100,9.3000,465,99,1,0.719287,0.007193,1.5617
4,100,9.3200,466,99,1,0.693449,0.006934,1.5617
4,100,9.3400,467,99,1,0.689149,0.006891,1.5617
4,100,9.3600,468,99,1,0.704467,0.007045,1.5617
4,100,9.3800,469,99,1,0.740125,0.007401,1.5617
4,100,9.4000,470,99,1,0.763128,0.007631,1.5617
4,100,9.4200,471,99,1,0.401775,0.004018,1.5617
4,100,9.4400,472,99,1,0.221693,0.002217,1.5617
4,100,9.4600,473,99,1,0.125368,0.001254,1.5617
4,100,9.4800,474,99,1,0.098603,0.000986,1.5617
4,100,9.5000,475,99,1,0.176423,0.001764,1.5617
4,100,9.5200,476,99,1,0.279092,0.002791,1.5617
4,100,9.5400,477,99,1,0.390980,0.003910,1.5617
4,100,9.5600,478,99,1,0.449036,0.004490,1.5617
4,100,9.5800,479,99,1,0.496696,0.004967,1.5617
4,100,9.6000,480,99,1,0.572961,0.005730,1.5617
4,100,9.6200,481,99,1,0.656762,0.006568,1.5617
4,100,9.6400,482,99,1,0.743471,0.007435,1.5617
4,100,9.6600,483,99,1,0.831990,0.008320,1.5617
4,100,9.6800,484,99,1,0.923893,0.009239,1.5617
4,100,9.7000,485,99,1,1.018223,0.010182,1.5617
4,100,9.7200,486,99,1,1.117637,0.011176,1.5617
4,100,9.7400,487,99,1,0.659164,0.006592,1.5617
4,100,9.7600,488,99,1,0.230729,0.002307,1.5617
4,100,9.7800,489,99,1,0.125493,0.001255,1.5617
4,100,9.8000,490,99,1,0.023707,0.000237,1.5617
4,100,9.8200,491,99,1,0.080459,0.000805,1.5617
4,100,9.8400,492,99,1,0.183552,0.001836,1.5617
4,100,9.8600,493,99,1,0.141427,0.001414,1.5617
4,100,9.8800,494,99,1,0.035573,0.000356,1.5617
4,100,9.9000,495,99,1,0.010163,0.000102,1.5617
4,100,9.9200,496,99,1,0.013143,0.000131,1.5617
4,100,9.9400,497,99,1,0.006211,0.000062,1.5617
4,100,9.9600,498,99,1,0.000380,0.000004,1.5617
4,100,9.9800,499,99,1,0.001019,0.000010,1.5617
4,100,10.0000,500,99,1,0.000578,0.000006,1.5617
4,100,10.0200,501,99,1,0.000130,0.000001,1.5617
4,100,10.0400,502,99,1,0.000069,0.000001,1.5617
4,100,10.0600,503,99,1,0.000072,0.000001,1.5617
4,100,10.0800,504,99,1,0.000055,0.000001,1.5617
4,100,10.1000,505,99,1,0.000046,0.000000,1.5617
4,100,10.1200,506,99,1,0.000059,0.000001,1.5617
4,100,10.1400,507,99,1,0.000035,0.000000,1.5617
4,100,10.1600,508,99,1,0.000039,0.000000,1.5617
4,100,10.1800,509,99,1,0.000037,0.000000,1.5617
4,100,10.2000,510,99,1,0.000051,0.000001,1.5617
4,100,10.2200,511,99,1,0.000046,0.000000,1.5617
4,100,10.2400,512,99,1,0.000046,0.000000,1.5617
4,100,10.2600,513,99,1,0.000061,0.000001,1.5617
4,100,10.2800,514,99,1,0.000037,0.000000,1.5617
4,100,10.3001,515,100,0,0.000000,0.000000,1.5617
5,100,0.0200,1,0,100,0.000000,0.000000,99.5000
5,100,0.0400,2,0,100,0.196200,0.190715,99.4961
5,100,0.0600,3,0,100,0.392422,0.377411,99.4882
5,100,0.0800,4,0,100,0.588613,0.560092,99.4765
5,100,0.1000,5,0,100,0.784802,0.738735,99.4608
5,100,0.1200,6,0,100,0.981000,0.913320,99.4411
5,100,0.1400,7,0,100,1.177199,1.083831,99.4176
5,100,0.1600,8,0,100,1.373399,1.250257,99.3901
5,100,0.1800,9,0,100,1.569599,1.412587,99.3587
5,100,0.2000,10,0,100,1.765799,1.570826,99.3234
5,100,0.2200,11,0,100,1.961999,1.724958,99.2842
5,100,0.2400,12,0,100,2.158199,1.878118,99.2410
5,100,0.2600,13,0,100,2.354399,2.025895,99.1939
5,100,0.2800,14,0,100,2.550599,2.169578,99.1429
5,100,0.3000,15,0,100,2.746799,2.309561,99.0880
5,100,0.3200,16,0,100,2.942999,2.445816,99.0291
5,100,0.3400,17,0,100,3.139199,2.578225,98.9663
5,100,0.3600,18,0,100,3.335398,2.706685,98.8996
5,100,0.3800,19,0,100,3.531598,2.831414,98.8290
5,100,0.4000,20,0,100,3.727798,2.952862,98.7544
5,100,0.4200,21,0,100,3.923998,3.069515,98.6760
5,100,0.4400,22,0,100,4.120210,3.182506,98.5935
5,100,0.4600,23,0,100,4.316402,3.291769,98.5072
5,100,0.4800,24,0,100,4.512537,3.396836,98.4170
5,100,0.5000,25,0,100,4.708704,3.501862,98.3228
5,100,0.5200,26,0,100,4.904799,3.601096,98.2247
5,100,0.5400,27,0,100,5.100781,3.705482,98.1227
5,100,0.5600,28,0,100,5.296668,3.788618,98.0168
5,100,0.5800,29,0,100,5.492198,3.883326,97.9069
5,100,0.6000,30,0,100,5.687231,3.977084,97.7932
5,100,0.6200,31,0,100,5.881349,4.065026,97.6755
5,100,0.6400,32,0,100,6.074236,4.143513,97.5540
5,100,0.6600,33,0,100,6.265094,4.227966,97.4287
5,100,0.6800,34,0,100,6.453164,4.310244,97.2997
5,100,0.7000,35,0,100,6.637468,4.395820,97.1669
5,100,0.7200,36,0,100,6.816879,4.452864,97.0305
5,100,0.7400,37,0,100,6.989992,4.559791,96.8907
5,100,0.7600,38,0,100,7.155457,4.646902,96.7476
5,100,0.7800,39,0,100,7.311662,4.721933,96.6013
5,100,0.8000,40,0,100,7.457408,4.822779,96.4521
5,100,0.8200,41,0,100,7.591159,4.899529,96.3002
5,100,0.8400,42,0,100,7.711845,4.999069,96.1460
5,100,0.8600,43,0,100,7.818699,5.065655,95.9895
5,100,0.8800,44,0,100,7.911005,5.200975,95.8313
5,100,0.9000,45,0,100,7.988632,5.299314,95.6714
5,100,0.9200,46,0,100,8.052118,5.423888,95.5103
5,100,0.9400,47,0,100,9.333364,5.627756,95.3482
5,100,0.9600,48,0,100,9.737860,5.795512,95.1854
5,100,0.9800,49,0,100,9.773806,5.975818,95.0221
5,100,1.0000,50,0,100,10.668170,6.169185,94.8584
5,100,1.0200,51,0,100,11.366320,6.342942,94.6945
5,100,1.0400,52,0,100,11.497830,6.534278,94.5306
5,100,1.0600,53,0,100,11.636420,6.708736,94.3668
5,100,1.0800,54,0,100,11.777590,6.888014,94.2031
5,100,1.1000,55,0,100,11.920320,7.089663,94.0397
5,100,1.1200,56,0,100,12.130630,7.269108,93.8767
5,100,1.1400,57,0,100,12.282310,7.458591,93.7144
5,100,1.1600,58,0,100,12.435230,7.651818,93.5531
5,100,1.1800,59,0,100,12.589360,7.839364,93.3932
5,100,1.2000,60,0,100,12.744640,8.024982,93.2351
5,100,1.2200,61,0,100,12.901030,8.226956,93.0792
5,100,1.2400,62,0,100,13.058500,8.411246,92.9259
5,100,1.2600,63,0,100,13.217010,8.592722,92.7752
5,100,1.2800,64,0,100,13.376510,8.782774,92.6272
5,100,1.3000,65,0,100,13.547870,8.881685,92.4817
5,100,1.3200,66,0,100,13.740670,9.063905,92.3388
5,100,1.3400,67,0,100,13.933570,9.245175,92.1980
5,100,1.3600,68,0,100,14.126560,9.408216,92.0592
5,100,1.3800,69,0,100,14.319630,9.469939,91.9219
5,100,1.4000,70,0,100,14.512790,9.648681,91.7859
5,100,1.4200,71,0,100,14.706030,9.827956,91.6510
5,100,1.4400,72,0,100,14.899350,10.008420,91.5168
5,100,1.4600,73,0,100,15.092740,10.185700,91.3829
5,100,1.4800,74,0,100,15.286200,10.367360,91.2493
5,100,1.5000,75,0,100,15.479730,10.453210,91.1157
5,100,1.5200,76,0,100,15.673330,10.606910,90.9819
5,100,1.5400,77,0,100,15.866990,10.714450,90.8480
5,100,1.5600,78,0,100,16.060710,10.894460,90.7137
5,100,1.5800,79,1,99,16.254500,11.074920,90.5789
5,100,1.6000,80,1,99,16.448340,11.123590,90.4433
5,100,1.6200,81,1,99,16.642230,11.306190,90.3064
5,100,1.6400,82,1,99,16.836180,11.484830,90.1676
5,100,1.6600,83,1,99,17.030180,11.648920,90.0264
5,100,1.6800,84,1,99,17.224230,11.816560,89.8821
5,100,1.7000,85,1,99,17.418320,11.992990,89.7344
5,100,1.7200,86,1,99,17.612470,12.102770,89.5829
5,100,1.7400,87,1,99,17.806660,12.278340,89.4277
5,100,1.7600,88,1,99,18.000890,12.330890,89.2685
5,100,1.7800,89,1,99,18.195170,12.493110,89.1055
5,100,1.8000,90,1,99,18.389480,12.552330,88.9385
5,100,1.8200,91,1,99,18.583840,12.605860,88.7675
5,100,1.8400,92,1,99,18.778230,12.749010,88.5927
5,100,1.8600,93,1,99,18.972660,12.899290,88.4139
5,100,1.8800,94,1,99,19.167130,13.055000,88.2312
5,100,1.9000,95,1,99,19.361630,13.218340,88.0446
5,100,1.9200,96,1,99,19.556160,13.386640,87.8541
5,100,1.9400,97,1,99,19.291030,13.337320,87.6596
5,100,1.9600,98,1,99,19.486890,13.341470,87.4612
5,100,1.9800,99,1,99,19.606020,13.240040,87.2589
5,100,2.0000,100,1,99,19.576430,13.395140,87.0527
5,100,2.0200,101,1,99,19.769050,13.266050,86.8425
5,100,2.0400,102,0,100,19.964830,13.390060,86.6284
5,100,2.0600,103,0,100,20.160620,13.446410,86.4104
5,100,2.0800,104,0,100,20.356410,13.585020,86.1885
5,100,2.1000,105,0,100,20.400400,13.707930,85.9626
5,100,2.1200,106,0,100,20.596030,13.862030,85.7328
5,100,2.1400,107,0,100,20.664360,13.973750,85.4991
5,100,2.1600,108,0,100,20.860480,14.019720,85.2615
5,100,2.1800,109,0,100,21.056600,14.094030,85.0199
5,100,2.2000,110,0,100,21.252730,14.007450,84.7745
5,100,2.2200,111,0,100,21.448850,14.051880,84.5251
5,100,2.2400,112,0,100,21.629880,14.151050,84.2717
5,100,2.2600,113,0,100,21.825980,14.207090,84.0145
5,100,2.2800,114,0,100,22.022090,14.282670,83.7533
5,100,2.3000,115,0,100,22.172530,14.390090,83.4882
5,100,2.3200,116,0,100,21.966360,14.411010,83.2192
5,100,2.3400,117,0,100,22.162070,14.527800,82.9462
5,100,2.3600,118,0,100,22.357780,14.664050,82.6694
5,100,2.3800,119,0,100,22.553510,14.785890,82.3886
5,100,2.4000,120,0,100,22.749240,14.742420,82.1039
5,100,2.4200,121,0,100,22.944980,14.821910,81.8152
5,100,2.4400,122,2,98,23.140720,14.900800,81.5227
5,100,2.4600,123,2,98,23.336480,15.030630,81.2262
5,100,2.4800,124,2,98,23.532240,15.148510,80.9258
5,100,2.5000,125,2,98,23.728010,15.134570,80.6214
5,100,2.5200,126,2,98,23.923780,15.146110,80.3132
5,100,2.5400,127,2,98,24.119570,15.199520,80.0010
5,100,2.5600,128,2,98,24.315360,15.252080,79.6849
5,100,2.5800,129,2,98,24.511150,15.377850,79.3648
5,100,2.6000,130,0,100,24.706950,15.431900,79.0409
5,100,2.6200,131,0,100,24.902760,15.284930,78.7130
5,100,2.6400,132,0,100,25.098580,15.125740,78.3812
5,100,2.6600,133,0,100,25.294400,15.229230,78.0455
5,100,2.6800,134,0,100,25.490220,15.232970,77.7058
5,100,2.7000,135,0,100,25.686060,15.282860,77.3622
5,100,2.7200,136,0,100,25.881900,15.376360,77.0147
5,100,2.7400,137,0,100,26.077740,15.392190,76.6633
5,100,2.7600,138,0,100,26.273590,15.482670,76.3080
5,100,2.7800,139,0,100,26.469440,15.484170,75.9487
5,100,2.8000,140,0,100,26.665300,15.557580,75.5855
5,100,2.8200,141,0,100,26.861160,15.643280,75.2184
5,100,2.8400,142,0,100,27.057030,15.706520,74.8473
5,100,2.8600,143,0,100,27.252900,15.733950,74.4723
5,100,2.8800,144,0,100,27.448780,15.783960,74.0935
5,100,2.9000,145,0,100,27.644660,15.911460,73.7106
5,100,2.9200,146,0,100,27.840550,16.004730,73.3239
5,100,2.9400,147,0,100,28.036440,15.961920,72.9332
5,100,2.9600,148,0,100,28.232340,16.078290,72.5386
5,100,2.9800,149,0,100,28.428240,16.201650,72.1401
5,100,3.0000,150,0,100,28.624140,16.089400,71.7377
5,100,3.0200,151,0,100,28.820050,15.618440,71.3313
5,100,3.0400,152,0,100,29.015960,15.597240,70.9210
5,100,3.0600,153,0,100,29.211880,15.572900,70.5068
5,100,3.0800,154,0,100,29.407800,15.625420,70.0887
5,100,3.1000,155,0,100,29.603720,15.637890,69.6666
5,100,3.1200,156,0,100,29.799650,15.699440,69.2407
5,100,3.1400,157,1,99,29.995580,15.730710,68.8108
5,100,3.1600,158,2,98,30.191510,15.430540,68.3769
5,100,3.1800,159,2,98,30.387450,15.454650,67.9392
5,100,3.2000,160,2,98,30.583390,15.393090,67.4975
5,100,3.2200,161,2,98,30.779340,15.370810,67.0519
5,100,3.2400,162,2,98,30.975280,15.417540,66.6024
5,100,3.2600,163,2,98,31.171230,15.328770,66.1489
5,100,3.2800,164,2,98,31.367190,15.211940,65.6915
5,100,3.3000,165,2,98,30.648490,14.722630,65.2303
5,100,3.3200,166,2,98,30.844130,14.632900,64.7650
5,100,3.3400,167,2,98,31.039770,14.519350,64.2959
5,100,3.3600,168,2,98,31.235410,14.423450,63.8228
5,100,3.3800,169,2,98,31.431070,14.486950,63.3458
5,100,3.4000,170,2,98,31.626730,14.568310,62.8649
5,100,3.4200,171,2,98,31.653550,14.387210,62.3801
5,100,3.4400,172,1,99,31.129150,14.191810,61.8913
5,100,3.4600,173,1,99,31.324790,14.258200,61.3986
5,100,3.4800,174,1,99,31.405870,14.233920,60.9020
5,100,3.5000,175,1,99,31.184120,14.199500,60.4015
5,100,3.5200,176,1,99,31.380180,14.272080,59.8970
5,100,3.5400,177,0,100,31.576250,14.176190,59.3886
5,100,3.5600,178,0,100,31.772320,14.249420,58.8763
5,100,3.5800,179,0,100,31.968380,14.324340,58.3601
5,100,3.6000,180,0,100,32.164460,14.102850,57.8399
5,100,3.6200,181,0,100,32.235050,13.962890,57.3158
5,100,3.6400,182,0,100,32.430870,13.911600,56.7878
5,100,3.6600,183,0,100,32.626690,13.917830,56.2559
5,100,3.6800,184,0,100,32.822520,13.630490,55.7201
5,100,3.7000,185,1,99,33.018350,13.624270,55.1803
5,100,3.7200,186,2,98,33.214190,13.611120,54.6366
5,100,3.7400,187,2,98,33.410030,13.520970,54.0890
5,100,3.7600,188,2,98,32.664650,13.474000,53.5374
5,100,3.7800,189,1,99,32.860600,13.310750,52.9819
5,100,3.8000,190,1,99,33.056560,13.126990,52.4225
5,100,3.8200,191,1,99,33.252520,13.176470,51.8592
5,100,3.8400,192,1,99,33.448480,13.219970,51.2920
5,100,3.8600,193,1,99,33.644450,13.254950,50.7208
5,100,3.8800,194,1,99,33.740470,12.983110,50.1457
5,100,3.9000,195,1,99,33.559630,12.906350,49.5667
5,100,3.9200,196,2,98,33.755750,12.856820,48.9838
5,100,3.9400,197,2,98,33.951870,12.797020,48.3969
5,100,3.9600,198,2,98,34.148000,12.829390,47.8061
5,100,3.9800,199,2,98,34.166340,12.468920,47.2114
5,100,4.0000,200,2,98,34.362510,12.255890,46.6128
5,100,4.0200,201,3,97,34.427620,12.110550,46.0102
5,100,4.0400,202,3,97,34.083540,12.192530,45.4037
5,100,4.0600,203,3,97,34.279710,12.056420,44.7933
5,100,4.0800,204,3,97,34.475880,12.080160,44.1790
5,100,4.1000,205,3,97,34.672050,12.063330,43.5607
5,100,4.1200,206,6,94,34.868220,11.844820,42.9385
5,100,4.1400,207,6,94,35.064400,11.777000,42.3124
5,100,4.1600,208,7,93,35.260570,11.799880,41.6824
5,100,4.1800,209,7,93,34.829880,11.572360,41.0484
5,100,4.2000,210,7,93,35.026020,11.554330,40.4106
5,100,4.2200,211,8,92,35.216220,11.444370,39.7688
5,100,4.2400,212,8,92,35.279330,11.410280,39.1230
5,100,4.2600,213,8,92,35.430420,11.457840,38.4734
5,100,4.2800,214,7,93,35.481020,11.296610,37.8198
5,100,4.3000,215,6,94,35.442540,10.934960,37.1623
5,100,4.3200,216,7,93,35.638730,10.657330,36.5009
5,100,4.3400,217,7,93,35.834930,10.632820,35.8356
5,100,4.3600,218,8,92,36.031120,10.597990,35.1663
5,100,4.3800,219,8,92,35.732750,10.278930,34.4931
5,100,4.4000,220,9,91,35.928950,10.219740,33.8160
5,100,4.4200,221,9,91,36.125150,10.228500,33.1349
5,100,4.4400,222,9,91,36.321350,10.104540,32.4500
5,100,4.4600,223,8,92,36.166970,9.927448,31.7611
5,100,4.4800,224,8,92,36.235850,9.906200,31.0683
5,100,4.5000,225,9,91,36.432040,9.522524,30.3715
5,100,4.5200,226,10,90,36.431080,9.330343,29.6709
5,100,4.5400,227,10,90,36.627280,9.242054,28.9663
5,100,4.5600,228,10,90,36.662640,9.249358,28.2578
5,100,4.5800,229,9,91,36.858840,9.180294,27.5454
5,100,4.6000,230,8,92,37.055030,9.092304,26.8290
5,100,4.6200,231,7,93,37.074910,9.064313,26.1087
5,100,4.6400,232,7,93,37.271110,9.006015,25.3845
5,100,4.6600,233,9,91,37.467310,8.946177,24.6564
5,100,4.6800,234,10,90,37.588140,8.948694,23.9243
5,100,4.7000,235,10,90,37.706600,8.867511,23.1884
5,100,4.7200,236,10,90,37.832970,8.748728,22.4485
5,100,4.7400,237,10,90,38.029170,8.702313,21.7046
5,100,4.7600,238,10,90,38.202280,8.114067,20.9569
5,100,4.7800,239,10,90,38.153900,7.742449,20.2052
5,100,4.8000,240,11,89,38.350100,7.303563,19.4496
5,100,4.8200,241,11,89,38.546300,7.038640,18.6901
5,100,4.8400,242,11,89,38.479940,6.989636,17.9266
5,100,4.8600,243,11,89,38.676140,6.970326,17.1593
5,100,4.8800,244,11,89,38.872340,6.912191,16.3880
5,100,4.9000,245,10,90,39.068530,6.879908,15.6128
5,100,4.9200,246,10,90,39.236340,6.783637,14.8336
5,100,4.9400,247,10,90,39.273690,6.750093,14.0506
5,100,4.9600,248,10,90,39.469880,6.709389,13.2636
5,100,4.9800,249,10,90,39.666080,6.633496,12.4727
5,100,5.0000,250,9,91,39.862290,6.204432,11.6778
5,100,5.0200,251,9,91,40.058490,5.864114,10.8791
5,100,5.0400,252,9,91,40.164600,5.595121,10.0764
5,100,5.0600,253,9,91,40.356780,5.302845,9.2698
5,100,5.0800,254,9,91,40.528720,5.231349,8.4592
5,100,5.1000,255,8,92,40.724910,5.139115,7.6448
5,100,5.1200,256,8,92,40.921100,4.691524,6.8264
5,100,5.1400,257,8,92,30.205570,4.322266,6.3953
5,100,5.1600,258,9,91,23.761350,3.263134,5.9667
5,100,5.1800,259,9,91,19.014820,3.018013,5.6555
5,100,5.2000,260,9,91,19.568170,2.969275,5.4321
5,100,5.2200,261,9,91,20.441250,2.845018,5.2731
5,100,5.2400,262,7,93,20.552560,2.745504,5.2757
5,100,5.2600,263,6,94,20.665120,2.652490,5.2744
5,100,5.2800,264,5,95,20.778940,2.584227,5.2692
5,100,5.3000,265,5,95,20.893970,2.545559,5.2600
5,100,5.3200,266,5,95,21.010210,2.454175,5.2469
5,100,5.3400,267,6,94,21.127630,2.338861,5.2299
5,100,5.3600,268,6,94,21.246210,2.276600,5.2090
5,100,5.3800,269,6,94,21.365930,2.235442,5.1841
5,100,5.4000,270,6,94,21.486780,2.208401,5.1553
5,100,5.4200,271,6,94,21.608740,2.128184,5.1226
5,100,5.4400,272,6,94,21.731780,2.112392,5.0860
5,100,5.4600,273,6,94,21.855890,2.082696,5.0454
5,100,5.4800,274,6,94,21.981050,2.076061,5.0010
5,100,5.5000,275,6,94,22.107250,2.072981,4.9526
5,100,5.5200,276,5,95,22.234460,2.032136,4.9002
5,100,5.5400,277,6,94,22.362670,2.035785,4.8440
5,100,5.5600,278,6,94,22.491850,2.032515,4.7838
5,100,5.5800,279,6,94,17.137910,1.981584,4.7197
5,100,5.6000,280,7,93,14.382970,1.950808,4.6517
5,100,5.6200,281,7,93,14.382120,1.933351,4.5797
5,100,5.6400,282,7,93,14.383950,1.885771,4.5039
5,100,5.6600,283,11,89,14.388450,1.900004,4.4241
5,100,5.6800,284,11,89,14.395630,1.847859,4.3404
5,100,5.7000,285,11,89,14.405480,1.816157,4.2527
5,100,5.7200,286,11,89,14.417990,1.811043,4.1611
5,100,5.7400,287,11,89,14.433150,1.807490,4.0657
5,100,5.7600,288,11,89,14.450970,1.808781,3.9662
5,100,5.7800,289,11,89,14.471420,1.769867,3.8629
5,100,5.8000,290,12,88,14.494500,1.750939,3.7556
5,100,5.8200,291,12,88,14.520190,1.699013,3.6444
5,100,5.8400,292,12,88,14.548490,1.670004,3.5293
5,100,5.8600,293,13,87,14.579370,1.652835,3.4103
5,100,5.8800,294,17,83,14.612820,1.598082,3.2873
5,100,5.9000,295,19,81,14.648820,1.601343,3.1605
5,100,5.9200,296,19,81,14.687350,1.609231,3.0297
5,100,5.9400,297,18,82,14.728400,1.602775,2.9467
5,100,5.9600,298,18,82,14.771940,1.599472,2.8837
5,100,5.9800,299,17,83,14.817950,1.515589,2.9478
5,100,6.0000,300,18,82,14.866410,1.485097,3.0284
5,100,6.0200,301,20,80,14.917290,1.472601,3.1050
5,100,6.0400,302,20,80,14.970570,1.449529,3.1776
5,100,6.0600,303,21,79,15.026220,1.448926,3.2464
5,100,6.0800,304,20,80,15.084220,1.447213,3.3112
5,100,6.1000,305,20,80,15.144530,1.435471,3.3721
5,100,6.1200,306,17,83,15.207140,1.365302,3.4291
5,100,6.1400,307,17,83,15.272020,1.345798,3.4821
5,100,6.1600,308,17,83,15.339130,1.334880,3.5312
5,100,6.1800,309,13,87,15.408450,1.306324,3.5764
5,100,6.2000,310,14,86,15.479940,1.287908,3.6177
5,100,6.2200,311,13,87,15.553580,1.173274,3.6551
5,100,6.2400,312,14,86,15.629330,1.152805,3.6885
5,100,6.2600,313,14,86,15.707170,1.142908,3.7180
5,100,6.2800,314,15,85,15.787070,1.105916,3.7436
5,100,6.3000,315,15,85,13.401890,1.003197,3.7652
5,100,6.3200,316,17,83,13.497900,0.992720,3.7830
5,100,6.3400,317,18,82,13.596070,0.972187,3.7968
5,100,6.3600,318,18,82,13.696340,0.965067,3.8067
5,100,6.3800,319,19,81,12.099910,0.919340,3.8126
5,100,6.4000,320,19,81,12.104440,0.914384,3.8147
5,100,6.4200,321,20,80,12.112150,0.882391,3.8128
5,100,6.4400,322,21,79,12.123030,0.876625,3.8070
5,100,6.4600,323,23,77,12.137070,0.867231,3.7972
5,100,6.4800,324,22,78,12.154270,0.859949,3.7836
5,100,6.5000,325,22,78,11.832130,0.833824,3.7660
5,100,6.5200,326,22,78,11.818650,0.833324,3.7445
5,100,6.5400,327,22,78,11.808420,0.837398,3.7190
5,100,6.5600,328,22,78,11.801440,0.818928,3.6897
5,100,6.5800,329,26,74,11.797710,0.818801,3.6564
5,100,6.6000,330,26,74,11.440370,0.811601,3.6192
5,100,6.6200,331,27,73,11.376840,0.813829,3.5781
5,100,6.6400,332,35,65,11.316350,0.815449,3.5330
5,100,6.6600,333,35,65,11.258970,0.818999,3.4841
5,100,6.6800,334,37,63,11.204720,0.827049,3.4312
5,100,6.7000,335,31,69,11.153660,0.807238,3.3743
5,100,6.7200,336,31,69,11.105830,0.811649,3.3136
5,100,6.7400,337,31,69,11.061280,0.800005,3.2489
5,100,6.7600,338,37,63,11.020040,0.768671,3.1803
5,100,6.7800,339,32,68,10.982150,0.743964,3.1078
5,100,6.8000,340,32,68,10.947650,0.712862,3.0314
5,100,6.8200,341,32,68,10.916560,0.711915,2.9510
5,100,6.8400,342,50,50,10.888920,0.711578,2.8667
5,100,6.8600,343,51,49,10.864760,0.698984,2.7785
5,100,6.8800,344,51,49,10.844090,0.695729,2.6863
5,100,6.9000,345,51,49,10.826930,0.649828,2.5903
5,100,6.9200,346,52,48,10.823530,0.650766,2.4903
5,100,6.9400,347,52,48,10.915540,0.653190,2.3864
5,100,6.9600,348,50,50,11.010280,0.638082,2.2786
5,100,6.9800,349,50,50,11.107680,0.638746,2.1668
5,100,7.0000,350,50,50,11.207670,0.635384,2.0511
5,100,7.0200,351,50,50,11.310170,0.635251,1.9315
5,100,7.0400,352,50,50,11.415130,0.638586,1.8080
5,100,7.0600,353,50,50,11.522470,0.641903,1.6805
5,100,7.0800,354,51,49,11.632130,0.611414,1.5491
5,100,7.1000,355,61,39,11.744050,0.602170,1.5048
5,100,7.1200,356,61,39,11.858150,0.605205,1.5019
5,100,7.1400,357,61,39,11.974380,0.603908,1.5002
5,100,7.1600,358,61,39,12.092680,0.593972,1.5001
5,100,7.1800,359,61,39,12.212990,0.596619,1.5001
5,100,7.2000,360,67,33,10.994790,0.555219,1.5002
5,100,7.2200,361,67,33,8.897796,0.478610,1.5003
5,100,7.2400,362,67,33,8.875551,0.482867,1.5001
5,100,7.2600,363,67,33,8.857597,0.481551,1.5317
5,100,7.2800,364,67,33,8.843961,0.462385,1.5886
5,100,7.3000,365,67,33,8.834661,0.446066,1.6416
5,100,7.3200,366,67,33,8.829713,0.441350,1.6906
5,100,7.3400,367,67,33,8.829123,0.428330,1.7162
5,100,7.3600,368,67,33,8.832891,0.409008,1.7340
5,100,7.3800,369,67,33,8.841014,0.409746,1.7480
5,100,7.4000,370,68,32,8.853478,0.411226,1.7582
5,100,7.4200,371,68,32,8.870265,0.390631,1.7644
5,100,7.4400,372,68,32,8.891352,0.364341,1.7667
5,100,7.4600,373,68,32,8.916706,0.357039,1.7650
5,100,7.4800,374,68,32,8.946292,0.340232,1.7595
5,100,7.5000,375,68,32,8.541583,0.334112,1.7500
5,100,7.5200,376,68,32,8.515000,0.321500,1.7366
5,100,7.5400,377,68,32,8.492868,0.305666,1.7193
5,100,7.5600,378,68,32,8.475223,0.303280,1.6980
5,100,7.5800,379,69,31,8.462090,0.301965,1.6728
5,100,7.6000,380,69,31,8.453490,0.296580,1.6437
5,100,7.6200,381,69,31,8.449440,0.301581,1.6107
5,100,7.6400,382,69,31,8.449944,0.302060,1.5738
5,100,7.6600,383,69,31,8.455004,0.302372,1.5329
5,100,7.6800,384,69,31,8.464608,0.305464,1.5001
5,100,7.7000,385,69,31,8.478743,0.310261,1.5001
5,100,7.7200,386,71,29,8.497385,0.319783,1.5001
5,100,7.7400,387,71,29,8.520507,0.324586,1.5001
5,100,7.7600,388,78,22,8.548069,0.321670,1.5001
5,100,7.7800,389,78,22,8.580031,0.310977,1.5001
5,100,7.8000,390,78,22,8.058307,0.293495,1.5001
5,100,7.8200,391,78,22,8.018876,0.284113,1.5001
5,100,7.8400,392,78,22,7.984072,0.270453,1.5001
5,100,7.8600,393,78,22,7.953958,0.263675,1.5001
5,100,7.8800,394,78,22,7.928585,0.258560,1.5001
5,100,7.9000,395,78,22,7.908000,0.238040,1.5001
5,100,7.9200,396,78,22,7.892241,0.242168,1.5001
5,100,7.9400,397,78,22,7.881336,0.227849,1.5001
5,100,7.9600,398,78,22,3.505307,0.149011,1.5001
5,100,7.9800,399,79,21,3.405867,0.140924,1.5001
5,100,8.0000,400,79,21,3.315068,0.128693,1.5001
5,100,8.0200,401,80,20,3.233636,0.127694,1.5001
5,100,8.0400,402,80,20,3.162297,0.123909,1.5001
5,100,8.0600,403,80,20,3.101747,0.121752,1.5001
5,100,8.0800,404,82,18,3.052626,0.122425,1.5001
5,100,8.1000,405,82,18,3.015496,0.123502,1.5001
5,100,8.1200,406,88,12,2.990801,0.121513,1.5001
5,100,8.1400,407,88,12,2.978851,0.115205,1.5001
5,100,8.1600,408,88,12,2.979799,0.109784,1.5001
5,100,8.1800,409,88,12,2.993634,0.103604,1.5001
5,100,8.2000,410,88,12,3.020178,0.079515,1.5001
5,100,8.2200,411,88,12,3.059100,0.076198,1.5001
5,100,8.2400,412,88,12,3.109936,0.074895,1.5001
5,100,8.2600,413,88,12,3.172112,0.074837,1.5001
5,100,8.2800,414,88,12,3.244978,0.075732,1.5001
5,100,8.3000,415,88,12,3.327830,0.076948,1.5001
5,100,8.3200,416,88,12,2.387598,0.067023,1.5001
5,100,8.3400,417,88,12,2.303072,0.065290,1.5001
5,100,8.3600,418,88,12,2.232632,0.066287,1.5001
5,100,8.3800,419,90,10,2.181226,0.067660,1.5001
5,100,8.4000,420,90,10,2.178268,0.069732,1.5001
5,100,8.4200,421,92,8,2.156911,0.071985,1.5001
5,100,8.4400,422,92,8,2.142187,0.071161,1.5001
5,100,8.4600,423,92,8,2.135611,0.070095,1.5001
5,100,8.4800,424,92,8,2.137254,0.072399,1.5001
5,100,8.5000,425,92,8,2.147105,0.074804,1.5001
5,100,8.5200,426,92,8,2.165193,0.077388,1.5001
5,100,8.5400,427,92,8,2.194080,0.074740,1.5001
5,100,8.5600,428,92,8,2.228428,0.073551,1.5001
5,100,8.5800,429,92,8,2.270901,0.075825,1.5001
5,100,8.6000,430,92,8,2.321467,0.078599,1.5001
5,100,8.6200,431,93,7,2.380088,0.078331,1.5001
5,100,8.6400,432,93,7,2.446711,0.076230,1.5001
5,100,8.6600,433,93,7,2.521257,0.072014,1.5001
5,100,8.6800,434,93,7,2.604651,0.073797,1.5001
5,100,8.7000,435,93,7,2.694892,0.074598,1.5001
5,100,8.7200,436,93,7,2.797225,0.069643,1.5001
5,100,8.7400,437,93,7,2.908313,0.071143,1.5001
5,100,8.7600,438,93,7,3.027163,0.070422,1.5001
5,100,8.7800,439,93,7,3.063465,0.069966,1.5001
5,100,8.8000,440,94,6,1.427246,0.046279,1.5001
5,100,8.8200,441,94,6,1.502757,0.044295,1.5001
5,100,8.8400,442,94,6,1.585361,0.042368,1.5001
5,100,8.8600,443,94,6,1.670850,0.043023,1.5001
5,100,8.8800,444,94,6,1.762609,0.046660,1.5001
5,100,8.9000,445,94,6,1.781002,0.048210,1.5001
5,100,8.9200,446,94,6,1.502196,0.034886,1.5001
5,100,8.9400,447,94,6,1.145091,0.031192,1.5001
5,100,8.9600,448,94,6,1.112438,0.031384,1.5001
5,100,8.9800,449,94,6,1.144312,0.031844,1.5001
5,100,9.0000,450,94,6,1.174933,0.029190,1.5001
5,100,9.0200,451,94,6,1.229407,0.029877,1.5001
5,100,9.0400,452,94,6,1.289480,0.028592,1.5001
5,100,9.0600,453,94,6,1.360697,0.029506,1.5001
5,100,9.0800,454,95,5,1.437956,0.031300,1.5001
5,100,9.1000,455,95,5,1.524110,0.032349,1.5001
5,100,9.1200,456,95,5,1.612413,0.030333,1.5001
5,100,9.1400,457,95,5,1.717705,0.030101,1.5001
5,100,9.1600,458,95,5,1.422570,0.027819,1.5001
5,100,9.1800,459,95,5,1.402671,0.024900,1.5001
5,100,9.2000,460,95,5,1.492313,0.021117,1.5001
5,100,9.2200,461,95,5,1.587778,0.020071,1.5001
5,100,9.2400,462,95,5,1.671722,0.019683,1.5001
5,100,9.2600,463,96,4,1.758958,0.019321,1.5001
5,100,9.2800,464,96,4,0.631054,0.006882,1.5001
5,100,9.3000,465,96,4,0.285156,0.003852,1.5001
5,100,9.3200,466,96,4,0.209319,0.004065,1.5001
5,100,9.3400,467,96,4,0.339351,0.004342,1.5001
5,100,9.3600,468,96,4,0.465321,0.004782,1.5001
5,100,9.3800,469,96,4,0.505068,0.006171,1.5001
5,100,9.4000,470,97,3,0.590249,0.008039,1.5001
5,100,9.4200,471,97,3,0.315893,0.005219,1.5001
5,100,9.4400,472,97,3,0.201306,0.002524,1.5001
5,100,9.4600,473,98,2,0.044876,0.000767,1.5001
5,100,9.4800,474,98,2,0.049929,0.000705,1.5001
5,100,9.5000,475,98,2,0.020373,0.000368,1.5001
5,100,9.5200,476,98,2,0.008258,0.000097,1.5001
5,100,9.5400,477,98,2,0.002800,0.000036,1.5001
5,100,9.5600,478,98,2,0.001674,0.000033,1.5001
5,100,9.5800,479,98,2,0.001173,0.000017,1.5001
5,100,9.6000,480,98,2,0.000343,0.000005,1.5001
5,100,9.6200,481,98,2,0.000235,0.000003,1.5001
5,100,9.6400,482,98,2,0.000169,0.000003,1.5001
5,100,9.6600,483,98,2,0.000078,0.000001,1.5001
5,100,9.6800,484,99,1,0.000047,0.000000,1.5001
5,100,9.7000,485,99,1,0.000064,0.000001,1.5001
5,100,9.7200,486,99,1,0.000028,0.000000,1.5001
5,100,9.7400,487,99,1,0.000019,0.000000,1.5001
5,100,9.7600,488,99,1,0.000023,0.000000,1.5001
5,100,9.7800,489,100,0,0.000000,0.000000,1.5001
6,100,0.0200,1,0,100,0.000000,0.000000,99.5000
6,100,0.0400,2,0,100,0.196200,0.190712,99.4961
6,100,0.0600,3,0,100,0.392414,0.377406,99.4882
6,100,0.0800,4,0,100,0.588610,0.560089,99.4765
6,100,0.1000,5,0,100,0.784804,0.738733,99.4608
6,100,0.1200,6,0,100,0.981000,0.913318,99.4411
6,100,0.1400,7,0,100,1.177199,1.083828,99.4176
6,100,0.1600,8,0,100,1.373399,1.250253,99.3901
6,100,0.1800,9,0,100,1.569599,1.412584,99.3587
6,100,0.2000,10,0,100,1.765799,1.570824,99.3234
6,100,0.2200,11,0,100,1.961999,1.724959,99.2842
6,100,0.2400,12,0,100,2.158199,1.877941,99.2410
6,100,0.2600,13,0,100,2.354399,2.025875,99.1939
6,100,0.2800,14,0,100,2.550599,2.169630,99.1429
6,100,0.3000,15,0,100,2.746799,2.309511,99.0880
6,100,0.3200,16,0,100,2.942999,2.445774,99.0291
6,100,0.3400,17,0,100,3.139199,2.578017,98.9663
6,100,0.3600,18,0,100,3.335398,2.706155,98.8996
6,100,0.3800,19,0,100,3.531598,2.830315,98.8290
6,100,0.4000,20,0,100,3.727798,2.951721,98.7544
6,100,0.4200,21,0,100,3.923998,3.068280,98.6760
6,100,0.4400,22,0,100,4.120220,3.180872,98.5935
6,100,0.4600,23,0,100,4.316385,3.289911,98.5072
6,100,0.4800,24,0,100,4.512536,3.394411,98.4170
6,100,0.5000,25,0,100,4.708702,3.497038,98.3228
6,100,0.5200,26,0,100,4.904779,3.598444,98.2247
6,100,0.5400,27,0,100,5.100878,3.715567,98.1227
6,100,0.5600,28,0,100,5.296697,3.793020,98.0168
6,100,0.5800,29,0,100,5.492183,3.876446,97.9069
6,100,0.6000,30,0,100,5.687232,3.960804,97.7932
6,100,0.6200,31,0,100,5.881341,4.074106,97.6755
6,100,0.6400,32,0,100,6.074218,4.168126,97.5540
6,100,0.6600,33,0,100,6.265075,4.210812,97.4287
6,100,0.6800,34,0,100,6.453125,4.287084,97.2997
6,100,0.7000,35,0,100,6.637419,4.377007,97.1669
6,100,0.7200,36,0,100,6.816779,4.444297,97.0305
6,100,0.7400,37,0,100,6.989932,4.540964,96.8907
6,100,0.7600,38,0,100,7.155412,4.600611,96.7476
6,100,0.7800,39,0,100,7.311619,4.698912,96.6013
6,100,0.8000,40,0,100,7.457250,4.791613,96.4521
6,100,0.8200,41,0,100,7.590969,4.838614,96.3003
6,100,0.8400,42,0,100,7.711658,4.951274,96.1460
6,100,0.8600,43,0,100,7.818381,5.004334,95.9896
6,100,0.8800,44,0,100,7.910411,5.141254,95.8313
6,100,0.9000,45,0,100,7.987791,5.198671,95.6715
6,100,0.9200,46,0,100,8.050714,5.322876,95.5104
6,100,0.9400,47,0,100,8.099980,5.405973,95.3484
6,100,0.9600,48,0,100,8.136752,5.611230,95.1856
6,100,0.9800,49,0,100,9.576258,5.811726,95.0223
6,100,1.0000,50,0,100,10.077120,6.038652,94.8587
6,100,1.0200,51,0,100,10.024260,6.255404,94.6949
6,100,1.0400,52,0,100,10.855730,6.434856,94.5310
6,100,1.0600,53,0,100,11.092860,6.608270,94.3671
6,100,1.0800,54,0,100,11.448600,6.785143,94.2034
6,100,1.1000,55,0,100,11.597460,6.948987,94.0398
6,100,1.1200,56,0,100,11.747710,7.123047,93.8766
6,100,1.1400,57,0,100,11.899290,7.286983,93.7140
6,100,1.1600,58,0,100,12.357850,7.456800,93.5523
6,100,1.1800,59,0,100,12.820890,7.628093,93.3920
6,100,1.2000,60,0,100,13.003180,7.799706,93.2334
6,100,1.2200,61,0,100,13.185870,7.972086,93.0767
6,100,1.2400,62,0,100,13.368940,8.144926,92.9222
6,100,1.2600,63,0,100,13.552380,8.317948,92.7702
6,100,1.2800,64,0,100,13.736170,8.494107,92.6209
6,100,1.3000,65,0,100,13.920300,8.670566,92.4742
6,100,1.3200,66,0,100,14.104760,8.848547,92.3300
6,100,1.3400,67,0,100,14.289530,9.026228,92.1884
6,100,1.3600,68,0,100,14.474600,9.201207,92.0489
6,100,1.3800,69,0,100,14.659960,9.379795,91.9117
6,100,1.4000,70,0,100,14.845600,9.561566,91.7764
6,100,1.4200,71,0,100,15.031510,9.742253,91.6430
6,100,1.4400,72,0,100,15.217670,9.913196,91.5112
6,100,1.4600,73,0,100,15.404090,10.095970,91.3808
6,100,1.4800,74,0,100,15.590740,10.279310,91.2515
6,100,1.5000,75,0,100,15.777630,10.462100,91.1231
6,100,1.5200,76,0,100,15.964740,10.640620,90.9949
6,100,1.5400,77,0,100,16.152060,10.824810,90.8668
6,100,1.5600,78,0,100,16.339590,11.010340,90.7380
6,100,1.5800,79,0,100,16.527330,11.195570,90.6077
6,100,1.6000,80,0,100,16.715260,11.381210,90.4751
6,100,1.6200,81,0,100,16.903370,11.567190,90.3396
6,100,1.6400,82,0,100,17.091670,11.753530,90.2003
6,100,1.6600,83,0,100,17.280150,11.940180,90.0569
6,100,1.6800,84,0,100,17.468790,12.127110,89.9096
6,100,1.7000,85,0,100,17.657600,12.314330,89.7583
6,100,1.7200,86,0,100,17.846570,12.501800,89.6032
6,100,1.7400,87,1,99,18.035690,12.689500,89.4441
6,100,1.7600,88,1,99,18.224960,12.877430,89.2811
6,100,1.7800,89,1,99,18.414380,13.065590,89.1141
6,100,1.8000,90,1,99,18.603940,13.158610,88.9433
6,100,1.8200,91,1,99,18.793630,13.249550,88.7685
6,100,1.8400,92,1,99,18.983460,13.432600,88.5898
6,100,1.8600,93,1,99,19.173410,13.594540,88.4071
6,100,1.8800,94,1,99,19.363490,13.550710,88.2206
6,100,1.9000,95,1,99,19.553690,13.710230,88.0301
6,100,1.9200,96,1,99,19.744010,13.884360,87.8357
6,100,1.9400,97,0,100,19.934440,14.066320,87.6374
6,100,1.9600,98,0,100,20.124980,14.112420,87.4351
6,100,1.9800,99,0,100,20.315630,14.143690,87.2289
6,100,2.0000,100,0,100,20.506390,14.309090,87.0188
6,100,2.0200,101,0,100,20.697240,14.481310,86.8048
6,100,2.0400,102,0,100,20.888200,14.647250,86.5869
6,100,2.0600,103,0,100,21.079250,14.701630,86.3650
6,100,2.0800,104,0,100,21.270400,14.826380,86.1392
6,100,2.1000,105,0,100,21.461630,14.847780,85.9095
6,100,2.1200,106,0,100,21.652960,15.013750,85.6758
6,100,2.1400,107,0,100,21.844370,15.169490,85.4383
6,100,2.1600,108,0,100,22.035870,15.303990,85.1968
6,100,2.1800,109,0,100,22.227450,15.442430,84.9514
6,100,2.2000,110,0,100,22.419100,15.540220,84.7020
6,100,2.2200,111,0,100,22.612440,15.629300,84.4487
6,100,2.2400,112,0,100,22.807950,15.783310,84.1916
6,100,2.2600,113,0,100,23.003460,15.781160,83.9304
6,100,2.2800,114,0,100,23.198990,15.931570,83.6654
6,100,2.3000,115,0,100,23.394530,15.740240,83.3964
6,100,2.3200,116,0,100,23.590080,15.846800,83.1236
6,100,2.3400,117,0,100,23.785640,15.915410,82.8467
6,100,2.3600,118,0,100,23.981220,15.886140,82.5660
6,100,2.3800,119,0,100,24.176800,15.937370,82.2814
6,100,2.4000,120,0,100,24.372390,15.878320,81.9928
6,100,2.4200,121,0,100,24.567990,15.243940,81.7003
6,100,2.4400,122,0,100,24.763600,15.385900,81.4038
6,100,2.4600,123,0,100,24.959220,15.524120,81.1035
6,100,2.4800,124,0,100,25.154850,15.595680,80.7992
6,100,2.5000,125,0,100,25.350490,15.694550,80.4910
6,100,2.5200,126,0,100,25.546130,15.678090,80.1789
6,100,2.5400,127,0,100,25.741790,15.683400,79.8628
6,100,2.5600,128,0,100,25.937450,15.781660,79.5429
6,100,2.5800,129,0,100,26.133130,15.608870,79.2190
6,100,2.6000,130,0,100,26.328800,15.494650,78.8911
6,100,2.6200,131,0,100,26.524490,15.423400,78.5594
6,100,2.6400,132,0,100,26.720190,15.308770,78.2237
6,100,2.6600,133,0,100,26.915890,15.395830,77.8841
6,100,2.6800,134,0,100,27.111600,15.460590,77.5406
6,100,2.7000,135,0,100,27.307310,15.558650,77.1932
6,100,2.7200,136,0,100,27.503030,15.634490,76.8418
6,100,2.7400,137,0,100,27.698760,15.701220,76.4865
6,100,2.7600,138,0,100,27.894500,15.585930,76.1273
6,100,2.7800,139,0,100,28.090240,15.429500,75.7642
6,100,2.8000,140,0,100,28.285990,15.529000,75.3971
6,100,2.8200,141,0,100,28.019410,15.109760,75.0261
6,100,2.8400,142,0,100,27.961180,14.946070,74.6512
6,100,2.8600,143,0,100,28.156740,15.038620,74.2724
6,100,2.8800,144,0,100,28.352300,15.079070,73.8896
6,100,2.9000,145,0,100,28.499970,14.886160,73.5029
6,100,2.9200,146,0,100,28.695840,14.994590,73.1123
6,100,2.9400,147,0,100,28.891710,15.031080,72.7178
6,100,2.9600,148,0,100,28.501700,15.079160,72.3193
6,100,2.9800,149,0,100,28.697730,14.901880,71.9170
6,100,3.0000,150,0,100,28.893780,14.984350,71.5107
6,100,3.0200,151,0,100,29.050520,14.916040,71.1004
6,100,3.0400,152,0,100,29.033860,14.890850,70.6863
6,100,3.0600,153,0,100,29.172030,14.649380,70.2682
6,100,3.0800,154,0,100,29.260240,14.506060,69.8462
6,100,3.1000,155,0,100,29.456420,14.539360,69.4203
6,100,3.1200,156,0,100,29.068650,14.041570,68.9905
6,100,3.1400,157,0,100,29.264830,13.992220,68.5567
6,100,3.1600,158,0,100,29.461010,14.022140,68.1190
6,100,3.1800,159,0,100,29.520690,13.979330,67.6774
6,100,3.2000,160,0,100,29.503880,14.098940,67.2318
6,100,3.2200,161,0,100,29.606810,14.202480,66.7824
6,100,3.2400,162,0,100,29.614150,14.282330,66.3290
6,100,3.2600,163,0,100,29.810340,14.358830,65.8717
6,100,3.2800,164,0,100,29.685290,14.449260,65.4104
6,100,3.3000,165,0,100,29.881480,14.504950,64.9453
6,100,3.3200,166,0,100,30.077670,14.587110,64.4762
6,100,3.3400,167,1,99,30.273860,14.674390,64.0032
6,100,3.3600,168,1,99,30.470050,14.767630,63.5262
6,100,3.3800,169,2,98,30.666240,14.853770,63.0454
6,100,3.4000,170,2,98,30.862430,14.925730,62.5606
6,100,3.4200,171,1,99,31.058620,14.609210,62.0719
6,100,3.4400,172,1,99,31.254810,14.386280,61.5793
6,100,3.4600,173,1,99,31.337650,14.305060,61.0827
6,100,3.4800,174,1,99,31.242980,14.326060,60.5822
6,100,3.5000,175,1,99,31.439170,14.417570,60.0778
6,100,3.5200,176,1,99,31.635360,14.319480,59.5695
6,100,3.5400,177,1,99,31.685500,14.132580,59.0573
6,100,3.5600,178,1,99,31.881690,14.050810,58.5411
6,100,3.5800,179,1,99,32.077880,13.872580,58.0210
6,100,3.6000,180,1,99,32.274080,13.425130,57.4970
6,100,3.6200,181,1,99,32.231310,13.483060,56.9690
6,100,3.6400,182,1,99,32.345170,13.277020,56.4372
6,100,3.6600,183,2,98,32.312990,13.043320,55.9014
6,100,3.6800,184,2,98,32.428370,12.924190,55.3617
6,100,3.7000,185,2,98,32.293610,12.892120,54.8180
6,100,3.7200,186,2,98,32.489810,12.915550,54.2704
6,100,3.7400,187,2,98,32.302650,12.767890,53.7190
6,100,3.7600,188,2,98,32.498860,12.662590,53.1635
6,100,3.7800,189,2,98,32.338230,12.516000,52.6042
6,100,3.8000,190,2,98,32.534440,12.586000,52.0410
6,100,3.8200,191,3,97,32.730640,12.641620,51.4738
6,100,3.8400,192,3,97,32.568990,12.658060,50.9027
6,100,3.8600,193,3,97,32.765190,12.645000,50.3276
6,100,3.8800,194,3,97,32.961390,12.605340,49.7487
6,100,3.9000,195,3,97,32.721360,12.623750,49.1658
6,100,3.9200,196,3,97,32.917560,12.592480,48.5790
6,100,3.9400,197,3,97,33.113760,12.485690,47.9883
6,100,3.9600,198,3,97,33.309960,12.392850,47.3936
6,100,3.9800,199,3,97,33.482250,12.381480,46.7950
6,100,4.0000,200,3,97,33.388770,12.298060,46.1925
6,100,4.0200,201,3,97,33.584960,12.275140,45.5861
6,100,4.0400,202,3,97,33.781160,12.322430,44.9758
6,100,4.0600,203,3,97,33.933910,12.389900,44.3615
6,100,4.0800,204,4,96,33.811230,12.451670,43.7433
6,100,4.1000,205,4,96,34.007420,12.335580,43.1212
6,100,4.1200,206,4,96,34.203610,12.301210,42.4951
6,100,4.1400,207,4,96,34.399810,12.324690,41.8652
6,100,4.1600,208,4,96,34.596000,11.905750,41.2313
6,100,4.1800,209,6,94,34.689240,11.613480,40.5934
6,100,4.2000,210,6,94,34.586500,11.395280,39.9517
6,100,4.2200,211,6,94,34.782700,11.356910,39.3060
6,100,4.2400,212,7,93,34.978900,11.073090,38.6564
6,100,4.2600,213,7,93,35.175100,10.511310,38.0029
6,100,4.2800,214,7,93,35.213490,10.199070,37.3455
6,100,4.3000,215,7,93,35.115360,10.139840,36.6841
6,100,4.3200,216,7,93,35.311570,10.112270,36.0189
6,100,4.3400,217,7,93,35.507770,10.010180,35.3496
6,100,4.3600,218,7,93,35.660100,9.753066,34.6765
6,100,4.3800,219,7,93,35.583920,9.772100,33.9995
6,100,4.4000,220,7,93,35.717990,9.769784,33.3185
6,100,4.4200,221,7,93,35.635520,9.768259,32.6336
6,100,4.4400,222,8,92,35.831730,9.709351,31.9447
6,100,4.4600,223,10,90,35.761230,9.704114,31.2520
6,100,4.4800,224,10,90,35.957430,9.730677,30.5553
6,100,4.5000,225,10,90,36.153630,9.643320,29.8547
6,100,4.5200,226,10,90,36.349820,9.659282,29.1502
6,100,4.5400,227,10,90,36.546020,9.618755,28.4417
6,100,4.5600,228,10,90,36.402020,9.618964,27.7294
6,100,4.5800,229,11,89,36.598210,9.503989,27.0131
6,100,4.6000,230,12,88,36.794410,9.444384,26.2928
6,100,4.6200,231,12,88,36.990600,9.019599,25.5687
6,100,4.6400,232,12,88,37.186790,8.911327,24.8406
6,100,4.6600,233,12,88,37.382980,8.732904,24.1086
6,100,4.6800,234,12,88,37.438800,8.645684,23.3727
6,100,4.7000,235,11,89,37.635000,8.536838,22.6329
6,100,4.7200,236,11,89,37.615330,8.335687,21.8891
6,100,4.7400,237,11,89,37.811530,8.047497,21.1414
6,100,4.7600,238,11,89,38.007720,7.656049,20.3898
6,100,4.7800,239,11,89,38.203920,7.138543,19.6343
6,100,4.8000,240,11,89,38.400110,6.936193,18.8748
6,100,4.8200,241,11,89,38.428750,6.871690,18.1114
6,100,4.8400,242,12,88,38.624950,6.840952,17.3441
6,100,4.8600,243,12,88,38.821150,6.706333,16.5729
6,100,4.8800,244,12,88,38.998760,6.586294,15.7977
6,100,4.9000,245,12,88,39.057190,6.543006,15.0187
6,100,4.9200,246,11,89,39.253390,6.522576,14.2356
6,100,4.9400,247,11,89,39.449590,6.514864,13.4487
6,100,4.9600,248,11,89,39.645790,6.345690,12.6579
6,100,4.9800,249,12,88,39.841990,6.112755,11.8631
6,100,5.0000,250,12,88,40.038190,5.575613,11.0644
6,100,5.0200,251,13,87,40.184830,4.990354,10.2618
6,100,5.0400,252,13,87,40.335920,4.882031,9.4552
6,100,5.0600,253,13,87,40.532120,4.281424,8.6447
6,100,5.0800,254,14,86,40.722610,3.884790,7.8303
6,100,5.1000,255,14,86,25.713970,3.820849,7.5497
6,100,5.1200,256,13,87,24.179690,3.646204,7.3321
6,100,5.1400,257,13,87,22.819140,3.493114,7.0785
6,100,5.1600,258,15,85,23.162780,3.121693,6.8090
6,100,5.1800,259,14,86,23.528150,3.057813,6.5295
6,100,5.2000,260,14,86,23.683160,2.970055,6.2458
6,100,5.2200,261,15,85,23.838770,2.906702,5.9581
6,100,5.2400,262,15,85,21.154800,2.860597,5.6664
6,100,5.2600,263,15,85,21.039490,2.758878,5.3757
6,100,5.2800,264,16,84,19.100270,2.525479,5.1017
6,100,5.3000,265,16,84,18.303220,2.401119,4.8959
6,100,5.3200,266,16,84,18.620940,2.370175,4.7099
6,100,5.3400,267,16,84,18.721390,2.277603,4.5177
6,100,5.3600,268,16,84,18.896150,2.213524,4.3210
6,100,5.3800,269,16,84,19.649480,2.082808,4.1342
6,100,5.4000,270,16,84,20.759220,2.019280,3.9667
6,100,5.4200,271,16,84,21.326280,1.943380,3.8008
6,100,5.4400,272,16,84,21.404110,1.911020,3.6293
6,100,5.4600,273,16,84,21.483460,1.848853,3.4539
6,100,5.4800,274,15,85,21.564290,1.769349,3.2746
6,100,5.5000,275,15,85,21.646610,1.738132,3.2927
6,100,5.5200,276,15,85,21.730380,1.698054,3.3143
6,100,5.5400,277,15,85,21.815600,1.680090,3.3321
6,100,5.5600,278,16,84,21.902240,1.663273,3.3458
6,100,5.5800,279,16,84,21.990290,1.637554,3.3557
6,100,5.6000,280,18,82,22.079730,1.637537,3.3616
6,100,5.6200,281,18,82,22.170550,1.634128,3.3636
6,100,5.6400,282,18,82,22.262730,1.596159,3.3617
6,100,5.6600,283,18,82,22.356250,1.587679,3.3559
6,100,5.6800,284,18,82,22.451090,1.543364,3.3461
6,100,5.7000,285,17,83,22.547250,1.455787,3.3324
6,100,5.7200,286,17,83,22.644690,1.408044,3.3148
6,100,5.7400,287,17,83,18.301740,1.338784,3.2933
6,100,5.7600,288,17,83,18.334950,1.229137,3.2951
6,100,5.7800,289,17,83,18.370200,1.180397,3.2939
6,100,5.8000,290,18,82,15.030870,1.132966,3.2889
6,100,5.8200,291,20,80,14.940620,1.124535,3.2802
6,100,5.8400,292,19,81,14.852410,1.114485,3.2675
6,100,5.8600,293,20,80,14.766280,1.082193,3.2510
6,100,5.8800,294,20,80,14.682270,1.073539,3.2306
6,100,5.9000,295,20,80,14.600410,1.019625,3.2063
6,100,5.9200,296,20,80,14.520750,1.019214,3.1780
6,100,5.9400,297,20,80,14.443310,1.023976,3.1458
6,100,5.9600,298,21,79,14.368130,1.026672,3.1097
6,100,5.9800,299,20,80,14.295250,1.038566,3.0697
6,100,6.0000,300,21,79,14.224700,1.028084,3.0257
6,100,6.0200,301,21,79,14.156520,0.976413,2.9797
6,100,6.0400,302,22,78,14.090740,0.945121,2.9409
6,100,6.0600,303,22,78,14.027390,0.946264,2.9051
6,100,6.0800,304,23,77,13.966520,0.940514,2.8669
6,100,6.1000,305,22,78,13.908150,0.906301,2.8250
6,100,6.1200,306,22,78,13.852310,0.869434,2.7792
6,100,6.1400,307,22,78,13.799030,0.868093,2.7295
6,100,6.1600,308,22,78,13.748350,0.874053,2.6759
6,100,6.1800,309,22,78,13.700290,0.881073,2.7296
6,100,6.2000,310,24,76,13.654890,0.890348,2.7909
6,100,6.2200,311,24,76,13.612150,0.901831,2.8484
6,100,6.2400,312,24,76,13.572120,0.859484,2.9019
6,100,6.2600,313,27,73,13.534820,0.854287,2.9514
6,100,6.2800,314,31,69,13.500270,0.843442,2.9971
6,100,6.3000,315,31,69,13.468480,0.840682,3.0388
6,100,6.3200,316,30,70,13.439480,0.830272,3.0766
6,100,6.3400,317,30,70,13.413290,0.821067,3.1105
6,100,6.3600,318,30,70,13.389930,0.797282,3.1405
6,100,6.3800,319,30,70,13.369400,0.771717,3.1665
6,100,6.4000,320,31,69,13.351730,0.766563,3.1886
6,100,6.4200,321,31,69,13.336920,0.762863,3.2068
6,100,6.4400,322,31,69,13.324980,0.759463,3.2210
6,100,6.4600,323,28,72,13.315920,0.726826,3.2314
6,100,6.4800,324,28,72,13.309750,0.694666,3.2378
6,100,6.5000,325,31,69,13.306470,0.643938,3.2403
6,100,6.5200,326,29,71,13.306080,0.637066,3.2389
6,100,6.5400,327,29,71,13.308590,0.621632,3.2335
6,100,6.5600,328,29,71,13.313980,0.573575,3.2242
6,100,6.5800,329,29,71,13.322270,0.565379,3.2110
6,100,6.6000,330,29,71,13.333430,0.563727,3.1939
6,100,6.6200,331,29,71,13.347470,0.556174,3.1728
6,100,6.6400,332,29,71,13.364380,0.550305,3.1478
6,100,6.6600,333,29,71,13.384140,0.538657,3.1189
6,100,6.6800,334,29,71,13.406740,0.508208,3.0861
6,100,6.7000,335,30,70,13.432170,0.499315,3.0494
6,100,6.7200,336,31,69,13.460420,0.491126,3.0087
6,100,6.7400,337,31,69,13.491460,0.494482,2.9641
6,100,6.7600,338,31,69,13.525270,0.500883,2.9156
6,100,6.7800,339,32,68,13.561840,0.499598,2.8631
6,100,6.8000,340,33,67,13.601140,0.502896,2.8067
6,100,6.8200,341,34,66,13.643150,0.500252,2.7464
6,100,6.8400,342,35,65,13.687840,0.502857,2.6822
6,100,6.8600,343,35,65,13.735190,0.506893,2.6141
6,100,6.8800,344,36,64,13.785170,0.506187,2.5420
6,100,6.9000,345,36,64,13.837750,0.446307,2.4660
6,100,6.9200,346,36,64,13.892900,0.448791,2.3861
6,100,6.9400,347,37,63,13.950600,0.435671,2.3023
6,100,6.9600,348,38,62,14.010800,0.428984,2.2145
6,100,6.9800,349,38,62,14.073490,0.415710,2.1228
6,100,7.0000,350,38,62,14.138610,0.412677,2.0272
6,100,7.0200,351,39,61,14.206150,0.414866,1.9277
6,100,7.0400,352,39,61,14.276070,0.412741,1.8242
6,100,7.0600,353,42,58,14.348330,0.379187,1.7168
6,100,7.0800,354,42,58,14.422890,0.368702,1.6055
6,100,7.1000,355,41,59,14.499730,0.360284,1.5636
6,100,7.1200,356,41,59,14.578800,0.352370,1.5631
6,100,7.1400,357,42,58,14.660080,0.354636,1.5624
6,100,7.1600,358,42,58,14.743510,0.357236,1.5614
6,100,7.1800,359,42,58,14.829070,0.355263,1.5603
6,100,7.2000,360,42,58,14.916730,0.336847,1.5624
6,100,7.2200,361,42,58,15.006430,0.338506,1.5626
6,100,7.2400,362,41,59,14.479470,0.332532,1.5606
6,100,7.2600,363,42,58,14.492640,0.314059,1.5593
6,100,7.2800,364,42,58,14.508440,0.311228,1.5596
6,100,7.3000,365,42,58,12.819780,0.289077,1.5598
6,100,7.3200,366,45,55,12.725970,0.265026,1.5589
6,100,7.3400,367,43,57,12.634500,0.253507,1.5587
6,100,7.3600,368,43,57,12.545440,0.252278,1.5588
6,100,7.3800,369,43,57,12.458840,0.251145,1.5588
6,100,7.4000,370,43,57,12.374730,0.251336,1.5586
6,100,7.4200,371,44,56,12.293190,0.253712,1.5584
6,100,7.4400,372,44,56,12.214250,0.255969,1.5857
6,100,7.4600,373,44,56,12.137970,0.254198,1.6784
6,100,7.4800,374,45,55,12.064400,0.255751,1.7672
6,100,7.5000,375,46,54,11.993580,0.259939,1.8521
6,100,7.5200,376,46,54,11.925580,0.261336,1.9330
6,100,7.5400,377,46,54,11.860430,0.260608,2.0100
6,100,7.5600,378,46,54,11.798180,0.253105,2.0831
6,100,7.5800,379,46,54,11.738890,0.250381,2.1523
6,100,7.6000,380,46,54,11.682580,0.253783,2.2175
6,100,7.6200,381,46,54,11.629320,0.258121,2.2789
6,100,7.6400,382,47,53,11.579140,0.260204,2.3363
6,100,7.6600,383,46,54,11.532070,0.236130,2.3897
6,100,7.6800,384,47,53,11.488170,0.227595,2.4393
6,100,7.7000,385,47,53,11.447450,0.224752,2.4849
6,100,7.7200,386,47,53,11.409970,0.226331,2.5266
6,100,7.7400,387,47,53,11.375750,0.229388,2.5644
6,100,7.7600,388,51,49,11.344820,0.234222,2.5983
6,100,7.7800,389,51,49,11.317210,0.241049,2.6282
6,100,7.8000,390,51,49,11.292940,0.239389,2.6542
6,100,7.8200,391,51,49,11.272030,0.204019,2.6763
6,100,7.8400,392,51,49,11.254500,0.195101,2.6945
6,100,7.8600,393,51,49,11.240370,0.192406,2.7087
6,100,7.8800,394,51,49,11.229650,0.191259,2.7190
6,100,7.9000,395,53,47,11.222360,0.189022,2.7254
6,100,7.9200,396,53,47,11.218490,0.176105,2.7279
6,100,7.9400,397,53,47,6.275946,0.126171,2.7213
6,100,7.9600,398,53,47,6.266238,0.127350,2.7256
6,100,7.9800,399,53,47,6.262665,0.129403,2.7259
6,100,8.0000,400,76,24,6.265237,0.129789,2.7223
6,100,8.0200,401,76,24,6.273946,0.115669,2.7147
6,100,8.0400,402,76,24,6.288768,0.103940,2.7033
6,100,8.0600,403,78,22,6.309658,0.100725,2.6879
6,100,8.0800,404,79,21,6.336557,0.096669,2.6686
6,100,8.1000,405,79,21,2.049454,0.049340,2.7124
6,100,8.1200,406,79,21,1.897570,0.046341,2.7428
6,100,8.1400,407,79,21,1.754499,0.042552,2.7675
6,100,8.1600,408,79,21,1.622576,0.039917,2.7882
6,100,8.1800,409,79,21,1.504735,0.039227,2.8050
6,100,8.2000,410,79,21,1.479987,0.039021,2.8179
6,100,8.2200,411,92,8,1.513258,0.041035,2.8269
6,100,8.2400,412,92,8,1.273020,0.039611,2.8320
6,100,8.2600,413,92,8,1.249003,0.039448,2.8331
6,100,8.2800,414,92,8,1.255558,0.037022,2.8303
6,100,8.3000,415,92,8,1.292220,0.032756,2.8236
6,100,8.3200,416,92,8,1.356550,0.030173,2.8129
6,100,8.3400,417,92,8,1.444857,0.030412,2.7983
6,100,8.3600,418,92,8,1.553057,0.032212,2.7799
6,100,8.3800,419,92,8,1.677304,0.033691,2.7574
6,100,8.4000,420,92,8,1.814304,0.035682,2.7311
6,100,8.4200,421,92,8,1.961387,0.038171,2.7008
6,100,8.4400,422,92,8,2.116451,0.040710,2.6666
6,100,8.4600,423,92,8,2.277868,0.041689,2.6285
6,100,8.4800,424,92,8,2.444379,0.042328,2.5865
6,100,8.5000,425,93,7,2.615011,0.044318,2.5405
6,100,8.5200,426,93,7,2.789008,0.043210,2.4906
6,100,8.5400,427,93,7,2.965778,0.042177,2.4368
6,100,8.5600,428,93,7,3.144853,0.039145,2.3791
6,100,8.5800,429,93,7,3.325861,0.039626,2.3174
6,100,8.6000,430,93,7,3.508502,0.040274,2.2518
6,100,8.6200,431,93,7,3.692535,0.041103,2.1823
6,100,8.6400,432,93,7,3.877761,0.043491,2.1089
6,100,8.6600,433,93,7,4.064017,0.046659,2.0316
6,100,8.6800,434,93,7,4.251168,0.050109,1.9503
6,100,8.7000,435,94,6,4.439101,0.052378,1.8651
6,100,8.7200,436,95,5,4.627719,0.054984,1.7759
6,100,8.7400,437,95,5,4.816944,0.058053,1.6829
6,100,8.7600,438,95,5,5.006705,0.061189,1.5859
6,100,8.7800,439,95,5,5.196945,0.064100,1.5577
6,100,8.8000,440,95,5,5.387612,0.063888,1.5577
6,100,8.8200,441,95,5,5.578662,0.065397,1.5577
6,100,8.8400,442,95,5,5.770059,0.068081,1.5577
6,100,8.8600,443,95,5,5.961768,0.070612,1.5577
6,100,8.8800,444,95,5,6.153759,0.073355,1.5577
6,100,8.9000,445,95,5,6.346009,0.076188,1.5577
6,100,8.9200,446,95,5,6.538493,0.079062,1.5577
6,100,8.9400,447,95,5,1.442649,0.029115,1.5577
6,100,8.9600,448,95,5,1.348619,0.029241,1.5577
6,100,8.9800,449,95,5,1.173764,0.028620,1.5577
6,100,9.0000,450,95,5,1.156871,0.029637,1.5577
6,100,9.0200,451,95,5,1.218619,0.031184,1.5577
6,100,9.0400,452,95,5,1.296857,0.032859,1.5577
6,100,9.0600,453,95,5,1.380765,0.034799,1.5577
6,100,9.0800,454,95,5,1.467624,0.036858,1.5577
6,100,9.1000,455,95,5,1.561747,0.039141,1.5577
6,100,9.1200,456,95,5,1.657179,0.041565,1.5577
6,100,9.1400,457,95,5,1.572987,0.031723,1.5577
6,100,9.1600,458,95,5,1.668421,0.030828,1.5577
6,100,9.1800,459,95,5,1.229662,0.026316,1.5577
6,100,9.2000,460,95,5,1.287634,0.023148,1.5577
6,100,9.2200,461,95,5,1.372976,0.023343,1.5577
6,100,9.2400,462,97,3,1.464714,0.021676,1.5577
6,100,9.2600,463,97,3,1.558502,0.021848,1.5577
6,100,9.2800,464,97,3,1.295857,0.018527,1.5577
6,100,9.3000,465,97,3,0.520576,0.007631,1.5577
6,100,9.3200,466,97,3,0.428454,0.005285,1.5577
6,100,9.3400,467,97,3,0.325098,0.005223,1.5577
6,100,9.3600,468,97,3,0.286545,0.005250,1.5577
6,100,9.3800,469,97,3,0.389869,0.005191,1.5577
6,100,9.4000,470,97,3,0.458644,0.004874,1.5577
6,100,9.4200,471,97,3,0.551825,0.006242,1.5577
6,100,9.4400,472,97,3,0.537960,0.007082,1.5577
6,100,9.4600,473,97,3,0.268725,0.004154,1.5577
6,100,9.4800,474,97,3,0.368633,0.003911,1.5577
6,100,9.5000,475,97,3,0.469598,0.005172,1.5577
6,100,9.5200,476,97,3,0.486151,0.005117,1.5577
6,100,9.5400,477,97,3,0.129930,0.001353,1.5577
6,100,9.5600,478,97,3,0.009229,0.000123,1.5577
6,100,9.5800,479,98,2,0.029466,0.000320,1.5577
6,100,9.6000,480,98,2,0.012013,0.000133,1.5577
6,100,9.6200,481,98,2,0.002459,0.000027,1.5577
6,100,9.6400,482,98,2,0.001090,0.000013,1.5577
6,100,9.6600,483,98,2,0.001079,0.000013,1.5577
6,100,9.6800,484,98,2,0.000563,0.000006,1.5577
6,100,9.7000,485,98,2,0.000126,0.000002,1.5577
6,100,9.7200,486,98,2,0.000057,0.000001,1.5577
6,100,9.7400,487,98,2,0.000046,0.000000,1.5577
6,100,9.7600,488,98,2,0.000064,0.000001,1.5577
6,100,9.7800,489,98,2,0.000070,0.000001,1.5577
6,100,9.8000,490,98,2,0.000070,0.000001,1.5577
6,100,9.8200,491,98,2,0.000078,0.000001,1.5577
6,100,9.8400,492,98,2,0.000079,0.000001,1.5577
6,100,9.8600,493,99,1,0.000074,0.000001,1.5577
6,100,9.8800,494,100,0,0.000000,0.000000,1.5577
7,100,0.0200,1,0,100,0.000000,0.000000,99.5000
7,100,0.0400,2,0,100,0.196200,0.190713,99.4961
7,100,0.0600,3,0,100,0.392422,0.377407,99.4882
7,100,0.0800,4,0,100,0.588612,0.560092,99.4765
7,100,0.1000,5,0,100,0.784805,0.738741,99.4608
7,100,0.1200,6,0,100,0.981000,0.913332,99.4411
7,100,0.1400,7,0,100,1.177199,1.083847,99.4176
7,100,0.1600,8,0,100,1.373399,1.250278,99.3901
7,100,0.1800,9,0,100,1.569599,1.412614,99.3587
7,100,0.2000,10,0,100,1.765799,1.570863,99.3234
7,100,0.2200,11,0,100,1.961999,1.725003,99.2842
7,100,0.2400,12,0,100,2.158201,1.878741,99.2410
7,100,0.2600,13,0,100,2.354399,2.027188,99.1939
7,100,0.2800,14,0,100,2.550599,2.170705,99.1429
7,100,0.3000,15,0,100,2.746799,2.310270,99.0880
7,100,0.3200,16,0,100,2.942999,2.446216,99.0291
7,100,0.3400,17,0,100,3.139199,2.578654,98.9663
7,100,0.3600,18,0,100,3.335398,2.707302,98.8996
7,100,0.3800,19,0,100,3.531598,2.832036,98.8290
7,100,0.4000,20,0,100,3.727798,2.953036,98.7544
7,100,0.4200,21,0,100,3.923998,3.070340,98.6760
7,100,0.4400,22,0,100,4.120230,3.183436,98.5935
7,100,0.4600,23,0,100,4.316381,3.294271,98.5072
7,100,0.4800,24,0,100,4.512540,3.401693,98.4170
7,100,0.5000,25,0,100,4.708704,3.508453,98.3228
7,100,0.5200,26,0,100,4.904762,3.610438,98.2247
7,100,0.5400,27,0,100,5.100793,3.709859,98.1227
7,100,0.5600,28,0,100,5.296707,3.805651,98.0168
7,100,0.5800,29,0,100,5.492273,3.918117,97.9069
7,100,0.6000,30,0,100,5.687248,3.994921,97.7932
7,100,0.6200,31,0,100,5.881427,4.096437,97.6755
7,100,0.6400,32,0,100,6.074248,4.170619,97.5540
7,100,0.6600,33,0,100,6.265118,4.258268,97.4287
7,100,0.6800,34,0,100,6.453139,4.342545,97.2996
7,100,0.7000,35,0,100,6.637463,4.423519,97.1669
7,100,0.7200,36,0,100,6.816922,4.502365,97.0305
7,100,0.7400,37,0,100,6.989986,4.575337,96.8907
7,100,0.7600,38,0,100,7.155414,4.654181,96.7476
7,100,0.7800,39,0,100,7.311684,4.722421,96.6013
7,100,0.8000,40,0,100,7.457510,4.839682,96.4521
7,100,0.8200,41,0,100,7.591347,4.920616,96.3003
7,100,0.8400,42,0,100,7.712047,4.984570,96.1460
7,100,0.8600,43,0,100,7.819015,5.085914,95.9895
7,100,0.8800,44,0,100,7.911488,5.219550,95.8313
7,100,0.9000,45,0,100,7.989487,5.319864,95.6714
7,100,0.9200,46,0,100,8.053394,5.444240,95.5103
7,100,0.9400,47,0,100,8.103944,5.561541,95.3482
7,100,0.9600,48,0,100,8.142073,5.697154,95.1853
7,100,0.9800,49,0,100,9.412863,5.880866,95.0219
7,100,1.0000,50,0,100,10.125380,6.096728,94.8582
7,100,1.0200,51,0,100,11.536080,6.303587,94.6943
7,100,1.0400,52,0,100,12.812670,6.476883,94.5303
7,100,1.0600,53,0,100,13.155460,6.652307,94.3665
7,100,1.0800,54,0,100,13.293180,6.825487,94.2030
7,100,1.1000,55,0,100,13.409880,6.991796,94.0399
7,100,1.1200,56,0,100,13.528410,7.164220,93.8774
7,100,1.1400,57,0,100,13.648740,7.331610,93.7157
7,100,1.1600,58,0,100,13.770810,7.506328,93.5552
7,100,1.1800,59,0,100,13.894580,7.678415,93.3963
7,100,1.2000,60,0,100,14.020000,7.850147,93.2392
7,100,1.2200,61,0,100,14.147030,8.029003,93.0843
7,100,1.2400,62,0,100,14.275630,8.201115,92.9318
7,100,1.2600,63,0,100,14.405750,8.377713,92.7820
7,100,1.2800,64,0,100,14.537350,8.556075,92.6349
7,100,1.3000,65,0,100,14.670400,8.734633,92.4904
7,100,1.3200,66,0,100,14.804850,8.914509,92.3484
7,100,1.3400,67,0,100,14.940670,9.094699,92.2086
7,100,1.3600,68,0,100,15.077820,9.275723,92.0706
7,100,1.3800,69,0,100,15.216260,9.457108,91.9343
7,100,1.4000,70,0,100,15.355960,9.638811,91.7995
7,100,1.4200,71,0,100,15.496890,9.820928,91.6660
7,100,1.4400,72,0,100,15.639010,10.003500,91.5333
7,100,1.4600,73,0,100,15.782280,10.186560,91.4014
7,100,1.4800,74,0,100,15.926690,10.369810,91.2697
7,100,1.5000,75,0,100,16.072190,10.553160,91.1377
7,100,1.5200,76,0,100,16.218760,10.736990,91.0046
7,100,1.5400,77,0,100,16.366370,10.921290,90.8703
7,100,1.5600,78,0,100,16.515000,11.106250,90.7353
7,100,1.5800,79,0,100,16.664600,11.291660,90.5993
7,100,1.6000,80,0,100,16.815170,11.477400,90.4623
7,100,1.6200,81,0,100,16.966660,11.663340,90.3239
7,100,1.6400,82,0,100,17.119070,11.849440,90.1838
7,100,1.6600,83,0,100,17.272360,11.992340,90.0418
7,100,1.6800,84,0,100,17.426510,12.177810,89.8973
7,100,1.7000,85,0,100,17.581500,12.360530,89.7499
7,100,1.7200,86,1,99,17.737300,12.544780,89.5992
7,100,1.7400,87,1,99,17.893900,12.729060,89.4450
7,100,1.7600,88,1,99,18.051270,12.913630,89.2872
7,100,1.7800,89,1,99,18.209400,13.098410,89.1254
7,100,1.8000,90,1,99,18.368260,13.283560,88.9598
7,100,1.8200,91,1,99,18.527830,13.470680,88.7901
7,100,1.8400,92,1,99,18.688110,13.497470,88.6166
7,100,1.8600,93,1,99,18.849060,13.677940,88.4391
7,100,1.8800,94,1,99,19.010680,13.858820,88.2577
7,100,1.9000,95,1,99,19.172940,13.946730,88.0724
7,100,1.9200,96,1,99,19.335820,14.125660,87.8832
7,100,1.9400,97,1,99,19.499330,14.134570,87.6900
7,100,1.9600,98,1,99,19.672400,14.304640,87.4929
7,100,1.9800,99,1,99,19.865860,14.383420,87.2919
7,100,2.0000,100,1,99,20.059360,14.384160,87.0869
7,100,2.0200,101,1,99,20.252920,14.437460,86.8781
7,100,2.0400,102,1,99,20.446540,14.604410,86.6653
7,100,2.0600,103,1,99,20.640200,14.773750,86.4486
7,100,2.0800,104,1,99,20.833900,14.828740,86.2280
7,100,2.1000,105,1,99,21.027650,14.898430,86.0034
7,100,2.1200,106,1,99,21.221450,14.813340,85.7749
7,100,2.1400,107,1,99,21.415300,14.771820,85.5425
7,100,2.1600,108,1,99,21.609180,14.909090,85.3062
7,100,2.1800,109,1,99,21.803110,14.869480,85.0659
7,100,2.2000,110,1,99,21.997070,14.874560,84.8217
7,100,2.2200,111,1,99,22.191080,15.029230,84.5736
7,100,2.2400,112,1,99,22.385120,15.114680,84.3216
7,100,2.2600,113,1,99,22.579200,15.077510,84.0657
7,100,2.2800,114,1,99,22.773320,15.205660,83.8058
7,100,2.3000,115,1,99,22.967470,15.354890,83.5420
7,100,2.3200,116,1,99,23.161660,15.440990,83.2743
7,100,2.3400,117,1,99,23.355880,15.402010,83.0026
7,100,2.3600,118,1,99,23.550130,15.508040,82.7271
7,100,2.3800,119,1,99,23.744420,15.429150,82.4476
7,100,2.4000,120,1,99,23.938740,15.366220,82.1642
7,100,2.4200,121,1,99,24.019310,15.196040,81.8768
7,100,2.4400,122,1,99,24.213460,15.291740,81.5856
7,100,2.4600,123,1,99,24.407640,15.398190,81.2904
7,100,2.4800,124,1,99,24.601850,15.538260,80.9913
7,100,2.5000,125,1,99,24.796100,15.607140,80.6882
7,100,2.5200,126,1,99,24.990370,15.438460,80.3813
7,100,2.5400,127,1,99,25.184680,15.583480,80.0704
7,100,2.5600,128,1,99,25.379010,15.399820,79.7556
7,100,2.5800,129,2,98,25.573370,15.406160,79.4368
7,100,2.6000,130,2,98,25.767770,15.373160,79.1142
7,100,2.6200,131,2,98,25.962180,15.458730,78.7876
7,100,2.6400,132,2,98,25.991790,15.585780,78.4571
7,100,2.6600,133,2,98,26.187870,15.700680,78.1227
7,100,2.6800,134,2,98,26.383960,15.642570,77.7843
7,100,2.7000,135,2,98,26.580050,15.496070,77.4420
7,100,2.7200,136,2,98,26.776140,15.551650,77.0958
7,100,2.7400,137,2,98,26.972230,15.563310,76.7457
7,100,2.7600,138,2,98,27.168330,15.485590,76.3916
7,100,2.7800,139,1,99,27.364420,15.346610,76.0337
7,100,2.8000,140,1,99,27.359620,15.301620,75.6718
7,100,2.8200,141,1,99,27.555360,15.380980,75.3060
7,100,2.8400,142,1,99,27.751100,15.408960,74.9362
7,100,2.8600,143,1,99,27.946850,15.528170,74.5625
7,100,2.8800,144,1,99,27.498810,15.353800,74.1849
7,100,2.9000,145,1,99,27.694650,15.456070,73.8034
7,100,2.9200,146,1,99,27.846360,15.374890,73.4180
7,100,2.9400,147,1,99,28.042500,15.387770,73.0286
7,100,2.9600,148,1,99,28.097930,15.250580,72.6353
7,100,2.9800,149,1,99,28.184060,15.156030,72.2381
7,100,3.0000,150,1,99,28.380240,15.178290,71.8370
7,100,3.0200,151,1,99,28.322220,15.227090,71.4319
7,100,3.0400,152,1,99,28.518410,15.275200,71.0229
7,100,3.0600,153,1,99,28.699920,14.711590,70.6100
7,100,3.0800,154,1,99,28.870960,14.440180,70.1932
7,100,3.1000,155,1,99,29.067120,14.195450,69.7724
7,100,3.1200,156,3,97,29.138850,14.140500,69.3477
7,100,3.1400,157,3,97,29.205710,14.207330,68.9191
7,100,3.1600,158,3,97,29.114900,14.269120,68.4866
7,100,3.1800,159,3,97,29.270660,14.400940,68.0502
7,100,3.2000,160,3,97,29.037630,14.495820,67.6098
7,100,3.2200,161,3,97,29.233770,14.588890,67.1655
7,100,3.2400,162,3,97,29.291520,14.670550,66.7173
7,100,3.2600,163,3,97,29.487710,14.764600,66.2651
7,100,3.2800,164,3,97,29.683890,14.855020,65.8090
7,100,3.3000,165,3,97,29.880080,14.947510,65.3490
7,100,3.3200,166,3,97,30.076260,15.022140,64.8851
7,100,3.3400,167,3,97,30.096390,15.108950,64.4173
7,100,3.3600,168,3,97,30.292570,15.154860,63.9455
7,100,3.3800,169,3,97,30.488740,15.248760,63.4698
7,100,3.4000,170,4,96,30.684910,15.335300,62.9902
7,100,3.4200,171,4,96,30.881080,15.394530,62.5067
7,100,3.4400,172,4,96,31.077260,15.390220,62.0192
7,100,3.4600,173,5,95,31.273430,15.419030,61.5278
7,100,3.4800,174,5,95,31.469600,15.381270,61.0325
7,100,3.5000,175,5,95,31.665780,15.486100,60.5333
7,100,3.5200,176,5,95,31.861950,15.565030,60.0301
7,100,3.5400,177,5,95,32.058130,15.634380,59.5230
7,100,3.5600,178,5,95,32.216390,14.977880,59.0120
7,100,3.5800,179,4,96,31.958410,14.636820,58.4971
7,100,3.6000,180,4,96,32.154590,14.429840,57.9782
7,100,3.6200,181,4,96,32.331970,14.478820,57.4554
7,100,3.6400,182,4,96,32.244320,14.494040,56.9287
7,100,3.6600,183,4,96,32.440510,14.331340,56.3981
7,100,3.6800,184,4,96,32.582450,14.379060,55.8635
7,100,3.7000,185,5,95,32.373810,14.343830,55.3251
7,100,3.7200,186,5,95,32.570000,14.374440,54.7827
7,100,3.7400,187,5,95,32.766200,14.410020,54.2363
7,100,3.7600,188,5,95,32.962400,14.435170,53.6861
7,100,3.7800,189,5,95,33.158600,13.882920,53.1319
7,100,3.8000,190,5,95,33.354800,13.807740,52.5738
7,100,3.8200,191,5,95,33.303390,13.751800,52.0118
7,100,3.8400,192,4,96,33.499580,13.707930,51.4459
7,100,3.8600,193,4,96,33.688450,13.708890,50.8760
7,100,3.8800,194,4,96,33.587310,13.464060,50.3022
7,100,3.9000,195,4,96,33.783500,13.185830,49.7245
7,100,3.9200,196,4,96,33.979680,13.195110,49.1428
7,100,3.9400,197,6,94,33.902570,13.269220,48.5573
7,100,3.9600,198,6,94,34.098760,13.323940,47.9678
7,100,3.9800,199,7,93,34.294950,13.324410,47.3744
7,100,4.0000,200,7,93,33.937810,13.074310,46.7770
7,100,4.0200,201,7,93,34.134000,12.854900,46.1758
7,100,4.0400,202,6,94,34.330200,12.703470,45.5706
7,100,4.0600,203,5,95,34.494980,12.715380,44.9615
7,100,4.0800,204,6,94,34.326780,12.747890,44.3484
7,100,4.1000,205,6,94,34.522950,12.690930,43.7315
7,100,4.1200,206,6,94,34.719110,12.549470,43.1106
7,100,4.1400,207,7,93,34.915280,12.517230,42.4858
7,100,4.1600,208,8,92,35.018430,12.532900,41.8571
7,100,4.1800,209,8,92,35.214620,12.572060,41.2244
7,100,4.2000,210,8,92,35.410810,12.280110,40.5878
7,100,4.2200,211,8,92,35.361050,11.904910,39.9474
7,100,4.2400,212,8,92,35.557250,11.668400,39.3029
7,100,4.2600,213,8,92,35.520470,11.546540,38.6546
7,100,4.2800,214,8,92,35.716660,11.448350,38.0023
7,100,4.3000,215,8,92,35.729700,11.249430,37.3461
7,100,4.3200,216,8,92,35.586480,11.172110,36.6860
7,100,4.3400,217,8,92,35.782670,11.161280,36.0219
7,100,4.3600,218,7,93,35.978870,11.191630,35.3540
7,100,4.3800,219,7,93,36.120040,11.173360,34.6821
7,100,4.4000,220,7,93,35.965550,11.109140,34.0063
7,100,4.4200,221,8,92,36.161750,11.112500,33.3265
7,100,4.4400,222,8,92,36.357950,10.964260,32.6429
7,100,4.4600,223,8,92,36.554150,10.878640,31.9553
7,100,4.4800,224,9,91,36.690250,10.847530,31.2638
7,100,4.5000,225,9,91,36.716210,10.846360,30.5683
7,100,4.5200,226,9,91,36.898680,10.416910,29.8690
7,100,4.5400,227,9,91,37.094880,10.076580,29.1657
7,100,4.5600,228,10,90,37.291070,9.936228,28.4585
7,100,4.5800,229,10,90,36.968120,9.815127,27.7473
7,100,4.6000,230,11,89,37.164320,9.621738,27.0323
7,100,4.6200,231,11,89,37.360520,9.484212,26.3133
7,100,4.6400,232,11,89,37.556720,9.459558,25.5904
7,100,4.6600,233,11,89,37.752920,9.460567,24.8636
7,100,4.6800,234,11,89,37.937790,9.265973,24.1328
7,100,4.7000,235,11,89,37.951050,9.104183,23.3981
7,100,4.7200,236,11,89,38.147250,8.988777,22.6595
7,100,4.7400,237,11,89,38.337630,8.675189,21.9170
7,100,4.7600,238,11,89,38.417090,8.301205,21.1706
7,100,4.7800,239,12,88,38.582870,8.099419,20.4202
7,100,4.8000,240,12,88,38.687440,8.046430,19.6659
7,100,4.8200,241,12,88,38.756900,7.771951,18.9077
7,100,4.8400,242,15,85,38.953100,7.585281,18.1455
7,100,4.8600,243,15,85,39.046510,7.392790,17.3794
7,100,4.8800,244,17,83,39.108470,7.345911,16.6095
7,100,4.9000,245,17,83,39.181330,7.281861,15.8355
7,100,4.9200,246,17,83,39.377530,7.269158,15.0577
7,100,4.9400,247,18,82,39.462080,6.977252,14.2759
7,100,4.9600,248,17,83,39.658280,6.703547,13.4902
7,100,4.9800,249,17,83,39.741090,6.442233,12.7006
7,100,5.0000,250,17,83,39.937290,6.337963,11.9071
7,100,5.0200,251,17,83,40.002930,6.184228,11.1096
7,100,5.0400,252,16,84,40.134910,5.770895,10.3082
7,100,5.0600,253,14,86,40.287450,5.445964,9.5029
7,100,5.0800,254,14,86,40.465780,5.273731,8.6937
7,100,5.1000,255,13,87,40.661960,4.966409,7.8805
7,100,5.1200,256,13,87,40.858140,4.856596,7.0635
7,100,5.1400,257,12,88,33.642040,4.684859,6.4214
7,100,5.1600,258,12,88,33.240810,4.544221,5.7884
7,100,5.1800,259,11,89,33.540570,4.420444,5.1523
7,100,5.2000,260,12,88,33.856730,4.244521,4.5168
7,100,5.2200,261,11,89,34.049460,4.016096,3.8739
7,100,5.2400,262,11,89,31.274920,3.758498,3.3422
7,100,5.2600,263,11,89,32.012190,3.469219,2.8775
7,100,5.2800,264,11,89,32.156780,3.374155,2.4036
7,100,5.3000,265,11,89,32.301930,3.134321,2.3287
7,100,5.3200,266,11,89,26.701450,2.952806,2.3818
7,100,5.3400,267,11,89,28.165730,2.882214,2.4193
7,100,5.3600,268,12,88,16.213520,2.647038,2.4529
7,100,5.3800,269,12,88,16.314070,2.605078,2.4826
7,100,5.4000,270,12,88,10.733300,2.497407,2.5083
7,100,5.4200,271,13,87,10.082790,2.422599,2.5301
7,100,5.4400,272,14,86,9.999331,2.306609,2.5480
7,100,5.4600,273,14,86,9.919054,2.208771,2.5620
7,100,5.4800,274,14,86,9.889207,2.157572,2.5721
7,100,5.5000,275,14,86,9.914642,2.099736,2.5782
7,100,5.5200,276,14,86,10.015130,2.065638,2.5804
7,100,5.5400,277,15,85,10.118420,2.033022,2.5787
7,100,5.5600,278,13,87,10.224440,1.936476,2.5730
7,100,5.5800,279,13,87,10.333090,1.891671,2.5634
7,100,5.6000,280,13,87,10.093450,1.860312,2.5500
7,100,5.6200,281,13,87,10.139950,1.820305,2.5325
7,100,5.6400,282,13,87,10.150260,1.777303,2.5535
7,100,5.6600,283,13,87,10.199420,1.779089,2.5710
7,100,5.6800,284,14,86,10.252100,1.768988,2.5846
7,100,5.7000,285,15,85,10.308240,1.685688,2.6444
7,100,5.7200,286,15,85,10.367800,1.651776,2.6942
7,100,5.7400,287,15,85,10.430700,1.624275,2.7395
7,100,5.7600,288,16,84,10.496900,1.525544,2.7808
7,100,5.7800,289,17,83,10.566320,1.511848,2.8182
7,100,5.8000,290,16,84,10.638910,1.495732,2.8517
7,100,5.8200,291,15,85,10.714600,1.432762,2.8812
7,100,5.8400,292,15,85,10.793330,1.388728,2.9068
7,100,5.8600,293,18,82,10.875030,1.370799,2.9285
7,100,5.8800,294,19,81,10.959630,1.362329,2.9462
7,100,5.9000,295,19,81,10.119860,1.328841,2.9601
7,100,5.9200,296,20,80,10.166560,1.316355,2.9700
7,100,5.9400,297,20,80,10.216800,1.297665,2.9760
7,100,5.9600,298,19,81,9.215302,1.255739,2.9780
7,100,5.9800,299,19,81,9.261147,1.212298,2.9762
7,100,6.0000,300,21,79,9.310902,1.177800,2.9704
7,100,6.0200,301,21,79,9.364503,1.157503,2.9607
7,100,6.0400,302,22,78,9.421885,1.125251,2.9470
7,100,6.0600,303,21,79,9.482981,1.067441,2.9295
7,100,6.0800,304,21,79,9.553776,1.053225,2.9080
7,100,6.1000,305,21,79,9.665692,1.026761,2.8826
7,100,6.1200,306,22,78,9.780265,1.031941,2.8533
7,100,6.1400,307,24,76,9.897400,1.030045,2.8200
7,100,6.1600,308,26,74,9.841584,0.972887,2.7828
7,100,6.1800,309,26,74,9.923392,0.947851,2.7417
7,100,6.2000,310,27,73,10.008380,0.943409,2.6967
7,100,6.2200,311,30,70,10.096460,0.949527,2.6478
7,100,6.2400,312,31,69,10.187560,0.963095,2.5949
7,100,6.2600,313,30,70,10.281600,0.980556,2.5381
7,100,6.2800,314,30,70,10.378500,0.974641,2.4774
7,100,6.3000,315,30,70,10.478170,0.925333,2.4127
7,100,6.3200,316,32,68,10.580550,0.915591,2.3441
7,100,6.3400,317,35,65,7.247705,0.871584,2.2717
7,100,6.3600,318,36,64,7.254025,0.875747,2.1952
7,100,6.3800,319,35,65,7.265638,0.887121,2.1149
7,100,6.4000,320,35,65,7.282521,0.892933,2.0306
7,100,6.4200,321,33,67,7.304637,0.825075,1.9424
7,100,6.4400,322,33,67,7.234568,0.785426,1.8503
7,100,6.4600,323,33,67,7.276677,0.781269,1.8352
7,100,6.4800,324,35,65,7.323801,0.786386,1.8275
7,100,6.5000,325,35,65,7.375845,0.772899,1.8185
7,100,6.5200,326,36,64,7.432705,0.773198,1.8083
7,100,6.5400,327,35,65,7.494272,0.757357,1.7967
7,100,6.5600,328,35,65,7.560430,0.750813,1.7836
7,100,6.5800,329,36,64,7.631061,0.746290,1.7688
7,100,6.6000,330,37,63,7.714812,0.729926,1.7521
7,100,6.6200,331,39,61,7.872738,0.737474,1.7334
7,100,6.6400,332,38,62,8.032351,0.734459,1.7125
7,100,6.6600,333,38,62,7.731411,0.649473,1.6982
7,100,6.6800,334,36,64,6.956977,0.586876,1.6923
7,100,6.7000,335,38,62,6.996032,0.574816,1.6884
7,100,6.7200,336,38,62,7.040339,0.571113,1.6830
7,100,6.7400,337,39,61,7.089802,0.563057,1.6757
7,100,6.7600,338,40,60,6.498360,0.548057,1.6664
7,100,6.7800,339,41,59,6.543618,0.530039,1.6578
7,100,6.8000,340,42,58,6.594405,0.520311,1.6583
7,100,6.8200,341,42,58,6.650594,0.498392,1.6580
7,100,6.8400,342,42,58,5.964097,0.463483,1.6574
7,100,6.8600,343,42,58,6.017961,0.451760,1.6565
7,100,6.8800,344,43,57,6.077683,0.440126,1.6558
7,100,6.9000,345,43,57,6.143095,0.442662,1.6554
7,100,6.9200,346,44,56,6.214015,0.430473,1.6550
7,100,6.9400,347,44,56,6.290257,0.431541,1.6546
7,100,6.9600,348,44,56,6.371630,0.434220,1.6542
7,100,6.9800,349,44,56,6.457941,0.420171,1.6539
7,100,7.0000,350,44,56,6.548994,0.375122,1.6538
7,100,7.0200,351,44,56,6.644594,0.373657,1.6538
7,100,7.0400,352,46,54,6.744548,0.364148,1.6537
7,100,7.0600,353,46,54,6.845334,0.363217,1.6538
7,100,7.0800,354,47,53,4.724699,0.329910,1.6540
7,100,7.1000,355,47,53,4.722347,0.332299,1.6540
7,100,7.1200,356,47,53,4.760805,0.336348,1.6541
7,100,7.1400,357,48,52,4.826946,0.339427,1.6542
7,100,7.1600,358,49,51,4.900055,0.344338,1.6542
7,100,7.1800,359,48,52,4.979826,0.348891,1.6543
7,100,7.2000,360,48,52,4.831594,0.327144,1.6543
7,100,7.2200,361,48,52,4.876886,0.324413,1.6544
7,100,7.2400,362,49,51,4.929576,0.322597,1.6545
7,100,7.2600,363,49,51,4.989430,0.324443,1.6546
7,100,7.2800,364,49,51,5.056193,0.329201,1.6546
7,100,7.3000,365,58,42,5.129597,0.293681,1.6546
7,100,7.3200,366,60,40,5.209359,0.291375,1.6546
7,100,7.3400,367,60,40,5.295193,0.292811,1.6545
7,100,7.3600,368,60,40,5.386808,0.280762,1.6544
7,100,7.3800,369,61,39,5.483915,0.266215,1.6543
7,100,7.4000,370,61,39,5.586228,0.261902,1.6542
7,100,7.4200,371,61,39,5.423925,0.242393,1.6542
7,100,7.4400,372,65,35,5.539391,0.238803,1.6541
7,100,7.4600,373,71,29,5.659303,0.214376,1.6541
7,100,7.4800,374,72,28,5.783388,0.212105,1.6541
7,100,7.5000,375,72,28,3.177455,0.162737,1.6541
7,100,7.5200,376,72,28,3.150803,0.159891,1.6541
7,100,7.5400,377,72,28,3.136221,0.143624,1.6541
7,100,7.5600,378,73,27,3.133878,0.133795,1.6541
7,100,7.5800,379,73,27,3.143803,0.130779,1.6541
7,100,7.6000,380,73,27,3.165878,0.122989,1.6541
7,100,7.6200,381,73,27,3.199854,0.116257,1.6541
7,100,7.6400,382,75,25,3.245356,0.111472,1.6541
7,100,7.6600,383,76,24,3.301907,0.107390,1.6541
7,100,7.6800,384,80,20,3.368952,0.101961,1.6541
7,100,7.7000,385,81,19,3.445877,0.101428,1.6541
7,100,7.7200,386,82,18,2.316594,0.090626,1.6541
7,100,7.7400,387,82,18,2.216274,0.092666,1.6541
7,100,7.7600,388,86,14,2.129347,0.095476,1.6541
7,100,7.7800,389,86,14,2.139663,0.099076,1.6541
7,100,7.8000,390,86,14,2.168405,0.102097,1.6541
7,100,7.8200,391,88,12,2.207050,0.099785,1.6541
7,100,7.8400,392,88,12,2.254206,0.099013,1.6541
7,100,7.8600,393,89,11,2.311300,0.103036,1.6541
7,100,7.8800,394,89,11,2.376678,0.106891,1.6541
7,100,7.9000,395,89,11,2.450982,0.110618,1.6541
7,100,7.9200,396,89,11,2.533956,0.108007,1.6541
7,100,7.9400,397,89,11,2.460668,0.100388,1.6541
7,100,7.9600,398,90,10,2.234053,0.092617,1.6541
7,100,7.9800,399,90,10,2.336689,0.095248,1.6541
7,100,8.0000,400,90,10,2.406275,0.094268,1.6541
7,100,8.0200,401,90,10,2.393137,0.094756,1.6541
7,100,8.0400,402,91,9,2.421808,0.096691,1.6541
7,100,8.0600,403,92,8,2.491639,0.099521,1.6541
7,100,8.0800,404,92,8,2.587091,0.103085,1.6541
7,100,8.1000,405,92,8,2.684492,0.106968,1.6541
7,100,8.1200,406,92,8,2.577884,0.109230,1.6541
7,100,8.1400,407,92,8,1.736926,0.093679,1.6541
7,100,8.1600,408,92,8,1.812717,0.079129,1.6541
7,100,8.1800,409,92,8,1.896035,0.067654,1.6541
7,100,8.2000,410,92,8,1.982946,0.059432,1.6541
7,100,8.2200,411,92,8,2.076720,0.051821,1.6541
7,100,8.2400,412,92,8,2.176411,0.051296,1.6541
7,100,8.2600,413,92,8,2.069044,0.048423,1.6541
7,100,8.2800,414,92,8,1.646486,0.041506,1.6541
7,100,8.3000,415,92,8,1.659459,0.039231,1.6541
7,100,8.3200,416,92,8,1.744809,0.040523,1.6541
7,100,8.3400,417,92,8,1.809736,0.043631,1.6541
7,100,8.3600,418,92,8,1.875267,0.048278,1.6541
7,100,8.3800,419,92,8,1.703165,0.052204,1.6541
7,100,8.4000,420,92,8,1.591352,0.050479,1.6541
7,100,8.4200,421,92,8,1.004883,0.040864,1.6541
7,100,8.4400,422,92,8,1.103469,0.039442,1.6541
7,100,8.4600,423,92,8,0.872561,0.031269,1.6541
7,100,8.4800,424,92,8,0.854324,0.024805,1.6541
7,100,8.5000,425,92,8,0.824463,0.022592,1.6541
7,100,8.5200,426,93,7,0.761607,0.023367,1.6541
7,100,8.5400,427,93,7,0.841269,0.024549,1.6541
7,100,8.5600,428,93,7,0.930814,0.025311,1.6541
7,100,8.5800,429,93,7,1.013536,0.023943,1.6541
7,100,8.6000,430,93,7,1.097638,0.016829,1.6541
7,100,8.6200,431,93,7,1.189510,0.014480,1.6541
7,100,8.6400,432,93,7,1.284075,0.014142,1.6541
7,100,8.6600,433,93,7,1.263491,0.015418,1.6541
7,100,8.6800,434,93,7,0.340031,0.006510,1.6541
7,100,8.7000,435,93,7,0.322992,0.005366,1.6541
7,100,8.7200,436,93,7,0.407922,0.005082,1.6541
7,100,8.7400,437,93,7,0.495341,0.005144,1.6541
7,100,8.7600,438,93,7,0.583473,0.006988,1.6541
7,100,8.7800,439,94,6,0.674020,0.008897,1.6541
7,100,8.8000,440,95,5,0.766874,0.009742,1.6541
7,100,8.8200,441,95,5,0.861497,0.009188,1.6541
7,100,8.8400,442,96,4,0.960008,0.009682,1.6541
7,100,8.8600,443,96,4,0.856441,0.008758,1.6541
7,100,8.8800,444,96,4,0.479994,0.004893,1.6541
7,100,8.9000,445,96,4,0.325800,0.003275,1.6541
7,100,8.9200,446,96,4,0.222314,0.002238,1.6541
7,100,8.9400,447,96,4,0.119895,0.001210,1.6541
7,100,8.9600,448,96,4,0.018447,0.000189,1.6541
7,100,8.9800,449,97,3,0.082594,0.000827,1.6541
7,100,9.0000,450,97,3,0.183902,0.001840,1.6541
7,100,9.0200,451,98,2,0.285628,0.002857,1.6541
7,100,9.0400,452,99,1,0.388625,0.003886,1.6541
7,100,9.0600,453,99,1,0.143762,0.001438,1.6541
7,100,9.0800,454,99,1,0.014637,0.000146,1.6541
7,100,9.1000,455,99,1,0.022456,0.000225,1.6541
7,100,9.1200,456,99,1,0.012162,0.000122,1.6541
7,100,9.1400,457,99,1,0.003343,0.000033,1.6541
7,100,9.1600,458,99,1,0.001496,0.000015,1.6541
7,100,9.1800,459,99,1,0.001428,0.000014,1.6541
7,100,9.2000,460,99,1,0.000471,0.000005,1.6541
7,100,9.2200,461,99,1,0.000061,0.000001,1.6541
7,100,9.2400,462,99,1,0.000090,0.000001,1.6541
7,100,9.2600,463,99,1,0.000063,0.000001,1.6541
7,100,9.2800,464,99,1,0.000043,0.000000,1.6541
7,100,9.3000,465,99,1,0.000034,0.000000,1.6541
7,100,9.3200,466,99,1,0.000036,0.000000,1.6541
7,100,9.3400,467,99,1,0.000033,0.000000,1.6541
7,100,9.3600,468,99,1,0.000031,0.000000,1.6541
7,100,9.3800,469,99,1,0.000022,0.000000,1.6541
7,100,9.4000,470,99,1,0.000025,0.000000,1.6541
7,100,9.4200,471,99,1,0.000030,0.000000,1.6541
7,100,9.4400,472,99,1,0.000032,0.000000,1.6541
7,100,9.4600,473,99,1,0.000033,0.000000,1.6541
7,100,9.4800,474,100,0,0.000000,0.000000,1.6541
8,100,0.0200,1,0,100,0.000000,0.000000,99.5000
8,100,0.0400,2,0,100,0.196200,0.190713,99.4961
8,100,0.0600,3,0,100,0.392422,0.377407,99.4882
8,100,0.0800,4,0,100,0.588613,0.560091,99.4765
8,100,0.1000,5,0,100,0.784802,0.738739,99.4608
8,100,0.1200,6,0,100,0.981000,0.913330,99.4411
8,100,0.1400,7,0,100,1.177199,1.083849,99.4176
8,100,0.1600,8,0,100,1.373399,1.250283,99.3901
8,100,0.1800,9,0,100,1.569599,1.412622,99.3587
8,100,0.2000,10,0,100,1.765799,1.570876,99.3234
8,100,0.2200,11,0,100,1.961999,1.725020,99.2842
8,100,0.2400,12,0,100,2.158199,1.878818,99.2410
8,100,0.2600,13,0,100,2.354399,2.027392,99.1939
8,100,0.2800,14,0,100,2.550599,2.171926,99.1429
8,100,0.3000,15,0,100,2.746799,2.312507,99.0880
8,100,0.3200,16,0,100,2.942999,2.449144,99.0291
8,100,0.3400,17,0,100,3.139199,2.581860,98.9663
8,100,0.3600,18,0,100,3.335398,2.710628,98.8996
8,100,0.3800,19,0,100,3.531598,2.835510,98.8290
8,100,0.4000,20,0,100,3.727798,2.956444,98.7544
8,100,0.4200,21,0,100,3.923998,3.073475,98.6760
8,100,0.4400,22,0,100,4.120221,3.186649,98.5935
8,100,0.4600,23,0,100,4.316380,3.295891,98.5072
8,100,0.4800,24,0,100,4.512550,3.401255,98.4170
8,100,0.5000,25,0,100,4.708721,3.502713,98.3228
8,100,0.5200,26,0,100,4.904826,3.600226,98.2247
8,100,0.5400,27,0,100,5.100816,3.693847,98.1227
8,100,0.5600,28,0,100,5.296741,3.783620,98.0167
8,100,0.5800,29,0,100,5.492307,3.869437,97.9069
8,100,0.6000,30,0,100,5.687376,3.951274,97.7931
8,100,0.6200,31,0,100,5.881605,4.029276,97.6755
8,100,0.6400,32,0,100,6.074477,4.103375,97.5540
8,100,0.6600,33,0,100,6.265399,4.173639,97.4287
8,100,0.6800,34,0,100,6.453607,4.273263,97.2996
8,100,0.7000,35,0,100,6.638196,4.333724,97.1668
8,100,0.7200,36,0,100,6.817843,4.408816,97.0305
8,100,0.7400,37,0,100,6.991267,4.456140,96.8906
8,100,0.7600,38,0,100,7.157086,4.540011,96.7474
8,100,0.7800,39,0,100,7.313811,4.586068,96.6011
8,100,0.8000,40,0,100,7.460191,4.644470,96.4519
8,100,0.8200,41,0,100,7.594805,4.685470,96.2999
8,100,0.8400,42,0,100,7.716463,4.732578,96.1456
8,100,0.8600,43,0,100,7.824320,4.797591,95.9890
8,100,0.8800,44,0,100,7.918105,4.824481,95.8306
8,100,0.9000,45,0,100,7.997550,4.888670,95.6706
8,100,0.9200,46,0,100,8.062821,4.917078,95.5093
8,100,0.9400,47,0,100,8.114555,4.966702,95.3469
8,100,0.9600,48,0,100,8.153596,5.006758,95.1838
8,100,0.9800,49,0,100,8.181371,5.067883,95.0202
8,100,1.0000,50,0,100,8.198928,5.109806,94.8561
8,100,1.0200,51,0,100,8.208200,5.232486,94.6920
8,100,1.0400,52,0,100,8.210960,5.289533,94.5277
8,100,1.0600,53,0,100,8.208028,5.384898,94.3635
8,100,1.0800,54,0,100,8.200201,5.443851,94.1995
8,100,1.1000,55,0,100,8.910469,5.552773,94.0358
8,100,1.1200,56,0,100,10.535190,5.781746,93.8725
8,100,1.1400,57,0,100,11.405860,5.948131,93.7099
8,100,1.1600,58,0,100,11.973080,6.184379,93.5483
8,100,1.1800,59,0,100,12.138010,6.463739,93.3881
8,100,1.2000,60,0,100,12.206950,6.656479,93.2298
8,100,1.2200,61,0,100,12.693460,6.887362,93.0738
8,100,1.2400,62,0,100,13.355310,7.095707,92.9204
8,100,1.2600,63,0,100,13.438170,7.295392,92.7698
8,100,1.2800,64,0,100,13.523380,7.492454,92.6222
8,100,1.3000,65,0,100,13.650380,7.667621,92.4775
8,100,1.3200,66,0,100,13.835880,7.820681,92.3358
8,100,1.3400,67,0,100,14.021660,7.946806,92.1969
8,100,1.3600,68,0,100,14.207720,8.109980,92.0604
8,100,1.3800,69,0,100,14.394050,8.266273,91.9262
8,100,1.4000,70,0,100,14.580640,8.425809,91.7938
8,100,1.4200,71,0,100,14.767480,8.538178,91.6627
8,100,1.4400,72,0,100,14.682050,8.716866,91.5326
8,100,1.4600,73,0,100,14.871450,8.882099,91.4034
8,100,1.4800,74,0,100,15.049540,9.048930,91.2749
8,100,1.5000,75,0,100,15.234640,9.216615,91.1464
8,100,1.5200,76,0,100,15.424490,9.381430,91.0183
8,100,1.5400,77,0,100,15.614490,9.545585,90.8909
8,100,1.5600,78,0,100,15.804650,9.714063,90.7640
8,100,1.5800,79,0,100,15.994950,9.884575,90.6373
8,100,1.6000,80,0,100,16.185390,10.055910,90.5102
8,100,1.6200,81,0,100,16.375970,10.228120,90.3822
8,100,1.6400,82,0,100,16.566680,10.395540,90.2526
8,100,1.6600,83,0,100,16.757510,10.570560,90.1205
8,100,1.6800,84,0,100,16.948470,10.745810,89.9852
8,100,1.7000,85,0,100,17.139550,10.921650,89.8466
8,100,1.7200,86,0,100,17.330740,11.098290,89.7046
8,100,1.7400,87,0,100,17.522040,11.271700,89.5588
8,100,1.7600,88,0,100,17.713450,11.449730,89.4090
8,100,1.7800,89,0,100,17.904960,11.629120,89.2553
8,100,1.8000,90,0,100,18.096580,11.807970,89.0976
8,100,1.8200,91,0,100,18.288290,11.988040,88.9360
8,100,1.8400,92,0,100,18.043470,12.170000,88.7705
8,100,1.8600,93,0,100,18.185180,12.351150,88.6011
8,100,1.8800,94,0,100,17.865560,12.534140,88.4277
8,100,1.9000,95,0,100,18.055080,12.631950,88.2505
8,100,1.9200,96,0,100,18.244740,12.812900,88.0693
8,100,1.9400,97,1,99,18.434530,12.994830,87.8841
8,100,1.9600,98,1,99,18.624460,13.176700,87.6951
8,100,1.9800,99,1,99,18.814520,13.358170,87.5021
8,100,2.0000,100,1,99,19.005020,13.500700,87.3052
8,100,2.0200,101,1,99,19.196120,13.681740,87.1044
8,100,2.0400,102,1,99,19.387320,13.863330,86.8997
8,100,2.0600,103,1,99,19.578620,14.045750,86.6910
8,100,2.0800,104,0,100,19.770010,14.069890,86.4784
8,100,2.1000,105,0,100,19.961500,14.246190,86.2619
8,100,2.1200,106,0,100,20.153080,14.422540,86.0414
8,100,2.1400,107,0,100,20.344750,14.601920,85.8171
8,100,2.1600,108,0,100,20.536500,14.782090,85.5888
8,100,2.1800,109,0,100,20.728340,14.962180,85.3566
8,100,2.2000,110,0,100,20.920260,15.141450,85.1204
8,100,2.2200,111,0,100,20.825060,14.976330,84.8804
8,100,2.2400,112,0,100,21.016560,15.094480,84.6364
8,100,2.2600,113,0,100,21.208140,15.152210,84.3885
8,100,2.2800,114,0,100,21.399800,15.062690,84.1366
8,100,2.3000,115,0,100,21.591550,15.007290,83.8809
8,100,2.3200,116,0,100,21.783370,15.021080,83.6212
8,100,2.3400,117,0,100,21.975280,14.891390,83.3576
8,100,2.3600,118,0,100,22.167250,14.854450,83.0901
8,100,2.3800,119,0,100,22.359300,14.895970,82.8186
8,100,2.4000,120,0,100,22.551430,14.740430,82.5432
8,100,2.4200,121,0,100,22.743620,14.837180,82.2639
8,100,2.4400,122,0,100,22.935880,14.908660,81.9807
8,100,2.4600,123,0,100,23.128200,14.999460,81.6936
8,100,2.4800,124,0,100,23.320590,14.999650,81.4025
8,100,2.5000,125,0,100,23.513050,15.143660,81.1075
8,100,2.5200,126,0,100,23.705560,15.286120,80.8086
8,100,2.5400,127,0,100,23.898140,15.210520,80.5057
8,100,2.5600,128,0,100,24.090770,15.247150,80.1989
8,100,2.5800,129,0,100,24.283460,15.357270,79.8882
8,100,2.6000,130,0,100,24.476210,15.415360,79.5736
8,100,2.6200,131,0,100,24.669010,15.550950,79.2551
8,100,2.6400,132,0,100,24.861860,15.692440,78.9326
8,100,2.6600,133,0,100,25.054770,15.824230,78.6062
8,100,2.6800,134,0,100,25.247720,15.880640,78.2759
8,100,2.7000,135,0,100,25.440730,16.000450,77.9417
8,100,2.7200,136,0,100,25.633780,16.048320,77.6035
8,100,2.7400,137,0,100,25.826890,16.186350,77.2614
8,100,2.7600,138,0,100,26.020030,16.315670,76.9154
8,100,2.7800,139,0,100,26.213230,16.465640,76.5655
8,100,2.8000,140,1,99,26.406470,16.591720,76.2116
8,100,2.8200,141,0,100,26.599750,16.515290,75.8539
8,100,2.8400,142,0,100,26.793070,16.460600,75.4922
8,100,2.8600,143,0,100,26.986430,16.407950,75.1265
8,100,2.8800,144,0,100,27.179840,16.544730,74.7570
8,100,2.9000,145,0,100,27.373290,16.606780,74.3835
8,100,2.9200,146,0,100,27.566770,16.725000,74.0061
8,100,2.9400,147,0,100,27.760290,16.684590,73.6248
8,100,2.9600,148,0,100,27.953850,16.772910,73.2395
8,100,2.9800,149,0,100,28.147450,16.886860,72.8503
8,100,3.0000,150,0,100,28.341080,17.015270,72.4572
8,100,3.0200,151,0,100,28.534750,16.932360,72.0602
8,100,3.0400,152,0,100,28.728450,17.048570,71.6593
8,100,3.0600,153,0,100,28.922190,17.169810,71.2544
8,100,3.0800,154,0,100,29.115960,17.289580,70.8456
8,100,3.1000,155,0,100,29.309760,17.418650,70.4329
8,100,3.1200,156,0,100,29.503590,17.494190,70.0163
8,100,3.1400,157,0,100,29.697450,17.603800,69.5957
8,100,3.1600,158,0,100,29.891350,17.717140,69.1712
8,100,3.1800,159,0,100,30.085270,17.855310,68.7428
8,100,3.2000,160,0,100,30.279220,17.796660,68.3105
8,100,3.2200,161,1,99,30.473210,17.647940,67.8742
8,100,3.2400,162,1,99,30.667220,17.474950,67.4340
8,100,3.2600,163,1,99,30.861250,17.435900,66.9899
8,100,3.2800,164,1,99,31.055320,16.862100,66.5419
8,100,3.3000,165,1,99,30.946180,16.686860,66.0899
8,100,3.3200,166,1,99,31.141630,16.336820,65.6340
8,100,3.3400,167,1,99,31.337080,16.201710,65.1742
8,100,3.3600,168,1,99,31.532540,16.196110,64.7105
8,100,3.3800,169,1,99,31.728010,16.163900,64.2428
8,100,3.4000,170,1,99,31.923490,16.104180,63.7713
8,100,3.4200,171,1,99,32.118980,15.390360,63.2958
8,100,3.4400,172,3,97,32.314480,14.889540,62.8163
8,100,3.4600,173,3,97,32.509990,14.709970,62.3330
8,100,3.4800,174,3,97,32.411500,14.604510,61.8457
8,100,3.5000,175,3,97,32.606130,14.275850,61.3545
8,100,3.5200,176,3,97,32.800780,14.235650,60.8594
8,100,3.5400,177,3,97,32.995450,14.202720,60.3604
8,100,3.5600,178,3,97,33.190130,14.157000,59.8574
8,100,3.5800,179,3,97,32.447690,13.939620,59.3505
8,100,3.6000,180,3,97,32.642490,13.920360,58.8397
8,100,3.6200,181,6,94,32.837300,13.981200,58.3249
8,100,3.6400,182,6,94,32.756550,13.863120,57.8063
8,100,3.6600,183,6,94,32.868710,13.891470,57.2837
8,100,3.6800,184,6,94,32.816190,13.918130,56.7572
8,100,3.7000,185,6,94,33.012330,13.909590,56.2267
8,100,3.7200,186,7,93,33.208470,13.655540,55.6924
8,100,3.7400,187,7,93,33.404610,13.491670,55.1541
8,100,3.7600,188,4,96,33.600750,13.368550,54.6119
8,100,3.7800,189,4,96,33.796890,13.391000,54.0657
8,100,3.8000,190,4,96,33.947320,13.217260,53.5157
8,100,3.8200,191,4,96,34.143230,13.036250,52.9617
8,100,3.8400,192,4,96,34.339140,12.853930,52.4038
8,100,3.8600,193,4,96,34.535060,12.720050,51.8420
8,100,3.8800,194,4,96,34.730970,12.697780,51.2762
8,100,3.9000,195,4,96,34.075410,12.475050,50.7065
8,100,3.9200,196,4,96,34.271060,12.464430,50.1329
8,100,3.9400,197,4,96,34.466710,12.513620,49.5554
8,100,3.9600,198,4,96,34.662360,12.569180,48.9740
8,100,3.9800,199,5,95,34.649790,12.344040,48.3886
8,100,4.0000,200,5,95,34.561150,12.293310,47.7993
8,100,4.0200,201,5,95,34.757220,12.073820,47.2061
8,100,4.0400,202,6,94,34.953290,12.139870,46.6089
8,100,4.0600,203,8,92,34.602790,11.803210,46.0079
8,100,4.0800,204,8,92,34.798970,11.849990,45.4029
8,100,4.1000,205,8,92,34.995140,11.897290,44.7940
8,100,4.1200,206,8,92,35.191310,11.788240,44.1811
8,100,4.1400,207,10,90,35.184910,11.779560,43.5644
8,100,4.1600,208,8,92,35.381090,11.628060,42.9437
8,100,4.1800,209,9,91,35.564590,11.423650,42.3191
8,100,4.2000,210,11,89,35.573570,11.443820,41.6905
8,100,4.2200,211,9,91,35.769760,10.944960,41.0581
8,100,4.2400,212,9,91,35.965970,11.036830,40.4217
8,100,4.2600,213,9,91,35.293480,11.081910,39.7814
8,100,4.2800,214,9,91,35.489670,10.917170,39.1371
8,100,4.3000,215,10,90,35.685850,10.915780,38.4890
8,100,4.3200,216,10,90,35.882040,10.769740,37.8369
8,100,4.3400,217,10,90,36.078230,10.786250,37.1809
8,100,4.3600,218,11,89,35.978530,10.563640,36.5210
8,100,4.3800,219,11,89,35.868210,10.423250,35.8571
8,100,4.4000,220,11,89,36.064400,10.349800,35.1893
8,100,4.4200,221,11,89,36.249830,10.259330,34.5176
8,100,4.4400,222,11,89,36.171960,10.222190,33.8420
8,100,4.4600,223,11,89,36.368150,10.190340,33.1625
8,100,4.4800,224,11,89,36.292130,9.912764,32.4790
8,100,4.5000,225,10,90,36.488320,9.857750,31.7916
8,100,4.5200,226,11,89,36.684510,9.774061,31.1003
8,100,4.5400,227,11,89,36.880700,9.722028,30.4050
8,100,4.5600,228,11,89,37.021760,9.587724,29.7058
8,100,4.5800,229,12,88,36.916290,9.363808,29.0028
8,100,4.6000,230,13,87,37.112490,9.280544,28.2957
8,100,4.6200,231,13,87,37.308690,9.102375,27.5848
8,100,4.6400,232,12,88,37.387260,9.046559,26.8699
8,100,4.6600,233,12,88,37.357090,8.925975,26.1511
8,100,4.6800,234,12,88,37.553290,8.944415,25.4284
8,100,4.7000,235,12,88,37.749480,8.560856,24.7018
8,100,4.7200,236,13,87,37.857070,8.386905,23.9712
8,100,4.7400,237,14,86,38.053260,8.373995,23.2368
8,100,4.7600,238,13,87,38.036110,8.170260,22.4983
8,100,4.7800,239,14,86,38.232310,8.060158,21.7560
8,100,4.8000,240,15,85,38.391170,7.828297,21.0098
8,100,4.8200,241,14,86,38.496080,7.584189,20.2596
8,100,4.8400,242,14,86,38.687710,7.454226,19.5055
8,100,4.8600,243,14,86,38.727990,7.309721,18.7474
8,100,4.8800,244,14,86,38.856610,7.025103,17.9855
8,100,4.9000,245,14,86,38.849580,6.527958,17.2196
8,100,4.9200,246,13,87,39.045780,6.481107,16.4498
8,100,4.9400,247,13,87,39.198880,6.321482,15.6761
8,100,4.9600,248,14,86,39.203510,6.266596,14.8984
8,100,4.9800,249,14,86,39.399700,6.117630,14.1169
8,100,5.0000,250,14,86,39.595900,6.027250,13.3314
8,100,5.0200,251,14,86,39.718990,5.858423,12.5419
8,100,5.0400,252,14,86,39.915190,5.689553,11.7486
8,100,5.0600,253,14,86,39.913490,5.491462,10.9513
8,100,5.0800,254,15,85,40.109690,5.254420,10.1501
8,100,5.1000,255,16,84,40.294160,4.830962,9.3450
8,100,5.1200,256,16,84,40.454120,4.536739,8.5360
8,100,5.1400,257,17,83,40.650310,4.215715,8.1459
8,100,5.1600,258,17,83,40.846500,3.885084,8.1893
8,100,5.1800,259,16,84,26.375800,3.659602,8.2287
8,100,5.2000,260,15,85,26.838350,3.551580,8.2642
8,100,5.2200,261,16,84,27.008810,3.495428,8.2958
8,100,5.2400,262,16,84,27.179610,3.419011,8.3235
8,100,5.2600,263,16,84,27.350750,3.362844,8.3472
8,100,5.2800,264,16,84,27.248420,3.287348,8.3670
8,100,5.3000,265,16,84,27.420840,3.136393,8.3829
8,100,5.3200,266,17,83,26.991990,3.065413,8.3949
8,100,5.3400,267,17,83,27.134420,3.007159,8.4030
8,100,5.3600,268,17,83,21.870470,2.915055,8.4071
8,100,5.3800,269,17,83,21.179060,2.849921,8.4073
8,100,5.4000,270,18,82,21.303520,2.703055,8.4036
8,100,5.4200,271,19,81,21.429060,2.485905,8.3959
8,100,5.4400,272,19,81,21.555650,2.379950,8.3843
8,100,5.4600,273,19,81,21.683280,2.373043,8.3688
8,100,5.4800,274,19,81,21.811930,2.356529,8.3494
8,100,5.5000,275,19,81,21.941570,2.278141,8.3261
8,100,5.5200,276,19,81,22.072200,2.190862,8.2988
8,100,5.5400,277,19,81,22.203800,2.097405,8.2676
8,100,5.5600,278,19,81,21.713680,2.055545,8.2325
8,100,5.5800,279,17,83,17.172290,1.874495,8.1935
8,100,5.6000,280,17,83,17.189350,1.819039,8.1505
8,100,5.6200,281,17,83,17.208640,1.745501,8.1036
8,100,5.6400,282,16,84,17.230140,1.705836,8.0528
8,100,5.6600,283,16,84,17.253840,1.675543,7.9981
8,100,5.6800,284,18,82,17.279740,1.630590,7.9394
8,100,5.7000,285,20,80,17.307830,1.574863,7.8768
8,100,5.7200,286,21,79,17.338080,1.574595,7.8103
8,100,5.7400,287,21,79,17.370500,1.575712,7.7399
8,100,5.7600,288,20,80,17.405080,1.568552,7.6655
8,100,5.7800,289,20,80,17.441790,1.560878,7.5872
8,100,5.8000,290,20,80,17.480630,1.540989,7.5050
8,100,5.8200,291,20,80,17.521580,1.513241,7.4189
8,100,5.8400,292,20,80,17.564620,1.509681,7.3289
8,100,5.8600,293,20,80,17.609750,1.466836,7.2349
8,100,5.8800,294,20,80,17.656940,1.461176,7.1370
8,100,5.9000,295,20,80,17.706170,1.428422,7.0352
8,100,5.9200,296,20,80,17.757450,1.382819,6.9294
8,100,5.9400,297,20,80,17.810730,1.391416,6.8197
8,100,5.9600,298,21,79,17.866010,1.349305,6.7062
8,100,5.9800,299,23,77,17.923270,1.285217,6.5886
8,100,6.0000,300,23,77,17.982480,1.259985,6.4672
8,100,6.0200,301,24,76,18.043640,1.250366,6.3418
8,100,6.0400,302,24,76,18.106710,1.243486,6.2125
8,100,6.0600,303,24,76,18.171690,1.240868,6.0793
8,100,6.0800,304,27,73,18.238540,1.240669,5.9422
8,100,6.1000,305,26,74,18.307250,1.200125,5.8011
8,100,6.1200,306,24,76,18.377800,1.190225,5.6561
8,100,6.1400,307,28,72,18.450170,1.195178,5.5072
8,100,6.1600,308,28,72,18.524330,1.186436,5.3544
8,100,6.1800,309,28,72,18.600260,1.177899,5.1976
8,100,6.2000,310,29,71,18.677950,1.128909,5.0369
8,100,6.2200,311,30,70,18.757370,1.128343,4.8723
8,100,6.2400,312,31,69,18.838500,1.126480,4.7038
8,100,6.2600,313,30,70,18.921310,1.088183,4.5313
8,100,6.2800,314,32,68,19.005790,1.078720,4.3550
8,100,6.3000,315,30,70,19.091910,1.062997,4.1747
8,100,6.3200,316,31,69,19.179650,1.063216,3.9904
8,100,6.3400,317,31,69,19.268990,1.007495,3.8023
8,100,6.3600,318,31,69,19.359910,1.014215,3.6102
8,100,6.3800,319,30,70,11.490100,0.928505,3.4798
8,100,6.4000,320,30,70,11.657890,0.928637,3.3823
8,100,6.4200,321,30,70,11.826550,0.873216,3.2808
8,100,6.4400,322,32,68,11.996060,0.838301,3.1755
8,100,6.4600,323,33,67,12.166360,0.825943,3.0662
8,100,6.4800,324,33,67,12.337440,0.810858,2.9529
8,100,6.5000,325,39,61,12.509250,0.809961,2.8358
8,100,6.5200,326,39,61,12.681770,0.801816,2.7147
8,100,6.5400,327,39,61,12.854970,0.798105,2.5897
8,100,6.5600,328,41,59,13.028820,0.807990,2.4608
8,100,6.5800,329,39,61,13.203300,0.816817,2.3280
8,100,6.6000,330,41,59,13.378380,0.811115,2.1912
8,100,6.6200,331,41,59,13.554040,0.814938,2.0505
8,100,6.6400,332,41,59,13.730250,0.791588,1.9059
8,100,6.6600,333,42,58,10.161580,0.668455,1.7573
8,100,6.6800,334,43,57,10.141200,0.626145,1.7274
8,100,6.7000,335,41,59,10.124580,0.577008,1.7260
8,100,6.7200,336,43,57,10.111740,0.577884,1.7222
8,100,6.7400,337,39,61,10.102700,0.568130,1.7166
8,100,6.7600,338,39,61,10.097460,0.564070,1.7086
8,100,6.7800,339,39,61,10.096030,0.556819,1.6980
8,100,6.8000,340,39,61,10.098410,0.534158,1.6845
8,100,6.8200,341,40,60,10.104610,0.529970,1.6680
8,100,6.8400,342,40,60,10.114600,0.521935,1.6485
8,100,6.8600,343,40,60,10.128390,0.517199,1.6260
8,100,6.8800,344,39,61,10.145960,0.511078,1.6003
8,100,6.9000,345,38,62,10.167280,0.495826,1.5898
8,100,6.9200,346,41,59,10.192330,0.472881,1.5880
8,100,6.9400,347,40,60,10.221090,0.463364,1.5889
8,100,6.9600,348,43,57,10.253520,0.459676,1.5874
8,100,6.9800,349,44,56,10.289600,0.462254,1.5820
8,100,7.0000,350,46,54,10.329270,0.448698,1.5741
8,100,7.0200,351,46,54,10.372510,0.388604,1.5643
8,100,7.0400,352,47,53,10.419260,0.378774,1.5577
8,100,7.0600,353,47,53,10.469470,0.363047,1.5551
8,100,7.0800,354,47,53,10.523110,0.334900,1.5527
8,100,7.1000,355,48,52,10.580120,0.339001,1.5490
8,100,7.1200,356,52,48,10.640440,0.321324,1.5440
8,100,7.1400,357,52,48,10.704010,0.314808,1.5374
8,100,7.1600,358,52,48,10.770780,0.312361,1.5295
8,100,7.1800,359,54,46,9.579659,0.286882,1.5199
8,100,7.2000,360,57,43,9.576623,0.279968,1.5085
8,100,7.2200,361,57,43,9.577606,0.234102,1.4999
8,100,7.2400,362,56,44,9.582607,0.212943,1.4999
8,100,7.2600,363,57,43,9.591620,0.207798,1.4999
8,100,7.2800,364,58,42,9.604634,0.207388,1.4999
8,100,7.3000,365,59,41,9.621632,0.209419,1.4999
8,100,7.3200,366,71,29,8.982635,0.203256,1.4999
8,100,7.3400,367,71,29,8.911152,0.204082,1.4999
8,100,7.3600,368,74,26,8.843445,0.195185,1.4999
8,100,7.3800,369,73,27,8.779600,0.196171,1.4999
8,100,7.4000,370,73,27,8.719705,0.201159,1.4999
8,100,7.4200,371,75,25,8.663838,0.200890,1.4999
8,100,7.4400,372,75,25,8.612081,0.182603,1.4999
8,100,7.4600,373,75,25,8.564507,0.175812,1.4999
8,100,7.4800,374,75,25,8.521184,0.172384,1.4999
8,100,7.5000,375,77,23,8.482181,0.174598,1.4999
8,100,7.5200,376,77,23,8.447555,0.169394,1.4999
8,100,7.5400,377,77,23,8.417361,0.172271,1.4999
8,100,7.5600,378,79,21,8.391647,0.173380,1.4999
8,100,7.5800,379,80,20,8.370454,0.170973,1.4999
8,100,7.6000,380,81,19,8.353817,0.173681,1.4999
8,100,7.6200,381,82,18,8.341762,0.178751,1.4999
8,100,7.6400,382,81,19,8.334310,0.183167,1.4999
8,100,7.6600,383,85,15,8.331472,0.175912,1.4999
8,100,7.6800,384,87,13,8.333255,0.173139,1.4999
8,100,7.7000,385,87,13,8.339654,0.175892,1.4999
8,100,7.7200,386,87,13,8.350659,0.179047,1.4999
8,100,7.7400,387,87,13,8.366253,0.170537,1.4999
8,100,7.7600,388,88,12,8.386409,0.172160,1.4999
8,100,7.7800,389,88,12,8.411094,0.147806,1.4999
8,100,7.8000,390,89,11,8.440269,0.138122,1.4999
8,100,7.8200,391,89,11,8.473887,0.138440,1.4999
8,100,7.8400,392,89,11,8.511896,0.129007,1.4999
8,100,7.8600,393,89,11,8.554237,0.129544,1.4999
8,100,7.8800,394,90,10,8.600847,0.131353,1.4999
8,100,7.9000,395,92,8,8.651656,0.133206,1.4999
8,100,7.9200,396,93,7,8.706592,0.127552,1.4999
8,100,7.9400,397,93,7,2.254069,0.045550,1.4999
8,100,7.9600,398,93,7,2.264055,0.041067,1.4999
8,100,7.9800,399,93,7,2.290862,0.038883,1.4999
8,100,8.0000,400,93,7,2.333912,0.036788,1.4999
8,100,8.0200,401,93,7,2.392327,0.035968,1.4999
8,100,8.0400,402,93,7,2.465015,0.036515,1.4999
8,100,8.0600,403,94,6,2.550757,0.037746,1.4999
8,100,8.0800,404,94,6,2.648284,0.039466,1.4999
8,100,8.1000,405,94,6,2.756347,0.041685,1.4999
8,100,8.1200,406,94,6,2.873756,0.044300,1.4999
8,100,8.1400,407,94,6,2.999415,0.047297,1.4999
8,100,8.1600,408,94,6,3.132331,0.050635,1.4999
8,100,8.1800,409,95,5,3.271619,0.054266,1.4999
8,100,8.2000,410,95,5,3.416500,0.055505,1.4999
8,100,8.2200,411,95,5,3.566293,0.052763,1.4999
8,100,8.2400,412,95,5,2.356923,0.039958,1.4999
8,100,8.2600,413,95,5,2.362113,0.040217,1.4999
8,100,8.2800,414,96,4,2.401519,0.042395,1.4999
8,100,8.3000,415,96,4,1.713751,0.036911,1.4999
8,100,8.3200,416,96,4,1.625955,0.033330,1.4999
8,100,8.3400,417,96,4,1.524239,0.030864,1.4999
8,100,8.3600,418,96,4,1.421472,0.029881,1.4999
8,100,8.3800,419,96,4,1.332330,0.030041,1.4999
8,100,8.4000,420,96,4,1.251650,0.030414,1.4999
8,100,8.4200,421,96,4,1.186885,0.031073,1.4999
8,100,8.4400,422,96,4,1.265799,0.032071,1.4999
8,100,8.4600,423,96,4,1.350253,0.033184,1.4999
8,100,8.4800,424,96,4,1.437552,0.034487,1.4999
8,100,8.5000,425,96,4,1.531949,0.035980,1.4999
8,100,8.5200,426,96,4,1.627044,0.037311,1.4999
8,100,8.5400,427,96,4,0.845378,0.021650,1.4999
8,100,8.5600,428,96,4,0.814578,0.017437,1.4999
8,100,8.5800,429,96,4,0.792439,0.012201,1.4999
8,100,8.6000,430,96,4,0.779055,0.010767,1.4999
8,100,8.6200,431,96,4,0.774477,0.009632,1.4999
8,100,8.6400,432,97,3,0.778249,0.010024,1.4999
8,100,8.6600,433,97,3,0.791109,0.012030,1.4999
8,100,8.6800,434,97,3,0.812536,0.012637,1.4999
8,100,8.7000,435,97,3,0.842052,0.011647,1.4999
8,100,8.7200,436,97,3,0.879876,0.009726,1.4999
8,100,8.7400,437,97,3,0.924821,0.009597,1.4999
8,100,8.7600,438,97,3,0.975533,0.010053,1.4999
8,100,8.7800,439,97,3,1.033380,0.010440,1.4999
8,100,8.8000,440,97,3,1.096238,0.011007,1.4999
8,100,8.8200,441,97,3,1.165913,0.011686,1.4999
8,100,8.8400,442,97,3,1.239377,0.012410,1.4999
8,100,8.8600,443,97,3,1.317405,0.013183,1.4999
8,100,8.8800,444,97,3,0.691411,0.006919,1.4999
8,100,8.9000,445,98,2,0.472048,0.004721,1.4999
8,100,8.9200,446,98,2,0.382919,0.003830,1.4999
8,100,8.9400,447,98,2,0.299794,0.002999,1.4999
8,100,8.9600,448,98,2,0.220489,0.002205,1.4999
8,100,8.9800,449,98,2,0.158826,0.001589,1.4999
8,100,9.0000,450,98,2,0.131167,0.001312,1.4999
8,100,9.0200,451,98,2,0.155587,0.001556,1.4999
8,100,9.0400,452,98,2,0.214559,0.002146,1.4999
8,100,9.0600,453,98,2,0.258217,0.002582,1.4999
8,100,9.0800,454,98,2,0.343988,0.003440,1.4999
8,100,9.1000,455,98,2,0.248189,0.002482,1.4999
8,100,9.1200,456,98,2,0.165662,0.001657,1.4999
8,100,9.1400,457,99,1,0.182859,0.001829,1.4999
8,100,9.1600,458,99,1,0.210631,0.002106,1.4999
8,100,9.1800,459,99,1,0.236789,0.002368,1.4999
8,100,9.2000,460,99,1,0.265274,0.002653,1.4999
8,100,9.2200,461,99,1,0.296497,0.002965,1.4999
8,100,9.2400,462,99,1,0.328108,0.003281,1.4999
8,100,9.2600,463,99,1,0.361740,0.003617,1.4999
8,100,9.2800,464,99,1,0.396811,0.003968,1.4999
8,100,9.3000,465,99,1,0.433554,0.004336,1.4999
8,100,9.3200,466,99,1,0.472039,0.004720,1.4999
8,100,9.3400,467,99,1,0.512475,0.005125,1.4999
8,100,9.3600,468,99,1,0.554803,0.005548,1.4999
8,100,9.3800,469,99,1,0.599432,0.005994,1.4999
8,100,9.4000,470,99,1,0.646458,0.006465,1.4999
8,100,9.4200,471,99,1,0.695873,0.006959,1.4999
8,100,9.4400,472,99,1,0.748134,0.007481,1.4999
8,100,9.4600,473,99,1,0.803180,0.008032,1.4999
8,100,9.4800,474,99,1,0.861348,0.008613,1.4999
8,100,9.5000,475,99,1,0.922702,0.009227,1.4999
8,100,9.5200,476,99,1,0.987677,0.009877,1.4999
8,100,9.5400,477,99,1,1.055998,0.010560,1.4999
8,100,9.5600,478,99,1,1.128569,0.011286,1.4999
8,100,9.5800,479,99,1,1.204580,0.012046,1.4999
8,100,9.6000,480,99,1,1.285669,0.012857,1.4999
8,100,9.6200,481,99,1,1.369905,0.013699,1.4999
8,100,9.6400,482,99,1,1.460522,0.014605,1.4999
8,100,9.6600,483,99,1,1.553236,0.015532,1.4999
8,100,9.6800,484,99,1,1.493759,0.014938,1.4999
8,100,9.7000,485,99,1,0.443367,0.004434,1.4999
8,100,9.7200,486,99,1,0.345469,0.003455,1.4999
8,100,9.7400,487,99,1,0.241578,0.002416,1.4999
8,100,9.7600,488,99,1,0.139554,0.001396,1.4999
8,100,9.7800,489,99,1,0.039446,0.000394,1.4999
8,100,9.8000,490,99,1,0.060668,0.000607,1.4999
8,100,9.8200,491,99,1,0.160889,0.001609,1.4999
8,100,9.8400,492,99,1,0.261699,0.002617,1.4999
8,100,9.8600,493,99,1,0.363184,0.003632,1.4999
8,100,9.8800,494,99,1,0.385020,0.003850,1.4999
8,100,9.9000,495,99,1,0.113135,0.001131,1.4999
8,100,9.9200,496,99,1,0.015390,0.000154,1.4999
8,100,9.9400,497,99,1,0.030487,0.000305,1.4999
8,100,9.9600,498,99,1,0.013963,0.000140,1.4999
8,100,9.9800,499,99,1,0.002062,0.000021,1.4999
8,100,10.0000,500,99,1,0.001569,0.000016,1.4999
8,100,10.0200,501,99,1,0.001192,0.000012,1.4999
8,100,10.0400,502,99,1,0.000353,0.000004,1.4999
8,100,10.0600,503,99,1,0.000075,0.000001,1.4999
8,100,10.0800,504,99,1,0.000089,0.000001,1.4999
8,100,10.1000,505,99,1,0.000066,0.000001,1.4999
8,100,10.1200,506,99,1,0.000065,0.000001,1.4999
8,100,10.1400,507,99,1,0.000050,0.000001,1.4999
8,100,10.1600,508,99,1,0.000049,0.000000,1.4999
8,100,10.1800,509,99,1,0.000050,0.000001,1.4999
8,100,10.2000,510,99,1,0.000050,0.000000,1.4999
8,100,10.2200,511,99,1,0.000047,0.000000,1.4999
8,100,10.2400,512,99,1,0.000050,0.000000,1.4999
8,100,10.2600,513,99,1,0.000049,0.000000,1.4999
8,100,10.2800,514,99,1,0.000049,0.000000,1.4999
8,100,10.3001,515,99,1,0.000047,0.000000,1.4999
8,100,10.3201,516,100,0,0.000000,0.000000,1.4999
9,100,0.0200,1,0,100,0.000000,0.000000,99.5000
9,100,0.0400,2,0,100,0.196200,0.190715,99.4961
9,100,0.0600,3,0,100,0.392422,0.377410,99.4882
9,100,0.0800,4,0,100,0.588612,0.560091,99.4765
9,100,0.1000,5,0,100,0.784800,0.738733,99.4608
9,100,0.1200,6,0,100,0.981000,0.913316,99.4411
9,100,0.1400,7,0,100,1.177199,1.083826,99.4176
9,100,0.1600,8,0,100,1.373399,1.250248,99.3901
9,100,0.1800,9,0,100,1.569599,1.412574,99.3587
9,100,0.2000,10,0,100,1.765799,1.570812,99.3234
9,100,0.2200,11,0,100,1.961999,1.724940,99.2842
9,100,0.2400,12,0,100,2.158199,1.878107,99.2410
9,100,0.2600,13,0,100,2.354399,2.025915,99.1939
9,100,0.2800,14,0,100,2.550599,2.169554,99.1429
9,100,0.3000,15,0,100,2.746799,2.309484,99.0880
9,100,0.3200,16,0,100,2.942999,2.445692,99.0291
9,100,0.3400,17,0,100,3.139199,2.578064,98.9663
9,100,0.3600,18,0,100,3.335398,2.706521,98.8996
9,100,0.3800,19,0,100,3.531598,2.831202,98.8290
9,100,0.4000,20,0,100,3.727798,2.952694,98.7544
9,100,0.4200,21,0,100,3.923998,3.068774,98.6760
9,100,0.4400,22,0,100,4.120208,3.182221,98.5935
9,100,0.4600,23,0,100,4.316402,3.292101,98.5072
9,100,0.4800,24,0,100,4.512537,3.397977,98.4170
9,100,0.5000,25,0,100,4.708703,3.500859,98.3228
9,100,0.5200,26,0,100,4.904784,3.604573,98.2247
9,100,0.5400,27,0,100,5.100843,3.702874,98.1227
9,100,0.5600,28,0,100,5.296680,3.812566,98.0168
9,100,0.5800,29,0,100,5.492177,3.912503,97.9069
9,100,0.6000,30,0,100,5.687150,3.989171,97.7932
9,100,0.6200,31,0,100,5.881117,4.078881,97.6755
9,100,0.6400,32,0,100,6.073730,4.169558,97.5541
9,100,0.6600,33,0,100,6.264282,4.269236,97.4288
9,100,0.6800,34,0,100,6.452106,4.364547,97.2997
9,100,0.7000,35,0,100,6.636053,4.412003,97.1670
9,100,0.7200,36,0,100,6.814859,4.503192,97.0307
9,100,0.7400,37,0,100,6.987471,4.548573,96.8909
9,100,0.7600,38,0,100,7.152342,4.644446,96.7478
9,100,0.7800,39,0,100,7.308032,4.696426,96.6016
9,100,0.8000,40,0,100,7.453126,4.793776,96.4525
9,100,0.8200,41,0,100,7.586195,4.822713,96.3007
9,100,0.8400,42,0,100,7.706320,4.959033,96.1466
9,100,0.8600,43,0,100,7.812679,4.989321,95.9903
9,100,0.8800,44,0,100,7.904417,5.136321,95.8321
9,100,0.9000,45,0,100,7.981638,5.264143,95.6724
9,100,0.9200,46,0,100,8.044514,5.357504,95.5115
9,100,0.9400,47,0,100,9.855762,5.532590,95.3496
9,100,0.9600,48,0,100,10.689990,5.731205,95.1869
9,100,0.9800,49,0,100,12.147480,5.896007,95.0238
9,100,1.0000,50,0,100,12.194570,6.085155,94.8604
9,100,1.0200,51,0,100,12.218670,6.261221,94.6968
9,100,1.0400,52,0,100,12.245860,6.463871,94.5332
9,100,1.0600,53,0,100,12.276130,6.657927,94.3698
9,100,1.0800,54,0,100,12.309450,6.854327,94.2065
9,100,1.1000,55,0,100,12.345800,7.037375,94.0435
9,100,1.1200,56,0,100,12.385160,7.245929,93.8809
9,100,1.1400,57,0,100,12.427480,7.452477,93.7190
9,100,1.1600,58,0,100,12.472750,7.655331,93.5580
9,100,1.1800,59,0,100,12.520930,7.832523,93.3982
9,100,1.2000,60,0,100,12.571990,8.011692,93.2399
9,100,1.2200,61,0,100,12.625890,8.186513,93.0834
9,100,1.2400,62,0,100,12.725640,8.361610,92.9288
9,100,1.2600,63,0,100,13.017050,8.543116,92.7762
9,100,1.2800,64,0,100,13.207050,8.720100,92.6256
9,100,1.3000,65,0,100,13.397240,8.897711,92.4771
9,100,1.3200,66,0,100,13.587590,9.079459,92.3304
9,100,1.3400,67,0,100,13.778110,9.258063,92.1856
9,100,1.3600,68,0,100,13.968790,9.438784,92.0423
9,100,1.3800,69,0,100,14.159620,9.615172,91.9004
9,100,1.4000,70,0,100,14.350590,9.799417,91.7596
9,100,1.4200,71,0,100,14.541700,9.984154,91.6197
9,100,1.4400,72,0,100,14.732950,10.169400,91.4806
9,100,1.4600,73,0,100,14.924320,10.355070,91.3421
9,100,1.4800,74,0,100,15.115820,10.541210,91.2041
9,100,1.5000,75,0,100,15.307440,10.727540,91.0664
9,100,1.5200,76,0,100,15.499170,10.899580,90.9290
9,100,1.5400,77,0,100,15.691010,11.084400,90.7910
9,100,1.5600,78,0,100,15.882960,11.265910,90.6521
9,100,1.5800,79,0,100,16.075010,11.399750,90.5121
9,100,1.6000,80,0,100,16.267170,11.498270,90.3705
9,100,1.6200,81,0,100,16.459410,11.677400,90.2261
9,100,1.6400,82,1,99,16.651750,11.709440,90.0783
9,100,1.6600,83,1,99,16.844180,11.844670,89.9268
9,100,1.6800,84,1,99,17.036690,12.022540,89.7713
9,100,1.7000,85,1,99,17.229280,12.204680,89.6118
9,100,1.7200,86,1,99,17.421960,12.333100,89.4484
9,100,1.7400,87,1,99,17.614710,12.347580,89.2811
9,100,1.7600,88,1,99,17.807540,12.427280,89.1098
9,100,1.7800,89,1,99,18.000450,12.502840,88.9347
9,100,1.8000,90,1,99,18.193420,12.582240,88.7556
9,100,1.8200,91,1,99,18.386460,12.575240,88.5725
9,100,1.8400,92,1,99,18.579570,12.745880,88.3856
9,100,1.8600,93,1,99,18.772740,12.908210,88.1947
9,100,1.8800,94,1,99,18.965970,13.057160,87.9999
9,100,1.9000,95,1,99,19.159260,13.037870,87.8012
9,100,1.9200,96,1,99,19.352620,13.129170,87.5986
9,100,1.9400,97,1,99,19.546020,13.247630,87.3920
9,100,1.9600,98,1,99,19.739490,13.401610,87.1815
9,100,1.9800,99,1,99,19.933010,13.532050,86.9671
9,100,2.0000,100,1,99,20.126580,13.607750,86.7488
9,100,2.0200,101,1,99,20.320200,13.752320,86.5265
9,100,2.0400,102,1,99,20.513860,13.808850,86.3003
9,100,2.0600,103,1,99,20.707580,13.963030,86.0702
9,100,2.0800,104,1,99,20.901340,14.120070,85.8362
9,100,2.1000,105,1,99,21.095150,14.215490,85.5982
9,100,2.1200,106,1,99,21.289000,14.350070,85.3563
9,100,2.1400,107,1,99,21.482900,14.237820,85.1105
9,100,2.1600,108,1,99,21.676830,14.386080,84.8608
9,100,2.1800,109,1,99,21.870810,14.539560,84.6071
9,100,2.2000,110,1,99,22.064830,14.672310,84.3496
9,100,2.2200,111,1,99,22.258880,14.788430,84.0880
9,100,2.2400,112,1,99,22.452970,14.753270,83.8226
9,100,2.2600,113,1,99,22.647100,14.895720,83.5533
9,100,2.2800,114,1,99,22.841260,15.042190,83.2800
9,100,2.3000,115,1,99,23.035460,15.043720,83.0028
9,100,2.3200,116,1,99,23.229690,15.048950,82.7217
9,100,2.3400,117,1,99,23.423950,15.197390,82.4366
9,100,2.3600,118,1,99,23.618250,15.337320,82.1477
9,100,2.3800,119,1,99,23.812570,15.492530,81.8548
9,100,2.4000,120,1,99,24.006930,15.425390,81.5579
9,100,2.4200,121,1,99,24.201320,15.391690,81.2572
9,100,2.4400,122,1,99,24.395730,15.536770,80.9525
9,100,2.4600,123,1,99,24.590180,15.686050,80.6439
9,100,2.4800,124,1,99,24.784650,15.815790,80.3314
9,100,2.5000,125,1,99,24.979150,15.955590,80.0150
9,100,2.5200,126,1,99,25.173680,16.103920,79.6946
9,100,2.5400,127,1,99,25.368230,16.250460,79.3703
9,100,2.5600,128,1,99,25.562810,16.396260,79.0421
9,100,2.5800,129,1,99,25.757410,16.545010,78.7100
9,100,2.6000,130,2,98,25.952030,16.690710,78.3739
9,100,2.6200,131,2,98,26.146680,16.835830,78.0339
9,100,2.6400,132,2,98,26.341350,16.988160,77.6900
9,100,2.6600,133,2,98,26.536050,16.960820,77.3422
9,100,2.6800,134,2,98,26.730760,17.042040,76.9905
9,100,2.7000,135,2,98,26.925500,17.158390,76.6348
9,100,2.7200,136,2,98,27.120260,17.097620,76.2752
9,100,2.7400,137,2,98,27.315040,17.235230,75.9116
9,100,2.7600,138,1,99,27.509840,17.291900,75.5442
9,100,2.7800,139,1,99,27.704660,17.237050,75.1728
9,100,2.8000,140,2,98,27.899500,17.349860,74.7975
9,100,2.8200,141,2,98,28.094350,17.456850,74.4183
9,100,2.8400,142,2,98,28.289230,17.157540,74.0352
9,100,2.8600,143,2,98,28.484130,17.030440,73.6481
9,100,2.8800,144,2,98,28.413730,16.223460,73.2571
9,100,2.9000,145,2,98,28.609650,16.265160,72.8622
9,100,2.9200,146,2,98,28.805570,16.205370,72.4633
9,100,2.9400,147,2,98,29.001490,16.296620,72.0606
9,100,2.9600,148,2,98,29.197420,16.147530,71.6539
9,100,2.9800,149,2,98,29.393350,15.860810,71.2433
9,100,3.0000,150,2,98,29.589290,15.953210,70.8287
9,100,3.0200,151,2,98,29.785230,16.020750,70.4103
9,100,3.0400,152,2,98,29.981170,15.987260,69.9879
9,100,3.0600,153,2,98,30.043960,15.311420,69.5616
9,100,3.0800,154,4,96,30.240110,15.182970,69.1313
9,100,3.1000,155,4,96,30.436260,14.992050,68.6972
9,100,3.1200,156,4,96,30.632410,15.037780,68.2591
9,100,3.1400,157,4,96,30.828570,15.124460,67.8171
9,100,3.1600,158,4,96,31.024720,14.999020,67.3712
9,100,3.1800,159,4,96,30.744920,15.051410,66.9213
9,100,3.2000,160,4,96,30.941080,14.797560,66.4675
9,100,3.2200,161,4,96,31.137250,14.837420,66.0098
9,100,3.2400,162,4,96,31.202200,14.804120,65.5482
9,100,3.2600,163,4,96,30.859780,14.729950,65.0826
9,100,3.2800,164,4,96,31.055880,14.537020,64.6132
9,100,3.3000,165,4,96,31.251990,14.554040,64.1398
9,100,3.3200,166,4,96,31.448100,14.632800,63.6624
9,100,3.3400,167,4,96,31.644220,14.492260,63.1812
9,100,3.3600,168,5,95,31.508050,14.373550,62.6960
9,100,3.3800,169,5,95,31.579330,14.188230,62.2069
9,100,3.4000,170,5,95,31.397500,14.030630,61.7139
9,100,3.4200,171,5,95,31.593690,14.030380,61.2170
9,100,3.4400,172,5,95,31.789880,14.094220,60.7161
9,100,3.4600,173,5,95,31.841830,14.148350,60.2113
9,100,3.4800,174,5,95,31.964220,14.208040,59.7026
9,100,3.5000,175,6,94,32.006750,14.197930,59.1900
9,100,3.5200,176,6,94,32.202940,14.212170,58.6734
9,100,3.5400,177,5,95,32.399130,14.232330,58.1529
9,100,3.5600,178,5,95,32.292720,14.216960,57.6285
9,100,3.5800,179,5,95,32.488880,14.108650,57.1002
9,100,3.6000,180,5,95,32.685040,14.055360,56.5679
9,100,3.6200,181,6,94,32.881200,13.577650,56.0317
9,100,3.6400,182,6,94,33.066350,13.419130,55.4916
9,100,3.6600,183,6,94,32.638210,13.434560,54.9476
9,100,3.6800,184,6,94,32.834350,13.417050,54.3996
9,100,3.7000,185,5,95,33.030510,13.191660,53.8478
9,100,3.7200,186,5,95,33.226650,13.071060,53.2920
9,100,3.7400,187,5,95,33.422810,13.124460,52.7322
9,100,3.7600,188,5,95,33.618960,13.177000,52.1686
9,100,3.7800,189,5,95,33.428040,13.231360,51.6010
9,100,3.8000,190,5,95,33.624230,13.281300,51.0295
9,100,3.8200,191,4,96,33.820420,13.285620,50.4541
9,100,3.8400,192,4,96,34.016610,13.281470,49.8748
9,100,3.8600,193,4,96,34.182120,13.117980,49.2915
9,100,3.8800,194,4,96,34.079450,13.039990,48.7043
9,100,3.9000,195,4,96,34.275620,12.925450,48.1132
9,100,3.9200,196,3,97,34.471790,12.803760,47.5181
9,100,3.9400,197,3,97,34.667950,12.787310,46.9192
9,100,3.9600,198,4,96,34.764610,12.804950,46.3163
9,100,3.9800,199,4,96,34.629560,12.386150,45.7095
9,100,4.0000,200,4,96,34.825720,12.179990,45.0987
9,100,4.0200,201,4,96,35.000960,12.025470,44.4841
9,100,4.0400,202,4,96,34.769810,12.066490,43.8655
9,100,4.0600,203,6,94,34.966000,12.031170,43.2430
9,100,4.0800,204,6,94,35.162200,11.979370,42.6165
9,100,4.1000,205,8,92,35.358390,11.859170,41.9862
9,100,4.1200,206,8,92,35.406330,11.698210,41.3519
9,100,4.1400,207,8,92,35.602520,11.596870,40.7137
9,100,4.1600,208,8,92,35.540920,11.396090,40.0716
9,100,4.1800,209,8,92,35.661110,11.295410,39.4255
9,100,4.2000,210,8,92,35.566700,11.181780,38.7755
9,100,4.2200,211,7,93,35.762890,11.053080,38.1216
9,100,4.2400,212,7,93,35.618990,10.941300,37.4638
9,100,4.2600,213,7,93,35.815190,10.710070,36.8020
9,100,4.2800,214,7,93,36.011380,10.582330,36.1364
9,100,4.3000,215,7,93,36.148680,10.580520,35.4668
9,100,4.3200,216,7,93,36.011670,10.597630,34.7933
9,100,4.3400,217,7,93,36.207870,10.596290,34.1158
9,100,4.3600,218,7,93,36.404060,10.569010,33.4344
9,100,4.3800,219,7,93,36.258870,10.545490,32.7491
9,100,4.4000,220,6,94,36.455070,10.277360,32.0599
9,100,4.4200,221,7,93,36.651260,10.164330,31.3668
9,100,4.4400,222,7,93,36.847460,9.919215,30.6697
9,100,4.4600,223,8,92,36.649200,9.525463,29.9687
9,100,4.4800,224,8,92,36.845400,9.495849,29.2638
9,100,4.5000,225,8,92,37.041600,9.307441,28.5550
9,100,4.5200,226,9,91,37.180770,9.122525,27.8422
9,100,4.5400,227,9,91,37.171940,8.944812,27.1255
9,100,4.5600,228,9,91,37.368140,8.686398,26.4049
9,100,4.5800,229,10,90,37.564340,8.661726,25.6804
9,100,4.6000,230,10,90,37.546550,8.599576,24.9519
9,100,4.6200,231,10,90,37.742750,8.451541,24.2195
9,100,4.6400,232,10,90,37.856430,8.361134,23.4832
9,100,4.6600,233,10,90,37.828660,8.278514,22.7430
9,100,4.6800,234,11,89,38.024860,8.175012,21.9989
9,100,4.7000,235,11,89,38.016040,8.124516,21.2508
9,100,4.7200,236,11,89,38.212240,8.079548,20.4988
9,100,4.7400,237,11,89,38.408440,7.993296,19.7428
9,100,4.7600,238,10,90,38.562590,7.722268,18.9830
9,100,4.7800,239,9,91,38.542240,7.364128,18.2192
9,100,4.8000,240,9,91,38.738430,7.281947,17.4515
9,100,4.8200,241,9,91,38.934630,7.107889,16.6799
9,100,4.8400,242,9,91,39.130830,6.679855,15.9044
9,100,4.8600,243,9,91,39.134880,6.611891,15.1249
9,100,4.8800,244,9,91,39.331070,6.221168,14.3415
9,100,4.9000,245,10,90,39.513320,5.784757,13.5542
9,100,4.9200,246,14,86,39.612920,5.545251,12.7629
9,100,4.9400,247,14,86,39.809120,5.259050,11.9678
9,100,4.9600,248,14,86,39.970690,5.100311,11.1687
9,100,4.9800,249,16,84,40.154620,5.028246,10.3657
9,100,5.0000,250,16,84,40.350620,4.809588,9.5587
9,100,5.0200,251,16,84,31.500100,4.746308,9.0502
9,100,5.0400,252,16,84,31.764400,4.654665,8.4777
9,100,5.0600,253,16,84,31.960210,4.446471,7.9005
9,100,5.0800,254,16,84,32.120900,4.134594,7.3193
9,100,5.1000,255,17,83,31.891180,3.807721,6.7343
9,100,5.1200,256,17,83,31.894940,3.622298,6.1453
9,100,5.1400,257,17,83,31.652390,3.450500,5.5524
9,100,5.1600,258,16,84,31.290750,3.413688,5.0083
9,100,5.1800,259,16,84,31.051320,3.361415,4.4957
9,100,5.2000,260,16,84,31.115590,3.356809,3.9804
9,100,5.2200,261,15,85,32.260980,3.198851,3.6893
9,100,5.2400,262,15,85,32.432550,3.069287,3.6669
9,100,5.2600,263,15,85,30.808310,2.909196,3.7097
9,100,5.2800,264,14,86,30.976240,2.605868,3.7487
9,100,5.3000,265,14,86,26.752950,2.361469,3.7836
9,100,5.3200,266,16,84,26.880680,2.286595,3.8147
9,100,5.3400,267,11,89,27.009230,2.146963,3.8418
9,100,5.3600,268,11,89,27.138590,2.059643,3.8650
9,100,5.3800,269,10,90,10.877180,1.818305,3.8843
9,100,5.4000,270,11,89,10.868310,1.735539,3.8997
9,100,5.4200,271,10,90,10.862990,1.707886,3.9111
9,100,5.4400,272,10,90,10.861200,1.651994,3.9187
9,100,5.4600,273,10,90,10.862960,1.588759,3.9222
9,100,5.4800,274,10,90,10.868260,1.550523,3.9219
9,100,5.5000,275,10,90,10.877100,1.495790,3.9177
9,100,5.5200,276,10,90,10.889470,1.451835,3.9095
9,100,5.5400,277,10,90,10.905350,1.400293,3.8974
9,100,5.5600,278,10,90,10.924740,1.353618,3.8813
9,100,5.5800,279,10,90,10.947600,1.307077,3.8614
9,100,5.6000,280,10,90,10.973930,1.267224,3.8375
9,100,5.6200,281,10,90,11.003690,1.260774,3.8097
9,100,5.6400,282,10,90,11.036860,1.228692,3.7780
9,100,5.6600,283,11,89,11.073410,1.234695,3.7423
9,100,5.6800,284,11,89,11.113310,1.225913,3.7028
9,100,5.7000,285,11,89,11.156510,1.203770,3.6593
9,100,5.7200,286,11,89,11.250820,1.171822,3.6119
9,100,5.7400,287,10,90,11.252680,1.139103,3.5605
9,100,5.7600,288,13,87,11.305560,1.119542,3.5052
9,100,5.7800,289,14,86,11.361600,1.127318,3.4461
9,100,5.8000,290,14,86,11.420720,1.108085,3.3829
9,100,5.8200,291,16,84,11.482890,1.093211,3.3159
9,100,5.8400,292,12,88,11.548070,1.084892,3.2449
9,100,5.8600,293,14,86,11.616190,1.086741,3.1700
9,100,5.8800,294,13,87,11.687210,1.081558,3.0912
9,100,5.9000,295,14,86,11.761070,1.091210,3.0085
9,100,5.9200,296,15,85,11.837730,1.029424,2.9218
9,100,5.9400,297,19,81,11.917120,1.038753,2.8313
9,100,5.9600,298,19,81,11.999190,1.046563,2.7367
9,100,5.9800,299,20,80,12.083900,1.046564,2.6383
9,100,6.0000,300,21,79,12.171170,1.017810,2.5360
9,100,6.0200,301,22,78,12.260970,0.963090,2.4297
9,100,6.0400,302,23,77,12.353230,0.938176,2.3195
9,100,6.0600,303,22,78,12.447900,0.930907,2.2253
9,100,6.0800,304,25,75,12.544920,0.917290,2.2078
9,100,6.1000,305,25,75,12.644240,0.909913,2.1864
9,100,6.1200,306,29,71,12.745810,0.885790,2.1610
9,100,6.1400,307,30,70,12.849570,0.848250,2.1318
9,100,6.1600,308,27,73,12.955480,0.827323,2.0986
9,100,6.1800,309,27,73,13.063470,0.818899,2.0614
9,100,6.2000,310,27,73,9.432652,0.775241,2.0204
9,100,6.2200,311,28,72,9.580790,0.748518,1.9754
9,100,6.2400,312,28,72,9.730628,0.701570,1.9266
9,100,6.2600,313,29,71,9.882091,0.703157,1.8737
9,100,6.2800,314,29,71,10.035100,0.708420,1.8170
9,100,6.3000,315,29,71,8.537310,0.621284,1.7563
9,100,6.3200,316,29,71,7.705093,0.584295,1.6918
9,100,6.3400,317,29,71,7.766448,0.568015,1.6513
9,100,6.3600,318,32,68,7.247894,0.524945,1.6466
9,100,6.3800,319,34,66,6.473984,0.507093,1.6447
9,100,6.4000,320,34,66,6.554986,0.495931,1.6437
9,100,6.4200,321,34,66,6.640799,0.491037,1.6434
9,100,6.4400,322,37,63,6.731237,0.482049,1.6437
9,100,6.4600,323,36,64,6.826118,0.479195,1.6438
9,100,6.4800,324,38,62,6.925260,0.484308,1.6436
9,100,6.5000,325,38,62,7.028481,0.489169,1.6435
9,100,6.5200,326,39,61,7.135604,0.491504,1.6434
9,100,6.5400,327,39,61,7.246457,0.497648,1.6434
9,100,6.5600,328,42,58,7.360871,0.489779,1.6435
9,100,6.5800,329,42,58,7.478683,0.489649,1.6435
9,100,6.6000,330,50,50,7.599734,0.496569,1.6435
9,100,6.6200,331,52,48,7.723872,0.455716,1.6435
9,100,6.6400,332,52,48,5.754080,0.389657,1.6435
9,100,6.6600,333,52,48,5.775839,0.389189,1.6435
9,100,6.6800,334,53,47,5.804152,0.358858,1.6435
9,100,6.7000,335,53,47,5.838924,0.346088,1.6435
9,100,6.7200,336,53,47,5.880041,0.340356,1.6435
9,100,6.7400,337,54,46,5.927371,0.332357,1.6435
9,100,6.7600,338,54,46,5.980764,0.314493,1.6435
9,100,6.7800,339,63,37,6.040062,0.309855,1.6435
9,100,6.8000,340,64,36,6.105093,0.294202,1.6435
9,100,6.8200,341,67,33,6.175674,0.270476,1.6435
9,100,6.8400,342,68,32,6.251618,0.249107,1.6435
9,100,6.8600,343,68,32,6.332732,0.245366,1.6435
9,100,6.8800,344,69,31,6.418820,0.246380,1.6435
9,100,6.9000,345,69,31,6.509685,0.229013,1.6435
9,100,6.9200,346,69,31,5.754517,0.216668,1.6435
9,100,6.9400,347,69,31,5.765695,0.210948,1.6435
9,100,6.9600,348,66,34,5.783512,0.205086,1.6435
9,100,6.9800,349,70,30,5.807905,0.202424,1.6435
9,100,7.0000,350,74,26,5.838793,0.202383,1.6435
9,100,7.0200,351,71,29,5.876074,0.197349,1.6435
9,100,7.0400,352,72,28,5.919625,0.199830,1.6435
9,100,7.0600,353,73,27,4.037808,0.183943,1.6435
9,100,7.0800,354,73,27,3.964758,0.174770,1.6435
9,100,7.1000,355,73,27,3.864340,0.161924,1.6435
9,100,7.1200,356,74,26,3.771462,0.163373,1.6435
9,100,7.1400,357,74,26,3.686694,0.163443,1.6435
9,100,7.1600,358,74,26,3.610609,0.159577,1.6435
9,100,7.1800,359,74,26,3.543764,0.156340,1.6435
9,100,7.2000,360,74,26,3.486692,0.156874,1.6435
9,100,7.2200,361,75,25,3.439879,0.155904,1.6435
9,100,7.2400,362,75,25,3.403749,0.156062,1.6435
9,100,7.2600,363,75,25,3.378643,0.156505,1.6435
9,100,7.2800,364,75,25,3.364809,0.153571,1.6435
9,100,7.3000,365,75,25,3.362387,0.145353,1.6435
9,100,7.3200,366,75,25,3.371399,0.145631,1.6435
9,100,7.3400,367,75,25,3.391757,0.143895,1.6435
9,100,7.3600,368,75,25,3.423256,0.121748,1.6435
9,100,7.3800,369,75,25,3.465594,0.118358,1.6435
9,100,7.4000,370,75,25,3.518378,0.118010,1.6435
9,100,7.4200,371,75,25,3.581148,0.101532,1.6435
9,100,7.4400,372,82,18,3.653388,0.093826,1.6435
9,100,7.4600,373,82,18,3.734549,0.091860,1.6435
9,100,7.4800,374,82,18,3.063021,0.079898,1.6435
9,100,7.5000,375,82,18,3.052037,0.077225,1.6435
9,100,7.5200,376,82,18,3.041919,0.077048,1.6435
9,100,7.5400,377,83,17,3.044436,0.079854,1.6435
9,100,7.5600,378,83,17,3.059560,0.081146,1.6435
9,100,7.5800,379,88,12,3.087104,0.084224,1.6435
9,100,7.6000,380,88,12,3.126740,0.082805,1.6435
9,100,7.6200,381,88,12,3.178015,0.083246,1.6435
9,100,7.6400,382,88,12,3.240378,0.083734,1.6435
9,100,7.6600,383,88,12,3.313202,0.088474,1.6435
9,100,7.6800,384,88,12,3.395814,0.086790,1.6435
9,100,7.7000,385,88,12,3.487519,0.087566,1.6435
9,100,7.7200,386,88,12,2.085122,0.075177,1.6435
9,100,7.7400,387,88,12,2.031995,0.075772,1.6435
9,100,7.7600,388,88,12,2.002140,0.077874,1.6435
9,100,7.7800,389,89,11,1.988692,0.081475,1.6435
9,100,7.8000,390,89,11,1.991451,0.080432,1.6435
9,100,7.8200,391,89,11,1.918958,0.075839,1.6435
9,100,7.8400,392,89,11,1.960926,0.066301,1.6435
9,100,7.8600,393,89,11,1.383498,0.056957,1.6435
9,100,7.8800,394,89,11,1.287117,0.052486,1.6435
9,100,7.9000,395,89,11,1.294328,0.047206,1.6435
9,100,7.9200,396,89,11,1.380066,0.043468,1.6435
9,100,7.9400,397,89,11,1.472144,0.042132,1.6435
9,100,7.9600,398,89,11,1.397229,0.040195,1.6435
9,100,7.9800,399,89,11,1.042200,0.035725,1.6435
9,100,8.0000,400,89,11,1.009733,0.036011,1.6435
9,100,8.0200,401,90,10,1.064609,0.037860,1.6435
9,100,8.0400,402,90,10,1.139057,0.040248,1.6435
9,100,8.0600,403,91,9,1.221291,0.043001,1.6435
9,100,8.0800,404,91,9,1.308990,0.043488,1.6435
9,100,8.1000,405,91,9,1.404948,0.044367,1.6435
9,100,8.1200,406,94,6,1.503693,0.044718,1.6435
9,100,8.1400,407,94,6,1.606833,0.043711,1.6435
9,100,8.1600,408,94,6,1.609987,0.042760,1.6435
9,100,8.1800,409,94,6,1.682046,0.043134,1.6435
9,100,8.2000,410,95,5,1.647287,0.043478,1.6435
9,100,8.2200,411,95,5,1.748864,0.034149,1.6435
9,100,8.2400,412,95,5,1.630535,0.033204,1.6435
9,100,8.2600,413,95,5,0.919666,0.020494,1.6435
9,100,8.2800,414,95,5,0.988887,0.018182,1.6435
9,100,8.3000,415,95,5,0.993477,0.016406,1.6435
9,100,8.3200,416,95,5,0.671693,0.008620,1.6435
9,100,8.3400,417,95,5,0.615279,0.007897,1.6435
9,100,8.3600,418,95,5,0.596350,0.009811,1.6435
9,100,8.3800,419,95,5,0.592686,0.011022,1.6435
9,100,8.4000,420,95,5,0.605456,0.012995,1.6435
9,100,8.4200,421,95,5,0.633742,0.015309,1.6435
9,100,8.4400,422,96,4,0.675413,0.014343,1.6435
9,100,8.4600,423,96,4,0.686618,0.008564,1.6435
9,100,8.4800,424,96,4,0.685625,0.007573,1.6435
9,100,8.5000,425,96,4,0.706074,0.007987,1.6435
9,100,8.5200,426,96,4,0.733892,0.007653,1.6435
9,100,8.5400,427,97,3,0.764394,0.007693,1.6435
9,100,8.5600,428,97,3,0.797924,0.008032,1.6435
9,100,8.5800,429,97,3,0.835243,0.008388,1.6435
9,100,8.6000,430,97,3,0.875768,0.008769,1.6435
9,100,8.6200,431,97,3,0.919863,0.009200,1.6435
9,100,8.6400,432,97,3,0.967436,0.009677,1.6435
9,100,8.6600,433,98,2,1.018879,0.010190,1.6435
9,100,8.6800,434,98,2,1.074091,0.010741,1.6435
9,100,8.7000,435,99,1,1.133633,0.011336,1.6435
9,100,8.7200,436,99,1,1.197115,0.011971,1.6435
9,100,8.7400,437,99,1,1.265513,0.012655,1.6435
9,100,8.7600,438,99,1,1.337789,0.013378,1.6435
9,100,8.7800,439,99,1,1.415832,0.014158,1.6435
9,100,8.8000,440,99,1,1.497369,0.014974,1.6435
9,100,8.8200,441,99,1,1.585975,0.015860,1.6435
9,100,8.8400,442,99,1,1.676909,0.016769,1.6435
9,100,8.8600,443,99,1,1.708493,0.017085,1.6435
9,100,8.8800,444,99,1,0.474720,0.004747,1.6435
9,100,8.9000,445,99,1,0.320368,0.003204,1.6435
9,100,8.9200,446,99,1,0.219933,0.002199,1.6435
9,100,8.9400,447,99,1,0.117110,0.001171,1.6435
9,100,8.9600,448,99,1,0.016377,0.000164,1.6435
9,100,8.9800,449,99,1,0.084882,0.000849,1.6435
9,100,9.0000,450,99,1,0.186486,0.001865,1.6435
9,100,9.0200,451,99,1,0.287908,0.002879,1.6435
9,100,9.0400,452,99,1,0.389529,0.003895,1.6435
9,100,9.0600,453,99,1,0.137097,0.001371,1.6435
9,100,9.0800,454,99,1,0.016639,0.000166,1.6435
9,100,9.1000,455,99,1,0.030266,0.000303,1.6435
9,100,9.1200,456,99,1,0.014827,0.000148,1.6435
9,100,9.1400,457,99,1,0.007683,0.000077,1.6435
9,100,9.1600,458,99,1,0.003570,0.000036,1.6435
9,100,9.1800,459,99,1,0.001216,0.000012,1.6435
9,100,9.2000,460,99,1,0.001215,0.000012,1.6435
9,100,9.2200,461,99,1,0.000617,0.000006,1.6435
9,100,9.2400,462,99,1,0.000113,0.000001,1.6435
9,100,9.2600,463,99,1,0.000134,0.000001,1.6435
9,100,9.2800,464,100,0,0.000000,0.000000,1.6435
10,100,0.0200,1,0,100,0.000000,0.000000,99.5000
10,100,0.0400,2,0,100,0.196200,0.190713,99.4961
10,100,0.0600,3,0,100,0.392422,0.377407,99.4882
10,100,0.0800,4,0,100,0.588613,0.560090,99.4765
10,100,0.1000,5,0,100,0.784800,0.738738,99.4608
10,100,0.1200,6,0,100,0.981000,0.913327,99.4411
10,100,0.1400,7,0,100,1.177199,1.083842,99.4176
10,100,0.1600,8,0,100,1.373399,1.250270,99.3901
10,100,0.1800,9,0,100,1.569599,1.412603,99.3587
10,100,0.2000,10,0,100,1.765799,1.570848,99.3234
10,100,0.2200,11,0,100,1.961999,1.724982,99.2842
10,100,0.2400,12,0,100,2.158199,1.878729,99.2410
10,100,0.2600,13,0,100,2.354399,2.027174,99.1939
10,100,0.2800,14,0,100,2.550599,2.170682,99.1429
10,100,0.3000,15,0,100,2.746799,2.310262,99.0880
10,100,0.3200,16,0,100,2.942999,2.446165,99.0291
10,100,0.3400,17,0,100,3.139199,2.578574,98.9663
10,100,0.3600,18,0,100,3.335398,2.707116,98.8996
10,100,0.3800,19,0,100,3.531598,2.831649,98.8290
10,100,0.4000,20,0,100,3.727798,2.952189,98.7544
10,100,0.4200,21,0,100,3.923998,3.069059,98.6760
10,100,0.4400,22,0,100,4.120219,3.182339,98.5935
10,100,0.4600,23,0,100,4.316402,3.291653,98.5072
10,100,0.4800,24,0,100,4.512538,3.399574,98.4170
10,100,0.5000,25,0,100,4.708714,3.503494,98.3228
10,100,0.5200,26,0,100,4.904824,3.603871,98.2247
10,100,0.5400,27,0,100,5.100786,3.699077,98.1227
10,100,0.5600,28,0,100,5.296771,3.804301,98.0168
10,100,0.5800,29,0,100,5.492361,3.898484,97.9069
10,100,0.6000,30,0,100,5.687368,3.979043,97.7931
10,100,0.6200,31,0,100,5.881442,4.112035,97.6755
10,100,0.6400,32,0,100,6.074466,4.156797,97.5540
10,100,0.6600,33,0,100,6.265395,4.241992,97.4287
10,100,0.6800,34,0,100,6.453584,4.318936,97.2996
10,100,0.7000,35,0,100,6.638071,4.410019,97.1669
10,100,0.7200,36,0,100,6.817679,4.481738,97.0305
10,100,0.7400,37,0,100,6.991077,4.550115,96.8906
10,100,0.7600,38,0,100,7.156691,4.621856,96.7475
10,100,0.7800,39,0,100,7.313138,4.715534,96.6012
10,100,0.8000,40,0,100,7.459048,4.747091,96.4519
10,100,0.8200,41,0,100,7.592975,4.892142,96.3000
10,100,0.8400,42,0,100,7.713727,4.925900,96.1457
10,100,0.8600,43,0,100,7.820548,5.018669,95.9892
10,100,0.8800,44,0,100,7.912871,5.135431,95.8309
10,100,0.9000,45,0,100,8.063415,5.247584,95.6711
10,100,0.9200,46,0,100,11.138330,5.442729,95.5099
10,100,0.9400,47,0,100,11.359080,5.647991,95.3478
10,100,0.9600,48,0,100,11.464990,5.809772,95.1850
10,100,0.9800,49,0,100,11.528240,5.992170,95.0216
10,100,1.0000,50,0,100,11.594460,6.167616,94.8580
10,100,1.0200,51,0,100,11.686250,6.340891,94.6942
10,100,1.0400,52,0,100,11.758350,6.532109,94.5304
10,100,1.0600,53,0,100,11.833260,6.708716,94.3666
10,100,1.0800,54,0,100,11.910930,6.896210,94.2030
10,100,1.1000,55,0,100,12.435880,7.083347,94.0397
10,100,1.1200,56,0,100,12.528780,7.263278,93.8770
10,100,1.1400,57,0,100,12.624050,7.443930,93.7151
10,100,1.1600,58,0,100,12.721630,7.635045,93.5543
10,100,1.1800,59,0,100,12.821480,7.767789,93.3949
10,100,1.2000,60,0,100,12.923520,7.963398,93.2373
10,100,1.2200,61,0,100,13.027730,8.155120,93.0820
10,100,1.2400,62,0,100,13.134040,8.335201,92.9292
10,100,1.2600,63,0,100,13.242400,8.526345,92.7791
10,100,1.2800,64,0,100,13.352770,8.718176,92.6318
10,100,1.3000,65,0,100,13.465090,8.908929,92.4872
10,100,1.3200,66,0,100,13.579320,9.096809,92.3451
10,100,1.3400,67,0,100,13.743090,9.288107,92.2051
10,100,1.3600,68,0,100,13.921170,9.480263,92.0671
10,100,1.3800,69,1,99,14.099740,9.670861,91.9307
10,100,1.4000,70,0,100,14.278770,9.863631,91.7959
10,100,1.4200,71,0,100,14.458240,10.054530,91.6625
10,100,1.4400,72,0,100,14.638150,10.183720,91.5303
10,100,1.4600,73,0,100,14.818460,10.371570,91.3991
10,100,1.4800,74,0,100,14.999180,10.559740,91.2678
10,100,1.5000,75,0,100,15.180280,10.748090,91.1365
10,100,1.5200,76,0,100,15.361750,10.837640,91.0051
10,100,1.5400,77,0,100,15.543580,11.025480,90.8732
10,100,1.5600,78,0,100,15.352100,11.058060,90.7408
10,100,1.5800,79,0,100,15.543170,11.100990,90.6081
10,100,1.6000,80,0,100,15.735890,11.189620,90.4745
10,100,1.6200,81,0,100,15.930900,11.303230,90.3395
10,100,1.6400,82,0,100,16.125940,11.482770,90.2025
10,100,1.6600,83,0,100,16.321000,11.635300,90.0629
10,100,1.6800,84,0,100,16.516090,11.557050,89.9202
10,100,1.7000,85,0,100,16.711200,11.596790,89.7743
10,100,1.7200,86,0,100,16.906350,11.716610,89.6251
10,100,1.7400,87,0,100,17.101510,11.820670,89.4721
10,100,1.7600,88,0,100,17.296700,11.876030,89.3151
10,100,1.7800,89,0,100,17.491910,11.903020,89.1541
10,100,1.8000,90,0,100,17.687140,11.915290,88.9892
10,100,1.8200,91,1,99,17.882400,12.066120,88.8204
10,100,1.8400,92,1,99,18.077670,12.241840,88.6477
10,100,1.8600,93,1,99,18.272970,12.368170,88.4710
10,100,1.8800,94,1,99,18.468280,12.498210,88.2905
10,100,1.9000,95,1,99,18.663610,12.660900,88.1060
10,100,1.9200,96,1,99,18.858960,12.814880,87.9175
10,100,1.9400,97,1,99,19.054330,12.974150,87.7252
10,100,1.9600,98,1,99,19.249720,13.136740,87.5289
10,100,1.9800,99,1,99,19.445120,13.302020,87.3287
10,100,2.0000,100,1,99,19.640530,13.448040,87.1246
10,100,2.0200,101,1,99,19.835970,13.595510,86.9165
10,100,2.0400,102,1,99,20.031410,13.754880,86.7046
10,100,2.0600,103,1,99,20.226880,13.909470,86.4887
10,100,2.0800,104,1,99,20.422350,14.072130,86.2689
10,100,2.1000,105,1,99,20.617840,14.235680,86.0451
10,100,2.1200,106,0,100,20.813340,14.234910,85.8175
10,100,2.1400,107,0,100,21.008860,14.181400,85.5859
10,100,2.1600,108,0,100,21.204390,14.254530,85.3504
10,100,2.1800,109,0,100,21.399930,14.349810,85.1109
10,100,2.2000,110,0,100,21.595480,14.496960,84.8676
10,100,2.2200,111,0,100,21.791050,14.603720,84.6203
10,100,2.2400,112,0,100,21.986620,14.758520,84.3691
10,100,2.2600,113,0,100,22.182210,14.916520,84.1139
10,100,2.2800,114,0,100,22.377810,14.973980,83.8549
10,100,2.3000,115,0,100,22.573420,15.095380,83.5919
10,100,2.3200,116,0,100,22.758960,15.226880,83.3250
10,100,2.3400,117,0,100,22.955160,15.196580,83.0541
10,100,2.3600,118,0,100,23.151350,15.324850,82.7794
10,100,2.3800,119,0,100,23.347540,15.469950,82.5007
10,100,2.4000,120,0,100,23.543740,15.460700,82.2181
10,100,2.4200,121,0,100,23.739930,15.579500,81.9316
10,100,2.4400,122,0,100,23.936120,15.526380,81.6411
10,100,2.4600,123,0,100,24.132320,15.422490,81.3468
10,100,2.4800,124,0,100,24.328510,15.317050,81.0485
10,100,2.5000,125,0,100,24.524710,15.349380,80.7462
10,100,2.5200,126,0,100,24.720900,15.485230,80.4401
10,100,2.5400,127,0,100,24.917090,15.504210,80.1300
10,100,2.5600,128,0,100,24.637530,15.318190,79.8160
10,100,2.5800,129,0,100,24.833720,15.253890,79.4981
10,100,2.6000,130,0,100,24.924290,15.314760,79.1763
10,100,2.6200,131,0,100,25.116670,15.347130,78.8505
10,100,2.6400,132,0,100,25.311680,15.343670,78.5208
10,100,2.6600,133,0,100,25.506700,15.330010,78.1872
10,100,2.6800,134,0,100,25.701740,15.363900,77.8496
10,100,2.7000,135,0,100,25.896800,15.350770,77.5082
10,100,2.7200,136,0,100,26.091880,15.285530,77.1628
10,100,2.7400,137,0,100,26.286970,15.217380,76.8135
10,100,2.7600,138,0,100,26.482080,15.262220,76.4602
10,100,2.7800,139,0,100,26.677200,15.121260,76.1031
10,100,2.8000,140,0,100,26.872340,14.994140,75.7420
10,100,2.8200,141,0,100,27.067500,14.953730,75.3770
10,100,2.8400,142,0,100,27.262670,15.064840,75.0081
10,100,2.8600,143,0,100,27.457850,15.190390,74.6352
10,100,2.8800,144,0,100,27.653050,15.225870,74.2584
10,100,2.9000,145,0,100,27.848260,15.262390,73.8777
10,100,2.9200,146,0,100,28.043490,15.351180,73.4931
10,100,2.9400,147,0,100,28.238730,15.458790,73.1046
10,100,2.9600,148,0,100,28.433990,15.527440,72.7121
10,100,2.9800,149,0,100,28.629260,15.652520,72.3157
10,100,3.0000,150,0,100,28.824530,15.770560,71.9154
10,100,3.0200,151,0,100,29.019830,15.843700,71.5111
10,100,3.0400,152,0,100,29.215130,15.955110,71.1029
10,100,3.0600,153,0,100,29.410450,16.073650,70.6908
10,100,3.0800,154,0,100,29.605770,16.164770,70.2748
10,100,3.1000,155,0,100,29.801110,16.286560,69.8549
10,100,3.1200,156,0,100,29.996460,16.155150,69.4310
10,100,3.1400,157,0,100,30.191830,16.239060,69.0032
10,100,3.1600,158,0,100,30.387200,16.348380,68.5715
10,100,3.1800,159,0,100,30.582580,15.969060,68.1359
10,100,3.2000,160,0,100,30.777970,15.812950,67.6963
10,100,3.2200,161,0,100,30.973380,15.913130,67.2528
10,100,3.2400,162,0,100,31.168790,15.865550,66.8054
10,100,3.2600,163,1,99,30.963530,15.305630,66.3541
10,100,3.2800,164,0,100,30.925580,15.051790,65.8988
10,100,3.3000,165,0,100,31.121450,15.122520,65.4396
10,100,3.3200,166,0,100,31.317340,15.241810,64.9765
10,100,3.3400,167,1,99,31.513230,15.358530,64.5095
10,100,3.3600,168,3,97,31.709120,15.361570,64.0385
10,100,3.3800,169,2,98,31.905010,15.145890,63.5637
10,100,3.4000,170,2,98,31.016990,14.678170,63.0849
10,100,3.4200,171,2,98,31.207760,14.661590,62.6021
10,100,3.4400,172,2,98,31.403620,14.608990,62.1155
10,100,3.4600,173,2,98,31.599480,14.524000,61.6249
10,100,3.4800,174,2,98,31.795350,14.495450,61.1304
10,100,3.5000,175,2,98,31.937730,14.287510,60.6320
10,100,3.5200,176,2,98,31.968140,14.192070,60.1297
10,100,3.5400,177,1,99,32.162940,14.020960,59.6234
10,100,3.5600,178,1,99,31.855760,14.067680,59.1132
10,100,3.5800,179,1,99,32.051900,13.854680,58.5991
10,100,3.6000,180,1,99,32.248030,13.810320,58.0810
10,100,3.6200,181,1,99,32.444170,13.888530,57.5591
10,100,3.6400,182,1,99,32.637850,13.860750,57.0332
10,100,3.6600,183,1,99,32.834010,13.693660,56.5034
10,100,3.6800,184,1,99,32.878180,13.580730,55.9696
10,100,3.7000,185,1,99,33.074330,13.635560,55.4320
10,100,3.7200,186,1,99,33.270480,13.614600,54.8904
10,100,3.7400,187,1,99,33.461110,13.396780,54.3449
10,100,3.7600,188,1,99,33.599860,13.264950,53.7954
10,100,3.7800,189,1,99,33.795980,13.220130,53.2421
10,100,3.8000,190,1,99,33.266570,13.171330,52.6848
10,100,3.8200,191,1,99,33.462640,13.104890,52.1236
10,100,3.8400,192,1,99,33.658710,13.137210,51.5584
10,100,3.8600,193,0,100,33.854780,13.081000,50.9894
10,100,3.8800,194,1,99,34.050850,12.933420,50.4164
10,100,3.9000,195,1,99,34.109530,12.588250,49.8395
10,100,3.9200,196,1,99,33.593220,12.598210,49.2587
10,100,3.9400,197,1,99,33.789380,12.482460,48.6739
10,100,3.9600,198,1,99,33.985540,12.497590,48.0853
10,100,3.9800,199,1,99,34.181700,12.509740,47.4927
10,100,4.0000,200,1,99,34.377860,12.481880,46.8961
10,100,4.0200,201,1,99,34.238490,12.509720,46.2957
10,100,4.0400,202,1,99,34.434680,12.531460,45.6913
10,100,4.0600,203,1,99,34.630860,12.562670,45.0830
10,100,4.0800,204,1,99,34.827050,12.227630,44.4708
10,100,4.1000,205,1,99,35.023230,12.067420,43.8547
10,100,4.1200,206,1,99,35.193330,11.801820,43.2346
10,100,4.1400,207,3,97,35.151770,11.689460,42.6106
10,100,4.1600,208,3,97,35.191470,11.422590,41.9827
10,100,4.1800,209,3,97,34.980030,11.289610,41.3509
10,100,4.2000,210,3,97,35.176240,11.277960,40.7151
10,100,4.2200,211,4,96,35.251140,11.258180,40.0754
10,100,4.2400,212,4,96,35.008470,11.190090,39.4318
10,100,4.2600,213,6,94,35.204660,11.218030,38.7843
10,100,4.2800,214,4,96,35.400860,11.219470,38.1328
10,100,4.3000,215,4,96,35.597050,11.109370,37.4774
10,100,4.3200,216,4,96,35.793250,11.004980,36.8181
10,100,4.3400,217,4,96,35.981180,10.744890,36.1549
10,100,4.3600,218,4,96,35.817920,10.690370,35.4877
10,100,4.3800,219,3,97,36.014090,10.474130,34.8167
10,100,4.4000,220,2,98,36.205270,10.246700,34.1417
10,100,4.4200,221,2,98,36.160360,10.113260,33.4627
10,100,4.4400,222,2,98,36.292770,10.085430,32.7799
10,100,4.4600,223,2,98,36.488960,10.108680,32.0931
10,100,4.4800,224,2,98,36.221700,10.115620,31.4024
10,100,4.5000,225,2,98,36.417900,10.042750,30.7078
10,100,4.5200,226,2,98,36.614090,9.948302,30.0093
10,100,4.5400,227,2,98,36.810280,9.887280,29.3068
10,100,4.5600,228,2,98,37.006480,9.752532,28.6004
10,100,4.5800,229,2,98,37.202670,9.640587,27.8901
10,100,4.6000,230,2,98,37.398870,9.444304,27.1758
10,100,4.6200,231,2,98,37.544180,9.000786,26.4577
10,100,4.6400,232,2,98,37.606600,8.689303,25.7356
10,100,4.6600,233,2,98,37.760580,8.575292,25.0096
10,100,4.6800,234,2,98,37.785730,8.532357,24.2796
10,100,4.7000,235,2,98,37.916090,8.513700,23.5458
10,100,4.7200,236,2,98,37.910860,8.476620,22.8080
10,100,4.7400,237,2,98,38.107060,8.023823,22.0663
10,100,4.7600,238,3,97,38.168390,7.810089,21.3206
10,100,4.7800,239,3,97,38.364590,7.859839,20.5711
10,100,4.8000,240,4,96,38.551490,7.826601,19.8176
10,100,4.8200,241,4,96,38.622070,7.845603,19.0602
10,100,4.8400,242,4,96,38.817530,7.612633,18.2988
10,100,4.8600,243,3,97,38.848020,7.184941,17.5336
10,100,4.8800,244,3,97,38.987510,7.113532,16.7644
10,100,4.9000,245,3,97,38.996420,6.942019,15.9913
10,100,4.9200,246,4,96,39.192620,6.176805,15.2143
10,100,4.9400,247,4,96,39.160550,6.081111,14.4333
10,100,4.9600,248,4,96,39.356750,5.885767,13.6485
10,100,4.9800,249,4,96,39.552950,5.764368,12.8597
10,100,5.0000,250,4,96,39.726880,5.470331,12.0669
10,100,5.0200,251,6,94,39.837710,5.286144,11.2703
10,100,5.0400,252,6,94,40.033910,5.218092,10.4697
10,100,5.0600,253,6,94,40.226220,5.147274,9.6652
10,100,5.0800,254,6,94,33.833380,4.989286,9.1760
10,100,5.1000,255,6,94,34.027640,4.814164,8.6256
10,100,5.1200,256,6,94,34.221930,4.585194,8.0685
10,100,5.1400,257,6,94,34.416230,4.462244,7.5075
10,100,5.1600,258,6,94,33.353680,4.235662,6.9426
10,100,5.1800,259,7,93,33.549820,3.911242,6.3738
10,100,5.2000,260,7,93,32.071090,3.528041,5.8011
10,100,5.2200,261,7,93,30.390960,3.373869,5.2244
10,100,5.2400,262,8,92,29.547310,3.271192,4.6438
10,100,5.2600,263,10,90,26.667010,3.149082,4.2648
10,100,5.2800,264,8,92,23.636540,2.994211,3.9751
10,100,5.3000,265,8,92,23.798960,2.957453,3.6834
10,100,5.3200,266,8,92,21.130760,2.932124,3.3885
10,100,5.3400,267,7,93,21.064110,2.860317,3.1631
10,100,5.3600,268,7,93,20.548450,2.717743,3.1151
10,100,5.3800,269,7,93,19.712490,2.635471,3.1364
10,100,5.4000,270,7,93,18.640810,2.570666,3.1991
10,100,5.4200,271,8,92,18.278290,2.564723,3.2579
10,100,5.4400,272,8,92,18.705220,2.464259,3.3128
10,100,5.4600,273,9,91,18.780980,2.406362,3.3637
10,100,5.4800,274,10,90,18.858480,2.329356,3.4107
10,100,5.5000,275,10,90,18.937690,2.282552,3.4538
10,100,5.5200,276,10,90,14.728900,2.177620,3.4930
10,100,5.5400,277,10,90,14.539030,2.137557,3.5282
10,100,5.5600,278,10,90,12.943250,2.097214,3.5596
10,100,5.5800,279,10,90,13.028540,2.072647,3.5870
10,100,5.6000,280,10,90,11.568340,1.991900,3.6104
10,100,5.6200,281,12,88,11.512390,1.965334,3.6300
10,100,5.6400,282,13,87,11.459520,1.941920,3.6456
10,100,5.6600,283,14,86,11.409790,1.876762,3.6573
10,100,5.6800,284,14,86,11.363220,1.853346,3.6651
10,100,5.7000,285,13,87,11.322490,1.804593,3.6689
10,100,5.7200,286,13,87,11.353850,1.777507,3.6688
10,100,5.7400,287,14,86,11.388500,1.715067,3.6648
10,100,5.7600,288,13,87,11.426420,1.667970,3.6569
10,100,5.7800,289,14,86,11.467570,1.661623,3.6451
10,100,5.8000,290,14,86,11.511910,1.645075,3.6293
10,100,5.8200,291,14,86,11.559420,1.648255,3.6096
10,100,5.8400,292,14,86,11.610050,1.647493,3.5860
10,100,5.8600,293,15,85,11.663750,1.617565,3.5584
10,100,5.8800,294,15,85,11.720500,1.617665,3.5270
10,100,5.9000,295,17,83,11.069720,1.569665,3.4916
10,100,5.9200,296,17,83,11.063550,1.539492,3.4523
10,100,5.9400,297,17,83,11.060850,1.476956,3.4090
10,100,5.9600,298,18,82,11.061640,1.433275,3.3619
10,100,5.9800,299,18,82,11.065900,1.396702,3.3108
10,100,6.0000,300,18,82,11.073640,1.383759,3.2558
10,100,6.0200,301,18,82,11.084850,1.376242,3.1968
10,100,6.0400,302,18,82,11.099510,1.326805,3.1340
10,100,6.0600,303,18,82,11.117620,1.273537,3.0672
10,100,6.0800,304,19,81,11.139150,1.257557,2.9965
10,100,6.1000,305,21,79,11.164090,1.239467,2.9219
10,100,6.1200,306,24,76,11.192420,1.229529,2.8433
10,100,6.1400,307,24,76,11.224100,1.180174,2.7608
10,100,6.1600,308,23,77,11.259120,1.167088,2.6744
10,100,6.1800,309,25,75,11.297430,1.132769,2.5841
10,100,6.2000,310,25,75,11.339010,1.106736,2.4899
10,100,6.2200,311,25,75,11.383820,1.083987,2.3917
10,100,6.2400,312,24,76,11.431830,1.046057,2.2896
10,100,6.2600,313,24,76,11.482980,1.040610,2.1836
10,100,6.2800,314,24,76,11.537240,0.994884,2.0736
10,100,6.3000,315,24,76,11.594580,0.978277,1.9598
10,100,6.3200,316,25,75,11.654930,0.967484,1.8420
10,100,6.3400,317,25,75,11.718260,0.949760,1.8228
10,100,6.3600,318,25,75,11.784510,0.930365,1.8077
10,100,6.3800,319,25,75,11.853640,0.917513,1.7887
10,100,6.4000,320,25,75,11.925600,0.870253,1.7657
10,100,6.4200,321,25,75,12.000330,0.834004,1.7389
10,100,6.4400,322,25,75,12.077790,0.814093,1.7331
10,100,6.4600,323,26,74,12.157930,0.811384,1.7392
10,100,6.4800,324,26,74,12.240680,0.817916,1.7446
10,100,6.5000,325,26,74,9.899358,0.773402,1.7495
10,100,6.5200,326,26,74,9.879929,0.785398,1.7537
10,100,6.5400,327,27,73,9.864365,0.787201,1.7576
10,100,6.5600,328,26,74,9.852684,0.768023,1.7593
10,100,6.5800,329,26,74,9.844900,0.743771,1.7590
10,100,6.6000,330,26,74,9.841023,0.713536,1.7588
10,100,6.6200,331,26,74,9.841057,0.715746,1.7582
10,100,6.6400,332,25,75,9.845000,0.707529,1.7567
10,100,6.6600,333,26,74,9.852851,0.661896,1.7539
10,100,6.6800,334,28,72,9.864598,0.659490,1.7498
10,100,6.7000,335,28,72,9.880228,0.641871,1.7441
10,100,6.7200,336,29,71,9.899723,0.609829,1.7374
10,100,6.7400,337,30,70,9.923059,0.597094,1.7294
10,100,6.7600,338,31,69,9.950210,0.590295,1.7202
10,100,6.7800,339,31,69,9.981145,0.589693,1.7127
10,100,6.8000,340,31,69,10.015830,0.525772,1.7079
10,100,6.8200,341,31,69,8.659208,0.507886,1.7040
10,100,6.8400,342,31,69,8.598207,0.464154,1.7001
10,100,6.8600,343,31,69,8.541278,0.454628,1.6953
10,100,6.8800,344,31,69,8.488503,0.452089,1.6909
10,100,6.9000,345,31,69,8.439960,0.446061,1.6849
10,100,6.9200,346,31,69,8.395723,0.429835,1.6799
10,100,6.9400,347,32,68,8.355860,0.431604,1.6731
10,100,6.9600,348,34,66,8.320433,0.409718,1.6684
10,100,6.9800,349,37,63,8.289500,0.401825,1.6620
10,100,7.0000,350,38,62,8.263110,0.385008,1.6578
10,100,7.0200,351,38,62,8.241309,0.359219,1.6515
10,100,7.0400,352,39,61,8.224132,0.362988,1.6475
10,100,7.0600,353,43,57,8.211608,0.367750,1.6409
10,100,7.0800,354,45,55,8.203758,0.367524,1.6359
10,100,7.1000,355,45,55,8.200596,0.369372,1.6292
10,100,7.1200,356,45,55,8.202127,0.351849,1.6223
10,100,7.1400,357,47,53,8.208350,0.344786,1.6133
10,100,7.1600,358,53,47,8.219253,0.344585,1.6029
10,100,7.1800,359,46,54,8.234817,0.327960,1.5924
10,100,7.2000,360,46,54,8.255015,0.331151,1.5853
10,100,7.2200,361,46,54,8.279816,0.331392,1.5799
10,100,7.2400,362,47,53,8.309175,0.328157,1.5742
10,100,7.2600,363,54,46,8.343047,0.321060,1.5686
10,100,7.2800,364,55,45,8.381376,0.289220,1.5627
10,100,7.3000,365,55,45,8.424102,0.276855,1.5568
10,100,7.3200,366,55,45,8.471157,0.276866,1.5501
10,100,7.3400,367,55,45,8.522470,0.276187,1.5425
10,100,7.3600,368,56,44,8.577966,0.277576,1.5338
10,100,7.3800,369,56,44,8.637562,0.282381,1.5238
10,100,7.4000,370,56,44,8.313525,0.273083,1.5125
10,100,7.4200,371,56,44,8.318179,0.265377,1.5032
10,100,7.4400,372,56,44,8.327456,0.265845,1.5032
10,100,7.4600,373,56,44,7.624826,0.255433,1.5041
10,100,7.4800,374,56,44,7.534641,0.251339,1.5070
10,100,7.5000,375,56,44,7.448534,0.247810,1.5093
10,100,7.5200,376,57,43,7.366647,0.234217,1.5108
10,100,7.5400,377,57,43,7.289123,0.227597,1.5116
10,100,7.5600,378,57,43,7.216101,0.203805,1.5108
10,100,7.5800,379,68,32,7.147720,0.184369,1.5078
10,100,7.6000,380,75,25,7.084116,0.174713,1.5032
10,100,7.6200,381,75,25,7.025415,0.163782,1.5032
10,100,7.6400,382,75,25,6.971745,0.164826,1.5032
10,100,7.6600,383,76,24,6.923220,0.162972,1.5032
10,100,7.6800,384,76,24,6.879950,0.161052,1.5032
10,100,7.7000,385,78,22,6.842035,0.162174,1.5032
10,100,7.7200,386,78,22,6.809564,0.148181,1.5032
10,100,7.7400,387,78,22,6.782615,0.146441,1.5032
10,100,7.7600,388,78,22,6.761254,0.145052,1.5032
10,100,7.7800,389,78,22,6.745534,0.142605,1.5032
10,100,7.8000,390,81,19,6.735496,0.141795,1.5032
10,100,7.8200,391,78,22,6.731164,0.143834,1.5032
10,100,7.8400,392,78,22,6.732549,0.144764,1.5032
10,100,7.8600,393,78,22,6.739648,0.145060,1.5032
10,100,7.8800,394,78,22,6.752442,0.145310,1.5032
10,100,7.9000,395,78,22,6.770901,0.138707,1.5032
10,100,7.9200,396,78,22,6.794976,0.140015,1.5032
10,100,7.9400,397,78,22,6.824609,0.140394,1.5032
10,100,7.9600,398,80,20,6.859728,0.141776,1.5032
10,100,7.9800,399,80,20,6.900249,0.144131,1.5032
10,100,8.0000,400,80,20,6.946078,0.144666,1.5032
10,100,8.0200,401,81,19,6.997110,0.145810,1.5032
10,100,8.0400,402,81,19,7.053233,0.140215,1.5032
10,100,8.0600,403,85,15,7.114325,0.126593,1.5032
10,100,8.0800,404,85,15,7.180260,0.125233,1.5032
10,100,8.1000,405,86,14,7.250906,0.125241,1.5032
10,100,8.1200,406,86,14,7.326126,0.125581,1.5032
10,100,8.1400,407,86,14,7.405782,0.123407,1.5032
10,100,8.1600,408,89,11,7.489731,0.121962,1.5032
10,100,8.1800,409,89,11,7.577832,0.114088,1.5032
10,100,8.2000,410,89,11,6.497657,0.102097,1.5032
10,100,8.2200,411,89,11,6.481777,0.102414,1.5032
10,100,8.2400,412,92,8,6.471807,0.102882,1.5032
10,100,8.2600,413,92,8,6.467778,0.103889,1.5032
10,100,8.2800,414,92,8,6.469698,0.106466,1.5032
10,100,8.3000,415,92,8,6.477563,0.109990,1.5032
10,100,8.3200,416,93,7,6.491352,0.109932,1.5032
10,100,8.3400,417,93,7,6.511026,0.112596,1.5032
10,100,8.3600,418,93,7,6.473894,0.109973,1.5032
10,100,8.3800,419,93,7,6.488178,0.106613,1.5032
10,100,8.4000,420,93,7,6.508348,0.105835,1.5032
10,100,8.4200,421,93,7,6.534350,0.107429,1.5032
10,100,8.4400,422,93,7,6.566114,0.102881,1.5032
10,100,8.4600,423,93,7,6.603557,0.100060,1.5032
10,100,8.4800,424,93,7,6.646583,0.099218,1.5032
10,100,8.5000,425,93,7,6.695084,0.099117,1.5032
10,100,8.5200,426,93,7,4.671143,0.079245,1.5032
10,100,8.5400,427,93,7,4.571772,0.078778,1.5032
10,100,8.5600,428,93,7,4.478797,0.077915,1.5032
10,100,8.5800,429,93,7,4.392622,0.078000,1.5032
10,100,8.6000,430,93,7,4.313655,0.079756,1.5032
10,100,8.6200,431,93,7,4.242300,0.081801,1.5032
10,100,8.6400,432,93,7,4.178945,0.084028,1.5032
10,100,8.6600,433,93,7,4.123960,0.080406,1.5032
10,100,8.6800,434,93,7,4.077683,0.076129,1.5032
10,100,8.7000,435,93,7,4.040413,0.075203,1.5032
10,100,8.7200,436,93,7,4.012402,0.071532,1.5032
10,100,8.7400,437,93,7,3.993843,0.070942,1.5032
10,100,8.7600,438,94,6,3.984870,0.072316,1.5032
10,100,8.7800,439,94,6,3.985547,0.072378,1.5032
10,100,8.8000,440,95,5,3.995869,0.072779,1.5032
10,100,8.8200,441,95,5,4.015762,0.074152,1.5032
10,100,8.8400,442,95,5,4.045084,0.069514,1.5032
10,100,8.8600,443,95,5,4.083633,0.067201,1.5032
10,100,8.8800,444,95,5,4.131149,0.062301,1.5032
10,100,8.9000,445,95,5,4.187329,0.056771,1.5032
10,100,8.9200,446,95,5,4.251828,0.056444,1.5032
10,100,8.9400,447,95,5,4.324274,0.056173,1.5032
10,100,8.9600,448,95,5,4.404275,0.056026,1.5032
10,100,8.9800,449,95,5,4.491428,0.051587,1.5032
10,100,9.0000,450,95,5,4.585324,0.050480,1.5032
10,100,9.0200,451,95,5,4.685559,0.051696,1.5032
10,100,9.0400,452,95,5,4.791733,0.052675,1.5032
10,100,9.0600,453,95,5,2.422672,0.028917,1.5032
10,100,9.0800,454,95,5,2.283725,0.029396,1.5032
10,100,9.1000,455,95,5,2.153706,0.025374,1.5032
10,100,9.1200,456,95,5,2.034328,0.023387,1.5032
10,100,9.1400,457,95,5,1.927567,0.023611,1.5032
10,100,9.1600,458,96,4,1.835629,0.023409,1.5032
10,100,9.1800,459,96,4,1.760834,0.023324,1.5032
10,100,9.2000,460,97,3,1.705442,0.023690,1.5032
10,100,9.2200,461,97,3,1.671381,0.024357,1.5032
10,100,9.2400,462,97,3,1.659965,0.021583,1.5032
10,100,9.2600,463,97,3,1.671659,0.017793,1.5032
10,100,9.2800,464,97,3,1.705988,0.017329,1.5032
10,100,9.3000,465,97,3,1.761627,0.018115,1.5032
10,100,9.3200,466,97,3,1.836643,0.018557,1.5032
10,100,9.3400,467,97,3,1.928775,0.019324,1.5032
10,100,9.3600,468,98,2,1.631404,0.016353,1.5032
10,100,9.3800,469,98,2,1.475648,0.014783,1.5032
10,100,9.4000,470,98,2,1.475741,0.014764,1.5032
10,100,9.4200,471,98,2,1.481113,0.014813,1.5032
10,100,9.4400,472,98,2,1.494710,0.014949,1.5032
10,100,9.4600,473,98,2,1.520619,0.015207,1.5032
10,100,9.4800,474,98,2,1.554634,0.015547,1.5032
10,100,9.5000,475,98,2,1.598096,0.015981,1.5032
10,100,9.5200,476,98,2,1.649382,0.016494,1.5032
10,100,9.5400,477,98,2,1.709612,0.017096,1.5032
10,100,9.5600,478,99,1,1.776914,0.017769,1.5032
10,100,9.5800,479,99,1,1.852327,0.018523,1.5032
10,100,9.6000,480,99,1,1.934860,0.019349,1.5032
10,100,9.6200,481,99,1,2.024038,0.020240,1.5032
10,100,9.6400,482,99,1,2.114688,0.021147,1.5032
10,100,9.6600,483,99,1,2.220366,0.022204,1.5032
10,100,9.6800,484,99,1,2.332605,0.023326,1.5032
10,100,9.7000,485,99,1,1.459345,0.014593,1.5032
10,100,9.7200,486,99,1,0.386885,0.003869,1.5032
10,100,9.7400,487,99,1,0.292014,0.002920,1.5032
10,100,9.7600,488,99,1,0.145955,0.001460,1.5032
10,100,9.7800,489,99,1,0.044568,0.000446,1.5032
10,100,9.8000,490,99,1,0.133116,0.001331,1.5032
10,100,9.8200,491,99,1,0.259029,0.002590,1.5032
10,100,9.8400,492,99,1,0.385792,0.003858,1.5032
10,100,9.8600,493,99,1,0.430027,0.004300,1.5032
10,100,9.8800,494,99,1,0.138001,0.001380,1.5032
10,100,9.9000,495,99,1,0.020082,0.000201,1.5032
10,100,9.9200,496,99,1,0.031613,0.000316,1.5032
10,100,9.9400,497,99,1,0.020988,0.000210,1.5032
10,100,9.9600,498,99,1,0.005644,0.000056,1.5032
10,100,9.9800,499,99,1,0.001857,0.000019,1.5032
10,100,10.0000,500,99,1,0.002559,0.000026,1.5032
10,100,10.0200,501,99,1,0.001279,0.000013,1.5032
10,100,10.0400,502,99,1,0.000241,0.000002,1.5032
10,100,10.0600,503,99,1,0.000226,0.000002,1.5032
10,100,10.0800,504,99,1,0.000217,0.000002,1.5032
10,100,10.1000,505,99,1,0.000077,0.000001,1.5032
10,100,10.1200,506,100,0,0.000000,0.000000,1.5032
11,100,0.0200,1,0,100,0.000000,0.000000,99.5000
11,100,0.0400,2,0,100,0.196200,0.190713,99.4961
11,100,0.0600,3,0,100,0.392416,0.377407,99.4882
11,100,0.0800,4,0,100,0.588610,0.560089,99.4765
11,100,0.1000,5,0,100,0.784804,0.738735,99.4608
11,100,0.1200,6,0,100,0.981000,0.913324,99.4411
11,100,0.1400,7,0,100,1.177199,1.083839,99.4176
11,100,0.1600,8,0,100,1.373399,1.250268,99.3901
11,100,0.1800,9,0,100,1.569599,1.412598,99.3587
11,100,0.2000,10,0,100,1.765799,1.570838,99.3234
11,100,0.2200,11,0,100,1.961999,1.724969,99.2842
11,100,0.2400,12,0,100,2.158199,1.878805,99.2410
11,100,0.2600,13,0,100,2.354399,2.027403,99.1939
11,100,0.2800,14,0,100,2.550599,2.172070,99.1429
11,100,0.3000,15,0,100,2.746799,2.312042,99.0880
11,100,0.3200,16,0,100,2.942999,2.447932,99.0291
11,100,0.3400,17,0,100,3.139199,2.579928,98.9663
11,100,0.3600,18,0,100,3.335398,2.708108,98.8996
11,100,0.3800,19,0,100,3.531598,2.832469,98.8290
11,100,0.4000,20,0,100,3.727798,2.952908,98.7544
11,100,0.4200,21,0,100,3.923998,3.069634,98.6760
11,100,0.4400,22,0,100,4.120227,3.182466,98.5935
11,100,0.4600,23,0,100,4.316378,3.291260,98.5072
11,100,0.4800,24,0,100,4.512552,3.396054,98.4170
11,100,0.5000,25,0,100,4.708716,3.499741,98.3228
11,100,0.5200,26,0,100,4.904794,3.598538,98.2247
11,100,0.5400,27,0,100,5.100783,3.691768,98.1227
11,100,0.5600,28,0,100,5.296669,3.800146,98.0168
11,100,0.5800,29,0,100,5.492197,3.888310,97.9069
11,100,0.6000,30,0,100,5.687244,3.983418,97.7932
11,100,0.6200,31,0,100,5.881404,4.078570,97.6755
11,100,0.6400,32,0,100,6.074231,4.160007,97.5540
11,100,0.6600,33,0,100,6.265130,4.248204,97.4287
11,100,0.6800,34,0,100,6.453179,4.334288,97.2997
11,100,0.7000,35,0,100,6.637475,4.401130,97.1669
11,100,0.7200,36,0,100,6.816875,4.506514,97.0305
11,100,0.7400,37,0,100,6.989947,4.566290,96.8907
11,100,0.7600,38,0,100,7.155342,4.630841,96.7476
11,100,0.7800,39,0,100,7.311657,4.694419,96.6013
11,100,0.8000,40,0,100,7.457266,4.799959,96.4521
11,100,0.8200,41,0,100,7.591005,4.908578,96.3003
11,100,0.8400,42,0,100,7.711584,4.975353,96.1460
11,100,0.8600,43,0,100,7.818327,5.021127,95.9895
11,100,0.8800,44,0,100,7.910622,5.185544,95.8313
11,100,0.9000,45,0,100,7.988288,5.246550,95.6715
11,100,0.9200,46,0,100,9.910494,5.391360,95.5104
11,100,0.9400,47,0,100,10.666450,5.546500,95.3483
11,100,0.9600,48,0,100,11.317320,5.751598,95.1855
11,100,0.9800,49,0,100,11.355860,5.952717,95.0222
11,100,1.0000,50,0,100,11.397650,6.120234,94.8585
11,100,1.0200,51,0,100,12.293760,6.314904,94.6948
11,100,1.0400,52,0,100,12.347830,6.473609,94.5311
11,100,1.0600,53,0,100,12.404750,6.640955,94.3675
11,100,1.0800,54,0,100,12.464510,6.815899,94.2042
11,100,1.1000,55,0,100,12.527060,6.989090,94.0413
11,100,1.1200,56,0,100,12.592350,7.104354,93.8791
11,100,1.1400,57,0,100,12.660350,7.261775,93.7177
11,100,1.1600,58,0,100,12.731010,7.443613,93.5576
11,100,1.1800,59,0,100,12.804280,7.625642,93.3991
11,100,1.2000,60,0,100,12.880130,7.809673,93.2424
11,100,1.2200,61,0,100,12.958500,7.989213,93.0877
11,100,1.2400,62,0,100,13.039350,8.173618,92.9351
11,100,1.2600,63,0,100,13.122640,8.357214,92.7847
11,100,1.2800,64,0,100,13.208320,8.547635,92.6363
11,100,1.3000,65,0,100,13.296350,8.729979,92.4898
11,100,1.3200,66,0,100,13.474200,8.918199,92.3450
11,100,1.3400,67,0,100,13.667600,9.101611,92.2016
11,100,1.3600,68,0,100,13.861080,9.288883,92.0595
11,100,1.3800,69,0,100,14.054630,9.473240,91.9185
11,100,1.4000,70,0,100,14.248250,9.659596,91.7786
11,100,1.4200,71,0,100,14.441950,9.846591,91.6397
11,100,1.4400,72,0,100,14.635710,10.033930,91.5017
11,100,1.4600,73,0,100,14.829540,10.221790,91.3644
11,100,1.4800,74,0,100,15.023420,10.410780,91.2279
11,100,1.5000,75,0,100,15.217370,10.600250,91.0911
11,100,1.5200,76,0,100,15.411370,10.790530,90.9546
11,100,1.5400,77,0,100,15.605430,10.977610,90.8180
11,100,1.5600,78,0,100,15.799540,11.166190,90.6814
11,100,1.5800,79,0,100,15.993710,11.356250,90.5445
11,100,1.6000,80,0,100,16.187920,11.546730,90.4071
11,100,1.6200,81,0,100,16.382180,11.737100,90.2688
11,100,1.6400,82,0,100,16.576480,11.927700,90.1291
11,100,1.6600,83,0,100,16.770830,12.000410,89.9876
11,100,1.6800,84,0,100,16.965220,12.127130,89.8437
11,100,1.7000,85,0,100,17.159650,12.311190,89.6969
11,100,1.7200,86,0,100,17.354120,12.374040,89.5472
11,100,1.7400,87,0,100,17.548630,12.554470,89.3944
11,100,1.7600,88,0,100,17.743180,12.569360,89.2383
11,100,1.7800,89,0,100,17.937760,12.685940,89.0784
11,100,1.8000,90,0,100,18.132380,12.687770,88.9145
11,100,1.8200,91,0,100,18.327030,12.832250,88.7467
11,100,1.8400,92,0,100,18.521720,12.999180,88.5750
11,100,1.8600,93,0,100,18.716430,12.987500,88.3993
11,100,1.8800,94,0,100,18.911180,12.908570,88.2198
11,100,1.9000,95,0,100,19.105960,12.977910,88.0363
11,100,1.9200,96,0,100,19.300760,12.973480,87.8489
11,100,1.9400,97,0,100,19.495590,13.019580,87.6576
11,100,1.9600,98,0,100,19.690450,13.163910,87.4623
11,100,1.9800,99,0,100,19.885340,13.311220,87.2632
11,100,2.0000,100,0,100,20.080250,13.471180,87.0601
11,100,2.0200,101,0,100,20.275190,13.613860,86.8530
11,100,2.0400,102,0,100,20.470150,13.764330,86.6421
11,100,2.0600,103,0,100,20.665130,13.926510,86.4272
11,100,2.0800,104,0,100,20.860140,13.990220,86.2085
11,100,2.1000,105,0,100,21.055170,13.933510,85.9857
11,100,2.1200,106,0,100,21.250220,14.043960,85.7591
11,100,2.1400,107,0,100,21.445300,14.052510,85.5285
11,100,2.1600,108,0,100,21.587790,14.160670,85.2941
11,100,2.1800,109,0,100,21.783980,14.172050,85.0557
11,100,2.2000,110,0,100,21.980180,14.094550,84.8133
11,100,2.2200,111,0,100,22.176370,14.215070,84.5671
11,100,2.2400,112,0,100,22.201640,14.298840,84.3169
11,100,2.2600,113,0,100,22.397760,14.417430,84.0628
11,100,2.2800,114,0,100,22.593870,14.435300,83.8048
11,100,2.3000,115,0,100,22.664430,14.345360,83.5428
11,100,2.3200,116,0,100,22.860570,14.357700,83.2769
11,100,2.3400,117,0,100,23.056720,14.242380,83.0071
11,100,2.3600,118,0,100,23.252870,14.342310,82.7334
11,100,2.3800,119,0,100,23.449020,14.414780,82.4558
11,100,2.4000,120,0,100,23.645170,14.531510,82.1742
11,100,2.4200,121,0,100,23.841320,14.623850,81.8887
11,100,2.4400,122,0,100,23.822550,14.712850,81.5993
11,100,2.4600,123,0,100,24.018670,14.807400,81.3059
11,100,2.4800,124,0,100,24.136060,14.924370,81.0087
11,100,2.5000,125,0,100,24.332160,15.034790,80.7075
11,100,2.5200,126,0,100,24.528260,15.174520,80.4024
11,100,2.5400,127,0,100,24.695060,14.856810,80.0933
11,100,2.5600,128,0,100,24.890960,14.813700,79.7804
11,100,2.5800,129,0,100,25.086860,14.939450,79.4635
11,100,2.6000,130,0,100,24.757880,14.643410,79.1427
11,100,2.6200,131,0,100,24.953930,14.501940,78.8179
11,100,2.6400,132,0,100,25.149980,14.552050,78.4893
11,100,2.6600,133,0,100,25.346030,14.455540,78.1567
11,100,2.6800,134,0,100,25.542080,14.529000,77.8202
11,100,2.7000,135,0,100,25.639600,14.625690,77.4797
11,100,2.7200,136,0,100,25.835720,14.711670,77.1354
11,100,2.7400,137,0,100,26.031840,14.848180,76.7871
11,100,2.7600,138,0,100,26.227960,14.974870,76.4349
11,100,2.7800,139,0,100,26.424090,15.042610,76.0788
11,100,2.8000,140,0,100,26.620210,15.149740,75.7187
11,100,2.8200,141,0,100,26.816340,15.268230,75.3547
11,100,2.8400,142,0,100,27.012470,15.394560,74.9869
11,100,2.8600,143,0,100,27.208590,15.482520,74.6150
11,100,2.8800,144,0,100,27.404720,15.450060,74.2393
11,100,2.9000,145,0,100,27.600850,15.490520,73.8596
11,100,2.9200,146,0,100,27.368480,15.377250,73.4760
11,100,2.9400,147,0,100,27.564570,15.459980,73.0885
11,100,2.9600,148,0,100,27.760660,15.571650,72.6970
11,100,2.9800,149,0,100,27.956750,15.663240,72.3017
11,100,3.0000,150,0,100,28.152840,15.757930,71.9024
11,100,3.0200,151,0,100,28.348940,15.655220,71.4992
11,100,3.0400,152,0,100,28.545030,15.580970,71.0920
11,100,3.0600,153,0,100,28.741130,15.561050,70.6810
11,100,3.0800,154,0,100,28.937230,15.548710,70.2660
11,100,3.1000,155,0,100,29.133320,15.403500,69.8471
11,100,3.1200,156,0,100,29.329420,15.093680,69.4242
11,100,3.1400,157,0,100,29.525530,14.857600,68.9975
11,100,3.1600,158,0,100,29.702370,14.957050,68.5668
11,100,3.1800,159,0,100,29.816640,14.703400,68.1322
11,100,3.2000,160,0,100,29.714940,14.533780,67.6936
11,100,3.2200,161,0,100,29.707950,14.423160,67.2512
11,100,3.2400,162,0,100,29.904150,14.517650,66.8048
11,100,3.2600,163,0,100,30.100340,14.583750,66.3545
11,100,3.2800,164,0,100,30.262030,14.711260,65.9003
11,100,3.3000,165,0,100,29.983780,14.774890,65.4421
11,100,3.3200,166,0,100,30.179980,14.856980,64.9801
11,100,3.3400,167,0,100,30.376170,14.949720,64.5141
11,100,3.3600,168,0,100,30.572360,15.049490,64.0441
11,100,3.3800,169,0,100,30.768550,14.879550,63.5703
11,100,3.4000,170,0,100,30.964750,14.839040,63.0925
11,100,3.4200,171,0,100,31.118850,14.740630,62.6108
11,100,3.4400,172,0,100,31.101430,14.700820,62.1252
11,100,3.4600,173,0,100,31.285280,14.581080,61.6357
11,100,3.4800,174,1,99,30.755290,14.307970,61.1422
11,100,3.5000,175,1,99,30.951450,14.146040,60.6448
11,100,3.5200,176,1,99,31.147610,14.138790,60.1435
11,100,3.5400,177,1,99,31.343770,14.123230,59.6383
11,100,3.5600,178,1,99,31.539930,14.129310,59.1291
11,100,3.5800,179,1,99,31.736090,14.171640,58.6160
11,100,3.6000,180,1,99,31.932250,14.107440,58.0990
11,100,3.6200,181,1,99,31.923420,14.009820,57.5781
11,100,3.6400,182,1,99,32.055420,13.904030,57.0532
11,100,3.6600,183,1,99,31.954440,13.902810,56.5244
11,100,3.6800,184,1,99,32.150630,13.960290,55.9917
11,100,3.7000,185,1,99,32.346820,14.014160,55.4551
11,100,3.7200,186,1,99,32.519260,14.104750,54.9145
11,100,3.7400,187,1,99,32.385550,14.170940,54.3700
11,100,3.7600,188,1,99,32.581750,14.023150,53.8216
11,100,3.7800,189,3,97,32.777950,14.012270,53.2693
11,100,3.8000,190,3,97,32.974140,13.815370,52.7131
11,100,3.8200,191,3,97,33.170340,13.602830,52.1529
11,100,3.8400,192,3,97,33.366540,13.466090,51.5888
11,100,3.8600,193,3,97,33.311400,13.412240,51.0208
11,100,3.8800,194,3,97,33.201180,13.405080,50.4488
11,100,3.9000,195,3,97,33.397380,13.308340,49.8730
11,100,3.9200,196,3,97,33.540260,13.319250,49.2932
11,100,3.9400,197,3,97,33.249780,13.243320,48.7094
11,100,3.9600,198,3,97,33.445960,13.148220,48.1218
11,100,3.9800,199,3,97,33.642140,13.049140,47.5302
11,100,4.0000,200,3,97,33.838330,12.930460,46.9347
11,100,4.0200,201,3,97,34.034510,12.854590,46.3353
11,100,4.0400,202,4,96,34.128320,12.748120,45.7320
11,100,4.0600,203,4,96,34.308850,12.718530,45.1247
11,100,4.0800,204,4,96,34.352930,12.718250,44.5135
11,100,4.1000,205,4,96,34.481760,12.680260,43.8984
11,100,4.1200,206,4,96,34.677930,12.652880,43.2794
11,100,4.1400,207,4,96,34.290700,12.665400,42.6564
11,100,4.1600,208,3,97,34.486880,12.661710,42.0296
11,100,4.1800,209,4,96,34.683060,12.310700,41.3987
11,100,4.2000,210,3,97,34.879230,12.202100,40.7640
11,100,4.2200,211,3,97,35.075410,11.962030,40.1254
11,100,4.2400,212,3,97,35.271590,11.865170,39.4828
11,100,4.2600,213,3,97,35.365800,11.832870,38.8363
11,100,4.2800,214,4,96,35.561990,11.773830,38.1859
11,100,4.3000,215,5,95,35.476820,11.567560,37.5315
11,100,4.3200,216,5,95,35.673000,11.516730,36.8732
11,100,4.3400,217,5,95,35.859860,11.499170,36.2110
11,100,4.3600,218,5,95,35.948640,11.327210,35.5449
11,100,4.3800,219,5,95,35.903310,11.165870,34.8749
11,100,4.4000,220,5,95,36.099510,11.051330,34.2009
11,100,4.4200,221,5,95,36.200250,10.917090,33.5230
11,100,4.4400,222,5,95,36.206240,10.782580,32.8412
11,100,4.4600,223,5,95,36.350360,10.613540,32.1554
11,100,4.4800,224,4,96,36.247980,10.615370,31.4658
11,100,4.5000,225,5,95,36.444180,10.506260,30.7722
11,100,4.5200,226,5,95,36.640380,10.374360,30.0747
11,100,4.5400,227,5,95,36.836580,10.354700,29.3732
11,100,4.5600,228,5,95,36.962880,10.112080,28.6679
11,100,4.5800,229,5,95,36.756110,10.110860,27.9586
11,100,4.6000,230,5,95,36.952310,9.223325,27.2454
11,100,4.6200,231,5,95,37.148500,8.762949,26.5282
11,100,4.6400,232,5,95,37.344700,8.573893,25.8072
11,100,4.6600,233,6,94,37.386500,8.254537,25.0822
11,100,4.6800,234,6,94,37.582690,8.062350,24.3533
11,100,4.7000,235,6,94,37.742170,8.025153,23.6205
11,100,4.7200,236,6,94,37.936150,8.074689,22.8837
11,100,4.7400,237,6,94,37.995800,8.062106,22.1430
11,100,4.7600,238,6,94,38.000020,8.054087,21.3984
11,100,4.7800,239,6,94,37.961600,8.047451,20.6499
11,100,4.8000,240,6,94,38.157790,7.939672,19.8974
11,100,4.8200,241,6,94,38.353990,7.916868,19.1411
11,100,4.8400,242,6,94,38.436910,7.850135,18.3808
11,100,4.8600,243,6,94,38.633110,7.713089,17.6165
11,100,4.8800,244,6,94,38.578660,7.515256,16.8484
11,100,4.9000,245,6,94,38.774860,7.436817,16.0763
11,100,4.9200,246,6,94,38.971050,7.422584,15.3003
11,100,4.9400,247,6,94,39.147120,7.047721,14.5204
11,100,4.9600,248,6,94,39.214570,6.784218,13.7366
11,100,4.9800,249,6,94,39.410770,6.682191,12.9488
11,100,5.0000,250,5,95,39.606980,6.603192,12.1571
11,100,5.0200,251,5,95,39.782280,6.355360,11.3615
11,100,5.0400,252,5,95,39.978470,6.223890,10.5619
11,100,5.0600,253,5,95,37.939520,6.111118,9.7996
11,100,5.0800,254,5,95,32.845350,5.540802,9.2405
11,100,5.1000,255,5,95,29.273370,4.901185,8.6697
11,100,5.1200,256,5,95,24.680250,4.544693,8.1794
11,100,5.1400,257,3,97,23.906160,4.542034,7.7954
11,100,5.1600,258,4,96,23.951130,4.173418,7.4905
11,100,5.1800,259,4,96,23.997610,4.131723,7.1937
11,100,5.2000,260,4,96,24.045600,4.082396,6.8957
11,100,5.2200,261,5,95,24.095090,3.996684,6.5907
11,100,5.2400,262,5,95,24.146080,3.921132,6.2817
11,100,5.2600,263,6,94,24.198550,3.899414,5.9688
11,100,5.2800,264,6,94,24.252500,3.842855,5.6519
11,100,5.3000,265,6,94,24.307910,3.697820,5.3311
11,100,5.3200,266,6,94,24.364770,3.575618,5.0064
11,100,5.3400,267,6,94,24.423080,3.334702,4.6798
11,100,5.3600,268,7,93,24.482820,3.142447,4.4077
11,100,5.3800,269,7,93,24.543980,3.056682,4.1916
11,100,5.4000,270,7,93,24.606550,2.984788,3.9735
11,100,5.4200,271,8,92,24.670530,2.938156,3.7487
11,100,5.4400,272,9,91,24.735900,2.785688,3.5199
11,100,5.4600,273,10,90,24.802650,2.676695,3.3646
11,100,5.4800,274,10,90,24.870760,2.595080,3.2070
11,100,5.5000,275,11,89,24.940240,2.568397,3.0455
11,100,5.5200,276,9,91,22.338430,2.529058,2.8837
11,100,5.5400,277,10,90,22.397640,2.480136,2.7179
11,100,5.5600,278,10,90,16.762260,2.355635,2.6968
11,100,5.5800,279,10,90,16.862410,2.342864,2.7041
11,100,5.6000,280,10,90,16.964240,2.284532,2.7076
11,100,5.6200,281,11,89,17.067710,2.211331,2.7071
11,100,5.6400,282,11,89,17.172800,2.211537,2.7027
11,100,5.6600,283,12,88,17.279480,2.185919,2.6944
11,100,5.6800,284,11,89,17.387720,2.162035,2.6821
11,100,5.7000,285,12,88,17.497490,2.109196,2.6660
11,100,5.7200,286,13,87,17.608760,2.076541,2.6459
11,100,5.7400,287,15,85,17.721510,2.075320,2.6218
11,100,5.7600,288,15,85,17.835700,2.062960,2.5939
11,100,5.7800,289,14,86,16.977490,1.910592,2.5620
11,100,5.8000,290,14,86,17.027980,1.920195,2.5262
11,100,5.8200,291,11,89,17.080570,1.844906,2.4865
11,100,5.8400,292,12,88,17.135260,1.802726,2.4429
11,100,5.8600,293,15,85,17.192000,1.785912,2.4143
11,100,5.8800,294,16,84,17.250790,1.749548,2.4352
11,100,5.9000,295,17,83,17.311610,1.744136,2.4522
11,100,5.9200,296,17,83,17.374430,1.717258,2.4653
11,100,5.9400,297,18,82,17.439230,1.702146,2.4744
11,100,5.9600,298,18,82,17.505990,1.651270,2.4796
11,100,5.9800,299,18,82,17.574680,1.639256,2.4809
11,100,6.0000,300,18,82,17.645290,1.616893,2.4782
11,100,6.0200,301,19,81,17.717800,1.606996,2.4717
11,100,6.0400,302,19,81,15.691710,1.511093,2.4612
11,100,6.0600,303,18,82,15.729440,1.419979,2.4468
11,100,6.0800,304,18,82,15.769530,1.405872,2.4284
11,100,6.1000,305,18,82,13.241090,1.340946,2.4062
11,100,6.1200,306,18,82,13.271830,1.303288,2.3800
11,100,6.1400,307,19,81,11.914010,1.260532,2.3499
11,100,6.1600,308,19,81,11.823340,1.274414,2.3158
11,100,6.1800,309,19,81,11.735260,1.189687,2.2779
11,100,6.2000,310,19,81,11.649810,1.175585,2.2360
11,100,6.2200,311,19,81,11.567060,1.111434,2.1902
11,100,6.2400,312,19,81,11.487070,1.085613,2.1405
11,100,6.2600,313,19,81,11.409890,1.083366,2.0868
11,100,6.2800,314,19,81,11.335580,1.036532,2.0292
11,100,6.3000,315,18,82,11.264200,1.030364,1.9677
11,100,6.3200,316,19,81,11.195800,1.017927,1.9077
11,100,6.3400,317,21,79,11.130440,1.018105,1.9801
11,100,6.3600,318,21,79,11.068170,0.990509,2.0486
11,100,6.3800,319,23,77,11.009050,0.964663,2.1132
11,100,6.4000,320,23,77,10.953130,0.964981,2.1738
11,100,6.4200,321,25,75,10.900440,0.956364,2.2305
11,100,6.4400,322,25,75,10.851050,0.961738,2.2833
11,100,6.4600,323,24,76,7.977757,0.831245,2.4106
11,100,6.4800,324,25,75,7.311543,0.792812,2.5286
11,100,6.5000,325,25,75,7.299295,0.745015,2.6427
11,100,6.5200,326,25,75,7.292307,0.738074,2.7511
11,100,6.5400,327,25,75,7.290594,0.693416,2.8552
11,100,6.5600,328,25,75,7.294160,0.685888,2.9554
11,100,6.5800,329,26,74,7.302997,0.664437,3.0517
11,100,6.6000,330,26,74,7.317086,0.660798,3.1440
11,100,6.6200,331,26,74,7.336398,0.649481,3.2324
11,100,6.6400,332,29,71,7.360889,0.616822,3.3128
11,100,6.6600,333,29,71,7.390511,0.595758,3.3914
11,100,6.6800,334,30,70,7.425200,0.568555,3.4661
11,100,6.7000,335,30,70,7.464886,0.574409,3.5368
11,100,6.7200,336,30,70,7.509490,0.575038,3.6037
11,100,6.7400,337,32,68,7.558925,0.554012,3.6666
11,100,6.7600,338,31,69,7.613097,0.552653,3.7256
11,100,6.7800,339,31,69,7.671905,0.532443,3.7806
11,100,6.8000,340,31,69,7.735244,0.513975,3.8317
11,100,6.8200,341,31,69,7.803003,0.500706,3.8789
11,100,6.8400,342,31,69,7.875069,0.482128,3.9222
11,100,6.8600,343,31,69,7.951324,0.469412,3.9616
11,100,6.8800,344,35,65,8.031649,0.467127,3.9970
11,100,6.9000,345,39,61,8.115923,0.466121,4.0285
11,100,6.9200,346,39,61,8.204024,0.468811,4.0561
11,100,6.9400,347,39,61,8.295831,0.471990,4.0798
11,100,6.9600,348,40,60,8.391221,0.457970,4.0995
11,100,6.9800,349,40,60,8.490074,0.446442,4.1153
11,100,7.0000,350,41,59,8.119122,0.444455,4.1272
11,100,7.0200,351,41,59,8.152095,0.443048,4.1352
11,100,7.0400,352,45,55,8.189636,0.433076,4.1392
11,100,7.0600,353,46,54,8.231685,0.405564,4.1394
11,100,7.0800,354,46,54,6.558435,0.390979,4.1356
11,100,7.1000,355,47,53,6.557334,0.380164,4.1278
11,100,7.1200,356,48,52,6.349299,0.358036,4.1162
11,100,7.1400,357,48,52,6.251348,0.354071,4.1006
11,100,7.1600,358,48,52,6.158092,0.345053,4.0811
11,100,7.1800,359,51,49,6.069746,0.337107,4.0577
11,100,7.2000,360,51,49,5.986529,0.328907,4.0303
11,100,7.2200,361,50,50,5.908658,0.307468,3.9991
11,100,7.2400,362,50,50,5.836346,0.302638,3.9639
11,100,7.2600,363,50,50,5.769802,0.292062,3.9247
11,100,7.2800,364,50,50,5.709229,0.285009,3.8817
11,100,7.3000,365,50,50,5.654817,0.281659,3.8347
11,100,7.3200,366,52,48,5.606746,0.280763,3.7838
11,100,7.3400,367,52,48,5.565181,0.279972,3.7290
11,100,7.3600,368,58,42,5.530268,0.282093,3.6703
11,100,7.3800,369,58,42,5.502134,0.283832,3.6076
11,100,7.4000,370,59,41,4.870523,0.260936,3.5410
11,100,7.4200,371,59,41,4.914230,0.244431,3.4705
11,100,7.4400,372,60,40,4.653414,0.245861,3.3961
11,100,7.4600,373,61,39,4.633086,0.252795,3.3177
11,100,7.4800,374,62,38,4.621006,0.251708,3.2354
11,100,7.5000,375,62,38,4.683401,0.238587,3.1492
11,100,7.5200,376,62,38,4.864580,0.232454,3.0591
11,100,7.5400,377,62,38,5.046883,0.213880,2.9650
11,100,7.5600,378,66,34,5.230192,0.211152,2.8671
11,100,7.5800,379,66,34,5.414404,0.193758,2.7652
11,100,7.6000,380,66,34,5.599431,0.191887,2.6593
11,100,7.6200,381,66,34,5.785194,0.191594,2.5496
11,100,7.6400,382,66,34,5.971624,0.192690,2.4359
11,100,7.6600,383,67,33,6.158662,0.189859,2.3183
11,100,7.6800,384,68,32,6.346253,0.192807,2.1968
11,100,7.7000,385,70,30,6.534349,0.196205,2.0713
11,100,7.7200,386,70,30,6.722909,0.200555,1.9420
11,100,7.7400,387,71,29,6.911895,0.194278,1.8087
11,100,7.7600,388,71,29,7.101271,0.182252,1.6714
11,100,7.7800,389,77,23,7.291008,0.186944,1.6068
11,100,7.8000,390,77,23,7.481079,0.191016,1.6068
11,100,7.8200,391,77,23,7.671459,0.195045,1.6068
11,100,7.8400,392,78,22,7.862124,0.200121,1.6068
11,100,7.8600,393,78,22,8.053056,0.207280,1.6068
11,100,7.8800,394,79,21,8.244234,0.189634,1.6068
11,100,7.9000,395,79,21,8.435644,0.188067,1.6068
11,100,7.9200,396,79,21,3.373615,0.114230,1.6068
11,100,7.9400,397,79,21,3.278767,0.116794,1.6068
11,100,7.9600,398,79,21,3.193170,0.115191,1.6068
11,100,7.9800,399,79,21,3.117587,0.115061,1.6068
11,100,8.0000,400,79,21,3.052761,0.116038,1.6068
11,100,8.0200,401,80,20,2.999390,0.115360,1.6068
11,100,8.0400,402,80,20,2.958094,0.107893,1.6068
11,100,8.0600,403,80,20,2.929383,0.107293,1.6068
11,100,8.0800,404,80,20,2.913630,0.109372,1.6068
11,100,8.1000,405,80,20,2.911046,0.106577,1.6068
11,100,8.1200,406,80,20,2.921664,0.081650,1.6068
11,100,8.1400,407,80,20,2.945343,0.068409,1.6068
11,100,8.1600,408,80,20,2.981771,0.062133,1.6068
11,100,8.1800,409,81,19,3.030488,0.053477,1.6068
11,100,8.2000,410,81,19,3.090914,0.047381,1.6068
11,100,8.2200,411,81,19,3.162377,0.045205,1.6068
11,100,8.2400,412,81,19,3.244148,0.044871,1.6068
11,100,8.2600,413,81,19,3.335468,0.043793,1.6068
11,100,8.2800,414,81,19,3.435578,0.043419,1.6068
11,100,8.3000,415,81,19,3.543730,0.046181,1.6068
11,100,8.3200,416,81,19,2.074323,0.033520,1.6068
11,100,8.3400,417,82,18,2.068785,0.036577,1.6068
11,100,8.3600,418,82,18,2.029189,0.039481,1.6068
11,100,8.3800,419,82,18,1.994644,0.040395,1.6068
11,100,8.4000,420,82,18,1.966190,0.039340,1.6068
11,100,8.4200,421,82,18,1.946504,0.039446,1.6068
11,100,8.4400,422,82,18,1.937183,0.036379,1.6068
11,100,8.4600,423,82,18,1.938290,0.035047,1.6068
11,100,8.4800,424,83,17,1.949545,0.036713,1.6068
11,100,8.5000,425,83,17,1.970936,0.038513,1.6068
11,100,8.5200,426,83,17,2.002337,0.040451,1.6068
11,100,8.5400,427,83,17,2.035586,0.042592,1.6068
11,100,8.5600,428,83,17,2.074111,0.037950,1.6068
11,100,8.5800,429,84,16,2.122638,0.035324,1.6068
11,100,8.6000,430,84,16,2.179739,0.027960,1.6068
11,100,8.6200,431,84,16,2.245135,0.024905,1.6068
11,100,8.6400,432,84,16,2.318714,0.024875,1.6068
11,100,8.6600,433,84,16,2.400212,0.027753,1.6068
11,100,8.6800,434,95,5,2.492562,0.027935,1.6068
11,100,8.7000,435,95,5,2.395389,0.025531,1.6068
11,100,8.7200,436,95,5,0.894921,0.009336,1.6068
11,100,8.7400,437,96,4,0.803164,0.008254,1.6068
11,100,8.7600,438,97,3,0.698542,0.007160,1.6068
11,100,8.7800,439,97,3,0.599673,0.006059,1.6068
11,100,8.8000,440,97,3,0.505639,0.005069,1.6068
11,100,8.8200,441,97,3,0.414605,0.004162,1.6068
11,100,8.8400,442,97,3,0.324226,0.003252,1.6068
11,100,8.8600,443,97,3,0.234944,0.002352,1.6068
11,100,8.8800,444,97,3,0.146452,0.001466,1.6068
11,100,8.9000,445,97,3,0.058442,0.000586,1.6068
11,100,8.9200,446,98,2,0.029396,0.000294,1.6068
11,100,8.9400,447,99,1,0.117286,0.001173,1.6068
11,100,8.9600,448,99,1,0.205610,0.002056,1.6068
11,100,8.9800,449,99,1,0.294574,0.002946,1.6068
11,100,9.0000,450,99,1,0.384494,0.003845,1.6068
11,100,9.0200,451,99,1,0.475664,0.004757,1.6068
11,100,9.0400,452,99,1,0.568351,0.005684,1.6068
11,100,9.0600,453,99,1,0.662853,0.006629,1.6068
11,100,9.0800,454,99,1,0.759449,0.007594,1.6068
11,100,9.1000,455,99,1,0.858442,0.008584,1.6068
11,100,9.1200,456,99,1,0.661451,0.006615,1.6068
11,100,9.1400,457,99,1,0.197284,0.001973,1.6068
11,100,9.1600,458,99,1,0.100148,0.001001,1.6068
11,100,9.1800,459,99,1,0.008499,0.000085,1.6068
11,100,9.2000,460,99,1,0.103752,0.001038,1.6068
11,100,9.2200,461,99,1,0.126485,0.001265,1.6068
11,100,9.2400,462,99,1,0.041157,0.000412,1.6068
11,100,9.2600,463,99,1,0.005262,0.000053,1.6068
11,100,9.2800,464,99,1,0.009876,0.000099,1.6068
11,100,9.3000,465,99,1,0.005410,0.000054,1.6068
11,100,9.3200,466,99,1,0.000931,0.000009,1.6068
11,100,9.3400,467,99,1,0.000685,0.000007,1.6068
11,100,9.3600,468,99,1,0.000499,0.000005,1.6068
11,100,9.3800,469,99,1,0.000152,0.000002,1.6068
11,100,9.4000,470,99,1,0.000037,0.000000,1.6068
11,100,9.4200,471,99,1,0.000043,0.000000,1.6068
11,100,9.4400,472,99,1,0.000064,0.000001,1.6068
11,100,9.4600,473,99,1,0.000029,0.000000,1.6068
11,100,9.4800,474,99,1,0.000009,0.000000,1.6068
11,100,9.5000,475,99,1,0.000006,0.000000,1.6068
11,100,9.5200,476,99,1,0.000006,0.000000,1.6068
11,100,9.5400,477,99,1,0.000007,0.000000,1.6068
11,100,9.5600,478,99,1,0.000008,0.000000,1.6068
11,100,9.5800,479,100,0,0.000000,0.000000,1.6068
12,100,0.0200,1,0,100,0.000000,0.000000,99.5000
12,100,0.0400,2,0,100,0.196200,0.190712,99.4961
12,100,0.0600,3,0,100,0.392422,0.377406,99.4882
12,100,0.0800,4,0,100,0.588612,0.560089,99.4765
12,100,0.1000,5,0,100,0.784802,0.738732,99.4608
12,100,0.1200,6,0,100,0.981000,0.913316,99.4411
12,100,0.1400,7,0,100,1.177199,1.083825,99.4176
12,100,0.1600,8,0,100,1.373399,1.250251,99.3901
12,100,0.1800,9,0,100,1.569599,1.412585,99.3587
12,100,0.2000,10,0,100,1.765799,1.570829,99.3234
12,100,0.2200,11,0,100,1.961999,1.724967,99.2842
12,100,0.2400,12,0,100,2.158199,1.877952,99.2410
12,100,0.2600,13,0,100,2.354399,2.025886,99.1939
12,100,0.2800,14,0,100,2.550599,2.169689,99.1429
12,100,0.3000,15,0,100,2.746799,2.309626,99.0880
12,100,0.3200,16,0,100,2.942999,2.445854,99.0291
12,100,0.3400,17,0,100,3.139199,2.578260,98.9663
12,100,0.3600,18,0,100,3.335398,2.706748,98.8996
12,100,0.3800,19,0,100,3.531598,2.831506,98.8290
12,100,0.4000,20,0,100,3.727798,2.953149,98.7544
12,100,0.4200,21,0,100,3.923998,3.069974,98.6760
12,100,0.4400,22,0,100,4.120220,3.183029,98.5935
12,100,0.4600,23,0,100,4.316377,3.292154,98.5072
12,100,0.4800,24,0,100,4.512551,3.400149,98.4170
12,100,0.5000,25,0,100,4.708719,3.503263,98.3228
12,100,0.5200,26,0,100,4.904785,3.602814,98.2247
12,100,0.5400,27,0,100,5.100789,3.698409,98.1227
12,100,0.5600,28,0,100,5.296738,3.796599,98.0168
12,100,0.5800,29,0,100,5.492325,3.882372,97.9069
12,100,0.6000,30,0,100,5.687356,3.961919,97.7932
12,100,0.6200,31,0,100,5.881494,4.075097,97.6755
12,100,0.6400,32,0,100,6.074255,4.141219,97.5540
12,100,0.6600,33,0,100,6.265069,4.217942,97.4287
12,100,0.6800,34,0,100,6.453089,4.291969,97.2996
12,100,0.7000,35,0,100,6.637403,4.407593,97.1669
12,100,0.7200,36,0,100,6.816734,4.443678,97.0305
12,100,0.7400,37,0,100,6.989851,4.538304,96.8907
12,100,0.7600,38,0,100,7.155330,4.615559,96.7476
12,100,0.7800,39,0,100,7.311537,4.709697,96.6013
12,100,0.8000,40,0,100,7.457153,4.742253,96.4521
12,100,0.8200,41,0,100,7.590909,4.809261,96.3003
12,100,0.8400,42,0,100,7.711555,4.901824,96.1460
12,100,0.8600,43,0,100,7.818233,4.994015,95.9896
12,100,0.8800,44,0,100,7.910489,5.087945,95.8313
12,100,0.9000,45,0,100,7.988140,5.178048,95.6715
12,100,0.9200,46,0,100,8.051312,5.312851,95.5104
12,100,0.9400,47,0,100,8.100904,5.449465,95.3483
12,100,0.9600,48,0,100,9.444613,5.625381,95.1855
12,100,0.9800,49,0,100,10.680620,5.782329,95.0222
12,100,1.0000,50,0,100,11.373470,5.964824,94.8586
12,100,1.0200,51,0,100,11.719990,6.139348,94.6949
12,100,1.0400,52,0,100,11.840110,6.334709,94.5311
12,100,1.0600,53,0,100,11.943410,6.522804,94.3674
12,100,1.0800,54,0,100,12.049030,6.698109,94.2040
12,100,1.1000,55,0,100,12.156890,6.892315,94.0409
12,100,1.1200,56,0,100,12.266940,7.079567,93.8783
12,100,1.1400,57,0,100,12.379120,7.274691,93.7166
12,100,1.1600,58,0,100,12.493380,7.466190,93.5559
12,100,1.1800,59,0,100,12.609650,7.655932,93.3966
12,100,1.2000,60,0,100,12.727890,7.851642,93.2391
12,100,1.2200,61,0,100,12.848030,8.050972,93.0836
12,100,1.2400,62,0,100,12.970030,8.240010,92.9304
12,100,1.2600,63,0,100,13.124700,8.425965,92.7797
12,100,1.2800,64,0,100,13.303790,8.620121,92.6314
12,100,1.3000,65,0,100,13.483370,8.807981,92.4854
12,100,1.3200,66,0,100,13.663400,8.999539,92.3415
12,100,1.3400,67,0,100,13.606080,9.113525,92.1995
12,100,1.3600,68,0,100,13.738170,9.303480,92.0592
12,100,1.3800,69,0,100,13.899480,9.493463,91.9205
12,100,1.4000,70,0,100,14.087470,9.667703,91.7829
12,100,1.4200,71,0,100,14.275680,9.853491,91.6463
12,100,1.4400,72,0,100,14.464100,10.039170,91.5103
12,100,1.4600,73,0,100,14.652720,10.224050,91.3748
12,100,1.4800,74,0,100,14.841540,10.361970,91.2395
12,100,1.5000,75,0,100,15.030550,10.545640,91.1037
12,100,1.5200,76,1,99,15.219750,10.729890,90.9679
12,100,1.5400,77,1,99,15.409110,10.867310,90.8319
12,100,1.5600,78,1,99,15.598650,11.050980,90.6953
12,100,1.5800,79,1,99,15.788350,11.174310,90.5580
12,100,1.6000,80,1,99,15.978210,11.357440,90.4197
12,100,1.6200,81,0,100,16.168210,11.419410,90.2803
12,100,1.6400,82,0,100,16.358370,11.577310,90.1394
12,100,1.6600,83,0,100,16.548660,11.715020,89.9968
12,100,1.6800,84,0,100,16.740760,11.896080,89.8523
12,100,1.7000,85,0,100,16.935650,11.892580,89.7057
12,100,1.7200,86,0,100,17.130560,11.836520,89.5565
12,100,1.7400,87,0,100,17.325500,12.011070,89.4044
12,100,1.7600,88,0,100,17.520480,12.114260,89.2494
12,100,1.7800,89,0,100,17.715470,12.266300,89.0910
12,100,1.8000,90,0,100,17.910500,12.361400,88.9288
12,100,1.8200,91,0,100,18.105550,12.371190,88.7625
12,100,1.8400,92,0,100,18.300620,12.427650,88.5924
12,100,1.8600,93,0,100,18.495720,12.589180,88.4184
12,100,1.8800,94,0,100,18.690850,12.753440,88.2404
12,100,1.9000,95,0,100,18.885990,12.918350,88.0585
12,100,1.9200,96,0,100,19.081150,12.927670,87.8727
12,100,1.9400,97,0,100,18.957460,12.958380,87.6829
12,100,1.9600,98,0,100,19.149820,13.091750,87.4892
12,100,1.9800,99,0,100,19.342260,13.224960,87.2916
12,100,2.0000,100,0,100,19.534770,13.365050,87.0901
12,100,2.0200,101,0,100,19.727350,13.517440,86.8847
12,100,2.0400,102,0,100,19.920010,13.486450,86.6753
12,100,2.0600,103,0,100,20.112730,13.503640,86.4620
12,100,2.0800,104,0,100,20.305520,13.586460,86.2448
12,100,2.1000,105,1,99,20.498380,13.649550,86.0237
12,100,2.1200,106,1,99,20.691300,13.794790,85.7986
12,100,2.1400,107,1,99,20.884280,13.923770,85.5696
12,100,2.1600,108,1,99,21.077320,14.072010,85.3367
12,100,2.1800,109,1,99,21.270420,14.184860,85.0999
12,100,2.2000,110,1,99,21.463570,14.338730,84.8591
12,100,2.2200,111,1,99,21.656780,14.467880,84.6144
12,100,2.2400,112,1,99,21.850040,14.524410,84.3658
12,100,2.2600,113,1,99,22.043350,14.635980,84.1133
12,100,2.2800,114,1,99,22.236720,14.683720,83.8569
12,100,2.3000,115,1,99,22.430130,14.754320,83.5965
12,100,2.3200,116,1,99,22.623590,14.907650,83.3322
12,100,2.3400,117,1,99,22.817100,14.922360,83.0639
12,100,2.3600,118,1,99,23.010650,15.035810,82.7918
12,100,2.3800,119,1,99,23.204250,15.156300,82.5157
12,100,2.4000,120,1,99,23.397890,15.295760,82.2357
12,100,2.4200,121,1,99,23.591570,15.375370,81.9518
12,100,2.4400,122,1,99,23.785300,15.440960,81.6640
12,100,2.4600,123,1,99,23.979060,15.445360,81.3722
12,100,2.4800,124,1,99,24.172870,15.552670,81.0765
12,100,2.5000,125,1,99,24.366710,15.623880,80.7769
12,100,2.5200,126,1,99,24.560590,15.760960,80.4733
12,100,2.5400,127,1,99,24.754510,15.719620,80.1659
12,100,2.5600,128,1,99,24.948460,15.844370,79.8545
12,100,2.5800,129,1,99,25.142440,15.729930,79.5392
12,100,2.6000,130,1,99,25.336470,15.816740,79.2199
12,100,2.6200,131,1,99,25.530520,15.924850,78.8967
12,100,2.6400,132,1,99,25.612310,15.793100,78.5697
12,100,2.6600,133,1,99,25.806320,15.662910,78.2387
12,100,2.6800,134,0,100,26.000370,15.762150,77.9037
12,100,2.7000,135,0,100,26.194440,15.884630,77.5649
12,100,2.7200,136,0,100,26.388550,15.812110,77.2221
12,100,2.7400,137,0,100,26.582680,15.933490,76.8754
12,100,2.7600,138,0,100,26.776850,15.770280,76.5247
12,100,2.7800,139,0,100,26.971050,15.860370,76.1702
12,100,2.8000,140,0,100,27.165270,15.978300,75.8117
12,100,2.8200,141,0,100,27.359520,15.977620,75.4493
12,100,2.8400,142,0,100,27.553800,15.880330,75.0830
12,100,2.8600,143,0,100,27.748110,15.440400,74.7127
12,100,2.8800,144,0,100,27.942450,15.537960,74.3386
12,100,2.9000,145,0,100,28.136810,15.627930,73.9605
12,100,2.9200,146,0,100,28.331190,15.603620,73.5784
12,100,2.9400,147,0,100,28.525600,15.597540,73.1925
12,100,2.9600,148,0,100,28.720040,15.690970,72.8026
12,100,2.9800,149,0,100,28.914490,15.427860,72.4088
12,100,3.0000,150,0,100,29.108980,15.537530,72.0111
12,100,3.0200,151,0,100,28.732320,15.126650,71.6095
12,100,3.0400,152,0,100,28.926550,15.214230,71.2039
12,100,3.0600,153,0,100,29.120810,15.310230,70.7944
12,100,3.0800,154,0,100,29.315090,15.345310,70.3810
12,100,3.1000,155,0,100,29.509400,15.443110,69.9637
12,100,3.1200,156,0,100,29.703730,15.541470,69.5424
12,100,3.1400,157,0,100,29.898090,15.236610,69.1172
12,100,3.1600,158,0,100,30.092470,15.338760,68.6881
12,100,3.1800,159,1,99,30.286870,15.416600,68.2551
12,100,3.2000,160,1,99,30.481300,15.129080,67.8181
12,100,3.2200,161,1,99,30.675750,15.136890,67.3772
12,100,3.2400,162,1,99,30.809810,14.672560,66.9324
12,100,3.2600,163,1,99,31.005220,14.521630,66.4837
12,100,3.2800,164,2,98,31.200630,14.599780,66.0310
12,100,3.3000,165,2,98,31.396060,14.677570,65.5745
12,100,3.3200,166,2,98,31.591490,14.752010,65.1140
12,100,3.3400,167,3,97,31.786940,14.844270,64.6495
12,100,3.3600,168,3,97,31.982390,14.929120,64.1812
12,100,3.3800,169,0,100,32.177850,14.811450,63.7089
12,100,3.4000,170,0,100,31.584060,14.192280,63.2327
12,100,3.4200,171,0,100,31.780010,14.268950,62.7526
12,100,3.4400,172,0,100,31.832120,14.171190,62.2685
12,100,3.4600,173,2,98,32.028100,14.255350,61.7806
12,100,3.4800,174,3,97,32.224080,14.246890,61.2887
12,100,3.5000,175,3,97,32.218640,14.261110,60.7929
12,100,3.5200,176,5,95,32.349330,14.254260,60.2931
12,100,3.5400,177,4,96,32.162270,13.963770,59.7894
12,100,3.5600,178,4,96,32.358370,13.999500,59.2819
12,100,3.5800,179,4,96,32.554470,13.990200,58.7703
12,100,3.6000,180,5,95,32.750580,13.807950,58.2549
12,100,3.6200,181,4,96,32.223740,13.600430,57.7355
12,100,3.6400,182,3,97,32.419860,13.543910,57.2123
12,100,3.6600,183,3,97,32.615980,13.541150,56.6850
12,100,3.6800,184,3,97,32.812100,13.601500,56.1539
12,100,3.7000,185,3,97,33.008220,13.602650,55.6189
12,100,3.7200,186,3,97,33.204350,13.581370,55.0799
12,100,3.7400,187,3,97,33.260510,13.126500,54.5370
12,100,3.7600,188,3,97,33.456640,13.062380,53.9901
12,100,3.7800,189,2,98,33.652770,12.991360,53.4394
12,100,3.8000,190,2,98,33.848900,12.908340,52.8847
12,100,3.8200,191,2,98,33.729800,12.649230,52.3261
12,100,3.8400,192,3,97,33.773900,12.644680,51.7636
12,100,3.8600,193,2,98,33.863480,12.701600,51.1971
12,100,3.8800,194,2,98,34.059600,12.752840,50.6268
12,100,3.9000,195,3,97,34.255710,12.400900,50.0525
12,100,3.9200,196,4,96,34.451830,12.313740,49.4742
12,100,3.9400,197,4,96,34.062280,12.294430,48.8921
12,100,3.9600,198,5,95,34.258320,12.213930,48.3060
12,100,3.9800,199,5,95,34.454370,12.083850,47.7160
12,100,4.0000,200,5,95,34.250690,11.983240,47.1221
12,100,4.0200,201,5,95,34.446820,11.941450,46.5243
12,100,4.0400,202,5,95,34.642960,11.916890,45.9225
12,100,4.0600,203,5,95,34.839090,11.909830,45.3168
12,100,4.0800,204,5,95,34.800730,11.678450,44.7072
12,100,4.1000,205,6,94,34.996900,11.589690,44.0937
12,100,4.1200,206,6,94,35.192160,11.624990,43.4762
12,100,4.1400,207,6,94,34.897420,11.624450,42.8548
12,100,4.1600,208,6,94,35.093620,11.271400,42.2295
12,100,4.1800,209,6,94,35.289810,11.224850,41.6003
12,100,4.2000,210,7,93,35.457470,11.127310,40.9671
12,100,4.2200,211,8,92,35.390380,11.162290,40.3300
12,100,4.2400,212,8,92,35.586560,11.070710,39.6890
12,100,4.2600,213,8,92,35.782750,11.015240,39.0441
12,100,4.2800,214,9,91,35.978920,10.943360,38.3952
12,100,4.3000,215,10,90,35.385750,10.560080,37.7425
12,100,4.3200,216,10,90,35.581930,10.536890,37.0858
12,100,4.3400,217,11,89,35.778110,10.460190,36.4251
12,100,4.3600,218,11,89,35.974300,10.439840,35.7606
12,100,4.3800,219,11,89,36.170480,10.453640,35.0921
12,100,4.4000,220,12,88,36.268970,10.314190,34.4197
12,100,4.4200,221,12,88,36.206260,10.103090,33.7434
12,100,4.4400,222,13,87,36.402450,9.720747,33.0631
12,100,4.4600,223,14,86,36.563680,9.599131,32.3790
12,100,4.4800,224,13,87,36.578890,9.553821,31.6909
12,100,4.5000,225,14,86,36.655620,9.482481,30.9989
12,100,4.5200,226,12,88,36.638920,9.239326,30.3029
12,100,4.5400,227,11,89,36.835110,9.066143,29.6031
12,100,4.5600,228,11,89,37.031310,8.945933,28.8993
12,100,4.5800,229,12,88,37.227520,8.804073,28.1916
12,100,4.6000,230,11,89,37.163140,8.629539,27.4799
12,100,4.6200,231,11,89,37.359340,8.588136,26.7644
12,100,4.6400,232,11,89,37.555540,8.481984,26.0449
12,100,4.6600,233,11,89,37.751740,8.299880,25.3215
12,100,4.6800,234,11,89,37.683870,7.935080,24.5941
12,100,4.7000,235,11,89,37.880060,7.862553,23.8629
12,100,4.7200,236,11,89,37.986890,7.858121,23.1277
12,100,4.7400,237,11,89,38.104330,7.808249,22.3886
12,100,4.7600,238,11,89,38.211570,7.671085,21.6455
12,100,4.7800,239,12,88,38.407760,7.517410,20.8986
12,100,4.8000,240,12,88,38.588230,7.245588,20.1477
12,100,4.8200,241,12,88,38.615070,6.881823,19.3929
12,100,4.8400,242,12,88,38.774850,6.722285,18.6342
12,100,4.8600,243,12,88,38.687220,6.674430,17.8715
12,100,4.8800,244,12,88,38.883420,6.192463,17.1050
12,100,4.9000,245,12,88,39.079620,5.981010,16.3345
12,100,4.9200,246,12,88,39.191200,5.956862,15.5600
12,100,4.9400,247,13,87,39.209560,5.969357,14.7817
12,100,4.9600,248,13,87,39.405750,5.989106,13.9994
12,100,4.9800,249,13,87,39.486480,5.995038,13.2132
12,100,5.0000,250,14,86,39.682680,5.998054,12.4231
12,100,5.0200,251,14,86,39.878880,6.004081,11.6291
12,100,5.0400,252,14,86,40.075080,5.869195,10.8311
12,100,5.0600,253,14,86,40.227830,5.355809,10.0292
12,100,5.0800,254,14,86,40.333950,5.072254,9.2234
12,100,5.1000,255,14,86,40.488370,4.675478,8.4137
12,100,5.1200,256,14,86,40.684570,4.535019,7.6000
12,100,5.1400,257,13,87,40.880680,4.394198,6.7824
12,100,5.1600,258,13,87,27.676210,4.133826,6.5603
12,100,5.1800,259,13,87,22.877600,4.021132,6.4056
12,100,5.2000,260,13,87,20.705510,3.980553,6.2618
12,100,5.2200,261,12,88,16.020710,3.527284,6.0970
12,100,5.2400,262,12,88,15.103430,3.310550,5.9515
12,100,5.2600,263,12,88,14.791690,3.247202,5.8579
12,100,5.2800,264,13,87,14.762040,3.216978,5.8007
12,100,5.3000,265,14,86,14.879230,3.185454,5.7503
12,100,5.3200,266,13,87,14.915820,3.119132,5.6929
12,100,5.3400,267,12,88,14.954900,3.060726,5.6314
12,100,5.3600,268,12,88,14.996440,2.990341,5.5660
12,100,5.3800,269,11,89,15.040430,2.927395,5.4967
12,100,5.4000,270,11,89,15.086840,2.902217,5.4235
12,100,5.4200,271,11,89,15.135650,2.892174,5.3464
12,100,5.4400,272,11,89,15.186840,2.871487,5.2653
12,100,5.4600,273,8,92,15.240380,2.773818,5.1803
12,100,5.4800,274,8,92,15.296250,2.703023,5.0914
12,100,5.5000,275,8,92,15.354430,2.667947,4.9985
12,100,5.5200,276,8,92,15.414880,2.580066,4.9017
12,100,5.5400,277,8,92,15.477590,2.523911,4.8010
12,100,5.5600,278,7,93,15.542520,2.473889,4.6964
12,100,5.5800,279,7,93,15.609640,2.440633,4.5879
12,100,5.6000,280,8,92,15.678940,2.389051,4.4754
12,100,5.6200,281,8,92,15.750370,2.355067,4.3590
12,100,5.6400,282,8,92,15.823910,2.329265,4.2387
12,100,5.6600,283,8,92,15.899540,2.310465,4.1145
12,100,5.6800,284,8,92,15.977210,2.289657,3.9863
12,100,5.7000,285,8,92,16.056910,2.263956,3.8542
12,100,5.7200,286,7,93,16.138600,2.219931,3.7182
12,100,5.7400,287,8,92,16.222250,2.116928,3.5783
12,100,5.7600,288,9,91,16.307830,2.039949,3.4344
12,100,5.7800,289,9,91,16.395320,1.990795,3.2866
12,100,5.8000,290,9,91,16.484670,1.912205,3.2468
12,100,5.8200,291,9,91,16.575870,1.914074,3.2309
12,100,5.8400,292,10,90,16.668870,1.884590,3.2111
12,100,5.8600,293,10,90,16.763660,1.885944,3.1874
12,100,5.8800,294,10,90,16.860200,1.890898,3.1597
12,100,5.9000,295,10,90,16.958450,1.855676,3.1282
12,100,5.9200,296,11,89,17.058400,1.841736,3.0927
12,100,5.9400,297,11,89,17.160010,1.836907,3.0533
12,100,5.9600,298,14,86,17.263250,1.794048,3.0099
12,100,5.9800,299,13,87,14.269070,1.658802,2.9627
12,100,6.0000,300,14,86,14.062720,1.605030,2.9115
12,100,6.0200,301,17,83,14.166180,1.505873,2.8564
12,100,6.0400,302,17,83,13.492150,1.408848,2.7973
12,100,6.0600,303,17,83,13.583980,1.364672,2.7344
12,100,6.0800,304,18,82,13.678010,1.344567,2.6675
12,100,6.1000,305,18,82,13.774200,1.308167,2.5967
12,100,6.1200,306,17,83,11.807570,1.288046,2.5219
12,100,6.1400,307,17,83,9.766800,1.242642,2.4433
12,100,6.1600,308,23,77,9.743367,1.247150,2.3607
12,100,6.1800,309,24,76,9.736174,1.228606,2.2742
12,100,6.2000,310,26,74,9.864029,1.216909,2.1838
12,100,6.2200,311,27,73,9.696580,1.155759,2.1685
12,100,6.2400,312,25,75,9.688884,1.144162,2.1759
12,100,6.2600,313,25,75,9.685156,1.129727,2.1795
12,100,6.2800,314,25,75,9.685402,1.102402,2.1791
12,100,6.3000,315,25,75,9.689622,1.097264,2.1748
12,100,6.3200,316,25,75,9.697810,1.060248,2.1666
12,100,6.3400,317,27,73,9.709957,1.055389,2.1544
12,100,6.3600,318,27,73,9.726048,1.050123,2.1383
12,100,6.3800,319,29,71,9.746061,1.047390,2.1183
12,100,6.4000,320,29,71,9.769976,1.030552,2.0944
12,100,6.4200,321,29,71,9.797761,1.032508,2.0666
12,100,6.4400,322,29,71,9.829385,0.960968,2.0348
12,100,6.4600,323,30,70,9.864810,0.958876,1.9991
12,100,6.4800,324,30,70,9.903996,0.960126,1.9595
12,100,6.5000,325,30,70,9.946898,0.955191,1.9159
12,100,6.5200,326,31,69,9.993469,0.950083,1.8684
12,100,6.5400,327,31,69,10.043660,0.927755,1.8171
12,100,6.5600,328,31,69,10.097410,0.872680,1.7617
12,100,6.5800,329,31,69,10.154670,0.843076,1.7025
12,100,6.6000,330,32,68,10.215370,0.839206,1.6393
12,100,6.6200,331,34,66,10.279470,0.823269,1.6001
12,100,6.6400,332,36,64,10.346880,0.808646,1.5850
12,100,6.6600,333,38,62,10.417560,0.814043,1.5660
12,100,6.6800,334,39,61,10.491430,0.807902,1.5430
12,100,6.7000,335,39,61,10.568430,0.800988,1.5161
12,100,6.7200,336,39,61,10.648480,0.803289,1.5074
12,100,6.7400,337,39,61,10.731530,0.762612,1.5074
12,100,6.7600,338,39,61,9.754944,0.737120,1.5074
12,100,6.7800,339,39,61,9.851529,0.715381,1.5074
12,100,6.8000,340,40,60,9.951046,0.715471,1.5074
12,100,6.8200,341,40,60,10.053410,0.713444,1.5074
12,100,6.8400,342,61,39,10.158530,0.680515,1.5074
12,100,6.8600,343,59,41,7.622324,0.613543,1.5074
12,100,6.8800,344,59,41,7.731809,0.618311,1.5074
12,100,6.9000,345,59,41,7.844673,0.628503,1.5074
12,100,6.9200,346,59,41,7.443534,0.606560,1.5074
12,100,6.9400,347,60,40,7.526256,0.603328,1.5074
12,100,6.9600,348,60,40,7.613136,0.603359,1.5074
12,100,6.9800,349,60,40,7.219231,0.575363,1.5074
12,100,7.0000,350,61,39,7.332180,0.578307,1.5074
12,100,7.0200,351,61,39,6.072788,0.527596,1.5074
12,100,7.0400,352,61,39,6.065310,0.514585,1.5074
12,100,7.0600,353,61,39,5.994396,0.444231,1.5074
12,100,7.0800,354,60,40,5.964501,0.435419,1.5074
12,100,7.1000,355,64,36,5.940939,0.399627,1.5074
12,100,7.1200,356,61,39,5.923786,0.382193,1.5074
12,100,7.1400,357,62,38,5.913095,0.375048,1.5074
12,100,7.1600,358,62,38,5.908905,0.364035,1.5074
12,100,7.1800,359,63,37,5.911226,0.356830,1.5074
12,100,7.2000,360,63,37,5.920053,0.342924,1.5074
12,100,7.2200,361,63,37,5.935355,0.340591,1.5074
12,100,7.2400,362,68,32,5.957084,0.340039,1.5074
12,100,7.2600,363,64,36,5.985169,0.340597,1.5074
12,100,7.2800,364,67,33,6.019521,0.339375,1.5074
12,100,7.3000,365,67,33,6.060033,0.329554,1.5074
12,100,7.3200,366,67,33,6.106584,0.333028,1.5074
12,100,7.3400,367,67,33,6.159036,0.329819,1.5074
12,100,7.3600,368,67,33,6.217239,0.329363,1.5074
12,100,7.3800,369,67,33,6.281034,0.332751,1.5074
12,100,7.4000,370,69,31,6.350252,0.337639,1.5074
12,100,7.4200,371,69,31,6.424719,0.321387,1.5074
12,100,7.4400,372,69,31,6.504253,0.317634,1.5074
12,100,7.4600,373,69,31,6.588672,0.321655,1.5074
12,100,7.4800,374,69,31,5.556077,0.304614,1.5074
12,100,7.5000,375,72,28,5.545685,0.293934,1.5074
12,100,7.5200,376,72,28,5.542224,0.277931,1.5074
12,100,7.5400,377,75,25,5.545707,0.271737,1.5074
12,100,7.5600,378,75,25,5.556120,0.274235,1.5074
12,100,7.5800,379,75,25,5.573425,0.262544,1.5074
12,100,7.6000,380,75,25,5.597558,0.254317,1.5074
12,100,7.6200,381,75,25,5.628430,0.236215,1.5074
12,100,7.6400,382,76,24,4.940903,0.227386,1.5074
12,100,7.6600,383,76,24,4.888160,0.227513,1.5074
12,100,7.6800,384,80,20,4.842797,0.221076,1.5074
12,100,7.7000,385,81,19,4.805024,0.220389,1.5074
12,100,7.7200,386,81,19,4.775019,0.221491,1.5074
12,100,7.7400,387,83,17,4.752930,0.224349,1.5074
12,100,7.7600,388,83,17,4.738869,0.197717,1.5074
12,100,7.7800,389,83,17,4.732905,0.185327,1.5074
12,100,7.8000,390,83,17,4.735072,0.169956,1.5074
12,100,7.8200,391,83,17,4.745356,0.171773,1.5074
12,100,7.8400,392,83,17,4.763705,0.172880,1.5074
12,100,7.8600,393,83,17,4.790027,0.159177,1.5074
12,100,7.8800,394,86,14,4.608953,0.159935,1.5074
12,100,7.9000,395,87,13,4.563556,0.163230,1.5074
12,100,7.9200,396,87,13,4.526214,0.164586,1.5074
12,100,7.9400,397,87,13,4.497130,0.152343,1.5074
12,100,7.9600,398,88,12,4.476464,0.155854,1.5074
12,100,7.9800,399,88,12,4.464333,0.146487,1.5074
12,100,8.0000,400,88,12,4.460807,0.148585,1.5074
12,100,8.0200,401,88,12,4.465906,0.147485,1.5074
12,100,8.0400,402,88,12,4.479601,0.147749,1.5074
12,100,8.0600,403,88,12,4.501813,0.147575,1.5074
12,100,8.0800,404,88,12,4.532417,0.137140,1.5074
12,100,8.1000,405,88,12,4.571245,0.132536,1.5074
12,100,8.1200,406,88,12,4.618088,0.126434,1.5074
12,100,8.1400,407,88,12,4.672707,0.123533,1.5074
12,100,8.1600,408,88,12,4.234653,0.106108,1.5074
12,100,8.1800,409,88,12,4.206682,0.106231,1.5074
12,100,8.2000,410,88,12,4.187725,0.107879,1.5074
12,100,8.2200,411,88,12,4.177907,0.108006,1.5074
12,100,8.2400,412,89,11,4.177290,0.097785,1.5074
12,100,8.2600,413,89,11,4.185881,0.096693,1.5074
12,100,8.2800,414,89,11,4.203620,0.098582,1.5074
12,100,8.3000,415,89,11,4.230395,0.101448,1.5074
12,100,8.3200,416,90,10,4.266034,0.107256,1.5074
12,100,8.3400,417,91,9,4.310318,0.110449,1.5074
12,100,8.3600,418,91,9,4.362984,0.113561,1.5074
12,100,8.3800,419,91,9,3.287382,0.094381,1.5074
12,100,8.4000,420,91,9,3.243114,0.091842,1.5074
12,100,8.4200,421,91,9,3.192393,0.087753,1.5074
12,100,8.4400,422,91,9,3.153085,0.085529,1.5074
12,100,8.4600,423,91,9,3.125620,0.065414,1.5074
12,100,8.4800,424,91,9,3.110314,0.046360,1.5074
12,100,8.5000,425,91,9,3.107344,0.044121,1.5074
12,100,8.5200,426,91,9,3.116747,0.043757,1.5074
12,100,8.5400,427,91,9,3.138412,0.042019,1.5074
12,100,8.5600,428,91,9,3.172086,0.038920,1.5074
12,100,8.5800,429,91,9,3.217394,0.035673,1.5074
12,100,8.6000,430,91,9,3.273852,0.035472,1.5074
12,100,8.6200,431,92,8,3.340894,0.036129,1.5074
12,100,8.6400,432,93,7,3.417899,0.038544,1.5074
12,100,8.6600,433,93,7,2.692709,0.033151,1.5074
12,100,8.6800,434,94,6,2.507001,0.032496,1.5074
12,100,8.7000,435,94,6,2.337670,0.028429,1.5074
12,100,8.7200,436,94,6,2.251233,0.027479,1.5074
12,100,8.7400,437,94,6,2.141409,0.027525,1.5074
12,100,8.7600,438,95,5,2.060791,0.027548,1.5074
12,100,8.7800,439,95,5,1.989189,0.023675,1.5074
12,100,8.8000,440,96,4,1.920810,0.020070,1.5074
12,100,8.8200,441,96,4,1.870626,0.019252,1.5074
12,100,8.8400,442,97,3,1.832281,0.019057,1.5074
12,100,8.8600,443,97,3,1.797730,0.018241,1.5074
12,100,8.8800,444,97,3,1.771701,0.017747,1.5074
12,100,8.9000,445,97,3,1.754270,0.017607,1.5074
12,100,8.9200,446,97,3,1.745504,0.017498,1.5074
12,100,8.9400,447,97,3,1.745417,0.017466,1.5074
12,100,8.9600,448,98,2,1.752080,0.017524,1.5074
12,100,8.9800,449,98,2,1.769961,0.017703,1.5074
12,100,9.0000,450,98,2,1.796459,0.017966,1.5074
12,100,9.0200,451,98,2,1.831474,0.018315,1.5074
12,100,9.0400,452,98,2,1.874893,0.018749,1.5074
12,100,9.0600,453,98,2,1.926576,0.019266,1.5074
12,100,9.0800,454,98,2,1.986370,0.019864,1.5074
12,100,9.1000,455,98,2,2.054110,0.020541,1.5074
12,100,9.1200,456,98,2,2.129617,0.021296,1.5074
12,100,9.1400,457,98,2,2.212693,0.022127,1.5074
12,100,9.1600,458,99,1,2.303071,0.023031,1.5074
12,100,9.1800,459,99,1,2.359868,0.023599,1.5074
12,100,9.2000,460,99,1,1.448105,0.014481,1.5074
12,100,9.2200,461,99,1,1.286408,0.012864,1.5074
12,100,9.2400,462,99,1,1.324573,0.013246,1.5074
12,100,9.2600,463,99,1,1.363792,0.013638,1.5074
12,100,9.2800,464,99,1,1.407173,0.014072,1.5074
12,100,9.3000,465,99,1,1.384651,0.013847,1.5074
12,100,9.3200,466,99,1,0.705746,0.007057,1.5074
12,100,9.3400,467,99,1,0.528022,0.005280,1.5074
12,100,9.3600,468,99,1,0.437184,0.004372,1.5074
12,100,9.3800,469,99,1,0.360228,0.003602,1.5074
12,100,9.4000,470,99,1,0.320806,0.003208,1.5074
12,100,9.4200,471,99,1,0.317368,0.003174,1.5074
12,100,9.4400,472,99,1,0.353277,0.003533,1.5074
12,100,9.4600,473,99,1,0.422786,0.004228,1.5074
12,100,9.4800,474,99,1,0.519006,0.005190,1.5074
12,100,9.5000,475,99,1,0.622129,0.006221,1.5074
12,100,9.5200,476,99,1,0.731782,0.007318,1.5074
12,100,9.5400,477,99,1,0.846770,0.008468,1.5074
12,100,9.5600,478,99,1,0.663160,0.006632,1.5074
12,100,9.5800,479,99,1,0.653650,0.006536,1.5074
12,100,9.6000,480,99,1,0.593409,0.005934,1.5074
12,100,9.6200,481,99,1,0.347359,0.003474,1.5074
12,100,9.6400,482,99,1,0.189409,0.001894,1.5074
12,100,9.6600,483,99,1,0.029183,0.000292,1.5074
12,100,9.6800,484,99,1,0.094974,0.000950,1.5074
12,100,9.7000,485,99,1,0.153142,0.001531,1.5074
12,100,9.7200,486,99,1,0.055832,0.000558,1.5074
12,100,9.7400,487,99,1,0.005987,0.000060,1.5074
12,100,9.7600,488,99,1,0.012351,0.000124,1.5074
12,100,9.7800,489,99,1,0.007719,0.000077,1.5074
12,100,9.8000,490,99,1,0.001989,0.000020,1.5074
12,100,9.8200,491,99,1,0.000674,0.000007,1.5074
12,100,9.8400,492,99,1,0.000788,0.000008,1.5074
12,100,9.8600,493,99,1,0.000378,0.000004,1.5074
12,100,9.8800,494,99,1,0.000090,0.000001,1.5074
12,100,9.9000,495,99,1,0.000084,0.000001,1.5074
12,100,9.9200,496,99,1,0.000043,0.000000,1.5074
12,100,9.9400,497,99,1,0.000048,0.000000,1.5074
12,100,9.9600,498,100,0,0.000000,0.000000,1.5074
13,100,0.0200,1,0,100,0.000000,0.000000,99.5000
13,100,0.0400,2,0,100,0.196200,0.190713,99.4961
13,100,0.0600,3,0,100,0.392422,0.377408,99.4882
13,100,0.0800,4,0,100,0.588613,0.560091,99.4765
13,100,0.1000,5,0,100,0.784802,0.738736,99.4608
13,100,0.1200,6,0,100,0.981000,0.913321,99.4411
13,100,0.1400,7,0,100,1.177199,1.083832,99.4176
13,100,0.1600,8,0,100,1.373399,1.250257,99.3901
13,100,0.1800,9,0,100,1.569599,1.412594,99.3587
13,100,0.2000,10,0,100,1.765799,1.570818,99.3234
13,100,0.2200,11,0,100,1.961999,1.724949,99.2842
13,100,0.2400,12,0,100,2.158199,1.878117,99.2410
13,100,0.2600,13,0,100,2.354399,2.026682,99.1939
13,100,0.2800,14,0,100,2.550599,2.170866,99.1429
13,100,0.3000,15,0,100,2.746799,2.310632,99.0880
13,100,0.3200,16,0,100,2.942999,2.446797,99.0291
13,100,0.3400,17,0,100,3.139199,2.579076,98.9663
13,100,0.3600,18,0,100,3.335398,2.707614,98.8996
13,100,0.3800,19,0,100,3.531598,2.836452,98.8290
13,100,0.4000,20,0,100,3.727798,2.959098,98.7544
13,100,0.4200,21,0,100,3.923998,3.077214,98.6760
13,100,0.4400,22,0,100,4.120221,3.191331,98.5935
13,100,0.4600,23,0,100,4.316379,3.301407,98.5072
13,100,0.4800,24,0,100,4.512551,3.407570,98.4170
13,100,0.5000,25,0,100,4.708723,3.509969,98.3228
13,100,0.5200,26,0,100,4.904831,3.608608,98.2247
13,100,0.5400,27,0,100,5.100824,3.703338,98.1227
13,100,0.5600,28,0,100,5.296756,3.813362,98.0167
13,100,0.5800,29,0,100,5.492341,3.890765,97.9069
13,100,0.6000,30,0,100,5.687465,3.981687,97.7931
13,100,0.6200,31,0,100,5.881758,4.056755,97.6755
13,100,0.6400,32,0,100,6.074798,4.137432,97.5540
13,100,0.6600,33,0,100,6.265887,4.215809,97.4287
13,100,0.6800,34,0,100,6.454257,4.349471,97.2996
13,100,0.7000,35,0,100,6.638936,4.399478,97.1668
13,100,0.7200,36,0,100,6.818756,4.479774,97.0304
13,100,0.7400,37,0,100,6.992415,4.561828,96.8905
13,100,0.7600,38,0,100,7.158402,4.649065,96.7473
13,100,0.7800,39,0,100,7.315277,4.720880,96.6010
13,100,0.8000,40,0,100,7.461516,4.809396,96.4517
13,100,0.8200,41,0,100,7.595817,4.915158,96.2998
13,100,0.8400,42,0,100,7.716957,4.976897,96.1454
13,100,0.8600,43,0,100,7.823979,5.087032,95.9888
13,100,0.8800,44,0,100,7.916306,5.171605,95.8305
13,100,0.9000,45,0,100,7.993705,5.268413,95.6705
13,100,0.9200,46,0,100,8.056484,5.366078,95.5093
13,100,0.9400,47,0,100,8.105322,5.494834,95.3472
13,100,0.9600,48,0,100,8.141111,5.642379,95.1843
13,100,0.9800,49,0,100,9.083019,5.813045,95.0209
13,100,1.0000,50,0,100,9.560710,6.030134,94.8573
13,100,1.0200,51,0,100,11.138210,6.274371,94.6935
13,100,1.0400,52,0,100,11.743710,6.522697,94.5297
13,100,1.0600,53,0,100,11.833500,6.681405,94.3660
13,100,1.0800,54,0,100,11.831350,6.850673,94.2025
13,100,1.1000,55,0,100,11.817630,7.013793,94.0392
13,100,1.1200,56,0,100,11.895480,7.181303,93.8763
13,100,1.1400,57,0,100,12.096700,7.345869,93.7141
13,100,1.1600,58,0,100,12.256950,7.507771,93.5528
13,100,1.1800,59,0,100,12.418230,7.684946,93.3926
13,100,1.2000,60,0,100,12.580510,7.850422,93.2341
13,100,1.2200,61,0,100,12.743740,8.022285,93.0773
13,100,1.2400,62,0,100,12.985350,8.194981,92.9226
13,100,1.2600,63,0,100,13.173320,8.371939,92.7702
13,100,1.2800,64,0,100,13.364700,8.546988,92.6201
13,100,1.3000,65,0,100,13.557010,8.721997,92.4722
13,100,1.3200,66,0,100,13.749430,8.897095,92.3266
13,100,1.3400,67,0,100,13.941950,9.072639,92.1828
13,100,1.3600,68,0,100,14.134570,9.251980,92.0406
13,100,1.3800,69,0,100,14.327300,9.429651,91.8999
13,100,1.4000,70,0,100,14.520110,9.607186,91.7604
13,100,1.4200,71,0,100,14.713010,9.783091,91.6219
13,100,1.4400,72,0,100,14.906000,9.960320,91.4838
13,100,1.4600,73,0,100,15.099070,10.139800,91.3459
13,100,1.4800,74,0,100,15.292230,10.319280,91.2079
13,100,1.5000,75,0,100,15.485450,10.499870,91.0696
13,100,1.5200,76,0,100,15.678760,10.682810,90.9305
13,100,1.5400,77,0,100,15.872130,10.819570,90.7900
13,100,1.5600,78,0,100,16.065570,10.991950,90.6487
13,100,1.5800,79,0,100,16.259080,11.172710,90.5060
13,100,1.6000,80,0,100,16.452650,11.352840,90.3613
13,100,1.6200,81,0,100,16.646280,11.533470,90.2141
13,100,1.6400,82,0,100,16.839980,11.714190,90.0637
13,100,1.6600,83,0,100,17.033730,11.896000,89.9097
13,100,1.6800,84,0,100,17.227530,12.078750,89.7521
13,100,1.7000,85,0,100,17.421390,12.261840,89.5907
13,100,1.7200,86,0,100,17.615300,12.445510,89.4255
13,100,1.7400,87,0,100,17.809260,12.629650,89.2563
13,100,1.7600,88,0,100,18.003270,12.755280,89.0832
13,100,1.7800,89,0,100,18.197320,12.872350,88.9062
13,100,1.8000,90,0,100,18.391430,13.042000,88.7252
13,100,1.8200,91,0,100,18.585570,13.201960,88.5403
13,100,1.8400,92,0,100,18.779760,13.377520,88.3515
13,100,1.8600,93,0,100,18.973990,13.558230,88.1588
13,100,1.8800,94,0,100,19.168260,13.737550,87.9621
13,100,1.9000,95,0,100,19.362570,13.917290,87.7615
13,100,1.9200,96,0,100,19.556910,14.043340,87.5570
13,100,1.9400,97,0,100,19.751300,14.131510,87.3486
13,100,1.9600,98,0,100,19.945710,14.309610,87.1362
13,100,1.9800,99,0,100,20.140170,14.487860,86.9199
13,100,2.0000,100,0,100,20.334650,14.628530,86.6997
13,100,2.0200,101,0,100,20.529170,14.802350,86.4756
13,100,2.0400,102,0,100,20.723720,14.942130,86.2476
13,100,2.0600,103,0,100,20.918310,15.100250,86.0156
13,100,2.0800,104,0,100,21.112920,15.167760,85.7797
13,100,2.1000,105,0,100,21.307560,15.329330,85.5399
13,100,2.1200,106,0,100,21.502230,15.501620,85.2961
13,100,2.1400,107,0,100,21.696920,15.625400,85.0484
13,100,2.1600,108,0,100,21.891650,15.797820,84.7968
13,100,2.1800,109,0,100,22.086400,15.963110,84.5413
13,100,2.2000,110,0,100,22.281170,15.948960,84.2819
13,100,2.2200,111,0,100,22.475970,15.991550,84.0185
13,100,2.2400,112,0,100,22.670800,16.139630,83.7512
13,100,2.2600,113,2,98,22.865640,16.201750,83.4800
13,100,2.2800,114,2,98,23.060510,16.093610,83.2049
13,100,2.3000,115,2,98,23.255410,16.259230,82.9258
13,100,2.3200,116,0,100,23.450320,16.054430,82.6428
13,100,2.3400,117,0,100,23.645260,15.632650,82.3559
13,100,2.3600,118,0,100,23.840210,15.769310,82.0651
13,100,2.3800,119,0,100,24.035190,15.681360,81.7703
13,100,2.4000,120,0,100,24.230190,15.701970,81.4716
13,100,2.4200,121,0,100,24.425200,15.841580,81.1690
13,100,2.4400,122,0,100,24.620240,15.508040,80.8625
13,100,2.4600,123,0,100,24.587630,15.252720,80.5520
13,100,2.4800,124,0,100,24.781480,15.375210,80.2377
13,100,2.5000,125,0,100,24.975370,15.491850,79.9194
13,100,2.5200,126,0,100,25.169290,15.625050,79.5971
13,100,2.5400,127,0,100,25.097080,15.466320,79.2710
13,100,2.5600,128,0,100,25.292750,15.568870,78.9409
13,100,2.5800,129,0,100,25.488440,15.699440,78.6069
13,100,2.6000,130,0,100,25.684130,15.548190,78.2690
13,100,2.6200,131,0,100,25.879830,15.466260,77.9271
13,100,2.6400,132,0,100,26.075530,15.499570,77.5814
13,100,2.6600,133,0,100,26.271250,15.570790,77.2317
13,100,2.6800,134,0,100,26.466970,15.699840,76.8780
13,100,2.7000,135,0,100,26.662700,15.657810,76.5205
13,100,2.7200,136,0,100,26.858430,15.438660,76.1590
13,100,2.7400,137,0,100,27.054170,15.467480,75.7936
13,100,2.7600,138,0,100,27.249920,15.575810,75.4243
13,100,2.7800,139,0,100,27.445680,15.695000,75.0511
13,100,2.8000,140,0,100,26.948350,15.468680,74.6739
13,100,2.8200,141,0,100,27.143400,15.587530,74.2928
13,100,2.8400,142,0,100,27.338480,15.691870,73.9078
13,100,2.8600,143,0,100,27.533570,15.790750,73.5189
13,100,2.8800,144,0,100,27.728680,15.805790,73.1260
13,100,2.9000,145,0,100,27.923800,15.887040,72.7292
13,100,2.9200,146,0,100,28.118940,15.773170,72.3285
13,100,2.9400,147,0,100,28.314090,15.533420,71.9239
13,100,2.9600,148,0,100,28.509250,15.488310,71.5154
13,100,2.9800,149,0,100,28.704440,15.371740,71.1029
13,100,3.0000,150,1,99,28.899630,15.398830,70.6865
13,100,3.0200,151,1,99,29.094840,15.456210,70.2661
13,100,3.0400,152,1,99,29.290060,15.537840,69.8419
13,100,3.0600,153,1,99,29.485290,15.450140,69.4137
13,100,3.0800,154,1,99,29.680540,15.445480,68.9816
13,100,3.1000,155,1,99,29.875800,15.502570,68.5456
13,100,3.1200,156,2,98,30.071070,15.564860,68.1057
13,100,3.1400,157,2,98,30.266350,15.627520,67.6618
13,100,3.1600,158,2,98,30.461650,15.553220,67.2140
13,100,3.1800,159,2,98,30.656950,15.417620,66.7623
13,100,3.2000,160,2,98,30.852270,15.241930,66.3066
13,100,3.2200,161,2,98,30.448300,14.999260,65.8471
13,100,3.2400,162,2,98,30.644160,14.915140,65.3836
13,100,3.2600,163,2,98,30.840020,14.673750,64.9162
13,100,3.2800,164,2,98,31.035890,14.747800,64.4448
13,100,3.3000,165,2,98,31.231770,14.784370,63.9696
13,100,3.3200,166,1,99,31.427650,14.848290,63.4904
13,100,3.3400,167,1,99,31.623530,14.760210,63.0073
13,100,3.3600,168,1,99,31.819410,14.756090,62.5202
13,100,3.3800,169,1,99,32.015300,14.183900,62.0293
13,100,3.4000,170,1,99,32.211200,14.124570,61.5344
13,100,3.4200,171,1,99,32.407100,13.992830,61.0356
13,100,3.4400,172,1,99,32.603000,13.982110,60.5328
13,100,3.4600,173,1,99,31.543390,14.007690,60.0262
13,100,3.4800,174,2,98,31.739310,13.838460,59.5156
13,100,3.5000,175,2,98,31.935230,13.845640,59.0011
13,100,3.5200,176,2,98,32.131150,13.895950,58.4827
13,100,3.5400,177,2,98,32.327080,13.978020,57.9603
13,100,3.5600,178,2,98,32.523010,14.040340,57.4341
13,100,3.5800,179,4,96,32.555870,14.062400,56.9039
13,100,3.6000,180,2,98,32.752020,14.082600,56.3697
13,100,3.6200,181,2,98,32.918610,13.332680,55.8317
13,100,3.6400,182,2,98,32.680790,13.259190,55.2897
13,100,3.6600,183,3,97,32.876980,13.230370,54.7438
13,100,3.6800,184,3,97,33.064630,13.106650,54.1940
13,100,3.7000,185,4,96,32.543430,13.047510,53.6403
13,100,3.7200,186,4,96,32.739610,13.119440,53.0826
13,100,3.7400,187,4,96,32.935790,13.061280,52.5210
13,100,3.7600,188,4,96,33.131980,13.124090,51.9555
13,100,3.7800,189,4,96,33.324920,13.069670,51.3861
13,100,3.8000,190,4,96,33.069210,13.004100,50.8127
13,100,3.8200,191,6,94,33.265390,12.991740,50.2354
13,100,3.8400,192,6,94,33.190850,13.044090,49.6542
13,100,3.8600,193,8,92,33.387040,12.968970,49.0691
13,100,3.8800,194,6,94,33.566230,12.916400,48.4800
13,100,3.9000,195,6,94,33.762420,12.842100,47.8870
13,100,3.9200,196,6,94,33.753060,12.767910,47.2901
13,100,3.9400,197,6,94,33.949250,12.712940,46.6893
13,100,3.9600,198,7,93,34.102210,12.583470,46.0845
13,100,3.9800,199,8,92,34.158370,12.463630,45.4758
13,100,4.0000,200,8,92,34.189140,12.218300,44.8632
13,100,4.0200,201,8,92,33.991710,12.169680,44.2467
13,100,4.0400,202,8,92,34.187900,12.137460,43.6263
13,100,4.0600,203,8,92,34.384110,12.089420,43.0019
13,100,4.0800,204,11,89,34.580300,12.111720,42.3736
13,100,4.1000,205,11,89,34.512030,12.161300,41.7414
13,100,4.1200,206,11,89,34.708230,12.207860,41.1052
13,100,4.1400,207,11,89,34.904430,12.085840,40.4652
13,100,4.1600,208,11,89,34.747180,11.687240,39.8212
13,100,4.1800,209,11,89,34.943370,11.470410,39.1732
13,100,4.2000,210,11,89,35.139580,11.414400,38.5214
13,100,4.2200,211,12,88,35.260680,11.361610,37.8656
13,100,4.2400,212,12,88,35.297700,11.394950,37.2059
13,100,4.2600,213,12,88,35.493880,11.180730,36.5423
13,100,4.2800,214,12,88,35.690050,10.995990,35.8748
13,100,4.3000,215,12,88,35.812650,10.920230,35.2033
13,100,4.3200,216,13,87,35.771190,10.878050,34.5279
13,100,4.3400,217,13,87,35.940230,10.578470,33.8486
13,100,4.3600,218,13,87,36.013190,10.497440,33.1654
13,100,4.3800,219,13,87,36.209380,10.511920,32.4782
13,100,4.4000,220,13,87,36.405570,10.547420,31.7871
13,100,4.4200,221,13,87,36.601760,10.582740,31.0921
13,100,4.4400,222,14,86,36.797950,10.614960,30.3932
13,100,4.4600,223,14,86,36.994140,10.555800,29.6904
13,100,4.4800,224,14,86,36.825940,10.103130,28.9836
13,100,4.5000,225,14,86,37.022130,10.018400,28.2729
13,100,4.5200,226,14,86,37.218330,9.934421,27.5582
13,100,4.5400,227,16,84,37.414540,9.934162,26.8397
13,100,4.5600,228,16,84,37.591900,9.812658,26.1172
13,100,4.5800,229,16,84,37.589330,9.223109,25.3908
13,100,4.6000,230,14,86,37.754910,8.827314,24.6605
13,100,4.6200,231,14,86,37.803060,8.671811,23.9263
13,100,4.6400,232,12,88,37.910590,8.457939,23.1881
13,100,4.6600,233,12,88,37.976580,8.343680,22.4460
13,100,4.6800,234,13,87,38.130210,8.383245,21.7000
13,100,4.7000,235,13,87,38.230610,8.376069,20.9500
13,100,4.7200,236,13,87,38.280410,8.251294,20.1962
13,100,4.7400,237,14,86,38.476610,8.069828,19.4384
13,100,4.7600,238,14,86,38.454490,7.945960,18.6766
13,100,4.7800,239,14,86,38.650690,7.802975,17.9110
13,100,4.8000,240,13,87,38.846890,7.735110,17.1414
13,100,4.8200,241,13,87,38.860300,7.556614,16.3680
13,100,4.8400,242,13,87,39.056500,7.512173,15.5905
13,100,4.8600,243,12,88,39.252700,7.418291,14.8092
13,100,4.8800,244,12,88,39.412030,6.731746,14.0240
13,100,4.9000,245,13,87,39.479110,6.466892,13.2348
13,100,4.9200,246,13,87,39.675310,5.832647,12.4417
13,100,4.9400,247,13,87,39.871510,5.351899,11.6446
13,100,4.9600,248,13,87,40.050530,4.994479,10.8437
13,100,4.9800,249,13,87,40.246720,4.801256,10.0388
13,100,5.0000,250,13,87,40.442910,4.619756,9.2300
13,100,5.0200,251,13,87,27.638240,4.475343,8.8219
13,100,5.0400,252,13,87,30.971010,4.377502,8.4270
13,100,5.0600,253,14,86,30.284550,4.468176,7.9928
13,100,5.0800,254,13,87,30.357910,4.388277,7.5490
13,100,5.1000,255,14,86,30.432360,4.358582,7.1012
13,100,5.1200,256,15,85,30.507890,4.337092,6.6495
13,100,5.1400,257,15,85,31.398630,4.275138,6.1939
13,100,5.1600,258,16,84,31.463270,4.230407,5.7343
13,100,5.1800,259,13,87,31.529010,4.142186,5.2708
13,100,5.2000,260,12,88,31.595820,4.040095,4.8034
13,100,5.2200,261,12,88,31.663710,3.974174,4.3321
13,100,5.2400,262,12,88,31.732660,3.888873,3.8569
13,100,5.2600,263,10,90,27.314010,3.561795,3.3777
13,100,5.2800,264,10,90,27.486270,3.333161,2.8946
13,100,5.3000,265,11,89,28.250940,3.243892,2.6235
13,100,5.3200,266,11,89,16.576780,2.897265,2.6771
13,100,5.3400,267,11,89,16.702460,2.788111,2.7267
13,100,5.3600,268,11,89,15.368880,2.729125,2.7723
13,100,5.3800,269,11,89,14.538440,2.568360,2.8141
13,100,5.4000,270,11,89,14.618600,2.484197,2.8519
13,100,5.4200,271,13,87,14.700940,2.426608,2.8858
13,100,5.4400,272,15,85,14.785430,2.356771,2.9158
13,100,5.4600,273,15,85,14.153350,2.299891,2.9588
13,100,5.4800,274,15,85,14.071560,2.226602,3.0745
13,100,5.5000,275,15,85,13.992040,2.207475,3.1862
13,100,5.5200,276,16,84,13.914840,2.142800,3.2941
13,100,5.5400,277,16,84,13.839990,2.076938,3.3980
13,100,5.5600,278,16,84,13.767530,2.043679,3.4980
13,100,5.5800,279,17,83,13.697500,1.958176,3.5941
13,100,5.6000,280,18,82,13.629930,1.910779,3.6862
13,100,5.6200,281,19,81,13.564860,1.877986,3.7745
13,100,5.6400,282,19,81,13.502330,1.857796,3.8588
13,100,5.6600,283,19,81,13.442370,1.839768,3.9392
13,100,5.6800,284,19,81,13.385020,1.808943,4.0156
13,100,5.7000,285,19,81,13.330310,1.772805,4.0881
13,100,5.7200,286,19,81,13.278280,1.760208,4.1567
13,100,5.7400,287,20,80,13.228950,1.737456,4.2214
13,100,5.7600,288,19,81,13.182360,1.747730,4.2822
13,100,5.7800,289,19,81,13.138530,1.752165,4.3390
13,100,5.8000,290,20,80,13.097500,1.721635,4.3919
13,100,5.8200,291,19,81,13.059280,1.664732,4.4409
13,100,5.8400,292,20,80,13.023910,1.672474,4.4860
13,100,5.8600,293,20,80,12.991400,1.625013,4.5271
13,100,5.8800,294,20,80,12.961780,1.591354,4.5643
13,100,5.9000,295,20,80,12.935080,1.593291,4.5976
13,100,5.9200,296,20,80,12.911290,1.584170,4.6270
13,100,5.9400,297,21,79,12.890450,1.599409,4.6524
13,100,5.9600,298,22,78,12.872570,1.611734,4.6740
13,100,5.9800,299,22,78,12.857660,1.616559,4.6916
13,100,6.0000,300,23,77,12.845730,1.562464,4.7052
13,100,6.0200,301,23,77,12.836780,1.558100,4.7150
13,100,6.0400,302,22,78,12.830830,1.539880,4.7208
13,100,6.0600,303,23,77,12.827880,1.471647,4.7227
13,100,6.0800,304,25,75,12.827930,1.403033,4.7207
13,100,6.1000,305,23,77,12.830980,1.361196,4.7147
13,100,6.1200,306,23,77,12.837020,1.347681,4.7048
13,100,6.1400,307,23,77,12.846060,1.346008,4.6910
13,100,6.1600,308,23,77,12.858090,1.323750,4.6733
13,100,6.1800,309,27,73,12.873100,1.305099,4.6517
13,100,6.2000,310,31,69,12.891080,1.290309,4.6261
13,100,6.2200,311,31,69,12.912010,1.287879,4.5966
13,100,6.2400,312,31,69,12.935890,1.287064,4.5632
13,100,6.2600,313,32,68,12.962690,1.261594,4.5259
13,100,6.2800,314,28,72,12.992400,1.267587,4.4846
13,100,6.3000,315,27,73,13.025000,1.211918,4.4394
13,100,6.3200,316,26,74,13.060460,1.164603,4.3903
13,100,6.3400,317,26,74,13.098770,1.120900,4.3373
13,100,6.3600,318,29,71,13.139890,1.101738,4.2803
13,100,6.3800,319,31,69,13.183810,1.085363,4.2194
13,100,6.4000,320,28,72,13.230490,1.071739,4.1546
13,100,6.4200,321,29,71,13.279910,1.012344,4.0859
13,100,6.4400,322,31,69,13.332030,0.978919,4.0132
13,100,6.4600,323,35,65,13.386820,0.969431,3.9366
13,100,6.4800,324,35,65,13.444260,0.973270,3.8561
13,100,6.5000,325,37,63,13.504300,0.933708,3.7717
13,100,6.5200,326,37,63,13.566910,0.908161,3.6833
13,100,6.5400,327,37,63,13.632060,0.885114,3.5911
13,100,6.5600,328,37,63,13.699710,0.866476,3.4949
13,100,6.5800,329,40,60,13.769820,0.823654,3.3947
13,100,6.6000,330,40,60,13.842360,0.794755,3.2907
13,100,6.6200,331,41,59,13.917290,0.787642,3.1827
13,100,6.6400,332,41,59,13.994560,0.762398,3.0708
13,100,6.6600,333,41,59,14.074150,0.735425,2.9550
13,100,6.6800,334,42,58,14.156010,0.718108,2.8353
13,100,6.7000,335,42,58,14.240100,0.694486,2.7116
13,100,6.7200,336,43,57,14.326390,0.670226,2.5840
13,100,6.7400,337,44,56,14.414830,0.669622,2.4525
13,100,6.7600,338,45,55,14.505380,0.669934,2.3170
13,100,6.7800,339,45,55,14.598010,0.666978,2.1777
13,100,6.8000,340,47,53,14.692680,0.652406,2.0344
13,100,6.8200,341,56,44,14.789340,0.655624,1.8872
13,100,6.8400,342,57,43,14.887960,0.661703,1.7360
13,100,6.8600,343,59,41,14.988500,0.662157,1.5810
13,100,6.8800,344,60,40,15.090920,0.644997,1.4996
13,100,6.9000,345,60,40,15.195190,0.635115,1.4996
13,100,6.9200,346,61,39,15.301260,0.624858,1.4996
13,100,6.9400,347,62,38,15.409100,0.612184,1.4996
13,100,6.9600,348,62,38,15.518670,0.609608,1.4996
13,100,6.9800,349,62,38,8.196228,0.495873,1.4996
13,100,7.0000,350,62,38,8.219625,0.492444,1.4996
13,100,7.0200,351,63,37,8.247626,0.447933,1.4996
13,100,7.0400,352,71,29,8.280182,0.427194,1.4996
13,100,7.0600,353,73,27,8.317240,0.424740,1.4996
13,100,7.0800,354,74,26,8.358740,0.421228,1.4996
13,100,7.1000,355,74,26,8.404616,0.372983,1.4996
13,100,7.1200,356,76,24,8.454798,0.361387,1.4996
13,100,7.1400,357,77,23,8.509209,0.356537,1.4996
13,100,7.1600,358,77,23,8.567767,0.355917,1.4996
13,100,7.1800,359,77,23,7.254338,0.338915,1.4996
13,100,7.2000,360,77,23,6.656976,0.322390,1.4996
13,100,7.2200,361,78,22,6.580643,0.322806,1.4996
13,100,7.2400,362,78,22,6.509331,0.321682,1.4996
13,100,7.2600,363,78,22,6.443206,0.319302,1.4996
13,100,7.2800,364,78,22,6.382430,0.302384,1.4996
13,100,7.3000,365,79,21,6.327156,0.305288,1.4996
13,100,7.3200,366,78,22,6.277530,0.304342,1.4996
13,100,7.3400,367,79,21,6.233687,0.285908,1.4996
13,100,7.3600,368,79,21,6.195750,0.269884,1.4996
13,100,7.3800,369,79,21,6.163827,0.255574,1.4996
13,100,7.4000,370,79,21,6.138013,0.251784,1.4996
13,100,7.4200,371,79,21,6.118384,0.249068,1.4996
13,100,7.4400,372,79,21,6.105001,0.247515,1.4996
13,100,7.4600,373,79,21,6.097905,0.246344,1.4996
13,100,7.4800,374,79,21,6.097117,0.245779,1.4996
13,100,7.5000,375,79,21,6.102641,0.246437,1.4996
13,100,7.5200,376,79,21,6.114458,0.248142,1.4996
13,100,7.5400,377,79,21,6.132532,0.252255,1.4996
13,100,7.5600,378,79,21,6.156809,0.256217,1.4996
13,100,7.5800,379,79,21,6.187215,0.251833,1.4996
13,100,7.6000,380,81,19,6.223661,0.254775,1.4996
13,100,7.6200,381,81,19,6.266041,0.231561,1.4996
13,100,7.6400,382,81,19,6.314236,0.233106,1.4996
13,100,7.6600,383,81,19,6.368114,0.235449,1.4996
13,100,7.6800,384,81,19,6.427531,0.219821,1.4996
13,100,7.7000,385,81,19,6.492335,0.207834,1.4996
13,100,7.7200,386,81,19,6.562368,0.196576,1.4996
13,100,7.7400,387,82,18,6.637464,0.195330,1.4996
13,100,7.7600,388,82,18,6.717452,0.195093,1.4996
13,100,7.7800,389,82,18,6.802160,0.191868,1.4996
13,100,7.8000,390,84,16,5.401999,0.167070,1.4996
13,100,7.8200,391,84,16,4.683589,0.148093,1.4996
13,100,7.8400,392,84,16,4.605688,0.148127,1.4996
13,100,7.8600,393,84,16,4.518588,0.150109,1.4996
13,100,7.8800,394,84,16,4.438457,0.152734,1.4996
13,100,7.9000,395,84,16,4.365678,0.155990,1.4996
13,100,7.9200,396,84,16,4.300626,0.151780,1.4996
13,100,7.9400,397,84,16,4.243656,0.147404,1.4996
13,100,7.9600,398,84,16,4.195096,0.143500,1.4996
13,100,7.9800,399,84,16,4.155242,0.145111,1.4996
13,100,8.0000,400,86,14,4.124346,0.147750,1.4996
13,100,8.0200,401,86,14,4.102611,0.140009,1.4996
13,100,8.0400,402,86,14,3.857858,0.114172,1.4996
13,100,8.0600,403,86,14,3.428631,0.109213,1.4996
13,100,8.0800,404,86,14,3.420676,0.110647,1.4996
13,100,8.1000,405,88,12,3.423964,0.112417,1.4996
13,100,8.1200,406,88,12,3.438462,0.107435,1.4996
13,100,8.1400,407,89,11,3.464029,0.106809,1.4996
13,100,8.1600,408,89,11,3.500424,0.099757,1.4996
13,100,8.1800,409,90,10,3.547312,0.103813,1.4996
13,100,8.2000,410,91,9,3.604285,0.106301,1.4996
13,100,8.2200,411,91,9,2.834525,0.082779,1.4996
13,100,8.2400,412,91,9,2.805320,0.084251,1.4996
13,100,8.2600,413,91,9,2.800925,0.083045,1.4996
13,100,8.2800,414,91,9,2.810255,0.070982,1.4996
13,100,8.3000,415,92,8,2.833174,0.070787,1.4996
13,100,8.3200,416,92,8,2.869356,0.072925,1.4996
13,100,8.3400,417,92,8,2.918308,0.076115,1.4996
13,100,8.3600,418,92,8,2.180779,0.071922,1.4996
13,100,8.3800,419,92,8,2.104288,0.070622,1.4996
13,100,8.4000,420,92,8,2.008416,0.071004,1.4996
13,100,8.4200,421,92,8,1.946603,0.065508,1.4996
13,100,8.4400,422,92,8,1.897605,0.062170,1.4996
13,100,8.4600,423,92,8,1.852013,0.063783,1.4996
13,100,8.4800,424,92,8,1.814356,0.063961,1.4996
13,100,8.5000,425,92,8,1.784255,0.060009,1.4996
13,100,8.5200,426,92,8,1.761565,0.048470,1.4996
13,100,8.5400,427,92,8,1.747823,0.045535,1.4996
13,100,8.5600,428,92,8,1.741266,0.045748,1.4996
13,100,8.5800,429,92,8,1.743382,0.046124,1.4996
13,100,8.6000,430,92,8,1.752902,0.046811,1.4996
13,100,8.6200,431,92,8,1.770894,0.047980,1.4996
13,100,8.6400,432,92,8,1.796385,0.047629,1.4996
13,100,8.6600,433,93,7,1.830127,0.048458,1.4996
13,100,8.6800,434,93,7,1.871490,0.051858,1.4996
13,100,8.7000,435,93,7,1.920611,0.056040,1.4996
13,100,8.7200,436,93,7,1.977412,0.053046,1.4996
13,100,8.7400,437,93,7,2.041819,0.050417,1.4996
13,100,8.7600,438,93,7,2.113734,0.040879,1.4996
13,100,8.7800,439,93,7,2.193035,0.037903,1.4996
13,100,8.8000,440,93,7,2.279476,0.034578,1.4996
13,100,8.8200,441,93,7,1.237720,0.022640,1.4996
13,100,8.8400,442,94,6,1.007760,0.019747,1.4996
13,100,8.8600,443,94,6,0.969416,0.020049,1.4996
13,100,8.8800,444,94,6,0.963100,0.022374,1.4996
13,100,8.9000,445,94,6,1.046830,0.025068,1.4996
13,100,8.9200,446,95,5,1.134937,0.027903,1.4996
13,100,8.9400,447,95,5,1.225589,0.028820,1.4996
13,100,8.9600,448,95,5,1.322113,0.028112,1.4996
13,100,8.9800,449,95,5,1.291018,0.024497,1.4996
13,100,9.0000,450,95,5,1.029817,0.014370,1.4996
13,100,9.0200,451,95,5,1.088495,0.013631,1.4996
13,100,9.0400,452,95,5,1.156749,0.012975,1.4996
13,100,9.0600,453,95,5,1.233243,0.012584,1.4996
13,100,9.0800,454,95,5,1.318095,0.014089,1.4996
13,100,9.1000,455,95,5,1.395807,0.015872,1.4996
13,100,9.1200,456,95,5,0.772123,0.010652,1.4996
13,100,9.1400,457,95,5,0.629056,0.007414,1.4996
13,100,9.1600,458,95,5,0.644629,0.006600,1.4996
13,100,9.1800,459,96,4,0.690254,0.007095,1.4996
13,100,9.2000,460,96,4,0.747236,0.007596,1.4996
13,100,9.2200,461,97,3,0.815420,0.008190,1.4996
13,100,9.2400,462,97,3,0.898153,0.008993,1.4996
13,100,9.2600,463,97,3,0.987237,0.009884,1.4996
13,100,9.2800,464,97,3,0.963011,0.009637,1.4996
13,100,9.3000,465,97,3,0.773192,0.007734,1.4996
13,100,9.3200,466,97,3,0.670738,0.006708,1.4996
13,100,9.3400,467,98,2,0.607626,0.006077,1.4996
13,100,9.3600,468,98,2,0.329270,0.003293,1.4996
13,100,9.3800,469,98,2,0.225323,0.002253,1.4996
13,100,9.4000,470,98,2,0.169811,0.001698,1.4996
13,100,9.4200,471,98,2,0.196505,0.001965,1.4996
13,100,9.4400,472,98,2,0.289484,0.002895,1.4996
13,100,9.4600,473,98,2,0.401485,0.004015,1.4996
13,100,9.4800,474,98,2,0.444977,0.004450,1.4996
13,100,9.5000,475,98,2,0.408087,0.004081,1.4996
13,100,9.5200,476,98,2,0.219130,0.002192,1.4996
13,100,9.5400,477,98,2,0.056324,0.000563,1.4996
13,100,9.5600,478,99,1,0.060137,0.000601,1.4996
13,100,9.5800,479,99,1,0.036293,0.000363,1.4996
13,100,9.6000,480,99,1,0.010734,0.000107,1.4996
13,100,9.6200,481,99,1,0.003226,0.000032,1.4996
13,100,9.6400,482,99,1,0.003837,0.000038,1.4996
13,100,9.6600,483,99,1,0.001832,0.000018,1.4996
13,100,9.6800,484,99,1,0.000325,0.000003,1.4996
13,100,9.7000,485,99,1,0.000259,0.000003,1.4996
13,100,9.7200,486,99,1,0.000244,0.000002,1.4996
13,100,9.7400,487,99,1,0.000110,0.000001,1.4996
13,100,9.7600,488,99,1,0.000013,0.000000,1.4996
13,100,9.7800,489,99,1,0.000022,0.000000,1.4996
13,100,9.8000,490,99,1,0.000015,0.000000,1.4996
13,100,9.8200,491,99,1,0.000007,0.000000,1.4996
13,100,9.8400,492,99,1,0.000003,0.000000,1.4996
13,100,9.8600,493,99,1,0.000001,0.000000,1.4996
13,100,9.8800,494,99,1,0.000001,0.000000,1.4996
13,100,9.9000,495,100,0,0.000000,0.000000,1.4996
14,100,0.0200,1,0,100,0.000000,0.000000,99.5000
14,100,0.0400,2,0,100,0.196200,0.190713,99.4961
14,100,0.0600,3,0,100,0.392422,0.377408,99.4882
14,100,0.0800,4,0,100,0.588613,0.560090,99.4765
14,100,0.1000,5,0,100,0.784802,0.738734,99.4608
14,100,0.1200,6,0,100,0.981000,0.913318,99.4411
14,100,0.1400,7,0,100,1.177199,1.083825,99.4176
14,100,0.1600,8,0,100,1.373399,1.250245,99.3901
14,100,0.1800,9,0,100,1.569599,1.412577,99.3587
14,100,0.2000,10,0,100,1.765799,1.570797,99.3234
14,100,0.2200,11,0,100,1.961999,1.724926,99.2842
14,100,0.2400,12,0,100,2.158200,1.878135,99.2410
14,100,0.2600,13,0,100,2.354399,2.026747,99.1939
14,100,0.2800,14,0,100,2.550599,2.171009,99.1429
14,100,0.3000,15,0,100,2.746799,2.310996,99.0880
14,100,0.3200,16,0,100,2.942999,2.447190,99.0291
14,100,0.3400,17,0,100,3.139199,2.579427,98.9663
14,100,0.3600,18,0,100,3.335398,2.707582,98.8996
14,100,0.3800,19,0,100,3.531598,2.835283,98.8290
14,100,0.4000,20,0,100,3.727798,2.957302,98.7544
14,100,0.4200,21,0,100,3.923998,3.074769,98.6760
14,100,0.4400,22,0,100,4.120208,3.188095,98.5935
14,100,0.4600,23,0,100,4.316387,3.298085,98.5072
14,100,0.4800,24,0,100,4.512537,3.404384,98.4170
14,100,0.5000,25,0,100,4.708703,3.507063,98.3228
14,100,0.5200,26,0,100,4.904794,3.608562,98.2247
14,100,0.5400,27,0,100,5.100746,3.705825,98.1227
14,100,0.5600,28,0,100,5.296639,3.817501,98.0168
14,100,0.5800,29,0,100,5.492164,3.915919,97.9069
14,100,0.6000,30,0,100,5.687202,3.983902,97.7932
14,100,0.6200,31,0,100,5.881323,4.091526,97.6755
14,100,0.6400,32,0,100,6.074045,4.159088,97.5541
14,100,0.6600,33,0,100,6.264756,4.250885,97.4287
14,100,0.6800,34,0,100,6.452640,4.331151,97.2997
14,100,0.7000,35,0,100,6.636814,4.413039,97.1669
14,100,0.7200,36,0,100,6.815903,4.486302,97.0306
14,100,0.7400,37,0,100,6.988781,4.531375,96.8908
14,100,0.7600,38,0,100,7.154009,4.652935,96.7477
14,100,0.7800,39,0,100,7.309987,4.721067,96.6015
14,100,0.8000,40,0,100,7.455337,4.807096,96.4523
14,100,0.8200,41,0,100,7.588648,4.875027,96.3005
14,100,0.8400,42,0,100,7.709087,4.952734,96.1463
14,100,0.8600,43,0,100,7.815547,5.068734,95.9899
14,100,0.8800,44,0,100,7.907719,5.159401,95.8317
14,100,0.9000,45,0,100,7.985288,5.261473,95.6720
14,100,0.9200,46,0,100,8.048648,5.378034,95.5110
14,100,0.9400,47,0,100,8.098560,5.467120,95.3490
14,100,0.9600,48,0,100,8.135802,5.634136,95.1862
14,100,0.9800,49,0,100,8.162208,5.814492,95.0229
14,100,1.0000,50,0,100,10.974310,6.019488,94.8593
14,100,1.0200,51,0,100,11.087570,6.223388,94.6956
14,100,1.0400,52,0,100,11.105580,6.410914,94.5318
14,100,1.0600,53,0,100,11.240570,6.599579,94.3680
14,100,1.0800,54,0,100,11.371870,6.805138,94.2044
14,100,1.1000,55,0,100,11.869920,6.995928,94.0412
14,100,1.1200,56,0,100,12.051070,7.183045,93.8786
14,100,1.1400,57,0,100,12.232680,7.362052,93.7167
14,100,1.1600,58,0,100,12.414740,7.541938,93.5559
14,100,1.1800,59,0,100,12.597220,7.717607,93.3966
14,100,1.2000,60,0,100,12.780100,7.896742,93.2389
14,100,1.2200,61,0,100,12.963380,8.079955,93.0832
14,100,1.2400,62,0,100,13.147030,8.257749,92.9298
14,100,1.2600,63,0,100,13.331030,8.438516,92.7788
14,100,1.2800,64,0,100,13.515380,8.620425,92.6302
14,100,1.3000,65,0,100,13.700060,8.800375,92.4840
14,100,1.3200,66,0,100,13.885060,8.982595,92.3401
14,100,1.3400,67,1,99,14.070360,9.166986,92.1983
14,100,1.3600,68,1,99,14.255950,9.346868,92.0585
14,100,1.3800,69,1,99,14.441820,9.528699,91.9204
14,100,1.4000,70,1,99,14.627960,9.712512,91.7836
14,100,1.4200,71,1,99,14.814360,9.895812,91.6480
14,100,1.4400,72,1,99,15.001010,10.079710,91.5132
14,100,1.4600,73,1,99,15.187900,10.264340,91.3791
14,100,1.4800,74,1,99,15.375020,10.449480,91.2455
14,100,1.5000,75,1,99,15.564480,10.634950,91.1114
14,100,1.5200,76,1,99,15.757800,10.820830,90.9771
14,100,1.5400,77,1,99,15.951200,11.005630,90.8427
14,100,1.5600,78,1,99,16.144660,11.192110,90.7077
14,100,1.5800,79,1,99,16.338180,11.378970,90.5716
14,100,1.6000,80,1,99,16.531770,11.566030,90.4340
14,100,1.6200,81,1,99,16.725420,11.658190,90.2941
14,100,1.6400,82,1,99,16.919130,11.608760,90.1517
14,100,1.6600,83,1,99,17.112890,11.795060,90.0062
14,100,1.6800,84,1,99,17.306710,11.972830,89.8572
14,100,1.7000,85,1,99,17.500590,12.095780,89.7046
14,100,1.7200,86,1,99,17.694510,12.236460,89.5483
14,100,1.7400,87,1,99,17.888480,12.407110,89.3881
14,100,1.7600,88,1,99,18.082500,12.583120,89.2241
14,100,1.7800,89,1,99,18.276570,12.761260,89.0560
14,100,1.8000,90,1,99,18.470690,12.624260,88.8841
14,100,1.8200,91,1,99,18.664840,12.793410,88.7082
14,100,1.8400,92,1,99,18.859040,12.826920,88.5285
14,100,1.8600,93,1,99,19.053280,12.985070,88.3448
14,100,1.8800,94,1,99,19.247560,13.048430,88.1571
14,100,1.9000,95,1,99,19.441880,13.166440,87.9656
14,100,1.9200,96,1,99,19.636230,13.332180,87.7701
14,100,1.9400,97,1,99,19.830630,13.500240,87.5707
14,100,1.9600,98,1,99,20.025050,13.666170,87.3674
14,100,1.9800,99,1,99,20.219510,13.833710,87.1601
14,100,2.0000,100,1,99,20.414010,13.848620,86.9489
14,100,2.0200,101,1,99,20.608540,13.960550,86.7338
14,100,2.0400,102,1,99,20.803100,14.056630,86.5148
14,100,2.0600,103,1,99,20.997680,14.079050,86.2919
14,100,2.0800,104,1,99,21.192300,14.236990,86.0650
14,100,2.1000,105,1,99,21.386950,14.400360,85.8342
14,100,2.1200,106,1,99,21.581630,14.487450,85.5995
14,100,2.1400,107,1,99,21.776330,14.471740,85.3608
14,100,2.1600,108,1,99,21.971060,14.619090,85.1182
14,100,2.1800,109,1,99,22.165820,14.633970,84.8718
14,100,2.2000,110,1,99,22.360600,14.779150,84.6213
14,100,2.2200,111,1,99,22.555400,14.919430,84.3670
14,100,2.2400,112,1,99,22.750230,15.073100,84.1087
14,100,2.2600,113,1,99,22.945080,15.228400,83.8465
14,100,2.2800,114,1,99,23.139960,15.384720,83.5804
14,100,2.3000,115,1,99,23.334860,15.524190,83.3104
14,100,2.3200,116,1,99,23.529780,15.518660,83.0364
14,100,2.3400,117,1,99,23.724720,15.661560,82.7585
14,100,2.3600,118,1,99,23.919680,15.819840,82.4767
14,100,2.3800,119,1,99,24.114660,15.790250,82.1910
14,100,2.4000,120,1,99,24.309660,15.948140,81.9014
14,100,2.4200,121,1,99,24.504680,16.087500,81.6078
14,100,2.4400,122,1,99,24.699720,16.243690,81.3103
14,100,2.4600,123,1,99,24.111110,16.345040,81.0088
14,100,2.4800,124,1,99,24.307130,16.485830,80.7035
14,100,2.5000,125,1,99,24.503160,16.616740,80.3942
14,100,2.5200,126,1,99,24.562440,16.672130,80.0810
14,100,2.5400,127,1,99,24.757750,16.597900,79.7639
14,100,2.5600,128,1,99,24.953070,16.441700,79.4429
14,100,2.5800,129,1,99,25.148410,16.540370,79.1179
14,100,2.6000,130,1,99,25.343760,16.240180,78.7890
14,100,2.6200,131,1,99,25.539120,16.068280,78.4562
14,100,2.6400,132,2,98,25.697280,15.950870,78.1194
14,100,2.6600,133,2,98,25.893050,15.891840,77.7788
14,100,2.6800,134,2,98,26.021310,15.847070,77.4342
14,100,2.7000,135,2,98,26.032150,15.435460,77.0856
14,100,2.7200,136,2,98,26.037390,15.137290,76.7332
14,100,2.7400,137,2,98,26.233410,15.040930,76.3768
14,100,2.7600,138,2,98,26.429420,14.913050,76.0166
14,100,2.7800,139,2,98,26.625440,14.907540,75.6523
14,100,2.8000,140,2,98,26.821460,14.887680,75.2842
14,100,2.8200,141,1,99,27.017480,14.899720,74.9121
14,100,2.8400,142,1,99,27.096910,15.015600,74.5362
14,100,2.8600,143,1,99,27.292640,14.848720,74.1563
14,100,2.8800,144,2,98,27.488370,14.736610,73.7724
14,100,2.9000,145,2,98,27.574250,14.755960,73.3847
14,100,2.9200,146,2,98,27.770230,14.887010,72.9930
14,100,2.9400,147,2,98,27.966210,15.001920,72.5974
14,100,2.9600,148,2,98,28.162200,15.128090,72.1979
14,100,2.9800,149,3,97,28.358180,15.237250,71.7944
14,100,3.0000,150,3,97,28.554170,15.346170,71.3870
14,100,3.0200,151,3,97,28.750160,15.431220,70.9757
14,100,3.0400,152,3,97,28.946160,15.533750,70.5605
14,100,3.0600,153,3,97,29.142150,15.643360,70.1413
14,100,3.0800,154,3,97,29.338150,15.302750,69.7183
14,100,3.1000,155,4,96,29.534160,15.399950,69.2913
14,100,3.1200,156,4,96,29.730160,14.864870,68.8604
14,100,3.1400,157,4,96,29.926170,14.865430,68.4255
14,100,3.1600,158,4,96,30.122180,14.862420,67.9867
14,100,3.1800,159,4,96,30.318190,14.909410,67.5441
14,100,3.2000,160,4,96,30.514210,14.977570,67.0974
14,100,3.2200,161,5,95,30.710230,14.964200,66.6469
14,100,3.2400,162,5,95,30.134230,14.971630,66.1924
14,100,3.2600,163,5,95,30.330390,14.972220,65.7341
14,100,3.2800,164,5,95,30.526550,14.919530,65.2717
14,100,3.3000,165,5,95,30.722710,14.921890,64.8055
14,100,3.3200,166,5,95,30.918880,14.976710,64.3353
14,100,3.3400,167,4,96,31.115040,14.920000,63.8613
14,100,3.3600,168,4,96,31.311200,14.876830,63.3833
14,100,3.3800,169,4,96,31.507370,14.831010,62.9013
14,100,3.4000,170,4,96,31.703530,14.864730,62.4155
14,100,3.4200,171,4,96,31.527400,14.983380,61.9257
14,100,3.4400,172,4,96,31.723600,14.791540,61.4320
14,100,3.4600,173,4,96,31.919800,14.646710,60.9344
14,100,3.4800,174,4,96,32.115990,14.638930,60.4328
14,100,3.5000,175,4,96,32.121720,14.553490,59.9273
14,100,3.5200,176,4,96,32.219280,14.475960,59.4179
14,100,3.5400,177,4,96,32.008250,14.227200,58.9046
14,100,3.5600,178,4,96,32.204450,14.016720,58.3874
14,100,3.5800,179,4,96,32.400650,13.865540,57.8662
14,100,3.6000,180,4,96,32.306560,13.811370,57.3411
14,100,3.6200,181,4,96,32.502760,13.707780,56.8121
14,100,3.6400,182,4,96,32.506950,13.722840,56.2791
14,100,3.6600,183,4,96,32.625880,13.770740,55.7423
14,100,3.6800,184,4,96,32.585870,13.838820,55.2015
14,100,3.7000,185,4,96,32.782070,13.864270,54.6568
14,100,3.7200,186,4,96,32.978270,13.798990,54.1081
14,100,3.7400,187,6,94,33.174470,13.401010,53.5556
14,100,3.7600,188,6,94,33.365340,13.194200,52.9991
14,100,3.7800,189,5,95,33.334350,13.211750,52.4387
14,100,3.8000,190,5,95,33.367210,13.214890,51.8743
14,100,3.8200,191,5,95,33.168570,13.277250,51.3061
14,100,3.8400,192,6,94,33.364760,13.308980,50.7339
14,100,3.8600,193,6,94,33.560950,13.264660,50.1578
14,100,3.8800,194,6,94,33.757140,13.303700,49.5777
14,100,3.9000,195,6,94,33.953330,13.246940,48.9938
14,100,3.9200,196,6,94,33.845970,13.187540,48.4059
14,100,3.9400,197,7,93,34.042160,13.145860,47.8141
14,100,3.9600,198,7,93,33.926710,13.187300,47.2184
14,100,3.9800,199,6,94,34.122910,12.752310,46.6187
14,100,4.0000,200,5,95,34.319110,12.494000,46.0152
14,100,4.0200,201,5,95,34.515310,12.382330,45.4077
14,100,4.0400,202,4,96,34.675140,12.296750,44.7962
14,100,4.0600,203,4,96,34.568850,12.148160,44.1809
14,100,4.0800,204,4,96,34.521940,12.091200,43.5616
14,100,4.1000,205,3,97,34.718140,12.106130,42.9384
14,100,4.1200,206,3,97,34.241120,12.043150,42.3113
14,100,4.1400,207,3,97,34.437310,12.052690,41.6803
14,100,4.1600,208,3,97,34.633510,12.081980,41.0453
14,100,4.1800,209,3,97,34.829700,12.037950,40.4064
14,100,4.2000,210,3,97,35.025900,11.941980,39.7636
14,100,4.2200,211,3,97,35.222090,11.979530,39.1168
14,100,4.2400,212,3,97,35.418290,11.830370,38.4662
14,100,4.2600,213,3,97,35.614480,11.753750,37.8116
14,100,4.2800,214,4,96,35.746910,11.666380,37.1531
14,100,4.3000,215,4,96,35.807450,11.506530,36.4907
14,100,4.3200,216,5,95,35.718190,11.098330,35.8243
14,100,4.3400,217,5,95,35.914380,11.098000,35.1540
14,100,4.3600,218,5,95,35.963580,10.990250,34.4798
14,100,4.3800,219,5,95,36.159770,10.338880,33.8017
14,100,4.4000,220,5,95,36.278900,10.051690,33.1196
14,100,4.4200,221,5,95,36.235080,9.947956,32.4336
14,100,4.4400,222,5,95,36.431280,10.011070,31.7437
14,100,4.4600,223,5,95,36.494330,10.032870,31.0499
14,100,4.4800,224,5,95,36.410490,10.019950,30.3522
14,100,4.5000,225,5,95,36.606690,9.921551,29.6505
14,100,4.5200,226,5,95,36.802880,9.922755,28.9449
14,100,4.5400,227,5,95,36.789850,9.842915,28.2354
14,100,4.5600,228,5,95,36.986050,9.853992,27.5219
14,100,4.5800,229,5,95,37.032870,9.515972,26.8045
14,100,4.6000,230,5,95,37.229060,9.438937,26.0832
14,100,4.6200,231,7,93,37.425260,9.022694,25.3580
14,100,4.6400,232,7,93,37.621460,8.968536,24.6289
14,100,4.6600,233,7,93,37.632140,8.909989,23.8958
14,100,4.6800,234,7,93,37.828330,8.369844,23.1588
14,100,4.7000,235,6,94,38.024520,8.117723,22.4179
14,100,4.7200,236,6,94,38.064200,8.045145,21.6731
14,100,4.7400,237,8,92,38.210090,7.921962,20.9243
14,100,4.7600,238,6,94,38.228780,7.897147,20.1716
14,100,4.7800,239,6,94,38.424980,7.763232,19.4150
14,100,4.8000,240,6,94,38.621180,7.478761,18.6545
14,100,4.8200,241,6,94,38.727850,7.305828,17.8900
14,100,4.8400,242,6,94,38.746830,7.043429,17.1216
14,100,4.8600,243,6,94,38.943030,6.807280,16.3493
14,100,4.8800,244,10,90,38.953210,6.812220,15.5731
14,100,4.9000,245,10,90,39.149410,6.723995,14.7929
14,100,4.9200,246,10,90,39.345610,6.717591,14.0088
14,100,4.9400,247,11,89,39.541810,6.676064,13.2208
14,100,4.9600,248,11,89,39.714120,6.619436,12.4289
14,100,4.9800,249,12,88,39.823630,6.387142,11.6331
14,100,5.0000,250,12,88,40.019830,6.321273,10.8333
14,100,5.0200,251,11,89,40.216030,6.070982,10.0296
14,100,5.0400,252,12,88,40.404250,5.389215,9.2220
14,100,5.0600,253,12,88,40.579640,4.796739,8.4104
14,100,5.0800,254,12,88,40.775830,4.353990,7.5949
14,100,5.1000,255,12,88,40.972020,4.084096,6.7755
14,100,5.1200,256,12,88,24.021680,3.956560,6.4711
14,100,5.1400,257,10,90,26.582180,3.803887,6.2619
14,100,5.1600,258,10,90,24.762360,3.754702,6.0159
14,100,5.1800,259,12,88,22.932520,3.726251,5.7432
14,100,5.2000,260,10,90,23.108840,3.630661,5.4656
14,100,5.2200,261,10,90,19.680960,3.030525,5.1842
14,100,5.2400,262,10,90,19.821730,2.985298,4.8988
14,100,5.2600,263,10,90,19.963430,2.902734,4.6095
14,100,5.2800,264,9,91,20.106050,2.760006,4.3162
14,100,5.3000,265,9,91,20.941140,2.571935,4.0202
14,100,5.3200,266,9,91,20.633170,2.452843,4.0187
14,100,5.3400,267,9,91,22.050800,2.394624,4.0132
14,100,5.3600,268,9,91,22.414440,2.377467,4.0038
14,100,5.3800,269,9,91,22.536240,2.304244,3.9904
14,100,5.4000,270,9,91,22.659090,2.220906,3.9732
14,100,5.4200,271,9,91,22.782960,2.179271,3.9520
14,100,5.4400,272,9,91,22.907840,2.141798,3.9269
14,100,5.4600,273,9,91,23.033710,2.102015,3.9344
14,100,5.4800,274,9,91,23.160570,2.087780,4.0185
14,100,5.5000,275,9,91,19.257440,1.966005,4.0986
14,100,5.5200,276,9,91,16.917920,1.769601,4.1748
14,100,5.5400,277,9,91,16.935780,1.724073,4.2471
14,100,5.5600,278,9,91,16.955890,1.708556,4.3155
14,100,5.5800,279,10,90,16.978250,1.680622,4.3800
14,100,5.6000,280,11,89,17.002840,1.669723,4.4405
14,100,5.6200,281,12,88,17.029660,1.645994,4.4971
14,100,5.6400,282,12,88,17.058690,1.624334,4.5498
14,100,5.6600,283,15,85,17.089920,1.629710,4.5986
14,100,5.6800,284,15,85,17.123350,1.631512,4.6434
14,100,5.7000,285,15,85,17.158950,1.632218,4.6843
14,100,5.7200,286,14,86,17.196720,1.625437,4.7213
14,100,5.7400,287,13,87,17.236640,1.613566,4.7544
14,100,5.7600,288,12,88,17.278700,1.597098,4.7835
14,100,5.7800,289,13,87,17.322880,1.533471,4.8087
14,100,5.8000,290,13,87,17.369160,1.522037,4.8300
14,100,5.8200,291,14,86,17.417520,1.451770,4.8474
14,100,5.8400,292,14,86,12.015010,1.373897,4.8609
14,100,5.8600,293,14,86,12.087020,1.298061,4.8704
14,100,5.8800,294,20,80,12.175540,1.303339,4.8760
14,100,5.9000,295,21,79,12.266570,1.299230,4.8777
14,100,5.9200,296,22,78,12.360040,1.290728,4.8754
14,100,5.9400,297,22,78,12.455900,1.277945,4.8692
14,100,5.9600,298,23,77,12.554090,1.276060,4.8591
14,100,5.9800,299,25,75,12.654570,1.289470,4.8451
14,100,6.0000,300,26,74,12.757270,1.277625,4.8272
14,100,6.0200,301,26,74,12.862140,1.265604,4.8053
14,100,6.0400,302,27,73,12.969130,1.233707,4.7795
14,100,6.0600,303,27,73,13.078190,1.194250,4.7498
14,100,6.0800,304,27,73,13.189270,1.179040,4.7161
14,100,6.1000,305,28,72,13.302320,1.173098,4.6786
14,100,6.1200,306,29,71,13.417280,1.139601,4.6371
14,100,6.1400,307,23,77,9.775959,1.055895,4.5917
14,100,6.1600,308,23,77,9.720541,1.041388,4.5423
14,100,6.1800,309,22,78,9.668787,1.035716,4.4891
14,100,6.2000,310,23,77,9.653205,1.036081,4.4319
14,100,6.2200,311,23,77,9.682357,1.019370,4.3708
14,100,6.2400,312,24,76,9.715384,1.013477,4.3057
14,100,6.2600,313,24,76,9.752247,0.987249,4.2368
14,100,6.2800,314,24,76,9.792903,0.986668,4.1639
14,100,6.3000,315,25,75,9.837304,0.971164,4.0871
14,100,6.3200,316,25,75,9.413650,0.922703,4.0064
14,100,6.3400,317,25,75,9.393042,0.922351,3.9217
14,100,6.3600,318,25,75,9.376495,0.933139,3.8331
14,100,6.3800,319,25,75,9.364031,0.940060,3.7406
14,100,6.4000,320,31,69,9.355665,0.908987,3.6442
14,100,6.4200,321,33,67,9.351410,0.908569,3.5439
14,100,6.4400,322,33,67,9.351270,0.888091,3.4396
14,100,6.4600,323,33,67,9.355245,0.895427,3.3314
14,100,6.4800,324,33,67,9.363331,0.886365,3.2193
14,100,6.5000,325,32,68,9.375517,0.879529,3.1032
14,100,6.5200,326,31,69,9.391787,0.861328,2.9833
14,100,6.5400,327,31,69,9.412118,0.843150,2.8594
14,100,6.5600,328,31,69,9.436487,0.818839,2.7315
14,100,6.5800,329,33,67,9.464861,0.810758,2.5998
14,100,6.6000,330,37,63,9.497204,0.809312,2.4641
14,100,6.6200,331,37,63,9.533476,0.817867,2.3246
14,100,6.6400,332,42,58,9.593196,0.819416,2.1810
14,100,6.6600,333,35,65,9.740824,0.791557,2.0336
14,100,6.6800,334,35,65,9.890140,0.801637,1.8822
14,100,6.7000,335,35,65,10.041070,0.781618,1.7270
14,100,6.7200,336,35,65,10.193540,0.759856,1.5870
14,100,6.7400,337,38,62,10.347480,0.760420,1.5849
14,100,6.7600,338,38,62,10.502840,0.759793,1.5820
14,100,6.7800,339,38,62,10.659540,0.746281,1.5782
14,100,6.8000,340,38,62,10.817530,0.736266,1.5747
14,100,6.8200,341,38,62,10.976750,0.720995,1.5732
14,100,6.8400,342,39,61,9.284493,0.622592,1.5720
14,100,6.8600,343,38,62,9.269328,0.596026,1.5709
14,100,6.8800,344,41,59,9.258296,0.568712,1.5697
14,100,6.9000,345,41,59,9.251413,0.569325,1.5683
14,100,6.9200,346,41,59,9.248689,0.561610,1.5667
14,100,6.9400,347,42,58,9.250125,0.550648,1.5649
14,100,6.9600,348,42,58,9.255721,0.548635,1.5628
14,100,6.9800,349,43,57,9.265470,0.548690,1.5605
14,100,7.0000,350,44,56,9.279357,0.540404,1.5578
14,100,7.0200,351,44,56,9.297365,0.519113,1.5548
14,100,7.0400,352,45,55,9.319470,0.482323,1.5515
14,100,7.0600,353,45,55,9.345642,0.479301,1.5478
14,100,7.0800,354,50,50,9.375848,0.476854,1.5438
14,100,7.1000,355,46,54,9.007042,0.475814,1.5395
14,100,7.1200,356,46,54,8.986429,0.476824,1.5349
14,100,7.1400,357,46,54,8.970061,0.467524,1.5300
14,100,7.1600,358,47,53,6.671659,0.426838,1.5247
14,100,7.1800,359,47,53,5.580191,0.417060,1.5190
14,100,7.2000,360,47,53,5.553078,0.411942,1.5129
14,100,7.2200,361,47,53,5.512418,0.391168,1.5063
14,100,7.2400,362,47,53,5.478488,0.376693,1.4996
14,100,7.2600,363,48,52,5.451412,0.378416,1.4997
14,100,7.2800,364,50,50,5.431293,0.356268,1.4997
14,100,7.3000,365,50,50,5.418208,0.343736,1.4997
14,100,7.3200,366,51,49,5.412209,0.341944,1.4997
14,100,7.3400,367,51,49,5.413319,0.345897,1.4997
14,100,7.3600,368,53,47,5.421534,0.349001,1.4997
14,100,7.3800,369,53,47,5.436821,0.348384,1.4997
14,100,7.4000,370,53,47,5.459122,0.340399,1.4997
14,100,7.4200,371,53,47,5.436292,0.334840,1.4997
14,100,7.4400,372,53,47,5.433402,0.329303,1.4997
14,100,7.4600,373,53,47,5.437594,0.299699,1.4997
14,100,7.4800,374,53,47,5.448853,0.294440,1.4997
14,100,7.5000,375,72,28,5.467134,0.276424,1.4997
14,100,7.5200,376,72,28,5.492367,0.249367,1.4997
14,100,7.5400,377,72,28,5.524457,0.234696,1.4997
14,100,7.5600,378,72,28,5.563286,0.230732,1.4997
14,100,7.5800,379,72,28,5.608713,0.228493,1.4997
14,100,7.6000,380,72,28,4.552831,0.219262,1.4997
14,100,7.6200,381,72,28,4.489107,0.221947,1.4997
14,100,7.6400,382,72,28,4.433157,0.226147,1.4997
14,100,7.6600,383,72,28,4.385280,0.224905,1.4997
14,100,7.6800,384,72,28,4.345740,0.226978,1.4997
14,100,7.7000,385,74,26,4.314769,0.224979,1.4997
14,100,7.7200,386,74,26,4.292551,0.219279,1.4997
14,100,7.7400,387,74,26,4.279222,0.218605,1.4997
14,100,7.7600,388,74,26,4.274865,0.220186,1.4997
14,100,7.7800,389,73,27,4.279509,0.224191,1.4997
14,100,7.8000,390,75,25,4.293124,0.231102,1.4997
14,100,7.8200,391,82,18,4.315625,0.222145,1.4997
14,100,7.8400,392,82,18,4.346873,0.218915,1.4997
14,100,7.8600,393,81,19,4.386683,0.205102,1.4997
14,100,7.8800,394,81,19,4.327578,0.188412,1.4997
14,100,7.9000,395,81,19,4.324448,0.178907,1.4997
14,100,7.9200,396,83,17,4.330215,0.165971,1.4997
14,100,7.9400,397,83,17,4.344844,0.152562,1.4997
14,100,7.9600,398,83,17,4.368245,0.150217,1.4997
14,100,7.9800,399,83,17,4.400278,0.150920,1.4997
14,100,8.0000,400,83,17,4.440756,0.147511,1.4997
14,100,8.0200,401,83,17,4.489451,0.148347,1.4997
14,100,8.0400,402,83,17,4.546099,0.148830,1.4997
14,100,8.0600,403,83,17,4.610407,0.145608,1.4997
14,100,8.0800,404,83,17,3.210332,0.120937,1.4997
14,100,8.1000,405,83,17,3.120030,0.116358,1.4997
14,100,8.1200,406,83,17,3.106756,0.112860,1.4997
14,100,8.1400,407,83,17,3.101747,0.104911,1.4997
14,100,8.1600,408,83,17,3.045034,0.092356,1.4997
14,100,8.1800,409,83,17,2.992600,0.075066,1.4997
14,100,8.2000,410,83,17,2.952298,0.072145,1.4997
14,100,8.2200,411,84,16,2.924631,0.071295,1.4997
14,100,8.2400,412,84,16,2.909957,0.072705,1.4997
14,100,8.2600,413,84,16,2.908475,0.077144,1.4997
14,100,8.2800,414,84,16,2.920204,0.082247,1.4997
14,100,8.3000,415,84,16,2.944987,0.086195,1.4997
14,100,8.3200,416,84,16,2.982497,0.089780,1.4997
14,100,8.3400,417,84,16,3.032263,0.091803,1.4997
14,100,8.3600,418,84,16,3.093694,0.094058,1.4997
14,100,8.3800,419,88,12,3.166110,0.093601,1.4997
14,100,8.4000,420,89,11,3.248776,0.091288,1.4997
14,100,8.4200,421,91,9,1.976818,0.070437,1.4997
14,100,8.4400,422,91,9,1.924397,0.060629,1.4997
14,100,8.4600,423,91,9,1.853477,0.059904,1.4997
14,100,8.4800,424,91,9,1.801232,0.049605,1.4997
14,100,8.5000,425,91,9,1.769319,0.047990,1.4997
14,100,8.5200,426,91,9,1.758843,0.040886,1.4997
14,100,8.5400,427,91,9,1.770186,0.039569,1.4997
14,100,8.5600,428,91,9,1.795472,0.041928,1.4997
14,100,8.5800,429,91,9,1.809992,0.044547,1.4997
14,100,8.6000,430,91,9,1.837522,0.045265,1.4997
14,100,8.6200,431,91,9,1.408184,0.041202,1.4997
14,100,8.6400,432,92,8,1.349314,0.040007,1.4997
14,100,8.6600,433,92,8,1.086511,0.032137,1.4997
14,100,8.6800,434,92,8,1.052728,0.029936,1.4997
14,100,8.7000,435,92,8,1.145884,0.027744,1.4997
14,100,8.7200,436,93,7,1.243291,0.026515,1.4997
14,100,8.7400,437,93,7,1.015962,0.025173,1.4997
14,100,8.7600,438,93,7,0.916765,0.025298,1.4997
14,100,8.7800,439,93,7,0.946858,0.021413,1.4997
14,100,8.8000,440,93,7,0.994808,0.021040,1.4997
14,100,8.8200,441,94,6,1.059281,0.020428,1.4997
14,100,8.8400,442,95,5,1.130032,0.020950,1.4997
14,100,8.8600,443,95,5,1.211130,0.022005,1.4997
14,100,8.8800,444,95,5,1.299034,0.022089,1.4997
14,100,8.9000,445,95,5,1.393782,0.023135,1.4997
14,100,8.9200,446,96,4,1.496644,0.024386,1.4997
14,100,8.9400,447,96,4,1.560325,0.023754,1.4997
14,100,8.9600,448,96,4,1.643260,0.024363,1.4997
14,100,8.9800,449,96,4,0.914031,0.017165,1.4997
14,100,9.0000,450,96,4,0.825213,0.013076,1.4997
14,100,9.0200,451,96,4,0.843255,0.012333,1.4997
14,100,9.0400,452,96,4,0.863601,0.011536,1.4997
14,100,9.0600,453,97,3,0.889608,0.010797,1.4997
14,100,9.0800,454,97,3,0.919512,0.010109,1.4997
14,100,9.1000,455,97,3,0.953515,0.009613,1.4997
14,100,9.1200,456,97,3,0.991376,0.010973,1.4997
14,100,9.1400,457,98,2,1.033248,0.012383,1.4997
14,100,9.1600,458,98,2,1.079319,0.013840,1.4997
14,100,9.1800,459,98,2,1.129419,0.015345,1.4997
14,100,9.2000,460,98,2,1.184079,0.016909,1.4997
14,100,9.2200,461,98,2,1.242943,0.014864,1.4997
14,100,9.2400,462,98,2,1.306922,0.013347,1.4997
14,100,9.2600,463,98,2,1.375087,0.014160,1.4997
14,100,9.2800,464,98,2,1.449139,0.014746,1.4997
14,100,9.3000,465,98,2,1.527044,0.015338,1.4997
14,100,9.3200,466,98,2,1.611961,0.016142,1.4997
14,100,9.3400,467,98,2,1.699819,0.017019,1.4997
14,100,9.3600,468,98,2,1.794071,0.017953,1.4997
14,100,9.3800,469,98,2,1.401333,0.014020,1.4997
14,100,9.4000,470,98,2,0.685709,0.006859,1.4997
14,100,9.4200,471,98,2,0.590311,0.005905,1.4997
14,100,9.4400,472,98,2,0.488323,0.004885,1.4997
14,100,9.4600,473,98,2,0.389390,0.003895,1.4997
14,100,9.4800,474,98,2,0.292945,0.002930,1.4997
14,100,9.5000,475,98,2,0.197370,0.001974,1.4997
14,100,9.5200,476,98,2,0.102406,0.001024,1.4997
14,100,9.5400,477,98,2,0.007788,0.000078,1.4997
14,100,9.5600,478,98,2,0.087075,0.000871,1.4997
14,100,9.5800,479,98,2,0.181459,0.001815,1.4997
14,100,9.6000,480,98,2,0.277002,0.002770,1.4997
14,100,9.6200,481,98,2,0.373231,0.003732,1.4997
14,100,9.6400,482,98,2,0.470577,0.004706,1.4997
14,100,9.6600,483,98,2,0.569379,0.005694,1.4997
14,100,9.6800,484,99,1,0.669877,0.006699,1.4997
14,100,9.7000,485,99,1,0.504630,0.005046,1.4997
14,100,9.7200,486,99,1,0.118916,0.001189,1.4997
14,100,9.7400,487,99,1,0.018532,0.000185,1.4997
14,100,9.7600,488,99,1,0.045229,0.000452,1.4997
14,100,9.7800,489,99,1,0.017904,0.000179,1.4997
14,100,9.8000,490,99,1,0.003719,0.000037,1.4997
14,100,9.8200,491,99,1,0.003324,0.000033,1.4997
14,100,9.8400,492,99,1,0.002537,0.000025,1.4997
14,100,9.8600,493,99,1,0.000997,0.000010,1.4997
14,100,9.8800,494,99,1,0.000131,0.000001,1.4997
14,100,9.9000,495,99,1,0.000220,0.000002,1.4997
14,100,9.9200,496,99,1,0.000163,0.000002,1.4997
14,100,9.9400,497,99,1,0.000066,0.000001,1.4997
14,100,9.9600,498,99,1,0.000013,0.000000,1.4997
14,100,9.9800,499,99,1,0.000034,0.000000,1.4997
14,100,10.0000,500,99,1,0.000019,0.000000,1.4997
14,100,10.0200,501,99,1,0.000011,0.000000,1.4997
14,100,10.0400,502,100,0,0.000000,0.000000,1.4997
15,100,0.0200,1,0,100,0.000000,0.000000,99.5000
15,100,0.0400,2,0,100,0.196200,0.190713,99.4961
15,100,0.0600,3,0,100,0.392414,0.377408,99.4882
15,100,0.0800,4,0,100,0.588610,0.560091,99.4765
15,100,0.1000,5,0,100,0.784806,0.738736,99.4608
15,100,0.1200,6,0,100,0.981000,0.913322,99.4411
15,100,0.1400,7,0,100,1.177199,1.083833,99.4176
15,100,0.1600,8,0,100,1.373399,1.250258,99.3901
15,100,0.1800,9,0,100,1.569599,1.412596,99.3587
15,100,0.2000,10,0,100,1.765799,1.570821,99.3234
15,100,0.2200,11,0,100,1.961999,1.724958,99.2842
15,100,0.2400,12,0,100,2.158199,1.878131,99.2410
15,100,0.2600,13,0,100,2.354399,2.026710,99.1939
15,100,0.2800,14,0,100,2.550599,2.170911,99.1429
15,100,0.3000,15,0,100,2.746799,2.310677,99.0880
15,100,0.3200,16,0,100,2.942999,2.446802,99.0291
15,100,0.3400,17,0,100,3.139199,2.579173,98.9663
15,100,0.3600,18,0,100,3.335398,2.707805,98.8996
15,100,0.3800,19,0,100,3.531598,2.836764,98.8290
15,100,0.4000,20,0,100,3.727798,2.959168,98.7544
15,100,0.4200,21,0,100,3.923998,3.077103,98.6760
15,100,0.4400,22,0,100,4.120215,3.190964,98.5935
15,100,0.4600,23,0,100,4.316381,3.300625,98.5072
15,100,0.4800,24,0,100,4.512562,3.406665,98.4170
15,100,0.5000,25,0,100,4.708735,3.508357,98.3228
15,100,0.5200,26,0,100,4.904804,3.606675,98.2247
15,100,0.5400,27,0,100,5.100810,3.707354,98.1227
15,100,0.5600,28,0,100,5.296690,3.815478,98.0167
15,100,0.5800,29,0,100,5.492324,3.898635,97.9069
15,100,0.6000,30,0,100,5.687421,3.994186,97.7931
15,100,0.6200,31,0,100,5.881794,4.098658,97.6755
15,100,0.6400,32,0,100,6.074772,4.171626,97.5540
15,100,0.6600,33,0,100,6.265872,4.253483,97.4287
15,100,0.6800,34,0,100,6.454227,4.332847,97.2996
15,100,0.7000,35,0,100,6.639017,4.415039,97.1668
15,100,0.7200,36,0,100,6.818737,4.509211,97.0304
15,100,0.7400,37,0,100,6.992370,4.566665,96.8905
15,100,0.7600,38,0,100,7.158329,4.673616,96.7473
15,100,0.7800,39,0,100,7.315163,4.715543,96.6010
15,100,0.8000,40,0,100,7.461434,4.788370,96.4517
15,100,0.8200,41,0,100,7.595671,4.921938,96.2998
15,100,0.8400,42,0,100,7.716707,4.998008,96.1454
15,100,0.8600,43,0,100,7.823672,5.051829,95.9889
15,100,0.8800,44,0,100,7.915975,5.205623,95.8305
15,100,0.9000,45,0,100,7.993258,5.298785,95.6706
15,100,0.9200,46,0,100,8.056068,5.421282,95.5094
15,100,0.9400,47,0,100,8.105024,5.606541,95.3472
15,100,0.9600,48,0,100,8.636275,5.800990,95.1844
15,100,0.9800,49,0,100,9.480723,6.018290,95.0210
15,100,1.0000,50,0,100,10.290350,6.231197,94.8573
15,100,1.0200,51,0,100,10.733110,6.415248,94.6935
15,100,1.0400,52,0,100,10.974640,6.578497,94.5297
15,100,1.0600,53,0,100,11.140770,6.745828,94.3658
15,100,1.0800,54,0,100,11.271670,6.910765,94.2021
15,100,1.1000,55,0,100,11.405690,7.076630,94.0386
15,100,1.1200,56,0,100,11.745040,7.242191,93.8754
15,100,1.1400,57,0,100,11.921600,7.414348,93.7127
15,100,1.1600,58,0,100,12.098770,7.579296,93.5508
15,100,1.1800,59,0,100,12.289340,7.755922,93.3901
15,100,1.2000,60,0,100,12.498300,7.923853,93.2309
15,100,1.2200,61,0,100,12.700490,8.100746,93.0735
15,100,1.2400,62,0,100,12.879620,8.273945,92.9183
15,100,1.2600,63,0,100,13.080490,8.445819,92.7653
15,100,1.2800,64,0,100,13.275570,8.620614,92.6149
15,100,1.3000,65,0,100,13.470670,8.755676,92.4670
15,100,1.3200,66,0,100,13.665800,8.927947,92.3217
15,100,1.3400,67,0,100,13.860960,9.104698,92.1789
15,100,1.3600,68,0,100,14.056160,9.283616,92.0381
15,100,1.3800,69,0,100,14.251380,9.461537,91.8991
15,100,1.4000,70,0,100,14.446630,9.632342,91.7614
15,100,1.4200,71,0,100,14.641900,9.809625,91.6248
15,100,1.4400,72,0,100,14.837200,9.988497,91.4890
15,100,1.4600,73,0,100,15.032520,10.169450,91.3537
15,100,1.4800,74,0,100,15.227860,10.351220,91.2187
15,100,1.5000,75,0,100,15.423220,10.533400,91.0833
15,100,1.5200,76,0,100,15.618610,10.715110,90.9468
15,100,1.5400,77,0,100,15.814020,10.898060,90.8100
15,100,1.5600,78,0,100,16.009440,11.081900,90.6729
15,100,1.5800,79,0,100,16.204890,11.267020,90.5348
15,100,1.6000,80,0,100,16.400350,11.451840,90.3951
15,100,1.6200,81,0,100,16.595830,11.637260,90.2534
15,100,1.6400,82,0,100,16.791320,11.823240,90.1092
15,100,1.6600,83,0,100,16.986830,12.009580,89.9617
15,100,1.6800,84,0,100,17.182360,12.196260,89.8108
15,100,1.7000,85,0,100,17.377900,12.383280,89.6562
15,100,1.7200,86,0,100,17.573460,12.570620,89.4979
15,100,1.7400,87,0,100,17.769030,12.758240,89.3356
15,100,1.7600,88,0,100,17.964620,12.946120,89.1694
15,100,1.7800,89,0,100,18.160210,13.134250,88.9993
15,100,1.8000,90,0,100,18.355830,13.322610,88.8252
15,100,1.8200,91,0,100,18.551450,13.511200,88.6472
15,100,1.8400,92,0,100,18.747090,13.687360,88.4653
15,100,1.8600,93,0,100,18.942730,13.875130,88.2795
15,100,1.8800,94,1,99,19.138390,14.034980,88.0897
15,100,1.9000,95,1,99,19.334060,14.214160,87.8960
15,100,1.9200,96,1,99,19.529740,14.137390,87.6984
15,100,1.9400,97,1,99,19.725430,14.319280,87.4969
15,100,1.9600,98,1,99,19.921130,14.300350,87.2915
15,100,1.9800,99,1,99,20.116840,14.479300,87.0821
15,100,2.0000,100,1,99,20.312560,14.584040,86.8688
15,100,2.0200,101,1,99,20.508290,14.675920,86.6516
15,100,2.0400,102,1,99,20.704030,14.732290,86.4304
15,100,2.0600,103,1,99,20.899770,14.904890,86.2053
15,100,2.0800,104,1,99,21.095530,15.077910,85.9763
15,100,2.1000,105,1,99,21.291290,15.212360,85.7434
15,100,2.1200,106,1,99,21.487060,15.383400,85.5066
15,100,2.1400,107,1,99,21.682840,15.548480,85.2658
15,100,2.1600,108,1,99,21.878630,15.401730,85.0211
15,100,2.1800,109,1,99,22.074420,14.947770,84.7725
15,100,2.2000,110,1,99,22.270220,15.078520,84.5200
15,100,2.2200,111,1,99,22.466030,14.926930,84.2635
15,100,2.2400,112,1,99,22.661840,14.923320,84.0031
15,100,2.2600,113,1,99,22.857670,14.992690,83.7388
15,100,2.2800,114,1,99,23.053490,15.052980,83.4706
15,100,2.3000,115,1,99,23.249330,15.199670,83.1984
15,100,2.3200,116,1,99,23.445170,15.128980,82.9223
15,100,2.3400,117,1,99,23.641010,15.010190,82.6423
15,100,2.3600,118,1,99,23.836860,14.815210,82.3584
15,100,2.3800,119,1,99,24.032720,14.948720,82.0705
15,100,2.4000,120,1,99,23.969820,15.008190,81.7787
15,100,2.4200,121,1,99,24.165640,14.995690,81.4830
15,100,2.4400,122,1,99,24.361460,15.137790,81.1834
15,100,2.4600,123,0,100,24.557290,15.277920,80.8798
15,100,2.4800,124,0,100,24.753120,15.219390,80.5724
15,100,2.5000,125,0,100,24.824810,15.057830,80.2610
15,100,2.5200,126,0,100,25.020180,15.092290,79.9456
15,100,2.5400,127,0,100,25.215550,14.991790,79.6264
15,100,2.5600,128,0,100,25.370850,14.994580,79.3032
15,100,2.5800,129,0,100,25.566460,15.015540,78.9761
15,100,2.6000,130,1,99,25.762080,15.172530,78.6451
15,100,2.6200,131,1,99,25.957700,15.302500,78.3102
15,100,2.6400,132,1,99,26.153330,15.403380,77.9713
15,100,2.6600,133,1,99,26.348970,15.536810,77.6285
15,100,2.6800,134,1,99,26.544620,15.634540,77.2818
15,100,2.7000,135,1,99,26.740280,15.750600,76.9311
15,100,2.7200,136,1,99,26.935940,15.756150,76.5766
15,100,2.7400,137,1,99,27.131620,15.725190,76.2181
15,100,2.7600,138,1,99,27.327300,15.699610,75.8557
15,100,2.7800,139,1,99,27.522990,15.506010,75.4893
15,100,2.8000,140,1,99,27.718680,15.531800,75.1191
15,100,2.8200,141,1,99,27.914380,15.624150,74.7449
15,100,2.8400,142,2,98,28.110090,15.697190,74.3668
15,100,2.8600,143,2,98,27.581250,15.519190,73.9848
15,100,2.8800,144,2,98,27.776720,15.572860,73.5988
15,100,2.9000,145,2,98,27.972190,15.444490,73.2089
15,100,2.9200,146,2,98,28.167680,15.545100,72.8151
15,100,2.9400,147,1,99,28.183160,15.592650,72.4174
15,100,2.9600,148,1,99,28.379340,15.546880,72.0157
15,100,2.9800,149,1,99,28.575520,15.608010,71.6102
15,100,3.0000,150,1,99,28.731260,15.509080,71.2007
15,100,3.0200,151,1,99,28.871030,15.323970,70.7872
15,100,3.0400,152,1,99,29.067150,15.100430,70.3699
15,100,3.0600,153,2,98,29.263270,15.015380,69.9486
15,100,3.0800,154,2,98,28.897720,15.067230,69.5234
15,100,3.1000,155,2,98,29.093760,15.108770,69.0943
15,100,3.1200,156,2,98,29.289800,15.165460,68.6613
15,100,3.1400,157,2,98,29.485850,15.205970,68.2243
15,100,3.1600,158,2,98,29.681900,15.172010,67.7834
15,100,3.1800,159,2,98,29.760790,15.140890,67.3386
15,100,3.2000,160,2,98,29.706580,15.097020,66.8898
15,100,3.2200,161,2,98,29.902760,14.826650,66.4372
15,100,3.2400,162,2,98,30.098940,14.896920,65.9806
15,100,3.2600,163,2,98,30.088800,14.974810,65.5201
15,100,3.2800,164,3,97,30.245140,15.031190,65.0556
15,100,3.3000,165,4,96,30.441310,15.021920,64.5873
15,100,3.3200,166,3,97,30.164030,14.794430,64.1150
15,100,3.3400,167,2,98,30.360170,14.676490,63.6388
15,100,3.3600,168,2,98,30.556310,14.691140,63.1587
15,100,3.3800,169,2,98,30.752460,14.596520,62.6746
15,100,3.4000,170,2,98,30.823030,14.358460,62.1866
15,100,3.4200,171,2,98,30.543300,14.212850,61.6947
15,100,3.4400,172,2,98,30.739460,14.037520,61.1989
15,100,3.4600,173,2,98,30.935630,14.085470,60.6991
15,100,3.4800,174,2,98,30.975870,14.192210,60.1955
15,100,3.5000,175,2,98,31.172060,14.277760,59.6879
15,100,3.5200,176,2,98,31.233470,14.359410,59.1763
15,100,3.5400,177,2,98,31.429660,14.436080,58.6609
15,100,3.5600,178,2,98,31.625850,14.490430,58.1415
15,100,3.5800,179,2,98,31.821890,14.521030,57.6182
15,100,3.6000,180,3,97,32.018070,14.574830,57.0910
15,100,3.6200,181,4,96,32.023410,14.396910,56.5599
15,100,3.6400,182,4,96,32.205170,14.246830,56.0248
15,100,3.6600,183,4,96,31.739580,13.901760,55.4858
15,100,3.6800,184,4,96,31.935770,13.826690,54.9429
15,100,3.7000,185,4,96,32.131960,13.865840,54.3960
15,100,3.7200,186,4,96,32.328150,13.825020,53.8453
15,100,3.7400,187,4,96,32.524340,13.808420,53.2906
15,100,3.7600,188,4,96,32.720530,13.686420,52.7320
15,100,3.7800,189,4,96,32.916720,13.543470,52.1694
15,100,3.8000,190,4,96,33.112910,13.510750,51.6030
15,100,3.8200,191,4,96,33.303640,13.477680,51.0326
15,100,3.8400,192,4,96,32.982260,13.390010,50.4583
15,100,3.8600,193,4,96,33.178450,13.255580,49.8801
15,100,3.8800,194,3,97,33.374640,13.216620,49.2979
15,100,3.9000,195,4,96,33.550510,13.023960,48.7118
15,100,3.9200,196,5,95,33.550130,12.706730,48.1218
15,100,3.9400,197,5,95,33.736920,12.636900,47.5279
15,100,3.9600,198,5,95,33.697190,12.569060,46.9300
15,100,3.9800,199,5,95,33.765090,12.531240,46.3283
15,100,4.0000,200,5,95,33.683240,12.457340,45.7226
15,100,4.0200,201,5,95,33.879410,12.459660,45.1129
15,100,4.0400,202,5,95,33.950570,12.474050,44.4994
15,100,4.0600,203,5,95,34.146760,12.509320,43.8819
15,100,4.0800,204,5,95,34.342950,12.548680,43.2605
15,100,4.1000,205,6,94,34.539130,12.503680,42.6352
15,100,4.1200,206,7,93,34.735320,12.404130,42.0060
15,100,4.1400,207,7,93,34.931510,12.325240,41.3728
15,100,4.1600,208,7,93,34.787150,12.215940,40.7357
15,100,4.1800,209,7,93,34.983350,12.105210,40.0947
15,100,4.2000,210,6,94,35.179550,12.018400,39.4498
15,100,4.2200,211,6,94,35.375750,11.738930,38.8009
15,100,4.2400,212,5,95,35.571950,11.570290,38.1481
15,100,4.2600,213,6,94,35.636490,11.437340,37.4914
15,100,4.2800,214,5,95,35.558700,11.305960,36.8308
15,100,4.3000,215,5,95,35.754880,11.153830,36.1662
15,100,4.3200,216,5,95,35.913120,11.087930,35.4977
15,100,4.3400,217,5,95,35.840780,11.093430,34.8253
15,100,4.3600,218,6,94,36.036950,10.968630,34.1490
15,100,4.3800,219,8,92,36.183330,10.741970,33.4687
15,100,4.4000,220,9,91,36.108310,10.505620,32.7845
15,100,4.4200,221,9,91,36.304500,10.428260,32.0964
15,100,4.4400,222,9,91,36.500690,10.391350,31.4044
15,100,4.4600,223,9,91,36.653920,10.359220,30.7084
15,100,4.4800,224,8,92,36.850120,10.360470,30.0086
15,100,4.5000,225,8,92,36.839930,10.211830,29.3048
15,100,4.5200,226,8,92,37.036130,10.024160,28.5970
15,100,4.5400,227,7,93,37.232330,9.877832,27.8854
15,100,4.5600,228,7,93,37.428530,9.504977,27.1698
15,100,4.5800,229,8,92,37.604060,9.339910,26.4503
15,100,4.6000,230,8,92,37.626080,9.129692,25.7269
15,100,4.6200,231,8,92,37.702020,9.018693,24.9996
15,100,4.6400,232,8,92,37.679960,8.979494,24.2683
15,100,4.6600,233,7,93,37.876160,8.735025,23.5331
15,100,4.6800,234,7,93,37.932200,8.633837,22.7940
15,100,4.7000,235,7,93,38.128400,8.574991,22.0510
15,100,4.7200,236,7,93,38.311240,8.513187,21.3040
15,100,4.7400,237,7,93,38.373480,8.477525,20.5531
15,100,4.7600,238,7,93,38.364670,8.372527,19.7983
15,100,4.7800,239,7,93,38.560870,8.190809,19.0396
15,100,4.8000,240,7,93,38.757070,7.633080,18.2769
15,100,4.8200,241,7,93,38.953270,6.897566,17.5103
15,100,4.8400,242,9,91,39.149470,6.437803,16.7398
15,100,4.8600,243,9,91,39.243340,6.336956,15.9654
15,100,4.8800,244,9,91,39.280350,6.400061,15.1870
15,100,4.9000,245,8,92,39.418980,6.450020,14.4047
15,100,4.9200,246,10,90,39.399420,6.431868,13.6185
15,100,4.9400,247,12,88,39.595620,6.409133,12.8284
15,100,4.9600,248,11,89,39.762000,6.294078,12.0343
15,100,4.9800,249,11,89,39.902060,6.118682,11.2364
15,100,5.0000,250,11,89,40.098240,5.800474,10.4345
15,100,5.0200,251,11,89,40.294430,5.564219,9.6286
15,100,5.0400,252,11,89,40.490620,5.187689,8.8189
15,100,5.0600,253,11,89,40.686800,4.962619,8.0052
15,100,5.0800,254,10,90,31.981840,4.698107,7.4292
15,100,5.1000,255,10,90,31.302580,4.319124,6.8468
15,100,5.1200,256,10,90,31.184450,4.069502,6.2671
15,100,5.1400,257,10,90,30.662100,3.870866,5.7141
15,100,5.1600,258,10,90,31.082980,3.794696,5.1910
15,100,5.1800,259,10,90,32.158600,3.673054,4.6672
15,100,5.2000,260,11,89,32.327220,3.512480,4.1383
15,100,5.2200,261,11,89,32.487800,3.268097,3.6059
15,100,5.2400,262,11,89,32.648770,3.141263,3.0695
15,100,5.2600,263,11,89,32.810120,3.007945,2.7602
15,100,5.2800,264,11,89,32.971850,2.914753,2.7671
15,100,5.3000,265,10,90,23.853940,2.548465,2.7700
15,100,5.3200,266,10,90,21.934060,2.323500,2.7689
15,100,5.3400,267,9,91,18.508300,2.144339,2.7720
15,100,5.3600,268,9,91,15.711580,2.074432,2.8135
15,100,5.3800,269,13,87,15.677690,1.958673,2.8511
15,100,5.4000,270,14,86,15.646190,1.891801,2.8848
15,100,5.4200,271,11,89,15.617090,1.838594,2.9146
15,100,5.4400,272,11,89,15.590410,1.794977,2.9405
15,100,5.4600,273,11,89,15.566150,1.761155,2.9624
15,100,5.4800,274,11,89,15.544340,1.747420,2.9804
15,100,5.5000,275,11,89,15.524970,1.728167,2.9945
15,100,5.5200,276,11,89,15.508060,1.632244,3.0046
15,100,5.5400,277,11,89,15.493610,1.551604,3.0108
15,100,5.5600,278,11,89,15.481640,1.476207,3.0131
15,100,5.5800,279,11,89,15.472150,1.470489,3.0115
15,100,5.6000,280,11,89,15.465140,1.417614,3.0060
15,100,5.6200,281,14,86,15.460620,1.393129,2.9965
15,100,5.6400,282,14,86,15.458590,1.391074,2.9831
15,100,5.6600,283,15,85,15.459050,1.363961,2.9658
15,100,5.6800,284,15,85,15.461990,1.350584,2.9445
15,100,5.7000,285,15,85,15.467430,1.337557,2.9194
15,100,5.7200,286,17,83,15.475350,1.319826,2.8903
15,100,5.7400,287,17,83,15.485750,1.314244,2.8573
15,100,5.7600,288,17,83,15.498630,1.278878,2.8203
15,100,5.7800,289,18,82,15.513980,1.233396,2.7795
15,100,5.8000,290,18,82,15.531800,1.214568,2.7347
15,100,5.8200,291,19,81,15.552070,1.218716,2.6860
15,100,5.8400,292,18,82,15.574780,1.142770,2.6334
15,100,5.8600,293,19,81,15.599930,1.088315,2.5768
15,100,5.8800,294,19,81,15.627510,1.050894,2.5163
15,100,5.9000,295,19,81,15.657490,1.044022,2.4519
15,100,5.9200,296,19,81,15.689870,1.031776,2.3836
15,100,5.9400,297,21,79,15.724630,1.039921,2.3113
15,100,5.9600,298,19,81,15.761750,1.028784,2.2860
15,100,5.9800,299,19,81,15.801230,1.022664,2.2817
15,100,6.0000,300,19,81,15.843040,1.032430,2.2737
15,100,6.0200,301,20,80,15.887160,0.997505,2.2618
15,100,6.0400,302,20,80,15.933570,1.005477,2.2460
15,100,6.0600,303,20,80,15.982260,0.967937,2.2263
15,100,6.0800,304,21,79,16.033200,0.942236,2.2026
15,100,6.1000,305,24,76,16.086370,0.915716,2.1750
15,100,6.1200,306,23,77,16.141760,0.906360,2.1435
15,100,6.1400,307,23,77,16.199330,0.896424,2.1081
15,100,6.1600,308,24,76,16.259060,0.862513,2.0687
15,100,6.1800,309,24,76,11.902570,0.779970,2.0254
15,100,6.2000,310,24,76,11.819430,0.761501,1.9782
15,100,6.2200,311,24,76,10.463120,0.750740,1.9271
15,100,6.2400,312,24,76,10.384910,0.734522,1.8750
15,100,6.2600,313,25,75,10.309840,0.689808,1.8199
15,100,6.2800,314,25,75,10.237990,0.686489,1.7616
15,100,6.3000,315,25,75,10.169410,0.685565,1.8124
15,100,6.3200,316,26,74,10.104170,0.684522,1.8633
15,100,6.3400,317,26,74,10.042350,0.664588,1.9103
15,100,6.3600,318,26,74,9.983996,0.614545,1.9533
15,100,6.3800,319,28,72,9.929179,0.604509,1.9925
15,100,6.4000,320,28,72,9.877956,0.600722,2.0276
15,100,6.4200,321,29,71,9.830383,0.591948,2.0589
15,100,6.4400,322,30,70,9.786513,0.584733,2.0863
15,100,6.4600,323,31,69,9.746395,0.570281,2.1097
15,100,6.4800,324,31,69,9.710077,0.557652,2.1292
15,100,6.5000,325,33,67,9.677601,0.539317,2.1447
15,100,6.5200,326,34,66,9.649006,0.532572,2.1564
15,100,6.5400,327,34,66,9.624326,0.527676,2.1641
15,100,6.5600,328,34,66,9.603592,0.526983,2.1679
15,100,6.5800,329,35,65,9.586830,0.530445,2.1678
15,100,6.6000,330,35,65,9.574059,0.519485,2.1637
15,100,6.6200,331,35,65,9.565297,0.521465,2.1558
15,100,6.6400,332,35,65,9.560554,0.527103,2.1439
15,100,6.6600,333,35,65,9.559836,0.534352,2.1281
15,100,6.6800,334,50,50,9.563145,0.541655,2.1083
15,100,6.7000,335,50,50,9.570475,0.551930,2.0846
15,100,6.7200,336,53,47,9.581818,0.546088,2.0570
15,100,6.7400,337,53,47,9.597158,0.515475,2.0255
15,100,6.7600,338,53,47,9.616479,0.501205,1.9901
15,100,6.7800,339,53,47,9.639755,0.454242,1.9507
15,100,6.8000,340,53,47,9.666958,0.454109,1.9074
15,100,6.8200,341,54,46,9.698054,0.387152,1.9010
15,100,6.8400,342,54,46,9.733007,0.384772,1.8922
15,100,6.8600,343,54,46,9.771775,0.365513,1.8773
15,100,6.8800,344,54,46,9.814313,0.368563,1.8588
15,100,6.9000,345,54,46,9.860572,0.370049,1.8363
15,100,6.9200,346,54,46,9.910501,0.337263,1.8099
15,100,6.9400,347,54,46,9.964042,0.328471,1.7795
15,100,6.9600,348,55,45,10.021140,0.327270,1.7453
15,100,6.9800,349,55,45,10.081730,0.330277,1.7071
15,100,7.0000,350,55,45,10.145760,0.333563,1.6650
15,100,7.0200,351,55,45,10.213150,0.333522,1.6189
15,100,7.0400,352,55,45,10.283850,0.334655,1.5833
15,100,7.0600,353,58,42,10.357780,0.325655,1.5833
15,100,7.0800,354,58,42,10.434880,0.329808,1.5833
15,100,7.1000,355,58,42,10.515070,0.334858,1.5833
15,100,7.1200,356,60,40,6.912355,0.302924,1.5833
15,100,7.1400,357,61,39,6.804374,0.307295,1.5833
15,100,7.1600,358,61,39,6.700400,0.308320,1.5833
15,100,7.1800,359,61,39,6.600621,0.306839,1.5833
15,100,7.2000,360,61,39,6.505230,0.295553,1.5833
15,100,7.2200,361,62,38,6.414424,0.284220,1.5833
15,100,7.2400,362,63,37,6.328399,0.256492,1.5833
15,100,7.2600,363,66,34,6.247354,0.255245,1.5833
15,100,7.2800,364,66,34,6.171484,0.255722,1.5833
15,100,7.3000,365,66,34,6.100982,0.235771,1.5833
15,100,7.3200,366,66,34,6.036036,0.213557,1.5833
15,100,7.3400,367,66,34,5.976829,0.211040,1.5833
15,100,7.3600,368,66,34,5.923531,0.209706,1.5833
15,100,7.3800,369,66,34,5.876304,0.206526,1.5833
15,100,7.4000,370,66,34,5.835294,0.200294,1.5833
15,100,7.4200,371,66,34,5.800634,0.198458,1.5833
15,100,7.4400,372,66,34,5.772439,0.198197,1.5833
15,100,7.4600,373,68,32,5.750803,0.199567,1.5833
15,100,7.4800,374,68,32,5.735800,0.199125,1.5833
15,100,7.5000,375,68,32,5.727482,0.200958,1.5833
15,100,7.5200,376,68,32,5.725880,0.204831,1.5833
15,100,7.5400,377,68,32,5.730998,0.208354,1.5833
15,100,7.5600,378,68,32,5.742818,0.209312,1.5833
15,100,7.5800,379,68,32,5.761300,0.206351,1.5833
15,100,7.6000,380,68,32,5.786378,0.192236,1.5833
15,100,7.6200,381,68,32,5.817969,0.192568,1.5833
15,100,7.6400,382,69,31,5.855967,0.194268,1.5833
15,100,7.6600,383,68,32,5.900247,0.199378,1.5833
15,100,7.6800,384,68,32,5.950670,0.193054,1.5833
15,100,7.7000,385,68,32,6.007081,0.189479,1.5833
15,100,7.7200,386,68,32,6.069312,0.184981,1.5833
15,100,7.7400,387,68,32,6.137187,0.164835,1.5833
15,100,7.7600,388,68,32,6.210522,0.166677,1.5833
15,100,7.7800,389,68,32,6.289124,0.168566,1.5833
15,100,7.8000,390,68,32,6.372799,0.171643,1.5833
15,100,7.8200,391,68,32,6.461350,0.175656,1.5833
15,100,7.8400,392,68,32,6.554580,0.179751,1.5833
15,100,7.8600,393,68,32,6.652291,0.164721,1.5833
15,100,7.8800,394,69,31,6.754289,0.166869,1.5833
15,100,7.9000,395,69,31,6.731463,0.167291,1.5833
15,100,7.9200,396,69,31,6.805620,0.158179,1.5833
15,100,7.9400,397,69,31,4.101463,0.110387,1.5833
15,100,7.9600,398,69,31,2.815252,0.091126,1.5833
15,100,7.9800,399,69,31,2.665640,0.087510,1.5833
15,100,8.0000,400,69,31,2.522423,0.079219,1.5833
15,100,8.0200,401,69,31,2.386752,0.072031,1.5833
15,100,8.0400,402,69,31,2.259988,0.071324,1.5833
15,100,8.0600,403,69,31,2.143710,0.072572,1.5833
15,100,8.0800,404,70,30,2.039713,0.073947,1.5833
15,100,8.1000,405,70,30,1.949962,0.071662,1.5833
15,100,8.1200,406,91,9,1.876503,0.063830,1.5833
15,100,8.1400,407,91,9,1.859940,0.065338,1.5833
15,100,8.1600,408,91,9,1.916905,0.064920,1.5833
15,100,8.1800,409,91,9,1.981023,0.058490,1.5833
15,100,8.2000,410,91,9,2.052353,0.057491,1.5833
15,100,8.2200,411,91,9,2.130865,0.059212,1.5833
15,100,8.2400,412,91,9,2.216457,0.060693,1.5833
15,100,8.2600,413,91,9,2.309010,0.062884,1.5833
15,100,8.2800,414,91,9,2.011012,0.058667,1.5833
15,100,8.3000,415,91,9,2.110919,0.054356,1.5833
15,100,8.3200,416,91,9,2.223686,0.055887,1.5833
15,100,8.3400,417,91,9,2.347461,0.057686,1.5833
15,100,8.3600,418,91,9,2.480595,0.059779,1.5833
15,100,8.3800,419,91,9,2.621663,0.062087,1.5833
15,100,8.4000,420,93,7,2.769454,0.063412,1.5833
15,100,8.4200,421,94,6,1.369299,0.039375,1.5833
15,100,8.4400,422,94,6,1.341460,0.037761,1.5833
15,100,8.4600,423,95,5,1.387002,0.037945,1.5833
15,100,8.4800,424,96,4,1.436447,0.032149,1.5833
15,100,8.5000,425,96,4,1.496090,0.031678,1.5833
15,100,8.5200,426,96,4,1.200858,0.027827,1.5833
15,100,8.5400,427,96,4,1.131937,0.023393,1.5833
15,100,8.5600,428,96,4,1.203429,0.023389,1.5833
15,100,8.5800,429,96,4,1.278037,0.023672,1.5833
15,100,8.6000,430,96,4,1.358158,0.024279,1.5833
15,100,8.6200,431,96,4,1.441531,0.025240,1.5833
15,100,8.6400,432,96,4,1.531582,0.026488,1.5833
15,100,8.6600,433,96,4,1.623940,0.028122,1.5833
15,100,8.6800,434,96,4,1.550430,0.028496,1.5833
15,100,8.7000,435,96,4,0.678092,0.015586,1.5833
15,100,8.7200,436,96,4,0.768882,0.014729,1.5833
15,100,8.7400,437,96,4,0.861666,0.015312,1.5833
15,100,8.7600,438,96,4,0.957936,0.016489,1.5833
15,100,8.7800,439,96,4,1.056102,0.018043,1.5833
15,100,8.8000,440,96,4,0.534693,0.013844,1.5833
15,100,8.8200,441,96,4,0.590454,0.012383,1.5833
15,100,8.8400,442,96,4,0.661004,0.013558,1.5833
15,100,8.8600,443,96,4,0.753070,0.016553,1.5833
15,100,8.8800,444,96,4,0.787199,0.018748,1.5833
15,100,8.9000,445,96,4,0.610463,0.012393,1.5833
15,100,8.9200,446,96,4,0.657336,0.007847,1.5833
15,100,8.9400,447,96,4,0.722665,0.008344,1.5833
15,100,8.9600,448,96,4,0.778605,0.008485,1.5833
15,100,8.9800,449,96,4,0.819760,0.008359,1.5833
15,100,9.0000,450,96,4,0.715795,0.007225,1.5833
15,100,9.0200,451,96,4,0.634767,0.006404,1.5833
15,100,9.0400,452,96,4,0.649107,0.006518,1.5833
15,100,9.0600,453,96,4,0.685827,0.006866,1.5833
15,100,9.0800,454,96,4,0.735016,0.007354,1.5833
15,100,9.1000,455,96,4,0.783803,0.007841,1.5833
15,100,9.1200,456,96,4,0.817293,0.008174,1.5833
15,100,9.1400,457,96,4,0.863376,0.008635,1.5833
15,100,9.1600,458,96,4,0.916090,0.009162,1.5833
15,100,9.1800,459,96,4,0.972033,0.009722,1.5833
15,100,9.2000,460,96,4,1.031275,0.010314,1.5833
15,100,9.2200,461,96,4,1.094585,0.010947,1.5833
15,100,9.2400,462,97,3,1.161747,0.011618,1.5833
15,100,9.2600,463,97,3,1.233577,0.012336,1.5833
15,100,9.2800,464,97,3,1.309142,0.013092,1.5833
15,100,9.3000,465,98,2,1.390378,0.013904,1.5833
15,100,9.3200,466,98,2,1.474814,0.014748,1.5833
15,100,9.3400,467,99,1,1.566368,0.015664,1.5833
15,100,9.3600,468,99,1,1.659761,0.016598,1.5833
15,100,9.3800,469,99,1,1.295785,0.012958,1.5833
15,100,9.4000,470,99,1,0.601266,0.006013,1.5833
15,100,9.4200,471,99,1,0.502924,0.005029,1.5833
15,100,9.4400,472,99,1,0.402587,0.004026,1.5833
15,100,9.4600,473,99,1,0.303753,0.003038,1.5833
15,100,9.4800,474,99,1,0.206158,0.002062,1.5833
15,100,9.5000,475,99,1,0.109275,0.001093,1.5833
15,100,9.5200,476,99,1,0.012788,0.000128,1.5833
15,100,9.5400,477,99,1,0.083215,0.000832,1.5833
15,100,9.5600,478,99,1,0.180542,0.001805,1.5833
15,100,9.5800,479,99,1,0.277591,0.002776,1.5833
15,100,9.6000,480,99,1,0.375624,0.003756,1.5833
15,100,9.6200,481,99,1,0.474824,0.004748,1.5833
15,100,9.6400,482,99,1,0.575481,0.005755,1.5833
15,100,9.6600,483,99,1,0.471573,0.004716,1.5833
15,100,9.6800,484,99,1,0.093851,0.000939,1.5833
15,100,9.7000,485,99,1,0.034916,0.000349,1.5833
15,100,9.7200,486,99,1,0.071328,0.000713,1.5833
15,100,9.7400,487,99,1,0.027054,0.000271,1.5833
15,100,9.7600,488,99,1,0.003876,0.000039,1.5833
15,100,9.7800,489,99,1,0.005047,0.000050,1.5833
15,100,9.8000,490,99,1,0.002855,0.000029,1.5833
15,100,9.8200,491,99,1,0.000927,0.000009,1.5833
15,100,9.8400,492,99,1,0.000361,0.000004,1.5833
15,100,9.8600,493,99,1,0.000250,0.000003,1.5833
15,100,9.8800,494,99,1,0.000201,0.000002,1.5833
15,100,9.9000,495,99,1,0.000091,0.000001,1.5833
15,100,9.9200,496,99,1,0.000021,0.000000,1.5833
15,100,9.9400,497,99,1,0.000027,0.000000,1.5833
15,100,9.9600,498,99,1,0.000020,0.000000,1.5833
15,100,9.9800,499,99,1,0.000010,0.000000,1.5833
15,100,10.0000,500,99,1,0.000010,0.000000,1.5833
15,100,10.0200,501,99,1,0.000021,0.000000,1.5833
15,100,10.0400,502,100,0,0.000000,0.000000,1.5833
