run,num_cubos,t_s,phys_frame,asleep,active_objs,max_v,mean_v,top_y
1,10,0.0200,1,0,10,0.000000,0.000000,9.5000
1,10,0.0400,2,0,10,0.102047,0.064518,9.4968
1,10,0.0600,3,0,10,0.116575,0.072741,9.4933
1,10,0.0800,4,0,10,0.094691,0.057098,9.4906
1,10,0.1000,5,0,10,0.068978,0.037567,9.4891
1,10,0.1200,6,0,10,0.054810,0.023594,9.4884
1,10,0.1400,7,0,10,0.051835,0.017371,9.4883
1,10,0.1600,8,0,10,0.052726,0.016220,9.4884
1,10,0.1800,9,0,10,0.053783,0.016772,9.4886
1,10,0.2000,10,0,10,0.054543,0.017853,9.4888
1,10,0.2200,11,0,10,0.055199,0.019613,9.4889
1,10,0.2400,12,0,10,0.055887,0.021683,9.4890
1,10,0.2600,13,0,10,0.056577,0.023757,9.4890
1,10,0.2800,14,0,10,0.057391,0.025717,9.4890
1,10,0.3000,15,0,10,0.058289,0.027523,9.4890
1,10,0.3200,16,0,10,0.059308,0.029165,9.4890
1,10,0.3400,17,0,10,0.060458,0.030646,9.4890
1,10,0.3600,18,0,10,0.061718,0.031972,9.4890
1,10,0.3800,19,0,10,0.063092,0.033147,9.4890
1,10,0.4000,20,0,10,0.064520,0.034179,9.4890
1,10,0.4200,21,0,10,0.066014,0.035074,9.4890
1,10,0.4400,22,0,10,0.067514,0.035839,9.4890
1,10,0.4600,23,0,10,0.069003,0.036485,9.4891
1,10,0.4800,24,0,10,0.070400,0.037018,9.4891
1,10,0.5000,25,0,10,0.071733,0.037445,9.4891
1,10,0.5200,26,0,10,0.072946,0.037775,9.4891
1,10,0.5400,27,0,10,0.074016,0.038013,9.4891
1,10,0.5600,28,0,10,0.074912,0.038165,9.4891
1,10,0.5800,29,0,10,0.075616,0.038240,9.4891
1,10,0.6000,30,0,10,0.076147,0.038234,9.4891
1,10,0.6200,31,0,10,0.076468,0.038155,9.4891
1,10,0.6400,32,0,10,0.076567,0.038004,9.4891
1,10,0.6600,33,0,10,0.076456,0.037784,9.4891
1,10,0.6800,34,0,10,0.076101,0.037492,9.4891
1,10,0.7000,35,0,10,0.075542,0.037129,9.4891
1,10,0.7200,36,0,10,0.074757,0.036695,9.4891
1,10,0.7400,37,0,10,0.073758,0.036194,9.4891
1,10,0.7600,38,0,10,0.072575,0.035627,9.4891
1,10,0.7800,39,0,10,0.071203,0.034997,9.4891
1,10,0.8000,40,0,10,0.069635,0.034299,9.4891
1,10,0.8200,41,0,10,0.067901,0.033542,9.4891
1,10,0.8400,42,0,10,0.066034,0.032724,9.4891
1,10,0.8600,43,0,10,0.064013,0.031844,9.4891
1,10,0.8800,44,0,10,0.061858,0.030905,9.4891
1,10,0.9000,45,0,10,0.059571,0.029910,9.4891
1,10,0.9200,46,0,10,0.057160,0.028859,9.4891
1,10,0.9400,47,0,10,0.054636,0.027756,9.4891
1,10,0.9600,48,0,10,0.052014,0.026603,9.4891
1,10,0.9800,49,0,10,0.049295,0.025405,9.4891
1,10,1.0000,50,0,10,0.046485,0.024165,9.4891
1,10,1.0200,51,0,10,0.043590,0.022890,9.4891
1,10,1.0400,52,0,10,0.040628,0.021586,9.4891
1,10,1.0600,53,0,10,0.037606,0.020258,9.4891
1,10,1.0800,54,0,10,0.034523,0.018912,9.4891
1,10,1.1000,55,0,10,0.031459,0.017547,9.4891
1,10,1.1200,56,0,10,0.028719,0.016165,9.4891
1,10,1.1400,57,0,10,0.025954,0.014772,9.4891
1,10,1.1600,58,0,10,0.023171,0.013373,9.4891
1,10,1.1800,59,0,10,0.020395,0.011975,9.4891
1,10,1.2000,60,0,10,0.017626,0.010589,9.4891
1,10,1.2200,61,0,10,0.014904,0.009227,9.4891
1,10,1.2400,62,0,10,0.012444,0.007912,9.4891
1,10,1.2600,63,0,10,0.010404,0.006682,9.4891
1,10,1.2800,64,0,10,0.008741,0.005637,9.4891
1,10,1.3000,65,0,10,0.007298,0.004930,9.4891
1,10,1.3200,66,0,10,0.007226,0.004669,9.4891
1,10,1.3400,67,0,10,0.009813,0.004883,9.4891
1,10,1.3600,68,0,10,0.012670,0.005536,9.4891
1,10,1.3800,69,0,10,0.015618,0.006492,9.4891
1,10,1.4000,70,0,10,0.018580,0.007614,9.4891
1,10,1.4200,71,0,10,0.021523,0.008815,9.4891
1,10,1.4400,72,0,10,0.024432,0.010047,9.4891
1,10,1.4600,73,0,10,0.027293,0.011283,9.4891
1,10,1.4800,74,0,10,0.030083,0.012510,9.4891
1,10,1.5000,75,0,10,0.032783,0.013711,9.4891
1,10,1.5200,76,0,10,0.035413,0.014886,9.4891
1,10,1.5400,77,0,10,0.037958,0.016025,9.4891
1,10,1.5600,78,0,10,0.040396,0.017126,9.4891
1,10,1.5800,79,0,10,0.042738,0.018186,9.4891
1,10,1.6000,80,0,10,0.044974,0.019199,9.4891
1,10,1.6200,81,0,10,0.047116,0.020168,9.4891
1,10,1.6400,82,0,10,0.049127,0.021083,9.4891
1,10,1.6600,83,0,10,0.051031,0.021946,9.4891
1,10,1.6800,84,0,10,0.052796,0.022758,9.4891
1,10,1.7000,85,0,10,0.054489,0.023515,9.4891
1,10,1.7200,86,0,10,0.056013,0.024214,9.4891
1,10,1.7400,87,0,10,0.057419,0.024856,9.4891
1,10,1.7600,88,0,10,0.058681,0.025439,9.4891
1,10,1.7800,89,0,10,0.059810,0.025963,9.4891
1,10,1.8000,90,0,10,0.060819,0.026426,9.4891
1,10,1.8200,91,0,10,0.061683,0.026828,9.4891
1,10,1.8400,92,0,10,0.062428,0.027170,9.4891
1,10,1.8600,93,0,10,0.063041,0.027450,9.4891
1,10,1.8800,94,0,10,0.063521,0.027668,9.4891
1,10,1.9000,95,0,10,0.063859,0.027826,9.4891
1,10,1.9200,96,0,10,0.064065,0.027923,9.4891
1,10,1.9400,97,0,10,0.064137,0.027960,9.4891
1,10,1.9600,98,0,10,0.064089,0.027937,9.4891
1,10,1.9800,99,0,10,0.063897,0.027855,9.4890
1,10,2.0000,100,0,10,0.063586,0.027714,9.4890
1,10,2.0200,101,0,10,0.063146,0.027516,9.4890
1,10,2.0400,102,0,10,0.062587,0.027263,9.4890
1,10,2.0600,103,0,10,0.061910,0.026955,9.4890
1,10,2.0800,104,0,10,0.061124,0.026595,9.4890
1,10,2.1000,105,0,10,0.060219,0.026181,9.4890
1,10,2.1200,106,0,10,0.059205,0.025718,9.4890
1,10,2.1400,107,0,10,0.058080,0.025208,9.4890
1,10,2.1600,108,0,10,0.056837,0.024651,9.4890
1,10,2.1800,109,0,10,0.055492,0.024052,9.4890
1,10,2.2000,110,0,10,0.054065,0.023409,9.4890
1,10,2.2200,111,0,10,0.052546,0.022728,9.4890
1,10,2.2400,112,0,10,0.050951,0.022008,9.4890
1,10,2.2600,113,0,10,0.049286,0.021253,9.4890
1,10,2.2800,114,0,10,0.047540,0.020464,9.4890
1,10,2.3000,115,0,10,0.045730,0.019646,9.4890
1,10,2.3200,116,0,10,0.043860,0.018800,9.4890
1,10,2.3400,117,0,10,0.041948,0.017926,9.4890
1,10,2.3600,118,0,10,0.039970,0.017031,9.4890
1,10,2.3800,119,0,10,0.037953,0.016116,9.4890
1,10,2.4000,120,0,10,0.035900,0.015186,9.4890
1,10,2.4200,121,0,10,0.033812,0.014244,9.4890
1,10,2.4400,122,0,10,0.031716,0.013296,9.4890
1,10,2.4600,123,0,10,0.029606,0.012344,9.4890
1,10,2.4800,124,0,10,0.027467,0.011394,9.4890
1,10,2.5000,125,0,10,0.025362,0.010455,9.4890
1,10,2.5200,126,0,10,0.023248,0.009533,9.4890
1,10,2.5400,127,0,10,0.021196,0.008639,9.4890
1,10,2.5600,128,0,10,0.019189,0.007786,9.4890
1,10,2.5800,129,0,10,0.017261,0.006996,9.4890
1,10,2.6000,130,0,10,0.015443,0.006300,9.4890
1,10,2.6200,131,0,10,0.013772,0.005740,9.4890
1,10,2.6400,132,0,10,0.012339,0.005366,9.4890
1,10,2.6600,133,0,10,0.011174,0.005194,9.4890
1,10,2.6800,134,0,10,0.010411,0.005242,9.4890
1,10,2.7000,135,0,10,0.010094,0.005492,9.4890
1,10,2.7200,136,0,10,0.010245,0.005913,9.4890
1,10,2.7400,137,0,10,0.010827,0.006463,9.4890
1,10,2.7600,138,0,10,0.011754,0.007105,9.4890
1,10,2.7800,139,0,10,0.012928,0.007801,9.4890
1,10,2.8000,140,0,10,0.014255,0.008531,9.4890
1,10,2.8200,141,0,10,0.015689,0.009276,9.4890
1,10,2.8400,142,10,0,0.000000,0.000000,9.4890
2,10,0.0200,1,0,10,0.000000,0.000000,9.5000
2,10,0.0400,2,0,10,0.099749,0.064507,9.4969
2,10,0.0600,3,0,10,0.113705,0.072380,9.4934
2,10,0.0800,4,0,10,0.092196,0.056272,9.4908
2,10,0.1000,5,0,10,0.067735,0.036482,9.4894
2,10,0.1200,6,0,10,0.055522,0.022663,9.4887
2,10,0.1400,7,0,10,0.054084,0.016931,9.4886
2,10,0.1600,8,0,10,0.055801,0.016707,9.4888
2,10,0.1800,9,0,10,0.057320,0.018170,9.4890
2,10,0.2000,10,0,10,0.058394,0.019865,9.4891
2,10,0.2200,11,0,10,0.059339,0.021790,9.4893
2,10,0.2400,12,0,10,0.060322,0.023870,9.4893
2,10,0.2600,13,0,10,0.061396,0.025954,9.4893
2,10,0.2800,14,0,10,0.062572,0.027965,9.4894
2,10,0.3000,15,0,10,0.063891,0.029899,9.4894
2,10,0.3200,16,0,10,0.065301,0.031710,9.4894
2,10,0.3400,17,0,10,0.066815,0.033373,9.4893
2,10,0.3600,18,0,10,0.068454,0.034872,9.4894
2,10,0.3800,19,0,10,0.070166,0.036212,9.4894
2,10,0.4000,20,0,10,0.071967,0.037384,9.4894
2,10,0.4200,21,0,10,0.073823,0.038403,9.4894
2,10,0.4400,22,0,10,0.075710,0.039284,9.4894
2,10,0.4600,23,0,10,0.077560,0.040037,9.4894
2,10,0.4800,24,0,10,0.079336,0.040671,9.4894
2,10,0.5000,25,0,10,0.081021,0.041188,9.4894
2,10,0.5200,26,0,10,0.082557,0.041598,9.4894
2,10,0.5400,27,0,10,0.083947,0.041911,9.4894
2,10,0.5600,28,0,10,0.085126,0.042132,9.4894
2,10,0.5800,29,0,10,0.086088,0.042266,9.4894
2,10,0.6000,30,0,10,0.086821,0.042320,9.4894
2,10,0.6200,31,0,10,0.087289,0.042292,9.4894
2,10,0.6400,32,0,10,0.087500,0.042185,9.4894
2,10,0.6600,33,0,10,0.087461,0.042001,9.4894
2,10,0.6800,34,0,10,0.087165,0.041727,9.4894
2,10,0.7000,35,0,10,0.086622,0.041376,9.4894
2,10,0.7200,36,0,10,0.085842,0.040950,9.4894
2,10,0.7400,37,0,10,0.084822,0.040450,9.4894
2,10,0.7600,38,0,10,0.083563,0.039878,9.4894
2,10,0.7800,39,0,10,0.082063,0.039231,9.4893
2,10,0.8000,40,0,10,0.080362,0.038517,9.4893
2,10,0.8200,41,0,10,0.078506,0.037730,9.4893
2,10,0.8400,42,0,10,0.076479,0.036872,9.4893
2,10,0.8600,43,0,10,0.074288,0.035944,9.4893
2,10,0.8800,44,0,10,0.071929,0.034950,9.4893
2,10,0.9000,45,0,10,0.069380,0.033899,9.4893
2,10,0.9200,46,0,10,0.066684,0.032784,9.4893
2,10,0.9400,47,0,10,0.063930,0.031607,9.4893
2,10,0.9600,48,0,10,0.061032,0.030388,9.4893
2,10,0.9800,49,0,10,0.058018,0.029116,9.4893
2,10,1.0000,50,0,10,0.054911,0.027779,9.4893
2,10,1.0200,51,0,10,0.051726,0.026419,9.4893
2,10,1.0400,52,0,10,0.048412,0.025001,9.4893
2,10,1.0600,53,0,10,0.045016,0.023549,9.4893
2,10,1.0800,54,0,10,0.041534,0.022080,9.4893
2,10,1.1000,55,0,10,0.038002,0.020583,9.4893
2,10,1.1200,56,0,10,0.034430,0.019056,9.4893
2,10,1.1400,57,0,10,0.030837,0.017499,9.4893
2,10,1.1600,58,0,10,0.027365,0.015922,9.4893
2,10,1.1800,59,0,10,0.024246,0.014291,9.4893
2,10,1.2000,60,0,10,0.021141,0.012597,9.4893
2,10,1.2200,61,0,10,0.018054,0.010881,9.4893
2,10,1.2400,62,0,10,0.015002,0.009178,9.4893
2,10,1.2600,63,0,10,0.012009,0.007570,9.4893
2,10,1.2800,64,0,10,0.009153,0.006154,9.4892
2,10,1.3000,65,0,10,0.006670,0.004980,9.4892
2,10,1.3200,66,0,10,0.006365,0.004398,9.4892
2,10,1.3400,67,0,10,0.007247,0.004714,9.4892
2,10,1.3600,68,0,10,0.010431,0.005728,9.4892
2,10,1.3800,69,0,10,0.013900,0.007051,9.4892
2,10,1.4000,70,0,10,0.017488,0.008474,9.4892
2,10,1.4200,71,0,10,0.021109,0.009907,9.4892
2,10,1.4400,72,0,10,0.024729,0.011317,9.4892
2,10,1.4600,73,0,10,0.028299,0.012682,9.4892
2,10,1.4800,74,0,10,0.031825,0.013997,9.4892
2,10,1.5000,75,0,10,0.035244,0.015256,9.4893
2,10,1.5200,76,0,10,0.038561,0.016494,9.4893
2,10,1.5400,77,0,10,0.041724,0.017717,9.4893
2,10,1.5600,78,0,10,0.044709,0.018917,9.4893
2,10,1.5800,79,0,10,0.047494,0.020088,9.4893
2,10,1.6000,80,0,10,0.050094,0.021223,9.4893
2,10,1.6200,81,0,10,0.052499,0.022318,9.4893
2,10,1.6400,82,0,10,0.054777,0.023367,9.4893
2,10,1.6600,83,0,10,0.056819,0.024366,9.4893
2,10,1.6800,84,0,10,0.058700,0.025312,9.4893
2,10,1.7000,85,0,10,0.060391,0.026197,9.4893
2,10,1.7200,86,0,10,0.061944,0.027019,9.4893
2,10,1.7400,87,0,10,0.063371,0.027777,9.4893
2,10,1.7600,88,0,10,0.064661,0.028468,9.4893
2,10,1.7800,89,0,10,0.065805,0.029090,9.4893
2,10,1.8000,90,0,10,0.066816,0.029642,9.4893
2,10,1.8200,91,0,10,0.067673,0.030121,9.4893
2,10,1.8400,92,0,10,0.068392,0.030526,9.4893
2,10,1.8600,93,0,10,0.068985,0.030858,9.4893
2,10,1.8800,94,0,10,0.069428,0.031115,9.4893
2,10,1.9000,95,0,10,0.069749,0.031298,9.4893
2,10,1.9200,96,0,10,0.069922,0.031408,9.4893
2,10,1.9400,97,0,10,0.069967,0.031447,9.4893
2,10,1.9600,98,0,10,0.069885,0.031414,9.4893
2,10,1.9800,99,0,10,0.069648,0.031311,9.4893
2,10,2.0000,100,0,10,0.069285,0.031140,9.4893
2,10,2.0200,101,0,10,0.068787,0.030902,9.4893
2,10,2.0400,102,0,10,0.068151,0.030599,9.4893
2,10,2.0600,103,0,10,0.067385,0.030230,9.4893
2,10,2.0800,104,0,10,0.066489,0.029802,9.4893
2,10,2.1000,105,0,10,0.065476,0.029314,9.4893
2,10,2.1200,106,0,10,0.064316,0.028768,9.4893
2,10,2.1400,107,0,10,0.063036,0.028167,9.4893
2,10,2.1600,108,0,10,0.061623,0.027512,9.4893
2,10,2.1800,109,0,10,0.060096,0.026805,9.4893
2,10,2.2000,110,0,10,0.058464,0.026052,9.4893
2,10,2.2200,111,0,10,0.056735,0.025252,9.4893
2,10,2.2400,112,0,10,0.054891,0.024407,9.4893
2,10,2.2600,113,0,10,0.052962,0.023520,9.4893
2,10,2.2800,114,0,10,0.050950,0.022596,9.4893
2,10,2.3000,115,0,10,0.048854,0.021635,9.4893
2,10,2.3200,116,0,10,0.046688,0.020640,9.4893
2,10,2.3400,117,0,10,0.044442,0.019615,9.4893
2,10,2.3600,118,0,10,0.042134,0.018565,9.4893
2,10,2.3800,119,0,10,0.039774,0.017488,9.4893
2,10,2.4000,120,0,10,0.037361,0.016393,9.4893
2,10,2.4200,121,0,10,0.034913,0.015278,9.4893
2,10,2.4400,122,0,10,0.032423,0.014154,9.4893
2,10,2.4600,123,0,10,0.029887,0.013023,9.4893
2,10,2.4800,124,0,10,0.027346,0.011891,9.4893
2,10,2.5000,125,0,10,0.024795,0.010766,9.4893
2,10,2.5200,126,0,10,0.022264,0.009660,9.4893
2,10,2.5400,127,0,10,0.019730,0.008582,9.4893
2,10,2.5600,128,0,10,0.017225,0.007551,9.4893
2,10,2.5800,129,0,10,0.014800,0.006597,9.4893
2,10,2.6000,130,0,10,0.012470,0.005770,9.4893
2,10,2.6200,131,0,10,0.010323,0.005126,9.4893
2,10,2.6400,132,0,10,0.008474,0.004680,9.4893
2,10,2.6600,133,0,10,0.007142,0.004506,9.4893
2,10,2.6800,134,0,10,0.006639,0.004680,9.4893
2,10,2.7000,135,10,0,0.000000,0.000000,9.4893
3,10,0.0200,1,0,10,0.000000,0.000000,9.5000
3,10,0.0400,2,0,10,0.102047,0.064518,9.4968
3,10,0.0600,3,0,10,0.116566,0.072736,9.4933
3,10,0.0800,4,0,10,0.094648,0.057077,9.4906
3,10,0.1000,5,0,10,0.068854,0.037505,9.4891
3,10,0.1200,6,0,10,0.054594,0.023481,9.4884
3,10,0.1400,7,0,10,0.051563,0.017228,9.4883
3,10,0.1600,8,0,10,0.052454,0.016133,9.4884
3,10,0.1800,9,0,10,0.053545,0.016761,9.4886
3,10,0.2000,10,0,10,0.054341,0.017994,9.4888
3,10,0.2200,11,0,10,0.055048,0.019852,9.4889
3,10,0.2400,12,0,10,0.055808,0.021950,9.4890
3,10,0.2600,13,0,10,0.056611,0.024036,9.4890
3,10,0.2800,14,0,10,0.057525,0.025997,9.4890
3,10,0.3000,15,0,10,0.058521,0.027799,9.4890
3,10,0.3200,16,0,10,0.059626,0.029437,9.4890
3,10,0.3400,17,0,10,0.060855,0.030916,9.4890
3,10,0.3600,18,0,10,0.062203,0.032239,9.4890
3,10,0.3800,19,0,10,0.063640,0.033414,9.4890
3,10,0.4000,20,0,10,0.065153,0.034445,9.4890
3,10,0.4200,21,0,10,0.066686,0.035342,9.4890
3,10,0.4400,22,0,10,0.068235,0.036110,9.4891
3,10,0.4600,23,0,10,0.069746,0.036760,9.4891
3,10,0.4800,24,0,10,0.071187,0.037297,9.4891
3,10,0.5000,25,0,10,0.072535,0.037730,9.4891
3,10,0.5200,26,0,10,0.073758,0.038066,9.4891
3,10,0.5400,27,0,10,0.074827,0.038310,9.4891
3,10,0.5600,28,0,10,0.075728,0.038472,9.4891
3,10,0.5800,29,0,10,0.076456,0.038548,9.4891
3,10,0.6000,30,0,10,0.076966,0.038546,9.4891
3,10,0.6200,31,0,10,0.077287,0.038470,9.4891
3,10,0.6400,32,0,10,0.077364,0.038323,9.4891
3,10,0.6600,33,0,10,0.077225,0.038105,9.4891
3,10,0.6800,34,0,10,0.076869,0.037815,9.4891
3,10,0.7000,35,0,10,0.076296,0.037450,9.4891
3,10,0.7200,36,0,10,0.075502,0.037015,9.4891
3,10,0.7400,37,0,10,0.074500,0.036511,9.4891
3,10,0.7600,38,0,10,0.073265,0.035940,9.4891
3,10,0.7800,39,0,10,0.071873,0.035302,9.4891
3,10,0.8000,40,0,10,0.070276,0.034597,9.4891
3,10,0.8200,41,0,10,0.068536,0.033832,9.4891
3,10,0.8400,42,0,10,0.066636,0.033006,9.4891
3,10,0.8600,43,0,10,0.064600,0.032117,9.4891
3,10,0.8800,44,0,10,0.062422,0.031170,9.4891
3,10,0.9000,45,0,10,0.060122,0.030164,9.4891
3,10,0.9200,46,0,10,0.057685,0.029100,9.4891
3,10,0.9400,47,0,10,0.055140,0.027985,9.4891
3,10,0.9600,48,0,10,0.052493,0.026819,9.4891
3,10,0.9800,49,0,10,0.049751,0.025607,9.4891
3,10,1.0000,50,0,10,0.046918,0.024352,9.4891
3,10,1.0200,51,0,10,0.043989,0.023063,9.4891
3,10,1.0400,52,0,10,0.040988,0.021745,9.4891
3,10,1.0600,53,0,10,0.037938,0.020406,9.4891
3,10,1.0800,54,0,10,0.034828,0.019043,9.4891
3,10,1.1000,55,0,10,0.031703,0.017662,9.4891
3,10,1.1200,56,0,10,0.028932,0.016267,9.4891
3,10,1.1400,57,0,10,0.026134,0.014859,9.4891
3,10,1.1600,58,0,10,0.023326,0.013445,9.4891
3,10,1.1800,59,0,10,0.020519,0.012034,9.4891
3,10,1.2000,60,0,10,0.017718,0.010635,9.4891
3,10,1.2200,61,0,10,0.014976,0.009258,9.4891
3,10,1.2400,62,0,10,0.012481,0.007930,9.4891
3,10,1.2600,63,0,10,0.010425,0.006689,9.4891
3,10,1.2800,64,0,10,0.008742,0.005632,9.4891
3,10,1.3000,65,0,10,0.007278,0.004925,9.4891
3,10,1.3200,66,0,10,0.007312,0.004674,9.4891
3,10,1.3400,67,0,10,0.009951,0.004914,9.4891
3,10,1.3600,68,0,10,0.012850,0.005588,9.4891
3,10,1.3800,69,0,10,0.015839,0.006568,9.4891
3,10,1.4000,70,0,10,0.018848,0.007708,9.4891
3,10,1.4200,71,0,10,0.021828,0.008927,9.4891
3,10,1.4400,72,0,10,0.024756,0.010172,9.4891
3,10,1.4600,73,0,10,0.027644,0.011422,9.4891
3,10,1.4800,74,0,10,0.030454,0.012657,9.4891
3,10,1.5000,75,0,10,0.033187,0.013872,9.4891
3,10,1.5200,76,0,10,0.035844,0.015058,9.4891
3,10,1.5400,77,0,10,0.038395,0.016207,9.4891
3,10,1.5600,78,0,10,0.040860,0.017319,9.4891
3,10,1.5800,79,0,10,0.043231,0.018389,9.4891
3,10,1.6000,80,0,10,0.045486,0.019411,9.4891
3,10,1.6200,81,0,10,0.047627,0.020383,9.4891
3,10,1.6400,82,0,10,0.049671,0.021308,9.4891
3,10,1.6600,83,0,10,0.051589,0.022179,9.4891
3,10,1.6800,84,0,10,0.053409,0.022996,9.4891
3,10,1.7000,85,0,10,0.055086,0.023757,9.4891
3,10,1.7200,86,0,10,0.056609,0.024459,9.4891
3,10,1.7400,87,0,10,0.058022,0.025104,9.4891
3,10,1.7600,88,0,10,0.059291,0.025689,9.4891
3,10,1.7800,89,0,10,0.060441,0.026214,9.4891
3,10,1.8000,90,0,10,0.061446,0.026677,9.4891
3,10,1.8200,91,0,10,0.062330,0.027079,9.4891
3,10,1.8400,92,0,10,0.063060,0.027420,9.4891
3,10,1.8600,93,0,10,0.063662,0.027698,9.4891
3,10,1.8800,94,0,10,0.064127,0.027916,9.4891
3,10,1.9000,95,0,10,0.064480,0.028070,9.4891
3,10,1.9200,96,0,10,0.064675,0.028164,9.4891
3,10,1.9400,97,0,10,0.064741,0.028195,9.4891
3,10,1.9600,98,0,10,0.064674,0.028168,9.4890
3,10,1.9800,99,0,10,0.064485,0.028081,9.4890
3,10,2.0000,100,0,10,0.064149,0.027936,9.4890
3,10,2.0200,101,0,10,0.063701,0.027731,9.4890
3,10,2.0400,102,0,10,0.063117,0.027471,9.4890
3,10,2.0600,103,0,10,0.062421,0.027156,9.4890
3,10,2.0800,104,0,10,0.061611,0.026787,9.4890
3,10,2.1000,105,0,10,0.060680,0.026365,9.4890
3,10,2.1200,106,0,10,0.059649,0.025894,9.4890
3,10,2.1400,107,0,10,0.058496,0.025374,9.4890
3,10,2.1600,108,0,10,0.057251,0.024808,9.4890
3,10,2.1800,109,0,10,0.055875,0.024198,9.4890
3,10,2.2000,110,0,10,0.054416,0.023545,9.4890
3,10,2.2200,111,0,10,0.052877,0.022852,9.4890
3,10,2.2400,112,0,10,0.051259,0.022121,9.4890
3,10,2.2600,113,0,10,0.049563,0.021354,9.4890
3,10,2.2800,114,0,10,0.047801,0.020553,9.4890
3,10,2.3000,115,0,10,0.045977,0.019722,9.4890
3,10,2.3200,116,0,10,0.044079,0.018865,9.4890
3,10,2.3400,117,0,10,0.042121,0.017979,9.4890
3,10,2.3600,118,0,10,0.040127,0.017073,9.4890
3,10,2.3800,119,0,10,0.038089,0.016145,9.4890
3,10,2.4000,120,0,10,0.036007,0.015203,9.4890
3,10,2.4200,121,0,10,0.033893,0.014249,9.4890
3,10,2.4400,122,0,10,0.031759,0.013291,9.4890
3,10,2.4600,123,0,10,0.029623,0.012331,9.4890
3,10,2.4800,124,0,10,0.027477,0.011371,9.4890
3,10,2.5000,125,0,10,0.025334,0.010420,9.4890
3,10,2.5200,126,0,10,0.023213,0.009492,9.4890
3,10,2.5400,127,0,10,0.021128,0.008590,9.4890
3,10,2.5600,128,0,10,0.019095,0.007732,9.4890
3,10,2.5800,129,0,10,0.017152,0.006944,9.4890
3,10,2.6000,130,0,10,0.015323,0.006250,9.4890
3,10,2.6200,131,0,10,0.013655,0.005704,9.4890
3,10,2.6400,132,0,10,0.012229,0.005344,9.4890
3,10,2.6600,133,10,0,0.000000,0.000000,9.4890
1,20,0.0200,1,0,20,0.000000,0.000000,19.5000
1,20,0.0400,2,0,20,0.188743,0.129252,19.4961
1,20,0.0600,3,0,20,0.335183,0.219007,19.4888
1,20,0.0800,4,0,20,0.424252,0.272392,19.4794
1,20,0.1000,5,0,20,0.459199,0.292822,19.4692
1,20,0.1200,6,0,20,0.448953,0.285364,19.4593
1,20,0.1400,7,0,20,0.404499,0.256357,19.4504
1,20,0.1600,8,0,20,0.337424,0.212739,19.4431
1,20,0.1800,9,0,20,0.259283,0.161417,19.4377
1,20,0.2000,10,0,20,0.181586,0.108846,19.4342
1,20,0.2200,11,0,20,0.118325,0.061359,19.4326
1,20,0.2400,12,0,20,0.090215,0.028868,19.4325
1,20,0.2600,13,0,20,0.103208,0.044145,19.4337
1,20,0.2800,14,0,20,0.128135,0.066359,19.4359
1,20,0.3000,15,0,20,0.146838,0.080685,19.4385
1,20,0.3200,16,0,20,0.155024,0.086603,19.4414
1,20,0.3400,17,0,20,0.153360,0.085221,19.4442
1,20,0.3600,18,0,20,0.144445,0.078324,19.4468
1,20,0.3800,19,0,20,0.131665,0.068055,19.4488
1,20,0.4000,20,0,20,0.118978,0.056702,19.4504
1,20,0.4200,21,0,20,0.109718,0.046587,19.4514
1,20,0.4400,22,0,20,0.106012,0.039845,19.4519
1,20,0.4600,23,0,20,0.107558,0.038331,19.4520
1,20,0.4800,24,0,20,0.112518,0.041340,19.4517
1,20,0.5000,25,0,20,0.118696,0.045186,19.4511
1,20,0.5200,26,0,20,0.124584,0.048225,19.4504
1,20,0.5400,27,0,20,0.129459,0.049946,19.4496
1,20,0.5600,28,0,20,0.133296,0.050389,19.4488
1,20,0.5800,29,0,20,0.136234,0.049875,19.4481
1,20,0.6000,30,0,20,0.138679,0.048855,19.4476
1,20,0.6200,31,0,20,0.140940,0.047788,19.4471
1,20,0.6400,32,0,20,0.143229,0.047077,19.4468
1,20,0.6600,33,0,20,0.145612,0.047011,19.4467
1,20,0.6800,34,0,20,0.148001,0.047660,19.4467
1,20,0.7000,35,0,20,0.150354,0.048833,19.4468
1,20,0.7200,36,0,20,0.152569,0.050282,19.4469
1,20,0.7400,37,0,20,0.154625,0.051826,19.4471
1,20,0.7600,38,0,20,0.156495,0.053379,19.4473
1,20,0.7800,39,0,20,0.158155,0.054922,19.4475
1,20,0.8000,40,0,20,0.159729,0.056498,19.4477
1,20,0.8200,41,0,20,0.161236,0.058098,19.4479
1,20,0.8400,42,0,20,0.162715,0.059754,19.4480
1,20,0.8600,43,0,20,0.164219,0.061481,19.4481
1,20,0.8800,44,0,20,0.165727,0.063273,19.4481
1,20,0.9000,45,0,20,0.167290,0.065117,19.4481
1,20,0.9200,46,0,20,0.168879,0.066998,19.4481
1,20,0.9400,47,0,20,0.170493,0.068904,19.4481
1,20,0.9600,48,0,20,0.172132,0.070822,19.4480
1,20,0.9800,49,0,20,0.173843,0.072746,19.4479
1,20,1.0000,50,0,20,0.175562,0.074681,19.4478
1,20,1.0200,51,0,20,0.177331,0.076622,19.4478
1,20,1.0400,52,0,20,0.179154,0.078571,19.4477
1,20,1.0600,53,0,20,0.181048,0.080525,19.4476
1,20,1.0800,54,0,20,0.182982,0.082484,19.4476
1,20,1.1000,55,0,20,0.185017,0.084445,19.4476
1,20,1.1200,56,0,20,0.187137,0.086408,19.4476
1,20,1.1400,57,0,20,0.189339,0.088374,19.4475
1,20,1.1600,58,0,20,0.191670,0.090332,19.4475
1,20,1.1800,59,0,20,0.194081,0.092285,19.4475
1,20,1.2000,60,0,20,0.196628,0.094230,19.4475
1,20,1.2200,61,0,20,0.199266,0.096166,19.4475
1,20,1.2400,62,0,20,0.202021,0.098090,19.4475
1,20,1.2600,63,0,20,0.204898,0.100002,19.4475
1,20,1.2800,64,0,20,0.207865,0.101899,19.4475
1,20,1.3000,65,0,20,0.210966,0.103782,19.4474
1,20,1.3200,66,0,20,0.214198,0.105648,19.4474
1,20,1.3400,67,0,20,0.217561,0.107495,19.4474
1,20,1.3600,68,0,20,0.221044,0.109324,19.4473
1,20,1.3800,69,0,20,0.224634,0.111134,19.4473
1,20,1.4000,70,0,20,0.228341,0.112926,19.4473
1,20,1.4200,71,0,20,0.232169,0.114700,19.4472
1,20,1.4400,72,0,20,0.236147,0.116456,19.4472
1,20,1.4600,73,0,20,0.240221,0.118191,19.4471
1,20,1.4800,74,0,20,0.244379,0.119907,19.4471
1,20,1.5000,75,0,20,0.248673,0.121604,19.4470
1,20,1.5200,76,0,20,0.253053,0.123282,19.4470
1,20,1.5400,77,0,20,0.257534,0.124942,19.4469
1,20,1.5600,78,0,20,0.262050,0.126585,19.4469
1,20,1.5800,79,0,20,0.266716,0.128211,19.4468
1,20,1.6000,80,0,20,0.271419,0.129822,19.4467
1,20,1.6200,81,0,20,0.276235,0.131417,19.4467
1,20,1.6400,82,0,20,0.281117,0.133000,19.4466
1,20,1.6600,83,0,20,0.286069,0.134570,19.4465
1,20,1.6800,84,0,20,0.291077,0.136129,19.4465
1,20,1.7000,85,0,20,0.296190,0.137677,19.4464
1,20,1.7200,86,0,20,0.301404,0.139218,19.4463
1,20,1.7400,87,0,20,0.306650,0.140752,19.4462
1,20,1.7600,88,0,20,0.311929,0.142280,19.4461
1,20,1.7800,89,0,20,0.317288,0.143803,19.4460
1,20,1.8000,90,0,20,0.322708,0.145324,19.4460
1,20,1.8200,91,0,20,0.328165,0.146844,19.4459
1,20,1.8400,92,0,20,0.333651,0.148364,19.4457
1,20,1.8600,93,0,20,0.339213,0.149886,19.4456
1,20,1.8800,94,0,20,0.344792,0.151412,19.4455
1,20,1.9000,95,0,20,0.350412,0.152942,19.4454
1,20,1.9200,96,0,20,0.356057,0.154479,19.4453
1,20,1.9400,97,0,20,0.361759,0.156024,19.4452
1,20,1.9600,98,0,20,0.367484,0.157578,19.4450
1,20,1.9800,99,0,20,0.373168,0.159143,19.4449
1,20,2.0000,100,0,20,0.379119,0.160723,19.4447
1,20,2.0200,101,0,20,0.381447,0.162334,19.4443
1,20,2.0400,102,0,20,0.386440,0.163964,19.4440
1,20,2.0600,103,0,20,0.393647,0.165599,19.4437
1,20,2.0800,104,0,20,0.400556,0.167223,19.4434
1,20,2.1000,105,0,20,0.401004,0.168995,19.4430
1,20,2.1200,106,0,20,0.400812,0.170733,19.4426
1,20,2.1400,107,0,20,0.402100,0.172519,19.4422
1,20,2.1600,108,0,20,0.405131,0.174360,19.4418
1,20,2.1800,109,0,20,0.409214,0.176197,19.4414
1,20,2.2000,110,0,20,0.414607,0.178106,19.4409
1,20,2.2200,111,0,20,0.420442,0.180017,19.4405
1,20,2.2400,112,0,20,0.426136,0.182092,19.4401
1,20,2.2600,113,0,20,0.432534,0.184211,19.4397
1,20,2.2800,114,0,20,0.439177,0.186293,19.4393
1,20,2.3000,115,0,20,0.445241,0.188891,19.4390
1,20,2.3200,116,0,20,0.451561,0.190921,19.4386
1,20,2.3400,117,0,20,0.457606,0.192834,19.4383
1,20,2.3600,118,0,20,0.463318,0.194604,19.4378
1,20,2.3800,119,0,20,0.468929,0.196352,19.4374
1,20,2.4000,120,0,20,0.474624,0.198115,19.4369
1,20,2.4200,121,0,20,0.480560,0.199935,19.4365
1,20,2.4400,122,0,20,0.486744,0.201817,19.4360
1,20,2.4600,123,0,20,0.493171,0.203779,19.4357
1,20,2.4800,124,0,20,0.499807,0.205815,19.4353
1,20,2.5000,125,0,20,0.506621,0.207908,19.4350
1,20,2.5200,126,0,20,0.513506,0.210039,19.4346
1,20,2.5400,127,0,20,0.520455,0.212192,19.4343
1,20,2.5600,128,0,20,0.527416,0.214357,19.4340
1,20,2.5800,129,0,20,0.534429,0.216525,19.4337
1,20,2.6000,130,0,20,0.541229,0.218467,19.4334
1,20,2.6200,131,0,20,0.548038,0.220543,19.4331
1,20,2.6400,132,0,20,0.554882,0.223254,19.4327
1,20,2.6600,133,0,20,0.561504,0.226167,19.4322
1,20,2.6800,134,0,20,0.568079,0.228788,19.4316
1,20,2.7000,135,0,20,0.574629,0.231406,19.4310
1,20,2.7200,136,0,20,0.581156,0.234035,19.4302
1,20,2.7400,137,0,20,0.587714,0.236653,19.4295
1,20,2.7600,138,0,20,0.594316,0.239233,19.4288
1,20,2.7800,139,0,20,0.600988,0.241755,19.4281
1,20,2.8000,140,0,20,0.607746,0.244245,19.4275
1,20,2.8200,141,0,20,0.612046,0.246842,19.4269
1,20,2.8400,142,0,20,0.613527,0.249544,19.4263
1,20,2.8600,143,0,20,0.619368,0.252140,19.4258
1,20,2.8800,144,0,20,0.626330,0.254729,19.4254
1,20,2.9000,145,0,20,0.637187,0.257293,19.4249
1,20,2.9200,146,0,20,0.646038,0.259950,19.4245
1,20,2.9400,147,0,20,0.653661,0.263268,19.4240
1,20,2.9600,148,0,20,0.660563,0.266562,19.4235
1,20,2.9800,149,0,20,0.667028,0.269949,19.4229
1,20,3.0000,150,0,20,0.673504,0.273421,19.4223
1,20,3.0200,151,0,20,0.679684,0.276443,19.4216
1,20,3.0400,152,0,20,0.685210,0.279430,19.4209
1,20,3.0600,153,0,20,0.690175,0.282448,19.4202
1,20,3.0800,154,0,20,0.694665,0.285479,19.4195
1,20,3.1000,155,0,20,0.698800,0.288513,19.4188
1,20,3.1200,156,0,20,0.702595,0.291555,19.4180
1,20,3.1400,157,0,20,0.706062,0.294603,19.4173
1,20,3.1600,158,0,20,0.709233,0.297654,19.4165
1,20,3.1800,159,0,20,0.712243,0.300642,19.4158
1,20,3.2000,160,0,20,0.715377,0.303157,19.4150
1,20,3.2200,161,0,20,0.718497,0.305609,19.4143
1,20,3.2400,162,0,20,0.721788,0.308715,19.4136
1,20,3.2600,163,0,20,0.725671,0.311847,19.4128
1,20,3.2800,164,0,20,0.729796,0.314853,19.4121
1,20,3.3000,165,0,20,0.733749,0.317714,19.4114
1,20,3.3200,166,0,20,0.737366,0.320414,19.4106
1,20,3.3400,167,0,20,0.740841,0.322963,19.4099
1,20,3.3600,168,0,20,0.744360,0.325410,19.4090
1,20,3.3800,169,0,20,0.748138,0.327737,19.4082
1,20,3.4000,170,0,20,0.752282,0.329988,19.4073
1,20,3.4200,171,0,20,0.754085,0.332190,19.4062
1,20,3.4400,172,0,20,0.766465,0.334418,19.4052
1,20,3.4600,173,0,20,0.778521,0.336714,19.4041
1,20,3.4800,174,0,20,0.788214,0.338993,19.4029
1,20,3.5000,175,0,20,0.798463,0.341253,19.4017
1,20,3.5200,176,0,20,0.808855,0.343522,19.4005
1,20,3.5400,177,0,20,0.819054,0.345752,19.3993
1,20,3.5600,178,0,20,0.829244,0.347930,19.3981
1,20,3.5800,179,0,20,0.839624,0.350168,19.3969
1,20,3.6000,180,0,20,0.850384,0.352014,19.3956
1,20,3.6200,181,0,20,0.860667,0.354360,19.3943
1,20,3.6400,182,0,20,0.870911,0.357232,19.3930
1,20,3.6600,183,0,20,0.881633,0.360158,19.3916
1,20,3.6800,184,0,20,0.892882,0.363034,19.3902
1,20,3.7000,185,0,20,0.904576,0.365826,19.3888
1,20,3.7200,186,0,20,0.916618,0.368530,19.3874
1,20,3.7400,187,0,20,0.928754,0.371185,19.3860
1,20,3.7600,188,0,20,0.940692,0.373820,19.3846
1,20,3.7800,189,0,20,0.952417,0.376479,19.3831
1,20,3.8000,190,0,20,0.964217,0.381344,19.3817
1,20,3.8200,191,0,20,0.975609,0.386477,19.3801
1,20,3.8400,192,0,20,0.986146,0.391598,19.3784
1,20,3.8600,193,0,20,0.997595,0.394706,19.3765
1,20,3.8800,194,0,20,1.011269,0.396788,19.3747
1,20,3.9000,195,0,20,1.019968,0.398392,19.3729
1,20,3.9200,196,0,20,1.030631,0.399849,19.3710
1,20,3.9400,197,0,20,1.042281,0.400861,19.3693
1,20,3.9600,198,0,20,1.054566,0.401531,19.3676
1,20,3.9800,199,0,20,1.069283,0.403155,19.3659
1,20,4.0000,200,0,20,1.085269,0.405177,19.3642
1,20,4.0200,201,0,20,1.100891,0.407471,19.3625
1,20,4.0400,202,0,20,1.116372,0.409215,19.3606
1,20,4.0600,203,0,20,1.129635,0.412018,19.3587
1,20,4.0800,204,0,20,1.142097,0.415394,19.3566
1,20,4.1000,205,0,20,1.154902,0.419359,19.3544
1,20,4.1200,206,0,20,1.168282,0.423316,19.3522
1,20,4.1400,207,0,20,1.182097,0.428411,19.3501
1,20,4.1600,208,0,20,1.196193,0.432129,19.3480
1,20,4.1800,209,0,20,1.205016,0.435533,19.3458
1,20,4.2000,210,0,20,1.215475,0.438803,19.3433
1,20,4.2200,211,0,20,1.227384,0.442119,19.3406
1,20,4.2400,212,0,20,1.239969,0.445779,19.3377
1,20,4.2600,213,0,20,1.255824,0.449470,19.3346
1,20,4.2800,214,0,20,1.271024,0.454781,19.3311
1,20,4.3000,215,0,20,1.281138,0.460520,19.3275
1,20,4.3200,216,0,20,1.287155,0.466342,19.3239
1,20,4.3400,217,0,20,1.291573,0.472603,19.3202
1,20,4.3600,218,0,20,1.295266,0.480400,19.3166
1,20,4.3800,219,0,20,1.298756,0.489786,19.3129
1,20,4.4000,220,0,20,1.302987,0.494523,19.3091
1,20,4.4200,221,0,20,1.309043,0.503707,19.3048
1,20,4.4400,222,0,20,1.316075,0.515359,19.3002
1,20,4.4600,223,0,20,1.329528,0.526951,19.2956
1,20,4.4800,224,0,20,1.344526,0.538408,19.2910
1,20,4.5000,225,0,20,1.354026,0.546372,19.2864
1,20,4.5200,226,0,20,1.360924,0.553789,19.2819
1,20,4.5400,227,0,20,1.363703,0.560265,19.2775
1,20,4.5600,228,0,20,1.362835,0.566625,19.2733
1,20,4.5800,229,0,20,1.357560,0.572114,19.2691
1,20,4.6000,230,0,20,1.350273,0.577811,19.2653
1,20,4.6200,231,0,20,1.344175,0.586652,19.2617
1,20,4.6400,232,0,20,1.341084,0.589904,19.2581
1,20,4.6600,233,0,20,1.342863,0.596314,19.2547
1,20,4.6800,234,0,20,1.347732,0.604039,19.2516
1,20,4.7000,235,0,20,1.354471,0.611597,19.2488
1,20,4.7200,236,0,20,1.362707,0.619264,19.2461
1,20,4.7400,237,0,20,1.372728,0.627783,19.2435
1,20,4.7600,238,0,20,1.385367,0.637238,19.2409
1,20,4.7800,239,0,20,1.401388,0.646750,19.2383
1,20,4.8000,240,0,20,1.415483,0.656875,19.2353
1,20,4.8200,241,0,20,1.439762,0.664340,19.2323
1,20,4.8400,242,0,20,1.467530,0.675970,19.2296
1,20,4.8600,243,0,20,1.496245,0.688502,19.2267
1,20,4.8800,244,0,20,1.523334,0.701180,19.2235
1,20,4.9000,245,0,20,1.557219,0.713040,19.2200
1,20,4.9200,246,0,20,1.594778,0.724045,19.2161
1,20,4.9400,247,0,20,1.633215,0.734644,19.2119
1,20,4.9600,248,0,20,1.671234,0.745057,19.2074
1,20,4.9800,249,0,20,1.707007,0.758359,19.2026
1,20,5.0000,250,0,20,1.744210,0.764593,19.1973
1,20,5.0200,251,0,20,1.782085,0.777726,19.1920
1,20,5.0400,252,0,20,1.819788,0.790495,19.1865
1,20,5.0600,253,0,20,1.859385,0.803290,19.1807
1,20,5.0800,254,0,20,1.900622,0.817238,19.1746
1,20,5.1000,255,0,20,1.945044,0.831474,19.1682
1,20,5.1200,256,0,20,1.992316,0.842459,19.1616
1,20,5.1400,257,0,20,2.040242,0.856857,19.1548
1,20,5.1600,258,0,20,2.090195,0.870951,19.1476
1,20,5.1800,259,0,20,2.142712,0.884798,19.1401
1,20,5.2000,260,0,20,2.197523,0.899836,19.1322
1,20,5.2200,261,0,20,2.252812,0.910770,19.1239
1,20,5.2400,262,0,20,2.294897,0.924454,19.1150
1,20,5.2600,263,0,20,2.339521,0.939773,19.1057
1,20,5.2800,264,0,20,2.396016,0.958032,19.0961
1,20,5.3000,265,0,20,2.455478,0.974391,19.0858
1,20,5.3200,266,0,20,2.513466,0.992252,19.0752
1,20,5.3400,267,0,20,2.571586,1.011400,19.0642
1,20,5.3600,268,0,20,2.631150,1.031505,19.0527
1,20,5.3800,269,0,20,2.692264,1.051859,19.0408
1,20,5.4000,270,0,20,2.757370,1.073174,19.0283
1,20,5.4200,271,0,20,2.818795,1.088520,19.0150
1,20,5.4400,272,0,20,2.885525,1.107241,19.0012
1,20,5.4600,273,0,20,2.955982,1.126940,18.9868
1,20,5.4800,274,0,20,3.022212,1.148006,18.9718
1,20,5.5000,275,0,20,3.086851,1.170929,18.9561
1,20,5.5200,276,0,20,3.150666,1.193928,18.9396
1,20,5.5400,277,0,20,3.215316,1.218650,18.9224
1,20,5.5600,278,0,20,3.282805,1.241875,18.9042
1,20,5.5800,279,0,20,3.353011,1.263865,18.8850
1,20,5.6000,280,0,20,3.427022,1.285455,18.8648
1,20,5.6200,281,0,20,3.502093,1.308523,18.8434
1,20,5.6400,282,0,20,3.578793,1.333469,18.8206
1,20,5.6600,283,0,20,3.656603,1.359274,18.7967
1,20,5.6800,284,0,20,3.738913,1.384306,18.7715
1,20,5.7000,285,0,20,3.822073,1.411225,18.7451
1,20,5.7200,286,0,20,3.906883,1.444921,18.7175
1,20,5.7400,287,0,20,3.993660,1.480822,18.6885
1,20,5.7600,288,0,20,4.077911,1.519458,18.6581
1,20,5.7800,289,0,20,4.165314,1.560073,18.6266
1,20,5.8000,290,0,20,4.257998,1.603208,18.5937
1,20,5.8200,291,0,20,4.351148,1.649167,18.5596
1,20,5.8400,292,0,20,4.444773,1.697678,18.5242
1,20,5.8600,293,0,20,4.540519,1.740790,18.4874
1,20,5.8800,294,0,20,4.635313,1.778513,18.4491
1,20,5.9000,295,0,20,4.732721,1.820120,18.4094
1,20,5.9200,296,0,20,4.829724,1.866678,18.3683
1,20,5.9400,297,0,20,4.930516,1.912761,18.3255
1,20,5.9600,298,0,20,5.040473,1.961211,18.2809
1,20,5.9800,299,0,20,5.155191,2.010709,18.2343
1,20,6.0000,300,0,20,5.275791,2.064092,18.1855
1,20,6.0200,301,0,20,5.400665,2.121002,18.1345
1,20,6.0400,302,0,20,5.532536,2.186345,18.0810
1,20,6.0600,303,0,20,5.658027,2.253496,18.0247
1,20,6.0800,304,0,20,5.777470,2.322276,17.9654
1,20,6.1000,305,0,20,5.895857,2.395891,17.9031
1,20,6.1200,306,0,20,6.012790,2.471979,17.8379
1,20,6.1400,307,0,20,6.129313,2.552472,17.7698
1,20,6.1600,308,0,20,6.250256,2.635563,17.6988
1,20,6.1800,309,0,20,6.365299,2.721692,17.6246
1,20,6.2000,310,0,20,6.482978,2.809911,17.5472
1,20,6.2200,311,0,20,6.597889,2.901142,17.4664
1,20,6.2400,312,0,20,6.716292,2.993626,17.3824
1,20,6.2600,313,0,20,6.842130,3.085948,17.2950
1,20,6.2800,314,0,20,6.974251,3.179799,17.2041
1,20,6.3000,315,0,20,7.106676,3.277579,17.1096
1,20,6.3200,316,0,20,7.237675,3.379827,17.0114
1,20,6.3400,317,0,20,7.367518,3.483732,16.9095
1,20,6.3600,318,0,20,7.502598,3.589852,16.8038
1,20,6.3800,319,0,20,7.642224,3.697922,16.6941
1,20,6.4000,320,0,20,7.784292,3.808020,16.5804
1,20,6.4200,321,0,20,7.928670,3.920630,16.4629
1,20,6.4400,322,0,20,8.075233,4.034979,16.3413
1,20,6.4600,323,0,20,8.223866,4.151043,16.2159
1,20,6.4800,324,0,20,8.374457,4.269145,16.0865
1,20,6.5000,325,0,20,8.526904,4.389453,15.9533
1,20,6.5200,326,0,20,8.681108,4.511095,15.8160
1,20,6.5400,327,0,20,8.836977,4.634543,15.6749
1,20,6.5600,328,0,20,8.994426,4.759611,15.5299
1,20,6.5800,329,0,20,9.153371,4.886680,15.3809
1,20,6.6000,330,0,20,9.313737,5.015723,15.2280
1,20,6.6200,331,0,20,9.475451,5.146672,15.0711
1,20,6.6400,332,0,20,9.638447,5.279859,14.9104
1,20,6.6600,333,0,20,9.802659,5.415416,14.7457
1,20,6.6800,334,0,20,9.968029,5.547442,14.5771
1,20,6.7000,335,0,20,10.134500,5.681188,14.4046
1,20,6.7200,336,0,20,10.302010,5.819206,14.2281
1,20,6.7400,337,0,20,10.470530,5.958432,14.0478
1,20,6.7600,338,0,20,10.639990,6.098881,13.8635
1,20,6.7800,339,0,20,10.810350,6.240629,13.6752
1,20,6.8000,340,0,20,10.981580,6.383543,13.4831
1,20,6.8200,341,0,20,11.153630,6.527768,13.2870
1,20,6.8400,342,0,20,11.326470,6.673291,13.0870
1,20,6.8600,343,0,20,11.500060,6.820064,12.8831
1,20,6.8800,344,0,20,11.674360,6.968498,12.6753
1,20,6.9000,345,0,20,11.849340,7.118257,12.4635
1,20,6.9200,346,0,20,12.024990,7.268951,12.2478
1,20,6.9400,347,0,20,12.201250,7.420598,12.0282
1,20,6.9600,348,0,20,12.378120,7.573597,11.8047
1,20,6.9800,349,0,20,12.555570,7.727933,11.5772
1,20,7.0000,350,0,20,12.733560,7.883052,11.3458
1,20,7.0200,351,0,20,12.912080,8.039034,11.1105
1,20,7.0400,352,0,20,13.091110,8.196259,10.8713
1,20,7.0600,353,0,20,13.270620,8.354362,10.6281
1,20,7.0800,354,0,20,13.450600,8.513412,10.3811
1,20,7.1000,355,0,20,13.631020,8.673322,10.1300
1,20,7.1200,356,0,20,13.811880,8.834089,9.8751
1,20,7.1400,357,0,20,13.993150,8.996283,9.6163
1,20,7.1600,358,0,20,14.174820,9.158678,9.3535
1,20,7.1800,359,0,20,14.356870,9.321829,9.0868
1,20,7.2000,360,0,20,14.539280,9.486790,8.8162
1,20,7.2200,361,0,20,14.722060,9.649507,8.5416
1,20,7.2400,362,0,20,14.905170,9.809718,8.2631
1,20,7.2600,363,0,20,15.088610,9.976586,7.9807
1,20,7.2800,364,0,20,15.272370,10.145460,7.6944
1,20,7.3000,365,0,20,15.456440,10.167050,7.4042
1,20,7.3200,366,0,20,15.640800,10.296530,7.1100
1,20,7.3400,367,0,20,15.825450,10.424080,6.8119
1,20,7.3600,368,0,20,16.010370,10.594040,6.5099
1,20,7.3800,369,0,20,16.195550,10.309490,6.2040
1,20,7.4000,370,0,20,16.380990,10.478840,5.8941
1,20,7.4200,371,0,20,16.566690,10.206890,5.5803
1,20,7.4400,372,0,20,16.752610,9.715240,5.2626
1,20,7.4600,373,0,20,16.938780,8.958063,4.9409
1,20,7.4800,374,0,20,17.125160,8.369116,4.6154
1,20,7.5000,375,0,20,17.311760,8.419855,4.2859
1,20,7.5200,376,0,20,17.498580,7.758782,3.9525
1,20,7.5400,377,0,20,17.685590,7.817651,3.6152
1,20,7.5600,378,0,20,17.872800,6.895573,3.2739
1,20,7.5800,379,0,20,18.060200,6.916430,2.9287
1,20,7.6000,380,0,20,18.247790,5.760783,2.5796
1,20,7.6200,381,0,20,18.435560,5.790829,2.2266
1,20,7.6400,382,0,20,18.623500,4.713181,1.8696
1,20,7.6600,383,0,20,18.934350,3.789017,1.7591
1,20,7.6800,384,0,20,19.257720,3.501621,1.7563
1,20,7.7000,385,0,20,19.433920,2.460828,1.7531
1,20,7.7200,386,0,20,19.620410,1.525375,1.7488
1,20,7.7400,387,0,20,2.690210,0.542295,1.7432
1,20,7.7600,388,0,20,2.770102,0.538442,1.7362
1,20,7.7800,389,0,20,2.954180,0.522815,1.7304
1,20,7.8000,390,1,19,3.139726,0.504273,1.7222
1,20,7.8200,391,1,19,3.326495,0.485246,1.7111
1,20,7.8400,392,1,19,1.971778,0.405997,1.6971
1,20,7.8600,393,1,19,1.623643,0.368485,1.6944
1,20,7.8800,394,1,19,1.545405,0.332142,1.6972
1,20,7.9000,395,1,19,1.608508,0.331874,1.7013
1,20,7.9200,396,1,19,1.689409,0.305955,1.7051
1,20,7.9400,397,2,18,1.545114,0.263635,1.7081
1,20,7.9600,398,3,17,0.968592,0.187502,1.7105
1,20,7.9800,399,5,15,0.860193,0.147361,1.7124
1,20,8.0000,400,7,13,0.917320,0.147440,1.7137
1,20,8.0200,401,9,11,0.862750,0.136792,1.7146
1,20,8.0400,402,9,11,0.944104,0.084942,1.7151
1,20,8.0600,403,9,11,1.040263,0.088574,1.7152
1,20,8.0800,404,11,9,0.965277,0.077591,1.7148
1,20,8.1000,405,11,9,0.603648,0.052640,1.7140
1,20,8.1200,406,11,9,0.260640,0.036595,1.7128
1,20,8.1400,407,11,9,0.338185,0.043102,1.7112
1,20,8.1600,408,11,9,0.417749,0.053967,1.7092
1,20,8.1800,409,11,9,0.498888,0.067076,1.7067
1,20,8.2000,410,13,7,0.581498,0.074941,1.7037
1,20,8.2200,411,13,7,0.665389,0.081025,1.7004
1,20,8.2400,412,13,7,0.753040,0.068919,1.6995
1,20,8.2600,413,13,7,0.846442,0.066419,1.6992
1,20,8.2800,414,13,7,0.544226,0.046445,1.6996
1,20,8.3000,415,13,7,0.291432,0.029126,1.6998
1,20,8.3200,416,13,7,0.202704,0.021601,1.6995
1,20,8.3400,417,13,7,0.222600,0.017010,1.6986
1,20,8.3600,418,13,7,0.274107,0.018171,1.6971
1,20,8.3800,419,13,7,0.343950,0.028104,1.6952
1,20,8.4000,420,13,7,0.371079,0.034014,1.6937
1,20,8.4200,421,13,7,0.363275,0.035625,1.6921
1,20,8.4400,422,13,7,0.370020,0.026071,1.6906
1,20,8.4600,423,13,7,0.395104,0.021805,1.6889
1,20,8.4800,424,13,7,0.428858,0.023919,1.6869
1,20,8.5000,425,13,7,0.462471,0.024899,1.6846
1,20,8.5200,426,14,6,0.497625,0.025885,1.6821
1,20,8.5400,427,15,5,0.535990,0.027560,1.6791
1,20,8.5600,428,15,5,0.577561,0.029707,1.6758
1,20,8.5800,429,15,5,0.621350,0.031940,1.6719
1,20,8.6000,430,15,5,0.667509,0.034252,1.6676
1,20,8.6200,431,15,5,0.716568,0.036725,1.6626
1,20,8.6400,432,15,5,0.768048,0.039321,1.6571
1,20,8.6600,433,15,5,0.822706,0.042046,1.6507
1,20,8.6800,434,15,5,0.880253,0.044944,1.6436
1,20,8.7000,435,15,5,0.941543,0.048001,1.6355
1,20,8.7200,436,15,5,1.005841,0.051236,1.6264
1,20,8.7400,437,15,5,1.074496,0.054655,1.6160
1,20,8.7600,438,15,5,1.146278,0.058258,1.6044
1,20,8.7800,439,15,5,1.222712,0.062056,1.5912
1,20,8.8000,440,18,2,1.302738,0.065570,1.5765
1,20,8.8200,441,18,2,1.388340,0.069812,1.5600
1,20,8.8400,442,18,2,1.477337,0.074244,1.5414
1,20,8.8600,443,18,2,1.573022,0.078969,1.5207
1,20,8.8800,444,17,3,1.455712,0.073102,1.5039
1,20,8.9000,445,17,3,0.560915,0.036223,1.5035
1,20,8.9200,446,17,3,0.444723,0.028683,1.5097
1,20,8.9400,447,17,3,0.326614,0.020703,1.5143
1,20,8.9600,448,18,2,0.209087,0.012802,1.5171
1,20,8.9800,449,17,3,0.092088,0.005007,1.5186
1,20,9.0000,450,17,3,0.031307,0.003131,1.5187
1,20,9.0200,451,17,3,0.145142,0.010807,1.5176
1,20,9.0400,452,17,3,0.262358,0.018668,1.5152
1,20,9.0600,453,17,3,0.380161,0.026582,1.5117
1,20,9.0800,454,17,3,0.436023,0.024615,1.5074
1,20,9.1000,455,17,3,0.447746,0.023309,1.5015
1,20,9.1200,456,17,3,0.128102,0.006924,1.5004
1,20,9.1400,457,17,3,0.013392,0.001539,1.5002
1,20,9.1600,458,17,3,0.023478,0.002259,1.5001
1,20,9.1800,459,17,3,0.018439,0.001616,1.5000
1,20,9.2000,460,17,3,0.006303,0.000651,1.5000
1,20,9.2200,461,17,3,0.002675,0.000299,1.5000
1,20,9.2400,462,17,3,0.001764,0.000221,1.5000
1,20,9.2600,463,17,3,0.001635,0.000214,1.5000
1,20,9.2800,464,17,3,0.001644,0.000213,1.5000
1,20,9.3000,465,17,3,0.001656,0.000212,1.5000
1,20,9.3200,466,17,3,0.001677,0.000212,1.5000
1,20,9.3400,467,17,3,0.001680,0.000213,1.5000
1,20,9.3600,468,17,3,0.001683,0.000213,1.5000
1,20,9.3800,469,17,3,0.001682,0.000213,1.5000
1,20,9.4000,470,20,0,0.000000,0.000000,1.5000
2,20,0.0200,1,0,20,0.000000,0.000000,19.5000
2,20,0.0400,2,0,20,0.188734,0.129249,19.4961
2,20,0.0600,3,0,20,0.335161,0.219086,19.4888
2,20,0.0800,4,0,20,0.424196,0.272648,19.4794
2,20,0.1000,5,0,20,0.459094,0.293311,19.4692
2,20,0.1200,6,0,20,0.448865,0.286089,19.4593
2,20,0.1400,7,0,20,0.404470,0.257268,19.4504
2,20,0.1600,8,0,20,0.337580,0.213731,19.4431
2,20,0.1800,9,0,20,0.259712,0.162334,19.4377
2,20,0.2000,10,0,20,0.182790,0.109477,19.4342
2,20,0.2200,11,0,20,0.121001,0.061551,19.4325
2,20,0.2400,12,0,20,0.095096,0.029407,19.4324
2,20,0.2600,13,0,20,0.108899,0.041621,19.4336
2,20,0.2800,14,0,20,0.133976,0.063501,19.4357
2,20,0.3000,15,0,20,0.153027,0.078274,19.4383
2,20,0.3200,16,0,20,0.161835,0.084727,19.4412
2,20,0.3400,17,0,20,0.161058,0.083874,19.4440
2,20,0.3600,18,0,20,0.153204,0.077497,19.4465
2,20,0.3800,19,0,20,0.141624,0.067744,19.4486
2,20,0.4000,20,0,20,0.129925,0.056905,19.4502
2,20,0.4200,21,0,20,0.121301,0.047275,19.4512
2,20,0.4400,22,0,20,0.117435,0.040879,19.4517
2,20,0.4600,23,0,20,0.118190,0.039933,19.4518
2,20,0.4800,24,0,20,0.121958,0.043424,19.4515
2,20,0.5000,25,0,20,0.126802,0.047444,19.4509
2,20,0.5200,26,0,20,0.131360,0.050536,19.4502
2,20,0.5400,27,0,20,0.135024,0.052255,19.4494
2,20,0.5600,28,0,20,0.137664,0.052649,19.4487
2,20,0.5800,29,0,20,0.139560,0.052037,19.4480
2,20,0.6000,30,0,20,0.141044,0.050836,19.4474
2,20,0.6200,31,0,20,0.142436,0.049469,19.4469
2,20,0.6400,32,0,20,0.143940,0.048281,19.4466
2,20,0.6600,33,0,20,0.145609,0.047524,19.4465
2,20,0.6800,34,0,20,0.147432,0.047294,19.4465
2,20,0.7000,35,0,20,0.149315,0.047561,19.4465
2,20,0.7200,36,0,20,0.151095,0.048260,19.4467
2,20,0.7400,37,0,20,0.152801,0.049226,19.4469
2,20,0.7600,38,0,20,0.154370,0.050239,19.4471
2,20,0.7800,39,0,20,0.155821,0.051293,19.4473
2,20,0.8000,40,0,20,0.157141,0.052467,19.4475
2,20,0.8200,41,0,20,0.158359,0.053768,19.4477
2,20,0.8400,42,0,20,0.159550,0.055181,19.4478
2,20,0.8600,43,0,20,0.160731,0.056729,19.4478
2,20,0.8800,44,0,20,0.161898,0.058452,19.4479
2,20,0.9000,45,0,20,0.163098,0.060313,19.4479
2,20,0.9200,46,0,20,0.164338,0.062255,19.4478
2,20,0.9400,47,0,20,0.165558,0.064244,19.4478
2,20,0.9600,48,0,20,0.166841,0.066259,19.4477
2,20,0.9800,49,0,20,0.168093,0.068299,19.4477
2,20,1.0000,50,0,20,0.169361,0.070359,19.4476
2,20,1.0200,51,0,20,0.170643,0.072431,19.4475
2,20,1.0400,52,0,20,0.171953,0.074514,19.4474
2,20,1.0600,53,0,20,0.173309,0.076608,19.4474
2,20,1.0800,54,0,20,0.174719,0.078705,19.4474
2,20,1.1000,55,0,20,0.176188,0.080806,19.4473
2,20,1.1200,56,0,20,0.177741,0.082907,19.4473
2,20,1.1400,57,0,20,0.179376,0.085003,19.4473
2,20,1.1600,58,0,20,0.181062,0.087093,19.4473
2,20,1.1800,59,0,20,0.182881,0.089193,19.4473
2,20,1.2000,60,0,20,0.184795,0.091286,19.4473
2,20,1.2200,61,0,20,0.186807,0.093358,19.4473
2,20,1.2400,62,0,20,0.188937,0.095391,19.4473
2,20,1.2600,63,0,20,0.191191,0.097426,19.4473
2,20,1.2800,64,0,20,0.193545,0.099459,19.4473
2,20,1.3000,65,0,20,0.196037,0.101429,19.4472
2,20,1.3200,66,0,20,0.198670,0.103371,19.4472
2,20,1.3400,67,0,20,0.201399,0.105296,19.4472
2,20,1.3600,68,0,20,0.204273,0.107198,19.4472
2,20,1.3800,69,0,20,0.207278,0.109072,19.4471
2,20,1.4000,70,0,20,0.210373,0.110916,19.4471
2,20,1.4200,71,0,20,0.213620,0.112731,19.4471
2,20,1.4400,72,0,20,0.216994,0.114525,19.4470
2,20,1.4600,73,0,20,0.220484,0.116286,19.4470
2,20,1.4800,74,0,20,0.224092,0.118022,19.4469
2,20,1.5000,75,0,20,0.227838,0.119733,19.4469
2,20,1.5200,76,0,20,0.231684,0.121421,19.4469
2,20,1.5400,77,0,20,0.235652,0.123081,19.4468
2,20,1.5600,78,0,20,0.239779,0.124716,19.4468
2,20,1.5800,79,0,20,0.243980,0.126325,19.4467
2,20,1.6000,80,0,20,0.248286,0.127911,19.4467
2,20,1.6200,81,0,20,0.252745,0.129475,19.4466
2,20,1.6400,82,0,20,0.257293,0.131017,19.4466
2,20,1.6600,83,0,20,0.261981,0.132541,19.4465
2,20,1.6800,84,0,20,0.266758,0.134045,19.4465
2,20,1.7000,85,0,20,0.271695,0.135532,19.4464
2,20,1.7200,86,0,20,0.276679,0.137007,19.4464
2,20,1.7400,87,0,20,0.281725,0.138469,19.4463
2,20,1.7600,88,0,20,0.286844,0.139920,19.4462
2,20,1.7800,89,0,20,0.292057,0.141361,19.4461
2,20,1.8000,90,0,20,0.297353,0.142792,19.4461
2,20,1.8200,91,0,20,0.302714,0.144216,19.4460
2,20,1.8400,92,0,20,0.308143,0.145635,19.4459
2,20,1.8600,93,0,20,0.313647,0.147051,19.4458
2,20,1.8800,94,0,20,0.319205,0.148463,19.4457
2,20,1.9000,95,0,20,0.324816,0.149876,19.4456
2,20,1.9200,96,0,20,0.330470,0.151288,19.4455
2,20,1.9400,97,0,20,0.336187,0.152705,19.4454
2,20,1.9600,98,0,20,0.341944,0.154125,19.4453
2,20,1.9800,99,0,20,0.347714,0.155554,19.4452
2,20,2.0000,100,0,20,0.353507,0.156988,19.4451
2,20,2.0200,101,0,20,0.359316,0.158433,19.4449
2,20,2.0400,102,0,20,0.365240,0.159889,19.4448
2,20,2.0600,103,0,20,0.363350,0.161385,19.4444
2,20,2.0800,104,0,20,0.370672,0.162895,19.4441
2,20,2.1000,105,0,20,0.377423,0.164464,19.4439
2,20,2.1200,106,0,20,0.382478,0.166088,19.4435
2,20,2.1400,107,0,20,0.389067,0.167725,19.4433
2,20,2.1600,108,0,20,0.395987,0.169408,19.4429
2,20,2.1800,109,0,20,0.402956,0.171128,19.4426
2,20,2.2000,110,0,20,0.407214,0.172940,19.4423
2,20,2.2200,111,0,20,0.410598,0.174848,19.4419
2,20,2.2400,112,0,20,0.413519,0.176831,19.4415
2,20,2.2600,113,0,20,0.417460,0.178842,19.4410
2,20,2.2800,114,0,20,0.423006,0.180941,19.4406
2,20,2.3000,115,0,20,0.429295,0.182967,19.4401
2,20,2.3200,116,0,20,0.436297,0.184909,19.4397
2,20,2.3400,117,0,20,0.443753,0.186776,19.4392
2,20,2.3600,118,0,20,0.451310,0.188594,19.4388
2,20,2.3800,119,0,20,0.459186,0.190489,19.4385
2,20,2.4000,120,0,20,0.466683,0.192257,19.4381
2,20,2.4200,121,0,20,0.474004,0.193975,19.4376
2,20,2.4400,122,0,20,0.481201,0.195678,19.4372
2,20,2.4600,123,0,20,0.488271,0.197400,19.4369
2,20,2.4800,124,0,20,0.495167,0.199162,19.4365
2,20,2.5000,125,0,20,0.502215,0.200847,19.4362
2,20,2.5200,126,0,20,0.508966,0.202550,19.4358
2,20,2.5400,127,0,20,0.515502,0.204367,19.4354
2,20,2.5600,128,0,20,0.522115,0.206279,19.4350
2,20,2.5800,129,0,20,0.528774,0.208251,19.4346
2,20,2.6000,130,0,20,0.535563,0.210289,19.4342
2,20,2.6200,131,0,20,0.542129,0.212375,19.4337
2,20,2.6400,132,0,20,0.548454,0.214497,19.4332
2,20,2.6600,133,0,20,0.554726,0.216627,19.4326
2,20,2.6800,134,0,20,0.560963,0.218762,19.4320
2,20,2.7000,135,0,20,0.567219,0.220908,19.4315
2,20,2.7200,136,0,20,0.573488,0.223080,19.4309
2,20,2.7400,137,0,20,0.579904,0.225469,19.4304
2,20,2.7600,138,0,20,0.586246,0.227912,19.4298
2,20,2.7800,139,0,20,0.592470,0.230315,19.4291
2,20,2.8000,140,0,20,0.598696,0.232742,19.4284
2,20,2.8200,141,0,20,0.604982,0.235146,19.4277
2,20,2.8400,142,0,20,0.611338,0.237540,19.4271
2,20,2.8600,143,0,20,0.621544,0.239939,19.4264
2,20,2.8800,144,0,20,0.630422,0.242327,19.4257
2,20,2.9000,145,0,20,0.638551,0.244846,19.4251
2,20,2.9200,146,0,20,0.652503,0.247361,19.4245
2,20,2.9400,147,0,20,0.662940,0.249957,19.4239
2,20,2.9600,148,0,20,0.674403,0.252535,19.4232
2,20,2.9800,149,0,20,0.686820,0.254860,19.4225
2,20,3.0000,150,0,20,0.699055,0.257220,19.4218
2,20,3.0200,151,0,20,0.709600,0.259679,19.4211
2,20,3.0400,152,0,20,0.718747,0.262372,19.4204
2,20,3.0600,153,0,20,0.726778,0.265243,19.4196
2,20,3.0800,154,0,20,0.733974,0.268299,19.4188
2,20,3.1000,155,0,20,0.740632,0.271519,19.4180
2,20,3.1200,156,0,20,0.746875,0.274813,19.4172
2,20,3.1400,157,0,20,0.752771,0.278139,19.4163
2,20,3.1600,158,0,20,0.758791,0.281390,19.4154
2,20,3.1800,159,0,20,0.764264,0.284578,19.4146
2,20,3.2000,160,0,20,0.769565,0.287798,19.4137
2,20,3.2200,161,0,20,0.774680,0.290980,19.4129
2,20,3.2400,162,0,20,0.779605,0.294090,19.4120
2,20,3.2600,163,0,20,0.784130,0.297131,19.4111
2,20,3.2800,164,0,20,0.788400,0.300046,19.4100
2,20,3.3000,165,0,20,0.792609,0.302949,19.4089
2,20,3.3200,166,0,20,0.796785,0.306005,19.4076
2,20,3.3400,167,0,20,0.801260,0.309891,19.4062
2,20,3.3600,168,0,20,0.804670,0.313586,19.4048
2,20,3.3800,169,0,20,0.808838,0.317293,19.4033
2,20,3.4000,170,0,20,0.813701,0.321080,19.4017
2,20,3.4200,171,0,20,0.815824,0.325030,19.4003
2,20,3.4400,172,0,20,0.817516,0.329051,19.3989
2,20,3.4600,173,0,20,0.819617,0.333485,19.3976
2,20,3.4800,174,0,20,0.822173,0.337276,19.3964
2,20,3.5000,175,0,20,0.824658,0.341666,19.3953
2,20,3.5200,176,0,20,0.827924,0.346326,19.3943
2,20,3.5400,177,0,20,0.832355,0.351069,19.3933
2,20,3.5600,178,0,20,0.837786,0.355825,19.3924
2,20,3.5800,179,0,20,0.843952,0.360559,19.3915
2,20,3.6000,180,0,20,0.850573,0.365202,19.3905
2,20,3.6200,181,0,20,0.857399,0.369752,19.3895
2,20,3.6400,182,0,20,0.864269,0.374182,19.3885
2,20,3.6600,183,0,20,0.871044,0.378488,19.3874
2,20,3.6800,184,0,20,0.877722,0.382664,19.3862
2,20,3.7000,185,0,20,0.884283,0.386696,19.3850
2,20,3.7200,186,0,20,0.890751,0.390570,19.3837
2,20,3.7400,187,0,20,0.897195,0.394272,19.3823
2,20,3.7600,188,0,20,0.904205,0.397917,19.3809
2,20,3.7800,189,0,20,0.909478,0.400972,19.3796
2,20,3.8000,190,0,20,0.914491,0.403996,19.3783
2,20,3.8200,191,0,20,0.920558,0.406915,19.3768
2,20,3.8400,192,0,20,0.929869,0.409131,19.3753
2,20,3.8600,193,0,20,0.934418,0.411484,19.3737
2,20,3.8800,194,0,20,0.938774,0.414406,19.3721
2,20,3.9000,195,0,20,0.946206,0.417512,19.3704
2,20,3.9200,196,0,20,0.955996,0.420920,19.3687
2,20,3.9400,197,0,20,0.964927,0.424464,19.3669
2,20,3.9600,198,0,20,0.973126,0.427601,19.3651
2,20,3.9800,199,0,20,0.981171,0.430625,19.3633
2,20,4.0000,200,0,20,0.989305,0.433768,19.3615
2,20,4.0200,201,0,20,0.997449,0.436991,19.3597
2,20,4.0400,202,0,20,1.005405,0.440278,19.3579
2,20,4.0600,203,0,20,1.012804,0.443523,19.3561
2,20,4.0800,204,0,20,1.021245,0.446825,19.3542
2,20,4.1000,205,0,20,1.029393,0.447405,19.3526
2,20,4.1200,206,0,20,1.037024,0.448908,19.3513
2,20,4.1400,207,0,20,1.039704,0.452719,19.3503
2,20,4.1600,208,0,20,1.040926,0.458216,19.3494
2,20,4.1800,209,0,20,1.042748,0.464383,19.3485
2,20,4.2000,210,0,20,1.045699,0.469799,19.3475
2,20,4.2200,211,0,20,1.050193,0.474766,19.3463
2,20,4.2400,212,0,20,1.056645,0.480018,19.3449
2,20,4.2600,213,0,20,1.063420,0.485662,19.3434
2,20,4.2800,214,0,20,1.076423,0.491843,19.3416
2,20,4.3000,215,0,20,1.090675,0.498107,19.3396
2,20,4.3200,216,0,20,1.107515,0.504084,19.3374
2,20,4.3400,217,0,20,1.124224,0.510059,19.3349
2,20,4.3600,218,0,20,1.140921,0.515936,19.3322
2,20,4.3800,219,0,20,1.157715,0.521857,19.3294
2,20,4.4000,220,0,20,1.174571,0.527906,19.3265
2,20,4.4200,221,0,20,1.191440,0.534082,19.3234
2,20,4.4400,222,0,20,1.208263,0.540445,19.3202
2,20,4.4600,223,0,20,1.224936,0.546729,19.3170
2,20,4.4800,224,0,20,1.241576,0.553302,19.3136
2,20,4.5000,225,0,20,1.258067,0.559978,19.3103
2,20,4.5200,226,0,20,1.274424,0.566779,19.3069
2,20,4.5400,227,0,20,1.290613,0.573756,19.3035
2,20,4.5600,228,0,20,1.306696,0.580894,19.3001
2,20,4.5800,229,0,20,1.322697,0.588212,19.2966
2,20,4.6000,230,0,20,1.338648,0.595757,19.2932
2,20,4.6200,231,0,20,1.354648,0.603313,19.2897
2,20,4.6400,232,0,20,1.370636,0.611034,19.2862
2,20,4.6600,233,0,20,1.386601,0.618893,19.2826
2,20,4.6800,234,0,20,1.402722,0.625266,19.2790
2,20,4.7000,235,0,20,1.419467,0.631508,19.2754
2,20,4.7200,236,0,20,1.435649,0.637994,19.2719
2,20,4.7400,237,0,20,1.449917,0.644707,19.2685
2,20,4.7600,238,0,20,1.460158,0.652176,19.2650
2,20,4.7800,239,0,20,1.471701,0.659985,19.2613
2,20,4.8000,240,0,20,1.481275,0.668382,19.2575
2,20,4.8200,241,0,20,1.496745,0.676598,19.2535
2,20,4.8400,242,0,20,1.514366,0.685442,19.2494
2,20,4.8600,243,0,20,1.532321,0.694903,19.2452
2,20,4.8800,244,0,20,1.551107,0.704823,19.2409
2,20,4.9000,245,0,20,1.570808,0.715099,19.2365
2,20,4.9200,246,0,20,1.591410,0.725669,19.2319
2,20,4.9400,247,0,20,1.612907,0.736540,19.2271
2,20,4.9600,248,0,20,1.630746,0.749253,19.2221
2,20,4.9800,249,0,20,1.648885,0.759758,19.2167
2,20,5.0000,250,0,20,1.670996,0.770420,19.2114
2,20,5.0200,251,0,20,1.696957,0.781435,19.2062
2,20,5.0400,252,0,20,1.726977,0.791772,19.2012
2,20,5.0600,253,0,20,1.760193,0.802777,19.1960
2,20,5.0800,254,0,20,1.790189,0.812945,19.1907
2,20,5.1000,255,0,20,1.818226,0.824007,19.1853
2,20,5.1200,256,0,20,1.845665,0.836052,19.1798
2,20,5.1400,257,0,20,1.874432,0.847449,19.1742
2,20,5.1600,258,0,20,1.903488,0.859665,19.1686
2,20,5.1800,259,0,20,1.932483,0.872783,19.1630
2,20,5.2000,260,0,20,1.963370,0.886850,19.1571
2,20,5.2200,261,0,20,1.998374,0.901460,19.1510
2,20,5.2400,262,0,20,2.024602,0.916213,19.1445
2,20,5.2600,263,0,20,2.060312,0.927348,19.1376
2,20,5.2800,264,0,20,2.100731,0.941650,19.1304
2,20,5.3000,265,0,20,2.145155,0.955655,19.1227
2,20,5.3200,266,0,20,2.188179,0.972890,19.1146
2,20,5.3400,267,0,20,2.228263,0.982507,19.1060
2,20,5.3600,268,0,20,2.269250,0.998242,19.0969
2,20,5.3800,269,0,20,2.307981,1.017112,19.0875
2,20,5.4000,270,0,20,2.348157,1.033104,19.0776
2,20,5.4200,271,0,20,2.385852,1.051959,19.0675
2,20,5.4400,272,0,20,2.420929,1.071257,19.0575
2,20,5.4600,273,0,20,2.453142,1.094491,19.0474
2,20,5.4800,274,0,20,2.488005,1.115110,19.0369
2,20,5.5000,275,0,20,2.523825,1.138594,19.0263
2,20,5.5200,276,0,20,2.559019,1.161959,19.0156
2,20,5.5400,277,0,20,2.593832,1.186146,19.0048
2,20,5.5600,278,0,20,2.629092,1.210527,18.9940
2,20,5.5800,279,0,20,2.665563,1.235872,18.9830
2,20,5.6000,280,0,20,2.703638,1.259259,18.9718
2,20,5.6200,281,0,20,2.740406,1.282736,18.9603
2,20,5.6400,282,0,20,2.781206,1.306802,18.9486
2,20,5.6600,283,0,20,2.822344,1.330108,18.9365
2,20,5.6800,284,0,20,2.867576,1.353428,18.9242
2,20,5.7000,285,0,20,2.915971,1.377114,18.9116
2,20,5.7200,286,0,20,2.966138,1.400395,18.8987
2,20,5.7400,287,0,20,3.016998,1.423658,18.8852
2,20,5.7600,288,0,20,3.068951,1.446977,18.8714
2,20,5.7800,289,0,20,3.119816,1.470929,18.8573
2,20,5.8000,290,0,20,3.171217,1.499265,18.8425
2,20,5.8200,291,0,20,3.227878,1.527755,18.8271
2,20,5.8400,292,0,20,3.288046,1.557036,18.8112
2,20,5.8600,293,0,20,3.350224,1.585717,18.7945
2,20,5.8800,294,0,20,3.414450,1.615126,18.7772
2,20,5.9000,295,0,20,3.480424,1.645949,18.7591
2,20,5.9200,296,0,20,3.548036,1.676136,18.7402
2,20,5.9400,297,0,20,3.615311,1.707603,18.7207
2,20,5.9600,298,0,20,3.682209,1.739876,18.7004
2,20,5.9800,299,0,20,3.750157,1.772891,18.6792
2,20,6.0000,300,0,20,3.819889,1.806255,18.6571
2,20,6.0200,301,0,20,3.889589,1.840243,18.6341
2,20,6.0400,302,0,20,3.961715,1.874130,18.6102
2,20,6.0600,303,0,20,4.035017,1.907877,18.5854
2,20,6.0800,304,0,20,4.103903,1.940734,18.5598
2,20,6.1000,305,0,20,4.172700,1.975059,18.5333
2,20,6.1200,306,0,20,4.245018,2.010818,18.5059
2,20,6.1400,307,0,20,4.322484,2.047403,18.4775
2,20,6.1600,308,0,20,4.403549,2.084409,18.4480
2,20,6.1800,309,0,20,4.486873,2.122070,18.4175
2,20,6.2000,310,0,20,4.571681,2.161218,18.3858
2,20,6.2200,311,0,20,4.664840,2.200470,18.3529
2,20,6.2400,312,0,20,4.757255,2.241227,18.3188
2,20,6.2600,313,0,20,4.851926,2.283047,18.2834
2,20,6.2800,314,0,20,4.948681,2.326486,18.2466
2,20,6.3000,315,0,20,5.049681,2.370013,18.2085
2,20,6.3200,316,0,20,5.153144,2.414453,18.1690
2,20,6.3400,317,0,20,5.253826,2.460805,18.1281
2,20,6.3600,318,0,20,5.356924,2.505568,18.0857
2,20,6.3800,319,0,20,5.461872,2.550266,18.0418
2,20,6.4000,320,0,20,5.569973,2.595774,17.9964
2,20,6.4200,321,0,20,5.681844,2.643380,17.9493
2,20,6.4400,322,0,20,5.795918,2.689963,17.9004
2,20,6.4600,323,0,20,5.912263,2.739684,17.8496
2,20,6.4800,324,0,20,6.031235,2.791036,17.7969
2,20,6.5000,325,0,20,6.153469,2.844665,17.7420
2,20,6.5200,326,0,20,6.283850,2.898812,17.6846
2,20,6.5400,327,0,20,6.416284,2.956665,17.6249
2,20,6.5600,328,0,20,6.548079,3.013702,17.5629
2,20,6.5800,329,0,20,6.678361,3.071073,17.4988
2,20,6.6000,330,0,20,6.802491,3.126224,17.4325
2,20,6.6200,331,0,20,6.926331,3.183465,17.3640
2,20,6.6400,332,0,20,7.051953,3.242443,17.2933
2,20,6.6600,333,0,20,7.179564,3.304494,17.2204
2,20,6.6800,334,0,20,7.307294,3.364937,17.1451
2,20,6.7000,335,0,20,7.435368,3.426810,17.0674
2,20,6.7200,336,0,20,7.563452,3.490693,16.9874
2,20,6.7400,337,0,20,7.691139,3.555229,16.9049
2,20,6.7600,338,0,20,7.823390,3.620740,16.8199
2,20,6.7800,339,0,20,7.953947,3.690143,16.7322
2,20,6.8000,340,0,20,8.081353,3.760246,16.6418
2,20,6.8200,341,0,20,8.205980,3.830629,16.5487
2,20,6.8400,342,0,20,8.333661,3.903430,16.4530
2,20,6.8600,343,0,20,8.458126,3.978378,16.3543
2,20,6.8800,344,0,20,8.584238,4.056268,16.2527
2,20,6.9000,345,0,20,8.712473,4.133658,16.1481
2,20,6.9200,346,0,20,8.845438,4.215657,16.0403
2,20,6.9400,347,0,20,8.978627,4.301675,15.9291
2,20,6.9600,348,0,20,9.112452,4.389340,15.8145
2,20,6.9800,349,0,20,9.246506,4.477290,15.6964
2,20,7.0000,350,0,20,9.376070,4.567807,15.5748
2,20,7.0200,351,0,20,9.498458,4.660594,15.4497
2,20,7.0400,352,0,20,9.619986,4.754615,15.3212
2,20,7.0600,353,0,20,9.744294,4.851823,15.1892
2,20,7.0800,354,0,20,9.873274,4.951858,15.0534
2,20,7.1000,355,0,20,10.006350,5.054128,14.9139
2,20,7.1200,356,0,20,10.143350,5.158060,14.7705
2,20,7.1400,357,0,20,10.283060,5.264959,14.6232
2,20,7.1600,358,0,20,10.424600,5.373337,14.4719
2,20,7.1800,359,0,20,10.567880,5.485229,14.3166
2,20,7.2000,360,0,20,10.712840,5.598980,14.1574
2,20,7.2200,361,0,20,10.859410,5.716596,13.9943
2,20,7.2400,362,0,20,11.007530,5.836186,13.8273
2,20,7.2600,363,0,20,11.157120,5.958774,13.6563
2,20,7.2800,364,0,20,11.308150,6.084584,13.4814
2,20,7.3000,365,0,20,11.460540,6.212493,13.3026
2,20,7.3200,366,0,20,11.614250,6.342396,13.1199
2,20,7.3400,367,0,20,11.769220,6.475551,12.9332
2,20,7.3600,368,0,20,11.925410,6.610376,12.7426
2,20,7.3800,369,0,20,12.082760,6.746695,12.5481
2,20,7.4000,370,0,20,12.241230,6.885758,12.3497
2,20,7.4200,371,0,20,12.400790,7.027303,12.1474
2,20,7.4400,372,0,20,12.561380,7.171333,11.9411
2,20,7.4600,373,0,20,12.722970,7.317561,11.7309
2,20,7.4800,374,0,20,12.885520,7.457883,11.5167
2,20,7.5000,375,0,20,13.049000,7.596832,11.2987
2,20,7.5200,376,0,20,13.213360,7.735724,11.0767
2,20,7.5400,377,0,20,13.378590,7.876400,10.8508
2,20,7.5600,378,0,20,13.544640,8.019433,10.6210
2,20,7.5800,379,0,20,13.711490,8.163980,10.3872
2,20,7.6000,380,0,20,13.879110,8.310513,10.1496
2,20,7.6200,381,0,20,14.047460,8.458499,9.9080
2,20,7.6400,382,0,20,14.216530,8.608093,9.6625
2,20,7.6600,383,0,20,14.386290,8.758867,9.4130
2,20,7.6800,384,0,20,14.556720,8.910600,9.1596
2,20,7.7000,385,0,20,14.727780,9.063025,8.9024
2,20,7.7200,386,0,20,14.899470,9.216298,8.6411
2,20,7.7400,387,0,20,15.071750,9.370686,8.3760
2,20,7.7600,388,0,20,15.244610,9.526273,8.1069
2,20,7.7800,389,0,20,15.418030,9.683058,7.8340
2,20,7.8000,390,0,20,15.591990,9.840532,7.5570
2,20,7.8200,391,0,20,15.766480,9.998641,7.2762
2,20,7.8400,392,0,20,15.941460,10.157420,6.9914
2,20,7.8600,393,0,20,16.116940,10.316750,6.7028
2,20,7.8800,394,0,20,16.292890,10.477180,6.4102
2,20,7.9000,395,0,20,16.469300,10.638330,6.1136
2,20,7.9200,396,0,20,16.646140,10.799890,5.8132
2,20,7.9400,397,0,20,16.823420,10.961720,5.5088
2,20,7.9600,398,0,20,17.001120,11.123890,5.2005
2,20,7.9800,399,0,20,17.179220,9.660524,4.8883
2,20,8.0000,400,0,20,17.357700,8.908499,4.5721
2,20,8.0200,401,0,20,17.536570,8.100692,4.2520
2,20,8.0400,402,0,20,17.715800,7.449323,3.9280
2,20,8.0600,403,0,20,17.895390,6.930074,3.6001
2,20,8.0800,404,0,20,18.075320,6.721313,3.2683
2,20,8.1000,405,0,20,18.255590,6.293113,2.9325
2,20,8.1200,406,0,20,18.504810,5.762795,2.5928
2,20,8.1400,407,0,20,18.617100,5.051084,2.5134
2,20,8.1600,408,0,20,20.611940,4.267315,2.5129
2,20,8.1800,409,0,20,20.291340,4.158834,2.5132
2,20,8.2000,410,0,20,19.928160,3.354518,2.5134
2,20,8.2200,411,0,20,20.104390,2.414634,2.5136
2,20,8.2400,412,0,20,20.278370,2.397484,2.5140
2,20,8.2600,413,0,20,2.198568,0.475921,2.5138
2,20,8.2800,414,0,20,1.765882,0.425137,2.5131
2,20,8.3000,415,1,19,1.638165,0.383613,2.5125
2,20,8.3200,416,1,19,1.516796,0.351184,2.5121
2,20,8.3400,417,1,19,1.395895,0.313096,2.5120
2,20,8.3600,418,1,19,1.283712,0.282352,2.5130
2,20,8.3800,419,2,18,1.172064,0.266009,2.5136
2,20,8.4000,420,2,18,1.071938,0.244426,2.5140
2,20,8.4200,421,2,18,1.012156,0.220520,2.5144
2,20,8.4400,422,2,18,0.944435,0.208134,2.5148
2,20,8.4600,423,2,18,0.908206,0.207893,2.5151
2,20,8.4800,424,3,17,0.993337,0.206191,2.5153
2,20,8.5000,425,3,17,1.144088,0.214613,2.5154
2,20,8.5200,426,3,17,1.301563,0.215721,2.5155
2,20,8.5400,427,3,17,1.445381,0.226432,2.5156
2,20,8.5600,428,4,16,1.604617,0.230660,2.5156
2,20,8.5800,429,4,16,1.790987,0.199615,2.5156
2,20,8.6000,430,5,15,1.979354,0.207851,2.5156
2,20,8.6200,431,5,15,2.185164,0.222296,2.5156
2,20,8.6400,432,6,14,1.813899,0.212930,2.5156
2,20,8.6600,433,6,14,1.636067,0.216078,2.5155
2,20,8.6800,434,6,14,1.808777,0.240246,2.5155
2,20,8.7000,435,6,14,1.983042,0.219215,2.5155
2,20,8.7200,436,7,13,1.543763,0.193726,2.5155
2,20,8.7400,437,7,13,0.723310,0.103479,2.5155
2,20,8.7600,438,7,13,0.815487,0.058833,2.5155
2,20,8.7800,439,7,13,0.912333,0.063960,2.5155
2,20,8.8000,440,7,13,0.844210,0.050913,2.5155
2,20,8.8200,441,7,13,0.540484,0.035405,2.5155
2,20,8.8400,442,13,7,0.532866,0.036394,2.5155
2,20,8.8600,443,13,7,0.548045,0.042045,2.5155
2,20,8.8800,444,13,7,0.585718,0.048894,2.5155
2,20,8.9000,445,13,7,0.643426,0.049349,2.5155
2,20,8.9200,446,13,7,0.712340,0.039027,2.5155
2,20,8.9400,447,13,7,0.792660,0.041073,2.5155
2,20,8.9600,448,13,7,0.881576,0.044917,2.5155
2,20,8.9800,449,15,5,0.977638,0.049032,2.5155
2,20,9.0000,450,15,5,1.078523,0.053980,2.5155
2,20,9.0200,451,15,5,1.186314,0.059341,2.5155
2,20,9.0400,452,15,5,1.224442,0.061229,2.5155
2,20,9.0600,453,15,5,1.290771,0.064541,2.5155
2,20,9.0800,454,15,5,1.386777,0.069341,2.5155
2,20,9.1000,455,15,5,1.163439,0.058173,2.5155
2,20,9.1200,456,16,4,0.408222,0.020412,2.5155
2,20,9.1400,457,18,2,0.316832,0.015842,2.5155
2,20,9.1600,458,18,2,0.214225,0.010711,2.5155
2,20,9.1800,459,19,1,0.113847,0.005692,2.5155
2,20,9.2000,460,19,1,0.013628,0.000681,2.5155
2,20,9.2200,461,19,1,0.086585,0.004329,2.5155
2,20,9.2400,462,19,1,0.187032,0.009352,2.5155
2,20,9.2600,463,19,1,0.288033,0.014402,2.5155
2,20,9.2800,464,19,1,0.389880,0.019494,2.5155
2,20,9.3000,465,19,1,0.298857,0.014943,2.5155
2,20,9.3200,466,19,1,0.038821,0.001941,2.5155
2,20,9.3400,467,19,1,0.035301,0.001765,2.5155
2,20,9.3600,468,19,1,0.020466,0.001023,2.5155
2,20,9.3800,469,19,1,0.004885,0.000244,2.5155
2,20,9.4000,470,19,1,0.000638,0.000032,2.5155
2,20,9.4200,471,19,1,0.000440,0.000022,2.5155
2,20,9.4400,472,19,1,0.000164,0.000008,2.5155
2,20,9.4600,473,19,1,0.000031,0.000002,2.5155
2,20,9.4800,474,19,1,0.000032,0.000002,2.5155
2,20,9.5000,475,19,1,0.000051,0.000003,2.5155
2,20,9.5200,476,19,1,0.000060,0.000003,2.5155
2,20,9.5400,477,19,1,0.000058,0.000003,2.5155
2,20,9.5600,478,19,1,0.000054,0.000003,2.5155
2,20,9.5800,479,19,1,0.000058,0.000003,2.5155
2,20,9.6000,480,19,1,0.000056,0.000003,2.5155
2,20,9.6200,481,19,1,0.000059,0.000003,2.5155
2,20,9.6400,482,19,1,0.000056,0.000003,2.5155
2,20,9.6600,483,19,1,0.000059,0.000003,2.5155
2,20,9.6800,484,19,1,0.000056,0.000003,2.5155
2,20,9.7000,485,19,1,0.000059,0.000003,2.5155
2,20,9.7200,486,20,0,0.000000,0.000000,2.5155
3,20,0.0200,1,0,20,0.000000,0.000000,19.5000
3,20,0.0400,2,0,20,0.188744,0.129253,19.4961
3,20,0.0600,3,0,20,0.335194,0.219126,19.4888
3,20,0.0800,4,0,20,0.424392,0.272785,19.4794
3,20,0.1000,5,0,20,0.459636,0.293621,19.4692
3,20,0.1200,6,0,20,0.449833,0.286631,19.4593
3,20,0.1400,7,0,20,0.405918,0.258064,19.4504
3,20,0.1600,8,0,20,0.339373,0.214757,19.4430
3,20,0.1800,9,0,20,0.261694,0.163492,19.4376
3,20,0.2000,10,0,20,0.184290,0.110551,19.4340
3,20,0.2200,11,0,20,0.120824,0.061989,19.4323
3,20,0.2400,12,0,20,0.091420,0.027372,19.4322
3,20,0.2600,13,0,20,0.102922,0.037647,19.4333
3,20,0.2800,14,0,20,0.127502,0.060152,19.4354
3,20,0.3000,15,0,20,0.146541,0.075280,19.4380
3,20,0.3200,16,0,20,0.155404,0.081968,19.4409
3,20,0.3400,17,0,20,0.154486,0.081261,19.4437
3,20,0.3600,18,0,20,0.146311,0.074913,19.4462
3,20,0.3800,19,0,20,0.134176,0.065015,19.4483
3,20,0.4000,20,0,20,0.121740,0.053843,19.4499
3,20,0.4200,21,0,20,0.112278,0.043755,19.4509
3,20,0.4400,22,0,20,0.107700,0.037058,19.4515
3,20,0.4600,23,0,20,0.108152,0.035781,19.4516
3,20,0.4800,24,0,20,0.111865,0.039461,19.4513
3,20,0.5000,25,0,20,0.116831,0.043763,19.4508
3,20,0.5200,26,0,20,0.121577,0.047116,19.4501
3,20,0.5400,27,0,20,0.125309,0.049047,19.4493
3,20,0.5600,28,0,20,0.127940,0.049598,19.4485
3,20,0.5800,29,0,20,0.129752,0.049096,19.4478
3,20,0.6000,30,0,20,0.131082,0.047964,19.4472
3,20,0.6200,31,0,20,0.132277,0.046641,19.4468
3,20,0.6400,32,0,20,0.133561,0.045486,19.4465
3,20,0.6600,33,0,20,0.135039,0.044744,19.4463
3,20,0.6800,34,0,20,0.136718,0.044553,19.4463
3,20,0.7000,35,0,20,0.138498,0.044893,19.4464
3,20,0.7200,36,0,20,0.140286,0.045601,19.4465
3,20,0.7400,37,0,20,0.141985,0.046545,19.4467
3,20,0.7600,38,0,20,0.143577,0.047646,19.4470
3,20,0.7800,39,0,20,0.145121,0.048867,19.4472
3,20,0.8000,40,0,20,0.146575,0.050213,19.4474
3,20,0.8200,41,0,20,0.148008,0.051700,19.4475
3,20,0.8400,42,0,20,0.149433,0.053339,19.4477
3,20,0.8600,43,0,20,0.150782,0.055142,19.4477
3,20,0.8800,44,0,20,0.152255,0.057037,19.4478
3,20,0.9000,45,0,20,0.153739,0.058997,19.4478
3,20,0.9200,46,0,20,0.155279,0.060975,19.4478
3,20,0.9400,47,0,20,0.156828,0.062951,19.4477
3,20,0.9600,48,0,20,0.158373,0.064915,19.4477
3,20,0.9800,49,0,20,0.159971,0.066865,19.4476
3,20,1.0000,50,0,20,0.161601,0.068800,19.4475
3,20,1.0200,51,0,20,0.163251,0.070723,19.4475
3,20,1.0400,52,0,20,0.164913,0.072638,19.4474
3,20,1.0600,53,0,20,0.166640,0.074547,19.4474
3,20,1.0800,54,0,20,0.168383,0.076450,19.4473
3,20,1.1000,55,0,20,0.170198,0.078348,19.4473
3,20,1.1200,56,0,20,0.172093,0.080241,19.4473
3,20,1.1400,57,0,20,0.174014,0.082128,19.4473
3,20,1.1600,58,0,20,0.176012,0.084004,19.4473
3,20,1.1800,59,0,20,0.178135,0.085870,19.4473
3,20,1.2000,60,0,20,0.180308,0.087726,19.4473
3,20,1.2200,61,0,20,0.182583,0.089565,19.4473
3,20,1.2400,62,0,20,0.184926,0.091392,19.4473
3,20,1.2600,63,0,20,0.187345,0.093222,19.4472
3,20,1.2800,64,0,20,0.189904,0.095043,19.4472
3,20,1.3000,65,0,20,0.192583,0.096849,19.4472
3,20,1.3200,66,0,20,0.195337,0.098639,19.4472
3,20,1.3400,67,0,20,0.198228,0.100402,19.4472
3,20,1.3600,68,0,20,0.201226,0.102136,19.4472
3,20,1.3800,69,0,20,0.204348,0.103843,19.4471
3,20,1.4000,70,0,20,0.207557,0.105524,19.4471
3,20,1.4200,71,0,20,0.210903,0.107178,19.4471
3,20,1.4400,72,0,20,0.214365,0.108818,19.4470
3,20,1.4600,73,0,20,0.217901,0.110435,19.4470
3,20,1.4800,74,0,20,0.221559,0.112030,19.4470
3,20,1.5000,75,0,20,0.225320,0.113609,19.4469
3,20,1.5200,76,0,20,0.229190,0.115169,19.4469
3,20,1.5400,77,0,20,0.233146,0.116709,19.4468
3,20,1.5600,78,0,20,0.237215,0.118229,19.4468
3,20,1.5800,79,0,20,0.241394,0.119730,19.4467
3,20,1.6000,80,0,20,0.245635,0.121213,19.4467
3,20,1.6200,81,0,20,0.249975,0.122678,19.4466
3,20,1.6400,82,0,20,0.254448,0.124129,19.4466
3,20,1.6600,83,0,20,0.258968,0.125565,19.4466
3,20,1.6800,84,0,20,0.263536,0.126990,19.4465
3,20,1.7000,85,0,20,0.268204,0.128403,19.4464
3,20,1.7200,86,0,20,0.272929,0.129807,19.4464
3,20,1.7400,87,0,20,0.277746,0.131202,19.4463
3,20,1.7600,88,0,20,0.282606,0.132591,19.4463
3,20,1.7800,89,0,20,0.287515,0.133974,19.4462
3,20,1.8000,90,0,20,0.292504,0.135353,19.4461
3,20,1.8200,91,0,20,0.297553,0.136730,19.4460
3,20,1.8400,92,0,20,0.302684,0.138106,19.4460
3,20,1.8600,93,0,20,0.307853,0.139482,19.4459
3,20,1.8800,94,0,20,0.313078,0.140859,19.4458
3,20,1.9000,95,0,20,0.318319,0.142229,19.4457
3,20,1.9200,96,0,20,0.323627,0.143609,19.4456
3,20,1.9400,97,0,20,0.328959,0.145007,19.4455
3,20,1.9600,98,0,20,0.334317,0.146412,19.4454
3,20,1.9800,99,0,20,0.339729,0.147828,19.4453
3,20,2.0000,100,0,20,0.345151,0.149253,19.4452
3,20,2.0200,101,0,20,0.350584,0.150687,19.4451
3,20,2.0400,102,0,20,0.356000,0.152122,19.4449
3,20,2.0600,103,0,20,0.361441,0.153569,19.4448
3,20,2.0800,104,0,20,0.366857,0.155033,19.4446
3,20,2.1000,105,0,20,0.373209,0.156537,19.4442
3,20,2.1200,106,0,20,0.377895,0.158035,19.4440
3,20,2.1400,107,0,20,0.378259,0.159606,19.4437
3,20,2.1600,108,0,20,0.381153,0.161207,19.4433
3,20,2.1800,109,0,20,0.381361,0.162841,19.4429
3,20,2.2000,110,0,20,0.381690,0.164557,19.4425
3,20,2.2200,111,0,20,0.383760,0.166310,19.4421
3,20,2.2400,112,0,20,0.387797,0.168092,19.4417
3,20,2.2600,113,0,20,0.393254,0.169859,19.4413
3,20,2.2800,114,0,20,0.397399,0.171699,19.4409
3,20,2.3000,115,0,20,0.402307,0.173726,19.4405
3,20,2.3200,116,0,20,0.406771,0.175779,19.4400
3,20,2.3400,117,0,20,0.411481,0.177773,19.4396
3,20,2.3600,118,0,20,0.416959,0.179736,19.4391
3,20,2.3800,119,0,20,0.423235,0.181620,19.4387
3,20,2.4000,120,0,20,0.430054,0.183425,19.4384
3,20,2.4200,121,0,20,0.437279,0.185173,19.4381
3,20,2.4400,122,0,20,0.444635,0.186889,19.4378
3,20,2.4600,123,0,20,0.452102,0.188696,19.4375
3,20,2.4800,124,0,20,0.459974,0.190393,19.4371
3,20,2.5000,125,0,20,0.467779,0.192071,19.4368
3,20,2.5200,126,0,20,0.475731,0.193763,19.4364
3,20,2.5400,127,0,20,0.483509,0.195337,19.4360
3,20,2.5600,128,0,20,0.491357,0.197057,19.4356
3,20,2.5800,129,0,20,0.498750,0.198880,19.4352
3,20,2.6000,130,0,20,0.505383,0.200770,19.4347
3,20,2.6200,131,0,20,0.511166,0.202694,19.4342
3,20,2.6400,132,0,20,0.516110,0.204664,19.4338
3,20,2.6600,133,0,20,0.520550,0.206687,19.4334
3,20,2.6800,134,0,20,0.524745,0.208763,19.4329
3,20,2.7000,135,0,20,0.528756,0.210889,19.4325
3,20,2.7200,136,0,20,0.532441,0.213024,19.4321
3,20,2.7400,137,0,20,0.536239,0.215696,19.4317
3,20,2.7600,138,0,20,0.540182,0.218596,19.4312
3,20,2.7800,139,0,20,0.543904,0.221127,19.4307
3,20,2.8000,140,0,20,0.547775,0.223360,19.4302
3,20,2.8200,141,0,20,0.551777,0.225641,19.4295
3,20,2.8400,142,0,20,0.555827,0.227996,19.4289
3,20,2.8600,143,0,20,0.560042,0.230469,19.4282
3,20,2.8800,144,0,20,0.564506,0.233010,19.4275
3,20,2.9000,145,0,20,0.569295,0.235586,19.4269
3,20,2.9200,146,0,20,0.574486,0.238187,19.4263
3,20,2.9400,147,0,20,0.582374,0.240655,19.4257
3,20,2.9600,148,0,20,0.582434,0.243073,19.4251
3,20,2.9800,149,0,20,0.589944,0.245904,19.4246
3,20,3.0000,150,0,20,0.603035,0.248885,19.4241
3,20,3.0200,151,0,20,0.615150,0.251959,19.4236
3,20,3.0400,152,0,20,0.625571,0.255101,19.4231
3,20,3.0600,153,0,20,0.637381,0.258342,19.4226
3,20,3.0800,154,0,20,0.648089,0.261510,19.4220
3,20,3.1000,155,0,20,0.658970,0.264722,19.4214
3,20,3.1200,156,0,20,0.669399,0.267680,19.4208
3,20,3.1400,157,0,20,0.678267,0.270461,19.4202
3,20,3.1600,158,0,20,0.687550,0.273313,19.4198
3,20,3.1800,159,0,20,0.695873,0.276261,19.4193
3,20,3.2000,160,0,20,0.703331,0.279284,19.4188
3,20,3.2200,161,0,20,0.710120,0.282353,19.4182
3,20,3.2400,162,0,20,0.716315,0.285424,19.4177
3,20,3.2600,163,0,20,0.722064,0.288383,19.4171
3,20,3.2800,164,0,20,0.727461,0.291193,19.4164
3,20,3.3000,165,0,20,0.732769,0.294034,19.4157
3,20,3.3200,166,0,20,0.738073,0.296997,19.4149
3,20,3.3400,167,0,20,0.743370,0.300015,19.4140
3,20,3.3600,168,0,20,0.748583,0.302710,19.4130
3,20,3.3800,169,0,20,0.754090,0.305256,19.4120
3,20,3.4000,170,0,20,0.759255,0.308050,19.4110
3,20,3.4200,171,0,20,0.764660,0.310715,19.4100
3,20,3.4400,172,0,20,0.770221,0.313510,19.4090
3,20,3.4600,173,0,20,0.775500,0.316450,19.4080
3,20,3.4800,174,0,20,0.784449,0.319440,19.4070
3,20,3.5000,175,0,20,0.790744,0.322548,19.4061
3,20,3.5200,176,0,20,0.795650,0.325719,19.4052
3,20,3.5400,177,0,20,0.805545,0.328660,19.4043
3,20,3.5600,178,0,20,0.811461,0.331381,19.4034
3,20,3.5800,179,0,20,0.817584,0.334055,19.4025
3,20,3.6000,180,0,20,0.823713,0.336615,19.4016
3,20,3.6200,181,0,20,0.830128,0.339220,19.4006
3,20,3.6400,182,0,20,0.836882,0.341803,19.3996
3,20,3.6600,183,0,20,0.843967,0.344347,19.3985
3,20,3.6800,184,0,20,0.851376,0.346872,19.3974
3,20,3.7000,185,0,20,0.859150,0.349329,19.3962
3,20,3.7200,186,0,20,0.867255,0.351699,19.3950
3,20,3.7400,187,0,20,0.875847,0.354050,19.3937
3,20,3.7600,188,0,20,0.884877,0.356407,19.3924
3,20,3.7800,189,0,20,0.894307,0.358776,19.3910
3,20,3.8000,190,0,20,0.904237,0.361643,19.3897
3,20,3.8200,191,0,20,0.914622,0.363901,19.3884
3,20,3.8400,192,0,20,0.925145,0.366661,19.3872
3,20,3.8600,193,0,20,0.935218,0.369783,19.3861
3,20,3.8800,194,0,20,0.944893,0.373217,19.3850
3,20,3.9000,195,0,20,0.954158,0.376679,19.3839
3,20,3.9200,196,0,20,0.963193,0.380111,19.3827
3,20,3.9400,197,0,20,0.972598,0.382550,19.3815
3,20,3.9600,198,0,20,0.977840,0.386650,19.3802
3,20,3.9800,199,0,20,0.985151,0.391995,19.3788
3,20,4.0000,200,0,20,0.994621,0.395789,19.3773
3,20,4.0200,201,0,20,1.008041,0.399636,19.3756
3,20,4.0400,202,0,20,1.022552,0.403705,19.3738
3,20,4.0600,203,0,20,1.036958,0.408067,19.3718
3,20,4.0800,204,0,20,1.050915,0.412483,19.3697
3,20,4.1000,205,0,20,1.064276,0.416891,19.3675
3,20,4.1200,206,0,20,1.077046,0.421179,19.3652
3,20,4.1400,207,0,20,1.089404,0.425351,19.3629
3,20,4.1600,208,0,20,1.101541,0.429315,19.3605
3,20,4.1800,209,0,20,1.113567,0.432721,19.3582
3,20,4.2000,210,0,20,1.125563,0.436352,19.3558
3,20,4.2200,211,0,20,1.137516,0.440100,19.3534
3,20,4.2400,212,0,20,1.149424,0.443845,19.3510
3,20,4.2600,213,0,20,1.161215,0.447964,19.3485
3,20,4.2800,214,0,20,1.172807,0.452487,19.3461
3,20,4.3000,215,0,20,1.184217,0.456111,19.3435
3,20,4.3200,216,0,20,1.195397,0.461006,19.3407
3,20,4.3400,217,0,20,1.204132,0.466161,19.3377
3,20,4.3600,218,0,20,1.213581,0.471041,19.3347
3,20,4.3800,219,0,20,1.223841,0.475674,19.3318
3,20,4.4000,220,0,20,1.234440,0.480045,19.3289
3,20,4.4200,221,0,20,1.244598,0.485190,19.3258
3,20,4.4400,222,0,20,1.253990,0.489531,19.3226
3,20,4.4600,223,0,20,1.262413,0.494570,19.3196
3,20,4.4800,224,0,20,1.269786,0.500078,19.3166
3,20,4.5000,225,0,20,1.276543,0.505841,19.3136
3,20,4.5200,226,0,20,1.283578,0.514754,19.3107
3,20,4.5400,227,0,20,1.291332,0.518156,19.3076
3,20,4.5600,228,0,20,1.299288,0.522537,19.3044
3,20,4.5800,229,0,20,1.308242,0.530986,19.3011
3,20,4.6000,230,0,20,1.318877,0.541141,19.2976
3,20,4.6200,231,0,20,1.330510,0.551687,19.2941
3,20,4.6400,232,0,20,1.352702,0.562261,19.2908
3,20,4.6600,233,0,20,1.376544,0.573833,19.2873
3,20,4.6800,234,0,20,1.393930,0.586646,19.2839
3,20,4.7000,235,0,20,1.406591,0.599612,19.2807
3,20,4.7200,236,0,20,1.419917,0.609323,19.2773
3,20,4.7400,237,0,20,1.434617,0.618978,19.2737
3,20,4.7600,238,0,20,1.450629,0.628691,19.2699
3,20,4.7800,239,0,20,1.468177,0.638925,19.2657
3,20,4.8000,240,0,20,1.487882,0.646948,19.2615
3,20,4.8200,241,0,20,1.505594,0.654306,19.2574
3,20,4.8400,242,0,20,1.524386,0.658337,19.2530
3,20,4.8600,243,0,20,1.546022,0.666352,19.2486
3,20,4.8800,244,0,20,1.570245,0.675225,19.2441
3,20,4.9000,245,0,20,1.597035,0.684649,19.2397
3,20,4.9200,246,0,20,1.625938,0.694373,19.2352
3,20,4.9400,247,0,20,1.656314,0.704443,19.2307
3,20,4.9600,248,0,20,1.685251,0.714730,19.2260
3,20,4.9800,249,0,20,1.717201,0.726432,19.2212
3,20,5.0000,250,0,20,1.752777,0.740165,19.2163
3,20,5.0200,251,0,20,1.785034,0.759594,19.2115
3,20,5.0400,252,0,20,1.821407,0.777691,19.2061
3,20,5.0600,253,0,20,1.859776,0.795171,19.2001
3,20,5.0800,254,0,20,1.897812,0.812551,19.1937
3,20,5.1000,255,0,20,1.934871,0.829542,19.1869
3,20,5.1200,256,0,20,1.970852,0.845988,19.1797
3,20,5.1400,257,0,20,2.005772,0.862055,19.1723
3,20,5.1600,258,0,20,2.041044,0.877337,19.1645
3,20,5.1800,259,0,20,2.075622,0.892565,19.1565
3,20,5.2000,260,0,20,2.106439,0.907494,19.1485
3,20,5.2200,261,0,20,2.140466,0.922185,19.1404
3,20,5.2400,262,0,20,2.176359,0.937190,19.1320
3,20,5.2600,263,0,20,2.215086,0.944808,19.1234
3,20,5.2800,264,0,20,2.256803,0.955218,19.1146
3,20,5.3000,265,0,20,2.300550,0.969423,19.1057
3,20,5.3200,266,0,20,2.346662,0.983087,19.0966
3,20,5.3400,267,0,20,2.384000,0.997008,19.0872
3,20,5.3600,268,0,20,2.427492,1.013231,19.0775
3,20,5.3800,269,0,20,2.476389,1.030290,19.0675
3,20,5.4000,270,0,20,2.531559,1.047680,19.0569
3,20,5.4200,271,0,20,2.590563,1.064100,19.0457
3,20,5.4400,272,0,20,2.651548,1.081707,19.0340
3,20,5.4600,273,0,20,2.713627,1.099889,19.0216
3,20,5.4800,274,0,20,2.775736,1.118903,19.0086
3,20,5.5000,275,0,20,2.840267,1.139328,18.9948
3,20,5.5200,276,0,20,2.908264,1.158566,18.9803
3,20,5.5400,277,0,20,2.977962,1.179220,18.9651
3,20,5.5600,278,0,20,3.048022,1.202223,18.9491
3,20,5.5800,279,0,20,3.114533,1.222776,18.9323
3,20,5.6000,280,0,20,3.180161,1.247226,18.9148
3,20,5.6200,281,0,20,3.245450,1.273681,18.8965
3,20,5.6400,282,0,20,3.311310,1.303570,18.8776
3,20,5.6600,283,0,20,3.379016,1.329843,18.8578
3,20,5.6800,284,0,20,3.448599,1.355838,18.8372
3,20,5.7000,285,0,20,3.519588,1.383252,18.8158
3,20,5.7200,286,0,20,3.593226,1.409903,18.7936
3,20,5.7400,287,0,20,3.666419,1.437304,18.7705
3,20,5.7600,288,0,20,3.739038,1.467524,18.7466
3,20,5.7800,289,0,20,3.811830,1.498197,18.7219
3,20,5.8000,290,0,20,3.886455,1.522963,18.6963
3,20,5.8200,291,0,20,3.958313,1.552891,18.6699
3,20,5.8400,292,0,20,4.041821,1.584947,18.6425
3,20,5.8600,293,0,20,4.126191,1.622844,18.6142
3,20,5.8800,294,0,20,4.210428,1.660121,18.5848
3,20,5.9000,295,0,20,4.294734,1.707942,18.5544
3,20,5.9200,296,0,20,4.378460,1.750438,18.5228
3,20,5.9400,297,0,20,4.466683,1.794917,18.4899
3,20,5.9600,298,0,20,4.558458,1.840202,18.4556
3,20,5.9800,299,0,20,4.652739,1.886924,18.4200
3,20,6.0000,300,0,20,4.746511,1.928301,18.3829
3,20,6.0200,301,0,20,4.843284,1.966903,18.3442
3,20,6.0400,302,0,20,4.943326,2.008668,18.3040
3,20,6.0600,303,0,20,5.047806,2.055474,18.2621
3,20,6.0800,304,0,20,5.156064,2.103211,18.2183
3,20,6.1000,305,0,20,5.269444,2.154231,18.1725
3,20,6.1200,306,0,20,5.387803,2.209195,18.1247
3,20,6.1400,307,0,20,5.507723,2.265820,18.0747
3,20,6.1600,308,0,20,5.628138,2.325047,18.0223
3,20,6.1800,309,0,20,5.746463,2.389136,17.9676
3,20,6.2000,310,0,20,5.859144,2.456866,17.9105
3,20,6.2200,311,0,20,5.966863,2.526239,17.8508
3,20,6.2400,312,0,20,6.071622,2.598135,17.7886
3,20,6.2600,313,0,20,6.177351,2.675454,17.7239
3,20,6.2800,314,0,20,6.286086,2.755536,17.6564
3,20,6.3000,315,0,20,6.398802,2.837998,17.5859
3,20,6.3200,316,0,20,6.515150,2.922758,17.5125
3,20,6.3400,317,0,20,6.634935,3.011286,17.4358
3,20,6.3600,318,0,20,6.756312,3.103202,17.3557
3,20,6.3800,319,0,20,6.877153,3.196146,17.2722
3,20,6.4000,320,0,20,6.998053,3.291002,17.1849
3,20,6.4200,321,0,20,7.118673,3.388700,17.0940
3,20,6.4400,322,0,20,7.239948,3.489381,16.9994
3,20,6.4600,323,0,20,7.369432,3.592722,16.9009
3,20,6.4800,324,0,20,7.502189,3.697788,16.7983
3,20,6.5000,325,0,20,7.637678,3.805686,16.6918
3,20,6.5200,326,0,20,7.775757,3.916753,16.5814
3,20,6.5400,327,0,20,7.916290,4.030173,16.4670
3,20,6.5600,328,0,20,8.059151,4.146100,16.3487
3,20,6.5800,329,0,20,8.204215,4.264399,16.2265
3,20,6.6000,330,0,20,8.351370,4.384688,16.1004
3,20,6.6200,331,0,20,8.500505,4.507318,15.9703
3,20,6.6400,332,0,20,8.651520,4.632857,15.8363
3,20,6.6600,333,0,20,8.804317,4.761067,15.6984
3,20,6.6800,334,0,20,8.958805,4.891079,15.5566
3,20,6.7000,335,0,20,9.114898,5.023193,15.4109
3,20,6.7200,336,0,20,9.272514,5.155055,15.2612
3,20,6.7400,337,0,20,9.431579,5.287309,15.1076
3,20,6.7600,338,0,20,9.592018,5.420572,14.9501
3,20,6.7800,339,0,20,9.753766,5.556782,14.7886
3,20,6.8000,340,0,20,9.916757,5.695185,14.6232
3,20,6.8200,341,0,20,10.080930,5.835244,14.4539
3,20,6.8400,342,0,20,10.246230,5.976191,14.2807
3,20,6.8600,343,0,20,10.412610,6.116354,14.1036
3,20,6.8800,344,0,20,10.580000,6.258138,13.9225
3,20,6.9000,345,0,20,10.748370,6.402500,13.7375
3,20,6.9200,346,0,20,10.917670,6.548322,13.5486
3,20,6.9400,347,0,20,11.087860,6.695229,13.3558
3,20,6.9600,348,0,20,11.258890,6.842925,13.1590
3,20,6.9800,349,0,20,11.430740,6.991324,12.9583
3,20,7.0000,350,0,20,11.603350,7.140901,12.7537
3,20,7.0200,351,0,20,11.776700,7.290923,12.5452
3,20,7.0400,352,0,20,11.950760,7.438764,12.3327
3,20,7.0600,353,0,20,12.125500,7.587230,12.1163
3,20,7.0800,354,0,20,12.300880,7.740612,11.8960
3,20,7.1000,355,0,20,12.476880,7.895524,11.6718
3,20,7.1200,356,0,20,12.653480,8.049683,11.4436
3,20,7.1400,357,0,20,12.830650,8.203395,11.2115
3,20,7.1600,358,0,20,13.008360,8.356951,10.9755
3,20,7.1800,359,0,20,13.186600,8.511811,10.7356
3,20,7.2000,360,0,20,13.365340,8.669039,10.4917
3,20,7.2200,361,0,20,13.544560,8.827751,10.2440
3,20,7.2400,362,0,20,13.724250,8.987453,9.9923
3,20,7.2600,363,0,20,13.904390,9.147999,9.7366
3,20,7.2800,364,0,20,14.084950,9.309294,9.4771
3,20,7.3000,365,0,20,14.265930,9.471340,9.2136
3,20,7.3200,366,0,20,14.447300,9.583972,8.9462
3,20,7.3400,367,0,20,14.629060,9.717399,8.6749
3,20,7.3600,368,0,20,14.811180,9.868867,8.3996
3,20,7.3800,369,0,20,14.993660,9.985734,8.1205
3,20,7.4000,370,0,20,15.176490,10.051850,7.8374
3,20,7.4200,371,0,20,15.359640,10.143140,7.5504
3,20,7.4400,372,0,20,15.543110,10.303120,7.2594
3,20,7.4600,373,0,20,15.726890,10.464610,6.9646
3,20,7.4800,374,0,20,15.910970,10.626720,6.6658
3,20,7.5000,375,0,20,16.095330,10.074130,6.3631
3,20,7.5200,376,0,20,16.279970,9.581067,6.0564
3,20,7.5400,377,0,20,16.464870,9.010407,5.7459
3,20,7.5600,378,0,20,16.650040,9.028967,5.4314
3,20,7.5800,379,0,20,16.835450,8.416971,5.1130
3,20,7.6000,380,0,20,17.021110,8.366307,4.7906
3,20,7.6200,381,0,20,17.207000,8.069652,4.4644
3,20,7.6400,382,0,20,17.393120,7.928716,4.1342
3,20,7.6600,383,0,20,17.695710,7.820428,3.8001
3,20,7.6800,384,0,20,17.766000,7.620447,3.4621
3,20,7.7000,385,0,20,17.952750,6.868924,3.1201
3,20,7.7200,386,0,20,19.490760,5.711158,2.7742
3,20,7.7400,387,0,20,19.404640,5.458693,2.4554
3,20,7.7600,388,0,20,19.582770,5.187961,2.1224
3,20,7.7800,389,0,20,22.136700,4.463391,1.7891
3,20,7.8000,390,0,20,22.284590,4.429114,1.6668
3,20,7.8200,391,0,20,22.433210,4.088984,1.6475
3,20,7.8400,392,1,19,22.582560,3.650309,1.6244
3,20,7.8600,393,1,19,22.732630,2.387740,1.5972
3,20,7.8800,394,1,19,3.256992,1.081775,1.5662
3,20,7.9000,395,1,19,3.520534,1.083463,1.5312
3,20,7.9200,396,1,19,3.515424,1.049543,1.4923
3,20,7.9400,397,1,19,3.521256,1.005742,1.4495
3,20,7.9600,398,1,19,3.658371,0.987553,1.4028
3,20,7.9800,399,1,19,3.822464,0.978091,1.3521
3,20,8.0000,400,1,19,3.989457,0.977065,1.2975
3,20,8.0200,401,1,19,4.159002,0.972101,1.2390
3,20,8.0400,402,1,19,4.330798,0.984085,1.1766
3,20,8.0600,403,1,19,4.504589,1.014939,1.1102
3,20,8.0800,404,2,18,4.680151,0.977152,1.0400
3,20,8.1000,405,2,18,4.385484,0.743589,0.9657
3,20,8.1200,406,2,18,4.552680,0.747563,0.8876
3,20,8.1400,407,2,18,4.722107,0.714904,0.8056
3,20,8.1600,408,2,18,4.893536,0.694355,0.7510
3,20,8.1800,409,3,17,2.728413,0.577298,0.7334
3,20,8.2000,410,3,17,2.693108,0.583243,0.7125
3,20,8.2200,411,3,17,2.678102,0.586157,0.7009
3,20,8.2400,412,3,17,2.791841,0.558748,0.7006
3,20,8.2600,413,3,17,2.914362,0.568575,0.6989
3,20,8.2800,414,3,17,2.662030,0.486592,0.6967
3,20,8.3000,415,4,16,2.720449,0.502823,0.6952
3,20,8.3200,416,5,15,2.791465,0.489166,0.6935
3,20,8.3400,417,5,15,2.874142,0.450055,0.6917
3,20,8.3600,418,5,15,2.870881,0.421878,0.6896
3,20,8.3800,419,5,15,1.902785,0.308697,0.6873
3,20,8.4000,420,5,15,1.982048,0.291717,0.6846
3,20,8.4200,421,5,15,2.067915,0.290246,0.6816
3,20,8.4400,422,5,15,2.160357,0.279846,0.6782
3,20,8.4600,423,5,15,1.813736,0.243817,0.6743
3,20,8.4800,424,5,15,0.935359,0.205023,0.6699
3,20,8.5000,425,7,13,0.988934,0.207112,0.6649
3,20,8.5200,426,7,13,1.066401,0.204152,0.6592
3,20,8.5400,427,9,11,1.148028,0.173548,0.6528
3,20,8.5600,428,9,11,1.232928,0.157536,0.6456
3,20,8.5800,429,9,11,1.322869,0.161543,0.6428
3,20,8.6000,430,10,10,1.415681,0.175334,0.6424
3,20,8.6200,431,10,10,1.515087,0.184209,0.6415
3,20,8.6400,432,10,10,1.180947,0.131441,0.6400
3,20,8.6600,433,10,10,1.256294,0.131080,0.6380
3,20,8.6800,434,10,10,1.336775,0.125286,0.6357
3,20,8.7000,435,11,9,1.420846,0.099086,0.6358
3,20,8.7200,436,11,9,1.510917,0.104488,0.6358
3,20,8.7400,437,12,8,1.604068,0.118865,0.6353
3,20,8.7600,438,12,8,1.484199,0.122655,0.6342
3,20,8.7800,439,12,8,0.635963,0.068997,0.6325
3,20,8.8000,440,12,8,0.709452,0.068734,0.6303
3,20,8.8200,441,12,8,0.785534,0.070556,0.6274
3,20,8.8400,442,12,8,0.863954,0.072590,0.6239
3,20,8.8600,443,14,6,0.945938,0.075056,0.6196
3,20,8.8800,444,14,6,1.030563,0.077901,0.6145
3,20,8.9000,445,14,6,1.119371,0.090836,0.6085
3,20,8.9200,446,15,5,1.210854,0.104103,0.6016
3,20,8.9400,447,15,5,1.307604,0.117792,0.5937
3,20,8.9600,448,15,5,1.176998,0.120270,0.5845
3,20,8.9800,449,15,5,0.911673,0.088354,0.5741
3,20,9.0000,450,16,4,0.997059,0.071115,0.5624
3,20,9.0200,451,16,4,1.086518,0.063173,0.5490
3,20,9.0400,452,16,4,1.178444,0.062457,0.5340
3,20,9.0600,453,16,4,1.275578,0.066381,0.5171
3,20,9.0800,454,17,3,1.103553,0.062664,0.5102
3,20,9.1000,455,17,3,0.345556,0.029852,0.5067
3,20,9.1200,456,17,3,0.353939,0.030242,0.5098
3,20,9.1400,457,17,3,0.148426,0.012732,0.5120
3,20,9.1600,458,17,3,0.046476,0.003324,0.5127
3,20,9.1800,459,17,3,0.055266,0.003594,0.5119
3,20,9.2000,460,17,3,0.157057,0.008134,0.5098
3,20,9.2200,461,17,3,0.259205,0.012983,0.5062
3,20,9.2400,462,17,3,0.353630,0.017702,0.5013
3,20,9.2600,463,17,3,0.081350,0.004079,0.5004
3,20,9.2800,464,17,3,0.020873,0.001049,0.5001
3,20,9.3000,465,17,3,0.015512,0.000780,0.5000
3,20,9.3200,466,17,3,0.004446,0.000226,0.5000
3,20,9.3400,467,17,3,0.000196,0.000014,0.5000
3,20,9.3600,468,18,2,0.000330,0.000020,0.5000
3,20,9.3800,469,18,2,0.000150,0.000011,0.5000
3,20,9.4000,470,18,2,0.000079,0.000007,0.5000
3,20,9.4200,471,18,2,0.000079,0.000005,0.5000
3,20,9.4400,472,18,2,0.000072,0.000004,0.5000
3,20,9.4600,473,19,1,0.000006,0.000000,0.5000
3,20,9.4800,474,19,1,0.000012,0.000001,0.5000
3,20,9.5000,475,19,1,0.000006,0.000000,0.5000
3,20,9.5200,476,19,1,0.000013,0.000001,0.5000
3,20,9.5400,477,19,1,0.000006,0.000000,0.5000
3,20,9.5600,478,19,1,0.000017,0.000001,0.5000
3,20,9.5800,479,20,0,0.000000,0.000000,0.5000
1,30,0.0200,1,0,30,0.000000,0.000000,29.5000
1,30,0.0400,2,0,30,0.196022,0.151568,29.4961
1,30,0.0600,3,0,30,0.386012,0.276840,29.4883
1,30,0.0800,4,0,30,0.554691,0.377395,29.4769
1,30,0.1000,5,0,30,0.689126,0.453719,29.4625
1,30,0.1200,6,0,30,0.783164,0.506122,29.4462
1,30,0.1400,7,0,30,0.835873,0.535164,29.4287
1,30,0.1600,8,0,30,0.849689,0.541935,29.4109
1,30,0.1800,9,0,30,0.828815,0.528187,29.3935
1,30,0.2000,10,0,30,0.778357,0.496287,29.3773
1,30,0.2200,11,0,30,0.703777,0.449117,29.3627
1,30,0.2400,12,0,30,0.610901,0.389934,29.3501
1,30,0.2600,13,0,30,0.505613,0.322199,29.3398
1,30,0.2800,14,0,30,0.394052,0.249461,29.3319
1,30,0.3000,15,0,30,0.283375,0.175308,29.3266
1,30,0.3200,16,0,30,0.184465,0.103861,29.3237
1,30,0.3400,17,0,30,0.123837,0.042755,29.3231
1,30,0.3600,18,0,30,0.140164,0.052170,29.3247
1,30,0.3800,19,0,30,0.200395,0.103112,29.3281
1,30,0.4000,20,0,30,0.263050,0.148208,29.3331
1,30,0.4200,21,0,30,0.315423,0.184093,29.3393
1,30,0.4400,22,0,30,0.353693,0.209866,29.3463
1,30,0.4600,23,0,30,0.376876,0.225361,29.3539
1,30,0.4800,24,0,30,0.385157,0.230929,29.3616
1,30,0.5000,25,0,30,0.379625,0.227316,29.3692
1,30,0.5200,26,0,30,0.361856,0.215583,29.3763
1,30,0.5400,27,0,30,0.334049,0.197019,29.3829
1,30,0.5600,28,0,30,0.298740,0.173119,29.3886
1,30,0.5800,29,0,30,0.258868,0.145520,29.3933
1,30,0.6000,30,0,30,0.217880,0.116016,29.3971
1,30,0.6200,31,0,30,0.180084,0.086718,29.3997
1,30,0.6400,32,0,30,0.150877,0.060594,29.4012
1,30,0.6600,33,0,30,0.136031,0.043472,29.4017
1,30,0.6800,34,0,30,0.137644,0.047771,29.4013
1,30,0.7000,35,0,30,0.151314,0.064141,29.4000
1,30,0.7200,36,0,30,0.170080,0.081429,29.3980
1,30,0.7400,37,0,30,0.188739,0.096589,29.3955
1,30,0.7600,38,0,30,0.204389,0.108280,29.3925
1,30,0.7800,39,0,30,0.215666,0.116048,29.3893
1,30,0.8000,40,0,30,0.222162,0.119874,29.3859
1,30,0.8200,41,0,30,0.224077,0.119997,29.3826
1,30,0.8400,42,0,30,0.222048,0.116861,29.3794
1,30,0.8600,43,0,30,0.217104,0.111044,29.3765
1,30,0.8800,44,0,30,0.210365,0.103257,29.3739
1,30,0.9000,45,0,30,0.203141,0.094306,29.3717
1,30,0.9200,46,0,30,0.196704,0.085070,29.3700
1,30,0.9400,47,0,30,0.192134,0.076469,29.3687
1,30,0.9600,48,0,30,0.190071,0.069357,29.3679
1,30,0.9800,49,0,30,0.190696,0.064473,29.3675
1,30,1.0000,50,0,30,0.193755,0.062447,29.3676
1,30,1.0200,51,0,30,0.198607,0.063962,29.3680
1,30,1.0400,52,0,30,0.204482,0.067878,29.3688
1,30,1.0600,53,0,30,0.210630,0.072303,29.3698
1,30,1.0800,54,0,30,0.216502,0.076325,29.3711
1,30,1.1000,55,0,30,0.221690,0.079516,29.3724
1,30,1.1200,56,0,30,0.225988,0.081694,29.3738
1,30,1.1400,57,0,30,0.229357,0.082859,29.3753
1,30,1.1600,58,0,30,0.231960,0.083120,29.3766
1,30,1.1800,59,0,30,0.233996,0.082672,29.3779
1,30,1.2000,60,0,30,0.235671,0.081768,29.3790
1,30,1.2200,61,0,30,0.237255,0.080691,29.3800
1,30,1.2400,62,0,30,0.239034,0.079732,29.3807
1,30,1.2600,63,0,30,0.241131,0.079166,29.3813
1,30,1.2800,64,0,30,0.243621,0.079244,29.3817
1,30,1.3000,65,0,30,0.246606,0.080080,29.3818
1,30,1.3200,66,0,30,0.249996,0.081651,29.3818
1,30,1.3400,67,0,30,0.253760,0.083740,29.3816
1,30,1.3600,68,0,30,0.257775,0.086020,29.3812
1,30,1.3800,69,0,30,0.261973,0.088285,29.3807
1,30,1.4000,70,0,30,0.266217,0.090397,29.3801
1,30,1.4200,71,0,30,0.270441,0.092270,29.3795
1,30,1.4400,72,0,30,0.274631,0.093866,29.3788
1,30,1.4600,73,0,30,0.278748,0.095178,29.3781
1,30,1.4800,74,0,30,0.282797,0.096230,29.3774
1,30,1.5000,75,0,30,0.286821,0.097066,29.3767
1,30,1.5200,76,0,30,0.290863,0.097744,29.3761
1,30,1.5400,77,0,30,0.294900,0.098318,29.3755
1,30,1.5600,78,0,30,0.299072,0.098894,29.3751
1,30,1.5800,79,0,30,0.303297,0.099441,29.3747
1,30,1.6000,80,0,30,0.307693,0.100091,29.3744
1,30,1.6200,81,0,30,0.312182,0.100833,29.3742
1,30,1.6400,82,0,30,0.316749,0.101690,29.3740
1,30,1.6600,83,0,30,0.321410,0.102666,29.3740
1,30,1.6800,84,0,30,0.326175,0.103745,29.3740
1,30,1.7000,85,0,30,0.331008,0.104899,29.3740
1,30,1.7200,86,0,30,0.335876,0.106100,29.3741
1,30,1.7400,87,0,30,0.340788,0.107324,29.3741
1,30,1.7600,88,0,30,0.345547,0.108557,29.3741
1,30,1.7800,89,0,30,0.346425,0.109807,29.3742
1,30,1.8000,90,0,30,0.355870,0.111058,29.3741
1,30,1.8200,91,0,30,0.365343,0.112301,29.3740
1,30,1.8400,92,0,30,0.374995,0.113551,29.3739
1,30,1.8600,93,0,30,0.383964,0.114840,29.3738
1,30,1.8800,94,0,30,0.391471,0.116175,29.3737
1,30,1.9000,95,0,30,0.397896,0.117550,29.3735
1,30,1.9200,96,0,30,0.397785,0.119157,29.3733
1,30,1.9400,97,0,30,0.396558,0.120929,29.3729
1,30,1.9600,98,0,30,0.395211,0.122817,29.3725
1,30,1.9800,99,0,30,0.395324,0.124709,29.3720
1,30,2.0000,100,0,30,0.397014,0.126582,29.3716
1,30,2.0200,101,0,30,0.399955,0.128412,29.3712
1,30,2.0400,102,0,30,0.403727,0.129952,29.3707
1,30,2.0600,103,0,30,0.408486,0.131722,29.3702
1,30,2.0800,104,0,30,0.413817,0.133570,29.3696
1,30,2.1000,105,0,30,0.419569,0.135416,29.3691
1,30,2.1200,106,0,30,0.425757,0.136907,29.3685
1,30,2.1400,107,0,30,0.432358,0.138634,29.3680
1,30,2.1600,108,0,30,0.439300,0.140437,29.3674
1,30,2.1800,109,0,30,0.446512,0.142227,29.3669
1,30,2.2000,110,0,30,0.453329,0.144221,29.3664
1,30,2.2200,111,0,30,0.460385,0.146209,29.3659
1,30,2.2400,112,0,30,0.467484,0.148178,29.3654
1,30,2.2600,113,0,30,0.474430,0.150139,29.3650
1,30,2.2800,114,0,30,0.481013,0.151816,29.3646
1,30,2.3000,115,0,30,0.487598,0.153965,29.3641
1,30,2.3200,116,0,30,0.494038,0.156202,29.3637
1,30,2.3400,117,0,30,0.500448,0.158429,29.3632
1,30,2.3600,118,0,30,0.506714,0.160309,29.3628
1,30,2.3800,119,0,30,0.513178,0.162531,29.3623
1,30,2.4000,120,0,30,0.519752,0.164823,29.3618
1,30,2.4200,121,0,30,0.526361,0.167139,29.3613
1,30,2.4400,122,0,30,0.532922,0.169442,29.3608
1,30,2.4600,123,0,30,0.539555,0.171724,29.3603
1,30,2.4800,124,0,30,0.546291,0.173991,29.3598
1,30,2.5000,125,0,30,0.553134,0.176274,29.3593
1,30,2.5200,126,0,30,0.560107,0.178558,29.3588
1,30,2.5400,127,0,30,0.566961,0.181447,29.3583
1,30,2.5600,128,0,30,0.573889,0.183418,29.3578
1,30,2.5800,129,0,30,0.581331,0.185833,29.3571
1,30,2.6000,130,0,30,0.589103,0.188529,29.3564
1,30,2.6200,131,0,30,0.596788,0.191274,29.3556
1,30,2.6400,132,0,30,0.604243,0.193963,29.3549
1,30,2.6600,133,0,30,0.611565,0.196602,29.3541
1,30,2.6800,134,0,30,0.618878,0.199253,29.3534
1,30,2.7000,135,0,30,0.627380,0.201786,29.3526
1,30,2.7200,136,0,30,0.636555,0.204406,29.3518
1,30,2.7400,137,0,30,0.635616,0.207305,29.3512
1,30,2.7600,138,0,30,0.634054,0.210303,29.3506
1,30,2.7800,139,0,30,0.637580,0.213488,29.3499
1,30,2.8000,140,0,30,0.645309,0.216682,29.3493
1,30,2.8200,141,0,30,0.655433,0.219920,29.3487
1,30,2.8400,142,0,30,0.666678,0.223194,29.3481
1,30,2.8600,143,0,30,0.678434,0.226683,29.3475
1,30,2.8800,144,0,30,0.689619,0.230418,29.3469
1,30,2.9000,145,0,30,0.701051,0.234351,29.3463
1,30,2.9200,146,0,30,0.710744,0.239202,29.3457
1,30,2.9400,147,0,30,0.720538,0.243811,29.3451
1,30,2.9600,148,0,30,0.729501,0.248261,29.3445
1,30,2.9800,149,0,30,0.737452,0.252685,29.3440
1,30,3.0000,150,0,30,0.744981,0.257077,29.3433
1,30,3.0200,151,0,30,0.752686,0.261327,29.3426
1,30,3.0400,152,0,30,0.760847,0.266151,29.3419
1,30,3.0600,153,0,30,0.769546,0.270608,29.3411
1,30,3.0800,154,0,30,0.778908,0.275084,29.3402
1,30,3.1000,155,0,30,0.788862,0.279634,29.3391
1,30,3.1200,156,0,30,0.799253,0.284165,29.3380
1,30,3.1400,157,0,30,0.809976,0.288696,29.3368
1,30,3.1600,158,0,30,0.820977,0.293125,29.3355
1,30,3.1800,159,0,30,0.832198,0.297531,29.3342
1,30,3.2000,160,0,30,0.843688,0.301941,29.3328
1,30,3.2200,161,0,30,0.855430,0.306389,29.3315
1,30,3.2400,162,0,30,0.867403,0.310873,29.3301
1,30,3.2600,163,0,30,0.879631,0.315390,29.3287
1,30,3.2800,164,0,30,0.892084,0.319935,29.3273
1,30,3.3000,165,0,30,0.904740,0.324510,29.3260
1,30,3.3200,166,0,30,0.917583,0.329121,29.3246
1,30,3.3400,167,0,30,0.927668,0.333889,29.3233
1,30,3.3600,168,0,30,0.931493,0.338676,29.3219
1,30,3.3800,169,0,30,0.941167,0.343375,29.3206
1,30,3.4000,170,0,30,0.954121,0.348479,29.3194
1,30,3.4200,171,0,30,0.969669,0.353340,29.3182
1,30,3.4400,172,0,30,0.986150,0.357926,29.3171
1,30,3.4600,173,0,30,1.002061,0.362635,29.3159
1,30,3.4800,174,0,30,1.017897,0.367490,29.3146
1,30,3.5000,175,0,30,1.033745,0.372447,29.3133
1,30,3.5200,176,0,30,1.050586,0.377238,29.3120
1,30,3.5400,177,0,30,1.066758,0.382167,29.3106
1,30,3.5600,178,0,30,1.083309,0.387225,29.3090
1,30,3.5800,179,0,30,1.099711,0.392774,29.3074
1,30,3.6000,180,0,30,1.115758,0.398450,29.3056
1,30,3.6200,181,0,30,1.131747,0.404134,29.3037
1,30,3.6400,182,0,30,1.147733,0.409747,29.3017
1,30,3.6600,183,0,30,1.163785,0.415129,29.2997
1,30,3.6800,184,0,30,1.179855,0.420411,29.2976
1,30,3.7000,185,0,30,1.195852,0.425634,29.2954
1,30,3.7200,186,0,30,1.211175,0.430974,29.2932
1,30,3.7400,187,0,30,1.226776,0.436630,29.2910
1,30,3.7600,188,0,30,1.242415,0.442186,29.2889
1,30,3.7800,189,0,30,1.266068,0.447686,29.2867
1,30,3.8000,190,0,30,1.290126,0.453297,29.2845
1,30,3.8200,191,0,30,1.308830,0.459050,29.2823
1,30,3.8400,192,0,30,1.323408,0.464912,29.2801
1,30,3.8600,193,0,30,1.338179,0.470821,29.2780
1,30,3.8800,194,0,30,1.352356,0.476717,29.2758
1,30,3.9000,195,0,30,1.365843,0.482606,29.2736
1,30,3.9200,196,0,30,1.378795,0.488524,29.2715
1,30,3.9400,197,0,30,1.391437,0.494399,29.2692
1,30,3.9600,198,0,30,1.403829,0.500342,29.2670
1,30,3.9800,199,0,30,1.416101,0.506400,29.2647
1,30,4.0000,200,0,30,1.428238,0.512539,29.2623
1,30,4.0200,201,0,30,1.440322,0.518542,29.2599
1,30,4.0400,202,0,30,1.452637,0.524713,29.2575
1,30,4.0600,203,0,30,1.464882,0.531101,29.2551
1,30,4.0800,204,0,30,1.476209,0.537265,29.2526
1,30,4.1000,205,0,30,1.489903,0.543527,29.2500
1,30,4.1200,206,0,30,1.497704,0.550049,29.2472
1,30,4.1400,207,0,30,1.516214,0.556535,29.2443
1,30,4.1600,208,0,30,1.537668,0.563216,29.2413
1,30,4.1800,209,0,30,1.559164,0.570625,29.2383
1,30,4.2000,210,0,30,1.578468,0.577389,29.2351
1,30,4.2200,211,0,30,1.597902,0.584800,29.2318
1,30,4.2400,212,0,30,1.617223,0.592214,29.2283
1,30,4.2600,213,0,30,1.636161,0.599624,29.2247
1,30,4.2800,214,0,30,1.654581,0.606964,29.2209
1,30,4.3000,215,0,30,1.672736,0.614352,29.2169
1,30,4.3200,216,0,30,1.690583,0.621831,29.2128
1,30,4.3400,217,0,30,1.708705,0.629414,29.2086
1,30,4.3600,218,0,30,1.728752,0.637048,29.2043
1,30,4.3800,219,0,30,1.749128,0.644823,29.2000
1,30,4.4000,220,0,30,1.770013,0.652510,29.1956
1,30,4.4200,221,0,30,1.792980,0.660186,29.1912
1,30,4.4400,222,0,30,1.821134,0.668217,29.1867
1,30,4.4600,223,0,30,1.842037,0.676386,29.1821
1,30,4.4800,224,0,30,1.863301,0.684694,29.1774
1,30,4.5000,225,0,30,1.885411,0.693009,29.1727
1,30,4.5200,226,0,30,1.908368,0.701382,29.1679
1,30,4.5400,227,0,30,1.932454,0.709527,29.1631
1,30,4.5600,228,0,30,1.956925,0.717552,29.1582
1,30,4.5800,229,0,30,1.981840,0.725852,29.1534
1,30,4.6000,230,0,30,2.007851,0.734545,29.1485
1,30,4.6200,231,0,30,2.035164,0.743466,29.1435
1,30,4.6400,232,0,30,2.063294,0.752555,29.1383
1,30,4.6600,233,0,30,2.091698,0.761733,29.1328
1,30,4.6800,234,0,30,2.120158,0.771000,29.1272
1,30,4.7000,235,0,30,2.148442,0.780723,29.1214
1,30,4.7200,236,0,30,2.176559,0.789983,29.1153
1,30,4.7400,237,0,30,2.208239,0.799404,29.1089
1,30,4.7600,238,0,30,2.233554,0.808859,29.1023
1,30,4.7800,239,0,30,2.259727,0.819878,29.0954
1,30,4.8000,240,0,30,2.289373,0.830691,29.0883
1,30,4.8200,241,0,30,2.321219,0.839498,29.0807
1,30,4.8400,242,0,30,2.354702,0.850152,29.0727
1,30,4.8600,243,0,30,2.388611,0.861011,29.0642
1,30,4.8800,244,0,30,2.423197,0.872043,29.0552
1,30,4.9000,245,0,30,2.458896,0.883040,29.0458
1,30,4.9200,246,0,30,2.496222,0.894200,29.0359
1,30,4.9400,247,0,30,2.535587,0.905362,29.0258
1,30,4.9600,248,0,30,2.577086,0.916804,29.0154
1,30,4.9800,249,0,30,2.617696,0.928293,29.0049
1,30,5.0000,250,0,30,2.660208,0.940822,28.9941
1,30,5.0200,251,0,30,2.708516,0.952650,28.9830
1,30,5.0400,252,0,30,2.756772,0.964199,28.9717
1,30,5.0600,253,0,30,2.805382,0.975897,28.9602
1,30,5.0800,254,0,30,2.854815,0.987868,28.9484
1,30,5.1000,255,0,30,2.905047,0.999725,28.9363
1,30,5.1200,256,0,30,2.955853,1.011849,28.9240
1,30,5.1400,257,0,30,3.007022,1.024262,28.9114
1,30,5.1600,258,0,30,3.058387,1.036810,28.8985
1,30,5.1800,259,0,30,3.109987,1.049475,28.8854
1,30,5.2000,260,0,30,3.161100,1.062857,28.8719
1,30,5.2200,261,0,30,3.212240,1.075585,28.8579
1,30,5.2400,262,0,30,3.264561,1.088588,28.8433
1,30,5.2600,263,0,30,3.316545,1.101740,28.8285
1,30,5.2800,264,0,30,3.369093,1.115228,28.8133
1,30,5.3000,265,0,30,3.421616,1.130200,28.7978
1,30,5.3200,266,0,30,3.474072,1.147150,28.7819
1,30,5.3400,267,0,30,3.526481,1.164804,28.7656
1,30,5.3600,268,0,30,3.577687,1.184312,28.7488
1,30,5.3800,269,0,30,3.628740,1.197183,28.7317
1,30,5.4000,270,0,30,3.680331,1.216056,28.7143
1,30,5.4200,271,0,30,3.732312,1.237991,28.6965
1,30,5.4400,272,0,30,3.784944,1.259317,28.6782
1,30,5.4600,273,0,30,3.837761,1.281125,28.6595
1,30,5.4800,274,0,30,3.892021,1.302710,28.6402
1,30,5.5000,275,0,30,3.946555,1.325569,28.6205
1,30,5.5200,276,0,30,4.002971,1.349793,28.6004
1,30,5.5400,277,0,30,4.059860,1.374084,28.5801
1,30,5.5600,278,0,30,4.117343,1.401586,28.5594
1,30,5.5800,279,0,30,4.171598,1.430207,28.5384
1,30,5.6000,280,0,30,4.223296,1.460253,28.5167
1,30,5.6200,281,0,30,4.276050,1.490392,28.4942
1,30,5.6400,282,0,30,4.328380,1.516611,28.4710
1,30,5.6600,283,0,30,4.382111,1.544803,28.4473
1,30,5.6800,284,0,30,4.437183,1.573440,28.4227
1,30,5.7000,285,0,30,4.489135,1.605370,28.3972
1,30,5.7200,286,0,30,4.537477,1.639049,28.3707
1,30,5.7400,287,0,30,4.583186,1.672647,28.3431
1,30,5.7600,288,0,30,4.632505,1.706121,28.3143
1,30,5.7800,289,0,30,4.683529,1.739402,28.2839
1,30,5.8000,290,0,30,4.739908,1.773571,28.2521
1,30,5.8200,291,0,30,4.803808,1.810791,28.2187
1,30,5.8400,292,0,30,4.874783,1.848746,28.1836
1,30,5.8600,293,0,30,4.953340,1.889134,28.1466
1,30,5.8800,294,0,30,5.033058,1.930896,28.1077
1,30,5.9000,295,0,30,5.119296,1.972789,28.0669
1,30,5.9200,296,0,30,5.210748,2.016056,28.0242
1,30,5.9400,297,0,30,5.304826,2.060940,27.9795
1,30,5.9600,298,0,30,5.402069,2.107395,27.9327
1,30,5.9800,299,0,30,5.503141,2.157080,27.8836
1,30,6.0000,300,0,30,5.608432,2.208766,27.8320
1,30,6.0200,301,0,30,5.717410,2.264224,27.7779
1,30,6.0400,302,0,30,5.832195,2.322265,27.7211
1,30,6.0600,303,0,30,5.953231,2.384115,27.6616
1,30,6.0800,304,0,30,6.083010,2.448506,27.5990
1,30,6.1000,305,0,30,6.211934,2.515853,27.5336
1,30,6.1200,306,0,30,6.340233,2.587653,27.4653
1,30,6.1400,307,0,30,6.470740,2.660472,27.3939
1,30,6.1600,308,0,30,6.593275,2.738779,27.3196
1,30,6.1800,309,0,30,6.716626,2.820155,27.2422
1,30,6.2000,310,0,30,6.840083,2.900490,27.1617
1,30,6.2200,311,0,30,6.964316,2.980948,27.0781
1,30,6.2400,312,0,30,7.090713,3.063169,26.9912
1,30,6.2600,313,0,30,7.216430,3.148797,26.9008
1,30,6.2800,314,0,30,7.340005,3.232488,26.8070
1,30,6.3000,315,0,30,7.462322,3.317684,26.7097
1,30,6.3200,316,0,30,7.586630,3.404351,26.6086
1,30,6.3400,317,0,30,7.715026,3.493118,26.5037
1,30,6.3600,318,0,30,7.848861,3.583369,26.3950
1,30,6.3800,319,0,30,7.985755,3.676482,26.2824
1,30,6.4000,320,0,30,8.125501,3.770902,26.1658
1,30,6.4200,321,0,30,8.267541,3.866562,26.0451
1,30,6.4400,322,0,30,8.411758,3.963299,25.9206
1,30,6.4600,323,0,30,8.558045,4.061282,25.7921
1,30,6.4800,324,0,30,8.706295,4.159630,25.6597
1,30,6.5000,325,0,30,8.856410,4.260561,25.5233
1,30,6.5200,326,0,30,9.008296,4.361656,25.3831
1,30,6.5400,327,0,30,9.161867,4.465110,25.2389
1,30,6.5600,328,0,30,9.317038,4.568260,25.0908
1,30,6.5800,329,0,30,9.473731,4.674024,24.9387
1,30,6.6000,330,0,30,9.631871,4.780122,24.7828
1,30,6.6200,331,0,30,9.791389,4.888011,24.6229
1,30,6.6400,332,0,30,9.952218,4.998064,24.4591
1,30,6.6600,333,0,30,10.114300,5.110122,24.2914
1,30,6.6800,334,0,30,10.277560,5.223837,24.1197
1,30,6.7000,335,0,30,10.441970,5.338654,23.9441
1,30,6.7200,336,0,30,10.607450,5.454600,23.7646
1,30,6.7400,337,0,30,10.773960,5.573079,23.5812
1,30,6.7600,338,0,30,10.941460,5.693863,23.3939
1,30,6.7800,339,0,30,11.109900,5.814394,23.2026
1,30,6.8000,340,0,30,11.279230,5.935198,23.0074
1,30,6.8200,341,0,30,11.449430,6.057159,22.8083
1,30,6.8400,342,0,30,11.620440,6.180360,22.6052
1,30,6.8600,343,0,30,11.792240,6.305860,22.3983
1,30,6.8800,344,0,30,11.964780,6.425734,22.1874
1,30,6.9000,345,0,30,12.138050,6.549032,21.9726
1,30,6.9200,346,0,30,12.312010,6.675649,21.7538
1,30,6.9400,347,0,30,12.486620,6.803483,21.5312
1,30,6.9600,348,0,30,12.661870,6.932110,21.3046
1,30,6.9800,349,0,30,12.837720,7.049354,21.0741
1,30,7.0000,350,0,30,13.014150,7.177083,20.8396
1,30,7.0200,351,0,30,13.191140,7.307770,20.6013
1,30,7.0400,352,0,30,13.368670,7.439549,20.3590
1,30,7.0600,353,0,30,13.546720,7.572188,20.1128
1,30,7.0800,354,0,30,13.725260,7.704663,19.8626
1,30,7.1000,355,0,30,13.904270,7.838286,19.6086
1,30,7.1200,356,0,30,14.083750,7.972863,19.3506
1,30,7.1400,357,0,30,14.263660,8.107442,19.0887
1,30,7.1600,358,0,30,14.444000,8.242735,18.8229
1,30,7.1800,359,0,30,14.624740,8.379224,18.5531
1,30,7.2000,360,0,30,14.805880,8.516435,18.2794
1,30,7.2200,361,0,30,14.987400,8.653197,18.0018
1,30,7.2400,362,0,30,15.169280,8.789690,17.7203
1,30,7.2600,363,0,30,15.351520,8.927545,17.4349
1,30,7.2800,364,0,30,15.534100,9.067861,17.1455
1,30,7.3000,365,0,30,15.717000,9.209013,16.8522
1,30,7.3200,366,0,30,15.900230,9.328906,16.5550
1,30,7.3400,367,0,30,16.083760,9.467777,16.2538
1,30,7.3600,368,0,30,16.267580,9.609267,15.9488
1,30,7.3800,369,0,30,16.451690,9.755186,15.6398
1,30,7.4000,370,0,30,16.636080,9.900086,15.3269
1,30,7.4200,371,0,30,16.820730,10.045390,15.0100
1,30,7.4400,372,0,30,17.005640,10.187940,14.6892
1,30,7.4600,373,0,30,17.190810,10.332700,14.3646
1,30,7.4800,374,0,30,17.376210,10.480180,14.0359
1,30,7.5000,375,0,30,17.561850,10.606150,13.7034
1,30,7.5200,376,0,30,17.747710,10.733960,13.3670
1,30,7.5400,377,0,30,17.933800,10.881670,13.0266
1,30,7.5600,378,0,30,18.120100,11.030780,12.6823
1,30,7.5800,379,0,30,18.306600,11.180600,12.3340
1,30,7.6000,380,0,30,18.493310,11.332500,11.9819
1,30,7.6200,381,0,30,18.680210,11.262610,11.6258
1,30,7.6400,382,0,30,18.867300,11.375000,11.2658
1,30,7.6600,383,0,30,19.054580,11.494450,10.9019
1,30,7.6800,384,0,30,19.242030,11.629220,10.5340
1,30,7.7000,385,0,30,19.429650,11.777180,10.1622
1,30,7.7200,386,0,30,19.617440,11.927470,9.7865
1,30,7.7400,387,0,30,19.805400,12.079010,9.4069
1,30,7.7600,388,0,30,19.993510,12.230980,9.0233
1,30,7.7800,389,0,30,20.181780,12.384740,8.6359
1,30,7.8000,390,0,30,20.370200,12.539660,8.2445
1,30,7.8200,391,0,30,20.558760,12.677010,7.8492
1,30,7.8400,392,0,30,20.747460,10.033600,7.4499
1,30,7.8600,393,0,30,20.936310,9.652746,7.0467
1,30,7.8800,394,0,30,21.125280,9.621562,6.6397
1,30,7.9000,395,0,30,21.314390,9.641933,6.2286
1,30,7.9200,396,0,30,21.503620,9.673840,5.8137
1,30,7.9400,397,0,30,22.512190,9.352662,5.3948
1,30,7.9600,398,0,30,21.882460,8.981408,5.1600
1,30,7.9800,399,0,30,22.072050,8.969372,4.9720
1,30,8.0000,400,0,30,22.261760,8.335095,4.7800
1,30,8.0200,401,0,30,23.723120,7.651345,4.5841
1,30,8.0400,402,0,30,23.411170,7.540689,4.3843
1,30,8.0600,403,0,30,23.203200,7.568686,4.1805
1,30,8.0800,404,0,30,23.593220,6.987026,3.9729
1,30,8.1000,405,0,30,25.515350,6.566073,3.7613
1,30,8.1200,406,0,30,25.663780,6.617979,3.5458
1,30,8.1400,407,0,30,27.013200,6.333472,3.3263
1,30,8.1600,408,0,30,29.169650,5.684658,3.1030
1,30,8.1800,409,0,30,29.304910,5.641164,2.8757
1,30,8.2000,410,0,30,29.440850,5.100733,2.6445
1,30,8.2200,411,1,29,13.128870,4.295619,2.5000
1,30,8.2400,412,1,29,13.304850,4.027781,2.5000
1,30,8.2600,413,1,29,13.481380,4.070911,2.5000
1,30,8.2800,414,2,28,13.658460,3.708384,2.4999
1,30,8.3000,415,2,28,13.836050,3.229444,2.4999
1,30,8.3200,416,2,28,14.014130,3.200657,2.4999
1,30,8.3400,417,2,28,14.192700,2.527472,2.4999
1,30,8.3600,418,2,28,14.775480,2.455704,2.4999
1,30,8.3800,419,2,28,9.010612,1.797092,2.4999
1,30,8.4000,420,2,28,6.514958,1.649523,2.4999
1,30,8.4200,421,3,27,6.707190,1.549264,2.4999
1,30,8.4400,422,3,27,6.899644,1.455133,2.4999
1,30,8.4600,423,3,27,7.092305,1.389371,2.4999
1,30,8.4800,424,3,27,7.285154,1.363280,2.4999
1,30,8.5000,425,3,27,7.478177,1.322284,2.4999
1,30,8.5200,426,4,26,5.041116,1.121797,2.4999
1,30,8.5400,427,4,26,4.981618,1.088731,2.4999
1,30,8.5600,428,4,26,4.929216,1.070865,2.4999
1,30,8.5800,429,4,26,4.884140,1.007793,2.4999
1,30,8.6000,430,4,26,4.846591,0.930123,2.4999
1,30,8.6200,431,7,23,4.816749,0.863749,2.4999
1,30,8.6400,432,7,23,4.794755,0.814116,2.4999
1,30,8.6600,433,7,23,4.780719,0.781813,2.4999
1,30,8.6800,434,7,23,4.774711,0.761942,2.4999
1,30,8.7000,435,7,23,4.776761,0.748553,2.4999
1,30,8.7200,436,7,23,4.786858,0.731029,2.4999
1,30,8.7400,437,7,23,4.804952,0.724516,2.4999
1,30,8.7600,438,7,23,4.830953,0.715381,2.4999
1,30,8.7800,439,7,23,4.864734,0.645808,2.4999
1,30,8.8000,440,10,20,4.906135,0.594628,2.4999
1,30,8.8200,441,11,19,4.954964,0.585064,2.4999
1,30,8.8400,442,11,19,5.011004,0.551293,2.4999
1,30,8.8600,443,11,19,5.074017,0.528323,2.4999
1,30,8.8800,444,11,19,5.143746,0.533416,2.4999
1,30,8.9000,445,11,19,5.219922,0.540494,2.4999
1,30,8.9200,446,11,19,5.302268,0.538953,2.4999
1,30,8.9400,447,11,19,5.390500,0.519103,2.4999
1,30,8.9600,448,11,19,5.484334,0.522240,2.4999
1,30,8.9800,449,11,19,5.583488,0.490883,2.4999
1,30,9.0000,450,11,19,5.687684,0.487978,2.4999
1,30,9.0200,451,11,19,5.796649,0.497970,2.4999
1,30,9.0400,452,11,19,5.910120,0.462747,2.4999
1,30,9.0600,453,12,18,6.027843,0.437917,2.4999
1,30,9.0800,454,12,18,6.149574,0.434153,2.4999
1,30,9.1000,455,13,17,6.275079,0.428620,2.4999
1,30,9.1200,456,13,17,6.404136,0.428956,2.4999
1,30,9.1400,457,13,17,3.861748,0.340055,2.4999
1,30,9.1600,458,15,15,3.832056,0.325743,2.4999
1,30,9.1800,459,16,14,3.800788,0.323540,2.4999
1,30,9.2000,460,16,14,3.779459,0.322866,2.4999
1,30,9.2200,461,16,14,3.768239,0.324523,2.4999
1,30,9.2400,462,16,14,3.767217,0.328010,2.4999
1,30,9.2600,463,16,14,3.776402,0.335967,2.4999
1,30,9.2800,464,16,14,3.795720,0.350307,2.4999
1,30,9.3000,465,16,14,3.825017,0.277106,2.4999
1,30,9.3200,466,16,14,3.864067,0.283519,2.4999
1,30,9.3400,467,16,14,3.912577,0.290641,2.4999
1,30,9.3600,468,17,13,3.970200,0.293143,2.4999
1,30,9.3800,469,17,13,4.036547,0.266366,2.4999
1,30,9.4000,470,17,13,4.111195,0.271713,2.4999
1,30,9.4200,471,17,13,4.193700,0.278096,2.4999
1,30,9.4400,472,17,13,4.283610,0.268299,2.4999
1,30,9.4600,473,17,13,1.823175,0.186062,2.4999
1,30,9.4800,474,17,13,1.730258,0.169989,2.4999
1,30,9.5000,475,17,13,1.636679,0.160188,2.4999
1,30,9.5200,476,17,13,1.561752,0.158264,2.4999
1,30,9.5400,477,18,12,1.484730,0.157010,2.4999
1,30,9.5600,478,18,12,1.416044,0.153650,2.4999
1,30,9.5800,479,19,11,1.353692,0.153263,2.4999
1,30,9.6000,480,19,11,1.299475,0.158953,2.4999
1,30,9.6200,481,19,11,1.363297,0.167534,2.4999
1,30,9.6400,482,23,7,1.446330,0.176574,2.4999
1,30,9.6600,483,23,7,1.535475,0.188538,2.4999
1,30,9.6800,484,23,7,1.627814,0.201693,2.4999
1,30,9.7000,485,23,7,1.597117,0.211679,2.4999
1,30,9.7200,486,23,7,1.148303,0.185166,2.4999
1,30,9.7400,487,23,7,1.222465,0.194679,2.4999
1,30,9.7600,488,23,7,1.300854,0.204678,2.4999
1,30,9.7800,489,23,7,1.382966,0.211841,2.4999
1,30,9.8000,490,23,7,1.469844,0.213294,2.4999
1,30,9.8200,491,23,7,1.560539,0.223431,2.4999
1,30,9.8400,492,23,7,1.656621,0.218855,2.4999
1,30,9.8600,493,23,7,1.756519,0.198380,2.4999
1,30,9.8800,494,23,7,1.862515,0.203384,2.4999
1,30,9.9000,495,23,7,1.971969,0.192647,2.4999
1,30,9.9200,496,23,7,2.087299,0.166116,2.4999
1,30,9.9400,497,23,7,2.176125,0.158780,2.4999
1,30,9.9600,498,23,7,1.761090,0.143695,2.4999
1,30,9.9800,499,23,7,1.080379,0.111717,2.4999
1,30,10.0000,500,23,7,1.150754,0.098390,2.4999
1,30,10.0200,501,23,7,1.225806,0.099515,2.4999
1,30,10.0400,502,23,7,1.304456,0.107813,2.4999
1,30,10.0600,503,23,7,1.388477,0.113343,2.4999
1,30,10.0800,504,23,7,1.475951,0.104668,2.4999
1,30,10.1000,505,23,7,1.569852,0.102227,2.4999
1,30,10.1200,506,23,7,1.610899,0.103402,2.4999
1,30,10.1400,507,23,7,1.304920,0.067661,2.4999
1,30,10.1600,508,23,7,1.325818,0.066325,2.4999
1,30,10.1800,509,23,7,1.383248,0.068064,2.4999
1,30,10.2000,510,23,7,1.449826,0.055076,2.4999
1,30,10.2200,511,24,6,1.519662,0.053927,2.4999
1,30,10.2400,512,24,6,1.594662,0.059322,2.4999
1,30,10.2600,513,24,6,1.676542,0.064154,2.4999
1,30,10.2800,514,24,6,1.762545,0.070229,2.4999
1,30,10.3001,515,24,6,1.854970,0.064986,2.4999
1,30,10.3201,516,25,5,1.769515,0.059556,2.4999
1,30,10.3401,517,25,5,0.591300,0.020151,2.4999
1,30,10.3601,518,25,5,0.496333,0.016680,2.4999
1,30,10.3801,519,25,5,0.397354,0.013262,2.4999
1,30,10.4001,520,26,4,0.297693,0.009937,2.4999
1,30,10.4201,521,26,4,0.199444,0.006654,2.4999
1,30,10.4401,522,26,4,0.101615,0.003389,2.4999
1,30,10.4601,523,26,4,0.004144,0.000139,2.4999
1,30,10.4801,524,26,4,0.093294,0.003110,2.4999
1,30,10.5001,525,27,3,0.190889,0.006363,2.4999
1,30,10.5201,526,27,3,0.289039,0.009635,2.4999
1,30,10.5401,527,27,3,0.388038,0.012935,2.4999
1,30,10.5601,528,27,3,0.488165,0.016272,2.4999
1,30,10.5801,529,27,3,0.589632,0.019655,2.4999
1,30,10.6001,530,28,2,0.239676,0.007989,2.4999
1,30,10.6201,531,28,2,0.027754,0.000925,2.4999
1,30,10.6401,532,28,2,0.020483,0.000683,2.4999
1,30,10.6601,533,28,2,0.007087,0.000236,2.4999
1,30,10.6801,534,28,2,0.001117,0.000037,2.4999
1,30,10.7001,535,28,2,0.000398,0.000014,2.4999
1,30,10.7201,536,29,1,0.000159,0.000005,2.4999
1,30,10.7401,537,29,1,0.000150,0.000005,2.4999
1,30,10.7601,538,29,1,0.000117,0.000004,2.4999
1,30,10.7801,539,29,1,0.000080,0.000003,2.4999
1,30,10.8001,540,29,1,0.000084,0.000003,2.4999
1,30,10.8201,541,29,1,0.000079,0.000003,2.4999
1,30,10.8401,542,29,1,0.000085,0.000003,2.4999
1,30,10.8601,543,29,1,0.000076,0.000003,2.4999
1,30,10.8801,544,29,1,0.000087,0.000003,2.4999
1,30,10.9001,545,29,1,0.000072,0.000002,2.4999
1,30,10.9201,546,29,1,0.000088,0.000003,2.4999
1,30,10.9401,547,29,1,0.000087,0.000003,2.4999
1,30,10.9601,548,29,1,0.000086,0.000003,2.4999
1,30,10.9801,549,29,1,0.000087,0.000003,2.4999
1,30,11.0001,550,29,1,0.000086,0.000003,2.4999
1,30,11.0201,551,29,1,0.000079,0.000003,2.4999
1,30,11.0401,552,29,1,0.000082,0.000003,2.4999
1,30,11.0601,553,30,0,0.000000,0.000000,2.4999
2,30,0.0200,1,0,30,0.000000,0.000000,29.5000
2,30,0.0400,2,0,30,0.196018,0.151567,29.4961
2,30,0.0600,3,0,30,0.386014,0.276729,29.4883
2,30,0.0800,4,0,30,0.554687,0.377094,29.4769
2,30,0.1000,5,0,30,0.689060,0.453162,29.4625
2,30,0.1200,6,0,30,0.782926,0.505246,29.4462
2,30,0.1400,7,0,30,0.835429,0.533914,29.4287
2,30,0.1600,8,0,30,0.848976,0.540277,29.4109
2,30,0.1800,9,0,30,0.827790,0.526079,29.3936
2,30,0.2000,10,0,30,0.776970,0.493712,29.3773
2,30,0.2200,11,0,30,0.702094,0.446107,29.3628
2,30,0.2400,12,0,30,0.608890,0.386527,29.3502
2,30,0.2600,13,0,30,0.503366,0.318464,29.3399
2,30,0.2800,14,0,30,0.391785,0.245493,29.3321
2,30,0.3000,15,0,30,0.281373,0.171258,29.3268
2,30,0.3200,16,0,30,0.183425,0.100186,29.3240
2,30,0.3400,17,0,30,0.125360,0.040974,29.3235
2,30,0.3600,18,0,30,0.143832,0.056214,29.3252
2,30,0.3800,19,0,30,0.204146,0.107795,29.3287
2,30,0.4000,20,0,30,0.266468,0.153090,29.3337
2,30,0.4200,21,0,30,0.318297,0.188928,29.3400
2,30,0.4400,22,0,30,0.355887,0.214476,29.3471
2,30,0.4600,23,0,30,0.378228,0.229638,29.3547
2,30,0.4800,24,0,30,0.385550,0.234802,29.3624
2,30,0.5000,25,0,30,0.378963,0.230740,29.3700
2,30,0.5200,26,0,30,0.360107,0.218537,29.3772
2,30,0.5400,27,0,30,0.331156,0.199512,29.3837
2,30,0.5600,28,0,30,0.294789,0.175168,29.3894
2,30,0.5800,29,0,30,0.253898,0.147177,29.3941
2,30,0.6000,30,0,30,0.212146,0.117367,29.3978
2,30,0.6200,31,0,30,0.174001,0.087886,29.4003
2,30,0.6400,32,0,30,0.145408,0.061758,29.4018
2,30,0.6600,33,0,30,0.132522,0.045099,29.4023
2,30,0.6800,34,0,30,0.136958,0.049473,29.4017
2,30,0.7000,35,0,30,0.153236,0.065491,29.4004
2,30,0.7200,36,0,30,0.173941,0.082468,29.3983
2,30,0.7400,37,0,30,0.193962,0.097366,29.3957
2,30,0.7600,38,0,30,0.210614,0.108744,29.3927
2,30,0.7800,39,0,30,0.222686,0.116157,29.3894
2,30,0.8000,40,0,30,0.229840,0.119588,29.3860
2,30,0.8200,41,0,30,0.232365,0.119292,29.3826
2,30,0.8400,42,0,30,0.230979,0.115711,29.3795
2,30,0.8600,43,0,30,0.226634,0.109420,29.3765
2,30,0.8800,44,0,30,0.220523,0.101233,29.3739
2,30,0.9000,45,0,30,0.213866,0.091957,29.3718
2,30,0.9200,46,0,30,0.207860,0.082478,29.3701
2,30,0.9400,47,0,30,0.203464,0.073727,29.3688
2,30,0.9600,48,0,30,0.201271,0.066665,29.3681
2,30,0.9800,49,0,30,0.201454,0.062205,29.3677
2,30,1.0000,50,0,30,0.203733,0.061200,29.3679
2,30,1.0200,51,0,30,0.207510,0.063684,29.3684
2,30,1.0400,52,0,30,0.212097,0.068011,29.3692
2,30,1.0600,53,0,30,0.216832,0.072593,29.3702
2,30,1.0800,54,0,30,0.221171,0.076661,29.3715
2,30,1.1000,55,0,30,0.224791,0.079818,29.3729
2,30,1.1200,56,0,30,0.227539,0.081914,29.3743
2,30,1.1400,57,0,30,0.229422,0.082962,29.3758
2,30,1.1600,58,0,30,0.230579,0.083093,29.3771
2,30,1.1800,59,0,30,0.231215,0.082526,29.3784
2,30,1.2000,60,0,30,0.231636,0.081532,29.3795
2,30,1.2200,61,0,30,0.232112,0.080401,29.3805
2,30,1.2400,62,0,30,0.232894,0.079429,29.3812
2,30,1.2600,63,0,30,0.234153,0.078876,29.3818
2,30,1.2800,64,0,30,0.235999,0.078946,29.3821
2,30,1.3000,65,0,30,0.238474,0.079736,29.3822
2,30,1.3200,66,0,30,0.241490,0.081204,29.3822
2,30,1.3400,67,0,30,0.244966,0.083182,29.3820
2,30,1.3600,68,0,30,0.248802,0.085400,29.3816
2,30,1.3800,69,0,30,0.252854,0.087634,29.3811
2,30,1.4000,70,0,30,0.257004,0.089722,29.3805
2,30,1.4200,71,0,30,0.261179,0.091563,29.3798
2,30,1.4400,72,0,30,0.265313,0.093117,29.3791
2,30,1.4600,73,0,30,0.269410,0.094387,29.3784
2,30,1.4800,74,0,30,0.273445,0.095401,29.3777
2,30,1.5000,75,0,30,0.277430,0.096210,29.3771
2,30,1.5200,76,0,30,0.281393,0.096877,29.3765
2,30,1.5400,77,0,30,0.285412,0.097470,29.3760
2,30,1.5600,78,0,30,0.289518,0.098055,29.3756
2,30,1.5800,79,0,30,0.293679,0.098681,29.3752
2,30,1.6000,80,0,30,0.297920,0.099390,29.3749
2,30,1.6200,81,0,30,0.302266,0.100205,29.3747
2,30,1.6400,82,0,30,0.306691,0.101129,29.3746
2,30,1.6600,83,0,30,0.311199,0.102150,29.3746
2,30,1.6800,84,0,30,0.315733,0.103249,29.3746
2,30,1.7000,85,0,30,0.320351,0.104400,29.3747
2,30,1.7200,86,0,30,0.324985,0.105579,29.3748
2,30,1.7400,87,0,30,0.329637,0.106763,29.3750
2,30,1.7600,88,0,30,0.334309,0.107937,29.3751
2,30,1.7800,89,0,30,0.336996,0.109120,29.3751
2,30,1.8000,90,0,30,0.341164,0.110327,29.3751
2,30,1.8200,91,0,30,0.346629,0.111476,29.3751
2,30,1.8400,92,0,30,0.346182,0.112714,29.3751
2,30,1.8600,93,0,30,0.346895,0.113924,29.3750
2,30,1.8800,94,0,30,0.348962,0.115160,29.3748
2,30,1.9000,95,0,30,0.348886,0.116602,29.3746
2,30,1.9200,96,0,30,0.349079,0.118163,29.3744
2,30,1.9400,97,0,30,0.350795,0.119913,29.3741
2,30,1.9600,98,0,30,0.354817,0.121740,29.3738
2,30,1.9800,99,0,30,0.360490,0.123575,29.3735
2,30,2.0000,100,0,30,0.367579,0.125215,29.3731
2,30,2.0200,101,0,30,0.375201,0.126980,29.3726
2,30,2.0400,102,0,30,0.383349,0.128765,29.3722
2,30,2.0600,103,0,30,0.391025,0.130701,29.3717
2,30,2.0800,104,0,30,0.398533,0.132738,29.3712
2,30,2.1000,105,0,30,0.406307,0.134531,29.3707
2,30,2.1200,106,0,30,0.413457,0.136546,29.3701
2,30,2.1400,107,0,30,0.420407,0.138602,29.3695
2,30,2.1600,108,0,30,0.427451,0.140625,29.3690
2,30,2.1800,109,0,30,0.434994,0.142317,29.3685
2,30,2.2000,110,0,30,0.442206,0.144280,29.3680
2,30,2.2200,111,0,30,0.449174,0.146268,29.3674
2,30,2.2400,112,0,30,0.456111,0.148259,29.3669
2,30,2.2600,113,0,30,0.463073,0.150236,29.3664
2,30,2.2800,114,0,30,0.470086,0.152200,29.3660
2,30,2.3000,115,0,30,0.477449,0.154224,29.3657
2,30,2.3200,116,0,30,0.484649,0.156441,29.3652
2,30,2.3400,117,0,30,0.491601,0.158712,29.3647
2,30,2.3600,118,0,30,0.498597,0.161020,29.3643
2,30,2.3800,119,0,30,0.505737,0.162886,29.3639
2,30,2.4000,120,0,30,0.513025,0.165052,29.3635
2,30,2.4200,121,0,30,0.520265,0.167084,29.3631
2,30,2.4400,122,0,30,0.527493,0.169209,29.3627
2,30,2.4600,123,0,30,0.534724,0.171432,29.3623
2,30,2.4800,124,0,30,0.541930,0.173467,29.3620
2,30,2.5000,125,0,30,0.549082,0.175668,29.3616
2,30,2.5200,126,0,30,0.556059,0.178343,29.3613
2,30,2.5400,127,0,30,0.562912,0.180977,29.3608
2,30,2.5600,128,0,30,0.569665,0.183626,29.3604
2,30,2.5800,129,0,30,0.576350,0.186295,29.3600
2,30,2.6000,130,0,30,0.583066,0.188969,29.3596
2,30,2.6200,131,0,30,0.589727,0.191646,29.3591
2,30,2.6400,132,0,30,0.596319,0.194322,29.3587
2,30,2.6600,133,0,30,0.602850,0.197007,29.3583
2,30,2.6800,134,0,30,0.609343,0.199706,29.3579
2,30,2.7000,135,0,30,0.615848,0.202397,29.3575
2,30,2.7200,136,0,30,0.622320,0.205131,29.3570
2,30,2.7400,137,0,30,0.628794,0.207920,29.3566
2,30,2.7600,138,0,30,0.638774,0.210784,29.3561
2,30,2.7800,139,0,30,0.655225,0.213652,29.3556
2,30,2.8000,140,0,30,0.670576,0.216846,29.3551
2,30,2.8200,141,0,30,0.677526,0.220218,29.3545
2,30,2.8400,142,0,30,0.685312,0.223707,29.3538
2,30,2.8600,143,0,30,0.692859,0.227449,29.3530
2,30,2.8800,144,0,30,0.700054,0.231369,29.3522
2,30,2.9000,145,0,30,0.707133,0.235359,29.3512
2,30,2.9200,146,0,30,0.714193,0.239263,29.3502
2,30,2.9400,147,0,30,0.721264,0.243156,29.3492
2,30,2.9600,148,0,30,0.728387,0.247001,29.3481
2,30,2.9800,149,0,30,0.735631,0.250848,29.3471
2,30,3.0000,150,0,30,0.742005,0.254715,29.3461
2,30,3.0200,151,0,30,0.748608,0.258985,29.3450
2,30,3.0400,152,0,30,0.755257,0.262999,29.3441
2,30,3.0600,153,0,30,0.761593,0.267202,29.3432
2,30,3.0800,154,0,30,0.767607,0.271557,29.3423
2,30,3.1000,155,0,30,0.773699,0.276026,29.3415
2,30,3.1200,156,0,30,0.780148,0.280581,29.3407
2,30,3.1400,157,0,30,0.787063,0.285247,29.3399
2,30,3.1600,158,0,30,0.794512,0.290653,29.3392
2,30,3.1800,159,0,30,0.802475,0.295482,29.3385
2,30,3.2000,160,0,30,0.810942,0.300180,29.3377
2,30,3.2200,161,0,30,0.819845,0.304912,29.3370
2,30,3.2400,162,0,30,0.829181,0.309668,29.3363
2,30,3.2600,163,0,30,0.838565,0.314433,29.3355
2,30,3.2800,164,0,30,0.848228,0.319194,29.3348
2,30,3.3000,165,0,30,0.858342,0.323953,29.3339
2,30,3.3200,166,0,30,0.868757,0.328415,29.3329
2,30,3.3400,167,0,30,0.879122,0.332915,29.3318
2,30,3.3600,168,0,30,0.889501,0.337397,29.3307
2,30,3.3800,169,0,30,0.900105,0.341872,29.3295
2,30,3.4000,170,0,30,0.911104,0.346372,29.3282
2,30,3.4200,171,0,30,0.922772,0.350891,29.3269
2,30,3.4400,172,0,30,0.936587,0.355488,29.3255
2,30,3.4600,173,0,30,0.952685,0.360257,29.3243
2,30,3.4800,174,0,30,0.970557,0.365256,29.3230
2,30,3.5000,175,0,30,0.986800,0.370293,29.3217
2,30,3.5200,176,0,30,1.002082,0.375336,29.3205
2,30,3.5400,177,0,30,1.016786,0.380480,29.3191
2,30,3.5600,178,0,30,1.031201,0.385739,29.3178
2,30,3.5800,179,0,30,1.045007,0.391081,29.3165
2,30,3.6000,180,0,30,1.058389,0.396472,29.3152
2,30,3.6200,181,0,30,1.072246,0.401776,29.3138
2,30,3.6400,182,0,30,1.086761,0.407346,29.3124
2,30,3.6600,183,0,30,1.101959,0.413077,29.3111
2,30,3.6800,184,0,30,1.117246,0.418489,29.3099
2,30,3.7000,185,0,30,1.132487,0.423997,29.3086
2,30,3.7200,186,0,30,1.147654,0.429636,29.3072
2,30,3.7400,187,0,30,1.162801,0.435014,29.3058
2,30,3.7600,188,0,30,1.177884,0.440658,29.3044
2,30,3.7800,189,0,30,1.192856,0.446552,29.3028
2,30,3.8000,190,0,30,1.208032,0.452433,29.3010
2,30,3.8200,191,0,30,1.223582,0.457925,29.2992
2,30,3.8400,192,0,30,1.239449,0.463410,29.2972
2,30,3.8600,193,0,30,1.255562,0.468903,29.2951
2,30,3.8800,194,0,30,1.271856,0.474497,29.2929
2,30,3.9000,195,0,30,1.288332,0.480123,29.2906
2,30,3.9200,196,0,30,1.303928,0.485831,29.2882
2,30,3.9400,197,0,30,1.321108,0.491623,29.2857
2,30,3.9600,198,0,30,1.338971,0.497496,29.2831
2,30,3.9800,199,0,30,1.356942,0.503487,29.2805
2,30,4.0000,200,0,30,1.375046,0.509539,29.2778
2,30,4.0200,201,0,30,1.393335,0.515635,29.2751
2,30,4.0400,202,0,30,1.412562,0.521842,29.2724
2,30,4.0600,203,0,30,1.431916,0.528048,29.2695
2,30,4.0800,204,0,30,1.452028,0.534348,29.2666
2,30,4.1000,205,0,30,1.472991,0.540646,29.2637
2,30,4.1200,206,0,30,1.494513,0.547049,29.2608
2,30,4.1400,207,0,30,1.516361,0.553399,29.2579
2,30,4.1600,208,0,30,1.538296,0.560053,29.2549
2,30,4.1800,209,0,30,1.560297,0.566695,29.2519
2,30,4.2000,210,0,30,1.582394,0.573117,29.2488
2,30,4.2200,211,0,30,1.604892,0.579663,29.2458
2,30,4.2400,212,0,30,1.627545,0.586443,29.2428
2,30,4.2600,213,0,30,1.650380,0.593529,29.2398
2,30,4.2800,214,0,30,1.673264,0.600813,29.2367
2,30,4.3000,215,0,30,1.696035,0.608216,29.2336
2,30,4.3200,216,0,30,1.718495,0.615693,29.2304
2,30,4.3400,217,0,30,1.740601,0.623236,29.2271
2,30,4.3600,218,0,30,1.762413,0.630847,29.2237
2,30,4.3800,219,0,30,1.784006,0.638514,29.2202
2,30,4.4000,220,0,30,1.805566,0.646174,29.2165
2,30,4.4200,221,0,30,1.827251,0.653845,29.2127
2,30,4.4400,222,0,30,1.849168,0.661571,29.2087
2,30,4.4600,223,0,30,1.871461,0.669425,29.2046
2,30,4.4800,224,0,30,1.894189,0.677410,29.2003
2,30,4.5000,225,0,30,1.917450,0.685391,29.1958
2,30,4.5200,226,0,30,1.941322,0.693449,29.1911
2,30,4.5400,227,0,30,1.965788,0.701805,29.1862
2,30,4.5600,228,0,30,1.990798,0.710129,29.1811
2,30,4.5800,229,0,30,2.016375,0.720166,29.1758
2,30,4.6000,230,0,30,2.042191,0.730162,29.1702
2,30,4.6200,231,0,30,2.069105,0.739956,29.1644
2,30,4.6400,232,0,30,2.097152,0.749812,29.1584
2,30,4.6600,233,0,30,2.125689,0.759331,29.1521
2,30,4.6800,234,0,30,2.154863,0.768944,29.1456
2,30,4.7000,235,0,30,2.184709,0.777946,29.1390
2,30,4.7200,236,0,30,2.215198,0.787596,29.1322
2,30,4.7400,237,0,30,2.246272,0.797245,29.1252
2,30,4.7600,238,0,30,2.277819,0.807093,29.1180
2,30,4.7800,239,0,30,2.309814,0.817113,29.1107
2,30,4.8000,240,0,30,2.342195,0.827316,29.1033
2,30,4.8200,241,0,30,2.374964,0.837695,29.0957
2,30,4.8400,242,0,30,2.408099,0.848175,29.0879
2,30,4.8600,243,0,30,2.441667,0.858584,29.0800
2,30,4.8800,244,0,30,2.475749,0.869066,29.0719
2,30,4.9000,245,0,30,2.510408,0.879722,29.0636
2,30,4.9200,246,0,30,2.545624,0.890619,29.0552
2,30,4.9400,247,0,30,2.581474,0.901502,29.0465
2,30,4.9600,248,0,30,2.618004,0.912628,29.0376
2,30,4.9800,249,0,30,2.655144,0.925782,29.0284
2,30,5.0000,250,0,30,2.692927,0.938397,29.0188
2,30,5.0200,251,0,30,2.731620,0.952554,29.0088
2,30,5.0400,252,0,30,2.771758,0.964087,28.9984
2,30,5.0600,253,0,30,2.813229,0.977588,28.9877
2,30,5.0800,254,0,30,2.856278,0.995703,28.9766
2,30,5.1000,255,0,30,2.900062,1.013600,28.9651
2,30,5.1200,256,0,30,2.944587,1.028465,28.9530
2,30,5.1400,257,0,30,2.990916,1.042898,28.9401
2,30,5.1600,258,0,30,3.038316,1.057536,28.9267
2,30,5.1800,259,0,30,3.086736,1.072591,28.9125
2,30,5.2000,260,0,30,3.137102,1.087871,28.8976
2,30,5.2200,261,0,30,3.189022,1.102407,28.8822
2,30,5.2400,262,0,30,3.241357,1.117606,28.8664
2,30,5.2600,263,0,30,3.293940,1.131713,28.8501
2,30,5.2800,264,0,30,3.347919,1.146295,28.8335
2,30,5.3000,265,0,30,3.401937,1.160640,28.8168
2,30,5.3200,266,0,30,3.455470,1.172771,28.8000
2,30,5.3400,267,0,30,3.507484,1.187637,28.7831
2,30,5.3600,268,0,30,3.559699,1.205490,28.7660
2,30,5.3800,269,0,30,3.613200,1.224651,28.7488
2,30,5.4000,270,0,30,3.667126,1.246093,28.7316
2,30,5.4200,271,0,30,3.720698,1.267920,28.7143
2,30,5.4400,272,0,30,3.773259,1.292552,28.6968
2,30,5.4600,273,0,30,3.824104,1.317771,28.6792
2,30,5.4800,274,0,30,3.872149,1.341118,28.6613
2,30,5.5000,275,0,30,3.919951,1.369287,28.6428
2,30,5.5200,276,0,30,3.967035,1.394850,28.6239
2,30,5.5400,277,0,30,4.013739,1.423025,28.6048
2,30,5.5600,278,0,30,4.058985,1.450671,28.5853
2,30,5.5800,279,0,30,4.102553,1.479282,28.5655
2,30,5.6000,280,0,30,4.144996,1.510475,28.5453
2,30,5.6200,281,0,30,4.187503,1.543367,28.5246
2,30,5.6400,282,0,30,4.229813,1.576828,28.5034
2,30,5.6600,283,0,30,4.272052,1.607195,28.4816
2,30,5.6800,284,0,30,4.313641,1.639844,28.4591
2,30,5.7000,285,0,30,4.354372,1.671166,28.4355
2,30,5.7200,286,0,30,4.391198,1.705068,28.4104
2,30,5.7400,287,0,30,4.426125,1.736330,28.3841
2,30,5.7600,288,0,30,4.458414,1.774430,28.3565
2,30,5.7800,289,0,30,4.490552,1.813751,28.3276
2,30,5.8000,290,0,30,4.525642,1.854475,28.2970
2,30,5.8200,291,0,30,4.559139,1.894755,28.2646
2,30,5.8400,292,0,30,4.596656,1.936074,28.2306
2,30,5.8600,293,0,30,4.642411,1.981027,28.1949
2,30,5.8800,294,0,30,4.699532,2.030303,28.1575
2,30,5.9000,295,0,30,4.768800,2.082785,28.1183
2,30,5.9200,296,0,30,4.850605,2.136353,28.0770
2,30,5.9400,297,0,30,4.941600,2.191761,28.0338
2,30,5.9600,298,0,30,5.042766,2.248500,27.9884
2,30,5.9800,299,0,30,5.146435,2.307895,27.9409
2,30,6.0000,300,0,30,5.255877,2.369022,27.8914
2,30,6.0200,301,0,30,5.369182,2.432796,27.8400
2,30,6.0400,302,0,30,5.482800,2.499745,27.7862
2,30,6.0600,303,0,30,5.592147,2.570018,27.7300
2,30,6.0800,304,0,30,5.701674,2.643999,27.6714
2,30,6.1000,305,0,30,5.812281,2.720390,27.6103
2,30,6.1200,306,0,30,5.924133,2.800417,27.5468
2,30,6.1400,307,0,30,6.038021,2.884415,27.4807
2,30,6.1600,308,0,30,6.151980,2.968503,27.4118
2,30,6.1800,309,0,30,6.266632,3.053043,27.3401
2,30,6.2000,310,0,30,6.379566,3.140563,27.2654
2,30,6.2200,311,0,30,6.493897,3.230489,27.1876
2,30,6.2400,312,0,30,6.611228,3.325285,27.1065
2,30,6.2600,313,0,30,6.732430,3.419001,27.0221
2,30,6.2800,314,0,30,6.856579,3.513947,26.9339
2,30,6.3000,315,0,30,6.983221,3.610370,26.8419
2,30,6.3200,316,0,30,7.114366,3.706322,26.7458
2,30,6.3400,317,0,30,7.248450,3.805197,26.6457
2,30,6.3600,318,0,30,7.385312,3.905233,26.5417
2,30,6.3800,319,0,30,7.524801,4.006114,26.4337
2,30,6.4000,320,0,30,7.666774,4.108257,26.3218
2,30,6.4200,321,0,30,7.811095,4.212600,26.2060
2,30,6.4400,322,0,30,7.957635,4.319207,26.0863
2,30,6.4600,323,0,30,8.106277,4.427186,25.9626
2,30,6.4800,324,0,30,8.256904,4.536502,25.8350
2,30,6.5000,325,0,30,8.409410,4.647257,25.7035
2,30,6.5200,326,0,30,8.563697,4.759816,25.5681
2,30,6.5400,327,0,30,8.719668,4.873937,25.4287
2,30,6.5600,328,0,30,8.877236,4.990918,25.2854
2,30,6.5800,329,0,30,9.036316,5.111041,25.1382
2,30,6.6000,330,0,30,9.196830,5.233702,24.9871
2,30,6.6200,331,0,30,9.358705,5.358992,24.8320
2,30,6.6400,332,0,30,9.521870,5.485072,24.6731
2,30,6.6600,333,0,30,9.686261,5.612329,24.5102
2,30,6.6800,334,0,30,9.851816,5.740095,24.3433
2,30,6.7000,335,0,30,10.018480,5.868737,24.1726
2,30,6.7200,336,0,30,10.186190,5.998087,23.9979
2,30,6.7400,337,0,30,10.354910,6.128398,23.8193
2,30,6.7600,338,0,30,10.524580,6.259698,23.6368
2,30,6.7800,339,0,30,10.695150,6.392007,23.4504
2,30,6.8000,340,0,30,10.866600,6.524829,23.2600
2,30,6.8200,341,0,30,11.038860,6.658363,23.0657
2,30,6.8400,342,0,30,11.211910,6.790305,22.8675
2,30,6.8600,343,0,30,11.385720,6.923582,22.6653
2,30,6.8800,344,0,30,11.560240,7.058534,22.4593
2,30,6.9000,345,0,30,11.735440,7.195062,22.2493
2,30,6.9200,346,0,30,11.911300,7.317951,22.0354
2,30,6.9400,347,0,30,12.087790,7.452303,21.8175
2,30,6.9600,348,0,30,12.264870,7.591856,21.5958
2,30,6.9800,349,0,30,12.442530,7.733758,21.3701
2,30,7.0000,350,0,30,12.620740,7.876421,21.1405
2,30,7.0200,351,0,30,12.799470,8.019500,20.9069
2,30,7.0400,352,0,30,12.978710,8.162876,20.6695
2,30,7.0600,353,0,30,13.158430,8.305926,20.4281
2,30,7.0800,354,0,30,13.338620,8.449922,20.1828
2,30,7.1000,355,0,30,13.519250,8.594541,19.9336
2,30,7.1200,356,0,30,13.700310,8.739757,19.6804
2,30,7.1400,357,0,30,13.881790,8.885003,19.4233
2,30,7.1600,358,0,30,14.063650,9.030241,19.1623
2,30,7.1800,359,0,30,14.245900,9.176095,18.8974
2,30,7.2000,360,0,30,14.428520,9.322878,18.6285
2,30,7.2200,361,0,30,14.611480,9.470952,18.3558
2,30,7.2400,362,0,30,14.794790,9.620341,18.0791
2,30,7.2600,363,0,30,14.978420,9.765637,17.7984
2,30,7.2800,364,0,30,15.162370,9.917249,17.5139
2,30,7.3000,365,0,30,15.346620,10.070820,17.2254
2,30,7.3200,366,0,30,15.531160,10.225290,16.9330
2,30,7.3400,367,0,30,15.715990,10.381670,16.6367
2,30,7.3600,368,0,30,15.901090,10.539130,16.3365
2,30,7.3800,369,0,30,16.086450,10.697840,16.0323
2,30,7.4000,370,0,30,16.272060,10.839470,15.7242
2,30,7.4200,371,0,30,16.457930,10.975560,15.4122
2,30,7.4400,372,0,30,16.644020,11.101280,15.0963
2,30,7.4600,373,0,30,16.830350,11.254420,14.7764
2,30,7.4800,374,0,30,17.016900,11.415940,14.4526
2,30,7.5000,375,0,30,17.203670,11.408800,14.1249
2,30,7.5200,376,0,30,17.390640,11.428540,13.7933
2,30,7.5400,377,0,30,17.577810,11.576790,13.4577
2,30,7.5600,378,0,30,17.765180,11.738890,13.1182
2,30,7.5800,379,0,30,17.952730,11.898390,12.7748
2,30,7.6000,380,0,30,18.140470,11.803330,12.4275
2,30,7.6200,381,0,30,18.328390,11.946590,12.0762
2,30,7.6400,382,0,30,18.516480,12.101960,11.7211
2,30,7.6600,383,0,30,18.704730,12.260640,11.3620
2,30,7.6800,384,0,30,18.893150,12.421430,10.9989
2,30,7.7000,385,0,30,19.081720,12.582490,10.6320
2,30,7.7200,386,0,30,19.270450,12.738470,10.2611
2,30,7.7400,387,0,30,19.459320,11.225760,9.8863
2,30,7.7600,388,0,30,19.648340,11.390200,9.5076
2,30,7.7800,389,0,30,19.837490,10.972510,9.1249
2,30,7.8000,390,0,30,20.026790,10.681050,8.7384
2,30,7.8200,391,0,30,20.216210,10.575830,8.3479
2,30,7.8400,392,0,30,20.405760,10.612740,7.9535
2,30,7.8600,393,0,30,20.595440,9.975829,7.5551
2,30,7.8800,394,0,30,20.785240,9.986935,7.1529
2,30,7.9000,395,0,30,20.975150,8.801057,6.7467
2,30,7.9200,396,0,30,21.165180,8.811376,6.3365
2,30,7.9400,397,0,30,21.355320,8.224345,5.9225
2,30,7.9600,398,0,30,21.545570,8.140773,5.5045
2,30,7.9800,399,0,30,21.735930,7.336670,5.0827
2,30,8.0000,400,0,30,20.297270,6.733892,4.9607
2,30,8.0200,401,0,30,20.604130,6.671761,4.7561
2,30,8.0400,402,0,30,20.749470,6.271218,4.4655
2,30,8.0600,403,0,30,21.083850,5.866138,4.1599
2,30,8.0800,404,0,30,21.228340,5.443235,3.8469
2,30,8.1000,405,1,29,21.719070,4.153524,3.5423
2,30,8.1200,406,1,29,21.858580,4.162845,3.2314
2,30,8.1400,407,1,29,21.999450,3.589980,2.9145
2,30,8.1600,408,1,29,22.141170,3.508078,2.5937
2,30,8.1800,409,1,29,23.667790,2.737232,2.3166
2,30,8.2000,410,1,29,24.605090,2.689959,2.0235
2,30,8.2200,411,1,29,24.726260,2.686607,1.8328
2,30,8.2400,412,1,29,24.848400,2.676882,1.8027
2,30,8.2600,413,1,29,24.971490,2.564188,1.7675
2,30,8.2800,414,2,28,25.095500,2.281050,1.7271
2,30,8.3000,415,2,28,25.220430,1.857415,1.6828
2,30,8.3200,416,3,27,7.643151,1.187553,1.6345
2,30,8.3400,417,3,27,7.499104,1.155450,1.6265
2,30,8.3600,418,3,27,7.357469,1.150932,1.6221
2,30,8.3800,419,3,27,7.218389,1.153489,1.6176
2,30,8.4000,420,3,27,7.082013,1.117258,1.6132
2,30,8.4200,421,3,27,6.948501,1.110664,1.6090
2,30,8.4400,422,3,27,6.818020,1.107341,1.6052
2,30,8.4600,423,3,27,6.690750,1.113329,1.6015
2,30,8.4800,424,3,27,6.566876,1.068949,1.5970
2,30,8.5000,425,3,27,6.446594,1.072104,1.5909
2,30,8.5200,426,3,27,6.330109,1.069825,1.5968
2,30,8.5400,427,3,27,6.217634,1.061539,1.6667
2,30,8.5600,428,4,26,6.109390,1.062132,1.7328
2,30,8.5800,429,9,21,6.005607,1.052476,1.7949
2,30,8.6000,430,9,21,5.906519,0.864761,1.8531
2,30,8.6200,431,9,21,5.812367,0.859734,1.9074
2,30,8.6400,432,9,21,5.723395,0.857728,1.9577
2,30,8.6600,433,9,21,5.639847,0.872854,2.0041
2,30,8.6800,434,9,21,5.561968,0.887777,2.0467
2,30,8.7000,435,9,21,5.489998,0.888210,2.0852
2,30,8.7200,436,9,21,5.424175,0.824674,2.1199
2,30,8.7400,437,9,21,5.364723,0.818636,2.1506
2,30,8.7600,438,9,21,5.311856,0.828543,2.1774
2,30,8.7800,439,9,21,5.265774,0.808953,2.2003
2,30,8.8000,440,9,21,5.226655,0.808780,2.2193
2,30,8.8200,441,9,21,5.194656,0.826047,2.2343
2,30,8.8400,442,9,21,5.169910,0.810051,2.2454
2,30,8.8600,443,9,21,5.152522,0.811181,2.2526
2,30,8.8800,444,9,21,5.142566,0.813748,2.2559
2,30,8.9000,445,9,21,5.140085,0.745026,2.2552
2,30,8.9200,446,10,20,5.145090,0.704039,2.2506
2,30,8.9400,447,10,20,5.157559,0.653683,2.2421
2,30,8.9600,448,10,20,5.177439,0.625149,2.2297
2,30,8.9800,449,10,20,5.204644,0.572690,2.2133
2,30,9.0000,450,10,20,5.239060,0.540253,2.1930
2,30,9.0200,451,10,20,5.280546,0.515598,2.1688
2,30,9.0400,452,10,20,5.328938,0.452825,2.1407
2,30,9.0600,453,10,20,5.384048,0.443618,2.1086
2,30,9.0800,454,10,20,5.445674,0.435996,2.0727
2,30,9.1000,455,10,20,5.513596,0.430434,2.0328
2,30,9.1200,456,11,19,5.587585,0.430818,1.9889
2,30,9.1400,457,11,19,5.667404,0.438082,1.9412
2,30,9.1600,458,13,17,5.752809,0.412568,1.8895
2,30,9.1800,459,13,17,5.843555,0.414854,1.8339
2,30,9.2000,460,13,17,5.939399,0.365777,1.7744
2,30,9.2200,461,14,16,6.040097,0.370447,1.7109
2,30,9.2400,462,14,16,6.145410,0.375315,1.6436
2,30,9.2600,463,14,16,6.255106,0.374340,1.5723
2,30,9.2800,464,14,16,6.368958,0.325911,1.5000
2,30,9.3000,465,14,16,6.486747,0.318024,1.5000
2,30,9.3200,466,15,15,6.608263,0.318361,1.5000
2,30,9.3400,467,16,14,6.733305,0.326802,1.5000
2,30,9.3600,468,16,14,6.861678,0.340809,1.5000
2,30,9.3800,469,24,6,6.993199,0.349084,1.5000
2,30,9.4000,470,24,6,7.127696,0.357277,1.5000
2,30,9.4200,471,24,6,7.265001,0.369525,1.5000
2,30,9.4400,472,24,6,7.404960,0.382927,1.5000
2,30,9.4600,473,24,6,3.165788,0.250747,1.5000
2,30,9.4800,474,25,5,3.081838,0.255674,1.5000
2,30,9.5000,475,25,5,3.008361,0.218849,1.5000
2,30,9.5200,476,25,5,2.946138,0.218035,1.5000
2,30,9.5400,477,25,5,2.895896,0.180409,1.5000
2,30,9.5600,478,25,5,2.858266,0.173079,1.5000
2,30,9.5800,479,25,5,2.833751,0.172319,1.5000
2,30,9.6000,480,25,5,2.822693,0.178793,1.5000
2,30,9.6200,481,25,5,2.825249,0.172913,1.5000
2,30,9.6400,482,25,5,2.841383,0.161728,1.5000
2,30,9.6600,483,25,5,2.870867,0.155279,1.5000
2,30,9.6800,484,25,5,2.913294,0.148895,1.5000
2,30,9.7000,485,25,5,2.968110,0.150723,1.5000
2,30,9.7200,486,25,5,3.034643,0.129028,1.5000
2,30,9.7400,487,25,5,3.112142,0.130816,1.5000
2,30,9.7600,488,25,5,3.199811,0.135618,1.5000
2,30,9.7800,489,25,5,3.296838,0.131176,1.5000
2,30,9.8000,490,25,5,3.402422,0.131921,1.5000
2,30,9.8200,491,26,4,3.515793,0.136571,1.5000
2,30,9.8400,492,26,4,3.636223,0.141917,1.5000
2,30,9.8600,493,26,4,2.727421,0.113884,1.5000
2,30,9.8800,494,26,4,1.439764,0.073569,1.5000
2,30,9.9000,495,26,4,1.338235,0.073647,1.5000
2,30,9.9200,496,26,4,1.247503,0.061521,1.5000
2,30,9.9400,497,27,3,1.161649,0.054395,1.5000
2,30,9.9600,498,27,3,1.085684,0.053895,1.5000
2,30,9.9800,499,27,3,1.018778,0.054516,1.5000
2,30,10.0000,500,27,3,0.960639,0.055738,1.5000
2,30,10.0200,501,27,3,0.915125,0.048858,1.5000
2,30,10.0400,502,27,3,0.880786,0.038214,1.5000
2,30,10.0600,503,27,3,0.861936,0.031273,1.5000
2,30,10.0800,504,27,3,0.855467,0.030295,1.5000
2,30,10.1000,505,27,3,0.866282,0.034061,1.5000
2,30,10.1200,506,27,3,0.888199,0.038154,1.5000
2,30,10.1400,507,27,3,0.927967,0.034236,1.5000
2,30,10.1600,508,27,3,0.684934,0.023263,1.5000
2,30,10.1800,509,27,3,0.428558,0.014694,1.5000
2,30,10.2000,510,28,2,0.337802,0.011410,1.5000
2,30,10.2200,511,28,2,0.251446,0.008402,1.5000
2,30,10.2400,512,28,2,0.185021,0.006179,1.5000
2,30,10.2600,513,28,2,0.163602,0.005460,1.5000
2,30,10.2800,514,28,2,0.201475,0.006718,1.5000
2,30,10.3001,515,28,2,0.107534,0.003585,1.5000
2,30,10.3201,516,28,2,0.027426,0.000915,1.5000
2,30,10.3401,517,28,2,0.075982,0.002534,1.5000
2,30,10.3601,518,28,2,0.127163,0.004239,1.5000
2,30,10.3801,519,28,2,0.179159,0.005973,1.5000
2,30,10.4001,520,28,2,0.232290,0.007744,1.5000
2,30,10.4201,521,29,1,0.286351,0.009545,1.5000
2,30,10.4401,522,29,1,0.341499,0.011383,1.5000
2,30,10.4601,523,29,1,0.397940,0.013265,1.5000
2,30,10.4801,524,29,1,0.455892,0.015196,1.5000
2,30,10.5001,525,29,1,0.515000,0.017167,1.5000
2,30,10.5201,526,29,1,0.576856,0.019229,1.5000
2,30,10.5401,527,29,1,0.640848,0.021362,1.5000
2,30,10.5601,528,29,1,0.707010,0.023567,1.5000
2,30,10.5801,529,29,1,0.776018,0.025867,1.5000
2,30,10.6001,530,29,1,0.847876,0.028263,1.5000
2,30,10.6201,531,29,1,0.922337,0.030745,1.5000
2,30,10.6401,532,29,1,1.000619,0.033354,1.5000
2,30,10.6601,533,29,1,1.081773,0.036059,1.5000
2,30,10.6801,534,29,1,1.167328,0.038911,1.5000
2,30,10.7001,535,29,1,1.255851,0.041862,1.5000
2,30,10.7201,536,29,1,1.349707,0.044990,1.5000
2,30,10.7401,537,29,1,1.445976,0.048199,1.5000
2,30,10.7601,538,29,1,0.591005,0.019700,1.5000
2,30,10.7801,539,29,1,0.213582,0.007119,1.5000
2,30,10.8001,540,29,1,0.107632,0.003588,1.5000
2,30,10.8201,541,29,1,0.005618,0.000187,1.5000
2,30,10.8401,542,29,1,0.097225,0.003241,1.5000
2,30,10.8601,543,29,1,0.200260,0.006675,1.5000
2,30,10.8801,544,29,1,0.158343,0.005278,1.5000
2,30,10.9001,545,29,1,0.028705,0.000957,1.5000
2,30,10.9201,546,29,1,0.011915,0.000397,1.5000
2,30,10.9401,547,29,1,0.006979,0.000233,1.5000
2,30,10.9601,548,29,1,0.001731,0.000058,1.5000
2,30,10.9801,549,29,1,0.000104,0.000003,1.5000
2,30,11.0001,550,29,1,0.000167,0.000006,1.5000
2,30,11.0201,551,29,1,0.000077,0.000003,1.5000
2,30,11.0401,552,29,1,0.000033,0.000001,1.5000
2,30,11.0601,553,29,1,0.000003,0.000000,1.5000
2,30,11.0801,554,29,1,0.000005,0.000000,1.5000
2,30,11.1001,555,30,0,0.000000,0.000000,1.5000
3,30,0.0200,1,0,30,0.000000,0.000000,29.5000
3,30,0.0400,2,0,30,0.196019,0.151566,29.4961
3,30,0.0600,3,0,30,0.386009,0.276784,29.4883
3,30,0.0800,4,0,30,0.554679,0.377216,29.4769
3,30,0.1000,5,0,30,0.689047,0.453350,29.4625
3,30,0.1200,6,0,30,0.782905,0.505501,29.4462
3,30,0.1400,7,0,30,0.835339,0.534231,29.4287
3,30,0.1600,8,0,30,0.848829,0.540636,29.4109
3,30,0.1800,9,0,30,0.827573,0.526472,29.3936
3,30,0.2000,10,0,30,0.776686,0.494128,29.3774
3,30,0.2200,11,0,30,0.701651,0.446508,29.3628
3,30,0.2400,12,0,30,0.608341,0.386898,29.3503
3,30,0.2600,13,0,30,0.502662,0.318791,29.3400
3,30,0.2800,14,0,30,0.390884,0.245758,29.3322
3,30,0.3000,15,0,30,0.280218,0.171487,29.3270
3,30,0.3200,16,0,30,0.181944,0.100216,29.3242
3,30,0.3400,17,0,30,0.123719,0.041270,29.3237
3,30,0.3600,18,0,30,0.143005,0.056593,29.3254
3,30,0.3800,19,0,30,0.204034,0.107402,29.3289
3,30,0.4000,20,0,30,0.266714,0.152286,29.3339
3,30,0.4200,21,0,30,0.318833,0.187889,29.3402
3,30,0.4400,22,0,30,0.356571,0.213260,29.3473
3,30,0.4600,23,0,30,0.379054,0.228263,29.3549
3,30,0.4800,24,0,30,0.386627,0.233279,29.3626
3,30,0.5000,25,0,30,0.380371,0.229084,29.3702
3,30,0.5200,26,0,30,0.361939,0.216763,29.3774
3,30,0.5400,27,0,30,0.333679,0.197647,29.3839
3,30,0.5600,28,0,30,0.298120,0.173252,29.3896
3,30,0.5800,29,0,30,0.258439,0.145233,29.3943
3,30,0.6000,30,0,30,0.218239,0.115422,29.3979
3,30,0.6200,31,0,30,0.182169,0.085964,29.4004
3,30,0.6400,32,0,30,0.155739,0.059890,29.4019
3,30,0.6600,33,0,30,0.144170,0.043434,29.4023
3,30,0.6800,34,0,30,0.148272,0.048385,29.4018
3,30,0.7000,35,0,30,0.163130,0.065101,29.4004
3,30,0.7200,36,0,30,0.182161,0.082496,29.3983
3,30,0.7400,37,0,30,0.200624,0.097499,29.3957
3,30,0.7600,38,0,30,0.215875,0.108920,29.3927
3,30,0.7800,39,0,30,0.226684,0.116352,29.3894
3,30,0.8000,40,0,30,0.232693,0.119818,29.3860
3,30,0.8200,41,0,30,0.234177,0.119564,29.3827
3,30,0.8400,42,0,30,0.231784,0.116060,29.3795
3,30,0.8600,43,0,30,0.226499,0.109920,29.3765
3,30,0.8800,44,0,30,0.219483,0.101884,29.3740
3,30,0.9000,45,0,30,0.212018,0.092787,29.3718
3,30,0.9200,46,0,30,0.205331,0.083535,29.3701
3,30,0.9400,47,0,30,0.200410,0.075067,29.3689
3,30,0.9600,48,0,30,0.197898,0.068289,29.3681
3,30,0.9800,49,0,30,0.198012,0.064041,29.3678
3,30,1.0000,50,0,30,0.200451,0.063135,29.3679
3,30,1.0200,51,0,30,0.204541,0.065464,29.3684
3,30,1.0400,52,0,30,0.209606,0.069489,29.3693
3,30,1.0600,53,0,30,0.214892,0.073881,29.3703
3,30,1.0800,54,0,30,0.219913,0.077821,29.3716
3,30,1.1000,55,0,30,0.224289,0.080882,29.3730
3,30,1.1200,56,0,30,0.227836,0.082906,29.3744
3,30,1.1400,57,0,30,0.230545,0.083900,29.3758
3,30,1.1600,58,0,30,0.232539,0.083987,29.3772
3,30,1.1800,59,0,30,0.234052,0.083372,29.3785
3,30,1.2000,60,0,30,0.235363,0.082319,29.3796
3,30,1.2200,61,0,30,0.236650,0.081103,29.3805
3,30,1.2400,62,0,30,0.238214,0.080006,29.3813
3,30,1.2600,63,0,30,0.240186,0.079301,29.3818
3,30,1.2800,64,0,30,0.242687,0.079248,29.3821
3,30,1.3000,65,0,30,0.245702,0.080246,29.3823
3,30,1.3200,66,0,30,0.249131,0.082038,29.3822
3,30,1.3400,67,0,30,0.252958,0.084207,29.3820
3,30,1.3600,68,0,30,0.257034,0.086515,29.3816
3,30,1.3800,69,0,30,0.261300,0.088779,29.3811
3,30,1.4000,70,0,30,0.265554,0.090868,29.3805
3,30,1.4200,71,0,30,0.269810,0.092706,29.3798
3,30,1.4400,72,0,30,0.273984,0.094252,29.3791
3,30,1.4600,73,0,30,0.278074,0.095508,29.3784
3,30,1.4800,74,0,30,0.282102,0.096500,29.3777
3,30,1.5000,75,0,30,0.286080,0.097278,29.3770
3,30,1.5200,76,0,30,0.290040,0.097901,29.3764
3,30,1.5400,77,0,30,0.294103,0.098435,29.3759
3,30,1.5600,78,0,30,0.298197,0.098944,29.3755
3,30,1.5800,79,0,30,0.302388,0.099482,29.3751
3,30,1.6000,80,0,30,0.306678,0.100091,29.3748
3,30,1.6200,81,0,30,0.311083,0.100804,29.3746
3,30,1.6400,82,0,30,0.315638,0.101636,29.3745
3,30,1.6600,83,0,30,0.320269,0.102595,29.3745
3,30,1.6800,84,0,30,0.324972,0.103653,29.3745
3,30,1.7000,85,0,30,0.329789,0.104792,29.3745
3,30,1.7200,86,0,30,0.334710,0.105982,29.3746
3,30,1.7400,87,0,30,0.339560,0.107202,29.3746
3,30,1.7600,88,0,30,0.345239,0.108465,29.3746
3,30,1.7800,89,0,30,0.355199,0.109670,29.3746
3,30,1.8000,90,0,30,0.365254,0.110890,29.3746
3,30,1.8200,91,0,30,0.373679,0.112113,29.3745
3,30,1.8400,92,0,30,0.376645,0.113449,29.3745
3,30,1.8600,93,0,30,0.375502,0.114944,29.3744
3,30,1.8800,94,0,30,0.376177,0.116530,29.3742
3,30,1.9000,95,0,30,0.378750,0.118255,29.3740
3,30,1.9200,96,0,30,0.380248,0.120280,29.3737
3,30,1.9400,97,0,30,0.381970,0.122540,29.3733
3,30,1.9600,98,0,30,0.383454,0.124630,29.3729
3,30,1.9800,99,0,30,0.384839,0.127166,29.3725
3,30,2.0000,100,0,30,0.386492,0.129220,29.3720
3,30,2.0200,101,0,30,0.388473,0.131324,29.3714
3,30,2.0400,102,0,30,0.390911,0.133373,29.3709
3,30,2.0600,103,0,30,0.393872,0.135332,29.3703
3,30,2.0800,104,0,30,0.397454,0.137188,29.3698
3,30,2.1000,105,0,30,0.401030,0.139105,29.3693
3,30,2.1200,106,0,30,0.405305,0.141017,29.3687
3,30,2.1400,107,0,30,0.410131,0.142899,29.3682
3,30,2.1600,108,0,30,0.415337,0.144747,29.3677
3,30,2.1800,109,0,30,0.420836,0.146566,29.3673
3,30,2.2000,110,0,30,0.426569,0.148365,29.3669
3,30,2.2200,111,0,30,0.432479,0.150162,29.3666
3,30,2.2400,112,0,30,0.438570,0.151981,29.3663
3,30,2.2600,113,0,30,0.444705,0.153667,29.3660
3,30,2.2800,114,0,30,0.451065,0.155621,29.3657
3,30,2.3000,115,0,30,0.457508,0.157655,29.3654
3,30,2.3200,116,0,30,0.464050,0.159700,29.3651
3,30,2.3400,117,0,30,0.470656,0.161736,29.3649
3,30,2.3600,118,0,30,0.477337,0.163759,29.3646
3,30,2.3800,119,0,30,0.484008,0.165719,29.3644
3,30,2.4000,120,0,30,0.490777,0.167922,29.3641
3,30,2.4200,121,0,30,0.497643,0.170123,29.3637
3,30,2.4400,122,0,30,0.504417,0.172330,29.3634
3,30,2.4600,123,0,30,0.511179,0.174953,29.3630
3,30,2.4800,124,0,30,0.517970,0.178067,29.3625
3,30,2.5000,125,0,30,0.524861,0.180811,29.3620
3,30,2.5200,126,0,30,0.531837,0.183286,29.3615
3,30,2.5400,127,0,30,0.539010,0.185641,29.3611
3,30,2.5600,128,0,30,0.546365,0.187894,29.3605
3,30,2.5800,129,0,30,0.553942,0.190126,29.3600
3,30,2.6000,130,0,30,0.561719,0.192374,29.3595
3,30,2.6200,131,0,30,0.569674,0.194665,29.3590
3,30,2.6400,132,0,30,0.577831,0.196976,29.3585
3,30,2.6600,133,0,30,0.586156,0.199318,29.3580
3,30,2.6800,134,0,30,0.594613,0.201697,29.3575
3,30,2.7000,135,0,30,0.603207,0.204125,29.3570
3,30,2.7200,136,0,30,0.611911,0.206611,29.3565
3,30,2.7400,137,0,30,0.620656,0.208753,29.3560
3,30,2.7600,138,0,30,0.629516,0.211414,29.3555
3,30,2.7800,139,0,30,0.638499,0.214276,29.3549
3,30,2.8000,140,0,30,0.647518,0.217247,29.3543
3,30,2.8200,141,0,30,0.656566,0.220287,29.3537
3,30,2.8400,142,0,30,0.663230,0.223477,29.3531
3,30,2.8600,143,0,30,0.672198,0.227003,29.3524
3,30,2.8800,144,0,30,0.677685,0.230469,29.3516
3,30,2.9000,145,0,30,0.682787,0.234093,29.3508
3,30,2.9200,146,0,30,0.681848,0.237767,29.3500
3,30,2.9400,147,0,30,0.682534,0.241412,29.3493
3,30,2.9600,148,0,30,0.685456,0.245030,29.3486
3,30,2.9800,149,0,30,0.690716,0.248341,29.3478
3,30,3.0000,150,0,30,0.697364,0.251753,29.3470
3,30,3.0200,151,0,30,0.705242,0.255272,29.3462
3,30,3.0400,152,0,30,0.714201,0.258906,29.3455
3,30,3.0600,153,0,30,0.724012,0.262641,29.3447
3,30,3.0800,154,0,30,0.734561,0.266478,29.3439
3,30,3.1000,155,0,30,0.745684,0.270413,29.3431
3,30,3.1200,156,0,30,0.757265,0.274445,29.3424
3,30,3.1400,157,0,30,0.769269,0.278567,29.3416
3,30,3.1600,158,0,30,0.781710,0.282435,29.3408
3,30,3.1800,159,0,30,0.794420,0.286471,29.3400
3,30,3.2000,160,0,30,0.807264,0.290937,29.3391
3,30,3.2200,161,0,30,0.820234,0.295510,29.3382
3,30,3.2400,162,0,30,0.833392,0.299905,29.3371
3,30,3.2600,163,0,30,0.846762,0.304412,29.3360
3,30,3.2800,164,0,30,0.860257,0.308901,29.3348
3,30,3.3000,165,0,30,0.873778,0.313446,29.3336
3,30,3.3200,166,0,30,0.887182,0.317972,29.3323
3,30,3.3400,167,0,30,0.900481,0.322457,29.3311
3,30,3.3600,168,0,30,0.913654,0.326949,29.3298
3,30,3.3800,169,0,30,0.926721,0.331511,29.3284
3,30,3.4000,170,0,30,0.939678,0.336071,29.3271
3,30,3.4200,171,0,30,0.952689,0.340661,29.3257
3,30,3.4400,172,0,30,0.965733,0.345382,29.3244
3,30,3.4600,173,0,30,0.982127,0.350110,29.3230
3,30,3.4800,174,0,30,0.999311,0.354856,29.3217
3,30,3.5000,175,0,30,1.016615,0.359704,29.3203
3,30,3.5200,176,0,30,1.030714,0.364678,29.3189
3,30,3.5400,177,0,30,1.043265,0.369748,29.3175
3,30,3.5600,178,0,30,1.055979,0.374969,29.3161
3,30,3.5800,179,0,30,1.064174,0.380135,29.3148
3,30,3.6000,180,0,30,1.075917,0.385389,29.3135
3,30,3.6200,181,0,30,1.090264,0.390773,29.3122
3,30,3.6400,182,0,30,1.105932,0.396295,29.3109
3,30,3.6600,183,0,30,1.122320,0.401916,29.3095
3,30,3.6800,184,0,30,1.139170,0.407598,29.3081
3,30,3.7000,185,0,30,1.156213,0.413357,29.3066
3,30,3.7200,186,0,30,1.173321,0.419232,29.3051
3,30,3.7400,187,0,30,1.190375,0.425157,29.3035
3,30,3.7600,188,0,30,1.207325,0.431193,29.3018
3,30,3.7800,189,0,30,1.224140,0.437361,29.3001
3,30,3.8000,190,0,30,1.240853,0.443678,29.2982
3,30,3.8200,191,0,30,1.257466,0.450108,29.2963
3,30,3.8400,192,0,30,1.274028,0.456661,29.2942
3,30,3.8600,193,0,30,1.290553,0.463324,29.2921
3,30,3.8800,194,0,30,1.307007,0.470322,29.2900
3,30,3.9000,195,0,30,1.323470,0.478047,29.2877
3,30,3.9200,196,0,30,1.345149,0.485772,29.2854
3,30,3.9400,197,0,30,1.366363,0.493285,29.2829
3,30,3.9600,198,0,30,1.384582,0.500574,29.2803
3,30,3.9800,199,0,30,1.403927,0.507690,29.2777
3,30,4.0000,200,0,30,1.424108,0.514716,29.2749
3,30,4.0200,201,0,30,1.443834,0.522107,29.2721
3,30,4.0400,202,0,30,1.464173,0.529159,29.2692
3,30,4.0600,203,0,30,1.484793,0.536621,29.2663
3,30,4.0800,204,0,30,1.504979,0.543832,29.2633
3,30,4.1000,205,0,30,1.524492,0.550910,29.2602
3,30,4.1200,206,0,30,1.543583,0.557971,29.2571
3,30,4.1400,207,0,30,1.562402,0.565068,29.2540
3,30,4.1600,208,0,30,1.580986,0.572207,29.2508
3,30,4.1800,209,0,30,1.599422,0.579377,29.2476
3,30,4.2000,210,0,30,1.617841,0.586574,29.2444
3,30,4.2200,211,0,30,1.636566,0.593843,29.2412
3,30,4.2400,212,0,30,1.655244,0.601941,29.2380
3,30,4.2600,213,0,30,1.670422,0.610010,29.2348
3,30,4.2800,214,0,30,1.689995,0.617753,29.2315
3,30,4.3000,215,0,30,1.711565,0.625287,29.2280
3,30,4.3200,216,0,30,1.736624,0.632788,29.2245
3,30,4.3400,217,0,30,1.759912,0.640385,29.2208
3,30,4.3600,218,0,30,1.781641,0.648079,29.2170
3,30,4.3800,219,0,30,1.803164,0.655766,29.2131
3,30,4.4000,220,0,30,1.824917,0.663576,29.2090
3,30,4.4200,221,0,30,1.846851,0.671416,29.2049
3,30,4.4400,222,0,30,1.868945,0.679294,29.2006
3,30,4.4600,223,0,30,1.891294,0.687219,29.1962
3,30,4.4800,224,0,30,1.913966,0.695207,29.1917
3,30,4.5000,225,0,30,1.936711,0.703382,29.1871
3,30,4.5200,226,0,30,1.960196,0.711641,29.1823
3,30,4.5400,227,0,30,1.980043,0.719917,29.1773
3,30,4.5600,228,0,30,2.001775,0.728301,29.1722
3,30,4.5800,229,0,30,2.024377,0.736857,29.1670
3,30,4.6000,230,0,30,2.049776,0.745661,29.1616
3,30,4.6200,231,0,30,2.074439,0.754620,29.1560
3,30,4.6400,232,0,30,2.099239,0.766410,29.1503
3,30,4.6600,233,0,30,2.124895,0.777503,29.1445
3,30,4.6800,234,0,30,2.151261,0.784305,29.1387
3,30,4.7000,235,0,30,2.177386,0.794557,29.1325
3,30,4.7200,236,0,30,2.203500,0.805142,29.1260
3,30,4.7400,237,0,30,2.229991,0.815288,29.1191
3,30,4.7600,238,0,30,2.257355,0.825409,29.1120
3,30,4.7800,239,0,30,2.285959,0.835716,29.1048
3,30,4.8000,240,0,30,2.315825,0.846493,29.0974
3,30,4.8200,241,0,30,2.351934,0.857829,29.0898
3,30,4.8400,242,0,30,2.387271,0.869287,29.0822
3,30,4.8600,243,0,30,2.421591,0.881041,29.0743
3,30,4.8800,244,0,30,2.450253,0.892875,29.0664
3,30,4.9000,245,0,30,2.481922,0.904895,29.0582
3,30,4.9200,246,0,30,2.515358,0.916567,29.0500
3,30,4.9400,247,0,30,2.548972,0.928853,29.0416
3,30,4.9600,248,0,30,2.584656,0.940050,29.0330
3,30,4.9800,249,0,30,2.622427,0.950666,29.0242
3,30,5.0000,250,0,30,2.661028,0.964940,29.0153
3,30,5.0200,251,0,30,2.702085,0.979217,29.0062
3,30,5.0400,252,0,30,2.738974,0.993337,28.9969
3,30,5.0600,253,0,30,2.774684,1.008002,28.9873
3,30,5.0800,254,0,30,2.814488,1.021595,28.9775
3,30,5.1000,255,0,30,2.853178,1.034732,28.9674
3,30,5.1200,256,0,30,2.886390,1.046604,28.9571
3,30,5.1400,257,0,30,2.916409,1.060608,28.9466
3,30,5.1600,258,0,30,2.944445,1.073942,28.9358
3,30,5.1800,259,0,30,2.971159,1.088038,28.9248
3,30,5.2000,260,0,30,2.997260,1.101999,28.9135
3,30,5.2200,261,0,30,3.027394,1.115177,28.9020
3,30,5.2400,262,0,30,3.057635,1.130064,28.8901
3,30,5.2600,263,0,30,3.092327,1.144031,28.8779
3,30,5.2800,264,0,30,3.131328,1.157747,28.8654
3,30,5.3000,265,0,30,3.175232,1.170973,28.8526
3,30,5.3200,266,0,30,3.222774,1.184759,28.8393
3,30,5.3400,267,0,30,3.273519,1.198795,28.8256
3,30,5.3600,268,0,30,3.327778,1.212857,28.8113
3,30,5.3800,269,0,30,3.385006,1.228953,28.7964
3,30,5.4000,270,0,30,3.445105,1.245647,28.7810
3,30,5.4200,271,0,30,3.507914,1.263204,28.7649
3,30,5.4400,272,0,30,3.574520,1.280469,28.7481
3,30,5.4600,273,0,30,3.642473,1.298090,28.7306
3,30,5.4800,274,0,30,3.710268,1.316560,28.7123
3,30,5.5000,275,0,30,3.789480,1.335562,28.6930
3,30,5.5200,276,0,30,3.869305,1.355479,28.6728
3,30,5.5400,277,0,30,3.946259,1.376950,28.6516
3,30,5.5600,278,0,30,4.020003,1.400544,28.6294
3,30,5.5800,279,0,30,4.093917,1.425623,28.6063
3,30,5.6000,280,0,30,4.169412,1.453495,28.5821
3,30,5.6200,281,0,30,4.244679,1.483142,28.5569
3,30,5.6400,282,0,30,4.325630,1.516940,28.5305
3,30,5.6600,283,0,30,4.411973,1.548145,28.5028
3,30,5.6800,284,0,30,4.505697,1.581469,28.4738
3,30,5.7000,285,0,30,4.605768,1.615237,28.4434
3,30,5.7200,286,0,30,4.709453,1.649487,28.4114
3,30,5.7400,287,0,30,4.818541,1.684143,28.3779
3,30,5.7600,288,0,30,4.926742,1.720516,28.3427
3,30,5.7800,289,0,30,5.031810,1.758768,28.3057
3,30,5.8000,290,0,30,5.136982,1.801321,28.2670
3,30,5.8200,291,0,30,5.227936,1.848645,28.2264
3,30,5.8400,292,0,30,5.312640,1.899206,28.1842
3,30,5.8600,293,0,30,5.393769,1.949995,28.1403
3,30,5.8800,294,0,30,5.476316,2.003532,28.0946
3,30,5.9000,295,0,30,5.561946,2.058435,28.0472
3,30,5.9200,296,0,30,5.650912,2.115451,27.9978
3,30,5.9400,297,0,30,5.739825,2.173247,27.9462
3,30,5.9600,298,0,30,5.827322,2.231800,27.8924
3,30,5.9800,299,0,30,5.914981,2.292484,27.8361
3,30,6.0000,300,0,30,6.008215,2.354924,27.7776
3,30,6.0200,301,0,30,6.099008,2.420839,27.7165
3,30,6.0400,302,0,30,6.192235,2.488733,27.6526
3,30,6.0600,303,0,30,6.287437,2.561800,27.5858
3,30,6.0800,304,0,30,6.386727,2.635817,27.5160
3,30,6.1000,305,0,30,6.488532,2.710396,27.4430
3,30,6.1200,306,0,30,6.594202,2.785039,27.3665
3,30,6.1400,307,0,30,6.701405,2.858257,27.2866
3,30,6.1600,308,0,30,6.813068,2.932651,27.2031
3,30,6.1800,309,0,30,6.928545,3.007464,27.1160
3,30,6.2000,310,0,30,7.045125,3.081774,27.0254
3,30,6.2200,311,0,30,7.163889,3.157425,26.9312
3,30,6.2400,312,0,30,7.286946,3.236141,26.8332
3,30,6.2600,313,0,30,7.415606,3.317437,26.7315
3,30,6.2800,314,0,30,7.550583,3.400744,26.6259
3,30,6.3000,315,0,30,7.689172,3.486205,26.5164
3,30,6.3200,316,0,30,7.830224,3.573824,26.4029
3,30,6.3400,317,0,30,7.973608,3.659846,26.2854
3,30,6.3600,318,0,30,8.119203,3.748417,26.1640
3,30,6.3800,319,0,30,8.266890,3.839450,26.0387
3,30,6.4000,320,0,30,8.416558,3.932627,25.9095
3,30,6.4200,321,0,30,8.568106,4.028689,25.7763
3,30,6.4400,322,0,30,8.721434,4.126709,25.6392
3,30,6.4600,323,0,30,8.876451,4.227461,25.4982
3,30,6.4800,324,0,30,9.033069,4.329318,25.3533
3,30,6.5000,325,0,30,9.191206,4.433375,25.2045
3,30,6.5200,326,0,30,9.350785,4.539342,25.0517
3,30,6.5400,327,0,30,9.511735,4.647798,24.8950
3,30,6.5600,328,0,30,9.673986,4.752757,24.7344
3,30,6.5800,329,0,30,9.837476,4.848215,24.5698
3,30,6.6000,330,0,30,10.002140,4.945285,24.4014
3,30,6.6200,331,0,30,10.167920,5.044861,24.2290
3,30,6.6400,332,0,30,10.334770,5.151663,24.0527
3,30,6.6600,333,0,30,10.502640,5.259992,23.8724
3,30,6.6800,334,0,30,10.671470,5.366756,23.6882
3,30,6.7000,335,0,30,10.841220,5.476625,23.5002
3,30,6.7200,336,0,30,11.011850,5.588375,23.3081
3,30,6.7400,337,0,30,11.183320,5.701358,23.1122
3,30,6.7600,338,0,30,11.355600,5.815569,22.9123
3,30,6.7800,339,0,30,11.528630,5.930696,22.7086
3,30,6.8000,340,0,30,11.702400,6.046957,22.5008
3,30,6.8200,341,0,30,11.876860,6.164059,22.2892
3,30,6.8400,342,0,30,12.052000,6.282065,22.0737
3,30,6.8600,343,0,30,12.227770,6.400893,21.8542
3,30,6.8800,344,0,30,12.404160,6.520466,21.6308
3,30,6.9000,345,0,30,12.581130,6.641043,21.4034
3,30,6.9200,346,0,30,12.758670,6.762313,21.1722
3,30,6.9400,347,0,30,12.936740,6.884181,20.9370
3,30,6.9600,348,0,30,13.115340,7.007034,20.6979
3,30,6.9800,349,0,30,13.294420,7.129864,20.4549
3,30,7.0000,350,0,30,13.473990,7.253648,20.2079
3,30,7.0200,351,0,30,13.654010,7.378253,19.9570
3,30,7.0400,352,0,30,13.834480,7.503290,19.7023
3,30,7.0600,353,0,30,14.015360,7.628942,19.4435
3,30,7.0800,354,0,30,14.196650,7.754220,19.1809
3,30,7.1000,355,0,30,14.378340,7.880608,18.9143
3,30,7.1200,356,0,30,14.560400,8.007595,18.6438
3,30,7.1400,357,0,30,14.742820,8.135491,18.3694
3,30,7.1600,358,0,30,14.925600,8.262915,18.0911
3,30,7.1800,359,0,30,15.108710,8.392153,17.8088
3,30,7.2000,360,0,30,15.292140,8.522655,17.5226
3,30,7.2200,361,0,30,15.475890,8.653102,17.2325
3,30,7.2400,362,0,30,15.659940,8.783218,16.9385
3,30,7.2600,363,0,30,15.844280,8.915107,16.6405
3,30,7.2800,364,0,30,16.028900,9.047231,16.3386
3,30,7.3000,365,0,30,16.213800,9.179873,16.0328
3,30,7.3200,366,0,30,16.398950,9.312273,15.7231
3,30,7.3400,367,0,30,16.584370,9.445878,15.4094
3,30,7.3600,368,0,30,16.770020,9.580081,15.0918
3,30,7.3800,369,0,30,16.955920,9.715822,14.7703
3,30,7.4000,370,0,30,17.142040,9.851625,14.4449
3,30,7.4200,371,0,30,17.328390,9.988669,14.1155
3,30,7.4400,372,0,30,17.514950,10.126400,13.7822
3,30,7.4600,373,0,30,17.701720,10.262830,13.4450
3,30,7.4800,374,0,30,17.888690,10.399920,13.1039
3,30,7.5000,375,0,30,18.075860,10.534360,12.7589
3,30,7.5200,376,0,30,18.263210,10.650060,12.4099
3,30,7.5400,377,0,30,18.450750,10.807740,12.0570
3,30,7.5600,378,0,30,18.638470,10.928530,11.7002
3,30,7.5800,379,0,30,18.826360,11.060370,11.3394
3,30,7.6000,380,0,30,19.014420,11.198260,10.9748
3,30,7.6200,381,0,30,19.202640,11.336470,10.6062
3,30,7.6400,382,0,30,19.391020,11.481200,10.2336
3,30,7.6600,383,0,30,19.579560,11.623530,9.8572
3,30,7.6800,384,0,30,19.768240,11.772020,9.4768
3,30,7.7000,385,0,30,19.957070,11.922200,9.0925
3,30,7.7200,386,0,30,20.146040,12.073240,8.8667
3,30,7.7400,387,0,30,20.335140,12.224550,8.7523
3,30,7.7600,388,0,30,20.524380,11.859720,8.6339
3,30,7.7800,389,0,30,20.713750,10.796380,8.5117
3,30,7.8000,390,0,30,20.903250,10.355700,8.3855
3,30,7.8200,391,0,30,21.092860,9.373857,8.2554
3,30,7.8400,392,0,30,21.282600,9.051560,8.1214
3,30,7.8600,393,0,30,21.472450,9.035402,7.9834
3,30,7.8800,394,0,30,21.662420,8.573244,7.8416
3,30,7.9000,395,0,30,21.852500,7.732022,7.6958
3,30,7.9200,396,0,30,22.042680,7.612712,7.5460
3,30,7.9400,397,0,30,22.232970,7.604825,7.3924
3,30,7.9600,398,0,30,22.423360,7.614364,7.2348
3,30,7.9800,399,0,30,22.613840,7.380147,7.0733
3,30,8.0000,400,0,30,23.399790,6.250835,6.9079
3,30,8.0200,401,0,30,23.606500,6.302141,6.7386
3,30,8.0400,402,0,30,23.743080,6.120013,6.5653
3,30,8.0600,403,0,30,23.880490,6.166329,6.3881
3,30,8.0800,404,0,30,24.079740,5.724278,6.2070
3,30,8.1000,405,0,30,24.218570,5.773895,6.0219
3,30,8.1200,406,0,30,26.560840,5.530233,5.8330
3,30,8.1400,407,0,30,26.690800,5.403386,5.6401
3,30,8.1600,408,0,30,27.023420,4.719236,5.4433
3,30,8.1800,409,0,30,14.919280,4.301032,5.2426
3,30,8.2000,410,0,30,11.852170,4.218841,5.0379
3,30,8.2200,411,0,30,12.021970,4.291934,4.8293
3,30,8.2400,412,0,30,12.192570,4.350737,4.6168
3,30,8.2600,413,0,30,12.363920,4.382056,4.4004
3,30,8.2800,414,0,30,12.536010,4.439781,4.1800
3,30,8.3000,415,0,30,12.708790,4.510187,3.9557
3,30,8.3200,416,0,30,12.882250,4.573077,3.7275
3,30,8.3400,417,0,30,13.056340,4.612890,3.4954
3,30,8.3600,418,0,30,13.231060,4.344766,3.2594
3,30,8.3800,419,1,29,13.406370,4.085880,3.0194
3,30,8.4000,420,2,28,13.582250,3.772712,2.7755
3,30,8.4200,421,2,28,13.758680,3.546410,2.5277
3,30,8.4400,422,3,27,13.935640,3.217740,2.5727
3,30,8.4600,423,4,26,14.496830,3.171652,2.6957
3,30,8.4800,424,4,26,14.664820,3.154478,2.8148
3,30,8.5000,425,4,26,14.856120,3.015048,2.9299
3,30,8.5200,426,4,26,15.048250,2.603848,3.0411
3,30,8.5400,427,4,26,15.222850,2.147281,3.1485
3,30,8.5600,428,4,26,15.395040,2.150349,3.2518
3,30,8.5800,429,4,26,15.571000,1.628609,3.3513
3,30,8.6000,430,4,26,8.713892,1.036421,3.4468
3,30,8.6200,431,4,26,8.607901,0.992557,3.5385
3,30,8.6400,432,4,26,8.505115,0.918378,3.6261
3,30,8.6600,433,4,26,8.405652,0.907391,3.7099
3,30,8.6800,434,5,25,8.309632,0.900564,3.7898
3,30,8.7000,435,5,25,8.217176,0.899047,3.8657
3,30,8.7200,436,5,25,8.128405,0.892613,3.9377
3,30,8.7400,437,7,23,8.043441,0.883893,4.0057
3,30,8.7600,438,10,20,8.025196,0.891498,4.0699
3,30,8.7800,439,11,19,8.064015,0.890491,4.1301
3,30,8.8000,440,11,19,8.107398,0.891357,4.1864
3,30,8.8200,441,12,18,8.155272,0.803060,4.2388
3,30,8.8400,442,12,18,8.207557,0.818546,4.2872
3,30,8.8600,443,12,18,8.264171,0.824462,4.3318
3,30,8.8800,444,12,18,8.325024,0.829401,4.3724
3,30,8.9000,445,12,18,8.390025,0.840676,4.4090
3,30,8.9200,446,13,17,8.459079,0.851107,4.4418
3,30,8.9400,447,14,16,8.532086,0.857914,4.4706
3,30,8.9600,448,14,16,8.608947,0.815344,4.4955
3,30,8.9800,449,14,16,8.689558,0.790433,4.5165
3,30,9.0000,450,14,16,8.773817,0.795087,4.5336
3,30,9.0200,451,14,16,7.942105,0.766503,4.5467
3,30,9.0400,452,14,16,7.302406,0.706964,4.5559
3,30,9.0600,453,15,15,7.292663,0.646670,4.5612
3,30,9.0800,454,16,14,7.288190,0.575136,4.5626
3,30,9.1000,455,16,14,7.288997,0.568574,4.5600
3,30,9.1200,456,16,14,7.295083,0.563713,4.5535
3,30,9.1400,457,16,14,7.306434,0.553052,4.5431
3,30,9.1600,458,16,14,7.323026,0.544286,4.5288
3,30,9.1800,459,16,14,7.344824,0.504022,4.5105
3,30,9.2000,460,17,13,7.371781,0.494326,4.4883
3,30,9.2200,461,17,13,7.403840,0.493583,4.4622
3,30,9.2400,462,17,13,7.440937,0.496170,4.4322
3,30,9.2600,463,17,13,7.482996,0.492745,4.3982
3,30,9.2800,464,17,13,7.529932,0.497424,4.3604
3,30,9.3000,465,17,13,7.581658,0.507210,4.3186
3,30,9.3200,466,17,13,7.638075,0.489884,4.2728
3,30,9.3400,467,17,13,7.699079,0.465907,4.2232
3,30,9.3600,468,17,13,7.764563,0.466270,4.1696
3,30,9.3800,469,17,13,7.834415,0.469643,4.1121
3,30,9.4000,470,17,13,7.908518,0.473759,4.0507
3,30,9.4200,471,19,11,7.986754,0.478561,3.9853
3,30,9.4400,472,19,11,8.069004,0.476410,3.9161
3,30,9.4600,473,19,11,8.155145,0.464634,3.8429
3,30,9.4800,474,19,11,8.245056,0.463765,3.7658
3,30,9.5000,475,19,11,8.338614,0.464498,3.6847
3,30,9.5200,476,20,10,8.435699,0.469528,3.5998
3,30,9.5400,477,20,10,8.536190,0.478472,3.5109
3,30,9.5600,478,21,9,8.639969,0.484988,3.4181
3,30,9.5800,479,24,6,8.746917,0.487061,3.3213
3,30,9.6000,480,24,6,8.856920,0.455237,3.2207
3,30,9.6200,481,24,6,8.969868,0.455259,3.1161
3,30,9.6400,482,24,6,9.085648,0.461269,3.0076
3,30,9.6600,483,24,6,9.204153,0.467775,2.8951
3,30,9.6800,484,24,6,9.325282,0.478570,2.7788
3,30,9.7000,485,24,6,9.448932,0.479577,2.6585
3,30,9.7200,486,25,5,9.575006,0.491355,2.5343
3,30,9.7400,487,25,5,9.703409,0.496449,2.4999
3,30,9.7600,488,25,5,5.453934,0.355821,2.4999
3,30,9.7800,489,25,5,5.613975,0.366274,2.4999
3,30,9.8000,490,26,4,5.776247,0.377245,2.4999
3,30,9.8200,491,26,4,5.940567,0.388649,2.4999
3,30,9.8400,492,26,4,6.106769,0.400539,2.4999
3,30,9.8600,493,26,4,6.274704,0.312956,2.4999
3,30,9.8800,494,26,4,6.444236,0.301746,2.4999
3,30,9.9000,495,26,4,6.615242,0.291414,2.4999
3,30,9.9200,496,26,4,6.787612,0.291080,2.4999
3,30,9.9400,497,26,4,6.961244,0.291149,2.4999
3,30,9.9600,498,26,4,7.136045,0.294585,2.4999
3,30,9.9800,499,26,4,7.311932,0.302096,2.4999
3,30,10.0000,500,26,4,7.256382,0.302120,2.4999
3,30,10.0200,501,26,4,7.431485,0.300783,2.4999
3,30,10.0400,502,26,4,7.607616,0.303387,2.4999
3,30,10.0600,503,27,3,2.101113,0.118781,2.4999
3,30,10.0800,504,27,3,2.084589,0.117252,2.4999
3,30,10.1000,505,27,3,2.002243,0.113852,2.4999
3,30,10.1200,506,27,3,1.963475,0.112206,2.4999
3,30,10.1400,507,27,3,1.953506,0.111699,2.4999
3,30,10.1600,508,27,3,1.952767,0.111710,2.4999
3,30,10.1800,509,27,3,1.962865,0.112276,2.4999
3,30,10.2000,510,27,3,1.983201,0.113365,2.4999
3,30,10.2200,511,27,3,2.013514,0.114994,2.4999
3,30,10.2400,512,28,2,2.053640,0.117133,2.4999
3,30,10.2600,513,28,2,2.103336,0.119804,2.4999
3,30,10.2800,514,28,2,2.162293,0.122966,2.4999
3,30,10.3001,515,28,2,2.230168,0.126648,2.4999
3,30,10.3201,516,28,2,2.307211,0.130819,2.4999
3,30,10.3401,517,28,2,2.394440,0.135547,2.4999
3,30,10.3601,518,28,2,2.492398,0.140842,2.4999
3,30,10.3801,519,28,2,2.413825,0.140466,2.4999
3,30,10.4001,520,28,2,1.873837,0.092066,2.4999
3,30,10.4201,521,28,2,1.953995,0.090471,2.4999
3,30,10.4401,522,28,2,2.040638,0.089754,2.4999
3,30,10.4601,523,28,2,2.133742,0.089283,2.4999
3,30,10.4801,524,28,2,1.634919,0.069372,2.4999
3,30,10.5001,525,28,2,0.915678,0.042375,2.4999
3,30,10.5201,526,28,2,0.816601,0.036118,2.4999
3,30,10.5401,527,28,2,0.719546,0.029903,2.4999
3,30,10.5601,528,28,2,0.624689,0.023775,2.4999
3,30,10.5801,529,28,2,0.532445,0.017753,2.4999
3,30,10.6001,530,28,2,0.441571,0.017679,2.4999
3,30,10.6201,531,28,2,0.351984,0.017657,2.4999
3,30,10.6401,532,28,2,0.267236,0.017695,2.4999
3,30,10.6601,533,28,2,0.357593,0.017809,2.4999
3,30,10.6801,534,28,2,0.449090,0.017974,2.4999
3,30,10.7001,535,28,2,0.542009,0.018196,2.4999
3,30,10.7201,536,28,2,0.636632,0.023965,2.4999
3,30,10.7401,537,28,2,0.733335,0.030070,2.4999
3,30,10.7601,538,28,2,0.832298,0.036269,2.4999
3,30,10.7801,539,28,2,0.668604,0.033741,2.4999
3,30,10.8001,540,28,2,0.432566,0.021477,2.4999
3,30,10.8201,541,28,2,0.522911,0.020144,2.4999
3,30,10.8401,542,28,2,0.614910,0.021230,2.4999
3,30,10.8601,543,28,2,0.708857,0.027803,2.4999
3,30,10.8801,544,28,2,0.805248,0.029444,2.4999
3,30,10.9001,545,28,2,0.904188,0.030577,2.4999
3,30,10.9201,546,28,2,0.654325,0.021976,2.4999
3,30,10.9401,547,28,2,0.206876,0.006984,2.4999
3,30,10.9601,548,28,2,0.087277,0.002934,2.4999
3,30,10.9801,549,28,2,0.015584,0.000525,2.4999
3,30,11.0001,550,28,2,0.118261,0.003942,2.4999
3,30,11.0201,551,28,2,0.108658,0.003623,2.4999
3,30,11.0401,552,28,2,0.021524,0.000719,2.4999
3,30,11.0601,553,28,2,0.007114,0.000238,2.4999
3,30,11.0801,554,29,1,0.004937,0.000165,2.4999
3,30,11.1001,555,29,1,0.001412,0.000047,2.4999
3,30,11.1201,556,29,1,0.000057,0.000002,2.4999
3,30,11.1401,557,29,1,0.000111,0.000004,2.4999
3,30,11.1601,558,29,1,0.000055,0.000002,2.4999
3,30,11.1801,559,29,1,0.000040,0.000001,2.4999
3,30,11.2001,560,29,1,0.000044,0.000001,2.4999
3,30,11.2201,561,29,1,0.000039,0.000001,2.4999
3,30,11.2401,562,29,1,0.000039,0.000001,2.4999
3,30,11.2601,563,29,1,0.000041,0.000001,2.4999
3,30,11.2801,564,29,1,0.000037,0.000001,2.4999
3,30,11.3001,565,29,1,0.000040,0.000001,2.4999
3,30,11.3201,566,30,0,0.000000,0.000000,2.4999
