run,t_s,phys_frame,asleep,active_objs,max_v,mean_v,top_y
1,0.0020,1,0,0,0.000000,0.000000,99.5000
1,0.0170,2,0,0,0.196000,0.189380,99.4961
1,0.0220,3,0,0,0.391608,0.372794,99.4882
1,0.0410,4,0,0,0.586825,0.550016,99.4765
1,0.0710,5,0,0,0.781651,0.721027,99.4609
1,0.0910,6,0,0,0.976088,0.885819,99.4414
1,0.1110,7,0,0,1.170136,1.044411,99.4180
1,0.1310,8,0,0,1.363795,1.196772,99.3907
1,0.1510,9,0,0,1.557068,1.342943,99.3595
1,0.1710,10,0,0,1.749954,1.482984,99.3245
1,0.1910,11,0,0,1.942454,1.616803,99.2857
1,0.2110,12,0,0,2.134569,1.747675,99.2430
1,0.2310,13,0,0,2.326300,1.880452,99.1965
1,0.2510,14,0,0,2.517648,2.007016,99.1461
1,0.2710,15,0,0,2.708612,2.132064,99.0919
1,0.2910,16,0,0,2.899195,2.251326,99.0340
1,0.3110,17,0,0,3.089390,2.373271,98.9722
1,0.3310,18,0,0,3.279180,2.475752,98.9066
1,0.3510,19,0,0,3.468507,2.577327,98.8372
1,0.3710,20,0,0,3.657233,2.683419,98.7641
1,0.3910,21,0,0,3.845071,2.780882,98.6872
1,0.4110,22,0,0,4.031498,2.870105,98.6066
1,0.4310,23,0,0,4.215615,2.956170,98.5222
1,0.4510,24,0,0,4.395943,3.034342,98.4343
1,0.4710,25,0,0,4.570301,3.104233,98.3429
1,0.4920,26,0,0,4.736218,3.168905,98.2482
1,0.5110,27,0,0,4.890397,3.231614,98.1504
1,0.5310,28,0,0,5.029490,3.293949,98.0498
1,0.5510,29,0,0,5.152176,3.352111,97.9467
1,0.5720,30,0,0,5.257693,3.403721,97.8416
1,0.5910,31,0,0,5.347242,3.451099,97.7346
1,0.6110,32,0,0,5.423929,3.494458,97.6262
1,0.6310,33,0,0,5.492567,3.533749,97.5163
1,0.6520,34,0,0,5.558913,3.570012,97.4052
1,0.6710,35,0,0,5.674577,3.604437,97.2926
1,0.6910,36,0,0,5.803941,3.634768,97.1787
1,0.7110,37,0,0,5.905630,3.660933,97.0631
1,0.7310,38,0,0,6.015444,3.685035,96.9456
1,0.7510,39,0,0,6.123864,3.708044,96.8258
1,0.7710,40,0,0,6.192409,3.730775,96.7036
1,0.7910,41,0,0,6.275285,3.757538,96.5787
1,0.8110,42,0,0,6.385918,3.785828,96.4509
1,0.8310,43,0,0,6.511066,3.816721,96.3207
1,0.8510,44,0,0,6.614199,3.853162,96.1884
1,0.8710,45,0,0,6.690804,3.892468,96.0546
1,0.8910,46,0,0,6.737915,3.938564,95.9199
1,0.9110,47,0,0,6.737475,3.993073,95.7851
1,0.9310,48,0,0,6.673521,4.058440,95.6516
1,0.9510,49,0,0,6.521267,4.129483,95.5212
1,0.9710,50,0,0,7.012207,4.220375,95.3951
1,0.9920,51,0,0,8.264390,4.332520,95.2732
1,1.0110,52,0,0,9.751726,4.463574,95.1553
1,1.0310,53,0,0,11.367651,4.621588,95.0421
1,1.0510,54,0,0,12.899437,4.816114,94.9332
1,1.0710,55,0,0,13.963036,5.025428,94.8303
1,1.0910,56,0,0,13.889737,5.214309,94.7341
1,1.1110,57,0,0,13.882727,5.381440,94.6439
1,1.1310,58,0,0,13.873602,5.545283,94.5593
1,1.1510,59,0,0,13.888103,5.690300,94.4793
1,1.1710,60,0,0,13.905207,5.825333,94.4030
1,1.1910,61,0,0,13.924889,5.958423,94.3295
1,1.2110,62,0,0,13.947120,6.090654,94.2583
1,1.2310,63,0,0,13.971876,6.220004,94.1887
1,1.2510,64,0,0,13.999125,6.350738,94.1197
1,1.2710,65,0,0,14.028840,6.483597,94.0513
1,1.2910,66,0,0,14.060987,6.619040,93.9832
1,1.3110,67,0,0,14.095537,6.759608,93.9151
1,1.3310,68,0,0,14.132456,6.904163,93.8468
1,1.3510,69,0,0,14.218583,7.042505,93.7778
1,1.3710,70,0,0,14.320445,7.185250,93.7079
1,1.3910,71,0,0,14.423587,7.332975,93.6363
1,1.4110,72,0,0,14.527971,7.483128,93.5624
1,1.4310,73,0,0,14.633558,7.633567,93.4848
1,1.4510,74,0,0,14.740308,7.780200,93.4036
1,1.4710,75,0,0,14.848185,7.930960,93.3185
1,1.4910,76,0,0,14.957151,8.082806,93.2297
1,1.5110,77,0,0,15.067171,8.234632,93.1372
1,1.5310,78,0,0,15.178213,8.387337,93.0409
1,1.5510,79,0,0,15.290238,8.538934,92.9409
1,1.5710,80,0,0,15.403217,8.690534,92.8372
1,1.5910,81,0,0,15.517116,8.843304,92.7298
1,1.6110,82,0,0,15.631905,8.997252,92.6187
1,1.6310,83,0,0,15.747552,9.153215,92.5038
1,1.6510,84,0,0,15.864028,9.308903,92.3853
1,1.6710,85,0,0,15.981303,9.462582,92.2631
1,1.6910,86,0,0,16.099350,9.616299,92.1372
1,1.7110,87,0,0,16.218142,9.770632,92.0077
1,1.7310,88,0,0,16.337652,9.926100,91.8745
1,1.7510,89,0,0,16.457851,10.083105,91.7376
1,1.7710,90,0,0,16.578718,10.240343,91.5971
1,1.7910,91,0,0,16.700226,10.397369,91.4530
1,1.8110,92,0,0,16.822351,10.554116,91.3052
1,1.8320,93,0,0,16.945072,10.710672,91.1538
1,1.8510,94,0,0,17.068365,10.867311,90.9988
1,1.8710,95,0,0,17.192207,11.024789,90.8401
1,1.8910,96,0,0,17.316580,11.182760,90.6779
1,1.9110,97,0,0,17.441458,11.340502,90.5121
1,1.9310,98,0,0,17.566826,11.497993,90.3427
1,1.9510,99,0,0,17.692663,11.655289,90.1697
1,1.9710,100,0,0,17.818949,11.812490,89.9931
1,1.9920,101,0,0,17.945665,11.969748,89.8129
1,2.0110,102,0,0,18.072794,12.127226,89.6292
1,2.0310,103,0,0,18.200319,12.284724,89.4420
1,2.0510,104,0,0,18.328222,12.442087,89.2512
1,2.0710,105,0,0,18.456488,12.599304,89.0569
1,2.0910,106,0,0,18.585100,12.756403,88.8590
1,2.1110,107,0,0,18.714045,12.913411,88.6576
1,2.1310,108,3,0,18.843304,13.069929,88.4527
1,2.1510,109,3,0,18.972864,13.226764,88.2443
1,2.1710,110,3,0,19.102709,13.383478,88.0323
1,2.1910,111,3,0,19.232830,13.540066,87.8169
1,2.2110,112,3,0,19.363211,13.696519,87.5980
1,2.2310,113,3,0,19.493839,13.852833,87.3756
1,2.2510,114,3,0,19.624699,14.009000,87.1498
1,2.2710,115,3,0,19.755781,14.165015,86.9204
1,2.2910,116,3,0,19.887075,14.320873,86.6877
1,2.3110,117,3,0,20.018568,14.368042,86.4514
1,2.3310,118,3,0,20.150248,14.496205,86.2117
1,2.3510,119,3,0,20.282104,14.574006,85.9686
1,2.3710,120,3,0,20.414127,14.718792,85.7220
1,2.3910,121,3,0,20.546305,14.802660,85.4720
1,2.4110,122,3,0,20.678627,14.950667,85.2186
1,2.4310,123,3,0,20.811087,15.098623,84.9618
1,2.4510,124,3,0,20.943670,15.246489,84.7015
1,2.4710,125,3,0,21.076372,15.279020,84.4379
1,2.4920,126,3,0,21.209183,15.414720,84.1709
1,2.5110,127,0,0,21.342096,15.428679,83.9005
1,2.5310,128,0,0,21.475098,15.549572,83.6267
1,2.5510,129,0,0,21.608183,15.669180,83.3495
1,2.5710,130,0,0,21.741344,15.808667,83.0690
1,2.5910,131,0,0,21.874571,15.939643,82.7851
1,2.6110,132,0,0,22.007858,16.072391,82.4978
1,2.6310,133,0,0,22.141197,16.110118,82.2072
1,2.6510,134,0,0,22.274584,16.241293,81.9133
1,2.6710,135,0,0,22.408007,16.058055,81.6161
1,2.6910,136,0,0,22.541464,15.962981,81.3155
1,2.7110,137,0,0,22.674946,15.895107,81.0116
1,2.7310,138,0,0,22.808445,15.715033,80.7044
1,2.7510,139,0,0,22.941957,15.829444,80.3938
1,2.7710,140,0,0,22.985250,15.580176,80.0800
1,2.7910,141,0,0,23.133623,15.700926,79.7629
1,2.8110,142,0,0,23.281723,15.810693,79.4425
1,2.8320,143,0,0,23.429558,15.596619,79.1188
1,2.8510,144,0,0,23.577124,15.244544,78.7919
1,2.8710,145,0,0,23.724419,14.875094,78.4617
1,2.8910,146,0,0,23.871447,14.928627,78.1282
1,2.9110,147,0,0,24.018204,14.802533,77.7915
1,2.9310,148,0,0,24.164692,14.567053,77.4515
1,2.9510,149,0,0,24.310911,14.431759,77.1083
1,2.9710,150,0,0,24.110928,14.356170,76.7618
1,2.9920,151,0,0,24.256664,14.276310,76.4121
1,3.0110,152,1,0,24.402145,14.339663,76.0592
1,3.0310,153,1,0,24.547367,14.424368,75.7031
1,3.0510,154,1,0,24.290899,14.178667,75.3438
1,3.0710,155,1,0,24.437057,14.243953,74.9813
1,3.0910,156,2,0,24.582945,14.330057,74.6156
1,3.1110,157,2,0,24.728559,14.408416,74.2467
1,3.1310,158,2,0,24.873903,14.496132,73.8746
1,3.1510,159,1,0,24.870827,14.227434,73.4993
1,3.1710,160,1,0,25.015577,14.277412,73.1209
1,3.1910,161,1,0,25.160061,14.360770,72.7393
1,3.2110,162,2,0,24.735668,14.163981,72.3545
1,3.2310,163,2,0,24.880503,14.220611,71.9666
1,3.2510,164,2,0,25.025074,14.303422,71.5756
1,3.2710,165,3,0,25.169382,14.386739,71.1814
1,3.2910,166,3,0,25.313427,14.469842,70.7841
1,3.3110,167,3,0,25.433392,14.347591,70.3837
1,3.3320,168,3,0,25.476767,14.101543,69.9801
1,3.3510,169,3,0,25.621214,14.163719,69.5734
1,3.3710,170,3,0,25.765379,14.227547,69.1637
1,3.3910,171,3,0,25.909267,14.298085,68.7508
1,3.4110,172,3,0,26.052877,14.196471,68.3348
1,3.4310,173,3,0,26.196205,14.168324,67.9157
1,3.4510,174,3,0,26.339256,13.985997,67.4936
1,3.4710,175,4,0,26.482029,14.022787,67.0684
1,3.4920,176,6,0,26.624527,13.863342,66.6401
1,3.5110,177,7,0,26.766747,13.936971,66.2087
1,3.5310,178,7,0,26.908688,13.770360,65.7743
1,3.5510,179,7,0,27.050352,13.839222,65.3369
1,3.5710,180,7,0,27.191742,13.657743,64.8964
1,3.5910,181,7,0,27.332857,13.435225,64.4528
1,3.6110,182,7,0,27.473696,13.301216,64.0062
1,3.6310,183,7,0,27.614260,13.333509,63.5566
1,3.6510,184,7,0,27.544153,13.100224,63.1040
1,3.6720,185,7,0,27.684359,13.156760,62.6484
1,3.6910,186,7,0,27.420555,13.029071,62.1897
1,3.7110,187,7,0,27.560957,13.088283,61.7281
1,3.7310,188,7,0,27.701088,13.137464,61.2634
1,3.7510,189,7,0,27.766153,13.065303,60.7958
1,3.7710,190,8,0,27.906311,13.061083,60.3252
1,3.7910,191,9,0,28.046192,12.935454,59.8516
1,3.8110,192,9,0,28.185797,12.882177,59.3750
1,3.8320,193,9,0,28.325127,12.822729,58.8954
1,3.8510,194,10,0,28.464184,12.722706,58.4129
1,3.8710,195,12,0,28.602962,12.577396,57.9275
1,3.8910,196,12,0,28.741472,12.581257,57.4391
1,3.9110,197,12,0,28.879705,12.607496,56.9477
1,3.9310,198,12,0,29.017668,12.627307,56.4534
1,3.9510,199,12,0,29.155357,12.056089,55.9562
1,3.9730,200,12,0,29.292774,12.099208,55.4561
1,3.9910,201,12,0,29.429922,12.145097,54.9530
1,4.0110,202,13,0,29.799765,12.177521,54.4471
1,4.0310,203,15,0,29.930714,12.137187,53.9382
1,4.0510,204,17,0,29.839743,11.969139,53.4265
1,4.0710,205,17,0,29.975809,11.918202,52.9118
1,4.0910,206,17,0,29.625071,11.622216,52.3943
1,4.1110,207,17,0,29.761374,11.643154,51.8739
1,4.1310,208,16,0,29.897411,11.689133,51.3506
1,4.1510,209,18,0,30.033182,11.711921,50.8244
1,4.1710,210,19,0,29.491531,11.451026,50.2954
1,4.1910,211,19,0,29.628187,11.483863,49.7635
1,4.2110,212,20,0,29.764578,11.529517,49.2287
1,4.2310,213,20,0,29.900698,11.574763,48.6911
1,4.2510,214,22,0,29.726753,11.434152,48.1506
1,4.2710,215,23,0,29.863138,11.464680,47.6073
1,4.2910,216,24,0,29.870392,11.452013,47.0612
1,4.3110,217,24,0,30.006586,11.472489,46.5123
1,4.3320,218,26,0,30.142509,11.481178,45.9605
1,4.3510,219,27,0,30.267643,11.324286,45.4059
1,4.3710,220,27,0,30.296980,11.034544,44.8485
1,4.3910,221,28,0,30.432367,11.036511,44.2883
1,4.4110,222,28,0,30.435932,11.061221,43.7253
1,4.4310,223,28,0,30.571037,11.062275,43.1595
1,4.4510,224,28,0,30.592463,10.375175,42.5909
1,4.4710,225,28,0,30.676603,10.146157,42.0195
1,4.4910,226,28,0,30.811245,10.016599,41.4454
1,4.5110,227,28,0,30.768862,9.934850,40.8685
1,4.5310,228,30,0,30.903322,9.912614,40.2888
1,4.5510,229,30,0,30.882149,9.888630,39.7064
1,4.5710,230,31,0,31.016384,9.910948,39.1212
1,4.5910,231,31,0,31.150351,9.946394,38.5332
1,4.6110,232,31,0,31.129580,9.966342,37.9425
1,4.6310,233,32,0,31.263311,9.805526,37.3491
1,4.6510,234,29,0,31.396776,9.475228,36.7529
1,4.6720,235,29,0,31.492922,9.242711,36.1541
1,4.6910,236,28,0,31.516674,9.081669,35.5525
1,4.7110,237,29,0,31.649620,8.976337,34.9482
1,4.7310,238,29,0,31.734104,8.949290,34.3411
1,4.7510,239,29,0,31.715675,8.885251,33.7314
1,4.7710,240,29,0,31.848236,8.860847,33.1190
1,4.7910,241,29,0,31.980532,8.861814,32.5039
1,4.8110,242,29,0,32.086857,8.855631,31.8861
1,4.8320,243,29,0,32.218674,8.879087,31.2656
1,4.8510,244,29,0,32.350224,8.908264,30.6424
1,4.8710,245,28,0,32.427097,8.739289,30.0166
1,4.8910,246,28,0,32.558224,8.646305,29.3881
1,4.9110,247,26,0,32.608120,8.595877,28.7569
1,4.9310,248,26,0,32.738880,8.430282,28.1231
1,4.9510,249,26,0,32.869385,8.346685,27.4866
1,4.9710,250,28,0,32.931591,7.957754,26.8474
1,4.9910,251,28,0,33.008682,7.882794,26.2057
1,5.0110,252,28,0,33.138649,7.814663,25.5613
1,5.0310,253,28,0,33.239311,7.821738,24.9142
1,5.0510,254,28,0,33.308990,7.714548,24.2646
1,5.0710,255,28,0,33.438366,7.714364,23.6123
1,5.0910,256,27,0,33.567486,7.443352,22.9574
1,5.1110,257,27,0,33.696346,7.287920,22.2999
1,5.1310,258,27,0,33.824951,7.128797,21.6397
1,5.1510,259,29,0,33.900089,6.842842,20.9770
1,5.1710,260,28,0,34.028290,6.763188,20.3117
1,5.1910,261,28,0,33.990574,6.733908,19.6438
1,5.2110,262,28,0,34.118591,6.736622,18.9733
1,5.2310,263,28,0,34.246353,6.540253,18.3003
1,5.2510,264,28,0,34.285343,6.172983,17.6246
1,5.2710,265,28,0,34.412769,6.027541,16.9464
1,5.2910,266,28,0,34.499630,5.714845,16.2657
1,5.3110,267,29,0,34.575233,5.285512,15.5825
1,5.3320,268,29,0,34.664192,5.087793,14.8967
1,5.3510,269,28,0,34.758308,4.838475,14.2083
1,5.3710,270,27,0,34.844128,4.742888,13.5174
1,5.3910,271,29,0,34.809132,4.621535,12.8240
1,5.4110,272,29,0,34.935513,4.588698,12.1280
1,5.4310,273,28,0,35.061642,4.499437,11.4295
1,5.4510,274,33,0,35.144230,4.365810,10.7285
1,5.4710,275,33,0,35.231716,4.246945,10.0249
1,5.4910,276,33,0,35.357254,4.043575,9.3189
1,5.5110,277,33,0,35.457695,3.897879,8.6103
1,5.5310,278,33,0,31.794020,3.744505,7.9754
1,5.5510,279,32,0,31.834780,3.712536,7.3617
1,5.5710,280,32,0,29.198368,3.020413,6.7801
1,5.5910,281,32,0,24.610596,2.583532,6.2999
1,5.6110,282,30,0,21.260561,2.280914,5.9014
1,5.6310,283,32,0,19.325235,2.028210,5.5565
1,5.6510,284,33,0,18.936245,1.864909,5.2255
1,5.6720,285,33,0,19.070585,1.832134,4.8899
1,5.6910,286,33,0,19.205114,1.781265,4.5511
1,5.7110,287,34,0,19.339817,1.753844,4.2090
1,5.7310,288,31,0,19.474682,1.715441,3.8637
1,5.7510,289,31,0,19.609701,1.667173,3.6390
1,5.7710,290,31,0,19.744864,1.619382,3.5495
1,5.7910,291,30,0,19.880157,1.597917,3.4562
1,5.8110,292,30,0,20.015574,1.582441,3.3592
1,5.8320,293,30,0,20.151100,1.564888,3.2584
1,5.8510,294,30,0,20.286732,1.519783,3.1539
1,5.8710,295,30,0,16.785343,1.297530,3.0458
1,5.8910,296,31,0,16.944855,1.280280,2.9339
1,5.9110,297,31,0,17.104113,1.244975,2.8183
1,5.9310,298,31,0,17.263115,1.177833,2.8059
1,5.9510,299,30,0,17.421864,1.127688,2.7884
1,5.9710,300,31,0,17.580353,1.109151,2.7670
1,5.9910,301,32,0,17.738585,1.046526,2.7418
1,6.0110,302,32,0,17.896557,1.005614,2.7126
1,6.0310,303,32,0,18.054268,0.987760,2.6796
1,6.0510,304,32,0,18.211718,0.927545,2.6680
1,6.0710,305,32,0,18.368902,0.912566,2.6528
1,6.0910,306,32,0,18.525824,0.880058,2.6339
1,6.1110,307,31,0,18.682480,0.834292,2.6113
1,6.1310,308,29,0,18.838869,0.791798,2.5849
1,6.1510,309,31,0,18.994993,0.763331,2.5547
1,6.1720,310,30,0,19.150850,0.724020,2.5373
1,6.1910,311,30,0,19.306440,0.699863,2.5231
1,6.2110,312,32,0,19.461760,0.686937,2.5050
1,6.2310,313,32,0,19.616808,0.679131,2.4831
1,6.2510,314,35,0,19.771587,0.668232,2.4573
1,6.2710,315,36,0,19.926094,0.655573,2.4276
1,6.2910,316,36,0,20.080334,0.627841,2.3940
1,6.3110,317,37,0,20.234299,0.622319,2.3566
1,6.3310,318,37,0,20.387993,0.622732,2.3171
1,6.3510,319,37,0,20.541414,0.615677,2.2737
1,6.3710,320,40,0,20.694561,0.599184,2.2265
1,6.3910,321,39,0,20.847435,0.594908,2.1755
1,6.4110,322,39,0,21.000038,0.595937,2.1206
1,6.4310,323,39,0,21.152365,0.598649,2.0620
1,6.4510,324,39,0,21.304419,0.602250,1.9995
1,6.4710,325,39,0,21.456198,0.606229,1.9333
1,6.4910,326,40,0,21.607702,0.613668,1.8632
1,6.5110,327,41,0,21.758932,0.619555,1.7894
1,6.5310,328,41,0,21.909889,0.609409,1.7530
1,6.5510,329,42,0,22.060568,0.572653,1.7159
1,6.5710,330,43,0,22.210974,0.570535,1.7065
1,6.5910,331,43,0,22.361105,0.572770,1.7039
1,6.6110,332,44,0,22.510962,0.576190,1.7008
1,6.6310,333,45,0,22.660542,0.563705,1.6972
1,6.6510,334,48,0,22.809845,0.552783,1.6931
1,6.6720,335,49,0,22.958876,0.534072,1.6885
1,6.6910,336,56,0,23.107630,0.524824,1.6833
1,6.7110,337,50,0,23.256109,0.524863,1.6773
1,6.7310,338,50,0,23.404316,0.518224,1.6705
1,6.7510,339,52,0,23.552242,0.519211,1.6635
1,6.7710,340,52,0,23.699898,0.521767,1.6553
1,6.7910,341,52,0,23.847277,0.513876,1.6460
1,6.8110,342,49,0,23.994379,0.505794,1.6355
1,6.8310,343,52,0,24.141207,0.484036,1.6238
1,6.8510,344,54,0,24.287762,0.453071,1.6106
1,6.8710,345,54,0,24.434042,0.451783,1.5997
1,6.8910,346,54,0,24.580048,0.452191,1.5858
1,6.9110,347,52,0,24.725777,0.454851,1.5725
1,6.9310,348,53,0,24.871237,0.454673,1.5576
1,6.9510,349,53,0,25.016418,0.453441,1.5412
1,6.9710,350,55,0,25.161327,0.454688,1.5236
1,6.9910,351,55,0,25.305964,0.451357,1.5062
1,7.0120,352,55,0,25.450327,0.450012,1.5009
1,7.0310,353,56,0,25.594416,0.448550,1.5043
1,7.0510,354,56,0,25.738235,0.440710,1.5063
1,7.0710,355,56,0,25.881779,0.426499,1.5058
1,7.0910,356,57,0,26.025049,0.426750,1.5048
1,7.1110,357,57,0,26.168051,0.429261,1.5022
1,7.1310,358,55,0,26.310778,0.432306,1.5008
1,7.1510,359,62,0,26.453232,0.432722,1.4996
1,7.1710,360,62,0,26.595419,0.431149,1.4995
1,7.1910,361,62,0,26.737333,0.421025,1.4994
1,7.2110,362,62,0,26.878973,0.421349,1.4995
1,7.2310,363,63,0,27.020346,0.406368,1.4994
1,7.2510,364,63,0,27.161448,0.399043,1.4993
1,7.2710,365,63,0,27.302280,0.395269,1.4993
1,7.2910,366,63,0,27.442842,0.393336,1.4993
1,7.3110,367,77,0,27.583136,0.391639,1.4993
1,7.3310,368,77,0,27.723162,0.390714,1.4993
1,7.3510,369,77,0,27.862917,0.390211,1.4993
1,7.3710,370,78,0,28.002405,0.389128,1.4993
1,7.3910,371,78,0,28.141624,0.387727,1.4993
1,7.4110,372,84,0,28.280575,0.387656,1.4993
1,7.4310,373,86,0,28.419260,0.387996,1.4993
1,7.4510,374,86,0,28.557678,0.389665,1.4993
1,7.4710,375,86,0,28.695827,0.390507,1.4993
1,7.4910,376,86,0,28.833712,0.394014,1.4993
1,7.5120,377,86,0,28.971331,0.384335,1.4993
1,7.5310,378,86,0,29.108683,0.386174,1.4993
1,7.5510,379,86,0,29.245770,0.388181,1.4993
1,7.5710,380,86,0,29.382593,0.380605,1.4993
1,7.5910,381,86,0,29.519150,0.346833,1.4993
1,7.6110,382,86,0,29.655445,0.347378,1.4993
1,7.6310,383,86,0,29.791473,0.348112,1.4993
1,7.6510,384,86,0,29.927240,0.348881,1.4993
1,7.6710,385,86,0,30.062744,0.350353,1.4993
1,7.6910,386,86,0,30.197985,0.351708,1.4993
1,7.7110,387,86,0,30.332962,0.352800,1.4992
1,7.7310,388,86,0,30.467680,0.353928,1.4992
1,7.7510,389,86,0,30.602135,0.356212,1.4992
1,7.7710,390,86,0,30.736328,0.351719,1.4992
1,7.7910,391,86,0,30.870258,0.352663,1.4992
1,7.8110,392,86,0,31.003931,0.353665,1.4992
1,7.8310,393,86,0,31.137344,0.355042,1.4992
1,7.8520,394,86,0,31.270496,0.356619,1.4992
1,7.8710,395,86,0,31.403391,0.358261,1.4992
1,7.8910,396,89,0,31.536026,0.360042,1.4992
1,7.9110,397,89,0,31.668402,0.362053,1.4992
1,7.9310,398,89,0,31.800522,0.364224,1.4992
1,7.9510,399,89,0,31.932383,0.366537,1.4992
1,7.9710,400,89,0,32.063984,0.369009,1.4992
1,7.9910,401,90,0,32.195332,0.371658,1.4992
1,8.0110,402,90,0,32.326427,0.361997,1.4992
1,8.0310,403,90,0,32.457260,0.363273,1.4992
1,8.0510,404,90,0,32.587837,0.364314,1.4992
1,8.0710,405,91,0,32.718159,0.365442,1.4992
1,8.0910,406,91,0,32.848232,0.366647,1.4992
1,8.1110,407,91,0,32.978046,0.367921,1.4992
1,8.1310,408,91,0,33.107605,0.353564,1.4992
1,8.1510,409,97,0,33.236916,0.354281,1.4992
1,8.1710,410,97,0,33.365971,0.355354,1.4992
1,8.1910,411,97,0,33.494774,0.352821,1.4992
1,8.2110,412,97,0,33.623325,0.353152,1.4992
1,8.2310,413,97,0,33.751625,0.353490,1.4992
1,8.2510,414,97,0,33.879669,0.353812,1.4992
1,8.2710,415,97,0,34.007465,0.354125,1.4992
1,8.2910,416,97,0,34.135014,0.354438,1.4992
1,8.3110,417,97,0,34.262310,0.354776,1.4992
1,8.3310,418,97,0,34.389355,0.355176,1.4992
1,8.3520,419,97,0,34.516155,0.355657,1.4992
1,8.3710,420,97,0,34.642704,0.356204,1.4992
1,8.3910,421,97,0,34.769001,0.356807,1.4992
1,8.4110,422,97,0,34.895054,0.357470,1.4992
1,8.4310,423,97,0,35.020859,0.358261,1.4992
1,8.4510,424,97,0,35.146412,0.359180,1.4992
1,8.4710,425,97,0,35.271725,0.360129,1.4992
1,8.4910,426,97,0,35.396790,0.361107,1.4992
1,8.5120,427,97,0,35.521610,0.362112,1.4992
1,8.5310,428,97,0,35.646179,0.363144,1.4992
1,8.5510,429,97,0,35.770508,0.364201,1.4992
1,8.5710,430,98,0,35.894592,0.365283,1.4992
1,8.5910,431,98,0,36.018433,0.366389,1.4992
1,8.6110,432,98,0,36.142025,0.367519,1.4992
1,8.6310,433,98,0,36.265381,0.368672,1.4992
1,8.6510,434,98,0,36.388493,0.369848,1.4992
1,8.6710,435,98,0,36.511356,0.371046,1.4992
1,8.6910,436,98,0,36.633980,0.372267,1.4992
1,8.7110,437,98,0,36.756367,0.373509,1.4992
1,8.7310,438,98,0,36.878506,0.374774,1.4992
1,8.7510,439,98,0,37.000412,0.376062,1.4992
1,8.7710,440,98,0,37.122070,0.377372,1.4992
1,8.7910,441,98,0,37.243492,0.378705,1.4992
1,8.8110,442,98,0,37.364677,0.380061,1.4992
1,8.8310,443,98,0,37.485619,0.381441,1.4992
1,8.8520,444,98,0,37.606327,0.382845,1.4992
1,8.8710,445,98,0,37.726791,0.384275,1.4992
1,8.8910,446,98,0,37.847023,0.385731,1.4992
1,8.9110,447,98,0,37.967014,0.387214,1.4992
1,8.9310,448,98,0,38.086769,0.388724,1.4992
1,8.9510,449,98,0,38.206291,0.390264,1.4992
1,8.9710,450,98,0,38.325569,0.391833,1.4992
1,8.9910,451,98,0,38.444618,0.393433,1.4992
1,9.0120,452,98,0,38.563435,0.395066,1.4992
1,9.0310,453,98,0,38.682011,0.396732,1.4992
1,9.0510,454,98,0,38.800354,0.398434,1.4992
1,9.0710,455,98,0,38.918465,0.400172,1.4992
1,9.0910,456,98,0,39.036343,0.401949,1.4992
1,9.1110,457,98,0,39.153988,0.403766,1.4992
1,9.1310,458,98,0,39.271400,0.405623,1.4992
1,9.1510,459,98,0,39.388580,0.407523,1.4992
1,9.1710,460,98,0,39.505527,0.409468,1.4992
1,9.1910,461,98,0,39.622246,0.411457,1.4992
1,9.2110,462,98,0,39.738731,0.413492,1.4992
1,9.2310,463,98,0,39.854984,0.415574,1.4992
1,9.2510,464,98,0,39.971008,0.417703,1.4992
1,9.2710,465,98,0,40.086807,0.406205,1.4992
1,9.2910,466,98,0,40.202374,0.406658,1.4992
1,9.3110,467,98,0,40.317711,0.407232,1.4992
1,9.3310,468,98,0,40.432823,0.407990,1.4992
1,9.3510,469,98,0,40.547707,0.407403,1.4992
1,9.3710,470,98,0,40.662361,0.407507,1.4992
1,9.3910,471,98,0,40.776787,0.407768,1.4992
1,9.4110,472,98,0,40.890991,0.408913,1.4992
1,9.4310,473,98,0,41.004967,0.410050,1.4992
1,9.4510,474,98,0,41.118713,0.411187,1.4992
1,9.4710,475,98,0,41.232239,0.412322,1.4992
1,9.4910,476,98,0,41.345539,0.413455,1.4992
1,9.5110,477,98,0,41.458614,0.414586,1.4992
1,9.5310,478,98,0,41.571468,0.415715,1.4992
1,9.5510,479,98,0,41.684097,0.416841,1.4992
1,9.5710,480,98,0,41.796501,0.417965,1.4992
1,9.5910,481,98,0,41.908684,0.419087,1.4992
1,9.6110,482,98,0,42.020645,0.420206,1.4992
1,9.6310,483,98,0,42.132381,0.421324,1.4992
1,9.6510,484,98,0,42.243896,0.422439,1.4992
1,9.6710,485,98,0,42.355194,0.423552,1.4992
1,9.6910,486,98,0,42.466267,0.424663,1.4992
1,9.7110,487,98,0,42.577122,0.425771,1.4992
1,9.7310,488,98,0,42.687759,0.426878,1.4992
1,9.7510,489,98,0,42.798176,0.427982,1.4992
1,9.7710,490,98,0,42.908375,0.429084,1.4992
1,9.7910,491,98,0,43.018356,0.430184,1.4992
1,9.8110,492,99,0,43.128117,0.431281,1.4992
1,9.8310,493,99,0,43.237659,0.432377,1.4992
1,9.8520,494,99,0,43.346985,0.433470,1.4992
1,9.8710,495,99,0,43.456093,0.434561,1.4992
1,9.8910,496,99,0,43.564987,0.435650,1.4992
1,9.9110,497,99,0,43.673664,0.436737,1.4992
1,9.9310,498,99,0,43.782120,0.437821,1.4992
1,9.9510,499,99,0,43.890369,0.438904,1.4992
1,9.9710,500,99,0,43.998398,0.439984,1.4992
1,9.9910,501,99,0,44.106216,0.441062,1.4992
1,10.0110,502,99,0,44.213818,0.442138,1.4992
1,10.0310,503,99,0,44.321205,0.443212,1.4992
1,10.0510,504,99,0,44.428383,0.444284,1.4992
1,10.0710,505,99,0,44.535347,0.445353,1.4992
1,10.0910,506,99,0,44.642097,0.446421,1.4992
1,10.1110,507,99,0,44.748634,0.447486,1.4992
1,10.1310,508,99,0,44.854961,0.448550,1.4992
1,10.1510,509,99,0,44.961075,0.449611,1.4992
1,10.1710,510,99,0,45.066982,0.450670,1.4992
1,10.1910,511,99,0,45.172676,0.451727,1.4992
1,10.2110,512,99,0,45.278160,0.452782,1.4992
1,10.2310,513,99,0,45.383434,0.453834,1.4992
1,10.2510,514,99,0,45.488503,0.454885,1.4992
1,10.2710,515,99,0,45.593361,0.455934,1.4992
1,10.2910,516,99,0,45.698013,0.456980,1.4992
1,10.3110,517,99,0,45.802452,0.458025,1.4992
1,10.3310,518,99,0,45.906685,0.459067,1.4992
1,10.3510,519,99,0,46.010708,0.460107,1.4992
1,10.3710,520,99,0,46.114532,0.461145,1.4992
1,10.3910,521,99,0,46.218143,0.462181,1.4992
1,10.4110,522,99,0,46.321552,0.463216,1.4992
1,10.4310,523,99,0,46.424755,0.464248,1.4992
1,10.4510,524,99,0,46.527752,0.465278,1.4992
1,10.4710,525,99,0,46.630543,0.466305,1.4992
1,10.4910,526,99,0,46.733128,0.467331,1.4992
1,10.5110,527,99,0,46.835510,0.468355,1.4992
1,10.5310,528,99,0,46.937695,0.469377,1.4992
1,10.5510,529,99,0,47.039673,0.470397,1.4992
1,10.5710,530,99,0,47.141449,0.471414,1.4992
1,10.5910,531,99,0,47.243023,0.472430,1.4992
1,10.6110,532,99,0,47.344395,0.473444,1.4992
1,10.6310,533,99,0,47.445560,0.474456,1.4992
1,10.6510,534,99,0,47.546532,0.475465,1.4992
1,10.6710,535,99,0,47.647297,0.476473,1.4992
1,10.6920,536,99,0,47.747864,0.477479,1.4992
1,10.7110,537,99,0,47.848228,0.478482,1.4992
1,10.7310,538,99,0,47.948399,0.479484,1.4992
1,10.7510,539,99,0,48.048367,0.480484,1.4992
1,10.7710,540,99,0,48.148136,0.481481,1.4992
1,10.7910,541,99,0,48.247707,0.482477,1.4992
1,10.8110,542,99,0,48.347080,0.483471,1.4992
1,10.8310,543,99,0,48.446259,0.484463,1.4992
1,10.8510,544,99,0,48.545235,0.485452,1.4992
1,10.8710,545,99,0,48.644016,0.486440,1.4992
1,10.8910,546,99,0,48.742599,0.487426,1.4992
1,10.9110,547,99,0,48.840992,0.488410,1.4992
1,10.9310,548,99,0,48.939182,0.489392,1.4992
1,10.9510,549,99,0,49.037182,0.490372,1.4992
1,10.9710,550,99,0,49.134979,0.491350,1.4992
1,10.9910,551,99,0,49.232590,0.492326,1.4992
1,11.0110,552,99,0,49.330002,0.493300,1.4992
1,11.0310,553,99,0,49.427219,0.494272,1.4992
1,11.0510,554,99,0,49.524242,0.495242,1.4992
1,11.0710,555,99,0,49.621075,0.496211,1.4992
1,11.0910,556,99,0,49.717720,0.497177,1.4992
1,11.1110,557,99,0,49.814167,0.498142,1.4992
1,11.1310,558,99,0,49.910423,0.499104,1.4992
1,11.1510,559,99,0,50.006485,0.500065,1.4992
1,11.1710,560,99,0,50.102360,0.501024,1.4992
1,11.1920,561,99,0,50.198044,0.501980,1.4992
1,11.2110,562,99,0,50.293533,0.502935,1.4992
1,11.2310,563,99,0,50.388836,0.503888,1.4992
1,11.2510,564,99,0,50.483948,0.504839,1.4992
1,11.2710,565,99,0,50.578869,0.505789,1.4992
1,11.2910,566,99,0,50.673603,0.506736,1.4992
1,11.3110,567,99,0,50.768150,0.507682,1.4992
1,11.3310,568,99,0,50.862503,0.508625,1.4992
1,11.3510,569,99,0,50.956673,0.509567,1.4992
1,11.3710,570,99,0,51.050655,0.510507,1.4992
1,11.3910,571,99,0,51.144447,0.511444,1.4992
1,11.4110,572,99,0,51.238052,0.512381,1.4992
1,11.4310,573,99,0,51.331474,0.513315,1.4992
1,11.4510,574,99,0,51.424713,0.514247,1.4992
1,11.4710,575,99,0,51.517757,0.515178,1.4992
1,11.4910,576,99,0,51.610622,0.516106,1.4992
1,11.5110,577,99,0,51.703300,0.517033,1.4992
1,11.5320,578,99,0,51.795799,0.517958,1.4992
1,11.5510,579,99,0,51.888103,0.518881,1.4992
1,11.5710,580,99,0,51.980228,0.519802,1.4992
1,11.5910,581,99,0,52.072174,0.520722,1.4992
1,11.6110,582,99,0,52.163933,0.521639,1.4992
1,11.6310,583,99,0,52.255512,0.522555,1.4992
1,11.6510,584,99,0,52.346905,0.523469,1.4992
1,11.6710,585,99,0,52.438118,0.524381,1.4992
1,11.6920,586,99,0,52.529152,0.525292,1.4992
1,11.7110,587,99,0,52.619999,0.526200,1.4992
1,11.7310,588,99,0,52.710667,0.527107,1.4992
1,11.7510,589,99,0,52.801155,0.528012,1.4992
1,11.7710,590,99,0,52.891460,0.528915,1.4992
1,11.7910,591,99,0,52.981590,0.529816,1.4992
1,11.8110,592,99,0,53.071533,0.530715,1.4992
1,11.8310,593,99,0,53.161301,0.531613,1.4992
1,11.8510,594,99,0,53.250889,0.532509,1.4992
1,11.8710,595,99,0,53.340302,0.533403,1.4992
1,11.8910,596,99,0,53.429535,0.534295,1.4992
1,11.9110,597,99,0,53.518589,0.535186,1.4992
1,11.9310,598,99,0,53.607468,0.536075,1.4992
1,11.9510,599,99,0,53.696171,0.536962,1.4992
1,11.9710,600,99,0,53.784691,0.537847,1.4992
1,11.9910,601,99,0,53.873039,0.538730,1.4992
1,12.0110,602,99,0,53.961208,0.539612,1.4992
1,12.0310,603,99,0,54.049206,0.540492,1.4992
1,12.0510,604,99,0,54.137028,0.541370,1.4992
1,12.0710,605,99,0,54.224670,0.542247,1.4992
1,12.0910,606,99,0,54.312141,0.543121,1.4992
1,12.1110,607,99,0,54.399437,0.543994,1.4992
1,12.1310,608,99,0,54.486561,0.544866,1.4992
1,12.1510,609,99,0,54.573505,0.545735,1.4992
1,12.1710,610,99,0,54.660282,0.546603,1.4992
1,12.1910,611,99,0,54.746883,0.547469,1.4992
1,12.2110,612,99,0,54.833317,0.548333,1.4992
1,12.2310,613,99,0,54.919571,0.549196,1.4992
1,12.2510,614,99,0,55.005653,0.550057,1.4992
1,12.2710,615,99,0,55.091572,0.550916,1.4992
1,12.2910,616,99,0,55.177315,0.551773,1.4992
1,12.3110,617,99,0,55.262890,0.552629,1.4992
1,12.3310,618,99,0,55.348289,0.553483,1.4992
1,12.3510,619,99,0,55.433521,0.554335,1.4992
1,12.3720,620,99,0,55.518581,0.555186,1.4992
1,12.3910,621,99,0,55.603470,0.556035,1.4992
1,12.4110,622,99,0,55.688190,0.556882,1.4992
1,12.4310,623,99,0,55.772739,0.557727,1.4992
1,12.4510,624,99,0,55.857121,0.558571,1.4992
1,12.4710,625,99,0,55.941341,0.559413,1.4992
1,12.4910,626,99,0,56.025391,0.560254,1.4992
1,12.5110,627,99,0,56.109272,0.561093,1.4992
1,12.5310,628,99,0,56.192982,0.561930,1.4992
1,12.5510,629,99,0,56.276524,0.562765,1.4992
1,12.5710,630,99,0,56.359909,0.563599,1.4992
1,12.5910,631,99,0,56.443123,0.564431,1.4992
1,12.6110,632,99,0,56.526165,0.565262,1.4992
1,12.6310,633,99,0,56.609051,0.566091,1.4992
1,12.6510,634,99,0,56.691765,0.566918,1.4992
1,12.6710,635,99,0,56.774319,0.567743,1.4992
1,12.6920,636,99,0,56.856705,0.568567,1.4992
1,12.7110,637,99,0,56.938927,0.569389,1.4992
1,12.7310,638,99,0,57.020985,0.570210,1.4992
1,12.7510,639,99,0,57.102882,0.571029,1.4992
1,12.7710,640,99,0,57.184612,0.571846,1.4992
1,12.7910,641,99,0,57.266182,0.572662,1.4992
1,12.8110,642,99,0,57.347588,0.573476,1.4992
1,12.8310,643,99,0,57.428829,0.574288,1.4992
1,12.8510,644,99,0,57.509911,0.575099,1.4992
1,12.8710,645,99,0,57.590828,0.575908,1.4992
1,12.8910,646,99,0,57.671589,0.576716,1.4992
1,12.9110,647,99,0,57.752186,0.577522,1.4992
1,12.9310,648,99,0,57.832623,0.578326,1.4992
1,12.9510,649,99,0,57.912899,0.579129,1.4992
1,12.9710,650,99,0,57.993015,0.579930,1.4992
1,12.9910,651,99,0,58.072968,0.580730,1.4992
1,13.0110,652,99,0,58.152771,0.581528,1.4992
1,13.0320,653,99,0,58.232407,0.582324,1.4992
1,13.0510,654,99,0,58.311886,0.583119,1.4992
1,13.0710,655,99,0,58.391205,0.583912,1.4992
1,13.0910,656,99,0,58.470367,0.584704,1.4992
1,13.1110,657,99,0,58.549370,0.585494,1.4992
1,13.1310,658,99,0,58.628220,0.586282,1.4992
1,13.1510,659,99,0,58.706905,0.587069,1.4992
1,13.1710,660,99,0,58.785435,0.587854,1.4992
1,13.1910,661,99,0,58.863811,0.588638,1.4992
1,13.2110,662,99,0,58.942028,0.589420,1.4992
1,13.2310,663,99,0,59.020092,0.590201,1.4992
1,13.2510,664,99,0,59.097996,0.590980,1.4992
1,13.2710,665,99,0,59.175751,0.591758,1.4992
1,13.2910,666,99,0,59.253345,0.592533,1.4992
1,13.3110,667,99,0,59.330784,0.593308,1.4992
1,13.3310,668,99,0,59.408070,0.594081,1.4992
1,13.3510,669,99,0,59.485203,0.594852,1.4992
1,13.3710,670,99,0,59.562180,0.595622,1.4992
1,13.3910,671,99,0,59.639004,0.596390,1.4992
1,13.4110,672,99,0,59.715679,0.597157,1.4992
1,13.4310,673,99,0,59.792194,0.597922,1.4992
1,13.4510,674,99,0,59.868561,0.598686,1.4992
1,13.4710,675,99,0,59.944771,0.599448,1.4992
1,13.4910,676,99,0,60.020832,0.600208,1.4992
1,13.5110,677,99,0,60.096741,0.600967,1.4992
1,13.5310,678,99,0,60.172497,0.601725,1.4992
1,13.5510,679,99,0,60.248104,0.602481,1.4992
1,13.5710,680,99,0,60.323559,0.603236,1.4992
1,13.5910,681,99,0,60.398865,0.603989,1.4992
1,13.6110,682,99,0,60.474022,0.604740,1.4992
1,13.6310,683,99,0,60.549026,0.605490,1.4992
1,13.6510,684,99,0,60.623882,0.606239,1.4992
1,13.6710,685,99,0,60.698586,0.606986,1.4992
1,13.6910,686,99,0,60.773148,0.607731,1.4992
1,13.7110,687,99,0,60.847553,0.608476,1.4992
1,13.7310,688,99,0,60.921810,0.609218,1.4992
1,13.7510,689,99,0,60.995918,0.609959,1.4992
1,13.7710,690,99,0,61.069881,0.610699,1.4992
1,13.7910,691,99,0,61.143696,0.611437,1.4992
1,13.8110,692,99,0,61.217365,0.612174,1.4992
1,13.8310,693,99,0,61.290886,0.612909,1.4992
1,13.8510,694,99,0,61.364262,0.613643,1.4992
1,13.8710,695,99,0,61.437489,0.614375,1.4992
1,13.8910,696,99,0,61.510574,0.615106,1.4992
1,13.9110,697,99,0,61.583508,0.615835,1.4992
1,13.9310,698,99,0,61.656296,0.616563,1.4992
1,13.9510,699,99,0,61.728943,0.617289,1.4992
1,13.9710,700,99,0,61.801445,0.618014,1.4992
1,13.9910,701,99,0,61.873798,0.618738,1.4992
1,14.0110,702,99,0,61.946011,0.619460,1.4992
1,14.0310,703,99,0,62.018078,0.620181,1.4992
1,14.0510,704,99,0,62.090000,0.620900,1.4992
1,14.0710,705,99,0,62.161781,0.621618,1.4992
1,14.0910,706,99,0,62.233418,0.622334,1.4992
1,14.1110,707,99,0,62.304909,0.623049,1.4992
1,14.1310,708,99,0,62.376263,0.623763,1.4992
1,14.1510,709,99,0,62.447472,0.624475,1.4992
1,14.1710,710,99,0,62.518536,0.625185,1.4992
1,14.1910,711,99,0,62.589458,0.625895,1.4992
1,14.2110,712,99,0,62.660240,0.626602,1.4992
1,14.2310,713,99,0,62.730881,0.627309,1.4992
1,14.2510,714,99,0,62.801380,0.628014,1.4992
1,14.2710,715,99,0,62.871738,0.628717,1.4992
1,14.2910,716,99,0,62.941956,0.629420,1.4992
1,14.3110,717,99,0,63.012035,0.630120,1.4992
1,14.3310,718,99,0,63.081970,0.630820,1.4992
1,14.3510,719,99,0,63.151772,0.631518,1.4992
1,14.3720,720,99,0,63.221432,0.632214,1.4992
1,14.3910,721,99,0,63.290951,0.632910,1.4992
1,14.4110,722,99,0,63.360336,0.633603,1.4992
1,14.4310,723,99,0,63.429577,0.634296,1.4992
1,14.4510,724,99,0,63.498684,0.634987,1.4992
1,14.4710,725,99,0,63.567646,0.635676,1.4992
1,14.4910,726,99,0,63.636478,0.636365,1.4992
1,14.5110,727,99,0,63.705170,0.637052,1.4992
1,14.5310,728,99,0,63.773727,0.637737,1.4992
1,14.5510,729,99,0,63.842144,0.638421,1.4992
1,14.5710,730,99,0,63.910427,0.639104,1.4992
1,14.5910,731,99,0,63.978569,0.639786,1.4992
1,14.6110,732,99,0,64.046585,0.640466,1.4992
1,14.6310,733,99,0,64.114456,0.641145,1.4992
1,14.6510,734,99,0,64.182198,0.641822,1.4992
1,14.6710,735,99,0,64.249802,0.642498,1.4992
1,14.6910,736,99,0,64.317253,0.643173,1.4992
1,14.7110,737,99,0,64.384590,0.643846,1.4992
1,14.7310,738,99,0,64.451790,0.644518,1.4992
1,14.7510,739,99,0,64.518845,0.645188,1.4992
1,14.7710,740,99,0,64.585785,0.645858,1.4992
1,14.7910,741,99,0,64.652573,0.646526,1.4992
1,14.8110,742,99,0,64.719238,0.647192,1.4992
1,14.8310,743,99,0,64.785767,0.647858,1.4992
1,14.8510,744,99,0,64.852158,0.648522,1.4992
1,14.8720,745,99,0,64.918419,0.649184,1.4992
1,14.8910,746,99,0,64.984550,0.649846,1.4992
1,14.9110,747,99,0,65.050552,0.650506,1.4992
1,14.9310,748,99,0,65.116425,0.651164,1.4992
1,14.9510,749,99,0,65.182152,0.651822,1.4992
1,14.9710,750,99,0,65.247757,0.652478,1.4992
1,14.9910,751,99,0,65.313240,0.653132,1.4992
1,15.0110,752,99,0,65.378578,0.653786,1.4992
1,15.0310,753,99,0,65.443787,0.654438,1.4992
1,15.0510,754,99,0,65.508873,0.655089,1.4992
1,15.0710,755,99,0,65.573822,0.655738,1.4992
1,15.0910,756,99,0,65.638641,0.656386,1.4992
1,15.1110,757,99,0,65.703339,0.657033,1.4992
1,15.1310,758,99,0,65.767906,0.657679,1.4992
1,15.1510,759,99,0,65.832329,0.658323,1.4992
1,15.1710,760,99,0,65.896637,0.658966,1.4992
1,15.1910,761,99,0,65.960808,0.659608,1.4992
1,15.2110,762,99,0,66.024864,0.660249,1.4992
1,15.2310,763,99,0,66.088791,0.660888,1.4992
1,15.2510,764,99,0,66.152580,0.661526,1.4992
1,15.2710,765,99,0,66.216248,0.662162,1.4992
1,15.2910,766,99,0,66.279793,0.662798,1.4992
1,15.3110,767,99,0,66.343208,0.663432,1.4992
1,15.3310,768,99,0,66.406487,0.664065,1.4992
1,15.3510,769,99,0,66.469650,0.664697,1.4992
1,15.3710,770,99,0,66.532684,0.665327,1.4992
1,15.3910,771,99,0,66.595596,0.665956,1.4992
1,15.4110,772,99,0,66.658371,0.666584,1.4992
1,15.4310,773,99,0,66.721039,0.667210,1.4992
1,15.4510,774,99,0,66.783569,0.667836,1.4992
1,15.4710,775,99,0,66.845978,0.668460,1.4992
1,15.4910,776,99,0,66.908257,0.669083,1.4992
1,15.5110,777,99,0,66.970413,0.669704,1.4992
1,15.5310,778,99,0,67.032448,0.670324,1.4992
1,15.5510,779,99,0,67.094353,0.670944,1.4992
1,15.5710,780,99,0,67.156136,0.671561,1.4992
1,15.5910,781,99,0,67.217804,0.672178,1.4992
1,15.6110,782,99,0,67.279343,0.672793,1.4992
1,15.6310,783,99,0,67.340759,0.673408,1.4992
1,15.6510,784,99,0,67.402054,0.674021,1.4992
1,15.6710,785,99,0,67.463226,0.674632,1.4992
1,15.6910,786,99,0,67.524269,0.675243,1.4992
1,15.7110,787,99,0,67.585190,0.675852,1.4992
1,15.7310,788,99,0,67.645996,0.676460,1.4992
1,15.7510,789,99,0,67.706680,0.677067,1.4992
1,15.7710,790,99,0,67.767250,0.677673,1.4992
1,15.7910,791,99,0,67.827690,0.678277,1.4992
1,15.8110,792,99,0,67.888016,0.678880,1.4992
1,15.8310,793,99,0,67.948212,0.679482,1.4992
1,15.8510,794,99,0,68.008293,0.680083,1.4992
1,15.8720,795,99,0,68.068253,0.680683,1.4992
1,15.8910,796,99,0,68.128090,0.681281,1.4992
1,15.9110,797,99,0,68.187813,0.681878,1.4992
1,15.9310,798,99,0,68.247414,0.682474,1.4992
1,15.9510,799,99,0,68.306892,0.683069,1.4992
1,15.9710,800,99,0,68.366257,0.683663,1.4992
1,15.9910,801,99,0,68.425507,0.684255,1.4992
1,16.0110,802,99,0,68.484634,0.684846,1.4992
1,16.0310,803,99,0,68.543640,0.685436,1.4992
1,16.0510,804,99,0,68.602539,0.686025,1.4992
1,16.0710,805,99,0,68.661316,0.686613,1.4992
1,16.0910,806,99,0,68.719963,0.687200,1.4992
1,16.1110,807,99,0,68.778503,0.687785,1.4992
1,16.1310,808,99,0,68.836922,0.688369,1.4992
1,16.1510,809,99,0,68.895233,0.688952,1.4992
1,16.1710,810,99,0,68.953415,0.689534,1.4992
1,16.1910,811,99,0,69.011497,0.690115,1.4992
1,16.2120,812,99,0,69.069443,0.690694,1.4992
1,16.2310,813,99,0,69.127289,0.691273,1.4992
1,16.2510,814,99,0,69.185013,0.691850,1.4992
1,16.2710,815,99,0,69.242622,0.692426,1.4992
1,16.2910,816,99,0,69.300125,0.693001,1.4992
1,16.3110,817,99,0,69.357506,0.693575,1.4992
1,16.3310,818,99,0,69.414772,0.694148,1.4992
1,16.3510,819,99,0,69.471924,0.694719,1.4992
1,16.3720,820,99,0,69.528961,0.695290,1.4992
1,16.3910,821,99,0,69.585892,0.695859,1.4992
1,16.4110,822,99,0,69.642700,0.696427,1.4992
1,16.4310,823,99,0,69.699394,0.696994,1.4992
1,16.4510,824,99,0,69.755981,0.697560,1.4992
1,16.4710,825,99,0,69.812454,0.698125,1.4992
1,16.4910,826,99,0,69.868805,0.698688,1.4992
1,16.5110,827,99,0,69.925041,0.699250,1.4992
1,16.5310,828,99,0,69.981178,0.699812,1.4992
1,16.5520,829,99,0,70.037193,0.700372,1.4992
1,16.5710,830,99,0,70.093102,0.700931,1.4992
1,16.5910,831,99,0,70.148903,0.701489,1.4992
1,16.6110,832,99,0,70.204582,0.702046,1.4992
1,16.6310,833,99,0,70.260155,0.702602,1.4992
1,16.6510,834,99,0,70.315613,0.703156,1.4992
1,16.6710,835,99,0,70.370964,0.703710,1.4992
1,16.6910,836,99,0,70.426208,0.704262,1.4992
1,16.7120,837,99,0,70.481339,0.704813,1.4992
1,16.7310,838,99,0,70.536354,0.705364,1.4992
1,16.7510,839,99,0,70.591263,0.705913,1.4992
1,16.7710,840,99,0,70.646057,0.706461,1.4992
1,16.7910,841,99,0,70.700760,0.707008,1.4992
1,16.8110,842,99,0,70.755333,0.707553,1.4992
1,16.8310,843,99,0,70.809807,0.708098,1.4992
1,16.8510,844,99,0,70.864174,0.708642,1.4992
1,16.8710,845,99,0,70.918427,0.709184,1.4992
1,16.8910,846,99,0,70.972565,0.709726,1.4992
1,16.9110,847,99,0,71.026604,0.710266,1.4992
1,16.9310,848,99,0,71.080544,0.710805,1.4992
1,16.9510,849,99,0,71.134369,0.711344,1.4992
1,16.9710,850,99,0,71.188080,0.711881,1.4992
1,16.9910,851,99,0,71.241684,0.712417,1.4992
1,17.0110,852,99,0,71.295174,0.712952,1.4992
1,17.0310,853,99,0,71.348572,0.713486,1.4992
1,17.0510,854,99,0,71.401855,0.714019,1.4992
1,17.0710,855,99,0,71.455032,0.714550,1.4992
1,17.0910,856,99,0,71.508102,0.715081,1.4992
1,17.1110,857,99,0,71.561073,0.715611,1.4992
1,17.1310,858,99,0,71.613930,0.716139,1.4992
1,17.1510,859,99,0,71.666695,0.716667,1.4992
1,17.1710,860,99,0,71.719337,0.717193,1.4992
1,17.1910,861,99,0,71.771889,0.717719,1.4992
1,17.2120,862,99,0,71.824326,0.718243,1.4992
1,17.2310,863,99,0,71.876663,0.718767,1.4992
1,17.2510,864,99,0,71.928902,0.719289,1.4992
1,17.2710,865,99,0,71.981026,0.719810,1.4992
1,17.2910,866,99,0,72.033043,0.720330,1.4992
1,17.3110,867,99,0,72.084969,0.720850,1.4992
1,17.3310,868,99,0,72.136780,0.721368,1.4992
1,17.3510,869,99,0,72.188492,0.721885,1.4992
1,17.3710,870,99,0,72.240105,0.722401,1.4992
1,17.3910,871,99,0,72.291603,0.722916,1.4992
1,17.4110,872,99,0,72.343002,0.723430,1.4992
1,17.4310,873,99,0,72.394302,0.723943,1.4992
1,17.4510,874,99,0,72.445503,0.724455,1.4992
1,17.4710,875,99,0,72.496590,0.724966,1.4992
1,17.4910,876,99,0,72.547585,0.725476,1.4992
1,17.5110,877,99,0,72.598480,0.725985,1.4992
1,17.5310,878,99,0,72.649261,0.726493,1.4992
1,17.5520,879,99,0,72.699951,0.727000,1.4992
1,17.5710,880,99,0,72.750542,0.727505,1.4992
1,17.5910,881,99,0,72.801025,0.728010,1.4992
1,17.6110,882,99,0,72.851410,0.728514,1.4992
1,17.6310,883,99,0,72.901695,0.729017,1.4992
1,17.6510,884,99,0,72.951866,0.729519,1.4992
1,17.6710,885,99,0,73.001953,0.730020,1.4992
1,17.6910,886,99,0,73.051941,0.730519,1.4992
1,17.7120,887,99,0,73.101830,0.731018,1.4992
1,17.7310,888,99,0,73.151611,0.731516,1.4992
1,17.7510,889,99,0,73.201286,0.732013,1.4992
1,17.7710,890,99,0,73.250870,0.732509,1.4992
1,17.7910,891,99,0,73.300354,0.733004,1.4992
1,17.8110,892,99,0,73.349739,0.733497,1.4992
1,17.8310,893,99,0,73.399017,0.733990,1.4992
1,17.8510,894,99,0,73.448212,0.734482,1.4992
1,17.8710,895,99,0,73.497307,0.734973,1.4992
1,17.8910,896,99,0,73.546303,0.735463,1.4992
1,17.9110,897,99,0,73.595200,0.735952,1.4992
1,17.9310,898,99,0,73.643997,0.736440,1.4992
1,17.9510,899,99,0,73.692688,0.736927,1.4992
1,17.9710,900,99,0,73.741287,0.737413,1.4992
1,17.9910,901,99,0,73.789795,0.737898,1.4992
1,18.0110,902,99,0,73.838203,0.738382,1.4992
1,18.0310,903,99,0,73.886513,0.738865,1.4992
1,18.0510,904,99,0,73.934731,0.739347,1.4992
1,18.0710,905,99,0,73.982849,0.739828,1.4992
1,18.0910,906,99,0,74.030869,0.740309,1.4992
1,18.1110,907,99,0,74.078796,0.740788,1.4992
1,18.1310,908,99,0,74.126625,0.741266,1.4992
1,18.1510,909,99,0,74.174362,0.741744,1.4992
1,18.1710,910,99,0,74.222000,0.742220,1.4992
1,18.1910,911,99,0,74.269547,0.742695,1.4992
1,18.2120,912,99,0,74.316994,0.743170,1.4992
1,18.2310,913,99,0,74.364349,0.743643,1.4992
1,18.2510,914,99,0,74.411606,0.744116,1.4992
1,18.2710,915,99,0,74.458778,0.744588,1.4992
1,18.2910,916,99,0,74.505852,0.745059,1.4992
1,18.3110,917,99,0,74.552826,0.745528,1.4992
1,18.3310,918,99,0,74.599709,0.745997,1.4992
1,18.3510,919,99,0,74.646500,0.746465,1.4992
1,18.3710,920,99,0,74.693192,0.746932,1.4992
1,18.3910,921,99,0,74.739799,0.747398,1.4992
1,18.4110,922,99,0,74.786308,0.747863,1.4992
1,18.4310,923,99,0,74.832726,0.748327,1.4992
1,18.4510,924,99,0,74.879044,0.748790,1.4992
1,18.4710,925,99,0,74.925278,0.749253,1.4992
1,18.4910,926,99,0,74.971413,0.749714,1.4992
1,18.5110,927,99,0,75.017456,0.750175,1.4992
1,18.5310,928,99,0,75.063408,0.750634,1.4992
1,18.5510,929,99,0,75.109276,0.751093,1.4992
1,18.5710,930,99,0,75.155045,0.751550,1.4992
1,18.5910,931,99,0,75.200722,0.752007,1.4992
1,18.6110,932,99,0,75.246307,0.752463,1.4992
1,18.6310,933,99,0,75.291809,0.752918,1.4992
1,18.6510,934,99,0,75.337212,0.753372,1.4992
1,18.6710,935,99,0,75.382530,0.753825,1.4992
1,18.6910,936,99,0,75.427750,0.754277,1.4992
1,18.7110,937,99,0,75.472885,0.754729,1.4992
1,18.7310,938,99,0,75.517929,0.755179,1.4992
1,18.7510,939,99,0,75.562881,0.755629,1.4992
1,18.7710,940,99,0,75.607750,0.756077,1.4992
1,18.7910,941,99,0,75.652519,0.756525,1.4992
1,18.8110,942,99,0,75.697205,0.756972,1.4992
1,18.8310,943,99,0,75.741798,0.757418,1.4992
1,18.8510,944,99,0,75.786308,0.757863,1.4992
1,18.8710,945,99,0,75.830727,0.758307,1.4992
1,18.8910,946,99,0,75.875053,0.758751,1.4992
1,18.9110,947,99,0,75.919289,0.759193,1.4992
1,18.9310,948,99,0,75.963448,0.759634,1.4992
1,18.9510,949,99,0,76.007515,0.760075,1.4992
1,18.9710,950,99,0,76.051483,0.760515,1.4992
1,18.9910,951,99,0,76.095375,0.760954,1.4992
1,19.0110,952,99,0,76.139168,0.761392,1.4992
1,19.0310,953,99,0,76.182884,0.761829,1.4992
1,19.0520,954,99,0,76.226509,0.762265,1.4992
1,19.0710,955,99,0,76.270042,0.762700,1.4992
1,19.0910,956,99,0,76.313499,0.763135,1.4992
1,19.1110,957,99,0,76.356865,0.763569,1.4992
1,19.1310,958,99,0,76.400139,0.764001,1.4992
1,19.1510,959,99,0,76.443329,0.764433,1.4992
1,19.1710,960,99,0,76.486435,0.764864,1.4992
1,19.1910,961,99,0,76.529449,0.765294,1.4992
1,19.2110,962,99,0,76.572388,0.765724,1.4992
1,19.2310,963,99,0,76.615234,0.766152,1.4992
1,19.2510,964,99,0,76.657997,0.766580,1.4992
1,19.2710,965,99,0,76.700668,0.767007,1.4992
1,19.2910,966,99,0,76.743263,0.767433,1.4992
1,19.3110,967,99,0,76.785767,0.767858,1.4992
1,19.3310,968,99,0,76.828186,0.768282,1.4992
1,19.3510,969,99,0,76.870514,0.768705,1.4992
1,19.3710,970,99,0,76.912766,0.769128,1.4992
1,19.3910,971,99,0,76.954933,0.769549,1.4992
1,19.4110,972,99,0,76.997017,0.769970,1.4992
1,19.4310,973,99,0,77.039017,0.770390,1.4992
1,19.4510,974,99,0,77.080933,0.770809,1.4992
1,19.4710,975,99,0,77.122757,0.771228,1.4992
1,19.4910,976,99,0,77.164505,0.771645,1.4992
1,19.5110,977,99,0,77.206169,0.772062,1.4992
1,19.5310,978,99,0,77.247749,0.772477,1.4992
1,19.5520,979,99,0,77.289246,0.772892,1.4992
1,19.5710,980,99,0,77.330658,0.773307,1.4992
1,19.5910,981,99,0,77.371986,0.773720,1.4992
1,19.6110,982,99,0,77.413239,0.774132,1.4992
1,19.6310,983,99,0,77.454407,0.774544,1.4992
1,19.6510,984,99,0,77.495483,0.774955,1.4992
1,19.6710,985,99,0,77.536484,0.775365,1.4992
1,19.6910,986,99,0,77.577408,0.775774,1.4992
1,19.7110,987,99,0,77.618240,0.776182,1.4992
1,19.7310,988,99,0,77.659004,0.776590,1.4992
1,19.7510,989,99,0,77.699669,0.776997,1.4992
1,19.7710,990,99,0,77.740265,0.777403,1.4992
1,19.7910,991,99,0,77.780777,0.777808,1.4992
1,19.8110,992,99,0,77.821213,0.778212,1.4992
1,19.8310,993,99,0,77.861565,0.778616,1.4992
1,19.8510,994,99,0,77.901825,0.779018,1.4992
1,19.8710,995,99,0,77.942017,0.779420,1.4992
1,19.8910,996,99,0,77.982132,0.779821,1.4992
1,19.9110,997,99,0,78.022163,0.780222,1.4992
1,19.9310,998,99,0,78.062111,0.780621,1.4992
1,19.9510,999,99,0,78.101974,0.781020,1.4992
1,19.9710,1000,99,0,78.141769,0.781418,1.4992
1,19.9910,1001,99,0,78.181480,0.781815,1.4992
1,20.0110,1002,99,0,78.221107,0.782211,1.4992
1,20.0310,1003,99,0,78.260658,0.782607,1.4992
1,20.0510,1004,99,0,78.300133,0.783001,1.4992
1,20.0710,1005,99,0,78.339531,0.783395,1.4992
1,20.0910,1006,99,0,78.378845,0.783788,1.4992
1,20.1110,1007,99,0,78.418083,0.784181,1.4992
1,20.1310,1008,99,0,78.457237,0.784572,1.4992
1,20.1510,1009,99,0,78.496315,0.784963,1.4992
1,20.1710,1010,99,0,78.535316,0.785353,1.4992
1,20.1910,1011,99,0,78.574249,0.785742,1.4992
1,20.2110,1012,99,0,78.613091,0.786131,1.4992
1,20.2310,1013,99,0,78.651855,0.786519,1.4992
1,20.2510,1014,99,0,78.690544,0.786905,1.4992
1,20.2710,1015,99,0,78.729164,0.787292,1.4992
1,20.2910,1016,99,0,78.767700,0.787677,1.4992
1,20.3110,1017,99,0,78.806160,0.788062,1.4992
1,20.3310,1018,99,0,78.844536,0.788445,1.4992
1,20.3510,1019,99,0,78.882835,0.788828,1.4992
1,20.3710,1020,99,0,78.921066,0.789211,1.4992
1,20.3920,1021,99,0,78.959213,0.789592,1.4992
1,20.4110,1022,99,0,78.997284,0.789973,1.4992
1,20.4310,1023,99,0,79.035286,0.790353,1.4992
1,20.4510,1024,99,0,79.073204,0.790732,1.4992
1,20.4710,1025,99,0,79.111046,0.791110,1.4992
1,20.4910,1026,99,0,79.148819,0.791488,1.4992
1,20.5110,1027,99,0,79.186523,0.791865,1.4992
1,20.5310,1028,99,0,79.224144,0.792241,1.4992
1,20.5510,1029,99,0,79.261696,0.792617,1.4992
1,20.5710,1030,99,0,79.299164,0.792992,1.4992
1,20.5910,1031,99,0,79.336555,0.793366,1.4992
1,20.6110,1032,99,0,79.373878,0.793739,1.4992
1,20.6310,1033,99,0,79.411125,0.794111,1.4992
1,20.6510,1034,99,0,79.448296,0.794483,1.4992
1,20.6710,1035,99,0,79.485397,0.794854,1.4992
1,20.6910,1036,99,0,79.522415,0.795224,1.4992
1,20.7110,1037,99,0,79.559372,0.795594,1.4992
1,20.7320,1038,99,0,79.596245,0.795962,1.4992
1,20.7510,1039,99,0,79.633049,0.796330,1.4992
1,20.7710,1040,99,0,79.669777,0.796698,1.4992
1,20.7910,1041,99,0,79.706429,0.797064,1.4992
1,20.8110,1042,99,0,79.743011,0.797430,1.4992
1,20.8310,1043,99,0,79.779518,0.797795,1.4992
1,20.8510,1044,99,0,79.815956,0.798160,1.4992
1,20.8710,1045,99,0,79.852318,0.798523,1.4992
1,20.8920,1046,99,0,79.888611,0.798886,1.4992
1,20.9110,1047,99,0,79.924828,0.799248,1.4992
1,20.9310,1048,99,0,79.960976,0.799610,1.4992
1,20.9510,1049,99,0,79.997047,0.799970,1.4992
1,20.9710,1050,99,0,80.033051,0.800331,1.4992
1,20.9910,1051,99,0,80.068977,0.800690,1.4992
1,21.0110,1052,99,0,80.104828,0.801048,1.4992
1,21.0310,1053,99,0,80.140617,0.801406,1.4992
1,21.0510,1054,99,0,80.176338,0.801763,1.4992
1,21.0710,1055,99,0,80.211975,0.802120,1.4992
1,21.0910,1056,99,0,80.247551,0.802476,1.4992
1,21.1110,1057,99,0,80.283058,0.802831,1.4992
1,21.1310,1058,99,0,80.318489,0.803185,1.4992
1,21.1510,1059,99,0,80.353836,0.803538,1.4992
1,21.1710,1060,99,0,80.389130,0.803891,1.4992
1,21.1910,1061,99,0,80.424347,0.804243,1.4992
1,21.2110,1062,99,0,80.459488,0.804595,1.4992
1,21.2320,1063,99,0,80.494568,0.804946,1.4992
1,21.2510,1064,99,0,80.529579,0.805296,1.4992
1,21.2710,1065,99,0,80.564514,0.805645,1.4992
1,21.2910,1066,99,0,80.599373,0.805994,1.4992
1,21.3110,1067,99,0,80.634171,0.806342,1.4992
1,21.3310,1068,99,0,80.668900,0.806689,1.4992
1,21.3510,1069,99,0,80.703560,0.807036,1.4992
1,21.3710,1070,99,0,80.738144,0.807381,1.4992
1,21.3920,1071,99,0,80.772667,0.807727,1.4992
1,21.4110,1072,99,0,80.807114,0.808071,1.4992
1,21.4310,1073,99,0,80.841499,0.808415,1.4992
1,21.4510,1074,99,0,80.875816,0.808758,1.4992
1,21.4710,1075,99,0,80.910065,0.809101,1.4992
1,21.4910,1076,99,0,80.944237,0.809442,1.4992
1,21.5110,1077,99,0,80.978348,0.809783,1.4992
1,21.5310,1078,99,0,81.012383,0.810124,1.4992
1,21.5510,1079,99,0,81.046356,0.810464,1.4992
1,21.5710,1080,99,0,81.080261,0.810803,1.4992
1,21.5910,1081,99,0,81.114098,0.811141,1.4992
1,21.6110,1082,99,0,81.147858,0.811479,1.4992
1,21.6310,1083,99,0,81.181557,0.811816,1.4992
1,21.6510,1084,99,0,81.215187,0.812152,1.4992
1,21.6710,1085,99,0,81.248756,0.812488,1.4992
1,21.6910,1086,99,0,81.282257,0.812823,1.4992
1,21.7110,1087,99,0,81.315689,0.813157,1.4992
1,21.7310,1088,99,0,81.349052,0.813491,1.4992
1,21.7510,1089,99,0,81.382347,0.813823,1.4992
1,21.7710,1090,99,0,81.415588,0.814156,1.4992
1,21.7910,1091,99,0,81.448746,0.814487,1.4992
1,21.8110,1092,99,0,81.481842,0.814818,1.4992
1,21.8310,1093,99,0,81.514877,0.815149,1.4992
1,21.8510,1094,99,0,81.547844,0.815478,1.4992
1,21.8710,1095,99,0,81.580750,0.815807,1.4992
1,21.8920,1096,99,0,81.613579,0.816136,1.4992
1,21.9110,1097,99,0,81.646355,0.816464,1.4992
1,21.9310,1098,99,0,81.679062,0.816791,1.4992
1,21.9510,1099,99,0,81.711693,0.817117,1.4992
1,21.9710,1100,99,0,81.744270,0.817443,1.4992
1,21.9910,1101,99,0,81.776779,0.817768,1.4992
1,22.0110,1102,99,0,81.809227,0.818092,1.4992
1,22.0310,1103,99,0,81.841599,0.818416,1.4992
1,22.0510,1104,99,0,81.873924,0.818739,1.4992
1,22.0710,1105,99,0,81.906166,0.819062,1.4992
1,22.0910,1106,99,0,81.938354,0.819384,1.4992
1,22.1110,1107,99,0,81.970474,0.819705,1.4992
1,22.1310,1108,99,0,82.002533,0.820025,1.4992
1,22.1510,1109,99,0,82.034523,0.820345,1.4992
1,22.1710,1110,99,0,82.066444,0.820664,1.4992
1,22.1910,1111,99,0,82.098312,0.820983,1.4992
1,22.2110,1112,99,0,82.130112,0.821301,1.4992
1,22.2320,1113,99,0,82.161850,0.821618,1.4992
1,22.2510,1114,99,0,82.193527,0.821935,1.4992
1,22.2710,1115,99,0,82.225136,0.822251,1.4992
1,22.2910,1116,99,0,82.256676,0.822567,1.4992
1,22.3110,1117,99,0,82.288170,0.822882,1.4992
1,22.3310,1118,99,0,82.319588,0.823196,1.4992
1,22.3510,1119,99,0,82.350937,0.823509,1.4992
1,22.3710,1120,99,0,82.382240,0.823822,1.4992
1,22.3910,1121,99,0,82.413467,0.824135,1.4992
1,22.4110,1122,99,0,82.444641,0.824446,1.4992
1,22.4310,1123,99,0,82.475746,0.824757,1.4992
1,22.4510,1124,99,0,82.506790,0.825068,1.4992
1,22.4710,1125,99,0,82.537773,0.825378,1.4992
1,22.4910,1126,99,0,82.568695,0.825687,1.4992
1,22.5110,1127,99,0,82.599556,0.825996,1.4992
1,22.5310,1128,99,0,82.630356,0.826304,1.4992
1,22.5510,1129,99,0,82.661095,0.826611,1.4992
1,22.5710,1130,99,0,82.691772,0.826918,1.4992
1,22.5910,1131,99,0,82.722389,0.827224,1.4992
1,22.6110,1132,99,0,82.752945,0.827529,1.4992
1,22.6310,1133,99,0,82.783440,0.827834,1.4992
1,22.6510,1134,99,0,82.813873,0.828139,1.4992
1,22.6710,1135,99,0,82.844246,0.828442,1.4992
1,22.6910,1136,99,0,82.874557,0.828746,1.4992
1,22.7110,1137,99,0,82.904808,0.829048,1.4992
1,22.7310,1138,99,0,82.934998,0.829350,1.4992
1,22.7510,1139,99,0,82.965126,0.829651,1.4992
1,22.7710,1140,99,0,82.995193,0.829952,1.4992
1,22.7910,1141,99,0,83.025200,0.830252,1.4992
1,22.8110,1142,99,0,83.055145,0.830551,1.4992
1,22.8310,1143,99,0,83.085030,0.830850,1.4992
1,22.8510,1144,99,0,83.114853,0.831149,1.4992
1,22.8710,1145,99,0,83.144623,0.831446,1.4992
1,22.8910,1146,99,0,83.174332,0.831743,1.4992
1,22.9110,1147,99,0,83.203979,0.832040,1.4992
1,22.9310,1148,99,0,83.233566,0.832336,1.4992
1,22.9510,1149,99,0,83.263100,0.832631,1.4992
1,22.9710,1150,99,0,83.292572,0.832926,1.4992
1,22.9910,1151,99,0,83.321983,0.833220,1.4992
1,23.0110,1152,99,0,83.351334,0.833513,1.4992
1,23.0310,1153,99,0,83.380630,0.833806,1.4992
1,23.0510,1154,99,0,83.409874,0.834099,1.4992
1,23.0710,1155,99,0,83.439041,0.834390,1.4992
1,23.0910,1156,99,0,83.468163,0.834682,1.4992
1,23.1110,1157,99,0,83.497231,0.834972,1.4992
1,23.1310,1158,99,0,83.526230,0.835262,1.4992
1,23.1510,1159,99,0,83.555176,0.835552,1.4992
1,23.1710,1160,99,0,83.584061,0.835841,1.4992
1,23.1910,1161,99,0,83.612892,0.836129,1.4992
1,23.2110,1162,99,0,83.641663,0.836417,1.4992
1,23.2310,1163,99,0,83.670380,0.836704,1.4992
1,23.2510,1164,99,0,83.699036,0.836990,1.4992
1,23.2710,1165,99,0,83.727631,0.837276,1.4992
1,23.2910,1166,99,0,83.756172,0.837562,1.4992
1,23.3110,1167,99,0,83.784668,0.837847,1.4992
1,23.3310,1168,99,0,83.813095,0.838131,1.4992
1,23.3510,1169,99,0,83.841469,0.838415,1.4992
1,23.3710,1170,99,0,83.869781,0.838698,1.4992
1,23.3920,1171,99,0,83.898041,0.838980,1.4992
1,23.4110,1172,99,0,83.926247,0.839262,1.4992
1,23.4310,1173,99,0,83.954391,0.839544,1.4992
1,23.4510,1174,99,0,83.982483,0.839825,1.4992
1,23.4710,1175,99,0,84.010513,0.840105,1.4992
1,23.4910,1176,99,0,84.038490,0.840385,1.4992
1,23.5110,1177,99,0,84.066406,0.840664,1.4992
1,23.5310,1178,99,0,84.094269,0.840943,1.4992
1,23.5510,1179,99,0,84.122086,0.841221,1.4992
1,23.5710,1180,99,0,84.149841,0.841498,1.4992
1,23.5910,1181,99,0,84.177536,0.841775,1.4992
1,23.6110,1182,99,0,84.205177,0.842052,1.4992
1,23.6310,1183,99,0,84.232765,0.842328,1.4992
1,23.6510,1184,99,0,84.260300,0.842603,1.4992
1,23.6710,1185,99,0,84.287781,0.842878,1.4992
1,23.6910,1186,99,0,84.315201,0.843152,1.4992
1,23.7110,1187,99,0,84.342567,0.843426,1.4992
1,23.7320,1188,99,0,84.369881,0.843699,1.4992
1,23.7510,1189,99,0,84.397141,0.843971,1.4992
1,23.7710,1190,99,0,84.424347,0.844243,1.4992
1,23.7910,1191,99,0,84.451492,0.844515,1.4992
1,23.8110,1192,99,0,84.478584,0.844786,1.4992
1,23.8310,1193,99,0,84.505630,0.845056,1.4992
1,23.8510,1194,99,0,84.532608,0.845326,1.4992
1,23.8710,1195,99,0,84.559540,0.845595,1.4992
1,23.8910,1196,99,0,84.586426,0.845864,1.4992
1,23.9120,1197,99,0,84.613251,0.846133,1.4992
1,23.9310,1198,99,0,84.640030,0.846400,1.4992
1,23.9510,1199,99,0,84.666740,0.846667,1.4992
1,23.9710,1200,99,0,84.693413,0.846934,1.4992
1,23.9910,1201,99,0,84.720024,0.847200,1.4992
1,24.0110,1202,99,0,84.746590,0.847466,1.4992
1,24.0310,1203,99,0,84.773094,0.847731,1.4992
1,24.0510,1204,99,0,84.799545,0.847995,1.4992
1,24.0720,1205,99,0,84.825943,0.848259,1.4992
1,24.0910,1206,99,0,84.852287,0.848523,1.4992
1,24.1110,1207,99,0,84.878578,0.848786,1.4992
1,24.1310,1208,99,0,84.904823,0.849048,1.4992
1,24.1510,1209,99,0,84.931007,0.849310,1.4992
1,24.1710,1210,99,0,84.957138,0.849571,1.4992
1,24.1910,1211,99,0,84.983231,0.849832,1.4992
1,24.2110,1212,99,0,85.009262,0.850093,1.4992
1,24.2310,1213,99,0,85.035240,0.850352,1.4992
1,24.2510,1214,99,0,85.061172,0.850612,1.4992
1,24.2710,1215,99,0,85.087044,0.850870,1.4992
1,24.2910,1216,99,0,85.112877,0.851129,1.4992
1,24.3110,1217,99,0,85.138641,0.851386,1.4992
1,24.3310,1218,99,0,85.164368,0.851644,1.4992
1,24.3510,1219,99,0,85.190033,0.851900,1.4992
1,24.3710,1220,99,0,85.215652,0.852157,1.4992
1,24.3910,1221,99,0,85.241226,0.852412,1.4992
1,24.4110,1222,99,0,85.266747,0.852667,1.4992
1,24.4310,1223,99,0,85.292206,0.852922,1.4992
1,24.4510,1224,99,0,85.317619,0.853176,1.4992
1,24.4710,1225,99,0,85.342987,0.853430,1.4992
1,24.4910,1226,99,0,85.368294,0.853683,1.4992
1,24.5110,1227,99,0,85.393555,0.853936,1.4992
1,24.5310,1228,99,0,85.418762,0.854188,1.4992
1,24.5510,1229,99,0,85.443932,0.854439,1.4992
1,24.5720,1230,99,0,85.469040,0.854690,1.4992
1,24.5910,1231,99,0,85.494095,0.854941,1.4992
1,24.6110,1232,99,0,85.519112,0.855191,1.4992
1,24.6310,1233,99,0,85.544067,0.855441,1.4992
1,24.6510,1234,99,0,85.568977,0.855690,1.4992
1,24.6710,1235,99,0,85.593842,0.855938,1.4992
1,24.6910,1236,99,0,85.618652,0.856187,1.4992
1,24.7110,1237,99,0,85.643410,0.856434,1.4992
1,24.7310,1238,99,0,85.668129,0.856681,1.4992
1,24.7510,1239,99,0,85.692787,0.856928,1.4992
1,24.7710,1240,99,0,85.717407,0.857174,1.4992
1,24.7910,1241,99,0,85.741959,0.857420,1.4992
1,24.8110,1242,99,0,85.766479,0.857665,1.4992
1,24.8310,1243,99,0,85.790947,0.857909,1.4992
1,24.8510,1244,99,0,85.815361,0.858154,1.4992
1,24.8710,1245,99,0,85.839729,0.858397,1.4992
1,24.8910,1246,99,0,85.864052,0.858641,1.4992
1,24.9110,1247,99,0,85.888321,0.858883,1.4992
1,24.9310,1248,99,0,85.912544,0.859125,1.4992
1,24.9510,1249,99,0,85.936714,0.859367,1.4992
1,24.9710,1250,99,0,85.960838,0.859608,1.4992
1,24.9910,1251,99,0,85.984917,0.859849,1.4992
1,25.0110,1252,99,0,86.008942,0.860089,1.4992
1,25.0310,1253,99,0,86.032928,0.860329,1.4992
1,25.0510,1254,99,0,86.056854,0.860569,1.4992
1,25.0720,1255,99,0,86.080742,0.860807,1.4992
1,25.0910,1256,99,0,86.104584,0.861046,1.4992
1,25.1110,1257,99,0,86.128372,0.861284,1.4992
1,25.1310,1258,99,0,86.152115,0.861521,1.4992
1,25.1510,1259,99,0,86.175812,0.861758,1.4992
1,25.1710,1260,99,0,86.199455,0.861995,1.4992
1,25.1910,1261,99,0,86.223061,0.862231,1.4992
1,25.2110,1262,99,0,86.246613,0.862466,1.4992
1,25.2310,1263,99,0,86.270126,0.862701,1.4992
1,25.2510,1264,99,0,86.293587,0.862936,1.4992
1,25.2710,1265,99,0,86.316994,0.863170,1.4992
1,25.2910,1266,99,0,86.340355,0.863404,1.4992
1,25.3110,1267,99,0,86.363678,0.863637,1.4992
1,25.3310,1268,99,0,86.386948,0.863869,1.4992
1,25.3510,1269,99,0,86.410172,0.864102,1.4992
1,25.3710,1270,99,0,86.433357,0.864334,1.4992
1,25.3910,1271,99,0,86.456490,0.864565,1.4992
1,25.4110,1272,99,0,86.479576,0.864796,1.4992
1,25.4310,1273,99,0,86.502609,0.865026,1.4992
1,25.4510,1274,99,0,86.525604,0.865256,1.4992
1,25.4710,1275,99,0,86.548546,0.865485,1.4992
1,25.4910,1276,99,0,86.571449,0.865714,1.4992
1,25.5110,1277,99,0,86.594299,0.865943,1.4992
1,25.5310,1278,99,0,86.617111,0.866171,1.4992
1,25.5510,1279,99,0,86.639870,0.866399,1.4992
1,25.5720,1280,99,0,86.662590,0.866626,1.4992
1,25.5910,1281,99,0,86.685257,0.866853,1.4992
1,25.6110,1282,99,0,86.707893,0.867079,1.4992
1,25.6310,1283,99,0,86.730476,0.867305,1.4992
1,25.6510,1284,99,0,86.753014,0.867530,1.4992
1,25.6710,1285,99,0,86.775513,0.867755,1.4992
1,25.6910,1286,99,0,86.797958,0.867980,1.4992
1,25.7110,1287,99,0,86.820366,0.868204,1.4992
1,25.7310,1288,99,0,86.842728,0.868427,1.4992
1,25.7510,1289,99,0,86.865036,0.868650,1.4992
1,25.7710,1290,99,0,86.887299,0.868873,1.4992
1,25.7910,1291,99,0,86.909531,0.869095,1.4992
1,25.8110,1292,99,0,86.931709,0.869317,1.4992
1,25.8310,1293,99,0,86.953850,0.869538,1.4992
1,25.8510,1294,99,0,86.975937,0.869759,1.4992
1,25.8710,1295,99,0,86.997986,0.869980,1.4992
1,25.8910,1296,99,0,87.019989,0.870200,1.4992
1,25.9120,1297,99,0,87.041954,0.870420,1.4992
1,25.9310,1298,99,0,87.063866,0.870639,1.4992
1,25.9510,1299,99,0,87.085732,0.870857,1.4992
1,25.9710,1300,99,0,87.107567,0.871076,1.4992
1,25.9910,1301,99,0,87.129356,0.871294,1.4992
1,26.0110,1302,99,0,87.151093,0.871511,1.4992
1,26.0310,1303,99,0,87.172791,0.871728,1.4992
1,26.0510,1304,99,0,87.194443,0.871944,1.4992
1,26.0710,1305,99,0,87.216057,0.872161,1.4992
1,26.0910,1306,99,0,87.237617,0.872376,1.4992
1,26.1110,1307,99,0,87.259148,0.872591,1.4992
1,26.1310,1308,99,0,87.280632,0.872806,1.4992
1,26.1510,1309,99,0,87.302063,0.873021,1.4992
1,26.1710,1310,99,0,87.323463,0.873235,1.4992
1,26.1910,1311,99,0,87.344818,0.873448,1.4992
1,26.2110,1312,99,0,87.366127,0.873661,1.4992
1,26.2310,1313,99,0,87.387390,0.873874,1.4992
1,26.2510,1314,99,0,87.408615,0.874086,1.4992
1,26.2710,1315,99,0,87.429794,0.874298,1.4992
1,26.2910,1316,99,0,87.450935,0.874509,1.4992
1,26.3110,1317,99,0,87.472031,0.874720,1.4992
1,26.3310,1318,99,0,87.493088,0.874931,1.4992
1,26.3510,1319,99,0,87.514107,0.875141,1.4992
1,26.3710,1320,99,0,87.535072,0.875351,1.4992
1,26.3910,1321,99,0,87.556007,0.875560,1.4992
1,26.4120,1322,99,0,87.576889,0.875769,1.4992
1,26.4310,1323,99,0,87.597740,0.875977,1.4992
1,26.4510,1324,99,0,87.618538,0.876185,1.4992
1,26.4710,1325,99,0,87.639305,0.876393,1.4992
1,26.4910,1326,99,0,87.660027,0.876600,1.4992
1,26.5110,1327,99,0,87.680702,0.876807,1.4992
1,26.5310,1328,99,0,87.701347,0.877013,1.4992
1,26.5510,1329,99,0,87.721939,0.877219,1.4992
1,26.5710,1330,99,0,87.742500,0.877425,1.4992
1,26.5910,1331,99,0,87.763008,0.877630,1.4992
1,26.6110,1332,99,0,87.783485,0.877835,1.4992
1,26.6310,1333,99,0,87.803917,0.878039,1.4992
1,26.6510,1334,99,0,87.824310,0.878243,1.4992
1,26.6710,1335,99,0,87.844658,0.878447,1.4992
1,26.6910,1336,99,0,87.864975,0.878650,1.4992
1,26.7110,1337,99,0,87.885246,0.878852,1.4992
1,26.7310,1338,99,0,87.905472,0.879055,1.4992
1,26.7520,1339,99,0,87.925667,0.879257,1.4992
1,26.7710,1340,99,0,87.945816,0.879458,1.4992
1,26.7910,1341,99,0,87.965919,0.879659,1.4992
1,26.8110,1342,99,0,87.985992,0.879860,1.4992
1,26.8310,1343,99,0,88.006020,0.880060,1.4992
1,26.8510,1344,99,0,88.026001,0.880260,1.4992
1,26.8710,1345,99,0,88.045952,0.880460,1.4992
1,26.8910,1346,99,0,88.065857,0.880659,1.4992
1,26.9120,1347,99,0,88.085732,0.880857,1.4992
1,26.9310,1348,99,0,88.105560,0.881056,1.4992
1,26.9510,1349,99,0,88.125343,0.881253,1.4992
1,26.9710,1350,99,0,88.145096,0.881451,1.4992
1,26.9910,1351,99,0,88.164810,0.881648,1.4992
1,27.0110,1352,99,0,88.184479,0.881845,1.4992
1,27.0310,1353,99,0,88.204102,0.882041,1.4992
1,27.0510,1354,99,0,88.223694,0.882237,1.4992
1,27.0710,1355,99,0,88.243240,0.882432,1.4992
1,27.0910,1356,99,0,88.262756,0.882628,1.4992
1,27.1110,1357,99,0,88.282234,0.882822,1.4992
1,27.1310,1358,99,0,88.301674,0.883017,1.4992
1,27.1510,1359,99,0,88.321068,0.883211,1.4992
1,27.1710,1360,99,0,88.340431,0.883404,1.4992
1,27.1910,1361,99,0,88.359756,0.883598,1.4992
1,27.2110,1362,99,0,88.379028,0.883790,1.4992
1,27.2310,1363,99,0,88.398270,0.883983,1.4992
1,27.2520,1364,99,0,88.417473,0.884175,1.4992
1,27.2710,1365,99,0,88.436630,0.884366,1.4992
1,27.2910,1366,99,0,88.455757,0.884558,1.4992
1,27.3110,1367,99,0,88.474838,0.884748,1.4992
1,27.3310,1368,99,0,88.493889,0.884939,1.4992
1,27.3510,1369,99,0,88.512901,0.885129,1.4992
1,27.3710,1370,99,0,88.531868,0.885319,1.4992
1,27.3910,1371,99,0,88.550804,0.885508,1.4992
1,27.4120,1372,99,0,88.569702,0.885697,1.4992
1,27.4310,1373,99,0,88.588554,0.885886,1.4992
1,27.4510,1374,99,0,88.607384,0.886074,1.4992
1,27.4710,1375,99,0,88.626167,0.886262,1.4992
1,27.4910,1376,99,0,88.644920,0.886449,1.4992
1,27.5110,1377,99,0,88.663635,0.886636,1.4992
1,27.5310,1378,99,0,88.682304,0.886823,1.4992
1,27.5510,1379,99,0,88.700943,0.887009,1.4992
1,27.5710,1380,99,0,88.719543,0.887195,1.4992
1,27.5910,1381,99,0,88.738098,0.887381,1.4992
1,27.6110,1382,99,0,88.756622,0.887566,1.4992
1,27.6310,1383,99,0,88.775108,0.887751,1.4992
1,27.6510,1384,99,0,88.793556,0.887936,1.4992
1,27.6710,1385,99,0,88.811974,0.888120,1.4992
1,27.6910,1386,99,0,88.830353,0.888304,1.4992
1,27.7110,1387,99,0,88.848694,0.888487,1.4992
1,27.7310,1388,99,0,88.866989,0.888670,1.4992
1,27.7520,1389,99,0,88.885262,0.888853,1.4992
1,27.7710,1390,99,0,88.903488,0.889035,1.4992
1,27.7910,1391,99,0,88.921684,0.889217,1.4992
1,27.8110,1392,99,0,88.939842,0.889398,1.4992
1,27.8310,1393,99,0,88.957962,0.889580,1.4992
1,27.8510,1394,99,0,88.976044,0.889760,1.4992
1,27.8710,1395,99,0,88.994095,0.889941,1.4992
1,27.8910,1396,99,0,89.012108,0.890121,1.4992
1,27.9110,1397,99,0,89.030075,0.890301,1.4992
1,27.9310,1398,99,0,89.048019,0.890480,1.4992
1,27.9510,1399,99,0,89.065918,0.890659,1.4992
1,27.9710,1400,99,0,89.083786,0.890838,1.4992
1,27.9910,1401,99,0,89.101624,0.891016,1.4992
1,28.0110,1402,99,0,89.119423,0.891194,1.4992
1,28.0310,1403,99,0,89.137177,0.891372,1.4992
1,28.0510,1404,99,0,89.154907,0.891549,1.4992
1,28.0710,1405,99,0,89.172600,0.891726,1.4992
1,28.0910,1406,99,0,89.190254,0.891903,1.4992
1,28.1110,1407,99,0,89.207870,0.892079,1.4992
1,28.1310,1408,99,0,89.225456,0.892255,1.4992
1,28.1510,1409,99,0,89.243011,0.892430,1.4992
1,28.1710,1410,99,0,89.260521,0.892605,1.4992
1,28.1910,1411,99,0,89.278000,0.892780,1.4992
1,28.2110,1412,99,0,89.295448,0.892954,1.4992
1,28.2310,1413,99,0,89.312851,0.893129,1.4992
1,28.2510,1414,99,0,89.330231,0.893302,1.4992
1,28.2710,1415,99,0,89.347572,0.893476,1.4992
1,28.2910,1416,99,0,89.364876,0.893649,1.4992
1,28.3110,1417,99,0,89.382149,0.893821,1.4992
1,28.3310,1418,99,0,89.399384,0.893994,1.4992
1,28.3510,1419,99,0,89.416588,0.894166,1.4992
1,28.3710,1420,99,0,89.433746,0.894337,1.4992
1,28.3920,1421,99,0,89.450882,0.894509,1.4992
1,28.4110,1422,99,0,89.467972,0.894680,1.4992
1,28.4310,1423,99,0,89.485039,0.894850,1.4992
1,28.4510,1424,99,0,89.502068,0.895021,1.4992
1,28.4710,1425,99,0,89.519066,0.895191,1.4992
1,28.4910,1426,99,0,89.536034,0.895360,1.4992
1,28.5110,1427,99,0,89.552956,0.895530,1.4992
1,28.5310,1428,99,0,89.569855,0.895699,1.4992
1,28.5510,1429,99,0,89.586716,0.895867,1.4992
1,28.5710,1430,99,0,89.603539,0.896035,1.4992
1,28.5920,1431,99,0,89.620331,0.896203,1.4992
1,28.6110,1432,99,0,89.637093,0.896371,1.4992
1,28.6310,1433,99,0,89.653824,0.896538,1.4992
1,28.6510,1434,99,0,89.670509,0.896705,1.4992
1,28.6710,1435,99,0,89.687172,0.896872,1.4992
1,28.6910,1436,99,0,89.703796,0.897038,1.4992
1,28.7110,1437,99,0,89.720383,0.897204,1.4992
1,28.7310,1438,99,0,89.736954,0.897370,1.4992
1,28.7520,1439,99,0,89.753471,0.897535,1.4992
1,28.7710,1440,99,0,89.769966,0.897700,1.4992
1,28.7910,1441,99,0,89.786430,0.897864,1.4992
1,28.8110,1442,99,0,89.802849,0.898028,1.4992
1,28.8310,1443,99,0,89.819244,0.898192,1.4992
1,28.8510,1444,99,0,89.835609,0.898356,1.4992
1,28.8710,1445,99,0,89.851936,0.898519,1.4992
1,28.8910,1446,99,0,89.868233,0.898682,1.4992
1,28.9110,1447,99,0,89.884499,0.898845,1.4992
1,28.9310,1448,99,0,89.900726,0.899007,1.4992
1,28.9510,1449,99,0,89.916924,0.899169,1.4992
1,28.9710,1450,99,0,89.933090,0.899331,1.4992
1,28.9910,1451,99,0,89.949226,0.899492,1.4992
1,29.0110,1452,99,0,89.965332,0.899653,1.4992
1,29.0310,1453,99,0,89.981400,0.899814,1.4992
1,29.0510,1454,99,0,89.997437,0.899974,1.4992
1,29.0710,1455,99,0,90.013443,0.900134,1.4992
1,29.0920,1456,99,0,90.029419,0.900294,1.4992
1,29.1110,1457,99,0,90.045357,0.900454,1.4992
1,29.1310,1458,99,0,90.061272,0.900613,1.4992
1,29.1510,1459,99,0,90.077148,0.900771,1.4992
1,29.1710,1460,99,0,90.092995,0.900930,1.4992
1,29.1910,1461,99,0,90.108810,0.901088,1.4992
1,29.2110,1462,99,0,90.124588,0.901246,1.4992
1,29.2310,1463,99,0,90.140343,0.901403,1.4992
1,29.2520,1464,99,0,90.156067,0.901561,1.4992
1,29.2710,1465,99,0,90.171761,0.901718,1.4992
1,29.2910,1466,99,0,90.187408,0.901874,1.4992
1,29.3110,1467,99,0,90.203033,0.902030,1.4992
1,29.3310,1468,99,0,90.218628,0.902186,1.4992
1,29.3510,1469,99,0,90.234192,0.902342,1.4992
1,29.3710,1470,99,0,90.249718,0.902497,1.4992
1,29.3910,1471,99,0,90.265221,0.902652,1.4992
1,29.4110,1472,99,0,90.280693,0.902807,1.4992
1,29.4310,1473,99,0,90.296135,0.902961,1.4992
1,29.4510,1474,99,0,90.311546,0.903115,1.4992
1,29.4710,1475,99,0,90.326920,0.903269,1.4992
1,29.4910,1476,99,0,90.342270,0.903423,1.4992
1,29.5110,1477,99,0,90.357590,0.903576,1.4992
1,29.5310,1478,99,0,90.372879,0.903729,1.4992
1,29.5510,1479,99,0,90.388130,0.903881,1.4992
1,29.5710,1480,99,0,90.403358,0.904034,1.4992
1,29.5910,1481,99,0,90.418556,0.904186,1.4992
1,29.6110,1482,99,0,90.433716,0.904337,1.4992
1,29.6310,1483,99,0,90.448853,0.904489,1.4992
1,29.6510,1484,99,0,90.463959,0.904640,1.4992
1,29.6710,1485,99,0,90.479034,0.904790,1.4992
1,29.6910,1486,99,0,90.494072,0.904941,1.4992
1,29.7110,1487,99,0,90.509094,0.905091,1.4992
1,29.7310,1488,99,0,90.524078,0.905241,1.4992
1,29.7510,1489,99,0,90.539024,0.905390,1.4992
1,29.7710,1490,99,0,90.553947,0.905539,1.4992
1,29.7910,1491,99,0,90.568840,0.905688,1.4992
1,29.8110,1492,99,0,90.583702,0.905837,1.4992
1,29.8310,1493,99,0,90.598534,0.905985,1.4992
1,29.8510,1494,99,0,90.613335,0.906133,1.4992
1,29.8710,1495,99,0,90.628113,0.906281,1.4992
1,29.8910,1496,99,0,90.642860,0.906429,1.4992
1,29.9110,1497,99,0,90.657578,0.906576,1.4992
1,29.9320,1498,99,0,90.672256,0.906723,1.4992
1,29.9510,1499,99,0,90.686905,0.906869,1.4992
1,29.9710,1500,99,0,90.701538,0.907015,1.4992
1,29.9910,1501,99,0,90.716141,0.907161,1.4992
1,30.0110,1502,99,0,90.730705,0.907307,1.4992
1,30.0310,1503,99,0,90.745247,0.907452,1.4992
1,30.0510,1504,99,0,90.759758,0.907598,1.4992
1,30.0710,1505,99,0,90.774239,0.907742,1.4992
1,30.0920,1506,99,0,90.788681,0.907887,1.4992
1,30.1110,1507,99,0,90.803108,0.908031,1.4992
1,30.1310,1508,99,0,90.817505,0.908175,1.4992
1,30.1510,1509,99,0,90.831863,0.908319,1.4992
1,30.1710,1510,99,0,90.846199,0.908462,1.4992
1,30.1910,1511,99,0,90.860512,0.908605,1.4992
1,30.2110,1512,99,0,90.874794,0.908748,1.4992
1,30.2310,1513,99,0,90.889046,0.908890,1.4992
1,30.2510,1514,99,0,90.903267,0.909033,1.4992
1,30.2710,1515,99,0,90.917465,0.909175,1.4992
1,30.2910,1516,99,0,90.931633,0.909316,1.4992
1,30.3110,1517,99,0,90.945763,0.909458,1.4992
1,30.3310,1518,99,0,90.959877,0.909599,1.4992
1,30.3510,1519,99,0,90.973961,0.909740,1.4992
1,30.3710,1520,99,0,90.988014,0.909880,1.4992
1,30.3910,1521,99,0,91.002037,0.910020,1.4992
1,30.4110,1522,99,0,91.016029,0.910160,1.4992
1,30.4320,1523,99,0,91.029999,0.910300,1.4992
1,30.4510,1524,99,0,91.043938,0.910439,1.4992
1,30.4710,1525,99,0,91.057854,0.910579,1.4992
1,30.4910,1526,99,0,91.071739,0.910717,1.4992
1,30.5110,1527,99,0,91.085594,0.910856,1.4992
1,30.5310,1528,99,0,91.099419,0.910994,1.4992
1,30.5510,1529,99,0,91.113228,0.911132,1.4992
1,30.5710,1530,99,0,91.126999,0.911270,1.4992
1,30.5920,1531,99,0,91.140747,0.911407,1.4992
1,30.6110,1532,99,0,91.154457,0.911545,1.4992
1,30.6310,1533,99,0,91.168159,0.911682,1.4992
1,30.6510,1534,99,0,91.181816,0.911818,1.4992
1,30.6710,1535,99,0,91.195457,0.911955,1.4992
1,30.6910,1536,99,0,91.209068,0.912091,1.4992
1,30.7110,1537,99,0,91.222649,0.912226,1.4992
1,30.7310,1538,99,0,91.236206,0.912362,1.4992
1,30.7510,1539,99,0,91.249725,0.912497,1.4992
1,30.7710,1540,99,0,91.263229,0.912632,1.4992
1,30.7910,1541,99,0,91.276703,0.912767,1.4992
1,30.8110,1542,99,0,91.290154,0.912902,1.4992
1,30.8310,1543,99,0,91.303566,0.913036,1.4992
1,30.8510,1544,99,0,91.316971,0.913170,1.4992
1,30.8710,1545,99,0,91.330338,0.913303,1.4992
1,30.8910,1546,99,0,91.343681,0.913437,1.4992
1,30.9110,1547,99,0,91.356987,0.913570,1.4992
1,30.9310,1548,99,0,91.370277,0.913703,1.4992
1,30.9510,1549,99,0,91.383537,0.913835,1.4992
1,30.9710,1550,99,0,91.396774,0.913968,1.4992
1,30.9910,1551,99,0,91.409981,0.914100,1.4992
1,31.0110,1552,99,0,91.423164,0.914232,1.4992
1,31.0310,1553,99,0,91.436310,0.914363,1.4992
1,31.0510,1554,99,0,91.449440,0.914494,1.4992
1,31.0710,1555,99,0,91.462540,0.914625,1.4992
1,31.0910,1556,99,0,91.475616,0.914756,1.4992
1,31.1110,1557,99,0,91.488663,0.914887,1.4992
1,31.1310,1558,99,0,91.501694,0.915017,1.4992
1,31.1510,1559,99,0,91.514687,0.915147,1.4992
1,31.1710,1560,99,0,91.527657,0.915277,1.4992
1,31.1910,1561,99,0,91.540604,0.915406,1.4992
1,31.2110,1562,99,0,91.553528,0.915535,1.4992
1,31.2310,1563,99,0,91.566422,0.915664,1.4992
1,31.2510,1564,99,0,91.579292,0.915793,1.4992
1,31.2710,1565,99,0,91.592133,0.915921,1.4992
1,31.2910,1566,99,0,91.604950,0.916049,1.4992
1,31.3110,1567,99,0,91.617737,0.916177,1.4992
1,31.3310,1568,99,0,91.630501,0.916305,1.4992
1,31.3510,1569,99,0,91.643242,0.916432,1.4992
1,31.3710,1570,99,0,91.655960,0.916560,1.4992
1,31.3910,1571,99,0,91.668648,0.916686,1.4992
1,31.4110,1572,99,0,91.681305,0.916813,1.4992
1,31.4320,1573,99,0,91.693947,0.916939,1.4992
1,31.4510,1574,99,0,91.706558,0.917066,1.4992
1,31.4710,1575,99,0,91.719147,0.917191,1.4992
1,31.4910,1576,99,0,91.731712,0.917317,1.4992
1,31.5110,1577,99,0,91.744240,0.917442,1.4992
1,31.5310,1578,99,0,91.756760,0.917568,1.4992
1,31.5510,1579,99,0,91.769249,0.917692,1.4992
1,31.5710,1580,99,0,91.781715,0.917817,1.4992
1,31.5920,1581,99,0,91.794144,0.917941,1.4992
1,31.6110,1582,99,0,91.806549,0.918065,1.4992
1,31.6310,1583,99,0,91.818939,0.918189,1.4992
1,31.6510,1584,99,0,91.831306,0.918313,1.4992
1,31.6710,1585,99,0,91.843643,0.918436,1.4992
1,31.6910,1586,99,0,91.855957,0.918560,1.4992
1,31.7110,1587,99,0,91.868248,0.918682,1.4992
1,31.7310,1588,99,0,91.880508,0.918805,1.4992
1,31.7510,1589,99,0,91.892746,0.918927,1.4992
1,31.7720,1590,99,0,91.904961,0.919050,1.4992
1,31.7910,1591,99,0,91.917160,0.919172,1.4992
1,31.8110,1592,99,0,91.929329,0.919293,1.4992
1,31.8310,1593,99,0,91.941467,0.919415,1.4992
1,31.8510,1594,99,0,91.953583,0.919536,1.4992
1,31.8710,1595,99,0,91.965668,0.919657,1.4992
1,31.8910,1596,99,0,91.977745,0.919777,1.4992
1,31.9110,1597,99,0,91.989784,0.919898,1.4992
1,31.9310,1598,99,0,92.001808,0.920018,1.4992
1,31.9510,1599,99,0,92.013809,0.920138,1.4992
1,31.9710,1600,99,0,92.025787,0.920258,1.4992
1,31.9910,1601,99,0,92.037735,0.920377,1.4992
1,32.0110,1602,99,0,92.049660,0.920497,1.4992
1,32.0310,1603,99,0,92.061562,0.920616,1.4992
1,32.0510,1604,99,0,92.073433,0.920734,1.4992
1,32.0710,1605,99,0,92.085297,0.920853,1.4992
1,32.0910,1606,99,0,92.097122,0.920971,1.4992
1,32.1110,1607,99,0,92.108932,0.921089,1.4992
1,32.1310,1608,99,0,92.120720,0.921207,1.4992
1,32.1510,1609,99,0,92.132477,0.921325,1.4992
1,32.1710,1610,99,0,92.144203,0.921442,1.4992
1,32.1910,1611,99,0,92.155914,0.921559,1.4992
1,32.2110,1612,99,0,92.167610,0.921676,1.4992
1,32.2310,1613,99,0,92.179276,0.921793,1.4992
1,32.2510,1614,99,0,92.190918,0.921909,1.4992
1,32.2710,1615,99,0,92.202538,0.922025,1.4992
1,32.2910,1616,99,0,92.214127,0.922141,1.4992
1,32.3110,1617,99,0,92.225693,0.922257,1.4992
1,32.3310,1618,99,0,92.237251,0.922373,1.4992
1,32.3510,1619,99,0,92.248779,0.922488,1.4992
1,32.3710,1620,99,0,92.260284,0.922603,1.4992
1,32.3910,1621,99,0,92.271767,0.922718,1.4992
1,32.4110,1622,99,0,92.283218,0.922832,1.4992
1,32.4320,1623,99,0,92.294655,0.922947,1.4992
1,32.4510,1624,99,0,92.306068,0.923061,1.4992
1,32.4710,1625,99,0,92.317459,0.923175,1.4992
1,32.4910,1626,99,0,92.328827,0.923288,1.4992
1,32.5110,1627,99,0,92.340172,0.923402,1.4992
1,32.5310,1628,99,0,92.351494,0.923515,1.4992
1,32.5510,1629,99,0,92.362785,0.923628,1.4992
1,32.5710,1630,99,0,92.374062,0.923741,1.4992
1,32.5910,1631,99,0,92.385315,0.923853,1.4992
1,32.6110,1632,99,0,92.396545,0.923965,1.4992
1,32.6310,1633,99,0,92.407753,0.924078,1.4992
1,32.6510,1634,99,0,92.418938,0.924189,1.4992
1,32.6710,1635,99,0,92.430099,0.924301,1.4992
1,32.6910,1636,99,0,92.441231,0.924412,1.4992
1,32.7110,1637,99,0,92.452354,0.924524,1.4992
1,32.7310,1638,99,0,92.463455,0.924635,1.4992
1,32.7510,1639,99,0,92.474533,0.924745,1.4992
1,32.7710,1640,99,0,92.485588,0.924856,1.4992
1,32.7910,1641,99,0,92.496613,0.924966,1.4992
1,32.8110,1642,99,0,92.507622,0.925076,1.4992
1,32.8310,1643,99,0,92.518608,0.925186,1.4992
1,32.8510,1644,99,0,92.529572,0.925296,1.4992
1,32.8710,1645,99,0,92.540512,0.925405,1.4992
1,32.8910,1646,99,0,92.551430,0.925514,1.4992
1,32.9110,1647,99,0,92.562332,0.925623,1.4992
1,32.9310,1648,99,0,92.573212,0.925732,1.4992
1,32.9510,1649,99,0,92.584061,0.925841,1.4992
1,32.9710,1650,99,0,92.594894,0.925949,1.4992
1,32.9910,1651,99,0,92.605713,0.926057,1.4992
1,33.0110,1652,99,0,92.616493,0.926165,1.4992
1,33.0310,1653,99,0,92.627266,0.926273,1.4992
1,33.0510,1654,99,0,92.638023,0.926380,1.4992
1,33.0710,1655,99,0,92.648743,0.926487,1.4992
1,33.0910,1656,99,0,92.659447,0.926594,1.4992
1,33.1110,1657,99,0,92.670128,0.926701,1.4992
1,33.1310,1658,99,0,92.680786,0.926808,1.4992
1,33.1510,1659,99,0,92.691422,0.926914,1.4992
1,33.1710,1660,99,0,92.702042,0.927020,1.4992
1,33.1910,1661,99,0,92.712639,0.927126,1.4992
1,33.2110,1662,99,0,92.723213,0.927232,1.4992
1,33.2310,1663,99,0,92.733772,0.927338,1.4992
1,33.2510,1664,99,0,92.744308,0.927443,1.4992
1,33.2720,1665,99,0,92.754822,0.927548,1.4992
1,33.2910,1666,99,0,92.765312,0.927653,1.4992
1,33.3110,1667,99,0,92.775780,0.927758,1.4992
1,33.3310,1668,99,0,92.786232,0.927862,1.4992
1,33.3510,1669,99,0,92.796654,0.927967,1.4992
1,33.3710,1670,99,0,92.807060,0.928071,1.4992
1,33.3910,1671,99,0,92.817451,0.928175,1.4992
1,33.4110,1672,99,0,92.827820,0.928278,1.4992
1,33.4320,1673,99,0,92.838165,0.928382,1.4992
1,33.4510,1674,99,0,92.848488,0.928485,1.4992
1,33.4710,1675,99,0,92.858795,0.928588,1.4992
1,33.4910,1676,99,0,92.869080,0.928691,1.4992
1,33.5110,1677,99,0,92.879333,0.928793,1.4992
1,33.5310,1678,99,0,92.889580,0.928896,1.4992
1,33.5510,1679,99,0,92.899803,0.928998,1.4992
1,33.5710,1680,99,0,92.910011,0.929100,1.4992
1,33.5910,1681,99,0,92.920189,0.929202,1.4992
1,33.6110,1682,99,0,92.930351,0.929304,1.4992
1,33.6310,1683,99,0,92.940498,0.929405,1.4992
1,33.6510,1684,99,0,92.950615,0.929506,1.4992
1,33.6710,1685,99,0,92.960716,0.929607,1.4992
1,33.6910,1686,99,0,92.970795,0.929708,1.4992
1,33.7110,1687,99,0,92.980858,0.929809,1.4992
1,33.7310,1688,99,0,92.990898,0.929909,1.4992
1,33.7510,1689,99,0,93.000916,0.930009,1.4992
1,33.7720,1690,99,0,93.010918,0.930109,1.4992
1,33.7910,1691,99,0,93.020897,0.930209,1.4992
1,33.8110,1692,99,0,93.030853,0.930309,1.4992
1,33.8310,1693,99,0,93.040787,0.930408,1.4992
1,33.8510,1694,99,0,93.050705,0.930507,1.4992
1,33.8710,1695,99,0,93.060608,0.930606,1.4992
1,33.8910,1696,99,0,93.070488,0.930705,1.4992
1,33.9110,1697,99,0,93.080345,0.930803,1.4992
1,33.9310,1698,99,0,93.090187,0.930902,1.4992
1,33.9510,1699,99,0,93.100006,0.931000,1.4992
1,33.9710,1700,99,0,93.109810,0.931098,1.4992
1,33.9910,1701,99,0,93.119583,0.931196,1.4992
1,34.0110,1702,99,0,93.129349,0.931293,1.4992
1,34.0310,1703,99,0,93.139091,0.931391,1.4992
1,34.0510,1704,99,0,93.148819,0.931488,1.4992
1,34.0710,1705,99,0,93.158524,0.931585,1.4992
1,34.0910,1706,99,0,93.168205,0.931682,1.4992
1,34.1110,1707,99,0,93.177872,0.931779,1.4992
1,34.1310,1708,99,0,93.187515,0.931875,1.4992
1,34.1510,1709,99,0,93.197144,0.931971,1.4992
1,34.1710,1710,99,0,93.206741,0.932067,1.4992
1,34.1910,1711,99,0,93.216331,0.932163,1.4992
1,34.2110,1712,99,0,93.225899,0.932259,1.4992
1,34.2310,1713,99,0,93.235451,0.932355,1.4992
1,34.2510,1714,99,0,93.244980,0.932450,1.4992
1,34.2720,1715,99,0,93.254494,0.932545,1.4992
1,34.2910,1716,99,0,93.263985,0.932640,1.4992
1,34.3110,1717,99,0,93.273460,0.932735,1.4992
1,34.3310,1718,99,0,93.282906,0.932829,1.4992
1,34.3510,1719,99,0,93.292343,0.932923,1.4992
1,34.3710,1720,99,0,93.301765,0.933018,1.4992
1,34.3910,1721,99,0,93.311157,0.933112,1.4992
1,34.4110,1722,99,0,93.320534,0.933205,1.4992
1,34.4310,1723,99,0,93.329895,0.933299,1.4992
1,34.4510,1724,99,0,93.339233,0.933392,1.4992
1,34.4710,1725,99,0,93.348557,0.933486,1.4992
1,34.4910,1726,99,0,93.357864,0.933579,1.4992
1,34.5110,1727,99,0,93.367149,0.933671,1.4992
1,34.5310,1728,99,0,93.376419,0.933764,1.4992
1,34.5510,1729,99,0,93.385658,0.933857,1.4992
1,34.5710,1730,99,0,93.394897,0.933949,1.4992
1,34.5910,1731,99,0,93.404099,0.934041,1.4992
1,34.6120,1732,99,0,93.413300,0.934133,1.4992
1,34.6310,1733,99,0,93.422478,0.934225,1.4992
1,34.6510,1734,99,0,93.431633,0.934316,1.4992
1,34.6710,1735,99,0,93.440773,0.934408,1.4992
1,34.6910,1736,99,0,93.449883,0.934499,1.4992
1,34.7110,1737,99,0,93.458984,0.934590,1.4992
1,34.7310,1738,99,0,93.468071,0.934681,1.4992
1,34.7510,1739,99,0,93.477135,0.934771,1.4992
1,34.7720,1740,99,0,93.486183,0.934862,1.4992
1,34.7910,1741,99,0,93.495216,0.934952,1.4992
1,34.8110,1742,99,0,93.504227,0.935042,1.4992
1,34.8310,1743,99,0,93.513222,0.935132,1.4992
1,34.8510,1744,99,0,93.522194,0.935222,1.4992
1,34.8710,1745,99,0,93.531151,0.935312,1.4992
1,34.8910,1746,99,0,93.540092,0.935401,1.4992
1,34.9110,1747,99,0,93.549004,0.935490,1.4992
1,34.9310,1748,99,0,93.557907,0.935579,1.4992
1,34.9510,1749,99,0,93.566795,0.935668,1.4992
1,34.9710,1750,99,0,93.575661,0.935757,1.4992
1,34.9910,1751,99,0,93.584511,0.935845,1.4992
1,35.0110,1752,99,0,93.593346,0.935933,1.4992
1,35.0310,1753,99,0,93.602158,0.936022,1.4992
1,35.0510,1754,99,0,93.610954,0.936110,1.4992
1,35.0710,1755,99,0,93.619736,0.936197,1.4992
1,35.0910,1756,99,0,93.628494,0.936285,1.4992
1,35.1110,1757,99,0,93.637238,0.936372,1.4992
1,35.1310,1758,99,0,93.645966,0.936460,1.4992
1,35.1510,1759,99,0,93.654678,0.936547,1.4992
1,35.1710,1760,99,0,93.663368,0.936634,1.4992
1,35.1910,1761,99,0,93.672043,0.936720,1.4992
1,35.2110,1762,99,0,93.680695,0.936807,1.4992
1,35.2310,1763,99,0,93.689339,0.936893,1.4992
1,35.2510,1764,99,0,93.697968,0.936980,1.4992
1,35.2720,1765,99,0,93.706566,0.937066,1.4992
1,35.2910,1766,99,0,93.715157,0.937152,1.4992
1,35.3110,1767,99,0,93.723724,0.937237,1.4992
1,35.3310,1768,99,0,93.732277,0.937323,1.4992
1,35.3510,1769,99,0,93.740814,0.937408,1.4992
1,35.3710,1770,99,0,93.749336,0.937493,1.4992
1,35.3910,1771,99,0,93.757835,0.937578,1.4992
1,35.4110,1772,99,0,93.766327,0.937663,1.4992
1,35.4310,1773,99,0,93.774796,0.937748,1.4992
1,35.4510,1774,99,0,93.783241,0.937832,1.4992
1,35.4710,1775,99,0,93.791687,0.937917,1.4992
1,35.4910,1776,99,0,93.800102,0.938001,1.4992
1,35.5110,1777,99,0,93.808495,0.938085,1.4992
1,35.5310,1778,99,0,93.816879,0.938169,1.4992
1,35.5510,1779,99,0,93.825256,0.938253,1.4992
1,35.5710,1780,99,0,93.833603,0.938336,1.4992
1,35.5910,1781,99,0,93.841934,0.938419,1.4992
1,35.6120,1782,99,0,93.850250,0.938503,1.4992
1,35.6310,1783,99,0,93.858551,0.938586,1.4992
1,35.6510,1784,99,0,93.866837,0.938668,1.4992
1,35.6710,1785,99,0,93.875107,0.938751,1.4992
1,35.6910,1786,99,0,93.883362,0.938834,1.4992
1,35.7110,1787,99,0,93.891594,0.938916,1.4992
1,35.7310,1788,99,0,93.899811,0.938998,1.4992
1,35.7510,1789,99,0,93.908012,0.939080,1.4992
1,35.7710,1790,99,0,93.916199,0.939162,1.4992
1,35.7910,1791,99,0,93.924370,0.939244,1.4992
1,35.8110,1792,99,0,93.932518,0.939325,1.4992
1,35.8310,1793,99,0,93.940659,0.939407,1.4992
1,35.8510,1794,99,0,93.948769,0.939488,1.4992
1,35.8710,1795,99,0,93.956879,0.939569,1.4992
1,35.8910,1796,99,0,93.964958,0.939650,1.4992
1,35.9110,1797,99,0,93.973030,0.939730,1.4992
1,35.9310,1798,99,0,93.981087,0.939811,1.4992
1,35.9510,1799,99,0,93.989136,0.939891,1.4992
1,35.9710,1800,99,0,93.997162,0.939972,1.4992
1,35.9910,1801,99,0,94.005165,0.940052,1.4992
1,36.0110,1802,99,0,94.013153,0.940132,1.4992
1,36.0310,1803,99,0,94.021126,0.940211,1.4992
1,36.0510,1804,99,0,94.029076,0.940291,1.4992
1,36.0710,1805,99,0,94.037025,0.940370,1.4992
1,36.0910,1806,99,0,94.044945,0.940449,1.4992
1,36.1120,1807,99,0,94.052856,0.940529,1.4992
1,36.1310,1808,99,0,94.060753,0.940608,1.4992
1,36.1510,1809,99,0,94.068642,0.940686,1.4992
1,36.1710,1810,99,0,94.076508,0.940765,1.4992
1,36.1910,1811,99,0,94.084358,0.940844,1.4992
1,36.2110,1812,99,0,94.092186,0.940922,1.4992
1,36.2310,1813,99,0,94.100014,0.941000,1.4992
1,36.2510,1814,99,0,94.107819,0.941078,1.4992
1,36.2710,1815,99,0,94.115608,0.941156,1.4992
1,36.2910,1816,99,0,94.123383,0.941234,1.4992
1,36.3110,1817,99,0,94.131126,0.941311,1.4992
1,36.3310,1818,99,0,94.138863,0.941389,1.4992
1,36.3510,1819,99,0,94.146584,0.941466,1.4992
1,36.3710,1820,99,0,94.154289,0.941543,1.4992
1,36.3910,1821,99,0,94.161980,0.941620,1.4992
1,36.4110,1822,99,0,94.169655,0.941697,1.4992
1,36.4310,1823,99,0,94.177315,0.941773,1.4992
1,36.4520,1824,99,0,94.184959,0.941850,1.4992
1,36.4710,1825,99,0,94.192589,0.941926,1.4992
1,36.4910,1826,99,0,94.200203,0.942002,1.4992
1,36.5110,1827,99,0,94.207802,0.942078,1.4992
1,36.5310,1828,99,0,94.215385,0.942154,1.4992
1,36.5510,1829,99,0,94.222954,0.942230,1.4992
1,36.5710,1830,99,0,94.230507,0.942305,1.4992
1,36.5910,1831,99,0,94.238037,0.942380,1.4992
1,36.6120,1832,99,0,94.245560,0.942456,1.4992
1,36.6310,1833,99,0,94.253067,0.942531,1.4992
1,36.6510,1834,99,0,94.260559,0.942606,1.4992
1,36.6710,1835,99,0,94.268044,0.942680,1.4992
1,36.6910,1836,99,0,94.275520,0.942755,1.4992
1,36.7110,1837,99,0,94.282967,0.942830,1.4992
1,36.7310,1838,99,0,94.290405,0.942904,1.4992
1,36.7510,1839,99,0,94.297829,0.942978,1.4992
1,36.7710,1840,99,0,94.305237,0.943052,1.4992
1,36.7910,1841,99,0,94.312630,0.943126,1.4992
1,36.8110,1842,99,0,94.320007,0.943200,1.4992
1,36.8310,1843,99,0,94.327370,0.943274,1.4992
1,36.8510,1844,99,0,94.334717,0.943347,1.4992
1,36.8710,1845,99,0,94.342049,0.943420,1.4992
1,36.8910,1846,99,0,94.349358,0.943494,1.4992
1,36.9110,1847,99,0,94.356659,0.943567,1.4992
1,36.9310,1848,99,0,94.363945,0.943639,1.4992
1,36.9520,1849,99,0,94.371216,0.943712,1.4992
1,36.9710,1850,99,0,94.378479,0.943785,1.4992
1,36.9910,1851,99,0,94.385727,0.943857,1.4992
1,37.0110,1852,99,0,94.392960,0.943930,1.4992
1,37.0310,1853,99,0,94.400169,0.944002,1.4992
1,37.0510,1854,99,0,94.407379,0.944074,1.4992
1,37.0710,1855,99,0,94.414558,0.944146,1.4992
1,37.0910,1856,99,0,94.421738,0.944217,1.4992
1,37.1110,1857,99,0,94.428894,0.944289,1.4992
1,37.1310,1858,99,0,94.436035,0.944360,1.4992
1,37.1510,1859,99,0,94.443169,0.944432,1.4992
1,37.1710,1860,99,0,94.450287,0.944503,1.4992
1,37.1910,1861,99,0,94.457390,0.944574,1.4992
1,37.2110,1862,99,0,94.464470,0.944645,1.4992
1,37.2310,1863,99,0,94.471542,0.944715,1.4992
1,37.2510,1864,99,0,94.478600,0.944786,1.4992
1,37.2710,1865,99,0,94.485641,0.944856,1.4992
1,37.2910,1866,99,0,94.492668,0.944927,1.4992
1,37.3110,1867,99,0,94.499687,0.944997,1.4992
1,37.3310,1868,99,0,94.506691,0.945067,1.4992
1,37.3510,1869,99,0,94.513680,0.945137,1.4992
1,37.3710,1870,99,0,94.520653,0.945207,1.4992
1,37.3910,1871,99,0,94.527611,0.945276,1.4992
1,37.4110,1872,99,0,94.534554,0.945346,1.4992
1,37.4310,1873,99,0,94.541489,0.945415,1.4992
1,37.4520,1874,99,0,94.548409,0.945484,1.4992
1,37.4710,1875,99,0,94.555313,0.945553,1.4992
1,37.4910,1876,99,0,94.562202,0.945622,1.4992
1,37.5110,1877,99,0,94.569077,0.945691,1.4992
1,37.5310,1878,99,0,94.575935,0.945759,1.4992
1,37.5510,1879,99,0,94.582787,0.945828,1.4992
1,37.5710,1880,99,0,94.589622,0.945896,1.4992
1,37.5910,1881,99,0,94.596443,0.945964,1.4992
1,37.6110,1882,99,0,94.603249,0.946032,1.4992
1,37.6310,1883,99,0,94.610046,0.946100,1.4992
1,37.6510,1884,99,0,94.616829,0.946168,1.4992
1,37.6710,1885,99,0,94.623596,0.946236,1.4992
1,37.6910,1886,99,0,94.630348,0.946303,1.4992
1,37.7110,1887,99,0,94.637093,0.946371,1.4992
1,37.7310,1888,99,0,94.643822,0.946438,1.4992
1,37.7510,1889,99,0,94.650536,0.946505,1.4992
1,37.7710,1890,99,0,94.657234,0.946572,1.4992
1,37.7910,1891,99,0,94.663925,0.946639,1.4992
1,37.8110,1892,99,0,94.670601,0.946706,1.4992
1,37.8310,1893,99,0,94.677261,0.946773,1.4992
1,37.8510,1894,99,0,94.683907,0.946839,1.4992
1,37.8710,1895,99,0,94.690544,0.946905,1.4992
1,37.8910,1896,99,0,94.697166,0.946972,1.4992
1,37.9110,1897,99,0,94.703766,0.947038,1.4992
1,37.9310,1898,99,0,94.710365,0.947104,1.4992
1,37.9520,1899,99,0,94.716949,0.947169,1.4992
1,37.9710,1900,99,0,94.723511,0.947235,1.4992
1,37.9910,1901,99,0,94.730072,0.947301,1.4992
1,38.0110,1902,99,0,94.736603,0.947366,1.4992
1,38.0310,1903,99,0,94.743134,0.947431,1.4992
1,38.0510,1904,99,0,94.749657,0.947497,1.4992
1,38.0710,1905,99,0,94.756149,0.947561,1.4992
1,38.0910,1906,99,0,94.762642,0.947626,1.4992
1,38.1110,1907,99,0,94.769119,0.947691,1.4992
1,38.1310,1908,99,0,94.775581,0.947756,1.4992
1,38.1510,1909,99,0,94.782036,0.947820,1.4992
1,38.1710,1910,99,0,94.788475,0.947885,1.4992
1,38.1910,1911,99,0,94.794899,0.947949,1.4992
1,38.2110,1912,99,0,94.801300,0.948013,1.4992
1,38.2310,1913,99,0,94.807709,0.948077,1.4992
1,38.2510,1914,99,0,94.814095,0.948141,1.4992
1,38.2710,1915,99,0,94.820457,0.948205,1.4992
1,38.2910,1916,99,0,94.826820,0.948268,1.4992
1,38.3110,1917,99,0,94.833168,0.948332,1.4992
1,38.3310,1918,99,0,94.839500,0.948395,1.4992
1,38.3510,1919,99,0,94.845825,0.948458,1.4992
1,38.3710,1920,99,0,94.852135,0.948521,1.4992
1,38.3910,1921,99,0,94.858429,0.948584,1.4992
1,38.4110,1922,99,0,94.864708,0.948647,1.4992
1,38.4310,1923,99,0,94.870987,0.948710,1.4992
1,38.4510,1924,99,0,94.877235,0.948772,1.4992
1,38.4710,1925,99,0,94.883492,0.948835,1.4992
1,38.4910,1926,99,0,94.889725,0.948897,1.4992
1,38.5110,1927,99,0,94.895950,0.948960,1.4992
1,38.5310,1928,99,0,94.902161,0.949022,1.4992
1,38.5510,1929,99,0,94.908356,0.949084,1.4992
1,38.5710,1930,99,0,94.914543,0.949145,1.4992
1,38.5910,1931,99,0,94.920708,0.949207,1.4992
1,38.6110,1932,99,0,94.926865,0.949269,1.4992
1,38.6310,1933,99,0,94.933022,0.949330,1.4992
1,38.6510,1934,99,0,94.939156,0.949392,1.4992
1,38.6710,1935,99,0,94.945282,0.949453,1.4992
1,38.6910,1936,99,0,94.951385,0.949514,1.4992
1,38.7110,1937,99,0,94.957481,0.949575,1.4992
1,38.7310,1938,99,0,94.963570,0.949636,1.4992
1,38.7510,1939,99,0,94.969643,0.949696,1.4992
1,38.7710,1940,99,0,94.975708,0.949757,1.4992
1,38.7910,1941,99,0,94.981758,0.949818,1.4992
1,38.8110,1942,99,0,94.987793,0.949878,1.4992
1,38.8310,1943,99,0,94.993820,0.949938,1.4992
1,38.8510,1944,99,0,94.999832,0.949998,1.4992
1,38.8710,1945,99,0,95.005836,0.950058,1.4992
1,38.8910,1946,99,0,95.011826,0.950118,1.4992
1,38.9110,1947,99,0,95.017807,0.950178,1.4992
1,38.9310,1948,99,0,95.023773,0.950238,1.4992
1,38.9510,1949,99,0,95.029724,0.950297,1.4992
1,38.9710,1950,99,0,95.035667,0.950357,1.4992
1,38.9910,1951,99,0,95.041595,0.950416,1.4992
1,39.0110,1952,99,0,95.047516,0.950475,1.4992
1,39.0310,1953,99,0,95.053421,0.950534,1.4992
1,39.0510,1954,99,0,95.059319,0.950593,1.4992
1,39.0710,1955,99,0,95.065201,0.950652,1.4992
1,39.0910,1956,99,0,95.071075,0.950711,1.4992
1,39.1110,1957,99,0,95.076935,0.950769,1.4992
1,39.1310,1958,99,0,95.082779,0.950828,1.4992
1,39.1510,1959,99,0,95.088608,0.950886,1.4992
1,39.1710,1960,99,0,95.094437,0.950944,1.4992
1,39.1910,1961,99,0,95.100243,0.951002,1.4992
1,39.2110,1962,99,0,95.106041,0.951060,1.4992
1,39.2310,1963,99,0,95.111832,0.951118,1.4992
1,39.2510,1964,99,0,95.117607,0.951176,1.4992
1,39.2710,1965,99,0,95.123375,0.951234,1.4992
1,39.2920,1966,99,0,95.129135,0.951291,1.4992
1,39.3110,1967,99,0,95.134872,0.951349,1.4992
1,39.3310,1968,99,0,95.140602,0.951406,1.4992
1,39.3510,1969,99,0,95.146324,0.951463,1.4992
1,39.3710,1970,99,0,95.152031,0.951520,1.4992
1,39.3910,1971,99,0,95.157730,0.951577,1.4992
1,39.4110,1972,99,0,95.163422,0.951634,1.4992
1,39.4310,1973,99,0,95.169090,0.951691,1.4992
1,39.4510,1974,99,0,95.174751,0.951748,1.4992
1,39.4710,1975,99,0,95.180405,0.951804,1.4992
1,39.4910,1976,99,0,95.186050,0.951861,1.4992
1,39.5110,1977,99,0,95.191673,0.951917,1.4992
1,39.5310,1978,99,0,95.197289,0.951973,1.4992
1,39.5510,1979,99,0,95.202896,0.952029,1.4992
1,39.5710,1980,99,0,95.208496,0.952085,1.4992
1,39.5910,1981,99,0,95.214081,0.952141,1.4992
1,39.6110,1982,99,0,95.219650,0.952197,1.4992
1,39.6310,1983,99,0,95.225212,0.952252,1.4992
1,39.6510,1984,99,0,95.230759,0.952308,1.4992
1,39.6710,1985,99,0,95.236298,0.952363,1.4992
1,39.6910,1986,99,0,95.241829,0.952418,1.4992
1,39.7110,1987,99,0,95.247345,0.952473,1.4992
1,39.7310,1988,99,0,95.252853,0.952529,1.4992
1,39.7510,1989,99,0,95.258347,0.952583,1.4992
1,39.7710,1990,99,0,95.263832,0.952638,1.4992
1,39.7920,1991,99,0,95.269302,0.952693,1.4992
1,39.8110,1992,99,0,95.274765,0.952748,1.4992
1,39.8310,1993,99,0,95.280220,0.952802,1.4992
1,39.8510,1994,99,0,95.285660,0.952857,1.4992
1,39.8710,1995,99,0,95.291092,0.952911,1.4992
1,39.8910,1996,99,0,95.296509,0.952965,1.4992
1,39.9110,1997,99,0,95.301918,0.953019,1.4992
1,39.9310,1998,99,0,95.307320,0.953073,1.4992
1,39.9510,1999,99,0,95.312706,0.953127,1.4992
1,39.9710,2000,99,0,95.318085,0.953181,1.4992
1,39.9910,2001,99,0,95.323448,0.953234,1.4992
1,40.0110,2002,99,0,95.328804,0.953288,1.4992
1,40.0310,2003,99,0,95.334145,0.953341,1.4992
1,40.0510,2004,99,0,95.339478,0.953395,1.4992
1,40.0710,2005,99,0,95.344803,0.953448,1.4992
1,40.0910,2006,99,0,95.350113,0.953501,1.4992
1,40.1110,2007,99,0,95.355415,0.953554,1.4992
1,40.1320,2008,99,0,95.360703,0.953607,1.4992
1,40.1510,2009,99,0,95.365982,0.953660,1.4992
1,40.1710,2010,99,0,95.371254,0.953713,1.4992
1,40.1910,2011,99,0,95.376511,0.953765,1.4992
1,40.2110,2012,99,0,95.381752,0.953818,1.4992
1,40.2310,2013,99,0,95.386993,0.953870,1.4992
1,40.2510,2014,99,0,95.392220,0.953922,1.4992
1,40.2710,2015,99,0,95.397438,0.953974,1.4992
1,40.2920,2016,99,0,95.402641,0.954026,1.4992
1,40.3110,2017,99,0,95.407845,0.954078,1.4992
1,40.3310,2018,99,0,95.413025,0.954130,1.4992
1,40.3510,2019,99,0,95.418198,0.954182,1.4992
1,40.3710,2020,99,0,95.423370,0.954234,1.4992
1,40.3910,2021,99,0,95.428520,0.954285,1.4992
1,40.4110,2022,99,0,95.433662,0.954337,1.4992
1,40.4310,2023,99,0,95.438797,0.954388,1.4992
1,40.4510,2024,99,0,95.443924,0.954439,1.4992
1,40.4710,2025,99,0,95.449036,0.954490,1.4992
1,40.4910,2026,99,0,95.454140,0.954541,1.4992
1,40.5110,2027,99,0,95.459236,0.954592,1.4992
1,40.5310,2028,99,0,95.464317,0.954643,1.4992
1,40.5510,2029,99,0,95.469391,0.954694,1.4992
1,40.5710,2030,99,0,95.474457,0.954745,1.4992
1,40.5910,2031,99,0,95.479507,0.954795,1.4992
1,40.6110,2032,99,0,95.484550,0.954846,1.4992
1,40.6320,2033,99,0,95.489586,0.954896,1.4992
1,40.6510,2034,99,0,95.494614,0.954946,1.4992
1,40.6710,2035,99,0,95.499619,0.954996,1.4992
1,40.6910,2036,99,0,95.504623,0.955046,1.4992
1,40.7110,2037,99,0,95.509621,0.955096,1.4992
1,40.7310,2038,99,0,95.514595,0.955146,1.4992
1,40.7510,2039,99,0,95.519569,0.955196,1.4992
1,40.7710,2040,99,0,95.524536,0.955245,1.4992
1,40.7920,2041,99,0,95.529480,0.955295,1.4992
1,40.8110,2042,99,0,95.534424,0.955344,1.4992
1,40.8310,2043,99,0,95.539352,0.955394,1.4992
1,40.8510,2044,99,0,95.544281,0.955443,1.4992
1,40.8710,2045,99,0,95.549194,0.955492,1.4992
1,40.8910,2046,99,0,95.554100,0.955541,1.4992
1,40.9110,2047,99,0,95.558990,0.955590,1.4992
1,40.9310,2048,99,0,95.563866,0.955639,1.4992
1,40.9510,2049,99,0,95.568741,0.955687,1.4992
1,40.9710,2050,99,0,95.573616,0.955736,1.4992
1,40.9910,2051,99,0,95.578468,0.955785,1.4992
1,41.0110,2052,99,0,95.583305,0.955833,1.4992
1,41.0310,2053,99,0,95.588150,0.955882,1.4992
1,41.0510,2054,99,0,95.592972,0.955930,1.4992
1,41.0710,2055,99,0,95.597786,0.955978,1.4992
1,41.0910,2056,99,0,95.602592,0.956026,1.4992
1,41.1110,2057,99,0,95.607384,0.956074,1.4992
1,41.1310,2058,99,0,95.612175,0.956122,1.4992
1,41.1510,2059,99,0,95.616943,0.956169,1.4992
1,41.1710,2060,99,0,95.621719,0.956217,1.4992
1,41.1910,2061,99,0,95.626472,0.956265,1.4992
1,41.2110,2062,99,0,95.631226,0.956312,1.4992
1,41.2310,2063,99,0,95.635963,0.956360,1.4992
1,41.2510,2064,99,0,95.640694,0.956407,1.4992
1,41.2710,2065,99,0,95.645416,0.956454,1.4992
1,41.2910,2066,99,0,95.650116,0.956501,1.4992
1,41.3110,2067,99,0,95.654823,0.956548,1.4992
1,41.3310,2068,99,0,95.659515,0.956595,1.4992
1,41.3510,2069,99,0,95.664200,0.956642,1.4992
1,41.3710,2070,99,0,95.668869,0.956689,1.4992
1,41.3910,2071,99,0,95.673538,0.956735,1.4992
1,41.4110,2072,99,0,95.678192,0.956782,1.4992
1,41.4310,2073,99,0,95.682838,0.956828,1.4992
1,41.4510,2074,99,0,95.687477,0.956875,1.4992
1,41.4710,2075,99,0,95.692101,0.956921,1.4992
1,41.4910,2076,99,0,95.696716,0.956967,1.4992
1,41.5110,2077,99,0,95.701324,0.957013,1.4992
1,41.5310,2078,99,0,95.705925,0.957059,1.4992
1,41.5510,2079,99,0,95.710510,0.957105,1.4992
1,41.5710,2080,99,0,95.715088,0.957151,1.4992
1,41.5910,2081,99,0,95.719658,0.957197,1.4992
1,41.6110,2082,99,0,95.724220,0.957242,1.4992
1,41.6320,2083,99,0,95.728775,0.957288,1.4992
1,41.6510,2084,99,0,95.733322,0.957333,1.4992
1,41.6710,2085,99,0,95.737854,0.957379,1.4992
1,41.6910,2086,99,0,95.742378,0.957424,1.4992
1,41.7110,2087,99,0,95.746895,0.957469,1.4992
1,41.7310,2088,99,0,95.751404,0.957514,1.4992
1,41.7510,2089,99,0,95.755905,0.957559,1.4992
1,41.7710,2090,99,0,95.760391,0.957604,1.4992
1,41.7920,2091,99,0,95.764870,0.957649,1.4992
1,41.8110,2092,99,0,95.769341,0.957693,1.4992
1,41.8310,2093,99,0,95.773804,0.957738,1.4992
1,41.8510,2094,99,0,95.778259,0.957783,1.4992
1,41.8710,2095,99,0,95.782707,0.957827,1.4992
1,41.8910,2096,99,0,95.787140,0.957871,1.4992
1,41.9110,2097,99,0,95.791565,0.957916,1.4992
1,41.9310,2098,99,0,95.795982,0.957960,1.4992
1,41.9510,2099,99,0,95.800392,0.958004,1.4992
1,41.9710,2100,99,0,95.804794,0.958048,1.4992
1,41.9910,2101,99,0,95.809189,0.958092,1.4992
1,42.0110,2102,99,0,95.813576,0.958136,1.4992
1,42.0310,2103,99,0,95.817947,0.958179,1.4992
1,42.0510,2104,99,0,95.822311,0.958223,1.4992
1,42.0710,2105,99,0,95.826668,0.958267,1.4992
1,42.0910,2106,99,0,95.831017,0.958310,1.4992
1,42.1110,2107,99,0,95.835358,0.958354,1.4992
1,42.1320,2108,99,0,95.839691,0.958397,1.4992
1,42.1510,2109,99,0,95.844017,0.958440,1.4992
1,42.1710,2110,99,0,95.848328,0.958483,1.4992
1,42.1910,2111,99,0,95.852631,0.958526,1.4992
1,42.2110,2112,99,0,95.856926,0.958569,1.4992
1,42.2310,2113,99,0,95.861214,0.958612,1.4992
1,42.2510,2114,99,0,95.865494,0.958655,1.4992
1,42.2710,2115,99,0,95.869766,0.958698,1.4992
1,42.2910,2116,99,0,95.874031,0.958740,1.4992
1,42.3110,2117,99,0,95.878288,0.958783,1.4992
1,42.3310,2118,99,0,95.882530,0.958825,1.4992
1,42.3510,2119,99,0,95.886765,0.958868,1.4992
1,42.3710,2120,99,0,95.890984,0.958910,1.4992
1,42.3910,2121,99,0,95.895210,0.958952,1.4992
1,42.4110,2122,99,0,95.899414,0.958994,1.4992
1,42.4310,2123,99,0,95.903625,0.959036,1.4992
1,42.4510,2124,99,0,95.907822,0.959078,1.4992
1,42.4720,2125,99,0,95.912003,0.959120,1.4992
1,42.4910,2126,99,0,95.916191,0.959162,1.4992
1,42.5110,2127,99,0,95.920349,0.959203,1.4992
1,42.5310,2128,99,0,95.924507,0.959245,1.4992
1,42.5510,2129,99,0,95.928658,0.959287,1.4992
1,42.5710,2130,99,0,95.932800,0.959328,1.4992
1,42.5910,2131,99,0,95.936943,0.959369,1.4992
1,42.6110,2132,99,0,95.941071,0.959411,1.4992
1,42.6320,2133,99,0,95.945183,0.959452,1.4992
1,42.6510,2134,99,0,95.949295,0.959493,1.4992
1,42.6710,2135,99,0,95.953407,0.959534,1.4992
1,42.6910,2136,99,0,95.957497,0.959575,1.4992
1,42.7110,2137,99,0,95.961594,0.959616,1.4992
1,42.7310,2138,99,0,95.965675,0.959657,1.4992
1,42.7510,2139,99,0,95.969742,0.959697,1.4992
1,42.7710,2140,99,0,95.973801,0.959738,1.4992
1,42.7910,2141,99,0,95.977859,0.959779,1.4992
1,42.8120,2142,99,0,95.981895,0.959819,1.4992
1,42.8310,2143,99,0,95.985939,0.959859,1.4992
1,42.8510,2144,99,0,95.989967,0.959900,1.4992
1,42.8710,2145,99,0,95.993980,0.959940,1.4992
1,42.8910,2146,99,0,95.997993,0.959980,1.4992
1,42.9110,2147,99,0,96.002007,0.960020,1.4992
1,42.9310,2148,99,0,96.006004,0.960060,1.4992
1,42.9510,2149,99,0,96.009987,0.960100,1.4992
1,42.9720,2150,99,0,96.013969,0.960140,1.4992
1,42.9910,2151,99,0,96.017944,0.960179,1.4992
1,43.0110,2152,99,0,96.021912,0.960219,1.4992
1,43.0310,2153,99,0,96.025879,0.960259,1.4992
1,43.0510,2154,99,0,96.029823,0.960298,1.4992
1,43.0710,2155,99,0,96.033775,0.960338,1.4992
1,43.0910,2156,99,0,96.037704,0.960377,1.4992
1,43.1110,2157,99,0,96.041634,0.960416,1.4992
1,43.1310,2158,99,0,96.045555,0.960456,1.4992
1,43.1510,2159,99,0,96.049469,0.960495,1.4992
1,43.1710,2160,99,0,96.053375,0.960534,1.4992
1,43.1910,2161,99,0,96.057274,0.960573,1.4992
1,43.2110,2162,99,0,96.061157,0.960612,1.4992
1,43.2310,2163,99,0,96.065033,0.960650,1.4992
1,43.2510,2164,99,0,96.068901,0.960689,1.4992
1,43.2710,2165,99,0,96.072762,0.960728,1.4992
1,43.2910,2166,99,0,96.076622,0.960766,1.4992
1,43.3110,2167,99,0,96.080460,0.960805,1.4992
1,43.3310,2168,99,0,96.084297,0.960843,1.4992
1,43.3510,2169,99,0,96.088127,0.960881,1.4992
1,43.3710,2170,99,0,96.091949,0.960919,1.4992
1,43.3910,2171,99,0,96.095764,0.960958,1.4992
1,43.4110,2172,99,0,96.099571,0.960996,1.4992
1,43.4310,2173,99,0,96.103371,0.961034,1.4992
1,43.4510,2174,99,0,96.107155,0.961072,1.4992
1,43.4720,2175,99,0,96.110947,0.961109,1.4992
1,43.4910,2176,99,0,96.114716,0.961147,1.4992
1,43.5110,2177,99,0,96.118484,0.961185,1.4992
1,43.5310,2178,99,0,96.122253,0.961223,1.4992
1,43.5510,2179,99,0,96.126007,0.961260,1.4992
1,43.5710,2180,99,0,96.129753,0.961298,1.4992
1,43.5910,2181,99,0,96.133492,0.961335,1.4992
1,43.6110,2182,99,0,96.137222,0.961372,1.4992
1,43.6310,2183,99,0,96.140961,0.961410,1.4992
1,43.6510,2184,99,0,96.144684,0.961447,1.4992
1,43.6710,2185,99,0,96.148399,0.961484,1.4992
1,43.6910,2186,99,0,96.152107,0.961521,1.4992
1,43.7110,2187,99,0,96.155800,0.961558,1.4992
1,43.7310,2188,99,0,96.159500,0.961595,1.4992
1,43.7510,2189,99,0,96.163177,0.961632,1.4992
1,43.7710,2190,99,0,96.166862,0.961669,1.4992
1,43.7910,2191,99,0,96.170525,0.961705,1.4992
1,43.8110,2192,99,0,96.174194,0.961742,1.4992
1,43.8310,2193,99,0,96.177841,0.961778,1.4992
1,43.8510,2194,99,0,96.181496,0.961815,1.4992
1,43.8710,2195,99,0,96.185135,0.961851,1.4992
1,43.8910,2196,99,0,96.188766,0.961888,1.4992
1,43.9110,2197,99,0,96.192390,0.961924,1.4992
1,43.9310,2198,99,0,96.195999,0.961960,1.4992
1,43.9510,2199,99,0,96.199608,0.961996,1.4992
1,43.9720,2200,99,0,96.203217,0.962032,1.4992
1,43.9910,2201,99,0,96.206810,0.962068,1.4992
1,44.0110,2202,99,0,96.210388,0.962104,1.4992
1,44.0310,2203,99,0,96.213966,0.962140,1.4992
1,44.0510,2204,99,0,96.217545,0.962175,1.4992
1,44.0710,2205,99,0,96.221107,0.962211,1.4992
1,44.0910,2206,99,0,96.224670,0.962247,1.4992
1,44.1110,2207,99,0,96.228226,0.962282,1.4992
1,44.1310,2208,99,0,96.231773,0.962318,1.4992
1,44.1510,2209,99,0,96.235313,0.962353,1.4992
1,44.1710,2210,99,0,96.238846,0.962388,1.4992
1,44.1910,2211,99,0,96.242371,0.962424,1.4992
1,44.2110,2212,99,0,96.245888,0.962459,1.4992
1,44.2310,2213,99,0,96.249397,0.962494,1.4992
1,44.2510,2214,99,0,96.252899,0.962529,1.4992
1,44.2710,2215,99,0,96.256393,0.962564,1.4992
1,44.2910,2216,99,0,96.259880,0.962599,1.4992
1,44.3110,2217,99,0,96.263359,0.962634,1.4992
1,44.3310,2218,99,0,96.266823,0.962668,1.4992
1,44.3510,2219,99,0,96.270302,0.962703,1.4992
1,44.3710,2220,99,0,96.273766,0.962738,1.4992
1,44.3910,2221,99,0,96.277222,0.962772,1.4992
1,44.4110,2222,99,0,96.280670,0.962807,1.4992
1,44.4310,2223,99,0,96.284111,0.962841,1.4992
1,44.4510,2224,99,0,96.287544,0.962875,1.4992
1,44.4720,2225,99,0,96.290970,0.962910,1.4992
1,44.4910,2226,99,0,96.294388,0.962944,1.4992
1,44.5110,2227,99,0,96.297798,0.962978,1.4992
1,44.5310,2228,99,0,96.301201,0.963012,1.4992
1,44.5510,2229,99,0,96.304604,0.963046,1.4992
1,44.5710,2230,99,0,96.307999,0.963080,1.4992
1,44.5910,2231,99,0,96.311386,0.963114,1.4992
1,44.6110,2232,99,0,96.314758,0.963148,1.4992
1,44.6310,2233,99,0,96.318130,0.963181,1.4992
1,44.6510,2234,99,0,96.321495,0.963215,1.4992
1,44.6710,2235,99,0,96.324852,0.963249,1.4992
1,44.6910,2236,99,0,96.328201,0.963282,1.4992
1,44.7110,2237,99,0,96.331543,0.963315,1.4992
1,44.7310,2238,99,0,96.334885,0.963349,1.4992
1,44.7510,2239,99,0,96.338219,0.963382,1.4992
1,44.7710,2240,99,0,96.341545,0.963415,1.4992
1,44.7910,2241,99,0,96.344864,0.963449,1.4992
1,44.8120,2242,99,0,96.348175,0.963482,1.4992
1,44.8310,2243,99,0,96.351479,0.963515,1.4992
1,44.8510,2244,99,0,96.354774,0.963548,1.4992
1,44.8710,2245,99,0,96.358070,0.963581,1.4992
1,44.8910,2246,99,0,96.361359,0.963614,1.4992
1,44.9110,2247,99,0,96.364639,0.963646,1.4992
1,44.9310,2248,99,0,96.367912,0.963679,1.4992
1,44.9510,2249,99,0,96.371178,0.963712,1.4992
1,44.9720,2250,99,0,96.374435,0.963744,1.4992
1,44.9910,2251,99,0,96.377686,0.963777,1.4992
1,45.0110,2252,99,0,96.380928,0.963809,1.4992
1,45.0310,2253,99,0,96.384171,0.963842,1.4992
1,45.0510,2254,99,0,96.387405,0.963874,1.4992
1,45.0710,2255,99,0,96.390633,0.963906,1.4992
1,45.0910,2256,99,0,96.393852,0.963939,1.4992
1,45.1110,2257,99,0,96.397064,0.963971,1.4992
1,45.1310,2258,99,0,96.400269,0.964003,1.4992
1,45.1510,2259,99,0,96.403473,0.964035,1.4992
1,45.1710,2260,99,0,96.406670,0.964067,1.4992
1,45.1910,2261,99,0,96.409859,0.964099,1.4992
1,45.2110,2262,99,0,96.413040,0.964130,1.4992
1,45.2310,2263,99,0,96.416214,0.964162,1.4992
1,45.2510,2264,99,0,96.419380,0.964194,1.4992
1,45.2710,2265,99,0,96.422546,0.964225,1.4992
1,45.2910,2266,99,0,96.425705,0.964257,1.4992
1,45.3120,2267,99,0,96.428856,0.964289,1.4992
1,45.3310,2268,99,0,96.431999,0.964320,1.4992
1,45.3510,2269,99,0,96.435135,0.964351,1.4992
1,45.3710,2270,99,0,96.438263,0.964383,1.4992
1,45.3910,2271,99,0,96.441391,0.964414,1.4992
1,45.4110,2272,99,0,96.444511,0.964445,1.4992
1,45.4310,2273,99,0,96.447624,0.964476,1.4992
1,45.4510,2274,99,0,96.450729,0.964507,1.4992
1,45.4710,2275,99,0,96.453827,0.964538,1.4992
1,45.4910,2276,99,0,96.456924,0.964569,1.4992
1,45.5110,2277,99,0,96.460014,0.964600,1.4992
1,45.5310,2278,99,0,96.463097,0.964631,1.4992
1,45.5510,2279,99,0,96.466171,0.964662,1.4992
1,45.5710,2280,99,0,96.469238,0.964692,1.4992
1,45.5910,2281,99,0,96.472298,0.964723,1.4992
1,45.6110,2282,99,0,96.475357,0.964754,1.4992
1,45.6310,2283,99,0,96.478409,0.964784,1.4992
1,45.6520,2284,99,0,96.481453,0.964815,1.4992
1,45.6710,2285,99,0,96.484489,0.964845,1.4992
1,45.6910,2286,99,0,96.487518,0.964875,1.4992
1,45.7110,2287,99,0,96.490547,0.964905,1.4992
1,45.7310,2288,99,0,96.493568,0.964936,1.4992
1,45.7510,2289,99,0,96.496582,0.964966,1.4992
1,45.7710,2290,99,0,96.499588,0.964996,1.4992
1,45.7910,2291,99,0,96.502594,0.965026,1.4992
1,45.8120,2292,99,0,96.505592,0.965056,1.4992
1,45.8310,2293,99,0,96.508583,0.965086,1.4992
1,45.8510,2294,99,0,96.511566,0.965116,1.4992
1,45.8710,2295,99,0,96.514542,0.965145,1.4992
1,45.8910,2296,99,0,96.517517,0.965175,1.4992
1,45.9110,2297,99,0,96.520485,0.965205,1.4992
1,45.9310,2298,99,0,96.523445,0.965234,1.4992
1,45.9510,2299,99,0,96.526398,0.965264,1.4992
1,45.9710,2300,99,0,96.529350,0.965294,1.4992
1,45.9910,2301,99,0,96.532295,0.965323,1.4992
1,46.0110,2302,99,0,96.535233,0.965352,1.4992
1,46.0310,2303,99,0,96.538162,0.965382,1.4992
1,46.0510,2304,99,0,96.541084,0.965411,1.4992
1,46.0710,2305,99,0,96.544006,0.965440,1.4992
1,46.0910,2306,99,0,96.546921,0.965469,1.4992
1,46.1110,2307,99,0,96.549828,0.965498,1.4992
1,46.1310,2308,99,0,96.552727,0.965527,1.4992
1,46.1510,2309,99,0,96.555626,0.965556,1.4992
1,46.1710,2310,99,0,96.558517,0.965585,1.4992
1,46.1910,2311,99,0,96.561401,0.965614,1.4992
1,46.2110,2312,99,0,96.564278,0.965643,1.4992
1,46.2310,2313,99,0,96.567154,0.965672,1.4992
1,46.2510,2314,99,0,96.570023,0.965700,1.4992
1,46.2710,2315,99,0,96.572884,0.965729,1.4992
1,46.2910,2316,99,0,96.575737,0.965757,1.4992
1,46.3120,2317,99,0,96.578583,0.965786,1.4992
1,46.3310,2318,99,0,96.581429,0.965814,1.4992
1,46.3510,2319,99,0,96.584274,0.965843,1.4992
1,46.3710,2320,99,0,96.587097,0.965871,1.4992
1,46.3910,2321,99,0,96.589928,0.965899,1.4992
1,46.4110,2322,99,0,96.592751,0.965928,1.4992
1,46.4310,2323,99,0,96.595573,0.965956,1.4992
1,46.4510,2324,99,0,96.598373,0.965984,1.4992
1,46.4710,2325,99,0,96.601189,0.966012,1.4992
1,46.4910,2326,99,0,96.603989,0.966040,1.4992
1,46.5110,2327,99,0,96.606773,0.966068,1.4992
1,46.5310,2328,99,0,96.609558,0.966096,1.4992
1,46.5510,2329,99,0,96.612343,0.966123,1.4992
1,46.5710,2330,99,0,96.615120,0.966151,1.4992
1,46.5910,2331,99,0,96.617889,0.966179,1.4992
1,46.6110,2332,99,0,96.620659,0.966207,1.4992
1,46.6310,2333,99,0,96.623421,0.966234,1.4992
1,46.6510,2334,99,0,96.626175,0.966262,1.4992
1,46.6710,2335,99,0,96.628929,0.966289,1.4992
1,46.6910,2336,99,0,96.631668,0.966317,1.4992
1,46.7110,2337,99,0,96.634407,0.966344,1.4992
1,46.7310,2338,99,0,96.637146,0.966371,1.4992
1,46.7510,2339,99,0,96.639862,0.966399,1.4992
1,46.7710,2340,99,0,96.642586,0.966426,1.4992
1,46.7910,2341,99,0,96.645302,0.966453,1.4992
1,46.8110,2342,99,0,96.648010,0.966480,1.4992
1,46.8310,2343,99,0,96.650726,0.966507,1.4992
1,46.8510,2344,99,0,96.653419,0.966534,1.4992
1,46.8710,2345,99,0,96.656113,0.966561,1.4992
1,46.8910,2346,99,0,96.658806,0.966588,1.4992
1,46.9110,2347,99,0,96.661491,0.966615,1.4992
1,46.9310,2348,99,0,96.664169,0.966642,1.4992
1,46.9510,2349,99,0,96.666840,0.966668,1.4992
1,46.9710,2350,99,0,96.669510,0.966695,1.4992
1,46.9920,2351,99,0,96.672180,0.966722,1.4992
1,47.0110,2352,99,0,96.674828,0.966748,1.4992
1,47.0310,2353,99,0,96.677483,0.966775,1.4992
1,47.0510,2354,99,0,96.680130,0.966801,1.4992
1,47.0710,2355,99,0,96.682770,0.966828,1.4992
1,47.0910,2356,99,0,96.685417,0.966854,1.4992
1,47.1110,2357,99,0,96.688042,0.966880,1.4992
1,47.1310,2358,99,0,96.690666,0.966907,1.4992
1,47.1520,2359,99,0,96.693291,0.966933,1.4992
1,47.1710,2360,99,0,96.695900,0.966959,1.4992
1,47.1910,2361,99,0,96.698517,0.966985,1.4992
1,47.2110,2362,99,0,96.701111,0.967011,1.4992
1,47.2310,2363,99,0,96.703712,0.967037,1.4992
1,47.2510,2364,99,0,96.706306,0.967063,1.4992
1,47.2710,2365,99,0,96.708893,0.967089,1.4992
1,47.2910,2366,99,0,96.711479,0.967115,1.4992
1,47.3110,2367,99,0,96.714058,0.967141,1.4992
1,47.3310,2368,99,0,96.716629,0.967166,1.4992
1,47.3510,2369,99,0,96.719208,0.967192,1.4992
1,47.3710,2370,99,0,96.721764,0.967218,1.4992
1,47.3910,2371,99,0,96.724327,0.967243,1.4992
1,47.4110,2372,99,0,96.726875,0.967269,1.4992
1,47.4310,2373,99,0,96.729424,0.967294,1.4992
1,47.4510,2374,99,0,96.731964,0.967320,1.4992
1,47.4710,2375,99,0,96.734505,0.967345,1.4992
1,47.4910,2376,99,0,96.737038,0.967370,1.4992
1,47.5110,2377,99,0,96.739571,0.967396,1.4992
1,47.5310,2378,99,0,96.742088,0.967421,1.4992
1,47.5510,2379,99,0,96.744606,0.967446,1.4992
1,47.5710,2380,99,0,96.747116,0.967471,1.4992
1,47.5910,2381,99,0,96.749626,0.967496,1.4992
1,47.6110,2382,99,0,96.752129,0.967521,1.4992
1,47.6310,2383,99,0,96.754631,0.967546,1.4992
1,47.6520,2384,99,0,96.757118,0.967571,1.4992
1,47.6710,2385,99,0,96.759605,0.967596,1.4992
1,47.6910,2386,99,0,96.762085,0.967621,1.4992
1,47.7110,2387,99,0,96.764572,0.967646,1.4992
1,47.7310,2388,99,0,96.767036,0.967670,1.4992
1,47.7510,2389,99,0,96.769501,0.967695,1.4992
1,47.7710,2390,99,0,96.771965,0.967720,1.4992
1,47.7910,2391,99,0,96.774422,0.967744,1.4992
1,47.8110,2392,99,0,96.776878,0.967769,1.4992
1,47.8310,2393,99,0,96.779320,0.967793,1.4992
1,47.8510,2394,99,0,96.781761,0.967818,1.4992
1,47.8710,2395,99,0,96.784210,0.967842,1.4992
1,47.8910,2396,99,0,96.786636,0.967866,1.4992
1,47.9110,2397,99,0,96.789063,0.967891,1.4992
1,47.9310,2398,99,0,96.791489,0.967915,1.4992
1,47.9510,2399,99,0,96.793907,0.967939,1.4992
1,47.9710,2400,99,0,96.796318,0.967963,1.4992
1,47.9920,2401,99,0,96.798729,0.967987,1.4992
1,48.0110,2402,99,0,96.801140,0.968011,1.4992
1,48.0310,2403,99,0,96.803535,0.968035,1.4992
1,48.0510,2404,99,0,96.805931,0.968059,1.4992
1,48.0710,2405,99,0,96.808311,0.968083,1.4992
1,48.0910,2406,99,0,96.810699,0.968107,1.4992
1,48.1110,2407,99,0,96.813080,0.968131,1.4992
1,48.1310,2408,99,0,96.815453,0.968155,1.4992
1,48.1520,2409,99,0,96.817825,0.968178,1.4992
1,48.1710,2410,99,0,96.820190,0.968202,1.4992
1,48.1910,2411,99,0,96.822548,0.968225,1.4992
1,48.2110,2412,99,0,96.824905,0.968249,1.4992
1,48.2310,2413,99,0,96.827255,0.968273,1.4992
1,48.2510,2414,99,0,96.829605,0.968296,1.4992
1,48.2710,2415,99,0,96.831947,0.968319,1.4992
1,48.2910,2416,99,0,96.834290,0.968343,1.4992
1,48.3110,2417,99,0,96.836624,0.968366,1.4992
1,48.3310,2418,99,0,96.838943,0.968389,1.4992
1,48.3510,2419,99,0,96.841278,0.968413,1.4992
1,48.3710,2420,99,0,96.843597,0.968436,1.4992
1,48.3910,2421,99,0,96.845901,0.968459,1.4992
1,48.4110,2422,99,0,96.848221,0.968482,1.4992
1,48.4310,2423,99,0,96.850525,0.968505,1.4992
1,48.4510,2424,99,0,96.852821,0.968528,1.4992
1,48.4710,2425,99,0,96.855118,0.968551,1.4992
1,48.4910,2426,99,0,96.857407,0.968574,1.4992
1,48.5110,2427,99,0,96.859695,0.968597,1.4992
1,48.5310,2428,99,0,96.861977,0.968620,1.4992
1,48.5510,2429,99,0,96.864258,0.968643,1.4992
1,48.5710,2430,99,0,96.866531,0.968665,1.4992
1,48.5910,2431,99,0,96.868797,0.968688,1.4992
1,48.6110,2432,99,0,96.871063,0.968711,1.4992
1,48.6310,2433,99,0,96.873322,0.968733,1.4992
1,48.6510,2434,99,0,96.875587,0.968756,1.4992
1,48.6710,2435,99,0,96.877831,0.968778,1.4992
1,48.6910,2436,99,0,96.880074,0.968801,1.4992
1,48.7110,2437,99,0,96.882317,0.968823,1.4992
1,48.7310,2438,99,0,96.884560,0.968846,1.4992
1,48.7510,2439,99,0,96.886787,0.968868,1.4992
1,48.7710,2440,99,0,96.889015,0.968890,1.4992
1,48.7910,2441,99,0,96.891235,0.968912,1.4992
1,48.8110,2442,99,0,96.893456,0.968935,1.4992
1,48.8320,2443,99,0,96.895668,0.968957,1.4992
1,48.8510,2444,99,0,96.897888,0.968979,1.4992
1,48.8710,2445,99,0,96.900085,0.969001,1.4992
1,48.8910,2446,99,0,96.902290,0.969023,1.4992
1,48.9110,2447,99,0,96.904488,0.969045,1.4992
1,48.9310,2448,99,0,96.906670,0.969067,1.4992
1,48.9510,2449,99,0,96.908867,0.969089,1.4992
1,48.9710,2450,99,0,96.911049,0.969110,1.4992
1,48.9920,2451,99,0,96.913231,0.969132,1.4992
1,49.0110,2452,99,0,96.915405,0.969154,1.4992
1,49.0310,2453,99,0,96.917580,0.969176,1.4992
1,49.0510,2454,99,0,96.919746,0.969197,1.4992
1,49.0710,2455,99,0,96.921906,0.969219,1.4992
1,49.0910,2456,99,0,96.924057,0.969241,1.4992
1,49.1110,2457,99,0,96.926208,0.969262,1.4992
1,49.1310,2458,99,0,96.928368,0.969284,1.4992
1,49.1510,2459,99,0,96.930511,0.969305,1.4992
1,49.1710,2460,99,0,96.932655,0.969327,1.4992
1,49.1910,2461,99,0,96.934792,0.969348,1.4992
1,49.2110,2462,99,0,96.936913,0.969369,1.4992
1,49.2310,2463,99,0,96.939049,0.969390,1.4992
1,49.2510,2464,99,0,96.941170,0.969412,1.4992
1,49.2710,2465,99,0,96.943291,0.969433,1.4992
1,49.2910,2466,99,0,96.945404,0.969454,1.4992
1,49.3110,2467,99,0,96.947510,0.969475,1.4992
1,49.3310,2468,99,0,96.949615,0.969496,1.4992
1,49.3510,2469,99,0,96.951729,0.969517,1.4992
1,49.3710,2470,99,0,96.953827,0.969538,1.4992
1,49.3910,2471,99,0,96.955917,0.969559,1.4992
1,49.4110,2472,99,0,96.958000,0.969580,1.4992
1,49.4310,2473,99,0,96.960091,0.969601,1.4992
1,49.4510,2474,99,0,96.962166,0.969622,1.4992
1,49.4710,2475,99,0,96.964249,0.969642,1.4992
1,49.4920,2476,99,0,96.966324,0.969663,1.4992
1,49.5110,2477,99,0,96.968384,0.969684,1.4992
1,49.5310,2478,99,0,96.970459,0.969705,1.4992
1,49.5510,2479,99,0,96.972519,0.969725,1.4992
1,49.5710,2480,99,0,96.974579,0.969746,1.4992
1,49.5910,2481,99,0,96.976631,0.969766,1.4992
1,49.6110,2482,99,0,96.978676,0.969787,1.4992
1,49.6310,2483,99,0,96.980721,0.969807,1.4992
1,49.6510,2484,99,0,96.982750,0.969827,1.4992
1,49.6710,2485,99,0,96.984795,0.969848,1.4992
1,49.6910,2486,99,0,96.986824,0.969868,1.4992
1,49.7110,2487,99,0,96.988846,0.969888,1.4992
1,49.7310,2488,99,0,96.990875,0.969909,1.4992
1,49.7510,2489,99,0,96.992889,0.969929,1.4992
1,49.7710,2490,99,0,96.994911,0.969949,1.4992
1,49.7910,2491,99,0,96.996925,0.969969,1.4992
1,49.8110,2492,99,0,96.998924,0.969989,1.4992
1,49.8320,2493,99,0,97.000938,0.970009,1.4992
1,49.8510,2494,99,0,97.002937,0.970029,1.4992
1,49.8710,2495,99,0,97.004936,0.970049,1.4992
1,49.8910,2496,99,0,97.006927,0.970069,1.4992
1,49.9110,2497,99,0,97.008911,0.970089,1.4992
1,49.9310,2498,99,0,97.010895,0.970109,1.4992
1,49.9510,2499,99,0,97.012886,0.970129,1.4992
1,49.9710,2500,99,0,97.014862,0.970149,1.4992
1,49.9920,2501,99,0,97.016823,0.970168,1.4992
1,50.0110,2502,99,0,97.018791,0.970188,1.4992
1,50.0310,2503,99,0,97.020760,0.970208,1.4992
1,50.0510,2504,99,0,97.022720,0.970227,1.4992
1,50.0710,2505,99,0,97.024673,0.970247,1.4992
1,50.0910,2506,99,0,97.026627,0.970266,1.4992
1,50.1110,2507,99,0,97.028564,0.970286,1.4992
1,50.1310,2508,99,0,97.030518,0.970305,1.4992
1,50.1510,2509,99,0,97.032455,0.970325,1.4992
1,50.1710,2510,99,0,97.034393,0.970344,1.4992
1,50.1910,2511,99,0,97.036324,0.970363,1.4992
1,50.2110,2512,99,0,97.038246,0.970382,1.4992
1,50.2310,2513,99,0,97.040169,0.970402,1.4992
1,50.2510,2514,99,0,97.042099,0.970421,1.4992
1,50.2710,2515,99,0,97.044014,0.970440,1.4992
1,50.2910,2516,99,0,97.045929,0.970459,1.4992
1,50.3110,2517,99,0,97.047836,0.970478,1.4992
1,50.3320,2518,99,0,97.049744,0.970497,1.4992
1,50.3510,2519,99,0,97.051636,0.970516,1.4992
1,50.3710,2520,99,0,97.053543,0.970535,1.4992
1,50.3910,2521,99,0,97.055435,0.970554,1.4992
1,50.4110,2522,99,0,97.057320,0.970573,1.4992
1,50.4310,2523,99,0,97.059212,0.970592,1.4992
1,50.4510,2524,99,0,97.061089,0.970611,1.4992
1,50.4710,2525,99,0,97.062973,0.970630,1.4992
1,50.4920,2526,99,0,97.064850,0.970648,1.4992
1,50.5110,2527,99,0,97.066719,0.970667,1.4992
1,50.5310,2528,99,0,97.068588,0.970686,1.4992
1,50.5510,2529,99,0,97.070450,0.970704,1.4992
1,50.5710,2530,99,0,97.072311,0.970723,1.4992
1,50.5910,2531,99,0,97.074165,0.970742,1.4992
1,50.6110,2532,99,0,97.076019,0.970760,1.4992
1,50.6310,2533,99,0,97.077866,0.970779,1.4992
1,50.6510,2534,99,0,97.079712,0.970797,1.4992
1,50.6710,2535,99,0,97.081551,0.970816,1.4992
1,50.6910,2536,99,0,97.083382,0.970834,1.4992
1,50.7110,2537,99,0,97.085228,0.970852,1.4992
1,50.7310,2538,99,0,97.087059,0.970871,1.4992
1,50.7510,2539,99,0,97.088890,0.970889,1.4992
1,50.7710,2540,99,0,97.090714,0.970907,1.4992
1,50.7910,2541,99,0,97.092529,0.970925,1.4992
1,50.8110,2542,99,0,97.094345,0.970943,1.4992
1,50.8320,2543,99,0,97.096161,0.970962,1.4992
1,50.8510,2544,99,0,97.097977,0.970980,1.4992
1,50.8710,2545,99,0,97.099785,0.970998,1.4992
1,50.8910,2546,99,0,97.101585,0.971016,1.4992
1,50.9110,2547,99,0,97.103386,0.971034,1.4992
1,50.9310,2548,99,0,97.105179,0.971052,1.4992
1,50.9510,2549,99,0,97.106972,0.971070,1.4992
1,50.9710,2550,99,0,97.108757,0.971088,1.4992
1,50.9910,2551,99,0,97.110542,0.971105,1.4992
1,51.0110,2552,99,0,97.112312,0.971123,1.4992
1,51.0310,2553,99,0,97.114098,0.971141,1.4992
1,51.0510,2554,99,0,97.115868,0.971159,1.4992
1,51.0710,2555,99,0,97.117638,0.971176,1.4992
1,51.0910,2556,99,0,97.119408,0.971194,1.4992
1,51.1110,2557,99,0,97.121170,0.971212,1.4992
1,51.1310,2558,99,0,97.122932,0.971229,1.4992
1,51.1510,2559,99,0,97.124680,0.971247,1.4992
1,51.1720,2560,99,0,97.126434,0.971264,1.4992
1,51.1910,2561,99,0,97.128189,0.971282,1.4992
1,51.2110,2562,99,0,97.129929,0.971299,1.4992
1,51.2310,2563,99,0,97.131668,0.971317,1.4992
1,51.2510,2564,99,0,97.133408,0.971334,1.4992
1,51.2710,2565,99,0,97.135147,0.971351,1.4992
1,51.2910,2566,99,0,97.136871,0.971369,1.4992
1,51.3110,2567,99,0,97.138603,0.971386,1.4992
1,51.3310,2568,99,0,97.140327,0.971403,1.4992
1,51.3510,2569,99,0,97.142052,0.971421,1.4992
1,51.3710,2570,99,0,97.143768,0.971438,1.4992
1,51.3910,2571,99,0,97.145485,0.971455,1.4992
1,51.4110,2572,99,0,97.147194,0.971472,1.4992
1,51.4310,2573,99,0,97.148903,0.971489,1.4992
1,51.4510,2574,99,0,97.150604,0.971506,1.4992
1,51.4710,2575,99,0,97.152306,0.971523,1.4992
1,51.4910,2576,99,0,97.153999,0.971540,1.4992
1,51.5110,2577,99,0,97.155693,0.971557,1.4992
1,51.5310,2578,99,0,97.157387,0.971574,1.4992
1,51.5510,2579,99,0,97.159073,0.971591,1.4992
1,51.5710,2580,99,0,97.160759,0.971608,1.4992
1,51.5910,2581,99,0,97.162437,0.971624,1.4992
1,51.6110,2582,99,0,97.164116,0.971641,1.4992
1,51.6310,2583,99,0,97.165787,0.971658,1.4992
1,51.6510,2584,99,0,97.167458,0.971675,1.4992
1,51.6720,2585,99,0,97.169121,0.971691,1.4992
1,51.6910,2586,99,0,97.170784,0.971708,1.4992
1,51.7110,2587,99,0,97.172447,0.971724,1.4992
1,51.7310,2588,99,0,97.174103,0.971741,1.4992
1,51.7510,2589,99,0,97.175758,0.971758,1.4992
1,51.7710,2590,99,0,97.177406,0.971774,1.4992
1,51.7910,2591,99,0,97.179054,0.971791,1.4992
1,51.8110,2592,99,0,97.180695,0.971807,1.4992
1,51.8320,2593,99,0,97.182327,0.971823,1.4992
1,51.8510,2594,99,0,97.183975,0.971840,1.4992
1,51.8710,2595,99,0,97.185608,0.971856,1.4992
1,51.8910,2596,99,0,97.187241,0.971872,1.4992
1,51.9110,2597,99,0,97.188858,0.971889,1.4992
1,51.9310,2598,99,0,97.190491,0.971905,1.4992
1,51.9510,2599,99,0,97.192108,0.971921,1.4992
1,51.9710,2600,99,0,97.193726,0.971937,1.4992
1,51.9910,2601,99,0,97.195343,0.971953,1.4992
1,52.0110,2602,99,0,97.196953,0.971970,1.4992
1,52.0310,2603,99,0,97.198563,0.971986,1.4992
1,52.0510,2604,99,0,97.200157,0.972002,1.4992
1,52.0710,2605,99,0,97.201759,0.972018,1.4992
1,52.0910,2606,99,0,97.203362,0.972034,1.4992
1,52.1110,2607,99,0,97.204948,0.972049,1.4992
1,52.1310,2608,99,0,97.206551,0.972066,1.4992
1,52.1510,2609,99,0,97.208138,0.972081,1.4992
1,52.1720,2610,99,0,97.209724,0.972097,1.4992
1,52.1910,2611,99,0,97.211304,0.972113,1.4992
1,52.2110,2612,99,0,97.212875,0.972129,1.4992
1,52.2310,2613,99,0,97.214462,0.972145,1.4992
1,52.2510,2614,99,0,97.216034,0.972160,1.4992
1,52.2710,2615,99,0,97.217606,0.972176,1.4992
1,52.2910,2616,99,0,97.219170,0.972192,1.4992
1,52.3110,2617,99,0,97.220726,0.972207,1.4992
1,52.3320,2618,99,0,97.222282,0.972223,1.4992
1,52.3510,2619,99,0,97.223846,0.972238,1.4992
1,52.3710,2620,99,0,97.225403,0.972254,1.4992
1,52.3910,2621,99,0,97.226952,0.972270,1.4992
1,52.4110,2622,99,0,97.228500,0.972285,1.4992
1,52.4310,2623,99,0,97.230042,0.972300,1.4992
1,52.4510,2624,99,0,97.231583,0.972316,1.4992
1,52.4710,2625,99,0,97.233124,0.972331,1.4992
1,52.4910,2626,99,0,97.234657,0.972347,1.4992
1,52.5110,2627,99,0,97.236183,0.972362,1.4992
1,52.5310,2628,99,0,97.237717,0.972377,1.4992
1,52.5510,2629,99,0,97.239243,0.972392,1.4992
1,52.5710,2630,99,0,97.240768,0.972408,1.4992
1,52.5910,2631,99,0,97.242279,0.972423,1.4992
1,52.6110,2632,99,0,97.243805,0.972438,1.4992
1,52.6310,2633,99,0,97.245316,0.972453,1.4992
1,52.6510,2634,99,0,97.246819,0.972468,1.4992
1,52.6720,2635,99,0,97.248337,0.972483,1.4992
1,52.6910,2636,99,0,97.249840,0.972498,1.4992
1,52.7110,2637,99,0,97.251343,0.972513,1.4992
1,52.7310,2638,99,0,97.252838,0.972528,1.4992
1,52.7510,2639,99,0,97.254333,0.972543,1.4992
1,52.7710,2640,99,0,97.255821,0.972558,1.4992
1,52.7910,2641,99,0,97.257317,0.972573,1.4992
1,52.8110,2642,99,0,97.258804,0.972588,1.4992
1,52.8310,2643,99,0,97.260284,0.972603,1.4992
1,52.8510,2644,99,0,97.261765,0.972618,1.4992
1,52.8710,2645,99,0,97.263252,0.972633,1.4992
1,52.8910,2646,99,0,97.264717,0.972647,1.4992
1,52.9110,2647,99,0,97.266197,0.972662,1.4992
1,52.9310,2648,99,0,97.267670,0.972677,1.4992
1,52.9510,2649,99,0,97.269135,0.972691,1.4992
1,52.9710,2650,99,0,97.270599,0.972706,1.4992
1,52.9910,2651,99,0,97.272057,0.972721,1.4992
1,53.0110,2652,99,0,97.273506,0.972735,1.4992
1,53.0310,2653,99,0,97.274971,0.972750,1.4992
1,53.0510,2654,99,0,97.276413,0.972764,1.4992
1,53.0710,2655,99,0,97.277870,0.972779,1.4992
1,53.0910,2656,99,0,97.279320,0.972793,1.4992
1,53.1110,2657,99,0,97.280762,0.972808,1.4992
1,53.1310,2658,99,0,97.282196,0.972822,1.4992
1,53.1510,2659,99,0,97.283630,0.972836,1.4992
1,53.1720,2660,99,0,97.285072,0.972851,1.4992
1,53.1910,2661,99,0,97.286507,0.972865,1.4992
1,53.2110,2662,99,0,97.287933,0.972879,1.4992
1,53.2310,2663,99,0,97.289352,0.972894,1.4992
1,53.2510,2664,99,0,97.290787,0.972908,1.4992
1,53.2710,2665,99,0,97.292198,0.972922,1.4992
1,53.2910,2666,99,0,97.293625,0.972936,1.4992
1,53.3110,2667,99,0,97.295029,0.972950,1.4992
1,53.3310,2668,99,0,97.296448,0.972964,1.4992
1,53.3510,2669,99,0,97.297859,0.972979,1.4992
1,53.3710,2670,99,0,97.299263,0.972993,1.4992
1,53.3910,2671,99,0,97.300659,0.973007,1.4992
1,53.4110,2672,99,0,97.302071,0.973021,1.4992
1,53.4310,2673,99,0,97.303459,0.973035,1.4992
1,53.4510,2674,99,0,97.304863,0.973049,1.4992
1,53.4710,2675,99,0,97.306252,0.973063,1.4992
1,53.4910,2676,99,0,97.307640,0.973076,1.4992
1,53.5120,2677,99,0,97.309029,0.973090,1.4992
1,53.5310,2678,99,0,97.310410,0.973104,1.4992
1,53.5510,2679,99,0,97.311790,0.973118,1.4992
1,53.5710,2680,99,0,97.313164,0.973132,1.4992
1,53.5910,2681,99,0,97.314545,0.973145,1.4992
1,53.6110,2682,99,0,97.315918,0.973159,1.4992
1,53.6310,2683,99,0,97.317284,0.973173,1.4992
1,53.6510,2684,99,0,97.318657,0.973187,1.4992
1,53.6720,2685,99,0,97.320023,0.973200,1.4992
1,53.6910,2686,99,0,97.321373,0.973214,1.4992
1,53.7110,2687,99,0,97.322739,0.973227,1.4992
1,53.7310,2688,99,0,97.324097,0.973241,1.4992
1,53.7510,2689,99,0,97.325447,0.973254,1.4992
1,53.7710,2690,99,0,97.326797,0.973268,1.4992
1,53.7910,2691,99,0,97.328140,0.973281,1.4992
1,53.8110,2692,99,0,97.329491,0.973295,1.4992
1,53.8310,2693,99,0,97.330833,0.973308,1.4992
1,53.8510,2694,99,0,97.332169,0.973322,1.4992
1,53.8710,2695,99,0,97.333504,0.973335,1.4992
1,53.8910,2696,99,0,97.334846,0.973348,1.4992
1,53.9110,2697,99,0,97.336182,0.973362,1.4992
1,53.9310,2698,99,0,97.337502,0.973375,1.4992
1,53.9510,2699,99,0,97.338837,0.973388,1.4992
1,53.9710,2700,99,0,97.340164,0.973402,1.4992
1,53.9910,2701,99,0,97.341484,0.973415,1.4992
1,54.0110,2702,99,0,97.342804,0.973428,1.4992
1,54.0310,2703,99,0,97.344109,0.973441,1.4992
1,54.0510,2704,99,0,97.345428,0.973454,1.4992
1,54.0710,2705,99,0,97.346741,0.973467,1.4992
1,54.0910,2706,99,0,97.348045,0.973480,1.4992
1,54.1110,2707,99,0,97.349350,0.973493,1.4992
1,54.1310,2708,99,0,97.350655,0.973507,1.4992
1,54.1510,2709,99,0,97.351952,0.973520,1.4992
1,54.1720,2710,99,0,97.353249,0.973532,1.4992
1,54.1910,2711,99,0,97.354546,0.973545,1.4992
1,54.2110,2712,99,0,97.355835,0.973558,1.4992
1,54.2310,2713,99,0,97.357124,0.973571,1.4992
1,54.2510,2714,99,0,97.358414,0.973584,1.4992
1,54.2710,2715,99,0,97.359695,0.973597,1.4992
1,54.2910,2716,99,0,97.360977,0.973610,1.4992
1,54.3110,2717,99,0,97.362259,0.973623,1.4992
1,54.3310,2718,99,0,97.363533,0.973635,1.4992
1,54.3510,2719,99,0,97.364799,0.973648,1.4992
1,54.3710,2720,99,0,97.366074,0.973661,1.4992
1,54.3910,2721,99,0,97.367340,0.973673,1.4992
1,54.4110,2722,99,0,97.368607,0.973686,1.4992
1,54.4310,2723,99,0,97.369873,0.973699,1.4992
1,54.4510,2724,99,0,97.371132,0.973711,1.4992
1,54.4710,2725,99,0,97.372391,0.973724,1.4992
1,54.4910,2726,99,0,97.373650,0.973736,1.4992
1,54.5120,2727,99,0,97.374901,0.973749,1.4992
1,54.5310,2728,99,0,97.376152,0.973762,1.4992
1,54.5510,2729,99,0,97.377403,0.973774,1.4992
1,54.5710,2730,99,0,97.378647,0.973786,1.4992
1,54.5910,2731,99,0,97.379890,0.973799,1.4992
1,54.6110,2732,99,0,97.381134,0.973811,1.4992
1,54.6310,2733,99,0,97.382370,0.973824,1.4992
1,54.6510,2734,99,0,97.383606,0.973836,1.4992
1,54.6710,2735,99,0,97.384842,0.973848,1.4992
1,54.6910,2736,99,0,97.386070,0.973861,1.4992
1,54.7110,2737,99,0,97.387299,0.973873,1.4992
1,54.7310,2738,99,0,97.388527,0.973885,1.4992
1,54.7510,2739,99,0,97.389755,0.973898,1.4992
1,54.7710,2740,99,0,97.390976,0.973910,1.4992
1,54.7910,2741,99,0,97.392197,0.973922,1.4992
1,54.8110,2742,99,0,97.393417,0.973934,1.4992
1,54.8310,2743,99,0,97.394630,0.973946,1.4992
1,54.8520,2744,99,0,97.395844,0.973958,1.4992
1,54.8710,2745,99,0,97.397057,0.973971,1.4992
1,54.8910,2746,99,0,97.398262,0.973983,1.4992
1,54.9110,2747,99,0,97.399467,0.973995,1.4992
1,54.9310,2748,99,0,97.400673,0.974007,1.4992
1,54.9510,2749,99,0,97.401871,0.974019,1.4992
1,54.9710,2750,99,0,97.403069,0.974031,1.4992
1,54.9910,2751,99,0,97.404266,0.974043,1.4992
1,55.0120,2752,99,0,97.405457,0.974055,1.4992
1,55.0310,2753,99,0,97.406647,0.974066,1.4992
1,55.0510,2754,99,0,97.407837,0.974078,1.4992
1,55.0710,2755,99,0,97.409019,0.974090,1.4992
1,55.0910,2756,99,0,97.410202,0.974102,1.4992
1,55.1110,2757,99,0,97.411385,0.974114,1.4992
1,55.1310,2758,99,0,97.412567,0.974126,1.4992
1,55.1510,2759,99,0,97.413742,0.974137,1.4992
1,55.1710,2760,99,0,97.414917,0.974149,1.4992
1,55.1910,2761,99,0,97.416092,0.974161,1.4992
1,55.2110,2762,99,0,97.417259,0.974173,1.4992
1,55.2310,2763,99,0,97.418427,0.974184,1.4992
1,55.2510,2764,99,0,97.419594,0.974196,1.4992
1,55.2710,2765,99,0,97.420753,0.974208,1.4992
1,55.2910,2766,99,0,97.421913,0.974219,1.4992
1,55.3110,2767,99,0,97.423073,0.974231,1.4992
1,55.3310,2768,99,0,97.424225,0.974242,1.4992
1,55.3510,2769,99,0,97.425377,0.974254,1.4992
1,55.3710,2770,99,0,97.426529,0.974265,1.4992
1,55.3910,2771,99,0,97.427681,0.974277,1.4992
1,55.4110,2772,99,0,97.428825,0.974288,1.4992
1,55.4310,2773,99,0,97.429970,0.974300,1.4992
1,55.4630,2774,99,0,97.431114,0.974311,1.4992
1,55.4660,2775,99,0,97.432251,0.974323,1.4992
1,55.4910,2776,99,0,97.433388,0.974334,1.4992
1,55.5120,2777,99,0,97.434525,0.974345,1.4992
1,55.5310,2778,99,0,97.435654,0.974357,1.4992
1,55.5510,2779,99,0,97.436783,0.974368,1.4992
1,55.5710,2780,99,0,97.437912,0.974379,1.4992
1,55.5910,2781,99,0,97.439041,0.974390,1.4992
1,55.6110,2782,99,0,97.440163,0.974402,1.4992
1,55.6310,2783,99,0,97.441284,0.974413,1.4992
1,55.6510,2784,99,0,97.442406,0.974424,1.4992
1,55.6710,2785,99,0,97.443520,0.974435,1.4992
1,55.6910,2786,99,0,97.444633,0.974446,1.4992
1,55.7110,2787,99,0,97.445747,0.974457,1.4992
1,55.7310,2788,99,0,97.446861,0.974469,1.4992
1,55.7510,2789,99,0,97.447968,0.974480,1.4992
1,55.7710,2790,99,0,97.449074,0.974491,1.4992
1,55.7910,2791,99,0,97.450180,0.974502,1.4992
1,55.8110,2792,99,0,97.451279,0.974513,1.4992
1,55.8310,2793,99,0,97.452377,0.974524,1.4992
1,55.8510,2794,99,0,97.453476,0.974535,1.4992
1,55.8710,2795,99,0,97.454567,0.974546,1.4992
1,55.8910,2796,99,0,97.455658,0.974557,1.4992
1,55.9110,2797,99,0,97.456749,0.974567,1.4992
1,55.9310,2798,99,0,97.457840,0.974578,1.4992
1,55.9510,2799,99,0,97.458923,0.974589,1.4992
1,55.9710,2800,99,0,97.460007,0.974600,1.4992
1,55.9910,2801,99,0,97.461090,0.974611,1.4992
1,56.0110,2802,99,0,97.462166,0.974622,1.4992
1,56.0310,2803,99,0,97.463242,0.974632,1.4992
1,56.0510,2804,99,0,97.464317,0.974643,1.4992
1,56.0710,2805,99,0,97.465393,0.974654,1.4992
1,56.0910,2806,99,0,97.466461,0.974665,1.4992
1,56.1110,2807,99,0,97.467529,0.974675,1.4992
1,56.1310,2808,99,0,97.468597,0.974686,1.4992
1,56.1510,2809,99,0,97.469666,0.974697,1.4992
1,56.1710,2810,99,0,97.470726,0.974707,1.4992
1,56.1910,2811,99,0,97.471786,0.974718,1.4992
1,56.2110,2812,99,0,97.472847,0.974728,1.4992
1,56.2310,2813,99,0,97.473900,0.974739,1.4992
1,56.2510,2814,99,0,97.474953,0.974750,1.4992
1,56.2710,2815,99,0,97.476006,0.974760,1.4992
1,56.2910,2816,99,0,97.477058,0.974771,1.4992
1,56.3110,2817,99,0,97.478104,0.974781,1.4992
1,56.3310,2818,99,0,97.479149,0.974791,1.4992
1,56.3520,2819,99,0,97.480194,0.974802,1.4992
1,56.3710,2820,99,0,97.481232,0.974812,1.4992
1,56.3910,2821,99,0,97.482269,0.974823,1.4992
1,56.4110,2822,99,0,97.483307,0.974833,1.4992
1,56.4310,2823,99,0,97.484344,0.974843,1.4992
1,56.4510,2824,99,0,97.485374,0.974854,1.4992
1,56.4710,2825,99,0,97.486404,0.974864,1.4992
1,56.4910,2826,99,0,97.487434,0.974874,1.4992
1,56.5120,2827,99,0,97.488464,0.974885,1.4992
1,56.5310,2828,99,0,97.489487,0.974895,1.4992
1,56.5510,2829,99,0,97.490509,0.974905,1.4992
1,56.5710,2830,99,0,97.491531,0.974915,1.4992
1,56.5910,2831,99,0,97.492554,0.974926,1.4992
1,56.6110,2832,99,0,97.493568,0.974936,1.4992
1,56.6310,2833,99,0,97.494583,0.974946,1.4992
1,56.6510,2834,99,0,97.495598,0.974956,1.4992
1,56.6710,2835,99,0,97.496605,0.974966,1.4992
1,56.6910,2836,99,0,97.497612,0.974976,1.4992
1,56.7110,2837,99,0,97.498619,0.974986,1.4992
1,56.7310,2838,99,0,97.499626,0.974996,1.4992
1,56.7510,2839,99,0,97.500626,0.975006,1.4992
1,56.7710,2840,99,0,97.501625,0.975016,1.4992
1,56.7910,2841,99,0,97.502625,0.975026,1.4992
1,56.8110,2842,99,0,97.503624,0.975036,1.4992
1,56.8310,2843,99,0,97.504616,0.975046,1.4992
1,56.8520,2844,99,0,97.505608,0.975056,1.4992
1,56.8710,2845,99,0,97.506599,0.975066,1.4992
1,56.8910,2846,99,0,97.507591,0.975076,1.4992
1,56.9110,2847,99,0,97.508575,0.975086,1.4992
1,56.9310,2848,99,0,97.509560,0.975096,1.4992
1,56.9510,2849,99,0,97.510544,0.975105,1.4992
1,56.9710,2850,99,0,97.511528,0.975115,1.4992
1,56.9910,2851,99,0,97.512505,0.975125,1.4992
1,57.0110,2852,99,0,97.513481,0.975135,1.4992
1,57.0310,2853,99,0,97.514458,0.975145,1.4992
1,57.0510,2854,99,0,97.515427,0.975154,1.4992
1,57.0710,2855,99,0,97.516396,0.975164,1.4992
1,57.0910,2856,99,0,97.517365,0.975174,1.4992
1,57.1110,2857,99,0,97.518333,0.975183,1.4992
1,57.1310,2858,99,0,97.519295,0.975193,1.4992
1,57.1510,2859,99,0,97.520256,0.975203,1.4992
1,57.1710,2860,99,0,97.521217,0.975212,1.4992
1,57.1920,2861,99,0,97.522179,0.975222,1.4992
1,57.2110,2862,99,0,97.523132,0.975231,1.4992
1,57.2310,2863,99,0,97.524086,0.975241,1.4992
1,57.2510,2864,99,0,97.525040,0.975250,1.4992
1,57.2710,2865,99,0,97.525993,0.975260,1.4992
1,57.2910,2866,99,0,97.526939,0.975269,1.4992
1,57.3110,2867,99,0,97.527885,0.975279,1.4992
1,57.3310,2868,99,0,97.528831,0.975288,1.4992
1,57.3520,2869,99,0,97.529778,0.975298,1.4992
1,57.3710,2870,99,0,97.530716,0.975307,1.4992
1,57.3910,2871,99,0,97.531654,0.975317,1.4992
1,57.4110,2872,99,0,97.532593,0.975326,1.4992
1,57.4310,2873,99,0,97.533531,0.975335,1.4992
1,57.4510,2874,99,0,97.534462,0.975345,1.4992
1,57.4710,2875,99,0,97.535393,0.975354,1.4992
1,57.4910,2876,99,0,97.536324,0.975363,1.4992
1,57.5110,2877,99,0,97.537254,0.975373,1.4992
1,57.5310,2878,99,0,97.538185,0.975382,1.4992
1,57.5510,2879,99,0,97.539108,0.975391,1.4992
1,57.5710,2880,99,0,97.540031,0.975400,1.4992
1,57.5910,2881,99,0,97.540955,0.975410,1.4992
1,57.6110,2882,99,0,97.541878,0.975419,1.4992
1,57.6310,2883,99,0,97.542793,0.975428,1.4992
1,57.6510,2884,99,0,97.543709,0.975437,1.4992
1,57.6710,2885,99,0,97.544624,0.975446,1.4992
1,57.6920,2886,99,0,97.545540,0.975455,1.4992
1,57.7110,2887,99,0,97.546448,0.975464,1.4992
1,57.7310,2888,99,0,97.547356,0.975474,1.4992
1,57.7510,2889,99,0,97.548264,0.975483,1.4992
1,57.7710,2890,99,0,97.549171,0.975492,1.4992
1,57.7910,2891,99,0,97.550072,0.975501,1.4992
1,57.8110,2892,99,0,97.550972,0.975510,1.4992
1,57.8310,2893,99,0,97.551872,0.975519,1.4992
1,57.8510,2894,99,0,97.552773,0.975528,1.4992
1,57.8710,2895,99,0,97.553665,0.975537,1.4992
1,57.8910,2896,99,0,97.554558,0.975546,1.4992
1,57.9110,2897,99,0,97.555450,0.975555,1.4992
1,57.9310,2898,99,0,97.556343,0.975563,1.4992
1,57.9510,2899,99,0,97.557236,0.975572,1.4992
1,57.9710,2900,99,0,97.558121,0.975581,1.4992
1,57.9910,2901,99,0,97.559006,0.975590,1.4992
1,58.0110,2902,99,0,97.559891,0.975599,1.4992
1,58.0310,2903,99,0,97.560776,0.975608,1.4992
1,58.0510,2904,99,0,97.561653,0.975617,1.4992
1,58.0710,2905,99,0,97.562531,0.975625,1.4992
1,58.0910,2906,99,0,97.563408,0.975634,1.4992
1,58.1110,2907,99,0,97.564285,0.975643,1.4992
1,58.1310,2908,99,0,97.565155,0.975652,1.4992
1,58.1510,2909,99,0,97.566025,0.975660,1.4992
1,58.1710,2910,99,0,97.566895,0.975669,1.4992
1,58.1920,2911,99,0,97.567764,0.975678,1.4992
1,58.2110,2912,99,0,97.568634,0.975686,1.4992
1,58.2310,2913,99,0,97.569496,0.975695,1.4992
1,58.2510,2914,99,0,97.570358,0.975704,1.4992
1,58.2710,2915,99,0,97.571220,0.975712,1.4992
1,58.2910,2916,99,0,97.572083,0.975721,1.4992
1,58.3110,2917,99,0,97.572937,0.975729,1.4992
1,58.3310,2918,99,0,97.573792,0.975738,1.4992
1,58.3520,2919,99,0,97.574646,0.975746,1.4992
1,58.3710,2920,99,0,97.575500,0.975755,1.4992
1,58.3910,2921,99,0,97.576347,0.975763,1.4992
1,58.4110,2922,99,0,97.577194,0.975772,1.4992
1,58.4310,2923,99,0,97.578041,0.975780,1.4992
1,58.4510,2924,99,0,97.578888,0.975789,1.4992
1,58.4710,2925,99,0,97.579735,0.975797,1.4992
1,58.4910,2926,99,0,97.580574,0.975806,1.4992
1,58.5110,2927,99,0,97.581413,0.975814,1.4992
1,58.5310,2928,99,0,97.582253,0.975823,1.4992
1,58.5510,2929,99,0,97.583092,0.975831,1.4992
1,58.5710,2930,99,0,97.583931,0.975839,1.4992
1,58.5910,2931,99,0,97.584763,0.975848,1.4992
1,58.6110,2932,99,0,97.585594,0.975856,1.4992
1,58.6310,2933,99,0,97.586426,0.975864,1.4992
1,58.6510,2934,99,0,97.587257,0.975873,1.4992
1,58.6710,2935,99,0,97.588081,0.975881,1.4992
1,58.6920,2936,99,0,97.588905,0.975889,1.4992
1,58.7110,2937,99,0,97.589729,0.975897,1.4992
1,58.7310,2938,99,0,97.590553,0.975906,1.4992
1,58.7510,2939,99,0,97.591377,0.975914,1.4992
1,58.7710,2940,99,0,97.592194,0.975922,1.4992
1,58.7910,2941,99,0,97.593010,0.975930,1.4992
1,58.8110,2942,99,0,97.593826,0.975938,1.4992
1,58.8310,2943,99,0,97.594643,0.975946,1.4992
1,58.8510,2944,99,0,97.595451,0.975955,1.4992
1,58.8710,2945,99,0,97.596260,0.975963,1.4992
1,58.8910,2946,99,0,97.597069,0.975971,1.4992
1,58.9110,2947,99,0,97.597878,0.975979,1.4992
1,58.9310,2948,99,0,97.598686,0.975987,1.4992
1,58.9510,2949,99,0,97.599487,0.975995,1.4992
1,58.9710,2950,99,0,97.600288,0.976003,1.4992
1,58.9910,2951,99,0,97.601089,0.976011,1.4992
1,59.0110,2952,99,0,97.601891,0.976019,1.4992
1,59.0320,2953,99,0,97.602692,0.976027,1.4992
1,59.0510,2954,99,0,97.603485,0.976035,1.4992
1,59.0710,2955,99,0,97.604279,0.976043,1.4992
1,59.0910,2956,99,0,97.605072,0.976051,1.4992
1,59.1110,2957,99,0,97.605865,0.976059,1.4992
1,59.1310,2958,99,0,97.606659,0.976067,1.4992
1,59.1510,2959,99,0,97.607445,0.976074,1.4992
1,59.1710,2960,99,0,97.608231,0.976082,1.4992
1,59.1920,2961,99,0,97.609016,0.976090,1.4992
1,59.2110,2962,99,0,97.609802,0.976098,1.4992
1,59.2310,2963,99,0,97.610588,0.976106,1.4992
1,59.2510,2964,99,0,97.611366,0.976114,1.4992
1,59.2710,2965,99,0,97.612144,0.976121,1.4992
1,59.2910,2966,99,0,97.612923,0.976129,1.4992
1,59.3110,2967,99,0,97.613701,0.976137,1.4992
1,59.3310,2968,99,0,97.614471,0.976145,1.4992
1,59.3510,2969,99,0,97.615242,0.976152,1.4992
1,59.3710,2970,99,0,97.616013,0.976160,1.4992
1,59.3910,2971,99,0,97.616783,0.976168,1.4992
1,59.4110,2972,99,0,97.617554,0.976176,1.4992
1,59.4310,2973,99,0,97.618317,0.976183,1.4992
1,59.4510,2974,99,0,97.619080,0.976191,1.4992
1,59.4710,2975,99,0,97.619843,0.976198,1.4992
1,59.4910,2976,99,0,97.620605,0.976206,1.4992
1,59.5110,2977,99,0,97.621368,0.976214,1.4992
1,59.5320,2978,99,0,97.622124,0.976221,1.4992
1,59.5510,2979,99,0,97.622879,0.976229,1.4992
1,59.5710,2980,99,0,97.623634,0.976236,1.4992
1,59.5910,2981,99,0,97.624390,0.976244,1.4992
1,59.6110,2982,99,0,97.625145,0.976251,1.4992
1,59.6310,2983,99,0,97.625893,0.976259,1.4992
1,59.6510,2984,99,0,97.626640,0.976266,1.4992
1,59.6710,2985,99,0,97.627388,0.976274,1.4992
1,59.6920,2986,99,0,97.628136,0.976281,1.4992
1,59.7110,2987,99,0,97.628883,0.976289,1.4992
1,59.7310,2988,99,0,97.629631,0.976296,1.4992
1,59.7510,2989,99,0,97.630371,0.976304,1.4992
1,59.7710,2990,99,0,97.631111,0.976311,1.4992
1,59.7910,2991,99,0,97.631851,0.976319,1.4992
1,59.8110,2992,99,0,97.632591,0.976326,1.4992
1,59.8310,2993,99,0,97.633331,0.976333,1.4992
1,59.8510,2994,99,0,97.634064,0.976341,1.4992
1,59.8710,2995,99,0,97.634796,0.976348,1.4992
1,59.8910,2996,99,0,97.635529,0.976355,1.4992
1,59.9110,2997,99,0,97.636261,0.976363,1.4992
1,59.9310,2998,99,0,97.636993,0.976370,1.4992
1,59.9510,2999,99,0,97.637718,0.976377,1.4992
1,59.9710,3000,99,0,97.638443,0.976384,1.4992
1,59.9910,3001,99,0,97.639168,0.976392,1.4992
1,60.0110,3002,99,0,97.639893,0.976399,1.4992
2,0.0170,1,0,0,0.000000,0.000000,99.5000
2,0.0370,2,0,0,0.196000,0.189442,99.4961
2,0.0580,3,0,0,0.391608,0.372825,99.4882
2,0.0770,4,0,0,0.586825,0.550152,99.4765
2,0.0970,5,0,0,0.781651,0.721338,99.4609
2,0.1170,6,0,0,0.976088,0.886480,99.4414
2,0.1370,7,0,0,1.170136,1.045221,99.4180
2,0.1570,8,0,0,1.363795,1.197701,99.3907
2,0.1770,9,0,0,1.557068,1.344000,99.3595
2,0.1970,10,0,0,1.749954,1.484203,99.3245
2,0.2170,11,0,0,1.942454,1.618558,99.2857
2,0.2370,12,0,0,2.134569,1.746966,99.2430
2,0.2570,13,0,0,2.326300,1.870812,99.1965
2,0.2770,14,0,0,2.517648,1.989064,99.1461
2,0.2970,15,0,0,2.708612,2.101682,99.0919
2,0.3170,16,0,0,2.899193,2.209053,99.0340
2,0.3370,17,0,0,3.089384,2.312573,98.9722
2,0.3570,18,0,0,3.279160,2.411305,98.9066
2,0.3780,19,0,0,3.468453,2.504443,98.8372
2,0.3970,20,0,0,3.657108,2.594382,98.7641
2,0.4170,21,0,0,3.844816,2.680379,98.6872
2,0.4370,22,0,0,4.031038,2.766832,98.6066
2,0.4570,23,0,0,4.214917,2.855788,98.5223
2,0.4770,24,0,0,4.394729,2.932249,98.4344
2,0.4970,25,0,0,4.568881,3.004723,98.3430
2,0.5170,26,0,0,4.734941,3.076960,98.2483
2,0.5370,27,0,0,4.890129,3.144861,98.1505
2,0.5570,28,0,0,5.031296,3.205771,98.0499
2,0.5770,29,0,0,5.156024,3.259730,97.9468
2,0.5970,30,0,0,5.262846,3.309189,97.8415
2,0.6170,31,0,0,5.352057,3.360400,97.7345
2,0.6370,32,0,0,5.425744,3.409930,97.6259
2,0.6570,33,0,0,5.488522,3.454378,97.5162
2,0.6770,34,0,0,5.563215,3.491743,97.4052
2,0.6970,35,0,0,5.686427,3.522835,97.2928
2,0.7170,36,0,0,5.793777,3.547740,97.1786
2,0.7370,37,0,0,5.871591,3.564841,97.0625
2,0.7570,38,0,0,5.943266,3.579141,96.9443
2,0.7770,39,0,0,6.021338,3.592322,96.8239
2,0.7970,40,0,0,6.122553,3.603415,96.7014
2,0.8170,41,0,0,6.211433,3.607215,96.5772
2,0.8370,42,0,0,6.281882,3.606700,96.4515
2,0.8570,43,0,0,6.325631,3.603099,96.3250
2,0.8780,44,0,0,6.338909,3.598335,96.1982
2,0.8970,45,0,0,6.345040,3.594998,96.0714
2,0.9170,46,0,0,6.362230,3.592841,95.9441
2,0.9370,47,0,0,6.343242,3.594021,95.8172
2,0.9570,48,0,0,6.267788,3.601541,95.6919
2,0.9770,49,0,0,6.123658,3.617134,95.5695
2,0.9970,50,0,0,5.882450,3.640520,95.4518
2,1.0170,51,0,0,5.638326,3.672757,95.3391
2,1.0370,52,0,0,5.351294,3.716010,95.2334
2,1.0570,53,0,0,5.971051,3.770833,95.1354
2,1.0770,54,0,0,7.027643,3.843561,95.0442
2,1.0970,55,0,0,8.529199,3.939745,94.9588
2,1.1170,56,0,0,10.456552,4.063647,94.8792
2,1.1370,57,0,0,12.763881,4.227885,94.8046
2,1.1570,58,0,0,14.913529,4.450072,94.7346
2,1.1770,59,0,0,16.138201,4.720878,94.6676
2,1.1970,60,0,0,16.126074,4.955379,94.6030
2,1.2180,61,0,0,16.102173,5.122440,94.5394
2,1.2370,62,0,0,16.080702,5.270541,94.4777
2,1.2570,63,0,0,16.061655,5.405862,94.4178
2,1.2770,64,0,0,16.045029,5.541634,94.3592
2,1.2970,65,0,0,16.030815,5.678906,94.3023
2,1.3170,66,0,0,16.019005,5.814483,94.2475
2,1.3370,67,0,0,16.009590,5.948239,94.1945
2,1.3570,68,0,0,16.002562,6.081445,94.1428
2,1.3770,69,0,0,15.997906,6.214786,94.0917
2,1.3970,70,0,0,15.995613,6.350575,94.0405
2,1.4170,71,0,0,15.995669,6.488656,93.9897
2,1.4370,72,0,0,15.998059,6.628538,93.9386
2,1.4570,73,0,0,16.002769,6.769887,93.8863
2,1.4770,74,0,0,16.009785,6.912604,93.8321
2,1.4970,75,0,0,16.019087,7.055211,93.7747
2,1.5170,76,0,0,16.030657,7.199222,93.7137
2,1.5370,77,0,0,16.044477,7.345195,93.6489
2,1.5570,78,0,0,16.060530,7.492326,93.5804
2,1.5770,79,0,0,16.078793,7.639400,93.5087
2,1.5970,80,0,0,16.099247,7.779573,93.4341
2,1.6170,81,0,0,16.121868,7.927453,93.3562
2,1.6370,82,0,0,16.164534,8.077536,93.2746
2,1.6570,83,0,0,16.284851,8.228133,93.1893
2,1.6770,84,0,0,16.405846,8.379605,93.1003
2,1.6970,85,0,0,16.527496,8.533148,93.0075
2,1.7180,86,0,0,16.649776,8.687370,92.9109
2,1.7370,87,0,0,16.772663,8.842477,92.8107
2,1.7570,88,0,0,16.896133,8.998269,92.7067
2,1.7770,89,0,0,17.020166,9.154731,92.5990
2,1.7970,90,0,0,17.144737,9.311764,92.4876
2,1.8170,91,0,0,17.269825,9.469305,92.3725
2,1.8370,92,0,0,17.395411,9.627298,92.2537
2,1.8570,93,0,0,17.521473,9.785692,92.1313
2,1.8770,94,0,0,17.647993,9.944442,92.0051
2,1.8970,95,0,0,17.774954,10.103504,91.8753
2,1.9170,96,0,0,17.902334,10.262842,91.7418
2,1.9370,97,0,0,18.030117,10.422418,91.6047
2,1.9570,98,0,0,18.158287,10.563717,91.4640
2,1.9770,99,0,0,18.286825,10.722553,91.3195
2,1.9970,100,0,0,18.415716,10.881624,91.1715
2,2.0170,101,0,0,18.544945,11.021300,91.0198
2,2.0370,102,0,0,18.674492,11.174629,90.8646
2,2.0570,103,0,0,18.804348,11.327277,90.7057
2,2.0770,104,1,0,18.934494,11.444587,90.5432
2,2.0970,105,1,0,19.064920,11.599765,90.3771
2,2.1170,106,1,0,19.195608,11.755060,90.2074
2,2.1370,107,1,0,19.326550,11.910333,90.0342
2,2.1570,108,1,0,19.457729,12.065773,89.8573
2,2.1770,109,1,0,19.589134,12.190999,89.6769
2,2.1970,110,1,0,19.720753,12.334456,89.4930
2,2.2180,111,1,0,19.852573,12.485919,89.3055
2,2.2370,112,1,0,19.984583,12.628697,89.1144
2,2.2570,113,1,0,20.116774,12.778486,88.9198
2,2.2770,114,1,0,20.249132,12.933584,88.7217
2,2.2970,115,1,0,20.381649,13.087701,88.5201
2,2.3170,116,1,0,20.514315,13.230763,88.3149
2,2.3370,117,1,0,20.647118,13.311440,88.1062
2,2.3570,118,1,0,20.780050,13.464133,87.8941
2,2.3770,119,1,0,20.913101,13.615509,87.6784
2,2.3970,120,1,0,21.046261,13.765888,87.4593
2,2.4170,121,1,0,21.179525,13.917909,87.2366
2,2.4370,122,1,0,21.312881,14.069708,87.0105
2,2.4570,123,1,0,21.446321,14.219069,86.7809
2,2.4770,124,1,0,21.579838,14.318501,86.5479
2,2.4970,125,1,0,21.713421,14.468050,86.3114
2,2.5170,126,1,0,21.847067,14.616676,86.0714
2,2.5370,127,1,0,21.980766,14.748948,85.8281
2,2.5580,128,1,0,20.996582,14.772854,85.5812
2,2.5770,129,1,0,21.148716,14.899458,85.3310
2,2.5970,130,1,0,21.300581,15.045077,85.0773
2,2.6170,131,1,0,21.452175,15.008472,84.8203
2,2.6370,132,1,0,21.603497,15.154216,84.5598
2,2.6570,133,1,0,21.754549,15.300235,84.2959
2,2.6770,134,1,0,21.905333,15.443123,84.0286
2,2.6970,135,1,0,22.055841,15.585558,83.7580
2,2.7180,136,1,0,22.206079,15.599396,83.4839
2,2.7380,137,2,0,22.237152,15.033712,83.2065
2,2.7570,138,2,0,22.387739,14.803665,82.9258
2,2.7770,139,2,0,22.538042,14.824618,82.6416
2,2.7970,140,2,0,22.355621,14.581686,82.3541
2,2.8170,141,2,0,22.506016,14.568147,82.0633
2,2.8370,142,2,0,22.656128,14.525455,81.7692
2,2.8570,143,2,0,21.816547,14.174433,81.4717
2,2.8770,144,2,0,21.968033,14.267717,81.1708
2,2.8970,145,2,0,22.119228,14.222938,80.8667
2,2.9170,146,2,0,22.270138,14.315843,80.5592
2,2.9370,147,2,0,22.420759,14.340976,80.2485
2,2.9570,148,2,0,22.565502,14.398055,79.9344
2,2.9770,149,2,0,22.386677,13.944896,79.6171
2,2.9970,150,2,0,22.537453,13.884600,79.2965
2,3.0170,151,2,0,22.687933,13.915245,78.9725
2,3.0370,152,2,0,22.631716,13.990639,78.6454
2,3.0580,153,2,0,22.782221,14.064948,78.3149
2,3.0770,154,2,0,22.932428,13.993891,77.9812
2,3.0970,155,2,0,23.082338,14.066323,77.6442
2,3.1170,156,2,0,23.231953,14.018683,77.3040
2,3.1370,157,2,0,23.381271,14.108293,76.9606
2,3.1570,158,2,0,23.501097,13.986019,76.6139
2,3.1770,159,1,0,23.649162,13.951981,76.2640
2,3.1970,160,1,0,23.796944,13.927542,75.9109
2,3.2170,161,1,0,23.944447,13.790344,75.5545
2,3.2370,162,1,0,24.091669,13.867028,75.1950
2,3.2570,163,1,0,24.238613,13.953898,74.8322
2,3.2770,164,1,0,24.385275,13.990620,74.4663
2,3.2970,165,1,0,24.531660,13.928231,74.0972
2,3.3170,166,1,0,24.677763,13.950575,73.7248
2,3.3370,167,2,0,24.823587,14.033090,73.3493
2,3.3570,168,2,0,24.456516,13.950437,72.9707
2,3.3770,169,2,0,24.602795,13.845205,72.5889
2,3.3970,170,2,0,24.748791,13.908085,72.2039
2,3.4170,171,2,0,24.894510,13.991752,71.8158
2,3.4370,172,2,0,25.039948,14.055929,71.4245
2,3.4570,173,3,0,25.185110,14.137668,71.0301
2,3.4770,174,3,0,25.329988,13.954441,70.6325
2,3.4970,175,3,0,25.474592,14.033953,70.2319
2,3.5170,176,3,0,25.618917,13.906188,69.8281
2,3.5370,177,6,0,25.762968,13.766268,69.4212
2,3.5570,178,6,0,25.906736,13.800366,69.0112
2,3.5770,179,5,0,25.851641,13.646744,68.5981
2,3.5970,180,6,0,25.809319,13.697085,68.1819
2,3.6170,181,6,0,25.953037,13.759532,67.7626
2,3.6370,182,7,0,26.096478,13.682344,67.3402
2,3.6570,183,7,0,26.239641,13.729995,66.9148
2,3.6770,184,7,0,26.382528,13.574052,66.4863
2,3.6970,185,7,0,26.525139,13.648038,66.0547
2,3.7170,186,7,0,26.643160,13.475474,65.6201
2,3.7370,187,7,0,26.689222,13.444804,65.1824
2,3.7570,188,7,0,26.715599,13.240551,64.7417
2,3.7770,189,10,0,26.734632,13.267289,64.2979
2,3.7970,190,11,0,26.685385,13.199472,63.8511
2,3.8170,191,12,0,26.827410,13.246056,63.4013
2,3.8370,192,12,0,26.969160,13.314303,62.9485
2,3.8570,193,11,0,26.957045,13.366920,62.4926
2,3.8770,194,11,0,27.098568,13.340454,62.0338
2,3.8980,195,12,0,27.239815,12.964617,61.5719
2,3.9170,196,12,0,27.260118,12.998739,61.1070
2,3.9370,197,12,0,27.401575,13.023230,60.6392
2,3.9570,198,12,0,27.542746,13.083505,60.1683
2,3.9770,199,13,0,27.683636,13.131497,59.6945
2,3.9970,200,16,0,27.824244,13.078477,59.2177
2,4.0170,201,16,0,27.964571,13.104542,58.7380
2,4.0370,202,19,0,28.104618,13.170243,58.2553
2,4.0580,203,21,0,28.244387,13.142373,57.7696
2,4.0770,204,20,0,28.383875,13.033088,57.2810
2,4.0970,205,20,0,28.523083,12.774394,56.7894
2,4.1170,206,19,0,28.616766,12.374012,56.2949
2,4.1370,207,19,0,28.755465,12.418763,55.7975
2,4.1570,208,20,0,28.840778,12.290499,55.2971
2,4.1770,209,20,0,28.978912,12.244891,54.7939
2,4.1970,210,18,0,28.666975,12.235580,54.2877
2,4.2170,211,18,0,28.805365,12.256795,53.7786
2,4.2370,212,18,0,28.943483,12.017787,53.2666
2,4.2570,213,19,0,29.081329,12.058748,52.7517
2,4.2770,214,19,0,29.013756,11.896433,52.2339
2,4.2970,215,19,0,29.151457,11.841634,51.7132
2,4.3170,216,19,0,29.288885,11.855555,51.1897
2,4.3370,217,19,0,29.387379,11.737414,50.6633
2,4.3570,218,19,0,29.104881,11.773301,50.1340
2,4.3770,219,18,0,29.242308,11.588993,49.6018
2,4.3980,220,18,0,29.379467,11.633687,49.0668
2,4.4170,221,18,0,29.516356,11.657575,48.5290
2,4.4370,222,18,0,29.652977,11.635303,47.9883
2,4.4570,223,18,0,29.789328,11.681450,47.4448
2,4.4770,224,18,0,29.925409,11.508189,46.8984
2,4.4970,225,19,0,29.752634,11.272316,46.3492
2,4.5170,226,19,0,29.889029,11.281248,45.7972
2,4.5370,227,19,0,30.025156,11.314889,45.2424
2,4.5570,228,19,0,30.161009,11.354165,44.6847
2,4.5770,229,19,0,30.296595,11.116824,44.1243
2,4.5970,230,19,0,30.395788,10.757677,43.5610
2,4.6170,231,20,0,30.492178,10.767278,42.9950
2,4.6370,232,20,0,30.521225,10.797512,42.4261
2,4.6570,233,19,0,30.656158,10.828505,41.8545
2,4.6770,234,19,0,30.790823,10.860534,41.2801
2,4.6970,235,19,0,30.925219,10.497885,40.7030
2,4.7170,236,20,0,31.030308,10.386278,40.1231
2,4.7380,237,20,0,31.076069,10.403437,39.5404
2,4.7570,238,21,0,31.191908,9.991160,38.9549
2,4.7770,239,21,0,31.300497,9.729187,38.3668
2,4.7970,240,21,0,31.152813,9.535947,37.7758
2,4.8170,241,21,0,31.286489,9.473325,37.1822
2,4.8370,242,26,0,31.419895,9.455741,36.5858
2,4.8570,243,26,0,31.553038,9.465744,35.9866
2,4.8770,244,26,0,31.518095,9.457806,35.3848
2,4.8980,245,26,0,31.651035,9.497744,34.7802
2,4.9170,246,27,0,31.783710,9.527812,34.1729
2,4.9370,247,27,0,31.916122,9.501703,33.5629
2,4.9570,248,27,0,31.826941,9.264648,32.9502
2,4.9770,249,27,0,31.959269,8.863717,32.3349
2,4.9970,250,27,0,32.017246,8.770619,31.7168
2,5.0170,251,27,0,32.149197,8.578578,31.0960
2,5.0370,252,28,0,32.209209,8.346074,30.4726
2,5.0570,253,28,0,32.243534,8.176129,29.8465
2,5.0770,254,29,0,32.217701,7.934362,29.2177
2,5.0970,255,29,0,32.349239,7.732438,28.5863
2,5.1170,256,32,0,32.402309,7.597904,27.9522
2,5.1370,257,32,0,32.512299,7.461250,27.3155
2,5.1570,258,32,0,32.582550,7.378427,26.6761
2,5.1770,259,32,0,32.713379,7.357254,26.0341
2,5.1970,260,32,0,32.843945,7.383034,25.3894
2,5.2170,261,29,0,32.974247,7.334152,24.7421
2,5.2380,262,29,0,33.003773,7.322431,24.0922
2,5.2570,263,26,0,33.133755,7.349622,23.4396
2,5.2770,264,27,0,33.263477,7.385415,22.7845
2,5.2970,265,27,0,33.392941,7.391423,22.1267
2,5.3170,266,27,0,33.522144,7.429843,21.4663
2,5.3370,267,28,0,33.651093,7.469767,20.8034
2,5.3570,268,27,0,33.779781,7.489245,20.1378
2,5.3770,269,27,0,33.908218,7.360260,19.4696
2,5.3980,270,26,0,34.036392,7.121826,18.7989
2,5.4170,271,26,0,34.073288,6.883919,18.1256
2,5.4370,272,26,0,34.201126,6.557065,17.4497
2,5.4570,273,23,0,34.219997,5.989367,16.7712
2,5.4770,274,24,0,34.347542,5.918135,16.0902
2,5.4970,275,24,0,34.432007,5.865592,15.4066
2,5.5170,276,24,0,34.559124,5.831375,14.7205
2,5.5370,277,24,0,34.652916,5.581579,14.0318
2,5.5570,278,24,0,34.770103,5.413777,13.3406
2,5.5770,279,24,0,34.896557,4.869429,12.6468
2,5.5970,280,24,0,35.021683,4.745176,11.9505
2,5.6170,281,24,0,35.147629,4.599289,11.2517
2,5.6370,282,25,0,35.159069,4.537647,10.5504
2,5.6570,283,25,0,35.284740,4.395626,9.8465
2,5.6770,284,25,0,35.410156,4.368781,9.1402
2,5.6970,285,27,0,35.535324,4.060147,8.4313
2,5.7170,286,27,0,35.660244,3.816517,7.7199
2,5.7380,287,30,0,35.724297,3.646175,7.0060
2,5.7570,288,30,0,35.848835,3.564362,6.2896
2,5.7770,289,30,0,35.943649,3.075947,5.5708
2,5.7970,290,30,0,36.067760,2.609772,4.8494
2,5.8170,291,29,0,36.191624,2.406147,4.1256
2,5.8370,292,26,0,36.315235,2.318207,3.3993
2,5.8570,293,26,0,26.063597,2.042954,2.9563
2,5.8770,294,27,0,26.184568,1.923329,2.5227
2,5.8970,295,27,0,26.305618,1.819142,2.5004
2,5.9170,296,29,0,26.426743,1.759222,2.4744
2,5.9370,297,29,0,22.593302,1.456624,2.4591
2,5.9570,298,29,0,22.739645,1.407979,2.4406
2,5.9770,299,29,0,22.885771,1.360116,2.4198
2,5.9970,300,29,0,23.031681,1.307639,2.3961
2,6.0170,301,29,0,23.177372,1.279361,2.3727
2,6.0370,302,29,0,23.322838,1.239228,2.3454
2,6.0570,303,29,0,23.468084,1.219684,2.3148
2,6.0770,304,29,0,23.613110,1.201083,2.3140
2,6.0970,305,29,0,23.757906,1.186241,2.3579
2,6.1170,306,27,0,23.902479,1.173026,2.3978
2,6.1370,307,27,0,24.046829,1.127921,2.4337
2,6.1570,308,27,0,24.190948,1.111350,2.4656
2,6.1770,309,27,0,24.334841,1.097977,2.4936
2,6.1970,310,27,0,24.478504,1.090005,2.5175
2,6.2170,311,27,0,24.621939,1.071802,2.5375
2,6.2380,312,27,0,24.765144,1.052104,2.5535
2,6.2570,313,27,0,24.908117,1.023326,2.5656
2,6.2770,314,27,0,25.050859,1.000852,2.5737
2,6.2970,315,27,0,25.193369,0.975634,2.5779
2,6.3170,316,27,0,25.335642,0.960605,2.5782
2,6.3370,317,27,0,25.477686,0.945367,2.5745
2,6.3570,318,28,0,25.619495,0.943065,2.5670
2,6.3770,319,33,0,25.761068,0.946292,2.5555
2,6.3970,320,33,0,25.902407,0.938182,2.5401
2,6.4170,321,33,0,26.043510,0.935629,2.5209
2,6.4370,322,40,0,26.184374,0.925684,2.4977
2,6.4570,323,40,0,26.325003,0.912619,2.4707
2,6.4770,324,40,0,26.465395,0.910665,2.4398
2,6.4970,325,40,0,26.605547,0.911168,2.4051
2,6.5170,326,41,0,26.745464,0.903775,2.3665
2,6.5370,327,41,0,26.885141,0.874812,2.3241
2,6.5570,328,41,0,27.024580,0.870434,2.2778
2,6.5780,329,44,0,27.163782,0.833033,2.2277
2,6.5970,330,46,0,27.302742,0.796962,2.1738
2,6.6170,331,47,0,27.441465,0.779127,2.1161
2,6.6370,332,47,0,27.579948,0.772581,2.1004
2,6.6570,333,47,0,27.718189,0.772303,2.0972
2,6.6770,334,49,0,27.856192,0.763804,2.0954
2,6.6970,335,50,0,27.993952,0.756178,2.0934
2,6.7170,336,45,0,28.131474,0.753095,2.0912
2,6.7380,337,51,0,28.268753,0.750893,2.0886
2,6.7570,338,51,0,28.405790,0.751207,2.0859
2,6.7770,339,51,0,28.542589,0.751089,2.0830
2,6.7970,340,51,0,28.679146,0.751827,2.0801
2,6.8170,341,51,0,28.815460,0.755942,2.0772
2,6.8370,342,51,0,28.951534,0.761775,2.0745
2,6.8570,343,51,0,29.087368,0.735638,2.0719
2,6.8770,344,51,0,29.222960,0.742956,2.0694
2,6.8970,345,50,0,29.358309,0.747365,2.0670
2,6.9170,346,50,0,29.493418,0.741873,2.0647
2,6.9370,347,50,0,29.628284,0.745699,2.0625
2,6.9570,348,50,0,29.762911,0.727550,2.0603
2,6.9770,349,51,0,29.897293,0.729400,2.0582
2,6.9970,350,52,0,30.031435,0.710822,2.0560
2,7.0170,351,52,0,30.165335,0.713513,2.0539
2,7.0370,352,52,0,30.298994,0.716690,2.0518
2,7.0570,353,52,0,30.432409,0.709964,2.0497
2,7.0780,354,55,0,30.565584,0.712495,2.0477
2,7.0970,355,55,0,30.698517,0.713570,2.0457
2,7.1170,356,55,0,30.831211,0.716087,2.0437
2,7.1370,357,56,0,30.963661,0.719879,2.0417
2,7.1570,358,55,0,31.095871,0.721248,2.0397
2,7.1770,359,54,0,31.227840,0.723988,2.0377
2,7.1970,360,59,0,31.359568,0.727308,2.0358
2,7.2170,361,60,0,31.491053,0.731682,2.0338
2,7.2380,362,61,0,31.622297,0.719819,2.0318
2,7.2570,363,63,0,31.753304,0.712641,2.0297
2,7.2770,364,63,0,31.884066,0.705887,2.0277
2,7.2970,365,63,0,32.014591,0.708871,2.0256
2,7.3170,366,63,0,32.144875,0.710267,2.0234
2,7.3370,367,65,0,32.274918,0.710437,2.0212
2,7.3570,368,65,0,32.404724,0.712290,2.0189
2,7.3770,369,65,0,32.534286,0.714676,2.0166
2,7.3970,370,67,0,32.663612,0.717128,2.0141
2,7.4180,371,67,0,32.792698,0.711513,2.0116
2,7.4370,372,67,0,32.921543,0.704636,2.0090
2,7.4570,373,67,0,33.050148,0.698577,2.0063
2,7.4770,374,67,0,33.178516,0.698820,2.0034
2,7.4970,375,67,0,33.306644,0.699806,2.0004
2,7.5170,376,67,0,33.434532,0.700807,1.9973
2,7.5370,377,71,0,33.562183,0.702257,1.9940
2,7.5570,378,71,0,33.689598,0.704970,1.9905
2,7.5780,379,71,0,33.816772,0.707926,1.9868
2,7.5970,380,71,0,33.943710,0.710977,1.9829
2,7.6170,381,71,0,34.070408,0.713239,1.9788
2,7.6370,382,71,0,34.196877,0.715035,1.9744
2,7.6570,383,71,0,34.323097,0.717674,1.9698
2,7.6770,384,71,0,34.449089,0.720346,1.9649
2,7.6970,385,71,0,34.574841,0.723076,1.9598
2,7.7170,386,71,0,34.700356,0.725877,1.9543
2,7.7370,387,71,0,34.825634,0.728778,1.9484
2,7.7570,388,71,0,34.950676,0.731800,1.9421
2,7.7770,389,71,0,35.075485,0.735613,1.9348
2,7.7970,390,73,0,35.200054,0.736353,1.9274
2,7.8170,391,73,0,35.324394,0.738300,1.9196
2,7.8370,392,73,0,35.448502,0.741073,1.9111
2,7.8570,393,74,0,35.572369,0.740060,1.9019
2,7.8770,394,74,0,35.696003,0.741379,1.8918
2,7.8970,395,74,0,35.819405,0.743037,1.8808
2,7.9180,396,75,0,35.942574,0.744977,1.8686
2,7.9370,397,75,0,36.065506,0.747787,1.8552
2,7.9570,398,75,0,36.188206,0.751193,1.8405
2,7.9770,399,75,0,36.310673,0.755350,1.8244
2,7.9970,400,75,0,36.432911,0.759430,1.8062
2,8.0170,401,75,0,36.554916,0.763210,1.7860
2,8.0370,402,75,0,36.676685,0.767497,1.7637
2,8.0570,403,75,0,36.798225,0.772541,1.7390
2,8.0780,404,74,0,36.919529,0.777989,1.7118
2,8.0970,405,74,0,37.040607,0.783794,1.6818
2,8.1170,406,74,0,37.161453,0.789881,1.6489
2,8.1370,407,74,0,37.282066,0.796245,1.6128
2,8.1570,408,74,0,37.402451,0.803175,1.5732
2,8.1770,409,74,0,37.522606,0.809997,1.5300
2,8.1970,410,74,0,37.642532,0.817192,1.4995
2,8.2170,411,74,0,37.762230,0.810655,1.4981
2,8.2370,412,89,0,37.881695,0.815130,1.4986
2,8.2570,413,89,0,38.000935,0.820153,1.4985
2,8.2770,414,89,0,38.119946,0.826284,1.4983
2,8.2970,415,89,0,38.238731,0.832327,1.4986
2,8.3170,416,89,0,38.357288,0.838836,1.4982
2,8.3370,417,89,0,38.475616,0.833209,1.4978
2,8.3570,418,90,0,38.593719,0.839055,1.4977
2,8.3770,419,90,0,38.711594,0.844943,1.4977
2,8.3970,420,90,0,38.829243,0.850943,1.4977
2,8.4170,421,90,0,38.946663,0.851235,1.4977
2,8.4370,422,90,0,39.063862,0.856615,1.4977
2,8.4570,423,90,0,39.180832,0.840588,1.4978
2,8.4770,424,90,0,39.297577,0.824348,1.4978
2,8.4970,425,90,0,39.414097,0.792685,1.4978
2,8.5170,426,90,0,39.530396,0.791813,1.4978
2,8.5370,427,90,0,39.646469,0.791647,1.4978
2,8.5570,428,90,0,39.762314,0.792333,1.4978
2,8.5780,429,90,0,39.877945,0.793672,1.4978
2,8.5970,430,90,0,39.993347,0.795023,1.4978
2,8.6170,431,90,0,40.108528,0.796839,1.4978
2,8.6370,432,90,0,40.223488,0.799135,1.4978
2,8.6570,433,90,0,40.338226,0.801419,1.4978
2,8.6770,434,90,0,40.452740,0.803700,1.4978
2,8.6970,435,95,0,40.567032,0.805984,1.4978
2,8.7170,436,95,0,40.681107,0.808264,1.4978
2,8.7370,437,95,0,40.794960,0.810540,1.4978
2,8.7570,438,95,0,40.908592,0.812812,1.4978
2,8.7770,439,95,0,41.022003,0.815079,1.4978
2,8.7970,440,95,0,41.135197,0.817342,1.4978
2,8.8170,441,95,0,41.248169,0.819601,1.4978
2,8.8370,442,95,0,41.360924,0.821855,1.4978
2,8.8570,443,95,0,41.473461,0.824105,1.4978
2,8.8770,444,95,0,41.585777,0.826351,1.4978
2,8.8970,445,95,0,41.697880,0.828593,1.4978
2,8.9180,446,95,0,41.809761,0.830830,1.4978
2,8.9370,447,95,0,41.921425,0.833064,1.4978
2,8.9570,448,95,0,42.032879,0.835293,1.4978
2,8.9770,449,96,0,42.144108,0.837517,1.4978
2,8.9970,450,97,0,42.255127,0.839738,1.4978
2,9.0170,451,98,0,42.365929,0.841954,1.4978
2,9.0370,452,98,0,42.476513,0.844166,1.4978
2,9.0570,453,98,0,42.586884,0.846374,1.4978
2,9.0780,454,98,0,42.697041,0.848578,1.4978
2,9.0970,455,98,0,42.806984,0.850778,1.4978
2,9.1170,456,98,0,42.916714,0.852973,1.4978
2,9.1370,457,98,0,43.026230,0.855164,1.4978
2,9.1570,458,98,0,43.135532,0.857351,1.4978
2,9.1770,459,98,0,43.244625,0.859534,1.4978
2,9.1970,460,98,0,43.353500,0.861713,1.4978
2,9.2170,461,98,0,43.462166,0.863887,1.4978
2,9.2370,462,98,0,43.570618,0.866057,1.4978
2,9.2570,463,98,0,43.678860,0.868224,1.4978
2,9.2770,464,98,0,43.786892,0.870386,1.4978
2,9.2970,465,98,0,43.894714,0.872544,1.4978
2,9.3170,466,98,0,44.002323,0.874697,1.4978
2,9.3370,467,98,0,44.109726,0.876847,1.4978
2,9.3570,468,98,0,44.216915,0.878993,1.4978
2,9.3770,469,98,0,44.323895,0.881134,1.4978
2,9.3970,470,98,0,44.430668,0.883272,1.4978
2,9.4170,471,98,0,44.537231,0.885405,1.4978
2,9.4370,472,98,0,44.643589,0.887534,1.4978
2,9.4570,473,98,0,44.749737,0.889659,1.4978
2,9.4770,474,98,0,44.855679,0.891780,1.4978
2,9.4970,475,98,0,44.961414,0.893897,1.4978
2,9.5170,476,98,0,45.066940,0.896010,1.4978
2,9.5370,477,98,0,45.172260,0.898119,1.4978
2,9.5570,478,98,0,45.277378,0.900224,1.4978
2,9.5770,479,98,0,45.382286,0.902325,1.4978
2,9.5970,480,98,0,45.486992,0.904421,1.4978
2,9.6170,481,98,0,45.591492,0.906514,1.4978
2,9.6370,482,98,0,45.695786,0.908603,1.4978
2,9.6570,483,98,0,45.799877,0.910687,1.4978
2,9.6770,484,98,0,45.903763,0.912768,1.4978
2,9.6970,485,98,0,46.007446,0.914845,1.4978
2,9.7170,486,98,0,46.110928,0.916917,1.4978
2,9.7370,487,98,0,46.214207,0.918986,1.4978
2,9.7570,488,98,0,46.317280,0.921050,1.4978
2,9.7770,489,98,0,46.420158,0.923111,1.4978
2,9.7970,490,98,0,46.522827,0.925168,1.4978
2,9.8170,491,98,0,46.625298,0.927220,1.4978
2,9.8370,492,98,0,46.727566,0.929269,1.4978
2,9.8570,493,98,0,46.829636,0.931314,1.4978
2,9.8770,494,98,0,46.931503,0.933355,1.4978
2,9.8970,495,98,0,47.033176,0.935392,1.4978
2,9.9180,496,98,0,47.134647,0.937425,1.4978
2,9.9370,497,98,0,47.235912,0.939454,1.4978
2,9.9570,498,98,0,47.336987,0.941479,1.4978
2,9.9770,499,98,0,47.437859,0.943500,1.4978
2,9.9970,500,98,0,47.538536,0.945517,1.4978
2,10.0170,501,98,0,47.639011,0.947531,1.4978
2,10.0370,502,98,0,47.739296,0.949540,1.4978
2,10.0570,503,98,0,47.839375,0.951546,1.4978
2,10.0770,504,98,0,47.939266,0.953547,1.4978
2,10.0970,505,98,0,48.038956,0.955545,1.4978
2,10.1170,506,98,0,48.138451,0.957539,1.4978
2,10.1370,507,98,0,48.237751,0.959529,1.4978
2,10.1570,508,98,0,48.336857,0.961515,1.4978
2,10.1770,509,98,0,48.435764,0.963498,1.4978
2,10.1970,510,98,0,48.534481,0.965476,1.4978
2,10.2170,511,98,0,48.633003,0.967451,1.4978
2,10.2370,512,98,0,48.731331,0.969422,1.4978
2,10.2570,513,98,0,48.829464,0.971389,1.4978
2,10.2770,514,98,0,48.927406,0.973352,1.4978
2,10.2970,515,98,0,49.025154,0.975311,1.4978
2,10.3170,516,98,0,49.122707,0.977267,1.4978
2,10.3370,517,98,0,49.220070,0.979219,1.4978
2,10.3570,518,98,0,49.317242,0.981167,1.4978
2,10.3770,519,98,0,49.414227,0.983111,1.4978
2,10.3970,520,98,0,49.511017,0.985051,1.4978
2,10.4180,521,98,0,49.607616,0.986988,1.4978
2,10.4370,522,98,0,49.704025,0.988921,1.4978
2,10.4570,523,98,0,49.800247,0.990850,1.4978
2,10.4770,524,98,0,49.896278,0.992775,1.4978
2,10.4970,525,98,0,49.992115,0.994697,1.4978
2,10.5170,526,98,0,50.087769,0.996615,1.4978
2,10.5370,527,98,0,50.183235,0.998529,1.4978
2,10.5570,528,98,0,50.278507,1.000439,1.4978
2,10.5770,529,98,0,50.373596,1.002346,1.4978
2,10.5970,530,98,0,50.468494,1.004249,1.4978
2,10.6170,531,98,0,50.563213,1.006148,1.4978
2,10.6370,532,98,0,50.657738,1.008044,1.4978
2,10.6570,533,98,0,50.752079,1.009936,1.4978
2,10.6770,534,98,0,50.846230,1.011824,1.4978
2,10.6970,535,98,0,50.940201,1.013708,1.4978
2,10.7170,536,98,0,51.033981,1.015589,1.4978
2,10.7370,537,98,0,51.127583,1.017466,1.4978
2,10.7570,538,98,0,51.220997,1.019340,1.4978
2,10.7770,539,98,0,51.314224,1.021210,1.4978
2,10.7970,540,98,0,51.407269,1.023076,1.4978
2,10.8170,541,98,0,51.500134,1.024938,1.4978
2,10.8370,542,98,0,51.592812,1.026797,1.4978
2,10.8570,543,98,0,51.685303,1.028652,1.4978
2,10.8770,544,98,0,51.777618,1.030504,1.4978
2,10.8970,545,98,0,51.869747,1.032352,1.4978
2,10.9180,546,98,0,51.961697,1.034197,1.4978
2,10.9370,547,98,0,52.053467,1.036037,1.4978
2,10.9570,548,98,0,52.145050,1.037874,1.4978
2,10.9770,549,98,0,52.236454,1.039708,1.4978
2,10.9970,550,98,0,52.327679,1.041538,1.4978
2,11.0170,551,98,0,52.418724,1.043364,1.4978
2,11.0370,552,98,0,52.509590,1.045187,1.4978
2,11.0570,553,98,0,52.600273,1.047007,1.4978
2,11.0770,554,98,0,52.690781,1.048822,1.4978
2,11.0970,555,98,0,52.781109,1.050634,1.4978
2,11.1170,556,98,0,52.871258,1.052443,1.4978
2,11.1370,557,98,0,52.961227,1.054248,1.4978
2,11.1570,558,98,0,53.051018,1.056050,1.4978
2,11.1770,559,98,0,53.140636,1.057848,1.4978
2,11.1970,560,98,0,53.230072,1.059642,1.4978
2,11.2170,561,98,0,53.319332,1.061433,1.4978
2,11.2370,562,98,0,53.408413,1.063221,1.4978
2,11.2570,563,98,0,53.497322,1.065005,1.4978
2,11.2770,564,98,0,53.586060,1.066785,1.4978
2,11.2970,565,98,0,53.674614,1.068562,1.4978
2,11.3170,566,98,0,53.762997,1.070335,1.4978
2,11.3370,567,98,0,53.851204,1.072105,1.4978
2,11.3570,568,98,0,53.939236,1.073872,1.4978
2,11.3770,569,98,0,54.027096,1.075635,1.4978
2,11.3970,570,98,0,54.114784,1.077395,1.4978
2,11.4180,571,98,0,54.202293,1.079151,1.4978
2,11.4370,572,98,0,54.289631,1.080904,1.4978
2,11.4570,573,98,0,54.376797,1.082653,1.4978
2,11.4770,574,98,0,54.463787,1.084399,1.4978
2,11.4970,575,98,0,54.550610,1.086141,1.4978
2,11.5170,576,98,0,54.637260,1.087880,1.4978
2,11.5370,577,98,0,54.723736,1.089616,1.4978
2,11.5570,578,98,0,54.810043,1.091348,1.4978
2,11.5770,579,98,0,54.896179,1.093077,1.4978
2,11.5970,580,98,0,54.982143,1.094802,1.4978
2,11.6170,581,98,0,55.067940,1.096524,1.4978
2,11.6370,582,98,0,55.153564,1.098243,1.4978
2,11.6570,583,98,0,55.239017,1.099958,1.4978
2,11.6770,584,98,0,55.324303,1.101670,1.4978
2,11.6970,585,98,0,55.409420,1.103378,1.4978
2,11.7170,586,98,0,55.494370,1.105083,1.4978
2,11.7370,587,98,0,55.579147,1.106785,1.4978
2,11.7570,588,98,0,55.663761,1.108483,1.4978
2,11.7770,589,98,0,55.748207,1.110178,1.4978
2,11.7970,590,98,0,55.832485,1.111870,1.4978
2,11.8170,591,98,0,55.916595,1.113559,1.4978
2,11.8370,592,98,0,56.000542,1.115244,1.4978
2,11.8570,593,98,0,56.084316,1.116925,1.4978
2,11.8770,594,98,0,56.167927,1.118604,1.4978
2,11.8970,595,98,0,56.251373,1.120279,1.4978
2,11.9170,596,98,0,56.334656,1.121951,1.4978
2,11.9370,597,98,0,56.417767,1.123619,1.4978
2,11.9570,598,98,0,56.500721,1.125285,1.4978
2,11.9770,599,98,0,56.583508,1.126947,1.4978
2,11.9970,600,98,0,56.666126,1.128606,1.4978
2,12.0170,601,98,0,56.748585,1.130261,1.4978
2,12.0370,602,98,0,56.830879,1.131913,1.4978
2,12.0570,603,98,0,56.913010,1.133562,1.4978
2,12.0770,604,98,0,56.994984,1.135208,1.4978
2,12.0980,605,98,0,57.076790,1.136850,1.4978
2,12.1170,606,98,0,57.158432,1.138490,1.4978
2,12.1370,607,98,0,57.239918,1.140126,1.4978
2,12.1570,608,98,0,57.321239,1.141758,1.4978
2,12.1770,609,98,0,57.402397,1.143388,1.4978
2,12.1970,610,98,0,57.483395,1.145014,1.4978
2,12.2170,611,98,0,57.564232,1.146637,1.4978
2,12.2370,612,98,0,57.644909,1.148257,1.4978
2,12.2580,613,98,0,57.725430,1.149874,1.4978
2,12.2770,614,98,0,57.805786,1.151488,1.4978
2,12.2970,615,98,0,57.885983,1.153098,1.4978
2,12.3170,616,98,0,57.966022,1.154705,1.4978
2,12.3370,617,98,0,58.045902,1.156309,1.4978
2,12.3570,618,98,0,58.125626,1.157910,1.4978
2,12.3770,619,98,0,58.205193,1.159508,1.4978
2,12.3970,620,98,0,58.284595,1.161103,1.4978
2,12.4170,621,98,0,58.363842,1.162694,1.4978
2,12.4370,622,98,0,58.442932,1.164282,1.4978
2,12.4570,623,98,0,58.521870,1.165867,1.4978
2,12.4770,624,98,0,58.600647,1.167449,1.4978
2,12.4970,625,98,0,58.679264,1.169028,1.4978
2,12.5170,626,98,0,58.757729,1.170604,1.4978
2,12.5370,627,98,0,58.836040,1.172177,1.4978
2,12.5570,628,98,0,58.914192,1.173746,1.4978
2,12.5770,629,98,0,58.992191,1.175313,1.4978
2,12.5980,630,98,0,59.070038,1.176876,1.4978
2,12.6170,631,98,0,59.147728,1.178436,1.4978
2,12.6370,632,98,0,59.225262,1.179994,1.4978
2,12.6570,633,98,0,59.302643,1.181548,1.4978
2,12.6770,634,98,0,59.379868,1.183099,1.4978
2,12.6970,635,98,0,59.456944,1.184647,1.4978
2,12.7170,636,98,0,59.533863,1.186192,1.4978
2,12.7370,637,98,0,59.610630,1.187734,1.4978
2,12.7570,638,98,0,59.687244,1.189272,1.4978
2,12.7770,639,98,0,59.763710,1.190808,1.4978
2,12.7970,640,98,0,59.840019,1.192341,1.4978
2,12.8170,641,98,0,59.916180,1.193871,1.4978
2,12.8370,642,98,0,59.992191,1.195398,1.4978
2,12.8570,643,98,0,60.068050,1.196921,1.4978
2,12.8770,644,98,0,60.143761,1.198442,1.4978
2,12.8970,645,98,0,60.219315,1.199960,1.4978
2,12.9170,646,98,0,60.294724,1.201474,1.4978
2,12.9370,647,98,0,60.369980,1.202986,1.4978
2,12.9570,648,98,0,60.445087,1.204495,1.4978
2,12.9770,649,98,0,60.520046,1.206001,1.4978
2,12.9970,650,98,0,60.594852,1.207503,1.4978
2,13.0170,651,98,0,60.669514,1.209003,1.4978
2,13.0370,652,98,0,60.744026,1.210500,1.4978
2,13.0570,653,98,0,60.818390,1.211994,1.4978
2,13.0770,654,98,0,60.892605,1.213485,1.4978
2,13.0970,655,98,0,60.966675,1.214972,1.4978
2,13.1170,656,98,0,61.040596,1.216457,1.4978
2,13.1370,657,98,0,61.114368,1.217940,1.4978
2,13.1570,658,98,0,61.187996,1.219419,1.4978
2,13.1770,659,98,0,61.261478,1.220895,1.4978
2,13.1970,660,98,0,61.334816,1.222368,1.4978
2,13.2170,661,98,0,61.408005,1.223839,1.4978
2,13.2370,662,98,0,61.481049,1.225306,1.4978
2,13.2570,663,98,0,61.553951,1.226771,1.4978
2,13.2770,664,98,0,61.626705,1.228232,1.4978
2,13.2970,665,98,0,61.699314,1.229691,1.4978
2,13.3170,666,98,0,61.771782,1.231147,1.4978
2,13.3370,667,98,0,61.844105,1.232600,1.4978
2,13.3570,668,98,0,61.916283,1.234050,1.4978
2,13.3770,669,98,0,61.988319,1.235497,1.4978
2,13.3970,670,98,0,62.060211,1.236942,1.4978
2,13.4170,671,98,0,62.131958,1.238383,1.4978
2,13.4370,672,98,0,62.203560,1.239822,1.4978
2,13.4570,673,98,0,62.275028,1.241258,1.4978
2,13.4770,674,98,0,62.346348,1.242691,1.4978
2,13.4970,675,98,0,62.417526,1.244121,1.4978
2,13.5170,676,98,0,62.488564,1.245548,1.4978
2,13.5370,677,98,0,62.559464,1.246973,1.4978
2,13.5570,678,98,0,62.630215,1.248394,1.4978
2,13.5770,679,98,0,62.700829,1.249813,1.4978
2,13.5980,680,98,0,62.771305,1.251229,1.4978
2,13.6170,681,98,0,62.841637,1.252642,1.4978
2,13.6370,682,98,0,62.911831,1.254053,1.4978
2,13.6570,683,98,0,62.981884,1.255460,1.4978
2,13.6770,684,98,0,63.051800,1.256865,1.4978
2,13.6970,685,98,0,63.121574,1.258267,1.4978
2,13.7170,686,98,0,63.191212,1.259667,1.4978
2,13.7370,687,98,0,63.260712,1.261063,1.4978
2,13.7570,688,98,0,63.330070,1.262457,1.4978
2,13.7770,689,98,0,63.399292,1.263848,1.4978
2,13.7970,690,98,0,63.468380,1.265236,1.4978
2,13.8170,691,98,0,63.537327,1.266622,1.4978
2,13.8370,692,98,0,63.606136,1.268004,1.4978
2,13.8570,693,98,0,63.674805,1.269384,1.4978
2,13.8770,694,98,0,63.743347,1.270762,1.4978
2,13.8970,695,98,0,63.811745,1.272136,1.4978
2,13.9170,696,98,0,63.880009,1.273508,1.4978
2,13.9370,697,98,0,63.948135,1.274877,1.4978
2,13.9570,698,98,0,64.016129,1.276243,1.4978
2,13.9770,699,98,0,64.083984,1.277607,1.4978
2,13.9970,700,98,0,64.151711,1.278968,1.4978
2,14.0170,701,98,0,64.219299,1.280326,1.4978
2,14.0370,702,98,0,64.286758,1.281682,1.4978
2,14.0570,703,98,0,64.354073,1.283035,1.4978
2,14.0770,704,98,0,64.421257,1.284385,1.4978
2,14.0980,705,98,0,64.488312,1.285732,1.4978
2,14.1170,706,98,0,64.555222,1.287077,1.4978
2,14.1370,707,98,0,64.622009,1.288419,1.4978
2,14.1570,708,98,0,64.688660,1.289759,1.4978
2,14.1770,709,98,0,64.755188,1.291096,1.4978
2,14.1970,710,98,0,64.821571,1.292430,1.4978
2,14.2170,711,98,0,64.887825,1.293762,1.4978
2,14.2370,712,98,0,64.953949,1.295091,1.4978
2,14.2570,713,98,0,65.019943,1.296417,1.4978
2,14.2770,714,98,0,65.085793,1.297740,1.4978
2,14.2970,715,98,0,65.151520,1.299062,1.4978
2,14.3170,716,98,0,65.217125,1.300380,1.4978
2,14.3370,717,98,0,65.282593,1.301696,1.4978
2,14.3570,718,98,0,65.347923,1.303009,1.4978
2,14.3770,719,98,0,65.413132,1.304320,1.4978
2,14.3970,720,98,0,65.478203,1.305627,1.4978
2,14.4170,721,98,0,65.543152,1.306933,1.4978
2,14.4380,722,98,0,65.607971,1.308236,1.4978
2,14.4570,723,98,0,65.672661,1.309536,1.4978
2,14.4770,724,98,0,65.737221,1.310833,1.4978
2,14.4970,725,98,0,65.801651,1.312129,1.4978
2,14.5170,726,98,0,65.865952,1.313421,1.4978
2,14.5370,727,98,0,65.930130,1.314711,1.4978
2,14.5570,728,98,0,65.994171,1.315998,1.4978
2,14.5770,729,98,0,66.058090,1.317283,1.4978
2,14.5980,730,98,0,66.121887,1.318565,1.4978
2,14.6170,731,98,0,66.185547,1.319845,1.4978
2,14.6370,732,98,0,66.249092,1.321122,1.4978
2,14.6570,733,98,0,66.312500,1.322397,1.4978
2,14.6770,734,98,0,66.375786,1.323669,1.4978
2,14.6970,735,98,0,66.438942,1.324938,1.4978
2,14.7170,736,98,0,66.501976,1.326205,1.4978
2,14.7370,737,98,0,66.564888,1.327470,1.4978
2,14.7570,738,98,0,66.627670,1.328732,1.4978
2,14.7770,739,98,0,66.690323,1.329991,1.4978
2,14.7970,740,98,0,66.752861,1.331248,1.4978
2,14.8170,741,98,0,66.815269,1.332503,1.4978
2,14.8370,742,98,0,66.877556,1.333755,1.4978
2,14.8570,743,98,0,66.939713,1.335005,1.4978
2,14.8770,744,98,0,67.001755,1.336252,1.4978
2,14.8970,745,98,0,67.063667,1.337496,1.4978
2,14.9170,746,98,0,67.125458,1.338738,1.4978
2,14.9370,747,98,0,67.187119,1.339978,1.4978
2,14.9570,748,98,0,67.248657,1.341215,1.4978
2,14.9770,749,98,0,67.310081,1.342450,1.4978
2,14.9970,750,98,0,67.371384,1.343682,1.4978
2,15.0170,751,98,0,67.432564,1.344912,1.4978
2,15.0370,752,98,0,67.493622,1.346139,1.4978
2,15.0570,753,98,0,67.554550,1.347364,1.4978
2,15.0770,754,98,0,67.615364,1.348587,1.4978
2,15.0970,755,98,0,67.676048,1.349807,1.4978
2,15.1170,756,98,0,67.736626,1.351025,1.4978
2,15.1370,757,98,0,67.797073,1.352240,1.4978
2,15.1570,758,98,0,67.857399,1.353453,1.4978
2,15.1770,759,98,0,67.917610,1.354663,1.4978
2,15.1970,760,98,0,67.977699,1.355871,1.4978
2,15.2170,761,98,0,68.037666,1.357077,1.4978
2,15.2370,762,98,0,68.097519,1.358280,1.4978
2,15.2570,763,98,0,68.157249,1.359481,1.4978
2,15.2770,764,98,0,68.216858,1.360679,1.4978
2,15.2970,765,98,0,68.276344,1.361875,1.4978
2,15.3170,766,98,0,68.335724,1.363069,1.4978
2,15.3370,767,98,0,68.394981,1.364260,1.4978
2,15.3570,768,98,0,68.454117,1.365449,1.4978
2,15.3770,769,98,0,68.513138,1.366636,1.4978
2,15.3970,770,98,0,68.572037,1.367820,1.4978
2,15.4170,771,98,0,68.630821,1.369002,1.4978
2,15.4380,772,98,0,68.689491,1.370181,1.4978
2,15.4570,773,98,0,68.748039,1.371358,1.4978
2,15.4770,774,98,0,68.806473,1.372533,1.4978
2,15.4970,775,98,0,68.864792,1.373706,1.4978
2,15.5170,776,98,0,68.922989,1.374876,1.4978
2,15.5370,777,98,0,68.981079,1.376044,1.4978
2,15.5570,778,98,0,69.039047,1.377209,1.4978
2,15.5770,779,98,0,69.096901,1.378372,1.4978
2,15.5970,780,98,0,69.154640,1.379533,1.4978
2,15.6170,781,98,0,69.212257,1.380692,1.4978
2,15.6370,782,98,0,69.269768,1.381848,1.4978
2,15.6570,783,98,0,69.327164,1.383002,1.4978
2,15.6770,784,98,0,69.384438,1.384154,1.4978
2,15.6970,785,98,0,69.441605,1.385303,1.4978
2,15.7170,786,98,0,69.498665,1.386450,1.4978
2,15.7370,787,98,0,69.555603,1.387595,1.4978
2,15.7570,788,98,0,69.612427,1.388738,1.4978
2,15.7780,789,98,0,69.669136,1.389878,1.4978
2,15.7970,790,98,0,69.725739,1.391016,1.4978
2,15.8170,791,98,0,69.782219,1.392152,1.4978
2,15.8370,792,98,0,69.838585,1.393285,1.4978
2,15.8570,793,98,0,69.894844,1.394416,1.4978
2,15.8770,794,98,0,69.950996,1.395545,1.4978
2,15.8970,795,98,0,70.007034,1.396672,1.4978
2,15.9170,796,98,0,70.062950,1.397797,1.4978
2,15.9380,797,98,0,70.118767,1.398919,1.4978
2,15.9570,798,98,0,70.174469,1.400039,1.4978
2,15.9770,799,98,0,70.230057,1.401157,1.4978
2,15.9970,800,98,0,70.285538,1.402272,1.4978
2,16.0170,801,98,0,70.340904,1.403386,1.4978
2,16.0370,802,98,0,70.396172,1.404497,1.4978
2,16.0570,803,98,0,70.451317,1.405606,1.4978
2,16.0770,804,98,0,70.506355,1.406712,1.4978
2,16.0970,805,98,0,70.561287,1.407817,1.4978
2,16.1170,806,98,0,70.616112,1.408919,1.4978
2,16.1370,807,98,0,70.670815,1.410019,1.4978
2,16.1570,808,98,0,70.725418,1.411117,1.4978
2,16.1770,809,98,0,70.779915,1.412213,1.4978
2,16.1970,810,98,0,70.834290,1.413307,1.4978
2,16.2170,811,98,0,70.888565,1.414398,1.4978
2,16.2370,812,98,0,70.942734,1.415487,1.4978
2,16.2570,813,98,0,70.996788,1.416574,1.4978
2,16.2770,814,98,0,71.050735,1.417659,1.4978
2,16.2970,815,98,0,71.104584,1.418742,1.4978
2,16.3170,816,98,0,71.158318,1.419823,1.4978
2,16.3370,817,98,0,71.211945,1.420901,1.4978
2,16.3570,818,98,0,71.265472,1.421977,1.4978
2,16.3770,819,98,0,71.318886,1.423052,1.4978
2,16.3970,820,98,0,71.372192,1.424124,1.4978
2,16.4170,821,98,0,71.425400,1.425193,1.4978
2,16.4380,822,98,0,71.478493,1.426261,1.4978
2,16.4570,823,98,0,71.531487,1.427327,1.4978
2,16.4770,824,98,0,71.584373,1.428390,1.4978
2,16.4970,825,98,0,71.637154,1.429452,1.4978
2,16.5170,826,98,0,71.689827,1.430511,1.4978
2,16.5370,827,98,0,71.742393,1.431568,1.4978
2,16.5570,828,98,0,71.794853,1.432623,1.4978
2,16.5770,829,98,0,71.847206,1.433676,1.4978
2,16.5970,830,98,0,71.899467,1.434727,1.4978
2,16.6170,831,98,0,71.951614,1.435776,1.4978
2,16.6370,832,98,0,72.003662,1.436822,1.4978
2,16.6570,833,98,0,72.055611,1.437867,1.4978
2,16.6770,834,98,0,72.107445,1.438910,1.4978
2,16.6970,835,98,0,72.159180,1.439950,1.4978
2,16.7170,836,98,0,72.210815,1.440988,1.4978
2,16.7370,837,98,0,72.262337,1.442025,1.4978
2,16.7570,838,98,0,72.313766,1.443059,1.4978
2,16.7770,839,98,0,72.365089,1.444091,1.4978
2,16.7970,840,98,0,72.416306,1.445121,1.4978
2,16.8170,841,98,0,72.467430,1.446149,1.4978
2,16.8370,842,98,0,72.518448,1.447175,1.4978
2,16.8570,843,98,0,72.569366,1.448199,1.4978
2,16.8770,844,98,0,72.620178,1.449221,1.4978
2,16.8970,845,98,0,72.670891,1.450241,1.4978
2,16.9170,846,98,0,72.721504,1.451259,1.4978
2,16.9370,847,98,0,72.772011,1.452275,1.4978
2,16.9570,848,98,0,72.822418,1.453288,1.4978
2,16.9770,849,98,0,72.872726,1.454300,1.4978
2,16.9970,850,98,0,72.922943,1.455310,1.4978
2,17.0170,851,98,0,72.973045,1.456318,1.4978
2,17.0370,852,98,0,73.023056,1.457324,1.4978
2,17.0570,853,98,0,73.072960,1.458327,1.4978
2,17.0770,854,98,0,73.122772,1.459329,1.4978
2,17.0970,855,98,0,73.172478,1.460329,1.4978
2,17.1180,856,98,0,73.222084,1.461327,1.4978
2,17.1370,857,98,0,73.271599,1.462322,1.4978
2,17.1570,858,98,0,73.321014,1.463316,1.4978
2,17.1770,859,98,0,73.370323,1.464308,1.4978
2,17.1970,860,98,0,73.419540,1.465298,1.4978
2,17.2170,861,98,0,73.468658,1.466286,1.4978
2,17.2370,862,98,0,73.517677,1.467272,1.4978
2,17.2570,863,98,0,73.566597,1.468256,1.4978
2,17.2780,864,98,0,73.615417,1.469238,1.4978
2,17.2970,865,98,0,73.664146,1.470218,1.4978
2,17.3170,866,98,0,73.712776,1.471196,1.4978
2,17.3370,867,98,0,73.761314,1.472172,1.4978
2,17.3570,868,98,0,73.809746,1.473146,1.4978
2,17.3770,869,98,0,73.858086,1.474118,1.4978
2,17.3970,870,98,0,73.906326,1.475089,1.4978
2,17.4170,871,98,0,73.954468,1.476057,1.4978
2,17.4370,872,98,0,74.002525,1.477024,1.4978
2,17.4570,873,98,0,74.050484,1.477988,1.4978
2,17.4770,874,98,0,74.098335,1.478951,1.4978
2,17.4970,875,98,0,74.146103,1.479911,1.4978
2,17.5170,876,98,0,74.193764,1.480870,1.4978
2,17.5370,877,98,0,74.241341,1.481827,1.4978
2,17.5570,878,98,0,74.288811,1.482782,1.4978
2,17.5770,879,98,0,74.336197,1.483735,1.4978
2,17.5970,880,98,0,74.383484,1.484686,1.4978
2,17.6180,881,98,0,74.430679,1.485636,1.4978
2,17.6370,882,98,0,74.477783,1.486583,1.4978
2,17.6570,883,98,0,74.524780,1.487528,1.4978
2,17.6770,884,98,0,74.571693,1.488472,1.4978
2,17.6970,885,98,0,74.618515,1.489414,1.4978
2,17.7170,886,98,0,74.665245,1.490353,1.4978
2,17.7370,887,98,0,74.711876,1.491292,1.4978
2,17.7570,888,98,0,74.758415,1.492228,1.4978
2,17.7780,889,98,0,74.804863,1.493162,1.4978
2,17.7970,890,98,0,74.851219,1.494094,1.4978
2,17.8170,891,98,0,74.897469,1.495025,1.4978
2,17.8370,892,98,0,74.943642,1.495953,1.4978
2,17.8570,893,98,0,74.989716,1.496880,1.4978
2,17.8770,894,98,0,75.035698,1.497805,1.4978
2,17.8970,895,98,0,75.081596,1.498728,1.4978
2,17.9170,896,98,0,75.127403,1.499650,1.4978
2,17.9370,897,98,0,75.173111,1.500569,1.4978
2,17.9570,898,98,0,75.218735,1.501487,1.4978
2,17.9770,899,98,0,75.264259,1.502403,1.4978
2,17.9970,900,98,0,75.309700,1.503317,1.4978
2,18.0170,901,98,0,75.355049,1.504229,1.4978
2,18.0370,902,98,0,75.400299,1.505139,1.4978
2,18.0570,903,98,0,75.445465,1.506048,1.4978
2,18.0770,904,98,0,75.490540,1.506954,1.4978
2,18.0970,905,98,0,75.535522,1.507859,1.4978
2,18.1180,906,98,0,75.580421,1.508762,1.4978
2,18.1370,907,98,0,75.625229,1.509664,1.4978
2,18.1570,908,98,0,75.669945,1.510563,1.4978
2,18.1770,909,98,0,75.714569,1.511461,1.4978
2,18.1970,910,98,0,75.759109,1.512357,1.4978
2,18.2170,911,98,0,75.803558,1.513251,1.4978
2,18.2370,912,98,0,75.847916,1.514143,1.4978
2,18.2570,913,98,0,75.892189,1.515034,1.4978
2,18.2770,914,98,0,75.936378,1.515923,1.4978
2,18.2970,915,98,0,75.980469,1.516810,1.4978
2,18.3170,916,98,0,76.024475,1.517695,1.4978
2,18.3370,917,98,0,76.068390,1.518578,1.4978
2,18.3570,918,98,0,76.112228,1.519460,1.4978
2,18.3770,919,98,0,76.155968,1.520340,1.4978
2,18.3970,920,98,0,76.199631,1.521218,1.4978
2,18.4170,921,98,0,76.243195,1.522095,1.4978
2,18.4370,922,98,0,76.286682,1.522969,1.4978
2,18.4570,923,98,0,76.330070,1.523842,1.4978
2,18.4770,924,98,0,76.373383,1.524714,1.4978
2,18.4970,925,98,0,76.416603,1.525583,1.4978
2,18.5170,926,98,0,76.459740,1.526451,1.4978
2,18.5370,927,98,0,76.502792,1.527317,1.4978
2,18.5570,928,98,0,76.545753,1.528181,1.4978
2,18.5770,929,98,0,76.588631,1.529044,1.4978
2,18.5970,930,98,0,76.631424,1.529905,1.4978
2,18.6170,931,98,0,76.674133,1.530764,1.4978
2,18.6370,932,98,0,76.716759,1.531621,1.4978
2,18.6570,933,98,0,76.759300,1.532477,1.4978
2,18.6770,934,98,0,76.801750,1.533331,1.4978
2,18.6970,935,98,0,76.844109,1.534183,1.4978
2,18.7170,936,98,0,76.886398,1.535034,1.4978
2,18.7370,937,98,0,76.928589,1.535883,1.4978
2,18.7570,938,98,0,76.970711,1.536730,1.4978
2,18.7770,939,98,0,77.012741,1.537576,1.4978
2,18.7970,940,98,0,77.054688,1.538420,1.4978
2,18.8170,941,98,0,77.096550,1.539262,1.4978
2,18.8370,942,98,0,77.138329,1.540102,1.4978
2,18.8570,943,98,0,77.180031,1.540941,1.4978
2,18.8770,944,98,0,77.221642,1.541778,1.4978
2,18.8970,945,98,0,77.263168,1.542614,1.4978
2,18.9170,946,98,0,77.304611,1.543447,1.4978
2,18.9370,947,98,0,77.345978,1.544280,1.4978
2,18.9570,948,98,0,77.387253,1.545110,1.4978
2,18.9770,949,98,0,77.428459,1.545939,1.4978
2,18.9970,950,98,0,77.469574,1.546766,1.4978
2,19.0170,951,98,0,77.510612,1.547592,1.4978
2,19.0370,952,98,0,77.551559,1.548416,1.4978
2,19.0570,953,98,0,77.592422,1.549238,1.4978
2,19.0770,954,98,0,77.633224,1.550059,1.4978
2,19.0970,955,98,0,77.673927,1.550877,1.4978
2,19.1170,956,98,0,77.714546,1.551695,1.4978
2,19.1370,957,98,0,77.755096,1.552510,1.4978
2,19.1570,958,98,0,77.795563,1.553325,1.4978
2,19.1770,959,98,0,77.835945,1.554137,1.4978
2,19.1970,960,98,0,77.876251,1.554948,1.4978
2,19.2170,961,98,0,77.916466,1.555757,1.4978
2,19.2370,962,98,0,77.956612,1.556565,1.4978
2,19.2570,963,98,0,77.996674,1.557371,1.4978
2,19.2770,964,98,0,78.036659,1.558175,1.4978
2,19.2970,965,98,0,78.076561,1.558978,1.4978
2,19.3170,966,98,0,78.116386,1.559779,1.4978
2,19.3370,967,98,0,78.156128,1.560579,1.4978
2,19.3570,968,98,0,78.195793,1.561376,1.4978
2,19.3770,969,98,0,78.235374,1.562173,1.4978
2,19.3970,970,98,0,78.274879,1.562968,1.4978
2,19.4170,971,98,0,78.314308,1.563761,1.4978
2,19.4370,972,98,0,78.353653,1.564552,1.4978
2,19.4570,973,98,0,78.392921,1.565343,1.4978
2,19.4770,974,98,0,78.432114,1.566131,1.4978
2,19.4970,975,98,0,78.471230,1.566918,1.4978
2,19.5170,976,98,0,78.510262,1.567703,1.4978
2,19.5370,977,98,0,78.549217,1.568487,1.4978
2,19.5570,978,98,0,78.588097,1.569269,1.4978
2,19.5770,979,98,0,78.626900,1.570050,1.4978
2,19.5970,980,98,0,78.665619,1.570829,1.4978
2,19.6180,981,98,0,78.704262,1.571607,1.4978
2,19.6370,982,98,0,78.742836,1.572383,1.4978
2,19.6570,983,98,0,78.781326,1.573157,1.4978
2,19.6770,984,98,0,78.819748,1.573930,1.4978
2,19.6970,985,98,0,78.858086,1.574701,1.4978
2,19.7170,986,98,0,78.896355,1.575471,1.4978
2,19.7370,987,98,0,78.934540,1.576240,1.4978
2,19.7570,988,98,0,78.972649,1.577006,1.4978
2,19.7770,989,98,0,79.010674,1.577771,1.4978
2,19.7970,990,98,0,79.048637,1.578535,1.4978
2,19.8170,991,98,0,79.086517,1.579297,1.4978
2,19.8370,992,98,0,79.124329,1.580058,1.4978
2,19.8570,993,98,0,79.162064,1.580817,1.4978
2,19.8770,994,98,0,79.199722,1.581575,1.4978
2,19.8970,995,98,0,79.237297,1.582331,1.4978
2,19.9170,996,98,0,79.274803,1.583086,1.4978
2,19.9370,997,98,0,79.312233,1.583839,1.4978
2,19.9570,998,98,0,79.349586,1.584590,1.4978
2,19.9770,999,98,0,79.386871,1.585340,1.4978
2,19.9970,1000,98,0,79.424080,1.586089,1.4978
2,20.0170,1001,98,0,79.461205,1.586836,1.4978
2,20.0370,1002,98,0,79.498260,1.587582,1.4978
2,20.0570,1003,98,0,79.535248,1.588326,1.4978
2,20.0770,1004,98,0,79.572159,1.589069,1.4978
2,20.0970,1005,98,0,79.608994,1.589810,1.4978
2,20.1180,1006,98,0,79.645752,1.590549,1.4978
2,20.1370,1007,98,0,79.682442,1.591288,1.4978
2,20.1570,1008,98,0,79.719055,1.592024,1.4978
2,20.1770,1009,98,0,79.755600,1.592760,1.4978
2,20.1970,1010,98,0,79.792068,1.593493,1.4978
2,20.2170,1011,98,0,79.828461,1.594226,1.4978
2,20.2370,1012,98,0,79.864784,1.594957,1.4978
2,20.2570,1013,98,0,79.901039,1.595686,1.4978
2,20.2770,1014,98,0,79.937218,1.596414,1.4978
2,20.2970,1015,98,0,79.973320,1.597140,1.4978
2,20.3170,1016,98,0,80.009354,1.597865,1.4978
2,20.3370,1017,98,0,80.045319,1.598589,1.4978
2,20.3570,1018,98,0,80.081207,1.599311,1.4978
2,20.3770,1019,98,0,80.117027,1.600032,1.4978
2,20.3970,1020,98,0,80.152771,1.600751,1.4978
2,20.4170,1021,98,0,80.188454,1.601469,1.4978
2,20.4370,1022,98,0,80.224052,1.602185,1.4978
2,20.4570,1023,98,0,80.259583,1.602900,1.4978
2,20.4770,1024,98,0,80.295052,1.603614,1.4978
2,20.4970,1025,98,0,80.330444,1.604326,1.4978
2,20.5170,1026,98,0,80.365761,1.605037,1.4978
2,20.5370,1027,98,0,80.401009,1.605746,1.4978
2,20.5570,1028,98,0,80.436195,1.606454,1.4978
2,20.5770,1029,98,0,80.471298,1.607160,1.4978
2,20.5970,1030,98,0,80.506340,1.607865,1.4978
2,20.6170,1031,98,0,80.541306,1.608569,1.4978
2,20.6370,1032,98,0,80.576210,1.609271,1.4978
2,20.6570,1033,98,0,80.611046,1.609972,1.4978
2,20.6770,1034,98,0,80.645805,1.610672,1.4978
2,20.6970,1035,98,0,80.680496,1.611370,1.4978
2,20.7170,1036,98,0,80.715111,1.612066,1.4978
2,20.7370,1037,98,0,80.749664,1.612762,1.4978
2,20.7570,1038,98,0,80.784149,1.613456,1.4978
2,20.7770,1039,98,0,80.818565,1.614148,1.4978
2,20.7970,1040,98,0,80.852905,1.614839,1.4978
2,20.8170,1041,98,0,80.887184,1.615529,1.4978
2,20.8370,1042,98,0,80.921394,1.616217,1.4978
2,20.8570,1043,98,0,80.955536,1.616904,1.4978
2,20.8770,1044,98,0,80.989609,1.617590,1.4978
2,20.8970,1045,98,0,81.023605,1.618274,1.4978
2,20.9170,1046,98,0,81.057541,1.618957,1.4978
2,20.9370,1047,98,0,81.091408,1.619638,1.4978
2,20.9580,1048,98,0,81.125214,1.620319,1.4978
2,20.9770,1049,98,0,81.158951,1.620997,1.4978
2,20.9970,1050,98,0,81.192619,1.621675,1.4978
2,21.0170,1051,98,0,81.226219,1.622351,1.4978
2,21.0370,1052,98,0,81.259750,1.623026,1.4978
2,21.0570,1053,98,0,81.293213,1.623699,1.4978
2,21.0770,1054,98,0,81.326607,1.624371,1.4978
2,21.0970,1055,98,0,81.359947,1.625042,1.4978
2,21.1170,1056,98,0,81.393211,1.625711,1.4978
2,21.1370,1057,98,0,81.426407,1.626379,1.4978
2,21.1570,1058,98,0,81.459541,1.627046,1.4978
2,21.1770,1059,98,0,81.492607,1.627711,1.4978
2,21.1970,1060,98,0,81.525604,1.628376,1.4978
2,21.2170,1061,98,0,81.558540,1.629038,1.4978
2,21.2370,1062,98,0,81.591408,1.629700,1.4978
2,21.2570,1063,98,0,81.624214,1.630360,1.4978
2,21.2770,1064,98,0,81.656952,1.631019,1.4978
2,21.2970,1065,98,0,81.689621,1.631676,1.4978
2,21.3170,1066,98,0,81.722229,1.632332,1.4978
2,21.3370,1067,98,0,81.754768,1.632987,1.4978
2,21.3570,1068,98,0,81.787247,1.633640,1.4978
2,21.3770,1069,98,0,81.819656,1.634293,1.4978
2,21.3970,1070,98,0,81.851997,1.634944,1.4978
2,21.4170,1071,98,0,81.884285,1.635593,1.4978
2,21.4370,1072,98,0,81.916496,1.636241,1.4978
2,21.4580,1073,98,0,81.948647,1.636888,1.4978
2,21.4770,1074,98,0,81.980743,1.637534,1.4978
2,21.4970,1075,98,0,82.012764,1.638179,1.4978
2,21.5170,1076,98,0,82.044731,1.638822,1.4978
2,21.5370,1077,98,0,82.076622,1.639464,1.4978
2,21.5570,1078,98,0,82.108452,1.640104,1.4978
2,21.5770,1079,98,0,82.140228,1.640744,1.4978
2,21.5970,1080,98,0,82.171928,1.641382,1.4978
2,21.6170,1081,98,0,82.203575,1.642018,1.4978
2,21.6370,1082,98,0,82.235153,1.642654,1.4978
2,21.6570,1083,98,0,82.266670,1.643288,1.4978
2,21.6770,1084,98,0,82.298119,1.643921,1.4978
2,21.6970,1085,98,0,82.329506,1.644553,1.4978
2,21.7170,1086,98,0,82.360840,1.645183,1.4978
2,21.7370,1087,98,0,82.392105,1.645812,1.4978
2,21.7570,1088,98,0,82.423302,1.646440,1.4978
2,21.7770,1089,98,0,82.454445,1.647067,1.4978
2,21.7970,1090,98,0,82.485519,1.647692,1.4978
2,21.8170,1091,98,0,82.516541,1.648316,1.4978
2,21.8370,1092,98,0,82.547501,1.648939,1.4978
2,21.8570,1093,98,0,82.578384,1.649561,1.4978
2,21.8770,1094,98,0,82.609215,1.650181,1.4978
2,21.8970,1095,98,0,82.639984,1.650801,1.4978
2,21.9170,1096,98,0,82.670692,1.651418,1.4978
2,21.9370,1097,98,0,82.701332,1.652035,1.4978
2,21.9580,1098,98,0,82.731918,1.652651,1.4978
2,21.9770,1099,98,0,82.762444,1.653265,1.4978
2,21.9970,1100,98,0,82.792908,1.653878,1.4978
2,22.0170,1101,98,0,82.823311,1.654490,1.4978
2,22.0370,1102,98,0,82.853645,1.655100,1.4978
2,22.0570,1103,98,0,82.883926,1.655710,1.4978
2,22.0770,1104,98,0,82.914146,1.656318,1.4978
2,22.0970,1105,98,0,82.944305,1.656925,1.4978
2,22.1170,1106,98,0,82.974396,1.657530,1.4978
2,22.1380,1107,98,0,83.004433,1.658135,1.4978
2,22.1570,1108,98,0,83.034416,1.658738,1.4978
2,22.1770,1109,98,0,83.064339,1.659340,1.4978
2,22.1970,1110,98,0,83.094200,1.659941,1.4978
2,22.2170,1111,98,0,83.124001,1.660541,1.4978
2,22.2370,1112,98,0,83.153740,1.661139,1.4978
2,22.2570,1113,98,0,83.183418,1.661737,1.4978
2,22.2770,1114,98,0,83.213043,1.662333,1.4978
2,22.2970,1115,98,0,83.242607,1.662928,1.4978
2,22.3170,1116,98,0,83.272110,1.663521,1.4978
2,22.3370,1117,98,0,83.301552,1.664114,1.4978
2,22.3570,1118,98,0,83.330933,1.664705,1.4978
2,22.3770,1119,98,0,83.360268,1.665296,1.4978
2,22.3970,1120,98,0,83.389534,1.665885,1.4978
2,22.4170,1121,98,0,83.418747,1.666472,1.4978
2,22.4370,1122,98,0,83.447899,1.667059,1.4978
2,22.4570,1123,98,0,83.476990,1.667645,1.4978
2,22.4770,1124,98,0,83.506027,1.668229,1.4978
2,22.4970,1125,98,0,83.535004,1.668812,1.4978
2,22.5170,1126,98,0,83.563919,1.669394,1.4978
2,22.5370,1127,98,0,83.592789,1.669975,1.4978
2,22.5570,1128,98,0,83.621590,1.670555,1.4978
2,22.5770,1129,98,0,83.650337,1.671133,1.4978
2,22.5970,1130,98,0,83.679024,1.671710,1.4978
2,22.6170,1131,98,0,83.707657,1.672287,1.4978
2,22.6380,1132,98,0,83.736237,1.672862,1.4978
2,22.6570,1133,98,0,83.764755,1.673436,1.4978
2,22.6770,1134,98,0,83.793213,1.674008,1.4978
2,22.6970,1135,98,0,83.821617,1.674580,1.4978
2,22.7170,1136,98,0,83.849960,1.675151,1.4978
2,22.7370,1137,98,0,83.878258,1.675720,1.4978
2,22.7570,1138,98,0,83.906487,1.676288,1.4978
2,22.7770,1139,98,0,83.934662,1.676855,1.4978
2,22.7970,1140,98,0,83.962791,1.677421,1.4978
2,22.8170,1141,98,0,83.990852,1.677986,1.4978
2,22.8370,1142,98,0,84.018860,1.678550,1.4978
2,22.8570,1143,98,0,84.046806,1.679112,1.4978
2,22.8770,1144,98,0,84.074707,1.679674,1.4978
2,22.8970,1145,98,0,84.102554,1.680234,1.4978
2,22.9170,1146,98,0,84.130341,1.680793,1.4978
2,22.9370,1147,98,0,84.158066,1.681351,1.4978
2,22.9580,1148,98,0,84.185745,1.681908,1.4978
2,22.9770,1149,98,0,84.213364,1.682464,1.4978
2,22.9970,1150,98,0,84.240921,1.683019,1.4978
2,23.0170,1151,98,0,84.268433,1.683572,1.4978
2,23.0370,1152,98,0,84.295883,1.684125,1.4978
2,23.0570,1153,98,0,84.323288,1.684676,1.4978
2,23.0770,1154,98,0,84.350632,1.685227,1.4978
2,23.0970,1155,98,0,84.377922,1.685776,1.4978
2,23.1170,1156,98,0,84.405151,1.686324,1.4978
2,23.1370,1157,98,0,84.432335,1.686871,1.4978
2,23.1570,1158,98,0,84.459457,1.687417,1.4978
2,23.1770,1159,98,0,84.486534,1.687962,1.4978
2,23.1970,1160,98,0,84.513550,1.688506,1.4978
2,23.2170,1161,98,0,84.540520,1.689048,1.4978
2,23.2370,1162,98,0,84.567429,1.689590,1.4978
2,23.2570,1163,98,0,84.594292,1.690130,1.4978
2,23.2770,1164,98,0,84.621094,1.690670,1.4978
2,23.2980,1165,98,0,84.647842,1.691208,1.4978
2,23.3170,1166,98,0,84.674538,1.691745,1.4978
2,23.3370,1167,98,0,84.701172,1.692281,1.4978
2,23.3570,1168,98,0,84.727760,1.692817,1.4978
2,23.3770,1169,98,0,84.754303,1.693351,1.4978
2,23.3970,1170,98,0,84.780785,1.693884,1.4978
2,23.4170,1171,98,0,84.807220,1.694416,1.4978
2,23.4370,1172,98,0,84.833595,1.694947,1.4978
2,23.4570,1173,98,0,84.859924,1.695477,1.4978
2,23.4770,1174,98,0,84.886200,1.696005,1.4978
2,23.4970,1175,98,0,84.912415,1.696533,1.4978
2,23.5170,1176,98,0,84.938583,1.697060,1.4978
2,23.5370,1177,98,0,84.964699,1.697585,1.4978
2,23.5570,1178,98,0,84.990753,1.698110,1.4978
2,23.5770,1179,98,0,85.016777,1.698633,1.4978
2,23.5970,1180,98,0,85.042732,1.699156,1.4978
2,23.6170,1181,98,0,85.068642,1.699677,1.4978
2,23.6380,1182,98,0,85.094498,1.700198,1.4978
2,23.6700,1183,98,0,85.120300,1.700717,1.4978
2,23.6730,1184,98,0,85.146049,1.701235,1.4978
2,23.6970,1185,98,0,85.171753,1.701752,1.4978
2,23.7170,1186,98,0,85.197403,1.702269,1.4978
2,23.7370,1187,98,0,85.223000,1.702784,1.4978
2,23.7570,1188,98,0,85.248550,1.703298,1.4978
2,23.7770,1189,98,0,85.274048,1.703811,1.4978
2,23.7980,1190,98,0,85.299484,1.704323,1.4978
2,23.8170,1191,98,0,85.324883,1.704834,1.4978
2,23.8370,1192,98,0,85.350227,1.705344,1.4978
2,23.8570,1193,98,0,85.375519,1.705854,1.4978
2,23.8770,1194,98,0,85.400764,1.706362,1.4978
2,23.8970,1195,98,0,85.425949,1.706868,1.4978
2,23.9170,1196,98,0,85.451096,1.707374,1.4978
2,23.9370,1197,98,0,85.476189,1.707879,1.4978
2,23.9570,1198,98,0,85.501228,1.708383,1.4978
2,23.9780,1199,98,0,85.526215,1.708886,1.4978
2,23.9970,1200,98,0,85.551155,1.709388,1.4978
2,24.0170,1201,98,0,85.576050,1.709889,1.4978
2,24.0370,1202,98,0,85.600891,1.710389,1.4978
2,24.0570,1203,98,0,85.625679,1.710888,1.4978
2,24.0770,1204,98,0,85.650421,1.711386,1.4978
2,24.0970,1205,98,0,85.675110,1.711883,1.4978
2,24.1170,1206,98,0,85.699753,1.712379,1.4978
2,24.1370,1207,98,0,85.724350,1.712874,1.4978
2,24.1570,1208,98,0,85.748894,1.713368,1.4978
2,24.1770,1209,98,0,85.773392,1.713861,1.4978
2,24.1970,1210,98,0,85.797836,1.714353,1.4978
2,24.2170,1211,98,0,85.822235,1.714844,1.4978
2,24.2370,1212,98,0,85.846581,1.715334,1.4978
2,24.2570,1213,98,0,85.870880,1.715823,1.4978
2,24.2770,1214,98,0,85.895134,1.716312,1.4978
2,24.2980,1215,98,0,85.919342,1.716799,1.4978
2,24.3170,1216,98,0,85.943489,1.717285,1.4978
2,24.3370,1217,98,0,85.967606,1.717770,1.4978
2,24.3570,1218,98,0,85.991661,1.718254,1.4978
2,24.3770,1219,98,0,86.015671,1.718737,1.4978
2,24.3970,1220,98,0,86.039635,1.719220,1.4978
2,24.4170,1221,98,0,86.063545,1.719701,1.4978
2,24.4370,1222,98,0,86.087410,1.720182,1.4978
2,24.4570,1223,98,0,86.111229,1.720661,1.4978
2,24.4770,1224,98,0,86.135010,1.721139,1.4978
2,24.4970,1225,98,0,86.158730,1.721617,1.4978
2,24.5170,1226,98,0,86.182404,1.722093,1.4978
2,24.5370,1227,98,0,86.206032,1.722569,1.4978
2,24.5570,1228,98,0,86.229614,1.723044,1.4978
2,24.5770,1229,98,0,86.253151,1.723517,1.4978
2,24.5970,1230,98,0,86.276634,1.723990,1.4978
2,24.6170,1231,98,0,86.300079,1.724462,1.4978
2,24.6370,1232,98,0,86.323471,1.724933,1.4978
2,24.6570,1233,98,0,86.346817,1.725403,1.4978
2,24.6770,1234,98,0,86.370125,1.725872,1.4978
2,24.6970,1235,98,0,86.393379,1.726340,1.4978
2,24.7170,1236,98,0,86.416588,1.726807,1.4978
2,24.7370,1237,98,0,86.439751,1.727273,1.4978
2,24.7570,1238,98,0,86.462860,1.727738,1.4978
2,24.7770,1239,98,0,86.485931,1.728203,1.4978
2,24.7970,1240,98,0,86.508949,1.728666,1.4978
2,24.8170,1241,98,0,86.531921,1.729128,1.4978
2,24.8370,1242,98,0,86.554855,1.729590,1.4978
2,24.8570,1243,98,0,86.577736,1.730050,1.4978
2,24.8770,1244,98,0,86.600571,1.730510,1.4978
2,24.8970,1245,98,0,86.623360,1.730969,1.4978
2,24.9170,1246,98,0,86.646111,1.731427,1.4978
2,24.9370,1247,98,0,86.668808,1.731884,1.4978
2,24.9570,1248,98,0,86.691460,1.732340,1.4978
2,24.9770,1249,98,0,86.714073,1.732795,1.4978
2,24.9970,1250,98,0,86.736633,1.733249,1.4978
2,25.0170,1251,98,0,86.759155,1.733702,1.4978
2,25.0370,1252,98,0,86.781639,1.734155,1.4978
2,25.0570,1253,98,0,86.804070,1.734606,1.4978
2,25.0770,1254,98,0,86.826462,1.735057,1.4978
2,25.0970,1255,98,0,86.848801,1.735507,1.4978
2,25.1170,1256,98,0,86.871094,1.735955,1.4978
2,25.1380,1257,98,0,86.893349,1.736403,1.4978
2,25.1570,1258,98,0,86.915550,1.736850,1.4978
2,25.1770,1259,98,0,86.937721,1.737296,1.4978
2,25.1970,1260,98,0,86.959839,1.737742,1.4978
2,25.2170,1261,98,0,86.981918,1.738186,1.4978
2,25.2370,1262,98,0,87.003944,1.738629,1.4978
2,25.2570,1263,98,0,87.025925,1.739072,1.4978
2,25.2770,1264,98,0,87.047874,1.739514,1.4978
2,25.2970,1265,98,0,87.069771,1.739954,1.4978
2,25.3170,1266,98,0,87.091629,1.740394,1.4978
2,25.3370,1267,98,0,87.113434,1.740833,1.4978
2,25.3570,1268,98,0,87.135208,1.741271,1.4978
2,25.3770,1269,98,0,87.156929,1.741709,1.4978
2,25.3970,1270,98,0,87.178612,1.742145,1.4978
2,25.4170,1271,98,0,87.200249,1.742581,1.4978
2,25.4370,1272,98,0,87.221840,1.743015,1.4978
2,25.4570,1273,98,0,87.243393,1.743449,1.4978
2,25.4780,1274,98,0,87.264908,1.743882,1.4978
2,25.4970,1275,98,0,87.286369,1.744314,1.4978
2,25.5170,1276,98,0,87.307793,1.744745,1.4978
2,25.5370,1277,98,0,87.329170,1.745175,1.4978
2,25.5570,1278,98,0,87.350510,1.745605,1.4978
2,25.5770,1279,98,0,87.371803,1.746034,1.4978
2,25.5970,1280,98,0,87.393059,1.746461,1.4978
2,25.6170,1281,98,0,87.414261,1.746888,1.4978
2,25.6370,1282,98,0,87.435432,1.747314,1.4978
2,25.6570,1283,98,0,87.456558,1.747739,1.4978
2,25.6770,1284,98,0,87.477638,1.748164,1.4978
2,25.6970,1285,98,0,87.498680,1.748587,1.4978
2,25.7170,1286,98,0,87.519676,1.749010,1.4978
2,25.7370,1287,98,0,87.540634,1.749432,1.4978
2,25.7570,1288,98,0,87.561546,1.749853,1.4978
2,25.7770,1289,98,0,87.582420,1.750273,1.4978
2,25.7970,1290,98,0,87.603256,1.750692,1.4978
2,25.8170,1291,98,0,87.624039,1.751111,1.4978
2,25.8370,1292,98,0,87.644791,1.751528,1.4978
2,25.8570,1293,98,0,87.665497,1.751945,1.4978
2,25.8770,1294,98,0,87.686157,1.752361,1.4978
2,25.8970,1295,98,0,87.706787,1.752776,1.4978
2,25.9170,1296,98,0,87.727371,1.753190,1.4978
2,25.9370,1297,98,0,87.747910,1.753604,1.4978
2,25.9570,1298,98,0,87.768410,1.754016,1.4978
2,25.9780,1299,98,0,87.788864,1.754428,1.4978
2,25.9970,1300,98,0,87.809288,1.754839,1.4978
2,26.0170,1301,98,0,87.829666,1.755249,1.4978
2,26.0370,1302,98,0,87.850006,1.755659,1.4978
2,26.0570,1303,98,0,87.870300,1.756067,1.4978
2,26.0770,1304,98,0,87.890556,1.756475,1.4978
2,26.0970,1305,98,0,87.910774,1.756882,1.4978
2,26.1170,1306,98,0,87.930946,1.757288,1.4978
2,26.1380,1307,98,0,87.951080,1.757693,1.4978
2,26.1570,1308,98,0,87.971176,1.758098,1.4978
2,26.1770,1309,98,0,87.991226,1.758501,1.4978
2,26.1970,1310,98,0,88.011246,1.758904,1.4978
2,26.2170,1311,98,0,88.031219,1.759306,1.4978
2,26.2370,1312,98,0,88.051155,1.759708,1.4978
2,26.2570,1313,98,0,88.071045,1.760108,1.4978
2,26.2770,1314,98,0,88.090904,1.760508,1.4978
2,26.2970,1315,98,0,88.110718,1.760907,1.4978
2,26.3170,1316,98,0,88.130493,1.761305,1.4978
2,26.3370,1317,98,0,88.150223,1.761702,1.4978
2,26.3570,1318,98,0,88.169922,1.762098,1.4978
2,26.3770,1319,98,0,88.189583,1.762494,1.4978
2,26.3970,1320,98,0,88.209206,1.762889,1.4978
2,26.4170,1321,98,0,88.228783,1.763283,1.4978
2,26.4370,1322,98,0,88.248314,1.763676,1.4978
2,26.4570,1323,98,0,88.267815,1.764069,1.4978
2,26.4780,1324,98,0,88.287277,1.764460,1.4978
2,26.4970,1325,98,0,88.306702,1.764851,1.4978
2,26.5170,1326,98,0,88.326088,1.765242,1.4978
2,26.5370,1327,98,0,88.345436,1.765631,1.4978
2,26.5570,1328,98,0,88.364738,1.766020,1.4978
2,26.5770,1329,98,0,88.384010,1.766407,1.4978
2,26.5970,1330,98,0,88.403244,1.766795,1.4978
2,26.6170,1331,98,0,88.422432,1.767181,1.4978
2,26.6370,1332,98,0,88.441582,1.767566,1.4978
2,26.6570,1333,98,0,88.460693,1.767951,1.4978
2,26.6770,1334,98,0,88.479759,1.768335,1.4978
2,26.6970,1335,98,0,88.498795,1.768718,1.4978
2,26.7170,1336,98,0,88.517792,1.769100,1.4978
2,26.7370,1337,98,0,88.536751,1.769482,1.4978
2,26.7570,1338,98,0,88.555672,1.769863,1.4978
2,26.7770,1339,98,0,88.574554,1.770243,1.4978
2,26.7970,1340,98,0,88.593407,1.770622,1.4978
2,26.8170,1341,98,0,88.612221,1.771001,1.4978
2,26.8370,1342,98,0,88.630989,1.771379,1.4978
2,26.8570,1343,98,0,88.649727,1.771756,1.4978
2,26.8770,1344,98,0,88.668427,1.772132,1.4978
2,26.8970,1345,98,0,88.687088,1.772508,1.4978
2,26.9170,1346,98,0,88.705711,1.772883,1.4978
2,26.9370,1347,98,0,88.724297,1.773257,1.4978
2,26.9570,1348,98,0,88.742844,1.773630,1.4978
2,26.9780,1349,98,0,88.761353,1.774003,1.4978
2,26.9970,1350,98,0,88.779831,1.774375,1.4978
2,27.0170,1351,98,0,88.798271,1.774746,1.4978
2,27.0370,1352,98,0,88.816673,1.775116,1.4978
2,27.0570,1353,98,0,88.835037,1.775486,1.4978
2,27.0770,1354,98,0,88.853355,1.775855,1.4978
2,27.0970,1355,98,0,88.871643,1.776223,1.4978
2,27.1170,1356,98,0,88.889908,1.776591,1.4978
2,27.1370,1357,98,0,88.908119,1.776957,1.4978
2,27.1570,1358,98,0,88.926300,1.777323,1.4978
2,27.1770,1359,98,0,88.944443,1.777688,1.4978
2,27.1970,1360,98,0,88.962563,1.778053,1.4978
2,27.2170,1361,98,0,88.980629,1.778417,1.4978
2,27.2370,1362,98,0,88.998665,1.778780,1.4978
2,27.2570,1363,98,0,89.016663,1.779142,1.4978
2,27.2770,1364,98,0,89.034630,1.779504,1.4978
2,27.2970,1365,98,0,89.052559,1.779865,1.4978
2,27.3170,1366,98,0,89.070450,1.780225,1.4978
2,27.3370,1367,98,0,89.088303,1.780584,1.4978
2,27.3570,1368,98,0,89.106133,1.780943,1.4978
2,27.3770,1369,98,0,89.123909,1.781301,1.4978
2,27.3970,1370,98,0,89.141655,1.781658,1.4978
2,27.4170,1371,98,0,89.159378,1.782015,1.4978
2,27.4370,1372,98,0,89.177048,1.782371,1.4978
2,27.4570,1373,98,0,89.194702,1.782726,1.4978
2,27.4770,1374,98,0,89.212311,1.783080,1.4978
2,27.4970,1375,98,0,89.229874,1.783434,1.4978
2,27.5170,1376,98,0,89.247421,1.783787,1.4978
2,27.5370,1377,98,0,89.264915,1.784139,1.4978
2,27.5570,1378,98,0,89.282387,1.784491,1.4978
2,27.5770,1379,98,0,89.299820,1.784842,1.4978
2,27.5970,1380,98,0,89.317215,1.785192,1.4978
2,27.6170,1381,98,0,89.334579,1.785542,1.4978
2,27.6370,1382,98,0,89.351906,1.785891,1.4978
2,27.6570,1383,98,0,89.369202,1.786239,1.4978
2,27.6770,1384,98,0,89.386459,1.786586,1.4978
2,27.6970,1385,98,0,89.403687,1.786933,1.4978
2,27.7170,1386,98,0,89.420876,1.787279,1.4978
2,27.7370,1387,98,0,89.438034,1.787624,1.4978
2,27.7570,1388,98,0,89.455154,1.787969,1.4978
2,27.7770,1389,98,0,89.472252,1.788313,1.4978
2,27.7970,1390,98,0,89.489304,1.788656,1.4978
2,27.8180,1391,98,0,89.506325,1.788999,1.4978
2,27.8370,1392,98,0,89.523308,1.789341,1.4978
2,27.8570,1393,98,0,89.540260,1.789682,1.4978
2,27.8770,1394,98,0,89.557175,1.790022,1.4978
2,27.8970,1395,98,0,89.574059,1.790362,1.4978
2,27.9170,1396,98,0,89.590904,1.790702,1.4978
2,27.9370,1397,98,0,89.607719,1.791040,1.4978
2,27.9570,1398,98,0,89.624512,1.791378,1.4978
2,27.9770,1399,98,0,89.641258,1.791715,1.4978
2,27.9970,1400,98,0,89.657974,1.792051,1.4978
2,28.0170,1401,98,0,89.674652,1.792387,1.4978
2,28.0370,1402,98,0,89.691299,1.792722,1.4978
2,28.0570,1403,98,0,89.707916,1.793057,1.4978
2,28.0770,1404,98,0,89.724503,1.793391,1.4978
2,28.0970,1405,98,0,89.741051,1.793724,1.4978
2,28.1170,1406,98,0,89.757568,1.794056,1.4978
2,28.1370,1407,98,0,89.774048,1.794388,1.4978
2,28.1570,1408,98,0,89.790497,1.794719,1.4978
2,28.1770,1409,98,0,89.806915,1.795050,1.4978
2,28.1970,1410,98,0,89.823296,1.795379,1.4978
2,28.2170,1411,98,0,89.839653,1.795709,1.4978
2,28.2370,1412,98,0,89.855972,1.796037,1.4978
2,28.2570,1413,98,0,89.872253,1.796365,1.4978
2,28.2770,1414,98,0,89.888504,1.796692,1.4978
2,28.2970,1415,98,0,89.904732,1.797019,1.4978
2,28.3180,1416,98,0,89.920921,1.797345,1.4978
2,28.3370,1417,98,0,89.937073,1.797670,1.4978
2,28.3570,1418,98,0,89.953194,1.797994,1.4978
2,28.3770,1419,98,0,89.969284,1.798318,1.4978
2,28.3970,1420,98,0,89.985344,1.798641,1.4978
2,28.4170,1421,98,0,90.001381,1.798964,1.4978
2,28.4370,1422,98,0,90.017372,1.799286,1.4978
2,28.4570,1423,98,0,90.033333,1.799608,1.4978
2,28.4770,1424,98,0,90.049263,1.799928,1.4978
2,28.4970,1425,98,0,90.065163,1.800248,1.4978
2,28.5170,1426,98,0,90.081039,1.800568,1.4978
2,28.5370,1427,98,0,90.096870,1.800887,1.4978
2,28.5570,1428,98,0,90.112671,1.801205,1.4978
2,28.5770,1429,98,0,90.128441,1.801522,1.4978
2,28.5970,1430,98,0,90.144188,1.801839,1.4978
2,28.6170,1431,98,0,90.159897,1.802155,1.4978
2,28.6370,1432,98,0,90.175575,1.802471,1.4978
2,28.6580,1433,98,0,90.191231,1.802786,1.4978
2,28.6770,1434,98,0,90.206848,1.803100,1.4978
2,28.6970,1435,98,0,90.222427,1.803414,1.4978
2,28.7170,1436,98,0,90.237976,1.803727,1.4978
2,28.7370,1437,98,0,90.253494,1.804039,1.4978
2,28.7570,1438,98,0,90.268990,1.804351,1.4978
2,28.7770,1439,98,0,90.284447,1.804663,1.4978
2,28.7970,1440,98,0,90.299873,1.804973,1.4978
2,28.8180,1441,98,0,90.315277,1.805283,1.4978
2,28.8370,1442,98,0,90.330643,1.805592,1.4978
2,28.8570,1443,98,0,90.345978,1.805901,1.4978
2,28.8770,1444,98,0,90.361282,1.806209,1.4978
2,28.8970,1445,98,0,90.376564,1.806517,1.4978
2,28.9170,1446,98,0,90.391808,1.806824,1.4978
2,28.9370,1447,98,0,90.407028,1.807130,1.4978
2,28.9570,1448,98,0,90.422211,1.807436,1.4978
2,28.9770,1449,98,0,90.437363,1.807741,1.4978
2,28.9970,1450,98,0,90.452484,1.808045,1.4978
2,29.0170,1451,98,0,90.467575,1.808349,1.4978
2,29.0370,1452,98,0,90.482643,1.808652,1.4978
2,29.0570,1453,98,0,90.497673,1.808955,1.4978
2,29.0770,1454,98,0,90.512672,1.809257,1.4978
2,29.0970,1455,98,0,90.527649,1.809558,1.4978
2,29.1170,1456,98,0,90.542587,1.809859,1.4978
2,29.1370,1457,98,0,90.557495,1.810159,1.4978
2,29.1580,1458,98,0,90.572388,1.810459,1.4978
2,29.1770,1459,98,0,90.587242,1.810758,1.4978
2,29.1970,1460,98,0,90.602074,1.811057,1.4978
2,29.2170,1461,98,0,90.616867,1.811354,1.4978
2,29.2370,1462,98,0,90.631630,1.811652,1.4978
2,29.2570,1463,98,0,90.646362,1.811948,1.4978
2,29.2770,1464,98,0,90.661072,1.812244,1.4978
2,29.2970,1465,98,0,90.675743,1.812540,1.4978
2,29.3170,1466,98,0,90.690392,1.812834,1.4978
2,29.3370,1467,98,0,90.705009,1.813129,1.4978
2,29.3570,1468,98,0,90.719604,1.813423,1.4978
2,29.3770,1469,98,0,90.734169,1.813716,1.4978
2,29.3970,1470,98,0,90.748695,1.814008,1.4978
2,29.4170,1471,98,0,90.763191,1.814300,1.4978
2,29.4370,1472,98,0,90.777664,1.814591,1.4978
2,29.4570,1473,98,0,90.792114,1.814882,1.4978
2,29.4770,1474,98,0,90.806526,1.815172,1.4978
2,29.4970,1475,98,0,90.820915,1.815462,1.4978
2,29.5170,1476,98,0,90.835266,1.815751,1.4978
2,29.5370,1477,98,0,90.849594,1.816039,1.4978
2,29.5570,1478,98,0,90.863899,1.816327,1.4978
2,29.5770,1479,98,0,90.878174,1.816615,1.4978
2,29.5970,1480,98,0,90.892410,1.816901,1.4978
2,29.6170,1481,98,0,90.906624,1.817187,1.4978
2,29.6370,1482,98,0,90.920807,1.817473,1.4978
2,29.6580,1483,98,0,90.934967,1.817758,1.4978
2,29.6770,1484,98,0,90.949097,1.818042,1.4978
2,29.6970,1485,98,0,90.963203,1.818326,1.4978
2,29.7170,1486,98,0,90.977264,1.818610,1.4978
2,29.7370,1487,98,0,90.991318,1.818892,1.4978
2,29.7570,1488,98,0,91.005333,1.819174,1.4978
2,29.7770,1489,98,0,91.019318,1.819456,1.4978
2,29.7970,1490,98,0,91.033279,1.819737,1.4978
2,29.8170,1491,98,0,91.047211,1.820018,1.4978
2,29.8370,1492,98,0,91.061119,1.820298,1.4978
2,29.8570,1493,98,0,91.074989,1.820577,1.4978
2,29.8770,1494,98,0,91.088837,1.820856,1.4978
2,29.8970,1495,98,0,91.102661,1.821134,1.4978
2,29.9170,1496,98,0,91.116455,1.821412,1.4978
2,29.9370,1497,98,0,91.130226,1.821689,1.4978
2,29.9570,1498,98,0,91.143959,1.821965,1.4978
2,29.9770,1499,98,0,91.157677,1.822241,1.4978
2,29.9980,1500,98,0,91.171356,1.822517,1.4978
2,30.0170,1501,98,0,91.185020,1.822792,1.4978
2,30.0370,1502,98,0,91.198647,1.823066,1.4978
2,30.0570,1503,98,0,91.212250,1.823340,1.4978
2,30.0770,1504,98,0,91.225822,1.823613,1.4978
2,30.0970,1505,98,0,91.239365,1.823886,1.4978
2,30.1170,1506,98,0,91.252892,1.824158,1.4978
2,30.1370,1507,98,0,91.266380,1.824430,1.4978
2,30.1580,1508,98,0,91.279846,1.824701,1.4978
2,30.1770,1509,98,0,91.293289,1.824971,1.4978
2,30.1970,1510,98,0,91.306709,1.825241,1.4978
2,30.2170,1511,98,0,91.320091,1.825511,1.4978
2,30.2370,1512,98,0,91.333450,1.825780,1.4978
2,30.2570,1513,98,0,91.346786,1.826048,1.4978
2,30.2770,1514,98,0,91.360092,1.826316,1.4978
2,30.2970,1515,98,0,91.373375,1.826583,1.4978
2,30.3170,1516,98,0,91.386627,1.826850,1.4978
2,30.3370,1517,98,0,91.399857,1.827117,1.4978
2,30.3570,1518,98,0,91.413055,1.827382,1.4978
2,30.3770,1519,98,0,91.426224,1.827647,1.4978
2,30.3970,1520,98,0,91.439377,1.827912,1.4978
2,30.4170,1521,98,0,91.452499,1.828176,1.4978
2,30.4370,1522,98,0,91.465591,1.828440,1.4978
2,30.4570,1523,98,0,91.478661,1.828703,1.4978
2,30.4770,1524,98,0,91.491699,1.828966,1.4978
2,30.4980,1525,98,0,91.504723,1.829228,1.4978
2,30.5170,1526,98,0,91.517708,1.829489,1.4978
2,30.5370,1527,98,0,91.530678,1.829750,1.4978
2,30.5570,1528,98,0,91.543610,1.830011,1.4978
2,30.5770,1529,98,0,91.556519,1.830270,1.4978
2,30.5970,1530,98,0,91.569420,1.830530,1.4978
2,30.6170,1531,98,0,91.582275,1.830789,1.4978
2,30.6370,1532,98,0,91.595108,1.831047,1.4978
2,30.6580,1533,98,0,91.607918,1.831305,1.4978
2,30.6770,1534,98,0,91.620697,1.831563,1.4978
2,30.6970,1535,98,0,91.633453,1.831819,1.4978
2,30.7170,1536,98,0,91.646194,1.832076,1.4978
2,30.7370,1537,98,0,91.658897,1.832331,1.4978
2,30.7570,1538,98,0,91.671577,1.832587,1.4978
2,30.7770,1539,98,0,91.684235,1.832841,1.4978
2,30.7970,1540,98,0,91.696869,1.833096,1.4978
2,30.8170,1541,98,0,91.709473,1.833350,1.4978
2,30.8370,1542,98,0,91.722054,1.833603,1.4978
2,30.8570,1543,98,0,91.734604,1.833856,1.4978
2,30.8770,1544,98,0,91.747131,1.834108,1.4978
2,30.8970,1545,98,0,91.759651,1.834360,1.4978
2,30.9170,1546,98,0,91.772118,1.834611,1.4978
2,30.9370,1547,98,0,91.784576,1.834862,1.4978
2,30.9570,1548,98,0,91.797012,1.835112,1.4978
2,30.9770,1549,98,0,91.809410,1.835361,1.4978
2,30.9980,1550,98,0,91.821793,1.835611,1.4978
2,31.0170,1551,98,0,91.834145,1.835860,1.4978
2,31.0370,1552,98,0,91.846474,1.836108,1.4978
2,31.0570,1553,98,0,91.858795,1.836356,1.4978
2,31.0770,1554,98,0,91.871071,1.836603,1.4978
2,31.0970,1555,98,0,91.883331,1.836850,1.4978
2,31.1170,1556,98,0,91.895569,1.837096,1.4978
2,31.1370,1557,98,0,91.907776,1.837342,1.4978
2,31.1580,1558,98,0,91.919952,1.837587,1.4978
2,31.1770,1559,98,0,91.932114,1.837832,1.4978
2,31.1970,1560,98,0,91.944244,1.838076,1.4978
2,31.2170,1561,98,0,91.956360,1.838320,1.4978
2,31.2370,1562,98,0,91.968445,1.838563,1.4978
2,31.2570,1563,98,0,91.980515,1.838806,1.4978
2,31.2770,1564,98,0,91.992554,1.839048,1.4978
2,31.2970,1565,98,0,92.004562,1.839290,1.4978
2,31.3170,1566,98,0,92.016556,1.839532,1.4978
2,31.3370,1567,98,0,92.028526,1.839773,1.4978
2,31.3570,1568,98,0,92.040459,1.840013,1.4978
2,31.3770,1569,98,0,92.052383,1.840253,1.4978
2,31.3970,1570,98,0,92.064285,1.840492,1.4978
2,31.4170,1571,98,0,92.076157,1.840732,1.4978
2,31.4370,1572,98,0,92.087997,1.840970,1.4978
2,31.4570,1573,98,0,92.099823,1.841208,1.4978
2,31.4770,1574,98,0,92.111618,1.841445,1.4978
2,31.4980,1575,98,0,92.123398,1.841683,1.4978
2,31.5170,1576,98,0,92.135147,1.841919,1.4978
2,31.5370,1577,98,0,92.146881,1.842155,1.4978
2,31.5570,1578,98,0,92.158592,1.842391,1.4978
2,31.5770,1579,98,0,92.170273,1.842626,1.4978
2,31.5970,1580,98,0,92.181938,1.842861,1.4978
2,31.6170,1581,98,0,92.193573,1.843095,1.4978
2,31.6370,1582,98,0,92.205193,1.843329,1.4978
2,31.6580,1583,98,0,92.216782,1.843562,1.4978
2,31.6770,1584,98,0,92.228340,1.843795,1.4978
2,31.6970,1585,98,0,92.239883,1.844027,1.4978
2,31.7170,1586,98,0,92.251396,1.844259,1.4978
2,31.7370,1587,98,0,92.262901,1.844491,1.4978
2,31.7570,1588,98,0,92.274368,1.844722,1.4978
2,31.7770,1589,98,0,92.285820,1.844952,1.4978
2,31.7970,1590,98,0,92.297241,1.845182,1.4978
2,31.8170,1591,98,0,92.308647,1.845412,1.4978
2,31.8370,1592,98,0,92.320030,1.845641,1.4978
2,31.8570,1593,98,0,92.331390,1.845870,1.4978
2,31.8770,1594,98,0,92.342712,1.846098,1.4978
2,31.8970,1595,98,0,92.354027,1.846326,1.4978
2,31.9170,1596,98,0,92.365318,1.846553,1.4978
2,31.9370,1597,98,0,92.376579,1.846780,1.4978
2,31.9570,1598,98,0,92.387833,1.847006,1.4978
2,31.9770,1599,98,0,92.399055,1.847232,1.4978
2,31.9970,1600,98,0,92.410263,1.847458,1.4978
2,32.0170,1601,98,0,92.421448,1.847683,1.4978
2,32.0370,1602,98,0,92.432610,1.847908,1.4978
2,32.0570,1603,98,0,92.443741,1.848132,1.4978
2,32.0770,1604,98,0,92.454857,1.848356,1.4978
2,32.0970,1605,98,0,92.465942,1.848579,1.4978
2,32.1170,1606,98,0,92.477013,1.848802,1.4978
2,32.1370,1607,98,0,92.488060,1.849024,1.4978
2,32.1580,1608,98,0,92.499084,1.849246,1.4978
2,32.1770,1609,98,0,92.510078,1.849468,1.4978
2,32.1970,1610,98,0,92.521065,1.849689,1.4978
2,32.2170,1611,98,0,92.532021,1.849909,1.4978
2,32.2370,1612,98,0,92.542961,1.850130,1.4978
2,32.2570,1613,98,0,92.553871,1.850349,1.4978
2,32.2770,1614,98,0,92.564766,1.850568,1.4978
2,32.2970,1615,98,0,92.575638,1.850787,1.4978
2,32.3170,1616,98,0,92.586487,1.851006,1.4978
2,32.3370,1617,98,0,92.597305,1.851224,1.4978
2,32.3570,1618,98,0,92.608116,1.851441,1.4978
2,32.3770,1619,98,0,92.618904,1.851658,1.4978
2,32.3970,1620,98,0,92.629662,1.851875,1.4978
2,32.4170,1621,98,0,92.640404,1.852091,1.4978
2,32.4370,1622,98,0,92.651115,1.852307,1.4978
2,32.4570,1623,98,0,92.661827,1.852522,1.4978
2,32.4770,1624,98,0,92.672501,1.852737,1.4978
2,32.4970,1625,98,0,92.683159,1.852952,1.4978
2,32.5170,1626,98,0,92.693787,1.853166,1.4978
2,32.5370,1627,98,0,92.704399,1.853380,1.4978
2,32.5570,1628,98,0,92.714989,1.853593,1.4978
2,32.5770,1629,98,0,92.725563,1.853806,1.4978
2,32.5970,1630,98,0,92.736115,1.854018,1.4978
2,32.6170,1631,98,0,92.746643,1.854230,1.4978
2,32.6370,1632,98,0,92.757141,1.854442,1.4978
2,32.6570,1633,98,0,92.767632,1.854653,1.4978
2,32.6770,1634,98,0,92.778091,1.854863,1.4978
2,32.6970,1635,98,0,92.788536,1.855074,1.4978
2,32.7170,1636,98,0,92.798965,1.855284,1.4978
2,32.7370,1637,98,0,92.809372,1.855493,1.4978
2,32.7570,1638,98,0,92.819756,1.855702,1.4978
2,32.7770,1639,98,0,92.830109,1.855910,1.4978
2,32.7970,1640,98,0,92.840454,1.856119,1.4978
2,32.8170,1641,98,0,92.850769,1.856326,1.4978
2,32.8370,1642,98,0,92.861069,1.856534,1.4978
2,32.8570,1643,98,0,92.871338,1.856740,1.4978
2,32.8770,1644,98,0,92.881599,1.856947,1.4978
2,32.8970,1645,98,0,92.891846,1.857153,1.4978
2,32.9170,1646,98,0,92.902054,1.857359,1.4978
2,32.9370,1647,98,0,92.912254,1.857564,1.4978
2,32.9570,1648,98,0,92.922424,1.857769,1.4978
2,32.9770,1649,98,0,92.932579,1.857973,1.4978
2,32.9970,1650,98,0,92.942711,1.858177,1.4978
2,33.0170,1651,98,0,92.952827,1.858381,1.4978
2,33.0370,1652,98,0,92.962929,1.858584,1.4978
2,33.0570,1653,98,0,92.973000,1.858787,1.4978
2,33.0770,1654,98,0,92.983047,1.858989,1.4978
2,33.0980,1655,98,0,92.993088,1.859192,1.4978
2,33.1170,1656,98,0,93.003105,1.859393,1.4978
2,33.1370,1657,98,0,93.013100,1.859594,1.4978
2,33.1570,1658,98,0,93.023071,1.859795,1.4978
2,33.1780,1659,98,0,93.033028,1.859996,1.4978
2,33.1970,1660,98,0,93.042961,1.860196,1.4978
2,33.2170,1661,98,0,93.052879,1.860395,1.4978
2,33.2370,1662,98,0,93.062775,1.860594,1.4978
2,33.2570,1663,98,0,93.072647,1.860793,1.4978
2,33.2770,1664,98,0,93.082504,1.860992,1.4978
2,33.2970,1665,98,0,93.092331,1.861190,1.4978
2,33.3170,1666,98,0,93.102150,1.861387,1.4978
2,33.3370,1667,98,0,93.111946,1.861584,1.4978
2,33.3570,1668,98,0,93.121719,1.861781,1.4978
2,33.3770,1669,98,0,93.131477,1.861978,1.4978
2,33.3970,1670,98,0,93.141212,1.862174,1.4978
2,33.4170,1671,98,0,93.150932,1.862369,1.4978
2,33.4370,1672,98,0,93.160629,1.862565,1.4978
2,33.4570,1673,98,0,93.170311,1.862759,1.4978
2,33.4770,1674,98,0,93.179970,1.862954,1.4978
2,33.4980,1675,98,0,93.189606,1.863148,1.4978
2,33.5170,1676,98,0,93.199226,1.863342,1.4978
2,33.5370,1677,98,0,93.208832,1.863535,1.4978
2,33.5570,1678,98,0,93.218407,1.863728,1.4978
2,33.5770,1679,98,0,93.227982,1.863921,1.4978
2,33.5970,1680,98,0,93.237518,1.864113,1.4978
2,33.6170,1681,98,0,93.247047,1.864304,1.4978
2,33.6370,1682,98,0,93.256554,1.864496,1.4978
2,33.6570,1683,98,0,93.266037,1.864687,1.4978
2,33.6770,1684,98,0,93.275505,1.864877,1.4978
2,33.6970,1685,98,0,93.284958,1.865068,1.4978
2,33.7170,1686,98,0,93.294380,1.865257,1.4978
2,33.7370,1687,98,0,93.303795,1.865447,1.4978
2,33.7570,1688,98,0,93.313194,1.865636,1.4978
2,33.7770,1689,98,0,93.322563,1.865825,1.4978
2,33.7970,1690,98,0,93.331917,1.866013,1.4978
2,33.8170,1691,98,0,93.341255,1.866201,1.4978
2,33.8380,1692,98,0,93.350571,1.866389,1.4978
2,33.8570,1693,98,0,93.359871,1.866576,1.4978
2,33.8770,1694,98,0,93.369148,1.866763,1.4978
2,33.8970,1695,98,0,93.378418,1.866949,1.4978
2,33.9170,1696,98,0,93.387657,1.867135,1.4978
2,33.9370,1697,98,0,93.396873,1.867321,1.4978
2,33.9570,1698,98,0,93.406090,1.867506,1.4978
2,33.9770,1699,98,0,93.415283,1.867692,1.4978
2,33.9980,1700,98,0,93.424446,1.867876,1.4978
2,34.0170,1701,98,0,93.433601,1.868060,1.4978
2,34.0370,1702,98,0,93.442734,1.868244,1.4978
2,34.0570,1703,98,0,93.451843,1.868428,1.4978
2,34.0770,1704,98,0,93.460945,1.868611,1.4978
2,34.0970,1705,98,0,93.470024,1.868794,1.4978
2,34.1170,1706,98,0,93.479080,1.868976,1.4978
2,34.1370,1707,98,0,93.488121,1.869158,1.4978
2,34.1570,1708,98,0,93.497147,1.869340,1.4978
2,34.1770,1709,98,0,93.506157,1.869521,1.4978
2,34.1970,1710,98,0,93.515144,1.869702,1.4978
2,34.2170,1711,98,0,93.524117,1.869883,1.4978
2,34.2370,1712,98,0,93.533066,1.870063,1.4978
2,34.2570,1713,98,0,93.542000,1.870243,1.4978
2,34.2770,1714,98,0,93.550919,1.870422,1.4978
2,34.2970,1715,98,0,93.559814,1.870601,1.4978
2,34.3170,1716,98,0,93.568703,1.870780,1.4978
2,34.3380,1717,98,0,93.577568,1.870959,1.4978
2,34.3570,1718,98,0,93.586411,1.871137,1.4978
2,34.3770,1719,98,0,93.595238,1.871314,1.4978
2,34.3970,1720,98,0,93.604050,1.871492,1.4978
2,34.4170,1721,98,0,93.612839,1.871669,1.4978
2,34.4370,1722,98,0,93.621613,1.871845,1.4978
2,34.4570,1723,98,0,93.630371,1.872022,1.4978
2,34.4770,1724,98,0,93.639114,1.872198,1.4978
2,34.4970,1725,98,0,93.647827,1.872373,1.4978
2,34.5170,1726,98,0,93.656540,1.872549,1.4978
2,34.5370,1727,98,0,93.665215,1.872723,1.4978
2,34.5570,1728,98,0,93.673897,1.872898,1.4978
2,34.5770,1729,98,0,93.682541,1.873072,1.4978
2,34.5970,1730,98,0,93.691177,1.873246,1.4978
2,34.6170,1731,98,0,93.699799,1.873420,1.4978
2,34.6370,1732,98,0,93.708405,1.873593,1.4978
2,34.6570,1733,98,0,93.716988,1.873766,1.4978
2,34.6770,1734,98,0,93.725548,1.873938,1.4978
2,34.6970,1735,98,0,93.734100,1.874110,1.4978
2,34.7170,1736,98,0,93.742638,1.874282,1.4978
2,34.7370,1737,98,0,93.751144,1.874453,1.4978
2,34.7570,1738,98,0,93.759644,1.874624,1.4978
2,34.7770,1739,98,0,93.768135,1.874795,1.4978
2,34.7970,1740,98,0,93.776604,1.874966,1.4978
2,34.8170,1741,98,0,93.785042,1.875136,1.4978
2,34.8380,1742,98,0,93.793472,1.875305,1.4978
2,34.8570,1743,98,0,93.801888,1.875475,1.4978
2,34.8770,1744,98,0,93.810280,1.875644,1.4978
2,34.8970,1745,98,0,93.818665,1.875813,1.4978
2,34.9170,1746,98,0,93.827026,1.875981,1.4978
2,34.9370,1747,98,0,93.835373,1.876149,1.4978
2,34.9570,1748,98,0,93.843697,1.876317,1.4978
2,34.9770,1749,98,0,93.852020,1.876484,1.4978
2,34.9970,1750,98,0,93.860313,1.876651,1.4978
2,35.0170,1751,98,0,93.868591,1.876818,1.4978
2,35.0370,1752,98,0,93.876854,1.876984,1.4978
2,35.0570,1753,98,0,93.885101,1.877150,1.4978
2,35.0770,1754,98,0,93.893333,1.877316,1.4978
2,35.0970,1755,98,0,93.901543,1.877481,1.4978
2,35.1170,1756,98,0,93.909744,1.877646,1.4978
2,35.1370,1757,98,0,93.917931,1.877811,1.4978
2,35.1570,1758,98,0,93.926086,1.877975,1.4978
2,35.1770,1759,98,0,93.934235,1.878139,1.4978
2,35.1970,1760,98,0,93.942368,1.878303,1.4978
2,35.2170,1761,98,0,93.950485,1.878467,1.4978
2,35.2370,1762,98,0,93.958588,1.878630,1.4978
2,35.2570,1763,98,0,93.966675,1.878792,1.4978
2,35.2770,1764,98,0,93.974747,1.878955,1.4978
2,35.2970,1765,98,0,93.982796,1.879117,1.4978
2,35.3170,1766,98,0,93.990822,1.879279,1.4978
2,35.3380,1767,98,0,93.998840,1.879440,1.4978
2,35.3570,1768,98,0,94.006844,1.879601,1.4978
2,35.3770,1769,98,0,94.014832,1.879762,1.4978
2,35.3970,1770,98,0,94.022804,1.879923,1.4978
2,35.4170,1771,98,0,94.030754,1.880083,1.4978
2,35.4370,1772,98,0,94.038696,1.880243,1.4978
2,35.4570,1773,98,0,94.046616,1.880402,1.4978
2,35.4770,1774,98,0,94.054535,1.880561,1.4978
2,35.4970,1775,98,0,94.062424,1.880720,1.4978
2,35.5180,1776,98,0,94.070305,1.880879,1.4978
2,35.5370,1777,98,0,94.078163,1.881037,1.4978
2,35.5570,1778,98,0,94.086006,1.881195,1.4978
2,35.5770,1779,98,0,94.093834,1.881353,1.4978
2,35.5970,1780,98,0,94.101646,1.881510,1.4978
2,35.6170,1781,98,0,94.109436,1.881667,1.4978
2,35.6370,1782,98,0,94.117218,1.881823,1.4978
2,35.6570,1783,98,0,94.124985,1.881980,1.4978
2,35.6770,1784,98,0,94.132736,1.882136,1.4978
2,35.6970,1785,98,0,94.140465,1.882292,1.4978
2,35.7170,1786,98,0,94.148193,1.882447,1.4978
2,35.7370,1787,98,0,94.155899,1.882602,1.4978
2,35.7570,1788,98,0,94.163589,1.882757,1.4978
2,35.7770,1789,98,0,94.171257,1.882912,1.4978
2,35.7970,1790,98,0,94.178917,1.883066,1.4978
2,35.8170,1791,98,0,94.186562,1.883220,1.4978
2,35.8380,1792,98,0,94.194191,1.883373,1.4978
2,35.8570,1793,98,0,94.201805,1.883527,1.4978
2,35.8770,1794,98,0,94.209396,1.883679,1.4978
2,35.8970,1795,98,0,94.216980,1.883832,1.4978
2,35.9170,1796,98,0,94.224548,1.883984,1.4978
2,35.9370,1797,98,0,94.232101,1.884136,1.4978
2,35.9570,1798,98,0,94.239632,1.884288,1.4978
2,35.9770,1799,98,0,94.247154,1.884439,1.4978
2,35.9970,1800,98,0,94.254662,1.884591,1.4978
2,36.0180,1801,98,0,94.262161,1.884741,1.4978
2,36.0370,1802,98,0,94.269630,1.884892,1.4978
2,36.0570,1803,98,0,94.277092,1.885042,1.4978
2,36.0770,1804,98,0,94.284531,1.885192,1.4978
2,36.0970,1805,98,0,94.291962,1.885341,1.4978
2,36.1170,1806,98,0,94.299377,1.885491,1.4978
2,36.1370,1807,98,0,94.306778,1.885640,1.4978
2,36.1570,1808,98,0,94.314163,1.885788,1.4978
2,36.1780,1809,98,0,94.321541,1.885937,1.4978
2,36.1970,1810,98,0,94.328903,1.886085,1.4978
2,36.2170,1811,98,0,94.336243,1.886233,1.4978
2,36.2370,1812,98,0,94.343582,1.886381,1.4978
2,36.2570,1813,98,0,94.350891,1.886528,1.4978
2,36.2770,1814,98,0,94.358192,1.886675,1.4978
2,36.2970,1815,98,0,94.365471,1.886822,1.4978
2,36.3170,1816,98,0,94.372742,1.886968,1.4978
2,36.3370,1817,98,0,94.380005,1.887114,1.4978
2,36.3570,1818,98,0,94.387238,1.887260,1.4978
2,36.3770,1819,98,0,94.394470,1.887405,1.4978
2,36.3970,1820,98,0,94.401672,1.887550,1.4978
2,36.4170,1821,98,0,94.408875,1.887695,1.4978
2,36.4370,1822,98,0,94.416061,1.887840,1.4978
2,36.4580,1823,98,0,94.423233,1.887984,1.4978
2,36.4770,1824,98,0,94.430389,1.888128,1.4978
2,36.4970,1825,98,0,94.437523,1.888272,1.4978
2,36.5170,1826,98,0,94.444649,1.888416,1.4978
2,36.5370,1827,98,0,94.451759,1.888559,1.4978
2,36.5570,1828,98,0,94.458855,1.888702,1.4978
2,36.5770,1829,98,0,94.465942,1.888844,1.4978
2,36.5970,1830,98,0,94.473007,1.888987,1.4978
2,36.6170,1831,98,0,94.480072,1.889129,1.4978
2,36.6370,1832,98,0,94.487114,1.889270,1.4978
2,36.6570,1833,98,0,94.494133,1.889412,1.4978
2,36.6770,1834,98,0,94.501144,1.889553,1.4978
2,36.6970,1835,98,0,94.508141,1.889694,1.4978
2,36.7170,1836,98,0,94.515129,1.889835,1.4978
2,36.7370,1837,98,0,94.522102,1.889975,1.4978
2,36.7570,1838,98,0,94.529060,1.890115,1.4978
2,36.7770,1839,98,0,94.535995,1.890255,1.4978
2,36.7970,1840,98,0,94.542923,1.890394,1.4978
2,36.8170,1841,98,0,94.549843,1.890533,1.4978
2,36.8370,1842,98,0,94.556747,1.890672,1.4978
2,36.8570,1843,98,0,94.563637,1.890811,1.4978
2,36.8770,1844,98,0,94.570511,1.890950,1.4978
2,36.8970,1845,98,0,94.577362,1.891087,1.4978
2,36.9170,1846,98,0,94.584213,1.891225,1.4978
2,36.9370,1847,98,0,94.591042,1.891363,1.4978
2,36.9570,1848,98,0,94.597862,1.891500,1.4978
2,36.9770,1849,98,0,94.604675,1.891637,1.4978
2,36.9970,1850,98,0,94.611458,1.891774,1.4978
2,37.0170,1851,98,0,94.618240,1.891910,1.4978
2,37.0370,1852,98,0,94.625008,1.892047,1.4978
2,37.0570,1853,98,0,94.631760,1.892183,1.4978
2,37.0770,1854,98,0,94.638496,1.892318,1.4978
2,37.0970,1855,98,0,94.645210,1.892454,1.4978
2,37.1170,1856,98,0,94.651924,1.892589,1.4978
2,37.1370,1857,98,0,94.658623,1.892724,1.4978
2,37.1570,1858,98,0,94.665306,1.892858,1.4978
2,37.1780,1859,98,0,94.671974,1.892992,1.4978
2,37.1970,1860,98,0,94.678635,1.893126,1.4978
2,37.2170,1861,98,0,94.685280,1.893260,1.4978
2,37.2370,1862,98,0,94.691902,1.893394,1.4978
2,37.2570,1863,98,0,94.698517,1.893527,1.4978
2,37.2770,1864,98,0,94.705132,1.893660,1.4978
2,37.2970,1865,98,0,94.711716,1.893793,1.4978
2,37.3170,1866,98,0,94.718292,1.893925,1.4978
2,37.3370,1867,98,0,94.724861,1.894057,1.4978
2,37.3580,1868,98,0,94.731415,1.894189,1.4978
2,37.3770,1869,98,0,94.737953,1.894321,1.4978
2,37.3970,1870,98,0,94.744476,1.894452,1.4978
2,37.4170,1871,98,0,94.750992,1.894583,1.4978
2,37.4370,1872,98,0,94.757484,1.894714,1.4978
2,37.4570,1873,98,0,94.763969,1.894845,1.4978
2,37.4770,1874,98,0,94.770447,1.894975,1.4978
2,37.4970,1875,98,0,94.776909,1.895105,1.4978
2,37.5180,1876,98,0,94.783356,1.895235,1.4978
2,37.5370,1877,98,0,94.789787,1.895364,1.4978
2,37.5570,1878,98,0,94.796204,1.895494,1.4978
2,37.5770,1879,98,0,94.802620,1.895623,1.4978
2,37.5970,1880,98,0,94.809006,1.895751,1.4978
2,37.6170,1881,98,0,94.815392,1.895880,1.4978
2,37.6370,1882,98,0,94.821762,1.896008,1.4978
2,37.6570,1883,98,0,94.828110,1.896136,1.4978
2,37.6770,1884,98,0,94.834465,1.896264,1.4978
2,37.6970,1885,98,0,94.840797,1.896391,1.4978
2,37.7170,1886,98,0,94.847115,1.896519,1.4978
2,37.7370,1887,98,0,94.853424,1.896646,1.4978
2,37.7570,1888,98,0,94.859711,1.896772,1.4978
2,37.7770,1889,98,0,94.865990,1.896899,1.4978
2,37.7970,1890,98,0,94.872261,1.897025,1.4978
2,37.8170,1891,98,0,94.878517,1.897151,1.4978
2,37.8370,1892,98,0,94.884766,1.897277,1.4978
2,37.8570,1893,98,0,94.890999,1.897402,1.4978
2,37.8770,1894,98,0,94.897217,1.897527,1.4978
2,37.8970,1895,98,0,94.903427,1.897652,1.4978
2,37.9170,1896,98,0,94.909615,1.897777,1.4978
2,37.9370,1897,98,0,94.915802,1.897902,1.4978
2,37.9570,1898,98,0,94.921967,1.898026,1.4978
2,37.9770,1899,98,0,94.928123,1.898150,1.4978
2,37.9970,1900,98,0,94.934273,1.898273,1.4978
2,38.0180,1901,98,0,94.940414,1.898397,1.4978
2,38.0370,1902,98,0,94.946518,1.898520,1.4978
2,38.0570,1903,98,0,94.952637,1.898643,1.4978
2,38.0770,1904,98,0,94.958725,1.898766,1.4978
2,38.0970,1905,98,0,94.964813,1.898888,1.4978
2,38.1170,1906,98,0,94.970886,1.899011,1.4978
2,38.1370,1907,98,0,94.976952,1.899133,1.4978
2,38.1570,1908,98,0,94.983002,1.899254,1.4978
2,38.1770,1909,98,0,94.989029,1.899376,1.4978
2,38.1970,1910,98,0,94.995056,1.899497,1.4978
2,38.2170,1911,98,0,95.001068,1.899618,1.4978
2,38.2370,1912,98,0,95.007065,1.899739,1.4978
2,38.2570,1913,98,0,95.013054,1.899859,1.4978
2,38.2770,1914,98,0,95.019028,1.899980,1.4978
2,38.2970,1915,98,0,95.024994,1.900100,1.4978
2,38.3170,1916,98,0,95.030937,1.900220,1.4978
2,38.3370,1917,98,0,95.036880,1.900339,1.4978
2,38.3570,1918,98,0,95.042809,1.900459,1.4978
2,38.3770,1919,98,0,95.048721,1.900578,1.4978
2,38.3970,1920,98,0,95.054634,1.900696,1.4978
2,38.4170,1921,98,0,95.060516,1.900815,1.4978
2,38.4370,1922,98,0,95.066391,1.900933,1.4978
2,38.4570,1923,98,0,95.072266,1.901052,1.4978
2,38.4770,1924,98,0,95.078125,1.901170,1.4978
2,38.4970,1925,98,0,95.083969,1.901287,1.4978
2,38.5180,1926,98,0,95.089798,1.901405,1.4978
2,38.5370,1927,98,0,95.095627,1.901522,1.4978
2,38.5570,1928,98,0,95.101433,1.901639,1.4978
2,38.5770,1929,98,0,95.107231,1.901756,1.4978
2,38.5970,1930,98,0,95.113022,1.901872,1.4978
2,38.6170,1931,98,0,95.118797,1.901988,1.4978
2,38.6370,1932,98,0,95.124565,1.902104,1.4978
2,38.6570,1933,98,0,95.130318,1.902220,1.4978
2,38.6770,1934,98,0,95.136063,1.902336,1.4978
2,38.6970,1935,98,0,95.141792,1.902451,1.4978
2,38.7170,1936,98,0,95.147514,1.902566,1.4978
2,38.7370,1937,98,0,95.153221,1.902681,1.4978
2,38.7570,1938,98,0,95.158913,1.902796,1.4978
2,38.7770,1939,98,0,95.164597,1.902910,1.4978
2,38.7970,1940,98,0,95.170273,1.903025,1.4978
2,38.8170,1941,98,0,95.175934,1.903139,1.4978
2,38.8370,1942,98,0,95.181587,1.903252,1.4978
2,38.8580,1943,98,0,95.187225,1.903366,1.4978
2,38.8770,1944,98,0,95.192856,1.903479,1.4978
2,38.8970,1945,98,0,95.198463,1.903592,1.4978
2,38.9170,1946,98,0,95.204071,1.903705,1.4978
2,38.9370,1947,98,0,95.209671,1.903818,1.4978
2,38.9570,1948,98,0,95.215256,1.903930,1.4978
2,38.9770,1949,98,0,95.220825,1.904042,1.4978
2,38.9970,1950,98,0,95.226387,1.904154,1.4978
2,39.0180,1951,98,0,95.231926,1.904266,1.4978
2,39.0370,1952,98,0,95.237465,1.904378,1.4978
2,39.0570,1953,98,0,95.242989,1.904489,1.4978
2,39.0770,1954,98,0,95.248505,1.904600,1.4978
2,39.0970,1955,98,0,95.254013,1.904711,1.4978
2,39.1170,1956,98,0,95.259506,1.904821,1.4978
2,39.1370,1957,98,0,95.264992,1.904932,1.4978
2,39.1570,1958,98,0,95.270462,1.905042,1.4978
2,39.1770,1959,98,0,95.275925,1.905152,1.4978
2,39.1970,1960,98,0,95.281364,1.905261,1.4978
2,39.2170,1961,98,0,95.286804,1.905371,1.4978
2,39.2370,1962,98,0,95.292229,1.905480,1.4978
2,39.2570,1963,98,0,95.297646,1.905589,1.4978
2,39.2770,1964,98,0,95.303055,1.905698,1.4978
2,39.2970,1965,98,0,95.308449,1.905807,1.4978
2,39.3170,1966,98,0,95.313835,1.905915,1.4978
2,39.3370,1967,98,0,95.319206,1.906023,1.4978
2,39.3580,1968,98,0,95.324570,1.906131,1.4978
2,39.3770,1969,98,0,95.329918,1.906239,1.4978
2,39.3970,1970,98,0,95.335266,1.906347,1.4978
2,39.4170,1971,98,0,95.340591,1.906454,1.4978
2,39.4370,1972,98,0,95.345909,1.906561,1.4978
2,39.4570,1973,98,0,95.351219,1.906668,1.4978
2,39.4770,1974,98,0,95.356529,1.906775,1.4978
2,39.4970,1975,98,0,95.361809,1.906881,1.4978
2,39.5170,1976,98,0,95.367088,1.906987,1.4978
2,39.5370,1977,98,0,95.372353,1.907093,1.4978
2,39.5570,1978,98,0,95.377609,1.907199,1.4978
2,39.5770,1979,98,0,95.382858,1.907305,1.4978
2,39.5970,1980,98,0,95.388092,1.907410,1.4978
2,39.6170,1981,98,0,95.393318,1.907515,1.4978
2,39.6370,1982,98,0,95.398537,1.907621,1.4978
2,39.6570,1983,98,0,95.403740,1.907725,1.4978
2,39.6770,1984,98,0,95.408936,1.907830,1.4978
2,39.6970,1985,98,0,95.414116,1.907934,1.4978
2,39.7170,1986,98,0,95.419281,1.908038,1.4978
2,39.7370,1987,98,0,95.424446,1.908142,1.4978
2,39.7570,1988,98,0,95.429596,1.908246,1.4978
2,39.7770,1989,98,0,95.434738,1.908350,1.4978
2,39.7970,1990,98,0,95.439873,1.908453,1.4978
2,39.8170,1991,98,0,95.444992,1.908556,1.4978
2,39.8370,1992,98,0,95.450104,1.908659,1.4978
2,39.8580,1993,98,0,95.455208,1.908762,1.4978
2,39.8770,1994,98,0,95.460297,1.908864,1.4978
2,39.8970,1995,98,0,95.465378,1.908966,1.4978
2,39.9170,1996,98,0,95.470451,1.909068,1.4978
2,39.9370,1997,98,0,95.475510,1.909170,1.4978
2,39.9570,1998,98,0,95.480553,1.909272,1.4978
2,39.9770,1999,98,0,95.485603,1.909374,1.4978
2,39.9970,2000,98,0,95.490631,1.909475,1.4978
2,40.0170,2001,98,0,95.495651,1.909576,1.4978
2,40.0370,2002,98,0,95.500656,1.909677,1.4978
2,40.0570,2003,98,0,95.505653,1.909777,1.4978
2,40.0770,2004,98,0,95.510643,1.909878,1.4978
2,40.0970,2005,98,0,95.515625,1.909978,1.4978
2,40.1170,2006,98,0,95.520599,1.910078,1.4978
2,40.1370,2007,98,0,95.525558,1.910178,1.4978
2,40.1570,2008,98,0,95.530510,1.910278,1.4978
2,40.1770,2009,98,0,95.535454,1.910377,1.4978
2,40.1970,2010,98,0,95.540375,1.910476,1.4978
2,40.2170,2011,98,0,95.545303,1.910576,1.4978
2,40.2370,2012,98,0,95.550217,1.910674,1.4978
2,40.2570,2013,98,0,95.555115,1.910773,1.4978
2,40.2770,2014,98,0,95.560005,1.910872,1.4978
2,40.2970,2015,98,0,95.564880,1.910970,1.4978
2,40.3170,2016,98,0,95.569756,1.911068,1.4978
2,40.3370,2017,98,0,95.574615,1.911166,1.4978
2,40.3570,2018,98,0,95.579468,1.911264,1.4978
2,40.3770,2019,98,0,95.584312,1.911361,1.4978
2,40.3970,2020,98,0,95.589149,1.911458,1.4978
2,40.4170,2021,98,0,95.593971,1.911555,1.4978
2,40.4370,2022,98,0,95.598785,1.911652,1.4978
2,40.4570,2023,98,0,95.603592,1.911749,1.4978
2,40.4770,2024,98,0,95.608383,1.911846,1.4978
2,40.4970,2025,98,0,95.613167,1.911942,1.4978
2,40.5170,2026,98,0,95.617935,1.912038,1.4978
2,40.5370,2027,98,0,95.622704,1.912134,1.4978
2,40.5570,2028,98,0,95.627464,1.912230,1.4978
2,40.5770,2029,98,0,95.632202,1.912325,1.4978
2,40.5970,2030,98,0,95.636940,1.912421,1.4978
2,40.6170,2031,98,0,95.641678,1.912516,1.4978
2,40.6370,2032,98,0,95.646385,1.912611,1.4978
2,40.6570,2033,98,0,95.651093,1.912706,1.4978
2,40.6770,2034,98,0,95.655792,1.912800,1.4978
2,40.6980,2035,98,0,95.660484,1.912895,1.4978
2,40.7170,2036,98,0,95.665169,1.912989,1.4978
2,40.7370,2037,98,0,95.669838,1.913083,1.4978
2,40.7570,2038,98,0,95.674500,1.913177,1.4978
2,40.7770,2039,98,0,95.679153,1.913271,1.4978
2,40.7970,2040,98,0,95.683792,1.913364,1.4978
2,40.8170,2041,98,0,95.688431,1.913457,1.4978
2,40.8370,2042,98,0,95.693054,1.913550,1.4978
2,40.8570,2043,98,0,95.697670,1.913643,1.4978
2,40.8770,2044,98,0,95.702278,1.913736,1.4978
2,40.8970,2045,98,0,95.706879,1.913829,1.4978
2,40.9170,2046,98,0,95.711456,1.913921,1.4978
2,40.9370,2047,98,0,95.716042,1.914013,1.4978
2,40.9570,2048,98,0,95.720604,1.914105,1.4978
2,40.9770,2049,98,0,95.725166,1.914197,1.4978
2,40.9970,2050,98,0,95.729721,1.914289,1.4978
2,41.0170,2051,98,0,95.734261,1.914380,1.4978
2,41.0370,2052,98,0,95.738792,1.914471,1.4978
2,41.0570,2053,98,0,95.743317,1.914562,1.4978
2,41.0770,2054,98,0,95.747833,1.914653,1.4978
2,41.0970,2055,98,0,95.752342,1.914744,1.4978
2,41.1170,2056,98,0,95.756836,1.914835,1.4978
2,41.1370,2057,98,0,95.761322,1.914925,1.4978
2,41.1570,2058,98,0,95.765800,1.915015,1.4978
2,41.1770,2059,98,0,95.770271,1.915105,1.4978
2,41.1980,2060,98,0,95.774727,1.915195,1.4978
2,41.2170,2061,98,0,95.779182,1.915285,1.4978
2,41.2370,2062,98,0,95.783623,1.915374,1.4978
2,41.2570,2063,98,0,95.788063,1.915463,1.4978
2,41.2770,2064,98,0,95.792488,1.915552,1.4978
2,41.2970,2065,98,0,95.796898,1.915641,1.4978
2,41.3170,2066,98,0,95.801308,1.915730,1.4978
2,41.3370,2067,98,0,95.805710,1.915819,1.4978
2,41.3570,2068,98,0,95.810097,1.915907,1.4978
2,41.3770,2069,98,0,95.814476,1.915995,1.4978
2,41.3970,2070,98,0,95.818848,1.916083,1.4978
2,41.4170,2071,98,0,95.823219,1.916171,1.4978
2,41.4370,2072,98,0,95.827560,1.916259,1.4978
2,41.4570,2073,98,0,95.831917,1.916346,1.4978
2,41.4770,2074,98,0,95.836258,1.916434,1.4978
2,41.4970,2075,98,0,95.840584,1.916521,1.4978
2,41.5170,2076,98,0,95.844902,1.916608,1.4978
2,41.5370,2077,98,0,95.849213,1.916694,1.4978
2,41.5570,2078,98,0,95.853516,1.916781,1.4978
2,41.5770,2079,98,0,95.857811,1.916868,1.4978
2,41.5970,2080,98,0,95.862099,1.916954,1.4978
2,41.6170,2081,98,0,95.866379,1.917040,1.4978
2,41.6370,2082,98,0,95.870651,1.917126,1.4978
2,41.6570,2083,98,0,95.874908,1.917212,1.4978
2,41.6770,2084,98,0,95.879158,1.917297,1.4978
2,41.6980,2085,98,0,95.883392,1.917383,1.4978
2,41.7170,2086,98,0,95.887627,1.917468,1.4978
2,41.7370,2087,98,0,95.891853,1.917553,1.4978
2,41.7570,2088,98,0,95.896072,1.917638,1.4978
2,41.7770,2089,98,0,95.900284,1.917723,1.4978
2,41.7970,2090,98,0,95.904488,1.917807,1.4978
2,41.8170,2091,98,0,95.908684,1.917892,1.4978
2,41.8370,2092,98,0,95.912865,1.917976,1.4978
2,41.8570,2093,98,0,95.917038,1.918060,1.4978
2,41.8770,2094,98,0,95.921204,1.918144,1.4978
2,41.8970,2095,98,0,95.925362,1.918228,1.4978
2,41.9170,2096,98,0,95.929512,1.918311,1.4978
2,41.9370,2097,98,0,95.933655,1.918395,1.4978
2,41.9570,2098,98,0,95.937790,1.918478,1.4978
2,41.9770,2099,98,0,95.941910,1.918561,1.4978
2,41.9970,2100,98,0,95.946030,1.918644,1.4978
2,42.0170,2101,98,0,95.950150,1.918727,1.4978
2,42.0370,2102,98,0,95.954247,1.918809,1.4978
2,42.0570,2103,98,0,95.958344,1.918892,1.4978
2,42.0770,2104,98,0,95.962425,1.918974,1.4978
2,42.0970,2105,98,0,95.966499,1.919056,1.4978
2,42.1170,2106,98,0,95.970566,1.919138,1.4978
2,42.1370,2107,98,0,95.974625,1.919220,1.4978
2,42.1570,2108,98,0,95.978676,1.919301,1.4978
2,42.1770,2109,98,0,95.982719,1.919383,1.4978
2,42.1980,2110,98,0,95.986763,1.919464,1.4978
2,42.2170,2111,98,0,95.990791,1.919545,1.4978
2,42.2370,2112,98,0,95.994804,1.919626,1.4978
2,42.2570,2113,98,0,95.998817,1.919707,1.4978
2,42.2770,2114,98,0,96.002823,1.919787,1.4978
2,42.2970,2115,98,0,96.006821,1.919868,1.4978
2,42.3170,2116,98,0,96.010811,1.919948,1.4978
2,42.3370,2117,98,0,96.014793,1.920028,1.4978
2,42.3570,2118,98,0,96.018768,1.920108,1.4978
2,42.3770,2119,98,0,96.022736,1.920188,1.4978
2,42.3970,2120,98,0,96.026695,1.920268,1.4978
2,42.4170,2121,98,0,96.030647,1.920347,1.4978
2,42.4370,2122,98,0,96.034584,1.920427,1.4978
2,42.4570,2123,98,0,96.038513,1.920506,1.4978
2,42.4770,2124,98,0,96.042427,1.920585,1.4978
2,42.4970,2125,98,0,96.046349,1.920664,1.4978
2,42.5170,2126,98,0,96.050255,1.920742,1.4978
2,42.5370,2127,98,0,96.054146,1.920821,1.4978
2,42.5570,2128,98,0,96.058044,1.920899,1.4978
2,42.5770,2129,98,0,96.061920,1.920977,1.4978
2,42.5970,2130,98,0,96.065796,1.921055,1.4978
2,42.6170,2131,98,0,96.069664,1.921133,1.4978
2,42.6370,2132,98,0,96.073524,1.921211,1.4978
2,42.6570,2133,98,0,96.077377,1.921288,1.4978
2,42.6770,2134,98,0,96.081223,1.921366,1.4978
2,42.6980,2135,98,0,96.085060,1.921443,1.4978
2,42.7170,2136,98,0,96.088890,1.921520,1.4978
2,42.7370,2137,98,0,96.092712,1.921597,1.4978
2,42.7570,2138,98,0,96.096527,1.921674,1.4978
2,42.7770,2139,98,0,96.100334,1.921751,1.4978
2,42.7970,2140,98,0,96.104134,1.921827,1.4978
2,42.8170,2141,98,0,96.107925,1.921904,1.4978
2,42.8370,2142,98,0,96.111710,1.921980,1.4978
2,42.8570,2143,98,0,96.115486,1.922056,1.4978
2,42.8770,2144,98,0,96.119255,1.922132,1.4978
2,42.8970,2145,98,0,96.123016,1.922208,1.4978
2,42.9170,2146,98,0,96.126762,1.922283,1.4978
2,42.9370,2147,98,0,96.130508,1.922359,1.4978
2,42.9570,2148,98,0,96.134247,1.922434,1.4978
2,42.9770,2149,98,0,96.137978,1.922509,1.4978
2,42.9970,2150,98,0,96.141708,1.922584,1.4978
2,43.0170,2151,98,0,96.145416,1.922659,1.4978
2,43.0370,2152,98,0,96.149124,1.922733,1.4978
2,43.0570,2153,98,0,96.152824,1.922808,1.4978
2,43.0770,2154,98,0,96.156517,1.922882,1.4978
2,43.0970,2155,98,0,96.160202,1.922957,1.4978
2,43.1170,2156,98,0,96.163887,1.923031,1.4978
2,43.1370,2157,98,0,96.167564,1.923105,1.4978
2,43.1570,2158,98,0,96.171242,1.923179,1.4978
2,43.1770,2159,98,0,96.174896,1.923252,1.4978
2,43.1970,2160,98,0,96.178558,1.923326,1.4978
2,43.2170,2161,98,0,96.182198,1.923399,1.4978
2,43.2370,2162,98,0,96.185837,1.923472,1.4978
2,43.2570,2163,98,0,96.189468,1.923546,1.4978
2,43.2770,2164,98,0,96.193092,1.923618,1.4978
2,43.2970,2165,98,0,96.196709,1.923691,1.4978
2,43.3170,2166,98,0,96.200317,1.923764,1.4978
2,43.3370,2167,98,0,96.203918,1.923836,1.4978
2,43.3570,2168,98,0,96.207512,1.923909,1.4978
2,43.3780,2169,98,0,96.211098,1.923981,1.4978
2,43.3970,2170,98,0,96.214676,1.924053,1.4978
2,43.4170,2171,98,0,96.218239,1.924125,1.4978
2,43.4370,2172,98,0,96.221802,1.924197,1.4978
2,43.4570,2173,98,0,96.225365,1.924268,1.4978
2,43.4770,2174,98,0,96.228912,1.924340,1.4978
2,43.4970,2175,98,0,96.232452,1.924411,1.4978
2,43.5170,2176,98,0,96.236000,1.924482,1.4978
2,43.5380,2177,98,0,96.239525,1.924553,1.4978
2,43.5570,2178,98,0,96.243057,1.924624,1.4978
2,43.5770,2179,98,0,96.246567,1.924695,1.4978
2,43.5970,2180,98,0,96.250084,1.924766,1.4978
2,43.6170,2181,98,0,96.253578,1.924836,1.4978
2,43.6370,2182,98,0,96.257080,1.924907,1.4978
2,43.6570,2183,98,0,96.260559,1.924977,1.4978
2,43.6770,2184,98,0,96.264038,1.925047,1.4978
2,43.6970,2185,98,0,96.267509,1.925117,1.4978
2,43.7170,2186,98,0,96.270973,1.925187,1.4978
2,43.7370,2187,98,0,96.274429,1.925256,1.4978
2,43.7570,2188,98,0,96.277885,1.925326,1.4978
2,43.7770,2189,98,0,96.281334,1.925395,1.4978
2,43.7970,2190,98,0,96.284775,1.925464,1.4978
2,43.8170,2191,98,0,96.288208,1.925534,1.4978
2,43.8370,2192,98,0,96.291634,1.925603,1.4978
2,43.8570,2193,98,0,96.295052,1.925671,1.4978
2,43.8770,2194,98,0,96.298462,1.925740,1.4978
2,43.8970,2195,98,0,96.301865,1.925809,1.4978
2,43.9170,2196,98,0,96.305260,1.925877,1.4978
2,43.9370,2197,98,0,96.308647,1.925945,1.4978
2,43.9570,2198,98,0,96.312035,1.926013,1.4978
2,43.9770,2199,98,0,96.315414,1.926081,1.4978
2,43.9970,2200,98,0,96.318787,1.926149,1.4978
2,44.0170,2201,98,0,96.322151,1.926217,1.4978
2,44.0380,2202,98,0,96.325508,1.926285,1.4978
2,44.0570,2203,98,0,96.328857,1.926352,1.4978
2,44.0770,2204,98,0,96.332191,1.926419,1.4978
2,44.0970,2205,98,0,96.335526,1.926486,1.4978
2,44.1170,2206,98,0,96.338867,1.926553,1.4978
2,44.1370,2207,98,0,96.342186,1.926620,1.4978
2,44.1570,2208,98,0,96.345512,1.926687,1.4978
2,44.1770,2209,98,0,96.348816,1.926754,1.4978
2,44.1970,2210,98,0,96.352119,1.926820,1.4978
2,44.2170,2211,98,0,96.355415,1.926887,1.4978
2,44.2370,2212,98,0,96.358704,1.926953,1.4978
2,44.2570,2213,98,0,96.361992,1.927019,1.4978
2,44.2770,2214,98,0,96.365265,1.927085,1.4978
2,44.2970,2215,98,0,96.368538,1.927151,1.4978
2,44.3170,2216,98,0,96.371811,1.927217,1.4978
2,44.3370,2217,98,0,96.375069,1.927282,1.4978
2,44.3570,2218,98,0,96.378311,1.927348,1.4978
2,44.3780,2219,98,0,96.381554,1.927413,1.4978
2,44.3970,2220,98,0,96.384796,1.927478,1.4978
2,44.4170,2221,98,0,96.388023,1.927543,1.4978
2,44.4370,2222,98,0,96.391251,1.927608,1.4978
2,44.4570,2223,98,0,96.394470,1.927673,1.4978
2,44.4770,2224,98,0,96.397682,1.927738,1.4978
2,44.4970,2225,98,0,96.400894,1.927803,1.4978
2,44.5170,2226,98,0,96.404091,1.927867,1.4978
2,44.5380,2227,98,0,96.407280,1.927931,1.4978
2,44.5570,2228,98,0,96.410461,1.927995,1.4978
2,44.5770,2229,98,0,96.413651,1.928059,1.4978
2,44.5970,2230,98,0,96.416817,1.928123,1.4978
2,44.6170,2231,98,0,96.419991,1.928187,1.4978
2,44.6370,2232,98,0,96.423141,1.928251,1.4978
2,44.6570,2233,98,0,96.426308,1.928314,1.4978
2,44.6770,2234,98,0,96.429451,1.928378,1.4978
2,44.6970,2235,98,0,96.432602,1.928441,1.4978
2,44.7170,2236,98,0,96.435730,1.928504,1.4978
2,44.7370,2237,98,0,96.438866,1.928567,1.4978
2,44.7570,2238,98,0,96.441978,1.928630,1.4978
2,44.7770,2239,98,0,96.445107,1.928693,1.4978
2,44.7970,2240,98,0,96.448219,1.928755,1.4978
2,44.8170,2241,98,0,96.451324,1.928818,1.4978
2,44.8370,2242,98,0,96.454422,1.928880,1.4978
2,44.8570,2243,98,0,96.457504,1.928942,1.4978
2,44.8770,2244,98,0,96.460602,1.929005,1.4978
2,44.8970,2245,98,0,96.463684,1.929067,1.4978
2,44.9170,2246,98,0,96.466759,1.929129,1.4978
2,44.9370,2247,98,0,96.469826,1.929190,1.4978
2,44.9570,2248,98,0,96.472878,1.929252,1.4978
2,44.9770,2249,98,0,96.475945,1.929314,1.4978
2,44.9970,2250,98,0,96.478996,1.929375,1.4978
2,45.0170,2251,98,0,96.482033,1.929436,1.4978
2,45.0380,2252,98,0,96.485069,1.929497,1.4978
2,45.0570,2253,98,0,96.488098,1.929558,1.4978
2,45.0770,2254,98,0,96.491127,1.929619,1.4978
2,45.0970,2255,98,0,96.494148,1.929680,1.4978
2,45.1170,2256,98,0,96.497162,1.929741,1.4978
2,45.1370,2257,98,0,96.500168,1.929801,1.4978
2,45.1570,2258,98,0,96.503166,1.929862,1.4978
2,45.1770,2259,98,0,96.506165,1.929922,1.4978
2,45.1970,2260,98,0,96.509155,1.929982,1.4978
2,45.2180,2261,98,0,96.512138,1.930042,1.4978
2,45.2370,2262,98,0,96.515114,1.930102,1.4978
2,45.2570,2263,98,0,96.518082,1.930162,1.4978
2,45.2770,2264,98,0,96.521049,1.930222,1.4978
2,45.2970,2265,98,0,96.524010,1.930281,1.4978
2,45.3170,2266,98,0,96.526962,1.930341,1.4978
2,45.3370,2267,98,0,96.529907,1.930400,1.4978
2,45.3570,2268,98,0,96.532852,1.930460,1.4978
2,45.3780,2269,98,0,96.535789,1.930519,1.4978
2,45.3970,2270,98,0,96.538719,1.930578,1.4978
2,45.4170,2271,98,0,96.541641,1.930636,1.4978
2,45.4370,2272,98,0,96.544563,1.930695,1.4978
2,45.4570,2273,98,0,96.547478,1.930754,1.4978
2,45.4770,2274,98,0,96.550385,1.930812,1.4978
2,45.4970,2275,98,0,96.553284,1.930871,1.4978
2,45.5170,2276,98,0,96.556175,1.930929,1.4978
2,45.5370,2277,98,0,96.559067,1.930987,1.4978
2,45.5570,2278,98,0,96.561951,1.931045,1.4978
2,45.5770,2279,98,0,96.564827,1.931103,1.4978
2,45.5970,2280,98,0,96.567688,1.931161,1.4978
2,45.6170,2281,98,0,96.570557,1.931219,1.4978
2,45.6370,2282,98,0,96.573425,1.931276,1.4978
2,45.6570,2283,98,0,96.576271,1.931334,1.4978
2,45.6770,2284,98,0,96.579117,1.931391,1.4978
2,45.6970,2285,98,0,96.581963,1.931448,1.4978
2,45.7180,2286,98,0,96.584801,1.931506,1.4978
2,45.7370,2287,98,0,96.587631,1.931563,1.4978
2,45.7570,2288,98,0,96.590454,1.931619,1.4978
2,45.7770,2289,98,0,96.593277,1.931676,1.4978
2,45.7970,2290,98,0,96.596092,1.931733,1.4978
2,45.8170,2291,98,0,96.598900,1.931789,1.4978
2,45.8370,2292,98,0,96.601715,1.931846,1.4978
2,45.8570,2293,98,0,96.604515,1.931902,1.4978
2,45.8780,2294,98,0,96.607300,1.931958,1.4978
2,45.8970,2295,98,0,96.610085,1.932014,1.4978
2,45.9170,2296,98,0,96.612869,1.932071,1.4978
2,45.9370,2297,98,0,96.615654,1.932127,1.4978
2,45.9570,2298,98,0,96.618423,1.932182,1.4978
2,45.9770,2299,98,0,96.621178,1.932238,1.4978
2,45.9970,2300,98,0,96.623947,1.932294,1.4978
2,46.0170,2301,98,0,96.626701,1.932349,1.4978
2,46.0370,2302,98,0,96.629440,1.932404,1.4978
2,46.0570,2303,98,0,96.632187,1.932460,1.4978
2,46.0770,2304,98,0,96.634926,1.932515,1.4978
2,46.0970,2305,98,0,96.637657,1.932570,1.4978
2,46.1170,2306,98,0,96.640381,1.932625,1.4978
2,46.1370,2307,98,0,96.643105,1.932679,1.4978
2,46.1570,2308,98,0,96.645821,1.932734,1.4978
2,46.1770,2309,98,0,96.648529,1.932789,1.4978
2,46.1970,2310,98,0,96.651237,1.932843,1.4978
2,46.2170,2311,98,0,96.653938,1.932897,1.4978
2,46.2370,2312,98,0,96.656631,1.932952,1.4978
2,46.2570,2313,98,0,96.659317,1.933006,1.4978
2,46.2770,2314,98,0,96.661995,1.933060,1.4978
2,46.2970,2315,98,0,96.664673,1.933114,1.4978
2,46.3170,2316,98,0,96.667351,1.933167,1.4978
2,46.3370,2317,98,0,96.670021,1.933221,1.4978
2,46.3570,2318,98,0,96.672684,1.933275,1.4978
2,46.3780,2319,98,0,96.675331,1.933328,1.4978
2,46.3970,2320,98,0,96.677986,1.933382,1.4978
2,46.4170,2321,98,0,96.680634,1.933435,1.4978
2,46.4370,2322,98,0,96.683273,1.933488,1.4978
2,46.4570,2323,98,0,96.685905,1.933541,1.4978
2,46.4770,2324,98,0,96.688538,1.933594,1.4978
2,46.4970,2325,98,0,96.691162,1.933647,1.4978
2,46.5170,2326,98,0,96.693779,1.933700,1.4978
2,46.5370,2327,98,0,96.696396,1.933752,1.4978
2,46.5570,2328,98,0,96.699005,1.933805,1.4978
2,46.5770,2329,98,0,96.701607,1.933857,1.4978
2,46.5970,2330,98,0,96.704201,1.933909,1.4978
2,46.6170,2331,98,0,96.706802,1.933962,1.4978
2,46.6370,2332,98,0,96.709381,1.934014,1.4978
2,46.6570,2333,98,0,96.711975,1.934066,1.4978
2,46.6770,2334,98,0,96.714546,1.934118,1.4978
2,46.6970,2335,98,0,96.717125,1.934170,1.4978
2,46.7180,2336,98,0,96.719696,1.934221,1.4978
2,46.7370,2337,98,0,96.722260,1.934273,1.4978
2,46.7570,2338,98,0,96.724815,1.934324,1.4978
2,46.7770,2339,98,0,96.727364,1.934376,1.4978
2,46.7970,2340,98,0,96.729919,1.934427,1.4978
2,46.8170,2341,98,0,96.732452,1.934478,1.4978
2,46.8370,2342,98,0,96.735001,1.934529,1.4978
2,46.8570,2343,98,0,96.737526,1.934580,1.4978
2,46.8770,2344,98,0,96.740059,1.934631,1.4978
2,46.8970,2345,98,0,96.742584,1.934682,1.4978
2,46.9170,2346,98,0,96.745102,1.934733,1.4978
2,46.9370,2347,98,0,96.747604,1.934783,1.4978
2,46.9570,2348,98,0,96.750114,1.934834,1.4978
2,46.9770,2349,98,0,96.752617,1.934884,1.4978
2,46.9970,2350,98,0,96.755112,1.934934,1.4978
2,47.0170,2351,98,0,96.757607,1.934984,1.4978
2,47.0370,2352,98,0,96.760094,1.935034,1.4978
2,47.0580,2353,98,0,96.762573,1.935084,1.4978
2,47.0770,2354,98,0,96.765053,1.935134,1.4978
2,47.0970,2355,98,0,96.767525,1.935184,1.4978
2,47.1170,2356,98,0,96.769989,1.935234,1.4978
2,47.1370,2357,98,0,96.772453,1.935283,1.4978
2,47.1570,2358,98,0,96.774910,1.935333,1.4978
2,47.1770,2359,98,0,96.777359,1.935382,1.4978
2,47.1970,2360,98,0,96.779808,1.935431,1.4978
2,47.2180,2361,98,0,96.782249,1.935481,1.4978
2,47.2370,2362,98,0,96.784683,1.935530,1.4978
2,47.2570,2363,98,0,96.787117,1.935579,1.4978
2,47.2770,2364,98,0,96.789543,1.935627,1.4978
2,47.2970,2365,98,0,96.791969,1.935676,1.4978
2,47.3170,2366,98,0,96.794388,1.935725,1.4978
2,47.3370,2367,98,0,96.796799,1.935773,1.4978
2,47.3570,2368,98,0,96.799210,1.935822,1.4978
2,47.3770,2369,98,0,96.801613,1.935870,1.4978
2,47.3970,2370,98,0,96.804008,1.935919,1.4978
2,47.4170,2371,98,0,96.806404,1.935967,1.4978
2,47.4370,2372,98,0,96.808792,1.936015,1.4978
2,47.4570,2373,98,0,96.811172,1.936063,1.4978
2,47.4770,2374,98,0,96.813553,1.936111,1.4978
2,47.4970,2375,98,0,96.815926,1.936159,1.4978
2,47.5170,2376,98,0,96.818298,1.936206,1.4978
2,47.5370,2377,98,0,96.820663,1.936254,1.4978
2,47.5580,2378,98,0,96.823021,1.936301,1.4978
2,47.5770,2379,98,0,96.825378,1.936349,1.4978
2,47.5970,2380,98,0,96.827728,1.936396,1.4978
2,47.6170,2381,98,0,96.830078,1.936444,1.4978
2,47.6370,2382,98,0,96.832420,1.936491,1.4978
2,47.6570,2383,98,0,96.834755,1.936538,1.4978
2,47.6770,2384,98,0,96.837090,1.936585,1.4978
2,47.6970,2385,98,0,96.839417,1.936632,1.4978
2,47.7180,2386,98,0,96.841736,1.936678,1.4978
2,47.7370,2387,98,0,96.844055,1.936725,1.4978
2,47.7570,2388,98,0,96.846359,1.936771,1.4978
2,47.7770,2389,98,0,96.848671,1.936818,1.4978
2,47.7970,2390,98,0,96.850975,1.936864,1.4978
2,47.8170,2391,98,0,96.853271,1.936911,1.4978
2,47.8370,2392,98,0,96.855576,1.936957,1.4978
2,47.8570,2393,98,0,96.857864,1.937003,1.4978
2,47.8770,2394,98,0,96.860153,1.937049,1.4978
2,47.8970,2395,98,0,96.862427,1.937095,1.4978
2,47.9170,2396,98,0,96.864700,1.937141,1.4978
2,47.9370,2397,98,0,96.866974,1.937187,1.4978
2,47.9570,2398,98,0,96.869247,1.937232,1.4978
2,47.9770,2399,98,0,96.871506,1.937278,1.4978
2,47.9970,2400,98,0,96.873764,1.937323,1.4978
2,48.0170,2401,98,0,96.876015,1.937369,1.4978
2,48.0370,2402,98,0,96.878265,1.937414,1.4978
2,48.0570,2403,98,0,96.880508,1.937459,1.4978
2,48.0770,2404,98,0,96.882751,1.937504,1.4978
2,48.0970,2405,98,0,96.884987,1.937549,1.4978
2,48.1170,2406,98,0,96.887230,1.937594,1.4978
2,48.1370,2407,98,0,96.889458,1.937639,1.4978
2,48.1570,2408,98,0,96.891670,1.937684,1.4978
2,48.1770,2409,98,0,96.893898,1.937729,1.4978
2,48.1970,2410,98,0,96.896103,1.937773,1.4978
2,48.2180,2411,98,0,96.898315,1.937818,1.4978
2,48.2370,2412,98,0,96.900520,1.937862,1.4978
2,48.2570,2413,98,0,96.902718,1.937906,1.4978
2,48.2770,2414,98,0,96.904915,1.937950,1.4978
2,48.2970,2415,98,0,96.907104,1.937995,1.4978
2,48.3170,2416,98,0,96.909302,1.938039,1.4978
2,48.3370,2417,98,0,96.911484,1.938083,1.4978
2,48.3570,2418,98,0,96.913658,1.938126,1.4978
2,48.3770,2419,98,0,96.915833,1.938170,1.4978
2,48.3970,2420,98,0,96.917999,1.938214,1.4978
2,48.4170,2421,98,0,96.920166,1.938258,1.4978
2,48.4370,2422,98,0,96.922325,1.938301,1.4978
2,48.4570,2423,98,0,96.924492,1.938345,1.4978
2,48.4770,2424,98,0,96.926636,1.938388,1.4978
2,48.4970,2425,98,0,96.928787,1.938431,1.4978
2,48.5170,2426,98,0,96.930931,1.938474,1.4978
2,48.5370,2427,98,0,96.933067,1.938517,1.4978
2,48.5580,2428,98,0,96.935211,1.938560,1.4978
2,48.5770,2429,98,0,96.937332,1.938603,1.4978
2,48.5970,2430,98,0,96.939461,1.938646,1.4978
2,48.6170,2431,98,0,96.941582,1.938689,1.4978
2,48.6370,2432,98,0,96.943703,1.938731,1.4978
2,48.6570,2433,98,0,96.945816,1.938774,1.4978
2,48.6770,2434,98,0,96.947929,1.938816,1.4978
2,48.6970,2435,98,0,96.950035,1.938859,1.4978
2,48.7170,2436,98,0,96.952133,1.938901,1.4978
2,48.7370,2437,98,0,96.954231,1.938943,1.4978
2,48.7570,2438,98,0,96.956314,1.938986,1.4978
2,48.7770,2439,98,0,96.958412,1.939028,1.4978
2,48.7970,2440,98,0,96.960495,1.939070,1.4978
2,48.8170,2441,98,0,96.962578,1.939111,1.4978
2,48.8370,2442,98,0,96.964653,1.939153,1.4978
2,48.8570,2443,98,0,96.966728,1.939195,1.4978
2,48.8770,2444,98,0,96.968796,1.939237,1.4978
2,48.8970,2445,98,0,96.970863,1.939278,1.4978
2,48.9170,2446,98,0,96.972916,1.939320,1.4978
2,48.9370,2447,98,0,96.974976,1.939361,1.4978
2,48.9570,2448,98,0,96.977020,1.939402,1.4978
2,48.9770,2449,98,0,96.979073,1.939444,1.4978
2,48.9970,2450,98,0,96.981117,1.939485,1.4978
2,49.0170,2451,98,0,96.983147,1.939526,1.4978
2,49.0370,2452,98,0,96.985191,1.939567,1.4978
2,49.0580,2453,98,0,96.987221,1.939608,1.4978
2,49.0770,2454,98,0,96.989250,1.939649,1.4978
2,49.0970,2455,98,0,96.991272,1.939689,1.4978
2,49.1170,2456,98,0,96.993286,1.939730,1.4978
2,49.1370,2457,98,0,96.995300,1.939770,1.4978
2,49.1570,2458,98,0,96.997314,1.939811,1.4978
2,49.1770,2459,98,0,96.999329,1.939851,1.4978
2,49.1970,2460,98,0,97.001335,1.939892,1.4978
2,49.2170,2461,98,0,97.003334,1.939932,1.4978
2,49.2370,2462,98,0,97.005318,1.939972,1.4978
2,49.2570,2463,98,0,97.007317,1.940012,1.4978
2,49.2770,2464,98,0,97.009300,1.940052,1.4978
2,49.2970,2465,98,0,97.011284,1.940092,1.4978
2,49.3170,2466,98,0,97.013260,1.940132,1.4978
2,49.3370,2467,98,0,97.015228,1.940172,1.4978
2,49.3570,2468,98,0,97.017197,1.940211,1.4978
2,49.3770,2469,98,0,97.019173,1.940251,1.4978
2,49.3970,2470,98,0,97.021133,1.940291,1.4978
2,49.4170,2471,98,0,97.023094,1.940330,1.4978
2,49.4370,2472,98,0,97.025047,1.940369,1.4978
2,49.4570,2473,98,0,97.027000,1.940409,1.4978
2,49.4770,2474,98,0,97.028946,1.940448,1.4978
2,49.4970,2475,98,0,97.030891,1.940487,1.4978
2,49.5170,2476,98,0,97.032822,1.940526,1.4978
2,49.5370,2477,98,0,97.034760,1.940565,1.4978
2,49.5580,2478,98,0,97.036697,1.940604,1.4978
2,49.5770,2479,98,0,97.038628,1.940643,1.4978
2,49.5970,2480,98,0,97.040550,1.940681,1.4978
2,49.6170,2481,98,0,97.042473,1.940720,1.4978
2,49.6370,2482,98,0,97.044380,1.940759,1.4978
2,49.6570,2483,98,0,97.046303,1.940797,1.4978
2,49.6770,2484,98,0,97.048210,1.940836,1.4978
2,49.6970,2485,98,0,97.050117,1.940874,1.4978
2,49.7170,2486,98,0,97.052017,1.940912,1.4978
2,49.7370,2487,98,0,97.053909,1.940951,1.4978
2,49.7570,2488,98,0,97.055801,1.940989,1.4978
2,49.7770,2489,98,0,97.057701,1.941027,1.4978
2,49.7970,2490,98,0,97.059586,1.941065,1.4978
2,49.8170,2491,98,0,97.061470,1.941103,1.4978
2,49.8370,2492,98,0,97.063347,1.941141,1.4978
2,49.8570,2493,98,0,97.065224,1.941178,1.4978
2,49.8770,2494,98,0,97.067085,1.941216,1.4978
2,49.8970,2495,98,0,97.068962,1.941254,1.4978
2,49.9170,2496,98,0,97.070824,1.941291,1.4978
2,49.9370,2497,98,0,97.072678,1.941329,1.4978
2,49.9570,2498,98,0,97.074539,1.941366,1.4978
2,49.9770,2499,98,0,97.076385,1.941403,1.4978
2,49.9970,2500,98,0,97.078232,1.941441,1.4978
2,50.0170,2501,98,0,97.080078,1.941478,1.4978
2,50.0370,2502,98,0,97.081917,1.941515,1.4978
2,50.0570,2503,98,0,97.083755,1.941552,1.4978
2,50.0770,2504,98,0,97.085587,1.941589,1.4978
2,50.0970,2505,98,0,97.087418,1.941626,1.4978
2,50.1170,2506,98,0,97.089241,1.941662,1.4978
2,50.1370,2507,98,0,97.091064,1.941699,1.4978
2,50.1570,2508,98,0,97.092880,1.941736,1.4978
2,50.1770,2509,98,0,97.094696,1.941772,1.4978
2,50.1970,2510,98,0,97.096512,1.941809,1.4978
2,50.2170,2511,98,0,97.098320,1.941845,1.4978
2,50.2370,2512,98,0,97.100128,1.941881,1.4978
2,50.2570,2513,98,0,97.101929,1.941918,1.4978
2,50.2770,2514,98,0,97.103729,1.941954,1.4978
2,50.2970,2515,98,0,97.105522,1.941990,1.4978
2,50.3170,2516,98,0,97.107315,1.942026,1.4978
2,50.3370,2517,98,0,97.109100,1.942062,1.4978
2,50.3570,2518,98,0,97.110886,1.942098,1.4978
2,50.3770,2519,98,0,97.112663,1.942134,1.4978
2,50.3970,2520,98,0,97.114441,1.942169,1.4978
2,50.4170,2521,98,0,97.116211,1.942205,1.4978
2,50.4370,2522,98,0,97.117981,1.942241,1.4978
2,50.4570,2523,98,0,97.119743,1.942276,1.4978
2,50.4770,2524,98,0,97.121506,1.942312,1.4978
2,50.4970,2525,98,0,97.123268,1.942347,1.4978
2,50.5170,2526,98,0,97.125023,1.942383,1.4978
2,50.5370,2527,98,0,97.126778,1.942418,1.4978
2,50.5580,2528,98,0,97.128525,1.942453,1.4978
2,50.5770,2529,98,0,97.130272,1.942488,1.4978
2,50.5970,2530,98,0,97.132011,1.942523,1.4978
2,50.6170,2531,98,0,97.133751,1.942558,1.4978
2,50.6370,2532,98,0,97.135483,1.942593,1.4978
2,50.6570,2533,98,0,97.137215,1.942628,1.4978
2,50.6770,2534,98,0,97.138939,1.942663,1.4978
2,50.6970,2535,98,0,97.140663,1.942697,1.4978
2,50.7170,2536,98,0,97.142380,1.942732,1.4978
2,50.7380,2537,98,0,97.144096,1.942767,1.4978
2,50.7570,2538,98,0,97.145813,1.942801,1.4978
2,50.7770,2539,98,0,97.147522,1.942836,1.4978
2,50.7970,2540,98,0,97.149231,1.942870,1.4978
2,50.8170,2541,98,0,97.150932,1.942904,1.4978
2,50.8370,2542,98,0,97.152634,1.942939,1.4978
2,50.8570,2543,98,0,97.154327,1.942973,1.4978
2,50.8770,2544,98,0,97.156021,1.943007,1.4978
2,50.8980,2545,98,0,97.157707,1.943041,1.4978
2,50.9170,2546,98,0,97.159393,1.943075,1.4978
2,50.9370,2547,98,0,97.161079,1.943109,1.4978
2,50.9570,2548,98,0,97.162758,1.943142,1.4978
2,50.9770,2549,98,0,97.164436,1.943176,1.4978
2,50.9970,2550,98,0,97.166107,1.943210,1.4978
2,51.0170,2551,98,0,97.167778,1.943243,1.4978
2,51.0370,2552,98,0,97.169441,1.943277,1.4978
2,51.0580,2553,98,0,97.171104,1.943310,1.4978
2,51.0770,2554,98,0,97.172768,1.943344,1.4978
2,51.0970,2555,98,0,97.174423,1.943377,1.4978
2,51.1170,2556,98,0,97.176079,1.943411,1.4978
2,51.1370,2557,98,0,97.177727,1.943444,1.4978
2,51.1570,2558,98,0,97.179375,1.943477,1.4978
2,51.1770,2559,98,0,97.181015,1.943510,1.4978
2,51.1970,2560,98,0,97.182655,1.943543,1.4978
2,51.2170,2561,98,0,97.184288,1.943576,1.4978
2,51.2370,2562,98,0,97.185921,1.943609,1.4978
2,51.2570,2563,98,0,97.187553,1.943642,1.4978
2,51.2770,2564,98,0,97.189178,1.943674,1.4978
2,51.2970,2565,98,0,97.190804,1.943707,1.4978
2,51.3170,2566,98,0,97.192421,1.943740,1.4978
2,51.3370,2567,98,0,97.194038,1.943772,1.4978
2,51.3570,2568,98,0,97.195648,1.943805,1.4978
2,51.3770,2569,98,0,97.197258,1.943837,1.4978
2,51.3980,2570,98,0,97.198868,1.943869,1.4978
2,51.4170,2571,98,0,97.200470,1.943902,1.4978
2,51.4370,2572,98,0,97.202072,1.943934,1.4978
2,51.4570,2573,98,0,97.203667,1.943966,1.4978
2,51.4770,2574,98,0,97.205261,1.943998,1.4978
2,51.4970,2575,98,0,97.206856,1.944030,1.4978
2,51.5170,2576,98,0,97.208443,1.944062,1.4978
2,51.5370,2577,98,0,97.210030,1.944094,1.4978
2,51.5570,2578,98,0,97.211609,1.944126,1.4978
2,51.5770,2579,98,0,97.213188,1.944158,1.4978
2,51.5970,2580,98,0,97.214760,1.944189,1.4978
2,51.6170,2581,98,0,97.216331,1.944221,1.4978
2,51.6370,2582,98,0,97.217903,1.944253,1.4978
2,51.6570,2583,98,0,97.219467,1.944284,1.4978
2,51.6770,2584,98,0,97.221031,1.944316,1.4978
2,51.6970,2585,98,0,97.222580,1.944347,1.4978
2,51.7170,2586,98,0,97.224136,1.944378,1.4978
2,51.7370,2587,98,0,97.225693,1.944410,1.4978
2,51.7570,2588,98,0,97.227242,1.944441,1.4978
2,51.7770,2589,98,0,97.228798,1.944472,1.4978
2,51.7970,2590,98,0,97.230339,1.944503,1.4978
2,51.8170,2591,98,0,97.231873,1.944534,1.4978
2,51.8370,2592,98,0,97.233414,1.944565,1.4978
2,51.8570,2593,98,0,97.234955,1.944596,1.4978
2,51.8770,2594,98,0,97.236481,1.944627,1.4978
2,51.8980,2595,98,0,97.238007,1.944658,1.4978
2,51.9170,2596,98,0,97.239532,1.944688,1.4978
2,51.9370,2597,98,0,97.241066,1.944719,1.4978
2,51.9570,2598,98,0,97.242577,1.944750,1.4978
2,51.9770,2599,98,0,97.244095,1.944780,1.4978
2,51.9970,2600,98,0,97.245605,1.944811,1.4978
2,52.0170,2601,98,0,97.247116,1.944841,1.4978
2,52.0370,2602,98,0,97.248627,1.944871,1.4978
2,52.0570,2603,98,0,97.250130,1.944902,1.4978
2,52.0770,2604,98,0,97.251640,1.944932,1.4978
2,52.0970,2605,98,0,97.253128,1.944962,1.4978
2,52.1170,2606,98,0,97.254623,1.944992,1.4978
2,52.1370,2607,98,0,97.256119,1.945022,1.4978
2,52.1570,2608,98,0,97.257614,1.945052,1.4978
2,52.1770,2609,98,0,97.259094,1.945082,1.4978
2,52.1970,2610,98,0,97.260582,1.945112,1.4978
2,52.2170,2611,98,0,97.262054,1.945142,1.4978
2,52.2380,2612,98,0,97.263535,1.945172,1.4978
2,52.2570,2613,98,0,97.265015,1.945201,1.4978
2,52.2770,2614,98,0,97.266479,1.945231,1.4978
2,52.2970,2615,98,0,97.267952,1.945260,1.4978
2,52.3170,2616,98,0,97.269417,1.945290,1.4978
2,52.3370,2617,98,0,97.270882,1.945319,1.4978
2,52.3570,2618,98,0,97.272339,1.945349,1.4978
2,52.3770,2619,98,0,97.273796,1.945378,1.4978
2,52.3980,2620,98,0,97.275253,1.945407,1.4978
2,52.4170,2621,98,0,97.276711,1.945437,1.4978
2,52.4370,2622,98,0,97.278152,1.945466,1.4978
2,52.4570,2623,98,0,97.279602,1.945495,1.4978
2,52.4770,2624,98,0,97.281036,1.945524,1.4978
2,52.4970,2625,98,0,97.282478,1.945553,1.4978
2,52.5170,2626,98,0,97.283913,1.945582,1.4978
2,52.5370,2627,98,0,97.285347,1.945611,1.4978
2,52.5570,2628,98,0,97.286789,1.945639,1.4978
2,52.5770,2629,98,0,97.288208,1.945668,1.4978
2,52.5970,2630,98,0,97.289635,1.945697,1.4978
2,52.6170,2631,98,0,97.291054,1.945725,1.4978
2,52.6370,2632,98,0,97.292480,1.945754,1.4978
2,52.6570,2633,98,0,97.293892,1.945783,1.4978
2,52.6770,2634,98,0,97.295311,1.945811,1.4978
2,52.6970,2635,98,0,97.296715,1.945839,1.4978
2,52.7170,2636,98,0,97.298126,1.945868,1.4978
2,52.7380,2637,98,0,97.299530,1.945896,1.4978
2,52.7570,2638,98,0,97.300941,1.945924,1.4978
2,52.7770,2639,98,0,97.302330,1.945953,1.4978
2,52.7970,2640,98,0,97.303726,1.945981,1.4978
2,52.8170,2641,98,0,97.305122,1.946009,1.4978
2,52.8370,2642,98,0,97.306511,1.946037,1.4978
2,52.8570,2643,98,0,97.307907,1.946065,1.4978
2,52.8770,2644,98,0,97.309288,1.946093,1.4978
2,52.8970,2645,98,0,97.310677,1.946121,1.4978
2,52.9170,2646,98,0,97.312050,1.946148,1.4978
2,52.9370,2647,98,0,97.313431,1.946176,1.4978
2,52.9570,2648,98,0,97.314812,1.946204,1.4978
2,52.9770,2649,98,0,97.316177,1.946231,1.4978
2,52.9970,2650,98,0,97.317551,1.946259,1.4978
2,53.0170,2651,98,0,97.318909,1.946286,1.4978
2,53.0370,2652,98,0,97.320274,1.946314,1.4978
2,53.0570,2653,98,0,97.321640,1.946341,1.4978
2,53.0780,2654,98,0,97.322990,1.946369,1.4978
2,53.0970,2655,98,0,97.324348,1.946396,1.4978
2,53.1170,2656,98,0,97.325699,1.946423,1.4978
2,53.1370,2657,98,0,97.327049,1.946450,1.4978
2,53.1570,2658,98,0,97.328400,1.946477,1.4978
2,53.1770,2659,98,0,97.329742,1.946505,1.4978
2,53.1970,2660,98,0,97.331085,1.946532,1.4978
2,53.2170,2661,98,0,97.332428,1.946559,1.4978
2,53.2370,2662,98,0,97.333771,1.946586,1.4978
2,53.2570,2663,98,0,97.335098,1.946612,1.4978
2,53.2770,2664,98,0,97.336433,1.946639,1.4978
2,53.2970,2665,98,0,97.337769,1.946666,1.4978
2,53.3170,2666,98,0,97.339088,1.946693,1.4978
2,53.3370,2667,98,0,97.340408,1.946719,1.4978
2,53.3570,2668,98,0,97.341728,1.946746,1.4978
2,53.3770,2669,98,0,97.343056,1.946772,1.4978
2,53.3970,2670,98,0,97.344360,1.946799,1.4978
2,53.4170,2671,98,0,97.345673,1.946825,1.4978
2,53.4370,2672,98,0,97.346985,1.946852,1.4978
2,53.4570,2673,98,0,97.348289,1.946878,1.4978
2,53.4770,2674,98,0,97.349602,1.946904,1.4978
2,53.4970,2675,98,0,97.350906,1.946931,1.4978
2,53.5170,2676,98,0,97.352196,1.946957,1.4978
2,53.5370,2677,98,0,97.353493,1.946983,1.4978
2,53.5570,2678,98,0,97.354790,1.947009,1.4978
2,53.5770,2679,98,0,97.356087,1.947035,1.4978
2,53.5970,2680,98,0,97.357376,1.947061,1.4978
2,53.6170,2681,98,0,97.358658,1.947087,1.4978
2,53.6370,2682,98,0,97.359940,1.947113,1.4978
2,53.6570,2683,98,0,97.361221,1.947138,1.4978
2,53.6770,2684,98,0,97.362503,1.947164,1.4978
2,53.6970,2685,98,0,97.363785,1.947190,1.4978
2,53.7170,2686,98,0,97.365059,1.947216,1.4978
2,53.7380,2687,98,0,97.366333,1.947241,1.4978
2,53.7570,2688,98,0,97.367592,1.947267,1.4978
2,53.7770,2689,98,0,97.368858,1.947292,1.4978
2,53.7970,2690,98,0,97.370125,1.947318,1.4978
2,53.8170,2691,98,0,97.371384,1.947343,1.4978
2,53.8370,2692,98,0,97.372643,1.947368,1.4978
2,53.8570,2693,98,0,97.373901,1.947394,1.4978
2,53.8770,2694,98,0,97.375153,1.947419,1.4978
2,53.8970,2695,98,0,97.376404,1.947444,1.4978
2,53.9170,2696,98,0,97.377655,1.947469,1.4978
2,53.9370,2697,98,0,97.378899,1.947494,1.4978
2,53.9570,2698,98,0,97.380142,1.947519,1.4978
2,53.9770,2699,98,0,97.381386,1.947544,1.4978
2,53.9970,2700,98,0,97.382629,1.947570,1.4978
2,54.0170,2701,98,0,97.383858,1.947594,1.4978
2,54.0370,2702,98,0,97.385101,1.947619,1.4978
2,54.0570,2703,98,0,97.386322,1.947644,1.4978
2,54.0780,2704,98,0,97.387550,1.947669,1.4978
2,54.0970,2705,98,0,97.388779,1.947693,1.4978
2,54.1170,2706,98,0,97.389999,1.947718,1.4978
2,54.1370,2707,98,0,97.391220,1.947743,1.4978
2,54.1570,2708,98,0,97.392441,1.947767,1.4978
2,54.1770,2709,98,0,97.393654,1.947792,1.4978
2,54.1970,2710,98,0,97.394867,1.947816,1.4978
2,54.2170,2711,98,0,97.396080,1.947840,1.4978
2,54.2380,2712,98,0,97.397293,1.947865,1.4978
2,54.2570,2713,98,0,97.398499,1.947889,1.4978
2,54.2770,2714,98,0,97.399704,1.947913,1.4978
2,54.2970,2715,98,0,97.400909,1.947938,1.4978
2,54.3170,2716,98,0,97.402107,1.947962,1.4978
2,54.3370,2717,98,0,97.403305,1.947986,1.4978
2,54.3570,2718,98,0,97.404503,1.948010,1.4978
2,54.3770,2719,98,0,97.405685,1.948034,1.4978
2,54.3970,2720,98,0,97.406883,1.948058,1.4978
2,54.4170,2721,98,0,97.408073,1.948082,1.4978
2,54.4370,2722,98,0,97.409256,1.948106,1.4978
2,54.4570,2723,98,0,97.410439,1.948130,1.4978
2,54.4770,2724,98,0,97.411621,1.948153,1.4978
2,54.4970,2725,98,0,97.412788,1.948177,1.4978
2,54.5170,2726,98,0,97.413971,1.948201,1.4978
2,54.5370,2727,98,0,97.415146,1.948224,1.4978
2,54.5570,2728,98,0,97.416321,1.948248,1.4978
2,54.5780,2729,98,0,97.417480,1.948271,1.4978
2,54.5970,2730,98,0,97.418648,1.948295,1.4978
2,54.6170,2731,98,0,97.419815,1.948318,1.4978
2,54.6370,2732,98,0,97.420982,1.948342,1.4978
2,54.6570,2733,98,0,97.422142,1.948365,1.4978
2,54.6770,2734,98,0,97.423294,1.948388,1.4978
2,54.6970,2735,98,0,97.424446,1.948412,1.4978
2,54.7170,2736,98,0,97.425606,1.948435,1.4978
2,54.7370,2737,98,0,97.426758,1.948458,1.4978
2,54.7570,2738,98,0,97.427895,1.948481,1.4978
2,54.7770,2739,98,0,97.429047,1.948504,1.4978
2,54.7970,2740,98,0,97.430191,1.948527,1.4978
2,54.8170,2741,98,0,97.431328,1.948550,1.4978
2,54.8370,2742,98,0,97.432472,1.948573,1.4978
2,54.8570,2743,98,0,97.433609,1.948596,1.4978
2,54.8770,2744,98,0,97.434746,1.948619,1.4978
2,54.8970,2745,98,0,97.435875,1.948642,1.4978
2,54.9180,2746,98,0,97.437004,1.948664,1.4978
2,54.9370,2747,98,0,97.438133,1.948687,1.4978
2,54.9570,2748,98,0,97.439262,1.948710,1.4978
2,54.9770,2749,98,0,97.440384,1.948732,1.4978
2,54.9970,2750,98,0,97.441505,1.948755,1.4978
2,55.0170,2751,98,0,97.442627,1.948778,1.4978
2,55.0370,2752,98,0,97.443741,1.948800,1.4978
2,55.0570,2753,98,0,97.444855,1.948822,1.4978
2,55.0780,2754,98,0,97.445961,1.948845,1.4978
2,55.0970,2755,98,0,97.447067,1.948867,1.4978
2,55.1170,2756,98,0,97.448181,1.948889,1.4978
2,55.1370,2757,98,0,97.449287,1.948912,1.4978
2,55.1570,2758,98,0,97.450394,1.948934,1.4978
2,55.1770,2759,98,0,97.451492,1.948956,1.4978
2,55.1970,2760,98,0,97.452591,1.948978,1.4978
2,55.2170,2761,98,0,97.453682,1.949000,1.4978
2,55.2370,2762,98,0,97.454781,1.949022,1.4978
2,55.2570,2763,98,0,97.455872,1.949044,1.4978
2,55.2770,2764,98,0,97.456963,1.949066,1.4978
2,55.2970,2765,98,0,97.458046,1.949088,1.4978
2,55.3170,2766,98,0,97.459137,1.949110,1.4978
2,55.3370,2767,98,0,97.460220,1.949132,1.4978
2,55.3570,2768,98,0,97.461304,1.949154,1.4978
2,55.3770,2769,98,0,97.462379,1.949175,1.4978
2,55.3970,2770,98,0,97.463455,1.949197,1.4978
2,55.4180,2771,98,0,97.464523,1.949218,1.4978
2,55.4370,2772,98,0,97.465607,1.949240,1.4978
2,55.4570,2773,98,0,97.466667,1.949262,1.4978
2,55.4770,2774,98,0,97.467735,1.949283,1.4978
2,55.4970,2775,98,0,97.468811,1.949305,1.4978
2,55.5170,2776,98,0,97.469864,1.949326,1.4978
2,55.5370,2777,98,0,97.470932,1.949347,1.4978
2,55.5570,2778,98,0,97.471992,1.949369,1.4978
2,55.5780,2779,98,0,97.473045,1.949390,1.4978
2,55.5970,2780,98,0,97.474106,1.949411,1.4978
2,55.6170,2781,98,0,97.475159,1.949432,1.4978
2,55.6370,2782,98,0,97.476212,1.949454,1.4978
2,55.6570,2783,98,0,97.477264,1.949475,1.4978
2,55.6770,2784,98,0,97.478310,1.949496,1.4978
2,55.6970,2785,98,0,97.479347,1.949517,1.4978
2,55.7170,2786,98,0,97.480400,1.949538,1.4978
2,55.7370,2787,98,0,97.481430,1.949559,1.4978
2,55.7570,2788,98,0,97.482468,1.949580,1.4978
2,55.7770,2789,98,0,97.483513,1.949601,1.4978
2,55.7970,2790,98,0,97.484550,1.949622,1.4978
2,55.8170,2791,98,0,97.485573,1.949642,1.4978
2,55.8370,2792,98,0,97.486610,1.949663,1.4978
2,55.8570,2793,98,0,97.487640,1.949684,1.4978
2,55.8770,2794,98,0,97.488663,1.949704,1.4978
2,55.8970,2795,98,0,97.489685,1.949725,1.4978
2,55.9180,2796,98,0,97.490715,1.949746,1.4978
2,55.9370,2797,98,0,97.491737,1.949766,1.4978
2,55.9570,2798,98,0,97.492744,1.949787,1.4978
2,55.9770,2799,98,0,97.493767,1.949807,1.4978
2,55.9970,2800,98,0,97.494774,1.949828,1.4978
2,56.0170,2801,98,0,97.495796,1.949848,1.4978
2,56.0370,2802,98,0,97.496803,1.949868,1.4978
2,56.0570,2803,98,0,97.497803,1.949888,1.4978
2,56.0770,2804,98,0,97.498810,1.949909,1.4978
2,56.0970,2805,98,0,97.499817,1.949929,1.4978
2,56.1170,2806,98,0,97.500824,1.949949,1.4978
2,56.1370,2807,98,0,97.501823,1.949969,1.4978
2,56.1570,2808,98,0,97.502823,1.949990,1.4978
2,56.1770,2809,98,0,97.503822,1.950010,1.4978
2,56.1970,2810,98,0,97.504814,1.950030,1.4978
2,56.2170,2811,98,0,97.505806,1.950050,1.4978
2,56.2370,2812,98,0,97.506798,1.950070,1.4978
2,56.2580,2813,98,0,97.507790,1.950089,1.4978
2,56.2770,2814,98,0,97.508774,1.950109,1.4978
2,56.2970,2815,98,0,97.509758,1.950129,1.4978
2,56.3170,2816,98,0,97.510742,1.950149,1.4978
2,56.3370,2817,98,0,97.511719,1.950169,1.4978
2,56.3570,2818,98,0,97.512695,1.950188,1.4978
2,56.3770,2819,98,0,97.513672,1.950208,1.4978
2,56.3970,2820,98,0,97.514648,1.950228,1.4978
2,56.4180,2821,98,0,97.515617,1.950247,1.4978
2,56.4370,2822,98,0,97.516586,1.950267,1.4978
2,56.4570,2823,98,0,97.517555,1.950286,1.4978
2,56.4770,2824,98,0,97.518524,1.950306,1.4978
2,56.4970,2825,98,0,97.519485,1.950325,1.4978
2,56.5170,2826,98,0,97.520447,1.950344,1.4978
2,56.5370,2827,98,0,97.521408,1.950364,1.4978
2,56.5570,2828,98,0,97.522369,1.950383,1.4978
2,56.5770,2829,98,0,97.523323,1.950402,1.4978
2,56.5970,2830,98,0,97.524277,1.950422,1.4978
2,56.6170,2831,98,0,97.525230,1.950441,1.4978
2,56.6370,2832,98,0,97.526184,1.950460,1.4978
2,56.6570,2833,98,0,97.527130,1.950479,1.4978
2,56.6770,2834,98,0,97.528076,1.950498,1.4978
2,56.6970,2835,98,0,97.529015,1.950517,1.4978
2,56.7170,2836,98,0,97.529961,1.950536,1.4978
2,56.7370,2837,98,0,97.530907,1.950555,1.4978
2,56.7570,2838,98,0,97.531837,1.950574,1.4978
2,56.7770,2839,98,0,97.532784,1.950593,1.4978
2,56.7970,2840,98,0,97.533722,1.950612,1.4978
2,56.8170,2841,98,0,97.534653,1.950630,1.4978
2,56.8370,2842,98,0,97.535583,1.950649,1.4978
2,56.8570,2843,98,0,97.536514,1.950668,1.4978
2,56.8770,2844,98,0,97.537445,1.950687,1.4978
2,56.8970,2845,98,0,97.538361,1.950705,1.4978
2,56.9180,2846,98,0,97.539291,1.950724,1.4978
2,56.9370,2847,98,0,97.540215,1.950742,1.4978
2,56.9570,2848,98,0,97.541138,1.950761,1.4978
2,56.9770,2849,98,0,97.542061,1.950780,1.4978
2,56.9970,2850,98,0,97.542976,1.950798,1.4978
2,57.0170,2851,98,0,97.543892,1.950816,1.4978
2,57.0370,2852,98,0,97.544807,1.950835,1.4978
2,57.0570,2853,98,0,97.545723,1.950853,1.4978
2,57.0770,2854,98,0,97.546631,1.950872,1.4978
2,57.0970,2855,98,0,97.547531,1.950890,1.4978
2,57.1170,2856,98,0,97.548447,1.950908,1.4978
2,57.1370,2857,98,0,97.549355,1.950926,1.4978
2,57.1570,2858,98,0,97.550255,1.950945,1.4978
2,57.1770,2859,98,0,97.551155,1.950963,1.4978
2,57.1970,2860,98,0,97.552055,1.950981,1.4978
2,57.2170,2861,98,0,97.552956,1.950999,1.4978
2,57.2370,2862,98,0,97.553848,1.951017,1.4978
2,57.2570,2863,98,0,97.554741,1.951035,1.4978
2,57.2770,2864,98,0,97.555634,1.951053,1.4978
2,57.2970,2865,98,0,97.556526,1.951071,1.4978
2,57.3170,2866,98,0,97.557411,1.951089,1.4978
2,57.3370,2867,98,0,97.558296,1.951106,1.4978
2,57.3570,2868,98,0,97.559174,1.951124,1.4978
2,57.3770,2869,98,0,97.560066,1.951142,1.4978
2,57.3970,2870,98,0,97.560951,1.951160,1.4978
2,57.4180,2871,98,0,97.561821,1.951178,1.4978
2,57.4370,2872,98,0,97.562706,1.951195,1.4978
2,57.4570,2873,98,0,97.563583,1.951213,1.4978
2,57.4770,2874,98,0,97.564453,1.951230,1.4978
2,57.4970,2875,98,0,97.565331,1.951248,1.4978
2,57.5170,2876,98,0,97.566200,1.951266,1.4978
2,57.5370,2877,98,0,97.567070,1.951283,1.4978
2,57.5570,2878,98,0,97.567932,1.951301,1.4978
2,57.5770,2879,98,0,97.568802,1.951318,1.4978
2,57.5970,2880,98,0,97.569664,1.951335,1.4978
2,57.6170,2881,98,0,97.570526,1.951353,1.4978
2,57.6370,2882,98,0,97.571381,1.951370,1.4978
2,57.6570,2883,98,0,97.572250,1.951387,1.4978
2,57.6770,2884,98,0,97.573105,1.951405,1.4978
2,57.6970,2885,98,0,97.573952,1.951422,1.4978
2,57.7170,2886,98,0,97.574814,1.951439,1.4978
2,57.7370,2887,98,0,97.575668,1.951456,1.4978
2,57.7570,2888,98,0,97.576515,1.951473,1.4978
2,57.7770,2889,98,0,97.577354,1.951490,1.4978
2,57.7970,2890,98,0,97.578201,1.951507,1.4978
2,57.8170,2891,98,0,97.579056,1.951525,1.4978
2,57.8370,2892,98,0,97.579903,1.951542,1.4978
2,57.8570,2893,98,0,97.580742,1.951558,1.4978
2,57.8770,2894,98,0,97.581573,1.951575,1.4978
2,57.8970,2895,98,0,97.582420,1.951592,1.4978
2,57.9170,2896,98,0,97.583260,1.951609,1.4978
2,57.9370,2897,98,0,97.584091,1.951626,1.4978
2,57.9570,2898,98,0,97.584915,1.951643,1.4978
2,57.9770,2899,98,0,97.585747,1.951659,1.4978
2,57.9970,2900,98,0,97.586586,1.951676,1.4978
2,58.0170,2901,98,0,97.587418,1.951693,1.4978
2,58.0370,2902,98,0,97.588242,1.951709,1.4978
2,58.0570,2903,98,0,97.589066,1.951726,1.4978
2,58.0770,2904,98,0,97.589890,1.951743,1.4978
2,58.0970,2905,98,0,97.590714,1.951759,1.4978
2,58.1170,2906,98,0,97.591530,1.951776,1.4978
2,58.1370,2907,98,0,97.592346,1.951792,1.4978
2,58.1570,2908,98,0,97.593170,1.951809,1.4978
2,58.1770,2909,98,0,97.593987,1.951825,1.4978
2,58.1970,2910,98,0,97.594803,1.951842,1.4978
2,58.2170,2911,98,0,97.595612,1.951858,1.4978
2,58.2370,2912,98,0,97.596420,1.951874,1.4978
2,58.2580,2913,98,0,97.597229,1.951890,1.4978
2,58.2770,2914,98,0,97.598030,1.951907,1.4978
2,58.2970,2915,98,0,97.598846,1.951923,1.4978
2,58.3170,2916,98,0,97.599640,1.951939,1.4978
2,58.3370,2917,98,0,97.600441,1.951955,1.4978
2,58.3570,2918,98,0,97.601250,1.951971,1.4978
2,58.3770,2919,98,0,97.602051,1.951987,1.4978
2,58.3970,2920,98,0,97.602852,1.952004,1.4978
2,58.4170,2921,98,0,97.603638,1.952019,1.4978
2,58.4370,2922,98,0,97.604439,1.952036,1.4978
2,58.4570,2923,98,0,97.605232,1.952052,1.4978
2,58.4770,2924,98,0,97.606026,1.952067,1.4978
2,58.4970,2925,98,0,97.606804,1.952083,1.4978
2,58.5170,2926,98,0,97.607590,1.952099,1.4978
2,58.5370,2927,98,0,97.608376,1.952115,1.4978
2,58.5570,2928,98,0,97.609169,1.952131,1.4978
2,58.5770,2929,98,0,97.609955,1.952147,1.4978
2,58.5980,2930,98,0,97.610733,1.952162,1.4978
2,58.6170,2931,98,0,97.611511,1.952178,1.4978
2,58.6370,2932,98,0,97.612282,1.952194,1.4978
2,58.6570,2933,98,0,97.613068,1.952209,1.4978
2,58.6770,2934,98,0,97.613838,1.952225,1.4978
2,58.6970,2935,98,0,97.614616,1.952241,1.4978
2,58.7170,2936,98,0,97.615387,1.952256,1.4978
2,58.7370,2937,98,0,97.616158,1.952272,1.4978
2,58.7580,2938,98,0,97.616928,1.952287,1.4978
2,58.7770,2939,98,0,97.617699,1.952303,1.4978
2,58.7970,2940,98,0,97.618454,1.952318,1.4978
2,58.8170,2941,98,0,97.619225,1.952333,1.4978
2,58.8370,2942,98,0,97.619980,1.952349,1.4978
2,58.8570,2943,98,0,97.620750,1.952364,1.4978
2,58.8770,2944,98,0,97.621506,1.952379,1.4978
2,58.8970,2945,98,0,97.622261,1.952395,1.4978
2,58.9170,2946,98,0,97.623016,1.952410,1.4978
2,58.9370,2947,98,0,97.623772,1.952425,1.4978
2,58.9570,2948,98,0,97.624527,1.952440,1.4978
2,58.9770,2949,98,0,97.625282,1.952455,1.4978
2,58.9970,2950,98,0,97.626038,1.952471,1.4978
2,59.0170,2951,98,0,97.626778,1.952486,1.4978
2,59.0370,2952,98,0,97.627533,1.952501,1.4978
2,59.0570,2953,98,0,97.628273,1.952516,1.4978
2,59.0770,2954,98,0,97.629028,1.952531,1.4978
2,59.0970,2955,98,0,97.629768,1.952546,1.4978
2,59.1170,2956,98,0,97.630508,1.952561,1.4978
2,59.1370,2957,98,0,97.631248,1.952575,1.4978
2,59.1570,2958,98,0,97.631989,1.952590,1.4978
2,59.1770,2959,98,0,97.632729,1.952605,1.4978
2,59.1970,2960,98,0,97.633461,1.952620,1.4978
2,59.2170,2961,98,0,97.634193,1.952635,1.4978
2,59.2370,2962,98,0,97.634926,1.952650,1.4978
2,59.2580,2963,98,0,97.635658,1.952664,1.4978
2,59.2770,2964,98,0,97.636391,1.952679,1.4978
2,59.2970,2965,98,0,97.637115,1.952694,1.4978
2,59.3170,2966,98,0,97.637840,1.952708,1.4978
2,59.3370,2967,98,0,97.638565,1.952723,1.4978
2,59.3570,2968,98,0,97.639290,1.952738,1.4978
2,59.3770,2969,98,0,97.640022,1.952752,1.4978
2,59.3970,2970,98,0,97.640747,1.952767,1.4978
2,59.4170,2971,98,0,97.641464,1.952781,1.4978
2,59.4370,2972,98,0,97.642181,1.952796,1.4978
2,59.4570,2973,98,0,97.642891,1.952810,1.4978
2,59.4770,2974,98,0,97.643616,1.952824,1.4978
2,59.4970,2975,98,0,97.644333,1.952839,1.4978
2,59.5170,2976,98,0,97.645042,1.952853,1.4978
2,59.5370,2977,98,0,97.645752,1.952868,1.4978
2,59.5570,2978,98,0,97.646461,1.952882,1.4978
2,59.5770,2979,98,0,97.647171,1.952896,1.4978
2,59.5980,2980,98,0,97.647881,1.952910,1.4978
2,59.6170,2981,98,0,97.648590,1.952925,1.4978
2,59.6370,2982,98,0,97.649292,1.952939,1.4978
2,59.6570,2983,98,0,97.649986,1.952953,1.4978
2,59.6770,2984,98,0,97.650696,1.952967,1.4978
2,59.6970,2985,98,0,97.651398,1.952981,1.4978
2,59.7170,2986,98,0,97.652092,1.952995,1.4978
2,59.7370,2987,98,0,97.652786,1.953009,1.4978
2,59.7580,2988,98,0,97.653481,1.953023,1.4978
2,59.7770,2989,98,0,97.654175,1.953037,1.4978
2,59.7970,2990,98,0,97.654869,1.953051,1.4978
2,59.8170,2991,98,0,97.655563,1.953065,1.4978
2,59.8370,2992,98,0,97.656258,1.953079,1.4978
2,59.8570,2993,98,0,97.656944,1.953093,1.4978
2,59.8770,2994,98,0,97.657631,1.953107,1.4978
2,59.8970,2995,98,0,97.658318,1.953120,1.4978
2,59.9170,2996,98,0,97.659004,1.953134,1.4978
2,59.9370,2997,98,0,97.659691,1.953148,1.4978
2,59.9570,2998,98,0,97.660370,1.953162,1.4978
2,59.9770,2999,98,0,97.661049,1.953176,1.4978
2,59.9970,3000,98,0,97.661728,1.953189,1.4978
2,60.0170,3001,98,0,97.662407,1.953203,1.4978
3,0.0170,1,0,0,0.000000,0.000000,99.5000
3,0.0370,2,0,0,0.196000,0.189380,99.4961
3,0.0570,3,0,0,0.391608,0.372846,99.4882
3,0.0770,4,0,0,0.586825,0.550103,99.4765
3,0.0970,5,0,0,0.781651,0.721068,99.4609
3,0.1170,6,0,0,0.976088,0.885821,99.4414
3,0.1370,7,0,0,1.170136,1.044446,99.4180
3,0.1570,8,0,0,1.363795,1.205910,99.3907
3,0.1770,9,0,0,1.557068,1.363095,99.3595
3,0.1970,10,0,0,1.749954,1.508895,99.3245
3,0.2170,11,0,0,1.942454,1.659330,99.2857
3,0.2370,12,0,0,2.134569,1.801242,99.2430
3,0.2570,13,0,0,2.326300,1.933587,99.1965
3,0.2780,14,0,0,2.517648,2.052913,99.1461
3,0.2970,15,0,0,2.708612,2.164062,99.0919
3,0.3170,16,0,0,2.899192,2.269600,99.0340
3,0.3370,17,0,0,3.089381,2.375573,98.9722
3,0.3570,18,0,0,3.279151,2.482284,98.9066
3,0.3770,19,0,0,3.468431,2.580702,98.8372
3,0.3970,20,0,0,3.657058,2.674558,98.7641
3,0.4170,21,0,0,3.844718,2.761622,98.6872
3,0.4380,22,0,0,4.030859,2.840394,98.6066
3,0.4570,23,0,0,4.214584,2.911734,98.5223
3,0.4770,24,0,0,4.394207,2.978315,98.4344
3,0.4970,25,0,0,4.568116,3.041524,98.3430
3,0.5170,26,0,0,4.733737,3.105386,98.2484
3,0.5370,27,0,0,4.888570,3.176197,98.1506
3,0.5570,28,0,0,5.030591,3.237862,98.0500
3,0.5770,29,0,0,5.158314,3.292488,97.9468
3,0.5970,30,0,0,5.271384,3.342260,97.8414
3,0.6180,31,0,0,5.369586,3.386249,97.7340
3,0.6370,32,0,0,5.454297,3.423496,97.6249
3,0.6570,33,0,0,5.529547,3.455139,97.5143
3,0.6770,34,0,0,5.606843,3.482888,97.4022
3,0.6970,35,0,0,5.687879,3.506738,97.2885
3,0.7170,36,0,0,5.766944,3.526627,97.1732
3,0.7370,37,0,0,5.858614,3.542475,97.0563
3,0.7570,38,0,0,5.962001,3.555095,96.9378
3,0.7780,39,0,0,6.042567,3.566712,96.8174
3,0.7970,40,0,0,6.118896,3.577787,96.6950
3,0.8170,41,0,0,6.202847,3.589884,96.5710
3,0.8370,42,0,0,6.264191,3.608069,96.4457
3,0.8570,43,0,0,6.291407,3.628087,96.3199
3,0.8770,44,0,0,6.271159,3.653808,96.1944
3,0.8970,45,0,0,6.184309,3.685891,96.0708
3,0.9170,46,0,0,6.046258,3.730141,95.9498
3,0.9370,47,0,0,5.861533,3.782783,95.8326
3,0.9570,48,0,0,5.680778,3.845455,95.7199
3,0.9770,49,0,0,6.088147,3.919355,95.6120
3,0.9970,50,0,0,6.581338,4.009089,95.5094
3,1.0170,51,0,0,7.212494,4.117135,95.4131
3,1.0370,52,0,0,8.012338,4.247279,95.3237
3,1.0570,53,0,0,9.111940,4.404343,95.2413
3,1.0770,54,0,0,10.610187,4.580794,95.1653
3,1.0970,55,0,0,12.055605,4.761862,95.0946
3,1.1180,56,0,0,13.851226,4.929792,95.0286
3,1.1370,57,0,0,14.508085,5.110552,94.9661
3,1.1570,58,0,0,14.551659,5.302932,94.9061
3,1.1770,59,0,0,14.597413,5.480446,94.8482
3,1.1970,60,0,0,14.645316,5.638240,94.7928
3,1.2170,61,0,0,14.695331,5.772908,94.7394
3,1.2370,62,0,0,14.747419,5.906095,94.6880
3,1.2570,63,0,0,14.801550,6.038914,94.6373
3,1.2780,64,0,0,14.857684,6.171080,94.5865
3,1.2970,65,0,0,14.915788,6.303697,94.5356
3,1.3170,66,0,0,14.975823,6.438662,94.4850
3,1.3370,67,0,0,15.037755,6.575941,94.4353
3,1.3570,68,0,0,15.101545,6.714590,94.3855
3,1.3770,69,0,0,15.167158,6.854191,94.3346
3,1.3970,70,0,0,15.234557,6.994662,94.2815
3,1.4170,71,0,0,15.303706,7.136091,94.2257
3,1.4370,72,0,0,15.374568,7.278825,94.1669
3,1.4570,73,0,0,15.447107,7.422508,94.1043
3,1.4770,74,0,0,15.521287,7.566701,94.0379
3,1.4970,75,0,0,15.597072,7.711464,93.9677
3,1.5170,76,0,0,15.674426,7.856789,93.8937
3,1.5370,77,0,0,15.753314,8.002904,93.8160
3,1.5570,78,0,0,15.833703,8.149252,93.7345
3,1.5770,79,0,0,15.915556,8.296247,93.6492
3,1.5970,80,0,0,15.998838,8.443710,93.5602
3,1.6180,81,0,0,16.083519,8.592136,93.4675
3,1.6370,82,0,0,16.169561,8.741189,93.3710
3,1.6570,83,0,0,16.256935,8.890620,93.2708
3,1.6770,84,0,0,16.345606,9.040525,93.1669
3,1.6970,85,0,0,16.435541,9.190978,93.0592
3,1.7170,86,0,0,16.526711,9.341957,92.9479
3,1.7370,87,0,0,16.619081,9.493426,92.8329
3,1.7570,88,0,0,16.712624,9.644274,92.7141
3,1.7780,89,0,0,16.807308,9.795050,92.5917
3,1.7970,90,0,0,16.903101,9.947018,92.4656
3,1.8170,91,0,0,16.999979,10.099610,92.3359
3,1.8370,92,0,0,17.097908,10.252121,92.2025
3,1.8570,93,0,0,17.196863,10.404791,92.0654
3,1.8770,94,0,0,17.296814,10.557842,91.9247
3,1.8970,95,0,0,17.397734,10.711054,91.7803
3,1.9170,96,0,0,17.499598,10.864403,91.6323
3,1.9370,97,0,0,17.602379,11.017892,91.4807
3,1.9570,98,0,0,17.706049,11.171522,91.3255
3,1.9770,99,0,0,17.810587,11.325300,91.1667
3,1.9970,100,0,0,17.915966,11.479174,91.0042
3,2.0170,101,0,0,18.022160,11.633133,90.8382
3,2.0370,102,0,0,18.129147,11.787165,90.6686
3,2.0570,103,0,0,18.236904,11.941252,90.4954
3,2.0770,104,0,0,18.345409,12.095379,90.3186
3,2.0970,105,0,0,18.454636,12.249544,90.1382
3,2.1180,106,0,0,18.564569,12.403812,89.9543
3,2.1370,107,0,0,18.675184,12.558564,89.7669
3,2.1570,108,0,0,18.786457,12.713823,89.5759
3,2.1770,109,0,0,18.898375,12.869685,89.3814
3,2.1970,110,0,0,19.010910,13.024710,89.1833
3,2.2170,111,0,0,19.124048,13.178479,88.9817
3,2.2370,112,0,0,19.237766,13.332790,88.7766
3,2.2570,113,0,0,19.352049,13.487905,88.5680
3,2.2780,114,0,0,19.485464,13.642899,88.3559
3,2.2970,115,0,0,19.634062,13.797547,88.1402
3,2.3170,116,0,0,19.782524,13.952297,87.9211
3,2.3370,117,0,0,19.930851,14.107717,87.6985
3,2.3570,118,0,0,20.079035,14.263597,87.4725
3,2.3770,119,0,0,20.227072,14.419880,87.2429
3,2.3970,120,0,0,20.374962,14.575957,87.0099
3,2.4170,121,0,0,20.522699,14.732016,86.7735
3,2.4370,122,0,0,20.670280,14.834759,86.5336
3,2.4570,123,0,0,20.817703,14.990127,86.2903
3,2.4770,124,0,0,20.964962,15.120125,86.0435
3,2.4970,125,0,0,21.112057,15.273449,85.7933
3,2.5170,126,0,0,21.258982,15.399116,85.5397
3,2.5370,127,0,0,21.405739,15.352722,85.2827
3,2.5570,128,0,0,21.552320,15.474008,85.0223
3,2.5770,129,0,0,21.698729,15.623338,84.7584
3,2.5970,130,0,0,21.844955,15.772288,84.4912
3,2.6180,131,0,0,21.991003,15.921181,84.2206
3,2.6370,132,0,0,22.136868,16.068904,83.9466
3,2.6570,133,0,0,22.282547,16.017076,83.6693
3,2.6770,134,0,0,22.428040,16.098460,83.3885
3,2.6970,135,0,0,22.573343,15.892808,83.1045
3,2.7170,136,0,0,22.718452,15.378431,82.8170
3,2.7370,137,0,0,22.863369,15.302642,82.5262
3,2.7580,138,0,0,23.008091,15.109532,82.2321
3,2.7770,139,0,0,23.152617,14.885972,81.9347
3,2.7970,140,0,0,23.296944,14.809262,81.6339
3,2.8170,141,0,0,23.441069,14.540611,81.3298
3,2.8370,142,0,0,23.584993,14.422052,81.0224
3,2.8570,143,0,0,23.728714,14.001232,80.7117
3,2.8770,144,0,0,23.872231,14.044138,80.3977
3,2.8970,145,0,0,24.015541,14.078260,80.0804
3,2.9170,146,0,0,24.158644,13.944623,79.7598
3,2.9370,147,0,0,24.301540,14.008641,79.4359
3,2.9570,148,0,0,24.444225,13.992189,79.1088
3,2.9770,149,0,0,23.564766,13.845694,78.7784
3,2.9970,150,0,0,23.708984,13.928964,78.4447
3,3.0170,151,0,0,23.852991,13.996417,78.1078
3,3.0370,152,0,0,23.996782,14.088041,77.7676
3,3.0570,153,0,0,23.992922,14.006434,77.4242
3,3.0770,154,0,0,24.138149,14.091345,77.0776
3,3.0970,155,0,0,24.283129,14.162803,76.7277
3,3.1180,156,0,0,24.427864,14.240284,76.3747
3,3.1370,157,0,0,23.915058,14.127521,76.0184
3,3.1570,158,0,0,24.061621,14.207947,75.6589
3,3.1770,159,0,0,24.207912,14.273203,75.2962
3,3.1970,160,0,0,24.310322,14.268661,74.9303
3,3.2170,161,1,0,24.457319,14.351180,74.5612
3,3.2370,162,1,0,24.604029,14.288946,74.1889
3,3.2570,163,1,0,24.750452,14.378734,73.8135
3,3.2770,164,1,0,24.896589,14.466568,73.4349
3,3.2970,165,2,0,25.042437,14.305466,73.0531
3,3.3170,166,2,0,25.188002,14.352060,72.6681
3,3.3370,167,2,0,25.333279,14.211820,72.2801
3,3.3570,168,2,0,25.478270,14.056970,71.8888
3,3.3770,169,2,0,25.622978,13.890740,71.4945
3,3.3970,170,2,0,25.767401,13.922527,71.0970
3,3.4170,171,2,0,25.911541,13.970136,70.6964
3,3.4370,172,2,0,25.979721,13.807571,70.2926
3,3.4580,173,2,0,26.123325,13.475113,69.8858
3,3.4770,174,3,0,26.052023,13.424346,69.4758
3,3.4970,175,4,0,26.195107,13.469373,69.0628
3,3.5170,176,3,0,26.337919,13.529154,68.6466
3,3.5370,177,3,0,26.480459,13.379604,68.2274
3,3.5570,178,3,0,26.482662,13.357607,67.8050
3,3.5770,179,3,0,26.624857,13.153222,67.3797
3,3.5970,180,3,0,26.424685,13.161428,66.9512
3,3.6180,181,3,0,26.567080,13.228500,66.5197
3,3.6370,182,3,0,26.709200,13.291966,66.0851
3,3.6570,183,3,0,26.851046,13.356439,65.6474
3,3.6770,184,3,0,26.682810,13.297339,65.2068
3,3.6970,185,5,0,26.824894,13.144824,64.7630
3,3.7170,186,5,0,26.966705,13.202756,64.3163
3,3.7370,187,7,0,27.108238,13.259544,63.8665
3,3.7570,188,7,0,27.249496,13.252730,63.4137
3,3.7770,189,7,0,27.390478,13.263664,62.9579
3,3.7980,190,9,0,27.106165,12.997341,62.4991
3,3.8170,191,9,0,27.247826,13.030691,62.0373
3,3.8370,192,9,0,27.389208,13.083232,61.5724
3,3.8570,193,9,0,27.530308,13.151695,61.1046
3,3.8770,194,9,0,27.671129,13.186023,60.6338
3,3.8970,195,10,0,27.785345,13.166231,60.1600
3,3.9170,196,10,0,27.925560,13.207433,59.6833
3,3.9370,197,10,0,28.065496,12.907193,59.2036
3,3.9580,198,12,0,28.205154,12.901781,58.7209
3,3.9770,199,12,0,28.344540,12.811661,58.2353
3,3.9970,200,12,0,28.483644,12.865825,57.7467
3,4.0170,201,13,0,28.622477,12.741971,57.2552
3,4.0370,202,13,0,28.478573,12.392874,56.7607
3,4.0570,203,14,0,28.617397,12.416756,56.2634
3,4.0770,204,13,0,28.755947,12.450374,55.7630
3,4.0970,205,13,0,28.611464,12.122177,55.2598
3,4.1180,206,13,0,28.750086,12.148656,54.7537
3,4.1370,207,13,0,28.808222,12.020470,54.2446
3,4.1570,208,15,0,28.825146,12.003441,53.7327
3,4.1770,209,15,0,28.879946,11.980733,53.2178
3,4.1970,210,17,0,29.018148,11.991646,52.7001
3,4.2170,211,20,0,29.072870,11.881500,52.1794
3,4.2370,212,19,0,29.210709,11.812098,51.6559
3,4.2570,213,19,0,29.348270,11.793275,51.1296
3,4.2770,214,19,0,29.283909,11.777277,50.6003
3,4.2970,215,18,0,29.421331,11.790157,50.0682
3,4.3170,216,17,0,29.558479,11.417368,49.5332
3,4.3370,217,17,0,29.501873,11.186448,48.9954
3,4.3570,218,17,0,29.638868,11.136049,48.4548
3,4.3770,219,15,0,29.655445,11.045875,47.9113
3,4.3970,220,15,0,29.677795,11.015246,47.3649
3,4.4170,221,15,0,29.814434,10.970789,46.8158
3,4.4370,222,15,0,29.823534,10.941968,46.2638
3,4.4580,223,15,0,29.959885,10.895905,45.7090
3,4.4770,224,16,0,30.027887,10.874683,45.1514
3,4.4970,225,16,0,30.062309,10.898096,44.5912
3,4.5170,226,16,0,30.198181,10.866918,44.0282
3,4.5370,227,16,0,30.259514,10.904876,43.4625
3,4.5570,228,16,0,30.394960,10.755063,42.8940
3,4.5770,229,17,0,30.530136,10.664106,42.3227
3,4.5970,230,18,0,30.438334,10.495399,41.7486
3,4.6170,231,18,0,30.573399,10.295659,41.1718
3,4.6370,232,20,0,30.708193,10.200855,40.5922
3,4.6570,233,21,0,30.842720,10.171413,40.0098
3,4.6770,234,21,0,30.976978,10.165191,39.4247
3,4.6970,235,21,0,31.110968,10.203749,38.8368
3,4.7170,236,23,0,31.244690,9.880979,38.2462
3,4.7370,237,23,0,31.378145,9.821174,37.6529
3,4.7570,238,23,0,31.427671,9.666067,37.0568
3,4.7770,239,23,0,31.413752,9.515913,36.4580
3,4.7980,240,23,0,31.546892,9.464071,35.8565
3,4.8170,241,24,0,31.560278,9.452761,35.2523
3,4.8370,242,24,0,31.693134,9.377421,34.6453
3,4.8570,243,22,0,31.740431,9.401451,34.0357
3,4.8770,244,23,0,31.854603,9.420057,33.4233
3,4.8970,245,23,0,31.973955,9.434305,32.8083
3,4.9170,246,24,0,32.106003,9.349708,32.1906
3,4.9370,247,26,0,32.207394,8.906362,31.5702
3,4.9580,248,26,0,32.296417,8.439830,30.9471
3,4.9770,249,26,0,32.427818,8.269503,30.3213
3,4.9970,250,26,0,32.469692,8.047892,29.6929
3,5.0170,251,26,0,32.600742,7.872712,29.0618
3,5.0370,252,26,0,32.731537,7.788976,28.4280
3,5.0570,253,29,0,32.769218,7.673162,27.7916
3,5.0770,254,31,0,32.899662,7.692359,27.1526
3,5.0970,255,31,0,33.029846,7.691150,26.5109
3,5.1170,256,30,0,33.082630,7.654921,25.8666
3,5.1370,257,30,0,33.212444,7.668738,25.2196
3,5.1570,258,31,0,33.242065,7.683949,24.5700
3,5.1770,259,32,0,33.371555,7.698595,23.9178
3,5.1970,260,33,0,33.500786,7.538076,23.2630
3,5.2170,261,33,0,33.629757,7.143456,22.6055
3,5.2370,262,31,0,33.708679,6.844701,21.9455
3,5.2570,263,32,0,33.693520,6.810208,21.2829
3,5.2770,264,32,0,33.822105,6.168191,20.6176
3,5.2980,265,33,0,33.871159,5.845269,19.9498
3,5.3170,266,31,0,33.980007,5.706839,19.2794
3,5.3370,267,31,0,34.108047,5.592370,18.6064
3,5.3570,268,31,0,34.235828,5.572548,17.9309
3,5.3770,269,31,0,34.342422,5.530882,17.2527
3,5.3970,270,31,0,34.469734,5.530126,16.5720
3,5.4170,271,31,0,34.596794,5.543400,15.8888
3,5.4370,272,31,0,34.641243,5.425813,15.2030
3,5.4580,273,31,0,34.767956,5.251813,14.5146
3,5.4770,274,31,0,34.857430,4.872389,13.8237
3,5.4970,275,31,0,34.963978,4.787340,13.1303
3,5.5170,276,30,0,35.090038,4.717670,12.4343
3,5.5370,277,30,0,35.215843,4.393574,11.7358
3,5.5570,278,30,0,35.153599,4.332443,11.0348
3,5.5770,279,30,0,35.279278,3.778223,10.3313
3,5.5970,280,30,0,35.404705,3.582625,9.6252
3,5.6170,281,29,0,35.529881,3.514643,8.9167
3,5.6370,282,29,0,35.570541,3.441409,8.2056
3,5.6570,283,33,0,35.695393,3.426315,7.4921
3,5.6770,284,33,0,35.805603,3.385434,6.7760
3,5.6970,285,33,0,35.929974,3.178194,6.0575
3,5.7170,286,33,0,36.054092,3.133241,5.3365
3,5.7370,287,32,0,35.799007,2.578963,4.6206
3,5.7570,288,32,0,35.688568,2.466095,3.9072
3,5.7770,289,32,0,34.741455,2.259275,3.2145
3,5.7980,290,31,0,28.062603,1.928037,2.7024
3,5.8170,291,30,0,24.104868,1.626581,2.3287
3,5.8370,292,30,0,23.762970,1.487270,2.3500
3,5.8570,293,30,0,23.871733,1.360863,2.3625
3,5.8770,294,30,0,12.541602,1.195783,2.3692
3,5.8970,295,30,0,9.968952,1.141633,2.3873
3,5.9170,296,26,0,9.876103,1.090438,2.4028
3,5.9370,297,26,0,9.786820,1.027055,2.4185
3,5.9580,298,26,0,9.701173,0.988274,2.4311
3,5.9770,299,26,0,9.619236,0.895034,2.4423
3,5.9970,300,26,0,9.541075,0.867858,2.4510
3,6.0170,301,26,0,9.466759,0.831533,2.4567
3,6.0370,302,26,0,7.684705,0.761241,2.4595
3,6.0570,303,26,0,7.587216,0.726866,2.4594
3,6.0770,304,26,0,7.494145,0.699855,2.4566
3,6.0970,305,26,0,7.405626,0.679381,2.4510
3,6.1170,306,26,0,7.321789,0.659299,2.4426
3,6.1370,307,26,0,7.242762,0.636813,2.4314
3,6.1570,308,27,0,6.880380,0.624748,2.4171
3,6.1770,309,27,0,6.785959,0.603436,2.4293
3,6.1970,310,27,0,6.696489,0.580181,2.4795
3,6.2170,311,27,0,6.612134,0.529759,2.5256
3,6.2370,312,27,0,6.533053,0.517383,2.5678
3,6.2570,313,27,0,6.459403,0.505662,2.6060
3,6.2770,314,27,0,6.391334,0.480956,2.6401
3,6.2980,315,27,0,6.328987,0.456821,2.6703
3,6.3170,316,27,0,6.272494,0.435056,2.6965
3,6.3370,317,27,0,6.221977,0.409466,2.7187
3,6.3570,318,29,0,6.177543,0.391012,2.7370
3,6.3770,319,29,0,6.139286,0.381818,2.7513
3,6.3970,320,29,0,6.107282,0.352303,2.7616
3,6.4170,321,29,0,6.081592,0.344969,2.7680
3,6.4370,322,29,0,6.062258,0.328916,2.7705
3,6.4570,323,30,0,6.049301,0.322957,2.7691
3,6.4770,324,36,0,6.042724,0.304598,2.7637
3,6.4970,325,37,0,6.042510,0.289736,2.7544
3,6.5170,326,42,0,6.048621,0.266113,2.7413
3,6.5370,327,43,0,6.061000,0.259036,2.7242
3,6.5570,328,43,0,6.079572,0.249111,2.7032
3,6.5770,329,43,0,6.104243,0.235010,2.6784
3,6.5970,330,43,0,6.134903,0.231312,2.6497
3,6.6170,331,45,0,6.171424,0.228946,2.6171
3,6.6370,332,45,0,6.213670,0.193462,2.5807
3,6.6570,333,45,0,6.261487,0.185763,2.5405
3,6.6770,334,46,0,6.314714,0.181533,2.4963
3,6.6970,335,46,0,6.373181,0.179703,2.4484
3,6.7170,336,46,0,6.436711,0.176740,2.3966
3,6.7370,337,46,0,6.505122,0.172079,2.3411
3,6.7570,338,47,0,6.578228,0.168019,2.2817
3,6.7770,339,54,0,6.655843,0.146523,2.2185
3,6.7980,340,54,0,6.737778,0.140224,2.1515
3,6.8170,341,56,0,6.823847,0.136980,2.0807
3,6.8370,342,57,0,6.913864,0.134922,2.0062
3,6.8570,343,57,0,7.007646,0.133706,1.9279
3,6.8770,344,58,0,7.105016,0.133401,1.8458
3,6.8970,345,58,0,6.264997,0.131293,1.7846
3,6.9170,346,58,0,5.547599,0.132596,1.7446
3,6.9370,347,58,0,5.545581,0.130861,1.7053
3,6.9570,348,53,0,5.602052,0.129706,1.6628
3,6.9770,349,53,0,4.331041,0.097347,1.6619
3,6.9970,350,56,0,4.328967,0.097815,1.6570
3,7.0170,351,56,0,4.335747,0.098799,1.6482
3,7.0370,352,56,0,4.351288,0.099894,1.6355
3,7.0570,353,56,0,4.375443,0.101352,1.6189
3,7.0770,354,56,0,4.408020,0.096828,1.6039
3,7.0980,355,65,0,4.448781,0.095743,1.6085
3,7.1170,356,64,0,4.497457,0.094826,1.6127
3,7.1380,357,64,0,4.553741,0.094405,1.6167
3,7.1570,358,64,0,4.617309,0.094837,1.6208
3,7.1770,359,65,0,4.687816,0.095795,1.6245
3,7.1970,360,65,0,4.764908,0.097342,1.6273
3,7.2170,361,65,0,4.848225,0.099182,1.6293
3,7.2370,362,65,0,4.937407,0.099591,1.6305
3,7.2570,363,66,0,5.032101,0.100813,1.6310
3,7.2770,364,66,0,5.131958,0.102564,1.6309
3,7.2980,365,67,0,5.236640,0.076489,1.6301
3,7.3170,366,70,0,5.345825,0.075789,1.6289
3,7.3370,367,70,0,5.459203,0.077174,1.6272
3,7.3570,368,70,0,5.576481,0.078651,1.6251
3,7.3770,369,70,0,5.697380,0.080305,1.6228
3,7.3970,370,70,0,5.821638,0.082696,1.6201
3,7.4170,371,70,0,5.949008,0.067529,1.6170
3,7.4370,372,70,0,6.079263,0.068052,1.6137
3,7.4570,373,70,0,3.430909,0.041071,1.6101
3,7.4770,374,70,0,2.981721,0.036424,1.6062
3,7.4970,375,70,0,2.912423,0.034920,1.6020
3,7.5170,376,71,0,2.847748,0.033009,1.5976
3,7.5370,377,71,0,2.793084,0.032417,1.5929
3,7.5570,378,71,0,2.748254,0.032008,1.5879
3,7.5770,379,71,0,2.713792,0.031682,1.5827
3,7.5970,380,71,0,2.690179,0.031420,1.5773
3,7.6170,381,71,0,2.677841,0.031289,1.5718
3,7.6380,382,71,0,2.677078,0.031259,1.5662
3,7.6570,383,71,0,2.688116,0.029727,1.5663
3,7.6770,384,71,0,2.064681,0.021906,1.5664
3,7.6970,385,71,0,1.952534,0.020131,1.5663
3,7.7170,386,71,0,1.872219,0.019606,1.5659
3,7.7370,387,91,0,1.783491,0.018664,1.5657
3,7.7570,388,91,0,1.694155,0.017521,1.5655
3,7.7770,389,91,0,1.604208,0.016475,1.5655
3,7.7970,390,91,0,1.513672,0.015521,1.5655
3,7.8170,391,91,0,1.422574,0.014598,1.5656
3,7.8370,392,91,0,1.330944,0.013627,1.5655
3,7.8570,393,91,0,1.238816,0.012635,1.5655
3,7.8770,394,91,0,1.146226,0.011691,1.5654
3,7.8970,395,91,0,1.053211,0.010733,1.5654
3,7.9170,396,91,0,0.959811,0.009760,1.5653
3,7.9370,397,91,0,0.866112,0.008786,1.5653
3,7.9570,398,91,0,0.772029,0.007817,1.5653
3,7.9780,399,92,0,0.677603,0.006846,1.5653
3,7.9970,400,92,0,0.582843,0.005869,1.5653
3,8.0170,401,92,0,0.487699,0.004889,1.5653
3,8.0370,402,92,0,0.392151,0.003934,1.5653
3,8.0570,403,92,0,0.301985,0.003046,1.5653
3,8.0770,404,92,0,0.219681,0.002225,1.5653
3,8.0970,405,92,0,0.137305,0.001401,1.5653
3,8.1170,406,92,0,0.055380,0.000579,1.5653
3,8.1380,407,92,0,0.001695,0.000020,1.5653
3,8.1570,408,92,0,0.000953,0.000013,1.5653
3,8.1770,409,92,0,0.000173,0.000002,1.5653
3,8.1970,410,92,0,0.000397,0.000005,1.5653
3,8.2170,411,92,0,0.000655,0.000008,1.5653
3,8.2370,412,92,0,0.000639,0.000008,1.5653
3,8.2570,413,92,0,0.000440,0.000006,1.5653
3,8.2770,414,92,0,0.000171,0.000002,1.5653
3,8.2970,415,92,0,0.000068,0.000001,1.5653
3,8.3170,416,92,0,0.000212,0.000003,1.5653
3,8.3370,417,92,0,0.000250,0.000003,1.5653
3,8.3570,418,92,0,0.000201,0.000003,1.5653
3,8.3770,419,92,0,0.000106,0.000001,1.5653
3,8.3970,420,92,0,0.000009,0.000000,1.5653
3,8.4170,421,99,0,0.000000,0.000000,1.5653
3,8.4370,422,99,0,0.000000,0.000000,1.5653
3,8.4570,423,99,0,0.000000,0.000000,1.5653
3,8.4770,424,99,0,0.000000,0.000000,1.5653
3,8.4970,425,99,0,0.000000,0.000000,1.5653
3,8.5170,426,99,0,0.000000,0.000000,1.5653
3,8.5370,427,99,0,0.000000,0.000000,1.5653
3,8.5570,428,100,0,0.000000,0.000000,1.5653
4,0.0170,1,0,0,0.000000,0.000000,99.5000
4,0.0370,2,0,0,0.196000,0.189390,99.4961
4,0.0570,3,0,0,0.391608,0.372807,99.4882
4,0.0770,4,0,0,0.586825,0.550142,99.4765
4,0.0970,5,0,0,0.781651,0.721310,99.4609
4,0.1170,6,0,0,0.976088,0.886253,99.4414
4,0.1370,7,0,0,1.170136,1.044924,99.4180
4,0.1570,8,0,0,1.363795,1.197325,99.3907
4,0.1770,9,0,0,1.557068,1.343906,99.3595
4,0.1970,10,0,0,1.749954,1.485146,99.3245
4,0.2170,11,0,0,1.942454,1.620295,99.2857
4,0.2370,12,0,0,2.134569,1.749031,99.2430
4,0.2570,13,0,0,2.326300,1.872984,99.1965
4,0.2780,14,0,0,2.517648,1.995432,99.1461
4,0.2970,15,0,0,2.708612,2.115316,99.0919
4,0.3170,16,0,0,2.899195,2.239017,99.0340
4,0.3370,17,0,0,3.089389,2.353963,98.9722
4,0.3570,18,0,0,3.279176,2.472801,98.9066
4,0.3770,19,0,0,3.468496,2.602573,98.8372
4,0.3970,20,0,0,3.657203,2.728998,98.7641
4,0.4170,21,0,0,3.845001,2.849110,98.6872
4,0.4370,22,0,0,4.031364,2.972438,98.6066
4,0.4570,23,0,0,4.215427,3.078434,98.5223
4,0.4770,24,0,0,4.395607,3.169779,98.4343
4,0.4970,25,0,0,4.569971,3.252016,98.3429
4,0.5170,26,0,0,4.736124,3.324715,98.2482
4,0.5370,27,0,0,4.891570,3.385925,98.1504
4,0.5570,28,0,0,5.034303,3.436076,98.0497
4,0.5770,29,0,0,5.164510,3.477478,97.9464
4,0.5970,30,0,0,5.283873,3.512173,97.8407
4,0.6180,31,0,0,5.394974,3.541138,97.7328
4,0.6370,32,0,0,5.499563,3.564142,97.6228
4,0.6570,33,0,0,5.596876,3.582582,97.5109
4,0.6770,34,0,0,5.685866,3.598490,97.3972
4,0.6970,35,0,0,5.766737,3.612139,97.2819
4,0.7170,36,0,0,5.840689,3.624100,97.1650
4,0.7370,37,0,0,5.909336,3.634628,97.0469
4,0.7570,38,0,0,5.973809,3.646798,96.9274
4,0.7770,39,0,0,6.034134,3.660181,96.8067
4,0.7970,40,0,0,6.089442,3.674067,96.6849
4,0.8170,41,0,0,6.139884,3.691114,96.5621
4,0.8370,42,0,0,6.219892,3.711752,96.4383
4,0.8570,43,0,0,6.328375,3.737260,96.3134
4,0.8770,44,0,0,6.379032,3.773224,96.1867
4,0.8970,45,0,0,6.438900,3.810334,96.0579
4,0.9170,46,0,0,6.517209,3.849898,95.9276
4,0.9370,47,0,0,6.564814,3.895817,95.7963
4,0.9570,48,0,0,6.578302,3.955567,95.6647
4,0.9770,49,0,0,6.521164,4.018087,95.5343
4,0.9970,50,0,0,6.567378,4.091145,95.4078
4,1.0170,51,0,0,7.111966,4.189700,95.2860
4,1.0370,52,0,0,7.939748,4.309205,95.1688
4,1.0570,53,0,0,8.939203,4.448526,95.0561
4,1.0770,54,0,0,10.190894,4.588484,94.9510
4,1.0970,55,0,0,11.561995,4.737386,94.8522
4,1.1180,56,0,0,12.534443,4.899357,94.7582
4,1.1370,57,0,0,13.361259,5.071970,94.6685
4,1.1570,58,0,0,13.483880,5.246284,94.5834
4,1.1770,59,0,0,13.460294,5.405855,94.5029
4,1.1970,60,0,0,13.439611,5.547086,94.4267
4,1.2170,61,0,0,13.421826,5.678340,94.3543
4,1.2370,62,0,0,13.406934,5.810390,94.2859
4,1.2570,63,0,0,13.394926,5.943851,94.2197
4,1.2770,64,0,0,13.385793,6.080885,94.1550
4,1.2970,65,0,0,13.379523,6.218740,94.0910
4,1.3170,66,0,0,13.376103,6.356559,94.0255
4,1.3370,67,0,0,13.375521,6.495662,93.9596
4,1.3570,68,0,0,13.377756,6.635099,93.8928
4,1.3770,69,0,0,13.382793,6.774761,93.8242
4,1.3970,70,0,0,13.390612,6.914581,93.7529
4,1.4170,71,0,0,13.401188,7.056128,93.6801
4,1.4370,72,0,0,13.414500,7.198992,93.6046
4,1.4570,73,0,0,13.461081,7.343561,93.5255
4,1.4770,74,0,0,13.574410,7.490404,93.4426
4,1.4970,75,0,0,13.688881,7.638173,93.3559
4,1.5170,76,0,0,13.804453,7.787056,93.2656
4,1.5370,77,0,0,13.921083,7.936921,93.1714
4,1.5570,78,0,0,14.038733,8.087748,93.0736
4,1.5770,79,0,0,14.157365,8.239595,92.9720
4,1.5970,80,0,0,14.276942,8.392255,92.8667
4,1.6180,81,0,0,14.397429,8.546426,92.7577
4,1.6370,82,0,0,14.518788,8.701329,92.6450
4,1.6570,83,0,0,14.640987,8.853460,92.5285
4,1.6770,84,0,0,14.763995,9.007306,92.4084
4,1.6970,85,0,0,14.887778,9.163779,92.2847
4,1.7170,86,0,0,15.012306,9.318910,92.1572
4,1.7370,87,0,0,15.137549,9.468246,92.0261
4,1.7570,88,0,0,15.263478,9.618755,91.8913
4,1.7770,89,0,0,15.390065,9.769282,91.7529
4,1.7970,90,0,0,15.517283,9.922542,91.6109
4,1.8170,91,0,0,15.645105,10.077901,91.4652
4,1.8370,92,0,0,15.773506,10.234015,91.3158
4,1.8570,93,0,0,15.902463,10.389491,91.1629
4,1.8770,94,0,0,16.031950,10.543352,91.0063
4,1.8970,95,0,0,16.167185,10.693333,90.8461
4,1.9170,96,0,0,16.321682,10.849366,90.6824
4,1.9370,97,0,0,16.476084,11.004954,90.5150
4,1.9570,98,0,0,16.630383,11.160766,90.3441
4,1.9770,99,0,0,16.784573,11.316771,90.1695
4,1.9970,100,0,0,16.938644,11.472796,89.9914
4,2.0170,101,0,0,17.092598,11.628800,89.8098
4,2.0370,102,0,0,17.246426,11.784885,89.6246
4,2.0570,103,0,0,17.400120,11.941185,89.4358
4,2.0770,104,0,0,17.553679,12.097473,89.2435
4,2.0970,105,0,0,17.707096,12.253802,89.0476
4,2.1180,106,0,0,17.860367,12.410461,88.8483
4,2.1370,107,0,0,18.013489,12.567441,88.6454
4,2.1570,108,0,0,18.166454,12.724165,88.4390
4,2.1770,109,0,0,18.319262,12.881123,88.2290
4,2.1970,110,0,0,18.471905,13.037896,88.0156
4,2.2170,111,0,0,18.624384,13.194691,87.7987
4,2.2370,112,0,0,18.776691,13.351568,87.5783
4,2.2570,113,0,0,18.928825,13.508534,87.3544
4,2.2770,114,0,0,19.080784,13.665639,87.1271
4,2.2970,115,0,0,19.232563,13.822564,86.8963
4,2.3170,116,0,0,19.384157,13.979392,86.6620
4,2.3370,117,0,0,19.535566,14.136242,86.4243
4,2.3570,118,0,0,19.686785,14.293382,86.1831
4,2.3770,119,0,0,19.837814,14.450737,85.9385
4,2.3970,120,0,0,19.988649,14.608268,85.6905
4,2.4170,121,0,0,20.139288,14.766406,85.4390
4,2.4370,122,0,0,20.289726,14.922308,85.1842
4,2.4580,123,0,0,20.439964,15.079760,84.9259
4,2.4770,124,0,0,20.590000,15.237388,84.6642
4,2.4970,125,0,0,20.739830,15.394016,84.3991
4,2.5170,126,0,0,20.889452,15.550607,84.1306
4,2.5370,127,0,0,21.038864,15.707965,83.8588
4,2.5570,128,0,0,21.188068,15.787944,83.5835
4,2.5770,129,0,0,21.337057,15.944000,83.3049
4,2.5970,130,0,0,21.485832,16.099958,83.0230
4,2.6170,131,0,0,21.634390,16.248190,82.7376
4,2.6370,132,0,0,21.782734,15.991796,82.4490
4,2.6570,133,0,0,21.930855,16.010552,82.1569
4,2.6770,134,0,0,22.078754,15.920907,81.8616
4,2.6970,135,0,0,22.226435,15.948233,81.5629
4,2.7170,136,0,0,22.373892,16.028892,81.2609
4,2.7370,137,0,0,22.521124,16.160078,80.9556
4,2.7570,138,0,0,22.668129,16.181842,80.6470
4,2.7770,139,0,0,22.814907,16.288265,80.3350
4,2.7970,140,0,0,22.961456,16.151875,80.0198
4,2.8170,141,0,0,23.107780,16.245634,79.7013
4,2.8370,142,0,0,23.253872,16.374050,79.3795
4,2.8570,143,0,0,23.399733,15.910338,79.0544
4,2.8770,144,0,0,23.545362,15.752149,78.7260
4,2.8970,145,1,0,23.690758,15.627806,78.3944
4,2.9170,146,1,0,23.835920,15.509934,78.0596
4,2.9370,147,1,0,23.119707,14.914836,77.7214
4,2.9580,148,1,0,23.120502,14.408722,77.3801
4,2.9770,149,1,0,23.266426,14.436867,77.0355
4,2.9970,150,1,0,23.412121,14.510607,76.6877
4,3.0170,151,1,0,23.557587,14.587290,76.3366
4,3.0370,152,1,0,23.638199,14.658761,75.9823
4,3.0570,153,1,0,23.705839,14.718550,75.6248
4,3.0770,154,1,0,23.852842,14.575584,75.2642
4,3.0970,155,1,0,23.999578,14.650140,74.9003
4,3.1170,156,1,0,24.068111,14.523951,74.5332
4,3.1370,157,1,0,24.215218,14.591112,74.1629
4,3.1570,158,1,0,24.362041,14.531738,73.7895
4,3.1770,159,1,0,24.472919,14.331127,73.4129
4,3.1970,160,1,0,24.619690,14.395433,73.0331
4,3.2170,161,1,0,24.620914,14.293143,72.6501
4,3.2370,162,1,0,24.767265,14.300532,72.2640
4,3.2570,163,1,0,24.902988,14.128061,71.8748
4,3.2770,164,1,0,24.757263,14.127883,71.4824
4,3.2980,165,1,0,24.903255,14.193524,71.0869
4,3.3170,166,1,0,25.000229,14.268141,70.6882
4,3.3370,167,1,0,25.145893,14.340311,70.2865
4,3.3570,168,1,0,25.291271,14.318680,69.8816
4,3.3770,169,1,0,25.436363,14.288941,69.4736
4,3.3970,170,1,0,25.581169,14.139249,69.0625
4,3.4170,171,2,0,25.725689,14.128797,68.6483
4,3.4370,172,2,0,25.869926,14.195924,68.2310
4,3.4570,173,2,0,26.013880,14.265198,67.8106
4,3.4770,174,2,0,26.157549,14.187518,67.3871
4,3.4970,175,2,0,26.300936,14.245586,66.9606
4,3.5170,176,3,0,26.444042,14.005721,66.5310
4,3.5370,177,3,0,26.507784,13.807442,66.0983
4,3.5570,178,5,0,26.644541,13.847391,65.6626
4,3.5770,179,7,0,26.786819,13.725343,65.2239
4,3.5970,180,7,0,26.846407,13.674593,64.7821
4,3.6170,181,8,0,26.988148,13.741850,64.3372
4,3.6370,182,8,0,27.129612,13.669746,63.8893
4,3.6570,183,9,0,27.270800,13.666277,63.4384
4,3.6770,184,9,0,27.200125,13.458088,62.9845
4,3.6970,185,9,0,27.341185,13.487995,62.5276
4,3.7170,186,9,0,27.435560,13.301168,62.0677
4,3.7370,187,9,0,27.406542,13.151539,61.6047
4,3.7570,188,9,0,27.257223,12.975778,61.1388
4,3.7770,189,10,0,27.398643,12.912653,60.6699
4,3.7970,190,10,0,27.539783,12.936952,60.1980
4,3.8170,191,12,0,27.680639,12.932674,59.7231
4,3.8370,192,12,0,27.821217,12.978097,59.2453
4,3.8570,193,13,0,27.961514,13.013407,58.7645
4,3.8770,194,14,0,28.101530,13.061121,58.2807
4,3.8970,195,14,0,28.241268,13.101941,57.7940
4,3.9170,196,15,0,28.380726,13.134456,57.3043
4,3.9370,197,15,0,28.519907,13.152362,56.8117
4,3.9580,198,15,0,28.658812,12.778660,56.3162
4,3.9770,199,14,0,28.651585,12.453790,55.8177
4,3.9970,200,13,0,28.790157,12.462694,55.3163
4,4.0170,201,14,0,28.633308,12.398519,54.8120
4,4.0370,202,15,0,28.771936,12.428313,54.3048
4,4.0570,203,15,0,28.910288,12.379301,53.7947
4,4.0770,204,16,0,29.048365,12.250287,53.2816
4,4.0970,205,16,0,29.157787,11.979350,52.7657
4,4.1170,206,16,0,29.286186,11.948506,52.2469
4,4.1370,207,17,0,29.373119,11.982229,51.7252
4,4.1570,208,17,0,29.351025,11.629849,51.2006
4,4.1770,209,17,0,29.488298,11.554967,50.6732
4,4.1970,210,17,0,29.431755,11.456843,50.1429
4,4.2170,211,17,0,29.568817,11.400330,49.6097
4,4.2370,212,18,0,29.705608,11.436194,49.0737
4,4.2570,213,18,0,29.842127,11.428135,48.5348
4,4.2770,214,18,0,29.741329,11.473887,47.9931
4,4.2980,215,18,0,29.877762,11.046147,47.4486
4,4.3170,216,18,0,30.013926,10.884632,46.9012
4,4.3370,217,18,0,30.149818,10.855075,46.3510
4,4.3570,218,18,0,30.000650,10.867799,45.7980
4,4.3770,219,18,0,30.136578,10.899229,45.2422
4,4.3970,220,18,0,30.272234,10.927135,44.6835
4,4.4170,221,17,0,30.407623,10.951468,44.1221
4,4.4370,222,18,0,30.542738,10.823147,43.5578
4,4.4580,223,20,0,30.677588,10.849272,42.9908
4,4.4770,224,20,0,30.634722,10.733675,42.4210
4,4.4970,225,21,0,30.769396,10.447515,41.8484
4,4.5170,226,22,0,30.820818,10.405702,41.2730
4,4.5370,227,23,0,30.955128,10.375853,40.6949
4,4.5570,228,23,0,30.990292,10.013969,40.1140
4,4.5770,229,24,0,31.124264,10.015164,39.5303
4,4.5970,230,26,0,31.074766,10.022325,38.9439
4,4.6170,231,25,0,31.208570,9.900249,38.3547
4,4.6370,232,26,0,31.265371,9.918155,37.7628
4,4.6570,233,27,0,31.279564,9.943423,37.1682
4,4.6770,234,26,0,31.412975,9.945777,36.5708
4,4.6970,235,24,0,31.546120,9.484903,35.9707
4,4.7170,236,24,0,31.657686,9.201224,35.3679
4,4.7370,237,24,0,31.790346,8.965935,34.7623
4,4.7570,238,24,0,31.816841,8.780414,34.1541
4,4.7770,239,24,0,31.949175,8.745264,33.5431
4,4.7970,240,25,0,31.815170,8.699413,32.9295
4,4.8170,241,25,0,31.947506,8.670506,32.3132
4,4.8370,242,25,0,32.079578,8.686452,31.6941
4,4.8570,243,27,0,32.211388,8.703331,31.0724
4,4.8770,244,26,0,32.342930,8.717608,30.4481
4,4.8970,245,26,0,32.474216,8.686977,29.8210
4,4.9170,246,25,0,32.605236,8.226692,29.1913
4,4.9370,247,26,0,32.735992,8.216352,28.5589
4,4.9570,248,26,0,32.668575,8.204641,27.9239
4,4.9770,249,26,0,32.799213,7.996767,27.2862
4,4.9970,250,26,0,32.792103,7.684720,26.6459
4,5.0170,251,27,0,32.889042,7.526225,26.0029
4,5.0370,252,29,0,32.962349,7.365894,25.3573
4,5.0570,253,31,0,33.068825,7.331821,24.7090
4,5.0770,254,31,0,33.172482,7.031572,24.0582
4,5.0970,255,34,0,33.285728,6.677373,23.4047
4,5.1170,256,34,0,33.394363,6.467325,22.7486
4,5.1370,257,34,0,33.435417,6.325943,22.0899
4,5.1570,258,34,0,33.564518,6.207308,21.4286
4,5.1770,259,32,0,33.601631,6.174965,20.7647
4,5.1970,260,33,0,33.717785,6.144649,20.0983
4,5.2170,261,33,0,33.846329,6.152001,19.4292
4,5.2370,262,33,0,33.974621,6.127767,18.7575
4,5.2570,263,33,0,34.102654,6.136075,18.0833
4,5.2770,264,34,0,34.230434,6.132274,17.4065
4,5.2980,265,34,0,34.357956,6.141479,16.7271
4,5.3170,266,35,0,34.485226,5.969260,16.0452
4,5.3370,267,34,0,34.539391,5.716238,15.3607
4,5.3570,268,34,0,34.666298,5.650631,14.6737
4,5.3770,269,33,0,34.792953,5.357763,13.9841
4,5.3970,270,32,0,34.919357,5.025900,13.2919
4,5.4170,271,34,0,34.988033,4.683048,12.5973
4,5.4370,272,34,0,35.114048,4.403871,11.9001
4,5.4570,273,34,0,35.239807,4.190093,11.2004
4,5.4770,274,33,0,35.305019,4.092842,10.4981
4,5.4970,275,33,0,35.430389,3.995853,9.7934
4,5.5170,276,33,0,35.423092,3.861871,9.0861
4,5.5370,277,33,0,35.548222,3.732876,8.3763
4,5.5570,278,32,0,35.659286,3.345246,7.6641
4,5.5770,279,32,0,35.759758,2.951684,6.9493
4,5.5970,280,32,0,35.870026,2.895623,6.2321
4,5.6170,281,32,0,35.994247,2.603917,5.5123
4,5.6380,282,31,0,36.118221,2.358449,4.7901
4,5.6570,283,30,0,36.241951,2.175104,4.0654
4,5.6770,284,30,0,36.365429,2.147173,3.3382
4,5.6970,285,29,0,36.488659,2.063798,2.6086
4,5.7170,286,30,0,32.431492,1.877381,2.3641
4,5.7370,287,30,0,24.975868,1.538028,2.3660
4,5.7570,288,30,0,17.371193,1.326826,2.3756
4,5.7770,289,30,0,8.136353,1.135625,2.3865
4,5.7980,290,30,0,8.313070,1.092221,2.3946
4,5.8170,291,30,0,8.489573,1.062712,2.4000
4,5.8370,292,30,0,8.665851,1.027829,2.4093
4,5.8570,293,30,0,8.841897,0.975872,2.4383
4,5.8770,294,30,0,9.017704,0.953825,2.4633
4,5.8970,295,30,0,9.193266,0.931180,2.4843
4,5.9170,296,30,0,9.368577,0.912205,2.5014
4,5.9370,297,30,0,9.543631,0.893878,2.5146
4,5.9570,298,30,0,9.718424,0.842963,2.5237
4,5.9770,299,30,0,9.892950,0.811064,2.5290
4,5.9970,300,30,0,10.067206,0.764311,2.5303
4,6.0170,301,31,0,10.241189,0.743309,2.5404
4,6.0370,302,31,0,10.414892,0.710990,2.5474
4,6.0570,303,31,0,10.588317,0.682383,2.5524
4,6.0770,304,31,0,10.761456,0.647763,2.5534
4,6.0970,305,31,0,10.934311,0.627899,2.5505
4,6.1170,306,29,0,11.106876,0.595190,2.5437
4,6.1380,307,31,0,11.279151,0.573864,2.5330
4,6.1570,308,31,0,11.451133,0.565900,2.5184
4,6.1770,309,30,0,11.622818,0.537836,2.4999
4,6.1970,310,31,0,11.794209,0.513763,2.4775
4,6.2170,311,31,0,11.965300,0.502302,2.4512
4,6.2370,312,31,0,12.136092,0.481174,2.4211
4,6.2570,313,31,0,12.306582,0.465544,2.3871
4,6.2770,314,31,0,12.476771,0.450557,2.3997
4,6.2970,315,31,0,12.646656,0.445875,2.4076
4,6.3170,316,31,0,12.816236,0.432702,2.4115
4,6.3370,317,31,0,12.985513,0.430208,2.4116
4,6.3570,318,36,0,13.154482,0.405780,2.4077
4,6.3770,319,36,0,13.323144,0.374718,2.3999
4,6.3970,320,36,0,13.491499,0.367164,2.3882
4,6.4170,321,36,0,13.659546,0.364118,2.3726
4,6.4370,322,36,0,13.827284,0.361285,2.3531
4,6.4570,323,36,0,13.994713,0.358729,2.3298
4,6.4780,324,36,0,14.161834,0.354137,2.3025
4,6.4970,325,36,0,14.328643,0.343290,2.2714
4,6.5170,326,36,0,14.495142,0.341596,2.2365
4,6.5370,327,36,0,14.661331,0.343127,2.1977
4,6.5570,328,39,0,14.827209,0.345115,2.1550
4,6.5770,329,39,0,14.992776,0.344970,2.1085
4,6.5970,330,39,0,15.158031,0.349389,2.0582
4,6.6170,331,39,0,15.322977,0.343401,2.0041
4,6.6380,332,43,0,15.487611,0.339573,1.9461
4,6.6570,333,40,0,15.651933,0.344242,1.8844
4,6.6770,334,41,0,15.815944,0.347291,1.8188
4,6.6970,335,41,0,15.979644,0.350536,1.7495
4,6.7170,336,39,0,16.143032,0.357512,1.6950
4,6.7370,337,39,0,16.306110,0.365901,1.6880
4,6.7570,338,40,0,16.468878,0.351461,1.6802
4,6.7770,339,38,0,16.631330,0.341775,1.6714
4,6.7970,340,38,0,16.793474,0.342493,1.6615
4,6.8170,341,38,0,16.955307,0.343271,1.6504
4,6.8370,342,37,0,17.116831,0.334714,1.6378
4,6.8570,343,37,0,17.278042,0.339535,1.6232
4,6.8770,344,37,0,17.438944,0.330501,1.6065
4,6.8970,345,37,0,17.599537,0.330287,1.5875
4,6.9170,346,41,0,17.759821,0.326872,1.5676
4,6.9370,347,46,0,17.919794,0.291839,1.5568
4,6.9570,348,46,0,18.079460,0.290726,1.5463
4,6.9780,349,42,0,18.238817,0.291094,1.5340
4,6.9970,350,42,0,18.397863,0.292306,1.5200
4,7.0170,351,42,0,18.556604,0.295093,1.5042
4,7.0370,352,42,0,18.715036,0.279786,1.4989
4,7.0570,353,43,0,18.873161,0.277514,1.5005
4,7.0770,354,44,0,19.030979,0.277794,1.5027
4,7.0970,355,46,0,19.188490,0.278559,1.5039
4,7.1170,356,46,0,19.345694,0.280683,1.5042
4,7.1380,357,46,0,19.502594,0.284968,1.5036
4,7.1570,358,46,0,19.659187,0.282033,1.5026
4,7.1770,359,46,0,19.815475,0.286361,1.5012
4,7.1970,360,46,0,19.971458,0.288487,1.4992
4,7.2170,361,46,0,20.127138,0.292700,1.4989
4,7.2370,362,57,0,20.282511,0.292176,1.4989
4,7.2570,363,59,0,20.437582,0.292683,1.4989
4,7.2770,364,59,0,20.592348,0.295665,1.4989
4,7.2970,365,59,0,20.746815,0.299443,1.4989
4,7.3170,366,59,0,20.900976,0.302976,1.4989
4,7.3370,367,61,0,21.054836,0.306577,1.4989
4,7.3570,368,61,0,21.208393,0.310539,1.4989
4,7.3770,369,61,0,21.361650,0.314900,1.4989
4,7.3970,370,66,0,21.514608,0.263000,1.4989
4,7.4170,371,66,0,21.667265,0.262993,1.4989
4,7.4370,372,66,0,21.819624,0.263220,1.4989
4,7.4570,373,66,0,21.971682,0.248813,1.4989
4,7.4780,374,73,0,22.123440,0.246987,1.4989
4,7.4970,375,73,0,22.274902,0.245638,1.4989
4,7.5170,376,76,0,22.426065,0.246265,1.4989
4,7.5370,377,77,0,22.576931,0.247040,1.4989
4,7.5570,378,77,0,22.727501,0.248038,1.4989
4,7.5770,379,94,0,22.877771,0.249292,1.4989
4,7.5970,380,94,0,23.027748,0.247338,1.4989
4,7.6170,381,94,0,23.177429,0.248607,1.4989
4,7.6380,382,94,0,23.326815,0.250303,1.4989
4,7.6570,383,94,0,23.475908,0.252138,1.4989
4,7.6770,384,94,0,23.624704,0.254136,1.4989
4,7.6970,385,94,0,23.773209,0.256325,1.4989
4,7.7170,386,94,0,23.921419,0.258722,1.4989
4,7.7370,387,94,0,24.069338,0.261332,1.4989
4,7.7570,388,94,0,24.216965,0.263165,1.4989
4,7.7770,389,94,0,24.364300,0.260215,1.4989
4,7.7970,390,94,0,24.511345,0.261648,1.4989
4,7.8180,391,94,0,24.658098,0.263239,1.4989
4,7.8370,392,94,0,24.804564,0.254022,1.4989
4,7.8570,393,94,0,24.950737,0.254414,1.4989
4,7.8770,394,95,0,25.096621,0.254903,1.4989
4,7.8970,395,95,0,25.242220,0.255378,1.4989
4,7.9170,396,95,0,25.387529,0.255851,1.4989
4,7.9370,397,95,0,25.532551,0.256322,1.4989
4,7.9570,398,95,0,25.677284,0.256792,1.4989
4,7.9780,399,96,0,25.821733,0.258231,1.4989
4,7.9970,400,96,0,25.965895,0.259664,1.4989
4,8.0170,401,97,0,26.109772,0.261100,1.4989
4,8.0370,402,97,0,26.253365,0.262534,1.4989
4,8.0570,403,97,0,26.396671,0.263967,1.4989
4,8.0770,404,97,0,26.539696,0.265397,1.4989
4,8.0970,405,97,0,26.682434,0.266824,1.4989
4,8.1170,406,97,0,26.824890,0.268249,1.4989
4,8.1370,407,97,0,26.967068,0.269671,1.4989
4,8.1570,408,97,0,27.108959,0.271090,1.4989
4,8.1770,409,97,0,27.250570,0.272506,1.4989
4,8.1970,410,97,0,27.391903,0.273919,1.4989
4,8.2170,411,97,0,27.532953,0.275330,1.4989
4,8.2370,412,98,0,27.673723,0.276737,1.4989
4,8.2570,413,98,0,27.814217,0.278142,1.4989
4,8.2770,414,98,0,27.954428,0.279544,1.4989
4,8.2970,415,98,0,28.094366,0.280944,1.4989
4,8.3180,416,98,0,28.234024,0.282340,1.4989
4,8.3370,417,98,0,28.373404,0.283734,1.4989
4,8.3570,418,98,0,28.512508,0.285125,1.4989
4,8.3770,419,99,0,28.651337,0.286513,1.4989
4,8.3970,420,99,0,28.789886,0.287899,1.4989
4,8.4170,421,99,0,28.928164,0.289282,1.4989
4,8.4370,422,99,0,29.066166,0.290662,1.4989
4,8.4570,423,99,0,29.203894,0.292039,1.4989
4,8.4780,424,99,0,29.341349,0.293413,1.4989
4,8.4970,425,99,0,29.478529,0.294785,1.4989
4,8.5170,426,99,0,29.615438,0.296154,1.4989
4,8.5370,427,99,0,29.752073,0.297521,1.4989
4,8.5570,428,99,0,29.888437,0.298884,1.4989
4,8.5770,429,99,0,30.024532,0.300245,1.4989
4,8.5970,430,99,0,30.160355,0.301604,1.4989
4,8.6170,431,99,0,30.295908,0.302959,1.4989
4,8.6370,432,99,0,30.431192,0.304312,1.4989
4,8.6570,433,99,0,30.566206,0.305662,1.4989
4,8.6770,434,99,0,30.700953,0.307010,1.4989
4,8.6970,435,99,0,30.835430,0.308354,1.4989
4,8.7170,436,99,0,30.969645,0.309696,1.4989
4,8.7370,437,99,0,31.103588,0.311036,1.4989
4,8.7570,438,99,0,31.237265,0.312373,1.4989
4,8.7770,439,99,0,31.370678,0.313707,1.4989
4,8.7970,440,99,0,31.503824,0.315038,1.4989
4,8.8170,441,99,0,31.636705,0.316367,1.4989
4,8.8370,442,99,0,31.769323,0.317693,1.4989
4,8.8570,443,99,0,31.901676,0.319017,1.4989
4,8.8770,444,99,0,32.033764,0.320338,1.4989
4,8.8990,445,99,0,32.165596,0.321656,1.4989
4,8.9170,446,99,0,32.297161,0.322972,1.4989
4,8.9370,447,99,0,32.428463,0.324285,1.4989
4,8.9570,448,99,0,32.559502,0.325595,1.4989
4,8.9780,449,99,0,32.690277,0.326903,1.4989
4,8.9970,450,99,0,32.820801,0.328208,1.4989
4,9.0170,451,99,0,32.951061,0.329511,1.4989
4,9.0370,452,99,0,33.081062,0.330811,1.4989
4,9.0570,453,99,0,33.210804,0.332108,1.4989
4,9.0770,454,99,0,33.340290,0.333403,1.4989
4,9.0970,455,99,0,33.469517,0.334695,1.4989
4,9.1170,456,99,0,33.598484,0.335985,1.4989
4,9.1370,457,99,0,33.727196,0.337272,1.4989
4,9.1570,458,99,0,33.855652,0.338557,1.4989
4,9.1770,459,99,0,33.983852,0.339839,1.4989
4,9.1970,460,99,0,34.111794,0.341118,1.4989
4,9.2170,461,99,0,34.239483,0.342395,1.4989
4,9.2370,462,99,0,34.366920,0.343669,1.4989
4,9.2570,463,99,0,34.494102,0.344941,1.4989
4,9.2770,464,99,0,34.621029,0.346210,1.4989
4,9.2970,465,99,0,34.747707,0.347477,1.4989
4,9.3170,466,99,0,34.874126,0.348741,1.4989
4,9.3370,467,99,0,35.000298,0.350003,1.4989
4,9.3570,468,99,0,35.126217,0.351262,1.4989
4,9.3770,469,99,0,35.251888,0.352519,1.4989
4,9.3970,470,99,0,35.377308,0.353773,1.4989
4,9.4170,471,99,0,35.502476,0.355025,1.4989
4,9.4370,472,99,0,35.627392,0.356274,1.4989
4,9.4570,473,99,0,35.752064,0.357521,1.4989
4,9.4770,474,99,0,35.876484,0.358765,1.4989
4,9.4970,475,99,0,36.000656,0.360007,1.4989
4,9.5170,476,99,0,36.124584,0.361246,1.4989
4,9.5370,477,99,0,36.248260,0.362483,1.4989
4,9.5570,478,99,0,36.371693,0.363717,1.4989
4,9.5770,479,99,0,36.494881,0.364949,1.4989
4,9.5970,480,99,0,36.617817,0.366178,1.4989
4,9.6170,481,99,0,36.740517,0.367405,1.4989
4,9.6370,482,99,0,36.862961,0.368630,1.4989
4,9.6570,483,99,0,36.985168,0.369852,1.4989
4,9.6770,484,99,0,37.107128,0.371071,1.4989
4,9.6970,485,99,0,37.228848,0.372288,1.4989
4,9.7170,486,99,0,37.350323,0.373503,1.4989
4,9.7370,487,99,0,37.471558,0.374716,1.4989
4,9.7570,488,99,0,37.592552,0.375926,1.4989
4,9.7770,489,99,0,37.713299,0.377133,1.4989
4,9.7970,490,99,0,37.833809,0.378338,1.4989
4,9.8180,491,99,0,37.954079,0.379541,1.4989
4,9.8370,492,99,0,38.074108,0.380741,1.4989
4,9.8570,493,99,0,38.193901,0.381939,1.4989
4,9.8770,494,99,0,38.313454,0.383135,1.4989
4,9.8970,495,99,0,38.432766,0.384328,1.4989
4,9.9170,496,99,0,38.551842,0.385518,1.4989
4,9.9370,497,99,0,38.670677,0.386707,1.4989
4,9.9570,498,99,0,38.789280,0.387893,1.4989
4,9.9770,499,99,0,38.907646,0.389076,1.4989
4,9.9970,500,99,0,39.025772,0.390258,1.4989
4,10.0170,501,99,0,39.143658,0.391437,1.4989
4,10.0370,502,99,0,39.261318,0.392613,1.4989
4,10.0570,503,99,0,39.378738,0.393787,1.4989
4,10.0770,504,99,0,39.495926,0.394959,1.4989
4,10.0970,505,99,0,39.612881,0.396129,1.4989
4,10.1170,506,99,0,39.729599,0.397296,1.4989
4,10.1370,507,99,0,39.846085,0.398461,1.4989
4,10.1570,508,99,0,39.962341,0.399623,1.4989
4,10.1770,509,99,0,40.078362,0.400784,1.4989
4,10.1970,510,99,0,40.194153,0.401942,1.4989
4,10.2170,511,99,0,40.309715,0.403097,1.4989
4,10.2370,512,99,0,40.425049,0.404250,1.4989
4,10.2570,513,99,0,40.540146,0.405401,1.4989
4,10.2770,514,99,0,40.655014,0.406550,1.4989
4,10.2970,515,99,0,40.769657,0.407697,1.4989
4,10.3180,516,99,0,40.884071,0.408841,1.4989
4,10.3370,517,99,0,40.998257,0.409983,1.4989
4,10.3570,518,99,0,41.112213,0.411122,1.4989
4,10.3770,519,99,0,41.225937,0.412259,1.4989
4,10.3970,520,99,0,41.339439,0.413394,1.4989
4,10.4170,521,99,0,41.452713,0.414527,1.4989
4,10.4370,522,99,0,41.565762,0.415658,1.4989
4,10.4570,523,99,0,41.678585,0.416786,1.4989
4,10.4770,524,99,0,41.791183,0.417912,1.4989
4,10.4970,525,99,0,41.903557,0.419036,1.4989
4,10.5170,526,99,0,42.015709,0.420157,1.4989
4,10.5370,527,99,0,42.127632,0.421276,1.4989
4,10.5570,528,99,0,42.239334,0.422393,1.4989
4,10.5770,529,99,0,42.350811,0.423508,1.4989
4,10.5970,530,99,0,42.462067,0.424621,1.4989
4,10.6170,531,99,0,42.573101,0.425731,1.4989
4,10.6370,532,99,0,42.683914,0.426839,1.4989
4,10.6580,533,99,0,42.794506,0.427945,1.4989
4,10.6770,534,99,0,42.904873,0.429049,1.4989
4,10.6970,535,99,0,43.015022,0.430150,1.4989
4,10.7170,536,99,0,43.124954,0.431250,1.4989
4,10.7370,537,99,0,43.234665,0.432347,1.4989
4,10.7570,538,99,0,43.344158,0.433442,1.4989
4,10.7770,539,99,0,43.453430,0.434534,1.4989
4,10.7970,540,99,0,43.562485,0.435625,1.4989
4,10.8180,541,99,0,43.671322,0.436713,1.4989
4,10.8370,542,99,0,43.779938,0.437799,1.4989
4,10.8570,543,99,0,43.888340,0.438883,1.4989
4,10.8770,544,99,0,43.996529,0.439965,1.4989
4,10.8970,545,99,0,44.104500,0.441045,1.4989
4,10.9170,546,99,0,44.212250,0.442122,1.4989
4,10.9370,547,99,0,44.319790,0.443198,1.4989
4,10.9570,548,99,0,44.427113,0.444271,1.4989
4,10.9770,549,99,0,44.534225,0.445342,1.4989
4,10.9970,550,99,0,44.641121,0.446411,1.4989
4,11.0170,551,99,0,44.747803,0.447478,1.4989
4,11.0370,552,99,0,44.854271,0.448543,1.4989
4,11.0570,553,99,0,44.960529,0.449605,1.4989
4,11.0770,554,99,0,45.066574,0.450666,1.4989
4,11.0970,555,99,0,45.172409,0.451724,1.4989
4,11.1170,556,99,0,45.278027,0.452780,1.4989
4,11.1370,557,99,0,45.383442,0.453834,1.4989
4,11.1580,558,99,0,45.488644,0.454886,1.4989
4,11.1770,559,99,0,45.593628,0.455936,1.4989
4,11.1970,560,99,0,45.698406,0.456984,1.4989
4,11.2170,561,99,0,45.802979,0.458030,1.4989
4,11.2370,562,99,0,45.907337,0.459073,1.4989
4,11.2570,563,99,0,46.011494,0.460115,1.4989
4,11.2770,564,99,0,46.115440,0.461154,1.4989
4,11.2970,565,99,0,46.219177,0.462192,1.4989
4,11.3180,566,99,0,46.322708,0.463227,1.4989
4,11.3370,567,99,0,46.426033,0.464260,1.4989
4,11.3570,568,99,0,46.529152,0.465292,1.4989
4,11.3770,569,99,0,46.632061,0.466321,1.4989
4,11.3970,570,99,0,46.734768,0.467348,1.4989
4,11.4170,571,99,0,46.837269,0.468373,1.4989
4,11.4370,572,99,0,46.939568,0.469396,1.4989
4,11.4570,573,99,0,47.041653,0.470417,1.4989
4,11.4770,574,99,0,47.143543,0.471435,1.4989
4,11.4970,575,99,0,47.245232,0.472452,1.4989
4,11.5170,576,99,0,47.346710,0.473467,1.4989
4,11.5370,577,99,0,47.447990,0.474480,1.4989
4,11.5570,578,99,0,47.549068,0.475491,1.4989
4,11.5770,579,99,0,47.649940,0.476499,1.4989
4,11.5970,580,99,0,47.750618,0.477506,1.4989
4,11.6170,581,99,0,47.851086,0.478511,1.4989
4,11.6370,582,99,0,47.951359,0.479514,1.4989
4,11.6580,583,99,0,48.051426,0.480514,1.4989
4,11.6770,584,99,0,48.151295,0.481513,1.4989
4,11.6970,585,99,0,48.250969,0.482510,1.4989
4,11.7170,586,99,0,48.350441,0.483504,1.4989
4,11.7370,587,99,0,48.449711,0.484497,1.4989
4,11.7570,588,99,0,48.548786,0.485488,1.4989
4,11.7770,589,99,0,48.647663,0.486477,1.4989
4,11.7970,590,99,0,48.746342,0.487463,1.4989
4,11.8170,591,99,0,48.844826,0.488448,1.4989
4,11.8370,592,99,0,48.943111,0.489431,1.4989
4,11.8570,593,99,0,49.041199,0.490412,1.4989
4,11.8770,594,99,0,49.139091,0.491391,1.4989
4,11.8970,595,99,0,49.236794,0.492368,1.4989
4,11.9170,596,99,0,49.334293,0.493343,1.4989
4,11.9370,597,99,0,49.431602,0.494316,1.4989
4,11.9570,598,99,0,49.528713,0.495287,1.4989
4,11.9770,599,99,0,49.625633,0.496256,1.4989
4,11.9970,600,99,0,49.722355,0.497224,1.4989
4,12.0170,601,99,0,49.818890,0.498189,1.4989
4,12.0370,602,99,0,49.915230,0.499152,1.4989
4,12.0570,603,99,0,50.011372,0.500114,1.4989
4,12.0770,604,99,0,50.107330,0.501073,1.4989
4,12.0970,605,99,0,50.203094,0.502031,1.4989
4,12.1170,606,99,0,50.298668,0.502987,1.4989
4,12.1370,607,99,0,50.394047,0.503940,1.4989
4,12.1570,608,99,0,50.489235,0.504892,1.4989
4,12.1770,609,99,0,50.584232,0.505842,1.4989
4,12.1970,610,99,0,50.679043,0.506790,1.4989
4,12.2170,611,99,0,50.773666,0.507737,1.4989
4,12.2370,612,99,0,50.868095,0.508681,1.4989
4,12.2570,613,99,0,50.962341,0.509623,1.4989
4,12.2770,614,99,0,51.056393,0.510564,1.4989
4,12.2970,615,99,0,51.150261,0.511503,1.4989
4,12.3170,616,99,0,51.243938,0.512439,1.4989
4,12.3370,617,99,0,51.337433,0.513374,1.4989
4,12.3570,618,99,0,51.430740,0.514307,1.4989
4,12.3770,619,99,0,51.523861,0.515239,1.4989
4,12.3970,620,99,0,51.616795,0.516168,1.4989
4,12.4170,621,99,0,51.709538,0.517095,1.4989
4,12.4370,622,99,0,51.802101,0.518021,1.4989
4,12.4570,623,99,0,51.894474,0.518945,1.4989
4,12.4770,624,99,0,51.986668,0.519867,1.4989
4,12.4980,625,99,0,52.078674,0.520787,1.4989
4,12.5170,626,99,0,52.170498,0.521705,1.4989
4,12.5370,627,99,0,52.262138,0.522621,1.4989
4,12.5570,628,99,0,52.353596,0.523536,1.4989
4,12.5770,629,99,0,52.444878,0.524449,1.4989
4,12.5970,630,99,0,52.535969,0.525360,1.4989
4,12.6170,631,99,0,52.626877,0.526269,1.4989
4,12.6370,632,99,0,52.717606,0.527176,1.4989
4,12.6580,633,99,0,52.808151,0.528082,1.4989
4,12.6770,634,99,0,52.898518,0.528985,1.4989
4,12.6970,635,99,0,52.988705,0.529887,1.4989
4,12.7170,636,99,0,53.078712,0.530787,1.4989
4,12.7370,637,99,0,53.168533,0.531685,1.4989
4,12.7570,638,99,0,53.258179,0.532582,1.4989
4,12.7770,639,99,0,53.347641,0.533476,1.4989
4,12.7970,640,99,0,53.436932,0.534369,1.4989
4,12.8170,641,99,0,53.526043,0.535260,1.4989
4,12.8370,642,99,0,53.614971,0.536150,1.4989
4,12.8570,643,99,0,53.703724,0.537037,1.4989
4,12.8770,644,99,0,53.792305,0.537923,1.4989
4,12.8970,645,99,0,53.880703,0.538807,1.4989
4,12.9170,646,99,0,53.968925,0.539689,1.4989
4,12.9370,647,99,0,54.056973,0.540570,1.4989
4,12.9570,648,99,0,54.144840,0.541448,1.4989
4,12.9770,649,99,0,54.232536,0.542325,1.4989
4,12.9970,650,99,0,54.320053,0.543201,1.4989
4,13.0170,651,99,0,54.407398,0.544074,1.4989
4,13.0370,652,99,0,54.494572,0.544946,1.4989
4,13.0570,653,99,0,54.581566,0.545816,1.4989
4,13.0770,654,99,0,54.668388,0.546684,1.4989
4,13.0970,655,99,0,54.755035,0.547550,1.4989
4,13.1170,656,99,0,54.841507,0.548415,1.4989
4,13.1370,657,99,0,54.927811,0.549278,1.4989
4,13.1570,658,99,0,55.013943,0.550139,1.4989
4,13.1770,659,99,0,55.099899,0.550999,1.4989
4,13.1970,660,99,0,55.185680,0.551857,1.4989
4,13.2170,661,99,0,55.271297,0.552713,1.4989
4,13.2370,662,99,0,55.356739,0.553567,1.4989
4,13.2570,663,99,0,55.442013,0.554420,1.4989
4,13.2770,664,99,0,55.527119,0.555271,1.4989
4,13.2970,665,99,0,55.612045,0.556120,1.4989
4,13.3170,666,99,0,55.696808,0.556968,1.4989
4,13.3370,667,99,0,55.781399,0.557814,1.4989
4,13.3570,668,99,0,55.865822,0.558658,1.4989
4,13.3770,669,99,0,55.950081,0.559501,1.4989
4,13.3970,670,99,0,56.034168,0.560342,1.4989
4,13.4170,671,99,0,56.118084,0.561181,1.4989
4,13.4370,672,99,0,56.201832,0.562018,1.4989
4,13.4570,673,99,0,56.285419,0.562854,1.4989
4,13.4770,674,99,0,56.368832,0.563688,1.4989
4,13.4980,675,99,0,56.452087,0.564521,1.4989
4,13.5170,676,99,0,56.535168,0.565352,1.4989
4,13.5370,677,99,0,56.618084,0.566181,1.4989
4,13.5570,678,99,0,56.700836,0.567008,1.4989
4,13.5770,679,99,0,56.783421,0.567834,1.4989
4,13.5970,680,99,0,56.865845,0.568658,1.4989
4,13.6170,681,99,0,56.948097,0.569481,1.4989
4,13.6370,682,99,0,57.030190,0.570302,1.4989
4,13.6580,683,99,0,57.112118,0.571121,1.4989
4,13.6770,684,99,0,57.193878,0.571939,1.4989
4,13.6970,685,99,0,57.275478,0.572755,1.4989
4,13.7170,686,99,0,57.356915,0.573569,1.4989
4,13.7370,687,99,0,57.438190,0.574382,1.4989
4,13.7570,688,99,0,57.519302,0.575193,1.4989
4,13.7770,689,99,0,57.600250,0.576003,1.4989
4,13.7970,690,99,0,57.681038,0.576810,1.4989
4,13.8170,691,99,0,57.761665,0.577617,1.4989
4,13.8370,692,99,0,57.842133,0.578421,1.4989
4,13.8570,693,99,0,57.922436,0.579224,1.4989
4,13.8770,694,99,0,58.002579,0.580026,1.4989
4,13.8970,695,99,0,58.082561,0.580826,1.4989
4,13.9170,696,99,0,58.162384,0.581624,1.4989
4,13.9370,697,99,0,58.242046,0.582420,1.4989
4,13.9570,698,99,0,58.321556,0.583216,1.4989
4,13.9770,699,99,0,58.400902,0.584009,1.4989
4,13.9980,700,99,0,58.480087,0.584801,1.4989
4,14.0170,701,99,0,58.559116,0.585591,1.4989
4,14.0370,702,99,0,58.637985,0.586380,1.4989
4,14.0570,703,99,0,58.716702,0.587167,1.4989
4,14.0770,704,99,0,58.795258,0.587953,1.4989
4,14.0970,705,99,0,58.873653,0.588737,1.4989
4,14.1170,706,99,0,58.951897,0.589519,1.4989
4,14.1370,707,99,0,59.029980,0.590300,1.4989
4,14.1570,708,99,0,59.107910,0.591079,1.4989
4,14.1770,709,99,0,59.185684,0.591857,1.4989
4,14.1970,710,99,0,59.263302,0.592633,1.4989
4,14.2170,711,99,0,59.340767,0.593408,1.4989
4,14.2370,712,99,0,59.418076,0.594181,1.4989
4,14.2570,713,99,0,59.495228,0.594952,1.4989
4,14.2770,714,99,0,59.572227,0.595722,1.4989
4,14.2970,715,99,0,59.649075,0.596491,1.4989
4,14.3170,716,99,0,59.725765,0.597258,1.4989
4,14.3370,717,99,0,59.802303,0.598023,1.4989
4,14.3570,718,99,0,59.878693,0.598787,1.4989
4,14.3770,719,99,0,59.954922,0.599549,1.4989
4,14.3970,720,99,0,60.031002,0.600310,1.4989
4,14.4170,721,99,0,60.106926,0.601069,1.4989
4,14.4370,722,99,0,60.182709,0.601827,1.4989
4,14.4570,723,99,0,60.258331,0.602583,1.4989
4,14.4770,724,99,0,60.333805,0.603338,1.4989
4,14.4980,725,99,0,60.409130,0.604091,1.4989
4,14.5170,726,99,0,60.484303,0.604843,1.4989
4,14.5370,727,99,0,60.559326,0.605593,1.4989
4,14.5570,728,99,0,60.634197,0.606342,1.4989
4,14.5770,729,99,0,60.708920,0.607089,1.4989
4,14.5970,730,99,0,60.783493,0.607835,1.4989
4,14.6170,731,99,0,60.857918,0.608579,1.4989
4,14.6370,732,99,0,60.932194,0.609322,1.4989
4,14.6570,733,99,0,61.006321,0.610063,1.4989
4,14.6770,734,99,0,61.080299,0.610803,1.4989
4,14.6970,735,99,0,61.154129,0.611541,1.4989
4,14.7170,736,99,0,61.227818,0.612278,1.4989
4,14.7370,737,99,0,61.301353,0.613014,1.4989
4,14.7570,738,99,0,61.374741,0.613747,1.4989
4,14.7770,739,99,0,61.447983,0.614480,1.4989
4,14.7970,740,99,0,61.521076,0.615211,1.4989
4,14.8170,741,99,0,61.594025,0.615940,1.4989
4,14.8370,742,99,0,61.666832,0.616668,1.4989
4,14.8570,743,99,0,61.739491,0.617395,1.4989
4,14.8770,744,99,0,61.812008,0.618120,1.4989
4,14.8970,745,99,0,61.884377,0.618844,1.4989
4,14.9170,746,99,0,61.956600,0.619566,1.4989
4,14.9370,747,99,0,62.028679,0.620287,1.4989
4,14.9570,748,99,0,62.100616,0.621006,1.4989
4,14.9770,749,99,0,62.172405,0.621724,1.4989
4,14.9980,750,99,0,62.244057,0.622441,1.4989
4,15.0170,751,99,0,62.315559,0.623156,1.4989
4,15.0370,752,99,0,62.386921,0.623869,1.4989
4,15.0570,753,99,0,62.458138,0.624581,1.4989
4,15.0770,754,99,0,62.529213,0.625292,1.4989
4,15.0970,755,99,0,62.600151,0.626002,1.4989
4,15.1170,756,99,0,62.670940,0.626709,1.4989
4,15.1370,757,99,0,62.741589,0.627416,1.4989
4,15.1570,758,99,0,62.812099,0.628121,1.4989
4,15.1770,759,99,0,62.882465,0.628825,1.4989
4,15.1970,760,99,0,62.952698,0.629527,1.4989
4,15.2170,761,99,0,63.022781,0.630228,1.4989
4,15.2370,762,99,0,63.092731,0.630927,1.4989
4,15.2570,763,99,0,63.162540,0.631625,1.4989
4,15.2770,764,99,0,63.232204,0.632322,1.4989
4,15.2970,765,99,0,63.301735,0.633017,1.4989
4,15.3170,766,99,0,63.371124,0.633711,1.4989
4,15.3380,767,99,0,63.440376,0.634404,1.4989
4,15.3570,768,99,0,63.509487,0.635095,1.4989
4,15.3770,769,99,0,63.578461,0.635785,1.4989
4,15.3970,770,99,0,63.647297,0.636473,1.4989
4,15.4170,771,99,0,63.715996,0.637160,1.4989
4,15.4370,772,99,0,63.784554,0.637846,1.4989
4,15.4570,773,99,0,63.852978,0.638530,1.4989
4,15.4770,774,99,0,63.921268,0.639213,1.4989
4,15.4970,775,99,0,63.989414,0.639894,1.4989
4,15.5170,776,99,0,64.057434,0.640574,1.4989
4,15.5370,777,99,0,64.125313,0.641253,1.4989
4,15.5570,778,99,0,64.193062,0.641931,1.4989
4,15.5770,779,99,0,64.260666,0.642607,1.4989
4,15.5970,780,99,0,64.328140,0.643281,1.4989
4,15.6170,781,99,0,64.395477,0.643955,1.4989
4,15.6370,782,99,0,64.462685,0.644627,1.4989
4,15.6570,783,99,0,64.529747,0.645297,1.4989
4,15.6770,784,99,0,64.596687,0.645967,1.4989
4,15.6970,785,99,0,64.663490,0.646635,1.4989
4,15.7170,786,99,0,64.730156,0.647302,1.4989
4,15.7370,787,99,0,64.796692,0.647967,1.4989
4,15.7570,788,99,0,64.863091,0.648631,1.4989
4,15.7770,789,99,0,64.929359,0.649294,1.4989
4,15.7970,790,99,0,64.995499,0.649955,1.4989
4,15.8170,791,99,0,65.061501,0.650615,1.4989
4,15.8380,792,99,0,65.127365,0.651274,1.4989
4,15.8570,793,99,0,65.193108,0.651931,1.4989
4,15.8770,794,99,0,65.258720,0.652587,1.4989
4,15.8970,795,99,0,65.324196,0.653242,1.4989
4,15.9170,796,99,0,65.389542,0.653895,1.4989
4,15.9370,797,99,0,65.454758,0.654548,1.4989
4,15.9570,798,99,0,65.519836,0.655198,1.4989
4,15.9770,799,99,0,65.584793,0.655848,1.4989
4,15.9970,800,99,0,65.649612,0.656496,1.4989
4,16.0170,801,99,0,65.714317,0.657143,1.4989
4,16.0370,802,99,0,65.778877,0.657789,1.4989
4,16.0570,803,99,0,65.843315,0.658433,1.4989
4,16.0770,804,99,0,65.907616,0.659076,1.4989
4,16.0970,805,99,0,65.971794,0.659718,1.4989
4,16.1170,806,99,0,66.035843,0.660358,1.4989
4,16.1370,807,99,0,66.099770,0.660998,1.4989
4,16.1570,808,99,0,66.163567,0.661636,1.4989
4,16.1770,809,99,0,66.227234,0.662272,1.4989
4,16.1970,810,99,0,66.290771,0.662908,1.4989
4,16.2170,811,99,0,66.354187,0.663542,1.4989
4,16.2370,812,99,0,66.417473,0.664175,1.4989
4,16.2570,813,99,0,66.480637,0.664806,1.4989
4,16.2770,814,99,0,66.543663,0.665437,1.4989
4,16.2970,815,99,0,66.606575,0.666066,1.4989
4,16.3170,816,99,0,66.669357,0.666694,1.4989
4,16.3380,817,99,0,66.732018,0.667320,1.4989
4,16.3570,818,99,0,66.794548,0.667945,1.4989
4,16.3770,819,99,0,66.856949,0.668569,1.4989
4,16.3970,820,99,0,66.919243,0.669192,1.4989
4,16.4170,821,99,0,66.981392,0.669814,1.4989
4,16.4370,822,99,0,67.043427,0.670434,1.4989
4,16.4570,823,99,0,67.105331,0.671053,1.4989
4,16.4770,824,99,0,67.167114,0.671671,1.4989
4,16.4970,825,99,0,67.228783,0.672288,1.4989
4,16.5170,826,99,0,67.290314,0.672903,1.4989
4,16.5370,827,99,0,67.351730,0.673517,1.4989
4,16.5570,828,99,0,67.413025,0.674130,1.4989
4,16.5770,829,99,0,67.474197,0.674742,1.4989
4,16.5970,830,99,0,67.535248,0.675352,1.4989
4,16.6170,831,99,0,67.596176,0.675962,1.4989
4,16.6370,832,99,0,67.656982,0.676570,1.4989
4,16.6570,833,99,0,67.717659,0.677177,1.4989
4,16.6780,834,99,0,67.778221,0.677782,1.4989
4,16.6970,835,99,0,67.838661,0.678387,1.4989
4,16.7170,836,99,0,67.898979,0.678990,1.4989
4,16.7370,837,99,0,67.959175,0.679592,1.4989
4,16.7570,838,99,0,68.019257,0.680193,1.4989
4,16.7770,839,99,0,68.079216,0.680792,1.4989
4,16.7970,840,99,0,68.139053,0.681391,1.4989
4,16.8170,841,99,0,68.198769,0.681988,1.4989
4,16.8380,842,99,0,68.258369,0.682584,1.4989
4,16.8570,843,99,0,68.317841,0.683178,1.4989
4,16.8770,844,99,0,68.377213,0.683772,1.4989
4,16.8970,845,99,0,68.436455,0.684365,1.4989
4,16.9170,846,99,0,68.495567,0.684956,1.4989
4,16.9370,847,99,0,68.554573,0.685546,1.4989
4,16.9570,848,99,0,68.613457,0.686135,1.4989
4,16.9770,849,99,0,68.672234,0.686722,1.4989
4,16.9970,850,99,0,68.730888,0.687309,1.4989
4,17.0170,851,99,0,68.789413,0.687894,1.4989
4,17.0370,852,99,0,68.847832,0.688478,1.4989
4,17.0570,853,99,0,68.906136,0.689061,1.4989
4,17.0770,854,99,0,68.964325,0.689643,1.4989
4,17.0970,855,99,0,69.022385,0.690224,1.4989
4,17.1170,856,99,0,69.080338,0.690803,1.4989
4,17.1370,857,99,0,69.138176,0.691382,1.4989
4,17.1570,858,99,0,69.195900,0.691959,1.4989
4,17.1780,859,99,0,69.253502,0.692535,1.4989
4,17.1970,860,99,0,69.310982,0.693110,1.4989
4,17.2170,861,99,0,69.368362,0.693684,1.4989
4,17.2370,862,99,0,69.425613,0.694256,1.4989
4,17.2570,863,99,0,69.482765,0.694828,1.4989
4,17.2770,864,99,0,69.539795,0.695398,1.4989
4,17.2970,865,99,0,69.596710,0.695967,1.4989
4,17.3170,866,99,0,69.653503,0.696535,1.4989
4,17.3380,867,99,0,69.710197,0.697102,1.4989
4,17.3570,868,99,0,69.766777,0.697668,1.4989
4,17.3770,869,99,0,69.823242,0.698232,1.4989
4,17.3970,870,99,0,69.879601,0.698796,1.4989
4,17.4170,871,99,0,69.935829,0.699358,1.4989
4,17.4370,872,99,0,69.991951,0.699920,1.4989
4,17.4570,873,99,0,70.047966,0.700480,1.4989
4,17.4770,874,99,0,70.103874,0.701039,1.4989
4,17.4970,875,99,0,70.159660,0.701597,1.4989
4,17.5170,876,99,0,70.215332,0.702153,1.4989
4,17.5370,877,99,0,70.270905,0.702709,1.4989
4,17.5570,878,99,0,70.326363,0.703264,1.4989
4,17.5770,879,99,0,70.381706,0.703817,1.4989
4,17.5970,880,99,0,70.436935,0.704369,1.4989
4,17.6170,881,99,0,70.492065,0.704921,1.4989
4,17.6370,882,99,0,70.547073,0.705471,1.4989
4,17.6570,883,99,0,70.601982,0.706020,1.4989
4,17.6770,884,99,0,70.656776,0.706568,1.4989
4,17.6970,885,99,0,70.711456,0.707115,1.4989
4,17.7170,886,99,0,70.766037,0.707660,1.4989
4,17.7370,887,99,0,70.820496,0.708205,1.4989
4,17.7570,888,99,0,70.874855,0.708749,1.4989
4,17.7770,889,99,0,70.929100,0.709291,1.4989
4,17.7970,890,99,0,70.983238,0.709832,1.4989
4,17.8170,891,99,0,71.037270,0.710373,1.4989
4,17.8370,892,99,0,71.091202,0.710912,1.4989
4,17.8570,893,99,0,71.145004,0.711450,1.4989
4,17.8770,894,99,0,71.198708,0.711987,1.4989
4,17.8970,895,99,0,71.252312,0.712523,1.4989
4,17.9170,896,99,0,71.305801,0.713058,1.4989
4,17.9370,897,99,0,71.359192,0.713592,1.4989
4,17.9570,898,99,0,71.412468,0.714125,1.4989
4,17.9770,899,99,0,71.465630,0.714656,1.4989
4,17.9970,900,99,0,71.518700,0.715187,1.4989
4,18.0180,901,99,0,71.571655,0.715717,1.4989
4,18.0370,902,99,0,71.624512,0.716245,1.4989
4,18.0570,903,99,0,71.677261,0.716773,1.4989
4,18.0770,904,99,0,71.729904,0.717299,1.4989
4,18.0970,905,99,0,71.782440,0.717824,1.4989
4,18.1170,906,99,0,71.834869,0.718349,1.4989
4,18.1370,907,99,0,71.887199,0.718872,1.4989
4,18.1570,908,99,0,71.939423,0.719394,1.4989
4,18.1780,909,99,0,71.991539,0.719915,1.4989
4,18.1970,910,99,0,72.043549,0.720435,1.4989
4,18.2170,911,99,0,72.095459,0.720955,1.4989
4,18.2370,912,99,0,72.147270,0.721473,1.4989
4,18.2570,913,99,0,72.198975,0.721990,1.4989
4,18.2770,914,99,0,72.250572,0.722506,1.4989
4,18.2970,915,99,0,72.302071,0.723021,1.4989
4,18.3170,916,99,0,72.353462,0.723535,1.4989
4,18.3380,917,99,0,72.404755,0.724048,1.4989
4,18.3570,918,99,0,72.455940,0.724559,1.4989
4,18.3770,919,99,0,72.507034,0.725070,1.4989
4,18.3970,920,99,0,72.558014,0.725580,1.4989
4,18.4170,921,99,0,72.608902,0.726089,1.4989
4,18.4370,922,99,0,72.659683,0.726597,1.4989
4,18.4570,923,99,0,72.710358,0.727104,1.4989
4,18.4770,924,99,0,72.760933,0.727609,1.4989
4,18.4970,925,99,0,72.811417,0.728114,1.4989
4,18.5170,926,99,0,72.861786,0.728618,1.4989
4,18.5370,927,99,0,72.912056,0.729121,1.4989
4,18.5570,928,99,0,72.962234,0.729622,1.4989
4,18.5770,929,99,0,73.012306,0.730123,1.4989
4,18.5970,930,99,0,73.062279,0.730623,1.4989
4,18.6170,931,99,0,73.112152,0.731122,1.4989
4,18.6370,932,99,0,73.161934,0.731619,1.4989
4,18.6570,933,99,0,73.211609,0.732116,1.4989
4,18.6780,934,99,0,73.261192,0.732612,1.4989
4,18.6970,935,99,0,73.310669,0.733107,1.4989
4,18.7170,936,99,0,73.360054,0.733601,1.4989
4,18.7370,937,99,0,73.409332,0.734093,1.4989
4,18.7570,938,99,0,73.458511,0.734585,1.4989
4,18.7770,939,99,0,73.507591,0.735076,1.4989
4,18.7970,940,99,0,73.556580,0.735566,1.4989
4,18.8170,941,99,0,73.605461,0.736055,1.4989
4,18.8370,942,99,0,73.654251,0.736543,1.4989
4,18.8570,943,99,0,73.702934,0.737029,1.4989
4,18.8770,944,99,0,73.751526,0.737515,1.4989
4,18.8970,945,99,0,73.800026,0.738000,1.4989
4,18.9170,946,99,0,73.848419,0.738484,1.4989
4,18.9370,947,99,0,73.896729,0.738967,1.4989
4,18.9570,948,99,0,73.944931,0.739449,1.4989
4,18.9770,949,99,0,73.993034,0.739930,1.4989
4,18.9970,950,99,0,74.041054,0.740411,1.4989
4,19.0180,951,99,0,74.088966,0.740890,1.4989
4,19.0370,952,99,0,74.136787,0.741368,1.4989
4,19.0570,953,99,0,74.184517,0.741845,1.4989
4,19.0770,954,99,0,74.232140,0.742321,1.4989
4,19.0970,955,99,0,74.279678,0.742797,1.4989
4,19.1170,956,99,0,74.327118,0.743271,1.4989
4,19.1370,957,99,0,74.374458,0.743745,1.4989
4,19.1570,958,99,0,74.421715,0.744217,1.4989
4,19.1780,959,99,0,74.468864,0.744689,1.4989
4,19.1970,960,99,0,74.515930,0.745159,1.4989
4,19.2170,961,99,0,74.562897,0.745629,1.4989
4,19.2370,962,99,0,74.609772,0.746098,1.4989
4,19.2570,963,99,0,74.656548,0.746565,1.4989
4,19.2770,964,99,0,74.703239,0.747032,1.4989
4,19.2970,965,99,0,74.749825,0.747498,1.4989
4,19.3170,966,99,0,74.796318,0.747963,1.4989
4,19.3370,967,99,0,74.842728,0.748427,1.4989
4,19.3570,968,99,0,74.889038,0.748890,1.4989
4,19.3770,969,99,0,74.935265,0.749353,1.4989
4,19.3970,970,99,0,74.981392,0.749814,1.4989
4,19.4170,971,99,0,75.027435,0.750274,1.4989
4,19.4370,972,99,0,75.073372,0.750734,1.4989
4,19.4570,973,99,0,75.119217,0.751192,1.4989
4,19.4770,974,99,0,75.164978,0.751650,1.4989
4,19.4970,975,99,0,75.210640,0.752106,1.4989
4,19.5180,976,99,0,75.256218,0.752562,1.4989
4,19.5370,977,99,0,75.301704,0.753017,1.4989
4,19.5570,978,99,0,75.347107,0.753471,1.4989
4,19.5770,979,99,0,75.392418,0.753924,1.4989
4,19.5970,980,99,0,75.437630,0.754376,1.4989
4,19.6170,981,99,0,75.482750,0.754827,1.4989
4,19.6370,982,99,0,75.527779,0.755278,1.4989
4,19.6570,983,99,0,75.572723,0.755727,1.4989
4,19.6770,984,99,0,75.617584,0.756176,1.4989
4,19.6970,985,99,0,75.662346,0.756623,1.4989
4,19.7170,986,99,0,75.707024,0.757070,1.4989
4,19.7370,987,99,0,75.751602,0.757516,1.4989
4,19.7570,988,99,0,75.796104,0.757961,1.4989
4,19.7770,989,99,0,75.840515,0.758405,1.4989
4,19.7970,990,99,0,75.884827,0.758848,1.4989
4,19.8170,991,99,0,75.929054,0.759291,1.4989
4,19.8370,992,99,0,75.973198,0.759732,1.4989
4,19.8570,993,99,0,76.017250,0.760173,1.4989
4,19.8770,994,99,0,76.061218,0.760612,1.4989
4,19.8970,995,99,0,76.105087,0.761051,1.4989
4,19.9170,996,99,0,76.148880,0.761489,1.4989
4,19.9370,997,99,0,76.192581,0.761926,1.4989
4,19.9570,998,99,0,76.236191,0.762362,1.4989
4,19.9770,999,99,0,76.279716,0.762797,1.4989
4,19.9970,1000,99,0,76.323158,0.763232,1.4989
4,20.0180,1001,99,0,76.366508,0.763665,1.4989
4,20.0370,1002,99,0,76.409775,0.764098,1.4989
4,20.0570,1003,99,0,76.452957,0.764530,1.4989
4,20.0770,1004,99,0,76.496048,0.764960,1.4989
4,20.0970,1005,99,0,76.539055,0.765391,1.4989
4,20.1170,1006,99,0,76.581970,0.765820,1.4989
4,20.1370,1007,99,0,76.624809,0.766248,1.4989
4,20.1570,1008,99,0,76.667557,0.766676,1.4989
4,20.1770,1009,99,0,76.710228,0.767102,1.4989
4,20.1970,1010,99,0,76.752800,0.767528,1.4989
4,20.2170,1011,99,0,76.795296,0.767953,1.4989
4,20.2370,1012,99,0,76.837708,0.768377,1.4989
4,20.2570,1013,99,0,76.880028,0.768800,1.4989
4,20.2770,1014,99,0,76.922264,0.769223,1.4989
4,20.2970,1015,99,0,76.964424,0.769644,1.4989
4,20.3170,1016,99,0,77.006500,0.770065,1.4989
4,20.3370,1017,99,0,77.048485,0.770485,1.4989
4,20.3580,1018,99,0,77.090393,0.770904,1.4989
4,20.3770,1019,99,0,77.132210,0.771322,1.4989
4,20.3970,1020,99,0,77.173950,0.771740,1.4989
4,20.4170,1021,99,0,77.215607,0.772156,1.4989
4,20.4370,1022,99,0,77.257172,0.772572,1.4989
4,20.4570,1023,99,0,77.298660,0.772987,1.4989
4,20.4770,1024,99,0,77.340057,0.773401,1.4989
4,20.4970,1025,99,0,77.381378,0.773814,1.4989
4,20.5180,1026,99,0,77.422615,0.774226,1.4989
4,20.5370,1027,99,0,77.463768,0.774638,1.4989
4,20.5570,1028,99,0,77.504845,0.775048,1.4989
4,20.5770,1029,99,0,77.545830,0.775458,1.4989
4,20.5970,1030,99,0,77.586739,0.775867,1.4989
4,20.6170,1031,99,0,77.627563,0.776276,1.4989
4,20.6370,1032,99,0,77.668312,0.776683,1.4989
4,20.6570,1033,99,0,77.708977,0.777090,1.4989
4,20.6770,1034,99,0,77.749557,0.777496,1.4989
4,20.6970,1035,99,0,77.790054,0.777901,1.4989
4,20.7170,1036,99,0,77.830467,0.778305,1.4989
4,20.7370,1037,99,0,77.870811,0.778708,1.4989
4,20.7570,1038,99,0,77.911072,0.779111,1.4989
4,20.7770,1039,99,0,77.951248,0.779512,1.4989
4,20.7970,1040,99,0,77.991348,0.779913,1.4989
4,20.8170,1041,99,0,78.031357,0.780314,1.4989
4,20.8370,1042,99,0,78.071297,0.780713,1.4989
4,20.8580,1043,99,0,78.111160,0.781112,1.4989
4,20.8770,1044,99,0,78.150940,0.781509,1.4989
4,20.8970,1045,99,0,78.190636,0.781906,1.4989
4,20.9170,1046,99,0,78.230255,0.782303,1.4989
4,20.9370,1047,99,0,78.269791,0.782698,1.4989
4,20.9570,1048,99,0,78.309242,0.783092,1.4989
4,20.9770,1049,99,0,78.348633,0.783486,1.4989
4,20.9970,1050,99,0,78.387932,0.783879,1.4989
4,21.0170,1051,99,0,78.427162,0.784272,1.4989
4,21.0370,1052,99,0,78.466301,0.784663,1.4989
4,21.0570,1053,99,0,78.505371,0.785054,1.4989
4,21.0770,1054,99,0,78.544365,0.785444,1.4989
4,21.0970,1055,99,0,78.583267,0.785833,1.4989
4,21.1170,1056,99,0,78.622101,0.786221,1.4989
4,21.1370,1057,99,0,78.660851,0.786609,1.4989
4,21.1570,1058,99,0,78.699532,0.786995,1.4989
4,21.1770,1059,99,0,78.738129,0.787381,1.4989
4,21.1980,1060,99,0,78.776657,0.787767,1.4989
4,21.2170,1061,99,0,78.815109,0.788151,1.4989
4,21.2370,1062,99,0,78.853485,0.788535,1.4989
4,21.2570,1063,99,0,78.891769,0.788918,1.4989
4,21.2770,1064,99,0,78.929985,0.789300,1.4989
4,21.2970,1065,99,0,78.968124,0.789681,1.4989
4,21.3170,1066,99,0,79.006180,0.790062,1.4989
4,21.3370,1067,99,0,79.044167,0.790442,1.4989
4,21.3570,1068,99,0,79.082077,0.790821,1.4989
4,21.3770,1069,99,0,79.119911,0.791199,1.4989
4,21.3970,1070,99,0,79.157677,0.791577,1.4989
4,21.4170,1071,99,0,79.195358,0.791954,1.4989
4,21.4370,1072,99,0,79.232971,0.792330,1.4989
4,21.4570,1073,99,0,79.270508,0.792705,1.4989
4,21.4770,1074,99,0,79.307961,0.793080,1.4989
4,21.4970,1075,99,0,79.345345,0.793453,1.4989
4,21.5170,1076,99,0,79.382660,0.793827,1.4989
4,21.5370,1077,99,0,79.419899,0.794199,1.4989
4,21.5570,1078,99,0,79.457054,0.794571,1.4989
4,21.5770,1079,99,0,79.494141,0.794941,1.4989
4,21.5970,1080,99,0,79.531158,0.795312,1.4989
4,21.6170,1081,99,0,79.568092,0.795681,1.4989
4,21.6370,1082,99,0,79.604958,0.796050,1.4989
4,21.6570,1083,99,0,79.641747,0.796417,1.4989
4,21.6770,1084,99,0,79.678459,0.796785,1.4989
4,21.6970,1085,99,0,79.715103,0.797151,1.4989
4,21.7170,1086,99,0,79.751678,0.797517,1.4989
4,21.7370,1087,99,0,79.788170,0.797882,1.4989
4,21.7570,1088,99,0,79.824593,0.798246,1.4989
4,21.7770,1089,99,0,79.860947,0.798609,1.4989
4,21.7970,1090,99,0,79.897224,0.798972,1.4989
4,21.8170,1091,99,0,79.933426,0.799334,1.4989
4,21.8370,1092,99,0,79.969559,0.799696,1.4989
4,21.8580,1093,99,0,80.005623,0.800056,1.4989
4,21.8770,1094,99,0,80.041603,0.800416,1.4989
4,21.8970,1095,99,0,80.077522,0.800775,1.4989
4,21.9170,1096,99,0,80.113373,0.801134,1.4989
4,21.9370,1097,99,0,80.149139,0.801491,1.4989
4,21.9570,1098,99,0,80.184845,0.801848,1.4989
4,21.9770,1099,99,0,80.220474,0.802205,1.4989
4,21.9970,1100,99,0,80.256035,0.802560,1.4989
4,22.0170,1101,99,0,80.291519,0.802915,1.4989
4,22.0370,1102,99,0,80.326935,0.803269,1.4989
4,22.0570,1103,99,0,80.362282,0.803623,1.4989
4,22.0770,1104,99,0,80.397560,0.803976,1.4989
4,22.0970,1105,99,0,80.432762,0.804328,1.4989
4,22.1170,1106,99,0,80.467888,0.804679,1.4989
4,22.1370,1107,99,0,80.502960,0.805030,1.4989
4,22.1570,1108,99,0,80.537949,0.805379,1.4989
4,22.1770,1109,99,0,80.572876,0.805729,1.4989
4,22.1970,1110,99,0,80.607735,0.806077,1.4989
4,22.2170,1111,99,0,80.642517,0.806425,1.4989
4,22.2370,1112,99,0,80.677231,0.806772,1.4989
4,22.2570,1113,99,0,80.711876,0.807119,1.4989
4,22.2770,1114,99,0,80.746452,0.807465,1.4989
4,22.2970,1115,99,0,80.780960,0.807810,1.4989
4,22.3170,1116,99,0,80.815392,0.808154,1.4989
4,22.3370,1117,99,0,80.849762,0.808498,1.4989
4,22.3580,1118,99,0,80.884056,0.808841,1.4989
4,22.3770,1119,99,0,80.918289,0.809183,1.4989
4,22.3970,1120,99,0,80.952454,0.809525,1.4989
4,22.4170,1121,99,0,80.986549,0.809865,1.4989
4,22.4370,1122,99,0,81.020569,0.810206,1.4989
4,22.4570,1123,99,0,81.054527,0.810545,1.4989
4,22.4770,1124,99,0,81.088417,0.810884,1.4989
4,22.4970,1125,99,0,81.122246,0.811222,1.4989
4,22.5170,1126,99,0,81.155998,0.811560,1.4989
4,22.5370,1127,99,0,81.189690,0.811897,1.4989
4,22.5570,1128,99,0,81.223312,0.812233,1.4989
4,22.5770,1129,99,0,81.256866,0.812569,1.4989
4,22.5970,1130,99,0,81.290344,0.812903,1.4989
4,22.6170,1131,99,0,81.323769,0.813238,1.4989
4,22.6370,1132,99,0,81.357124,0.813571,1.4989
4,22.6570,1133,99,0,81.390411,0.813904,1.4989
4,22.6770,1134,99,0,81.423630,0.814236,1.4989
4,22.6980,1135,99,0,81.456779,0.814568,1.4989
4,22.7170,1136,99,0,81.489868,0.814899,1.4989
4,22.7370,1137,99,0,81.522881,0.815229,1.4989
4,22.7570,1138,99,0,81.555840,0.815558,1.4989
4,22.7770,1139,99,0,81.588730,0.815887,1.4989
4,22.7970,1140,99,0,81.621552,0.816216,1.4989
4,22.8170,1141,99,0,81.654312,0.816543,1.4989
4,22.8370,1142,99,0,81.687004,0.816870,1.4989
4,22.8580,1143,99,0,81.719635,0.817196,1.4989
4,22.8770,1144,99,0,81.752190,0.817522,1.4989
4,22.8970,1145,99,0,81.784691,0.817847,1.4989
4,22.9170,1146,99,0,81.817116,0.818171,1.4989
4,22.9370,1147,99,0,81.849495,0.818495,1.4989
4,22.9570,1148,99,0,81.881790,0.818818,1.4989
4,22.9770,1149,99,0,81.914032,0.819140,1.4989
4,22.9970,1150,99,0,81.946198,0.819462,1.4989
4,23.0170,1151,99,0,81.978310,0.819783,1.4989
4,23.0370,1152,99,0,82.010353,0.820104,1.4989
4,23.0570,1153,99,0,82.042336,0.820423,1.4989
4,23.0770,1154,99,0,82.074242,0.820742,1.4989
4,23.0970,1155,99,0,82.106094,0.821061,1.4989
4,23.1170,1156,99,0,82.137886,0.821379,1.4989
4,23.1370,1157,99,0,82.169609,0.821696,1.4989
4,23.1570,1158,99,0,82.201271,0.822013,1.4989
4,23.1770,1159,99,0,82.232872,0.822329,1.4989
4,23.1970,1160,99,0,82.264404,0.822644,1.4989
4,23.2170,1161,99,0,82.295876,0.822959,1.4989
4,23.2370,1162,99,0,82.327286,0.823273,1.4989
4,23.2570,1163,99,0,82.358635,0.823586,1.4989
4,23.2770,1164,99,0,82.389923,0.823899,1.4989
4,23.2970,1165,99,0,82.421135,0.824211,1.4989
4,23.3170,1166,99,0,82.452293,0.824523,1.4989
4,23.3370,1167,99,0,82.483391,0.824834,1.4989
4,23.3570,1168,99,0,82.514420,0.825144,1.4989
4,23.3770,1169,99,0,82.545395,0.825454,1.4989
4,23.3970,1170,99,0,82.576309,0.825763,1.4989
4,23.4170,1171,99,0,82.607155,0.826072,1.4989
4,23.4370,1172,99,0,82.637939,0.826379,1.4989
4,23.4570,1173,99,0,82.668663,0.826687,1.4989
4,23.4770,1174,99,0,82.699318,0.826993,1.4989
4,23.4970,1175,99,0,82.729919,0.827299,1.4989
4,23.5170,1176,99,0,82.760460,0.827605,1.4989
4,23.5370,1177,99,0,82.790939,0.827909,1.4989
4,23.5570,1178,99,0,82.821350,0.828214,1.4989
4,23.5770,1179,99,0,82.851707,0.828517,1.4989
4,23.5970,1180,99,0,82.882004,0.828820,1.4989
4,23.6170,1181,99,0,82.912239,0.829122,1.4989
4,23.6370,1182,99,0,82.942413,0.829424,1.4989
4,23.6570,1183,99,0,82.972534,0.829725,1.4989
4,23.6770,1184,99,0,83.002594,0.830026,1.4989
4,23.6980,1185,99,0,83.032585,0.830326,1.4989
4,23.7170,1186,99,0,83.062523,0.830625,1.4989
4,23.7370,1187,99,0,83.092400,0.830924,1.4989
4,23.7570,1188,99,0,83.122208,0.831222,1.4989
4,23.7770,1189,99,0,83.151962,0.831520,1.4989
4,23.7970,1190,99,0,83.181664,0.831817,1.4989
4,23.8170,1191,99,0,83.211304,0.832113,1.4989
4,23.8370,1192,99,0,83.240883,0.832409,1.4989
4,23.8570,1193,99,0,83.270393,0.832704,1.4989
4,23.8770,1194,99,0,83.299858,0.832999,1.4989
4,23.8970,1195,99,0,83.329262,0.833293,1.4989
4,23.9170,1196,99,0,83.358604,0.833586,1.4989
4,23.9370,1197,99,0,83.387886,0.833879,1.4989
4,23.9570,1198,99,0,83.417114,0.834171,1.4989
4,23.9770,1199,99,0,83.446281,0.834463,1.4989
4,23.9970,1200,99,0,83.475380,0.834754,1.4989
4,24.0170,1201,99,0,83.504433,0.835044,1.4989
4,24.0370,1202,99,0,83.533424,0.835334,1.4989
4,24.0570,1203,99,0,83.562363,0.835624,1.4989
4,24.0770,1204,99,0,83.591232,0.835912,1.4989
4,24.0970,1205,99,0,83.620049,0.836200,1.4989
4,24.1170,1206,99,0,83.648811,0.836488,1.4989
4,24.1370,1207,99,0,83.677513,0.836775,1.4989
4,24.1570,1208,99,0,83.706154,0.837062,1.4989
4,24.1770,1209,99,0,83.734741,0.837347,1.4989
4,24.1980,1210,99,0,83.763283,0.837633,1.4989
4,24.2170,1211,99,0,83.791748,0.837917,1.4989
4,24.2370,1212,99,0,83.820168,0.838202,1.4989
4,24.2570,1213,99,0,83.848526,0.838485,1.4989
4,24.2770,1214,99,0,83.876831,0.838768,1.4989
4,24.2970,1215,99,0,83.905083,0.839051,1.4989
4,24.3170,1216,99,0,83.933266,0.839333,1.4989
4,24.3370,1217,99,0,83.961403,0.839614,1.4989
4,24.3570,1218,99,0,83.989479,0.839895,1.4989
4,24.3770,1219,99,0,84.017502,0.840175,1.4989
4,24.3970,1220,99,0,84.045471,0.840455,1.4989
4,24.4170,1221,99,0,84.073380,0.840734,1.4989
4,24.4370,1222,99,0,84.101234,0.841012,1.4989
4,24.4570,1223,99,0,84.129028,0.841290,1.4989
4,24.4770,1224,99,0,84.156769,0.841568,1.4989
4,24.4970,1225,99,0,84.184456,0.841845,1.4989
4,24.5170,1226,99,0,84.212082,0.842121,1.4989
4,24.5380,1227,99,0,84.239662,0.842397,1.4989
4,24.5570,1228,99,0,84.267181,0.842672,1.4989
4,24.5770,1229,99,0,84.294647,0.842946,1.4989
4,24.5970,1230,99,0,84.322060,0.843221,1.4989
4,24.6170,1231,99,0,84.349419,0.843494,1.4989
4,24.6370,1232,99,0,84.376724,0.843767,1.4989
4,24.6570,1233,99,0,84.403969,0.844040,1.4989
4,24.6770,1234,99,0,84.431160,0.844312,1.4989
4,24.6970,1235,99,0,84.458298,0.844583,1.4989
4,24.7170,1236,99,0,84.485382,0.844854,1.4989
4,24.7370,1237,99,0,84.512413,0.845124,1.4989
4,24.7570,1238,99,0,84.539391,0.845394,1.4989
4,24.7770,1239,99,0,84.566315,0.845663,1.4989
4,24.7970,1240,99,0,84.593178,0.845932,1.4989
4,24.8170,1241,99,0,84.620003,0.846200,1.4989
4,24.8370,1242,99,0,84.646759,0.846468,1.4989
4,24.8570,1243,99,0,84.673470,0.846735,1.4989
4,24.8780,1244,99,0,84.700127,0.847001,1.4989
4,24.8970,1245,99,0,84.726730,0.847267,1.4989
4,24.9170,1246,99,0,84.753281,0.847533,1.4989
4,24.9370,1247,99,0,84.779778,0.847798,1.4989
4,24.9570,1248,99,0,84.806213,0.848062,1.4989
4,24.9770,1249,99,0,84.832603,0.848326,1.4989
4,24.9970,1250,99,0,84.858940,0.848589,1.4989
4,25.0170,1251,99,0,84.885223,0.848852,1.4989
4,25.0370,1252,99,0,84.911446,0.849114,1.4989
4,25.0570,1253,99,0,84.937630,0.849376,1.4989
4,25.0770,1254,99,0,84.963753,0.849638,1.4989
4,25.0970,1255,99,0,84.989822,0.849898,1.4989
4,25.1170,1256,99,0,85.015846,0.850158,1.4989
4,25.1370,1257,99,0,85.041817,0.850418,1.4989
4,25.1570,1258,99,0,85.067734,0.850677,1.4989
4,25.1770,1259,99,0,85.093597,0.850936,1.4989
4,25.1970,1260,99,0,85.119415,0.851194,1.4989
4,25.2170,1261,99,0,85.145172,0.851452,1.4989
4,25.2370,1262,99,0,85.170883,0.851709,1.4989
4,25.2570,1263,99,0,85.196541,0.851965,1.4989
4,25.2770,1264,99,0,85.222153,0.852222,1.4989
4,25.2970,1265,99,0,85.247711,0.852477,1.4989
4,25.3170,1266,99,0,85.273216,0.852732,1.4989
4,25.3370,1267,99,0,85.298668,0.852987,1.4989
4,25.3570,1268,99,0,85.324066,0.853241,1.4989
4,25.3770,1269,99,0,85.349426,0.853494,1.4989
4,25.3970,1270,99,0,85.374725,0.853747,1.4989
4,25.4170,1271,99,0,85.399979,0.854000,1.4989
4,25.4370,1272,99,0,85.425179,0.854252,1.4989
4,25.4570,1273,99,0,85.450333,0.854503,1.4989
4,25.4770,1274,99,0,85.475433,0.854754,1.4989
4,25.4970,1275,99,0,85.500481,0.855005,1.4989
4,25.5170,1276,99,0,85.525475,0.855255,1.4989
4,25.5380,1277,99,0,85.550423,0.855504,1.4989
4,25.5570,1278,99,0,85.575325,0.855753,1.4989
4,25.5770,1279,99,0,85.600174,0.856002,1.4989
4,25.5970,1280,99,0,85.624977,0.856250,1.4989
4,25.6170,1281,99,0,85.649727,0.856497,1.4989
4,25.6370,1282,99,0,85.674423,0.856744,1.4989
4,25.6570,1283,99,0,85.699081,0.856991,1.4989
4,25.6770,1284,99,0,85.723686,0.857237,1.4989
4,25.6970,1285,99,0,85.748230,0.857482,1.4989
4,25.7170,1286,99,0,85.772736,0.857727,1.4989
4,25.7370,1287,99,0,85.797195,0.857972,1.4989
4,25.7570,1288,99,0,85.821602,0.858216,1.4989
4,25.7770,1289,99,0,85.845963,0.858460,1.4989
4,25.7970,1290,99,0,85.870270,0.858703,1.4989
4,25.8170,1291,99,0,85.894531,0.858945,1.4989
4,25.8370,1292,99,0,85.918739,0.859187,1.4989
4,25.8570,1293,99,0,85.942902,0.859429,1.4989
4,25.8770,1294,99,0,85.967018,0.859670,1.4989
4,25.8970,1295,99,0,85.991089,0.859911,1.4989
4,25.9170,1296,99,0,86.015106,0.860151,1.4989
4,25.9370,1297,99,0,86.039078,0.860391,1.4989
4,25.9570,1298,99,0,86.063004,0.860630,1.4989
4,25.9770,1299,99,0,86.086876,0.860869,1.4989
4,25.9970,1300,99,0,86.110695,0.861107,1.4989
4,26.0170,1301,99,0,86.134476,0.861345,1.4989
4,26.0380,1302,99,0,86.158211,0.861582,1.4989
4,26.0570,1303,99,0,86.181892,0.861819,1.4989
4,26.0770,1304,99,0,86.205528,0.862055,1.4989
4,26.0970,1305,99,0,86.229118,0.862291,1.4989
4,26.1170,1306,99,0,86.252663,0.862527,1.4989
4,26.1370,1307,99,0,86.276161,0.862762,1.4989
4,26.1570,1308,99,0,86.299606,0.862996,1.4989
4,26.1770,1309,99,0,86.323006,0.863230,1.4989
4,26.1970,1310,99,0,86.346359,0.863464,1.4989
4,26.2170,1311,99,0,86.369667,0.863697,1.4989
4,26.2370,1312,99,0,86.392929,0.863929,1.4989
4,26.2570,1313,99,0,86.416145,0.864161,1.4989
4,26.2770,1314,99,0,86.439316,0.864393,1.4989
4,26.2970,1315,99,0,86.462440,0.864624,1.4989
4,26.3170,1316,99,0,86.485519,0.864855,1.4989
4,26.3370,1317,99,0,86.508545,0.865085,1.4989
4,26.3570,1318,99,0,86.531532,0.865315,1.4989
4,26.3780,1319,99,0,86.554482,0.865545,1.4989
4,26.3970,1320,99,0,86.577370,0.865774,1.4989
4,26.4170,1321,99,0,86.600220,0.866002,1.4989
4,26.4370,1322,99,0,86.623024,0.866230,1.4989
4,26.4570,1323,99,0,86.645782,0.866458,1.4989
4,26.4770,1324,99,0,86.668495,0.866685,1.4989
4,26.4970,1325,99,0,86.691162,0.866912,1.4989
4,26.5170,1326,99,0,86.713783,0.867138,1.4989
4,26.5380,1327,99,0,86.736359,0.867364,1.4989
4,26.5570,1328,99,0,86.758881,0.867589,1.4989
4,26.5770,1329,99,0,86.781364,0.867814,1.4989
4,26.5970,1330,99,0,86.803802,0.868038,1.4989
4,26.6170,1331,99,0,86.826195,0.868262,1.4989
4,26.6370,1332,99,0,86.848541,0.868485,1.4989
4,26.6570,1333,99,0,86.870850,0.868708,1.4989
4,26.6770,1334,99,0,86.893112,0.868931,1.4989
4,26.6970,1335,99,0,86.915329,0.869153,1.4989
4,26.7170,1336,99,0,86.937500,0.869375,1.4989
4,26.7370,1337,99,0,86.959618,0.869596,1.4989
4,26.7570,1338,99,0,86.981697,0.869817,1.4989
4,26.7770,1339,99,0,87.003738,0.870037,1.4989
4,26.7970,1340,99,0,87.025734,0.870257,1.4989
4,26.8170,1341,99,0,87.047684,0.870477,1.4989
4,26.8370,1342,99,0,87.069588,0.870696,1.4989
4,26.8570,1343,99,0,87.091454,0.870915,1.4989
4,26.8780,1344,99,0,87.113274,0.871133,1.4989
4,26.8970,1345,99,0,87.135048,0.871350,1.4989
4,26.9170,1346,99,0,87.156769,0.871568,1.4989
4,26.9370,1347,99,0,87.178467,0.871785,1.4989
4,26.9570,1348,99,0,87.200104,0.872001,1.4989
4,26.9770,1349,99,0,87.221703,0.872217,1.4989
4,26.9970,1350,99,0,87.243263,0.872433,1.4989
4,27.0170,1351,99,0,87.264778,0.872648,1.4989
4,27.0380,1352,99,0,87.286247,0.872862,1.4989
4,27.0570,1353,99,0,87.307678,0.873077,1.4989
4,27.0770,1354,99,0,87.329063,0.873291,1.4989
4,27.0970,1355,99,0,87.350410,0.873504,1.4989
4,27.1170,1356,99,0,87.371712,0.873717,1.4989
4,27.1370,1357,99,0,87.392967,0.873930,1.4989
4,27.1570,1358,99,0,87.414185,0.874142,1.4989
4,27.1770,1359,99,0,87.435356,0.874354,1.4989
4,27.1970,1360,99,0,87.456482,0.874565,1.4989
4,27.2170,1361,99,0,87.477570,0.874776,1.4989
4,27.2370,1362,99,0,87.498619,0.874986,1.4989
4,27.2570,1363,99,0,87.519623,0.875196,1.4989
4,27.2770,1364,99,0,87.540588,0.875406,1.4989
4,27.2970,1365,99,0,87.561508,0.875615,1.4989
4,27.3170,1366,99,0,87.582390,0.875824,1.4989
4,27.3370,1367,99,0,87.603226,0.876032,1.4989
4,27.3570,1368,99,0,87.624016,0.876240,1.4989
4,27.3780,1369,99,0,87.644768,0.876448,1.4989
4,27.3970,1370,99,0,87.665482,0.876655,1.4989
4,27.4170,1371,99,0,87.686150,0.876861,1.4989
4,27.4370,1372,99,0,87.706779,0.877068,1.4989
4,27.4570,1373,99,0,87.727371,0.877274,1.4989
4,27.4770,1374,99,0,87.747917,0.877479,1.4989
4,27.4970,1375,99,0,87.768425,0.877684,1.4989
4,27.5170,1376,99,0,87.788887,0.877889,1.4989
4,27.5370,1377,99,0,87.809311,0.878093,1.4989
4,27.5570,1378,99,0,87.829697,0.878297,1.4989
4,27.5770,1379,99,0,87.850037,0.878500,1.4989
4,27.5970,1380,99,0,87.870331,0.878703,1.4989
4,27.6170,1381,99,0,87.890594,0.878906,1.4989
4,27.6370,1382,99,0,87.910812,0.879108,1.4989
4,27.6570,1383,99,0,87.930992,0.879310,1.4989
4,27.6770,1384,99,0,87.951134,0.879511,1.4989
4,27.6970,1385,99,0,87.971230,0.879712,1.4989
4,27.7170,1386,99,0,87.991287,0.879913,1.4989
4,27.7370,1387,99,0,88.011307,0.880113,1.4989
4,27.7570,1388,99,0,88.031288,0.880313,1.4989
4,27.7770,1389,99,0,88.051224,0.880512,1.4989
4,27.7970,1390,99,0,88.071121,0.880711,1.4989
4,27.8170,1391,99,0,88.090973,0.880910,1.4989
4,27.8370,1392,99,0,88.110794,0.881108,1.4989
4,27.8570,1393,99,0,88.130585,0.881306,1.4989
4,27.8780,1394,99,0,88.150314,0.881503,1.4989
4,27.8970,1395,99,0,88.170021,0.881700,1.4989
4,27.9170,1396,99,0,88.189674,0.881897,1.4989
4,27.9370,1397,99,0,88.209297,0.882093,1.4989
4,27.9570,1398,99,0,88.228882,0.882289,1.4989
4,27.9770,1399,99,0,88.248428,0.882484,1.4989
4,27.9970,1400,99,0,88.267937,0.882679,1.4989
4,28.0170,1401,99,0,88.287399,0.882874,1.4989
4,28.0370,1402,99,0,88.306824,0.883068,1.4989
4,28.0570,1403,99,0,88.326210,0.883262,1.4989
4,28.0770,1404,99,0,88.345558,0.883456,1.4989
4,28.0970,1405,99,0,88.364868,0.883649,1.4989
4,28.1170,1406,99,0,88.384140,0.883841,1.4989
4,28.1370,1407,99,0,88.403374,0.884034,1.4989
4,28.1570,1408,99,0,88.422562,0.884226,1.4989
4,28.1770,1409,99,0,88.441719,0.884417,1.4989
4,28.1970,1410,99,0,88.460838,0.884608,1.4989
4,28.2170,1411,99,0,88.479919,0.884799,1.4989
4,28.2370,1412,99,0,88.498962,0.884990,1.4989
4,28.2570,1413,99,0,88.517967,0.885180,1.4989
4,28.2770,1414,99,0,88.536934,0.885369,1.4989
4,28.2970,1415,99,0,88.555862,0.885559,1.4989
4,28.3170,1416,99,0,88.574753,0.885748,1.4989
4,28.3370,1417,99,0,88.593597,0.885936,1.4989
4,28.3570,1418,99,0,88.612419,0.886124,1.4989
4,28.3770,1419,99,0,88.631195,0.886312,1.4989
4,28.3970,1420,99,0,88.649925,0.886499,1.4989
4,28.4170,1421,99,0,88.668625,0.886686,1.4989
4,28.4370,1422,99,0,88.687286,0.886873,1.4989
4,28.4570,1423,99,0,88.705910,0.887059,1.4989
4,28.4770,1424,99,0,88.724503,0.887245,1.4989
4,28.4970,1425,99,0,88.743057,0.887431,1.4989
4,28.5170,1426,99,0,88.761574,0.887616,1.4989
4,28.5370,1427,99,0,88.780052,0.887801,1.4989
4,28.5570,1428,99,0,88.798492,0.887985,1.4989
4,28.5770,1429,99,0,88.816895,0.888169,1.4989
4,28.5970,1430,99,0,88.835266,0.888353,1.4989
4,28.6170,1431,99,0,88.853600,0.888536,1.4989
4,28.6370,1432,99,0,88.871895,0.888719,1.4989
4,28.6570,1433,99,0,88.890152,0.888902,1.4989
4,28.6770,1434,99,0,88.908371,0.889084,1.4989
4,28.6970,1435,99,0,88.926552,0.889266,1.4989
4,28.7170,1436,99,0,88.944702,0.889447,1.4989
4,28.7370,1437,99,0,88.962814,0.889628,1.4989
4,28.7570,1438,99,0,88.980888,0.889809,1.4989
4,28.7770,1439,99,0,88.998932,0.889989,1.4989
4,28.7970,1440,99,0,89.016937,0.890169,1.4989
4,28.8170,1441,99,0,89.034904,0.890349,1.4989
4,28.8370,1442,99,0,89.052834,0.890528,1.4989
4,28.8570,1443,99,0,89.070732,0.890707,1.4989
4,28.8780,1444,99,0,89.088593,0.890886,1.4989
4,28.8980,1445,99,0,89.106415,0.891064,1.4989
4,28.9170,1446,99,0,89.124207,0.891242,1.4989
4,28.9370,1447,99,0,89.141960,0.891420,1.4989
4,28.9570,1448,99,0,89.159676,0.891597,1.4989
4,28.9770,1449,99,0,89.177361,0.891774,1.4989
4,28.9970,1450,99,0,89.195007,0.891950,1.4989
4,29.0170,1451,99,0,89.212616,0.892126,1.4989
4,29.0370,1452,99,0,89.230194,0.892302,1.4989
4,29.0570,1453,99,0,89.247726,0.892477,1.4989
4,29.0770,1454,99,0,89.265236,0.892652,1.4989
4,29.0970,1455,99,0,89.282707,0.892827,1.4989
4,29.1170,1456,99,0,89.300140,0.893001,1.4989
4,29.1370,1457,99,0,89.317543,0.893175,1.4989
4,29.1570,1458,99,0,89.334908,0.893349,1.4989
4,29.1770,1459,99,0,89.352242,0.893522,1.4989
4,29.1970,1460,99,0,89.369537,0.893695,1.4989
4,29.2170,1461,99,0,89.386803,0.893868,1.4989
4,29.2370,1462,99,0,89.404030,0.894040,1.4989
4,29.2570,1463,99,0,89.421227,0.894212,1.4989
4,29.2770,1464,99,0,89.438385,0.894384,1.4989
4,29.2970,1465,99,0,89.455505,0.894555,1.4989
4,29.3170,1466,99,0,89.472603,0.894726,1.4989
4,29.3370,1467,99,0,89.489655,0.894897,1.4989
4,29.3570,1468,99,0,89.506676,0.895067,1.4989
4,29.3770,1469,99,0,89.523666,0.895237,1.4989
4,29.3970,1470,99,0,89.540619,0.895406,1.4989
4,29.4170,1471,99,0,89.557541,0.895575,1.4989
4,29.4370,1472,99,0,89.574425,0.895744,1.4989
4,29.4570,1473,99,0,89.591278,0.895913,1.4989
4,29.4770,1474,99,0,89.608101,0.896081,1.4989
4,29.4970,1475,99,0,89.624886,0.896249,1.4989
4,29.5170,1476,99,0,89.641640,0.896416,1.4989
4,29.5370,1477,99,0,89.658356,0.896584,1.4989
4,29.5570,1478,99,0,89.675041,0.896750,1.4989
4,29.5770,1479,99,0,89.691696,0.896917,1.4989
4,29.5970,1480,99,0,89.708313,0.897083,1.4989
4,29.6170,1481,99,0,89.724899,0.897249,1.4989
4,29.6370,1482,99,0,89.741447,0.897414,1.4989
4,29.6570,1483,99,0,89.757965,0.897580,1.4989
4,29.6770,1484,99,0,89.774452,0.897745,1.4989
4,29.6970,1485,99,0,89.790901,0.897909,1.4989
4,29.7180,1486,99,0,89.807320,0.898073,1.4989
4,29.7370,1487,99,0,89.823708,0.898237,1.4989
4,29.7570,1488,99,0,89.840057,0.898401,1.4989
4,29.7770,1489,99,0,89.856377,0.898564,1.4989
4,29.7970,1490,99,0,89.872673,0.898727,1.4989
4,29.8170,1491,99,0,89.888924,0.898889,1.4989
4,29.8370,1492,99,0,89.905144,0.899051,1.4989
4,29.8570,1493,99,0,89.921333,0.899213,1.4989
4,29.8770,1494,99,0,89.937492,0.899375,1.4989
4,29.8970,1495,99,0,89.953621,0.899536,1.4989
4,29.9170,1496,99,0,89.969719,0.899697,1.4989
4,29.9370,1497,99,0,89.985779,0.899858,1.4989
4,29.9570,1498,99,0,90.001808,0.900018,1.4989
4,29.9770,1499,99,0,90.017807,0.900178,1.4989
4,29.9970,1500,99,0,90.033775,0.900338,1.4989
4,30.0170,1501,99,0,90.049713,0.900497,1.4989
4,30.0370,1502,99,0,90.065613,0.900656,1.4989
4,30.0580,1503,99,0,90.081482,0.900815,1.4989
4,30.0770,1504,99,0,90.097321,0.900973,1.4989
4,30.0970,1505,99,0,90.113129,0.901131,1.4989
4,30.1170,1506,99,0,90.128906,0.901289,1.4989
4,30.1370,1507,99,0,90.144653,0.901447,1.4989
4,30.1570,1508,99,0,90.160355,0.901604,1.4989
4,30.1770,1509,99,0,90.176033,0.901760,1.4989
4,30.1970,1510,99,0,90.191681,0.901917,1.4989
4,30.2180,1511,99,0,90.207298,0.902073,1.4989
4,30.2370,1512,99,0,90.222885,0.902229,1.4989
4,30.2570,1513,99,0,90.238441,0.902384,1.4989
4,30.2770,1514,99,0,90.253967,0.902540,1.4989
4,30.2970,1515,99,0,90.269463,0.902695,1.4989
4,30.3170,1516,99,0,90.284927,0.902849,1.4989
4,30.3370,1517,99,0,90.300362,0.903004,1.4989
4,30.3570,1518,99,0,90.315765,0.903158,1.4989
4,30.3770,1519,99,0,90.331139,0.903311,1.4989
4,30.3970,1520,99,0,90.346481,0.903465,1.4989
4,30.4170,1521,99,0,90.361794,0.903618,1.4989
4,30.4370,1522,99,0,90.377075,0.903771,1.4989
4,30.4570,1523,99,0,90.392319,0.903923,1.4989
4,30.4770,1524,99,0,90.407547,0.904075,1.4989
4,30.4970,1525,99,0,90.422737,0.904227,1.4989
4,30.5170,1526,99,0,90.437889,0.904379,1.4989
4,30.5370,1527,99,0,90.453018,0.904530,1.4989
4,30.5580,1528,99,0,90.468117,0.904681,1.4989
4,30.5770,1529,99,0,90.483185,0.904832,1.4989
4,30.5970,1530,99,0,90.498222,0.904982,1.4989
4,30.6170,1531,99,0,90.513237,0.905132,1.4989
4,30.6370,1532,99,0,90.528206,0.905282,1.4989
4,30.6570,1533,99,0,90.543159,0.905432,1.4989
4,30.6770,1534,99,0,90.558075,0.905581,1.4989
4,30.6970,1535,99,0,90.572960,0.905730,1.4989
4,30.7180,1536,99,0,90.587807,0.905878,1.4989
4,30.7370,1537,99,0,90.602638,0.906026,1.4989
4,30.7570,1538,99,0,90.617432,0.906174,1.4989
4,30.7770,1539,99,0,90.632195,0.906322,1.4989
4,30.7970,1540,99,0,90.646935,0.906469,1.4989
4,30.8170,1541,99,0,90.661644,0.906616,1.4989
4,30.8370,1542,99,0,90.676323,0.906763,1.4989
4,30.8570,1543,99,0,90.690971,0.906910,1.4989
4,30.8770,1544,99,0,90.705589,0.907056,1.4989
4,30.8980,1545,99,0,90.720177,0.907202,1.4989
4,30.9170,1546,99,0,90.734741,0.907347,1.4989
4,30.9370,1547,99,0,90.749275,0.907493,1.4989
4,30.9570,1548,99,0,90.763779,0.907638,1.4989
4,30.9770,1549,99,0,90.778252,0.907783,1.4989
4,30.9970,1550,99,0,90.792694,0.907927,1.4989
4,31.0170,1551,99,0,90.807114,0.908071,1.4989
4,31.0370,1552,99,0,90.821503,0.908215,1.4989
4,31.0580,1553,99,0,90.835861,0.908359,1.4989
4,31.0770,1554,99,0,90.850189,0.908502,1.4989
4,31.0970,1555,99,0,90.864487,0.908645,1.4989
4,31.1170,1556,99,0,90.878761,0.908788,1.4989
4,31.1370,1557,99,0,90.893005,0.908930,1.4989
4,31.1570,1558,99,0,90.907219,0.909072,1.4989
4,31.1770,1559,99,0,90.921410,0.909214,1.4989
4,31.1970,1560,99,0,90.935570,0.909356,1.4989
4,31.2170,1561,99,0,90.949684,0.909497,1.4989
4,31.2370,1562,99,0,90.963783,0.909638,1.4989
4,31.2570,1563,99,0,90.977867,0.909779,1.4989
4,31.2770,1564,99,0,90.991905,0.909919,1.4989
4,31.2970,1565,99,0,91.005920,0.910059,1.4989
4,31.3170,1566,99,0,91.019913,0.910199,1.4989
4,31.3370,1567,99,0,91.033875,0.910339,1.4989
4,31.3570,1568,99,0,91.047806,0.910478,1.4989
4,31.3770,1569,99,0,91.061714,0.910617,1.4989
4,31.3980,1570,99,0,91.075592,0.910756,1.4989
4,31.4170,1571,99,0,91.089439,0.910894,1.4989
4,31.4370,1572,99,0,91.103271,0.911033,1.4989
4,31.4570,1573,99,0,91.117058,0.911171,1.4989
4,31.4770,1574,99,0,91.130829,0.911308,1.4989
4,31.4970,1575,99,0,91.144569,0.911446,1.4989
4,31.5170,1576,99,0,91.158279,0.911583,1.4989
4,31.5370,1577,99,0,91.171967,0.911720,1.4989
4,31.5580,1578,99,0,91.185623,0.911856,1.4989
4,31.5770,1579,99,0,91.199257,0.911993,1.4989
4,31.5970,1580,99,0,91.212860,0.912129,1.4989
4,31.6170,1581,99,0,91.226433,0.912264,1.4989
4,31.6370,1582,99,0,91.239990,0.912400,1.4989
4,31.6570,1583,99,0,91.253502,0.912535,1.4989
4,31.6770,1584,99,0,91.266998,0.912670,1.4989
4,31.6970,1585,99,0,91.280464,0.912805,1.4989
4,31.7170,1586,99,0,91.293907,0.912939,1.4989
4,31.7370,1587,99,0,91.307320,0.913073,1.4989
4,31.7570,1588,99,0,91.320709,0.913207,1.4989
4,31.7770,1589,99,0,91.334068,0.913341,1.4989
4,31.7970,1590,99,0,91.347404,0.913474,1.4989
4,31.8170,1591,99,0,91.360710,0.913607,1.4989
4,31.8370,1592,99,0,91.373993,0.913740,1.4989
4,31.8570,1593,99,0,91.387245,0.913872,1.4989
4,31.8770,1594,99,0,91.400467,0.914005,1.4989
4,31.8980,1595,99,0,91.413666,0.914137,1.4989
4,31.9170,1596,99,0,91.426849,0.914268,1.4989
4,31.9370,1597,99,0,91.439995,0.914400,1.4989
4,31.9570,1598,99,0,91.453110,0.914531,1.4989
4,31.9770,1599,99,0,91.466209,0.914662,1.4989
4,31.9970,1600,99,0,91.479279,0.914793,1.4989
4,32.0170,1601,99,0,91.492317,0.914923,1.4989
4,32.0370,1602,99,0,91.505333,0.915053,1.4989
4,32.0580,1603,99,0,91.518326,0.915183,1.4989
4,32.0770,1604,99,0,91.531296,0.915313,1.4989
4,32.0970,1605,99,0,91.544235,0.915442,1.4989
4,32.1170,1606,99,0,91.557152,0.915572,1.4989
4,32.1370,1607,99,0,91.570038,0.915700,1.4989
4,32.1570,1608,99,0,91.582901,0.915829,1.4989
4,32.1770,1609,99,0,91.595726,0.915957,1.4989
4,32.1970,1610,99,0,91.608536,0.916085,1.4989
4,32.2170,1611,99,0,91.621323,0.916213,1.4989
4,32.2370,1612,99,0,91.634079,0.916341,1.4989
4,32.2570,1613,99,0,91.646812,0.916468,1.4989
4,32.2770,1614,99,0,91.659523,0.916595,1.4989
4,32.2970,1615,99,0,91.672203,0.916722,1.4989
4,32.3170,1616,99,0,91.684860,0.916849,1.4989
4,32.3370,1617,99,0,91.697495,0.916975,1.4989
4,32.3570,1618,99,0,91.710098,0.917101,1.4989
4,32.3770,1619,99,0,91.722679,0.917227,1.4989
4,32.3980,1620,99,0,91.735237,0.917352,1.4989
4,32.4170,1621,99,0,91.747765,0.917478,1.4989
4,32.4370,1622,99,0,91.760269,0.917603,1.4989
4,32.4570,1623,99,0,91.772751,0.917728,1.4989
4,32.4770,1624,99,0,91.785210,0.917852,1.4989
4,32.4970,1625,99,0,91.797638,0.917976,1.4989
4,32.5170,1626,99,0,91.810043,0.918100,1.4989
4,32.5370,1627,99,0,91.822426,0.918224,1.4989
4,32.5570,1628,99,0,91.834785,0.918348,1.4989
4,32.5770,1629,99,0,91.847115,0.918471,1.4989
4,32.5970,1630,99,0,91.859421,0.918594,1.4989
4,32.6170,1631,99,0,91.871704,0.918717,1.4989
4,32.6370,1632,99,0,91.883965,0.918840,1.4989
4,32.6570,1633,99,0,91.896194,0.918962,1.4989
4,32.6770,1634,99,0,91.908401,0.919084,1.4989
4,32.6970,1635,99,0,91.920586,0.919206,1.4989
4,32.7170,1636,99,0,91.932747,0.919327,1.4989
4,32.7370,1637,99,0,91.944885,0.919449,1.4989
4,32.7570,1638,99,0,91.956993,0.919570,1.4989
4,32.7770,1639,99,0,91.969078,0.919691,1.4989
4,32.7970,1640,99,0,91.981140,0.919811,1.4989
4,32.8170,1641,99,0,91.993179,0.919932,1.4989
4,32.8370,1642,99,0,92.005196,0.920052,1.4989
4,32.8570,1643,99,0,92.017189,0.920172,1.4989
4,32.8770,1644,99,0,92.029160,0.920292,1.4989
4,32.8980,1645,99,0,92.041100,0.920411,1.4989
4,32.9170,1646,99,0,92.053017,0.920530,1.4989
4,32.9370,1647,99,0,92.064911,0.920649,1.4989
4,32.9570,1648,99,0,92.076782,0.920768,1.4989
4,32.9770,1649,99,0,92.088631,0.920886,1.4989
4,32.9970,1650,99,0,92.100456,0.921005,1.4989
4,33.0170,1651,99,0,92.112267,0.921123,1.4989
4,33.0370,1652,99,0,92.124039,0.921240,1.4989
4,33.0570,1653,99,0,92.135796,0.921358,1.4989
4,33.0770,1654,99,0,92.147522,0.921475,1.4989
4,33.0970,1655,99,0,92.159225,0.921592,1.4989
4,33.1170,1656,99,0,92.170906,0.921709,1.4989
4,33.1370,1657,99,0,92.182564,0.921826,1.4989
4,33.1570,1658,99,0,92.194199,0.921942,1.4989
4,33.1770,1659,99,0,92.205811,0.922058,1.4989
4,33.1970,1660,99,0,92.217400,0.922174,1.4989
4,33.2170,1661,99,0,92.228966,0.922290,1.4989
4,33.2370,1662,99,0,92.240509,0.922405,1.4989
4,33.2570,1663,99,0,92.252029,0.922520,1.4989
4,33.2770,1664,99,0,92.263527,0.922635,1.4989
4,33.2970,1665,99,0,92.275002,0.922750,1.4989
4,33.3170,1666,99,0,92.286453,0.922865,1.4989
4,33.3370,1667,99,0,92.297882,0.922979,1.4989
4,33.3570,1668,99,0,92.309280,0.923093,1.4989
4,33.3770,1669,99,0,92.320663,0.923207,1.4989
4,33.3980,1670,99,0,92.332024,0.923320,1.4989
4,33.4170,1671,99,0,92.343361,0.923434,1.4989
4,33.4370,1672,99,0,92.354675,0.923547,1.4989
4,33.4570,1673,99,0,92.365974,0.923660,1.4989
4,33.4770,1674,99,0,92.377243,0.923772,1.4989
4,33.4970,1675,99,0,92.388481,0.923885,1.4989
4,33.5170,1676,99,0,92.399712,0.923997,1.4989
4,33.5370,1677,99,0,92.410912,0.924109,1.4989
4,33.5570,1678,99,0,92.422089,0.924221,1.4989
4,33.5770,1679,99,0,92.433235,0.924332,1.4989
4,33.5970,1680,99,0,92.444374,0.924444,1.4989
4,33.6170,1681,99,0,92.455498,0.924555,1.4989
4,33.6370,1682,99,0,92.466583,0.924666,1.4989
4,33.6570,1683,99,0,92.477661,0.924777,1.4989
4,33.6770,1684,99,0,92.488701,0.924887,1.4989
4,33.6970,1685,99,0,92.499733,0.924997,1.4989
4,33.7170,1686,99,0,92.510735,0.925107,1.4989
4,33.7370,1687,99,0,92.521706,0.925217,1.4989
4,33.7570,1688,99,0,92.532661,0.925327,1.4989
4,33.7770,1689,99,0,92.543594,0.925436,1.4989
4,33.7970,1690,99,0,92.554520,0.925545,1.4989
4,33.8170,1691,99,0,92.565414,0.925654,1.4989
4,33.8370,1692,99,0,92.576286,0.925763,1.4989
4,33.8570,1693,99,0,92.587135,0.925871,1.4989
4,33.8770,1694,99,0,92.597961,0.925980,1.4989
4,33.8980,1695,99,0,92.608765,0.926088,1.4989
4,33.9170,1696,99,0,92.619545,0.926195,1.4989
4,33.9370,1697,99,0,92.630310,0.926303,1.4989
4,33.9570,1698,99,0,92.641052,0.926411,1.4989
4,33.9770,1699,99,0,92.651772,0.926518,1.4989
4,33.9970,1700,99,0,92.662460,0.926625,1.4989
4,34.0170,1701,99,0,92.673141,0.926731,1.4989
4,34.0370,1702,99,0,92.683800,0.926838,1.4989
4,34.0570,1703,99,0,92.694435,0.926944,1.4989
4,34.0770,1704,99,0,92.705040,0.927050,1.4989
4,34.0970,1705,99,0,92.715630,0.927156,1.4989
4,34.1170,1706,99,0,92.726196,0.927262,1.4989
4,34.1370,1707,99,0,92.736748,0.927367,1.4989
4,34.1570,1708,99,0,92.747276,0.927473,1.4989
4,34.1770,1709,99,0,92.757782,0.927578,1.4989
4,34.1970,1710,99,0,92.768265,0.927683,1.4989
4,34.2170,1711,99,0,92.778732,0.927787,1.4989
4,34.2380,1712,99,0,92.789177,0.927892,1.4989
4,34.2570,1713,99,0,92.799599,0.927996,1.4989
4,34.2770,1714,99,0,92.809998,0.928100,1.4989
4,34.2970,1715,99,0,92.820381,0.928204,1.4989
4,34.3170,1716,99,0,92.830742,0.928307,1.4989
4,34.3370,1717,99,0,92.841080,0.928411,1.4989
4,34.3570,1718,99,0,92.851402,0.928514,1.4989
4,34.3770,1719,99,0,92.861702,0.928617,1.4989
4,34.3980,1720,99,0,92.871979,0.928720,1.4989
4,34.4170,1721,99,0,92.882233,0.928822,1.4989
4,34.4370,1722,99,0,92.892471,0.928925,1.4989
4,34.4570,1723,99,0,92.902687,0.929027,1.4989
4,34.4770,1724,99,0,92.912880,0.929129,1.4989
4,34.4970,1725,99,0,92.923058,0.929231,1.4989
4,34.5170,1726,99,0,92.933212,0.929332,1.4989
4,34.5370,1727,99,0,92.943344,0.929433,1.4989
4,34.5570,1728,99,0,92.953461,0.929535,1.4989
4,34.5770,1729,99,0,92.963554,0.929636,1.4989
4,34.5970,1730,99,0,92.973625,0.929736,1.4989
4,34.6170,1731,99,0,92.983681,0.929837,1.4989
4,34.6370,1732,99,0,92.993713,0.929937,1.4989
4,34.6570,1733,99,0,93.003731,0.930037,1.4989
4,34.6770,1734,99,0,93.013725,0.930137,1.4989
4,34.6970,1735,99,0,93.023697,0.930237,1.4989
4,34.7170,1736,99,0,93.033653,0.930337,1.4989
4,34.7380,1737,99,0,93.043587,0.930436,1.4989
4,34.7570,1738,99,0,93.053505,0.930535,1.4989
4,34.7770,1739,99,0,93.063400,0.930634,1.4989
4,34.7970,1740,99,0,93.073273,0.930733,1.4989
4,34.8170,1741,99,0,93.083130,0.930831,1.4989
4,34.8370,1742,99,0,93.092964,0.930930,1.4989
4,34.8570,1743,99,0,93.102783,0.931028,1.4989
4,34.8770,1744,99,0,93.112579,0.931126,1.4989
4,34.8970,1745,99,0,93.122345,0.931223,1.4989
4,34.9170,1746,99,0,93.132103,0.931321,1.4989
4,34.9370,1747,99,0,93.141838,0.931418,1.4989
4,34.9570,1748,99,0,93.151558,0.931516,1.4989
4,34.9770,1749,99,0,93.161255,0.931613,1.4989
4,34.9970,1750,99,0,93.170937,0.931709,1.4989
4,35.0170,1751,99,0,93.180595,0.931806,1.4989
4,35.0370,1752,99,0,93.190239,0.931902,1.4989
4,35.0570,1753,99,0,93.199860,0.931999,1.4989
4,35.0770,1754,99,0,93.209465,0.932095,1.4989
4,35.0970,1755,99,0,93.219048,0.932190,1.4989
4,35.1170,1756,99,0,93.228615,0.932286,1.4989
4,35.1370,1757,99,0,93.238159,0.932382,1.4989
4,35.1570,1758,99,0,93.247681,0.932477,1.4989
4,35.1770,1759,99,0,93.257187,0.932572,1.4989
4,35.1970,1760,99,0,93.266678,0.932667,1.4989
4,35.2170,1761,99,0,93.276146,0.932761,1.4989
4,35.2380,1762,99,0,93.285599,0.932856,1.4989
4,35.2570,1763,99,0,93.295029,0.932950,1.4989
4,35.2770,1764,99,0,93.304443,0.933044,1.4989
4,35.2970,1765,99,0,93.313835,0.933138,1.4989
4,35.3170,1766,99,0,93.323212,0.933232,1.4989
4,35.3370,1767,99,0,93.332565,0.933326,1.4989
4,35.3570,1768,99,0,93.341904,0.933419,1.4989
4,35.3770,1769,99,0,93.351219,0.933512,1.4989
4,35.3970,1770,99,0,93.360519,0.933605,1.4989
4,35.4170,1771,99,0,93.369797,0.933698,1.4989
4,35.4370,1772,99,0,93.379059,0.933791,1.4989
4,35.4570,1773,99,0,93.388306,0.933883,1.4989
4,35.4770,1774,99,0,93.397530,0.933975,1.4989
4,35.4970,1775,99,0,93.406738,0.934067,1.4989
4,35.5170,1776,99,0,93.415924,0.934159,1.4989
4,35.5370,1777,99,0,93.425095,0.934251,1.4989
4,35.5570,1778,99,0,93.434242,0.934342,1.4989
4,35.5770,1779,99,0,93.443375,0.934434,1.4989
4,35.5970,1780,99,0,93.452492,0.934525,1.4989
4,35.6170,1781,99,0,93.461586,0.934616,1.4989
4,35.6370,1782,99,0,93.470665,0.934707,1.4989
4,35.6570,1783,99,0,93.479729,0.934797,1.4989
4,35.6770,1784,99,0,93.488770,0.934888,1.4989
4,35.6970,1785,99,0,93.497795,0.934978,1.4989
4,35.7170,1786,99,0,93.506798,0.935068,1.4989
4,35.7380,1787,99,0,93.515785,0.935158,1.4989
4,35.7570,1788,99,0,93.524757,0.935248,1.4989
4,35.7770,1789,99,0,93.533707,0.935337,1.4989
4,35.7970,1790,99,0,93.542641,0.935426,1.4989
4,35.8170,1791,99,0,93.551559,0.935516,1.4989
4,35.8370,1792,99,0,93.560455,0.935605,1.4989
4,35.8570,1793,99,0,93.569336,0.935693,1.4989
4,35.8770,1794,99,0,93.578201,0.935782,1.4989
4,35.8970,1795,99,0,93.587044,0.935870,1.4989
4,35.9170,1796,99,0,93.595871,0.935959,1.4989
4,35.9370,1797,99,0,93.604675,0.936047,1.4989
4,35.9570,1798,99,0,93.613472,0.936135,1.4989
4,35.9770,1799,99,0,93.622238,0.936222,1.4989
4,35.9970,1800,99,0,93.630997,0.936310,1.4989
4,36.0170,1801,99,0,93.639740,0.936397,1.4989
4,36.0370,1802,99,0,93.648468,0.936485,1.4989
4,36.0570,1803,99,0,93.657166,0.936572,1.4989
4,36.0780,1804,99,0,93.665855,0.936659,1.4989
4,36.0970,1805,99,0,93.674530,0.936745,1.4989
4,36.1170,1806,99,0,93.683182,0.936832,1.4989
4,36.1370,1807,99,0,93.691818,0.936918,1.4989
4,36.1570,1808,99,0,93.700432,0.937004,1.4989
4,36.1770,1809,99,0,93.709030,0.937090,1.4989
4,36.1970,1810,99,0,93.717613,0.937176,1.4989
4,36.2170,1811,99,0,93.726181,0.937262,1.4989
4,36.2380,1812,99,0,93.734741,0.937347,1.4989
4,36.2570,1813,99,0,93.743263,0.937433,1.4989
4,36.2770,1814,99,0,93.751778,0.937518,1.4989
4,36.2970,1815,99,0,93.760284,0.937603,1.4989
4,36.3170,1816,99,0,93.768761,0.937688,1.4989
4,36.3370,1817,99,0,93.777222,0.937772,1.4989
4,36.3570,1818,99,0,93.785667,0.937857,1.4989
4,36.3770,1819,99,0,93.794098,0.937941,1.4989
4,36.3970,1820,99,0,93.802513,0.938025,1.4989
4,36.4170,1821,99,0,93.810921,0.938109,1.4989
4,36.4370,1822,99,0,93.819290,0.938193,1.4989
4,36.4570,1823,99,0,93.827652,0.938277,1.4989
4,36.4770,1824,99,0,93.835999,0.938360,1.4989
4,36.4970,1825,99,0,93.844330,0.938443,1.4989
4,36.5170,1826,99,0,93.852646,0.938526,1.4989
4,36.5370,1827,99,0,93.860939,0.938609,1.4989
4,36.5570,1828,99,0,93.869225,0.938692,1.4989
4,36.5780,1829,99,0,93.877480,0.938775,1.4989
4,36.5970,1830,99,0,93.885727,0.938857,1.4989
4,36.6170,1831,99,0,93.893959,0.938940,1.4989
4,36.6370,1832,99,0,93.902176,0.939022,1.4989
4,36.6570,1833,99,0,93.910370,0.939104,1.4989
4,36.6770,1834,99,0,93.918549,0.939185,1.4989
4,36.6970,1835,99,0,93.926712,0.939267,1.4989
4,36.7170,1836,99,0,93.934860,0.939349,1.4989
4,36.7370,1837,99,0,93.942986,0.939430,1.4989
4,36.7570,1838,99,0,93.951111,0.939511,1.4989
4,36.7770,1839,99,0,93.959206,0.939592,1.4989
4,36.7970,1840,99,0,93.967293,0.939673,1.4989
4,36.8170,1841,99,0,93.975357,0.939754,1.4989
4,36.8370,1842,99,0,93.983398,0.939834,1.4989
4,36.8570,1843,99,0,93.991440,0.939914,1.4989
4,36.8770,1844,99,0,93.999458,0.939995,1.4989
4,36.8970,1845,99,0,94.007462,0.940075,1.4989
4,36.9170,1846,99,0,94.015450,0.940154,1.4989
4,36.9370,1847,99,0,94.023422,0.940234,1.4989
4,36.9570,1848,99,0,94.031380,0.940314,1.4989
4,36.9770,1849,99,0,94.039322,0.940393,1.4989
4,36.9970,1850,99,0,94.047234,0.940472,1.4989
4,37.0170,1851,99,0,94.055145,0.940551,1.4989
4,37.0370,1852,99,0,94.063026,0.940630,1.4989
4,37.0570,1853,99,0,94.070908,0.940709,1.4989
4,37.0780,1854,99,0,94.078766,0.940788,1.4989
4,37.0970,1855,99,0,94.086609,0.940866,1.4989
4,37.1170,1856,99,0,94.094437,0.940944,1.4989
4,37.1370,1857,99,0,94.102242,0.941022,1.4989
4,37.1570,1858,99,0,94.110039,0.941100,1.4989
4,37.1770,1859,99,0,94.117821,0.941178,1.4989
4,37.1970,1860,99,0,94.125587,0.941256,1.4989
4,37.2170,1861,99,0,94.133339,0.941333,1.4989
4,37.2370,1862,99,0,94.141075,0.941411,1.4989
4,37.2570,1863,99,0,94.148796,0.941488,1.4989
4,37.2770,1864,99,0,94.156502,0.941565,1.4989
4,37.2970,1865,99,0,94.164192,0.941642,1.4989
4,37.3170,1866,99,0,94.171867,0.941719,1.4989
4,37.3370,1867,99,0,94.179527,0.941795,1.4989
4,37.3570,1868,99,0,94.187172,0.941872,1.4989
4,37.3770,1869,99,0,94.194801,0.941948,1.4989
4,37.3970,1870,99,0,94.202415,0.942024,1.4989
4,37.4180,1871,99,0,94.210014,0.942100,1.4989
4,37.4370,1872,99,0,94.217598,0.942176,1.4989
4,37.4570,1873,99,0,94.225166,0.942252,1.4989
4,37.4770,1874,99,0,94.232719,0.942327,1.4989
4,37.4970,1875,99,0,94.240257,0.942403,1.4989
4,37.5170,1876,99,0,94.247780,0.942478,1.4989
4,37.5370,1877,99,0,94.255287,0.942553,1.4989
4,37.5570,1878,99,0,94.262779,0.942628,1.4989
4,37.5780,1879,99,0,94.270256,0.942703,1.4989
4,37.5970,1880,99,0,94.277718,0.942777,1.4989
4,37.6170,1881,99,0,94.285164,0.942852,1.4989
4,37.6370,1882,99,0,94.292595,0.942926,1.4989
4,37.6570,1883,99,0,94.300011,0.943000,1.4989
4,37.6770,1884,99,0,94.307411,0.943074,1.4989
4,37.6970,1885,99,0,94.314796,0.943148,1.4989
4,37.7170,1886,99,0,94.322166,0.943222,1.4989
4,37.7370,1887,99,0,94.329521,0.943295,1.4989
4,37.7570,1888,99,0,94.336861,0.943369,1.4989
4,37.7770,1889,99,0,94.344185,0.943442,1.4989
4,37.7970,1890,99,0,94.351501,0.943515,1.4989
4,37.8170,1891,99,0,94.358803,0.943588,1.4989
4,37.8370,1892,99,0,94.366089,0.943661,1.4989
4,37.8570,1893,99,0,94.373360,0.943734,1.4989
4,37.8770,1894,99,0,94.380615,0.943806,1.4989
4,37.8970,1895,99,0,94.387856,0.943879,1.4989
4,37.9180,1896,99,0,94.395081,0.943951,1.4989
4,37.9370,1897,99,0,94.402290,0.944023,1.4989
4,37.9570,1898,99,0,94.409485,0.944095,1.4989
4,37.9770,1899,99,0,94.416664,0.944167,1.4989
4,37.9970,1900,99,0,94.423836,0.944238,1.4989
4,38.0170,1901,99,0,94.430992,0.944310,1.4989
4,38.0370,1902,99,0,94.438133,0.944381,1.4989
4,38.0570,1903,99,0,94.445259,0.944453,1.4989
4,38.0770,1904,99,0,94.452370,0.944524,1.4989
4,38.0970,1905,99,0,94.459465,0.944595,1.4989
4,38.1170,1906,99,0,94.466545,0.944665,1.4989
4,38.1370,1907,99,0,94.473610,0.944736,1.4989
4,38.1570,1908,99,0,94.480667,0.944807,1.4989
4,38.1770,1909,99,0,94.487709,0.944877,1.4989
4,38.1970,1910,99,0,94.494736,0.944947,1.4989
4,38.2170,1911,99,0,94.501747,0.945017,1.4989
4,38.2370,1912,99,0,94.508743,0.945087,1.4989
4,38.2570,1913,99,0,94.515724,0.945157,1.4989
4,38.2770,1914,99,0,94.522697,0.945227,1.4989
4,38.2970,1915,99,0,94.529655,0.945297,1.4989
4,38.3170,1916,99,0,94.536598,0.945366,1.4989
4,38.3370,1917,99,0,94.543526,0.945435,1.4989
4,38.3570,1918,99,0,94.550438,0.945504,1.4989
4,38.3770,1919,99,0,94.557335,0.945573,1.4989
4,38.3970,1920,99,0,94.564224,0.945642,1.4989
4,38.4180,1921,99,0,94.571098,0.945711,1.4989
4,38.4370,1922,99,0,94.577957,0.945780,1.4989
4,38.4570,1923,99,0,94.584801,0.945848,1.4989
4,38.4770,1924,99,0,94.591629,0.945916,1.4989
4,38.4970,1925,99,0,94.598450,0.945984,1.4989
4,38.5170,1926,99,0,94.605255,0.946053,1.4989
4,38.5370,1927,99,0,94.612045,0.946120,1.4989
4,38.5570,1928,99,0,94.618820,0.946188,1.4989
4,38.5770,1929,99,0,94.625587,0.946256,1.4989
4,38.5970,1930,99,0,94.632339,0.946323,1.4989
4,38.6170,1931,99,0,94.639076,0.946391,1.4989
4,38.6370,1932,99,0,94.645798,0.946458,1.4989
4,38.6570,1933,99,0,94.652504,0.946525,1.4989
4,38.6770,1934,99,0,94.659203,0.946592,1.4989
4,38.6970,1935,99,0,94.665886,0.946659,1.4989
4,38.7170,1936,99,0,94.672554,0.946726,1.4989
4,38.7370,1937,99,0,94.679207,0.946792,1.4989
4,38.7570,1938,99,0,94.685852,0.946859,1.4989
4,38.7770,1939,99,0,94.692482,0.946925,1.4989
4,38.7970,1940,99,0,94.699097,0.946991,1.4989
4,38.8170,1941,99,0,94.705704,0.947057,1.4989
4,38.8370,1942,99,0,94.712288,0.947123,1.4989
4,38.8570,1943,99,0,94.718872,0.947189,1.4989
4,38.8770,1944,99,0,94.725433,0.947254,1.4989
4,38.8970,1945,99,0,94.731979,0.947320,1.4989
4,38.9180,1946,99,0,94.738525,0.947385,1.4989
4,38.9370,1947,99,0,94.745041,0.947450,1.4989
4,38.9570,1948,99,0,94.751549,0.947515,1.4989
4,38.9770,1949,99,0,94.758049,0.947580,1.4989
4,38.9970,1950,99,0,94.764534,0.947645,1.4989
4,39.0170,1951,99,0,94.771011,0.947710,1.4989
4,39.0370,1952,99,0,94.777466,0.947775,1.4989
4,39.0570,1953,99,0,94.783913,0.947839,1.4989
4,39.0770,1954,99,0,94.790344,0.947903,1.4989
4,39.0970,1955,99,0,94.796768,0.947968,1.4989
4,39.1170,1956,99,0,94.803177,0.948032,1.4989
4,39.1370,1957,99,0,94.809578,0.948096,1.4989
4,39.1570,1958,99,0,94.815964,0.948160,1.4989
4,39.1770,1959,99,0,94.822334,0.948223,1.4989
4,39.1970,1960,99,0,94.828682,0.948287,1.4989
4,39.2170,1961,99,0,94.835037,0.948350,1.4989
4,39.2370,1962,99,0,94.841370,0.948414,1.4989
4,39.2580,1963,99,0,94.847687,0.948477,1.4989
4,39.2770,1964,99,0,94.853989,0.948540,1.4989
4,39.2970,1965,99,0,94.860283,0.948603,1.4989
4,39.3170,1966,99,0,94.866562,0.948666,1.4989
4,39.3370,1967,99,0,94.872841,0.948728,1.4989
4,39.3570,1968,99,0,94.879089,0.948791,1.4989
4,39.3770,1969,99,0,94.885330,0.948853,1.4989
4,39.3970,1970,99,0,94.891563,0.948916,1.4989
4,39.4180,1971,99,0,94.897789,0.948978,1.4989
4,39.4370,1972,99,0,94.903984,0.949040,1.4989
4,39.4570,1973,99,0,94.910179,0.949102,1.4989
4,39.4770,1974,99,0,94.916359,0.949164,1.4989
4,39.4970,1975,99,0,94.922531,0.949225,1.4989
4,39.5170,1976,99,0,94.928688,0.949287,1.4989
4,39.5370,1977,99,0,94.934830,0.949348,1.4989
4,39.5570,1978,99,0,94.940964,0.949410,1.4989
4,39.5770,1979,99,0,94.947090,0.949471,1.4989
4,39.5970,1980,99,0,94.953194,0.949532,1.4989
4,39.6170,1981,99,0,94.959297,0.949593,1.4989
4,39.6370,1982,99,0,94.965370,0.949654,1.4989
4,39.6570,1983,99,0,94.971443,0.949714,1.4989
4,39.6770,1984,99,0,94.977509,0.949775,1.4989
4,39.6970,1985,99,0,94.983551,0.949836,1.4989
4,39.7170,1986,99,0,94.989586,0.949896,1.4989
4,39.7370,1987,99,0,94.995613,0.949956,1.4989
4,39.7580,1988,99,0,95.001617,0.950016,1.4989
4,39.7770,1989,99,0,95.007614,0.950076,1.4989
4,39.7970,1990,99,0,95.013603,0.950136,1.4989
4,39.8170,1991,99,0,95.019577,0.950196,1.4989
4,39.8370,1992,99,0,95.025543,0.950255,1.4989
4,39.8570,1993,99,0,95.031494,0.950315,1.4989
4,39.8770,1994,99,0,95.037430,0.950374,1.4989
4,39.8970,1995,99,0,95.043358,0.950434,1.4989
4,39.9180,1996,99,0,95.049271,0.950493,1.4989
4,39.9370,1997,99,0,95.055183,0.950552,1.4989
4,39.9570,1998,99,0,95.061066,0.950611,1.4989
4,39.9770,1999,99,0,95.066948,0.950669,1.4989
4,39.9970,2000,99,0,95.072815,0.950728,1.4989
4,40.0170,2001,99,0,95.078682,0.950787,1.4989
4,40.0370,2002,99,0,95.084526,0.950845,1.4989
4,40.0570,2003,99,0,95.090347,0.950903,1.4989
4,40.0770,2004,99,0,95.096176,0.950962,1.4989
4,40.0970,2005,99,0,95.101974,0.951020,1.4989
4,40.1170,2006,99,0,95.107780,0.951078,1.4989
4,40.1370,2007,99,0,95.113556,0.951136,1.4989
4,40.1570,2008,99,0,95.119331,0.951193,1.4989
4,40.1770,2009,99,0,95.125092,0.951251,1.4989
4,40.1970,2010,99,0,95.130844,0.951308,1.4989
4,40.2170,2011,99,0,95.136581,0.951366,1.4989
4,40.2370,2012,99,0,95.142311,0.951423,1.4989
4,40.2580,2013,99,0,95.148026,0.951480,1.4989
4,40.2770,2014,99,0,95.153732,0.951537,1.4989
4,40.2970,2015,99,0,95.159424,0.951594,1.4989
4,40.3170,2016,99,0,95.165108,0.951651,1.4989
4,40.3370,2017,99,0,95.170784,0.951708,1.4989
4,40.3570,2018,99,0,95.176437,0.951764,1.4989
4,40.3770,2019,99,0,95.182091,0.951821,1.4989
4,40.3970,2020,99,0,95.187729,0.951877,1.4989
4,40.4170,2021,99,0,95.193344,0.951933,1.4989
4,40.4370,2022,99,0,95.198967,0.951990,1.4989
4,40.4570,2023,99,0,95.204559,0.952046,1.4989
4,40.4770,2024,99,0,95.210152,0.952102,1.4989
4,40.4970,2025,99,0,95.215736,0.952157,1.4989
4,40.5170,2026,99,0,95.221306,0.952213,1.4989
4,40.5370,2027,99,0,95.226875,0.952269,1.4989
4,40.5570,2028,99,0,95.232414,0.952324,1.4989
4,40.5770,2029,99,0,95.237961,0.952380,1.4989
4,40.5970,2030,99,0,95.243477,0.952435,1.4989
4,40.6170,2031,99,0,95.248993,0.952490,1.4989
4,40.6370,2032,99,0,95.254494,0.952545,1.4989
4,40.6570,2033,99,0,95.259987,0.952600,1.4989
4,40.6770,2034,99,0,95.265472,0.952655,1.4989
4,40.6970,2035,99,0,95.270935,0.952709,1.4989
4,40.7170,2036,99,0,95.276405,0.952764,1.4989
4,40.7370,2037,99,0,95.281853,0.952819,1.4989
4,40.7580,2038,99,0,95.287285,0.952873,1.4989
4,40.7770,2039,99,0,95.292709,0.952927,1.4989
4,40.7970,2040,99,0,95.298126,0.952981,1.4989
4,40.8170,2041,99,0,95.303528,0.953035,1.4989
4,40.8370,2042,99,0,95.308922,0.953089,1.4989
4,40.8570,2043,99,0,95.314308,0.953143,1.4989
4,40.8770,2044,99,0,95.319679,0.953197,1.4989
4,40.8970,2045,99,0,95.325043,0.953250,1.4989
4,40.9170,2046,99,0,95.330391,0.953304,1.4989
4,40.9370,2047,99,0,95.335732,0.953357,1.4989
4,40.9570,2048,99,0,95.341064,0.953411,1.4989
4,40.9770,2049,99,0,95.346382,0.953464,1.4989
4,40.9970,2050,99,0,95.351692,0.953517,1.4989
4,41.0170,2051,99,0,95.356987,0.953570,1.4989
4,41.0370,2052,99,0,95.362274,0.953623,1.4989
4,41.0570,2053,99,0,95.367554,0.953676,1.4989
4,41.0770,2054,99,0,95.372818,0.953728,1.4989
4,41.0970,2055,99,0,95.378075,0.953781,1.4989
4,41.1170,2056,99,0,95.383324,0.953833,1.4989
4,41.1370,2057,99,0,95.388557,0.953886,1.4989
4,41.1570,2058,99,0,95.393784,0.953938,1.4989
4,41.1770,2059,99,0,95.398994,0.953990,1.4989
4,41.1970,2060,99,0,95.404205,0.954042,1.4989
4,41.2170,2061,99,0,95.409401,0.954094,1.4989
4,41.2370,2062,99,0,95.414574,0.954146,1.4989
4,41.2570,2063,99,0,95.419746,0.954197,1.4989
4,41.2770,2064,99,0,95.424911,0.954249,1.4989
4,41.2970,2065,99,0,95.430069,0.954301,1.4989
4,41.3170,2066,99,0,95.435211,0.954352,1.4989
4,41.3370,2067,99,0,95.440338,0.954403,1.4989
4,41.3570,2068,99,0,95.445457,0.954455,1.4989
4,41.3770,2069,99,0,95.450569,0.954506,1.4989
4,41.3970,2070,99,0,95.455673,0.954557,1.4989
4,41.4170,2071,99,0,95.460762,0.954608,1.4989
4,41.4370,2072,99,0,95.465843,0.954658,1.4989
4,41.4570,2073,99,0,95.470917,0.954709,1.4989
4,41.4770,2074,99,0,95.475975,0.954760,1.4989
4,41.4970,2075,99,0,95.481026,0.954810,1.4989
4,41.5170,2076,99,0,95.486069,0.954861,1.4989
4,41.5370,2077,99,0,95.491096,0.954911,1.4989
4,41.5570,2078,99,0,95.496117,0.954961,1.4989
4,41.5770,2079,99,0,95.501122,0.955011,1.4989
4,41.5980,2080,99,0,95.506126,0.955061,1.4989
4,41.6170,2081,99,0,95.511116,0.955111,1.4989
4,41.6370,2082,99,0,95.516090,0.955161,1.4989
4,41.6570,2083,99,0,95.521065,0.955211,1.4989
4,41.6770,2084,99,0,95.526024,0.955260,1.4989
4,41.6970,2085,99,0,95.530975,0.955310,1.4989
4,41.7170,2086,99,0,95.535912,0.955359,1.4989
4,41.7370,2087,99,0,95.540840,0.955408,1.4989
4,41.7580,2088,99,0,95.545761,0.955458,1.4989
4,41.7770,2089,99,0,95.550674,0.955507,1.4989
4,41.7970,2090,99,0,95.555573,0.955556,1.4989
4,41.8170,2091,99,0,95.560463,0.955605,1.4989
4,41.8370,2092,99,0,95.565338,0.955653,1.4989
4,41.8570,2093,99,0,95.570213,0.955702,1.4989
4,41.8770,2094,99,0,95.575066,0.955751,1.4989
4,41.8970,2095,99,0,95.579926,0.955799,1.4989
4,41.9170,2096,99,0,95.584770,0.955848,1.4989
4,41.9370,2097,99,0,95.589600,0.955896,1.4989
4,41.9570,2098,99,0,95.594421,0.955944,1.4989
4,41.9770,2099,99,0,95.599228,0.955992,1.4989
4,41.9970,2100,99,0,95.604042,0.956040,1.4989
4,42.0170,2101,99,0,95.608833,0.956088,1.4989
4,42.0370,2102,99,0,95.613609,0.956136,1.4989
4,42.0570,2103,99,0,95.618393,0.956184,1.4989
4,42.0770,2104,99,0,95.623154,0.956232,1.4989
4,42.0980,2105,99,0,95.627907,0.956279,1.4989
4,42.1170,2106,99,0,95.632660,0.956327,1.4989
4,42.1370,2107,99,0,95.637398,0.956374,1.4989
4,42.1570,2108,99,0,95.642128,0.956421,1.4989
4,42.1770,2109,99,0,95.646843,0.956468,1.4989
4,42.1970,2110,99,0,95.651550,0.956516,1.4989
4,42.2170,2111,99,0,95.656250,0.956562,1.4989
4,42.2370,2112,99,0,95.660942,0.956609,1.4989
4,42.2570,2113,99,0,95.665619,0.956656,1.4989
4,42.2770,2114,99,0,95.670288,0.956703,1.4989
4,42.2970,2115,99,0,95.674950,0.956749,1.4989
4,42.3170,2116,99,0,95.679604,0.956796,1.4989
4,42.3370,2117,99,0,95.684242,0.956842,1.4989
4,42.3570,2118,99,0,95.688873,0.956889,1.4989
4,42.3770,2119,99,0,95.693497,0.956935,1.4989
4,42.3970,2120,99,0,95.698105,0.956981,1.4989
4,42.4170,2121,99,0,95.702721,0.957027,1.4989
4,42.4380,2122,99,0,95.707314,0.957073,1.4989
4,42.4570,2123,99,0,95.711891,0.957119,1.4989
4,42.4770,2124,99,0,95.716476,0.957165,1.4989
4,42.4970,2125,99,0,95.721046,0.957210,1.4989
4,42.5170,2126,99,0,95.725609,0.957256,1.4989
4,42.5370,2127,99,0,95.730156,0.957302,1.4989
4,42.5570,2128,99,0,95.734695,0.957347,1.4989
4,42.5770,2129,99,0,95.739227,0.957392,1.4989
4,42.5970,2130,99,0,95.743752,0.957438,1.4989
4,42.6170,2131,99,0,95.748268,0.957483,1.4989
4,42.6370,2132,99,0,95.752769,0.957528,1.4989
4,42.6570,2133,99,0,95.757263,0.957573,1.4989
4,42.6770,2134,99,0,95.761749,0.957617,1.4989
4,42.6970,2135,99,0,95.766228,0.957662,1.4989
4,42.7170,2136,99,0,95.770699,0.957707,1.4989
4,42.7370,2137,99,0,95.775154,0.957752,1.4989
4,42.7570,2138,99,0,95.779610,0.957796,1.4989
4,42.7770,2139,99,0,95.784050,0.957840,1.4989
4,42.7970,2140,99,0,95.788475,0.957885,1.4989
4,42.8170,2141,99,0,95.792900,0.957929,1.4989
4,42.8370,2142,99,0,95.797325,0.957973,1.4989
4,42.8570,2143,99,0,95.801727,0.958017,1.4989
4,42.8770,2144,99,0,95.806122,0.958061,1.4989
4,42.8970,2145,99,0,95.810509,0.958105,1.4989
4,42.9170,2146,99,0,95.814896,0.958149,1.4989
4,42.9380,2147,99,0,95.819260,0.958193,1.4989
4,42.9570,2148,99,0,95.823631,0.958236,1.4989
4,42.9770,2149,99,0,95.827988,0.958280,1.4989
4,42.9970,2150,99,0,95.832329,0.958323,1.4989
4,43.0170,2151,99,0,95.836670,0.958367,1.4989
4,43.0370,2152,99,0,95.840996,0.958410,1.4989
4,43.0570,2153,99,0,95.845314,0.958453,1.4989
4,43.0770,2154,99,0,95.849625,0.958496,1.4989
4,43.0980,2155,99,0,95.853920,0.958539,1.4989
4,43.1170,2156,99,0,95.858223,0.958582,1.4989
4,43.1370,2157,99,0,95.862503,0.958625,1.4989
4,43.1570,2158,99,0,95.866791,0.958668,1.4989
4,43.1770,2159,99,0,95.871056,0.958711,1.4989
4,43.1970,2160,99,0,95.875313,0.958753,1.4989
4,43.2170,2161,99,0,95.879555,0.958796,1.4989
4,43.2370,2162,99,0,95.883797,0.958838,1.4989
4,43.2570,2163,99,0,95.888039,0.958880,1.4989
4,43.2770,2164,99,0,95.892265,0.958923,1.4989
4,43.2970,2165,99,0,95.896477,0.958965,1.4989
4,43.3170,2166,99,0,95.900696,0.959007,1.4989
4,43.3370,2167,99,0,95.904892,0.959049,1.4989
4,43.3570,2168,99,0,95.909088,0.959091,1.4989
4,43.3770,2169,99,0,95.913269,0.959133,1.4989
4,43.3970,2170,99,0,95.917442,0.959174,1.4989
4,43.4170,2171,99,0,95.921600,0.959216,1.4989
4,43.4380,2172,99,0,95.925766,0.959258,1.4989
4,43.4570,2173,99,0,95.929916,0.959299,1.4989
4,43.4770,2174,99,0,95.934052,0.959341,1.4989
4,43.4970,2175,99,0,95.938194,0.959382,1.4989
4,43.5170,2176,99,0,95.942322,0.959423,1.4989
4,43.5370,2177,99,0,95.946434,0.959464,1.4989
4,43.5570,2178,99,0,95.950554,0.959506,1.4989
4,43.5770,2179,99,0,95.954651,0.959547,1.4989
4,43.5980,2180,99,0,95.958740,0.959587,1.4989
4,43.6170,2181,99,0,95.962814,0.959628,1.4989
4,43.6370,2182,99,0,95.966896,0.959669,1.4989
4,43.6570,2183,99,0,95.970955,0.959710,1.4989
4,43.6770,2184,99,0,95.975021,0.959750,1.4989
4,43.6970,2185,99,0,95.979065,0.959791,1.4989
4,43.7170,2186,99,0,95.983109,0.959831,1.4989
4,43.7370,2187,99,0,95.987152,0.959872,1.4989
4,43.7570,2188,99,0,95.991180,0.959912,1.4989
4,43.7770,2189,99,0,95.995201,0.959952,1.4989
4,43.7970,2190,99,0,95.999214,0.959992,1.4989
4,43.8170,2191,99,0,96.003220,0.960032,1.4989
4,43.8370,2192,99,0,96.007217,0.960072,1.4989
4,43.8570,2193,99,0,96.011208,0.960112,1.4989
4,43.8770,2194,99,0,96.015190,0.960152,1.4989
4,43.8970,2195,99,0,96.019165,0.960192,1.4989
4,43.9170,2196,99,0,96.023125,0.960231,1.4989
4,43.9380,2197,99,0,96.027077,0.960271,1.4989
4,43.9570,2198,99,0,96.031013,0.960310,1.4989
4,43.9770,2199,99,0,96.034958,0.960350,1.4989
4,43.9970,2200,99,0,96.038887,0.960389,1.4989
4,44.0170,2201,99,0,96.042809,0.960428,1.4989
4,44.0370,2202,99,0,96.046722,0.960467,1.4989
4,44.0570,2203,99,0,96.050629,0.960506,1.4989
4,44.0770,2204,99,0,96.054527,0.960545,1.4989
4,44.0970,2205,99,0,96.058411,0.960584,1.4989
4,44.1170,2206,99,0,96.062294,0.960623,1.4989
4,44.1370,2207,99,0,96.066177,0.960662,1.4989
4,44.1570,2208,99,0,96.070045,0.960700,1.4989
4,44.1770,2209,99,0,96.073906,0.960739,1.4989
4,44.1970,2210,99,0,96.077759,0.960778,1.4989
4,44.2170,2211,99,0,96.081596,0.960816,1.4989
4,44.2370,2212,99,0,96.085434,0.960854,1.4989
4,44.2570,2213,99,0,96.089272,0.960893,1.4989
4,44.2770,2214,99,0,96.093086,0.960931,1.4989
4,44.2970,2215,99,0,96.096909,0.960969,1.4989
4,44.3170,2216,99,0,96.100708,0.961007,1.4989
4,44.3370,2217,99,0,96.104515,0.961045,1.4989
4,44.3570,2218,99,0,96.108307,0.961083,1.4989
4,44.3770,2219,99,0,96.112083,0.961121,1.4989
4,44.3970,2220,99,0,96.115868,0.961159,1.4989
4,44.4170,2221,99,0,96.119637,0.961196,1.4989
4,44.4380,2222,99,0,96.123398,0.961234,1.4989
4,44.4570,2223,99,0,96.127151,0.961272,1.4989
4,44.4770,2224,99,0,96.130898,0.961309,1.4989
4,44.4970,2225,99,0,96.134636,0.961346,1.4989
4,44.5170,2226,99,0,96.138367,0.961384,1.4989
4,44.5370,2227,99,0,96.142090,0.961421,1.4989
4,44.5570,2228,99,0,96.145805,0.961458,1.4989
4,44.5770,2229,99,0,96.149513,0.961495,1.4989
4,44.5970,2230,99,0,96.153214,0.961532,1.4989
4,44.6170,2231,99,0,96.156906,0.961569,1.4989
4,44.6370,2232,99,0,96.160583,0.961606,1.4989
4,44.6570,2233,99,0,96.164268,0.961643,1.4989
4,44.6770,2234,99,0,96.167931,0.961679,1.4989
4,44.6970,2235,99,0,96.171600,0.961716,1.4989
4,44.7170,2236,99,0,96.175262,0.961753,1.4989
4,44.7370,2237,99,0,96.178917,0.961789,1.4989
4,44.7570,2238,99,0,96.182564,0.961826,1.4989
4,44.7770,2239,99,0,96.186203,0.961862,1.4989
4,44.7970,2240,99,0,96.189827,0.961898,1.4989
4,44.8170,2241,99,0,96.193451,0.961935,1.4989
4,44.8370,2242,99,0,96.197075,0.961971,1.4989
4,44.8570,2243,99,0,96.200684,0.962007,1.4989
4,44.8770,2244,99,0,96.204285,0.962043,1.4989
4,44.8970,2245,99,0,96.207878,0.962079,1.4989
4,44.9170,2246,99,0,96.211464,0.962115,1.4989
4,44.9370,2247,99,0,96.215042,0.962150,1.4989
4,44.9570,2248,99,0,96.218605,0.962186,1.4989
4,44.9770,2249,99,0,96.222176,0.962222,1.4989
4,44.9970,2250,99,0,96.225731,0.962257,1.4989
4,45.0170,2251,99,0,96.229271,0.962293,1.4989
4,45.0370,2252,99,0,96.232819,0.962328,1.4989
4,45.0570,2253,99,0,96.236351,0.962364,1.4989
4,45.0770,2254,99,0,96.239876,0.962399,1.4989
4,45.0970,2255,99,0,96.243408,0.962434,1.4989
4,45.1170,2256,99,0,96.246918,0.962469,1.4989
4,45.1370,2257,99,0,96.250435,0.962504,1.4989
4,45.1570,2258,99,0,96.253937,0.962539,1.4989
4,45.1770,2259,99,0,96.257423,0.962574,1.4989
4,45.1970,2260,99,0,96.260918,0.962609,1.4989
4,45.2170,2261,99,0,96.264397,0.962644,1.4989
4,45.2370,2262,99,0,96.267868,0.962679,1.4989
4,45.2570,2263,99,0,96.271332,0.962713,1.4989
4,45.2770,2264,99,0,96.274780,0.962748,1.4989
4,45.2970,2265,99,0,96.278229,0.962782,1.4989
4,45.3170,2266,99,0,96.281685,0.962817,1.4989
4,45.3370,2267,99,0,96.285126,0.962851,1.4989
4,45.3570,2268,99,0,96.288559,0.962886,1.4989
4,45.3770,2269,99,0,96.291977,0.962920,1.4989
4,45.3970,2270,99,0,96.295395,0.962954,1.4989
4,45.4170,2271,99,0,96.298813,0.962988,1.4989
4,45.4380,2272,99,0,96.302216,0.963022,1.4989
4,45.4570,2273,99,0,96.305611,0.963056,1.4989
4,45.4770,2274,99,0,96.308998,0.963090,1.4989
4,45.4970,2275,99,0,96.312386,0.963124,1.4989
4,45.5170,2276,99,0,96.315765,0.963158,1.4989
4,45.5370,2277,99,0,96.319138,0.963191,1.4989
4,45.5570,2278,99,0,96.322495,0.963225,1.4989
4,45.5770,2279,99,0,96.325859,0.963259,1.4989
4,45.5970,2280,99,0,96.329201,0.963292,1.4989
4,45.6170,2281,99,0,96.332550,0.963326,1.4989
4,45.6370,2282,99,0,96.335884,0.963359,1.4989
4,45.6570,2283,99,0,96.339211,0.963392,1.4989
4,45.6770,2284,99,0,96.342537,0.963425,1.4989
4,45.6970,2285,99,0,96.345856,0.963459,1.4989
4,45.7170,2286,99,0,96.349159,0.963492,1.4989
4,45.7370,2287,99,0,96.352470,0.963525,1.4989
4,45.7570,2288,99,0,96.355766,0.963558,1.4989
4,45.7780,2289,99,0,96.359055,0.963591,1.4989
4,45.7970,2290,99,0,96.362335,0.963623,1.4989
4,45.8170,2291,99,0,96.365608,0.963656,1.4989
4,45.8370,2292,99,0,96.368881,0.963689,1.4989
4,45.8570,2293,99,0,96.372154,0.963722,1.4989
4,45.8770,2294,99,0,96.375412,0.963754,1.4989
4,45.8970,2295,99,0,96.378654,0.963787,1.4989
4,45.9170,2296,99,0,96.381897,0.963819,1.4989
4,45.9370,2297,99,0,96.385139,0.963851,1.4989
4,45.9570,2298,99,0,96.388367,0.963884,1.4989
4,45.9770,2299,99,0,96.391602,0.963916,1.4989
4,45.9970,2300,99,0,96.394821,0.963948,1.4989
4,46.0170,2301,99,0,96.398033,0.963980,1.4989
4,46.0370,2302,99,0,96.401237,0.964012,1.4989
4,46.0570,2303,99,0,96.404434,0.964044,1.4989
4,46.0770,2304,99,0,96.407623,0.964076,1.4989
4,46.0970,2305,99,0,96.410805,0.964108,1.4989
4,46.1170,2306,99,0,96.413986,0.964140,1.4989
4,46.1370,2307,99,0,96.417168,0.964172,1.4989
4,46.1570,2308,99,0,96.420326,0.964203,1.4989
4,46.1770,2309,99,0,96.423492,0.964235,1.4989
4,46.1970,2310,99,0,96.426636,0.964266,1.4989
4,46.2170,2311,99,0,96.429794,0.964298,1.4989
4,46.2370,2312,99,0,96.432930,0.964329,1.4989
4,46.2570,2313,99,0,96.436073,0.964361,1.4989
4,46.2780,2314,99,0,96.439201,0.964392,1.4989
4,46.2970,2315,99,0,96.442322,0.964423,1.4989
4,46.3170,2316,99,0,96.445442,0.964454,1.4989
4,46.3370,2317,99,0,96.448555,0.964486,1.4989
4,46.3570,2318,99,0,96.451653,0.964517,1.4989
4,46.3770,2319,99,0,96.454750,0.964548,1.4989
4,46.3970,2320,99,0,96.457848,0.964578,1.4989
4,46.4170,2321,99,0,96.460930,0.964609,1.4989
4,46.4370,2322,99,0,96.464005,0.964640,1.4989
4,46.4570,2323,99,0,96.467087,0.964671,1.4989
4,46.4770,2324,99,0,96.470154,0.964702,1.4989
4,46.4970,2325,99,0,96.473206,0.964732,1.4989
4,46.5170,2326,99,0,96.476257,0.964763,1.4989
4,46.5370,2327,99,0,96.479309,0.964793,1.4989
4,46.5570,2328,99,0,96.482361,0.964824,1.4989
4,46.5770,2329,99,0,96.485397,0.964854,1.4989
4,46.5970,2330,99,0,96.488419,0.964884,1.4989
4,46.6180,2331,99,0,96.491440,0.964914,1.4989
4,46.6370,2332,99,0,96.494461,0.964945,1.4989
4,46.6570,2333,99,0,96.497482,0.964975,1.4989
4,46.6770,2334,99,0,96.500488,0.965005,1.4989
4,46.6970,2335,99,0,96.503487,0.965035,1.4989
4,46.7170,2336,99,0,96.506485,0.965065,1.4989
4,46.7370,2337,99,0,96.509468,0.965095,1.4989
4,46.7570,2338,99,0,96.512459,0.965125,1.4989
4,46.7780,2339,99,0,96.515434,0.965154,1.4989
4,46.7970,2340,99,0,96.518402,0.965184,1.4989
4,46.8170,2341,99,0,96.521362,0.965214,1.4989
4,46.8370,2342,99,0,96.524330,0.965243,1.4989
4,46.8570,2343,99,0,96.527283,0.965273,1.4989
4,46.8770,2344,99,0,96.530220,0.965302,1.4989
4,46.8970,2345,99,0,96.533165,0.965332,1.4989
4,46.9170,2346,99,0,96.536102,0.965361,1.4989
4,46.9370,2347,99,0,96.539032,0.965390,1.4989
4,46.9580,2348,99,0,96.541954,0.965420,1.4989
4,46.9770,2349,99,0,96.544868,0.965449,1.4989
4,46.9970,2350,99,0,96.547783,0.965478,1.4989
4,47.0170,2351,99,0,96.550690,0.965507,1.4989
4,47.0370,2352,99,0,96.553589,0.965536,1.4989
4,47.0570,2353,99,0,96.556480,0.965565,1.4989
4,47.0770,2354,99,0,96.559372,0.965594,1.4989
4,47.0970,2355,99,0,96.562256,0.965623,1.4989
4,47.1180,2356,99,0,96.565132,0.965651,1.4989
4,47.1370,2357,99,0,96.568001,0.965680,1.4989
4,47.1570,2358,99,0,96.570869,0.965709,1.4989
4,47.1770,2359,99,0,96.573730,0.965737,1.4989
4,47.1970,2360,99,0,96.576584,0.965766,1.4989
4,47.2170,2361,99,0,96.579430,0.965794,1.4989
4,47.2370,2362,99,0,96.582275,0.965823,1.4989
4,47.2570,2363,99,0,96.585114,0.965851,1.4989
4,47.2780,2364,99,0,96.587944,0.965879,1.4989
4,47.2970,2365,99,0,96.590767,0.965908,1.4989
4,47.3170,2366,99,0,96.593590,0.965936,1.4989
4,47.3370,2367,99,0,96.596405,0.965964,1.4989
4,47.3570,2368,99,0,96.599213,0.965992,1.4989
4,47.3770,2369,99,0,96.602013,0.966020,1.4989
4,47.3970,2370,99,0,96.604813,0.966048,1.4989
4,47.4170,2371,99,0,96.607605,0.966076,1.4989
4,47.4370,2372,99,0,96.610390,0.966104,1.4989
4,47.4570,2373,99,0,96.613167,0.966132,1.4989
4,47.4770,2374,99,0,96.615944,0.966159,1.4989
4,47.4970,2375,99,0,96.618713,0.966187,1.4989
4,47.5170,2376,99,0,96.621475,0.966215,1.4989
4,47.5370,2377,99,0,96.624237,0.966242,1.4989
4,47.5570,2378,99,0,96.626991,0.966270,1.4989
4,47.5770,2379,99,0,96.629738,0.966297,1.4989
4,47.5970,2380,99,0,96.632477,0.966325,1.4989
4,47.6180,2381,99,0,96.635216,0.966352,1.4989
4,47.6370,2382,99,0,96.637947,0.966379,1.4989
4,47.6570,2383,99,0,96.640671,0.966407,1.4989
4,47.6770,2384,99,0,96.643394,0.966434,1.4989
4,47.6970,2385,99,0,96.646111,0.966461,1.4989
4,47.7170,2386,99,0,96.648819,0.966488,1.4989
4,47.7370,2387,99,0,96.651520,0.966515,1.4989
4,47.7570,2388,99,0,96.654221,0.966542,1.4989
4,47.7780,2389,99,0,96.656914,0.966569,1.4989
4,47.7970,2390,99,0,96.659599,0.966596,1.4989
4,47.8170,2391,99,0,96.662285,0.966623,1.4989
4,47.8370,2392,99,0,96.664963,0.966650,1.4989
4,47.8570,2393,99,0,96.667633,0.966676,1.4989
4,47.8770,2394,99,0,96.670296,0.966703,1.4989
4,47.8970,2395,99,0,96.672958,0.966730,1.4989
4,47.9170,2396,99,0,96.675613,0.966756,1.4989
4,47.9370,2397,99,0,96.678261,0.966783,1.4989
4,47.9570,2398,99,0,96.680908,0.966809,1.4989
4,47.9770,2399,99,0,96.683548,0.966835,1.4989
4,47.9970,2400,99,0,96.686180,0.966862,1.4989
4,48.0170,2401,99,0,96.688812,0.966888,1.4989
4,48.0370,2402,99,0,96.691437,0.966914,1.4989
4,48.0570,2403,99,0,96.694054,0.966941,1.4989
4,48.0770,2404,99,0,96.696671,0.966967,1.4989
4,48.0970,2405,99,0,96.699280,0.966993,1.4989
4,48.1180,2406,99,0,96.701881,0.967019,1.4989
4,48.1370,2407,99,0,96.704483,0.967045,1.4989
4,48.1570,2408,99,0,96.707077,0.967071,1.4989
4,48.1770,2409,99,0,96.709663,0.967097,1.4989
4,48.1970,2410,99,0,96.712242,0.967122,1.4989
4,48.2170,2411,99,0,96.714821,0.967148,1.4989
4,48.2370,2412,99,0,96.717392,0.967174,1.4989
4,48.2570,2413,99,0,96.719955,0.967200,1.4989
4,48.2770,2414,99,0,96.722519,0.967225,1.4989
4,48.2970,2415,99,0,96.725075,0.967251,1.4989
4,48.3170,2416,99,0,96.727623,0.967276,1.4989
4,48.3370,2417,99,0,96.730171,0.967302,1.4989
4,48.3570,2418,99,0,96.732712,0.967327,1.4989
4,48.3770,2419,99,0,96.735245,0.967352,1.4989
4,48.3970,2420,99,0,96.737778,0.967378,1.4989
4,48.4170,2421,99,0,96.740303,0.967403,1.4989
4,48.4370,2422,99,0,96.742821,0.967428,1.4989
4,48.4570,2423,99,0,96.745338,0.967453,1.4989
4,48.4770,2424,99,0,96.747849,0.967478,1.4989
4,48.4970,2425,99,0,96.750351,0.967504,1.4989
4,48.5170,2426,99,0,96.752853,0.967529,1.4989
4,48.5370,2427,99,0,96.755348,0.967553,1.4989
4,48.5570,2428,99,0,96.757835,0.967578,1.4989
4,48.5770,2429,99,0,96.760323,0.967603,1.4989
4,48.5970,2430,99,0,96.762802,0.967628,1.4989
4,48.6180,2431,99,0,96.765282,0.967653,1.4989
4,48.6370,2432,99,0,96.767754,0.967678,1.4989
4,48.6570,2433,99,0,96.770218,0.967702,1.4989
4,48.6770,2434,99,0,96.772682,0.967727,1.4989
4,48.6970,2435,99,0,96.775139,0.967751,1.4989
4,48.7170,2436,99,0,96.777588,0.967776,1.4989
4,48.7370,2437,99,0,96.780037,0.967800,1.4989
4,48.7570,2438,99,0,96.782478,0.967825,1.4989
4,48.7770,2439,99,0,96.784912,0.967849,1.4989
4,48.7970,2440,99,0,96.787346,0.967873,1.4989
4,48.8170,2441,99,0,96.789772,0.967898,1.4989
4,48.8370,2442,99,0,96.792191,0.967922,1.4989
4,48.8570,2443,99,0,96.794609,0.967946,1.4989
4,48.8770,2444,99,0,96.797020,0.967970,1.4989
4,48.8970,2445,99,0,96.799431,0.967994,1.4989
4,48.9170,2446,99,0,96.801834,0.968018,1.4989
4,48.9370,2447,99,0,96.804230,0.968042,1.4989
4,48.9580,2448,99,0,96.806625,0.968066,1.4989
4,48.9770,2449,99,0,96.809013,0.968090,1.4989
4,48.9970,2450,99,0,96.811394,0.968114,1.4989
4,49.0170,2451,99,0,96.813774,0.968138,1.4989
4,49.0370,2452,99,0,96.816147,0.968161,1.4989
4,49.0570,2453,99,0,96.818520,0.968185,1.4989
4,49.0770,2454,99,0,96.820885,0.968209,1.4989
4,49.0970,2455,99,0,96.823242,0.968232,1.4989
4,49.1180,2456,99,0,96.825600,0.968256,1.4989
4,49.1370,2457,99,0,96.827950,0.968279,1.4989
4,49.1570,2458,99,0,96.830292,0.968303,1.4989
4,49.1770,2459,99,0,96.832634,0.968326,1.4989
4,49.1970,2460,99,0,96.834969,0.968350,1.4989
4,49.2170,2461,99,0,96.837303,0.968373,1.4989
4,49.2370,2462,99,0,96.839630,0.968396,1.4989
4,49.2570,2463,99,0,96.841949,0.968419,1.4989
4,49.2770,2464,99,0,96.844269,0.968443,1.4989
4,49.2970,2465,99,0,96.846581,0.968466,1.4989
4,49.3170,2466,99,0,96.848892,0.968489,1.4989
4,49.3370,2467,99,0,96.851196,0.968512,1.4989
4,49.3570,2468,99,0,96.853493,0.968535,1.4989
4,49.3770,2469,99,0,96.855789,0.968558,1.4989
4,49.3970,2470,99,0,96.858078,0.968581,1.4989
4,49.4170,2471,99,0,96.860367,0.968604,1.4989
4,49.4370,2472,99,0,96.862648,0.968626,1.4989
4,49.4580,2473,99,0,96.864922,0.968649,1.4989
4,49.4770,2474,99,0,96.867195,0.968672,1.4989
4,49.4970,2475,99,0,96.869461,0.968695,1.4989
4,49.5170,2476,99,0,96.871727,0.968717,1.4989
4,49.5370,2477,99,0,96.873985,0.968740,1.4989
4,49.5570,2478,99,0,96.876236,0.968762,1.4989
4,49.5770,2479,99,0,96.878487,0.968785,1.4989
4,49.5970,2480,99,0,96.880730,0.968807,1.4989
4,49.6180,2481,99,0,96.882973,0.968830,1.4989
4,49.6370,2482,99,0,96.885208,0.968852,1.4989
4,49.6570,2483,99,0,96.887436,0.968874,1.4989
4,49.6770,2484,99,0,96.889664,0.968897,1.4989
4,49.6970,2485,99,0,96.891884,0.968919,1.4989
4,49.7170,2486,99,0,96.894104,0.968941,1.4989
4,49.7370,2487,99,0,96.896317,0.968963,1.4989
4,49.7570,2488,99,0,96.898529,0.968985,1.4989
4,49.7770,2489,99,0,96.900734,0.969007,1.4989
4,49.7970,2490,99,0,96.902931,0.969029,1.4989
4,49.8170,2491,99,0,96.905128,0.969051,1.4989
4,49.8370,2492,99,0,96.907318,0.969073,1.4989
4,49.8570,2493,99,0,96.909508,0.969095,1.4989
4,49.8770,2494,99,0,96.911690,0.969117,1.4989
4,49.8970,2495,99,0,96.913872,0.969139,1.4989
4,49.9170,2496,99,0,96.916046,0.969160,1.4989
4,49.9370,2497,99,0,96.918213,0.969182,1.4989
4,49.9580,2498,99,0,96.920380,0.969204,1.4989
4,49.9770,2499,99,0,96.922539,0.969225,1.4989
4,49.9970,2500,99,0,96.924698,0.969247,1.4989
4,50.0170,2501,99,0,96.926849,0.969268,1.4989
4,50.0370,2502,99,0,96.929001,0.969290,1.4989
4,50.0570,2503,99,0,96.931145,0.969311,1.4989
4,50.0770,2504,99,0,96.933281,0.969333,1.4989
4,50.0970,2505,99,0,96.935417,0.969354,1.4989
4,50.1170,2506,99,0,96.937546,0.969375,1.4989
4,50.1370,2507,99,0,96.939674,0.969397,1.4989
4,50.1570,2508,99,0,96.941795,0.969418,1.4989
4,50.1770,2509,99,0,96.943916,0.969439,1.4989
4,50.1970,2510,99,0,96.946030,0.969460,1.4989
4,50.2170,2511,99,0,96.948143,0.969481,1.4989
4,50.2370,2512,99,0,96.950249,0.969502,1.4989
4,50.2570,2513,99,0,96.952347,0.969523,1.4989
4,50.2770,2514,99,0,96.954445,0.969544,1.4989
4,50.2970,2515,99,0,96.956535,0.969565,1.4989
4,50.3170,2516,99,0,96.958626,0.969586,1.4989
4,50.3370,2517,99,0,96.960709,0.969607,1.4989
4,50.3570,2518,99,0,96.962791,0.969628,1.4989
4,50.3770,2519,99,0,96.964867,0.969649,1.4989
4,50.3970,2520,99,0,96.966942,0.969669,1.4989
4,50.4170,2521,99,0,96.969009,0.969690,1.4989
4,50.4370,2522,99,0,96.971069,0.969711,1.4989
4,50.4580,2523,99,0,96.973129,0.969731,1.4989
4,50.4770,2524,99,0,96.975182,0.969752,1.4989
4,50.4970,2525,99,0,96.977234,0.969772,1.4989
4,50.5170,2526,99,0,96.979279,0.969793,1.4989
4,50.5370,2527,99,0,96.981323,0.969813,1.4989
4,50.5570,2528,99,0,96.983360,0.969834,1.4989
4,50.5770,2529,99,0,96.985397,0.969854,1.4989
4,50.5970,2530,99,0,96.987427,0.969874,1.4989
4,50.6170,2531,99,0,96.989456,0.969895,1.4989
4,50.6370,2532,99,0,96.991478,0.969915,1.4989
4,50.6570,2533,99,0,96.993500,0.969935,1.4989
4,50.6770,2534,99,0,96.995514,0.969955,1.4989
4,50.6970,2535,99,0,96.997528,0.969975,1.4989
4,50.7170,2536,99,0,96.999535,0.969995,1.4989
4,50.7370,2537,99,0,97.001534,0.970015,1.4989
4,50.7570,2538,99,0,97.003532,0.970035,1.4989
4,50.7770,2539,99,0,97.005524,0.970055,1.4989
4,50.7970,2540,99,0,97.007515,0.970075,1.4989
4,50.8170,2541,99,0,97.009499,0.970095,1.4989
4,50.8370,2542,99,0,97.011482,0.970115,1.4989
4,50.8570,2543,99,0,97.013458,0.970135,1.4989
4,50.8770,2544,99,0,97.015434,0.970154,1.4989
4,50.8970,2545,99,0,97.017403,0.970174,1.4989
4,50.9170,2546,99,0,97.019371,0.970194,1.4989
4,50.9370,2547,99,0,97.021332,0.970213,1.4989
4,50.9580,2548,99,0,97.023293,0.970233,1.4989
4,50.9770,2549,99,0,97.025246,0.970252,1.4989
4,50.9970,2550,99,0,97.027199,0.970272,1.4989
4,51.0170,2551,99,0,97.029144,0.970291,1.4989
4,51.0370,2552,99,0,97.031090,0.970311,1.4989
4,51.0570,2553,99,0,97.033028,0.970330,1.4989
4,51.0770,2554,99,0,97.034966,0.970350,1.4989
4,51.0970,2555,99,0,97.036896,0.970369,1.4989
4,51.1170,2556,99,0,97.038826,0.970388,1.4989
4,51.1370,2557,99,0,97.040749,0.970407,1.4989
4,51.1570,2558,99,0,97.042671,0.970427,1.4989
4,51.1770,2559,99,0,97.044586,0.970446,1.4989
4,51.1970,2560,99,0,97.046501,0.970465,1.4989
4,51.2170,2561,99,0,97.048409,0.970484,1.4989
4,51.2370,2562,99,0,97.050316,0.970503,1.4989
4,51.2570,2563,99,0,97.052216,0.970522,1.4989
4,51.2770,2564,99,0,97.054115,0.970541,1.4989
4,51.2980,2565,99,0,97.056007,0.970560,1.4989
4,51.3170,2566,99,0,97.057899,0.970579,1.4989
4,51.3370,2567,99,0,97.059784,0.970598,1.4989
4,51.3570,2568,99,0,97.061668,0.970617,1.4989
4,51.3770,2569,99,0,97.063545,0.970635,1.4989
4,51.3970,2570,99,0,97.065422,0.970654,1.4989
4,51.4170,2571,99,0,97.067291,0.970673,1.4989
4,51.4370,2572,99,0,97.069160,0.970692,1.4989
4,51.4580,2573,99,0,97.071022,0.970710,1.4989
4,51.4770,2574,99,0,97.072884,0.970729,1.4989
4,51.4970,2575,99,0,97.074738,0.970747,1.4989
4,51.5170,2576,99,0,97.076591,0.970766,1.4989
4,51.5370,2577,99,0,97.078438,0.970784,1.4989
4,51.5570,2578,99,0,97.080284,0.970803,1.4989
4,51.5770,2579,99,0,97.082123,0.970821,1.4989
4,51.5970,2580,99,0,97.083961,0.970840,1.4989
4,51.6170,2581,99,0,97.085793,0.970858,1.4989
4,51.6370,2582,99,0,97.087624,0.970876,1.4989
4,51.6570,2583,99,0,97.089447,0.970894,1.4989
4,51.6770,2584,99,0,97.091270,0.970913,1.4989
4,51.6970,2585,99,0,97.093086,0.970931,1.4989
4,51.7170,2586,99,0,97.094902,0.970949,1.4989
4,51.7370,2587,99,0,97.096710,0.970967,1.4989
4,51.7570,2588,99,0,97.098518,0.970985,1.4989
4,51.7770,2589,99,0,97.100327,0.971003,1.4989
4,51.7980,2590,99,0,97.102127,0.971021,1.4989
4,51.8170,2591,99,0,97.103928,0.971039,1.4989
4,51.8370,2592,99,0,97.105721,0.971057,1.4989
4,51.8570,2593,99,0,97.107513,0.971075,1.4989
4,51.8770,2594,99,0,97.109299,0.971093,1.4989
4,51.8970,2595,99,0,97.111084,0.971111,1.4989
4,51.9170,2596,99,0,97.112862,0.971129,1.4989
4,51.9370,2597,99,0,97.114639,0.971146,1.4989
4,51.9570,2598,99,0,97.116409,0.971164,1.4989
4,51.9770,2599,99,0,97.118179,0.971182,1.4989
4,51.9970,2600,99,0,97.119942,0.971199,1.4989
4,52.0170,2601,99,0,97.121704,0.971217,1.4989
4,52.0370,2602,99,0,97.123459,0.971235,1.4989
4,52.0570,2603,99,0,97.125214,0.971252,1.4989
4,52.0770,2604,99,0,97.126968,0.971270,1.4989
4,52.0970,2605,99,0,97.128716,0.971287,1.4989
4,52.1170,2606,99,0,97.130463,0.971305,1.4989
4,52.1370,2607,99,0,97.132202,0.971322,1.4989
4,52.1570,2608,99,0,97.133942,0.971339,1.4989
4,52.1770,2609,99,0,97.135674,0.971357,1.4989
4,52.1970,2610,99,0,97.137405,0.971374,1.4989
4,52.2170,2611,99,0,97.139130,0.971391,1.4989
4,52.2370,2612,99,0,97.140854,0.971409,1.4989
4,52.2570,2613,99,0,97.142570,0.971426,1.4989
4,52.2770,2614,99,0,97.144287,0.971443,1.4989
4,52.2980,2615,99,0,97.146004,0.971460,1.4989
4,52.3170,2616,99,0,97.147713,0.971477,1.4989
4,52.3370,2617,99,0,97.149422,0.971494,1.4989
4,52.3570,2618,99,0,97.151123,0.971511,1.4989
4,52.3770,2619,99,0,97.152824,0.971528,1.4989
4,52.3970,2620,99,0,97.154518,0.971545,1.4989
4,52.4170,2621,99,0,97.156212,0.971562,1.4989
4,52.4370,2622,99,0,97.157898,0.971579,1.4989
4,52.4570,2623,99,0,97.159584,0.971596,1.4989
4,52.4770,2624,99,0,97.161270,0.971613,1.4989
4,52.4970,2625,99,0,97.162949,0.971629,1.4989
4,52.5170,2626,99,0,97.164627,0.971646,1.4989
4,52.5370,2627,99,0,97.166298,0.971663,1.4989
4,52.5570,2628,99,0,97.167969,0.971680,1.4989
4,52.5770,2629,99,0,97.169632,0.971696,1.4989
4,52.5970,2630,99,0,97.171295,0.971713,1.4989
4,52.6170,2631,99,0,97.172951,0.971730,1.4989
4,52.6380,2632,99,0,97.174606,0.971746,1.4989
4,52.6570,2633,99,0,97.176262,0.971763,1.4989
4,52.6770,2634,99,0,97.177910,0.971779,1.4989
4,52.6970,2635,99,0,97.179558,0.971796,1.4989
4,52.7170,2636,99,0,97.181198,0.971812,1.4989
4,52.7370,2637,99,0,97.182838,0.971828,1.4989
4,52.7570,2638,99,0,97.184471,0.971845,1.4989
4,52.7770,2639,99,0,97.186104,0.971861,1.4989
4,52.7980,2640,99,0,97.187737,0.971877,1.4989
4,52.8170,2641,99,0,97.189362,0.971894,1.4989
4,52.8370,2642,99,0,97.190987,0.971910,1.4989
4,52.8570,2643,99,0,97.192604,0.971926,1.4989
4,52.8770,2644,99,0,97.194221,0.971942,1.4989
4,52.8970,2645,99,0,97.195831,0.971958,1.4989
4,52.9170,2646,99,0,97.197441,0.971974,1.4989
4,52.9370,2647,99,0,97.199051,0.971991,1.4989
4,52.9570,2648,99,0,97.200653,0.972007,1.4989
4,52.9770,2649,99,0,97.202255,0.972023,1.4989
4,52.9970,2650,99,0,97.203850,0.972038,1.4989
4,53.0170,2651,99,0,97.205444,0.972054,1.4989
4,53.0370,2652,99,0,97.207039,0.972070,1.4989
4,53.0570,2653,99,0,97.208626,0.972086,1.4989
4,53.0770,2654,99,0,97.210213,0.972102,1.4989
4,53.0970,2655,99,0,97.211792,0.972118,1.4989
4,53.1170,2656,99,0,97.213371,0.972134,1.4989
4,53.1370,2657,99,0,97.214943,0.972149,1.4989
4,53.1570,2658,99,0,97.216515,0.972165,1.4989
4,53.1770,2659,99,0,97.218086,0.972181,1.4989
4,53.1970,2660,99,0,97.219650,0.972197,1.4989
4,53.2170,2661,99,0,97.221214,0.972212,1.4989
4,53.2370,2662,99,0,97.222771,0.972228,1.4989
4,53.2570,2663,99,0,97.224327,0.972243,1.4989
4,53.2770,2664,99,0,97.225883,0.972259,1.4989
4,53.2970,2665,99,0,97.227432,0.972274,1.4989
4,53.3170,2666,99,0,97.228981,0.972290,1.4989
4,53.3370,2667,99,0,97.230522,0.972305,1.4989
4,53.3570,2668,99,0,97.232063,0.972321,1.4989
4,53.3770,2669,99,0,97.233604,0.972336,1.4989
4,53.3970,2670,99,0,97.235138,0.972351,1.4989
4,53.4170,2671,99,0,97.236671,0.972367,1.4989
4,53.4370,2672,99,0,97.238197,0.972382,1.4989
4,53.4570,2673,99,0,97.239723,0.972397,1.4989
4,53.4770,2674,99,0,97.241249,0.972412,1.4989
4,53.4970,2675,99,0,97.242767,0.972428,1.4989
4,53.5170,2676,99,0,97.244286,0.972443,1.4989
4,53.5370,2677,99,0,97.245796,0.972458,1.4989
4,53.5570,2678,99,0,97.247307,0.972473,1.4989
4,53.5770,2679,99,0,97.248817,0.972488,1.4989
4,53.5970,2680,99,0,97.250320,0.972503,1.4989
4,53.6170,2681,99,0,97.251823,0.972518,1.4989
4,53.6370,2682,99,0,97.253319,0.972533,1.4989
4,53.6570,2683,99,0,97.254814,0.972548,1.4989
4,53.6770,2684,99,0,97.256310,0.972563,1.4989
4,53.6970,2685,99,0,97.257797,0.972578,1.4989
4,53.7170,2686,99,0,97.259285,0.972593,1.4989
4,53.7370,2687,99,0,97.260765,0.972608,1.4989
4,53.7570,2688,99,0,97.262245,0.972622,1.4989
4,53.7770,2689,99,0,97.263725,0.972637,1.4989
4,53.7970,2690,99,0,97.265198,0.972652,1.4989
4,53.8170,2691,99,0,97.266670,0.972667,1.4989
4,53.8370,2692,99,0,97.268135,0.972681,1.4989
4,53.8570,2693,99,0,97.269600,0.972696,1.4989
4,53.8770,2694,99,0,97.271065,0.972711,1.4989
4,53.8970,2695,99,0,97.272522,0.972725,1.4989
4,53.9170,2696,99,0,97.273979,0.972740,1.4989
4,53.9370,2697,99,0,97.275436,0.972754,1.4989
4,53.9570,2698,99,0,97.276886,0.972769,1.4989
4,53.9770,2699,99,0,97.278336,0.972783,1.4989
4,53.9970,2700,99,0,97.279778,0.972798,1.4989
4,54.0170,2701,99,0,97.281219,0.972812,1.4989
4,54.0370,2702,99,0,97.282661,0.972827,1.4989
4,54.0570,2703,99,0,97.284096,0.972841,1.4989
4,54.0770,2704,99,0,97.285530,0.972855,1.4989
4,54.0970,2705,99,0,97.286964,0.972870,1.4989
4,54.1170,2706,99,0,97.288391,0.972884,1.4989
4,54.1380,2707,99,0,97.289818,0.972898,1.4989
4,54.1570,2708,99,0,97.291237,0.972912,1.4989
4,54.1770,2709,99,0,97.292656,0.972927,1.4989
4,54.1970,2710,99,0,97.294075,0.972941,1.4989
4,54.2170,2711,99,0,97.295486,0.972955,1.4989
4,54.2370,2712,99,0,97.296898,0.972969,1.4989
4,54.2570,2713,99,0,97.298309,0.972983,1.4989
4,54.2770,2714,99,0,97.299713,0.972997,1.4989
4,54.2970,2715,99,0,97.301117,0.973011,1.4989
4,54.3170,2716,99,0,97.302513,0.973025,1.4989
4,54.3370,2717,99,0,97.303909,0.973039,1.4989
4,54.3570,2718,99,0,97.305305,0.973053,1.4989
4,54.3770,2719,99,0,97.306694,0.973067,1.4989
4,54.3970,2720,99,0,97.308083,0.973081,1.4989
4,54.4170,2721,99,0,97.309471,0.973095,1.4989
4,54.4370,2722,99,0,97.310852,0.973109,1.4989
4,54.4570,2723,99,0,97.312233,0.973122,1.4989
4,54.4780,2724,99,0,97.313614,0.973136,1.4989
4,54.4970,2725,99,0,97.314987,0.973150,1.4989
4,54.5170,2726,99,0,97.316360,0.973164,1.4989
4,54.5370,2727,99,0,97.317726,0.973177,1.4989
4,54.5570,2728,99,0,97.319092,0.973191,1.4989
4,54.5770,2729,99,0,97.320457,0.973205,1.4989
4,54.5970,2730,99,0,97.321815,0.973218,1.4989
4,54.6170,2731,99,0,97.323174,0.973232,1.4989
4,54.6380,2732,99,0,97.324532,0.973245,1.4989
4,54.6570,2733,99,0,97.325882,0.973259,1.4989
4,54.6770,2734,99,0,97.327232,0.973272,1.4989
4,54.6970,2735,99,0,97.328583,0.973286,1.4989
4,54.7170,2736,99,0,97.329926,0.973299,1.4989
4,54.7370,2737,99,0,97.331268,0.973313,1.4989
4,54.7570,2738,99,0,97.332611,0.973326,1.4989
4,54.7770,2739,99,0,97.333946,0.973339,1.4989
4,54.7970,2740,99,0,97.335281,0.973353,1.4989
4,54.8170,2741,99,0,97.336609,0.973366,1.4989
4,54.8370,2742,99,0,97.337936,0.973379,1.4989
4,54.8570,2743,99,0,97.339264,0.973393,1.4989
4,54.8770,2744,99,0,97.340584,0.973406,1.4989
4,54.8970,2745,99,0,97.341904,0.973419,1.4989
4,54.9170,2746,99,0,97.343224,0.973432,1.4989
4,54.9370,2747,99,0,97.344536,0.973445,1.4989
4,54.9570,2748,99,0,97.345848,0.973458,1.4989
4,54.9780,2749,99,0,97.347160,0.973472,1.4989
4,54.9970,2750,99,0,97.348465,0.973485,1.4989
4,55.0170,2751,99,0,97.349770,0.973498,1.4989
4,55.0370,2752,99,0,97.351074,0.973511,1.4989
4,55.0570,2753,99,0,97.352371,0.973524,1.4989
4,55.0770,2754,99,0,97.353668,0.973537,1.4989
4,55.0970,2755,99,0,97.354965,0.973550,1.4989
4,55.1170,2756,99,0,97.356255,0.973563,1.4989
4,55.1380,2757,99,0,97.357544,0.973575,1.4989
4,55.1570,2758,99,0,97.358833,0.973588,1.4989
4,55.1770,2759,99,0,97.360115,0.973601,1.4989
4,55.1970,2760,99,0,97.361397,0.973614,1.4989
4,55.2170,2761,99,0,97.362679,0.973627,1.4989
4,55.2370,2762,99,0,97.363953,0.973640,1.4989
4,55.2570,2763,99,0,97.365227,0.973652,1.4989
4,55.2770,2764,99,0,97.366501,0.973665,1.4989
4,55.2970,2765,99,0,97.367767,0.973678,1.4989
4,55.3170,2766,99,0,97.369034,0.973690,1.4989
4,55.3370,2767,99,0,97.370300,0.973703,1.4989
4,55.3570,2768,99,0,97.371559,0.973716,1.4989
4,55.3770,2769,99,0,97.372818,0.973728,1.4989
4,55.3970,2770,99,0,97.374077,0.973741,1.4989
4,55.4170,2771,99,0,97.375328,0.973753,1.4989
4,55.4370,2772,99,0,97.376579,0.973766,1.4989
4,55.4570,2773,99,0,97.377831,0.973778,1.4989
4,55.4780,2774,99,0,97.379074,0.973791,1.4989
4,55.4970,2775,99,0,97.380318,0.973803,1.4989
4,55.5170,2776,99,0,97.381561,0.973816,1.4989
4,55.5370,2777,99,0,97.382797,0.973828,1.4989
4,55.5570,2778,99,0,97.384033,0.973840,1.4989
4,55.5770,2779,99,0,97.385269,0.973853,1.4989
4,55.5970,2780,99,0,97.386497,0.973865,1.4989
4,55.6170,2781,99,0,97.387726,0.973877,1.4989
4,55.6370,2782,99,0,97.388954,0.973890,1.4989
4,55.6570,2783,99,0,97.390175,0.973902,1.4989
4,55.6770,2784,99,0,97.391396,0.973914,1.4989
4,55.6970,2785,99,0,97.392616,0.973926,1.4989
4,55.7170,2786,99,0,97.393829,0.973938,1.4989
4,55.7370,2787,99,0,97.395042,0.973950,1.4989
4,55.7570,2788,99,0,97.396255,0.973963,1.4989
4,55.7770,2789,99,0,97.397461,0.973975,1.4989
4,55.7970,2790,99,0,97.398666,0.973987,1.4989
4,55.8170,2791,99,0,97.399872,0.973999,1.4989
4,55.8370,2792,99,0,97.401077,0.974011,1.4989
4,55.8570,2793,99,0,97.402275,0.974023,1.4989
4,55.8770,2794,99,0,97.403473,0.974035,1.4989
4,55.8970,2795,99,0,97.404671,0.974047,1.4989
4,55.9170,2796,99,0,97.405861,0.974059,1.4989
4,55.9370,2797,99,0,97.407051,0.974071,1.4989
4,55.9570,2798,99,0,97.408241,0.974082,1.4989
4,55.9780,2799,99,0,97.409424,0.974094,1.4989
4,55.9970,2800,99,0,97.410606,0.974106,1.4989
4,56.0170,2801,99,0,97.411789,0.974118,1.4989
4,56.0370,2802,99,0,97.412964,0.974130,1.4989
4,56.0570,2803,99,0,97.414139,0.974141,1.4989
4,56.0770,2804,99,0,97.415314,0.974153,1.4989
4,56.0970,2805,99,0,97.416481,0.974165,1.4989
4,56.1170,2806,99,0,97.417648,0.974176,1.4989
4,56.1370,2807,99,0,97.418816,0.974188,1.4989
4,56.1570,2808,99,0,97.419983,0.974200,1.4989
4,56.1770,2809,99,0,97.421143,0.974211,1.4989
4,56.1970,2810,99,0,97.422302,0.974223,1.4989
4,56.2170,2811,99,0,97.423462,0.974235,1.4989
4,56.2370,2812,99,0,97.424614,0.974246,1.4989
4,56.2570,2813,99,0,97.425766,0.974258,1.4989
4,56.2770,2814,99,0,97.426918,0.974269,1.4989
4,56.2970,2815,99,0,97.428062,0.974281,1.4989
4,56.3180,2816,99,0,97.429207,0.974292,1.4989
4,56.3370,2817,99,0,97.430351,0.974304,1.4989
4,56.3570,2818,99,0,97.431496,0.974315,1.4989
4,56.3770,2819,99,0,97.432632,0.974326,1.4989
4,56.3970,2820,99,0,97.433769,0.974338,1.4989
4,56.4170,2821,99,0,97.434906,0.974349,1.4989
4,56.4370,2822,99,0,97.436035,0.974360,1.4989
4,56.4570,2823,99,0,97.437164,0.974372,1.4989
4,56.4780,2824,99,0,97.438293,0.974383,1.4989
4,56.4970,2825,99,0,97.439415,0.974394,1.4989
4,56.5170,2826,99,0,97.440536,0.974405,1.4989
4,56.5370,2827,99,0,97.441658,0.974417,1.4989
4,56.5570,2828,99,0,97.442780,0.974428,1.4989
4,56.5770,2829,99,0,97.443893,0.974439,1.4989
4,56.5970,2830,99,0,97.445007,0.974450,1.4989
4,56.6170,2831,99,0,97.446121,0.974461,1.4989
4,56.6370,2832,99,0,97.447227,0.974472,1.4989
4,56.6570,2833,99,0,97.448334,0.974483,1.4989
4,56.6770,2834,99,0,97.449440,0.974494,1.4989
4,56.6970,2835,99,0,97.450546,0.974505,1.4989
4,56.7170,2836,99,0,97.451645,0.974516,1.4989
4,56.7370,2837,99,0,97.452744,0.974527,1.4989
4,56.7570,2838,99,0,97.453842,0.974538,1.4989
4,56.7770,2839,99,0,97.454933,0.974549,1.4989
4,56.7970,2840,99,0,97.456024,0.974560,1.4989
4,56.8180,2841,99,0,97.457115,0.974571,1.4989
4,56.8370,2842,99,0,97.458206,0.974582,1.4989
4,56.8570,2843,99,0,97.459290,0.974593,1.4989
4,56.8770,2844,99,0,97.460373,0.974604,1.4989
4,56.8970,2845,99,0,97.461456,0.974615,1.4989
4,56.9170,2846,99,0,97.462532,0.974625,1.4989
4,56.9370,2847,99,0,97.463608,0.974636,1.4989
4,56.9570,2848,99,0,97.464684,0.974647,1.4989
4,56.9780,2849,99,0,97.465759,0.974658,1.4989
4,56.9970,2850,99,0,97.466827,0.974668,1.4989
4,57.0170,2851,99,0,97.467896,0.974679,1.4989
4,57.0370,2852,99,0,97.468964,0.974690,1.4989
4,57.0570,2853,99,0,97.470024,0.974700,1.4989
4,57.0770,2854,99,0,97.471085,0.974711,1.4989
4,57.0970,2855,99,0,97.472145,0.974721,1.4989
4,57.1170,2856,99,0,97.473206,0.974732,1.4989
4,57.1370,2857,99,0,97.474258,0.974743,1.4989
4,57.1580,2858,99,0,97.475311,0.974753,1.4989
4,57.1770,2859,99,0,97.476364,0.974764,1.4989
4,57.1970,2860,99,0,97.477409,0.974774,1.4989
4,57.2170,2861,99,0,97.478455,0.974785,1.4989
4,57.2370,2862,99,0,97.479500,0.974795,1.4989
4,57.2570,2863,99,0,97.480545,0.974805,1.4989
4,57.2770,2864,99,0,97.481583,0.974816,1.4989
4,57.2970,2865,99,0,97.482620,0.974826,1.4989
4,57.3170,2866,99,0,97.483658,0.974837,1.4989
4,57.3370,2867,99,0,97.484695,0.974847,1.4989
4,57.3570,2868,99,0,97.485725,0.974857,1.4989
4,57.3770,2869,99,0,97.486755,0.974868,1.4989
4,57.3970,2870,99,0,97.487785,0.974878,1.4989
4,57.4170,2871,99,0,97.488808,0.974888,1.4989
4,57.4370,2872,99,0,97.489830,0.974898,1.4989
4,57.4570,2873,99,0,97.490852,0.974909,1.4989
4,57.4770,2874,99,0,97.491875,0.974919,1.4989
4,57.4970,2875,99,0,97.492889,0.974929,1.4989
4,57.5170,2876,99,0,97.493904,0.974939,1.4989
4,57.5370,2877,99,0,97.494919,0.974949,1.4989
4,57.5570,2878,99,0,97.495934,0.974959,1.4989
4,57.5770,2879,99,0,97.496941,0.974969,1.4989
4,57.5970,2880,99,0,97.497948,0.974979,1.4989
4,57.6170,2881,99,0,97.498955,0.974990,1.4989
4,57.6370,2882,99,0,97.499962,0.975000,1.4989
4,57.6580,2883,99,0,97.500961,0.975010,1.4989
4,57.6770,2884,99,0,97.501961,0.975020,1.4989
4,57.6970,2885,99,0,97.502960,0.975030,1.4989
4,57.7170,2886,99,0,97.503960,0.975040,1.4989
4,57.7370,2887,99,0,97.504951,0.975050,1.4989
4,57.7570,2888,99,0,97.505943,0.975059,1.4989
4,57.7770,2889,99,0,97.506935,0.975069,1.4989
4,57.7970,2890,99,0,97.507919,0.975079,1.4989
4,57.8180,2891,99,0,97.508904,0.975089,1.4989
4,57.8370,2892,99,0,97.509888,0.975099,1.4989
4,57.8570,2893,99,0,97.510872,0.975109,1.4989
4,57.8770,2894,99,0,97.511848,0.975118,1.4989
4,57.8970,2895,99,0,97.512825,0.975128,1.4989
4,57.9170,2896,99,0,97.513802,0.975138,1.4989
4,57.9370,2897,99,0,97.514778,0.975148,1.4989
4,57.9570,2898,99,0,97.515747,0.975157,1.4989
4,57.9770,2899,99,0,97.516716,0.975167,1.4989
4,57.9970,2900,99,0,97.517685,0.975177,1.4989
4,58.0170,2901,99,0,97.518654,0.975187,1.4989
4,58.0370,2902,99,0,97.519615,0.975196,1.4989
4,58.0570,2903,99,0,97.520576,0.975206,1.4989
4,58.0770,2904,99,0,97.521538,0.975215,1.4989
4,58.0970,2905,99,0,97.522499,0.975225,1.4989
4,58.1170,2906,99,0,97.523453,0.975235,1.4989
4,58.1370,2907,99,0,97.524406,0.975244,1.4989
4,58.1580,2908,99,0,97.525360,0.975254,1.4989
4,58.1770,2909,99,0,97.526314,0.975263,1.4989
4,58.1970,2910,99,0,97.527260,0.975273,1.4989
4,58.2170,2911,99,0,97.528206,0.975282,1.4989
4,58.2370,2912,99,0,97.529152,0.975292,1.4989
4,58.2570,2913,99,0,97.530098,0.975301,1.4989
4,58.2770,2914,99,0,97.531036,0.975310,1.4989
4,58.2970,2915,99,0,97.531975,0.975320,1.4989
4,58.3180,2916,99,0,97.532913,0.975329,1.4989
4,58.3370,2917,99,0,97.533852,0.975339,1.4989
4,58.3570,2918,99,0,97.534782,0.975348,1.4989
4,58.3770,2919,99,0,97.535713,0.975357,1.4989
4,58.3970,2920,99,0,97.536644,0.975366,1.4989
4,58.4170,2921,99,0,97.537575,0.975376,1.4989
4,58.4370,2922,99,0,97.538498,0.975385,1.4989
4,58.4570,2923,99,0,97.539421,0.975394,1.4989
4,58.4770,2924,99,0,97.540344,0.975403,1.4989
4,58.4980,2925,99,0,97.541267,0.975413,1.4989
4,58.5170,2926,99,0,97.542183,0.975422,1.4989
4,58.5370,2927,99,0,97.543098,0.975431,1.4989
4,58.5570,2928,99,0,97.544014,0.975440,1.4989
4,58.5770,2929,99,0,97.544930,0.975449,1.4989
4,58.5970,2930,99,0,97.545845,0.975458,1.4989
4,58.6170,2931,99,0,97.546753,0.975468,1.4989
4,58.6370,2932,99,0,97.547661,0.975477,1.4989
4,58.6580,2933,99,0,97.548569,0.975486,1.4989
4,58.6770,2934,99,0,97.549477,0.975495,1.4989
4,58.6970,2935,99,0,97.550377,0.975504,1.4989
4,58.7170,2936,99,0,97.551277,0.975513,1.4989
4,58.7370,2937,99,0,97.552177,0.975522,1.4989
4,58.7570,2938,99,0,97.553078,0.975531,1.4989
4,58.7770,2939,99,0,97.553970,0.975540,1.4989
4,58.7970,2940,99,0,97.554863,0.975549,1.4989
4,58.8180,2941,99,0,97.555756,0.975558,1.4989
4,58.8370,2942,99,0,97.556648,0.975566,1.4989
4,58.8570,2943,99,0,97.557533,0.975575,1.4989
4,58.8770,2944,99,0,97.558418,0.975584,1.4989
4,58.8970,2945,99,0,97.559303,0.975593,1.4989
4,58.9170,2946,99,0,97.560188,0.975602,1.4989
4,58.9370,2947,99,0,97.561073,0.975611,1.4989
4,58.9570,2948,99,0,97.561951,0.975620,1.4989
4,58.9770,2949,99,0,97.562828,0.975628,1.4989
4,58.9970,2950,99,0,97.563705,0.975637,1.4989
4,59.0170,2951,99,0,97.564583,0.975646,1.4989
4,59.0370,2952,99,0,97.565453,0.975655,1.4989
4,59.0570,2953,99,0,97.566322,0.975663,1.4989
4,59.0770,2954,99,0,97.567192,0.975672,1.4989
4,59.0970,2955,99,0,97.568062,0.975681,1.4989
4,59.1170,2956,99,0,97.568924,0.975689,1.4989
4,59.1370,2957,99,0,97.569786,0.975698,1.4989
4,59.1580,2958,99,0,97.570648,0.975706,1.4989
4,59.1770,2959,99,0,97.571510,0.975715,1.4989
4,59.1970,2960,99,0,97.572372,0.975724,1.4989
4,59.2170,2961,99,0,97.573227,0.975732,1.4989
4,59.2370,2962,99,0,97.574081,0.975741,1.4989
4,59.2570,2963,99,0,97.574936,0.975749,1.4989
4,59.2770,2964,99,0,97.575790,0.975758,1.4989
4,59.2970,2965,99,0,97.576637,0.975766,1.4989
4,59.3180,2966,99,0,97.577484,0.975775,1.4989
4,59.3370,2967,99,0,97.578331,0.975783,1.4989
4,59.3570,2968,99,0,97.579178,0.975792,1.4989
4,59.3770,2969,99,0,97.580025,0.975800,1.4989
4,59.3970,2970,99,0,97.580864,0.975809,1.4989
4,59.4170,2971,99,0,97.581703,0.975817,1.4989
4,59.4370,2972,99,0,97.582542,0.975825,1.4989
4,59.4570,2973,99,0,97.583382,0.975834,1.4989
4,59.4770,2974,99,0,97.584213,0.975842,1.4989
4,59.4970,2975,99,0,97.585045,0.975850,1.4989
4,59.5170,2976,99,0,97.585876,0.975859,1.4989
4,59.5370,2977,99,0,97.586708,0.975867,1.4989
4,59.5570,2978,99,0,97.587540,0.975875,1.4989
4,59.5770,2979,99,0,97.588364,0.975884,1.4989
4,59.5970,2980,99,0,97.589188,0.975892,1.4989
4,59.6170,2981,99,0,97.590012,0.975900,1.4989
4,59.6370,2982,99,0,97.590836,0.975908,1.4989
4,59.6580,2983,99,0,97.591652,0.975917,1.4989
4,59.6770,2984,99,0,97.592468,0.975925,1.4989
4,59.6970,2985,99,0,97.593285,0.975933,1.4989
4,59.7170,2986,99,0,97.594101,0.975941,1.4989
4,59.7370,2987,99,0,97.594917,0.975949,1.4989
4,59.7570,2988,99,0,97.595726,0.975957,1.4989
4,59.7770,2989,99,0,97.596535,0.975965,1.4989
4,59.7970,2990,99,0,97.597343,0.975973,1.4989
4,59.8170,2991,99,0,97.598152,0.975982,1.4989
4,59.8370,2992,99,0,97.598961,0.975990,1.4989
4,59.8570,2993,99,0,97.599762,0.975998,1.4989
4,59.8770,2994,99,0,97.600563,0.976006,1.4989
4,59.8970,2995,99,0,97.601364,0.976014,1.4989
4,59.9170,2996,99,0,97.602165,0.976022,1.4989
4,59.9370,2997,99,0,97.602966,0.976030,1.4989
4,59.9570,2998,99,0,97.603760,0.976038,1.4989
4,59.9770,2999,99,0,97.604553,0.976046,1.4989
4,59.9980,3000,99,0,97.605347,0.976053,1.4989
4,60.0170,3001,99,0,97.606140,0.976061,1.4989
5,0.0170,1,0,0,0.000000,0.000000,99.5000
5,0.0370,2,0,0,0.196000,0.189380,99.4961
5,0.0570,3,0,0,0.391608,0.372803,99.4882
5,0.0770,4,0,0,0.586825,0.550056,99.4765
5,0.0970,5,0,0,0.781651,0.721136,99.4609
5,0.1170,6,0,0,0.976088,0.886152,99.4414
5,0.1370,7,0,0,1.170136,1.045024,99.4180
5,0.1570,8,0,0,1.363795,1.197734,99.3907
5,0.1780,9,0,0,1.557068,1.344218,99.3595
5,0.1970,10,0,0,1.749954,1.484498,99.3245
5,0.2170,11,0,0,1.942454,1.618588,99.2857
5,0.2370,12,0,0,2.134569,1.747822,99.2430
5,0.2570,13,0,0,2.326300,1.875549,99.1965
5,0.2770,14,0,0,2.517648,1.998554,99.1461
5,0.2970,15,0,0,2.708612,2.122057,99.0919
5,0.3170,16,0,0,2.899195,2.241330,99.0340
5,0.3380,17,0,0,3.089390,2.354962,98.9722
5,0.3570,18,0,0,3.279179,2.461240,98.9066
5,0.3770,19,0,0,3.468504,2.559440,98.8372
5,0.3970,20,0,0,3.657229,2.652994,98.7641
5,0.4170,21,0,0,3.845076,2.745144,98.6872
5,0.4370,22,0,0,4.031537,2.831684,98.6066
5,0.4570,23,0,0,4.215754,2.912991,98.5222
5,0.4770,24,0,0,4.396328,2.988968,98.4343
5,0.4970,25,0,0,4.571218,3.059770,98.3429
5,0.5170,26,0,0,4.738148,3.125043,98.2481
5,0.5370,27,0,0,4.894637,3.182710,98.1502
5,0.5570,28,0,0,5.038451,3.230884,98.0495
5,0.5770,29,0,0,5.168084,3.271194,97.9461
5,0.5970,30,0,0,5.285731,3.305792,97.8404
5,0.6170,31,0,0,5.394531,3.339837,97.7325
5,0.6370,32,0,0,5.492648,3.366779,97.6226
5,0.6570,33,0,0,5.579917,3.391705,97.5110
5,0.6780,34,0,0,5.650883,3.412181,97.3980
5,0.6970,35,0,0,5.697922,3.429617,97.2841
5,0.7170,36,0,0,5.725150,3.445686,97.1696
5,0.7370,37,0,0,5.761106,3.460393,97.0546
5,0.7570,38,0,0,5.806505,3.472757,96.9388
5,0.7770,39,0,0,5.838565,3.484013,96.8220
5,0.7970,40,0,0,5.876522,3.492598,96.7045
5,0.8170,41,0,0,5.906116,3.501054,96.5864
5,0.8380,42,0,0,5.929763,3.511484,96.4678
5,0.8570,43,0,0,5.955665,3.522910,96.3487
5,0.8770,44,0,0,5.998536,3.538710,96.2288
5,0.8970,45,0,0,6.041465,3.558228,96.1080
5,0.9170,46,0,0,6.020036,3.585482,95.9876
5,0.9370,47,0,0,5.942307,3.626878,95.8687
5,0.9570,48,0,0,5.894530,3.682785,95.7511
5,0.9770,49,0,0,5.851139,3.743166,95.6341
5,0.9970,50,0,0,5.742775,3.817020,95.5192
5,1.0170,51,0,0,5.503055,3.901793,95.4092
5,1.0370,52,0,0,5.587356,3.998617,95.3051
5,1.0570,53,0,0,6.549392,4.114971,95.2076
5,1.0770,54,0,0,7.755809,4.251279,95.1161
5,1.0970,55,0,0,9.152472,4.413854,95.0310
5,1.1170,56,0,0,10.784580,4.609496,94.9517
5,1.1370,57,0,0,12.188320,4.826013,94.8769
5,1.1570,58,0,0,12.764897,5.055105,94.8054
5,1.1780,59,0,0,12.722046,5.245829,94.7342
5,1.1970,60,0,0,12.662481,5.418477,94.6635
5,1.2170,61,0,0,12.605987,5.547831,94.5933
5,1.2370,62,0,0,12.580564,5.672604,94.5229
5,1.2570,63,0,0,12.593357,5.795423,94.4515
5,1.2770,64,0,0,12.609056,5.918443,94.3788
5,1.2970,65,0,0,12.627630,6.044348,94.3050
5,1.3170,66,0,0,12.649051,6.174258,94.2299
5,1.3380,67,0,0,12.704323,6.308024,94.1537
5,1.3570,68,0,0,12.770346,6.440353,94.0770
5,1.3770,69,0,0,12.838575,6.573008,94.0002
5,1.3970,70,0,0,12.908960,6.707137,93.9234
5,1.4170,71,0,0,12.981452,6.842902,93.8456
5,1.4370,72,0,0,13.055999,6.980407,93.7670
5,1.4570,73,0,0,13.132550,7.120081,93.6876
5,1.4770,74,0,0,13.211057,7.260808,93.6065
5,1.4970,75,0,0,13.291469,7.401622,93.5232
5,1.5180,76,0,0,13.373737,7.543332,93.4362
5,1.5370,77,0,0,13.457813,7.685730,93.3456
5,1.5570,78,0,0,13.543650,7.826824,93.2513
5,1.5770,79,0,0,13.631197,7.969421,93.1533
5,1.5970,80,0,0,13.720410,8.115375,93.0516
5,1.6170,81,0,0,13.811243,8.259428,92.9461
5,1.6370,82,0,0,13.903650,8.406904,92.8370
5,1.6570,83,0,0,13.997585,8.554926,92.7242
5,1.6780,84,0,0,14.093005,8.703305,92.6076
5,1.6970,85,0,0,14.189867,8.852459,92.4874
5,1.7170,86,0,0,14.288127,9.002404,92.3635
5,1.7370,87,0,0,14.387745,9.153310,92.2359
5,1.7570,88,0,0,14.488680,9.304812,92.1046
5,1.7770,89,0,0,14.590890,9.456717,91.9697
5,1.7970,90,0,0,14.694340,9.607190,91.8312
5,1.8170,91,0,0,14.798986,9.757287,91.6890
5,1.8370,92,0,0,14.904796,9.908715,91.5432
5,1.8570,93,0,0,15.011728,10.060892,91.3937
5,1.8770,94,0,0,15.119751,10.214321,91.2406
5,1.8970,95,0,0,15.228827,10.367527,91.0839
5,1.9170,96,0,0,15.338923,10.517764,90.9236
5,1.9370,97,0,0,15.450006,10.668609,90.7597
5,1.9570,98,0,0,15.562042,10.820541,90.5922
5,1.9770,99,0,0,15.675001,10.973265,90.4212
5,1.9970,100,0,0,15.788852,11.126518,90.2465
5,2.0170,101,0,0,15.903563,11.280105,90.0683
5,2.0370,102,0,0,16.019106,11.434557,89.8865
5,2.0570,103,0,0,16.135450,11.589234,89.7011
5,2.0770,104,0,0,16.252573,11.743147,89.5122
5,2.0970,105,0,0,16.370443,11.897712,89.3198
5,2.1170,106,0,0,16.489035,12.052809,89.1238
5,2.1370,107,0,0,16.608322,12.208169,88.9243
5,2.1570,108,0,0,16.728279,12.363643,88.7213
5,2.1780,109,0,0,16.848885,12.519264,88.5147
5,2.1970,110,0,0,16.970114,12.675171,88.3047
5,2.2170,111,0,0,17.091942,12.831334,88.0912
5,2.2370,112,0,0,17.214348,12.987631,87.8741
5,2.2570,113,0,0,17.337309,13.144135,87.6536
5,2.2770,114,0,0,17.483786,13.300891,87.4296
5,2.2970,115,0,0,17.636793,13.457866,87.2021
5,2.3170,116,0,0,17.789667,13.614919,86.9712
5,2.3380,117,0,0,17.942404,13.771407,86.7368
5,2.3570,118,0,0,18.094997,13.928629,86.4989
5,2.3770,119,0,0,18.247448,14.085979,86.2577
5,2.3970,120,0,0,18.399742,14.243341,86.0129
5,2.4170,121,0,0,18.551884,14.400678,85.7648
5,2.4370,122,0,0,18.703865,14.557982,85.5132
5,2.4570,123,0,0,18.855684,14.715227,85.2582
5,2.4770,124,0,0,19.007338,14.872394,84.9998
5,2.4970,125,1,0,19.158821,15.029471,84.7380
5,2.5180,126,1,0,19.310131,15.186445,84.4727
5,2.5370,127,1,0,19.461264,15.343306,84.2041
5,2.5570,128,1,0,19.612215,15.500044,83.9322
5,2.5770,129,1,0,19.762987,15.656650,83.6568
5,2.5970,130,1,0,19.913572,15.813117,83.3781
5,2.6170,131,1,0,20.063971,15.791768,83.0960
5,2.6370,132,1,0,20.214178,15.945734,82.8105
5,2.6570,133,1,0,20.364191,16.015138,82.5218
5,2.6770,134,1,0,20.514009,15.934759,82.2296
5,2.6970,135,1,0,20.663631,15.983165,81.9341
5,2.7170,136,1,0,20.813051,16.084492,81.6353
5,2.7370,137,1,0,20.962271,16.208932,81.3332
5,2.7570,138,1,0,21.111286,16.349783,81.0278
5,2.7770,139,1,0,21.260096,16.305375,80.7190
5,2.7970,140,1,0,21.408695,16.233366,80.4070
5,2.8170,141,1,0,21.557085,16.233287,80.0916
5,2.8370,142,1,0,21.705265,16.141682,79.7730
5,2.8570,143,1,0,21.853231,15.937541,79.4511
5,2.8770,144,1,0,22.000984,15.805819,79.1259
5,2.8970,145,1,0,22.148520,15.533503,78.7974
5,2.9170,146,1,0,22.295835,15.563482,78.4657
5,2.9370,147,1,0,22.442936,15.596894,78.1307
5,2.9570,148,1,0,22.589815,15.694015,77.7925
5,2.9770,149,1,0,22.736471,15.715500,77.4510
5,2.9970,150,1,0,22.882906,15.824530,77.1063
5,3.0180,151,1,0,23.029118,15.755511,76.7583
5,3.0370,152,1,0,23.175102,15.691226,76.4072
5,3.0570,153,1,0,23.320862,15.414128,76.0528
5,3.0770,154,1,0,23.466394,15.359254,75.6952
5,3.0970,155,1,0,23.611696,15.358949,75.3344
5,3.1170,156,1,0,23.756769,15.458851,74.9704
5,3.1370,157,1,0,23.901615,15.515652,74.6032
5,3.1570,158,1,0,24.046228,15.561003,74.2328
5,3.1770,159,1,0,24.190609,15.647468,73.8592
5,3.1970,160,1,0,24.334757,15.739898,73.4825
5,3.2170,161,1,0,24.478676,15.831426,73.1026
5,3.2370,162,1,0,24.622358,15.912519,72.7195
5,3.2570,163,1,0,24.765804,15.525502,72.3333
5,3.2770,164,1,0,24.909016,15.159132,71.9440
5,3.2970,165,1,0,25.051991,15.032551,71.5515
5,3.3170,166,1,0,25.194731,15.089632,71.1558
5,3.3370,167,1,0,25.337233,15.170734,70.7571
5,3.3570,168,1,0,25.479498,15.242932,70.3552
5,3.3770,169,4,0,25.621525,15.327174,69.9502
5,3.3970,170,5,0,25.763311,15.415178,69.5421
5,3.4170,171,5,0,25.904861,15.501431,69.1308
5,3.4370,172,5,0,26.046171,15.579471,68.7165
5,3.4570,173,5,0,26.187239,15.420497,68.2991
5,3.4770,174,5,0,26.328070,15.160251,67.8786
5,3.4970,175,5,0,26.468658,14.772242,67.4551
5,3.5180,176,5,0,26.332127,14.129028,67.0284
5,3.5370,177,5,0,26.475138,14.081502,66.5987
5,3.5570,178,5,0,26.617867,14.106399,66.1659
5,3.5770,179,5,0,26.760315,14.126717,65.7301
5,3.5970,180,5,0,26.902485,13.964039,65.2912
5,3.6170,181,6,0,27.044374,13.845885,64.8493
5,3.6370,182,6,0,27.160583,13.535668,64.4044
5,3.6570,183,7,0,27.302151,13.580761,63.9564
5,3.6770,184,7,0,27.443434,13.492468,63.5054
5,3.6970,185,8,0,27.518864,13.249243,63.0513
5,3.7170,186,8,0,27.659752,13.318084,62.5943
5,3.7370,187,8,0,27.707415,13.132810,62.1343
5,3.7570,188,9,0,27.723188,13.090109,61.6712
5,3.7770,189,9,0,27.863562,13.152326,61.2052
5,3.7970,190,9,0,28.003658,13.093581,60.7362
5,3.8170,191,11,0,28.143476,13.022307,60.2642
5,3.8370,192,13,0,28.283020,13.039691,59.7892
5,3.8580,193,13,0,27.991444,12.648425,59.3112
5,3.8770,194,14,0,28.131079,12.682649,58.8303
5,3.8970,195,15,0,28.270439,12.710610,58.3464
5,3.9170,196,16,0,28.409527,12.744262,57.8596
5,3.9370,197,16,0,28.548340,12.797455,57.3698
5,3.9570,198,16,0,28.677275,12.574582,56.8771
5,3.9770,199,16,0,28.624672,12.344930,56.3815
5,3.9970,200,16,0,28.639414,12.216114,55.8829
5,4.0180,201,16,0,28.777927,12.240261,55.3814
5,4.0370,202,16,0,28.833986,12.093404,54.8770
5,4.0570,203,17,0,28.972275,12.109301,54.3697
5,4.0770,204,18,0,29.110287,12.164719,53.8594
5,4.0970,205,19,0,29.208624,11.922444,53.3463
5,4.1170,206,19,0,29.346189,11.964579,52.8303
5,4.1370,207,19,0,29.418955,11.990828,52.3113
5,4.1570,208,19,0,29.515055,12.045156,51.7895
5,4.1770,209,19,0,29.235630,11.549808,51.2649
5,4.1970,210,19,0,29.373089,11.516181,50.7373
5,4.2170,211,19,0,29.238796,11.489256,50.2069
5,4.2370,212,19,0,29.376259,11.525154,49.6737
5,4.2570,213,19,0,29.513449,11.402128,49.1375
5,4.2770,214,20,0,29.650364,11.218598,48.5986
5,4.2970,215,21,0,29.644691,11.032102,48.0568
5,4.3170,216,22,0,29.781384,11.051674,47.5121
5,4.3370,217,22,0,29.917805,11.071786,46.9646
5,4.3580,218,23,0,30.053951,11.102447,46.4143
5,4.3770,219,26,0,30.189829,11.149170,45.8612
5,4.3970,220,26,0,30.266483,10.990822,45.3053
5,4.4170,221,26,0,30.401932,11.038157,44.7465
5,4.4370,222,25,0,30.537107,11.062552,44.1850
5,4.4570,223,28,0,30.672014,11.100110,43.6206
5,4.4770,224,28,0,30.585653,10.832087,43.0535
5,4.4970,225,29,0,30.469395,10.574666,42.4836
5,4.5180,226,29,0,30.604408,10.619237,41.9109
5,4.5370,227,29,0,30.739155,10.618831,41.3354
5,4.5570,228,29,0,30.873631,10.643421,40.7572
5,4.5770,229,29,0,31.007841,10.680217,40.1762
5,4.5970,230,30,0,31.047544,10.401141,39.5924
5,4.6170,231,27,0,31.121834,10.336215,39.0059
5,4.6370,232,27,0,31.135841,10.122931,38.4166
5,4.6570,233,27,0,31.058949,9.851727,37.8246
5,4.6770,234,27,0,31.192719,9.882908,37.2299
5,4.6970,235,27,0,31.326221,9.917143,36.6324
5,4.7170,236,27,0,31.459457,9.944698,36.0322
5,4.7370,237,27,0,31.592428,9.863417,35.4293
5,4.7570,238,27,0,31.594175,9.834147,34.8236
5,4.7770,239,27,0,31.726885,9.661130,34.2153
5,4.7970,240,27,0,31.854290,9.482455,33.6043
5,4.8170,241,28,0,31.986530,9.447816,32.9905
5,4.8370,242,30,0,32.042526,9.120505,32.3741
5,4.8580,243,31,0,32.133686,8.720067,31.7550
5,4.8770,244,32,0,32.263252,8.593347,31.1332
5,4.8970,245,32,0,32.282948,8.574322,30.5087
5,4.9170,246,32,0,32.414383,8.573193,29.8815
5,4.9370,247,32,0,32.507339,8.540808,29.2517
5,4.9570,248,32,0,32.579475,8.444678,28.6192
5,4.9770,249,32,0,32.710304,8.213363,27.9841
5,4.9970,250,31,0,32.729778,7.764361,27.3463
5,5.0180,251,32,0,32.860287,7.560301,26.7059
5,5.0370,252,33,0,32.950928,7.414095,26.0628
5,5.0570,253,36,0,32.960945,7.357514,25.4172
5,5.0770,254,36,0,33.090988,7.170936,24.7690
5,5.0970,255,36,0,33.176113,7.020677,24.1182
5,5.1170,256,36,0,33.231079,6.972728,23.4647
5,5.1370,257,35,0,33.360607,6.984769,22.8086
5,5.1570,258,35,0,33.446384,7.010031,22.1500
5,5.1770,259,35,0,33.575485,7.039975,21.4888
5,5.1980,260,35,0,33.612297,6.950492,20.8249
5,5.2170,261,35,0,33.741074,6.915498,20.1585
5,5.2370,262,34,0,33.869587,6.879719,19.4895
5,5.2570,263,35,0,33.923870,6.819681,18.8179
5,5.2770,264,33,0,34.052021,6.390297,18.1438
5,5.2970,265,34,0,34.145008,5.978950,17.4670
5,5.3170,266,35,0,34.250565,5.860204,16.7877
5,5.3370,267,35,0,34.335552,5.769504,16.1059
5,5.3580,268,33,0,34.432709,5.751354,15.4214
5,5.3770,269,34,0,34.519333,5.560254,14.7345
5,5.3970,270,35,0,34.521587,5.397848,14.0449
5,5.4170,271,36,0,34.648540,5.185664,13.3529
5,5.4370,272,36,0,34.775238,5.070608,12.6583
5,5.4570,273,40,0,34.901680,4.666033,11.9612
5,5.4770,274,40,0,34.986195,4.381539,11.2615
5,5.4970,275,40,0,35.112259,4.222844,10.5594
5,5.5170,276,40,0,34.936390,4.162948,9.8607
5,5.5370,277,39,0,34.730366,4.126982,9.1662
5,5.5570,278,39,0,34.798447,4.115340,8.4703
5,5.5770,279,38,0,34.894001,4.093487,7.7726
5,5.5970,280,38,0,34.955452,3.953276,7.0736
5,5.6170,281,38,0,34.092911,3.836260,6.3926
5,5.6370,282,37,0,33.765938,3.364677,5.7186
5,5.6570,283,37,0,31.840799,3.013048,5.0906
5,5.6770,284,38,0,30.464701,2.848443,4.5102
5,5.6980,285,38,0,29.908587,2.701668,3.9543
5,5.7170,286,38,0,31.198076,2.516616,3.4679
5,5.7370,287,38,0,31.400660,2.430461,2.9732
5,5.7570,288,38,0,31.493088,2.348204,2.4772
5,5.7770,289,38,0,20.896187,2.024679,2.4603
5,5.7970,290,39,0,21.034754,1.967934,2.4397
5,5.8170,291,39,0,14.393954,1.771086,2.4395
5,5.8370,292,38,0,14.550496,1.709749,2.4369
5,5.8580,293,37,0,14.707001,1.649392,2.4302
5,5.8770,294,37,0,14.863460,1.610851,2.4192
5,5.8970,295,38,0,15.019862,1.567139,2.4037
5,5.9170,296,38,0,15.176201,1.532737,2.3844
5,5.9370,297,38,0,15.332466,1.424943,2.3612
5,5.9570,298,38,0,15.488650,1.397678,2.3341
5,5.9770,299,37,0,15.644747,1.363839,2.3032
5,5.9970,300,37,0,15.800746,1.339739,2.2683
5,6.0170,301,38,0,15.956643,1.305554,2.2297
5,6.0370,302,38,0,16.112431,1.270134,2.1872
5,6.0570,303,37,0,16.268103,1.234175,2.1408
5,6.0770,304,37,0,16.423651,1.209078,2.1431
5,6.0970,305,37,0,16.579073,1.186573,2.1562
5,6.1170,306,37,0,16.734360,1.155885,2.1652
5,6.1370,307,37,0,16.889509,1.128946,2.1704
5,6.1570,308,37,0,17.044514,1.115357,2.1716
5,6.1770,309,37,0,17.199369,1.085740,2.1689
5,6.1980,310,38,0,17.354071,1.061367,2.1623
5,6.2170,311,38,0,17.508614,1.025248,2.1518
5,6.2370,312,38,0,17.662998,0.950654,2.1373
5,6.2570,313,38,0,17.817213,0.934409,2.1190
5,6.2770,314,39,0,17.971258,0.919150,2.0968
5,6.2970,315,37,0,18.125132,0.875406,2.0707
5,6.3170,316,36,0,18.278826,0.824550,2.0408
5,6.3370,317,37,0,18.432339,0.815058,2.0070
5,6.3580,318,37,0,18.585670,0.804767,1.9693
5,6.3770,319,38,0,18.738813,0.784766,1.9278
5,6.3970,320,38,0,18.891766,0.706539,1.8825
5,6.4170,321,39,0,19.044525,0.687011,1.8333
5,6.4370,322,39,0,19.197090,0.640095,1.7803
5,6.4570,323,41,0,19.349455,0.626528,1.7235
5,6.4770,324,42,0,19.501621,0.605843,1.6629
5,6.4970,325,43,0,19.653584,0.594545,1.5985
5,6.5170,326,42,0,19.805338,0.589270,1.5318
5,6.5370,327,43,0,19.956886,0.563820,1.5233
5,6.5570,328,45,0,20.108225,0.557308,1.5130
5,6.5770,329,45,0,20.259350,0.545456,1.5022
5,6.5970,330,48,0,20.410263,0.530938,1.4988
5,6.6170,331,48,0,20.560961,0.527604,1.4988
5,6.6370,332,51,0,20.711439,0.524577,1.4988
5,6.6570,333,53,0,20.861700,0.508129,1.4988
5,6.6770,334,53,0,21.011738,0.496384,1.4988
5,6.6980,335,53,0,21.161554,0.491258,1.4988
5,6.7170,336,53,0,21.311146,0.465382,1.4988
5,6.7370,337,55,0,21.460512,0.409811,1.4988
5,6.7570,338,55,0,21.609652,0.393966,1.4988
5,6.7770,339,55,0,21.758564,0.384576,1.4988
5,6.7970,340,55,0,21.907246,0.380976,1.4988
5,6.8170,341,56,0,22.055696,0.378437,1.4988
5,6.8370,342,56,0,22.203918,0.377278,1.4988
5,6.8570,343,56,0,22.351906,0.376630,1.4988
5,6.8770,344,59,0,22.499659,0.375944,1.4988
5,6.8970,345,64,0,22.647177,0.375656,1.4988
5,6.9170,346,65,0,22.794460,0.360763,1.4988
5,6.9370,347,69,0,22.941504,0.359008,1.4988
5,6.9570,348,69,0,23.088314,0.357971,1.4988
5,6.9770,349,70,0,23.234884,0.357563,1.4988
5,6.9970,350,70,0,23.381218,0.345985,1.4988
5,7.0170,351,70,0,23.527308,0.341419,1.4988
5,7.0370,352,70,0,23.673159,0.336415,1.4988
5,7.0570,353,70,0,23.818769,0.335111,1.4988
5,7.0770,354,70,0,23.964136,0.320271,1.4988
5,7.0970,355,71,0,24.109262,0.317081,1.4988
5,7.1170,356,71,0,24.254145,0.313888,1.4988
5,7.1370,357,71,0,24.398785,0.309686,1.4988
5,7.1570,358,71,0,24.543180,0.307818,1.4988
5,7.1770,359,71,0,24.687330,0.306840,1.4988
5,7.1980,360,72,0,24.831236,0.298616,1.4988
5,7.2170,361,72,0,24.974894,0.286689,1.4988
5,7.2370,362,72,0,25.118307,0.284463,1.4988
5,7.2570,363,74,0,25.261473,0.282754,1.4988
5,7.2770,364,74,0,25.404396,0.281559,1.4988
5,7.2970,365,74,0,25.547070,0.281952,1.4988
5,7.3170,366,75,0,25.689497,0.284401,1.4988
5,7.3370,367,75,0,25.831676,0.283551,1.4988
5,7.3570,368,75,0,25.973608,0.283030,1.4988
5,7.3770,369,76,0,26.115292,0.285911,1.4988
5,7.3970,370,76,0,26.256727,0.289145,1.4988
5,7.4170,371,77,0,26.397917,0.292576,1.4988
5,7.4370,372,77,0,26.538853,0.296197,1.4988
5,7.4570,373,77,0,26.679543,0.298426,1.4988
5,7.4770,374,77,0,26.819983,0.301362,1.4988
5,7.4970,375,77,0,26.960173,0.304349,1.4988
5,7.5170,376,77,0,27.100117,0.307777,1.4988
5,7.5370,377,77,0,27.239809,0.311383,1.4988
5,7.5570,378,77,0,27.379251,0.315169,1.4988
5,7.5770,379,77,0,27.518446,0.318995,1.4988
5,7.5970,380,77,0,27.657389,0.302010,1.4987
5,7.6170,381,78,0,27.796083,0.301953,1.4987
5,7.6370,382,79,0,27.934528,0.303147,1.4987
5,7.6570,383,79,0,28.072723,0.305641,1.4988
5,7.6770,384,81,0,28.210670,0.308295,1.4988
5,7.6980,385,82,0,28.348366,0.311108,1.4988
5,7.7170,386,83,0,28.485811,0.314055,1.4988
5,7.7370,387,83,0,28.623007,0.304416,1.4988
5,7.7570,388,83,0,28.759956,0.305891,1.4988
5,7.7770,389,83,0,28.896654,0.307272,1.4988
5,7.7970,390,83,0,29.033104,0.308665,1.4988
5,7.8170,391,83,0,29.169300,0.297678,1.4988
5,7.8370,392,83,0,29.305250,0.297349,1.4988
5,7.8570,393,83,0,29.440950,0.297246,1.4988
5,7.8780,394,83,0,29.576403,0.297664,1.4988
5,7.8970,395,83,0,29.711605,0.298068,1.4988
5,7.9170,396,91,0,29.846558,0.298471,1.4988
5,7.9370,397,91,0,29.981264,0.299846,1.4988
5,7.9570,398,91,0,30.115719,0.301158,1.4988
5,7.9770,399,91,0,30.249926,0.302500,1.4988
5,7.9970,400,91,0,30.383884,0.303839,1.4988
5,8.0170,401,91,0,30.517595,0.305176,1.4988
5,8.0380,402,91,0,30.651058,0.306511,1.4988
5,8.0570,403,95,0,30.784273,0.307843,1.4988
5,8.0770,404,97,0,30.917238,0.309172,1.4988
5,8.0970,405,97,0,31.049959,0.310500,1.4988
5,8.1170,406,97,0,31.182430,0.311824,1.4988
5,8.1370,407,97,0,31.314655,0.313147,1.4988
5,8.1570,408,97,0,31.446632,0.314466,1.4988
5,8.1770,409,97,0,31.578365,0.315784,1.4988
5,8.1970,410,97,0,31.709850,0.317099,1.4988
5,8.2170,411,97,0,31.841089,0.318411,1.4988
5,8.2370,412,97,0,31.972080,0.319721,1.4988
5,8.2570,413,97,0,32.102829,0.321028,1.4988
5,8.2770,414,97,0,32.233330,0.322333,1.4988
5,8.2970,415,99,0,32.363590,0.323636,1.4988
5,8.3170,416,99,0,32.493599,0.324936,1.4988
5,8.3370,417,99,0,32.623360,0.326234,1.4988
5,8.3570,418,99,0,32.752880,0.327529,1.4988
5,8.3780,419,99,0,32.882160,0.328822,1.4988
5,8.3970,420,99,0,33.011189,0.330112,1.4988
5,8.4170,421,99,0,33.139977,0.331400,1.4988
5,8.4370,422,99,0,33.268520,0.332685,1.4988
5,8.4570,423,99,0,33.396824,0.333968,1.4988
5,8.4770,424,99,0,33.524883,0.335249,1.4988
5,8.4970,425,99,0,33.652699,0.336527,1.4988
5,8.5170,426,99,0,33.780273,0.337803,1.4988
5,8.5380,427,99,0,33.907600,0.339076,1.4988
5,8.5570,428,99,0,34.034691,0.340347,1.4988
5,8.5770,429,99,0,34.161537,0.341615,1.4988
5,8.5970,430,99,0,34.288143,0.342881,1.4988
5,8.6170,431,99,0,34.414505,0.344145,1.4988
5,8.6370,432,99,0,34.540630,0.345406,1.4988
5,8.6570,433,99,0,34.666512,0.346665,1.4988
5,8.6770,434,99,0,34.792156,0.347922,1.4988
5,8.6970,435,99,0,34.917561,0.349176,1.4988
5,8.7170,436,99,0,35.042725,0.350427,1.4988
5,8.7370,437,99,0,35.167645,0.351676,1.4988
5,8.7570,438,99,0,35.292336,0.352923,1.4988
5,8.7770,439,99,0,35.416782,0.354168,1.4988
5,8.7970,440,99,0,35.540993,0.355410,1.4988
5,8.8170,441,99,0,35.664963,0.356650,1.4988
5,8.8370,442,99,0,35.788696,0.357887,1.4988
5,8.8570,443,99,0,35.912193,0.359122,1.4988
5,8.8780,444,99,0,36.035450,0.360354,1.4988
5,8.8970,445,99,0,36.158474,0.361585,1.4988
5,8.9170,446,99,0,36.281258,0.362813,1.4988
5,8.9370,447,99,0,36.403812,0.364038,1.4988
5,8.9570,448,99,0,36.526123,0.365261,1.4988
5,8.9770,449,99,0,36.648205,0.366482,1.4988
5,8.9970,450,99,0,36.770050,0.367701,1.4988
5,9.0170,451,99,0,36.891659,0.368917,1.4988
5,9.0380,452,99,0,37.013035,0.370130,1.4988
5,9.0570,453,99,0,37.134178,0.371342,1.4988
5,9.0770,454,99,0,37.255085,0.372551,1.4988
5,9.0970,455,99,0,37.375759,0.373758,1.4988
5,9.1170,456,99,0,37.496204,0.374962,1.4988
5,9.1370,457,99,0,37.616413,0.376164,1.4988
5,9.1570,458,99,0,37.736389,0.377364,1.4988
5,9.1770,459,99,0,37.856136,0.378561,1.4988
5,9.1970,460,99,0,37.975651,0.379757,1.4988
5,9.2170,461,99,0,38.094933,0.380949,1.4988
5,9.2370,462,99,0,38.213985,0.382140,1.4988
5,9.2570,463,99,0,38.332806,0.383328,1.4988
5,9.2770,464,99,0,38.451397,0.384514,1.4988
5,9.2970,465,99,0,38.569759,0.385698,1.4988
5,9.3170,466,99,0,38.687893,0.386879,1.4988
5,9.3370,467,99,0,38.805801,0.388058,1.4988
5,9.3570,468,99,0,38.923477,0.389235,1.4988
5,9.3780,469,99,0,39.040924,0.390409,1.4988
5,9.3970,470,99,0,39.158142,0.391581,1.4988
5,9.4170,471,99,0,39.275135,0.392751,1.4988
5,9.4370,472,99,0,39.391903,0.393919,1.4988
5,9.4570,473,99,0,39.508438,0.395084,1.4988
5,9.4770,474,99,0,39.624752,0.396248,1.4988
5,9.4970,475,99,0,39.740837,0.397408,1.4988
5,9.5170,476,99,0,39.856697,0.398567,1.4988
5,9.5380,477,99,0,39.972336,0.399723,1.4988
5,9.5570,478,99,0,40.087746,0.400877,1.4988
5,9.5770,479,99,0,40.202934,0.402029,1.4988
5,9.5970,480,99,0,40.317894,0.403179,1.4988
5,9.6170,481,99,0,40.432632,0.404326,1.4988
5,9.6370,482,99,0,40.547146,0.405471,1.4988
5,9.6570,483,99,0,40.661438,0.406614,1.4988
5,9.6770,484,99,0,40.775505,0.407755,1.4988
5,9.6970,485,99,0,40.889351,0.408894,1.4988
5,9.7170,486,99,0,41.002975,0.410030,1.4988
5,9.7370,487,99,0,41.116379,0.411164,1.4988
5,9.7570,488,99,0,41.229561,0.412296,1.4988
5,9.7770,489,99,0,41.342518,0.413425,1.4988
5,9.7970,490,99,0,41.455261,0.414553,1.4988
5,9.8170,491,99,0,41.567776,0.415678,1.4988
5,9.8370,492,99,0,41.680080,0.416801,1.4988
5,9.8570,493,99,0,41.792164,0.417922,1.4988
5,9.8780,494,99,0,41.904026,0.419040,1.4988
5,9.8970,495,99,0,42.015667,0.420157,1.4988
5,9.9170,496,99,0,42.127090,0.421271,1.4988
5,9.9370,497,99,0,42.238300,0.422383,1.4988
5,9.9570,498,99,0,42.349289,0.423493,1.4988
5,9.9770,499,99,0,42.460064,0.424601,1.4988
5,9.9970,500,99,0,42.570621,0.425706,1.4988
5,10.0170,501,99,0,42.680958,0.426810,1.4988
5,10.0380,502,99,0,42.791084,0.427911,1.4988
5,10.0570,503,99,0,42.900990,0.429010,1.4988
5,10.0770,504,99,0,43.010685,0.430107,1.4988
5,10.0970,505,99,0,43.120163,0.431202,1.4988
5,10.1170,506,99,0,43.229427,0.432294,1.4988
5,10.1370,507,99,0,43.338478,0.433385,1.4988
5,10.1570,508,99,0,43.447315,0.434473,1.4988
5,10.1770,509,99,0,43.555939,0.435559,1.4988
5,10.1970,510,99,0,43.664345,0.436643,1.4988
5,10.2180,511,99,0,43.772545,0.437725,1.4988
5,10.2370,512,99,0,43.880527,0.438805,1.4988
5,10.2570,513,99,0,43.988300,0.439883,1.4988
5,10.2770,514,99,0,44.095863,0.440959,1.4988
5,10.2970,515,99,0,44.203217,0.442032,1.4988
5,10.3170,516,99,0,44.310356,0.443104,1.4988
5,10.3370,517,99,0,44.417286,0.444173,1.4988
5,10.3570,518,99,0,44.524006,0.445240,1.4988
5,10.3780,519,99,0,44.630520,0.446305,1.4988
5,10.3970,520,99,0,44.736824,0.447368,1.4988
5,10.4170,521,99,0,44.842915,0.448429,1.4988
5,10.4370,522,99,0,44.948799,0.449488,1.4988
5,10.4570,523,99,0,45.054474,0.450545,1.4988
5,10.4770,524,99,0,45.159943,0.451599,1.4988
5,10.4970,525,99,0,45.265205,0.452652,1.4988
5,10.5170,526,99,0,45.370258,0.453703,1.4988
5,10.5370,527,99,0,45.475105,0.454751,1.4988
5,10.5570,528,99,0,45.579746,0.455797,1.4988
5,10.5770,529,99,0,45.684185,0.456842,1.4988
5,10.5970,530,99,0,45.788414,0.457884,1.4988
5,10.6170,531,99,0,45.892441,0.458924,1.4988
5,10.6370,532,99,0,45.996262,0.459963,1.4988
5,10.6570,533,99,0,46.099876,0.460999,1.4988
5,10.6770,534,99,0,46.203293,0.462033,1.4988
5,10.6970,535,99,0,46.306499,0.463065,1.4988
5,10.7180,536,99,0,46.409508,0.464095,1.4988
5,10.7370,537,99,0,46.512306,0.465123,1.4988
5,10.7570,538,99,0,46.614910,0.466149,1.4988
5,10.7770,539,99,0,46.717308,0.467173,1.4988
5,10.7970,540,99,0,46.819500,0.468195,1.4988
5,10.8170,541,99,0,46.921494,0.469215,1.4988
5,10.8370,542,99,0,47.023293,0.470233,1.4988
5,10.8570,543,99,0,47.124889,0.471249,1.4988
5,10.8780,544,99,0,47.226280,0.472263,1.4988
5,10.8970,545,99,0,47.327477,0.473275,1.4988
5,10.9170,546,99,0,47.428471,0.474285,1.4988
5,10.9370,547,99,0,47.529263,0.475293,1.4988
5,10.9570,548,99,0,47.629860,0.476299,1.4988
5,10.9770,549,99,0,47.730255,0.477303,1.4988
5,10.9970,550,99,0,47.830460,0.478305,1.4988
5,11.0170,551,99,0,47.930462,0.479305,1.4988
5,11.0370,552,99,0,48.030266,0.480303,1.4988
5,11.0570,553,99,0,48.129875,0.481299,1.4988
5,11.0770,554,99,0,48.229286,0.482293,1.4988
5,11.0970,555,99,0,48.328499,0.483285,1.4988
5,11.1170,556,99,0,48.427525,0.484275,1.4988
5,11.1370,557,99,0,48.526344,0.485263,1.4988
5,11.1570,558,99,0,48.624977,0.486250,1.4988
5,11.1770,559,99,0,48.723412,0.487234,1.4988
5,11.1970,560,99,0,48.821651,0.488217,1.4988
5,11.2170,561,99,0,48.919697,0.489197,1.4988
5,11.2370,562,99,0,49.017551,0.490176,1.4988
5,11.2570,563,99,0,49.115208,0.491152,1.4988
5,11.2770,564,99,0,49.212677,0.492127,1.4988
5,11.2970,565,99,0,49.309952,0.493100,1.4988
5,11.3170,566,99,0,49.407032,0.494070,1.4988
5,11.3370,567,99,0,49.503922,0.495039,1.4988
5,11.3570,568,99,0,49.600620,0.496006,1.4988
5,11.3780,569,99,0,49.697128,0.496971,1.4988
5,11.3970,570,99,0,49.793446,0.497934,1.4988
5,11.4170,571,99,0,49.889572,0.498896,1.4988
5,11.4370,572,99,0,49.985508,0.499855,1.4988
5,11.4570,573,99,0,50.081257,0.500813,1.4988
5,11.4770,574,99,0,50.176815,0.501768,1.4988
5,11.4970,575,99,0,50.272186,0.502722,1.4988
5,11.5170,576,99,0,50.367363,0.503674,1.4988
5,11.5370,577,99,0,50.462353,0.504624,1.4988
5,11.5570,578,99,0,50.557156,0.505572,1.4988
5,11.5770,579,99,0,50.651775,0.506518,1.4988
5,11.5970,580,99,0,50.746204,0.507462,1.4988
5,11.6170,581,99,0,50.840450,0.508405,1.4988
5,11.6370,582,99,0,50.934505,0.509345,1.4988
5,11.6570,583,99,0,51.028374,0.510284,1.4988
5,11.6770,584,99,0,51.122059,0.511221,1.4988
5,11.6970,585,99,0,51.215557,0.512156,1.4988
5,11.7180,586,99,0,51.308876,0.513089,1.4988
5,11.7370,587,99,0,51.402008,0.514020,1.4988
5,11.7570,588,99,0,51.494949,0.514949,1.4988
5,11.7770,589,99,0,51.587715,0.515877,1.4988
5,11.7970,590,99,0,51.680294,0.516803,1.4988
5,11.8170,591,99,0,51.772686,0.517727,1.4988
5,11.8370,592,99,0,51.864899,0.518649,1.4988
5,11.8570,593,99,0,51.956928,0.519569,1.4988
5,11.8770,594,99,0,52.048771,0.520488,1.4988
5,11.8970,595,99,0,52.140434,0.521404,1.4988
5,11.9170,596,99,0,52.231918,0.522319,1.4988
5,11.9370,597,99,0,52.323223,0.523232,1.4988
5,11.9570,598,99,0,52.414345,0.524143,1.4988
5,11.9770,599,99,0,52.505291,0.525053,1.4988
5,11.9970,600,99,0,52.596050,0.525961,1.4988
5,12.0170,601,99,0,52.686630,0.526866,1.4988
5,12.0370,602,99,0,52.777027,0.527770,1.4988
5,12.0570,603,99,0,52.867249,0.528672,1.4988
5,12.0770,604,99,0,52.957294,0.529573,1.4988
5,12.0970,605,99,0,53.047157,0.530472,1.4988
5,12.1170,606,99,0,53.136845,0.531368,1.4988
5,12.1370,607,99,0,53.226353,0.532264,1.4988
5,12.1570,608,99,0,53.315681,0.533157,1.4988
5,12.1770,609,99,0,53.404839,0.534048,1.4988
5,12.1970,610,99,0,53.493813,0.534938,1.4988
5,12.2180,611,99,0,53.582615,0.535826,1.4988
5,12.2370,612,99,0,53.671242,0.536712,1.4988
5,12.2570,613,99,0,53.759689,0.537597,1.4988
5,12.2770,614,99,0,53.847965,0.538480,1.4988
5,12.2970,615,99,0,53.936062,0.539361,1.4988
5,12.3170,616,99,0,54.023991,0.540240,1.4988
5,12.3370,617,99,0,54.111740,0.541117,1.4988
5,12.3570,618,99,0,54.199314,0.541993,1.4988
5,12.3780,619,99,0,54.286716,0.542867,1.4988
5,12.3970,620,99,0,54.373943,0.543739,1.4988
5,12.4170,621,99,0,54.460999,0.544610,1.4988
5,12.4370,622,99,0,54.547882,0.545479,1.4988
5,12.4570,623,99,0,54.634594,0.546346,1.4988
5,12.4770,624,99,0,54.721130,0.547211,1.4988
5,12.4970,625,99,0,54.807499,0.548075,1.4988
5,12.5170,626,99,0,54.893692,0.548937,1.4988
5,12.5370,627,99,0,54.979717,0.549797,1.4988
5,12.5570,628,99,0,55.065571,0.550656,1.4988
5,12.5770,629,99,0,55.151257,0.551513,1.4988
5,12.5970,630,99,0,55.236774,0.552368,1.4988
5,12.6170,631,99,0,55.322117,0.553221,1.4988
5,12.6370,632,99,0,55.407291,0.554073,1.4988
5,12.6570,633,99,0,55.492298,0.554923,1.4988
5,12.6770,634,99,0,55.577137,0.555771,1.4988
5,12.6970,635,99,0,55.661804,0.556618,1.4988
5,12.7180,636,99,0,55.746307,0.557463,1.4988
5,12.7370,637,99,0,55.830639,0.558306,1.4988
5,12.7570,638,99,0,55.914803,0.559148,1.4988
5,12.7770,639,99,0,55.998802,0.559988,1.4988
5,12.7970,640,99,0,56.082634,0.560826,1.4988
5,12.8170,641,99,0,56.166302,0.561663,1.4988
5,12.8370,642,99,0,56.249802,0.562498,1.4988
5,12.8570,643,99,0,56.333134,0.563331,1.4988
5,12.8770,644,99,0,56.416302,0.564163,1.4988
5,12.8970,645,99,0,56.499306,0.564993,1.4988
5,12.9170,646,99,0,56.582142,0.565821,1.4988
5,12.9370,647,99,0,56.664810,0.566648,1.4988
5,12.9570,648,99,0,56.747318,0.567473,1.4988
5,12.9770,649,99,0,56.829662,0.568297,1.4988
5,12.9970,650,99,0,56.911846,0.569118,1.4988
5,13.0170,651,99,0,56.993862,0.569939,1.4988
5,13.0370,652,99,0,57.075718,0.570757,1.4988
5,13.0580,653,99,0,57.157406,0.571574,1.4988
5,13.0770,654,99,0,57.238937,0.572389,1.4988
5,13.0970,655,99,0,57.320305,0.573203,1.4988
5,13.1170,656,99,0,57.401516,0.574015,1.4988
5,13.1370,657,99,0,57.482555,0.574826,1.4988
5,13.1570,658,99,0,57.563442,0.575634,1.4988
5,13.1770,659,99,0,57.644165,0.576442,1.4988
5,13.1970,660,99,0,57.724724,0.577247,1.4988
5,13.2180,661,99,0,57.805130,0.578051,1.4988
5,13.2370,662,99,0,57.885368,0.578854,1.4988
5,13.2570,663,99,0,57.965458,0.579655,1.4988
5,13.2770,664,99,0,58.045376,0.580454,1.4988
5,13.2970,665,99,0,58.125141,0.581251,1.4988
5,13.3170,666,99,0,58.204750,0.582048,1.4988
5,13.3370,667,99,0,58.284199,0.582842,1.4988
5,13.3570,668,99,0,58.363491,0.583635,1.4988
5,13.3770,669,99,0,58.442623,0.584426,1.4988
5,13.3970,670,99,0,58.521599,0.585216,1.4988
5,13.4170,671,99,0,58.600418,0.586004,1.4988
5,13.4370,672,99,0,58.679081,0.586791,1.4988
5,13.4570,673,99,0,58.757584,0.587576,1.4988
5,13.4770,674,99,0,58.835934,0.588359,1.4988
5,13.4970,675,99,0,58.914127,0.589141,1.4988
5,13.5170,676,99,0,58.992165,0.589922,1.4988
5,13.5370,677,99,0,59.070053,0.590701,1.4988
5,13.5580,678,99,0,59.147781,0.591478,1.4988
5,13.5770,679,99,0,59.225353,0.592254,1.4988
5,13.5970,680,99,0,59.302773,0.593028,1.4988
5,13.6170,681,99,0,59.380035,0.593800,1.4988
5,13.6370,682,99,0,59.457146,0.594571,1.4988
5,13.6570,683,99,0,59.534107,0.595341,1.4988
5,13.6770,684,99,0,59.610912,0.596109,1.4988
5,13.6970,685,99,0,59.687561,0.596876,1.4988
5,13.7170,686,99,0,59.764061,0.597641,1.4988
5,13.7370,687,99,0,59.840412,0.598404,1.4988
5,13.7570,688,99,0,59.916603,0.599166,1.4988
5,13.7770,689,99,0,59.992649,0.599926,1.4988
5,13.7970,690,99,0,60.068542,0.600685,1.4988
5,13.8170,691,99,0,60.144287,0.601443,1.4988
5,13.8370,692,99,0,60.219879,0.602199,1.4988
5,13.8570,693,99,0,60.295319,0.602953,1.4988
5,13.8770,694,99,0,60.370609,0.603706,1.4988
5,13.8970,695,99,0,60.445751,0.604458,1.4988
5,13.9170,696,99,0,60.520744,0.605207,1.4988
5,13.9370,697,99,0,60.595585,0.605956,1.4988
5,13.9570,698,99,0,60.670280,0.606703,1.4988
5,13.9770,699,99,0,60.744827,0.607448,1.4988
5,13.9970,700,99,0,60.819221,0.608192,1.4988
5,14.0170,701,99,0,60.893467,0.608935,1.4988
5,14.0370,702,99,0,60.967564,0.609676,1.4988
5,14.0570,703,99,0,61.041519,0.610415,1.4988
5,14.0770,704,99,0,61.115322,0.611153,1.4988
5,14.0970,705,99,0,61.188984,0.611890,1.4988
5,14.1170,706,99,0,61.262497,0.612625,1.4988
5,14.1370,707,99,0,61.335861,0.613359,1.4988
5,14.1570,708,99,0,61.409081,0.614091,1.4988
5,14.1770,709,99,0,61.482155,0.614822,1.4988
5,14.1970,710,99,0,61.555084,0.615551,1.4988
5,14.2170,711,99,0,61.627869,0.616279,1.4988
5,14.2370,712,99,0,61.700508,0.617005,1.4988
5,14.2570,713,99,0,61.772999,0.617730,1.4988
5,14.2770,714,99,0,61.845348,0.618453,1.4988
5,14.2970,715,99,0,61.917557,0.619176,1.4988
5,14.3170,716,99,0,61.989616,0.619896,1.4988
5,14.3370,717,99,0,62.061535,0.620615,1.4988
5,14.3570,718,99,0,62.133308,0.621333,1.4988
5,14.3770,719,99,0,62.204941,0.622049,1.4988
5,14.3970,720,99,0,62.276432,0.622764,1.4988
5,14.4170,721,99,0,62.347778,0.623478,1.4988
5,14.4370,722,99,0,62.418983,0.624190,1.4988
5,14.4570,723,99,0,62.490047,0.624900,1.4988
5,14.4770,724,99,0,62.560970,0.625610,1.4988
5,14.4970,725,99,0,62.631748,0.626317,1.4988
5,14.5170,726,99,0,62.702393,0.627024,1.4988
5,14.5370,727,99,0,62.772892,0.627729,1.4988
5,14.5580,728,99,0,62.843254,0.628433,1.4988
5,14.5770,729,99,0,62.913475,0.629135,1.4988
5,14.5970,730,99,0,62.983555,0.629836,1.4988
5,14.6170,731,99,0,63.053493,0.630535,1.4988
5,14.6370,732,99,0,63.123291,0.631233,1.4988
5,14.6570,733,99,0,63.192951,0.631930,1.4988
5,14.6770,734,99,0,63.262478,0.632625,1.4988
5,14.6970,735,99,0,63.331860,0.633319,1.4988
5,14.7170,736,99,0,63.401104,0.634011,1.4988
5,14.7370,737,99,0,63.470211,0.634702,1.4988
5,14.7570,738,99,0,63.539181,0.635392,1.4988
5,14.7770,739,99,0,63.608009,0.636080,1.4988
5,14.7970,740,99,0,63.676704,0.636767,1.4988
5,14.8170,741,99,0,63.745266,0.637453,1.4988
5,14.8370,742,99,0,63.813690,0.638137,1.4988
5,14.8570,743,99,0,63.881977,0.638820,1.4988
5,14.8770,744,99,0,63.950127,0.639501,1.4988
5,14.8970,745,99,0,64.018143,0.640181,1.4988
5,14.9170,746,99,0,64.086021,0.640860,1.4988
5,14.9370,747,99,0,64.153763,0.641538,1.4988
5,14.9570,748,99,0,64.221375,0.642214,1.4988
5,14.9770,749,99,0,64.288849,0.642888,1.4988
5,14.9970,750,99,0,64.356194,0.643562,1.4988
5,15.0170,751,99,0,64.423393,0.644234,1.4988
5,15.0370,752,99,0,64.490471,0.644905,1.4988
5,15.0570,753,99,0,64.557411,0.645574,1.4988
5,15.0770,754,99,0,64.624214,0.646242,1.4988
5,15.0970,755,99,0,64.690880,0.646909,1.4988
5,15.1170,756,99,0,64.757423,0.647574,1.4988
5,15.1370,757,99,0,64.823822,0.648238,1.4988
5,15.1570,758,99,0,64.890099,0.648901,1.4988
5,15.1770,759,99,0,64.956238,0.649562,1.4988
5,15.1970,760,99,0,65.022240,0.650222,1.4988
5,15.2170,761,99,0,65.088127,0.650881,1.4988
5,15.2370,762,99,0,65.153877,0.651539,1.4988
5,15.2570,763,99,0,65.219482,0.652195,1.4988
5,15.2770,764,99,0,65.284973,0.652850,1.4988
5,15.2970,765,99,0,65.350327,0.653503,1.4988
5,15.3170,766,99,0,65.415550,0.654156,1.4988
5,15.3370,767,99,0,65.480652,0.654807,1.4988
5,15.3570,768,99,0,65.545609,0.655456,1.4988
5,15.3770,769,99,0,65.610443,0.656104,1.4988
5,15.3980,770,99,0,65.675148,0.656751,1.4988
5,15.4170,771,99,0,65.739716,0.657397,1.4988
5,15.4370,772,99,0,65.804161,0.658042,1.4988
5,15.4570,773,99,0,65.868484,0.658685,1.4988
5,15.4770,774,99,0,65.932678,0.659327,1.4988
5,15.4970,775,99,0,65.996742,0.659967,1.4988
5,15.5170,776,99,0,66.060677,0.660607,1.4988
5,15.5370,777,99,0,66.124489,0.661245,1.4988
5,15.5570,778,99,0,66.188171,0.661882,1.4988
5,15.5770,779,99,0,66.251724,0.662517,1.4988
5,15.5970,780,99,0,66.315147,0.663151,1.4988
5,15.6170,781,99,0,66.378448,0.663784,1.4988
5,15.6370,782,99,0,66.441620,0.664416,1.4988
5,15.6570,783,99,0,66.504677,0.665047,1.4988
5,15.6770,784,99,0,66.567604,0.665676,1.4988
5,15.6970,785,99,0,66.630394,0.666304,1.4988
5,15.7170,786,99,0,66.693069,0.666931,1.4988
5,15.7380,787,99,0,66.755623,0.667556,1.4988
5,15.7570,788,99,0,66.818047,0.668180,1.4988
5,15.7770,789,99,0,66.880341,0.668803,1.4988
5,15.7970,790,99,0,66.942513,0.669425,1.4988
5,15.8170,791,99,0,67.004570,0.670046,1.4988
5,15.8370,792,99,0,67.066490,0.670665,1.4988
5,15.8570,793,99,0,67.128296,0.671283,1.4988
5,15.8770,794,99,0,67.189980,0.671900,1.4988
5,15.8980,795,99,0,67.251541,0.672515,1.4988
5,15.9170,796,99,0,67.312973,0.673130,1.4988
5,15.9370,797,99,0,67.374275,0.673743,1.4988
5,15.9570,798,99,0,67.435471,0.674355,1.4988
5,15.9770,799,99,0,67.496536,0.674965,1.4988
5,15.9970,800,99,0,67.557480,0.675575,1.4988
5,16.0170,801,99,0,67.618301,0.676183,1.4988
5,16.0370,802,99,0,67.679008,0.676790,1.4988
5,16.0570,803,99,0,67.739586,0.677396,1.4988
5,16.0770,804,99,0,67.800049,0.678000,1.4988
5,16.0970,805,99,0,67.860382,0.678604,1.4988
5,16.1170,806,99,0,67.920601,0.679206,1.4988
5,16.1370,807,99,0,67.980705,0.679807,1.4988
5,16.1570,808,99,0,68.040688,0.680407,1.4988
5,16.1770,809,99,0,68.100548,0.681005,1.4988
5,16.1970,810,99,0,68.160286,0.681603,1.4988
5,16.2170,811,99,0,68.219910,0.682199,1.4988
5,16.2370,812,99,0,68.279411,0.682794,1.4988
5,16.2570,813,99,0,68.338791,0.683388,1.4988
5,16.2770,814,99,0,68.398056,0.683981,1.4988
5,16.2970,815,99,0,68.457199,0.684572,1.4988
5,16.3170,816,99,0,68.516235,0.685162,1.4988
5,16.3370,817,99,0,68.575142,0.685751,1.4988
5,16.3570,818,99,0,68.633942,0.686339,1.4988
5,16.3770,819,99,0,68.692612,0.686926,1.4988
5,16.3980,820,99,0,68.751175,0.687512,1.4988
5,16.4170,821,99,0,68.809616,0.688096,1.4988
5,16.4370,822,99,0,68.867943,0.688679,1.4988
5,16.4570,823,99,0,68.926155,0.689262,1.4988
5,16.4770,824,99,0,68.984253,0.689843,1.4988
5,16.4970,825,99,0,69.042221,0.690422,1.4988
5,16.5170,826,99,0,69.100082,0.691001,1.4988
5,16.5370,827,99,0,69.157829,0.691578,1.4988
5,16.5570,828,99,0,69.215469,0.692155,1.4988
5,16.5770,829,99,0,69.272987,0.692730,1.4988
5,16.5970,830,99,0,69.330391,0.693304,1.4988
5,16.6170,831,99,0,69.387680,0.693877,1.4988
5,16.6370,832,99,0,69.444862,0.694449,1.4988
5,16.6570,833,99,0,69.501915,0.695019,1.4988
5,16.6770,834,99,0,69.558861,0.695589,1.4988
5,16.6970,835,99,0,69.615700,0.696157,1.4988
5,16.7170,836,99,0,69.672424,0.696724,1.4988
5,16.7380,837,99,0,69.729027,0.697290,1.4988
5,16.7570,838,99,0,69.785522,0.697855,1.4988
5,16.7770,839,99,0,69.841904,0.698419,1.4988
5,16.7970,840,99,0,69.898170,0.698982,1.4988
5,16.8170,841,99,0,69.954323,0.699543,1.4988
5,16.8370,842,99,0,70.010368,0.700104,1.4988
5,16.8570,843,99,0,70.066299,0.700663,1.4988
5,16.8770,844,99,0,70.122116,0.701221,1.4988
5,16.8980,845,99,0,70.177826,0.701778,1.4988
5,16.9170,846,99,0,70.233421,0.702334,1.4988
5,16.9370,847,99,0,70.288902,0.702889,1.4988
5,16.9570,848,99,0,70.344284,0.703443,1.4988
5,16.9770,849,99,0,70.399544,0.703995,1.4988
5,16.9970,850,99,0,70.454697,0.704547,1.4988
5,17.0170,851,99,0,70.509743,0.705097,1.4988
5,17.0370,852,99,0,70.564674,0.705647,1.4988
5,17.0570,853,99,0,70.619507,0.706195,1.4988
5,17.0770,854,99,0,70.674225,0.706742,1.4988
5,17.0970,855,99,0,70.728828,0.707288,1.4988
5,17.1170,856,99,0,70.783325,0.707833,1.4988
5,17.1370,857,99,0,70.837715,0.708377,1.4988
5,17.1570,858,99,0,70.891998,0.708920,1.4988
5,17.1770,859,99,0,70.946175,0.709462,1.4988
5,17.1970,860,99,0,71.000229,0.710002,1.4988
5,17.2170,861,99,0,71.054192,0.710542,1.4988
5,17.2380,862,99,0,71.108032,0.711080,1.4988
5,17.2570,863,99,0,71.161781,0.711618,1.4988
5,17.2770,864,99,0,71.215416,0.712154,1.4988
5,17.2970,865,99,0,71.268944,0.712689,1.4988
5,17.3170,866,99,0,71.322372,0.713224,1.4988
5,17.3370,867,99,0,71.375687,0.713757,1.4988
5,17.3570,868,99,0,71.428894,0.714289,1.4988
5,17.3770,869,99,0,71.482002,0.714820,1.4988
5,17.3980,870,99,0,71.534996,0.715350,1.4988
5,17.4170,871,99,0,71.587891,0.715879,1.4988
5,17.4370,872,99,0,71.640671,0.716407,1.4988
5,17.4570,873,99,0,71.693344,0.716933,1.4988
5,17.4770,874,99,0,71.745918,0.717459,1.4988
5,17.4970,875,99,0,71.798386,0.717984,1.4988
5,17.5170,876,99,0,71.850754,0.718508,1.4988
5,17.5370,877,99,0,71.903015,0.719030,1.4988
5,17.5570,878,99,0,71.955170,0.719552,1.4988
5,17.5770,879,99,0,72.007210,0.720072,1.4988
5,17.5970,880,99,0,72.059158,0.720592,1.4988
5,17.6170,881,99,0,72.111000,0.721110,1.4988
5,17.6370,882,99,0,72.162743,0.721627,1.4988
5,17.6570,883,99,0,72.214378,0.722144,1.4988
5,17.6770,884,99,0,72.265907,0.722659,1.4988
5,17.6970,885,99,0,72.317345,0.723173,1.4988
5,17.7170,886,99,0,72.368668,0.723687,1.4988
5,17.7370,887,99,0,72.419891,0.724199,1.4988
5,17.7570,888,99,0,72.471024,0.724710,1.4988
5,17.7770,889,99,0,72.522041,0.725220,1.4988
5,17.7970,890,99,0,72.572960,0.725730,1.4988
5,17.8170,891,99,0,72.623779,0.726238,1.4988
5,17.8370,892,99,0,72.674492,0.726745,1.4988
5,17.8570,893,99,0,72.725105,0.727251,1.4988
5,17.8770,894,99,0,72.775620,0.727756,1.4988
5,17.8970,895,99,0,72.826035,0.728260,1.4988
5,17.9170,896,99,0,72.876343,0.728763,1.4988
5,17.9370,897,99,0,72.926559,0.729266,1.4988
5,17.9570,898,99,0,72.976677,0.729767,1.4988
5,17.9770,899,99,0,73.026680,0.730267,1.4988
5,17.9970,900,99,0,73.076591,0.730766,1.4988
5,18.0170,901,99,0,73.126404,0.731264,1.4988
5,18.0370,902,99,0,73.176117,0.731761,1.4988
5,18.0570,903,99,0,73.225731,0.732257,1.4988
5,18.0770,904,99,0,73.275253,0.732753,1.4988
5,18.0970,905,99,0,73.324661,0.733247,1.4988
5,18.1170,906,99,0,73.373978,0.733740,1.4988
5,18.1370,907,99,0,73.423203,0.734232,1.4988
5,18.1570,908,99,0,73.472313,0.734723,1.4988
5,18.1770,909,99,0,73.521339,0.735213,1.4988
5,18.1970,910,99,0,73.570259,0.735703,1.4988
5,18.2170,911,99,0,73.619087,0.736191,1.4988
5,18.2380,912,99,0,73.667824,0.736678,1.4988
5,18.2570,913,99,0,73.716454,0.737165,1.4988
5,18.2770,914,99,0,73.764984,0.737650,1.4988
5,18.2970,915,99,0,73.813423,0.738134,1.4988
5,18.3170,916,99,0,73.861763,0.738618,1.4988
5,18.3370,917,99,0,73.910011,0.739100,1.4988
5,18.3570,918,99,0,73.958153,0.739582,1.4988
5,18.3770,919,99,0,74.006210,0.740062,1.4988
5,18.3970,920,99,0,74.054161,0.740542,1.4988
5,18.4170,921,99,0,74.102028,0.741020,1.4988
5,18.4370,922,99,0,74.149796,0.741498,1.4988
5,18.4570,923,99,0,74.197464,0.741975,1.4988
5,18.4770,924,99,0,74.245033,0.742450,1.4988
5,18.4970,925,99,0,74.292511,0.742925,1.4988
5,18.5170,926,99,0,74.339897,0.743399,1.4988
5,18.5370,927,99,0,74.387184,0.743872,1.4988
5,18.5570,928,99,0,74.434387,0.744344,1.4988
5,18.5780,929,99,0,74.481483,0.744815,1.4988
5,18.5970,930,99,0,74.528488,0.745285,1.4988
5,18.6170,931,99,0,74.575401,0.745754,1.4988
5,18.6370,932,99,0,74.622223,0.746222,1.4988
5,18.6570,933,99,0,74.668953,0.746690,1.4988
5,18.6770,934,99,0,74.715584,0.747156,1.4988
5,18.6970,935,99,0,74.762123,0.747621,1.4988
5,18.7170,936,99,0,74.808571,0.748086,1.4988
5,18.7380,937,99,0,74.854927,0.748549,1.4988
5,18.7570,938,99,0,74.901184,0.749012,1.4988
5,18.7770,939,99,0,74.947357,0.749474,1.4988
5,18.7970,940,99,0,74.993431,0.749934,1.4988
5,18.8170,941,99,0,75.039413,0.750394,1.4988
5,18.8370,942,99,0,75.085312,0.750853,1.4988
5,18.8570,943,99,0,75.131111,0.751311,1.4988
5,18.8770,944,99,0,75.176826,0.751768,1.4988
5,18.8970,945,99,0,75.222443,0.752224,1.4988
5,18.9170,946,99,0,75.267975,0.752680,1.4988
5,18.9370,947,99,0,75.313408,0.753134,1.4988
5,18.9570,948,99,0,75.358757,0.753588,1.4988
5,18.9770,949,99,0,75.404015,0.754040,1.4988
5,18.9970,950,99,0,75.449173,0.754492,1.4988
5,19.0170,951,99,0,75.494247,0.754942,1.4988
5,19.0370,952,99,0,75.539230,0.755392,1.4988
5,19.0570,953,99,0,75.584129,0.755841,1.4988
5,19.0770,954,99,0,75.628929,0.756289,1.4988
5,19.0970,955,99,0,75.673653,0.756737,1.4988
5,19.1170,956,99,0,75.718277,0.757183,1.4988
5,19.1370,957,99,0,75.762817,0.757628,1.4988
5,19.1570,958,99,0,75.807266,0.758073,1.4988
5,19.1770,959,99,0,75.851624,0.758516,1.4988
5,19.1970,960,99,0,75.895897,0.758959,1.4988
5,19.2170,961,99,0,75.940079,0.759401,1.4988
5,19.2370,962,99,0,75.984177,0.759842,1.4988
5,19.2570,963,99,0,76.028183,0.760282,1.4988
5,19.2770,964,99,0,76.072105,0.760721,1.4988
5,19.2970,965,99,0,76.115936,0.761159,1.4988
5,19.3170,966,99,0,76.159683,0.761597,1.4988
5,19.3370,967,99,0,76.203331,0.762033,1.4988
5,19.3570,968,99,0,76.246910,0.762469,1.4988
5,19.3770,969,99,0,76.290390,0.762904,1.4988
5,19.3970,970,99,0,76.333786,0.763338,1.4988
5,19.4170,971,99,0,76.377090,0.763771,1.4988
5,19.4370,972,99,0,76.420311,0.764203,1.4988
5,19.4570,973,99,0,76.463455,0.764635,1.4988
5,19.4770,974,99,0,76.506500,0.765065,1.4988
5,19.4970,975,99,0,76.549469,0.765495,1.4988
5,19.5170,976,99,0,76.592346,0.765923,1.4988
5,19.5370,977,99,0,76.635132,0.766351,1.4988
5,19.5570,978,99,0,76.677834,0.766778,1.4988
5,19.5780,979,99,0,76.720459,0.767205,1.4988
5,19.5970,980,99,0,76.763000,0.767630,1.4988
5,19.6170,981,99,0,76.805450,0.768055,1.4988
5,19.6370,982,99,0,76.847824,0.768478,1.4988
5,19.6570,983,99,0,76.890106,0.768901,1.4988
5,19.6770,984,99,0,76.932297,0.769323,1.4988
5,19.6970,985,99,0,76.974411,0.769744,1.4988
5,19.7170,986,99,0,77.016434,0.770164,1.4988
5,19.7370,987,99,0,77.058380,0.770584,1.4988
5,19.7570,988,99,0,77.100243,0.771002,1.4988
5,19.7770,989,99,0,77.142014,0.771420,1.4988
5,19.7970,990,99,0,77.183708,0.771837,1.4988
5,19.8170,991,99,0,77.225319,0.772253,1.4988
5,19.8370,992,99,0,77.266846,0.772668,1.4988
5,19.8570,993,99,0,77.308289,0.773083,1.4988
5,19.8770,994,99,0,77.349655,0.773497,1.4988
5,19.8970,995,99,0,77.390930,0.773909,1.4988
5,19.9180,996,99,0,77.432129,0.774321,1.4988
5,19.9370,997,99,0,77.473244,0.774732,1.4988
5,19.9570,998,99,0,77.514275,0.775143,1.4988
5,19.9770,999,99,0,77.555229,0.775552,1.4988
5,19.9970,1000,99,0,77.596100,0.775961,1.4988
5,20.0170,1001,99,0,77.636887,0.776369,1.4988
5,20.0370,1002,99,0,77.677597,0.776776,1.4988
5,20.0570,1003,99,0,77.718224,0.777182,1.4988
5,20.0780,1004,99,0,77.758766,0.777588,1.4988
5,20.0970,1005,99,0,77.799217,0.777992,1.4988
5,20.1170,1006,99,0,77.839607,0.778396,1.4988
5,20.1370,1007,99,0,77.879906,0.778799,1.4988
5,20.1570,1008,99,0,77.920128,0.779201,1.4988
5,20.1770,1009,99,0,77.960266,0.779603,1.4988
5,20.1970,1010,99,0,78.000336,0.780003,1.4988
5,20.2170,1011,99,0,78.040314,0.780403,1.4988
5,20.2370,1012,99,0,78.080215,0.780802,1.4988
5,20.2570,1013,99,0,78.120041,0.781200,1.4988
5,20.2770,1014,99,0,78.159782,0.781598,1.4988
5,20.2970,1015,99,0,78.199440,0.781994,1.4988
5,20.3170,1016,99,0,78.239029,0.782390,1.4988
5,20.3370,1017,99,0,78.278526,0.782785,1.4988
5,20.3570,1018,99,0,78.317955,0.783180,1.4988
5,20.3770,1019,99,0,78.357300,0.783573,1.4988
5,20.3970,1020,99,0,78.396561,0.783966,1.4988
5,20.4170,1021,99,0,78.435753,0.784358,1.4988
5,20.4370,1022,99,0,78.474869,0.784749,1.4988
5,20.4570,1023,99,0,78.513901,0.785139,1.4988
5,20.4770,1024,99,0,78.552856,0.785529,1.4988
5,20.4970,1025,99,0,78.591728,0.785917,1.4988
5,20.5170,1026,99,0,78.630524,0.786305,1.4988
5,20.5370,1027,99,0,78.669250,0.786693,1.4988
5,20.5570,1028,99,0,78.707901,0.787079,1.4988
5,20.5780,1029,99,0,78.746460,0.787465,1.4988
5,20.5970,1030,99,0,78.784950,0.787850,1.4988
5,20.6170,1031,99,0,78.823364,0.788234,1.4988
5,20.6370,1032,99,0,78.861702,0.788617,1.4988
5,20.6570,1033,99,0,78.899956,0.789000,1.4988
5,20.6770,1034,99,0,78.938141,0.789381,1.4988
5,20.6970,1035,99,0,78.976250,0.789762,1.4988
5,20.7170,1036,99,0,79.014282,0.790143,1.4988
5,20.7370,1037,99,0,79.052238,0.790522,1.4988
5,20.7570,1038,99,0,79.090111,0.790901,1.4988
5,20.7770,1039,99,0,79.127914,0.791279,1.4988
5,20.7970,1040,99,0,79.165642,0.791656,1.4988
5,20.8170,1041,99,0,79.203293,0.792033,1.4988
5,20.8370,1042,99,0,79.240868,0.792409,1.4988
5,20.8570,1043,99,0,79.278374,0.792784,1.4988
5,20.8770,1044,99,0,79.315804,0.793158,1.4988
5,20.8970,1045,99,0,79.353157,0.793532,1.4988
5,20.9170,1046,99,0,79.390434,0.793904,1.4988
5,20.9370,1047,99,0,79.427635,0.794276,1.4988
5,20.9570,1048,99,0,79.464767,0.794648,1.4988
5,20.9770,1049,99,0,79.501823,0.795018,1.4988
5,20.9970,1050,99,0,79.538803,0.795388,1.4988
5,21.0170,1051,99,0,79.575706,0.795757,1.4988
5,21.0370,1052,99,0,79.612541,0.796125,1.4988
5,21.0570,1053,99,0,79.649300,0.796493,1.4988
5,21.0780,1054,99,0,79.685982,0.796860,1.4988
5,21.0970,1055,99,0,79.722603,0.797226,1.4988
5,21.1170,1056,99,0,79.759140,0.797591,1.4988
5,21.1370,1057,99,0,79.795609,0.797956,1.4988
5,21.1570,1058,99,0,79.832001,0.798320,1.4988
5,21.1770,1059,99,0,79.868324,0.798683,1.4988
5,21.1970,1060,99,0,79.904572,0.799046,1.4988
5,21.2170,1061,99,0,79.940742,0.799407,1.4988
5,21.2370,1062,99,0,79.976845,0.799768,1.4988
5,21.2570,1063,99,0,80.012878,0.800129,1.4988
5,21.2770,1064,99,0,80.048836,0.800488,1.4988
5,21.2970,1065,99,0,80.084724,0.800847,1.4988
5,21.3170,1066,99,0,80.120544,0.801205,1.4988
5,21.3370,1067,99,0,80.156288,0.801563,1.4988
5,21.3570,1068,99,0,80.191956,0.801920,1.4988
5,21.3770,1069,99,0,80.227562,0.802276,1.4988
5,21.3970,1070,99,0,80.263092,0.802631,1.4988
5,21.4180,1071,99,0,80.298553,0.802986,1.4988
5,21.4370,1072,99,0,80.333939,0.803339,1.4988
5,21.4570,1073,99,0,80.369263,0.803693,1.4988
5,21.4770,1074,99,0,80.404510,0.804045,1.4988
5,21.4970,1075,99,0,80.439690,0.804397,1.4988
5,21.5170,1076,99,0,80.474792,0.804748,1.4988
5,21.5370,1077,99,0,80.509834,0.805098,1.4988
5,21.5570,1078,99,0,80.544800,0.805448,1.4988
5,21.5780,1079,99,0,80.579697,0.805797,1.4988
5,21.5970,1080,99,0,80.614517,0.806145,1.4988
5,21.6170,1081,99,0,80.649277,0.806493,1.4988
5,21.6370,1082,99,0,80.683968,0.806840,1.4988
5,21.6570,1083,99,0,80.718582,0.807186,1.4988
5,21.6770,1084,99,0,80.753136,0.807531,1.4988
5,21.6970,1085,99,0,80.787621,0.807876,1.4988
5,21.7170,1086,99,0,80.822037,0.808220,1.4988
5,21.7370,1087,99,0,80.856377,0.808564,1.4988
5,21.7580,1088,99,0,80.890656,0.808907,1.4988
5,21.7770,1089,99,0,80.924866,0.809249,1.4988
5,21.7970,1090,99,0,80.959000,0.809590,1.4988
5,21.8170,1091,99,0,80.993073,0.809931,1.4988
5,21.8370,1092,99,0,81.027077,0.810271,1.4988
5,21.8570,1093,99,0,81.061012,0.810610,1.4988
5,21.8770,1094,99,0,81.094872,0.810949,1.4988
5,21.8970,1095,99,0,81.128670,0.811287,1.4988
5,21.9180,1096,99,0,81.162399,0.811624,1.4988
5,21.9370,1097,99,0,81.196060,0.811961,1.4988
5,21.9570,1098,99,0,81.229660,0.812297,1.4988
5,21.9770,1099,99,0,81.263191,0.812632,1.4988
5,21.9970,1100,99,0,81.296646,0.812966,1.4988
5,22.0170,1101,99,0,81.330040,0.813300,1.4988
5,22.0370,1102,99,0,81.363365,0.813634,1.4988
5,22.0570,1103,99,0,81.396629,0.813966,1.4988
5,22.0770,1104,99,0,81.429825,0.814298,1.4988
5,22.0970,1105,99,0,81.462952,0.814630,1.4988
5,22.1170,1106,99,0,81.496017,0.814960,1.4988
5,22.1370,1107,99,0,81.529015,0.815290,1.4988
5,22.1570,1108,99,0,81.561943,0.815619,1.4988
5,22.1770,1109,99,0,81.594810,0.815948,1.4988
5,22.1970,1110,99,0,81.627609,0.816276,1.4988
5,22.2170,1111,99,0,81.660339,0.816603,1.4988
5,22.2370,1112,99,0,81.693008,0.816930,1.4988
5,22.2570,1113,99,0,81.725609,0.817256,1.4988
5,22.2770,1114,99,0,81.758148,0.817581,1.4988
5,22.2970,1115,99,0,81.790619,0.817906,1.4988
5,22.3170,1116,99,0,81.823036,0.818230,1.4988
5,22.3370,1117,99,0,81.855377,0.818554,1.4988
5,22.3570,1118,99,0,81.887657,0.818877,1.4988
5,22.3770,1119,99,0,81.919868,0.819199,1.4988
5,22.3970,1120,99,0,81.952019,0.819520,1.4988
5,22.4180,1121,99,0,81.984100,0.819841,1.4988
5,22.4370,1122,99,0,82.016121,0.820161,1.4988
5,22.4570,1123,99,0,82.048088,0.820481,1.4988
5,22.4770,1124,99,0,82.079979,0.820800,1.4988
5,22.4970,1125,99,0,82.111809,0.821118,1.4988
5,22.5170,1126,99,0,82.143570,0.821436,1.4988
5,22.5370,1127,99,0,82.175278,0.821753,1.4988
5,22.5570,1128,99,0,82.206917,0.822069,1.4988
5,22.5770,1129,99,0,82.238487,0.822385,1.4988
5,22.5970,1130,99,0,82.270004,0.822700,1.4988
5,22.6170,1131,99,0,82.301453,0.823015,1.4988
5,22.6370,1132,99,0,82.332840,0.823328,1.4988
5,22.6570,1133,99,0,82.364166,0.823642,1.4988
5,22.6770,1134,99,0,82.395424,0.823954,1.4988
5,22.6970,1135,99,0,82.426620,0.824266,1.4988
5,22.7170,1136,99,0,82.457764,0.824578,1.4988
5,22.7370,1137,99,0,82.488838,0.824888,1.4988
5,22.7570,1138,99,0,82.519852,0.825199,1.4988
5,22.7770,1139,99,0,82.550804,0.825508,1.4988
5,22.7970,1140,99,0,82.581688,0.825817,1.4988
5,22.8170,1141,99,0,82.612518,0.826125,1.4988
5,22.8370,1142,99,0,82.643280,0.826433,1.4988
5,22.8570,1143,99,0,82.673988,0.826740,1.4988
5,22.8770,1144,99,0,82.704628,0.827046,1.4988
5,22.8970,1145,99,0,82.735207,0.827352,1.4988
5,22.9180,1146,99,0,82.765732,0.827657,1.4988
5,22.9370,1147,99,0,82.796188,0.827962,1.4988
5,22.9570,1148,99,0,82.826591,0.828266,1.4988
5,22.9770,1149,99,0,82.856926,0.828569,1.4988
5,22.9970,1150,99,0,82.887207,0.828872,1.4988
5,23.0170,1151,99,0,82.917419,0.829174,1.4988
5,23.0370,1152,99,0,82.947578,0.829476,1.4988
5,23.0570,1153,99,0,82.977669,0.829777,1.4988
5,23.0770,1154,99,0,83.007706,0.830077,1.4988
5,23.0980,1155,99,0,83.037682,0.830377,1.4988
5,23.1170,1156,99,0,83.067596,0.830676,1.4988
5,23.1370,1157,99,0,83.097458,0.830975,1.4988
5,23.1570,1158,99,0,83.127251,0.831273,1.4988
5,23.1770,1159,99,0,83.156990,0.831570,1.4988
5,23.1970,1160,99,0,83.186668,0.831867,1.4988
5,23.2170,1161,99,0,83.216286,0.832163,1.4988
5,23.2370,1162,99,0,83.245842,0.832458,1.4988
5,23.2580,1163,99,0,83.275345,0.832753,1.4988
5,23.2770,1164,99,0,83.304787,0.833048,1.4988
5,23.2970,1165,99,0,83.334160,0.833342,1.4988
5,23.3170,1166,99,0,83.363487,0.833635,1.4988
5,23.3370,1167,99,0,83.392754,0.833928,1.4988
5,23.3570,1168,99,0,83.421951,0.834220,1.4988
5,23.3770,1169,99,0,83.451103,0.834511,1.4988
5,23.3970,1170,99,0,83.480194,0.834802,1.4988
5,23.4180,1171,99,0,83.509224,0.835092,1.4988
5,23.4370,1172,99,0,83.538200,0.835382,1.4988
5,23.4570,1173,99,0,83.567108,0.835671,1.4988
5,23.4770,1174,99,0,83.595970,0.835960,1.4988
5,23.4970,1175,99,0,83.624763,0.836248,1.4988
5,23.5170,1176,99,0,83.653519,0.836535,1.4988
5,23.5370,1177,99,0,83.682198,0.836822,1.4988
5,23.5570,1178,99,0,83.710823,0.837108,1.4988
5,23.5770,1179,99,0,83.739395,0.837394,1.4988
5,23.5970,1180,99,0,83.767906,0.837679,1.4988
5,23.6170,1181,99,0,83.796364,0.837964,1.4988
5,23.6370,1182,99,0,83.824768,0.838248,1.4988
5,23.6570,1183,99,0,83.853111,0.838531,1.4988
5,23.6770,1184,99,0,83.881393,0.838814,1.4988
5,23.6970,1185,99,0,83.909622,0.839096,1.4988
5,23.7170,1186,99,0,83.937798,0.839378,1.4988
5,23.7370,1187,99,0,83.965912,0.839659,1.4988
5,23.7580,1188,99,0,83.993973,0.839940,1.4988
5,23.7770,1189,99,0,84.021980,0.840220,1.4988
5,23.7970,1190,99,0,84.049927,0.840499,1.4988
5,23.8170,1191,99,0,84.077812,0.840778,1.4988
5,23.8370,1192,99,0,84.105652,0.841057,1.4988
5,23.8570,1193,99,0,84.133438,0.841334,1.4988
5,23.8770,1194,99,0,84.161156,0.841612,1.4988
5,23.8970,1195,99,0,84.188835,0.841888,1.4988
5,23.9170,1196,99,0,84.216446,0.842164,1.4988
5,23.9370,1197,99,0,84.244011,0.842440,1.4988
5,23.9570,1198,99,0,84.271515,0.842715,1.4988
5,23.9770,1199,99,0,84.298965,0.842990,1.4988
5,23.9970,1200,99,0,84.326363,0.843264,1.4988
5,24.0170,1201,99,0,84.353699,0.843537,1.4988
5,24.0370,1202,99,0,84.380989,0.843810,1.4988
5,24.0570,1203,99,0,84.408218,0.844082,1.4988
5,24.0770,1204,99,0,84.435394,0.844354,1.4988
5,24.0970,1205,99,0,84.462517,0.844625,1.4988
5,24.1170,1206,99,0,84.489586,0.844896,1.4988
5,24.1370,1207,99,0,84.516602,0.845166,1.4988
5,24.1570,1208,99,0,84.543564,0.845436,1.4988
5,24.1770,1209,99,0,84.570473,0.845705,1.4988
5,24.1970,1210,99,0,84.597336,0.845973,1.4988
5,24.2170,1211,99,0,84.624130,0.846241,1.4988
5,24.2370,1212,99,0,84.650871,0.846509,1.4988
5,24.2580,1213,99,0,84.677559,0.846776,1.4988
5,24.2770,1214,99,0,84.704193,0.847042,1.4988
5,24.2970,1215,99,0,84.730774,0.847308,1.4988
5,24.3170,1216,99,0,84.757309,0.847573,1.4988
5,24.3370,1217,99,0,84.783791,0.847838,1.4988
5,24.3570,1218,99,0,84.810219,0.848102,1.4988
5,24.3770,1219,99,0,84.836594,0.848366,1.4988
5,24.3970,1220,99,0,84.862915,0.848629,1.4988
5,24.4170,1221,99,0,84.889183,0.848892,1.4988
5,24.4370,1222,99,0,84.915398,0.849154,1.4988
5,24.4570,1223,99,0,84.941566,0.849416,1.4988
5,24.4770,1224,99,0,84.967674,0.849677,1.4988
5,24.4970,1225,99,0,84.993729,0.849937,1.4988
5,24.5170,1226,99,0,85.019745,0.850197,1.4988
5,24.5370,1227,99,0,85.045700,0.850457,1.4988
5,24.5570,1228,99,0,85.071602,0.850716,1.4988
5,24.5770,1229,99,0,85.097450,0.850975,1.4988
5,24.5970,1230,99,0,85.123253,0.851233,1.4988
5,24.6170,1231,99,0,85.149002,0.851490,1.4988
5,24.6370,1232,99,0,85.174698,0.851747,1.4988
5,24.6570,1233,99,0,85.200340,0.852003,1.4988
5,24.6770,1234,99,0,85.225937,0.852259,1.4988
5,24.6970,1235,99,0,85.251480,0.852515,1.4988
5,24.7170,1236,99,0,85.276970,0.852770,1.4988
5,24.7370,1237,99,0,85.302414,0.853024,1.4988
5,24.7580,1238,99,0,85.327805,0.853278,1.4988
5,24.7770,1239,99,0,85.353142,0.853531,1.4988
5,24.7970,1240,99,0,85.378433,0.853784,1.4988
5,24.8170,1241,99,0,85.403671,0.854037,1.4988
5,24.8370,1242,99,0,85.428856,0.854289,1.4988
5,24.8570,1243,99,0,85.453995,0.854540,1.4988
5,24.8770,1244,99,0,85.479088,0.854791,1.4988
5,24.8970,1245,99,0,85.504120,0.855041,1.4988
5,24.9170,1246,99,0,85.529106,0.855291,1.4988
5,24.9370,1247,99,0,85.554047,0.855540,1.4988
5,24.9570,1248,99,0,85.578934,0.855789,1.4988
5,24.9770,1249,99,0,85.603767,0.856038,1.4988
5,24.9970,1250,99,0,85.628563,0.856286,1.4988
5,25.0170,1251,99,0,85.653297,0.856533,1.4988
5,25.0370,1252,99,0,85.677994,0.856780,1.4988
5,25.0570,1253,99,0,85.702629,0.857026,1.4988
5,25.0770,1254,99,0,85.727226,0.857272,1.4988
5,25.0980,1255,99,0,85.751762,0.857518,1.4988
5,25.1170,1256,99,0,85.776260,0.857763,1.4988
5,25.1370,1257,99,0,85.800697,0.858007,1.4988
5,25.1570,1258,99,0,85.825089,0.858251,1.4988
5,25.1770,1259,99,0,85.849434,0.858494,1.4988
5,25.1970,1260,99,0,85.873726,0.858737,1.4988
5,25.2170,1261,99,0,85.897980,0.858980,1.4988
5,25.2370,1262,99,0,85.922180,0.859222,1.4988
5,25.2570,1263,99,0,85.946327,0.859463,1.4988
5,25.2770,1264,99,0,85.970428,0.859704,1.4988
5,25.2970,1265,99,0,85.994484,0.859945,1.4988
5,25.3170,1266,99,0,86.018494,0.860185,1.4988
5,25.3370,1267,99,0,86.042450,0.860424,1.4988
5,25.3570,1268,99,0,86.066360,0.860664,1.4988
5,25.3770,1269,99,0,86.090218,0.860902,1.4988
5,25.3970,1270,99,0,86.114037,0.861140,1.4988
5,25.4170,1271,99,0,86.137802,0.861378,1.4988
5,25.4370,1272,99,0,86.161522,0.861615,1.4988
5,25.4570,1273,99,0,86.185188,0.861852,1.4988
5,25.4770,1274,99,0,86.208817,0.862088,1.4988
5,25.4970,1275,99,0,86.232399,0.862324,1.4988
5,25.5170,1276,99,0,86.255928,0.862559,1.4988
5,25.5370,1277,99,0,86.279411,0.862794,1.4988
5,25.5570,1278,99,0,86.302849,0.863028,1.4988
5,25.5770,1279,99,0,86.326233,0.863262,1.4988
5,25.5980,1280,99,0,86.349571,0.863496,1.4988
5,25.6170,1281,99,0,86.372871,0.863729,1.4988
5,25.6370,1282,99,0,86.396126,0.863961,1.4988
5,25.6570,1283,99,0,86.419334,0.864193,1.4988
5,25.6770,1284,99,0,86.442490,0.864425,1.4988
5,25.6970,1285,99,0,86.465607,0.864656,1.4988
5,25.7170,1286,99,0,86.488670,0.864887,1.4988
5,25.7370,1287,99,0,86.511681,0.865117,1.4988
5,25.7570,1288,99,0,86.534653,0.865347,1.4988
5,25.7770,1289,99,0,86.557579,0.865576,1.4988
5,25.7970,1290,99,0,86.580452,0.865805,1.4988
5,25.8170,1291,99,0,86.603287,0.866033,1.4988
5,25.8370,1292,99,0,86.626068,0.866261,1.4988
5,25.8570,1293,99,0,86.648811,0.866488,1.4988
5,25.8770,1294,99,0,86.671509,0.866715,1.4988
5,25.8970,1295,99,0,86.694160,0.866942,1.4988
5,25.9170,1296,99,0,86.716766,0.867168,1.4988
5,25.9370,1297,99,0,86.739334,0.867393,1.4988
5,25.9570,1298,99,0,86.761856,0.867619,1.4988
5,25.9770,1299,99,0,86.784325,0.867843,1.4988
5,25.9970,1300,99,0,86.806755,0.868068,1.4988
5,26.0170,1301,99,0,86.829140,0.868291,1.4988
5,26.0370,1302,99,0,86.851479,0.868515,1.4988
5,26.0570,1303,99,0,86.873764,0.868738,1.4988
5,26.0770,1304,99,0,86.896019,0.868960,1.4988
5,26.0980,1305,99,0,86.918221,0.869182,1.4988
5,26.1170,1306,99,0,86.940384,0.869404,1.4988
5,26.1370,1307,99,0,86.962502,0.869625,1.4988
5,26.1570,1308,99,0,86.984573,0.869846,1.4988
5,26.1770,1309,99,0,87.006592,0.870066,1.4988
5,26.1970,1310,99,0,87.028580,0.870286,1.4988
5,26.2170,1311,99,0,87.050522,0.870505,1.4988
5,26.2370,1312,99,0,87.072418,0.870724,1.4988
5,26.2570,1313,99,0,87.094261,0.870943,1.4988
5,26.2770,1314,99,0,87.116074,0.871161,1.4988
5,26.2970,1315,99,0,87.137840,0.871378,1.4988
5,26.3170,1316,99,0,87.159561,0.871596,1.4988
5,26.3370,1317,99,0,87.181236,0.871812,1.4988
5,26.3570,1318,99,0,87.202866,0.872029,1.4988
5,26.3770,1319,99,0,87.224457,0.872245,1.4988
5,26.3970,1320,99,0,87.246002,0.872460,1.4988
5,26.4170,1321,99,0,87.267509,0.872675,1.4988
5,26.4380,1322,99,0,87.288971,0.872890,1.4988
5,26.4570,1323,99,0,87.310394,0.873104,1.4988
5,26.4770,1324,99,0,87.331772,0.873318,1.4988
5,26.4970,1325,99,0,87.353096,0.873531,1.4988
5,26.5170,1326,99,0,87.374397,0.873744,1.4988
5,26.5370,1327,99,0,87.395638,0.873956,1.4988
5,26.5570,1328,99,0,87.416847,0.874168,1.4988
5,26.5770,1329,99,0,87.438011,0.874380,1.4988
5,26.5980,1330,99,0,87.459129,0.874591,1.4988
5,26.6170,1331,99,0,87.480209,0.874802,1.4988
5,26.6370,1332,99,0,87.501244,0.875012,1.4988
5,26.6570,1333,99,0,87.522240,0.875222,1.4988
5,26.6770,1334,99,0,87.543190,0.875432,1.4988
5,26.6970,1335,99,0,87.564095,0.875641,1.4988
5,26.7170,1336,99,0,87.584961,0.875850,1.4988
5,26.7370,1337,99,0,87.605789,0.876058,1.4988
5,26.7570,1338,99,0,87.626572,0.876266,1.4988
5,26.7770,1339,99,0,87.647316,0.876473,1.4988
5,26.7970,1340,99,0,87.668022,0.876680,1.4988
5,26.8170,1341,99,0,87.688683,0.876887,1.4988
5,26.8370,1342,99,0,87.709312,0.877093,1.4988
5,26.8570,1343,99,0,87.729881,0.877299,1.4988
5,26.8770,1344,99,0,87.750420,0.877504,1.4988
5,26.8970,1345,99,0,87.770920,0.877709,1.4988
5,26.9170,1346,99,0,87.791374,0.877914,1.4988
5,26.9370,1347,99,0,87.811790,0.878118,1.4988
5,26.9570,1348,99,0,87.832161,0.878322,1.4988
5,26.9770,1349,99,0,87.852493,0.878525,1.4988
5,26.9970,1350,99,0,87.872787,0.878728,1.4988
5,27.0170,1351,99,0,87.893036,0.878930,1.4988
5,27.0370,1352,99,0,87.913246,0.879132,1.4988
5,27.0570,1353,99,0,87.933418,0.879334,1.4988
5,27.0770,1354,99,0,87.953552,0.879536,1.4988
5,27.0980,1355,99,0,87.973640,0.879736,1.4988
5,27.1170,1356,99,0,87.993690,0.879937,1.4988
5,27.1370,1357,99,0,88.013695,0.880137,1.4988
5,27.1570,1358,99,0,88.033669,0.880337,1.4988
5,27.1770,1359,99,0,88.053596,0.880536,1.4988
5,27.1970,1360,99,0,88.073486,0.880735,1.4988
5,27.2170,1361,99,0,88.093338,0.880933,1.4988
5,27.2370,1362,99,0,88.113152,0.881132,1.4988
5,27.2570,1363,99,0,88.132919,0.881329,1.4988
5,27.2770,1364,99,0,88.152649,0.881526,1.4988
5,27.2970,1365,99,0,88.172340,0.881723,1.4988
5,27.3170,1366,99,0,88.191994,0.881920,1.4988
5,27.3370,1367,99,0,88.211609,0.882116,1.4988
5,27.3570,1368,99,0,88.231186,0.882312,1.4988
5,27.3770,1369,99,0,88.250725,0.882507,1.4988
5,27.3970,1370,99,0,88.270218,0.882702,1.4988
5,27.4170,1371,99,0,88.289673,0.882897,1.4988
5,27.4380,1372,99,0,88.309082,0.883091,1.4988
5,27.4570,1373,99,0,88.328468,0.883285,1.4988
5,27.4770,1374,99,0,88.347809,0.883478,1.4988
5,27.4970,1375,99,0,88.367111,0.883671,1.4988
5,27.5170,1376,99,0,88.386375,0.883864,1.4988
5,27.5370,1377,99,0,88.405602,0.884056,1.4988
5,27.5570,1378,99,0,88.424789,0.884248,1.4988
5,27.5770,1379,99,0,88.443939,0.884439,1.4988
5,27.5970,1380,99,0,88.463051,0.884631,1.4988
5,27.6170,1381,99,0,88.482124,0.884821,1.4988
5,27.6370,1382,99,0,88.501167,0.885012,1.4988
5,27.6570,1383,99,0,88.520164,0.885202,1.4988
5,27.6770,1384,99,0,88.539124,0.885391,1.4988
5,27.6970,1385,99,0,88.558044,0.885580,1.4988
5,27.7170,1386,99,0,88.576927,0.885769,1.4988
5,27.7370,1387,99,0,88.595772,0.885958,1.4988
5,27.7570,1388,99,0,88.614578,0.886146,1.4988
5,27.7770,1389,99,0,88.633354,0.886334,1.4988
5,27.7970,1390,99,0,88.652084,0.886521,1.4988
5,27.8170,1391,99,0,88.670776,0.886708,1.4988
5,27.8370,1392,99,0,88.689430,0.886894,1.4988
5,27.8570,1393,99,0,88.708046,0.887080,1.4988
5,27.8770,1394,99,0,88.726624,0.887266,1.4988
5,27.8970,1395,99,0,88.745178,0.887452,1.4988
5,27.9170,1396,99,0,88.763687,0.887637,1.4988
5,27.9380,1397,99,0,88.782158,0.887822,1.4988
5,27.9570,1398,99,0,88.800591,0.888006,1.4988
5,27.9770,1399,99,0,88.818985,0.888190,1.4988
5,27.9970,1400,99,0,88.837341,0.888373,1.4988
5,28.0170,1401,99,0,88.855675,0.888557,1.4988
5,28.0370,1402,99,0,88.873962,0.888740,1.4988
5,28.0570,1403,99,0,88.892212,0.888922,1.4988
5,28.0770,1404,99,0,88.910423,0.889104,1.4988
5,28.0970,1405,99,0,88.928596,0.889286,1.4988
5,28.1170,1406,99,0,88.946739,0.889467,1.4988
5,28.1370,1407,99,0,88.964851,0.889649,1.4988
5,28.1570,1408,99,0,88.982918,0.889829,1.4988
5,28.1770,1409,99,0,89.000946,0.890009,1.4988
5,28.1970,1410,99,0,89.018951,0.890190,1.4988
5,28.2170,1411,99,0,89.036911,0.890369,1.4988
5,28.2370,1412,99,0,89.054832,0.890548,1.4988
5,28.2570,1413,99,0,89.072716,0.890727,1.4988
5,28.2780,1414,99,0,89.090569,0.890906,1.4988
5,28.2970,1415,99,0,89.108383,0.891084,1.4988
5,28.3170,1416,99,0,89.126167,0.891262,1.4988
5,28.3370,1417,99,0,89.143913,0.891439,1.4988
5,28.3570,1418,99,0,89.161629,0.891616,1.4988
5,28.3770,1419,99,0,89.179298,0.891793,1.4988
5,28.3970,1420,99,0,89.196938,0.891969,1.4988
5,28.4170,1421,99,0,89.214539,0.892145,1.4988
5,28.4380,1422,99,0,89.232109,0.892321,1.4988
5,28.4570,1423,99,0,89.249649,0.892496,1.4988
5,28.4770,1424,99,0,89.267143,0.892671,1.4988
5,28.4970,1425,99,0,89.284607,0.892846,1.4988
5,28.5170,1426,99,0,89.302032,0.893020,1.4988
5,28.5370,1427,99,0,89.319435,0.893194,1.4988
5,28.5570,1428,99,0,89.336792,0.893368,1.4988
5,28.5770,1429,99,0,89.354118,0.893541,1.4988
5,28.5970,1430,99,0,89.371414,0.893714,1.4988
5,28.6170,1431,99,0,89.388664,0.893887,1.4988
5,28.6370,1432,99,0,89.405884,0.894059,1.4988
5,28.6570,1433,99,0,89.423065,0.894231,1.4988
5,28.6770,1434,99,0,89.440216,0.894402,1.4988
5,28.6970,1435,99,0,89.457336,0.894573,1.4988
5,28.7170,1436,99,0,89.474419,0.894744,1.4988
5,28.7370,1437,99,0,89.491470,0.894915,1.4988
5,28.7570,1438,99,0,89.508484,0.895085,1.4988
5,28.7780,1439,99,0,89.525467,0.895255,1.4988
5,28.7970,1440,99,0,89.542412,0.895424,1.4988
5,28.8170,1441,99,0,89.559326,0.895593,1.4988
5,28.8370,1442,99,0,89.576210,0.895762,1.4988
5,28.8570,1443,99,0,89.593056,0.895931,1.4988
5,28.8770,1444,99,0,89.609871,0.896099,1.4988
5,28.8970,1445,99,0,89.626648,0.896266,1.4988
5,28.9170,1446,99,0,89.643394,0.896434,1.4988
5,28.9380,1447,99,0,89.660110,0.896601,1.4988
5,28.9570,1448,99,0,89.676788,0.896768,1.4988
5,28.9770,1449,99,0,89.693428,0.896934,1.4988
5,28.9970,1450,99,0,89.710045,0.897100,1.4988
5,29.0170,1451,99,0,89.726624,0.897266,1.4988
5,29.0370,1452,99,0,89.743164,0.897432,1.4988
5,29.0570,1453,99,0,89.759682,0.897597,1.4988
5,29.0770,1454,99,0,89.776161,0.897762,1.4988
5,29.0970,1455,99,0,89.792610,0.897926,1.4988
5,29.1170,1456,99,0,89.809021,0.898090,1.4988
5,29.1370,1457,99,0,89.825409,0.898254,1.4988
5,29.1570,1458,99,0,89.841751,0.898418,1.4988
5,29.1770,1459,99,0,89.858055,0.898581,1.4988
5,29.1970,1460,99,0,89.874344,0.898743,1.4988
5,29.2170,1461,99,0,89.890602,0.898906,1.4988
5,29.2370,1462,99,0,89.906815,0.899068,1.4988
5,29.2570,1463,99,0,89.923004,0.899230,1.4988
5,29.2780,1464,99,0,89.939156,0.899392,1.4988
5,29.2970,1465,99,0,89.955276,0.899553,1.4988
5,29.3170,1466,99,0,89.971367,0.899714,1.4988
5,29.3370,1467,99,0,89.987419,0.899874,1.4988
5,29.3570,1468,99,0,90.003448,0.900034,1.4988
5,29.3770,1469,99,0,90.019440,0.900194,1.4988
5,29.3970,1470,99,0,90.035400,0.900354,1.4988
5,29.4170,1471,99,0,90.051331,0.900513,1.4988
5,29.4370,1472,99,0,90.067223,0.900672,1.4988
5,29.4570,1473,99,0,90.083084,0.900831,1.4988
5,29.4770,1474,99,0,90.098923,0.900989,1.4988
5,29.4970,1475,99,0,90.114723,0.901147,1.4988
5,29.5170,1476,99,0,90.130501,0.901305,1.4988
5,29.5370,1477,99,0,90.146233,0.901462,1.4988
5,29.5570,1478,99,0,90.161934,0.901619,1.4988
5,29.5770,1479,99,0,90.177612,0.901776,1.4988
5,29.5970,1480,99,0,90.193253,0.901933,1.4988
5,29.6180,1481,99,0,90.208870,0.902089,1.4988
5,29.6370,1482,99,0,90.224449,0.902244,1.4988
5,29.6570,1483,99,0,90.239998,0.902400,1.4988
5,29.6770,1484,99,0,90.255524,0.902555,1.4988
5,29.6970,1485,99,0,90.271011,0.902710,1.4988
5,29.7170,1486,99,0,90.286476,0.902865,1.4988
5,29.7370,1487,99,0,90.301903,0.903019,1.4988
5,29.7570,1488,99,0,90.317299,0.903173,1.4988
5,29.7770,1489,99,0,90.332657,0.903327,1.4988
5,29.7970,1490,99,0,90.347984,0.903480,1.4988
5,29.8170,1491,99,0,90.363289,0.903633,1.4988
5,29.8370,1492,99,0,90.378555,0.903786,1.4988
5,29.8570,1493,99,0,90.393799,0.903938,1.4988
5,29.8770,1494,99,0,90.409012,0.904090,1.4988
5,29.8970,1495,99,0,90.424187,0.904242,1.4988
5,29.9170,1496,99,0,90.439339,0.904393,1.4988
5,29.9370,1497,99,0,90.454453,0.904545,1.4988
5,29.9570,1498,99,0,90.469536,0.904695,1.4988
5,29.9770,1499,99,0,90.484604,0.904846,1.4988
5,29.9970,1500,99,0,90.499634,0.904996,1.4988
5,30.0170,1501,99,0,90.514633,0.905146,1.4988
5,30.0370,1502,99,0,90.529617,0.905296,1.4988
5,30.0570,1503,99,0,90.544556,0.905446,1.4988
5,30.0770,1504,99,0,90.559464,0.905595,1.4988
5,30.0970,1505,99,0,90.574348,0.905743,1.4988
5,30.1180,1506,99,0,90.589195,0.905892,1.4988
5,30.1370,1507,99,0,90.604019,0.906040,1.4988
5,30.1570,1508,99,0,90.618813,0.906188,1.4988
5,30.1770,1509,99,0,90.633560,0.906336,1.4988
5,30.1970,1510,99,0,90.648293,0.906483,1.4988
5,30.2170,1511,99,0,90.663002,0.906630,1.4988
5,30.2370,1512,99,0,90.677681,0.906777,1.4988
5,30.2570,1513,99,0,90.692322,0.906923,1.4988
5,30.2780,1514,99,0,90.706940,0.907069,1.4988
5,30.2970,1515,99,0,90.721519,0.907215,1.4988
5,30.3170,1516,99,0,90.736076,0.907361,1.4988
5,30.3370,1517,99,0,90.750610,0.907506,1.4988
5,30.3570,1518,99,0,90.765099,0.907651,1.4988
5,30.3770,1519,99,0,90.779579,0.907796,1.4988
5,30.3970,1520,99,0,90.794014,0.907940,1.4988
5,30.4170,1521,99,0,90.808426,0.908084,1.4988
5,30.4370,1522,99,0,90.822807,0.908228,1.4988
5,30.4570,1523,99,0,90.837158,0.908372,1.4988
5,30.4770,1524,99,0,90.851486,0.908515,1.4988
5,30.4970,1525,99,0,90.865784,0.908658,1.4988
5,30.5170,1526,99,0,90.880058,0.908801,1.4988
5,30.5370,1527,99,0,90.894287,0.908943,1.4988
5,30.5570,1528,99,0,90.908501,0.909085,1.4988
5,30.5770,1529,99,0,90.922676,0.909227,1.4988
5,30.5970,1530,99,0,90.936836,0.909368,1.4988
5,30.6180,1531,99,0,90.950966,0.909510,1.4988
5,30.6370,1532,99,0,90.965057,0.909651,1.4988
5,30.6570,1533,99,0,90.979134,0.909791,1.4988
5,30.6770,1534,99,0,90.993172,0.909932,1.4988
5,30.6970,1535,99,0,91.007187,0.910072,1.4988
5,30.7170,1536,99,0,91.021179,0.910212,1.4988
5,30.7370,1537,99,0,91.035133,0.910351,1.4988
5,30.7570,1538,99,0,91.049065,0.910491,1.4988
5,30.7770,1539,99,0,91.062965,0.910630,1.4988
5,30.7970,1540,99,0,91.076836,0.910768,1.4988
5,30.8170,1541,99,0,91.090691,0.910907,1.4988
5,30.8370,1542,99,0,91.104507,0.911045,1.4988
5,30.8570,1543,99,0,91.118301,0.911183,1.4988
5,30.8770,1544,99,0,91.132057,0.911321,1.4988
5,30.8970,1545,99,0,91.145798,0.911458,1.4988
5,30.9170,1546,99,0,91.159492,0.911595,1.4988
5,30.9370,1547,99,0,91.173187,0.911732,1.4988
5,30.9570,1548,99,0,91.186836,0.911868,1.4988
5,30.9770,1549,99,0,91.200455,0.912005,1.4988
5,30.9970,1550,99,0,91.214058,0.912141,1.4988
5,31.0170,1551,99,0,91.227623,0.912276,1.4988
5,31.0370,1552,99,0,91.241173,0.912412,1.4988
5,31.0570,1553,99,0,91.254684,0.912547,1.4988
5,31.0770,1554,99,0,91.268188,0.912682,1.4988
5,31.0970,1555,99,0,91.281647,0.912816,1.4988
5,31.1180,1556,99,0,91.295090,0.912951,1.4988
5,31.1370,1557,99,0,91.308495,0.913085,1.4988
5,31.1570,1558,99,0,91.321884,0.913219,1.4988
5,31.1770,1559,99,0,91.335243,0.913352,1.4988
5,31.1970,1560,99,0,91.348579,0.913486,1.4988
5,31.2170,1561,99,0,91.361877,0.913619,1.4988
5,31.2370,1562,99,0,91.375160,0.913752,1.4988
5,31.2570,1563,99,0,91.388405,0.913884,1.4988
5,31.2780,1564,99,0,91.401634,0.914016,1.4988
5,31.2970,1565,99,0,91.414825,0.914148,1.4988
5,31.3170,1566,99,0,91.428001,0.914280,1.4988
5,31.3370,1567,99,0,91.441139,0.914411,1.4988
5,31.3570,1568,99,0,91.454262,0.914543,1.4988
5,31.3770,1569,99,0,91.467346,0.914673,1.4988
5,31.3970,1570,99,0,91.480415,0.914804,1.4988
5,31.4170,1571,99,0,91.493454,0.914935,1.4988
5,31.4370,1572,99,0,91.506470,0.915065,1.4988
5,31.4580,1573,99,0,91.519455,0.915195,1.4988
5,31.4770,1574,99,0,91.532410,0.915324,1.4988
5,31.4970,1575,99,0,91.545349,0.915453,1.4988
5,31.5170,1576,99,0,91.558258,0.915583,1.4988
5,31.5370,1577,99,0,91.571136,0.915711,1.4988
5,31.5570,1578,99,0,91.584000,0.915840,1.4988
5,31.5770,1579,99,0,91.596832,0.915968,1.4988
5,31.5970,1580,99,0,91.609642,0.916096,1.4988
5,31.6180,1581,99,0,91.622421,0.916224,1.4988
5,31.6370,1582,99,0,91.635178,0.916352,1.4988
5,31.6570,1583,99,0,91.647903,0.916479,1.4988
5,31.6770,1584,99,0,91.660614,0.916606,1.4988
5,31.6970,1585,99,0,91.673294,0.916733,1.4988
5,31.7170,1586,99,0,91.685944,0.916859,1.4988
5,31.7370,1587,99,0,91.698578,0.916986,1.4988
5,31.7570,1588,99,0,91.711182,0.917112,1.4988
5,31.7770,1589,99,0,91.723755,0.917238,1.4988
5,31.7970,1590,99,0,91.736305,0.917363,1.4988
5,31.8170,1591,99,0,91.748833,0.917488,1.4988
5,31.8370,1592,99,0,91.761337,0.917613,1.4988
5,31.8570,1593,99,0,91.773819,0.917738,1.4988
5,31.8770,1594,99,0,91.786270,0.917863,1.4988
5,31.8970,1595,99,0,91.798698,0.917987,1.4988
5,31.9170,1596,99,0,91.811096,0.918111,1.4988
5,31.9370,1597,99,0,91.823479,0.918235,1.4988
5,31.9570,1598,99,0,91.835831,0.918358,1.4988
5,31.9770,1599,99,0,91.848160,0.918482,1.4988
5,31.9970,1600,99,0,91.860466,0.918605,1.4988
5,32.0170,1601,99,0,91.872749,0.918727,1.4988
5,32.0370,1602,99,0,91.885010,0.918850,1.4988
5,32.0570,1603,99,0,91.897232,0.918972,1.4988
5,32.0770,1604,99,0,91.909439,0.919094,1.4988
5,32.0970,1605,99,0,91.921616,0.919216,1.4988
5,32.1180,1606,99,0,91.933777,0.919338,1.4988
5,32.1370,1607,99,0,91.945915,0.919459,1.4988
5,32.1570,1608,99,0,91.958023,0.919580,1.4988
5,32.1770,1609,99,0,91.970100,0.919701,1.4988
5,32.1970,1610,99,0,91.982162,0.919822,1.4988
5,32.2170,1611,99,0,91.994202,0.919942,1.4988
5,32.2370,1612,99,0,92.006210,0.920062,1.4988
5,32.2570,1613,99,0,92.018204,0.920182,1.4988
5,32.2770,1614,99,0,92.030159,0.920302,1.4988
5,32.2970,1615,99,0,92.042091,0.920421,1.4988
5,32.3170,1616,99,0,92.054016,0.920540,1.4988
5,32.3370,1617,99,0,92.065903,0.920659,1.4988
5,32.3570,1618,99,0,92.077774,0.920778,1.4988
5,32.3770,1619,99,0,92.089615,0.920896,1.4988
5,32.3970,1620,99,0,92.101440,0.921014,1.4988
5,32.4170,1621,99,0,92.113243,0.921132,1.4988
5,32.4370,1622,99,0,92.125015,0.921250,1.4988
5,32.4580,1623,99,0,92.136765,0.921368,1.4988
5,32.4770,1624,99,0,92.148491,0.921485,1.4988
5,32.4970,1625,99,0,92.160194,0.921602,1.4988
5,32.5170,1626,99,0,92.171875,0.921719,1.4988
5,32.5370,1627,99,0,92.183525,0.921835,1.4988
5,32.5570,1628,99,0,92.195160,0.921952,1.4988
5,32.5770,1629,99,0,92.206764,0.922068,1.4988
5,32.5970,1630,99,0,92.218353,0.922184,1.4988
5,32.6180,1631,99,0,92.229919,0.922299,1.4988
5,32.6370,1632,99,0,92.241455,0.922415,1.4988
5,32.6570,1633,99,0,92.252983,0.922530,1.4988
5,32.6770,1634,99,0,92.264473,0.922645,1.4988
5,32.6970,1635,99,0,92.275948,0.922759,1.4988
5,32.7170,1636,99,0,92.287399,0.922874,1.4988
5,32.7370,1637,99,0,92.298820,0.922988,1.4988
5,32.7570,1638,99,0,92.310226,0.923102,1.4988
5,32.7780,1639,99,0,92.321602,0.923216,1.4988
5,32.7980,1640,99,0,92.332962,0.923330,1.4988
5,32.8170,1641,99,0,92.344299,0.923443,1.4988
5,32.8370,1642,99,0,92.355606,0.923556,1.4988
5,32.8570,1643,99,0,92.366898,0.923669,1.4988
5,32.8770,1644,99,0,92.378166,0.923782,1.4988
5,32.8970,1645,99,0,92.389412,0.923894,1.4988
5,32.9170,1646,99,0,92.400627,0.924006,1.4988
5,32.9370,1647,99,0,92.411827,0.924118,1.4988
5,32.9580,1648,99,0,92.422997,0.924230,1.4988
5,32.9770,1649,99,0,92.434158,0.924342,1.4988
5,32.9970,1650,99,0,92.445282,0.924453,1.4988
5,33.0170,1651,99,0,92.456390,0.924564,1.4988
5,33.0370,1652,99,0,92.467484,0.924675,1.4988
5,33.0570,1653,99,0,92.478546,0.924785,1.4988
5,33.0770,1654,99,0,92.489594,0.924896,1.4988
5,33.0970,1655,99,0,92.500618,0.925006,1.4988
5,33.1170,1656,99,0,92.511620,0.925116,1.4988
5,33.1370,1657,99,0,92.522598,0.925226,1.4988
5,33.1570,1658,99,0,92.533554,0.925336,1.4988
5,33.1770,1659,99,0,92.544479,0.925445,1.4988
5,33.1970,1660,99,0,92.555389,0.925554,1.4988
5,33.2170,1661,99,0,92.566284,0.925663,1.4988
5,33.2370,1662,99,0,92.577148,0.925771,1.4988
5,33.2570,1663,99,0,92.587997,0.925880,1.4988
5,33.2770,1664,99,0,92.598816,0.925988,1.4988
5,33.2970,1665,99,0,92.609619,0.926096,1.4988
5,33.3170,1666,99,0,92.620399,0.926204,1.4988
5,33.3370,1667,99,0,92.631165,0.926312,1.4988
5,33.3570,1668,99,0,92.641907,0.926419,1.4988
5,33.3770,1669,99,0,92.652626,0.926526,1.4988
5,33.3970,1670,99,0,92.663315,0.926633,1.4988
5,33.4170,1671,99,0,92.673988,0.926740,1.4988
5,33.4370,1672,99,0,92.684647,0.926846,1.4988
5,33.4580,1673,99,0,92.695274,0.926953,1.4988
5,33.4770,1674,99,0,92.705887,0.927059,1.4988
5,33.4970,1675,99,0,92.716469,0.927165,1.4988
5,33.5170,1676,99,0,92.727036,0.927270,1.4988
5,33.5370,1677,99,0,92.737587,0.927376,1.4988
5,33.5570,1678,99,0,92.748116,0.927481,1.4988
5,33.5780,1679,99,0,92.758614,0.927586,1.4988
5,33.5970,1680,99,0,92.769096,0.927691,1.4988
5,33.6170,1681,99,0,92.779564,0.927796,1.4988
5,33.6370,1682,99,0,92.790009,0.927900,1.4988
5,33.6570,1683,99,0,92.800423,0.928004,1.4988
5,33.6770,1684,99,0,92.810822,0.928108,1.4988
5,33.6970,1685,99,0,92.821205,0.928212,1.4988
5,33.7170,1686,99,0,92.831566,0.928316,1.4988
5,33.7370,1687,99,0,92.841896,0.928419,1.4988
5,33.7570,1688,99,0,92.852219,0.928522,1.4988
5,33.7770,1689,99,0,92.862511,0.928625,1.4988
5,33.7980,1690,99,0,92.872787,0.928728,1.4988
5,33.8170,1691,99,0,92.883041,0.928830,1.4988
5,33.8370,1692,99,0,92.893272,0.928933,1.4988
5,33.8570,1693,99,0,92.903488,0.929035,1.4988
5,33.8770,1694,99,0,92.913681,0.929137,1.4988
5,33.8970,1695,99,0,92.923851,0.929239,1.4988
5,33.9170,1696,99,0,92.934013,0.929340,1.4988
5,33.9370,1697,99,0,92.944138,0.929441,1.4988
5,33.9580,1698,99,0,92.954262,0.929543,1.4988
5,33.9770,1699,99,0,92.964348,0.929643,1.4988
5,33.9970,1700,99,0,92.974419,0.929744,1.4988
5,34.0170,1701,99,0,92.984474,0.929845,1.4988
5,34.0370,1702,99,0,92.994499,0.929945,1.4988
5,34.0570,1703,99,0,93.004509,0.930045,1.4988
5,34.0770,1704,99,0,93.014503,0.930145,1.4988
5,34.0970,1705,99,0,93.024475,0.930245,1.4988
5,34.1170,1706,99,0,93.034424,0.930344,1.4988
5,34.1370,1707,99,0,93.044357,0.930444,1.4988
5,34.1570,1708,99,0,93.054276,0.930543,1.4988
5,34.1770,1709,99,0,93.064156,0.930642,1.4988
5,34.1970,1710,99,0,93.074028,0.930740,1.4988
5,34.2170,1711,99,0,93.083885,0.930839,1.4988
5,34.2370,1712,99,0,93.093719,0.930937,1.4988
5,34.2570,1713,99,0,93.103523,0.931035,1.4988
5,34.2770,1714,99,0,93.113319,0.931133,1.4988
5,34.2970,1715,99,0,93.123100,0.931231,1.4988
5,34.3170,1716,99,0,93.132851,0.931329,1.4988
5,34.3370,1717,99,0,93.142586,0.931426,1.4988
5,34.3570,1718,99,0,93.152306,0.931523,1.4988
5,34.3770,1719,99,0,93.162003,0.931620,1.4988
5,34.3970,1720,99,0,93.171677,0.931717,1.4988
5,34.4170,1721,99,0,93.181335,0.931813,1.4988
5,34.4370,1722,99,0,93.190971,0.931910,1.4988
5,34.4580,1723,99,0,93.200584,0.932006,1.4988
5,34.4770,1724,99,0,93.210182,0.932102,1.4988
5,34.4970,1725,99,0,93.219765,0.932198,1.4988
5,34.5170,1726,99,0,93.229324,0.932293,1.4988
5,34.5370,1727,99,0,93.238861,0.932389,1.4988
5,34.5570,1728,99,0,93.248390,0.932484,1.4988
5,34.5770,1729,99,0,93.257889,0.932579,1.4988
5,34.5970,1730,99,0,93.267380,0.932674,1.4988
5,34.6170,1731,99,0,93.276840,0.932768,1.4988
5,34.6370,1732,99,0,93.286285,0.932863,1.4988
5,34.6570,1733,99,0,93.295715,0.932957,1.4988
5,34.6770,1734,99,0,93.305130,0.933051,1.4988
5,34.6970,1735,99,0,93.314514,0.933145,1.4988
5,34.7170,1736,99,0,93.323891,0.933239,1.4988
5,34.7370,1737,99,0,93.333244,0.933332,1.4988
5,34.7570,1738,99,0,93.342583,0.933426,1.4988
5,34.7770,1739,99,0,93.351891,0.933519,1.4988
5,34.7980,1740,99,0,93.361191,0.933612,1.4988
5,34.8170,1741,99,0,93.370468,0.933705,1.4988
5,34.8370,1742,99,0,93.379730,0.933797,1.4988
5,34.8570,1743,99,0,93.388969,0.933890,1.4988
5,34.8770,1744,99,0,93.398186,0.933982,1.4988
5,34.8970,1745,99,0,93.407402,0.934074,1.4988
5,34.9170,1746,99,0,93.416588,0.934166,1.4988
5,34.9370,1747,99,0,93.425751,0.934258,1.4988
5,34.9580,1748,99,0,93.434898,0.934349,1.4988
5,34.9770,1749,99,0,93.444031,0.934440,1.4988
5,34.9970,1750,99,0,93.453148,0.934531,1.4988
5,35.0170,1751,99,0,93.462227,0.934622,1.4988
5,35.0370,1752,99,0,93.471313,0.934713,1.4988
5,35.0570,1753,99,0,93.480370,0.934804,1.4988
5,35.0770,1754,99,0,93.489410,0.934894,1.4988
5,35.0970,1755,99,0,93.498428,0.934984,1.4988
5,35.1170,1756,99,0,93.507431,0.935074,1.4988
5,35.1370,1757,99,0,93.516418,0.935164,1.4988
5,35.1570,1758,99,0,93.525391,0.935254,1.4988
5,35.1770,1759,99,0,93.534332,0.935343,1.4988
5,35.1970,1760,99,0,93.543266,0.935433,1.4988
5,35.2170,1761,99,0,93.552185,0.935522,1.4988
5,35.2370,1762,99,0,93.561081,0.935611,1.4988
5,35.2570,1763,99,0,93.569962,0.935700,1.4988
5,35.2770,1764,99,0,93.578819,0.935788,1.4988
5,35.2980,1765,99,0,93.587669,0.935877,1.4988
5,35.3170,1766,99,0,93.596497,0.935965,1.4988
5,35.3370,1767,99,0,93.605309,0.936053,1.4988
5,35.3570,1768,99,0,93.614090,0.936141,1.4988
5,35.3770,1769,99,0,93.622864,0.936229,1.4988
5,35.3970,1770,99,0,93.631615,0.936316,1.4988
5,35.4170,1771,99,0,93.640358,0.936404,1.4988
5,35.4370,1772,99,0,93.649071,0.936491,1.4988
5,35.4570,1773,99,0,93.657776,0.936578,1.4988
5,35.4770,1774,99,0,93.666466,0.936665,1.4988
5,35.4970,1775,99,0,93.675133,0.936751,1.4988
5,35.5170,1776,99,0,93.683784,0.936838,1.4988
5,35.5370,1777,99,0,93.692413,0.936924,1.4988
5,35.5570,1778,99,0,93.701027,0.937010,1.4988
5,35.5770,1779,99,0,93.709625,0.937096,1.4988
5,35.5970,1780,99,0,93.718208,0.937182,1.4988
5,35.6170,1781,99,0,93.726776,0.937268,1.4988
5,35.6380,1782,99,0,93.735313,0.937353,1.4988
5,35.6570,1783,99,0,93.743851,0.937439,1.4988
5,35.6770,1784,99,0,93.752365,0.937524,1.4988
5,35.6970,1785,99,0,93.760857,0.937609,1.4988
5,35.7170,1786,99,0,93.769341,0.937693,1.4988
5,35.7370,1787,99,0,93.777802,0.937778,1.4988
5,35.7570,1788,99,0,93.786247,0.937862,1.4988
5,35.7770,1789,99,0,93.794678,0.937947,1.4988
5,35.7980,1790,99,0,93.803093,0.938031,1.4988
5,35.8170,1791,99,0,93.811478,0.938115,1.4988
5,35.8370,1792,99,0,93.819855,0.938199,1.4988
5,35.8570,1793,99,0,93.828217,0.938282,1.4988
5,35.8770,1794,99,0,93.836563,0.938366,1.4988
5,35.8970,1795,99,0,93.844894,0.938449,1.4988
5,35.9170,1796,99,0,93.853210,0.938532,1.4988
5,35.9370,1797,99,0,93.861504,0.938615,1.4988
5,35.9570,1798,99,0,93.869774,0.938698,1.4988
5,35.9770,1799,99,0,93.878044,0.938780,1.4988
5,35.9970,1800,99,0,93.886284,0.938863,1.4988
5,36.0170,1801,99,0,93.894508,0.938945,1.4988
5,36.0370,1802,99,0,93.902725,0.939027,1.4988
5,36.0570,1803,99,0,93.910919,0.939109,1.4988
5,36.0770,1804,99,0,93.919098,0.939191,1.4988
5,36.0970,1805,99,0,93.927261,0.939273,1.4988
5,36.1170,1806,99,0,93.935402,0.939354,1.4988
5,36.1380,1807,99,0,93.943542,0.939435,1.4988
5,36.1570,1808,99,0,93.951660,0.939517,1.4988
5,36.1770,1809,99,0,93.959763,0.939598,1.4988
5,36.1970,1810,99,0,93.967834,0.939678,1.4988
5,36.2170,1811,99,0,93.975891,0.939759,1.4988
5,36.2370,1812,99,0,93.983948,0.939839,1.4988
5,36.2570,1813,99,0,93.991982,0.939920,1.4988
5,36.2770,1814,99,0,94.000000,0.940000,1.4988
5,36.2980,1815,99,0,94.007996,0.940080,1.4988
5,36.3170,1816,99,0,94.015984,0.940160,1.4988
5,36.3370,1817,99,0,94.023956,0.940240,1.4988
5,36.3570,1818,99,0,94.031914,0.940319,1.4988
5,36.3770,1819,99,0,94.039848,0.940398,1.4988
5,36.3970,1820,99,0,94.047768,0.940478,1.4988
5,36.4170,1821,99,0,94.055672,0.940557,1.4988
5,36.4370,1822,99,0,94.063553,0.940636,1.4988
5,36.4570,1823,99,0,94.071426,0.940714,1.4988
5,36.4770,1824,99,0,94.079285,0.940793,1.4988
5,36.4970,1825,99,0,94.087128,0.940871,1.4988
5,36.5170,1826,99,0,94.094955,0.940950,1.4988
5,36.5370,1827,99,0,94.102768,0.941028,1.4988
5,36.5570,1828,99,0,94.110565,0.941106,1.4988
5,36.5770,1829,99,0,94.118347,0.941183,1.4988
5,36.5970,1830,99,0,94.126114,0.941261,1.4988
5,36.6170,1831,99,0,94.133858,0.941339,1.4988
5,36.6380,1832,99,0,94.141602,0.941416,1.4988
5,36.6570,1833,99,0,94.149315,0.941493,1.4988
5,36.6770,1834,99,0,94.157021,0.941570,1.4988
5,36.6970,1835,99,0,94.164711,0.941647,1.4988
5,36.7170,1836,99,0,94.172386,0.941724,1.4988
5,36.7370,1837,99,0,94.180046,0.941800,1.4988
5,36.7570,1838,99,0,94.187691,0.941877,1.4988
5,36.7770,1839,99,0,94.195313,0.941953,1.4988
5,36.7970,1840,99,0,94.202927,0.942029,1.4988
5,36.8170,1841,99,0,94.210526,0.942105,1.4988
5,36.8370,1842,99,0,94.218109,0.942181,1.4988
5,36.8570,1843,99,0,94.225677,0.942257,1.4988
5,36.8770,1844,99,0,94.233231,0.942332,1.4988
5,36.8970,1845,99,0,94.240768,0.942408,1.4988
5,36.9170,1846,99,0,94.248283,0.942483,1.4988
5,36.9370,1847,99,0,94.255798,0.942558,1.4988
5,36.9570,1848,99,0,94.263290,0.942633,1.4988
5,36.9770,1849,99,0,94.270760,0.942708,1.4988
5,36.9970,1850,99,0,94.278229,0.942782,1.4988
5,37.0170,1851,99,0,94.285667,0.942857,1.4988
5,37.0370,1852,99,0,94.293098,0.942931,1.4988
5,37.0570,1853,99,0,94.300514,0.943005,1.4988
5,37.0770,1854,99,0,94.307915,0.943079,1.4988
5,37.0970,1855,99,0,94.315300,0.943153,1.4988
5,37.1170,1856,99,0,94.322670,0.943227,1.4988
5,37.1380,1857,99,0,94.330017,0.943300,1.4988
5,37.1570,1858,99,0,94.337357,0.943374,1.4988
5,37.1770,1859,99,0,94.344681,0.943447,1.4988
5,37.1970,1860,99,0,94.351990,0.943520,1.4988
5,37.2170,1861,99,0,94.359291,0.943593,1.4988
5,37.2370,1862,99,0,94.366577,0.943666,1.4988
5,37.2570,1863,99,0,94.373848,0.943738,1.4988
5,37.2770,1864,99,0,94.381096,0.943811,1.4988
5,37.2970,1865,99,0,94.388336,0.943883,1.4988
5,37.3170,1866,99,0,94.395561,0.943956,1.4988
5,37.3370,1867,99,0,94.402771,0.944028,1.4988
5,37.3570,1868,99,0,94.409966,0.944100,1.4988
5,37.3770,1869,99,0,94.417145,0.944171,1.4988
5,37.3970,1870,99,0,94.424301,0.944243,1.4988
5,37.4170,1871,99,0,94.431458,0.944315,1.4988
5,37.4370,1872,99,0,94.438599,0.944386,1.4988
5,37.4570,1873,99,0,94.445724,0.944457,1.4988
5,37.4770,1874,99,0,94.452835,0.944528,1.4988
5,37.4970,1875,99,0,94.459930,0.944599,1.4988
5,37.5170,1876,99,0,94.467010,0.944670,1.4988
5,37.5370,1877,99,0,94.474068,0.944741,1.4988
5,37.5570,1878,99,0,94.481125,0.944811,1.4988
5,37.5770,1879,99,0,94.488174,0.944882,1.4988
5,37.5970,1880,99,0,94.495193,0.944952,1.4988
5,37.6170,1881,99,0,94.502205,0.945022,1.4988
5,37.6380,1882,99,0,94.509201,0.945092,1.4988
5,37.6570,1883,99,0,94.516190,0.945162,1.4988
5,37.6770,1884,99,0,94.523155,0.945232,1.4988
5,37.6970,1885,99,0,94.530113,0.945301,1.4988
5,37.7170,1886,99,0,94.537056,0.945371,1.4988
5,37.7370,1887,99,0,94.543983,0.945440,1.4988
5,37.7570,1888,99,0,94.550888,0.945509,1.4988
5,37.7770,1889,99,0,94.557793,0.945578,1.4988
5,37.7970,1890,99,0,94.564682,0.945647,1.4988
5,37.8170,1891,99,0,94.571548,0.945715,1.4988
5,37.8370,1892,99,0,94.578407,0.945784,1.4988
5,37.8570,1893,99,0,94.585251,0.945853,1.4988
5,37.8770,1894,99,0,94.592079,0.945921,1.4988
5,37.8970,1895,99,0,94.598900,0.945989,1.4988
5,37.9170,1896,99,0,94.605705,0.946057,1.4988
5,37.9370,1897,99,0,94.612495,0.946125,1.4988
5,37.9570,1898,99,0,94.619270,0.946193,1.4988
5,37.9780,1899,99,0,94.626030,0.946260,1.4988
5,37.9970,1900,99,0,94.632774,0.946328,1.4988
5,38.0170,1901,99,0,94.639511,0.946395,1.4988
5,38.0370,1902,99,0,94.646240,0.946462,1.4988
5,38.0570,1903,99,0,94.652946,0.946529,1.4988
5,38.0770,1904,99,0,94.659637,0.946596,1.4988
5,38.0970,1905,99,0,94.666321,0.946663,1.4988
5,38.1170,1906,99,0,94.672989,0.946730,1.4988
5,38.1370,1907,99,0,94.679642,0.946796,1.4988
5,38.1570,1908,99,0,94.686279,0.946863,1.4988
5,38.1770,1909,99,0,94.692917,0.946929,1.4988
5,38.1970,1910,99,0,94.699532,0.946995,1.4988
5,38.2170,1911,99,0,94.706131,0.947061,1.4988
5,38.2370,1912,99,0,94.712715,0.947127,1.4988
5,38.2570,1913,99,0,94.719299,0.947193,1.4988
5,38.2770,1914,99,0,94.725853,0.947259,1.4988
5,38.2970,1915,99,0,94.732407,0.947324,1.4988
5,38.3170,1916,99,0,94.738945,0.947389,1.4988
5,38.3370,1917,99,0,94.745468,0.947455,1.4988
5,38.3570,1918,99,0,94.751976,0.947520,1.4988
5,38.3770,1919,99,0,94.758476,0.947585,1.4988
5,38.3970,1920,99,0,94.764961,0.947650,1.4988
5,38.4170,1921,99,0,94.771431,0.947714,1.4988
5,38.4370,1922,99,0,94.777885,0.947779,1.4988
5,38.4570,1923,99,0,94.784332,0.947843,1.4988
5,38.4780,1924,99,0,94.790764,0.947908,1.4988
5,38.4970,1925,99,0,94.797188,0.947972,1.4988
5,38.5170,1926,99,0,94.803604,0.948036,1.4988
5,38.5370,1927,99,0,94.809990,0.948100,1.4988
5,38.5570,1928,99,0,94.816376,0.948164,1.4988
5,38.5770,1929,99,0,94.822746,0.948227,1.4988
5,38.5970,1930,99,0,94.829094,0.948291,1.4988
5,38.6170,1931,99,0,94.835426,0.948354,1.4988
5,38.6370,1932,99,0,94.841766,0.948418,1.4988
5,38.6570,1933,99,0,94.848076,0.948481,1.4988
5,38.6770,1934,99,0,94.854393,0.948544,1.4988
5,38.6970,1935,99,0,94.860687,0.948607,1.4988
5,38.7170,1936,99,0,94.866959,0.948670,1.4988
5,38.7370,1937,99,0,94.873238,0.948732,1.4988
5,38.7570,1938,99,0,94.879494,0.948795,1.4988
5,38.7770,1939,99,0,94.885727,0.948857,1.4988
5,38.7970,1940,99,0,94.891960,0.948920,1.4988
5,38.8170,1941,99,0,94.898178,0.948982,1.4988
5,38.8370,1942,99,0,94.904381,0.949044,1.4988
5,38.8570,1943,99,0,94.910576,0.949106,1.4988
5,38.8770,1944,99,0,94.916756,0.949168,1.4988
5,38.8970,1945,99,0,94.922928,0.949229,1.4988
5,38.9170,1946,99,0,94.929085,0.949291,1.4988
5,38.9370,1947,99,0,94.935226,0.949352,1.4988
5,38.9570,1948,99,0,94.941345,0.949413,1.4988
5,38.9780,1949,99,0,94.947464,0.949475,1.4988
5,38.9970,1950,99,0,94.953568,0.949536,1.4988
5,39.0170,1951,99,0,94.959671,0.949597,1.4988
5,39.0370,1952,99,0,94.965744,0.949657,1.4988
5,39.0570,1953,99,0,94.971817,0.949718,1.4988
5,39.0770,1954,99,0,94.977882,0.949779,1.4988
5,39.0970,1955,99,0,94.983925,0.949839,1.4988
5,39.1170,1956,99,0,94.989960,0.949900,1.4988
5,39.1370,1957,99,0,94.995972,0.949960,1.4988
5,39.1570,1958,99,0,95.001984,0.950020,1.4988
5,39.1770,1959,99,0,95.007980,0.950080,1.4988
5,39.1970,1960,99,0,95.013969,0.950140,1.4988
5,39.2170,1961,99,0,95.019943,0.950199,1.4988
5,39.2370,1962,99,0,95.025902,0.950259,1.4988
5,39.2570,1963,99,0,95.031853,0.950319,1.4988
5,39.2770,1964,99,0,95.037788,0.950378,1.4988
5,39.2970,1965,99,0,95.043716,0.950437,1.4988
5,39.3170,1966,99,0,95.049629,0.950496,1.4988
5,39.3370,1967,99,0,95.055527,0.950555,1.4988
5,39.3570,1968,99,0,95.061417,0.950614,1.4988
5,39.3770,1969,99,0,95.067299,0.950673,1.4988
5,39.3970,1970,99,0,95.073166,0.950732,1.4988
5,39.4170,1971,99,0,95.079018,0.950790,1.4988
5,39.4370,1972,99,0,95.084862,0.950849,1.4988
5,39.4570,1973,99,0,95.090691,0.950907,1.4988
5,39.4780,1974,99,0,95.096512,0.950965,1.4988
5,39.4970,1975,99,0,95.102318,0.951023,1.4988
5,39.5170,1976,99,0,95.108116,0.951081,1.4988
5,39.5370,1977,99,0,95.113899,0.951139,1.4988
5,39.5570,1978,99,0,95.119675,0.951197,1.4988
5,39.5770,1979,99,0,95.125435,0.951254,1.4988
5,39.5970,1980,99,0,95.131187,0.951312,1.4988
5,39.6170,1981,99,0,95.136925,0.951369,1.4988
5,39.6370,1982,99,0,95.142654,0.951427,1.4988
5,39.6570,1983,99,0,95.148361,0.951484,1.4988
5,39.6770,1984,99,0,95.154076,0.951541,1.4988
5,39.6970,1985,99,0,95.159767,0.951598,1.4988
5,39.7170,1986,99,0,95.165443,0.951654,1.4988
5,39.7370,1987,99,0,95.171112,0.951711,1.4988
5,39.7570,1988,99,0,95.176773,0.951768,1.4988
5,39.7770,1989,99,0,95.182419,0.951824,1.4988
5,39.7970,1990,99,0,95.188057,0.951881,1.4988
5,39.8180,1991,99,0,95.193672,0.951937,1.4988
5,39.8370,1992,99,0,95.199295,0.951993,1.4988
5,39.8570,1993,99,0,95.204895,0.952049,1.4988
5,39.8770,1994,99,0,95.210480,0.952105,1.4988
5,39.8970,1995,99,0,95.216064,0.952161,1.4988
5,39.9170,1996,99,0,95.221634,0.952216,1.4988
5,39.9370,1997,99,0,95.227196,0.952272,1.4988
5,39.9570,1998,99,0,95.232735,0.952327,1.4988
5,39.9780,1999,99,0,95.238274,0.952383,1.4988
5,39.9970,2000,99,0,95.243797,0.952438,1.4988
5,40.0170,2001,99,0,95.249313,0.952493,1.4988
5,40.0370,2002,99,0,95.254814,0.952548,1.4988
5,40.0570,2003,99,0,95.260307,0.952603,1.4988
5,40.0770,2004,99,0,95.265785,0.952658,1.4988
5,40.0970,2005,99,0,95.271255,0.952713,1.4988
5,40.1170,2006,99,0,95.276718,0.952767,1.4988
5,40.1370,2007,99,0,95.282166,0.952822,1.4988
5,40.1570,2008,99,0,95.287605,0.952876,1.4988
5,40.1770,2009,99,0,95.293022,0.952930,1.4988
5,40.1970,2010,99,0,95.298439,0.952984,1.4988
5,40.2170,2011,99,0,95.303841,0.953038,1.4988
5,40.2370,2012,99,0,95.309235,0.953092,1.4988
5,40.2570,2013,99,0,95.314629,0.953146,1.4988
5,40.2770,2014,99,0,95.319992,0.953200,1.4988
5,40.2970,2015,99,0,95.325356,0.953254,1.4988
5,40.3180,2016,99,0,95.330704,0.953307,1.4988
5,40.3370,2017,99,0,95.336044,0.953360,1.4988
5,40.3570,2018,99,0,95.341377,0.953414,1.4988
5,40.3770,2019,99,0,95.346703,0.953467,1.4988
5,40.3970,2020,99,0,95.352013,0.953520,1.4988
5,40.4170,2021,99,0,95.357300,0.953573,1.4988
5,40.4370,2022,99,0,95.362587,0.953626,1.4988
5,40.4570,2023,99,0,95.367867,0.953679,1.4988
5,40.4770,2024,99,0,95.373131,0.953731,1.4988
5,40.4970,2025,99,0,95.378387,0.953784,1.4988
5,40.5170,2026,99,0,95.383629,0.953836,1.4988
5,40.5370,2027,99,0,95.388863,0.953889,1.4988
5,40.5570,2028,99,0,95.394089,0.953941,1.4988
5,40.5770,2029,99,0,95.399300,0.953993,1.4988
5,40.5970,2030,99,0,95.404503,0.954045,1.4988
5,40.6170,2031,99,0,95.409691,0.954097,1.4988
5,40.6370,2032,99,0,95.414879,0.954149,1.4988
5,40.6570,2033,99,0,95.420052,0.954201,1.4988
5,40.6770,2034,99,0,95.425209,0.954252,1.4988
5,40.6970,2035,99,0,95.430359,0.954304,1.4988
5,40.7170,2036,99,0,95.435501,0.954355,1.4988
5,40.7370,2037,99,0,95.440636,0.954406,1.4988
5,40.7570,2038,99,0,95.445755,0.954458,1.4988
5,40.7770,2039,99,0,95.450867,0.954509,1.4988
5,40.7970,2040,99,0,95.455963,0.954560,1.4988
5,40.8180,2041,99,0,95.461052,0.954611,1.4988
5,40.8370,2042,99,0,95.466133,0.954661,1.4988
5,40.8570,2043,99,0,95.471199,0.954712,1.4988
5,40.8770,2044,99,0,95.476257,0.954763,1.4988
5,40.8970,2045,99,0,95.481308,0.954813,1.4988
5,40.9170,2046,99,0,95.486343,0.954863,1.4988
5,40.9370,2047,99,0,95.491371,0.954914,1.4988
5,40.9570,2048,99,0,95.496384,0.954964,1.4988
5,40.9770,2049,99,0,95.501404,0.955014,1.4988
5,40.9970,2050,99,0,95.506393,0.955064,1.4988
5,41.0170,2051,99,0,95.511383,0.955114,1.4988
5,41.0370,2052,99,0,95.516373,0.955164,1.4988
5,41.0570,2053,99,0,95.521332,0.955213,1.4988
5,41.0770,2054,99,0,95.526291,0.955263,1.4988
5,41.0970,2055,99,0,95.531242,0.955312,1.4988
5,41.1170,2056,99,0,95.536179,0.955362,1.4988
5,41.1370,2057,99,0,95.541107,0.955411,1.4988
5,41.1580,2058,99,0,95.546028,0.955460,1.4988
5,41.1770,2059,99,0,95.550949,0.955509,1.4988
5,41.1970,2060,99,0,95.555840,0.955558,1.4988
5,41.2170,2061,99,0,95.560730,0.955607,1.4988
5,41.2370,2062,99,0,95.565613,0.955656,1.4988
5,41.2570,2063,99,0,95.570480,0.955705,1.4988
5,41.2770,2064,99,0,95.575340,0.955753,1.4988
5,41.2970,2065,99,0,95.580193,0.955802,1.4988
5,41.3180,2066,99,0,95.585037,0.955850,1.4988
5,41.3370,2067,99,0,95.589867,0.955899,1.4988
5,41.3570,2068,99,0,95.594688,0.955947,1.4988
5,41.3770,2069,99,0,95.599503,0.955995,1.4988
5,41.3970,2070,99,0,95.604309,0.956043,1.4988
5,41.4170,2071,99,0,95.609100,0.956091,1.4988
5,41.4370,2072,99,0,95.613884,0.956139,1.4988
5,41.4570,2073,99,0,95.618660,0.956187,1.4988
5,41.4770,2074,99,0,95.623421,0.956234,1.4988
5,41.4970,2075,99,0,95.628166,0.956282,1.4988
5,41.5170,2076,99,0,95.632912,0.956329,1.4988
5,41.5370,2077,99,0,95.637650,0.956376,1.4988
5,41.5570,2078,99,0,95.642372,0.956424,1.4988
5,41.5770,2079,99,0,95.647095,0.956471,1.4988
5,41.5970,2080,99,0,95.651802,0.956518,1.4988
5,41.6170,2081,99,0,95.656494,0.956565,1.4988
5,41.6370,2082,99,0,95.661194,0.956612,1.4988
5,41.6580,2083,99,0,95.665863,0.956659,1.4988
5,41.6770,2084,99,0,95.670540,0.956705,1.4988
5,41.6970,2085,99,0,95.675194,0.956752,1.4988
5,41.7170,2086,99,0,95.679848,0.956798,1.4988
5,41.7370,2087,99,0,95.684486,0.956845,1.4988
5,41.7570,2088,99,0,95.689125,0.956891,1.4988
5,41.7770,2089,99,0,95.693748,0.956937,1.4988
5,41.7970,2090,99,0,95.698357,0.956984,1.4988
5,41.8180,2091,99,0,95.702957,0.957030,1.4988
5,41.8370,2092,99,0,95.707558,0.957076,1.4988
5,41.8570,2093,99,0,95.712135,0.957121,1.4988
5,41.8770,2094,99,0,95.716721,0.957167,1.4988
5,41.8970,2095,99,0,95.721291,0.957213,1.4988
5,41.9170,2096,99,0,95.725853,0.957259,1.4988
5,41.9370,2097,99,0,95.730392,0.957304,1.4988
5,41.9570,2098,99,0,95.734932,0.957349,1.4988
5,41.9770,2099,99,0,95.739471,0.957395,1.4988
5,41.9970,2100,99,0,95.743996,0.957440,1.4988
5,42.0170,2101,99,0,95.748512,0.957485,1.4988
5,42.0370,2102,99,0,95.753014,0.957530,1.4988
5,42.0570,2103,99,0,95.757507,0.957575,1.4988
5,42.0770,2104,99,0,95.761993,0.957620,1.4988
5,42.0970,2105,99,0,95.766472,0.957665,1.4988
5,42.1170,2106,99,0,95.770943,0.957709,1.4988
5,42.1370,2107,99,0,95.775406,0.957754,1.4988
5,42.1580,2108,99,0,95.779846,0.957798,1.4988
5,42.1770,2109,99,0,95.784286,0.957843,1.4988
5,42.1970,2110,99,0,95.788719,0.957887,1.4988
5,42.2170,2111,99,0,95.793144,0.957931,1.4988
5,42.2370,2112,99,0,95.797562,0.957976,1.4988
5,42.2570,2113,99,0,95.801971,0.958020,1.4988
5,42.2770,2114,99,0,95.806366,0.958064,1.4988
5,42.2970,2115,99,0,95.810753,0.958108,1.4988
5,42.3170,2116,99,0,95.815132,0.958151,1.4988
5,42.3370,2117,99,0,95.819504,0.958195,1.4988
5,42.3570,2118,99,0,95.823868,0.958239,1.4988
5,42.3770,2119,99,0,95.828224,0.958282,1.4988
5,42.3970,2120,99,0,95.832573,0.958326,1.4988
5,42.4170,2121,99,0,95.836906,0.958369,1.4988
5,42.4370,2122,99,0,95.841232,0.958412,1.4988
5,42.4570,2123,99,0,95.845551,0.958456,1.4988
5,42.4770,2124,99,0,95.849861,0.958499,1.4988
5,42.4970,2125,99,0,95.854156,0.958542,1.4988
5,42.5170,2126,99,0,95.858459,0.958585,1.4988
5,42.5370,2127,99,0,95.862740,0.958627,1.4988
5,42.5570,2128,99,0,95.867012,0.958670,1.4988
5,42.5770,2129,99,0,95.871277,0.958713,1.4988
5,42.5970,2130,99,0,95.875534,0.958755,1.4988
5,42.6170,2131,99,0,95.879784,0.958798,1.4988
5,42.6370,2132,99,0,95.884026,0.958840,1.4988
5,42.6580,2133,99,0,95.888260,0.958883,1.4988
5,42.6770,2134,99,0,95.892487,0.958925,1.4988
5,42.6970,2135,99,0,95.896706,0.958967,1.4988
5,42.7170,2136,99,0,95.900917,0.959009,1.4988
5,42.7370,2137,99,0,95.905113,0.959051,1.4988
5,42.7570,2138,99,0,95.909302,0.959093,1.4988
5,42.7770,2139,99,0,95.913483,0.959135,1.4988
5,42.7970,2140,99,0,95.917656,0.959177,1.4988
5,42.8170,2141,99,0,95.921822,0.959218,1.4988
5,42.8370,2142,99,0,95.925980,0.959260,1.4988
5,42.8570,2143,99,0,95.930138,0.959301,1.4988
5,42.8770,2144,99,0,95.934273,0.959343,1.4988
5,42.8970,2145,99,0,95.938408,0.959384,1.4988
5,42.9170,2146,99,0,95.942535,0.959425,1.4988
5,42.9370,2147,99,0,95.946648,0.959466,1.4988
5,42.9570,2148,99,0,95.950760,0.959508,1.4988
5,42.9770,2149,99,0,95.954865,0.959549,1.4988
5,42.9980,2150,99,0,95.958954,0.959590,1.4988
5,43.0170,2151,99,0,95.963028,0.959630,1.4988
5,43.0370,2152,99,0,95.967110,0.959671,1.4988
5,43.0570,2153,99,0,95.971169,0.959712,1.4988
5,43.0770,2154,99,0,95.975235,0.959752,1.4988
5,43.0970,2155,99,0,95.979279,0.959793,1.4988
5,43.1170,2156,99,0,95.983322,0.959833,1.4988
5,43.1370,2157,99,0,95.987366,0.959874,1.4988
5,43.1580,2158,99,0,95.991394,0.959914,1.4988
5,43.1770,2159,99,0,95.995415,0.959954,1.4988
5,43.1970,2160,99,0,95.999428,0.959994,1.4988
5,43.2170,2161,99,0,96.003433,0.960034,1.4988
5,43.2370,2162,99,0,96.007431,0.960074,1.4988
5,43.2570,2163,99,0,96.011421,0.960114,1.4988
5,43.2770,2164,99,0,96.015404,0.960154,1.4988
5,43.2970,2165,99,0,96.019363,0.960194,1.4988
5,43.3170,2166,99,0,96.023323,0.960233,1.4988
5,43.3370,2167,99,0,96.027275,0.960273,1.4988
5,43.3570,2168,99,0,96.031219,0.960312,1.4988
5,43.3770,2169,99,0,96.035156,0.960352,1.4988
5,43.3970,2170,99,0,96.039085,0.960391,1.4988
5,43.4170,2171,99,0,96.043007,0.960430,1.4988
5,43.4370,2172,99,0,96.046921,0.960469,1.4988
5,43.4570,2173,99,0,96.050827,0.960508,1.4988
5,43.4770,2174,99,0,96.054726,0.960547,1.4988
5,43.4980,2175,99,0,96.058617,0.960586,1.4988
5,43.5170,2176,99,0,96.062500,0.960625,1.4988
5,43.5370,2177,99,0,96.066376,0.960664,1.4988
5,43.5570,2178,99,0,96.070244,0.960702,1.4988
5,43.5770,2179,99,0,96.074104,0.960741,1.4988
5,43.5970,2180,99,0,96.077957,0.960780,1.4988
5,43.6170,2181,99,0,96.081802,0.960818,1.4988
5,43.6370,2182,99,0,96.085640,0.960856,1.4988
5,43.6580,2183,99,0,96.089470,0.960895,1.4988
5,43.6770,2184,99,0,96.093292,0.960933,1.4988
5,43.6970,2185,99,0,96.097107,0.960971,1.4988
5,43.7170,2186,99,0,96.100914,0.961009,1.4988
5,43.7370,2187,99,0,96.104713,0.961047,1.4988
5,43.7570,2188,99,0,96.108498,0.961085,1.4988
5,43.7770,2189,99,0,96.112282,0.961123,1.4988
5,43.7970,2190,99,0,96.116058,0.961161,1.4988
5,43.8170,2191,99,0,96.119827,0.961198,1.4988
5,43.8370,2192,99,0,96.123596,0.961236,1.4988
5,43.8570,2193,99,0,96.127350,0.961273,1.4988
5,43.8770,2194,99,0,96.131088,0.961311,1.4988
5,43.8970,2195,99,0,96.134827,0.961348,1.4988
5,43.9170,2196,99,0,96.138565,0.961386,1.4988
5,43.9370,2197,99,0,96.142288,0.961423,1.4988
5,43.9570,2198,99,0,96.145996,0.961460,1.4988
5,43.9770,2199,99,0,96.149704,0.961497,1.4988
5,43.9980,2200,99,0,96.153404,0.961534,1.4988
5,44.0170,2201,99,0,96.157097,0.961571,1.4988
5,44.0370,2202,99,0,96.160782,0.961608,1.4988
5,44.0570,2203,99,0,96.164459,0.961645,1.4988
5,44.0770,2204,99,0,96.168129,0.961681,1.4988
5,44.0970,2205,99,0,96.171791,0.961718,1.4988
5,44.1170,2206,99,0,96.175446,0.961754,1.4988
5,44.1370,2207,99,0,96.179100,0.961791,1.4988
5,44.1580,2208,99,0,96.182747,0.961827,1.4988
5,44.1770,2209,99,0,96.186386,0.961864,1.4988
5,44.1970,2210,99,0,96.190018,0.961900,1.4988
5,44.2170,2211,99,0,96.193642,0.961936,1.4988
5,44.2370,2212,99,0,96.197258,0.961973,1.4988
5,44.2570,2213,99,0,96.200867,0.962009,1.4988
5,44.2770,2214,99,0,96.204460,0.962045,1.4988
5,44.2970,2215,99,0,96.208054,0.962081,1.4988
5,44.3170,2216,99,0,96.211647,0.962116,1.4988
5,44.3370,2217,99,0,96.215225,0.962152,1.4988
5,44.3570,2218,99,0,96.218788,0.962188,1.4988
5,44.3770,2219,99,0,96.222359,0.962224,1.4988
5,44.3970,2220,99,0,96.225906,0.962259,1.4988
5,44.4170,2221,99,0,96.229454,0.962295,1.4988
5,44.4370,2222,99,0,96.233002,0.962330,1.4988
5,44.4570,2223,99,0,96.236526,0.962365,1.4988
5,44.4770,2224,99,0,96.240059,0.962401,1.4988
5,44.4980,2225,99,0,96.243584,0.962436,1.4988
5,44.5170,2226,99,0,96.247108,0.962471,1.4988
5,44.5370,2227,99,0,96.250610,0.962506,1.4988
5,44.5570,2228,99,0,96.254120,0.962541,1.4988
5,44.5770,2229,99,0,96.257607,0.962576,1.4988
5,44.5970,2230,99,0,96.261101,0.962611,1.4988
5,44.6170,2231,99,0,96.264580,0.962646,1.4988
5,44.6370,2232,99,0,96.268051,0.962681,1.4988
5,44.6570,2233,99,0,96.271515,0.962715,1.4988
5,44.6770,2234,99,0,96.274963,0.962750,1.4988
5,44.6970,2235,99,0,96.278412,0.962784,1.4988
5,44.7170,2236,99,0,96.281860,0.962819,1.4988
5,44.7370,2237,99,0,96.285309,0.962853,1.4988
5,44.7570,2238,99,0,96.288742,0.962887,1.4988
5,44.7770,2239,99,0,96.292160,0.962922,1.4988
5,44.7970,2240,99,0,96.295578,0.962956,1.4988
5,44.8170,2241,99,0,96.298988,0.962990,1.4988
5,44.8380,2242,99,0,96.302391,0.963024,1.4988
5,44.8570,2243,99,0,96.305786,0.963058,1.4988
5,44.8770,2244,99,0,96.309174,0.963092,1.4988
5,44.8970,2245,99,0,96.312553,0.963126,1.4988
5,44.9170,2246,99,0,96.315933,0.963159,1.4988
5,44.9370,2247,99,0,96.319305,0.963193,1.4988
5,44.9570,2248,99,0,96.322670,0.963227,1.4988
5,44.9770,2249,99,0,96.326027,0.963260,1.4988
5,44.9980,2250,99,0,96.329376,0.963294,1.4988
5,45.0170,2251,99,0,96.332718,0.963327,1.4988
5,45.0370,2252,99,0,96.336052,0.963361,1.4988
5,45.0570,2253,99,0,96.339378,0.963394,1.4988
5,45.0770,2254,99,0,96.342705,0.963427,1.4988
5,45.0970,2255,99,0,96.346024,0.963460,1.4988
5,45.1170,2256,99,0,96.349335,0.963493,1.4988
5,45.1370,2257,99,0,96.352638,0.963526,1.4988
5,45.1570,2258,99,0,96.355934,0.963559,1.4988
5,45.1770,2259,99,0,96.359222,0.963592,1.4988
5,45.1970,2260,99,0,96.362503,0.963625,1.4988
5,45.2170,2261,99,0,96.365776,0.963658,1.4988
5,45.2370,2262,99,0,96.369049,0.963690,1.4988
5,45.2570,2263,99,0,96.372314,0.963723,1.4988
5,45.2770,2264,99,0,96.375572,0.963756,1.4988
5,45.2970,2265,99,0,96.378822,0.963788,1.4988
5,45.3170,2266,99,0,96.382065,0.963821,1.4988
5,45.3380,2267,99,0,96.385300,0.963853,1.4988
5,45.3570,2268,99,0,96.388535,0.963885,1.4988
5,45.3770,2269,99,0,96.391762,0.963918,1.4988
5,45.3970,2270,99,0,96.394981,0.963950,1.4988
5,45.4170,2271,99,0,96.398193,0.963982,1.4988
5,45.4370,2272,99,0,96.401390,0.964014,1.4988
5,45.4570,2273,99,0,96.404587,0.964046,1.4988
5,45.4770,2274,99,0,96.407776,0.964078,1.4988
5,45.4980,2275,99,0,96.410965,0.964110,1.4988
5,45.5170,2276,99,0,96.414154,0.964142,1.4988
5,45.5370,2277,99,0,96.417320,0.964173,1.4988
5,45.5570,2278,99,0,96.420494,0.964205,1.4988
5,45.5770,2279,99,0,96.423645,0.964236,1.4988
5,45.5970,2280,99,0,96.426796,0.964268,1.4988
5,45.6170,2281,99,0,96.429947,0.964299,1.4988
5,45.6370,2282,99,0,96.433098,0.964331,1.4988
5,45.6570,2283,99,0,96.436226,0.964362,1.4988
5,45.6770,2284,99,0,96.439362,0.964394,1.4988
5,45.6970,2285,99,0,96.442474,0.964425,1.4988
5,45.7170,2286,99,0,96.445595,0.964456,1.4988
5,45.7370,2287,99,0,96.448708,0.964487,1.4988
5,45.7570,2288,99,0,96.451813,0.964518,1.4988
5,45.7770,2289,99,0,96.454910,0.964549,1.4988
5,45.7970,2290,99,0,96.458000,0.964580,1.4988
5,45.8170,2291,99,0,96.461090,0.964611,1.4988
5,45.8380,2292,99,0,96.464172,0.964642,1.4988
5,45.8570,2293,99,0,96.467239,0.964672,1.4988
5,45.8770,2294,99,0,96.470306,0.964703,1.4988
5,45.8970,2295,99,0,96.473366,0.964734,1.4988
5,45.9170,2296,99,0,96.476418,0.964764,1.4988
5,45.9370,2297,99,0,96.479469,0.964795,1.4988
5,45.9570,2298,99,0,96.482513,0.964825,1.4988
5,45.9770,2299,99,0,96.485550,0.964855,1.4988
5,45.9970,2300,99,0,96.488579,0.964886,1.4988
5,46.0170,2301,99,0,96.491600,0.964916,1.4988
5,46.0370,2302,99,0,96.494621,0.964946,1.4988
5,46.0570,2303,99,0,96.497635,0.964976,1.4988
5,46.0770,2304,99,0,96.500641,0.965006,1.4988
5,46.0970,2305,99,0,96.503647,0.965036,1.4988
5,46.1170,2306,99,0,96.506630,0.965066,1.4988
5,46.1370,2307,99,0,96.509621,0.965096,1.4988
5,46.1570,2308,99,0,96.512604,0.965126,1.4988
5,46.1770,2309,99,0,96.515579,0.965156,1.4988
5,46.1970,2310,99,0,96.518539,0.965185,1.4988
5,46.2170,2311,99,0,96.521515,0.965215,1.4988
5,46.2370,2312,99,0,96.524475,0.965245,1.4988
5,46.2570,2313,99,0,96.527428,0.965274,1.4988
5,46.2770,2314,99,0,96.530373,0.965304,1.4988
5,46.2970,2315,99,0,96.533310,0.965333,1.4988
5,46.3170,2316,99,0,96.536240,0.965362,1.4988
5,46.3380,2317,99,0,96.539177,0.965392,1.4988
5,46.3570,2318,99,0,96.542091,0.965421,1.4988
5,46.3770,2319,99,0,96.545013,0.965450,1.4988
5,46.3970,2320,99,0,96.547928,0.965479,1.4988
5,46.4170,2321,99,0,96.550835,0.965508,1.4988
5,46.4370,2322,99,0,96.553734,0.965537,1.4988
5,46.4570,2323,99,0,96.556625,0.965566,1.4988
5,46.4770,2324,99,0,96.559517,0.965595,1.4988
5,46.4970,2325,99,0,96.562401,0.965624,1.4988
5,46.5170,2326,99,0,96.565277,0.965653,1.4988
5,46.5370,2327,99,0,96.568146,0.965681,1.4988
5,46.5570,2328,99,0,96.571007,0.965710,1.4988
5,46.5770,2329,99,0,96.573875,0.965739,1.4988
5,46.5970,2330,99,0,96.576729,0.965767,1.4988
5,46.6170,2331,99,0,96.579567,0.965796,1.4988
5,46.6370,2332,99,0,96.582413,0.965824,1.4988
5,46.6570,2333,99,0,96.585258,0.965853,1.4988
5,46.6780,2334,99,0,96.588089,0.965881,1.4988
5,46.6970,2335,99,0,96.590912,0.965909,1.4988
5,46.7170,2336,99,0,96.593727,0.965937,1.4988
5,46.7370,2337,99,0,96.596542,0.965965,1.4988
5,46.7570,2338,99,0,96.599358,0.965994,1.4988
5,46.7770,2339,99,0,96.602158,0.966022,1.4988
5,46.7970,2340,99,0,96.604958,0.966050,1.4988
5,46.8170,2341,99,0,96.607750,0.966077,1.4988
5,46.8380,2342,99,0,96.610535,0.966105,1.4988
5,46.8570,2343,99,0,96.613312,0.966133,1.4988
5,46.8770,2344,99,0,96.616089,0.966161,1.4988
5,46.8970,2345,99,0,96.618858,0.966189,1.4988
5,46.9170,2346,99,0,96.621620,0.966216,1.4988
5,46.9370,2347,99,0,96.624382,0.966244,1.4988
5,46.9570,2348,99,0,96.627136,0.966271,1.4988
5,46.9770,2349,99,0,96.629883,0.966299,1.4988
5,46.9970,2350,99,0,96.632607,0.966326,1.4988
5,47.0170,2351,99,0,96.635345,0.966353,1.4988
5,47.0370,2352,99,0,96.638077,0.966381,1.4988
5,47.0570,2353,99,0,96.640800,0.966408,1.4988
5,47.0770,2354,99,0,96.643532,0.966435,1.4988
5,47.0970,2355,99,0,96.646240,0.966462,1.4988
5,47.1170,2356,99,0,96.648949,0.966489,1.4988
5,47.1370,2357,99,0,96.651649,0.966516,1.4988
5,47.1580,2358,99,0,96.654350,0.966544,1.4988
5,47.1780,2359,99,0,96.657051,0.966571,1.4988
5,47.1970,2360,99,0,96.659729,0.966597,1.4988
5,47.2170,2361,99,0,96.662415,0.966624,1.4988
5,47.2370,2362,99,0,96.665092,0.966651,1.4988
5,47.2570,2363,99,0,96.667770,0.966678,1.4988
5,47.2770,2364,99,0,96.670425,0.966704,1.4988
5,47.2970,2365,99,0,96.673088,0.966731,1.4988
5,47.3170,2366,99,0,96.675751,0.966758,1.4988
5,47.3380,2367,99,0,96.678391,0.966784,1.4988
5,47.3570,2368,99,0,96.681038,0.966810,1.4988
5,47.3770,2369,99,0,96.683685,0.966837,1.4988
5,47.3970,2370,99,0,96.686310,0.966863,1.4988
5,47.4170,2371,99,0,96.688942,0.966889,1.4988
5,47.4370,2372,99,0,96.691574,0.966916,1.4988
5,47.4570,2373,99,0,96.694183,0.966942,1.4988
5,47.4770,2374,99,0,96.696800,0.966968,1.4988
5,47.4970,2375,99,0,96.699409,0.966994,1.4988
5,47.5170,2376,99,0,96.702011,0.967020,1.4988
5,47.5370,2377,99,0,96.704605,0.967046,1.4988
5,47.5570,2378,99,0,96.707207,0.967072,1.4988
5,47.5770,2379,99,0,96.709785,0.967098,1.4988
5,47.5970,2380,99,0,96.712372,0.967124,1.4988
5,47.6170,2381,99,0,96.714943,0.967149,1.4988
5,47.6370,2382,99,0,96.717522,0.967175,1.4988
5,47.6570,2383,99,0,96.720078,0.967201,1.4988
5,47.6780,2384,99,0,96.722641,0.967226,1.4988
5,47.6970,2385,99,0,96.725197,0.967252,1.4988
5,47.7170,2386,99,0,96.727745,0.967277,1.4988
5,47.7370,2387,99,0,96.730293,0.967303,1.4988
5,47.7570,2388,99,0,96.732834,0.967328,1.4988
5,47.7770,2389,99,0,96.735367,0.967354,1.4988
5,47.7970,2390,99,0,96.737900,0.967379,1.4988
5,47.8170,2391,99,0,96.740425,0.967404,1.4988
5,47.8380,2392,99,0,96.742943,0.967429,1.4988
5,47.8570,2393,99,0,96.745461,0.967455,1.4988
5,47.8770,2394,99,0,96.747971,0.967480,1.4988
5,47.8970,2395,99,0,96.750473,0.967505,1.4988
5,47.9170,2396,99,0,96.752975,0.967530,1.4988
5,47.9370,2397,99,0,96.755470,0.967555,1.4988
5,47.9570,2398,99,0,96.757957,0.967580,1.4988
5,47.9770,2399,99,0,96.760445,0.967604,1.4988
5,47.9970,2400,99,0,96.762917,0.967629,1.4988
5,48.0170,2401,99,0,96.765404,0.967654,1.4988
5,48.0370,2402,99,0,96.767876,0.967679,1.4988
5,48.0570,2403,99,0,96.770340,0.967703,1.4988
5,48.0770,2404,99,0,96.772804,0.967728,1.4988
5,48.0970,2405,99,0,96.775253,0.967753,1.4988
5,48.1170,2406,99,0,96.777710,0.967777,1.4988
5,48.1370,2407,99,0,96.780159,0.967802,1.4988
5,48.1570,2408,99,0,96.782600,0.967826,1.4988
5,48.1770,2409,99,0,96.785034,0.967850,1.4988
5,48.1970,2410,99,0,96.787468,0.967875,1.4988
5,48.2170,2411,99,0,96.789894,0.967899,1.4988
5,48.2370,2412,99,0,96.792305,0.967923,1.4988
5,48.2570,2413,99,0,96.794731,0.967947,1.4988
5,48.2770,2414,99,0,96.797142,0.967971,1.4988
5,48.2970,2415,99,0,96.799553,0.967996,1.4988
5,48.3170,2416,99,0,96.801956,0.968020,1.4988
5,48.3370,2417,99,0,96.804352,0.968044,1.4988
5,48.3570,2418,99,0,96.806747,0.968067,1.4988
5,48.3770,2419,99,0,96.809128,0.968091,1.4988
5,48.3970,2420,99,0,96.811508,0.968115,1.4988
5,48.4170,2421,99,0,96.813889,0.968139,1.4988
5,48.4370,2422,99,0,96.816269,0.968163,1.4988
5,48.4570,2423,99,0,96.818634,0.968186,1.4988
5,48.4770,2424,99,0,96.821007,0.968210,1.4988
5,48.4970,2425,99,0,96.823364,0.968234,1.4988
5,48.5170,2426,99,0,96.825722,0.968257,1.4988
5,48.5370,2427,99,0,96.828072,0.968281,1.4988
5,48.5570,2428,99,0,96.830414,0.968304,1.4988
5,48.5770,2429,99,0,96.832756,0.968328,1.4988
5,48.5970,2430,99,0,96.835091,0.968351,1.4988
5,48.6170,2431,99,0,96.837425,0.968374,1.4988
5,48.6370,2432,99,0,96.839752,0.968398,1.4988
5,48.6570,2433,99,0,96.842072,0.968421,1.4988
5,48.6770,2434,99,0,96.844391,0.968444,1.4988
5,48.6970,2435,99,0,96.846703,0.968467,1.4988
5,48.7170,2436,99,0,96.849014,0.968490,1.4988
5,48.7370,2437,99,0,96.851318,0.968513,1.4988
5,48.7570,2438,99,0,96.853615,0.968536,1.4988
5,48.7770,2439,99,0,96.855911,0.968559,1.4988
5,48.7970,2440,99,0,96.858200,0.968582,1.4988
5,48.8170,2441,99,0,96.860489,0.968605,1.4988
5,48.8370,2442,99,0,96.862770,0.968628,1.4988
5,48.8570,2443,99,0,96.865036,0.968650,1.4988
5,48.8770,2444,99,0,96.867310,0.968673,1.4988
5,48.8970,2445,99,0,96.869583,0.968696,1.4988
5,48.9170,2446,99,0,96.871841,0.968718,1.4988
5,48.9370,2447,99,0,96.874100,0.968741,1.4988
5,48.9570,2448,99,0,96.876358,0.968764,1.4988
5,48.9770,2449,99,0,96.878601,0.968786,1.4988
5,48.9970,2450,99,0,96.880844,0.968808,1.4988
5,49.0170,2451,99,0,96.883095,0.968831,1.4988
5,49.0370,2452,99,0,96.885330,0.968853,1.4988
5,49.0570,2453,99,0,96.887558,0.968876,1.4988
5,49.0770,2454,99,0,96.889786,0.968898,1.4988
5,49.0970,2455,99,0,96.892006,0.968920,1.4988
5,49.1170,2456,99,0,96.894218,0.968942,1.4988
5,49.1370,2457,99,0,96.896431,0.968964,1.4988
5,49.1570,2458,99,0,96.898643,0.968986,1.4988
5,49.1780,2459,99,0,96.900856,0.969009,1.4988
5,49.1970,2460,99,0,96.903053,0.969031,1.4988
5,49.2170,2461,99,0,96.905251,0.969053,1.4988
5,49.2370,2462,99,0,96.907440,0.969074,1.4988
5,49.2570,2463,99,0,96.909622,0.969096,1.4988
5,49.2770,2464,99,0,96.911804,0.969118,1.4988
5,49.2970,2465,99,0,96.913979,0.969140,1.4988
5,49.3170,2466,99,0,96.916153,0.969162,1.4988
5,49.3370,2467,99,0,96.918320,0.969183,1.4988
5,49.3570,2468,99,0,96.920486,0.969205,1.4988
5,49.3770,2469,99,0,96.922646,0.969226,1.4988
5,49.3970,2470,99,0,96.924805,0.969248,1.4988
5,49.4170,2471,99,0,96.926956,0.969270,1.4988
5,49.4370,2472,99,0,96.929108,0.969291,1.4988
5,49.4570,2473,99,0,96.931252,0.969313,1.4988
5,49.4770,2474,99,0,96.933388,0.969334,1.4988
5,49.4970,2475,99,0,96.935524,0.969355,1.4988
5,49.5180,2476,99,0,96.937653,0.969377,1.4988
5,49.5370,2477,99,0,96.939781,0.969398,1.4988
5,49.5570,2478,99,0,96.941902,0.969419,1.4988
5,49.5770,2479,99,0,96.944023,0.969440,1.4988
5,49.5970,2480,99,0,96.946136,0.969461,1.4988
5,49.6170,2481,99,0,96.948242,0.969482,1.4988
5,49.6370,2482,99,0,96.950348,0.969503,1.4988
5,49.6570,2483,99,0,96.952446,0.969524,1.4988
5,49.6780,2484,99,0,96.954544,0.969545,1.4988
5,49.6970,2485,99,0,96.956635,0.969566,1.4988
5,49.7170,2486,99,0,96.958725,0.969587,1.4988
5,49.7370,2487,99,0,96.960808,0.969608,1.4988
5,49.7570,2488,99,0,96.962891,0.969629,1.4988
5,49.7770,2489,99,0,96.964966,0.969650,1.4988
5,49.7970,2490,99,0,96.967041,0.969670,1.4988
5,49.8170,2491,99,0,96.969109,0.969691,1.4988
5,49.8370,2492,99,0,96.971169,0.969712,1.4988
5,49.8580,2493,99,0,96.973228,0.969732,1.4988
5,49.8770,2494,99,0,96.975281,0.969753,1.4988
5,49.8970,2495,99,0,96.977333,0.969773,1.4988
5,49.9170,2496,99,0,96.979378,0.969794,1.4988
5,49.9370,2497,99,0,96.981422,0.969814,1.4988
5,49.9570,2498,99,0,96.983459,0.969835,1.4988
5,49.9770,2499,99,0,96.985497,0.969855,1.4988
5,49.9970,2500,99,0,96.987526,0.969875,1.4988
5,50.0170,2501,99,0,96.989555,0.969896,1.4988
5,50.0370,2502,99,0,96.991577,0.969916,1.4988
5,50.0570,2503,99,0,96.993599,0.969936,1.4988
5,50.0770,2504,99,0,96.995613,0.969956,1.4988
5,50.0970,2505,99,0,96.997627,0.969976,1.4988
5,50.1170,2506,99,0,96.999634,0.969996,1.4988
5,50.1370,2507,99,0,97.001633,0.970016,1.4988
5,50.1570,2508,99,0,97.003632,0.970036,1.4988
5,50.1770,2509,99,0,97.005623,0.970056,1.4988
5,50.1970,2510,99,0,97.007614,0.970076,1.4988
5,50.2170,2511,99,0,97.009598,0.970096,1.4988
5,50.2370,2512,99,0,97.011581,0.970116,1.4988
5,50.2570,2513,99,0,97.013557,0.970136,1.4988
5,50.2770,2514,99,0,97.015533,0.970155,1.4988
5,50.2970,2515,99,0,97.017502,0.970175,1.4988
5,50.3170,2516,99,0,97.019470,0.970195,1.4988
5,50.3370,2517,99,0,97.021431,0.970214,1.4988
5,50.3570,2518,99,0,97.023392,0.970234,1.4988
5,50.3770,2519,99,0,97.025345,0.970253,1.4988
5,50.3970,2520,99,0,97.027298,0.970273,1.4988
5,50.4170,2521,99,0,97.029243,0.970292,1.4988
5,50.4370,2522,99,0,97.031189,0.970312,1.4988
5,50.4570,2523,99,0,97.033127,0.970331,1.4988
5,50.4770,2524,99,0,97.035065,0.970351,1.4988
5,50.4970,2525,99,0,97.036995,0.970370,1.4988
5,50.5170,2526,99,0,97.038925,0.970389,1.4988
5,50.5370,2527,99,0,97.040848,0.970408,1.4988
5,50.5570,2528,99,0,97.042770,0.970428,1.4988
5,50.5770,2529,99,0,97.044685,0.970447,1.4988
5,50.5970,2530,99,0,97.046600,0.970466,1.4988
5,50.6170,2531,99,0,97.048508,0.970485,1.4988
5,50.6370,2532,99,0,97.050415,0.970504,1.4988
5,50.6570,2533,99,0,97.052315,0.970523,1.4988
5,50.6770,2534,99,0,97.054214,0.970542,1.4988
5,50.6970,2535,99,0,97.056107,0.970561,1.4988
5,50.7170,2536,99,0,97.057999,0.970580,1.4988
5,50.7370,2537,99,0,97.059883,0.970599,1.4988
5,50.7570,2538,99,0,97.061768,0.970618,1.4988
5,50.7770,2539,99,0,97.063644,0.970636,1.4988
5,50.7970,2540,99,0,97.065521,0.970655,1.4988
5,50.8170,2541,99,0,97.067390,0.970674,1.4988
5,50.8370,2542,99,0,97.069260,0.970693,1.4988
5,50.8570,2543,99,0,97.071121,0.970711,1.4988
5,50.8770,2544,99,0,97.072983,0.970730,1.4988
5,50.8970,2545,99,0,97.074837,0.970748,1.4988
5,50.9170,2546,99,0,97.076691,0.970767,1.4988
5,50.9370,2547,99,0,97.078529,0.970785,1.4988
5,50.9570,2548,99,0,97.080376,0.970804,1.4988
5,50.9770,2549,99,0,97.082214,0.970822,1.4988
5,50.9970,2550,99,0,97.084053,0.970841,1.4988
5,51.0180,2551,99,0,97.085884,0.970859,1.4988
5,51.0370,2552,99,0,97.087723,0.970877,1.4988
5,51.0570,2553,99,0,97.089539,0.970895,1.4988
5,51.0770,2554,99,0,97.091370,0.970914,1.4988
5,51.0970,2555,99,0,97.093185,0.970932,1.4988
5,51.1170,2556,99,0,97.094994,0.970950,1.4988
5,51.1370,2557,99,0,97.096802,0.970968,1.4988
5,51.1570,2558,99,0,97.098610,0.970986,1.4988
5,51.1770,2559,99,0,97.100418,0.971004,1.4988
5,51.1970,2560,99,0,97.102226,0.971022,1.4988
5,51.2170,2561,99,0,97.104027,0.971040,1.4988
5,51.2370,2562,99,0,97.105812,0.971058,1.4988
5,51.2570,2563,99,0,97.107613,0.971076,1.4988
5,51.2770,2564,99,0,97.109390,0.971094,1.4988
5,51.2970,2565,99,0,97.111176,0.971112,1.4988
5,51.3170,2566,99,0,97.112953,0.971130,1.4988
5,51.3370,2567,99,0,97.114731,0.971147,1.4988
5,51.3580,2568,99,0,97.116501,0.971165,1.4988
5,51.3770,2569,99,0,97.118271,0.971183,1.4988
5,51.3970,2570,99,0,97.120041,0.971200,1.4988
5,51.4170,2571,99,0,97.121796,0.971218,1.4988
5,51.4370,2572,99,0,97.123550,0.971236,1.4988
5,51.4570,2573,99,0,97.125305,0.971253,1.4988
5,51.4770,2574,99,0,97.127060,0.971271,1.4988
5,51.4970,2575,99,0,97.128807,0.971288,1.4988
5,51.5180,2576,99,0,97.130554,0.971306,1.4988
5,51.5370,2577,99,0,97.132294,0.971323,1.4988
5,51.5570,2578,99,0,97.134033,0.971340,1.4988
5,51.5770,2579,99,0,97.135765,0.971358,1.4988
5,51.5970,2580,99,0,97.137497,0.971375,1.4988
5,51.6170,2581,99,0,97.139221,0.971392,1.4988
5,51.6370,2582,99,0,97.140945,0.971409,1.4988
5,51.6570,2583,99,0,97.142662,0.971427,1.4988
5,51.6770,2584,99,0,97.144386,0.971444,1.4988
5,51.6970,2585,99,0,97.146095,0.971461,1.4988
5,51.7170,2586,99,0,97.147804,0.971478,1.4988
5,51.7370,2587,99,0,97.149513,0.971495,1.4988
5,51.7570,2588,99,0,97.151222,0.971512,1.4988
5,51.7770,2589,99,0,97.152916,0.971529,1.4988
5,51.7970,2590,99,0,97.154610,0.971546,1.4988
5,51.8170,2591,99,0,97.156303,0.971563,1.4988
5,51.8370,2592,99,0,97.157997,0.971580,1.4988
5,51.8580,2593,99,0,97.159676,0.971597,1.4988
5,51.8770,2594,99,0,97.161369,0.971614,1.4988
5,51.8970,2595,99,0,97.163048,0.971630,1.4988
5,51.9170,2596,99,0,97.164726,0.971647,1.4988
5,51.9370,2597,99,0,97.166389,0.971664,1.4988
5,51.9570,2598,99,0,97.168068,0.971681,1.4988
5,51.9770,2599,99,0,97.169731,0.971697,1.4988
5,51.9970,2600,99,0,97.171394,0.971714,1.4988
5,52.0170,2601,99,0,97.173042,0.971730,1.4988
5,52.0370,2602,99,0,97.174706,0.971747,1.4988
5,52.0570,2603,99,0,97.176353,0.971764,1.4988
5,52.0770,2604,99,0,97.178001,0.971780,1.4988
5,52.0970,2605,99,0,97.179649,0.971796,1.4988
5,52.1170,2606,99,0,97.181290,0.971813,1.4988
5,52.1370,2607,99,0,97.182930,0.971829,1.4988
5,52.1570,2608,99,0,97.184563,0.971846,1.4988
5,52.1770,2609,99,0,97.186195,0.971862,1.4988
5,52.1970,2610,99,0,97.187828,0.971878,1.4988
5,52.2170,2611,99,0,97.189453,0.971895,1.4988
5,52.2370,2612,99,0,97.191086,0.971911,1.4988
5,52.2570,2613,99,0,97.192703,0.971927,1.4988
5,52.2770,2614,99,0,97.194321,0.971943,1.4988
5,52.2970,2615,99,0,97.195923,0.971959,1.4988
5,52.3170,2616,99,0,97.197533,0.971975,1.4988
5,52.3370,2617,99,0,97.199142,0.971991,1.4988
5,52.3580,2618,99,0,97.200745,0.972007,1.4988
5,52.3770,2619,99,0,97.202347,0.972023,1.4988
5,52.3970,2620,99,0,97.203941,0.972039,1.4988
5,52.4170,2621,99,0,97.205544,0.972055,1.4988
5,52.4370,2622,99,0,97.207130,0.972071,1.4988
5,52.4570,2623,99,0,97.208717,0.972087,1.4988
5,52.4770,2624,99,0,97.210297,0.972103,1.4988
5,52.4970,2625,99,0,97.211876,0.972119,1.4988
5,52.5170,2626,99,0,97.213455,0.972135,1.4988
5,52.5370,2627,99,0,97.215027,0.972150,1.4988
5,52.5570,2628,99,0,97.216599,0.972166,1.4988
5,52.5770,2629,99,0,97.218170,0.972182,1.4988
5,52.5970,2630,99,0,97.219734,0.972197,1.4988
5,52.6170,2631,99,0,97.221298,0.972213,1.4988
5,52.6370,2632,99,0,97.222855,0.972229,1.4988
5,52.6570,2633,99,0,97.224419,0.972244,1.4988
5,52.6770,2634,99,0,97.225975,0.972260,1.4988
5,52.6980,2635,99,0,97.227516,0.972275,1.4988
5,52.7170,2636,99,0,97.229065,0.972291,1.4988
5,52.7370,2637,99,0,97.230606,0.972306,1.4988
5,52.7570,2638,99,0,97.232147,0.972321,1.4988
5,52.7770,2639,99,0,97.233688,0.972337,1.4988
5,52.7970,2640,99,0,97.235222,0.972352,1.4988
5,52.8170,2641,99,0,97.236755,0.972368,1.4988
5,52.8370,2642,99,0,97.238289,0.972383,1.4988
5,52.8580,2643,99,0,97.239807,0.972398,1.4988
5,52.8770,2644,99,0,97.241325,0.972413,1.4988
5,52.8970,2645,99,0,97.242844,0.972428,1.4988
5,52.9170,2646,99,0,97.244370,0.972444,1.4988
5,52.9370,2647,99,0,97.245872,0.972459,1.4988
5,52.9570,2648,99,0,97.247383,0.972474,1.4988
5,52.9770,2649,99,0,97.248894,0.972489,1.4988
5,52.9970,2650,99,0,97.250397,0.972504,1.4988
5,53.0170,2651,99,0,97.251900,0.972519,1.4988
5,53.0370,2652,99,0,97.253403,0.972534,1.4988
5,53.0570,2653,99,0,97.254898,0.972549,1.4988
5,53.0770,2654,99,0,97.256386,0.972564,1.4988
5,53.0970,2655,99,0,97.257881,0.972579,1.4988
5,53.1170,2656,99,0,97.259361,0.972594,1.4988
5,53.1370,2657,99,0,97.260841,0.972608,1.4988
5,53.1570,2658,99,0,97.262329,0.972623,1.4988
5,53.1770,2659,99,0,97.263809,0.972638,1.4988
5,53.1980,2660,99,0,97.265274,0.972653,1.4988
5,53.2170,2661,99,0,97.266747,0.972667,1.4988
5,53.2370,2662,99,0,97.268211,0.972682,1.4988
5,53.2570,2663,99,0,97.269676,0.972697,1.4988
5,53.2770,2664,99,0,97.271149,0.972711,1.4988
5,53.2970,2665,99,0,97.272598,0.972726,1.4988
5,53.3170,2666,99,0,97.274055,0.972741,1.4988
5,53.3370,2667,99,0,97.275513,0.972755,1.4988
5,53.3580,2668,99,0,97.276962,0.972770,1.4988
5,53.3770,2669,99,0,97.278412,0.972784,1.4988
5,53.3970,2670,99,0,97.279854,0.972799,1.4988
5,53.4170,2671,99,0,97.281303,0.972813,1.4988
5,53.4370,2672,99,0,97.282738,0.972827,1.4988
5,53.4570,2673,99,0,97.284180,0.972842,1.4988
5,53.4770,2674,99,0,97.285599,0.972856,1.4988
5,53.4970,2675,99,0,97.287033,0.972870,1.4988
5,53.5170,2676,99,0,97.288460,0.972885,1.4988
5,53.5370,2677,99,0,97.289886,0.972899,1.4988
5,53.5570,2678,99,0,97.291306,0.972913,1.4988
5,53.5770,2679,99,0,97.292725,0.972927,1.4988
5,53.5970,2680,99,0,97.294136,0.972941,1.4988
5,53.6170,2681,99,0,97.295555,0.972956,1.4988
5,53.6370,2682,99,0,97.296967,0.972970,1.4988
5,53.6570,2683,99,0,97.298378,0.972984,1.4988
5,53.6770,2684,99,0,97.299782,0.972998,1.4988
5,53.6980,2685,99,0,97.301186,0.973012,1.4988
5,53.7170,2686,99,0,97.302582,0.973026,1.4988
5,53.7370,2687,99,0,97.303978,0.973040,1.4988
5,53.7570,2688,99,0,97.305367,0.973054,1.4988
5,53.7770,2689,99,0,97.306763,0.973068,1.4988
5,53.7970,2690,99,0,97.308151,0.973082,1.4988
5,53.8170,2691,99,0,97.309540,0.973095,1.4988
5,53.8370,2692,99,0,97.310921,0.973109,1.4988
5,53.8570,2693,99,0,97.312302,0.973123,1.4988
5,53.8770,2694,99,0,97.313675,0.973137,1.4988
5,53.8970,2695,99,0,97.315041,0.973150,1.4988
5,53.9170,2696,99,0,97.316422,0.973164,1.4988
5,53.9370,2697,99,0,97.317787,0.973178,1.4988
5,53.9570,2698,99,0,97.319145,0.973191,1.4988
5,53.9770,2699,99,0,97.320518,0.973205,1.4988
5,53.9970,2700,99,0,97.321869,0.973219,1.4988
5,54.0170,2701,99,0,97.323235,0.973232,1.4988
5,54.0370,2702,99,0,97.324593,0.973246,1.4988
5,54.0570,2703,99,0,97.325943,0.973259,1.4988
5,54.0770,2704,99,0,97.327293,0.973273,1.4988
5,54.0970,2705,99,0,97.328644,0.973286,1.4988
5,54.1170,2706,99,0,97.329987,0.973300,1.4988
5,54.1370,2707,99,0,97.331322,0.973313,1.4988
5,54.1570,2708,99,0,97.332672,0.973327,1.4988
5,54.1770,2709,99,0,97.334000,0.973340,1.4988
5,54.1980,2710,99,0,97.335335,0.973353,1.4988
5,54.2170,2711,99,0,97.336670,0.973367,1.4988
5,54.2370,2712,99,0,97.337997,0.973380,1.4988
5,54.2570,2713,99,0,97.339317,0.973393,1.4988
5,54.2770,2714,99,0,97.340637,0.973406,1.4988
5,54.2970,2715,99,0,97.341965,0.973420,1.4988
5,54.3170,2716,99,0,97.343285,0.973433,1.4988
5,54.3370,2717,99,0,97.344589,0.973446,1.4988
5,54.3570,2718,99,0,97.345909,0.973459,1.4988
5,54.3770,2719,99,0,97.347221,0.973472,1.4988
5,54.3970,2720,99,0,97.348526,0.973485,1.4988
5,54.4170,2721,99,0,97.349831,0.973498,1.4988
5,54.4370,2722,99,0,97.351135,0.973511,1.4988
5,54.4570,2723,99,0,97.352425,0.973524,1.4988
5,54.4770,2724,99,0,97.353729,0.973537,1.4988
5,54.4970,2725,99,0,97.355026,0.973550,1.4988
5,54.5170,2726,99,0,97.356316,0.973563,1.4988
5,54.5380,2727,99,0,97.357605,0.973576,1.4988
5,54.5570,2728,99,0,97.358894,0.973589,1.4988
5,54.5770,2729,99,0,97.360168,0.973602,1.4988
5,54.5970,2730,99,0,97.361458,0.973615,1.4988
5,54.6170,2731,99,0,97.362740,0.973627,1.4988
5,54.6370,2732,99,0,97.364014,0.973640,1.4988
5,54.6570,2733,99,0,97.365288,0.973653,1.4988
5,54.6770,2734,99,0,97.366562,0.973666,1.4988
5,54.6980,2735,99,0,97.367821,0.973678,1.4988
5,54.7170,2736,99,0,97.369095,0.973691,1.4988
5,54.7370,2737,99,0,97.370354,0.973704,1.4988
5,54.7570,2738,99,0,97.371613,0.973716,1.4988
5,54.7770,2739,99,0,97.372879,0.973729,1.4988
5,54.7970,2740,99,0,97.374138,0.973741,1.4988
5,54.8170,2741,99,0,97.375389,0.973754,1.4988
5,54.8370,2742,99,0,97.376640,0.973766,1.4988
5,54.8570,2743,99,0,97.377892,0.973779,1.4988
5,54.8770,2744,99,0,97.379135,0.973791,1.4988
5,54.8970,2745,99,0,97.380379,0.973804,1.4988
5,54.9170,2746,99,0,97.381622,0.973816,1.4988
5,54.9370,2747,99,0,97.382858,0.973829,1.4988
5,54.9570,2748,99,0,97.384094,0.973841,1.4988
5,54.9770,2749,99,0,97.385330,0.973853,1.4988
5,54.9970,2750,99,0,97.386559,0.973866,1.4988
5,55.0170,2751,99,0,97.387787,0.973878,1.4988
5,55.0380,2752,99,0,97.389015,0.973890,1.4988
5,55.0570,2753,99,0,97.390236,0.973902,1.4988
5,55.0770,2754,99,0,97.391457,0.973915,1.4988
5,55.0970,2755,99,0,97.392677,0.973927,1.4988
5,55.1170,2756,99,0,97.393890,0.973939,1.4988
5,55.1370,2757,99,0,97.395103,0.973951,1.4988
5,55.1570,2758,99,0,97.396317,0.973963,1.4988
5,55.1770,2759,99,0,97.397514,0.973975,1.4988
5,55.1980,2760,99,0,97.398727,0.973987,1.4988
5,55.2170,2761,99,0,97.399925,0.973999,1.4988
5,55.2370,2762,99,0,97.401138,0.974011,1.4988
5,55.2570,2763,99,0,97.402336,0.974023,1.4988
5,55.2770,2764,99,0,97.403534,0.974035,1.4988
5,55.2970,2765,99,0,97.404732,0.974047,1.4988
5,55.3170,2766,99,0,97.405922,0.974059,1.4988
5,55.3370,2767,99,0,97.407104,0.974071,1.4988
5,55.3570,2768,99,0,97.408302,0.974083,1.4988
5,55.3770,2769,99,0,97.409485,0.974095,1.4988
5,55.3970,2770,99,0,97.410667,0.974107,1.4988
5,55.4170,2771,99,0,97.411850,0.974118,1.4988
5,55.4370,2772,99,0,97.413025,0.974130,1.4988
5,55.4570,2773,99,0,97.414192,0.974142,1.4988
5,55.4770,2774,99,0,97.415375,0.974154,1.4988
5,55.4970,2775,99,0,97.416542,0.974165,1.4988
5,55.5170,2776,99,0,97.417709,0.974177,1.4988
5,55.5380,2777,99,0,97.418877,0.974189,1.4988
5,55.5570,2778,99,0,97.420036,0.974200,1.4988
5,55.5770,2779,99,0,97.421204,0.974212,1.4988
5,55.5970,2780,99,0,97.422363,0.974224,1.4988
5,55.6170,2781,99,0,97.423523,0.974235,1.4988
5,55.6370,2782,99,0,97.424667,0.974247,1.4988
5,55.6570,2783,99,0,97.425819,0.974258,1.4988
5,55.6770,2784,99,0,97.426979,0.974270,1.4988
5,55.6980,2785,99,0,97.428116,0.974281,1.4988
5,55.7170,2786,99,0,97.429268,0.974293,1.4988
5,55.7370,2787,99,0,97.430412,0.974304,1.4988
5,55.7570,2788,99,0,97.431557,0.974316,1.4988
5,55.7770,2789,99,0,97.432686,0.974327,1.4988
5,55.7970,2790,99,0,97.433830,0.974338,1.4988
5,55.8170,2791,99,0,97.434967,0.974350,1.4988
5,55.8370,2792,99,0,97.436089,0.974361,1.4988
5,55.8570,2793,99,0,97.437225,0.974372,1.4988
5,55.8780,2794,99,0,97.438354,0.974384,1.4988
5,55.8970,2795,99,0,97.439476,0.974395,1.4988
5,55.9170,2796,99,0,97.440598,0.974406,1.4988
5,55.9370,2797,99,0,97.441711,0.974417,1.4988
5,55.9570,2798,99,0,97.442841,0.974428,1.4988
5,55.9770,2799,99,0,97.443954,0.974440,1.4988
5,55.9970,2800,99,0,97.445068,0.974451,1.4988
5,56.0170,2801,99,0,97.446182,0.974462,1.4988
5,56.0380,2802,99,0,97.447289,0.974473,1.4988
5,56.0570,2803,99,0,97.448395,0.974484,1.4988
5,56.0770,2804,99,0,97.449493,0.974495,1.4988
5,56.0970,2805,99,0,97.450600,0.974506,1.4988
5,56.1170,2806,99,0,97.451706,0.974517,1.4988
5,56.1370,2807,99,0,97.452805,0.974528,1.4988
5,56.1570,2808,99,0,97.453903,0.974539,1.4988
5,56.1770,2809,99,0,97.454994,0.974550,1.4988
5,56.1970,2810,99,0,97.456085,0.974561,1.4988
5,56.2170,2811,99,0,97.457169,0.974572,1.4988
5,56.2370,2812,99,0,97.458267,0.974583,1.4988
5,56.2570,2813,99,0,97.459343,0.974593,1.4988
5,56.2770,2814,99,0,97.460434,0.974604,1.4988
5,56.2970,2815,99,0,97.461517,0.974615,1.4988
5,56.3170,2816,99,0,97.462585,0.974626,1.4988
5,56.3370,2817,99,0,97.463669,0.974637,1.4988
5,56.3570,2818,99,0,97.464745,0.974647,1.4988
5,56.3770,2819,99,0,97.465820,0.974658,1.4988
5,56.3970,2820,99,0,97.466888,0.974669,1.4988
5,56.4170,2821,99,0,97.467957,0.974680,1.4988
5,56.4370,2822,99,0,97.469017,0.974690,1.4988
5,56.4570,2823,99,0,97.470085,0.974701,1.4988
5,56.4770,2824,99,0,97.471146,0.974711,1.4988
5,56.4970,2825,99,0,97.472198,0.974722,1.4988
5,56.5170,2826,99,0,97.473267,0.974733,1.4988
5,56.5380,2827,99,0,97.474312,0.974743,1.4988
5,56.5570,2828,99,0,97.475365,0.974754,1.4988
5,56.5770,2829,99,0,97.476425,0.974764,1.4988
5,56.5970,2830,99,0,97.477463,0.974775,1.4988
5,56.6170,2831,99,0,97.478516,0.974785,1.4988
5,56.6370,2832,99,0,97.479561,0.974796,1.4988
5,56.6570,2833,99,0,97.480598,0.974806,1.4988
5,56.6770,2834,99,0,97.481636,0.974816,1.4988
5,56.6970,2835,99,0,97.482681,0.974827,1.4988
5,56.7170,2836,99,0,97.483719,0.974837,1.4988
5,56.7370,2837,99,0,97.484756,0.974848,1.4988
5,56.7570,2838,99,0,97.485786,0.974858,1.4988
5,56.7770,2839,99,0,97.486816,0.974868,1.4988
5,56.7970,2840,99,0,97.487846,0.974878,1.4988
5,56.8170,2841,99,0,97.488869,0.974889,1.4988
5,56.8370,2842,99,0,97.489891,0.974899,1.4988
5,56.8570,2843,99,0,97.490913,0.974909,1.4988
5,56.8780,2844,99,0,97.491928,0.974919,1.4988
5,56.8970,2845,99,0,97.492950,0.974930,1.4988
5,56.9170,2846,99,0,97.493958,0.974940,1.4988
5,56.9370,2847,99,0,97.494980,0.974950,1.4988
5,56.9570,2848,99,0,97.495995,0.974960,1.4988
5,56.9770,2849,99,0,97.497002,0.974970,1.4988
5,56.9970,2850,99,0,97.498009,0.974980,1.4988
5,57.0170,2851,99,0,97.499016,0.974990,1.4988
5,57.0370,2852,99,0,97.500023,0.975000,1.4988
5,57.0570,2853,99,0,97.501022,0.975010,1.4988
5,57.0770,2854,99,0,97.502022,0.975020,1.4988
5,57.0970,2855,99,0,97.503021,0.975030,1.4988
5,57.1170,2856,99,0,97.504013,0.975040,1.4988
5,57.1370,2857,99,0,97.505005,0.975050,1.4988
5,57.1570,2858,99,0,97.505997,0.975060,1.4988
5,57.1770,2859,99,0,97.506989,0.975070,1.4988
5,57.1970,2860,99,0,97.507973,0.975080,1.4988
5,57.2170,2861,99,0,97.508957,0.975090,1.4988
5,57.2370,2862,99,0,97.509941,0.975099,1.4988
5,57.2570,2863,99,0,97.510925,0.975109,1.4988
5,57.2770,2864,99,0,97.511902,0.975119,1.4988
5,57.2970,2865,99,0,97.512878,0.975129,1.4988
5,57.3170,2866,99,0,97.513855,0.975139,1.4988
5,57.3370,2867,99,0,97.514824,0.975148,1.4988
5,57.3570,2868,99,0,97.515800,0.975158,1.4988
5,57.3770,2869,99,0,97.516762,0.975168,1.4988
5,57.3970,2870,99,0,97.517738,0.975177,1.4988
5,57.4170,2871,99,0,97.518700,0.975187,1.4988
5,57.4370,2872,99,0,97.519661,0.975197,1.4988
5,57.4570,2873,99,0,97.520622,0.975206,1.4988
5,57.4770,2874,99,0,97.521584,0.975216,1.4988
5,57.4970,2875,99,0,97.522545,0.975225,1.4988
5,57.5170,2876,99,0,97.523506,0.975235,1.4988
5,57.5370,2877,99,0,97.524460,0.975245,1.4988
5,57.5570,2878,99,0,97.525414,0.975254,1.4988
5,57.5770,2879,99,0,97.526367,0.975264,1.4988
5,57.5970,2880,99,0,97.527313,0.975273,1.4988
5,57.6170,2881,99,0,97.528259,0.975283,1.4988
5,57.6370,2882,99,0,97.529205,0.975292,1.4988
5,57.6570,2883,99,0,97.530151,0.975302,1.4988
5,57.6770,2884,99,0,97.531082,0.975311,1.4988
5,57.6970,2885,99,0,97.532028,0.975320,1.4988
5,57.7170,2886,99,0,97.532959,0.975330,1.4988
5,57.7370,2887,99,0,97.533905,0.975339,1.4988
5,57.7570,2888,99,0,97.534836,0.975348,1.4988
5,57.7770,2889,99,0,97.535767,0.975358,1.4988
5,57.7970,2890,99,0,97.536697,0.975367,1.4988
5,57.8170,2891,99,0,97.537628,0.975376,1.4988
5,57.8370,2892,99,0,97.538551,0.975386,1.4988
5,57.8570,2893,99,0,97.539467,0.975395,1.4988
5,57.8780,2894,99,0,97.540398,0.975404,1.4988
5,57.8970,2895,99,0,97.541321,0.975413,1.4988
5,57.9170,2896,99,0,97.542236,0.975422,1.4988
5,57.9370,2897,99,0,97.543152,0.975432,1.4988
5,57.9570,2898,99,0,97.544067,0.975441,1.4988
5,57.9770,2899,99,0,97.544983,0.975450,1.4988
5,57.9970,2900,99,0,97.545891,0.975459,1.4988
5,58.0170,2901,99,0,97.546791,0.975468,1.4988
5,58.0370,2902,99,0,97.547707,0.975477,1.4988
5,58.0570,2903,99,0,97.548607,0.975486,1.4988
5,58.0770,2904,99,0,97.549522,0.975495,1.4988
5,58.0970,2905,99,0,97.550415,0.975504,1.4988
5,58.1170,2906,99,0,97.551315,0.975513,1.4988
5,58.1370,2907,99,0,97.552223,0.975522,1.4988
5,58.1570,2908,99,0,97.553123,0.975531,1.4988
5,58.1770,2909,99,0,97.554008,0.975540,1.4988
5,58.1970,2910,99,0,97.554909,0.975549,1.4988
5,58.2180,2911,99,0,97.555801,0.975558,1.4988
5,58.2370,2912,99,0,97.556686,0.975567,1.4988
5,58.2570,2913,99,0,97.557571,0.975576,1.4988
5,58.2770,2914,99,0,97.558464,0.975585,1.4988
5,58.2970,2915,99,0,97.559349,0.975593,1.4988
5,58.3170,2916,99,0,97.560234,0.975602,1.4988
5,58.3370,2917,99,0,97.561119,0.975611,1.4988
5,58.3570,2918,99,0,97.561996,0.975620,1.4988
5,58.3770,2919,99,0,97.562874,0.975629,1.4988
5,58.3970,2920,99,0,97.563744,0.975637,1.4988
5,58.4170,2921,99,0,97.564629,0.975646,1.4988
5,58.4370,2922,99,0,97.565498,0.975655,1.4988
5,58.4570,2923,99,0,97.566360,0.975664,1.4988
5,58.4770,2924,99,0,97.567238,0.975672,1.4988
5,58.4970,2925,99,0,97.568108,0.975681,1.4988
5,58.5170,2926,99,0,97.568970,0.975690,1.4988
5,58.5370,2927,99,0,97.569824,0.975698,1.4988
5,58.5570,2928,99,0,97.570694,0.975707,1.4988
5,58.5770,2929,99,0,97.571556,0.975716,1.4988
5,58.5970,2930,99,0,97.572411,0.975724,1.4988
5,58.6170,2931,99,0,97.573273,0.975733,1.4988
5,58.6370,2932,99,0,97.574127,0.975741,1.4988
5,58.6570,2933,99,0,97.574982,0.975750,1.4988
5,58.6770,2934,99,0,97.575829,0.975758,1.4988
5,58.6970,2935,99,0,97.576683,0.975767,1.4988
5,58.7180,2936,99,0,97.577530,0.975775,1.4988
5,58.7370,2937,99,0,97.578377,0.975784,1.4988
5,58.7570,2938,99,0,97.579216,0.975792,1.4988
5,58.7770,2939,99,0,97.580070,0.975801,1.4988
5,58.7970,2940,99,0,97.580910,0.975809,1.4988
5,58.8170,2941,99,0,97.581749,0.975817,1.4988
5,58.8370,2942,99,0,97.582588,0.975826,1.4988
5,58.8570,2943,99,0,97.583420,0.975834,1.4988
5,58.8780,2944,99,0,97.584259,0.975843,1.4988
5,58.8970,2945,99,0,97.585091,0.975851,1.4988
5,58.9170,2946,99,0,97.585922,0.975859,1.4988
5,58.9370,2947,99,0,97.586754,0.975868,1.4988
5,58.9570,2948,99,0,97.587578,0.975876,1.4988
5,58.9770,2949,99,0,97.588402,0.975884,1.4988
5,58.9970,2950,99,0,97.589226,0.975892,1.4988
5,59.0170,2951,99,0,97.590050,0.975900,1.4988
5,59.0370,2952,99,0,97.590874,0.975909,1.4988
5,59.0570,2953,99,0,97.591690,0.975917,1.4988
5,59.0770,2954,99,0,97.592506,0.975925,1.4988
5,59.0970,2955,99,0,97.593323,0.975933,1.4988
5,59.1170,2956,99,0,97.594139,0.975941,1.4988
5,59.1370,2957,99,0,97.594955,0.975950,1.4988
5,59.1570,2958,99,0,97.595764,0.975958,1.4988
5,59.1770,2959,99,0,97.596573,0.975966,1.4988
5,59.1970,2960,99,0,97.597382,0.975974,1.4988
5,59.2180,2961,99,0,97.598190,0.975982,1.4988
5,59.2370,2962,99,0,97.598999,0.975990,1.4988
5,59.2570,2963,99,0,97.599800,0.975998,1.4988
5,59.2770,2964,99,0,97.600601,0.976006,1.4988
5,59.2970,2965,99,0,97.601402,0.976014,1.4988
5,59.3170,2966,99,0,97.602203,0.976022,1.4988
5,59.3370,2967,99,0,97.602997,0.976030,1.4988
5,59.3570,2968,99,0,97.603790,0.976038,1.4988
5,59.3770,2969,99,0,97.604584,0.976046,1.4988
5,59.3970,2970,99,0,97.605377,0.976054,1.4988
5,59.4170,2971,99,0,97.606171,0.976062,1.4988
5,59.4370,2972,99,0,97.606956,0.976070,1.4988
5,59.4570,2973,99,0,97.607742,0.976077,1.4988
5,59.4770,2974,99,0,97.608528,0.976085,1.4988
5,59.4970,2975,99,0,97.609314,0.976093,1.4988
5,59.5170,2976,99,0,97.610100,0.976101,1.4988
5,59.5370,2977,99,0,97.610878,0.976109,1.4988
5,59.5570,2978,99,0,97.611656,0.976117,1.4988
5,59.5770,2979,99,0,97.612434,0.976124,1.4988
5,59.5970,2980,99,0,97.613213,0.976132,1.4988
5,59.6170,2981,99,0,97.613991,0.976140,1.4988
5,59.6370,2982,99,0,97.614761,0.976148,1.4988
5,59.6570,2983,99,0,97.615532,0.976155,1.4988
5,59.6770,2984,99,0,97.616302,0.976163,1.4988
5,59.6970,2985,99,0,97.617073,0.976171,1.4988
5,59.7180,2986,99,0,97.617844,0.976178,1.4988
5,59.7370,2987,99,0,97.618607,0.976186,1.4988
5,59.7570,2988,99,0,97.619370,0.976194,1.4988
5,59.7770,2989,99,0,97.620132,0.976201,1.4988
5,59.7970,2990,99,0,97.620895,0.976209,1.4988
5,59.8170,2991,99,0,97.621658,0.976217,1.4988
5,59.8370,2992,99,0,97.622414,0.976224,1.4988
5,59.8570,2993,99,0,97.623169,0.976232,1.4988
5,59.8770,2994,99,0,97.623924,0.976239,1.4988
5,59.8970,2995,99,0,97.624680,0.976247,1.4988
5,59.9170,2996,99,0,97.625435,0.976254,1.4988
5,59.9370,2997,99,0,97.626183,0.976262,1.4988
5,59.9570,2998,99,0,97.626930,0.976269,1.4988
5,59.9770,2999,99,0,97.627678,0.976277,1.4988
5,59.9970,3000,99,0,97.628426,0.976284,1.4988
5,60.0170,3001,99,0,97.629173,0.976292,1.4988
6,0.0160,1,0,0,0.000000,0.000000,99.5000
6,0.0360,2,0,0,0.196000,0.189390,99.4961
6,0.0560,3,0,0,0.391608,0.372814,99.4882
6,0.0760,4,0,0,0.586825,0.550181,99.4765
6,0.0960,5,0,0,0.781651,0.721425,99.4609
6,0.1160,6,0,0,0.976088,0.886430,99.4414
6,0.1360,7,0,0,1.170136,1.045205,99.4180
6,0.1560,8,0,0,1.363795,1.197888,99.3907
6,0.1760,9,0,0,1.557068,1.344564,99.3595
6,0.1960,10,0,0,1.749954,1.492133,99.3245
6,0.2160,11,0,0,1.942454,1.637417,99.2857
6,0.2360,12,0,0,2.134569,1.781535,99.2430
6,0.2560,13,0,0,2.326300,1.927200,99.1965
6,0.2760,14,0,0,2.517648,2.058731,99.1461
6,0.2960,15,0,0,2.708612,2.185822,99.0919
6,0.3160,16,0,0,2.899194,2.319896,99.0340
6,0.3360,17,0,0,3.089388,2.446444,98.9722
6,0.3560,18,0,0,3.279173,2.567387,98.9066
6,0.3760,19,0,0,3.468487,2.681549,98.8372
6,0.3970,20,0,0,3.657186,2.785085,98.7641
6,0.4160,21,0,0,3.844977,2.881253,98.6872
6,0.4360,22,0,0,4.031325,2.972291,98.6066
6,0.4560,23,0,0,4.215341,3.055444,98.5223
6,0.4760,24,0,0,4.395639,3.129469,98.4343
6,0.4960,25,0,0,4.570161,3.195593,98.3429
6,0.5160,26,0,0,4.736354,3.254518,98.2482
6,0.5360,27,0,0,4.891342,3.308676,98.1504
6,0.5560,28,0,0,5.032342,3.364616,98.0497
6,0.5760,29,0,0,5.157108,3.417659,97.9466
6,0.5960,30,0,0,5.264729,3.467228,97.8413
6,0.6160,31,0,0,5.356036,3.514583,97.7342
6,0.6360,32,0,0,5.433719,3.558358,97.6255
6,0.6560,33,0,0,5.503445,3.600848,97.5154
6,0.6760,34,0,0,5.571762,3.642643,97.4040
6,0.6960,35,0,0,5.657990,3.684201,97.2911
6,0.7160,36,0,0,5.752541,3.728230,97.1767
6,0.7370,37,0,0,5.874706,3.778551,97.0605
6,0.7560,38,0,0,5.949591,3.828190,96.9427
6,0.7760,39,0,0,6.017057,3.887928,96.8230
6,0.7960,40,0,0,6.116104,3.953295,96.7015
6,0.8160,41,0,0,6.202148,4.015246,96.5778
6,0.8360,42,0,0,6.289805,4.083180,96.4520
6,0.8560,43,0,0,6.378168,4.156605,96.3244
6,0.8760,44,0,0,6.425083,4.235207,96.1959
6,0.8970,45,0,0,6.436071,4.325683,96.0672
6,0.9160,46,0,0,6.429771,4.424787,95.9386
6,0.9360,47,0,0,6.694300,4.532773,95.8104
6,0.9560,48,0,0,7.219181,4.642877,95.6826
6,0.9760,49,0,0,7.733305,4.762520,95.5554
6,0.9960,50,0,0,8.664924,4.893043,95.4287
6,1.0160,51,0,0,9.898807,5.030789,95.3034
6,1.0360,52,0,0,11.369667,5.175309,95.1804
6,1.0560,53,0,0,12.805813,5.350920,95.0619
6,1.0760,54,0,0,13.481924,5.537200,94.9481
6,1.0960,55,0,0,13.523823,5.726949,94.8388
6,1.1160,56,0,0,13.585029,5.918433,94.7343
6,1.1360,57,0,0,13.648355,6.095763,94.6336
6,1.1560,58,0,0,13.713755,6.239928,94.5387
6,1.1760,59,0,0,13.781188,6.383212,94.4502
6,1.1960,60,0,0,13.850607,6.526350,94.3678
6,1.2160,61,0,0,13.921970,6.669149,94.2901
6,1.2370,62,0,0,13.995232,6.812037,94.2156
6,1.2560,63,0,0,14.070349,6.956966,94.1416
6,1.2760,64,0,0,14.147278,7.103216,94.0674
6,1.2960,65,0,0,14.225975,7.246577,93.9916
6,1.3160,66,0,0,14.306399,7.391454,93.9132
6,1.3360,67,0,0,14.388505,7.537729,93.8314
6,1.3560,68,0,0,14.472254,7.684310,93.7460
6,1.3760,69,0,0,14.557603,7.830804,93.6569
6,1.3970,70,0,0,14.644510,7.978070,93.5640
6,1.4160,71,0,0,14.732936,8.126397,93.4676
6,1.4360,72,0,0,14.822840,8.275422,93.3679
6,1.4560,73,0,0,14.914184,8.423175,93.2656
6,1.4760,74,0,0,15.006927,8.571745,93.1607
6,1.4960,75,0,0,15.101033,8.720139,93.0522
6,1.5160,76,0,0,15.196464,8.869412,92.9403
6,1.5360,77,0,0,15.293181,9.021737,92.8250
6,1.5560,78,0,0,15.391150,9.175783,92.7063
6,1.5760,79,0,0,15.490336,9.329491,92.5839
6,1.5960,80,0,0,15.590702,9.483926,92.4579
6,1.6160,81,0,0,15.692215,9.639179,92.3283
6,1.6360,82,0,0,15.794841,9.794705,92.1950
6,1.6560,83,0,0,15.898546,9.950552,92.0580
6,1.6760,84,0,0,16.003302,10.106779,91.9174
6,1.6960,85,0,0,16.109072,10.263251,91.7731
6,1.7160,86,0,0,16.215830,10.419921,91.6252
6,1.7370,87,0,0,16.323540,10.576779,91.4737
6,1.7560,88,0,0,16.432180,10.733893,91.3186
6,1.7760,89,0,0,16.541716,10.891229,91.1598
6,1.7960,90,0,0,16.652121,11.048617,90.9975
6,1.8160,91,0,0,16.763367,11.206047,90.8316
6,1.8360,92,0,0,16.875427,11.363532,90.6620
6,1.8560,93,0,0,16.988277,11.521130,90.4889
6,1.8760,94,0,0,17.101889,11.678780,90.3122
6,1.8960,95,0,0,17.216240,11.836428,90.1320
6,1.9160,96,0,0,17.331305,11.994070,89.9482
6,1.9360,97,0,0,17.447058,12.151720,89.7608
6,1.9560,98,0,0,17.563480,12.309378,89.5699
6,1.9760,99,2,0,17.680544,12.466980,89.3755
6,1.9960,100,2,0,17.798231,12.624563,89.1775
6,2.0160,101,2,0,17.916519,12.782098,88.9760
6,2.0360,102,2,0,18.046707,12.939574,88.7710
6,2.0560,103,2,0,18.194561,13.096984,88.5624
6,2.0760,104,2,0,18.342369,13.254318,88.3504
6,2.0960,105,2,0,18.490126,13.411567,88.1349
6,2.1160,106,2,0,18.637821,13.568724,87.9159
6,2.1360,107,2,0,18.785452,13.725781,87.6934
6,2.1560,108,2,0,18.933010,13.882732,87.4674
6,2.1760,109,2,0,19.080488,14.039569,87.2380
6,2.1960,110,2,0,19.227884,14.196284,87.0051
6,2.2160,111,2,0,19.375191,14.352871,86.7687
6,2.2370,112,2,0,19.522402,14.509325,86.5289
6,2.2560,113,2,0,19.669514,14.625693,86.2857
6,2.2760,114,2,0,19.816521,14.742204,86.0390
6,2.2960,115,2,0,19.963417,14.878119,85.7889
6,2.3160,116,2,0,20.110203,14.938144,85.5354
6,2.3360,117,2,0,20.256868,14.890400,85.2784
6,2.3560,118,2,0,20.403412,14.894892,85.0181
6,2.3760,119,2,0,20.549828,15.021972,84.7543
6,2.3960,120,2,0,20.696114,15.072937,84.4872
6,2.4160,121,2,0,20.842266,15.201897,84.2167
6,2.4360,122,2,0,20.988281,15.248866,83.9428
6,2.4560,123,2,0,21.134153,15.204007,83.6655
6,2.4760,124,0,0,21.279881,15.319920,83.3849
6,2.4960,125,0,0,21.425461,15.441085,83.1009
6,2.5160,126,0,0,21.570889,15.441570,82.8135
6,2.5360,127,0,0,21.716162,15.557853,82.5229
6,2.5560,128,0,0,21.861279,15.590695,82.2288
6,2.5770,129,0,0,22.006237,15.653529,81.9315
6,2.5960,130,0,0,22.151028,15.431768,81.6308
6,2.6160,131,0,0,22.295656,15.000294,81.3268
6,2.6360,132,0,0,22.440115,14.946379,81.0194
6,2.6560,133,0,0,22.584404,14.824797,80.7088
6,2.6760,134,0,0,22.728519,14.774285,80.3949
6,2.6960,135,0,0,22.872461,14.832680,80.0777
6,2.7160,136,0,0,23.016224,14.816348,79.7572
6,2.7370,137,0,0,23.159807,14.914412,79.4334
6,2.7560,138,0,0,23.303211,14.835439,79.1064
6,2.7760,139,0,0,22.307844,14.543006,78.7760
6,2.7960,140,0,0,22.458254,14.595196,78.4425
6,2.8160,141,0,0,22.608379,14.606902,78.1056
6,2.8360,142,0,0,22.758221,14.691000,77.7656
6,2.8560,143,0,0,22.907780,14.792658,77.4222
6,2.8760,144,0,0,23.057055,14.886829,77.0757
6,2.8960,145,0,0,23.206045,14.978418,76.7259
6,2.9160,146,0,0,23.354755,14.978858,76.3729
6,2.9360,147,0,0,23.503181,15.075287,76.0167
6,2.9560,148,2,0,23.651325,14.774325,75.6573
6,2.9760,149,2,0,23.799187,14.683235,75.2947
6,2.9960,150,2,0,23.946766,14.547230,74.9289
6,3.0160,151,2,0,23.635521,14.489396,74.5599
6,3.0360,152,2,0,23.783365,14.488903,74.1877
6,3.0560,153,2,0,23.930929,14.579990,73.8123
6,3.0770,154,2,0,24.078213,14.654601,73.4338
6,3.0960,155,3,0,24.225214,14.746615,73.0521
6,3.1160,156,3,0,24.371935,14.585321,72.6672
6,3.1360,157,3,0,24.518379,14.658026,72.2792
6,3.1560,158,3,0,24.664539,14.737507,71.8881
6,3.1760,159,3,0,24.810421,14.825685,71.4938
6,3.1960,160,2,0,24.956026,14.881468,71.0964
6,3.2160,161,2,0,25.101347,14.702774,70.6959
6,3.2370,162,3,0,25.246393,14.544242,70.2922
6,3.2590,163,3,0,25.391159,14.614542,69.8854
6,3.2760,164,3,0,25.535646,14.542491,69.4756
6,3.2960,165,3,0,25.679855,14.244941,69.0626
6,3.3160,166,3,0,25.823788,14.311476,68.6465
6,3.3360,167,4,0,25.967443,14.370718,68.2274
6,3.3560,168,4,0,26.110823,14.418989,67.8051
6,3.3760,169,5,0,26.253923,14.468814,67.3798
6,3.3960,170,6,0,26.396748,14.000143,66.9514
6,3.4160,171,7,0,26.539299,14.067565,66.5200
6,3.4360,172,7,0,26.681572,14.116266,66.0855
6,3.4560,173,7,0,26.823570,14.191322,65.6479
6,3.4760,174,7,0,26.965296,14.049674,65.2073
6,3.4960,175,7,0,27.106745,13.982550,64.7637
6,3.5160,176,6,0,27.247921,13.619001,64.3170
6,3.5360,177,6,0,27.388823,13.541082,63.8673
6,3.5560,178,5,0,27.529451,13.447568,63.4146
6,3.5770,179,6,0,27.669807,13.275753,62.9588
6,3.5960,180,6,0,27.809891,13.322764,62.5001
6,3.6160,181,6,0,27.949703,13.372738,62.0384
6,3.6360,182,6,0,28.089241,13.404308,61.5736
6,3.6560,183,6,0,28.228508,13.226036,61.1059
6,3.6760,184,6,0,27.293407,13.006448,60.6352
6,3.6960,185,6,0,27.434389,13.053830,60.1615
6,3.7160,186,6,0,27.575094,13.077135,59.6848
6,3.7360,187,7,0,27.715525,13.052644,59.2052
6,3.7560,188,7,0,27.855680,13.075317,58.7226
6,3.7760,189,7,0,27.995560,13.060923,58.2370
6,3.7960,190,7,0,28.135168,13.115087,57.7485
6,3.8160,191,8,0,28.274500,13.079895,57.2571
6,3.8360,192,8,0,28.340965,12.765386,56.7627
6,3.8560,193,9,0,28.480015,12.674467,56.2654
6,3.8760,194,9,0,28.453045,12.676460,55.7652
6,3.8960,195,9,0,28.592081,12.583251,55.2620
6,3.9160,196,11,0,28.730833,12.626293,54.7559
6,3.9360,197,11,0,28.716917,12.429958,54.2470
6,3.9560,198,11,0,28.855383,12.468358,53.7351
6,3.9760,199,12,0,28.937923,12.492130,53.2203
6,3.9960,200,12,0,29.023922,12.464562,52.7026
6,4.0160,201,12,0,29.161709,12.386837,52.1821
6,4.0360,202,12,0,29.299223,12.034883,51.6587
6,4.0560,203,14,0,29.436466,12.064331,51.1324
6,4.0770,204,14,0,29.573437,12.072642,50.6032
6,4.0960,205,14,0,29.710133,11.956523,50.0712
6,4.1160,206,17,0,29.846561,11.678821,49.5363
6,4.1360,207,18,0,29.982716,11.575417,48.9985
6,4.1560,208,19,0,30.118601,11.536312,48.4580
6,4.1760,209,19,0,30.254215,11.565506,47.9145
6,4.1960,210,19,0,29.927862,11.290365,47.3683
6,4.2160,211,20,0,30.063673,11.315106,46.8192
6,4.2360,212,20,0,30.199217,11.350174,46.2673
6,4.2560,213,20,0,30.334497,11.355198,45.7126
6,4.2760,214,21,0,30.469509,11.398877,45.1550
6,4.2960,215,22,0,30.447618,11.136362,44.5947
6,4.3160,216,22,0,30.370434,11.165151,44.0316
6,4.3360,217,23,0,30.505507,10.950349,43.4657
6,4.3560,218,23,0,30.535791,10.809627,42.8969
6,4.3760,219,23,0,30.623159,10.523934,42.3254
6,4.3970,220,23,0,30.621614,10.378768,41.7512
6,4.4160,221,23,0,30.751770,10.103639,41.1741
6,4.4360,222,24,0,30.821835,9.955696,40.5943
6,4.4560,223,24,0,30.956188,9.896336,40.0117
6,4.4760,224,24,0,31.090277,9.884134,39.4264
6,4.4960,225,23,0,31.224094,9.769693,38.8383
6,4.5160,226,22,0,31.357645,9.733189,38.2475
6,4.5360,227,22,0,31.490929,9.689073,37.6539
6,4.5560,228,24,0,31.623947,9.704213,37.0577
6,4.5770,229,25,0,31.756699,9.735981,36.4586
6,4.5960,230,25,0,31.647982,9.732357,35.8569
6,4.6160,231,25,0,31.780655,9.616211,35.2524
6,4.6360,232,25,0,31.913065,9.549601,34.6453
6,4.6560,233,24,0,32.045208,9.098311,34.0354
6,4.6760,234,23,0,32.177094,9.083531,33.4228
6,4.6960,235,25,0,32.197632,8.820610,32.8075
6,4.7160,236,25,0,32.329170,8.792229,32.1896
6,4.7360,237,25,0,32.028316,8.746862,31.5689
6,4.7560,238,26,0,32.160194,8.658698,30.9456
6,4.7760,239,25,0,32.291801,8.656621,30.3197
6,4.7960,240,24,0,32.423145,8.444144,29.6912
6,4.8160,241,24,0,32.554230,8.443672,29.0601
6,4.8360,242,24,0,32.583622,8.122113,28.4263
6,4.8560,243,24,0,32.608879,8.018702,27.7898
6,4.8760,244,23,0,32.643295,7.758489,27.1507
6,4.8960,245,24,0,32.674419,7.725517,26.5089
6,4.9160,246,24,0,32.721657,7.651721,25.8645
6,4.9360,247,24,0,32.852230,7.555889,25.2175
6,4.9560,248,25,0,32.927853,7.558571,24.5679
6,4.9760,249,24,0,33.057995,7.571310,23.9157
6,4.9960,250,24,0,33.187878,7.250308,23.2609
6,5.0160,251,22,0,33.317497,6.968309,22.6036
6,5.0360,252,21,0,33.446857,6.924961,21.9437
6,5.0560,253,22,0,33.390369,6.920336,21.2811
6,5.0760,254,22,0,33.519588,6.916924,20.6160
6,5.0960,255,22,0,33.648548,6.876826,19.9483
6,5.1160,256,22,0,33.777252,6.314858,19.2780
6,5.1360,257,22,0,33.826611,6.062014,18.6051
6,5.1560,258,22,0,33.914974,5.792704,17.9296
6,5.1760,259,22,0,34.015995,5.625213,17.2516
6,5.1960,260,23,0,34.101994,5.579943,16.5710
6,5.2160,261,23,0,34.229782,5.550788,15.8878
6,5.2360,262,23,0,34.325317,5.153417,15.2021
6,5.2560,263,24,0,34.432007,5.080648,14.5138
6,5.2760,264,24,0,34.543404,5.075368,13.8230
6,5.2960,265,24,0,34.478931,4.670774,13.1335
6,5.3160,266,27,0,34.386383,4.464471,12.4459
6,5.3360,267,27,0,34.107521,4.302879,11.7639
6,5.3560,268,27,0,33.518356,3.707424,11.0939
6,5.3760,269,28,0,32.192963,3.514480,10.4516
6,5.3960,270,29,0,29.977299,3.452027,9.8574
6,5.4160,271,30,0,29.089058,3.445149,9.2834
6,5.4360,272,30,0,28.839052,3.415071,8.7161
6,5.4560,273,29,0,28.822147,3.235827,8.1499
6,5.4760,274,29,0,28.870415,3.140635,7.5831
6,5.4960,275,29,0,28.814541,3.079915,7.0184
6,5.5160,276,31,0,28.859621,2.928151,6.4534
6,5.5360,277,31,0,28.552532,2.696735,5.8979
6,5.5560,278,31,0,28.148226,2.625504,5.3548
6,5.5760,279,31,0,26.887068,2.415683,4.8629
6,5.5960,280,31,0,26.738104,2.365558,4.4029
6,5.6160,281,31,0,27.125029,2.101670,3.9641
6,5.6360,282,31,0,27.375385,2.071847,3.5254
6,5.6560,283,31,0,27.478714,2.031634,3.0823
6,5.6760,284,31,0,27.582325,1.970255,2.8809
6,5.6960,285,31,0,28.269838,1.901965,2.8907
6,5.7160,286,28,0,29.802927,1.749362,2.8966
6,5.7360,287,28,0,29.874826,1.553346,2.8985
6,5.7560,288,27,0,14.032840,1.394641,2.8965
6,5.7760,289,27,0,13.957080,1.337472,2.8906
6,5.7960,290,30,0,13.927670,1.262685,2.8808
6,5.8160,291,29,0,12.804139,1.229240,2.8671
6,5.8360,292,32,0,12.790519,1.190318,2.8495
6,5.8560,293,31,0,12.779919,1.162946,2.8280
6,5.8760,294,31,0,12.772326,1.129265,2.8027
6,5.8960,295,30,0,12.767730,1.098327,2.7735
6,5.9160,296,30,0,12.766115,1.043504,2.7404
6,5.9360,297,30,0,12.767466,1.009192,2.7034
6,5.9560,298,29,0,12.771762,0.946083,2.6626
6,5.9760,299,30,0,12.778983,0.922471,2.6180
6,5.9960,300,30,0,12.789106,0.904779,2.5695
6,6.0160,301,30,0,12.802111,0.849220,2.5173
6,6.0360,302,30,0,12.817966,0.828430,2.4612
6,6.0560,303,31,0,12.836645,0.811286,2.4012
6,6.0760,304,30,0,12.858120,0.775466,2.3375
6,6.0960,305,30,0,12.882359,0.763731,2.3448
6,6.1160,306,30,0,12.909328,0.728302,2.3789
6,6.1360,307,30,0,12.938996,0.720193,2.4090
6,6.1560,308,30,0,12.971327,0.708906,2.4352
6,6.1760,309,30,0,13.006284,0.682935,2.4574
6,6.1960,310,30,0,13.043829,0.670405,2.4756
6,6.2160,311,28,0,13.083923,0.655074,2.4899
6,6.2360,312,29,0,13.126530,0.648907,2.5002
6,6.2560,313,29,0,13.171604,0.641019,2.5065
6,6.2760,314,29,0,13.219109,0.639259,2.5090
6,6.2960,315,30,0,13.269000,0.633166,2.5075
6,6.3160,316,30,0,13.321236,0.604454,2.5021
6,6.3360,317,38,0,13.375772,0.602450,2.4928
6,6.3560,318,39,0,13.432568,0.591936,2.4796
6,6.3760,319,38,0,13.491578,0.574674,2.4625
6,6.3960,320,41,0,13.552758,0.568059,2.4415
6,6.4170,321,41,0,13.616063,0.544427,2.4166
6,6.4360,322,41,0,10.539443,0.510141,2.3879
6,6.4560,323,41,0,9.154832,0.489150,2.3553
6,6.4760,324,41,0,9.211802,0.465897,2.3188
6,6.4960,325,41,0,9.272187,0.415890,2.2785
6,6.5160,326,43,0,9.335897,0.405377,2.2344
6,6.5360,327,45,0,9.402844,0.401671,2.1864
6,6.5560,328,46,0,9.472936,0.397868,2.1346
6,6.5760,329,47,0,8.844975,0.386267,2.0790
6,6.5960,330,52,0,8.868826,0.379406,2.0196
6,6.6160,331,52,0,8.896750,0.376672,1.9563
6,6.6360,332,52,0,8.661525,0.357615,1.8893
6,6.6560,333,52,0,8.721902,0.354525,1.8185
6,6.6760,334,52,0,8.785841,0.341870,1.7439
6,6.6960,335,52,0,8.853241,0.330517,1.6656
6,6.7160,336,49,0,8.923998,0.330442,1.5835
6,6.7360,337,51,0,8.998012,0.331323,1.5290
6,6.7560,338,52,0,9.075177,0.330682,1.5230
6,6.7760,339,52,0,9.155393,0.321361,1.5164
6,6.7960,340,52,0,9.238557,0.320667,1.5089
6,6.8160,341,53,0,9.324567,0.320069,1.5090
6,6.8360,342,53,0,9.413324,0.310613,1.5167
6,6.8560,343,52,0,9.504730,0.304924,1.5259
6,6.8760,344,52,0,9.598686,0.272435,1.5335
6,6.8960,345,53,0,9.695099,0.269698,1.5394
6,6.9160,346,53,0,7.454062,0.213979,1.5441
6,6.9360,347,54,0,7.466855,0.211020,1.5476
6,6.9560,348,55,0,6.695530,0.194647,1.5500
6,6.9760,349,55,0,6.706731,0.190860,1.5512
6,6.9960,350,55,0,6.723530,0.187293,1.5512
6,7.0160,351,56,0,6.745852,0.186889,1.5499
6,7.0360,352,57,0,6.773608,0.188272,1.5472
6,7.0560,353,57,0,6.806699,0.189515,1.5439
6,7.0760,354,57,0,6.845016,0.190659,1.5398
6,7.0970,355,57,0,6.888438,0.192246,1.5351
6,7.1160,356,58,0,6.936838,0.193963,1.5297
6,7.1360,357,62,0,6.990080,0.196804,1.5233
6,7.1560,358,62,0,5.695338,0.181209,1.5158
6,7.1760,359,63,0,5.690707,0.182673,1.5070
6,7.1960,360,63,0,5.692822,0.184829,1.4988
6,7.2160,361,63,0,5.701635,0.187324,1.4988
6,7.2360,362,64,0,5.717076,0.174282,1.4988
6,7.2560,363,64,0,5.739052,0.173888,1.4988
6,7.2760,364,64,0,5.767449,0.173820,1.4988
6,7.2960,365,64,0,5.802133,0.174646,1.4988
6,7.3160,366,65,0,5.842953,0.175751,1.4988
6,7.3360,367,66,0,5.889745,0.177662,1.4988
6,7.3560,368,67,0,4.641688,0.166627,1.4988
6,7.3760,369,67,0,4.599996,0.168472,1.4988
6,7.3960,370,67,0,4.566569,0.171019,1.4988
6,7.4160,371,75,0,4.554285,0.159347,1.4988
6,7.4360,372,75,0,4.560805,0.161453,1.4988
6,7.4560,373,75,0,4.516966,0.162385,1.4988
6,7.4760,374,75,0,4.517462,0.155563,1.4988
6,7.4960,375,75,0,4.526424,0.145140,1.4988
6,7.5160,376,75,0,4.543751,0.130032,1.4988
6,7.5360,377,75,0,4.569297,0.131165,1.4988
6,7.5560,378,74,0,4.602877,0.124041,1.4988
6,7.5760,379,74,0,4.004865,0.117126,1.4988
6,7.5970,380,74,0,3.967002,0.116115,1.4988
6,7.6160,381,71,0,4.032719,0.115003,1.4988
6,7.6360,382,71,0,4.106339,0.112986,1.4988
6,7.6560,383,71,0,4.165481,0.111720,1.4988
6,7.6760,384,71,0,4.224587,0.109784,1.4988
6,7.6960,385,71,0,4.291466,0.109601,1.4988
6,7.7160,386,90,0,3.749330,0.100466,1.4988
6,7.7360,387,90,0,3.753114,0.098455,1.4988
6,7.7570,388,90,0,3.767059,0.098722,1.4988
6,7.7760,389,90,0,3.790990,0.099446,1.4988
6,7.7960,390,91,0,3.824663,0.100589,1.4988
6,7.8160,391,91,0,3.867762,0.102138,1.4988
6,7.8360,392,91,0,3.919920,0.104090,1.4988
6,7.8560,393,91,0,3.263717,0.088677,1.4988
6,7.8760,394,91,0,3.201830,0.088992,1.4988
6,7.8960,395,91,0,3.151293,0.089698,1.4988
6,7.9160,396,91,0,3.112585,0.090782,1.4988
6,7.9360,397,91,0,3.086073,0.092185,1.4988
6,7.9560,398,91,0,3.071998,0.090074,1.4988
6,7.9760,399,91,0,3.070456,0.072716,1.4988
6,7.9960,400,91,0,3.081389,0.066730,1.4988
6,8.0160,401,91,0,3.104594,0.060334,1.4988
6,8.0360,402,92,0,3.139723,0.058150,1.4988
6,8.0560,403,92,0,3.186311,0.056851,1.4988
6,8.0760,404,92,0,3.243795,0.055966,1.4988
6,8.0970,405,92,0,3.311540,0.054280,1.4988
6,8.1160,406,92,0,3.388863,0.052826,1.4988
6,8.1360,407,92,0,1.973612,0.037267,1.4988
6,8.1560,408,92,0,1.878858,0.035112,1.4988
6,8.1760,409,93,0,1.802218,0.033661,1.4988
6,8.1960,410,93,0,1.735305,0.032930,1.4988
6,8.2160,411,93,0,1.675369,0.032332,1.4988
6,8.2360,412,93,0,1.622262,0.031870,1.4988
6,8.2570,413,93,0,1.577965,0.031539,1.4988
6,8.2760,414,93,0,1.597900,0.031339,1.4988
6,8.2960,415,93,0,1.624337,0.031266,1.4988
6,8.3160,416,93,0,1.657287,0.031319,1.4988
6,8.3360,417,93,0,1.696779,0.031512,1.4988
6,8.3560,418,93,0,1.742838,0.031834,1.4988
6,8.3760,419,93,0,1.795474,0.032282,1.4988
6,8.3960,420,93,0,1.854741,0.032856,1.4988
6,8.4160,421,93,0,1.920617,0.033555,1.4988
6,8.4360,422,93,0,1.993095,0.034380,1.4988
6,8.4560,423,93,0,2.072140,0.035330,1.4988
6,8.4760,424,97,0,2.157668,0.036404,1.4988
6,8.4960,425,97,0,2.249622,0.037602,1.4988
6,8.5160,426,97,0,1.544492,0.023035,1.4988
6,8.5360,427,97,0,1.584487,0.022728,1.4988
6,8.5560,428,98,0,1.630615,0.022561,1.4988
6,8.5760,429,98,0,1.682938,0.022564,1.4988
6,8.5970,430,98,0,1.741501,0.022683,1.4988
6,8.6160,431,98,0,1.806356,0.021427,1.4988
6,8.6360,432,98,0,1.877515,0.021141,1.4988
6,8.6560,433,98,0,1.954995,0.020941,1.4988
6,8.6760,434,98,0,2.038753,0.020802,1.4988
6,8.6960,435,98,0,2.128724,0.021301,1.4988
6,8.7160,436,98,0,2.224766,0.022261,1.4988
6,8.7360,437,98,0,0.719795,0.007198,1.4988
6,8.7560,438,98,0,0.653439,0.006535,1.4988
6,8.7760,439,98,0,0.596272,0.005963,1.4988
6,8.7960,440,98,0,0.551456,0.005515,1.4988
6,8.8160,441,98,0,0.422705,0.004227,1.4988
6,8.8360,442,98,0,0.305679,0.003057,1.4988
6,8.8560,443,98,0,0.213121,0.002131,1.4988
6,8.8760,444,98,0,0.120775,0.001208,1.4988
6,8.8960,445,98,0,0.028132,0.000281,1.4988
6,8.9160,446,98,0,0.000125,0.000001,1.4988
6,8.9360,447,98,0,0.000086,0.000001,1.4988
6,8.9560,448,98,0,0.000000,0.000000,1.4988
6,8.9760,449,98,0,0.000000,0.000000,1.4988
6,8.9960,450,98,0,0.000000,0.000000,1.4988
6,9.0160,451,98,0,0.000000,0.000000,1.4988
6,9.0360,452,98,0,0.000000,0.000000,1.4988
6,9.0560,453,98,0,0.000000,0.000000,1.4988
6,9.0760,454,98,0,0.000000,0.000000,1.4988
6,9.0970,455,99,0,0.000000,0.000000,1.4988
6,9.1160,456,99,0,0.000000,0.000000,1.4988
6,9.1360,457,99,0,0.000000,0.000000,1.4988
6,9.1560,458,99,0,0.000000,0.000000,1.4988
6,9.1760,459,99,0,0.000000,0.000000,1.4988
6,9.1960,460,99,0,0.000000,0.000000,1.4988
6,9.2160,461,99,0,0.000000,0.000000,1.4988
6,9.2360,462,99,0,0.000000,0.000000,1.4988
6,9.2560,463,99,0,0.000000,0.000000,1.4988
6,9.2760,464,99,0,0.000000,0.000000,1.4988
6,9.2960,465,99,0,0.000000,0.000000,1.4988
6,9.3160,466,99,0,0.000000,0.000000,1.4988
6,9.3360,467,99,0,0.000000,0.000000,1.4988
6,9.3560,468,100,0,0.000000,0.000000,1.4988
7,0.0170,1,0,0,0.000000,0.000000,99.5000
7,0.0370,2,0,0,0.196000,0.189454,99.4961
7,0.0570,3,0,0,0.391608,0.372928,99.4882
7,0.0770,4,0,0,0.586825,0.550107,99.4765
7,0.0970,5,0,0,0.781651,0.721313,99.4609
7,0.1180,6,0,0,0.976088,0.886034,99.4414
7,0.1370,7,0,0,1.170136,1.044723,99.4180
7,0.1570,8,0,0,1.363795,1.197091,99.3907
7,0.1770,9,0,0,1.557068,1.345545,99.3595
7,0.1970,10,0,0,1.749954,1.490896,99.3245
7,0.2170,11,0,0,1.942454,1.629482,99.2857
7,0.2370,12,0,0,2.134569,1.770990,99.2430
7,0.2570,13,0,0,2.326300,1.905603,99.1965
7,0.2780,14,0,0,2.517648,2.033616,99.1461
7,0.2970,15,0,0,2.708612,2.159258,99.0919
7,0.3170,16,0,0,2.899195,2.278087,99.0340
7,0.3370,17,0,0,3.089390,2.394145,98.9722
7,0.3570,18,0,0,3.279179,2.502060,98.9066
7,0.3770,19,0,0,3.468504,2.604226,98.8372
7,0.3970,20,0,0,3.657227,2.705342,98.7641
7,0.4170,21,0,0,3.845067,2.800874,98.6872
7,0.4380,22,0,0,4.031509,2.889972,98.6066
7,0.4570,23,0,0,4.215786,2.972057,98.5222
7,0.4770,24,0,0,4.396284,3.046548,98.4343
7,0.4970,25,0,0,4.571438,3.114427,98.3429
7,0.5170,26,0,0,4.738660,3.176533,98.2481
7,0.5370,27,0,0,4.895778,3.233046,98.1502
7,0.5570,28,0,0,5.040581,3.284285,98.0494
7,0.5770,29,0,0,5.170966,3.330258,97.9460
7,0.5970,30,0,0,5.284600,3.371387,97.8403
7,0.6180,31,0,0,5.379938,3.406568,97.7327
7,0.6370,32,0,0,5.456719,3.436996,97.6235
7,0.6570,33,0,0,5.516768,3.463732,97.5132
7,0.6770,34,0,0,5.564677,3.487929,97.4019
7,0.6970,35,0,0,5.605924,3.514639,97.2898
7,0.7170,36,0,0,5.700361,3.550853,97.1768
7,0.7370,37,0,0,5.757642,3.577880,97.0625
7,0.7570,38,0,0,5.797443,3.597970,96.9465
7,0.7770,39,0,0,5.857030,3.613044,96.8294
7,0.7970,40,0,0,5.873275,3.623071,96.7119
7,0.8170,41,0,0,5.858062,3.630253,96.5948
7,0.8370,42,0,0,5.869137,3.635767,96.4778
7,0.8570,43,0,0,5.885976,3.641765,96.3605
7,0.8770,44,0,0,5.890876,3.651333,96.2427
7,0.8970,45,0,0,5.903856,3.666822,96.1247
7,0.9170,46,0,0,5.887650,3.687836,96.0069
7,0.9370,47,0,0,5.851902,3.714224,95.8899
7,0.9570,48,0,0,5.706887,3.751670,95.7758
7,0.9770,49,0,0,5.481201,3.797356,95.6662
7,0.9970,50,0,0,6.362891,3.907256,95.5624
7,1.0170,51,0,0,6.577050,3.986353,95.4649
7,1.0370,52,0,0,7.534069,4.058392,95.3739
7,1.0570,53,0,0,8.730887,4.167763,95.2893
7,1.0770,54,0,0,9.915191,4.307192,95.2105
7,1.0970,55,0,0,11.020141,4.471492,95.1369
7,1.1180,56,0,0,12.038498,4.658550,95.0677
7,1.1370,57,0,0,12.616002,4.848186,95.0022
7,1.1570,58,0,0,13.042550,5.030896,94.9396
7,1.1770,59,0,0,13.113646,5.217685,94.8792
7,1.1970,60,0,0,13.184797,5.396829,94.8207
7,1.2170,61,0,0,13.257986,5.565326,94.7638
7,1.2370,62,0,0,13.333164,5.708760,94.7082
7,1.2570,63,0,0,13.410284,5.847079,94.6533
7,1.2780,64,0,0,13.489297,5.985479,94.5984
7,1.2970,65,0,0,13.570156,6.125039,94.5426
7,1.3170,66,0,0,13.652813,6.263831,94.4853
7,1.3370,67,0,0,13.737222,6.405091,94.4261
7,1.3570,68,0,0,13.823336,6.548343,94.3648
7,1.3770,69,0,0,13.911111,6.693082,94.3014
7,1.3970,70,0,0,14.000501,6.839064,94.2355
7,1.4170,71,0,0,14.091461,6.987614,94.1666
7,1.4380,72,0,0,14.183949,7.134979,94.0946
7,1.4570,73,0,0,14.277921,7.283278,94.0190
7,1.4770,74,0,0,14.373335,7.433029,93.9397
7,1.4970,75,0,0,14.470149,7.583788,93.8566
7,1.5170,76,0,0,14.568324,7.735271,93.7699
7,1.5370,77,0,0,14.667818,7.887387,93.6794
7,1.5570,78,0,0,14.778764,8.037419,93.5852
7,1.5770,79,0,0,14.943655,8.185857,93.4872
7,1.5970,80,0,0,15.108257,8.336111,93.3856
7,1.6180,81,0,0,15.272569,8.489758,93.2802
7,1.6370,82,0,0,15.436587,8.642432,93.1711
7,1.6570,83,0,0,15.600316,8.795465,93.0582
7,1.6770,84,0,0,15.763751,8.948813,92.9417
7,1.6970,85,0,0,15.926892,9.102979,92.8216
7,1.7170,86,0,0,16.089739,9.258039,92.6977
7,1.7370,87,0,0,16.252293,9.413256,92.5701
7,1.7570,88,0,0,16.414549,9.568145,92.4389
7,1.7780,89,0,0,16.576511,9.725057,92.3041
7,1.7970,90,0,0,16.738174,9.881914,92.1656
7,1.8170,91,0,0,16.899546,10.037250,92.0234
7,1.8370,92,0,0,17.060617,10.191642,91.8776
7,1.8570,93,0,0,17.221397,10.346589,91.7282
7,1.8770,94,0,0,17.381878,10.502548,91.5751
7,1.8970,95,0,0,17.542061,10.658792,91.4185
7,1.9170,96,0,0,17.701946,10.814691,91.2582
7,1.9370,97,0,0,17.861538,10.970282,91.0944
7,1.9570,98,0,0,18.020828,11.126655,90.9269
7,1.9770,99,0,0,18.179821,11.282878,90.7559
7,1.9970,100,0,0,18.338518,11.439968,90.5813
7,2.0170,101,0,0,18.496916,11.597845,90.4031
7,2.0370,102,0,0,18.655018,11.755659,90.2213
7,2.0570,103,0,0,18.812820,11.913329,90.0360
7,2.0770,104,0,0,18.970329,12.070808,89.8471
7,2.0970,105,0,0,19.127539,12.228056,89.6547
7,2.1180,106,0,0,19.284452,12.386966,89.4588
7,2.1370,107,0,0,19.441067,12.543767,89.2593
7,2.1570,108,0,0,19.597387,12.700344,89.0564
7,2.1770,109,0,0,19.753408,12.856766,88.8499
7,2.1970,110,0,0,19.909132,13.013072,88.6398
7,2.2170,111,0,0,20.064562,13.169203,88.4263
7,2.2370,112,0,0,20.219694,13.325243,88.2093
7,2.2570,113,0,0,20.374529,13.481224,87.9889
7,2.2780,114,0,0,20.529068,13.637162,87.7649
7,2.2970,115,0,0,20.683311,13.793306,87.5375
7,2.3170,116,0,0,20.837261,13.894823,87.3066
7,2.3370,117,0,0,20.990915,13.970790,87.0722
7,2.3570,118,0,0,21.144272,14.122436,86.8344
7,2.3770,119,0,0,21.297338,14.273134,86.5931
7,2.3970,120,0,0,21.450108,14.419770,86.3484
7,2.4170,121,0,0,21.602583,14.392386,86.1003
7,2.4370,122,0,0,21.754765,14.378655,85.8488
7,2.4570,123,0,0,21.906652,14.505544,85.5938
7,2.4770,124,0,0,22.058249,14.446001,85.3354
7,2.4970,125,0,0,20.793354,14.225245,85.0737
7,2.5170,126,0,0,20.946508,14.362979,84.8085
7,2.5370,127,0,0,21.099380,14.410708,84.5399
7,2.5570,128,0,0,21.251968,14.047498,84.2680
7,2.5770,129,0,0,21.404276,14.169231,83.9927
7,2.5970,130,0,0,21.556297,14.182260,83.7140
7,2.6180,131,0,0,21.708036,14.211109,83.4319
7,2.6370,132,0,0,21.859493,14.052645,83.1465
7,2.6570,133,0,0,22.010668,14.119345,82.8577
7,2.6770,134,0,0,21.668602,14.169991,82.5656
7,2.6970,135,0,0,21.820826,13.865052,82.2702
7,2.7170,136,0,0,21.972755,13.745444,81.9714
7,2.7370,137,0,0,22.124386,13.751012,81.6693
7,2.7570,138,0,0,22.275723,13.873178,81.3639
7,2.7770,139,0,0,22.426764,13.860662,81.0552
7,2.7970,140,0,0,22.577511,13.888055,80.7432
7,2.8170,141,0,0,22.678362,13.748494,80.4279
7,2.8370,142,0,0,22.828838,13.792303,80.1093
7,2.8570,143,0,0,22.979013,13.833462,79.7874
7,2.8770,144,0,0,23.128891,13.855497,79.4622
7,2.8970,145,0,0,22.612383,13.785476,79.1338
7,2.9170,146,0,0,22.762978,13.861806,78.8021
7,2.9370,147,0,0,22.913275,13.926095,78.4672
7,2.9570,148,0,0,23.063276,13.967617,78.1290
7,2.9770,149,0,0,23.212978,14.061108,77.7875
7,2.9970,150,0,0,23.362387,14.162501,77.4428
7,3.0170,151,0,0,23.511497,14.086087,77.0949
7,3.0370,152,0,0,23.660313,14.066904,76.7438
7,3.0570,153,0,0,23.808832,13.789876,76.3894
7,3.0770,154,0,0,23.957058,13.876267,76.0319
7,3.0970,155,0,0,24.104988,13.974362,75.6711
7,3.1180,156,0,0,23.914274,13.910271,75.3071
7,3.1370,157,0,0,24.062187,13.977460,74.9400
7,3.1570,158,0,0,24.121391,13.841408,74.5696
7,3.1770,159,0,0,24.056215,13.687322,74.1961
7,3.1970,160,0,0,23.989851,13.614649,73.8194
7,3.2170,161,0,0,24.137825,13.622981,73.4395
7,3.2370,162,1,0,24.163336,13.637656,73.0565
7,3.2570,163,1,0,24.310644,13.732035,72.6703
7,3.2770,164,1,0,24.457666,13.775649,72.2810
7,3.2970,165,2,0,24.604399,13.796520,71.8885
7,3.3170,166,2,0,24.750843,13.671948,71.4929
7,3.3370,167,2,0,24.897001,13.681283,71.0942
7,3.3570,168,2,0,25.042871,13.593084,70.6923
7,3.3770,169,4,0,25.188456,13.617757,70.2874
7,3.3970,170,5,0,25.333752,13.668606,69.8793
7,3.4170,171,5,0,25.478764,13.728272,69.4681
7,3.4370,172,5,0,25.116497,13.806119,69.0538
7,3.4570,173,5,0,25.261784,13.895848,68.6364
7,3.4770,174,5,0,25.406784,13.984668,68.2160
7,3.4970,175,5,0,25.551502,14.035020,67.7924
7,3.5170,176,5,0,25.695940,14.061740,67.3658
7,3.5370,177,6,0,25.840096,13.946737,66.9362
7,3.5570,178,6,0,25.983969,13.706541,66.5034
7,3.5770,179,7,0,26.127562,13.781874,66.0676
7,3.5980,180,7,0,26.270874,13.798992,65.6288
7,3.6180,181,6,0,26.413906,13.863848,65.1869
7,3.6370,182,6,0,26.556658,13.781795,64.7420
7,3.6570,183,6,0,26.699131,13.841086,64.2940
7,3.6770,184,6,0,26.841322,13.890784,63.8430
7,3.6970,185,6,0,26.983236,13.703016,63.3891
7,3.7170,186,6,0,27.124874,13.589912,62.9321
7,3.7370,187,6,0,26.617401,13.340977,62.4720
7,3.7570,188,6,0,26.759766,13.376683,62.0090
7,3.7770,189,6,0,26.901852,13.429710,61.5430
7,3.7970,190,6,0,27.043657,13.351719,61.0740
7,3.8170,191,6,0,27.185184,13.389476,60.6021
7,3.8370,192,6,0,27.104578,13.218251,60.1271
7,3.8570,193,6,0,27.246344,13.213024,59.6492
7,3.8770,194,6,0,27.387829,13.253222,59.1683
7,3.8970,195,6,0,27.529030,13.063115,58.6845
7,3.9170,196,7,0,27.669949,12.989423,58.1977
7,3.9370,197,7,0,27.810589,13.004333,57.7079
7,3.9580,198,9,0,27.950947,12.883316,57.2153
7,3.9770,199,9,0,28.091022,12.898713,56.7196
7,3.9970,200,7,0,28.210814,12.675797,56.2211
7,4.0170,201,7,0,28.350330,12.710017,55.7196
7,4.0370,202,8,0,28.454979,12.701014,55.2152
7,4.0570,203,8,0,28.593744,12.754296,54.7079
7,4.0770,204,8,0,28.732237,12.561535,54.1977
7,4.0970,205,7,0,28.870457,12.577523,53.6846
7,4.1180,206,8,0,28.682344,12.124335,53.1686
7,4.1370,207,8,0,28.820515,12.157360,52.6498
7,4.1570,208,9,0,28.958412,12.205220,52.1280
7,4.1770,209,7,0,28.530277,11.978009,51.6033
7,4.1970,210,7,0,28.668755,11.991159,51.0758
7,4.2170,211,7,0,28.806963,12.040027,50.5455
7,4.2370,212,7,0,28.944901,12.077187,50.0122
7,4.2570,213,7,0,29.082569,12.107635,49.4761
7,4.2770,214,9,0,28.902382,11.991223,48.9372
7,4.2970,215,9,0,29.040272,12.042670,48.3954
7,4.3170,216,9,0,29.177891,12.091014,47.8508
7,4.3370,217,9,0,29.315235,12.011133,47.3034
7,4.3570,218,9,0,29.422024,11.777456,46.7531
7,4.3770,219,9,0,29.497757,11.637115,46.2000
7,4.3970,220,9,0,29.620411,11.590792,45.6441
7,4.4170,221,10,0,29.673338,11.670705,45.0854
7,4.4370,222,11,0,29.809938,11.719875,44.5238
7,4.4580,223,12,0,29.920156,11.600606,43.9595
7,4.4770,224,13,0,30.013941,11.289251,43.3924
7,4.4970,225,15,0,30.149902,11.298830,42.8225
7,4.5170,226,15,0,30.285593,10.566454,42.2499
7,4.5370,227,15,0,30.421013,10.441805,41.6744
7,4.5570,228,15,0,30.451668,10.365051,41.0962
7,4.5770,229,15,0,30.586739,10.417140,40.5152
7,4.5970,230,15,0,30.721539,10.443226,39.9315
7,4.6170,231,18,0,30.856071,10.432780,39.3450
7,4.6370,232,18,0,30.990334,10.193712,38.7558
7,4.6570,233,19,0,31.098753,9.861468,38.1638
7,4.6770,234,19,0,31.030952,9.831908,37.5691
7,4.6970,235,18,0,31.164820,9.865639,36.9716
7,4.7170,236,18,0,31.298420,9.637975,36.3715
7,4.7370,237,17,0,31.123924,9.422009,35.7686
7,4.7570,238,17,0,31.257605,9.352160,35.1630
7,4.7770,239,18,0,31.267105,9.196287,34.5547
7,4.7970,240,23,0,31.344074,9.013591,33.9436
7,4.8170,241,24,0,31.414194,8.772359,33.3299
7,4.8370,242,26,0,31.479002,8.581988,32.7135
7,4.8570,243,26,0,31.612001,8.510583,32.0944
7,4.8770,244,27,0,31.719688,8.543801,31.4727
7,4.8970,245,28,0,31.848648,8.539262,30.8482
7,4.9170,246,28,0,31.980944,8.564014,30.2211
7,4.9370,247,28,0,31.993979,8.451415,29.5913
7,4.9580,248,28,0,32.125992,8.271347,28.9589
7,4.9770,249,30,0,32.257736,8.175378,28.3238
7,4.9970,250,31,0,32.353485,8.159858,27.6860
7,5.0170,251,31,0,32.430855,8.099900,27.0456
7,5.0370,252,31,0,32.561993,8.048531,26.4026
7,5.0570,253,26,0,32.633240,7.942714,25.7569
7,5.0770,254,26,0,32.763969,7.910662,25.1086
7,5.0970,255,26,0,32.894444,7.856254,24.4577
7,5.1170,256,26,0,33.024654,7.879502,23.8041
7,5.1370,257,25,0,33.154602,7.861767,23.1480
7,5.1570,258,25,0,33.239525,7.605230,22.4892
7,5.1770,259,23,0,33.369041,7.441875,21.8279
7,5.1970,260,24,0,33.498295,6.864557,21.1639
7,5.2170,261,23,0,33.594833,6.614419,20.4973
7,5.2370,262,25,0,33.680752,6.596672,19.8282
7,5.2570,263,24,0,33.809383,6.428137,19.1565
7,5.2770,264,23,0,33.857071,6.023098,18.4822
7,5.2970,265,26,0,33.980072,5.683948,17.8053
7,5.3170,266,27,0,34.103214,5.323572,17.1259
7,5.3370,267,27,0,34.204201,5.028704,16.4439
7,5.3570,268,27,0,34.292179,4.909096,15.7593
7,5.3770,269,28,0,34.363216,4.771959,15.0722
7,5.3970,270,28,0,34.483753,4.703130,14.3826
7,5.4170,271,28,0,34.610779,4.490388,13.6904
7,5.4370,272,28,0,34.737549,4.251387,12.9956
7,5.4580,273,29,0,34.864063,4.048190,12.2984
7,5.4770,274,28,0,30.299501,3.950856,11.6989
7,5.4970,275,27,0,28.979136,3.920160,11.1252
7,5.5170,276,29,0,28.689354,3.902564,10.5569
7,5.5370,277,26,0,28.811871,3.904014,9.9894
7,5.5570,278,26,0,28.704641,3.736806,9.4199
7,5.5770,279,27,0,28.360916,3.661184,8.8588
7,5.5970,280,26,0,27.765654,3.588338,8.3141
7,5.6170,281,24,0,27.848833,3.458009,7.7676
7,5.6370,282,28,0,27.968790,3.422850,7.2174
7,5.6570,283,28,0,28.105906,3.384701,6.6646
7,5.6770,284,29,0,28.242786,3.253785,6.1084
7,5.6970,285,29,0,28.379435,3.196926,5.5492
7,5.7170,286,26,0,28.515848,3.087406,4.9872
7,5.7370,287,26,0,28.226492,3.054337,4.4350
7,5.7570,288,26,0,27.789730,2.882228,3.9007
7,5.7770,289,26,0,27.762213,2.843233,3.3704
7,5.7980,290,26,0,24.028475,2.666586,3.0290
7,5.8170,291,27,0,17.108343,2.370931,2.9950
7,5.8370,292,27,0,16.749493,2.140453,2.9571
7,5.8570,293,26,0,16.720436,2.019212,2.9154
7,5.8770,294,26,0,16.785873,1.840342,2.8699
7,5.8970,295,26,0,16.852877,1.717301,2.8205
7,5.9170,296,26,0,16.921419,1.655676,2.7673
7,5.9370,297,26,0,16.991467,1.602652,2.7103
7,5.9580,298,26,0,17.062992,1.531342,2.6495
7,5.9770,299,25,0,9.851077,1.421552,2.5849
7,5.9970,300,25,0,9.831485,1.393701,2.5165
7,6.0170,301,25,0,9.815843,1.370501,2.4443
7,6.0370,302,25,0,10.167295,1.333790,2.3684
7,6.0570,303,24,0,10.096763,1.302639,2.2886
7,6.0770,304,23,0,10.029946,1.215642,2.2052
7,6.0970,305,23,0,9.966897,1.169659,2.1179
7,6.1170,306,23,0,9.907661,1.111964,2.0269
7,6.1370,307,23,0,9.852283,1.061157,1.9585
7,6.1570,308,23,0,9.800804,1.019365,1.9442
7,6.1770,309,23,0,9.753260,0.992944,1.9258
7,6.1970,310,23,0,9.709683,0.914238,1.9033
7,6.2170,311,23,0,9.670104,0.873545,1.9153
7,6.2370,312,22,0,9.634546,0.840603,1.9293
7,6.2570,313,22,0,9.603029,0.792851,1.9394
7,6.2770,314,21,0,9.575567,0.742992,1.9455
7,6.2980,315,21,0,9.552173,0.720262,1.9477
7,6.3170,316,21,0,9.532848,0.701795,1.9459
7,6.3370,317,21,0,9.517597,0.673388,1.9403
7,6.3570,318,21,0,9.506413,0.629148,1.9307
7,6.3770,319,21,0,9.499285,0.618316,1.9172
7,6.3970,320,21,0,9.496199,0.602316,1.8999
7,6.4170,321,21,0,9.497133,0.582976,1.8786
7,6.4370,322,26,0,9.502065,0.559817,1.8535
7,6.4570,323,26,0,9.510962,0.558343,1.8245
7,6.4770,324,26,0,9.523790,0.538349,1.7916
7,6.4970,325,26,0,9.540510,0.537980,1.8010
7,6.5170,326,26,0,9.561077,0.527987,1.8157
7,6.5370,327,27,0,9.585444,0.527761,1.8265
7,6.5570,328,27,0,9.613558,0.521196,1.8333
7,6.5770,329,23,0,9.645364,0.506205,1.8362
7,6.5970,330,23,0,9.680802,0.507606,1.8423
7,6.6170,331,28,0,9.719810,0.501500,1.8466
7,6.6380,332,28,0,9.762325,0.496144,1.8469
7,6.6570,333,31,0,9.808277,0.499820,1.8433
7,6.6770,334,31,0,9.857595,0.466757,1.8401
7,6.6970,335,32,0,9.910211,0.429178,1.8350
7,6.7280,336,29,0,9.966047,0.428041,1.8260
7,6.7310,337,31,0,10.025030,0.425557,1.8158
7,6.7570,338,33,0,10.087084,0.428829,1.8032
7,6.7770,339,33,0,10.152131,0.415015,1.7880
7,6.7980,340,33,0,10.220094,0.413995,1.7699
7,6.8170,341,40,0,10.290894,0.383105,1.7488
7,6.8370,342,40,0,10.364452,0.383610,1.7246
7,6.8570,343,40,0,6.341935,0.346351,1.6969
7,6.8770,344,41,0,6.255842,0.346906,1.6657
7,6.8970,345,42,0,6.175267,0.339076,1.6307
7,6.9170,346,42,0,6.100389,0.307049,1.5922
7,6.9370,347,42,0,6.031378,0.306827,1.5502
7,6.9570,348,42,0,5.968398,0.295438,1.5047
7,6.9770,349,45,0,5.911601,0.280655,1.5009
7,6.9970,350,45,0,5.861125,0.251468,1.5009
7,7.0170,351,48,0,5.817095,0.246146,1.5013
7,7.0370,352,50,0,5.779616,0.240411,1.5101
7,7.0570,353,50,0,5.748775,0.238745,1.5164
7,7.0770,354,50,0,5.724639,0.215351,1.5208
7,7.0970,355,51,0,5.707253,0.213168,1.5232
7,7.1170,356,52,0,5.696635,0.189518,1.5234
7,7.1380,357,52,0,5.692783,0.181558,1.5223
7,7.1570,358,52,0,5.695672,0.179358,1.5199
7,7.1770,359,53,0,5.705250,0.166140,1.5164
7,7.1970,360,53,0,5.721443,0.164890,1.5120
7,7.2170,361,53,0,5.744156,0.165803,1.5066
7,7.2370,362,53,0,5.773273,0.161305,1.5008
7,7.2570,363,54,0,5.808659,0.153946,1.5008
7,7.2770,364,56,0,5.850161,0.150947,1.5008
7,7.2980,365,57,0,5.897613,0.140247,1.5008
7,7.3170,366,59,0,5.950833,0.138581,1.5008
7,7.3370,367,59,0,6.009634,0.140480,1.5008
7,7.3570,368,59,0,6.073816,0.140828,1.5008
7,7.3770,369,59,0,4.250614,0.124435,1.5008
7,7.3970,370,59,0,4.153552,0.126985,1.5008
7,7.4170,371,59,0,4.064205,0.117384,1.5008
7,7.4370,372,59,0,3.983033,0.096602,1.5003
7,7.4570,373,59,0,3.910484,0.083117,1.4997
7,7.4770,374,59,0,3.846983,0.079035,1.4994
7,7.4970,375,59,0,3.792922,0.076954,1.4994
7,7.5170,376,59,0,3.748647,0.076337,1.4994
7,7.5370,377,59,0,3.714444,0.062867,1.4994
7,7.5570,378,61,0,3.690529,0.062059,1.4994
7,7.5770,379,61,0,3.677039,0.059098,1.4994
7,7.5970,380,62,0,3.674027,0.058806,1.4994
7,7.6170,381,62,0,3.681456,0.058882,1.4994
7,7.6380,382,62,0,3.699199,0.059169,1.4994
7,7.6570,383,63,0,3.727049,0.060168,1.4994
7,7.6770,384,63,0,3.764720,0.061274,1.4994
7,7.6970,385,63,0,3.811862,0.062617,1.4994
7,7.7170,386,66,0,3.868071,0.064167,1.4994
7,7.7370,387,67,0,3.904783,0.065765,1.4994
7,7.7570,388,67,0,3.946467,0.067517,1.4994
7,7.7770,389,67,0,3.997067,0.069986,1.4994
7,7.7980,390,67,0,4.056194,0.072697,1.4994
7,7.8170,391,74,0,4.123427,0.063127,1.4994
7,7.8370,392,74,0,4.198323,0.063872,1.4994
7,7.8570,393,74,0,2.514575,0.046694,1.4994
7,7.8770,394,82,0,2.403165,0.044735,1.4994
7,7.8970,395,82,0,2.316800,0.043187,1.4994
7,7.9170,396,86,0,2.230524,0.041430,1.4994
7,7.9370,397,87,0,2.143613,0.037304,1.4994
7,7.9570,398,87,0,2.055644,0.036701,1.4994
7,7.9770,399,87,0,1.966373,0.036670,1.4994
7,7.9970,400,87,0,1.875757,0.036605,1.4994
7,8.0170,401,88,0,1.783994,0.023877,1.4994
7,8.0370,402,88,0,1.691496,0.022207,1.4994
7,8.0570,403,88,0,1.599049,0.020387,1.4994
7,8.0770,404,88,0,1.508040,0.018487,1.4994
7,8.0970,405,88,0,1.421994,0.016641,1.4994
7,8.1170,406,88,0,1.358649,0.015058,1.4994
7,8.1380,407,88,0,1.323408,0.013759,1.4994
7,8.1570,408,88,0,1.293919,0.012959,1.4994
7,8.1770,409,88,0,1.269751,0.012714,1.4994
7,8.1970,410,88,0,1.250894,0.012511,1.4994
7,8.2170,411,88,0,1.237279,0.012374,1.4994
7,8.2370,412,88,0,1.228844,0.012289,1.4994
7,8.2570,413,88,0,1.225548,0.012256,1.4994
7,8.2770,414,88,0,1.227363,0.012274,1.4994
7,8.2970,415,88,0,1.234273,0.012343,1.4994
7,8.3170,416,88,0,1.246287,0.012463,1.4994
7,8.3370,417,88,0,1.263419,0.012634,1.4994
7,8.3570,418,89,0,1.285689,0.012857,1.4994
7,8.3770,419,89,0,1.313162,0.013132,1.4994
7,8.3970,420,98,0,1.345859,0.013459,1.4994
7,8.4170,421,98,0,1.383879,0.013839,1.4994
7,8.4370,422,98,0,1.428095,0.014281,1.4994
7,8.4570,423,98,0,1.477626,0.014776,1.4994
7,8.4780,424,98,0,1.532502,0.015325,1.4994
7,8.4970,425,98,0,1.592994,0.015930,1.4994
7,8.5170,426,98,0,1.659251,0.016593,1.4994
7,8.5370,427,98,0,1.731289,0.017313,1.4994
7,8.5570,428,99,0,1.809160,0.018092,1.4994
7,8.5770,429,99,0,1.892870,0.018929,1.4994
7,8.5970,430,99,0,1.982404,0.019824,1.4994
7,8.6170,431,99,0,2.077700,0.020777,1.4994
7,8.6380,432,99,0,0.635919,0.006359,1.4994
7,8.6570,433,99,0,0.562876,0.005629,1.4994
7,8.6770,434,99,0,0.498748,0.004987,1.4994
7,8.6970,435,99,0,0.447753,0.004478,1.4994
7,8.7170,436,99,0,0.409795,0.004098,1.4994
7,8.7370,437,99,0,0.199860,0.001999,1.4994
7,8.7570,438,99,0,0.101257,0.001013,1.4994
7,8.7770,439,99,0,0.003019,0.000030,1.4994
7,8.7970,440,99,0,0.000499,0.000005,1.4994
7,8.8170,441,99,0,0.000070,0.000001,1.4994
7,8.8370,442,99,0,0.000033,0.000000,1.4994
7,8.8570,443,99,0,0.000017,0.000000,1.4994
7,8.8770,444,99,0,0.000014,0.000000,1.4994
7,8.8970,445,99,0,0.000011,0.000000,1.4994
7,8.9170,446,99,0,0.000009,0.000000,1.4994
7,8.9370,447,99,0,0.000008,0.000000,1.4994
7,8.9570,448,99,0,0.000006,0.000000,1.4994
7,8.9780,449,99,0,0.000005,0.000000,1.4994
7,8.9970,450,99,0,0.000004,0.000000,1.4994
7,9.0170,451,99,0,0.000003,0.000000,1.4994
7,9.0370,452,99,0,0.000003,0.000000,1.4994
7,9.0570,453,99,0,0.000002,0.000000,1.4994
7,9.0770,454,99,0,0.000002,0.000000,1.4994
7,9.0970,455,99,0,0.000001,0.000000,1.4994
7,9.1170,456,99,0,0.000001,0.000000,1.4994
7,9.1380,457,99,0,0.000001,0.000000,1.4994
7,9.1570,458,99,0,0.000001,0.000000,1.4994
7,9.1770,459,100,0,0.000000,0.000000,1.4994
8,0.0170,1,0,0,0.000000,0.000000,99.5000
8,0.0370,2,0,0,0.196000,0.189442,99.4961
8,0.0570,3,0,0,0.391608,0.372862,99.4882
8,0.0770,4,0,0,0.586825,0.550172,99.4765
8,0.0970,5,0,0,0.781651,0.721148,99.4609
8,0.1170,6,0,0,0.976088,0.886096,99.4414
8,0.1370,7,0,0,1.170136,1.044732,99.4180
8,0.1580,8,0,0,1.363795,1.197226,99.3907
8,0.1770,9,0,0,1.557068,1.343679,99.3595
8,0.1970,10,0,0,1.749954,1.483701,99.3245
8,0.2170,11,0,0,1.942454,1.617520,99.2857
8,0.2370,12,0,0,2.134569,1.745148,99.2430
8,0.2570,13,0,0,2.326300,1.866633,99.1965
8,0.2770,14,0,0,2.517648,1.985740,99.1461
8,0.2970,15,0,0,2.708612,2.105138,99.0919
8,0.3170,16,0,0,2.899194,2.221312,99.0340
8,0.3370,17,0,0,3.089387,2.337602,98.9722
8,0.3570,18,0,0,3.279171,2.451073,98.9066
8,0.3770,19,0,0,3.468484,2.552974,98.8372
8,0.3970,20,0,0,3.657186,2.646058,98.7641
8,0.4170,21,0,0,3.844981,2.733109,98.6872
8,0.4370,22,0,0,4.031358,2.816528,98.6066
8,0.4570,23,0,0,4.215495,2.900515,98.5222
8,0.4770,24,0,0,4.395621,2.983032,98.4343
8,0.4970,25,0,0,4.569968,3.058289,98.3429
8,0.5170,26,0,0,4.735771,3.125273,98.2482
8,0.5370,27,0,0,4.889958,3.184965,98.1504
8,0.5570,28,0,0,5.029703,3.237675,98.0498
8,0.5770,29,0,0,5.152520,3.285535,97.9468
8,0.5970,30,0,0,5.257875,3.328843,97.8416
8,0.6170,31,0,0,5.348473,3.369090,97.7346
8,0.6370,32,0,0,5.428832,3.405938,97.6261
8,0.6580,33,0,0,5.505933,3.438035,97.5160
8,0.6770,34,0,0,5.586636,3.465303,97.4043
8,0.6970,35,0,0,5.689219,3.486942,97.2909
8,0.7170,36,0,0,5.782901,3.503699,97.1758
8,0.7370,37,0,0,5.870643,3.515431,97.0588
8,0.7570,38,0,0,5.951082,3.525558,96.9399
8,0.7770,39,0,0,6.041550,3.534927,96.8190
8,0.7970,40,0,0,6.127496,3.543132,96.6965
8,0.8170,41,0,0,6.191983,3.552439,96.5727
8,0.8370,42,0,0,6.225607,3.564176,96.4481
8,0.8570,43,0,0,6.247762,3.579732,96.3232
8,0.8770,44,0,0,6.273977,3.601289,96.1977
8,0.8970,45,0,0,6.269074,3.629896,96.0723
8,0.9170,46,0,0,6.191875,3.666298,95.9485
8,0.9370,47,0,0,6.038320,3.713463,95.8277
8,0.9570,48,0,0,5.778604,3.773114,95.7122
8,0.9770,49,0,0,5.477574,3.845712,95.6036
8,0.9980,50,0,0,6.183534,3.929710,95.5027
8,1.0170,51,0,0,7.120251,4.029612,95.4096
8,1.0370,52,0,0,8.062797,4.148785,95.3235
8,1.0570,53,0,0,8.936317,4.294144,95.2426
8,1.0770,54,0,0,9.652522,4.465600,95.1655
8,1.0970,55,0,0,10.526416,4.662716,95.0913
8,1.1170,56,0,0,11.831282,4.883184,95.0199
8,1.1370,57,0,0,13.566553,5.109853,94.9520
8,1.1580,58,0,0,14.481394,5.321063,94.8877
8,1.1770,59,0,0,14.549531,5.511220,94.8266
8,1.1970,60,0,0,14.619510,5.683897,94.7682
8,1.2170,61,0,0,14.691295,5.805921,94.7120
8,1.2370,62,0,0,14.764845,5.928740,94.6576
8,1.2570,63,0,0,14.840119,6.056343,94.6037
8,1.2770,64,0,0,14.917083,6.186094,94.5498
8,1.2970,65,0,0,14.995693,6.315155,94.4952
8,1.3170,66,0,0,15.075912,6.443594,94.4398
8,1.3370,67,0,0,15.157702,6.570523,94.3839
8,1.3570,68,0,0,15.241026,6.697892,94.3274
8,1.3770,69,0,0,15.325846,6.826417,94.2698
8,1.3970,70,0,0,15.412124,6.958032,94.2109
8,1.4170,71,0,0,15.499824,7.093396,94.1503
8,1.4370,72,0,0,15.588910,7.231787,94.0879
8,1.4570,73,0,0,15.679348,7.372361,94.0227
8,1.4770,74,0,0,15.771102,7.514657,93.9538
8,1.4980,75,0,0,15.864136,7.658497,93.8811
8,1.5170,76,0,0,15.958418,7.803632,93.8046
8,1.5370,77,0,0,16.053913,7.945368,93.7243
8,1.5570,78,0,0,16.150589,8.088847,93.6403
8,1.5770,79,0,0,16.248417,8.233652,93.5525
8,1.5970,80,0,0,16.347359,8.379175,93.4609
8,1.6170,81,0,0,16.447390,8.524949,93.3657
8,1.6370,82,0,0,16.548473,8.671925,93.2667
8,1.6570,83,0,0,16.650585,8.822138,93.1640
8,1.6770,84,0,0,16.753691,8.972895,93.0575
8,1.6970,85,0,0,16.857765,9.124078,92.9474
8,1.7170,86,0,0,16.962780,9.274128,92.8336
8,1.7370,87,0,0,17.068707,9.416321,92.7160
8,1.7570,88,0,0,17.175518,9.566433,92.5948
8,1.7770,89,0,0,17.283190,9.718479,92.4699
8,1.7970,90,0,0,17.391691,9.871428,92.3414
8,1.8170,91,0,0,17.501001,10.025417,92.2091
8,1.8380,92,0,0,17.611094,10.180030,92.0733
8,1.8570,93,0,0,17.721947,10.331162,91.9337
8,1.8770,94,0,0,17.833534,10.484271,91.7906
8,1.8970,95,0,0,17.945831,10.637565,91.6438
8,1.9170,96,0,0,18.058821,10.791013,91.4933
8,1.9370,97,0,0,18.172476,10.946325,91.3393
8,1.9570,98,0,0,18.286777,11.098773,91.1816
8,1.9770,99,0,0,18.401703,11.250932,91.0204
8,1.9980,100,0,0,18.517233,11.405338,90.8555
8,2.0170,101,0,0,18.633350,11.560813,90.6870
8,2.0370,102,0,0,18.750031,11.716666,90.5150
8,2.0570,103,0,0,18.867256,11.872421,90.3394
8,2.0770,104,0,0,18.985010,12.028261,90.1602
8,2.0970,105,0,0,19.103273,12.184254,89.9775
8,2.1170,106,0,0,19.222027,12.340309,89.7912
8,2.1370,107,0,0,19.341255,12.496169,89.6013
8,2.1570,108,0,0,19.460941,12.651968,89.4080
8,2.1770,109,0,0,19.581068,12.808113,89.2110
8,2.1970,110,0,0,19.701620,12.964100,89.0106
8,2.2170,111,0,0,19.822580,13.120010,88.8066
8,2.2370,112,0,0,19.943935,13.275968,88.5992
8,2.2570,113,0,0,20.065668,13.431919,88.3882
8,2.2770,114,0,0,20.187767,13.587784,88.1737
8,2.2970,115,0,0,20.310217,13.743581,87.9557
8,2.3170,116,0,0,20.433004,13.868040,87.7343
8,2.3380,117,0,0,20.556114,13.984539,87.5093
8,2.3570,118,0,0,20.679535,14.119802,87.2809
8,2.3770,119,0,0,20.803253,14.273356,87.0491
8,2.3970,120,0,0,20.927259,14.413032,86.8138
8,2.4170,121,0,0,21.051537,14.552888,86.5750
8,2.4370,122,2,0,21.176077,14.703295,86.3328
8,2.4570,123,2,0,21.300867,14.644696,86.0871
8,2.4770,124,2,0,21.425896,14.791871,85.8381
8,2.4970,125,2,0,21.567764,14.938046,85.5856
8,2.5170,126,2,0,21.717299,15.081825,85.3296
8,2.5370,127,2,0,21.866594,15.225131,85.0703
8,2.5570,128,2,0,22.015648,15.371970,84.8076
8,2.5770,129,2,0,22.164459,15.518827,84.5415
8,2.5970,130,2,0,22.313026,15.478272,84.2721
8,2.6170,131,2,0,22.461349,15.602953,83.9994
8,2.6370,132,2,0,22.609430,15.644156,83.7232
8,2.6570,133,2,0,22.757267,15.786629,83.4437
8,2.6770,134,2,0,22.904856,15.755579,83.1609
8,2.6970,135,2,0,23.052202,15.824230,82.8747
8,2.7170,136,2,0,23.199297,15.962596,82.5851
8,2.7370,137,2,0,23.346148,15.637096,82.2922
8,2.7570,138,2,0,23.492748,15.591905,81.9960
8,2.7770,139,2,0,23.639101,15.615751,81.6965
8,2.7970,140,2,0,23.785204,15.636512,81.3937
8,2.8170,141,2,0,23.931059,15.754922,81.0875
8,2.8380,142,2,0,24.076662,15.684733,80.7781
8,2.8570,143,2,0,24.222015,15.798465,80.4654
8,2.8770,144,2,0,24.367117,15.920238,80.1494
8,2.8970,145,2,0,24.511969,15.937951,79.8302
8,2.9170,146,2,0,24.340826,15.736323,79.5076
8,2.9370,147,2,0,24.482187,15.305424,79.1818
8,2.9570,148,2,0,24.623362,15.224804,78.8528
8,2.9770,149,2,0,24.764343,14.848970,78.5204
8,2.9970,150,3,0,24.905132,14.921068,78.1849
8,3.0170,151,3,0,23.498749,14.634578,77.8460
8,3.0370,152,3,0,23.647165,14.520053,77.5040
8,3.0570,153,3,0,23.795294,14.612763,77.1587
8,3.0770,154,3,0,23.943138,14.692175,76.8102
8,3.0970,155,3,0,24.090693,14.644853,76.4584
8,3.1170,156,3,0,24.237963,14.391229,76.1035
8,3.1370,157,3,0,24.384947,14.476855,75.7453
8,3.1570,158,3,0,24.531649,14.545436,75.3840
8,3.1780,159,3,0,24.678061,14.619144,75.0195
8,3.1970,160,3,0,24.824188,14.690700,74.6517
8,3.2170,161,3,0,24.970034,14.766422,74.2808
8,3.2370,162,3,0,25.115595,14.368678,73.9067
8,3.2570,163,3,0,25.260872,14.071508,73.5295
8,3.2770,164,3,0,25.405867,14.155447,73.1491
8,3.2970,165,4,0,25.550579,14.073776,72.7656
8,3.3170,166,4,0,25.695009,13.892102,72.3789
8,3.3380,167,5,0,25.778374,13.744403,71.9891
8,3.3570,168,5,0,25.921968,13.801281,71.5962
8,3.3770,169,5,0,25.097445,13.484697,71.2001
8,3.3970,170,5,0,25.242502,13.555145,70.8009
8,3.4170,171,6,0,25.387283,13.607473,70.3985
8,3.4370,172,6,0,25.531786,13.685048,69.9931
8,3.4570,173,6,0,25.676010,13.725005,69.5845
8,3.4770,174,6,0,25.819954,13.774789,69.1729
8,3.4970,175,7,0,25.963623,13.831245,68.7581
8,3.5170,176,7,0,25.928255,13.847963,68.3403
8,3.5370,177,7,0,26.072191,13.902479,67.9193
8,3.5570,178,7,0,26.215843,13.862053,67.4953
8,3.5770,179,7,0,26.359211,13.893058,67.0682
8,3.5970,180,8,0,26.502295,13.750589,66.6381
8,3.6170,181,7,0,26.645096,13.687380,66.2049
8,3.6370,182,6,0,26.787615,13.654171,65.7686
8,3.6570,183,6,0,26.929852,13.484223,65.3293
8,3.6770,184,6,0,27.071806,13.472708,64.8870
8,3.6970,185,6,0,27.213478,13.518503,64.4416
8,3.7170,186,6,0,27.354868,13.305803,63.9932
8,3.7370,187,7,0,27.495983,13.368178,63.5417
8,3.7570,188,8,0,27.636814,13.158148,63.0873
8,3.7770,189,8,0,27.765383,13.013111,62.6298
8,3.7970,190,6,0,27.810114,12.907167,62.1694
8,3.8170,191,6,0,27.950167,12.875576,61.7059
8,3.8380,192,6,0,28.089941,12.891088,61.2394
8,3.8570,193,7,0,28.085869,12.823634,60.7700
8,3.8770,194,8,0,27.766111,12.498926,60.2976
8,3.8970,195,8,0,27.906153,12.534413,59.8222
8,3.9170,196,9,0,28.045919,12.575563,59.3438
8,3.9370,197,9,0,28.185411,12.623355,58.8624
8,3.9570,198,11,0,28.324633,12.677736,58.3781
8,3.9770,199,11,0,28.463577,12.734251,57.8909
8,3.9970,200,11,0,28.421379,12.503117,57.4007
8,4.0170,201,12,0,28.409876,12.323908,56.9076
8,4.0370,202,12,0,28.548933,12.373509,56.4115
8,4.0570,203,12,0,28.687717,12.417058,55.9125
8,4.0770,204,12,0,28.826223,12.468510,55.4106
8,4.0970,205,12,0,28.706295,12.007027,54.9058
8,4.1170,206,14,0,28.767588,11.985634,54.3980
8,4.1370,207,14,0,28.767979,11.946982,53.8874
8,4.1570,208,14,0,28.906351,11.799448,53.3738
8,4.1780,209,15,0,29.042105,11.768556,52.8574
8,4.1970,210,16,0,29.179924,11.812879,52.3381
8,4.2170,211,18,0,29.287823,11.655160,51.8159
8,4.2370,212,19,0,29.425138,11.633243,51.2908
8,4.2570,213,21,0,29.562183,11.666332,50.7628
8,4.2770,214,23,0,29.698954,11.711956,50.2320
8,4.2970,215,23,0,29.835451,11.729975,49.6984
8,4.3170,216,25,0,29.649103,11.582801,49.1618
8,4.3380,217,25,0,29.785664,11.428151,48.6225
8,4.3570,218,26,0,29.921953,11.469721,48.0802
8,4.3770,219,27,0,30.057972,11.465460,47.5352
8,4.3970,220,27,0,30.156702,11.495938,46.9873
8,4.4170,221,27,0,30.253214,11.433276,46.4366
8,4.4370,222,27,0,30.388622,10.912837,45.8831
8,4.4570,223,28,0,30.477640,10.875349,45.3268
8,4.4770,224,29,0,30.216976,10.655999,44.7676
8,4.4970,225,29,0,30.352427,10.671606,44.2057
8,4.5170,226,26,0,30.487606,10.618043,43.6409
8,4.5370,227,27,0,30.176977,10.434683,43.0734
8,4.5570,228,27,0,30.312534,10.383258,42.5031
8,4.5770,229,27,0,30.447823,10.411302,41.9300
8,4.5970,230,26,0,30.582842,10.416850,41.3541
8,4.6170,231,26,0,30.717590,10.433109,40.7755
8,4.6370,232,26,0,30.790760,10.423894,40.1941
8,4.6570,233,26,0,30.773895,10.376622,39.6099
8,4.6780,234,27,0,30.908298,10.396925,39.0230
8,4.6970,235,29,0,31.042435,10.320173,38.4334
8,4.7170,236,28,0,31.176300,10.275780,37.8410
8,4.7370,237,28,0,31.243187,10.245281,37.2458
8,4.7570,238,28,0,31.303467,9.762784,36.6480
8,4.7770,239,27,0,31.436840,9.610525,36.0474
8,4.7970,240,27,0,31.569946,9.560024,35.4441
8,4.8170,241,29,0,31.702787,9.435690,34.8381
8,4.8370,242,28,0,31.835361,9.425818,34.2293
8,4.8570,243,28,0,31.749111,9.437182,33.6179
8,4.8770,244,28,0,31.881544,9.428717,33.0038
8,4.8970,245,28,0,32.013714,9.452825,32.3870
8,4.9170,246,28,0,32.145626,9.229481,31.7675
8,4.9370,247,27,0,32.277271,9.018639,31.1453
8,4.9570,248,28,0,32.408649,8.932155,30.5204
8,4.9770,249,28,0,32.539772,8.955725,29.8929
8,4.9970,250,29,0,32.559151,8.606004,29.2627
8,5.0170,251,29,0,32.649567,8.280275,28.6298
8,5.0370,252,29,0,32.717949,8.276362,27.9943
8,5.0570,253,29,0,32.848492,8.287949,27.3562
8,5.0770,254,30,0,32.978775,7.959870,26.7154
8,5.0970,255,30,0,33.011143,7.690534,26.0719
8,5.1170,256,30,0,33.118416,7.478311,25.4258
8,5.1370,257,30,0,33.199150,7.246401,24.7771
8,5.1570,258,30,0,33.298027,7.050812,24.1258
8,5.1780,259,29,0,33.356632,6.985656,23.4719
8,5.1970,260,30,0,33.485909,6.990690,22.8153
8,5.2170,261,29,0,33.356407,6.197876,22.1562
8,5.2370,262,30,0,33.485687,6.066496,21.4944
8,5.2570,263,30,0,33.614712,6.052659,20.8301
8,5.2770,264,30,0,33.711582,6.053589,20.1631
8,5.2970,265,31,0,33.840149,6.023531,19.4936
8,5.3170,266,31,0,33.915539,5.985417,18.8214
8,5.3370,267,31,0,34.021534,5.956266,18.1468
8,5.3570,268,34,0,34.090450,5.585925,17.4695
8,5.3770,269,32,0,34.204742,5.549436,16.7897
8,5.3970,270,35,0,34.321194,5.065991,16.1073
8,5.4170,271,36,0,34.429901,4.896416,15.4223
8,5.4370,272,36,0,34.522900,4.830007,14.7348
8,5.4570,273,36,0,34.649841,4.824786,14.0448
8,5.4770,274,38,0,34.746929,4.821342,13.3522
8,5.4970,275,38,0,34.873428,4.713348,12.6571
8,5.5170,276,38,0,34.947845,4.648495,11.9595
8,5.5370,277,38,0,35.073944,4.637030,11.2593
8,5.5570,278,38,0,35.199791,4.510910,10.5566
8,5.5770,279,36,0,35.325390,4.397666,9.8514
8,5.5970,280,36,0,35.428009,4.048862,9.1437
8,5.6170,281,36,0,35.553150,3.512703,8.4335
8,5.6370,282,35,0,35.675205,3.002834,7.7208
8,5.6570,283,35,0,35.793343,2.842266,7.0055
8,5.6780,284,35,0,35.898388,2.759767,6.2878
8,5.6970,285,32,0,36.011257,2.649533,5.5677
8,5.7170,286,33,0,29.451639,2.618510,5.0191
8,5.7370,287,33,0,29.689795,2.580808,4.4797
8,5.7570,288,33,0,28.868660,2.504877,3.9640
8,5.7770,289,33,0,27.052200,1.910826,3.4910
8,5.7970,290,33,0,25.442190,1.637465,3.1123
8,5.8170,291,34,0,24.671968,1.451709,2.7811
8,5.8380,292,34,0,24.739223,1.400216,2.4751
8,5.8570,293,35,0,24.811682,1.348784,2.1652
8,5.8770,294,36,0,19.275410,1.337084,2.0794
8,5.8970,295,36,0,18.618298,1.256087,2.0087
8,5.9170,296,36,0,18.287008,1.234954,1.9342
8,5.9370,297,36,0,18.278759,1.219589,1.8560
8,5.9570,298,36,0,18.341307,1.164114,1.7740
8,5.9770,299,37,0,18.405281,1.095343,1.7382
8,5.9970,300,36,0,18.470659,1.036717,1.6957
8,6.0180,301,36,0,16.004282,0.947342,1.6493
8,6.0370,302,36,0,15.975938,0.913401,1.6522
8,6.0570,303,36,0,15.950055,0.845305,1.6505
8,6.0770,304,36,0,15.926632,0.774588,1.6450
8,6.0970,305,36,0,15.905663,0.740227,1.6402
8,6.1170,306,36,0,15.718357,0.711981,1.6396
8,6.1370,307,35,0,15.677973,0.692633,1.6372
8,6.1570,308,36,0,15.640119,0.677803,1.6329
8,6.1780,309,37,0,15.604795,0.664806,1.6268
8,6.1970,310,37,0,15.572008,0.646853,1.6188
8,6.2170,311,37,0,14.732846,0.619120,1.6088
8,6.2370,312,36,0,14.656958,0.583521,1.5967
8,6.2570,313,36,0,14.583704,0.575464,1.5825
8,6.2770,314,36,0,14.513109,0.538632,1.5644
8,6.2970,315,36,0,14.445193,0.522177,1.5452
8,6.3170,316,36,0,14.379978,0.506893,1.5220
8,6.3370,317,36,0,14.317482,0.473188,1.4972
8,6.3580,318,36,0,14.257722,0.458427,1.4790
8,6.3770,319,37,0,14.200717,0.406296,1.4790
8,6.3970,320,37,0,14.146481,0.395178,1.4790
8,6.4170,321,37,0,14.095030,0.370325,1.4790
8,6.4370,322,37,0,14.046376,0.346271,1.4790
8,6.4570,323,37,0,14.000531,0.335001,1.4790
8,6.4770,324,38,0,13.957506,0.325601,1.4790
8,6.4970,325,38,0,13.917307,0.285743,1.4790
8,6.5180,326,41,0,13.879944,0.279007,1.4790
8,6.5370,327,42,0,13.845419,0.270286,1.4804
8,6.5570,328,42,0,13.813740,0.265406,1.4841
8,6.5770,329,42,0,13.784907,0.259285,1.4838
8,6.5970,330,43,0,13.758922,0.255486,1.4796
8,6.6170,331,46,0,13.735783,0.251433,1.4790
8,6.6370,332,47,0,13.715487,0.249842,1.4790
8,6.6570,333,47,0,13.698030,0.249795,1.4790
8,6.6780,334,50,0,13.683405,0.250432,1.4790
8,6.6970,335,50,0,13.671605,0.237046,1.4790
8,6.7170,336,50,0,13.662620,0.234168,1.4790
8,6.7370,337,50,0,13.656440,0.219772,1.4790
8,6.7570,338,50,0,13.653049,0.220918,1.4790
8,6.7770,339,50,0,13.652435,0.221907,1.4790
8,6.7970,340,51,0,13.654581,0.224425,1.4790
8,6.8170,341,52,0,13.659470,0.226155,1.4790
8,6.8370,342,52,0,13.667080,0.218056,1.4790
8,6.8570,343,57,0,13.677393,0.217986,1.4790
8,6.8770,344,58,0,13.690386,0.219422,1.4790
8,6.8970,345,59,0,13.706033,0.222531,1.4790
8,6.9170,346,59,0,13.724312,0.224145,1.4790
8,6.9370,347,59,0,13.745194,0.224587,1.4790
8,6.9570,348,61,0,13.768654,0.226705,1.4790
8,6.9770,349,61,0,12.020307,0.212604,1.4790
8,6.9970,350,61,0,11.937531,0.213804,1.4790
8,7.0180,351,61,0,11.857868,0.211659,1.4790
8,7.0370,352,61,0,11.781358,0.199301,1.4790
8,7.0570,353,61,0,11.708041,0.199683,1.4790
8,7.0770,354,61,0,11.637958,0.200025,1.4790
8,7.0970,355,62,0,11.571142,0.194812,1.4790
8,7.1170,356,62,0,11.507631,0.191904,1.4790
8,7.1370,357,62,0,11.447458,0.191997,1.4790
8,7.1570,358,62,0,11.390656,0.192599,1.4790
8,7.1770,359,62,0,11.337249,0.175790,1.4790
8,7.1970,360,62,0,11.287268,0.174589,1.4790
8,7.2170,361,62,0,11.240734,0.174031,1.4790
8,7.2370,362,62,0,11.197670,0.174498,1.4790
8,7.2570,363,62,0,11.158094,0.175388,1.4790
8,7.2770,364,62,0,11.122024,0.176522,1.4790
8,7.2970,365,62,0,11.089467,0.168276,1.4790
8,7.3170,366,62,0,11.060438,0.165956,1.4790
8,7.3370,367,64,0,11.034942,0.164458,1.4790
8,7.3580,368,64,0,11.012980,0.163727,1.4790
8,7.3770,369,64,0,10.994552,0.161215,1.4790
8,7.3970,370,68,0,10.979656,0.161844,1.4790
8,7.4170,371,87,0,10.968287,0.163140,1.4790
8,7.4370,372,87,0,10.960430,0.164659,1.4790
8,7.4570,373,87,0,10.956075,0.166606,1.4790
8,7.4770,374,87,0,10.955204,0.168734,1.4790
8,7.4970,375,87,0,10.957798,0.171022,1.4790
8,7.5180,376,88,0,10.963832,0.173454,1.4790
8,7.5370,377,88,0,10.973282,0.176001,1.4790
8,7.5570,378,88,0,10.986116,0.165201,1.4790
8,7.5770,379,88,0,11.002305,0.165248,1.4790
8,7.5970,380,88,0,11.021811,0.166662,1.4790
8,7.6170,381,88,0,11.044597,0.150359,1.4790
8,7.6370,382,89,0,11.070623,0.151321,1.4790
8,7.6570,383,89,0,11.099847,0.141691,1.4790
8,7.6770,384,89,0,11.132223,0.140181,1.4790
8,7.6980,385,89,0,11.167706,0.133280,1.4790
8,7.7170,386,89,0,11.206245,0.132344,1.4790
8,7.7370,387,89,0,11.247790,0.131623,1.4790
8,7.7570,388,89,0,11.314643,0.129978,1.4790
8,7.7770,389,89,0,9.054381,0.105246,1.4790
8,7.7970,390,89,0,8.988271,0.102672,1.4790
8,7.8170,391,89,0,8.926334,0.100119,1.4790
8,7.8370,392,89,0,8.868633,0.098395,1.4790
8,7.8570,393,89,0,8.815221,0.096876,1.4790
8,7.8770,394,89,0,8.766150,0.095414,1.4790
8,7.8970,395,97,0,8.721466,0.094004,1.4790
8,7.9170,396,97,0,8.681207,0.092643,1.4790
8,7.9370,397,97,0,8.645411,0.091332,1.4790
8,7.9570,398,97,0,8.614101,0.090072,1.4790
8,7.9770,399,97,0,8.587302,0.088863,1.4790
8,7.9970,400,97,0,8.565027,0.087709,1.4790
8,8.0180,401,97,0,8.547286,0.086612,1.4790
8,8.0370,402,97,0,8.534078,0.085592,1.4790
8,8.0570,403,97,0,8.525396,0.085281,1.4790
8,8.0770,404,97,0,8.521231,0.085227,1.4790
8,8.0970,405,97,0,8.521558,0.085224,1.4790
8,8.1170,406,97,0,8.526350,0.085266,1.4790
8,8.1370,407,97,0,8.535576,0.085356,1.4790
8,8.1570,408,97,0,8.549191,0.085492,1.4790
8,8.1770,409,97,0,8.567152,0.085672,1.4790
8,8.1970,410,97,0,8.589402,0.085894,1.4790
8,8.2170,411,97,0,8.615883,0.086159,1.4790
8,8.2370,412,98,0,8.646530,0.086465,1.4790
8,8.2570,413,98,0,8.681274,0.086813,1.4790
8,8.2770,414,98,0,8.720041,0.087200,1.4790
8,8.2970,415,98,0,8.762752,0.087628,1.4790
8,8.3170,416,98,0,8.809323,0.088093,1.4790
8,8.3370,417,98,0,8.859672,0.088597,1.4790
8,8.3570,418,98,0,8.913708,0.089137,1.4790
8,8.3770,419,98,0,8.971341,0.089713,1.4790
8,8.3970,420,98,0,9.032478,0.090325,1.4790
8,8.4170,421,98,0,9.097027,0.090970,1.4790
8,8.4370,422,99,0,9.164890,0.091649,1.4790
8,8.4570,423,99,0,9.235971,0.092360,1.4790
8,8.4770,424,99,0,9.310177,0.093102,1.4790
8,8.4970,425,99,0,9.387408,0.093874,1.4790
8,8.5170,426,99,0,9.467569,0.094676,1.4790
8,8.5370,427,99,0,9.550565,0.095506,1.4790
8,8.5570,428,99,0,9.636301,0.096363,1.4790
8,8.5770,429,99,0,9.724684,0.097247,1.4790
8,8.5970,430,99,0,9.815619,0.098156,1.4790
8,8.6170,431,99,0,9.909019,0.099090,1.4790
8,8.6370,432,99,0,10.004791,0.100048,1.4790
8,8.6570,433,99,0,10.102851,0.101029,1.4790
8,8.6770,434,99,0,10.203111,0.102031,1.4790
8,8.6980,435,99,0,10.305489,0.103055,1.4790
8,8.7170,436,99,0,10.409901,0.104099,1.4790
8,8.7370,437,99,0,10.516269,0.105163,1.4790
8,8.7570,438,99,0,10.624516,0.106245,1.4790
8,8.7770,439,99,0,10.734566,0.107346,1.4790
8,8.7970,440,99,0,10.846347,0.108463,1.4790
8,8.8170,441,99,0,10.959786,0.109598,1.4790
8,8.8370,442,99,0,11.074819,0.110748,1.4790
8,8.8580,443,99,0,11.191376,0.111914,1.4790
8,8.8770,444,99,0,11.309393,0.113094,1.4790
8,8.8970,445,99,0,11.428810,0.114288,1.4790
8,8.9170,446,99,0,11.549566,0.115496,1.4790
8,8.9370,447,99,0,11.671604,0.116716,1.4790
8,8.9570,448,99,0,11.794868,0.117949,1.4790
8,8.9770,449,99,0,11.919303,0.119193,1.4790
8,8.9970,450,99,0,12.044858,0.120449,1.4790
8,9.0170,451,99,0,12.171483,0.121715,1.4790
8,9.0370,452,99,0,12.299130,0.122991,1.4790
8,9.0570,453,99,0,12.427753,0.124278,1.4790
8,9.0770,454,99,0,12.557309,0.125573,1.4790
8,9.0970,455,99,0,12.687753,0.126878,1.4790
8,9.1170,456,99,0,12.819042,0.128190,1.4790
8,9.1370,457,99,0,12.951140,0.129511,1.4790
8,9.1570,458,99,0,13.084007,0.130840,1.4790
8,9.1770,459,99,0,13.217607,0.132176,1.4790
8,9.1980,460,99,0,13.351904,0.133519,1.4790
8,9.2170,461,99,0,13.486864,0.134869,1.4790
8,9.2370,462,99,0,13.622457,0.136225,1.4790
8,9.2570,463,99,0,13.758647,0.137586,1.4790
8,9.2770,464,99,0,13.895407,0.138954,1.4790
8,9.2970,465,99,0,14.032706,0.140327,1.4790
8,9.3170,466,99,0,14.170519,0.141705,1.4790
8,9.3370,467,99,0,14.308817,0.143088,1.4790
8,9.3570,468,99,0,14.447574,0.144476,1.4790
8,9.3770,469,99,0,14.586766,0.145868,1.4790
8,9.3970,470,99,0,14.726369,0.147264,1.4790
8,9.4170,471,99,0,14.866361,0.148664,1.4790
8,9.4370,472,99,0,15.006718,0.150067,1.4790
8,9.4570,473,99,0,15.147421,0.151474,1.4790
8,9.4770,474,99,0,15.288447,0.152884,1.4790
8,9.4970,475,99,0,15.429779,0.154298,1.4790
8,9.5170,476,99,0,15.571398,0.155714,1.4790
8,9.5370,477,99,0,15.713283,0.157133,1.4790
8,9.5570,478,99,0,15.855419,0.158554,1.4790
8,9.5770,479,99,0,15.997787,0.159978,1.4790
8,9.5970,480,99,0,16.140375,0.161404,1.4790
8,9.6170,481,99,0,16.283163,0.162832,1.4790
8,9.6370,482,99,0,16.426138,0.164261,1.4790
8,9.6570,483,99,0,16.569286,0.165693,1.4790
8,9.6770,484,99,0,16.712591,0.167126,1.4790
8,9.6970,485,99,0,16.856045,0.168560,1.4790
8,9.7170,486,99,0,16.999628,0.169996,1.4790
8,9.7370,487,99,0,17.143332,0.171433,1.4790
8,9.7570,488,99,0,17.287142,0.172871,1.4790
8,9.7770,489,99,0,17.431049,0.174310,1.4790
8,9.7970,490,99,0,17.575039,0.175750,1.4790
8,9.8170,491,99,0,17.719105,0.177191,1.4790
8,9.8370,492,99,0,17.863235,0.178632,1.4790
8,9.8570,493,99,0,18.007420,0.180074,1.4790
8,9.8770,494,99,0,18.151648,0.181516,1.4790
8,9.8970,495,99,0,18.295912,0.182959,1.4790
8,9.9170,496,99,0,18.440203,0.184402,1.4790
8,9.9370,497,99,0,18.584509,0.185845,1.4790
8,9.9570,498,99,0,18.728827,0.187288,1.4790
8,9.9770,499,99,0,18.873146,0.188731,1.4790
8,9.9970,500,99,0,19.017458,0.190175,1.4790
8,10.0170,501,99,0,19.161757,0.191618,1.4790
8,10.0370,502,99,0,19.306032,0.193060,1.4790
8,10.0570,503,99,0,19.450283,0.194503,1.4790
8,10.0770,504,99,0,19.594498,0.195945,1.4790
8,10.0970,505,99,0,19.738670,0.197387,1.4790
8,10.1170,506,99,0,19.882795,0.198828,1.4790
8,10.1370,507,99,0,20.026869,0.200269,1.4790
8,10.1570,508,99,0,20.170881,0.201709,1.4790
8,10.1770,509,99,0,20.314829,0.203148,1.4790
8,10.1980,510,99,0,20.458706,0.204587,1.4790
8,10.2170,511,99,0,20.602509,0.206025,1.4790
8,10.2370,512,99,0,20.746231,0.207462,1.4790
8,10.2570,513,99,0,20.889864,0.208899,1.4790
8,10.2770,514,99,0,21.033411,0.210334,1.4790
8,10.2970,515,99,0,21.176859,0.211769,1.4790
8,10.3170,516,99,0,21.320210,0.213202,1.4790
8,10.3370,517,99,0,21.463457,0.214635,1.4790
8,10.3570,518,99,0,21.606594,0.216066,1.4790
8,10.3770,519,99,0,21.749620,0.217496,1.4790
8,10.3970,520,99,0,21.892532,0.218925,1.4790
8,10.4170,521,99,0,22.035324,0.220353,1.4790
8,10.4370,522,99,0,22.177992,0.221780,1.4790
8,10.4570,523,99,0,22.320534,0.223205,1.4790
8,10.4770,524,99,0,22.462944,0.224629,1.4790
8,10.4970,525,99,0,22.605223,0.226052,1.4790
8,10.5170,526,99,0,22.747364,0.227474,1.4790
8,10.5370,527,99,0,22.889364,0.228894,1.4790
8,10.5570,528,99,0,23.031225,0.230312,1.4790
8,10.5770,529,99,0,23.172939,0.231729,1.4790
8,10.5970,530,99,0,23.314505,0.233145,1.4790
8,10.6170,531,99,0,23.455919,0.234559,1.4790
8,10.6370,532,99,0,23.597181,0.235972,1.4790
8,10.6570,533,99,0,23.738287,0.237383,1.4790
8,10.6770,534,99,0,23.879232,0.238792,1.4790
8,10.6980,535,99,0,24.020020,0.240200,1.4790
8,10.7170,536,99,0,24.160643,0.241606,1.4790
8,10.7370,537,99,0,24.301102,0.243011,1.4790
8,10.7570,538,99,0,24.441393,0.244414,1.4790
8,10.7770,539,99,0,24.581512,0.245815,1.4790
8,10.7970,540,99,0,24.721464,0.247215,1.4790
8,10.8170,541,99,0,24.861240,0.248612,1.4790
8,10.8370,542,99,0,25.000841,0.250008,1.4790
8,10.8570,543,99,0,25.140266,0.251403,1.4790
8,10.8770,544,99,0,25.279512,0.252795,1.4790
8,10.8970,545,99,0,25.418577,0.254186,1.4790
8,10.9170,546,99,0,25.557461,0.255575,1.4790
8,10.9370,547,99,0,25.696159,0.256962,1.4790
8,10.9570,548,99,0,25.834673,0.258347,1.4790
8,10.9770,549,99,0,25.973003,0.259730,1.4790
8,10.9970,550,99,0,26.111143,0.261111,1.4790
8,11.0170,551,99,0,26.249094,0.262491,1.4790
8,11.0380,552,99,0,26.386854,0.263869,1.4790
8,11.0570,553,99,0,26.524420,0.265244,1.4790
8,11.0770,554,99,0,26.661795,0.266618,1.4790
8,11.0970,555,99,0,26.798977,0.267990,1.4790
8,11.1170,556,99,0,26.935961,0.269360,1.4790
8,11.1370,557,99,0,27.072750,0.270728,1.4790
8,11.1570,558,99,0,27.209337,0.272093,1.4790
8,11.1770,559,99,0,27.345730,0.273457,1.4790
8,11.1980,560,99,0,27.481918,0.274819,1.4790
8,11.2170,561,99,0,27.617910,0.276179,1.4790
8,11.2370,562,99,0,27.753698,0.277537,1.4790
8,11.2570,563,99,0,27.889284,0.278893,1.4790
8,11.2770,564,99,0,28.024668,0.280247,1.4790
8,11.2970,565,99,0,28.159847,0.281598,1.4790
8,11.3170,566,99,0,28.294821,0.282948,1.4790
8,11.3370,567,99,0,28.429590,0.284296,1.4790
8,11.3570,568,99,0,28.564150,0.285641,1.4790
8,11.3770,569,99,0,28.698503,0.286985,1.4790
8,11.3970,570,99,0,28.832649,0.288326,1.4790
8,11.4170,571,99,0,28.966587,0.289666,1.4790
8,11.4370,572,99,0,29.100315,0.291003,1.4790
8,11.4570,573,99,0,29.233831,0.292338,1.4790
8,11.4770,574,99,0,29.367142,0.293671,1.4790
8,11.4970,575,99,0,29.500237,0.295002,1.4790
8,11.5170,576,99,0,29.633121,0.296331,1.4790
8,11.5370,577,99,0,29.765793,0.297658,1.4790
8,11.5570,578,99,0,29.898252,0.298983,1.4790
8,11.5770,579,99,0,30.030499,0.300305,1.4790
8,11.5970,580,99,0,30.162531,0.301625,1.4790
8,11.6170,581,99,0,30.294350,0.302943,1.4790
8,11.6370,582,99,0,30.425953,0.304260,1.4790
8,11.6570,583,99,0,30.557341,0.305573,1.4790
8,11.6770,584,99,0,30.688515,0.306885,1.4790
8,11.6970,585,99,0,30.819473,0.308195,1.4790
8,11.7170,586,99,0,30.950214,0.309502,1.4790
8,11.7370,587,99,0,31.080740,0.310807,1.4790
8,11.7570,588,99,0,31.211048,0.312110,1.4790
8,11.7770,589,99,0,31.341141,0.313411,1.4790
8,11.7970,590,99,0,31.471016,0.314710,1.4790
8,11.8170,591,99,0,31.600676,0.316007,1.4790
8,11.8370,592,99,0,31.730116,0.317301,1.4790
8,11.8570,593,99,0,31.859339,0.318593,1.4790
8,11.8770,594,99,0,31.988342,0.319883,1.4790
8,11.8970,595,99,0,32.117130,0.321171,1.4790
8,11.9170,596,99,0,32.245697,0.322457,1.4790
8,11.9370,597,99,0,32.374043,0.323740,1.4790
8,11.9570,598,99,0,32.502174,0.325022,1.4790
8,11.9770,599,99,0,32.630085,0.326301,1.4790
8,11.9970,600,99,0,32.757774,0.327578,1.4790
8,12.0170,601,99,0,32.885246,0.328852,1.4790
8,12.0380,602,99,0,33.012497,0.330125,1.4790
8,12.0570,603,99,0,33.139530,0.331395,1.4790
8,12.0770,604,99,0,33.266346,0.332663,1.4790
8,12.0970,605,99,0,33.392937,0.333929,1.4790
8,12.1170,606,99,0,33.519310,0.335193,1.4790
8,12.1370,607,99,0,33.645466,0.336455,1.4790
8,12.1570,608,99,0,33.771397,0.337714,1.4790
8,12.1770,609,99,0,33.897114,0.338971,1.4790
8,12.1970,610,99,0,34.022606,0.340226,1.4790
8,12.2170,611,99,0,34.147881,0.341479,1.4790
8,12.2370,612,99,0,34.272934,0.342729,1.4790
8,12.2570,613,99,0,34.397766,0.343978,1.4790
8,12.2770,614,99,0,34.522381,0.345224,1.4790
8,12.2970,615,99,0,34.646774,0.346468,1.4790
8,12.3170,616,99,0,34.770947,0.347709,1.4790
8,12.3370,617,99,0,34.894901,0.348949,1.4790
8,12.3570,618,99,0,35.018635,0.350186,1.4790
8,12.3770,619,99,0,35.142143,0.351421,1.4790
8,12.3970,620,99,0,35.265438,0.352654,1.4790
8,12.4170,621,99,0,35.388512,0.353885,1.4790
8,12.4370,622,99,0,35.511364,0.355114,1.4790
8,12.4570,623,99,0,35.633995,0.356340,1.4790
8,12.4770,624,99,0,35.756409,0.357564,1.4790
8,12.4970,625,99,0,35.878601,0.358786,1.4790
8,12.5170,626,99,0,36.000572,0.360006,1.4790
8,12.5370,627,99,0,36.122330,0.361223,1.4790
8,12.5570,628,99,0,36.243862,0.362439,1.4790
8,12.5770,629,99,0,36.365177,0.363652,1.4790
8,12.5970,630,99,0,36.486275,0.364863,1.4790
8,12.6170,631,99,0,36.607151,0.366072,1.4790
8,12.6370,632,99,0,36.727810,0.367278,1.4790
8,12.6570,633,99,0,36.848248,0.368482,1.4790
8,12.6770,634,99,0,36.968472,0.369685,1.4790
8,12.6970,635,99,0,37.088474,0.370885,1.4790
8,12.7170,636,99,0,37.208260,0.372083,1.4790
8,12.7370,637,99,0,37.327824,0.373278,1.4790
8,12.7570,638,99,0,37.447170,0.374472,1.4790
8,12.7770,639,99,0,37.566299,0.375663,1.4790
8,12.7970,640,99,0,37.685211,0.376852,1.4790
8,12.8170,641,99,0,37.803902,0.378039,1.4790
8,12.8370,642,99,0,37.922379,0.379224,1.4790
8,12.8570,643,99,0,38.040638,0.380406,1.4790
8,12.8780,644,99,0,38.158680,0.381587,1.4790
8,12.8970,645,99,0,38.276505,0.382765,1.4790
8,12.9170,646,99,0,38.394115,0.383941,1.4790
8,12.9370,647,99,0,38.511509,0.385115,1.4790
8,12.9570,648,99,0,38.628685,0.386287,1.4790
8,12.9770,649,99,0,38.745647,0.387456,1.4790
8,12.9970,650,99,0,38.862389,0.388624,1.4790
8,13.0170,651,99,0,38.978912,0.389789,1.4790
8,13.0380,652,99,0,39.095226,0.390952,1.4790
8,13.0570,653,99,0,39.211319,0.392113,1.4790
8,13.0770,654,99,0,39.327202,0.393272,1.4790
8,13.0970,655,99,0,39.442867,0.394429,1.4790
8,13.1170,656,99,0,39.558319,0.395583,1.4790
8,13.1370,657,99,0,39.673553,0.396736,1.4790
8,13.1570,658,99,0,39.788574,0.397886,1.4790
8,13.1770,659,99,0,39.903381,0.399034,1.4790
8,13.1970,660,99,0,40.017979,0.400180,1.4790
8,13.2170,661,99,0,40.132359,0.401324,1.4790
8,13.2370,662,99,0,40.246529,0.402465,1.4790
8,13.2570,663,99,0,40.360485,0.403605,1.4790
8,13.2770,664,99,0,40.474224,0.404742,1.4790
8,13.2970,665,99,0,40.587757,0.405878,1.4790
8,13.3170,666,99,0,40.701069,0.407011,1.4790
8,13.3370,667,99,0,40.814175,0.408142,1.4790
8,13.3570,668,99,0,40.927067,0.409271,1.4790
8,13.3780,669,99,0,41.039749,0.410397,1.4790
8,13.3970,670,99,0,41.152218,0.411522,1.4790
8,13.4170,671,99,0,41.264477,0.412645,1.4790
8,13.4370,672,99,0,41.376522,0.413765,1.4790
8,13.4570,673,99,0,41.488358,0.414884,1.4790
8,13.4770,674,99,0,41.599983,0.416000,1.4790
8,13.4970,675,99,0,41.711399,0.417114,1.4790
8,13.5170,676,99,0,41.822605,0.418226,1.4790
8,13.5380,677,99,0,41.933598,0.419336,1.4790
8,13.5570,678,99,0,42.044388,0.420444,1.4790
8,13.5770,679,99,0,42.154964,0.421550,1.4790
8,13.5970,680,99,0,42.265335,0.422653,1.4790
8,13.6170,681,99,0,42.375496,0.423755,1.4790
8,13.6370,682,99,0,42.485447,0.424854,1.4790
8,13.6570,683,99,0,42.595188,0.425952,1.4790
8,13.6770,684,99,0,42.704723,0.427047,1.4790
8,13.6970,685,99,0,42.814053,0.428141,1.4790
8,13.7170,686,99,0,42.923172,0.429232,1.4790
8,13.7370,687,99,0,43.032085,0.430321,1.4790
8,13.7570,688,99,0,43.140797,0.431408,1.4790
8,13.7770,689,99,0,43.249294,0.432493,1.4790
8,13.7970,690,99,0,43.357590,0.433576,1.4790
8,13.8170,691,99,0,43.465679,0.434657,1.4790
8,13.8370,692,99,0,43.573563,0.435736,1.4790
8,13.8570,693,99,0,43.681244,0.436812,1.4790
8,13.8770,694,99,0,43.788715,0.437887,1.4790
8,13.8970,695,99,0,43.895985,0.438960,1.4790
8,13.9170,696,99,0,44.003052,0.440031,1.4790
8,13.9370,697,99,0,44.109913,0.441099,1.4790
8,13.9570,698,99,0,44.216568,0.442166,1.4790
8,13.9770,699,99,0,44.323021,0.443230,1.4790
8,13.9970,700,99,0,44.429272,0.444293,1.4790
8,14.0170,701,99,0,44.535320,0.445353,1.4790
8,14.0370,702,99,0,44.641167,0.446412,1.4790
8,14.0570,703,99,0,44.746811,0.447468,1.4790
8,14.0770,704,99,0,44.852249,0.448522,1.4790
8,14.0970,705,99,0,44.957489,0.449575,1.4790
8,14.1170,706,99,0,45.062531,0.450625,1.4790
8,14.1370,707,99,0,45.167366,0.451674,1.4790
8,14.1570,708,99,0,45.272003,0.452720,1.4790
8,14.1770,709,99,0,45.376438,0.453764,1.4790
8,14.1970,710,99,0,45.480671,0.454807,1.4790
8,14.2180,711,99,0,45.584709,0.455847,1.4790
8,14.2370,712,99,0,45.688549,0.456885,1.4790
8,14.2570,713,99,0,45.792183,0.457922,1.4790
8,14.2770,714,99,0,45.895622,0.458956,1.4790
8,14.2970,715,99,0,45.998863,0.459989,1.4790
8,14.3170,716,99,0,46.101902,0.461019,1.4790
8,14.3370,717,99,0,46.204746,0.462047,1.4790
8,14.3570,718,99,0,46.307396,0.463074,1.4790
8,14.3780,719,99,0,46.409840,0.464098,1.4790
8,14.3970,720,99,0,46.512096,0.465121,1.4790
8,14.4170,721,99,0,46.614151,0.466142,1.4790
8,14.4370,722,99,0,46.716007,0.467160,1.4790
8,14.4570,723,99,0,46.817669,0.468177,1.4790
8,14.4770,724,99,0,46.919140,0.469191,1.4790
8,14.4970,725,99,0,47.020409,0.470204,1.4790
8,14.5170,726,99,0,47.121483,0.471215,1.4790
8,14.5370,727,99,0,47.222366,0.472224,1.4790
8,14.5570,728,99,0,47.323048,0.473230,1.4790
8,14.5770,729,99,0,47.423542,0.474235,1.4790
8,14.5970,730,99,0,47.523846,0.475238,1.4790
8,14.6170,731,99,0,47.623947,0.476239,1.4790
8,14.6370,732,99,0,47.723862,0.477239,1.4790
8,14.6570,733,99,0,47.823578,0.478236,1.4790
8,14.6770,734,99,0,47.923107,0.479231,1.4790
8,14.6970,735,99,0,48.022434,0.480224,1.4790
8,14.7180,736,99,0,48.121578,0.481216,1.4790
8,14.7370,737,99,0,48.220531,0.482205,1.4790
8,14.7570,738,99,0,48.319290,0.483193,1.4790
8,14.7770,739,99,0,48.417858,0.484179,1.4790
8,14.7970,740,99,0,48.516235,0.485162,1.4790
8,14.8170,741,99,0,48.614426,0.486144,1.4790
8,14.8370,742,99,0,48.712421,0.487124,1.4790
8,14.8570,743,99,0,48.810230,0.488102,1.4790
8,14.8780,744,99,0,48.907852,0.489079,1.4790
8,14.8970,745,99,0,49.005280,0.490053,1.4790
8,14.9170,746,99,0,49.102516,0.491025,1.4790
8,14.9370,747,99,0,49.199566,0.491996,1.4790
8,14.9570,748,99,0,49.296432,0.492964,1.4790
8,14.9770,749,99,0,49.393105,0.493931,1.4790
8,14.9970,750,99,0,49.489594,0.494896,1.4790
8,15.0170,751,99,0,49.585899,0.495859,1.4790
8,15.0370,752,99,0,49.682011,0.496820,1.4790
8,15.0580,753,99,0,49.777935,0.497779,1.4790
8,15.0770,754,99,0,49.873672,0.498737,1.4790
8,15.0970,755,99,0,49.969231,0.499692,1.4790
8,15.1170,756,99,0,50.064598,0.500646,1.4790
8,15.1370,757,99,0,50.159782,0.501598,1.4790
8,15.1570,758,99,0,50.254784,0.502548,1.4790
8,15.1770,759,99,0,50.349594,0.503496,1.4790
8,15.1970,760,99,0,50.444225,0.504442,1.4790
8,15.2180,761,99,0,50.538670,0.505387,1.4790
8,15.2370,762,99,0,50.632931,0.506329,1.4790
8,15.2570,763,99,0,50.727009,0.507270,1.4790
8,15.2770,764,99,0,50.820904,0.508209,1.4790
8,15.2970,765,99,0,50.914616,0.509146,1.4790
8,15.3170,766,99,0,51.008144,0.510081,1.4790
8,15.3370,767,99,0,51.101494,0.511015,1.4790
8,15.3570,768,99,0,51.194660,0.511947,1.4790
8,15.3780,769,99,0,51.287647,0.512876,1.4790
8,15.3970,770,99,0,51.380451,0.513805,1.4790
8,15.4170,771,99,0,51.473068,0.514731,1.4790
8,15.4370,772,99,0,51.565510,0.515655,1.4790
8,15.4570,773,99,0,51.657768,0.516578,1.4790
8,15.4770,774,99,0,51.749855,0.517499,1.4790
8,15.4970,775,99,0,51.841755,0.518418,1.4790
8,15.5170,776,99,0,51.933475,0.519335,1.4790
8,15.5370,777,99,0,52.025024,0.520250,1.4790
8,15.5570,778,99,0,52.116386,0.521164,1.4790
8,15.5770,779,99,0,52.207577,0.522076,1.4790
8,15.5970,780,99,0,52.298580,0.522986,1.4790
8,15.6170,781,99,0,52.389412,0.523894,1.4790
8,15.6370,782,99,0,52.480064,0.524801,1.4790
8,15.6570,783,99,0,52.570541,0.525705,1.4790
8,15.6770,784,99,0,52.660839,0.526608,1.4790
8,15.6970,785,99,0,52.750961,0.527510,1.4790
8,15.7180,786,99,0,52.840908,0.528409,1.4790
8,15.7370,787,99,0,52.930679,0.529307,1.4790
8,15.7570,788,99,0,53.020275,0.530203,1.4790
8,15.7770,789,99,0,53.109695,0.531097,1.4790
8,15.7970,790,99,0,53.198940,0.531989,1.4790
8,15.8170,791,99,0,53.288010,0.532880,1.4790
8,15.8370,792,99,0,53.376911,0.533769,1.4790
8,15.8570,793,99,0,53.465637,0.534656,1.4790
8,15.8770,794,99,0,53.554184,0.535542,1.4790
8,15.8970,795,99,0,53.642563,0.536426,1.4790
8,15.9170,796,99,0,53.730766,0.537308,1.4790
8,15.9370,797,99,0,53.818794,0.538188,1.4790
8,15.9570,798,99,0,53.906654,0.539067,1.4790
8,15.9770,799,99,0,53.994335,0.539943,1.4790
8,15.9970,800,99,0,54.081852,0.540819,1.4790
8,16.0170,801,99,0,54.169197,0.541692,1.4790
8,16.0370,802,99,0,54.256367,0.542564,1.4790
8,16.0580,803,99,0,54.343365,0.543434,1.4790
8,16.0770,804,99,0,54.430195,0.544302,1.4790
8,16.0970,805,99,0,54.516853,0.545169,1.4790
8,16.1170,806,99,0,54.603344,0.546033,1.4790
8,16.1370,807,99,0,54.689667,0.546897,1.4790
8,16.1570,808,99,0,54.775818,0.547758,1.4790
8,16.1770,809,99,0,54.861801,0.548618,1.4790
8,16.1970,810,99,0,54.947613,0.549476,1.4790
8,16.2180,811,99,0,55.033257,0.550333,1.4790
8,16.2370,812,99,0,55.118736,0.551187,1.4790
8,16.2570,813,99,0,55.204044,0.552040,1.4790
8,16.2770,814,99,0,55.289185,0.552892,1.4790
8,16.2970,815,99,0,55.374161,0.553742,1.4790
8,16.3170,816,99,0,55.458969,0.554590,1.4790
8,16.3370,817,99,0,55.543610,0.555436,1.4790
8,16.3570,818,99,0,55.628086,0.556281,1.4790
8,16.3770,819,99,0,55.712395,0.557124,1.4790
8,16.3970,820,99,0,55.796543,0.557965,1.4790
8,16.4170,821,99,0,55.880524,0.558805,1.4790
8,16.4370,822,99,0,55.964336,0.559643,1.4790
8,16.4570,823,99,0,56.047981,0.560480,1.4790
8,16.4770,824,99,0,56.131470,0.561315,1.4790
8,16.4970,825,99,0,56.214790,0.562148,1.4790
8,16.5170,826,99,0,56.297943,0.562979,1.4790
8,16.5370,827,99,0,56.380939,0.563809,1.4790
8,16.5570,828,99,0,56.463768,0.564638,1.4790
8,16.5770,829,99,0,56.546440,0.565464,1.4790
8,16.5970,830,99,0,56.628944,0.566289,1.4790
8,16.6170,831,99,0,56.711285,0.567113,1.4790
8,16.6370,832,99,0,56.793468,0.567935,1.4790
8,16.6570,833,99,0,56.875484,0.568755,1.4790
8,16.6770,834,99,0,56.957344,0.569573,1.4790
8,16.6970,835,99,0,57.039043,0.570390,1.4790
8,16.7180,836,99,0,57.120579,0.571206,1.4790
8,16.7370,837,99,0,57.201958,0.572020,1.4790
8,16.7570,838,99,0,57.283176,0.572832,1.4790
8,16.7770,839,99,0,57.364231,0.573642,1.4790
8,16.7970,840,99,0,57.445129,0.574451,1.4790
8,16.8170,841,99,0,57.525867,0.575259,1.4790
8,16.8370,842,99,0,57.606441,0.576064,1.4790
8,16.8570,843,99,0,57.686859,0.576869,1.4790
8,16.8770,844,99,0,57.767120,0.577671,1.4790
8,16.8970,845,99,0,57.847225,0.578472,1.4790
8,16.9170,846,99,0,57.927170,0.579272,1.4790
8,16.9370,847,99,0,58.006962,0.580070,1.4790
8,16.9570,848,99,0,58.086590,0.580866,1.4790
8,16.9770,849,99,0,58.166065,0.581661,1.4790
8,16.9970,850,99,0,58.245377,0.582454,1.4790
8,17.0170,851,99,0,58.324539,0.583245,1.4790
8,17.0370,852,99,0,58.403549,0.584035,1.4790
8,17.0580,853,99,0,58.482395,0.584824,1.4790
8,17.0770,854,99,0,58.561089,0.585611,1.4790
8,17.0970,855,99,0,58.639629,0.586396,1.4790
8,17.1170,856,99,0,58.718010,0.587180,1.4790
8,17.1370,857,99,0,58.796242,0.587962,1.4790
8,17.1570,858,99,0,58.874317,0.588743,1.4790
8,17.1770,859,99,0,58.952240,0.589522,1.4790
8,17.1970,860,99,0,59.030006,0.590300,1.4790
8,17.2180,861,99,0,59.107620,0.591076,1.4790
8,17.2370,862,99,0,59.185078,0.591851,1.4790
8,17.2570,863,99,0,59.262390,0.592624,1.4790
8,17.2770,864,99,0,59.339546,0.593395,1.4790
8,17.2970,865,99,0,59.416550,0.594165,1.4790
8,17.3170,866,99,0,59.493401,0.594934,1.4790
8,17.3370,867,99,0,59.570103,0.595701,1.4790
8,17.3570,868,99,0,59.646652,0.596467,1.4790
8,17.3770,869,99,0,59.723049,0.597230,1.4790
8,17.3970,870,99,0,59.799297,0.597993,1.4790
8,17.4170,871,99,0,59.875393,0.598754,1.4790
8,17.4370,872,99,0,59.951336,0.599513,1.4790
8,17.4570,873,99,0,60.027134,0.600271,1.4790
8,17.4770,874,99,0,60.102783,0.601028,1.4790
8,17.4970,875,99,0,60.178280,0.601783,1.4790
8,17.5170,876,99,0,60.253624,0.602536,1.4790
8,17.5370,877,99,0,60.328831,0.603288,1.4790
8,17.5580,878,99,0,60.403877,0.604039,1.4790
8,17.5770,879,99,0,60.478779,0.604788,1.4790
8,17.5970,880,99,0,60.553535,0.605535,1.4790
8,17.6170,881,99,0,60.628139,0.606281,1.4790
8,17.6370,882,99,0,60.702599,0.607026,1.4790
8,17.6570,883,99,0,60.776917,0.607769,1.4790
8,17.6770,884,99,0,60.851086,0.608511,1.4790
8,17.6970,885,99,0,60.925102,0.609251,1.4790
8,17.7170,886,99,0,60.998974,0.609990,1.4790
8,17.7370,887,99,0,61.072697,0.610727,1.4790
8,17.7570,888,99,0,61.146282,0.611463,1.4790
8,17.7770,889,99,0,61.219719,0.612197,1.4790
8,17.7970,890,99,0,61.293011,0.612930,1.4790
8,17.8170,891,99,0,61.366158,0.613662,1.4790
8,17.8370,892,99,0,61.439159,0.614392,1.4790
8,17.8570,893,99,0,61.512016,0.615120,1.4790
8,17.8770,894,99,0,61.584728,0.615847,1.4790
8,17.8970,895,99,0,61.657303,0.616573,1.4790
8,17.9170,896,99,0,61.729725,0.617297,1.4790
8,17.9370,897,99,0,61.802010,0.618020,1.4790
8,17.9570,898,99,0,61.874149,0.618741,1.4790
8,17.9770,899,99,0,61.946148,0.619461,1.4790
8,17.9970,900,99,0,62.018002,0.620180,1.4790
8,18.0170,901,99,0,62.089714,0.620897,1.4790
8,18.0370,902,99,0,62.161285,0.621613,1.4790
8,18.0580,903,99,0,62.232712,0.622327,1.4790
8,18.0770,904,99,0,62.304005,0.623040,1.4790
8,18.0970,905,99,0,62.375153,0.623752,1.4790
8,18.1170,906,99,0,62.446156,0.624462,1.4790
8,18.1370,907,99,0,62.517021,0.625170,1.4790
8,18.1570,908,99,0,62.587749,0.625877,1.4790
8,18.1770,909,99,0,62.658337,0.626583,1.4790
8,18.1970,910,99,0,62.728779,0.627288,1.4790
8,18.2170,911,99,0,62.799084,0.627991,1.4790
8,18.2370,912,99,0,62.869251,0.628693,1.4790
8,18.2570,913,99,0,62.939281,0.629393,1.4790
8,18.2770,914,99,0,63.009171,0.630092,1.4790
8,18.2970,915,99,0,63.078918,0.630789,1.4790
8,18.3170,916,99,0,63.148533,0.631485,1.4790
8,18.3370,917,99,0,63.218010,0.632180,1.4790
8,18.3570,918,99,0,63.287346,0.632873,1.4790
8,18.3770,919,99,0,63.356548,0.633565,1.4790
8,18.3980,920,99,0,63.425610,0.634256,1.4790
8,18.4170,921,99,0,63.494541,0.634945,1.4790
8,18.4370,922,99,0,63.563332,0.635633,1.4790
8,18.4570,923,99,0,63.631985,0.636320,1.4790
8,18.4770,924,99,0,63.700500,0.637005,1.4790
8,18.4970,925,99,0,63.768887,0.637689,1.4790
8,18.5170,926,99,0,63.837132,0.638371,1.4790
8,18.5370,927,99,0,63.905247,0.639052,1.4790
8,18.5580,928,99,0,63.973221,0.639732,1.4790
8,18.5770,929,99,0,64.041061,0.640411,1.4790
8,18.5970,930,99,0,64.108772,0.641088,1.4790
8,18.6170,931,99,0,64.176353,0.641764,1.4790
8,18.6370,932,99,0,64.243797,0.642438,1.4790
8,18.6570,933,99,0,64.311104,0.643111,1.4790
8,18.6770,934,99,0,64.378281,0.643783,1.4790
8,18.6970,935,99,0,64.445313,0.644453,1.4790
8,18.7170,936,99,0,64.512222,0.645122,1.4790
8,18.7370,937,99,0,64.579002,0.645790,1.4790
8,18.7570,938,99,0,64.645645,0.646456,1.4790
8,18.7770,939,99,0,64.712151,0.647122,1.4790
8,18.7970,940,99,0,64.778526,0.647785,1.4790
8,18.8170,941,99,0,64.844780,0.648448,1.4790
8,18.8370,942,99,0,64.910896,0.649109,1.4790
8,18.8570,943,99,0,64.976883,0.649769,1.4790
8,18.8770,944,99,0,65.042732,0.650427,1.4790
8,18.8980,945,99,0,65.108452,0.651085,1.4790
8,18.9170,946,99,0,65.174049,0.651740,1.4790
8,18.9370,947,99,0,65.239510,0.652395,1.4790
8,18.9570,948,99,0,65.304848,0.653048,1.4790
8,18.9770,949,99,0,65.370049,0.653700,1.4790
8,18.9970,950,99,0,65.435120,0.654351,1.4790
8,19.0170,951,99,0,65.500069,0.655001,1.4790
8,19.0370,952,99,0,65.564888,0.655649,1.4790
8,19.0580,953,99,0,65.629578,0.656296,1.4790
8,19.0770,954,99,0,65.694138,0.656941,1.4790
8,19.0970,955,99,0,65.758575,0.657586,1.4790
8,19.1170,956,99,0,65.822868,0.658229,1.4790
8,19.1370,957,99,0,65.887047,0.658870,1.4790
8,19.1570,958,99,0,65.951103,0.659511,1.4790
8,19.1770,959,99,0,66.015022,0.660150,1.4790
8,19.1970,960,99,0,66.078812,0.660788,1.4790
8,19.2170,961,99,0,66.142487,0.661425,1.4790
8,19.2370,962,99,0,66.206032,0.662060,1.4790
8,19.2570,963,99,0,66.269447,0.662694,1.4790
8,19.2770,964,99,0,66.332733,0.663327,1.4790
8,19.2970,965,99,0,66.395897,0.663959,1.4790
8,19.3170,966,99,0,66.458939,0.664589,1.4790
8,19.3370,967,99,0,66.521858,0.665219,1.4790
8,19.3570,968,99,0,66.584641,0.665846,1.4790
8,19.3770,969,99,0,66.647308,0.666473,1.4790
8,19.3980,970,99,0,66.709854,0.667099,1.4790
8,19.4170,971,99,0,66.772263,0.667723,1.4790
8,19.4370,972,99,0,66.834557,0.668346,1.4790
8,19.4570,973,99,0,66.896729,0.668967,1.4790
8,19.4770,974,99,0,66.958771,0.669588,1.4790
8,19.4970,975,99,0,67.020699,0.670207,1.4790
8,19.5170,976,99,0,67.082504,0.670825,1.4790
8,19.5370,977,99,0,67.144173,0.671442,1.4790
8,19.5570,978,99,0,67.205734,0.672057,1.4790
8,19.5770,979,99,0,67.267166,0.672672,1.4790
8,19.5970,980,99,0,67.328484,0.673285,1.4790
8,19.6170,981,99,0,67.389664,0.673897,1.4790
8,19.6370,982,99,0,67.450737,0.674507,1.4790
8,19.6570,983,99,0,67.511673,0.675117,1.4790
8,19.6770,984,99,0,67.572495,0.675725,1.4790
8,19.6970,985,99,0,67.633202,0.676332,1.4790
8,19.7170,986,99,0,67.693787,0.676938,1.4790
8,19.7380,987,99,0,67.754242,0.677542,1.4790
8,19.7570,988,99,0,67.814583,0.678146,1.4790
8,19.7770,989,99,0,67.874809,0.678748,1.4790
8,19.7970,990,99,0,67.934921,0.679349,1.4790
8,19.8170,991,99,0,67.994904,0.679949,1.4790
8,19.8370,992,99,0,68.054771,0.680548,1.4790
8,19.8570,993,99,0,68.114510,0.681145,1.4790
8,19.8770,994,99,0,68.174141,0.681741,1.4790
8,19.8980,995,99,0,68.233658,0.682337,1.4790
8,19.9170,996,99,0,68.293045,0.682930,1.4790
8,19.9370,997,99,0,68.352325,0.683523,1.4790
8,19.9570,998,99,0,68.411476,0.684115,1.4790
8,19.9770,999,99,0,68.470512,0.684705,1.4790
8,19.9970,1000,99,0,68.529434,0.685294,1.4790
8,20.0170,1001,99,0,68.588234,0.685882,1.4790
8,20.0370,1002,99,0,68.646927,0.686469,1.4790
8,20.0570,1003,99,0,68.705490,0.687055,1.4790
8,20.0770,1004,99,0,68.763947,0.687639,1.4790
8,20.0970,1005,99,0,68.822289,0.688223,1.4790
8,20.1170,1006,99,0,68.880508,0.688805,1.4790
8,20.1370,1007,99,0,68.938614,0.689386,1.4790
8,20.1570,1008,99,0,68.996605,0.689966,1.4790
8,20.1770,1009,99,0,69.054482,0.690545,1.4790
8,20.1970,1010,99,0,69.112236,0.691122,1.4790
8,20.2170,1011,99,0,69.169884,0.691699,1.4790
8,20.2370,1012,99,0,69.227417,0.692274,1.4790
8,20.2570,1013,99,0,69.284836,0.692848,1.4790
8,20.2770,1014,99,0,69.342148,0.693421,1.4790
8,20.2970,1015,99,0,69.399330,0.693993,1.4790
8,20.3170,1016,99,0,69.456406,0.694564,1.4790
8,20.3370,1017,99,0,69.513359,0.695134,1.4790
8,20.3570,1018,99,0,69.570206,0.695702,1.4790
8,20.3770,1019,99,0,69.626938,0.696269,1.4790
8,20.3980,1020,99,0,69.683563,0.696836,1.4790
8,20.4170,1021,99,0,69.740074,0.697401,1.4790
8,20.4370,1022,99,0,69.796478,0.697965,1.4790
8,20.4570,1023,99,0,69.852768,0.698528,1.4790
8,20.4770,1024,99,0,69.908936,0.699089,1.4790
8,20.4970,1025,99,0,69.964996,0.699650,1.4790
8,20.5170,1026,99,0,70.020958,0.700210,1.4790
8,20.5370,1027,99,0,70.076790,0.700768,1.4790
8,20.5570,1028,99,0,70.132515,0.701325,1.4790
8,20.5770,1029,99,0,70.188141,0.701881,1.4790
8,20.5970,1030,99,0,70.243652,0.702437,1.4790
8,20.6170,1031,99,0,70.299049,0.702990,1.4790
8,20.6370,1032,99,0,70.354332,0.703543,1.4790
8,20.6570,1033,99,0,70.409508,0.704095,1.4790
8,20.6770,1034,99,0,70.464577,0.704646,1.4790
8,20.6970,1035,99,0,70.519539,0.705195,1.4790
8,20.7170,1036,99,0,70.574387,0.705744,1.4790
8,20.7370,1037,99,0,70.629128,0.706291,1.4790
8,20.7570,1038,99,0,70.683754,0.706838,1.4790
8,20.7770,1039,99,0,70.738274,0.707383,1.4790
8,20.7970,1040,99,0,70.792686,0.707927,1.4790
8,20.8170,1041,99,0,70.846992,0.708470,1.4790
8,20.8370,1042,99,0,70.901192,0.709012,1.4790
8,20.8570,1043,99,0,70.955284,0.709553,1.4790
8,20.8770,1044,99,0,71.009262,0.710093,1.4790
8,20.8980,1045,99,0,71.063141,0.710631,1.4790
8,20.9170,1046,99,0,71.116905,0.711169,1.4790
8,20.9370,1047,99,0,71.170570,0.711706,1.4790
8,20.9570,1048,99,0,71.224121,0.712241,1.4790
8,20.9770,1049,99,0,71.277565,0.712776,1.4790
8,20.9970,1050,99,0,71.330910,0.713309,1.4790
8,21.0170,1051,99,0,71.384140,0.713841,1.4790
8,21.0370,1052,99,0,71.437263,0.714373,1.4790
8,21.0570,1053,99,0,71.490288,0.714903,1.4790
8,21.0770,1054,99,0,71.543205,0.715432,1.4790
8,21.0970,1055,99,0,71.596008,0.715960,1.4790
8,21.1170,1056,99,0,71.648720,0.716487,1.4790
8,21.1370,1057,99,0,71.701324,0.717013,1.4790
8,21.1570,1058,99,0,71.753822,0.717538,1.4790
8,21.1770,1059,99,0,71.806221,0.718062,1.4790
8,21.1970,1060,99,0,71.858505,0.718585,1.4790
8,21.2170,1061,99,0,71.910690,0.719107,1.4790
8,21.2370,1062,99,0,71.962776,0.719628,1.4790
8,21.2570,1063,99,0,72.014748,0.720147,1.4790
8,21.2770,1064,99,0,72.066620,0.720666,1.4790
8,21.2970,1065,99,0,72.118393,0.721184,1.4790
8,21.3170,1066,99,0,72.170059,0.721701,1.4790
8,21.3370,1067,99,0,72.221634,0.722216,1.4790
8,21.3570,1068,99,0,72.273087,0.722731,1.4790
8,21.3770,1069,99,0,72.324448,0.723244,1.4790
8,21.3980,1070,99,0,72.375702,0.723757,1.4790
8,21.4170,1071,99,0,72.426857,0.724269,1.4790
8,21.4370,1072,99,0,72.477913,0.724779,1.4790
8,21.4570,1073,99,0,72.528870,0.725289,1.4790
8,21.4770,1074,99,0,72.579720,0.725797,1.4790
8,21.4970,1075,99,0,72.630470,0.726305,1.4790
8,21.5170,1076,99,0,72.681114,0.726811,1.4790
8,21.5370,1077,99,0,72.731659,0.727317,1.4790
8,21.5570,1078,99,0,72.782112,0.727821,1.4790
8,21.5770,1079,99,0,72.832458,0.728325,1.4790
8,21.5970,1080,99,0,72.882706,0.728827,1.4790
8,21.6170,1081,99,0,72.932854,0.729329,1.4790
8,21.6370,1082,99,0,72.982895,0.729829,1.4790
8,21.6570,1083,99,0,73.032845,0.730328,1.4790
8,21.6770,1084,99,0,73.082695,0.730827,1.4790
8,21.6970,1085,99,0,73.132454,0.731325,1.4790
8,21.7170,1086,99,0,73.182098,0.731821,1.4790
8,21.7380,1087,99,0,73.231644,0.732316,1.4790
8,21.7570,1088,99,0,73.281090,0.732811,1.4790
8,21.7770,1089,99,0,73.330444,0.733304,1.4790
8,21.7970,1090,99,0,73.379692,0.733797,1.4790
8,21.8170,1091,99,0,73.428856,0.734289,1.4790
8,21.8370,1092,99,0,73.477913,0.734779,1.4790
8,21.8570,1093,99,0,73.526878,0.735269,1.4790
8,21.8770,1094,99,0,73.575745,0.735757,1.4790
8,21.8970,1095,99,0,73.624512,0.736245,1.4790
8,21.9170,1096,99,0,73.673180,0.736732,1.4790
8,21.9370,1097,99,0,73.721748,0.737217,1.4790
8,21.9570,1098,99,0,73.770233,0.737702,1.4790
8,21.9770,1099,99,0,73.818619,0.738186,1.4790
8,21.9970,1100,99,0,73.866898,0.738669,1.4790
8,22.0170,1101,99,0,73.915077,0.739151,1.4790
8,22.0370,1102,99,0,73.963181,0.739632,1.4790
8,22.0570,1103,99,0,74.011169,0.740112,1.4790
8,22.0770,1104,99,0,74.059074,0.740591,1.4790
8,22.0970,1105,99,0,74.106873,0.741069,1.4790
8,22.1170,1106,99,0,74.154579,0.741546,1.4790
8,22.1370,1107,99,0,74.202194,0.742022,1.4790
8,22.1570,1108,99,0,74.249718,0.742497,1.4790
8,22.1770,1109,99,0,74.297150,0.742971,1.4790
8,22.1970,1110,99,0,74.344467,0.743445,1.4790
8,22.2170,1111,99,0,74.391716,0.743917,1.4790
8,22.2380,1112,99,0,74.438850,0.744389,1.4790
8,22.2570,1113,99,0,74.485901,0.744859,1.4790
8,22.2770,1114,99,0,74.532860,0.745329,1.4790
8,22.2970,1115,99,0,74.579712,0.745797,1.4790
8,22.3170,1116,99,0,74.626480,0.746265,1.4790
8,22.3370,1117,99,0,74.673164,0.746732,1.4790
8,22.3570,1118,99,0,74.719734,0.747197,1.4790
8,22.3770,1119,99,0,74.766228,0.747662,1.4790
8,22.3970,1120,99,0,74.812622,0.748126,1.4790
8,22.4170,1121,99,0,74.858925,0.748589,1.4790
8,22.4370,1122,99,0,74.905144,0.749051,1.4790
8,22.4570,1123,99,0,74.951263,0.749513,1.4790
8,22.4770,1124,99,0,74.997292,0.749973,1.4790
8,22.4970,1125,99,0,75.043221,0.750432,1.4790
8,22.5170,1126,99,0,75.089058,0.750891,1.4790
8,22.5370,1127,99,0,75.134819,0.751348,1.4790
8,22.5570,1128,99,0,75.180481,0.751805,1.4790
8,22.5780,1129,99,0,75.226051,0.752261,1.4790
8,22.5970,1130,99,0,75.271530,0.752715,1.4790
8,22.6170,1131,99,0,75.316917,0.753169,1.4790
8,22.6370,1132,99,0,75.362213,0.753622,1.4790
8,22.6570,1133,99,0,75.407425,0.754074,1.4790
8,22.6770,1134,99,0,75.452538,0.754525,1.4790
8,22.6970,1135,99,0,75.497574,0.754976,1.4790
8,22.7170,1136,99,0,75.542511,0.755425,1.4790
8,22.7370,1137,99,0,75.587364,0.755874,1.4790
8,22.7570,1138,99,0,75.632118,0.756321,1.4790
8,22.7770,1139,99,0,75.676788,0.756768,1.4790
8,22.7970,1140,99,0,75.721375,0.757214,1.4790
8,22.8170,1141,99,0,75.765869,0.757659,1.4790
8,22.8370,1142,99,0,75.810272,0.758103,1.4790
8,22.8570,1143,99,0,75.854591,0.758546,1.4790
8,22.8770,1144,99,0,75.898827,0.758988,1.4790
8,22.8970,1145,99,0,75.942963,0.759430,1.4790
8,22.9170,1146,99,0,75.987015,0.759870,1.4790
8,22.9370,1147,99,0,76.030983,0.760310,1.4790
8,22.9570,1148,99,0,76.074860,0.760749,1.4790
8,22.9770,1149,99,0,76.118652,0.761187,1.4790
8,22.9970,1150,99,0,76.162354,0.761624,1.4790
8,23.0170,1151,99,0,76.205971,0.762060,1.4790
8,23.0370,1152,99,0,76.249504,0.762495,1.4790
8,23.0570,1153,99,0,76.292938,0.762929,1.4790
8,23.0770,1154,99,0,76.336304,0.763363,1.4790
8,23.0970,1155,99,0,76.379562,0.763796,1.4790
8,23.1170,1156,99,0,76.422752,0.764228,1.4790
8,23.1370,1157,99,0,76.465851,0.764659,1.4790
8,23.1570,1158,99,0,76.508858,0.765089,1.4790
8,23.1770,1159,99,0,76.551781,0.765518,1.4790
8,23.1970,1160,99,0,76.594620,0.765946,1.4790
8,23.2170,1161,99,0,76.637367,0.766374,1.4790
8,23.2380,1162,99,0,76.680038,0.766800,1.4790
8,23.2570,1163,99,0,76.722626,0.767226,1.4790
8,23.2770,1164,99,0,76.765121,0.767651,1.4790
8,23.2970,1165,99,0,76.807541,0.768075,1.4790
8,23.3170,1166,99,0,76.849861,0.768499,1.4790
8,23.3370,1167,99,0,76.892113,0.768921,1.4790
8,23.3570,1168,99,0,76.934265,0.769343,1.4790
8,23.3770,1169,99,0,76.976341,0.769763,1.4790
8,23.3970,1170,99,0,77.018333,0.770183,1.4790
8,23.4170,1171,99,0,77.060242,0.770602,1.4790
8,23.4370,1172,99,0,77.102066,0.771021,1.4790
8,23.4570,1173,99,0,77.143806,0.771438,1.4790
8,23.4770,1174,99,0,77.185463,0.771855,1.4790
8,23.4970,1175,99,0,77.227043,0.772270,1.4790
8,23.5170,1176,99,0,77.268532,0.772685,1.4790
8,23.5370,1177,99,0,77.309944,0.773099,1.4790
8,23.5570,1178,99,0,77.351265,0.773513,1.4790
8,23.5780,1179,99,0,77.392509,0.773925,1.4790
8,23.5970,1180,99,0,77.433678,0.774337,1.4790
8,23.6170,1181,99,0,77.474762,0.774748,1.4790
8,23.6370,1182,99,0,77.515762,0.775158,1.4790
8,23.6570,1183,99,0,77.556671,0.775567,1.4790
8,23.6770,1184,99,0,77.597511,0.775975,1.4790
8,23.6970,1185,99,0,77.638268,0.776383,1.4790
8,23.7170,1186,99,0,77.678932,0.776789,1.4790
8,23.7370,1187,99,0,77.719536,0.777195,1.4790
8,23.7570,1188,99,0,77.760048,0.777600,1.4790
8,23.7770,1189,99,0,77.800476,0.778005,1.4790
8,23.7970,1190,99,0,77.840820,0.778408,1.4790
8,23.8170,1191,99,0,77.881096,0.778811,1.4790
8,23.8370,1192,99,0,77.921280,0.779213,1.4790
8,23.8570,1193,99,0,77.961395,0.779614,1.4790
8,23.8770,1194,99,0,78.001419,0.780014,1.4790
8,23.8970,1195,99,0,78.041374,0.780414,1.4790
8,23.9170,1196,99,0,78.081238,0.780812,1.4790
8,23.9370,1197,99,0,78.121025,0.781210,1.4790
8,23.9570,1198,99,0,78.160736,0.781607,1.4790
8,23.9770,1199,99,0,78.200371,0.782004,1.4790
8,23.9970,1200,99,0,78.239929,0.782399,1.4790
8,24.0170,1201,99,0,78.279396,0.782794,1.4790
8,24.0370,1202,99,0,78.318794,0.783188,1.4790
8,24.0570,1203,99,0,78.358109,0.783581,1.4790
8,24.0770,1204,99,0,78.397346,0.783973,1.4790
8,24.0970,1205,99,0,78.436508,0.784365,1.4790
8,24.1170,1206,99,0,78.475586,0.784756,1.4790
8,24.1370,1207,99,0,78.514587,0.785146,1.4790
8,24.1570,1208,99,0,78.553513,0.785535,1.4790
8,24.1770,1209,99,0,78.592361,0.785924,1.4790
8,24.1970,1210,99,0,78.631142,0.786311,1.4790
8,24.2170,1211,99,0,78.669830,0.786698,1.4790
8,24.2370,1212,99,0,78.708443,0.787084,1.4790
8,24.2570,1213,99,0,78.746986,0.787470,1.4790
8,24.2770,1214,99,0,78.785446,0.787854,1.4790
8,24.2970,1215,99,0,78.823837,0.788238,1.4790
8,24.3170,1216,99,0,78.862144,0.788621,1.4790
8,24.3370,1217,99,0,78.900383,0.789004,1.4790
8,24.3570,1218,99,0,78.938538,0.789385,1.4790
8,24.3770,1219,99,0,78.976624,0.789766,1.4790
8,24.3970,1220,99,0,79.014633,0.790146,1.4790
8,24.4170,1221,99,0,79.052559,0.790526,1.4790
8,24.4370,1222,99,0,79.090416,0.790904,1.4790
8,24.4570,1223,99,0,79.128197,0.791282,1.4790
8,24.4770,1224,99,0,79.165901,0.791659,1.4790
8,24.4970,1225,99,0,79.203529,0.792035,1.4790
8,24.5170,1226,99,0,79.241081,0.792411,1.4790
8,24.5370,1227,99,0,79.278557,0.792786,1.4790
8,24.5570,1228,99,0,79.315956,0.793160,1.4790
8,24.5780,1229,99,0,79.353279,0.793533,1.4790
8,24.5970,1230,99,0,79.390541,0.793905,1.4790
8,24.6170,1231,99,0,79.427719,0.794277,1.4790
8,24.6370,1232,99,0,79.464828,0.794648,1.4790
8,24.6570,1233,99,0,79.501854,0.795019,1.4790
8,24.6770,1234,99,0,79.538811,0.795388,1.4790
8,24.6970,1235,99,0,79.575699,0.795757,1.4790
8,24.7170,1236,99,0,79.612503,0.796125,1.4790
8,24.7370,1237,99,0,79.649246,0.796492,1.4790
8,24.7570,1238,99,0,79.685905,0.796859,1.4790
8,24.7770,1239,99,0,79.722496,0.797225,1.4790
8,24.7970,1240,99,0,79.759018,0.797590,1.4790
8,24.8170,1241,99,0,79.795464,0.797955,1.4790
8,24.8370,1242,99,0,79.831833,0.798318,1.4790
8,24.8570,1243,99,0,79.868134,0.798681,1.4790
8,24.8770,1244,99,0,79.904358,0.799044,1.4790
8,24.8970,1245,99,0,79.940514,0.799405,1.4790
8,24.9180,1246,99,0,79.976593,0.799766,1.4790
8,24.9370,1247,99,0,80.012596,0.800126,1.4790
8,24.9570,1248,99,0,80.048531,0.800485,1.4790
8,24.9770,1249,99,0,80.084404,0.800844,1.4790
8,24.9970,1250,99,0,80.120201,0.801202,1.4790
8,25.0170,1251,99,0,80.155922,0.801559,1.4790
8,25.0370,1252,99,0,80.191574,0.801916,1.4790
8,25.0570,1253,99,0,80.227150,0.802271,1.4790
8,25.0770,1254,99,0,80.262657,0.802627,1.4790
8,25.0970,1255,99,0,80.298103,0.802981,1.4790
8,25.1170,1256,99,0,80.333473,0.803335,1.4790
8,25.1370,1257,99,0,80.368767,0.803688,1.4790
8,25.1570,1258,99,0,80.403999,0.804040,1.4790
8,25.1770,1259,99,0,80.439163,0.804392,1.4790
8,25.1970,1260,99,0,80.474243,0.804742,1.4790
8,25.2170,1261,99,0,80.509262,0.805093,1.4790
8,25.2370,1262,99,0,80.544205,0.805442,1.4790
8,25.2570,1263,99,0,80.579086,0.805791,1.4790
8,25.2770,1264,99,0,80.613892,0.806139,1.4790
8,25.2970,1265,99,0,80.648636,0.806486,1.4790
8,25.3170,1266,99,0,80.683304,0.806833,1.4790
8,25.3370,1267,99,0,80.717896,0.807179,1.4790
8,25.3570,1268,99,0,80.752434,0.807524,1.4790
8,25.3770,1269,99,0,80.786896,0.807869,1.4790
8,25.3970,1270,99,0,80.821281,0.808213,1.4790
8,25.4180,1271,99,0,80.855606,0.808556,1.4790
8,25.4370,1272,99,0,80.889862,0.808899,1.4790
8,25.4570,1273,99,0,80.924049,0.809240,1.4790
8,25.4770,1274,99,0,80.958168,0.809582,1.4790
8,25.4970,1275,99,0,80.992218,0.809922,1.4790
8,25.5170,1276,99,0,81.026199,0.810262,1.4790
8,25.5370,1277,99,0,81.060112,0.810601,1.4790
8,25.5570,1278,99,0,81.093964,0.810940,1.4790
8,25.5770,1279,99,0,81.127747,0.811277,1.4790
8,25.5970,1280,99,0,81.161461,0.811615,1.4790
8,25.6170,1281,99,0,81.195114,0.811951,1.4790
8,25.6370,1282,99,0,81.228691,0.812287,1.4790
8,25.6570,1283,99,0,81.262199,0.812622,1.4790
8,25.6770,1284,99,0,81.295639,0.812956,1.4790
8,25.6970,1285,99,0,81.329025,0.813290,1.4790
8,25.7170,1286,99,0,81.362335,0.813623,1.4790
8,25.7370,1287,99,0,81.395584,0.813956,1.4790
8,25.7570,1288,99,0,81.428764,0.814288,1.4790
8,25.7770,1289,99,0,81.461876,0.814619,1.4790
8,25.7970,1290,99,0,81.494926,0.814949,1.4790
8,25.8170,1291,99,0,81.527901,0.815279,1.4790
8,25.8370,1292,99,0,81.560822,0.815608,1.4790
8,25.8570,1293,99,0,81.593674,0.815937,1.4790
8,25.8770,1294,99,0,81.626457,0.816265,1.4790
8,25.8970,1295,99,0,81.659172,0.816592,1.4790
8,25.9180,1296,99,0,81.691826,0.816918,1.4790
8,25.9370,1297,99,0,81.724419,0.817244,1.4790
8,25.9570,1298,99,0,81.756943,0.817569,1.4790
8,25.9770,1299,99,0,81.789398,0.817894,1.4790
8,25.9970,1300,99,0,81.821793,0.818218,1.4790
8,26.0170,1301,99,0,81.854118,0.818541,1.4790
8,26.0370,1302,99,0,81.886383,0.818864,1.4790
8,26.0570,1303,99,0,81.918571,0.819186,1.4790
8,26.0770,1304,99,0,81.950714,0.819507,1.4790
8,26.0970,1305,99,0,81.982780,0.819828,1.4790
8,26.1170,1306,99,0,82.014793,0.820148,1.4790
8,26.1370,1307,99,0,82.046738,0.820467,1.4790
8,26.1570,1308,99,0,82.078621,0.820786,1.4790
8,26.1770,1309,99,0,82.110435,0.821104,1.4790
8,26.1970,1310,99,0,82.142189,0.821422,1.4790
8,26.2170,1311,99,0,82.173874,0.821739,1.4790
8,26.2370,1312,99,0,82.205505,0.822055,1.4790
8,26.2570,1313,99,0,82.237068,0.822371,1.4790
8,26.2770,1314,99,0,82.268562,0.822686,1.4790
8,26.2970,1315,99,0,82.300003,0.823000,1.4790
8,26.3170,1316,99,0,82.331375,0.823314,1.4790
8,26.3370,1317,99,0,82.362686,0.823627,1.4790
8,26.3570,1318,99,0,82.393936,0.823939,1.4790
8,26.3770,1319,99,0,82.425117,0.824251,1.4790
8,26.3970,1320,99,0,82.456245,0.824562,1.4790
8,26.4180,1321,99,0,82.487312,0.824873,1.4790
8,26.4370,1322,99,0,82.518311,0.825183,1.4790
8,26.4570,1323,99,0,82.549255,0.825493,1.4790
8,26.4770,1324,99,0,82.580132,0.825801,1.4790
8,26.4970,1325,99,0,82.610939,0.826109,1.4790
8,26.5170,1326,99,0,82.641693,0.826417,1.4790
8,26.5370,1327,99,0,82.672386,0.826724,1.4790
8,26.5570,1328,99,0,82.703018,0.827030,1.4790
8,26.5770,1329,99,0,82.733589,0.827336,1.4790
8,26.5970,1330,99,0,82.764099,0.827641,1.4790
8,26.6170,1331,99,0,82.794540,0.827945,1.4790
8,26.6370,1332,99,0,82.824928,0.828249,1.4790
8,26.6570,1333,99,0,82.855255,0.828553,1.4790
8,26.6770,1334,99,0,82.885521,0.828855,1.4790
8,26.6970,1335,99,0,82.915726,0.829157,1.4790
8,26.7170,1336,99,0,82.945869,0.829459,1.4790
8,26.7370,1337,99,0,82.975952,0.829760,1.4790
8,26.7580,1338,99,0,83.005974,0.830060,1.4790
8,26.7770,1339,99,0,83.035934,0.830359,1.4790
8,26.7970,1340,99,0,83.065842,0.830658,1.4790
8,26.8170,1341,99,0,83.095695,0.830957,1.4790
8,26.8370,1342,99,0,83.125481,0.831255,1.4790
8,26.8570,1343,99,0,83.155205,0.831552,1.4790
8,26.8770,1344,99,0,83.184868,0.831849,1.4790
8,26.8970,1345,99,0,83.214485,0.832145,1.4790
8,26.9170,1346,99,0,83.244034,0.832440,1.4790
8,26.9370,1347,99,0,83.273521,0.832735,1.4790
8,26.9570,1348,99,0,83.302948,0.833029,1.4790
8,26.9770,1349,99,0,83.332329,0.833323,1.4790
8,26.9970,1350,99,0,83.361641,0.833616,1.4790
8,27.0170,1351,99,0,83.390892,0.833909,1.4790
8,27.0370,1352,99,0,83.420090,0.834201,1.4790
8,27.0570,1353,99,0,83.449226,0.834492,1.4790
8,27.0770,1354,99,0,83.478310,0.834783,1.4790
8,27.0970,1355,99,0,83.507332,0.835073,1.4790
8,27.1170,1356,99,0,83.536293,0.835363,1.4790
8,27.1370,1357,99,0,83.565193,0.835652,1.4790
8,27.1570,1358,99,0,83.594048,0.835940,1.4790
8,27.1770,1359,99,0,83.622841,0.836228,1.4790
8,27.1970,1360,99,0,83.651573,0.836516,1.4790
8,27.2170,1361,99,0,83.680252,0.836803,1.4790
8,27.2370,1362,99,0,83.708870,0.837089,1.4790
8,27.2580,1363,99,0,83.737434,0.837374,1.4790
8,27.2770,1364,99,0,83.765930,0.837659,1.4790
8,27.2970,1365,99,0,83.794380,0.837944,1.4790
8,27.3170,1366,99,0,83.822769,0.838228,1.4790
8,27.3370,1367,99,0,83.851097,0.838511,1.4790
8,27.3570,1368,99,0,83.879387,0.838794,1.4790
8,27.3770,1369,99,0,83.907600,0.839076,1.4790
8,27.3970,1370,99,0,83.935768,0.839358,1.4790
8,27.4170,1371,99,0,83.963875,0.839639,1.4790
8,27.4370,1372,99,0,83.991928,0.839919,1.4790
8,27.4570,1373,99,0,84.019928,0.840199,1.4790
8,27.4770,1374,99,0,84.047867,0.840479,1.4790
8,27.4970,1375,99,0,84.075745,0.840757,1.4790
8,27.5170,1376,99,0,84.103584,0.841036,1.4790
8,27.5370,1377,99,0,84.131355,0.841314,1.4790
8,27.5570,1378,99,0,84.159073,0.841591,1.4790
8,27.5770,1379,99,0,84.186737,0.841867,1.4790
8,27.5970,1380,99,0,84.214348,0.842143,1.4790
8,27.6170,1381,99,0,84.241898,0.842419,1.4790
8,27.6370,1382,99,0,84.269394,0.842694,1.4790
8,27.6570,1383,99,0,84.296844,0.842968,1.4790
8,27.6770,1384,99,0,84.324234,0.843242,1.4790
8,27.6970,1385,99,0,84.351563,0.843516,1.4790
8,27.7170,1386,99,0,84.378845,0.843788,1.4790
8,27.7370,1387,99,0,84.406059,0.844061,1.4790
8,27.7580,1388,99,0,84.433235,0.844332,1.4790
8,27.7770,1389,99,0,84.460350,0.844604,1.4790
8,27.7970,1390,99,0,84.487411,0.844874,1.4790
8,27.8170,1391,99,0,84.514420,0.845144,1.4790
8,27.8370,1392,99,0,84.541374,0.845414,1.4790
8,27.8570,1393,99,0,84.568275,0.845683,1.4790
8,27.8770,1394,99,0,84.595116,0.845951,1.4790
8,27.8970,1395,99,0,84.621902,0.846219,1.4790
8,27.9170,1396,99,0,84.648636,0.846486,1.4790
8,27.9370,1397,99,0,84.675331,0.846753,1.4790
8,27.9570,1398,99,0,84.701950,0.847020,1.4790
8,27.9770,1399,99,0,84.728531,0.847285,1.4790
8,27.9970,1400,99,0,84.755058,0.847551,1.4790
8,28.0170,1401,99,0,84.781525,0.847815,1.4790
8,28.0370,1402,99,0,84.807945,0.848079,1.4790
8,28.0570,1403,99,0,84.834305,0.848343,1.4790
8,28.0770,1404,99,0,84.860626,0.848606,1.4790
8,28.0980,1405,99,0,84.886894,0.848869,1.4790
8,28.1170,1406,99,0,84.913101,0.849131,1.4790
8,28.1370,1407,99,0,84.939262,0.849393,1.4790
8,28.1570,1408,99,0,84.965370,0.849654,1.4790
8,28.1770,1409,99,0,84.991417,0.849914,1.4790
8,28.1970,1410,99,0,85.017418,0.850174,1.4790
8,28.2170,1411,99,0,85.043365,0.850434,1.4790
8,28.2370,1412,99,0,85.069267,0.850693,1.4790
8,28.2580,1413,99,0,85.095108,0.850951,1.4790
8,28.2770,1414,99,0,85.120903,0.851209,1.4790
8,28.2970,1415,99,0,85.146645,0.851466,1.4790
8,28.3170,1416,99,0,85.172340,0.851723,1.4790
8,28.3370,1417,99,0,85.197983,0.851980,1.4790
8,28.3570,1418,99,0,85.223572,0.852236,1.4790
8,28.3770,1419,99,0,85.249107,0.852491,1.4790
8,28.3970,1420,99,0,85.274597,0.852746,1.4790
8,28.4170,1421,99,0,85.300026,0.853000,1.4790
8,28.4370,1422,99,0,85.325409,0.853254,1.4790
8,28.4570,1423,99,0,85.350746,0.853507,1.4790
8,28.4770,1424,99,0,85.376030,0.853760,1.4790
8,28.4970,1425,99,0,85.401260,0.854013,1.4790
8,28.5170,1426,99,0,85.426445,0.854264,1.4790
8,28.5370,1427,99,0,85.451576,0.854516,1.4790
8,28.5570,1428,99,0,85.476662,0.854767,1.4790
8,28.5770,1429,99,0,85.501694,0.855017,1.4790
8,28.5980,1430,99,0,85.526672,0.855267,1.4790
8,28.6170,1431,99,0,85.551613,0.855516,1.4790
8,28.6370,1432,99,0,85.576492,0.855765,1.4790
8,28.6570,1433,99,0,85.601326,0.856013,1.4790
8,28.6770,1434,99,0,85.626106,0.856261,1.4790
8,28.6970,1435,99,0,85.650841,0.856508,1.4790
8,28.7170,1436,99,0,85.675522,0.856755,1.4790
8,28.7370,1437,99,0,85.700157,0.857002,1.4790
8,28.7580,1438,99,0,85.724739,0.857247,1.4790
8,28.7770,1439,99,0,85.749283,0.857493,1.4790
8,28.7970,1440,99,0,85.773766,0.857738,1.4790
8,28.8170,1441,99,0,85.798210,0.857982,1.4790
8,28.8370,1442,99,0,85.822601,0.858226,1.4790
8,28.8570,1443,99,0,85.846939,0.858469,1.4790
8,28.8770,1444,99,0,85.871231,0.858712,1.4790
8,28.8970,1445,99,0,85.895477,0.858955,1.4790
8,28.9170,1446,99,0,85.919670,0.859197,1.4790
8,28.9370,1447,99,0,85.943817,0.859438,1.4790
8,28.9570,1448,99,0,85.967918,0.859679,1.4790
8,28.9770,1449,99,0,85.991966,0.859920,1.4790
8,28.9970,1450,99,0,86.015976,0.860160,1.4790
8,29.0170,1451,99,0,86.039925,0.860399,1.4790
8,29.0370,1452,99,0,86.063828,0.860638,1.4790
8,29.0570,1453,99,0,86.087692,0.860877,1.4790
8,29.0770,1454,99,0,86.111511,0.861115,1.4790
8,29.0980,1455,99,0,86.135269,0.861353,1.4790
8,29.1170,1456,99,0,86.158981,0.861590,1.4790
8,29.1370,1457,99,0,86.182655,0.861827,1.4790
8,29.1570,1458,99,0,86.206276,0.862063,1.4790
8,29.1770,1459,99,0,86.229851,0.862299,1.4790
8,29.1970,1460,99,0,86.253380,0.862534,1.4790
8,29.2170,1461,99,0,86.276855,0.862769,1.4790
8,29.2370,1462,99,0,86.300293,0.863003,1.4790
8,29.2570,1463,99,0,86.323677,0.863237,1.4790
8,29.2770,1464,99,0,86.347023,0.863470,1.4790
8,29.2970,1465,99,0,86.370316,0.863703,1.4790
8,29.3170,1466,99,0,86.393562,0.863936,1.4790
8,29.3370,1467,99,0,86.416763,0.864168,1.4790
8,29.3570,1468,99,0,86.439919,0.864399,1.4790
8,29.3770,1469,99,0,86.463020,0.864630,1.4790
8,29.3970,1470,99,0,86.486084,0.864861,1.4790
8,29.4170,1471,99,0,86.509102,0.865091,1.4790
8,29.4370,1472,99,0,86.532074,0.865321,1.4790
8,29.4570,1473,99,0,86.555000,0.865550,1.4790
8,29.4770,1474,99,0,86.577873,0.865779,1.4790
8,29.4970,1475,99,0,86.600708,0.866007,1.4790
8,29.5170,1476,99,0,86.623497,0.866235,1.4790
8,29.5370,1477,99,0,86.646240,0.866462,1.4790
8,29.5570,1478,99,0,86.668930,0.866689,1.4790
8,29.5770,1479,99,0,86.691582,0.866916,1.4790
8,29.5980,1480,99,0,86.714188,0.867142,1.4790
8,29.6170,1481,99,0,86.736748,0.867367,1.4790
8,29.6370,1482,99,0,86.759262,0.867593,1.4790
8,29.6570,1483,99,0,86.781731,0.867817,1.4790
8,29.6770,1484,99,0,86.804153,0.868042,1.4790
8,29.6970,1485,99,0,86.826538,0.868265,1.4790
8,29.7170,1486,99,0,86.848877,0.868489,1.4790
8,29.7370,1487,99,0,86.871170,0.868712,1.4790
8,29.7570,1488,99,0,86.893417,0.868934,1.4790
8,29.7770,1489,99,0,86.915619,0.869156,1.4790
8,29.7970,1490,99,0,86.937767,0.869378,1.4790
8,29.8170,1491,99,0,86.959885,0.869599,1.4790
8,29.8370,1492,99,0,86.981956,0.869820,1.4790
8,29.8570,1493,99,0,87.003983,0.870040,1.4790
8,29.8770,1494,99,0,87.025963,0.870260,1.4790
8,29.8970,1495,99,0,87.047897,0.870479,1.4790
8,29.9170,1496,99,0,87.069794,0.870698,1.4790
8,29.9370,1497,99,0,87.091644,0.870916,1.4790
8,29.9570,1498,99,0,87.113449,0.871134,1.4790
8,29.9770,1499,99,0,87.135208,0.871352,1.4790
8,29.9970,1500,99,0,87.156929,0.871569,1.4790
8,30.0170,1501,99,0,87.178604,0.871786,1.4790
8,30.0370,1502,99,0,87.200233,0.872002,1.4790
8,30.0570,1503,99,0,87.221832,0.872218,1.4790
8,30.0770,1504,99,0,87.243378,0.872434,1.4790
8,30.0980,1505,99,0,87.264877,0.872649,1.4790
8,30.1170,1506,99,0,87.286339,0.872863,1.4790
8,30.1370,1507,99,0,87.307762,0.873078,1.4790
8,30.1570,1508,99,0,87.329124,0.873291,1.4790
8,30.1770,1509,99,0,87.350464,0.873505,1.4790
8,30.1970,1510,99,0,87.371750,0.873717,1.4790
8,30.2170,1511,99,0,87.392998,0.873930,1.4790
8,30.2370,1512,99,0,87.414207,0.874142,1.4790
8,30.2570,1513,99,0,87.435364,0.874354,1.4790
8,30.2770,1514,99,0,87.456482,0.874565,1.4790
8,30.2970,1515,99,0,87.477562,0.874776,1.4790
8,30.3170,1516,99,0,87.498596,0.874986,1.4790
8,30.3370,1517,99,0,87.519585,0.875196,1.4790
8,30.3570,1518,99,0,87.540543,0.875405,1.4790
8,30.3770,1519,99,0,87.561447,0.875614,1.4790
8,30.3970,1520,99,0,87.582314,0.875823,1.4790
8,30.4170,1521,99,0,87.603142,0.876031,1.4790
8,30.4370,1522,99,0,87.623924,0.876239,1.4790
8,30.4570,1523,99,0,87.644669,0.876447,1.4790
8,30.4770,1524,99,0,87.665367,0.876654,1.4790
8,30.4970,1525,99,0,87.686028,0.876860,1.4790
8,30.5170,1526,99,0,87.706650,0.877066,1.4790
8,30.5370,1527,99,0,87.727226,0.877272,1.4790
8,30.5570,1528,99,0,87.747757,0.877478,1.4790
8,30.5770,1529,99,0,87.768257,0.877683,1.4790
8,30.5970,1530,99,0,87.788719,0.877887,1.4790
8,30.6170,1531,99,0,87.809128,0.878091,1.4790
8,30.6370,1532,99,0,87.829506,0.878295,1.4790
8,30.6570,1533,99,0,87.849831,0.878498,1.4790
8,30.6770,1534,99,0,87.870125,0.878701,1.4790
8,30.6970,1535,99,0,87.890373,0.878904,1.4790
8,30.7170,1536,99,0,87.910591,0.879106,1.4790
8,30.7370,1537,99,0,87.930756,0.879308,1.4790
8,30.7570,1538,99,0,87.950890,0.879509,1.4790
8,30.7770,1539,99,0,87.970978,0.879710,1.4790
8,30.7970,1540,99,0,87.991028,0.879910,1.4790
8,30.8170,1541,99,0,88.011032,0.880110,1.4790
8,30.8370,1542,99,0,88.031006,0.880310,1.4790
8,30.8570,1543,99,0,88.050941,0.880509,1.4790
8,30.8770,1544,99,0,88.070824,0.880708,1.4790
8,30.8970,1545,99,0,88.090675,0.880907,1.4790
8,30.9170,1546,99,0,88.110481,0.881105,1.4790
8,30.9370,1547,99,0,88.130257,0.881303,1.4790
8,30.9570,1548,99,0,88.149994,0.881500,1.4790
8,30.9770,1549,99,0,88.169685,0.881697,1.4790
8,30.9970,1550,99,0,88.189331,0.881893,1.4790
8,31.0170,1551,99,0,88.208946,0.882089,1.4790
8,31.0370,1552,99,0,88.228523,0.882285,1.4790
8,31.0570,1553,99,0,88.248055,0.882481,1.4790
8,31.0770,1554,99,0,88.267555,0.882676,1.4790
8,31.0970,1555,99,0,88.287018,0.882870,1.4790
8,31.1170,1556,99,0,88.306435,0.883064,1.4790
8,31.1370,1557,99,0,88.325806,0.883258,1.4790
8,31.1570,1558,99,0,88.345146,0.883451,1.4790
8,31.1770,1559,99,0,88.364449,0.883644,1.4790
8,31.1970,1560,99,0,88.383713,0.883837,1.4790
8,31.2170,1561,99,0,88.402939,0.884029,1.4790
8,31.2370,1562,99,0,88.422127,0.884221,1.4790
8,31.2570,1563,99,0,88.441269,0.884413,1.4790
8,31.2770,1564,99,0,88.460381,0.884604,1.4790
8,31.2970,1565,99,0,88.479454,0.884795,1.4790
8,31.3170,1566,99,0,88.498489,0.884985,1.4790
8,31.3370,1567,99,0,88.517479,0.885175,1.4790
8,31.3570,1568,99,0,88.536438,0.885364,1.4790
8,31.3770,1569,99,0,88.555359,0.885554,1.4790
8,31.3970,1570,99,0,88.574242,0.885742,1.4790
8,31.4170,1571,99,0,88.593086,0.885931,1.4790
8,31.4380,1572,99,0,88.611893,0.886119,1.4790
8,31.4570,1573,99,0,88.630661,0.886307,1.4790
8,31.4770,1574,99,0,88.649391,0.886494,1.4790
8,31.4970,1575,99,0,88.668083,0.886681,1.4790
8,31.5170,1576,99,0,88.686737,0.886867,1.4790
8,31.5370,1577,99,0,88.705360,0.887054,1.4790
8,31.5570,1578,99,0,88.723938,0.887239,1.4790
8,31.5770,1579,99,0,88.742493,0.887425,1.4790
8,31.5970,1580,99,0,88.760994,0.887610,1.4790
8,31.6170,1581,99,0,88.779465,0.887795,1.4790
8,31.6370,1582,99,0,88.797905,0.887979,1.4790
8,31.6570,1583,99,0,88.816299,0.888163,1.4790
8,31.6770,1584,99,0,88.834656,0.888347,1.4790
8,31.6970,1585,99,0,88.852989,0.888530,1.4790
8,31.7170,1586,99,0,88.871269,0.888713,1.4790
8,31.7370,1587,99,0,88.889519,0.888895,1.4790
8,31.7570,1588,99,0,88.907738,0.889077,1.4790
8,31.7770,1589,99,0,88.925919,0.889259,1.4790
8,31.7970,1590,99,0,88.944061,0.889441,1.4790
8,31.8170,1591,99,0,88.962166,0.889622,1.4790
8,31.8370,1592,99,0,88.980232,0.889802,1.4790
8,31.8570,1593,99,0,88.998268,0.889983,1.4790
8,31.8770,1594,99,0,89.016266,0.890163,1.4790
8,31.8970,1595,99,0,89.034225,0.890342,1.4790
8,31.9170,1596,99,0,89.052147,0.890521,1.4790
8,31.9380,1597,99,0,89.070038,0.890700,1.4790
8,31.9570,1598,99,0,89.087891,0.890879,1.4790
8,31.9770,1599,99,0,89.105713,0.891057,1.4790
8,31.9970,1600,99,0,89.123497,0.891235,1.4790
8,32.0170,1601,99,0,89.141243,0.891412,1.4790
8,32.0370,1602,99,0,89.158951,0.891590,1.4790
8,32.0570,1603,99,0,89.176628,0.891766,1.4790
8,32.0770,1604,99,0,89.194267,0.891943,1.4790
8,32.0970,1605,99,0,89.211876,0.892119,1.4790
8,32.1170,1606,99,0,89.229446,0.892294,1.4790
8,32.1370,1607,99,0,89.246979,0.892470,1.4790
8,32.1570,1608,99,0,89.264481,0.892645,1.4790
8,32.1770,1609,99,0,89.281944,0.892819,1.4790
8,32.1970,1610,99,0,89.299377,0.892994,1.4790
8,32.2170,1611,99,0,89.316772,0.893168,1.4790
8,32.2370,1612,99,0,89.334129,0.893341,1.4790
8,32.2570,1613,99,0,89.351456,0.893515,1.4790
8,32.2780,1614,99,0,89.368744,0.893687,1.4790
8,32.2970,1615,99,0,89.386009,0.893860,1.4790
8,32.3170,1616,99,0,89.403229,0.894032,1.4790
8,32.3370,1617,99,0,89.420418,0.894204,1.4790
8,32.3570,1618,99,0,89.437576,0.894376,1.4790
8,32.3770,1619,99,0,89.454697,0.894547,1.4790
8,32.3970,1620,99,0,89.471779,0.894718,1.4790
8,32.4170,1621,99,0,89.488831,0.894888,1.4790
8,32.4370,1622,99,0,89.505852,0.895059,1.4790
8,32.4570,1623,99,0,89.522835,0.895228,1.4790
8,32.4770,1624,99,0,89.539787,0.895398,1.4790
8,32.4970,1625,99,0,89.556702,0.895567,1.4790
8,32.5170,1626,99,0,89.573578,0.895736,1.4790
8,32.5370,1627,99,0,89.590424,0.895904,1.4790
8,32.5570,1628,99,0,89.607239,0.896072,1.4790
8,32.5770,1629,99,0,89.624016,0.896240,1.4790
8,32.5970,1630,99,0,89.640762,0.896408,1.4790
8,32.6170,1631,99,0,89.657478,0.896575,1.4790
8,32.6370,1632,99,0,89.674156,0.896742,1.4790
8,32.6570,1633,99,0,89.690811,0.896908,1.4790
8,32.6770,1634,99,0,89.707420,0.897074,1.4790
8,32.6970,1635,99,0,89.723999,0.897240,1.4790
8,32.7170,1636,99,0,89.740547,0.897405,1.4790
8,32.7370,1637,99,0,89.757057,0.897571,1.4790
8,32.7570,1638,99,0,89.773544,0.897735,1.4790
8,32.7770,1639,99,0,89.789986,0.897900,1.4790
8,32.7970,1640,99,0,89.806404,0.898064,1.4790
8,32.8170,1641,99,0,89.822784,0.898228,1.4790
8,32.8370,1642,99,0,89.839142,0.898391,1.4790
8,32.8570,1643,99,0,89.855453,0.898555,1.4790
8,32.8770,1644,99,0,89.871735,0.898717,1.4790
8,32.8970,1645,99,0,89.887993,0.898880,1.4790
8,32.9170,1646,99,0,89.904205,0.899042,1.4790
8,32.9370,1647,99,0,89.920395,0.899204,1.4790
8,32.9570,1648,99,0,89.936546,0.899365,1.4790
8,32.9770,1649,99,0,89.952675,0.899527,1.4790
8,32.9970,1650,99,0,89.968758,0.899688,1.4790
8,33.0170,1651,99,0,89.984818,0.899848,1.4790
8,33.0370,1652,99,0,90.000839,0.900008,1.4790
8,33.0570,1653,99,0,90.016838,0.900168,1.4790
8,33.0770,1654,99,0,90.032799,0.900328,1.4790
8,33.0970,1655,99,0,90.048729,0.900487,1.4790
8,33.1170,1656,99,0,90.064621,0.900646,1.4790
8,33.1370,1657,99,0,90.080490,0.900805,1.4790
8,33.1570,1658,99,0,90.096321,0.900963,1.4790
8,33.1770,1659,99,0,90.112129,0.901121,1.4790
8,33.1970,1660,99,0,90.127899,0.901279,1.4790
8,33.2170,1661,99,0,90.143646,0.901436,1.4790
8,33.2370,1662,99,0,90.159348,0.901593,1.4790
8,33.2570,1663,99,0,90.175026,0.901750,1.4790
8,33.2780,1664,99,0,90.190674,0.901907,1.4790
8,33.2970,1665,99,0,90.206284,0.902063,1.4790
8,33.3170,1666,99,0,90.221870,0.902219,1.4790
8,33.3370,1667,99,0,90.237427,0.902374,1.4790
8,33.3570,1668,99,0,90.252945,0.902529,1.4790
8,33.3770,1669,99,0,90.268440,0.902684,1.4790
8,33.3970,1670,99,0,90.283905,0.902839,1.4790
8,33.4170,1671,99,0,90.299332,0.902993,1.4790
8,33.4370,1672,99,0,90.314735,0.903147,1.4790
8,33.4570,1673,99,0,90.330093,0.903301,1.4790
8,33.4770,1674,99,0,90.345428,0.903454,1.4790
8,33.4970,1675,99,0,90.360733,0.903607,1.4790
8,33.5170,1676,99,0,90.375999,0.903760,1.4790
8,33.5370,1677,99,0,90.391243,0.903912,1.4790
8,33.5570,1678,99,0,90.406456,0.904065,1.4790
8,33.5770,1679,99,0,90.421631,0.904216,1.4790
8,33.5970,1680,99,0,90.436783,0.904368,1.4790
8,33.6170,1681,99,0,90.451904,0.904519,1.4790
8,33.6370,1682,99,0,90.466995,0.904670,1.4790
8,33.6570,1683,99,0,90.482063,0.904821,1.4790
8,33.6770,1684,99,0,90.497101,0.904971,1.4790
8,33.6970,1685,99,0,90.512108,0.905121,1.4790
8,33.7170,1686,99,0,90.527084,0.905271,1.4790
8,33.7370,1687,99,0,90.542023,0.905420,1.4790
8,33.7570,1688,99,0,90.556931,0.905569,1.4790
8,33.7780,1689,99,0,90.571823,0.905718,1.4790
8,33.7970,1690,99,0,90.586670,0.905867,1.4790
8,33.8170,1691,99,0,90.601494,0.906015,1.4790
8,33.8370,1692,99,0,90.616280,0.906163,1.4790
8,33.8570,1693,99,0,90.631042,0.906310,1.4790
8,33.8770,1694,99,0,90.645782,0.906458,1.4790
8,33.8970,1695,99,0,90.660492,0.906605,1.4790
8,33.9170,1696,99,0,90.675163,0.906752,1.4790
8,33.9370,1697,99,0,90.689812,0.906898,1.4790
8,33.9570,1698,99,0,90.704430,0.907044,1.4790
8,33.9770,1699,99,0,90.719017,0.907190,1.4790
8,33.9970,1700,99,0,90.733574,0.907336,1.4790
8,34.0170,1701,99,0,90.748100,0.907481,1.4790
8,34.0370,1702,99,0,90.762604,0.907626,1.4790
8,34.0570,1703,99,0,90.777077,0.907771,1.4790
8,34.0770,1704,99,0,90.791519,0.907915,1.4790
8,34.0970,1705,99,0,90.805931,0.908059,1.4790
8,34.1170,1706,99,0,90.820313,0.908203,1.4790
8,34.1370,1707,99,0,90.834679,0.908347,1.4790
8,34.1570,1708,99,0,90.848999,0.908490,1.4790
8,34.1770,1709,99,0,90.863297,0.908633,1.4790
8,34.1970,1710,99,0,90.877571,0.908776,1.4790
8,34.2170,1711,99,0,90.891808,0.908918,1.4790
8,34.2370,1712,99,0,90.906021,0.909060,1.4790
8,34.2570,1713,99,0,90.920204,0.909202,1.4790
8,34.2780,1714,99,0,90.934372,0.909344,1.4790
8,34.2970,1715,99,0,90.948502,0.909485,1.4790
8,34.3170,1716,99,0,90.962585,0.909626,1.4790
8,34.3370,1717,99,0,90.976669,0.909767,1.4790
8,34.3570,1718,99,0,90.990715,0.909907,1.4790
8,34.3770,1719,99,0,91.004730,0.910047,1.4790
8,34.3970,1720,99,0,91.018723,0.910187,1.4790
8,34.4170,1721,99,0,91.032684,0.910327,1.4790
8,34.4370,1722,99,0,91.046608,0.910466,1.4790
8,34.4580,1723,99,0,91.060516,0.910605,1.4790
8,34.4770,1724,99,0,91.074394,0.910744,1.4790
8,34.4970,1725,99,0,91.088242,0.910882,1.4790
8,34.5170,1726,99,0,91.102066,0.911021,1.4790
8,34.5370,1727,99,0,91.115860,0.911159,1.4790
8,34.5570,1728,99,0,91.129616,0.911296,1.4790
8,34.5770,1729,99,0,91.143364,0.911434,1.4790
8,34.5970,1730,99,0,91.157074,0.911571,1.4790
8,34.6180,1731,99,0,91.170761,0.911708,1.4790
8,34.6370,1732,99,0,91.184410,0.911844,1.4790
8,34.6570,1733,99,0,91.198036,0.911980,1.4790
8,34.6770,1734,99,0,91.211647,0.912116,1.4790
8,34.6970,1735,99,0,91.225220,0.912252,1.4790
8,34.7170,1736,99,0,91.238770,0.912388,1.4790
8,34.7370,1737,99,0,91.252281,0.912523,1.4790
8,34.7570,1738,99,0,91.265778,0.912658,1.4790
8,34.7780,1739,99,0,91.279251,0.912793,1.4790
8,34.7970,1740,99,0,91.292679,0.912927,1.4790
8,34.8170,1741,99,0,91.306091,0.913061,1.4790
8,34.8370,1742,99,0,91.319473,0.913195,1.4790
8,34.8570,1743,99,0,91.332832,0.913328,1.4790
8,34.8770,1744,99,0,91.346169,0.913462,1.4790
8,34.8970,1745,99,0,91.359467,0.913595,1.4790
8,34.9170,1746,99,0,91.372742,0.913727,1.4790
8,34.9370,1747,99,0,91.385994,0.913860,1.4790
8,34.9580,1748,99,0,91.399216,0.913992,1.4790
8,34.9770,1749,99,0,91.412422,0.914124,1.4790
8,34.9970,1750,99,0,91.425591,0.914256,1.4790
8,35.0170,1751,99,0,91.438736,0.914387,1.4790
8,35.0370,1752,99,0,91.451866,0.914519,1.4790
8,35.0570,1753,99,0,91.464958,0.914650,1.4790
8,35.0770,1754,99,0,91.478020,0.914780,1.4790
8,35.0970,1755,99,0,91.491058,0.914911,1.4790
8,35.1170,1756,99,0,91.504074,0.915041,1.4790
8,35.1370,1757,99,0,91.517067,0.915171,1.4790
8,35.1570,1758,99,0,91.530037,0.915300,1.4790
8,35.1770,1759,99,0,91.542976,0.915430,1.4790
8,35.1970,1760,99,0,91.555885,0.915559,1.4790
8,35.2170,1761,99,0,91.568771,0.915688,1.4790
8,35.2370,1762,99,0,91.581635,0.915816,1.4790
8,35.2570,1763,99,0,91.594467,0.915945,1.4790
8,35.2780,1764,99,0,91.607277,0.916073,1.4790
8,35.2970,1765,99,0,91.620056,0.916201,1.4790
8,35.3170,1766,99,0,91.632813,0.916328,1.4790
8,35.3370,1767,99,0,91.645546,0.916455,1.4790
8,35.3570,1768,99,0,91.658257,0.916583,1.4790
8,35.3770,1769,99,0,91.670929,0.916709,1.4790
8,35.3970,1770,99,0,91.683594,0.916836,1.4790
8,35.4170,1771,99,0,91.696220,0.916962,1.4790
8,35.4370,1772,99,0,91.708824,0.917088,1.4790
8,35.4570,1773,99,0,91.721397,0.917214,1.4790
8,35.4770,1774,99,0,91.733955,0.917340,1.4790
8,35.4970,1775,99,0,91.746490,0.917465,1.4790
8,35.5170,1776,99,0,91.758995,0.917590,1.4790
8,35.5370,1777,99,0,91.771477,0.917715,1.4790
8,35.5570,1778,99,0,91.783928,0.917839,1.4790
8,35.5770,1779,99,0,91.796356,0.917964,1.4790
8,35.5970,1780,99,0,91.808769,0.918088,1.4790
8,35.6170,1781,99,0,91.821144,0.918211,1.4790
8,35.6370,1782,99,0,91.833504,0.918335,1.4790
8,35.6570,1783,99,0,91.845833,0.918458,1.4790
8,35.6770,1784,99,0,91.858147,0.918581,1.4790
8,35.6970,1785,99,0,91.870422,0.918704,1.4790
8,35.7170,1786,99,0,91.882683,0.918827,1.4790
8,35.7370,1787,99,0,91.894913,0.918949,1.4790
8,35.7570,1788,99,0,91.907120,0.919071,1.4790
8,35.7770,1789,99,0,91.919312,0.919193,1.4790
8,35.7970,1790,99,0,91.931465,0.919315,1.4790
8,35.8170,1791,99,0,91.943604,0.919436,1.4790
8,35.8370,1792,99,0,91.955704,0.919557,1.4790
8,35.8570,1793,99,0,91.967796,0.919678,1.4790
8,35.8770,1794,99,0,91.979858,0.919799,1.4790
8,35.8970,1795,99,0,91.991898,0.919919,1.4790
8,35.9170,1796,99,0,92.003914,0.920039,1.4790
8,35.9370,1797,99,0,92.015907,0.920159,1.4790
8,35.9580,1798,99,0,92.027870,0.920279,1.4790
8,35.9770,1799,99,0,92.039810,0.920398,1.4790
8,35.9970,1800,99,0,92.051727,0.920517,1.4790
8,36.0170,1801,99,0,92.063622,0.920636,1.4790
8,36.0370,1802,99,0,92.075500,0.920755,1.4790
8,36.0570,1803,99,0,92.087341,0.920873,1.4790
8,36.0770,1804,99,0,92.099174,0.920992,1.4790
8,36.0970,1805,99,0,92.110970,0.921110,1.4790
8,36.1170,1806,99,0,92.122742,0.921227,1.4790
8,36.1370,1807,99,0,92.134491,0.921345,1.4790
8,36.1570,1808,99,0,92.146217,0.921462,1.4790
8,36.1770,1809,99,0,92.157921,0.921579,1.4790
8,36.1970,1810,99,0,92.169617,0.921696,1.4790
8,36.2170,1811,99,0,92.181274,0.921813,1.4790
8,36.2370,1812,99,0,92.192909,0.921929,1.4790
8,36.2570,1813,99,0,92.204521,0.922045,1.4790
8,36.2770,1814,99,0,92.216110,0.922161,1.4790
8,36.2970,1815,99,0,92.227684,0.922277,1.4790
8,36.3170,1816,99,0,92.239220,0.922392,1.4790
8,36.3370,1817,99,0,92.250748,0.922507,1.4790
8,36.3570,1818,99,0,92.262245,0.922622,1.4790
8,36.3770,1819,99,0,92.273727,0.922737,1.4790
8,36.3970,1820,99,0,92.285179,0.922852,1.4790
8,36.4170,1821,99,0,92.296608,0.922966,1.4790
8,36.4370,1822,99,0,92.308014,0.923080,1.4790
8,36.4580,1823,99,0,92.319405,0.923194,1.4790
8,36.4770,1824,99,0,92.330765,0.923308,1.4790
8,36.4970,1825,99,0,92.342102,0.923421,1.4790
8,36.5170,1826,99,0,92.353424,0.923534,1.4790
8,36.5370,1827,99,0,92.364716,0.923647,1.4790
8,36.5570,1828,99,0,92.375977,0.923760,1.4790
8,36.5770,1829,99,0,92.387230,0.923872,1.4790
8,36.5970,1830,99,0,92.398453,0.923985,1.4790
8,36.6170,1831,99,0,92.409660,0.924097,1.4790
8,36.6370,1832,99,0,92.420837,0.924208,1.4790
8,36.6570,1833,99,0,92.431999,0.924320,1.4790
8,36.6770,1834,99,0,92.443130,0.924431,1.4790
8,36.6970,1835,99,0,92.454239,0.924542,1.4790
8,36.7170,1836,99,0,92.465332,0.924653,1.4790
8,36.7370,1837,99,0,92.476387,0.924764,1.4790
8,36.7570,1838,99,0,92.487442,0.924874,1.4790
8,36.7770,1839,99,0,92.498466,0.924985,1.4790
8,36.7970,1840,99,0,92.509476,0.925095,1.4790
8,36.8170,1841,99,0,92.520454,0.925205,1.4790
8,36.8370,1842,99,0,92.531418,0.925314,1.4790
8,36.8570,1843,99,0,92.542351,0.925424,1.4790
8,36.8770,1844,99,0,92.553261,0.925533,1.4790
8,36.8970,1845,99,0,92.564148,0.925641,1.4790
8,36.9170,1846,99,0,92.575020,0.925750,1.4790
8,36.9370,1847,99,0,92.585869,0.925859,1.4790
8,36.9580,1848,99,0,92.596695,0.925967,1.4790
8,36.9770,1849,99,0,92.607506,0.926075,1.4790
8,36.9970,1850,99,0,92.618286,0.926183,1.4790
8,37.0170,1851,99,0,92.629051,0.926291,1.4790
8,37.0370,1852,99,0,92.639793,0.926398,1.4790
8,37.0570,1853,99,0,92.650505,0.926505,1.4790
8,37.0770,1854,99,0,92.661201,0.926612,1.4790
8,37.0970,1855,99,0,92.671883,0.926719,1.4790
8,37.1170,1856,99,0,92.682541,0.926825,1.4790
8,37.1370,1857,99,0,92.693169,0.926932,1.4790
8,37.1570,1858,99,0,92.703781,0.927038,1.4790
8,37.1770,1859,99,0,92.714371,0.927144,1.4790
8,37.1970,1860,99,0,92.724945,0.927249,1.4790
8,37.2170,1861,99,0,92.735497,0.927355,1.4790
8,37.2370,1862,99,0,92.746017,0.927460,1.4790
8,37.2570,1863,99,0,92.756531,0.927565,1.4790
8,37.2770,1864,99,0,92.767014,0.927670,1.4790
8,37.2970,1865,99,0,92.777481,0.927775,1.4790
8,37.3170,1866,99,0,92.787926,0.927879,1.4790
8,37.3370,1867,99,0,92.798355,0.927984,1.4790
8,37.3570,1868,99,0,92.808762,0.928088,1.4790
8,37.3770,1869,99,0,92.819138,0.928191,1.4790
8,37.3970,1870,99,0,92.829498,0.928295,1.4790
8,37.4170,1871,99,0,92.839836,0.928398,1.4790
8,37.4370,1872,99,0,92.850159,0.928502,1.4790
8,37.4570,1873,99,0,92.860451,0.928605,1.4790
8,37.4770,1874,99,0,92.870728,0.928707,1.4790
8,37.4970,1875,99,0,92.880989,0.928810,1.4790
8,37.5170,1876,99,0,92.891220,0.928912,1.4790
8,37.5370,1877,99,0,92.901443,0.929014,1.4790
8,37.5570,1878,99,0,92.911636,0.929116,1.4790
8,37.5770,1879,99,0,92.921814,0.929218,1.4790
8,37.5970,1880,99,0,92.931976,0.929320,1.4790
8,37.6170,1881,99,0,92.942101,0.929421,1.4790
8,37.6370,1882,99,0,92.952217,0.929522,1.4790
8,37.6570,1883,99,0,92.962311,0.929623,1.4790
8,37.6770,1884,99,0,92.972382,0.929724,1.4790
8,37.6970,1885,99,0,92.982437,0.929824,1.4790
8,37.7170,1886,99,0,92.992477,0.929925,1.4790
8,37.7370,1887,99,0,93.002487,0.930025,1.4790
8,37.7570,1888,99,0,93.012482,0.930125,1.4790
8,37.7770,1889,99,0,93.022461,0.930225,1.4790
8,37.7980,1890,99,0,93.032417,0.930324,1.4790
8,37.8170,1891,99,0,93.042343,0.930423,1.4790
8,37.8370,1892,99,0,93.052261,0.930523,1.4790
8,37.8570,1893,99,0,93.062157,0.930622,1.4790
8,37.8770,1894,99,0,93.072029,0.930720,1.4790
8,37.8970,1895,99,0,93.081886,0.930819,1.4790
8,37.9170,1896,99,0,93.091721,0.930917,1.4790
8,37.9370,1897,99,0,93.101540,0.931015,1.4790
8,37.9580,1898,99,0,93.111343,0.931113,1.4790
8,37.9770,1899,99,0,93.121117,0.931211,1.4790
8,37.9970,1900,99,0,93.130867,0.931309,1.4790
8,38.0170,1901,99,0,93.140610,0.931406,1.4790
8,38.0370,1902,99,0,93.150322,0.931503,1.4790
8,38.0570,1903,99,0,93.160027,0.931600,1.4790
8,38.0770,1904,99,0,93.169701,0.931697,1.4790
8,38.0970,1905,99,0,93.179359,0.931794,1.4790
8,38.1170,1906,99,0,93.189003,0.931890,1.4790
8,38.1380,1907,99,0,93.198631,0.931986,1.4790
8,38.1570,1908,99,0,93.208229,0.932082,1.4790
8,38.1770,1909,99,0,93.217819,0.932178,1.4790
8,38.1970,1910,99,0,93.227379,0.932274,1.4790
8,38.2170,1911,99,0,93.236931,0.932369,1.4790
8,38.2370,1912,99,0,93.246452,0.932465,1.4790
8,38.2570,1913,99,0,93.255959,0.932560,1.4790
8,38.2770,1914,99,0,93.265450,0.932654,1.4790
8,38.2970,1915,99,0,93.274918,0.932749,1.4790
8,38.3170,1916,99,0,93.284370,0.932844,1.4790
8,38.3370,1917,99,0,93.293808,0.932938,1.4790
8,38.3570,1918,99,0,93.303215,0.933032,1.4790
8,38.3770,1919,99,0,93.312614,0.933126,1.4790
8,38.3970,1920,99,0,93.321983,0.933220,1.4790
8,38.4170,1921,99,0,93.331345,0.933313,1.4790
8,38.4370,1922,99,0,93.340683,0.933407,1.4790
8,38.4570,1923,99,0,93.349998,0.933500,1.4790
8,38.4770,1924,99,0,93.359291,0.933593,1.4790
8,38.4970,1925,99,0,93.368576,0.933686,1.4790
8,38.5170,1926,99,0,93.377831,0.933778,1.4790
8,38.5370,1927,99,0,93.387085,0.933871,1.4790
8,38.5570,1928,99,0,93.396309,0.933963,1.4790
8,38.5770,1929,99,0,93.405518,0.934055,1.4790
8,38.5970,1930,99,0,93.414711,0.934147,1.4790
8,38.6170,1931,99,0,93.423874,0.934239,1.4790
8,38.6380,1932,99,0,93.433029,0.934330,1.4790
8,38.6570,1933,99,0,93.442162,0.934422,1.4790
8,38.6770,1934,99,0,93.451279,0.934513,1.4790
8,38.6970,1935,99,0,93.460373,0.934604,1.4790
8,38.7170,1936,99,0,93.469452,0.934695,1.4790
8,38.7370,1937,99,0,93.478508,0.934785,1.4790
8,38.7570,1938,99,0,93.487556,0.934876,1.4790
8,38.7770,1939,99,0,93.496574,0.934966,1.4790
8,38.7980,1940,99,0,93.505585,0.935056,1.4790
8,38.8170,1941,99,0,93.514572,0.935146,1.4790
8,38.8370,1942,99,0,93.523544,0.935235,1.4790
8,38.8570,1943,99,0,93.532501,0.935325,1.4790
8,38.8770,1944,99,0,93.541435,0.935414,1.4790
8,38.8970,1945,99,0,93.550354,0.935504,1.4790
8,38.9170,1946,99,0,93.559258,0.935593,1.4790
8,38.9370,1947,99,0,93.568138,0.935681,1.4790
8,38.9570,1948,99,0,93.576996,0.935770,1.4790
8,38.9770,1949,99,0,93.585846,0.935858,1.4790
8,38.9970,1950,99,0,93.594673,0.935947,1.4790
8,39.0170,1951,99,0,93.603485,0.936035,1.4790
8,39.0370,1952,99,0,93.612282,0.936123,1.4790
8,39.0570,1953,99,0,93.621056,0.936211,1.4790
8,39.0770,1954,99,0,93.629814,0.936298,1.4790
8,39.0970,1955,99,0,93.638557,0.936386,1.4790
8,39.1180,1956,99,0,93.647278,0.936473,1.4790
8,39.1370,1957,99,0,93.655983,0.936560,1.4790
8,39.1570,1958,99,0,93.664673,0.936647,1.4790
8,39.1770,1959,99,0,93.673340,0.936733,1.4790
8,39.1970,1960,99,0,93.681999,0.936820,1.4790
8,39.2170,1961,99,0,93.690620,0.936906,1.4790
8,39.2370,1962,99,0,93.699249,0.936992,1.4790
8,39.2570,1963,99,0,93.707848,0.937078,1.4790
8,39.2770,1964,99,0,93.716438,0.937164,1.4790
8,39.2970,1965,99,0,93.724998,0.937250,1.4790
8,39.3170,1966,99,0,93.733551,0.937336,1.4790
8,39.3370,1967,99,0,93.742081,0.937421,1.4790
8,39.3570,1968,99,0,93.750603,0.937506,1.4790
8,39.3770,1969,99,0,93.759102,0.937591,1.4790
8,39.3970,1970,99,0,93.767578,0.937676,1.4790
8,39.4170,1971,99,0,93.776047,0.937760,1.4790
8,39.4370,1972,99,0,93.784500,0.937845,1.4790
8,39.4570,1973,99,0,93.792931,0.937929,1.4790
8,39.4770,1974,99,0,93.801338,0.938013,1.4790
8,39.4970,1975,99,0,93.809738,0.938097,1.4790
8,39.5170,1976,99,0,93.818115,0.938181,1.4790
8,39.5370,1977,99,0,93.826485,0.938265,1.4790
8,39.5570,1978,99,0,93.834824,0.938348,1.4790
8,39.5770,1979,99,0,93.843155,0.938432,1.4790
8,39.5970,1980,99,0,93.851463,0.938515,1.4790
8,39.6170,1981,99,0,93.859772,0.938598,1.4790
8,39.6370,1982,99,0,93.868042,0.938680,1.4790
8,39.6570,1983,99,0,93.876312,0.938763,1.4790
8,39.6770,1984,99,0,93.884560,0.938846,1.4790
8,39.6970,1985,99,0,93.892792,0.938928,1.4790
8,39.7170,1986,99,0,93.901001,0.939010,1.4790
8,39.7370,1987,99,0,93.909203,0.939092,1.4790
8,39.7570,1988,99,0,93.917389,0.939174,1.4790
8,39.7770,1989,99,0,93.925552,0.939256,1.4790
8,39.7980,1990,99,0,93.933701,0.939337,1.4790
8,39.8170,1991,99,0,93.941833,0.939418,1.4790
8,39.8370,1992,99,0,93.949944,0.939499,1.4790
8,39.8570,1993,99,0,93.958038,0.939580,1.4790
8,39.8770,1994,99,0,93.966133,0.939661,1.4790
8,39.8970,1995,99,0,93.974197,0.939742,1.4790
8,39.9170,1996,99,0,93.982254,0.939823,1.4790
8,39.9370,1997,99,0,93.990288,0.939903,1.4790
8,39.9570,1998,99,0,93.998306,0.939983,1.4790
8,39.9770,1999,99,0,94.006310,0.940063,1.4790
8,39.9970,2000,99,0,94.014297,0.940143,1.4790
8,40.0170,2001,99,0,94.022263,0.940223,1.4790
8,40.0370,2002,99,0,94.030220,0.940302,1.4790
8,40.0570,2003,99,0,94.038162,0.940382,1.4790
8,40.0770,2004,99,0,94.046082,0.940461,1.4790
8,40.0970,2005,99,0,94.053993,0.940540,1.4790
8,40.1170,2006,99,0,94.061882,0.940619,1.4790
8,40.1380,2007,99,0,94.069763,0.940698,1.4790
8,40.1570,2008,99,0,94.077629,0.940776,1.4790
8,40.1770,2009,99,0,94.085472,0.940855,1.4790
8,40.1970,2010,99,0,94.093307,0.940933,1.4790
8,40.2170,2011,99,0,94.101120,0.941011,1.4790
8,40.2370,2012,99,0,94.108910,0.941089,1.4790
8,40.2570,2013,99,0,94.116692,0.941167,1.4790
8,40.2770,2014,99,0,94.124458,0.941245,1.4790
8,40.2970,2015,99,0,94.132202,0.941322,1.4790
8,40.3170,2016,99,0,94.139938,0.941399,1.4790
8,40.3370,2017,99,0,94.147659,0.941477,1.4790
8,40.3570,2018,99,0,94.155365,0.941554,1.4790
8,40.3770,2019,99,0,94.163048,0.941630,1.4790
8,40.3970,2020,99,0,94.170723,0.941707,1.4790
8,40.4170,2021,99,0,94.178383,0.941784,1.4790
8,40.4370,2022,99,0,94.186020,0.941860,1.4790
8,40.4570,2023,99,0,94.193649,0.941936,1.4790
8,40.4770,2024,99,0,94.201256,0.942013,1.4790
8,40.4970,2025,99,0,94.208855,0.942089,1.4790
8,40.5170,2026,99,0,94.216431,0.942164,1.4790
8,40.5370,2027,99,0,94.223999,0.942240,1.4790
8,40.5570,2028,99,0,94.231552,0.942316,1.4790
8,40.5770,2029,99,0,94.239090,0.942391,1.4790
8,40.5970,2030,99,0,94.246613,0.942466,1.4790
8,40.6170,2031,99,0,94.254120,0.942541,1.4790
8,40.6380,2032,99,0,94.261604,0.942616,1.4790
8,40.6570,2033,99,0,94.269081,0.942691,1.4790
8,40.6770,2034,99,0,94.276535,0.942765,1.4790
8,40.6970,2035,99,0,94.283981,0.942840,1.4790
8,40.7170,2036,99,0,94.291412,0.942914,1.4790
8,40.7370,2037,99,0,94.298828,0.942988,1.4790
8,40.7570,2038,99,0,94.306244,0.943062,1.4790
8,40.7770,2039,99,0,94.313637,0.943136,1.4790
8,40.7970,2040,99,0,94.320999,0.943210,1.4790
8,40.8170,2041,99,0,94.328362,0.943284,1.4790
8,40.8370,2042,99,0,94.335709,0.943357,1.4790
8,40.8570,2043,99,0,94.343033,0.943430,1.4790
8,40.8770,2044,99,0,94.350357,0.943504,1.4790
8,40.8970,2045,99,0,94.357651,0.943577,1.4790
8,40.9170,2046,99,0,94.364937,0.943649,1.4790
8,40.9370,2047,99,0,94.372208,0.943722,1.4790
8,40.9570,2048,99,0,94.379456,0.943795,1.4790
8,40.9770,2049,99,0,94.386696,0.943867,1.4790
8,40.9970,2050,99,0,94.393929,0.943939,1.4790
8,41.0170,2051,99,0,94.401138,0.944011,1.4790
8,41.0370,2052,99,0,94.408348,0.944083,1.4790
8,41.0570,2053,99,0,94.415520,0.944155,1.4790
8,41.0770,2054,99,0,94.422699,0.944227,1.4790
8,41.0970,2055,99,0,94.429855,0.944299,1.4790
8,41.1170,2056,99,0,94.436989,0.944370,1.4790
8,41.1370,2057,99,0,94.444115,0.944441,1.4790
8,41.1570,2058,99,0,94.451225,0.944512,1.4790
8,41.1770,2059,99,0,94.458321,0.944583,1.4790
8,41.1970,2060,99,0,94.465408,0.944654,1.4790
8,41.2170,2061,99,0,94.472473,0.944725,1.4790
8,41.2370,2062,99,0,94.479530,0.944795,1.4790
8,41.2570,2063,99,0,94.486572,0.944866,1.4790
8,41.2770,2064,99,0,94.493599,0.944936,1.4790
8,41.2970,2065,99,0,94.500618,0.945006,1.4790
8,41.3170,2066,99,0,94.507614,0.945076,1.4790
8,41.3370,2067,99,0,94.514603,0.945146,1.4790
8,41.3570,2068,99,0,94.521576,0.945216,1.4790
8,41.3770,2069,99,0,94.528534,0.945285,1.4790
8,41.3970,2070,99,0,94.535477,0.945355,1.4790
8,41.4170,2071,99,0,94.542404,0.945424,1.4790
8,41.4370,2072,99,0,94.549324,0.945493,1.4790
8,41.4570,2073,99,0,94.556229,0.945562,1.4790
8,41.4770,2074,99,0,94.563118,0.945631,1.4790
8,41.4970,2075,99,0,94.569984,0.945700,1.4790
8,41.5170,2076,99,0,94.576843,0.945768,1.4790
8,41.5370,2077,99,0,94.583687,0.945837,1.4790
8,41.5570,2078,99,0,94.590530,0.945905,1.4790
8,41.5770,2079,99,0,94.597351,0.945974,1.4790
8,41.5970,2080,99,0,94.604149,0.946041,1.4790
8,41.6170,2081,99,0,94.610939,0.946109,1.4790
8,41.6380,2082,99,0,94.617722,0.946177,1.4790
8,41.6570,2083,99,0,94.624489,0.946245,1.4790
8,41.6770,2084,99,0,94.631241,0.946312,1.4790
8,41.6970,2085,99,0,94.637970,0.946380,1.4790
8,41.7170,2086,99,0,94.644707,0.946447,1.4790
8,41.7370,2087,99,0,94.651413,0.946514,1.4790
8,41.7570,2088,99,0,94.658112,0.946581,1.4790
8,41.7770,2089,99,0,94.664795,0.946648,1.4790
8,41.7970,2090,99,0,94.671463,0.946715,1.4790
8,41.8170,2091,99,0,94.678123,0.946781,1.4790
8,41.8370,2092,99,0,94.684769,0.946848,1.4790
8,41.8570,2093,99,0,94.691399,0.946914,1.4790
8,41.8770,2094,99,0,94.698021,0.946980,1.4790
8,41.8970,2095,99,0,94.704620,0.947046,1.4790
8,41.9170,2096,99,0,94.711212,0.947112,1.4790
8,41.9370,2097,99,0,94.717789,0.947178,1.4790
8,41.9570,2098,99,0,94.724350,0.947243,1.4790
8,41.9780,2099,99,0,94.730911,0.947309,1.4790
8,41.9970,2100,99,0,94.737442,0.947374,1.4790
8,42.0170,2101,99,0,94.743973,0.947440,1.4790
8,42.0370,2102,99,0,94.750488,0.947505,1.4790
8,42.0570,2103,99,0,94.756981,0.947570,1.4790
8,42.0770,2104,99,0,94.763466,0.947635,1.4790
8,42.0970,2105,99,0,94.769943,0.947699,1.4790
8,42.1170,2106,99,0,94.776405,0.947764,1.4790
8,42.1370,2107,99,0,94.782845,0.947828,1.4790
8,42.1570,2108,99,0,94.789284,0.947893,1.4790
8,42.1770,2109,99,0,94.795708,0.947957,1.4790
8,42.1970,2110,99,0,94.802116,0.948021,1.4790
8,42.2170,2111,99,0,94.808517,0.948085,1.4790
8,42.2370,2112,99,0,94.814903,0.948149,1.4790
8,42.2570,2113,99,0,94.821266,0.948213,1.4790
8,42.2770,2114,99,0,94.827629,0.948276,1.4790
8,42.2970,2115,99,0,94.833977,0.948340,1.4790
8,42.3180,2116,99,0,94.840309,0.948403,1.4790
8,42.3370,2117,99,0,94.846634,0.948466,1.4790
8,42.3570,2118,99,0,94.852936,0.948529,1.4790
8,42.3770,2119,99,0,94.859230,0.948592,1.4790
8,42.3970,2120,99,0,94.865517,0.948655,1.4790
8,42.4170,2121,99,0,94.871788,0.948718,1.4790
8,42.4370,2122,99,0,94.878036,0.948780,1.4790
8,42.4570,2123,99,0,94.884293,0.948843,1.4790
8,42.4780,2124,99,0,94.890518,0.948905,1.4790
8,42.4970,2125,99,0,94.896736,0.948967,1.4790
8,42.5170,2126,99,0,94.902939,0.949029,1.4790
8,42.5370,2127,99,0,94.909134,0.949091,1.4790
8,42.5570,2128,99,0,94.915321,0.949153,1.4790
8,42.5770,2129,99,0,94.921494,0.949215,1.4790
8,42.5970,2130,99,0,94.927643,0.949276,1.4790
8,42.6170,2131,99,0,94.933792,0.949338,1.4790
8,42.6370,2132,99,0,94.939926,0.949399,1.4790
8,42.6570,2133,99,0,94.946045,0.949460,1.4790
8,42.6770,2134,99,0,94.952148,0.949521,1.4790
8,42.6970,2135,99,0,94.958252,0.949583,1.4790
8,42.7170,2136,99,0,94.964340,0.949643,1.4790
8,42.7370,2137,99,0,94.970413,0.949704,1.4790
8,42.7570,2138,99,0,94.976463,0.949765,1.4790
8,42.7770,2139,99,0,94.982513,0.949825,1.4790
8,42.7970,2140,99,0,94.988548,0.949885,1.4790
8,42.8180,2141,99,0,94.994576,0.949946,1.4790
8,42.8370,2142,99,0,95.000580,0.950006,1.4790
8,42.8570,2143,99,0,95.006584,0.950066,1.4790
8,42.8770,2144,99,0,95.012573,0.950126,1.4790
8,42.8970,2145,99,0,95.018547,0.950185,1.4790
8,42.9170,2146,99,0,95.024506,0.950245,1.4790
8,42.9370,2147,99,0,95.030457,0.950305,1.4790
8,42.9570,2148,99,0,95.036400,0.950364,1.4790
8,42.9780,2149,99,0,95.042336,0.950423,1.4790
8,42.9970,2150,99,0,95.048248,0.950482,1.4790
8,43.0170,2151,99,0,95.054153,0.950542,1.4790
8,43.0370,2152,99,0,95.060051,0.950601,1.4790
8,43.0570,2153,99,0,95.065933,0.950659,1.4790
8,43.0770,2154,99,0,95.071793,0.950718,1.4790
8,43.0970,2155,99,0,95.077652,0.950777,1.4790
8,43.1170,2156,99,0,95.083488,0.950835,1.4790
8,43.1370,2157,99,0,95.089333,0.950893,1.4790
8,43.1570,2158,99,0,95.095146,0.950951,1.4790
8,43.1770,2159,99,0,95.100960,0.951010,1.4790
8,43.1970,2160,99,0,95.106758,0.951068,1.4790
8,43.2170,2161,99,0,95.112549,0.951125,1.4790
8,43.2370,2162,99,0,95.118324,0.951183,1.4790
8,43.2570,2163,99,0,95.124084,0.951241,1.4790
8,43.2770,2164,99,0,95.129837,0.951298,1.4790
8,43.2970,2165,99,0,95.135582,0.951356,1.4790
8,43.3170,2166,99,0,95.141312,0.951413,1.4790
8,43.3370,2167,99,0,95.147026,0.951470,1.4790
8,43.3570,2168,99,0,95.152733,0.951527,1.4790
8,43.3770,2169,99,0,95.158440,0.951584,1.4790
8,43.3970,2170,99,0,95.164124,0.951641,1.4790
8,43.4170,2171,99,0,95.169792,0.951698,1.4790
8,43.4370,2172,99,0,95.175453,0.951755,1.4790
8,43.4570,2173,99,0,95.181107,0.951811,1.4790
8,43.4780,2174,99,0,95.186737,0.951867,1.4790
8,43.4970,2175,99,0,95.192375,0.951924,1.4790
8,43.5170,2176,99,0,95.197983,0.951980,1.4790
8,43.5370,2177,99,0,95.203590,0.952036,1.4790
8,43.5570,2178,99,0,95.209183,0.952092,1.4790
8,43.5770,2179,99,0,95.214767,0.952148,1.4790
8,43.5970,2180,99,0,95.220337,0.952203,1.4790
8,43.6170,2181,99,0,95.225891,0.952259,1.4790
8,43.6370,2182,99,0,95.231445,0.952314,1.4790
8,43.6570,2183,99,0,95.236992,0.952370,1.4790
8,43.6770,2184,99,0,95.242523,0.952425,1.4790
8,43.6970,2185,99,0,95.248032,0.952480,1.4790
8,43.7170,2186,99,0,95.253540,0.952535,1.4790
8,43.7370,2187,99,0,95.259026,0.952590,1.4790
8,43.7570,2188,99,0,95.264511,0.952645,1.4790
8,43.7770,2189,99,0,95.269981,0.952700,1.4790
8,43.7970,2190,99,0,95.275444,0.952754,1.4790
8,43.8180,2191,99,0,95.280891,0.952809,1.4790
8,43.8370,2192,99,0,95.286331,0.952863,1.4790
8,43.8570,2193,99,0,95.291763,0.952918,1.4790
8,43.8770,2194,99,0,95.297180,0.952972,1.4790
8,43.8970,2195,99,0,95.302589,0.953026,1.4790
8,43.9170,2196,99,0,95.307983,0.953080,1.4790
8,43.9370,2197,99,0,95.313362,0.953134,1.4790
8,43.9570,2198,99,0,95.318748,0.953187,1.4790
8,43.9780,2199,99,0,95.324104,0.953241,1.4790
8,43.9970,2200,99,0,95.329468,0.953295,1.4790
8,44.0170,2201,99,0,95.334801,0.953348,1.4790
8,44.0370,2202,99,0,95.340134,0.953401,1.4790
8,44.0570,2203,99,0,95.345459,0.953455,1.4790
8,44.0770,2204,99,0,95.350769,0.953508,1.4790
8,44.0970,2205,99,0,95.356071,0.953561,1.4790
8,44.1170,2206,99,0,95.361359,0.953614,1.4790
8,44.1370,2207,99,0,95.366631,0.953666,1.4790
8,44.1570,2208,99,0,95.371902,0.953719,1.4790
8,44.1770,2209,99,0,95.377159,0.953772,1.4790
8,44.1970,2210,99,0,95.382408,0.953824,1.4790
8,44.2170,2211,99,0,95.387642,0.953876,1.4790
8,44.2370,2212,99,0,95.392868,0.953929,1.4790
8,44.2570,2213,99,0,95.398079,0.953981,1.4790
8,44.2770,2214,99,0,95.403290,0.954033,1.4790
8,44.2970,2215,99,0,95.408478,0.954085,1.4790
8,44.3170,2216,99,0,95.413673,0.954137,1.4790
8,44.3370,2217,99,0,95.418839,0.954188,1.4790
8,44.3570,2218,99,0,95.424004,0.954240,1.4790
8,44.3770,2219,99,0,95.429161,0.954292,1.4790
8,44.3970,2220,99,0,95.434303,0.954343,1.4790
8,44.4170,2221,99,0,95.439438,0.954394,1.4790
8,44.4370,2222,99,0,95.444557,0.954446,1.4790
8,44.4570,2223,99,0,95.449669,0.954497,1.4790
8,44.4770,2224,99,0,95.454773,0.954548,1.4790
8,44.4970,2225,99,0,95.459862,0.954599,1.4790
8,44.5170,2226,99,0,95.464943,0.954649,1.4790
8,44.5370,2227,99,0,95.470016,0.954700,1.4790
8,44.5570,2228,99,0,95.475067,0.954751,1.4790
8,44.5770,2229,99,0,95.480118,0.954801,1.4790
8,44.5970,2230,99,0,95.485161,0.954852,1.4790
8,44.6170,2231,99,0,95.490196,0.954902,1.4790
8,44.6370,2232,99,0,95.495216,0.954952,1.4790
8,44.6580,2233,99,0,95.500229,0.955002,1.4790
8,44.6770,2234,99,0,95.505226,0.955052,1.4790
8,44.6970,2235,99,0,95.510216,0.955102,1.4790
8,44.7170,2236,99,0,95.515198,0.955152,1.4790
8,44.7370,2237,99,0,95.520172,0.955202,1.4790
8,44.7570,2238,99,0,95.525131,0.955251,1.4790
8,44.7770,2239,99,0,95.530083,0.955301,1.4790
8,44.7970,2240,99,0,95.535019,0.955350,1.4790
8,44.8180,2241,99,0,95.539948,0.955399,1.4790
8,44.8370,2242,99,0,95.544868,0.955449,1.4790
8,44.8570,2243,99,0,95.549789,0.955498,1.4790
8,44.8770,2244,99,0,95.554695,0.955547,1.4790
8,44.8970,2245,99,0,95.559586,0.955596,1.4790
8,44.9170,2246,99,0,95.564453,0.955645,1.4790
8,44.9370,2247,99,0,95.569336,0.955693,1.4790
8,44.9570,2248,99,0,95.574196,0.955742,1.4790
8,44.9770,2249,99,0,95.579048,0.955790,1.4790
8,44.9970,2250,99,0,95.583893,0.955839,1.4790
8,45.0170,2251,99,0,95.588730,0.955887,1.4790
8,45.0370,2252,99,0,95.593544,0.955935,1.4790
8,45.0570,2253,99,0,95.598358,0.955984,1.4790
8,45.0770,2254,99,0,95.603165,0.956032,1.4790
8,45.0970,2255,99,0,95.607964,0.956080,1.4790
8,45.1170,2256,99,0,95.612747,0.956127,1.4790
8,45.1370,2257,99,0,95.617523,0.956175,1.4790
8,45.1570,2258,99,0,95.622292,0.956223,1.4790
8,45.1770,2259,99,0,95.627045,0.956270,1.4790
8,45.1970,2260,99,0,95.631790,0.956318,1.4790
8,45.2170,2261,99,0,95.636528,0.956365,1.4790
8,45.2370,2262,99,0,95.641258,0.956413,1.4790
8,45.2570,2263,99,0,95.645981,0.956460,1.4790
8,45.2770,2264,99,0,95.650688,0.956507,1.4790
8,45.2970,2265,99,0,95.655380,0.956554,1.4790
8,45.3180,2266,99,0,95.660072,0.956601,1.4790
8,45.3370,2267,99,0,95.664757,0.956648,1.4790
8,45.3570,2268,99,0,95.669426,0.956694,1.4790
8,45.3770,2269,99,0,95.674088,0.956741,1.4790
8,45.3970,2270,99,0,95.678741,0.956787,1.4790
8,45.4170,2271,99,0,95.683388,0.956834,1.4790
8,45.4370,2272,99,0,95.688019,0.956880,1.4790
8,45.4570,2273,99,0,95.692642,0.956926,1.4790
8,45.4770,2274,99,0,95.697258,0.956973,1.4790
8,45.4970,2275,99,0,95.701866,0.957019,1.4790
8,45.5170,2276,99,0,95.706474,0.957065,1.4790
8,45.5370,2277,99,0,95.711060,0.957111,1.4790
8,45.5570,2278,99,0,95.715637,0.957156,1.4790
8,45.5770,2279,99,0,95.720207,0.957202,1.4790
8,45.5970,2280,99,0,95.724770,0.957248,1.4790
8,45.6170,2281,99,0,95.729324,0.957293,1.4790
8,45.6370,2282,99,0,95.733871,0.957339,1.4790
8,45.6580,2283,99,0,95.738403,0.957384,1.4790
8,45.6770,2284,99,0,95.742928,0.957429,1.4790
8,45.6970,2285,99,0,95.747437,0.957474,1.4790
8,45.7170,2286,99,0,95.751945,0.957519,1.4790
8,45.7370,2287,99,0,95.756447,0.957564,1.4790
8,45.7570,2288,99,0,95.760933,0.957609,1.4790
8,45.7770,2289,99,0,95.765411,0.957654,1.4790
8,45.7970,2290,99,0,95.769882,0.957699,1.4790
8,45.8180,2291,99,0,95.774345,0.957743,1.4790
8,45.8370,2292,99,0,95.778801,0.957788,1.4790
8,45.8570,2293,99,0,95.783241,0.957832,1.4790
8,45.8770,2294,99,0,95.787682,0.957877,1.4790
8,45.8970,2295,99,0,95.792099,0.957921,1.4790
8,45.9170,2296,99,0,95.796516,0.957965,1.4790
8,45.9370,2297,99,0,95.800934,0.958009,1.4790
8,45.9570,2298,99,0,95.805328,0.958053,1.4790
8,45.9770,2299,99,0,95.809731,0.958097,1.4790
8,45.9970,2300,99,0,95.814102,0.958141,1.4790
8,46.0170,2301,99,0,95.818474,0.958185,1.4790
8,46.0370,2302,99,0,95.822838,0.958228,1.4790
8,46.0570,2303,99,0,95.827194,0.958272,1.4790
8,46.0770,2304,99,0,95.831543,0.958315,1.4790
8,46.0970,2305,99,0,95.835884,0.958359,1.4790
8,46.1170,2306,99,0,95.840218,0.958402,1.4790
8,46.1370,2307,99,0,95.844536,0.958445,1.4790
8,46.1580,2308,99,0,95.848846,0.958488,1.4790
8,46.1770,2309,99,0,95.853142,0.958531,1.4790
8,46.1970,2310,99,0,95.857437,0.958574,1.4790
8,46.2170,2311,99,0,95.861725,0.958617,1.4790
8,46.2370,2312,99,0,95.866005,0.958660,1.4790
8,46.2570,2313,99,0,95.870277,0.958703,1.4790
8,46.2770,2314,99,0,95.874535,0.958745,1.4790
8,46.2970,2315,99,0,95.878792,0.958788,1.4790
8,46.3170,2316,99,0,95.883034,0.958830,1.4790
8,46.3370,2317,99,0,95.887260,0.958873,1.4790
8,46.3570,2318,99,0,95.891487,0.958915,1.4790
8,46.3770,2319,99,0,95.895706,0.958957,1.4790
8,46.3970,2320,99,0,95.899918,0.958999,1.4790
8,46.4170,2321,99,0,95.904114,0.959041,1.4790
8,46.4370,2322,99,0,95.908318,0.959083,1.4790
8,46.4570,2323,99,0,95.912498,0.959125,1.4790
8,46.4770,2324,99,0,95.916679,0.959167,1.4790
8,46.4970,2325,99,0,95.920837,0.959208,1.4790
8,46.5170,2326,99,0,95.924995,0.959250,1.4790
8,46.5370,2327,99,0,95.929146,0.959291,1.4790
8,46.5570,2328,99,0,95.933289,0.959333,1.4790
8,46.5770,2329,99,0,95.937424,0.959374,1.4790
8,46.5970,2330,99,0,95.941551,0.959416,1.4790
8,46.6170,2331,99,0,95.945671,0.959457,1.4790
8,46.6370,2332,99,0,95.949783,0.959498,1.4790
8,46.6570,2333,99,0,95.953888,0.959539,1.4790
8,46.6770,2334,99,0,95.957977,0.959580,1.4790
8,46.6970,2335,99,0,95.962067,0.959621,1.4790
8,46.7170,2336,99,0,95.966148,0.959661,1.4790
8,46.7370,2337,99,0,95.970207,0.959702,1.4790
8,46.7570,2338,99,0,95.974274,0.959743,1.4790
8,46.7770,2339,99,0,95.978317,0.959783,1.4790
8,46.7970,2340,99,0,95.982361,0.959824,1.4790
8,46.8170,2341,99,0,95.986397,0.959864,1.4790
8,46.8370,2342,99,0,95.990425,0.959904,1.4790
8,46.8570,2343,99,0,95.994446,0.959944,1.4790
8,46.8770,2344,99,0,95.998459,0.959985,1.4790
8,46.8970,2345,99,0,96.002464,0.960025,1.4790
8,46.9170,2346,99,0,96.006462,0.960065,1.4790
8,46.9370,2347,99,0,96.010452,0.960105,1.4790
8,46.9570,2348,99,0,96.014435,0.960144,1.4790
8,46.9770,2349,99,0,96.018402,0.960184,1.4790
8,46.9970,2350,99,0,96.022377,0.960224,1.4790
8,47.0170,2351,99,0,96.026337,0.960263,1.4790
8,47.0370,2352,99,0,96.030281,0.960303,1.4790
8,47.0570,2353,99,0,96.034225,0.960342,1.4790
8,47.0770,2354,99,0,96.038162,0.960382,1.4790
8,47.0970,2355,99,0,96.042091,0.960421,1.4790
8,47.1170,2356,99,0,96.046013,0.960460,1.4790
8,47.1370,2357,99,0,96.049919,0.960499,1.4790
8,47.1570,2358,99,0,96.053818,0.960538,1.4790
8,47.1770,2359,99,0,96.057709,0.960577,1.4790
8,47.1970,2360,99,0,96.061592,0.960616,1.4790
8,47.2170,2361,99,0,96.065460,0.960655,1.4790
8,47.2370,2362,99,0,96.069328,0.960693,1.4790
8,47.2570,2363,99,0,96.073189,0.960732,1.4790
8,47.2770,2364,99,0,96.077049,0.960770,1.4790
8,47.2970,2365,99,0,96.080887,0.960809,1.4790
8,47.3170,2366,99,0,96.084724,0.960847,1.4790
8,47.3370,2367,99,0,96.088554,0.960886,1.4790
8,47.3570,2368,99,0,96.092377,0.960924,1.4790
8,47.3770,2369,99,0,96.096191,0.960962,1.4790
8,47.3970,2370,99,0,96.099998,0.961000,1.4790
8,47.4170,2371,99,0,96.103798,0.961038,1.4790
8,47.4370,2372,99,0,96.107582,0.961076,1.4790
8,47.4570,2373,99,0,96.111374,0.961114,1.4790
8,47.4770,2374,99,0,96.115150,0.961152,1.4790
8,47.4980,2375,99,0,96.118912,0.961189,1.4790
8,47.5170,2376,99,0,96.122681,0.961227,1.4790
8,47.5370,2377,99,0,96.126427,0.961264,1.4790
8,47.5570,2378,99,0,96.130173,0.961302,1.4790
8,47.5770,2379,99,0,96.133911,0.961339,1.4790
8,47.5970,2380,99,0,96.137642,0.961376,1.4790
8,47.6170,2381,99,0,96.141365,0.961414,1.4790
8,47.6370,2382,99,0,96.145081,0.961451,1.4790
8,47.6570,2383,99,0,96.148788,0.961488,1.4790
8,47.6770,2384,99,0,96.152496,0.961525,1.4790
8,47.6970,2385,99,0,96.156197,0.961562,1.4790
8,47.7170,2386,99,0,96.159889,0.961599,1.4790
8,47.7370,2387,99,0,96.163574,0.961636,1.4790
8,47.7570,2388,99,0,96.167252,0.961673,1.4790
8,47.7770,2389,99,0,96.170921,0.961709,1.4790
8,47.7970,2390,99,0,96.174583,0.961746,1.4790
8,47.8170,2391,99,0,96.178238,0.961782,1.4790
8,47.8370,2392,99,0,96.181885,0.961819,1.4790
8,47.8570,2393,99,0,96.185524,0.961855,1.4790
8,47.8770,2394,99,0,96.189156,0.961892,1.4790
8,47.8970,2395,99,0,96.192780,0.961928,1.4790
8,47.9170,2396,99,0,96.196396,0.961964,1.4790
8,47.9370,2397,99,0,96.200005,0.962000,1.4790
8,47.9570,2398,99,0,96.203598,0.962036,1.4790
8,47.9770,2399,99,0,96.207191,0.962072,1.4790
8,47.9970,2400,99,0,96.210785,0.962108,1.4790
8,48.0170,2401,99,0,96.214363,0.962144,1.4790
8,48.0370,2402,99,0,96.217934,0.962179,1.4790
8,48.0570,2403,99,0,96.221497,0.962215,1.4790
8,48.0770,2404,99,0,96.225044,0.962250,1.4790
8,48.0970,2405,99,0,96.228600,0.962286,1.4790
8,48.1170,2406,99,0,96.232147,0.962321,1.4790
8,48.1370,2407,99,0,96.235687,0.962357,1.4790
8,48.1580,2408,99,0,96.239220,0.962392,1.4790
8,48.1770,2409,99,0,96.242744,0.962427,1.4790
8,48.1970,2410,99,0,96.246262,0.962463,1.4790
8,48.2170,2411,99,0,96.249771,0.962498,1.4790
8,48.2370,2412,99,0,96.253273,0.962533,1.4790
8,48.2570,2413,99,0,96.256767,0.962568,1.4790
8,48.2770,2414,99,0,96.260254,0.962603,1.4790
8,48.2970,2415,99,0,96.263733,0.962637,1.4790
8,48.3170,2416,99,0,96.267204,0.962672,1.4790
8,48.3370,2417,99,0,96.270660,0.962707,1.4790
8,48.3570,2418,99,0,96.274124,0.962741,1.4790
8,48.3770,2419,99,0,96.277580,0.962776,1.4790
8,48.3970,2420,99,0,96.281029,0.962810,1.4790
8,48.4170,2421,99,0,96.284470,0.962845,1.4790
8,48.4370,2422,99,0,96.287903,0.962879,1.4790
8,48.4570,2423,99,0,96.291328,0.962913,1.4790
8,48.4770,2424,99,0,96.294746,0.962947,1.4790
8,48.4980,2425,99,0,96.298157,0.962982,1.4790
8,48.5170,2426,99,0,96.301567,0.963016,1.4790
8,48.5370,2427,99,0,96.304955,0.963050,1.4790
8,48.5570,2428,99,0,96.308350,0.963083,1.4790
8,48.5770,2429,99,0,96.311737,0.963117,1.4790
8,48.5970,2430,99,0,96.315117,0.963151,1.4790
8,48.6170,2431,99,0,96.318489,0.963185,1.4790
8,48.6370,2432,99,0,96.321854,0.963219,1.4790
8,48.6570,2433,99,0,96.325211,0.963252,1.4790
8,48.6770,2434,99,0,96.328552,0.963286,1.4790
8,48.6970,2435,99,0,96.331902,0.963319,1.4790
8,48.7170,2436,99,0,96.335243,0.963352,1.4790
8,48.7370,2437,99,0,96.338577,0.963386,1.4790
8,48.7570,2438,99,0,96.341904,0.963419,1.4790
8,48.7770,2439,99,0,96.345222,0.963452,1.4790
8,48.7970,2440,99,0,96.348526,0.963485,1.4790
8,48.8170,2441,99,0,96.351830,0.963518,1.4790
8,48.8380,2442,99,0,96.355125,0.963551,1.4790
8,48.8570,2443,99,0,96.358414,0.963584,1.4790
8,48.8770,2444,99,0,96.361702,0.963617,1.4790
8,48.8970,2445,99,0,96.364983,0.963650,1.4790
8,48.9170,2446,99,0,96.368256,0.963683,1.4790
8,48.9370,2447,99,0,96.371521,0.963715,1.4790
8,48.9570,2448,99,0,96.374779,0.963748,1.4790
8,48.9770,2449,99,0,96.378029,0.963780,1.4790
8,48.9980,2450,99,0,96.381271,0.963813,1.4790
8,49.0170,2451,99,0,96.384514,0.963845,1.4790
8,49.0370,2452,99,0,96.387749,0.963877,1.4790
8,49.0570,2453,99,0,96.390976,0.963910,1.4790
8,49.0770,2454,99,0,96.394196,0.963942,1.4790
8,49.0970,2455,99,0,96.397400,0.963974,1.4790
8,49.1170,2456,99,0,96.400604,0.964006,1.4790
8,49.1370,2457,99,0,96.403809,0.964038,1.4790
8,49.1570,2458,99,0,96.407013,0.964070,1.4790
8,49.1770,2459,99,0,96.410194,0.964102,1.4790
8,49.1970,2460,99,0,96.413376,0.964134,1.4790
8,49.2170,2461,99,0,96.416550,0.964165,1.4790
8,49.2370,2462,99,0,96.419708,0.964197,1.4790
8,49.2570,2463,99,0,96.422882,0.964229,1.4790
8,49.2770,2464,99,0,96.426033,0.964260,1.4790
8,49.2970,2465,99,0,96.429192,0.964292,1.4790
8,49.3170,2466,99,0,96.432327,0.964323,1.4790
8,49.3370,2467,99,0,96.435471,0.964355,1.4790
8,49.3570,2468,99,0,96.438591,0.964386,1.4790
8,49.3770,2469,99,0,96.441719,0.964417,1.4790
8,49.3970,2470,99,0,96.444839,0.964448,1.4790
8,49.4170,2471,99,0,96.447952,0.964480,1.4790
8,49.4370,2472,99,0,96.451057,0.964511,1.4790
8,49.4570,2473,99,0,96.454155,0.964542,1.4790
8,49.4770,2474,99,0,96.457245,0.964572,1.4790
8,49.4980,2475,99,0,96.460335,0.964603,1.4790
8,49.5170,2476,99,0,96.463417,0.964634,1.4790
8,49.5370,2477,99,0,96.466492,0.964665,1.4790
8,49.5570,2478,99,0,96.469559,0.964696,1.4790
8,49.5770,2479,99,0,96.472618,0.964726,1.4790
8,49.5970,2480,99,0,96.475677,0.964757,1.4790
8,49.6170,2481,99,0,96.478729,0.964787,1.4790
8,49.6370,2482,99,0,96.481773,0.964818,1.4790
8,49.6570,2483,99,0,96.484810,0.964848,1.4790
8,49.6770,2484,99,0,96.487839,0.964878,1.4790
8,49.6970,2485,99,0,96.490868,0.964909,1.4790
8,49.7170,2486,99,0,96.493881,0.964939,1.4790
8,49.7370,2487,99,0,96.496895,0.964969,1.4790
8,49.7570,2488,99,0,96.499901,0.964999,1.4790
8,49.7770,2489,99,0,96.502899,0.965029,1.4790
8,49.7970,2490,99,0,96.505898,0.965059,1.4790
8,49.8170,2491,99,0,96.508888,0.965089,1.4790
8,49.8380,2492,99,0,96.511871,0.965119,1.4790
8,49.8570,2493,99,0,96.514847,0.965148,1.4790
8,49.8770,2494,99,0,96.517822,0.965178,1.4790
8,49.8970,2495,99,0,96.520798,0.965208,1.4790
8,49.9170,2496,99,0,96.523750,0.965238,1.4790
8,49.9370,2497,99,0,96.526703,0.965267,1.4790
8,49.9570,2498,99,0,96.529648,0.965296,1.4790
8,49.9770,2499,99,0,96.532593,0.965326,1.4790
8,49.9970,2500,99,0,96.535538,0.965355,1.4790
8,50.0170,2501,99,0,96.538460,0.965385,1.4790
8,50.0370,2502,99,0,96.541382,0.965414,1.4790
8,50.0570,2503,99,0,96.544296,0.965443,1.4790
8,50.0770,2504,99,0,96.547218,0.965472,1.4790
8,50.0970,2505,99,0,96.550117,0.965501,1.4790
8,50.1170,2506,99,0,96.553024,0.965530,1.4790
8,50.1370,2507,99,0,96.555923,0.965559,1.4790
8,50.1570,2508,99,0,96.558815,0.965588,1.4790
8,50.1770,2509,99,0,96.561699,0.965617,1.4790
8,50.1970,2510,99,0,96.564575,0.965646,1.4790
8,50.2170,2511,99,0,96.567451,0.965675,1.4790
8,50.2370,2512,99,0,96.570320,0.965703,1.4790
8,50.2570,2513,99,0,96.573181,0.965732,1.4790
8,50.2770,2514,99,0,96.576027,0.965760,1.4790
8,50.2970,2515,99,0,96.578888,0.965789,1.4790
8,50.3170,2516,99,0,96.581726,0.965817,1.4790
8,50.3370,2517,99,0,96.584572,0.965846,1.4790
8,50.3570,2518,99,0,96.587402,0.965874,1.4790
8,50.3770,2519,99,0,96.590233,0.965902,1.4790
8,50.3970,2520,99,0,96.593048,0.965930,1.4790
8,50.4170,2521,99,0,96.595863,0.965959,1.4790
8,50.4370,2522,99,0,96.598671,0.965987,1.4790
8,50.4570,2523,99,0,96.601479,0.966015,1.4790
8,50.4770,2524,99,0,96.604279,0.966043,1.4790
8,50.4970,2525,99,0,96.607071,0.966071,1.4790
8,50.5170,2526,99,0,96.609856,0.966099,1.4790
8,50.5370,2527,99,0,96.612640,0.966126,1.4790
8,50.5570,2528,99,0,96.615417,0.966154,1.4790
8,50.5770,2529,99,0,96.618187,0.966182,1.4790
8,50.5970,2530,99,0,96.620949,0.966209,1.4790
8,50.6170,2531,99,0,96.623711,0.966237,1.4790
8,50.6370,2532,99,0,96.626465,0.966265,1.4790
8,50.6570,2533,99,0,96.629211,0.966292,1.4790
8,50.6780,2534,99,0,96.631958,0.966320,1.4790
8,50.6970,2535,99,0,96.634697,0.966347,1.4790
8,50.7170,2536,99,0,96.637428,0.966374,1.4790
8,50.7370,2537,99,0,96.640152,0.966402,1.4790
8,50.7570,2538,99,0,96.642876,0.966429,1.4790
8,50.7770,2539,99,0,96.645584,0.966456,1.4790
8,50.7970,2540,99,0,96.648293,0.966483,1.4790
8,50.8170,2541,99,0,96.651001,0.966510,1.4790
8,50.8380,2542,99,0,96.653702,0.966537,1.4790
8,50.8570,2543,99,0,96.656395,0.966564,1.4790
8,50.8770,2544,99,0,96.659081,0.966591,1.4790
8,50.8970,2545,99,0,96.661766,0.966618,1.4790
8,50.9170,2546,99,0,96.664444,0.966644,1.4790
8,50.9370,2547,99,0,96.667114,0.966671,1.4790
8,50.9570,2548,99,0,96.669785,0.966698,1.4790
8,50.9770,2549,99,0,96.672447,0.966724,1.4790
8,50.9970,2550,99,0,96.675110,0.966751,1.4790
8,51.0180,2551,99,0,96.677757,0.966778,1.4790
8,51.0370,2552,99,0,96.680405,0.966804,1.4790
8,51.0570,2553,99,0,96.683044,0.966830,1.4790
8,51.0770,2554,99,0,96.685677,0.966857,1.4790
8,51.0970,2555,99,0,96.688316,0.966883,1.4790
8,51.1170,2556,99,0,96.690933,0.966909,1.4790
8,51.1370,2557,99,0,96.693550,0.966936,1.4790
8,51.1570,2558,99,0,96.696167,0.966962,1.4790
8,51.1770,2559,99,0,96.698776,0.966988,1.4790
8,51.1970,2560,99,0,96.701378,0.967014,1.4790
8,51.2170,2561,99,0,96.703979,0.967040,1.4790
8,51.2370,2562,99,0,96.706573,0.967066,1.4790
8,51.2570,2563,99,0,96.709160,0.967092,1.4790
8,51.2770,2564,99,0,96.711746,0.967117,1.4790
8,51.2970,2565,99,0,96.714325,0.967143,1.4790
8,51.3170,2566,99,0,96.716888,0.967169,1.4790
8,51.3380,2567,99,0,96.719460,0.967195,1.4790
8,51.3570,2568,99,0,96.722023,0.967220,1.4790
8,51.3770,2569,99,0,96.724586,0.967246,1.4790
8,51.3970,2570,99,0,96.727142,0.967271,1.4790
8,51.4170,2571,99,0,96.729691,0.967297,1.4790
8,51.4370,2572,99,0,96.732231,0.967322,1.4790
8,51.4570,2573,99,0,96.734764,0.967348,1.4790
8,51.4770,2574,99,0,96.737305,0.967373,1.4790
8,51.4970,2575,99,0,96.739822,0.967398,1.4790
8,51.5170,2576,99,0,96.742355,0.967424,1.4790
8,51.5370,2577,99,0,96.744873,0.967449,1.4790
8,51.5570,2578,99,0,96.747383,0.967474,1.4790
8,51.5770,2579,99,0,96.749886,0.967499,1.4790
8,51.5970,2580,99,0,96.752396,0.967524,1.4790
8,51.6170,2581,99,0,96.754883,0.967549,1.4790
8,51.6370,2582,99,0,96.757385,0.967574,1.4790
8,51.6570,2583,99,0,96.759865,0.967599,1.4790
8,51.6780,2584,99,0,96.762344,0.967623,1.4790
8,51.6970,2585,99,0,96.764824,0.967648,1.4790
8,51.7170,2586,99,0,96.767296,0.967673,1.4790
8,51.7370,2587,99,0,96.769760,0.967698,1.4790
8,51.7570,2588,99,0,96.772224,0.967722,1.4790
8,51.7770,2589,99,0,96.774673,0.967747,1.4790
8,51.7970,2590,99,0,96.777122,0.967771,1.4790
8,51.8170,2591,99,0,96.779572,0.967796,1.4790
8,51.8370,2592,99,0,96.782021,0.967820,1.4790
8,51.8570,2593,99,0,96.784462,0.967845,1.4790
8,51.8770,2594,99,0,96.786888,0.967869,1.4790
8,51.8970,2595,99,0,96.789314,0.967893,1.4790
8,51.9170,2596,99,0,96.791740,0.967917,1.4790
8,51.9370,2597,99,0,96.794159,0.967942,1.4790
8,51.9570,2598,99,0,96.796570,0.967966,1.4790
8,51.9770,2599,99,0,96.798981,0.967990,1.4790
8,51.9970,2600,99,0,96.801392,0.968014,1.4790
8,52.0170,2601,99,0,96.803780,0.968038,1.4790
8,52.0370,2602,99,0,96.806175,0.968062,1.4790
8,52.0570,2603,99,0,96.808563,0.968086,1.4790
8,52.0770,2604,99,0,96.810951,0.968110,1.4790
8,52.0970,2605,99,0,96.813332,0.968133,1.4790
8,52.1170,2606,99,0,96.815704,0.968157,1.4790
8,52.1370,2607,99,0,96.818077,0.968181,1.4790
8,52.1570,2608,99,0,96.820435,0.968204,1.4790
8,52.1780,2609,99,0,96.822800,0.968228,1.4790
8,52.1970,2610,99,0,96.825157,0.968252,1.4790
8,52.2170,2611,99,0,96.827507,0.968275,1.4790
8,52.2370,2612,99,0,96.829857,0.968299,1.4790
8,52.2570,2613,99,0,96.832199,0.968322,1.4790
8,52.2770,2614,99,0,96.834534,0.968345,1.4790
8,52.2970,2615,99,0,96.836868,0.968369,1.4790
8,52.3170,2616,99,0,96.839195,0.968392,1.4790
8,52.3370,2617,99,0,96.841522,0.968415,1.4790
8,52.3570,2618,99,0,96.843842,0.968438,1.4790
8,52.3770,2619,99,0,96.846153,0.968462,1.4790
8,52.3970,2620,99,0,96.848465,0.968485,1.4790
8,52.4170,2621,99,0,96.850769,0.968508,1.4790
8,52.4370,2622,99,0,96.853065,0.968531,1.4790
8,52.4570,2623,99,0,96.855362,0.968554,1.4790
8,52.4770,2624,99,0,96.857651,0.968577,1.4790
8,52.4970,2625,99,0,96.859940,0.968599,1.4790
8,52.5170,2626,99,0,96.862213,0.968622,1.4790
8,52.5370,2627,99,0,96.864487,0.968645,1.4790
8,52.5570,2628,99,0,96.866760,0.968668,1.4790
8,52.5770,2629,99,0,96.869034,0.968690,1.4790
8,52.5970,2630,99,0,96.871292,0.968713,1.4790
8,52.6170,2631,99,0,96.873550,0.968736,1.4790
8,52.6370,2632,99,0,96.875809,0.968758,1.4790
8,52.6570,2633,99,0,96.878067,0.968781,1.4790
8,52.6780,2634,99,0,96.880310,0.968803,1.4790
8,52.6970,2635,99,0,96.882553,0.968826,1.4790
8,52.7170,2636,99,0,96.884781,0.968848,1.4790
8,52.7370,2637,99,0,96.887016,0.968870,1.4790
8,52.7570,2638,99,0,96.889244,0.968892,1.4790
8,52.7770,2639,99,0,96.891464,0.968915,1.4790
8,52.7970,2640,99,0,96.893684,0.968937,1.4790
8,52.8170,2641,99,0,96.895897,0.968959,1.4790
8,52.8370,2642,99,0,96.898109,0.968981,1.4790
8,52.8570,2643,99,0,96.900314,0.969003,1.4790
8,52.8770,2644,99,0,96.902519,0.969025,1.4790
8,52.8970,2645,99,0,96.904716,0.969047,1.4790
8,52.9170,2646,99,0,96.906906,0.969069,1.4790
8,52.9370,2647,99,0,96.909096,0.969091,1.4790
8,52.9570,2648,99,0,96.911278,0.969113,1.4790
8,52.9770,2649,99,0,96.913460,0.969135,1.4790
8,52.9970,2650,99,0,96.915634,0.969156,1.4790
8,53.0170,2651,99,0,96.917801,0.969178,1.4790
8,53.0370,2652,99,0,96.919968,0.969200,1.4790
8,53.0570,2653,99,0,96.922127,0.969221,1.4790
8,53.0770,2654,99,0,96.924286,0.969243,1.4790
8,53.0970,2655,99,0,96.926437,0.969264,1.4790
8,53.1170,2656,99,0,96.928589,0.969286,1.4790
8,53.1370,2657,99,0,96.930733,0.969307,1.4790
8,53.1570,2658,99,0,96.932877,0.969329,1.4790
8,53.1780,2659,99,0,96.935013,0.969350,1.4790
8,53.1970,2660,99,0,96.937141,0.969371,1.4790
8,53.2170,2661,99,0,96.939270,0.969393,1.4790
8,53.2370,2662,99,0,96.941391,0.969414,1.4790
8,53.2570,2663,99,0,96.943512,0.969435,1.4790
8,53.2770,2664,99,0,96.945625,0.969456,1.4790
8,53.2970,2665,99,0,96.947739,0.969477,1.4790
8,53.3170,2666,99,0,96.949844,0.969498,1.4790
8,53.3370,2667,99,0,96.951942,0.969519,1.4790
8,53.3570,2668,99,0,96.954041,0.969540,1.4790
8,53.3770,2669,99,0,96.956139,0.969561,1.4790
8,53.3970,2670,99,0,96.958229,0.969582,1.4790
8,53.4170,2671,99,0,96.960304,0.969603,1.4790
8,53.4370,2672,99,0,96.962387,0.969624,1.4790
8,53.4570,2673,99,0,96.964462,0.969645,1.4790
8,53.4770,2674,99,0,96.966537,0.969665,1.4790
8,53.4970,2675,99,0,96.968613,0.969686,1.4790
8,53.5170,2676,99,0,96.970673,0.969707,1.4790
8,53.5370,2677,99,0,96.972733,0.969727,1.4790
8,53.5570,2678,99,0,96.974792,0.969748,1.4790
8,53.5770,2679,99,0,96.976845,0.969768,1.4790
8,53.5970,2680,99,0,96.978889,0.969789,1.4790
8,53.6170,2681,99,0,96.980934,0.969809,1.4790
8,53.6370,2682,99,0,96.982971,0.969830,1.4790
8,53.6570,2683,99,0,96.985008,0.969850,1.4790
8,53.6780,2684,99,0,96.987045,0.969870,1.4790
8,53.6970,2685,99,0,96.989075,0.969891,1.4790
8,53.7170,2686,99,0,96.991089,0.969911,1.4790
8,53.7370,2687,99,0,96.993111,0.969931,1.4790
8,53.7570,2688,99,0,96.995125,0.969951,1.4790
8,53.7770,2689,99,0,96.997139,0.969971,1.4790
8,53.7970,2690,99,0,96.999146,0.969991,1.4790
8,53.8170,2691,99,0,97.001152,0.970012,1.4790
8,53.8370,2692,99,0,97.003151,0.970032,1.4790
8,53.8580,2693,99,0,97.005150,0.970051,1.4790
8,53.8770,2694,99,0,97.007141,0.970071,1.4790
8,53.8970,2695,99,0,97.009125,0.970091,1.4790
8,53.9170,2696,99,0,97.011108,0.970111,1.4790
8,53.9370,2697,99,0,97.013084,0.970131,1.4790
8,53.9570,2698,99,0,97.015060,0.970151,1.4790
8,53.9770,2699,99,0,97.017036,0.970170,1.4790
8,53.9970,2700,99,0,97.018997,0.970190,1.4790
8,54.0170,2701,99,0,97.020958,0.970210,1.4790
8,54.0370,2702,99,0,97.022919,0.970229,1.4790
8,54.0570,2703,99,0,97.024872,0.970249,1.4790
8,54.0770,2704,99,0,97.026825,0.970268,1.4790
8,54.0970,2705,99,0,97.028770,0.970288,1.4790
8,54.1170,2706,99,0,97.030708,0.970307,1.4790
8,54.1370,2707,99,0,97.032646,0.970326,1.4790
8,54.1570,2708,99,0,97.034584,0.970346,1.4790
8,54.1770,2709,99,0,97.036522,0.970365,1.4790
8,54.1970,2710,99,0,97.038452,0.970385,1.4790
8,54.2170,2711,99,0,97.040375,0.970404,1.4790
8,54.2370,2712,99,0,97.042297,0.970423,1.4790
8,54.2570,2713,99,0,97.044205,0.970442,1.4790
8,54.2770,2714,99,0,97.046127,0.970461,1.4790
8,54.2970,2715,99,0,97.048035,0.970480,1.4790
8,54.3170,2716,99,0,97.049934,0.970499,1.4790
8,54.3370,2717,99,0,97.051842,0.970518,1.4790
8,54.3570,2718,99,0,97.053734,0.970537,1.4790
8,54.3770,2719,99,0,97.055634,0.970556,1.4790
8,54.3970,2720,99,0,97.057526,0.970575,1.4790
8,54.4170,2721,99,0,97.059402,0.970594,1.4790
8,54.4370,2722,99,0,97.061295,0.970613,1.4790
8,54.4570,2723,99,0,97.063171,0.970632,1.4790
8,54.4770,2724,99,0,97.065048,0.970650,1.4790
8,54.4970,2725,99,0,97.066917,0.970669,1.4790
8,54.5180,2726,99,0,97.068787,0.970688,1.4790
8,54.5370,2727,99,0,97.070641,0.970706,1.4790
8,54.5570,2728,99,0,97.072502,0.970725,1.4790
8,54.5770,2729,99,0,97.074364,0.970744,1.4790
8,54.5970,2730,99,0,97.076210,0.970762,1.4790
8,54.6170,2731,99,0,97.078064,0.970781,1.4790
8,54.6370,2732,99,0,97.079910,0.970799,1.4790
8,54.6570,2733,99,0,97.081741,0.970817,1.4790
8,54.6770,2734,99,0,97.083588,0.970836,1.4790
8,54.6970,2735,99,0,97.085419,0.970854,1.4790
8,54.7170,2736,99,0,97.087250,0.970872,1.4790
8,54.7370,2737,99,0,97.089066,0.970891,1.4790
8,54.7570,2738,99,0,97.090897,0.970909,1.4790
8,54.7770,2739,99,0,97.092720,0.970927,1.4790
8,54.7970,2740,99,0,97.094536,0.970945,1.4790
8,54.8170,2741,99,0,97.096352,0.970964,1.4790
8,54.8370,2742,99,0,97.098152,0.970982,1.4790
8,54.8570,2743,99,0,97.099968,0.971000,1.4790
8,54.8770,2744,99,0,97.101768,0.971018,1.4790
8,54.8970,2745,99,0,97.103561,0.971036,1.4790
8,54.9170,2746,99,0,97.105354,0.971054,1.4790
8,54.9370,2747,99,0,97.107147,0.971071,1.4790
8,54.9570,2748,99,0,97.108932,0.971089,1.4790
8,54.9770,2749,99,0,97.110718,0.971107,1.4790
8,54.9970,2750,99,0,97.112495,0.971125,1.4790
8,55.0180,2751,99,0,97.114273,0.971143,1.4790
8,55.0370,2752,99,0,97.116043,0.971160,1.4790
8,55.0570,2753,99,0,97.117813,0.971178,1.4790
8,55.0770,2754,99,0,97.119576,0.971196,1.4790
8,55.0970,2755,99,0,97.121338,0.971213,1.4790
8,55.1170,2756,99,0,97.123100,0.971231,1.4790
8,55.1370,2757,99,0,97.124855,0.971249,1.4790
8,55.1570,2758,99,0,97.126610,0.971266,1.4790
8,55.1770,2759,99,0,97.128357,0.971284,1.4790
8,55.1970,2760,99,0,97.130104,0.971301,1.4790
8,55.2170,2761,99,0,97.131844,0.971318,1.4790
8,55.2370,2762,99,0,97.133583,0.971336,1.4790
8,55.2570,2763,99,0,97.135315,0.971353,1.4790
8,55.2770,2764,99,0,97.137047,0.971370,1.4790
8,55.2970,2765,99,0,97.138771,0.971388,1.4790
8,55.3170,2766,99,0,97.140495,0.971405,1.4790
8,55.3370,2767,99,0,97.142220,0.971422,1.4790
8,55.3580,2768,99,0,97.143936,0.971439,1.4790
8,55.3770,2769,99,0,97.145653,0.971457,1.4790
8,55.3970,2770,99,0,97.147362,0.971474,1.4790
8,55.4170,2771,99,0,97.149071,0.971491,1.4790
8,55.4370,2772,99,0,97.150772,0.971508,1.4790
8,55.4570,2773,99,0,97.152473,0.971525,1.4790
8,55.4770,2774,99,0,97.154167,0.971542,1.4790
8,55.4970,2775,99,0,97.155861,0.971559,1.4790
8,55.5180,2776,99,0,97.157555,0.971576,1.4790
8,55.5370,2777,99,0,97.159241,0.971592,1.4790
8,55.5570,2778,99,0,97.160927,0.971609,1.4790
8,55.5770,2779,99,0,97.162605,0.971626,1.4790
8,55.5970,2780,99,0,97.164284,0.971643,1.4790
8,55.6170,2781,99,0,97.165955,0.971660,1.4790
8,55.6370,2782,99,0,97.167625,0.971676,1.4790
8,55.6570,2783,99,0,97.169289,0.971693,1.4790
8,55.6770,2784,99,0,97.170952,0.971710,1.4790
8,55.6970,2785,99,0,97.172615,0.971726,1.4790
8,55.7170,2786,99,0,97.174271,0.971743,1.4790
8,55.7370,2787,99,0,97.175926,0.971759,1.4790
8,55.7570,2788,99,0,97.177574,0.971776,1.4790
8,55.7770,2789,99,0,97.179222,0.971792,1.4790
8,55.7970,2790,99,0,97.180862,0.971809,1.4790
8,55.8170,2791,99,0,97.182503,0.971825,1.4790
8,55.8370,2792,99,0,97.184143,0.971841,1.4790
8,55.8580,2793,99,0,97.185776,0.971858,1.4790
8,55.8770,2794,99,0,97.187408,0.971874,1.4790
8,55.8970,2795,99,0,97.189026,0.971890,1.4790
8,55.9170,2796,99,0,97.190659,0.971907,1.4790
8,55.9370,2797,99,0,97.192276,0.971923,1.4790
8,55.9570,2798,99,0,97.193893,0.971939,1.4790
8,55.9770,2799,99,0,97.195503,0.971955,1.4790
8,55.9970,2800,99,0,97.197113,0.971971,1.4790
8,56.0170,2801,99,0,97.198723,0.971987,1.4790
8,56.0370,2802,99,0,97.200325,0.972003,1.4790
8,56.0570,2803,99,0,97.201927,0.972019,1.4790
8,56.0770,2804,99,0,97.203529,0.972035,1.4790
8,56.0970,2805,99,0,97.205116,0.972051,1.4790
8,56.1170,2806,99,0,97.206718,0.972067,1.4790
8,56.1370,2807,99,0,97.208298,0.972083,1.4790
8,56.1570,2808,99,0,97.209885,0.972099,1.4790
8,56.1770,2809,99,0,97.211464,0.972115,1.4790
8,56.1970,2810,99,0,97.213043,0.972130,1.4790
8,56.2170,2811,99,0,97.214630,0.972146,1.4790
8,56.2370,2812,99,0,97.216202,0.972162,1.4790
8,56.2570,2813,99,0,97.217766,0.972178,1.4790
8,56.2770,2814,99,0,97.219330,0.972193,1.4790
8,56.2970,2815,99,0,97.220894,0.972209,1.4790
8,56.3170,2816,99,0,97.222450,0.972225,1.4790
8,56.3370,2817,99,0,97.224007,0.972240,1.4790
8,56.3580,2818,99,0,97.225563,0.972256,1.4790
8,56.3770,2819,99,0,97.227112,0.972271,1.4790
8,56.3970,2820,99,0,97.228661,0.972287,1.4790
8,56.4170,2821,99,0,97.230209,0.972302,1.4790
8,56.4370,2822,99,0,97.231750,0.972318,1.4790
8,56.4570,2823,99,0,97.233284,0.972333,1.4790
8,56.4770,2824,99,0,97.234818,0.972348,1.4790
8,56.4970,2825,99,0,97.236351,0.972364,1.4790
8,56.5170,2826,99,0,97.237877,0.972379,1.4790
8,56.5370,2827,99,0,97.239403,0.972394,1.4790
8,56.5570,2828,99,0,97.240929,0.972409,1.4790
8,56.5770,2829,99,0,97.242447,0.972424,1.4790
8,56.5970,2830,99,0,97.243973,0.972440,1.4790
8,56.6170,2831,99,0,97.245476,0.972455,1.4790
8,56.6370,2832,99,0,97.246986,0.972470,1.4790
8,56.6570,2833,99,0,97.248497,0.972485,1.4790
8,56.6770,2834,99,0,97.250000,0.972500,1.4790
8,56.6980,2835,99,0,97.251503,0.972515,1.4790
8,56.7170,2836,99,0,97.253006,0.972530,1.4790
8,56.7370,2837,99,0,97.254494,0.972545,1.4790
8,56.7570,2838,99,0,97.255989,0.972560,1.4790
8,56.7770,2839,99,0,97.257484,0.972575,1.4790
8,56.7970,2840,99,0,97.258965,0.972590,1.4790
8,56.8170,2841,99,0,97.260445,0.972604,1.4790
8,56.8370,2842,99,0,97.261932,0.972619,1.4790
8,56.8580,2843,99,0,97.263405,0.972634,1.4790
8,56.8770,2844,99,0,97.264877,0.972649,1.4790
8,56.8970,2845,99,0,97.266350,0.972663,1.4790
8,56.9170,2846,99,0,97.267822,0.972678,1.4790
8,56.9370,2847,99,0,97.269287,0.972693,1.4790
8,56.9570,2848,99,0,97.270752,0.972708,1.4790
8,56.9770,2849,99,0,97.272209,0.972722,1.4790
8,56.9970,2850,99,0,97.273674,0.972737,1.4790
8,57.0170,2851,99,0,97.275124,0.972751,1.4790
8,57.0370,2852,99,0,97.276573,0.972766,1.4790
8,57.0570,2853,99,0,97.278023,0.972780,1.4790
8,57.0770,2854,99,0,97.279465,0.972795,1.4790
8,57.0970,2855,99,0,97.280907,0.972809,1.4790
8,57.1170,2856,99,0,97.282349,0.972823,1.4790
8,57.1370,2857,99,0,97.283783,0.972838,1.4790
8,57.1570,2858,99,0,97.285217,0.972852,1.4790
8,57.1770,2859,99,0,97.286652,0.972867,1.4790
8,57.1980,2860,99,0,97.288078,0.972881,1.4790
8,57.2170,2861,99,0,97.289505,0.972895,1.4790
8,57.2370,2862,99,0,97.290924,0.972909,1.4790
8,57.2570,2863,99,0,97.292336,0.972923,1.4790
8,57.2770,2864,99,0,97.293755,0.972938,1.4790
8,57.2970,2865,99,0,97.295166,0.972952,1.4790
8,57.3170,2866,99,0,97.296577,0.972966,1.4790
8,57.3370,2867,99,0,97.297989,0.972980,1.4790
8,57.3580,2868,99,0,97.299393,0.972994,1.4790
8,57.3770,2869,99,0,97.300797,0.973008,1.4790
8,57.3970,2870,99,0,97.302200,0.973022,1.4790
8,57.4170,2871,99,0,97.303596,0.973036,1.4790
8,57.4370,2872,99,0,97.304993,0.973050,1.4790
8,57.4570,2873,99,0,97.306381,0.973064,1.4790
8,57.4770,2874,99,0,97.307770,0.973078,1.4790
8,57.4970,2875,99,0,97.309158,0.973092,1.4790
8,57.5170,2876,99,0,97.310539,0.973105,1.4790
8,57.5370,2877,99,0,97.311920,0.973119,1.4790
8,57.5570,2878,99,0,97.313301,0.973133,1.4790
8,57.5770,2879,99,0,97.314674,0.973147,1.4790
8,57.5970,2880,99,0,97.316048,0.973160,1.4790
8,57.6170,2881,99,0,97.317421,0.973174,1.4790
8,57.6370,2882,99,0,97.318787,0.973188,1.4790
8,57.6570,2883,99,0,97.320152,0.973202,1.4790
8,57.6770,2884,99,0,97.321510,0.973215,1.4790
8,57.6970,2885,99,0,97.322868,0.973229,1.4790
8,57.7170,2886,99,0,97.324226,0.973242,1.4790
8,57.7370,2887,99,0,97.325577,0.973256,1.4790
8,57.7570,2888,99,0,97.326927,0.973269,1.4790
8,57.7770,2889,99,0,97.328278,0.973283,1.4790
8,57.7970,2890,99,0,97.329620,0.973296,1.4790
8,57.8170,2891,99,0,97.330963,0.973310,1.4790
8,57.8370,2892,99,0,97.332306,0.973323,1.4790
8,57.8570,2893,99,0,97.333641,0.973336,1.4790
8,57.8770,2894,99,0,97.334976,0.973350,1.4790
8,57.8970,2895,99,0,97.336311,0.973363,1.4790
8,57.9170,2896,99,0,97.337639,0.973376,1.4790
8,57.9370,2897,99,0,97.338966,0.973390,1.4790
8,57.9570,2898,99,0,97.340294,0.973403,1.4790
8,57.9770,2899,99,0,97.341614,0.973416,1.4790
8,57.9970,2900,99,0,97.342934,0.973429,1.4790
8,58.0170,2901,99,0,97.344246,0.973442,1.4790
8,58.0370,2902,99,0,97.345558,0.973456,1.4790
8,58.0570,2903,99,0,97.346870,0.973469,1.4790
8,58.0770,2904,99,0,97.348175,0.973482,1.4790
8,58.0970,2905,99,0,97.349480,0.973495,1.4790
8,58.1170,2906,99,0,97.350784,0.973508,1.4790
8,58.1370,2907,99,0,97.352081,0.973521,1.4790
8,58.1570,2908,99,0,97.353378,0.973534,1.4790
8,58.1770,2909,99,0,97.354675,0.973547,1.4790
8,58.1980,2910,99,0,97.355965,0.973560,1.4790
8,58.2170,2911,99,0,97.357254,0.973573,1.4790
8,58.2370,2912,99,0,97.358543,0.973585,1.4790
8,58.2570,2913,99,0,97.359825,0.973598,1.4790
8,58.2770,2914,99,0,97.361107,0.973611,1.4790
8,58.2970,2915,99,0,97.362389,0.973624,1.4790
8,58.3170,2916,99,0,97.363663,0.973637,1.4790
8,58.3370,2917,99,0,97.364937,0.973649,1.4790
8,58.3580,2918,99,0,97.366211,0.973662,1.4790
8,58.3770,2919,99,0,97.367477,0.973675,1.4790
8,58.3970,2920,99,0,97.368744,0.973687,1.4790
8,58.4170,2921,99,0,97.370010,0.973700,1.4790
8,58.4370,2922,99,0,97.371269,0.973713,1.4790
8,58.4570,2923,99,0,97.372528,0.973725,1.4790
8,58.4780,2924,99,0,97.373787,0.973738,1.4790
8,58.4970,2925,99,0,97.375038,0.973750,1.4790
8,58.5170,2926,99,0,97.376289,0.973763,1.4790
8,58.5370,2927,99,0,97.377541,0.973775,1.4790
8,58.5570,2928,99,0,97.378784,0.973788,1.4790
8,58.5770,2929,99,0,97.380028,0.973800,1.4790
8,58.5970,2930,99,0,97.381271,0.973813,1.4790
8,58.6170,2931,99,0,97.382507,0.973825,1.4790
8,58.6370,2932,99,0,97.383743,0.973837,1.4790
8,58.6570,2933,99,0,97.384979,0.973850,1.4790
8,58.6770,2934,99,0,97.386208,0.973862,1.4790
8,58.6970,2935,99,0,97.387436,0.973874,1.4790
8,58.7170,2936,99,0,97.388664,0.973887,1.4790
8,58.7370,2937,99,0,97.389885,0.973899,1.4790
8,58.7570,2938,99,0,97.391106,0.973911,1.4790
8,58.7770,2939,99,0,97.392326,0.973923,1.4790
8,58.7970,2940,99,0,97.393547,0.973935,1.4790
8,58.8170,2941,99,0,97.394753,0.973948,1.4790
8,58.8370,2942,99,0,97.395966,0.973960,1.4790
8,58.8570,2943,99,0,97.397179,0.973972,1.4790
8,58.8770,2944,99,0,97.398384,0.973984,1.4790
8,58.8970,2945,99,0,97.399590,0.973996,1.4790
8,58.9170,2946,99,0,97.400795,0.974008,1.4790
8,58.9370,2947,99,0,97.401993,0.974020,1.4790
8,58.9570,2948,99,0,97.403191,0.974032,1.4790
8,58.9770,2949,99,0,97.404388,0.974044,1.4790
8,58.9970,2950,99,0,97.405586,0.974056,1.4790
8,59.0170,2951,99,0,97.406769,0.974068,1.4790
8,59.0380,2952,99,0,97.407959,0.974080,1.4790
8,59.0570,2953,99,0,97.409142,0.974091,1.4790
8,59.0770,2954,99,0,97.410324,0.974103,1.4790
8,59.0970,2955,99,0,97.411507,0.974115,1.4790
8,59.1170,2956,99,0,97.412689,0.974127,1.4790
8,59.1370,2957,99,0,97.413857,0.974139,1.4790
8,59.1570,2958,99,0,97.415031,0.974150,1.4790
8,59.1770,2959,99,0,97.416206,0.974162,1.4790
8,59.1970,2960,99,0,97.417381,0.974174,1.4790
8,59.2170,2961,99,0,97.418549,0.974185,1.4790
8,59.2370,2962,99,0,97.419708,0.974197,1.4790
8,59.2570,2963,99,0,97.420868,0.974209,1.4790
8,59.2770,2964,99,0,97.422028,0.974220,1.4790
8,59.2970,2965,99,0,97.423195,0.974232,1.4790
8,59.3170,2966,99,0,97.424339,0.974243,1.4790
8,59.3370,2967,99,0,97.425491,0.974255,1.4790
8,59.3570,2968,99,0,97.426643,0.974266,1.4790
8,59.3770,2969,99,0,97.427795,0.974278,1.4790
8,59.3970,2970,99,0,97.428940,0.974289,1.4790
8,59.4170,2971,99,0,97.430092,0.974301,1.4790
8,59.4370,2972,99,0,97.431229,0.974312,1.4790
8,59.4570,2973,99,0,97.432365,0.974324,1.4790
8,59.4770,2974,99,0,97.433502,0.974335,1.4790
8,59.4970,2975,99,0,97.434647,0.974346,1.4790
8,59.5170,2976,99,0,97.435768,0.974358,1.4790
8,59.5380,2977,99,0,97.436897,0.974369,1.4790
8,59.5570,2978,99,0,97.438034,0.974380,1.4790
8,59.5770,2979,99,0,97.439156,0.974392,1.4790
8,59.5970,2980,99,0,97.440285,0.974403,1.4790
8,59.6170,2981,99,0,97.441399,0.974414,1.4790
8,59.6370,2982,99,0,97.442520,0.974425,1.4790
8,59.6570,2983,99,0,97.443642,0.974436,1.4790
8,59.6770,2984,99,0,97.444748,0.974447,1.4790
8,59.6970,2985,99,0,97.445862,0.974459,1.4790
8,59.7170,2986,99,0,97.446968,0.974470,1.4790
8,59.7370,2987,99,0,97.448074,0.974481,1.4790
8,59.7570,2988,99,0,97.449188,0.974492,1.4790
8,59.7770,2989,99,0,97.450287,0.974503,1.4790
8,59.7970,2990,99,0,97.451393,0.974514,1.4790
8,59.8170,2991,99,0,97.452484,0.974525,1.4790
8,59.8370,2992,99,0,97.453583,0.974536,1.4790
8,59.8570,2993,99,0,97.454674,0.974547,1.4790
8,59.8780,2994,99,0,97.455772,0.974558,1.4790
8,59.8970,2995,99,0,97.456856,0.974569,1.4790
8,59.9170,2996,99,0,97.457947,0.974579,1.4790
8,59.9370,2997,99,0,97.459030,0.974590,1.4790
8,59.9570,2998,99,0,97.460121,0.974601,1.4790
8,59.9770,2999,99,0,97.461197,0.974612,1.4790
8,59.9970,3000,99,0,97.462280,0.974623,1.4790
8,60.0170,3001,99,0,97.463348,0.974633,1.4790
9,0.0180,1,0,0,0.000000,0.000000,99.5000
9,0.0380,2,0,0,0.196000,0.189380,99.4961
9,0.0590,3,0,0,0.391608,0.372803,99.4882
9,0.0780,4,0,0,0.586825,0.550060,99.4765
9,0.0980,5,0,0,0.781651,0.721116,99.4609
9,0.1180,6,0,0,0.976088,0.886066,99.4414
9,0.1380,7,0,0,1.170136,1.044910,99.4180
9,0.1580,8,0,0,1.363795,1.197703,99.3907
9,0.1780,9,0,0,1.557068,1.344118,99.3595
9,0.1980,10,0,0,1.749954,1.484125,99.3245
9,0.2190,11,0,0,1.942454,1.617858,99.2857
9,0.2380,12,0,0,2.134569,1.761545,99.2430
9,0.2580,13,0,0,2.326300,1.895493,99.1965
9,0.2780,14,0,0,2.517648,2.015464,99.1461
9,0.2980,15,0,0,2.708612,2.144137,99.0919
9,0.3180,16,0,0,2.899195,2.271133,99.0340
9,0.3380,17,0,0,3.089389,2.389655,98.9722
9,0.3580,18,0,0,3.279175,2.493881,98.9066
9,0.3780,19,0,0,3.468494,2.594166,98.8372
9,0.3980,20,0,0,3.657204,2.689227,98.7641
9,0.4180,21,0,0,3.845022,2.775348,98.6872
9,0.4380,22,0,0,4.031409,2.853463,98.6066
9,0.4580,23,0,0,4.215566,2.926202,98.5222
9,0.4780,24,0,0,4.395772,2.993975,98.4343
9,0.4980,25,0,0,4.570380,3.058527,98.3429
9,0.5180,26,0,0,4.736617,3.118316,98.2482
9,0.5380,27,0,0,4.891204,3.167881,98.1504
9,0.5590,28,0,0,5.031590,3.212162,98.0497
9,0.5780,29,0,0,5.155248,3.253065,97.9466
9,0.5980,30,0,0,5.262273,3.288579,97.8414
9,0.6180,31,0,0,5.353909,3.322335,97.7343
9,0.6380,32,0,0,5.433423,3.353306,97.6256
9,0.6580,33,0,0,5.504762,3.387085,97.5155
9,0.6780,34,0,0,5.571814,3.421131,97.4041
9,0.6980,35,0,0,5.674490,3.449597,97.2913
9,0.7190,36,0,0,5.783228,3.467509,97.1772
9,0.7380,37,0,0,5.861195,3.473806,97.0614
9,0.7580,38,0,0,5.922542,3.471747,96.9437
9,0.7780,39,0,0,5.991422,3.466894,96.8239
9,0.7980,40,0,0,6.083321,3.460135,96.7023
9,0.8180,41,0,0,6.158419,3.457110,96.5791
9,0.8380,42,0,0,6.209109,3.455281,96.4549
9,0.8580,43,0,0,6.246360,3.452871,96.3300
9,0.8780,44,0,0,6.278271,3.450579,96.2044
9,0.8980,45,0,0,6.277937,3.450764,96.0789
9,0.9180,46,0,0,6.211119,3.455835,95.9546
9,0.9380,47,0,0,6.072797,3.466282,95.8332
9,0.9580,48,0,0,5.892028,3.484786,95.7154
9,0.9780,49,0,0,5.688551,3.506833,95.6016
9,0.9980,50,0,0,5.513025,3.538030,95.4913
9,1.0180,51,0,0,5.280098,3.578666,95.3858
9,1.0380,52,0,0,4.999822,3.637590,95.2859
9,1.0590,53,0,0,5.197991,3.711065,95.1915
9,1.0780,54,0,0,5.911947,3.802517,95.1040
9,1.0980,55,0,0,6.650449,3.914578,95.0231
9,1.1180,56,0,0,7.449974,4.038815,94.9474
9,1.1380,57,0,0,8.572209,4.194263,94.8757
9,1.1580,58,0,0,10.038441,4.375387,94.8061
9,1.1780,59,0,0,11.400621,4.578505,94.7391
9,1.1980,60,0,0,11.453611,4.773361,94.6734
9,1.2180,61,0,0,11.477789,4.959709,94.6086
9,1.2380,62,0,0,11.507613,5.150055,94.5425
9,1.2580,63,0,0,11.540462,5.325408,94.4772
9,1.2780,64,0,0,11.576291,5.467504,94.4140
9,1.2980,65,0,0,11.615055,5.601248,94.3549
9,1.3180,66,0,0,11.656706,5.732674,94.2984
9,1.3380,67,0,0,11.701193,5.863711,94.2424
9,1.3580,68,0,0,11.748468,5.994105,94.1866
9,1.3780,69,0,0,11.798479,6.124284,94.1315
9,1.3990,70,0,0,11.851173,6.257639,94.0777
9,1.4180,71,0,0,11.906496,6.392519,94.0248
9,1.4380,72,0,0,11.971856,6.527575,93.9714
9,1.4580,73,0,0,12.088902,6.660563,93.9171
9,1.4780,74,0,0,12.207234,6.796216,93.8615
9,1.4980,75,0,0,12.326797,6.933036,93.8038
9,1.5180,76,0,0,12.447538,7.072443,93.7436
9,1.5380,77,0,0,12.569412,7.213779,93.6802
9,1.5580,78,0,0,12.692369,7.356834,93.6130
9,1.5780,79,0,0,12.816367,7.498120,93.5420
9,1.5980,80,0,0,12.941360,7.639981,93.4673
9,1.6180,81,0,0,13.067305,7.784682,93.3888
9,1.6380,82,0,0,13.194160,7.928395,93.3065
9,1.6580,83,0,0,13.321889,8.073367,93.2205
9,1.6780,84,0,0,13.450452,8.222744,93.1307
9,1.6980,85,0,0,13.579810,8.374221,93.0371
9,1.7180,86,0,0,13.709930,8.526746,92.9399
9,1.7380,87,0,0,13.840778,8.675713,92.8389
9,1.7580,88,0,0,13.982976,8.823482,92.7342
9,1.7780,89,0,0,14.131088,8.973223,92.6258
9,1.7980,90,0,0,14.279425,9.123098,92.5137
9,1.8180,91,0,0,14.427963,9.272965,92.3979
9,1.8380,92,0,0,14.576690,9.421939,92.2784
9,1.8580,93,0,0,14.725585,9.572945,92.1552
9,1.8780,94,0,0,14.874633,9.727621,92.0283
9,1.8990,95,0,0,15.023818,9.882095,91.8978
9,1.9180,96,0,0,15.173126,10.035521,91.7636
9,1.9380,97,0,0,15.322545,10.189602,91.6258
9,1.9580,98,0,0,15.472057,10.345319,91.4843
9,1.9780,99,0,0,15.621653,10.501577,91.3392
9,1.9980,100,0,0,15.771316,10.658250,91.1905
9,2.0180,101,0,0,15.921039,10.815425,91.0381
9,2.0380,102,0,0,16.070807,10.972035,90.8821
9,2.0590,103,0,0,16.220610,11.128339,90.7225
9,2.0780,104,0,0,16.370438,11.284388,90.5593
9,2.0980,105,0,0,16.520279,11.440794,90.3925
9,2.1180,106,0,0,16.670126,11.597428,90.2222
9,2.1380,107,0,0,16.819969,11.754088,90.0482
9,2.1580,108,0,0,16.969797,11.910675,89.8707
9,2.1780,109,0,0,17.119602,12.067196,89.6896
9,2.1980,110,0,0,17.269379,12.223708,89.5050
9,2.2180,111,0,0,17.419115,12.380267,89.3168
9,2.2380,112,0,0,17.568808,12.536875,89.1250
9,2.2580,113,0,0,17.718445,12.693481,88.9298
9,2.2780,114,0,0,17.868023,12.850024,88.7310
9,2.2980,115,0,0,18.017532,13.006472,88.5286
9,2.3180,116,0,0,18.166969,13.162809,88.3228
9,2.3380,117,0,0,18.316326,13.318883,88.1134
9,2.3580,118,0,0,18.465597,13.474676,87.9006
9,2.3780,119,0,0,18.614779,13.630283,87.6842
9,2.3980,120,0,0,18.763859,13.785946,87.4644
9,2.4180,121,0,0,18.912840,13.942492,87.2411
9,2.4380,122,0,0,19.061710,14.098717,87.0143
9,2.4580,123,0,0,19.210472,14.254593,86.7841
9,2.4780,124,0,0,19.359114,14.410151,86.5503
9,2.4980,125,0,0,19.507633,14.565488,86.3132
9,2.5180,126,0,0,19.656025,14.720599,86.0726
9,2.5380,127,0,0,19.804289,14.808124,85.8285
9,2.5590,128,0,0,19.952417,14.911022,85.5810
9,2.5780,129,0,0,20.100407,14.905631,85.3301
9,2.5980,130,0,0,20.248255,15.056616,85.0758
9,2.6180,131,0,0,20.395956,15.200011,84.8181
9,2.6380,132,0,0,20.543509,15.350067,84.5569
9,2.6580,133,0,0,20.690907,15.395032,84.2924
9,2.6780,134,0,0,20.838148,15.544434,84.0245
9,2.6980,135,0,0,20.509226,15.396654,83.7531
9,2.7180,136,0,0,20.658934,15.375189,83.4785
9,2.7380,137,0,0,20.809248,15.340067,83.2004
9,2.7580,138,0,0,20.961323,15.328270,82.9190
9,2.7780,139,3,0,21.113136,15.342950,82.6342
9,2.7980,140,3,0,21.264688,15.427827,82.3461
9,2.8180,141,3,0,21.415976,15.220000,82.0546
9,2.8380,142,3,0,21.567003,15.215581,81.7599
9,2.8580,143,3,0,21.717764,15.024708,81.4618
9,2.8780,144,3,0,21.868261,15.054808,81.1603
9,2.8990,145,3,0,22.018494,14.676356,80.8556
9,2.9180,146,3,0,22.144604,14.661449,80.5475
9,2.9380,147,3,0,22.291992,14.392790,80.2362
9,2.9580,148,3,0,22.439161,14.415969,79.9215
9,2.9780,149,3,0,22.586109,14.331268,79.6036
9,2.9980,150,3,0,22.732834,14.399122,79.2824
9,3.0180,151,3,0,22.879335,14.466730,78.9578
9,3.0380,152,3,0,23.025610,14.455525,78.6301
9,3.0590,153,3,0,23.171661,14.519360,78.2990
9,3.0780,154,3,0,23.317482,14.434207,77.9648
9,3.0980,155,3,0,23.463074,14.377104,77.6272
9,3.1180,156,3,0,23.608440,14.448206,77.2864
9,3.1380,157,3,0,23.753576,14.330840,76.9424
9,3.1580,158,3,0,23.898479,14.412213,76.5952
9,3.1780,159,3,0,24.043150,14.327045,76.2447
9,3.1980,160,3,0,24.187592,14.420511,75.8910
9,3.2180,161,3,0,24.331795,14.516794,75.5342
9,3.2380,162,4,0,24.475765,14.585075,75.1741
9,3.2580,163,4,0,24.619505,14.638246,74.8109
9,3.2780,164,4,0,24.763006,14.711798,74.4444
9,3.2980,165,4,0,24.906271,14.784868,74.0748
9,3.3180,166,4,0,25.049297,14.676925,73.7020
9,3.3380,167,4,0,25.192087,14.750123,73.3260
9,3.3580,168,4,0,25.334641,14.645277,72.9469
9,3.3780,169,4,0,25.476955,14.522059,72.5646
9,3.3990,170,4,0,25.619032,14.399990,72.1791
9,3.4180,171,4,0,25.760868,14.444646,71.7905
9,3.4380,172,4,0,25.444994,14.242072,71.3988
9,3.4580,173,4,0,25.078793,13.849232,71.0039
9,3.4780,174,4,0,25.221151,13.921827,70.6059
9,3.4980,175,4,0,25.363279,13.959963,70.2047
9,3.5180,176,5,0,25.505175,13.903921,69.8005
9,3.5380,177,5,0,25.646837,13.964071,69.3931
9,3.5590,178,6,0,25.788265,14.018383,68.9827
9,3.5780,179,6,0,25.929462,14.076582,68.5691
9,3.5980,180,6,0,26.070425,14.137594,68.1525
9,3.6180,181,6,0,26.019249,14.003676,67.7327
9,3.6380,182,6,0,26.161354,14.036627,67.3099
9,3.6580,183,6,0,26.303202,14.104442,66.8840
9,3.6780,184,7,0,26.444792,13.901018,66.4551
9,3.6980,185,7,0,26.586126,13.732268,66.0230
9,3.7180,186,8,0,26.727207,13.801557,65.5880
9,3.7380,187,9,0,26.868025,13.676176,65.1498
9,3.7580,188,9,0,27.008591,13.719812,64.7087
9,3.7780,189,9,0,27.148897,13.784070,64.2645
9,3.7980,190,8,0,27.288948,13.499012,63.8172
9,3.8180,191,8,0,27.428743,13.510306,63.3670
9,3.8380,192,8,0,27.568279,13.572137,62.9137
9,3.8580,193,7,0,27.707560,13.490148,62.4574
9,3.8780,194,8,0,27.846586,13.551065,61.9981
9,3.8990,195,9,0,27.260908,13.142995,61.5358
9,3.9180,196,9,0,27.400249,13.206105,61.0705
9,3.9380,197,10,0,27.539339,13.248809,60.6022
9,3.9580,198,10,0,27.678181,13.266129,60.1310
9,3.9780,199,11,0,27.816774,13.332012,59.6567
9,3.9980,200,10,0,27.955118,13.360213,59.1795
9,4.0180,201,9,0,28.093214,13.360460,58.6993
9,4.0380,202,10,0,28.033169,12.985757,58.2162
9,4.0580,203,10,0,28.172922,12.991043,57.7301
9,4.0780,204,10,0,28.312399,13.046679,57.2410
9,4.0980,205,10,0,28.451599,13.011218,56.7491
9,4.1180,206,11,0,28.590523,12.965417,56.2541
9,4.1380,207,12,0,28.729172,12.977235,55.7563
9,4.1580,208,13,0,28.867546,12.993973,55.2555
9,4.1780,209,13,0,29.005644,12.752344,54.7518
9,4.1980,210,14,0,29.143469,12.726430,54.2452
9,4.2180,211,13,0,29.281021,12.148661,53.7357
9,4.2390,212,14,0,29.418301,12.150504,53.2233
9,4.2580,213,14,0,29.378168,11.890621,52.7080
9,4.2780,214,16,0,29.515194,11.931987,52.1898
9,4.2980,215,16,0,29.651949,11.963712,51.6687
9,4.3180,216,18,0,29.702782,11.756598,51.1448
9,4.3380,217,18,0,29.838995,11.789449,50.6180
9,4.3580,218,19,0,29.974939,11.650276,50.0883
9,4.3780,219,19,0,30.110620,11.615948,49.5558
9,4.3990,220,19,0,30.139132,11.355918,49.0204
9,4.4180,221,19,0,30.274240,11.380945,48.4821
9,4.4380,222,19,0,29.732729,11.166417,47.9410
9,4.4580,223,20,0,29.868568,11.182643,47.3971
9,4.4780,224,21,0,30.004147,11.195310,46.8504
9,4.4980,225,22,0,30.139463,11.215376,46.3008
9,4.5180,226,22,0,30.274517,11.239069,45.7484
9,4.5380,227,23,0,30.409309,11.275607,45.1931
9,4.5580,228,24,0,30.308247,11.081636,44.6351
9,4.5780,229,24,0,30.443396,10.950439,44.0743
9,4.5980,230,25,0,30.578279,10.990832,43.5107
9,4.6180,231,25,0,30.653341,11.039767,42.9442
9,4.6380,232,26,0,30.788025,10.848529,42.3750
9,4.6580,233,26,0,30.922438,10.552637,41.8030
9,4.6780,234,22,0,31.056583,10.350898,41.2282
9,4.6980,235,22,0,31.190460,10.273002,40.6507
9,4.7180,236,22,0,31.324070,10.023921,40.0704
9,4.7390,237,23,0,31.381802,9.630025,39.4873
9,4.7580,238,24,0,31.515028,9.656554,38.9015
9,4.7780,239,23,0,31.540829,9.588601,38.3129
9,4.7980,240,24,0,31.673704,9.619587,37.7216
9,4.8180,241,24,0,31.806316,9.509375,37.1276
9,4.8380,242,24,0,31.938663,9.515144,36.5308
9,4.8580,243,26,0,31.903133,9.246792,35.9313
9,4.8780,244,27,0,31.846258,8.941569,35.3291
9,4.8990,245,30,0,31.891747,8.777800,34.7241
9,4.9180,246,31,0,31.860146,8.511199,34.1165
9,4.9380,247,31,0,31.922306,8.340587,33.5061
9,4.9580,248,34,0,31.964760,8.154896,32.8931
9,4.9780,249,34,0,32.064457,8.012009,32.2773
9,4.9980,250,37,0,32.175190,7.931290,31.6589
9,5.0180,251,36,0,32.252220,7.924448,31.0378
9,5.0380,252,37,0,32.353806,7.949781,30.4140
9,5.0580,253,38,0,32.385544,7.963916,29.7875
9,5.0790,254,38,0,32.516727,7.975968,29.1584
9,5.0980,255,38,0,32.647652,7.982901,28.5266
9,5.1180,256,39,0,32.685261,7.993273,27.8921
9,5.1380,257,40,0,32.815849,8.010528,27.2550
9,5.1580,258,40,0,32.946171,7.922978,26.6152
9,5.1780,259,40,0,33.076237,7.957501,25.9728
9,5.1980,260,40,0,33.122169,7.348428,25.3278
9,5.2180,261,40,0,33.251888,7.148691,24.6801
9,5.2380,262,39,0,33.338253,6.907162,24.0299
9,5.2580,263,39,0,33.467560,6.874032,23.3770
9,5.2780,264,40,0,33.565895,6.877362,22.7214
9,5.2980,265,39,0,33.661865,6.873644,22.0633
9,5.3180,266,39,0,33.790539,6.891778,21.4026
9,5.3380,267,40,0,33.918953,6.494111,20.7393
9,5.3580,268,40,0,34.047115,6.443910,20.0733
9,5.3780,269,39,0,34.163799,6.405909,19.4048
9,5.3980,270,39,0,34.291470,6.182033,18.7337
9,5.4180,271,40,0,34.336273,5.949671,18.0601
9,5.4380,272,40,0,34.463600,5.867965,17.3838
9,5.4580,273,40,0,34.456181,5.624809,16.7050
9,5.4780,274,40,0,34.583256,5.031276,16.0236
9,5.4980,275,40,0,34.543350,4.980032,15.3397
9,5.5180,276,40,0,34.670250,4.858246,14.6532
9,5.5380,277,41,0,34.796894,4.796765,13.9642
9,5.5580,278,41,0,34.794106,4.647954,13.2726
9,5.5790,279,40,0,34.920502,4.557070,12.5785
9,5.5980,280,39,0,34.952961,4.498545,11.8819
9,5.6180,281,39,0,35.079044,4.445075,11.1827
9,5.6380,282,39,0,35.204880,4.182909,10.4810
9,5.6580,283,42,0,35.330463,3.937468,9.7768
9,5.6780,284,41,0,35.401760,3.818013,9.0701
9,5.6980,285,41,0,35.487053,3.656023,8.3609
9,5.7180,286,43,0,35.600822,3.421591,7.6491
9,5.7390,287,43,0,29.698860,2.697343,7.0575
9,5.7580,288,41,0,23.659277,2.363714,6.6034
9,5.7780,289,39,0,21.884623,2.167010,6.1936
9,5.7980,290,40,0,21.221363,2.111386,5.8250
9,5.8180,291,40,0,19.264397,1.806494,5.5401
9,5.8380,292,40,0,19.507643,1.655705,5.2793
9,5.8580,293,37,0,19.617495,1.604601,5.0155
9,5.8780,294,37,0,19.768574,1.573222,4.7490
9,5.8980,295,38,0,19.921389,1.549666,4.4783
9,5.9180,296,38,0,20.075331,1.532293,4.2026
9,5.9380,297,37,0,20.232262,1.511803,3.9220
9,5.9580,298,38,0,20.393967,1.459581,3.6372
9,5.9780,299,37,0,20.677485,1.419689,3.3686
9,5.9980,300,37,0,20.764149,1.394914,3.0963
9,6.0180,301,38,0,20.851694,1.354268,2.9191
9,6.0380,302,38,0,20.940105,1.331304,2.8685
9,6.0580,303,39,0,21.029358,1.317851,2.8142
9,6.0780,304,39,0,21.119434,1.288336,2.7560
9,6.0980,305,39,0,21.210320,1.240911,2.7173
9,6.1180,306,39,0,21.301994,1.157906,2.7060
9,6.1380,307,42,0,21.394440,1.110115,2.6941
9,6.1580,308,42,0,21.487637,1.088202,2.6838
9,6.1780,309,41,0,9.309196,0.956405,2.6729
9,6.1980,310,42,0,9.395697,0.941575,2.6606
9,6.2180,311,41,0,9.484907,0.920164,2.6478
9,6.2390,312,42,0,9.576731,0.900283,2.6348
9,6.2580,313,42,0,9.671071,0.883394,2.6210
9,6.2780,314,42,0,9.767835,0.857832,2.6052
9,6.2980,315,42,0,9.866930,0.841401,2.5866
9,6.3180,316,43,0,8.081079,0.813807,2.5656
9,6.3380,317,47,0,7.957007,0.758344,2.5420
9,6.3580,318,47,0,8.050706,0.742666,2.5158
9,6.3780,319,48,0,8.147454,0.732000,2.4869
9,6.3980,320,48,0,8.247121,0.720909,2.4556
9,6.4180,321,47,0,5.703835,0.631696,2.4220
9,6.4380,322,48,0,5.595166,0.608157,2.3862
9,6.4580,323,48,0,5.486639,0.590690,2.3483
9,6.4780,324,48,0,5.378284,0.580535,2.3076
9,6.4980,325,49,0,4.843138,0.544318,2.2638
9,6.5180,326,51,0,4.781294,0.539613,2.2169
9,6.5380,327,51,0,4.838927,0.514632,2.1666
9,6.5580,328,51,0,4.948267,0.502411,2.1132
9,6.5790,329,51,0,4.642634,0.475527,2.0561
9,6.5980,330,48,0,4.612650,0.468579,1.9953
9,6.6180,331,49,0,4.591000,0.460014,1.9687
9,6.6380,332,50,0,4.577750,0.444418,1.9416
9,6.6580,333,50,0,4.572923,0.418715,1.9106
9,6.6780,334,50,0,4.576495,0.408451,1.8768
9,6.6980,335,52,0,4.588397,0.395449,1.8398
9,6.7180,336,54,0,4.608513,0.376230,1.7998
9,6.7390,337,52,0,4.636689,0.373435,1.7569
9,6.7580,338,54,0,4.672729,0.348883,1.7111
9,6.7780,339,53,0,4.716405,0.338556,1.6909
9,6.7980,340,55,0,4.767460,0.322302,1.6967
9,6.8180,341,55,0,4.825614,0.311006,1.7041
9,6.8380,342,56,0,4.890569,0.303578,1.7103
9,6.8580,343,56,0,4.962011,0.290084,1.7155
9,6.8780,344,56,0,5.039622,0.276897,1.7198
9,6.8980,345,57,0,3.525387,0.243427,1.7233
9,6.9180,346,57,0,3.465204,0.235581,1.7261
9,6.9380,347,58,0,3.583149,0.233734,1.7281
9,6.9580,348,57,0,3.376873,0.206224,1.7299
9,6.9780,349,57,0,3.047909,0.199476,1.7311
9,6.9980,350,57,0,3.012008,0.186337,1.7315
9,7.0180,351,58,0,2.988749,0.182725,1.7312
9,7.0380,352,58,0,2.978349,0.182445,1.7304
9,7.0580,353,58,0,2.980866,0.184324,1.7288
9,7.0780,354,62,0,2.996191,0.185820,1.7268
9,7.0980,355,63,0,3.024052,0.179479,1.7246
9,7.1180,356,63,0,3.111298,0.181075,1.7213
9,7.1380,357,65,0,3.295860,0.182920,1.7169
9,7.1580,358,65,0,3.178101,0.169656,1.7116
9,7.1780,359,65,0,3.250853,0.172184,1.7052
9,7.1980,360,66,0,3.333112,0.174001,1.6976
9,7.2180,361,67,0,3.387965,0.159723,1.6888
9,7.2390,362,67,0,3.556442,0.159202,1.6780
9,7.2580,363,67,0,3.726648,0.159951,1.6656
9,7.2780,364,67,0,3.898301,0.143052,1.6515
9,7.2980,365,69,0,2.236974,0.120536,1.6405
9,7.3180,366,69,0,2.357089,0.112384,1.6279
9,7.3380,367,70,0,2.482770,0.108454,1.6134
9,7.3580,368,70,0,2.592265,0.106396,1.5978
9,7.3780,369,71,0,2.614536,0.107741,1.5798
9,7.3980,370,74,0,2.742202,0.097666,1.5595
9,7.4180,371,75,0,2.157306,0.075142,1.5365
9,7.4380,372,77,0,2.299035,0.074723,1.5146
9,7.4580,373,77,0,2.447464,0.068622,1.5065
9,7.4780,374,77,0,2.601364,0.050747,1.5084
9,7.4980,375,77,0,2.759738,0.048664,1.5084
9,7.5180,376,77,0,2.921784,0.046820,1.5059
9,7.5380,377,77,0,3.086854,0.047212,1.5009
9,7.5580,378,77,0,3.254421,0.048479,1.4996
9,7.5790,379,77,0,3.424054,0.043672,1.4993
9,7.5980,380,78,0,3.595402,0.042190,1.4993
9,7.6180,381,78,0,3.768174,0.043531,1.4991
9,7.6380,382,78,0,3.942129,0.045131,1.4991
9,7.6580,383,78,0,4.117064,0.047378,1.4990
9,7.6780,384,78,0,4.292812,0.049678,1.4990
9,7.6980,385,78,0,1.496086,0.021966,1.4990
9,7.7180,386,78,0,1.482885,0.022001,1.4990
9,7.7380,387,78,0,1.586486,0.023548,1.4990
9,7.7580,388,78,0,1.695614,0.025127,1.4990
9,7.7780,389,78,0,0.874096,0.017490,1.4990
9,7.7980,390,80,0,0.932767,0.015366,1.4990
9,7.8180,391,81,0,1.000372,0.014714,1.4990
9,7.8380,392,83,0,1.071490,0.014966,1.4990
9,7.8580,393,83,0,1.146291,0.014786,1.4990
9,7.8780,394,83,0,1.224957,0.014331,1.4990
9,7.8980,395,83,0,1.307646,0.014118,1.4990
9,7.9190,396,82,0,1.327293,0.013846,1.4990
9,7.9380,397,83,0,1.422511,0.014404,1.4990
9,7.9580,398,83,0,1.524071,0.015259,1.4990
9,7.9780,399,83,0,0.212753,0.004154,1.4990
9,7.9980,400,84,0,0.111000,0.002124,1.4990
9,8.0180,401,84,0,0.013497,0.000201,1.4990
9,8.0380,402,87,0,0.000506,0.000009,1.4990
9,8.0580,403,97,0,0.000079,0.000001,1.4990
9,8.0790,404,97,0,0.000010,0.000000,1.4990
9,8.0980,405,97,0,0.000008,0.000000,1.4990
9,8.1180,406,97,0,0.000006,0.000000,1.4990
9,8.1380,407,97,0,0.000005,0.000000,1.4990
9,8.1580,408,97,0,0.000004,0.000000,1.4990
9,8.1780,409,97,0,0.000003,0.000000,1.4990
9,8.1980,410,97,0,0.000003,0.000000,1.4990
9,8.2180,411,97,0,0.000002,0.000000,1.4990
9,8.2380,412,97,0,0.000002,0.000000,1.4990
9,8.2580,413,97,0,0.000002,0.000000,1.4990
9,8.2780,414,97,0,0.000002,0.000000,1.4990
9,8.2980,415,97,0,0.000002,0.000000,1.4990
9,8.3180,416,97,0,0.000002,0.000000,1.4990
9,8.3380,417,97,0,0.000002,0.000000,1.4990
9,8.3580,418,97,0,0.000002,0.000000,1.4990
9,8.3780,419,98,0,0.000001,0.000000,1.4990
9,8.3980,420,98,0,0.000001,0.000000,1.4990
9,8.4190,421,98,0,0.000001,0.000000,1.4990
9,8.4380,422,98,0,0.000001,0.000000,1.4990
9,8.4580,423,100,0,0.000000,0.000000,1.4990
10,0.0170,1,0,0,0.000000,0.000000,99.5000
10,0.0370,2,0,0,0.196000,0.189442,99.4961
10,0.0570,3,0,0,0.391608,0.372823,99.4882
10,0.0770,4,0,0,0.586825,0.550133,99.4765
10,0.0970,5,0,0,0.781651,0.721319,99.4609
10,0.1170,6,0,0,0.976088,0.886425,99.4414
10,0.1370,7,0,0,1.170136,1.045010,99.4180
10,0.1580,8,0,0,1.363795,1.197539,99.3907
10,0.1770,9,0,0,1.557068,1.343619,99.3595
10,0.1970,10,0,0,1.749954,1.483484,99.3245
10,0.2170,11,0,0,1.942454,1.617351,99.2857
10,0.2370,12,0,0,2.134569,1.745002,99.2430
10,0.2570,13,0,0,2.326300,1.866595,99.1965
10,0.2770,14,0,0,2.517648,1.981914,99.1461
10,0.2970,15,0,0,2.708612,2.095013,99.0919
10,0.3170,16,0,0,2.899194,2.206865,99.0340
10,0.3370,17,0,0,3.089388,2.314615,98.9722
10,0.3570,18,0,0,3.279171,2.421028,98.9066
10,0.3770,19,0,0,3.468480,2.522399,98.8372
10,0.3970,20,0,0,3.657165,2.615909,98.7641
10,0.4170,21,0,0,3.844917,2.707487,98.6872
10,0.4370,22,0,0,4.031175,2.796246,98.6066
10,0.4570,23,0,0,4.215063,2.883842,98.5223
10,0.4770,24,0,0,4.394910,2.965382,98.4344
10,0.4970,25,0,0,4.568810,3.040589,98.3430
10,0.5170,26,0,0,4.733949,3.105477,98.2483
10,0.5370,27,0,0,4.887297,3.168104,98.1506
10,0.5570,28,0,0,5.025229,3.226521,98.0501
10,0.5770,29,0,0,5.146142,3.278789,97.9471
10,0.5970,30,0,0,5.247571,3.324035,97.8422
10,0.6170,31,0,0,5.329224,3.360528,97.7356
10,0.6370,32,0,0,5.395333,3.388884,97.6277
10,0.6580,33,0,0,5.453587,3.415570,97.5186
10,0.6770,34,0,0,5.511984,3.446111,97.4084
10,0.6970,35,0,0,5.592681,3.476018,97.2969
10,0.7170,36,0,0,5.723319,3.504526,97.1840
10,0.7370,37,0,0,5.827459,3.531098,97.0696
10,0.7570,38,0,0,5.894710,3.554977,96.9534
10,0.7770,39,0,0,5.969080,3.577125,96.8352
10,0.7970,40,0,0,6.031321,3.599257,96.7148
10,0.8170,41,0,0,6.128037,3.622908,96.5922
10,0.8370,42,0,0,6.215305,3.648567,96.4679
10,0.8570,43,0,0,6.264313,3.676750,96.3426
10,0.8770,44,0,0,6.265386,3.705558,96.2173
10,0.8970,45,0,0,6.235698,3.735684,96.0926
10,0.9170,46,0,0,6.148817,3.774858,95.9697
10,0.9370,47,0,0,6.048311,3.815696,95.8487
10,0.9570,48,0,0,5.952931,3.873589,95.7297
10,0.9770,49,0,0,5.801692,3.951844,95.6137
10,0.9970,50,0,0,5.643537,4.034824,95.5010
10,1.0170,51,0,0,6.345601,4.124534,95.3911
10,1.0370,52,0,0,7.123476,4.212407,95.2843
10,1.0570,53,0,0,7.981542,4.302294,95.1807
10,1.0770,54,0,0,9.179029,4.418374,95.0796
10,1.0970,55,0,0,10.701642,4.554857,94.9809
10,1.1170,56,0,0,12.443130,4.720333,94.8860
10,1.1370,57,0,0,13.769184,4.912583,94.7965
10,1.1570,58,0,0,14.106424,5.118895,94.7122
10,1.1770,59,0,0,14.154081,5.310567,94.6332
10,1.1970,60,0,0,14.203941,5.469052,94.5595
10,1.2170,61,0,0,14.255965,5.602085,94.4910
10,1.2370,62,0,0,14.310114,5.735738,94.4268
10,1.2570,63,0,0,14.366352,5.867910,94.3660
10,1.2770,64,0,0,14.424640,6.002367,94.3031
10,1.2970,65,0,0,14.484938,6.138633,94.2398
10,1.3170,66,0,0,14.547209,6.277066,94.1767
10,1.3370,67,0,0,14.611413,6.416778,94.1136
10,1.3570,68,0,0,14.677510,6.558464,94.0503
10,1.3770,69,0,0,14.745463,6.701774,93.9855
10,1.3970,70,0,0,14.815231,6.845973,93.9185
10,1.4170,71,0,0,14.886777,6.991066,93.8487
10,1.4370,72,0,0,14.960062,7.137217,93.7759
10,1.4570,73,0,0,15.035048,7.285210,93.7000
10,1.4770,74,0,0,15.111694,7.430835,93.6208
10,1.4970,75,0,0,15.189966,7.580436,93.5384
10,1.5170,76,0,0,15.269825,7.731646,93.4527
10,1.5370,77,0,0,15.351233,7.884085,93.3635
10,1.5570,78,0,0,15.434153,8.037793,93.2718
10,1.5770,79,0,0,15.518550,8.192813,93.1773
10,1.5970,80,0,0,15.604386,8.340102,93.0796
10,1.6170,81,0,0,15.691628,8.492557,92.9786
10,1.6370,82,0,0,15.780238,8.643803,92.8738
10,1.6580,83,0,0,15.870184,8.798055,92.7654
10,1.6770,84,0,0,15.961430,8.953408,92.6532
10,1.6970,85,0,0,16.053944,9.108994,92.5374
10,1.7170,86,0,0,16.147690,9.262498,92.4178
10,1.7370,87,0,0,16.242638,9.418162,92.2946
10,1.7570,88,0,0,16.338755,9.574414,92.1677
10,1.7770,89,0,0,16.436010,9.730527,92.0371
10,1.7970,90,0,0,16.534372,9.887680,91.9029
10,1.8170,91,0,0,16.633808,10.043809,91.7650
10,1.8370,92,0,0,16.734291,10.201329,91.6235
10,1.8570,93,0,0,16.835793,10.354687,91.4783
10,1.8770,94,0,0,16.938282,10.511566,91.3295
10,1.8970,95,0,0,17.041731,10.668792,91.1771
10,1.9170,96,0,0,17.146114,10.826581,91.0211
10,1.9370,97,0,0,17.251402,10.984430,90.8615
10,1.9570,98,0,0,17.357569,11.142434,90.6982
10,1.9770,99,0,0,17.464588,11.300667,90.5314
10,1.9980,100,0,0,17.572437,11.459151,90.3610
10,2.0170,101,0,0,17.681087,11.617898,90.1870
10,2.0370,102,0,0,17.790518,11.776788,90.0094
10,2.0570,103,0,0,17.900703,11.934176,89.8283
10,2.0770,104,0,0,18.011620,12.091571,89.6436
10,2.0970,105,0,0,18.123245,12.250177,89.4553
10,2.1170,106,0,0,18.235559,12.409350,89.2635
10,2.1370,107,0,0,18.348537,12.568719,89.0682
10,2.1580,108,0,0,18.462162,12.728235,88.8694
10,2.1770,109,0,0,18.576408,12.887624,88.6670
10,2.1970,110,0,0,18.691257,13.047130,88.4611
10,2.2170,111,0,0,18.806690,13.206732,88.2517
10,2.2370,112,0,0,18.922688,13.366358,88.0388
10,2.2570,113,0,0,19.039232,13.526020,87.8224
10,2.2770,114,0,0,19.156303,13.685701,87.6026
10,2.2970,115,0,0,19.273882,13.830766,87.3792
10,2.3170,116,0,0,19.391954,13.987094,87.1524
10,2.3370,117,0,0,19.521627,14.145625,86.9221
10,2.3570,118,0,0,19.669659,14.145129,86.6883
10,2.3770,119,0,0,19.817564,14.300824,86.4511
10,2.3970,120,0,0,19.965342,14.453286,86.2104
10,2.4170,121,0,0,20.112986,14.475542,85.9663
10,2.4370,122,0,0,20.260496,14.628544,85.7188
10,2.4570,123,0,0,20.407866,14.774309,85.4679
10,2.4770,124,0,0,20.555094,14.751350,85.2135
10,2.4980,125,0,0,20.702173,14.816973,84.9557
10,2.5170,126,0,0,20.849102,14.867260,84.6945
10,2.5370,127,0,0,20.995878,14.994187,84.4299
10,2.5570,128,0,0,21.142496,15.118216,84.1620
10,2.5770,129,0,0,21.288956,15.258280,83.8906
10,2.5970,130,0,0,21.435251,15.220469,83.6159
10,2.6170,131,0,0,21.581383,15.354891,83.3378
10,2.6370,132,0,0,21.727343,15.375727,83.0563
10,2.6570,133,0,0,21.873135,15.410837,82.7715
10,2.6770,134,0,0,22.018753,15.462383,82.4833
10,2.6970,135,0,0,22.164196,15.412124,82.1918
10,2.7170,136,0,0,22.309460,15.492441,81.8969
10,2.7370,137,0,0,22.454542,15.469656,81.5987
10,2.7570,138,0,0,22.599440,15.594354,81.2972
10,2.7770,139,0,0,22.744156,15.451773,80.9924
10,2.7970,140,0,0,22.888683,15.069791,80.6843
10,2.8170,141,0,0,23.033022,15.168409,80.3728
10,2.8380,142,0,0,23.177172,15.169763,80.0581
10,2.8570,143,0,0,23.321127,14.994673,79.7400
10,2.8770,144,0,0,23.464890,15.086596,79.4187
10,2.8970,145,0,0,23.608454,15.025453,79.0941
10,2.9170,146,0,0,23.751822,14.906949,78.7663
10,2.9370,147,0,0,23.894989,15.013161,78.4352
10,2.9570,148,0,0,24.037958,15.111270,78.1008
10,2.9770,149,0,0,24.180723,14.987776,77.7631
10,2.9970,150,1,0,24.323286,15.048293,77.4222
10,3.0170,151,1,0,24.465643,15.140018,77.0781
10,3.0370,152,1,0,24.607794,15.109985,76.7308
10,3.0570,153,1,0,24.749737,15.171872,76.3802
10,3.0770,154,1,0,24.891472,15.088632,76.0264
10,3.0970,155,1,0,25.032995,15.147787,75.6694
10,3.1170,156,1,0,25.174313,15.093692,75.3092
10,3.1370,157,1,0,25.315413,14.861726,74.9458
10,3.1570,158,1,0,25.456303,14.722548,74.5792
10,3.1770,159,1,0,24.415871,14.508259,74.2094
10,3.1970,160,2,0,24.561996,14.301376,73.8364
10,3.2170,161,2,0,24.707850,14.382528,73.4603
10,3.2370,162,3,0,24.853426,14.349158,73.0809
10,3.2570,163,3,0,24.998728,14.403580,72.6985
10,3.2770,164,4,0,25.143755,14.477148,72.3128
10,3.2970,165,4,0,25.288507,14.430298,71.9241
10,3.3170,166,4,0,25.432981,14.486168,71.5321
10,3.3370,167,4,0,25.577183,14.408995,71.1371
10,3.3570,168,4,0,25.721111,14.201854,70.7389
10,3.3770,169,4,0,25.864763,14.060860,70.3376
10,3.3970,170,4,0,26.008142,13.922819,69.9332
10,3.4170,171,4,0,26.151251,13.988908,69.5256
10,3.4370,172,4,0,26.294083,13.889029,69.1150
10,3.4570,173,3,0,26.436646,13.953644,68.7014
10,3.4770,174,3,0,26.578934,13.808087,68.2846
10,3.4980,175,4,0,26.720947,13.760719,67.8648
10,3.5170,176,5,0,26.862692,13.735683,67.4419
10,3.5370,177,5,0,27.004162,13.740217,67.0159
10,3.5570,178,5,0,27.145365,13.810392,66.5869
10,3.5770,179,8,0,26.581297,13.509388,66.1549
10,3.5970,180,7,0,26.723200,13.446647,65.7198
10,3.6170,181,7,0,26.864836,13.518606,65.2817
10,3.6370,182,7,0,27.006201,13.566386,64.8405
10,3.6570,183,7,0,27.099125,13.497790,64.3963
10,3.6770,184,7,0,27.240408,13.525826,63.9491
10,3.6970,185,7,0,27.381416,13.548837,63.4989
10,3.7170,186,7,0,27.522148,13.583594,63.0456
10,3.7370,187,8,0,27.623274,13.365766,62.5893
10,3.7570,188,8,0,27.647942,13.143451,62.1301
10,3.7770,189,9,0,27.744526,13.211584,61.6678
10,3.7970,190,9,0,27.678082,13.065026,61.2025
10,3.8170,191,9,0,27.818672,12.980580,60.7343
10,3.8380,192,9,0,27.958984,12.969140,60.2630
10,3.8570,193,9,0,27.962589,13.013107,59.7888
10,3.8770,194,10,0,28.102581,12.515983,59.3116
10,3.8970,195,10,0,28.242292,12.411975,58.8315
10,3.9170,196,10,0,28.076454,12.331686,58.3484
10,3.9370,197,10,0,28.216211,12.352265,57.8623
10,3.9570,198,10,0,28.273268,12.349767,57.3734
10,3.9770,199,11,0,28.412704,12.400640,56.8814
10,3.9970,200,13,0,28.551865,12.460309,56.3865
10,4.0170,201,13,0,28.690744,12.504473,55.8887
10,4.0370,202,12,0,28.829348,12.437027,55.3880
10,4.0570,203,12,0,28.967674,12.458420,54.8844
10,4.0770,204,12,0,29.105722,12.286437,54.3778
10,4.0970,205,12,0,29.144728,12.007200,53.8684
10,4.1170,206,12,0,29.282370,11.973428,53.3560
10,4.1370,207,12,0,29.419741,11.891714,52.8408
10,4.1570,208,13,0,29.427267,11.875944,52.3227
10,4.1780,209,14,0,29.564281,11.776089,51.8017
10,4.1970,210,14,0,29.701019,11.749957,51.2778
10,4.2170,211,14,0,29.144934,11.612683,50.7510
10,4.2370,212,14,0,29.282433,11.641869,50.2214
10,4.2570,213,14,0,29.419661,11.691346,49.6889
10,4.2770,214,16,0,29.556618,11.682535,49.1536
10,4.2970,215,16,0,29.693304,11.725722,48.6154
10,4.3170,216,16,0,29.691509,11.710029,48.0745
10,4.3380,217,17,0,29.828020,11.425968,47.5307
10,4.3570,218,19,0,29.964258,11.462404,46.9841
10,4.3770,219,20,0,30.021736,11.436539,46.4346
10,4.3970,220,20,0,30.157654,11.188539,45.8823
10,4.4170,221,20,0,30.203810,11.179987,45.3273
10,4.4370,222,23,0,30.339376,11.171057,44.7694
10,4.4570,223,21,0,30.397907,10.922591,44.2087
10,4.4770,224,21,0,30.452959,10.716822,43.6452
10,4.4970,225,21,0,30.346266,10.329886,43.0789
10,4.5170,226,21,0,30.481552,10.003819,42.5098
10,4.5370,227,21,0,30.490616,9.837615,41.9380
10,4.5570,228,22,0,30.625633,9.673243,41.3634
10,4.5770,229,21,0,30.511868,9.601557,40.7860
10,4.5970,230,22,0,30.646837,9.593745,40.2058
10,4.6170,231,23,0,30.781534,9.595731,39.6229
10,4.6370,232,24,0,30.915964,9.604660,39.0373
10,4.6570,233,24,0,31.050125,9.638281,38.4489
10,4.6780,234,24,0,31.184019,9.658400,37.8577
10,4.6970,235,24,0,31.317644,9.699093,37.2638
10,4.7170,236,24,0,31.451002,9.711567,36.6672
10,4.7370,237,24,0,31.584091,9.748343,36.0679
10,4.7570,238,24,0,31.593180,9.767296,35.4658
10,4.7770,239,24,0,31.725969,9.220172,34.8611
10,4.7970,240,25,0,31.708696,9.171828,34.2536
10,4.8170,241,25,0,31.841246,9.167101,33.6434
10,4.8380,242,25,0,31.853027,9.045159,33.0305
10,4.8570,243,25,0,31.985279,8.852916,32.4149
10,4.8770,244,27,0,31.966013,8.809151,31.7967
10,4.8970,245,27,0,32.098026,8.849293,31.1757
10,4.9170,246,28,0,32.229778,8.660617,30.5521
10,4.9370,247,28,0,32.198540,8.484461,29.9258
10,4.9570,248,28,0,32.330101,8.416228,29.2969
10,4.9770,249,28,0,32.389469,8.308704,28.6652
10,4.9970,250,28,0,32.497330,8.329059,28.0310
10,5.0170,251,28,0,32.586258,8.291891,27.3940
10,5.0370,252,31,0,32.520069,8.307802,26.7545
10,5.0570,253,29,0,32.651020,8.222775,26.1123
10,5.0770,254,29,0,32.781712,7.767193,25.4674
10,5.0970,255,31,0,32.912140,7.444027,24.8200
10,5.1170,256,33,0,33.042305,7.386529,24.1699
10,5.1370,257,33,0,33.073551,7.397357,23.5172
10,5.1570,258,32,0,33.203392,7.402709,22.8618
10,5.1780,259,32,0,33.223953,7.154268,22.2039
10,5.1970,260,32,0,33.353493,6.995387,21.5434
10,5.2170,261,32,0,33.425575,6.894549,20.8802
10,5.2370,262,33,0,33.516640,6.680668,20.2145
10,5.2570,263,32,0,33.584438,6.443450,19.5462
10,5.2770,264,32,0,33.713261,6.371083,18.8752
10,5.2970,265,34,0,33.841831,6.319976,18.2018
10,5.3170,266,34,0,33.970146,6.267146,17.5257
10,5.3380,267,34,0,34.066330,6.181013,16.8471
10,5.3570,268,34,0,34.177258,5.589528,16.1659
10,5.3770,269,34,0,34.270870,5.291799,15.4821
10,5.3970,270,34,0,34.398327,5.091301,14.7958
10,5.4170,271,34,0,34.491962,4.969885,14.1070
10,5.4370,272,33,0,34.618977,4.831059,13.4156
10,5.4570,273,33,0,34.741177,4.593306,12.7217
10,5.4770,274,32,0,34.626301,4.355386,12.0292
10,5.4970,275,32,0,34.407192,4.294991,11.3411
10,5.5170,276,32,0,34.289078,3.992068,10.6555
10,5.5370,277,32,0,33.631248,3.878468,9.9834
10,5.5570,278,32,0,33.072109,3.722481,9.3230
10,5.5770,279,32,0,31.541311,3.614215,8.6962
10,5.5970,280,33,0,31.093271,3.590357,8.0799
10,5.6170,281,32,0,31.225349,3.513966,7.4609
10,5.6370,282,32,0,31.357182,3.455833,6.8392
10,5.6570,283,32,0,31.488344,3.357740,6.2148
10,5.6780,284,32,0,30.290672,3.206243,5.6223
10,5.6970,285,32,0,29.310982,3.080145,5.0631
10,5.7170,286,32,0,27.861399,2.995696,4.5537
10,5.7370,287,32,0,27.458088,2.598555,4.0684
10,5.7570,288,32,0,26.325188,2.335529,3.6348
10,5.7770,289,32,0,26.434404,2.160387,3.1976
10,5.7970,290,32,0,26.543861,2.060653,2.8914
10,5.8170,291,29,0,26.653553,2.033058,2.7884
10,5.8370,292,29,0,14.250377,1.830033,2.6781
10,5.8570,293,29,0,14.287190,1.702029,2.6902
10,5.8770,294,27,0,14.315854,1.666270,2.7192
10,5.8970,295,27,0,14.346907,1.635960,2.7458
10,5.9170,296,27,0,14.380320,1.589861,2.7684
10,5.9370,297,27,0,14.416059,1.550264,2.7871
10,5.9570,298,27,0,14.454096,1.532419,2.8018
10,5.9770,299,27,0,14.494397,1.499288,2.8126
10,5.9970,300,27,0,14.536927,1.467417,2.8289
10,6.0180,301,27,0,14.001108,1.429900,2.8628
10,6.0370,302,26,0,13.829546,1.369307,2.8926
10,6.0570,303,27,0,13.861667,1.337503,2.9185
10,6.0770,304,28,0,11.129979,1.298733,2.9404
10,6.0970,305,28,0,11.191824,1.238887,2.9584
10,6.1170,306,29,0,8.049513,1.165706,2.9724
10,6.1370,307,29,0,7.974689,1.111512,2.9824
10,6.1570,308,29,0,7.904435,1.090037,2.9886
10,6.1780,309,30,0,7.838843,1.051941,2.9907
10,6.1970,310,31,0,7.783273,1.015586,2.9890
10,6.2170,311,30,0,7.772377,0.993644,2.9833
10,6.2370,312,30,0,7.766444,0.966538,2.9738
10,6.2570,313,30,0,7.765454,0.948365,2.9603
10,6.2770,314,30,0,7.769380,0.906052,2.9429
10,6.2970,315,31,0,7.778185,0.886672,2.9217
10,6.3170,316,32,0,7.791824,0.871995,2.8965
10,6.3380,317,32,0,7.810241,0.840681,2.8675
10,6.3570,318,33,0,7.833375,0.813134,2.8347
10,6.3770,319,35,0,7.861155,0.787511,2.7980
10,6.3970,320,34,0,7.893503,0.744648,2.7574
10,6.4170,321,35,0,7.930337,0.716477,2.7130
10,6.4370,322,35,0,7.971565,0.705345,2.6648
10,6.4570,323,36,0,8.017094,0.696623,2.6127
10,6.4770,324,36,0,8.066821,0.689168,2.5568
10,6.4970,325,36,0,8.120645,0.685393,2.4972
10,6.5180,326,36,0,8.178456,0.675341,2.4337
10,6.5370,327,35,0,8.240146,0.666876,2.3664
10,6.5570,328,35,0,8.305600,0.663238,2.2954
10,6.5770,329,36,0,8.374706,0.631780,2.2205
10,6.5970,330,36,0,8.447350,0.616591,2.1419
10,6.6170,331,36,0,8.523415,0.575761,2.0595
10,6.6370,332,36,0,8.602785,0.522760,1.9734
10,6.6570,333,36,0,8.685349,0.504152,1.8835
10,6.6780,334,35,0,8.770988,0.489292,1.7899
10,6.6970,335,36,0,8.859592,0.476170,1.6926
10,6.7170,336,37,0,8.951049,0.456097,1.6605
10,6.7370,337,37,0,9.045251,0.429906,1.6842
10,6.7570,338,38,0,9.142089,0.419232,1.7047
10,6.7770,339,38,0,9.241458,0.409335,1.7213
10,6.7970,340,38,0,9.343257,0.398664,1.7359
10,6.8170,341,38,0,9.447385,0.388172,1.7466
10,6.8370,342,38,0,9.553744,0.374380,1.7533
10,6.8570,343,36,0,9.662242,0.345416,1.7581
10,6.8770,344,36,0,9.772785,0.335590,1.7599
10,6.8970,345,38,0,9.885284,0.332155,1.7589
10,6.9170,346,39,0,6.118223,0.279685,1.7553
10,6.9370,347,38,0,5.299359,0.277614,1.7493
10,6.9570,348,38,0,4.540003,0.276412,1.7410
10,6.9770,349,38,0,4.368518,0.268055,1.7306
10,6.9970,350,38,0,4.299358,0.268951,1.7182
10,7.0180,351,38,0,4.238538,0.268800,1.7038
10,7.0370,352,38,0,4.186364,0.262982,1.6874
10,7.0570,353,38,0,4.263076,0.257808,1.6690
10,7.0770,354,38,0,4.388752,0.258486,1.6483
10,7.0970,355,39,0,4.518690,0.239265,1.6252
10,7.1170,356,43,0,4.652487,0.228863,1.6003
10,7.1370,357,45,0,4.062902,0.195663,1.5736
10,7.1570,358,45,0,4.066457,0.194698,1.5437
10,7.1770,359,45,0,4.079390,0.194613,1.5106
10,7.1970,360,44,0,4.101555,0.195750,1.4971
10,7.2170,361,48,0,4.132751,0.188019,1.4971
10,7.2370,362,48,0,4.172719,0.176179,1.4971
10,7.2570,363,50,0,4.221157,0.171632,1.4971
10,7.2770,364,52,0,4.277725,0.170688,1.4971
10,7.2970,365,57,0,4.342052,0.160523,1.4971
10,7.3170,366,61,0,4.413750,0.144657,1.4971
10,7.3370,367,61,0,3.405048,0.127097,1.4971
10,7.3570,368,61,0,2.973387,0.120239,1.4971
10,7.3770,369,67,0,2.897370,0.116247,1.4971
10,7.3970,370,67,0,2.829503,0.111095,1.4971
10,7.4170,371,67,0,2.758671,0.099959,1.4971
10,7.4370,372,69,0,2.665568,0.091815,1.4971
10,7.4570,373,69,0,2.588546,0.088793,1.4971
10,7.4770,374,69,0,2.512933,0.072873,1.4971
10,7.4970,375,69,0,2.458155,0.067273,1.4971
10,7.5180,376,69,0,2.411404,0.063079,1.4971
10,7.5370,377,70,0,2.372900,0.056043,1.4971
10,7.5570,378,70,0,2.346129,0.052872,1.4971
10,7.5770,379,86,0,2.332480,0.050356,1.4971
10,7.5970,380,88,0,2.332688,0.048179,1.4971
10,7.6170,381,88,0,2.346604,0.046698,1.4971
10,7.6370,382,89,0,2.374153,0.046790,1.4971
10,7.6570,383,89,0,2.411160,0.047363,1.4971
10,7.6770,384,90,0,2.463303,0.048275,1.4971
10,7.6970,385,90,0,2.527038,0.049466,1.4971
10,7.7170,386,90,0,2.601296,0.051584,1.4971
10,7.7370,387,90,0,2.685059,0.054305,1.4971
10,7.7570,388,90,0,2.777180,0.057263,1.4971
10,7.7770,389,90,0,2.876584,0.041211,1.4971
10,7.8090,390,91,0,1.101854,0.022065,1.4971
10,7.8120,391,91,0,1.028815,0.020879,1.4971
10,7.8370,392,91,0,0.960072,0.016348,1.4971
10,7.8580,393,92,0,0.896767,0.011876,1.4971
10,7.8770,394,92,0,0.840469,0.010376,1.4971
10,7.8970,395,92,0,0.793266,0.009012,1.4971
10,7.9170,396,92,0,0.755434,0.007794,1.4971
10,7.9370,397,94,0,0.503317,0.005034,1.4971
10,7.9570,398,94,0,0.404851,0.004050,1.4971
10,7.9770,399,94,0,0.306984,0.003070,1.4971
10,7.9970,400,94,0,0.209677,0.002097,1.4971
10,8.0180,401,94,0,0.113265,0.001133,1.4971
10,8.0370,402,94,0,0.019870,0.000200,1.4971
10,8.0570,403,94,0,0.000235,0.000002,1.4971
10,8.0770,404,94,0,0.000057,0.000001,1.4971
10,8.0970,405,95,0,0.000024,0.000000,1.4971
10,8.1170,406,95,0,0.000022,0.000000,1.4971
10,8.1370,407,95,0,0.000020,0.000000,1.4971
10,8.1570,408,95,0,0.000019,0.000000,1.4971
10,8.1770,409,95,0,0.000017,0.000000,1.4971
10,8.1970,410,95,0,0.000017,0.000000,1.4971
10,8.2170,411,95,0,0.000017,0.000000,1.4971
10,8.2370,412,95,0,0.000017,0.000000,1.4971
10,8.2570,413,97,0,0.000017,0.000000,1.4971
10,8.2770,414,97,0,0.000017,0.000000,1.4971
10,8.2970,415,97,0,0.000017,0.000000,1.4971
10,8.3170,416,98,0,0.000017,0.000000,1.4971
10,8.3370,417,98,0,0.000017,0.000000,1.4971
10,8.3570,418,98,0,0.000017,0.000000,1.4971
10,8.3770,419,98,0,0.000017,0.000000,1.4971
10,8.3970,420,98,0,0.000017,0.000000,1.4971
10,8.4170,421,98,0,0.000017,0.000000,1.4971
10,8.4370,422,98,0,0.000017,0.000000,1.4971
10,8.4570,423,98,0,0.000017,0.000000,1.4971
10,8.4770,424,98,0,0.000017,0.000000,1.4971
10,8.4970,425,100,0,0.000000,0.000000,1.4971
